Periode;org_1;org_2;org_3;sto;order_id;trouble_no;flag_exclude_all;is_duplicate_order;Wilsus
202608;AREA 2;CENTRAL JABOTABEK;SOUTHERN JAKARTA;PSR;AOs3260531023644557814b50;INC49857641;0;0;0
202608;AREA 2;CENTRAL JABOTABEK;NORTHERN JAKARTA;PLM;AOs3260601062932866802640;INC49859156;0;0;0
202608;AREA 2;WESTERN JABOTABEK;TANGERANG;CPA;AOi4260529081858886f9af00;INC49874662;0;0;0
202608;AREA 2;JABAR;BANDUNG;LBG;AOs32605311045465805f2900;INC49890123;0;0;0
202608;AREA 2;CENTRAL JABOTABEK;SOUTHERN JAKARTA;PDK;AOi4260531071203787f7c700;INC49915036;0;0;0
202608;AREA 2;CENTRAL JABOTABEK;SOUTHERN JAKARTA;GAN;AOi1260603012048469eda300;INC49924776;0;0;0
202608;AREA 2;CENTRAL JABOTABEK;SOUTHERN JAKARTA;GAN;AOk42606010336508800a3530;INC49945366;0;0;0
202608;AREA 2;EASTERN JABOTABEK;KARAWANG;TAR;AOi42606020259595970cf0e0;INC49970749;0;0;0
202608;AREA 2;JABAR;BANDUNG;SDL;PDAk4260531101550273f9fb20;INC49976257;0;0;0
202608;AREA 2;EASTERN JABOTABEK;BEKASI;KRA;AOk4260531045342314400db0;INC49984817;0;0;0
202608;AREA 2;EASTERN JABOTABEK;BOGOR;TJO;AOi4260604044801307d859f0;INC49987938;0;0;0
202608;AREA 2;WESTERN JABOTABEK;TANGERANG;CKL;AOi4260605123325787f3f2f0;INC50007811;0;0;0
202608;AREA 2;CENTRAL JABOTABEK;SOUTHERN JAKARTA;BIN;AOi4260604043523570126d00;INC50016336;0;0;0
202608;AREA 2;JABAR;BANDUNG;SDL;AOi4260605055153113e0eac0;INC50018194;0;0;0
202608;AREA 2;WESTERN JABOTABEK;SERANG;KSB;AOi12606041106409545da6c0;INC50019581;0;0;0
202608;AREA 2;EASTERN JABOTABEK;BOGOR;CLS;AOs32605290654271120ac620;INC50022210;0;0;0
202608;AREA 2;JABAR;BANDUNG;BDK;AOi42606040657159398e0090;INC50033303;0;0;0
202608;AREA 2;CENTRAL JABOTABEK;SOUTHERN JAKARTA;PGG;AOs326060507265713409a4a0;INC50035611;0;0;0
202608;AREA 2;CENTRAL JABOTABEK;NORTHERN JAKARTA;STR;AOi42606040203204680d7710;INC50060963;0;0;0
202608;AREA 2;JABAR;TASIKMALAYA;KNU;AOi42605270749281013865a0;INC50042021;0;0;0
202608;AREA 2;JABAR;SOREANG;MJY;AOi4260606101941206295640;INC50066130;0;0;0
202608;AREA 2;EASTERN JABOTABEK;BOGOR;BOO;AOi126060709254877042c440;INC50072491;0;0;0
202608;AREA 2;CENTRAL JABOTABEK;NORTHERN JAKARTA;PDM;AOs3260531071633708431290;INC50084953;0;0;0
202608;AREA 2;EASTERN JABOTABEK;BOGOR;CLS;AOs326060304384215408ff20;INC50111071;0;0;0
202608;AREA 2;CENTRAL JABOTABEK;NORTHERN JAKARTA;PDM;AOs3260601020144109db6ff0;INC50121003;0;0;0
202608;AREA 2;CENTRAL JABOTABEK;NORTHERN JAKARTA;PLM;AOi426060603494846535a5e0;INC50126344;0;0;0
202608;AREA 2;JABAR;TASIKMALAYA;GRU;AOs3260607043146834bec1f0;INC50130789;0;0;0
202608;AREA 2;CENTRAL JABOTABEK;SOUTHERN JAKARTA;CPP;AOi4260605043034163963af0;INC50143927;0;0;0
202608;AREA 2;WESTERN JABOTABEK;SERANG;SEG;AOk4260610121059557e2df40;INC50148490;0;0;0
202608;AREA 2;WESTERN JABOTABEK;TANGERANG;TAN;AOs32606080230409082362d0;INC50150349;0;0;0
202608;AREA 2;CENTRAL JABOTABEK;NORTHERN JAKARTA;TPR;AOi426060403483106268bd60;INC50154653;0;0;0
202608;AREA 2;CENTRAL JABOTABEK;NORTHERN JAKARTA;STR;AOi4260604010037511ff09c0;INC50169904;0;0;0
202608;AREA 2;EASTERN JABOTABEK;BEKASI;KRA;AOs3260610014520643931da0;INC50173641;0;0;0
202608;AREA 2;WESTERN JABOTABEK;SERANG;MLP;AOi42606110937505616c1450;INC50176419;0;0;1
202608;AREA 2;EASTERN JABOTABEK;BEKASI;DEP;AOi12606101150301502fac30;INC50182536;0;0;0
202608;AREA 2;JABAR;TASIKMALAYA;BNJ;AOi4260605050000170c6e1d0;INC50190927;0;0;0
202608;AREA 2;CENTRAL JABOTABEK;SOUTHERN JAKARTA;KBY;AOi4260609053323302280a20;INC50194041;0;0;0
202608;AREA 2;WESTERN JABOTABEK;SERANG;BLJ;AOi4260602062146612298020;INC50194867;0;0;0
202608;AREA 2;CENTRAL JABOTABEK;SOUTHERN JAKARTA;GAN;AOk42606091145307434d0db0;INC50217149;0;0;0
202608;AREA 2;EASTERN JABOTABEK;KARAWANG;BBL;AOi42606110541152901b11e0;INC50217743;0;0;0
202608;AREA 2;WESTERN JABOTABEK;SERANG;CKA;AOi4260612023646763e07580;INC50219949;0;0;0
202608;AREA 2;JABAR;BANDUNG;BTJ;AOi4260610054151887344ff0;INC50226423;0;0;0
202608;AREA 2;CENTRAL JABOTABEK;NORTHERN JAKARTA;MRY;AOs3260610122750247344d10;INC50231170;0;0;0
202608;AREA 2;CENTRAL JABOTABEK;SOUTHERN JAKARTA;CPE;AOi4260604063443380b8e210;INC50234478;0;0;0
202608;AREA 2;WESTERN JABOTABEK;TANGERANG;LKG;AOi42606080850521889367a0;INC50238195;0;0;0
202608;AREA 2;JABAR;CIREBON;KNG;AOi4260613070537550a40dc0;INC50238750;0;0;0
202608;AREA 2;JABAR;CIREBON;JBN;AOi426061208515830206cdf0;INC50255665;0;0;0
202608;AREA 2;WESTERN JABOTABEK;SERANG;LGK;AOs326060304215877642a930;INC50256503;0;0;0
202608;AREA 2;WESTERN JABOTABEK;TANGERANG;CLD;AOi4260613030550555a25b30;INC50256809;0;0;0
202608;AREA 2;CENTRAL JABOTABEK;NORTHERN JAKARTA;PDM;AOi4260613020654482b09370;INC50261044;0;0;0
202608;AREA 2;JABAR;TASIKMALAYA;TSM;AOi4260609091355091284140;INC50278828;0;0;0
202608;AREA 2;WESTERN JABOTABEK;SERANG;MER;AOi4260611054250089868ce0;INC50281242;0;0;0
202608;AREA 2;EASTERN JABOTABEK;BOGOR;CLS;AOi1260604051738076cac200;INC50281362;0;0;0
202608;AREA 2;WESTERN JABOTABEK;SERANG;CKA;AOs3260614023213926152f90;INC50282092;0;0;0
202608;AREA 2;EASTERN JABOTABEK;BOGOR;CCR;AOi4260610100511860aef7a0;INC50287035;0;0;0
202608;AREA 2;CENTRAL JABOTABEK;NORTHERN JAKARTA;KDY;AOi4260615103228096fef3c0;INC50287913;0;0;0
202608;AREA 2;CENTRAL JABOTABEK;NORTHERN JAKARTA;MRY;AOs3260615110102907198e70;INC50291114;0;0;0
202608;AREA 2;WESTERN JABOTABEK;TANGERANG;CPD;AOi4260610011302931ccf9a0;INC50293181;0;0;0
202608;AREA 2;CENTRAL JABOTABEK;NORTHERN JAKARTA;MKR;PDAk426060502053269674d7d0;INC50304031;0;0;0
202608;AREA 2;EASTERN JABOTABEK;BEKASI;PDE;AOs326061512545825459a630;INC50305645;0;0;0
202608;AREA 2;WESTERN JABOTABEK;TANGERANG;CPA;AOi1260615102058371453470;INC50306891;0;0;0
202608;AREA 2;WESTERN JABOTABEK;SERANG;LGK;AOs326060912554369608cd70;INC50307067;0;0;0
202608;AREA 2;JABAR;BANDUNG;UBR;AOi4260606094038515f43440;INC50311074;0;0;0
202608;AREA 2;WESTERN JABOTABEK;TANGERANG;CPA;AOs3260611012212071ec8540;INC50311083;0;0;0
202608;AREA 2;EASTERN JABOTABEK;BOGOR;CLS;AOi126060404354219586cdb0;INC50321054;0;0;0
202608;AREA 2;CENTRAL JABOTABEK;SOUTHERN JAKARTA;PGG;AOi4260615100056331beeaf0;INC50328997;0;0;0
202608;AREA 2;WESTERN JABOTABEK;TANGERANG;CPA;AOi4260612082609355bfbf50;INC50330089;0;0;0
202608;AREA 2;CENTRAL JABOTABEK;NORTHERN JAKARTA;TPR;AOi426061402500779998a410;INC51064483;0;0;0
202608;AREA 2;CENTRAL JABOTABEK;NORTHERN JAKARTA;MRY;AOi42606110405233854ba210;INC50336998;0;0;0
202608;AREA 2;WESTERN JABOTABEK;TANGERANG;TAN;AOi42606100123306491d5960;INC50338737;0;0;0
202608;AREA 2;WESTERN JABOTABEK;SERANG;CKA;AOi426060508175610493fe10;INC50340899;0;0;0
202608;AREA 2;CENTRAL JABOTABEK;NORTHERN JAKARTA;CKG;AOs32606171044083795e8310;INC50697816;0;0;0
202608;AREA 2;CENTRAL JABOTABEK;SOUTHERN JAKARTA;KRG;AOi42606040504235705cf330;INC50349939;0;0;0
202608;AREA 2;CENTRAL JABOTABEK;SOUTHERN JAKARTA;PSM;AOi4260602093804264d8b5a0;INC50353849;0;0;0
202608;AREA 2;JABAR;TASIKMALAYA;TSM;AOk4260609121616055324220;INC50353859;0;0;0
202608;AREA 2;WESTERN JABOTABEK;SERANG;CLG;AOi4260615044427535315a70;INC50358873;0;0;0
202608;AREA 2;WESTERN JABOTABEK;TANGERANG;LKG;PDAk4260603044719189186c40;INC50366320;0;0;0
202608;AREA 2;JABAR;BANDUNG;LEM;AOi4260610045520247d58b00;INC50370421;0;0;0
202608;AREA 2;CENTRAL JABOTABEK;SOUTHERN JAKARTA;CID;AOs3260615123118301b70b00;INC50370562;0;0;0
202608;AREA 2;JABAR;SOREANG;MJY;AOi4260614010213196246580;INC50371239;0;0;0
202608;AREA 2;CENTRAL JABOTABEK;SOUTHERN JAKARTA;JAG;AOs3260606104450793f54fe0;INC50372190;0;0;0
202608;AREA 2;WESTERN JABOTABEK;SERANG;PDG;AOk42606170142040230f1760;INC50382789;0;0;0
202608;AREA 2;JABAR;TASIKMALAYA;TSM;AOi4260615111608583fe0c20;INC50385589;0;0;0
202608;AREA 2;CENTRAL JABOTABEK;NORTHERN JAKARTA;TPR;AOi4260616074933787670c90;INC50386736;0;0;0
202608;AREA 2;WESTERN JABOTABEK;TANGERANG;SRP;AOs32606170340271904c0d70;INC50390196;0;0;0
202608;AREA 2;EASTERN JABOTABEK;BOGOR;CLS;AOk42606090835506631137e0;INC50391270;0;0;0
202608;AREA 2;JABAR;BANDUNG;UBR;PDAk42606080706144758d7e50;INC50391331;0;0;0
202608;AREA 2;JABAR;BANDUNG;LBG;AOi4260608010247078dec8c0;INC50398516;0;0;0
202608;AREA 2;EASTERN JABOTABEK;BOGOR;CLS;AOi1260601095134319eef700;INC50398591;0;0;0
202608;AREA 2;WESTERN JABOTABEK;SERANG;CRS;AOk42606050451187592fadd0;INC50399530;0;0;0
202608;AREA 2;WESTERN JABOTABEK;SERANG;PDG;AOi42606011002098222fecc0;INC50400220;0;0;0
202608;AREA 2;WESTERN JABOTABEK;SERANG;LGK;AOi426060204351293523b2f0;INC50400347;0;0;0
202608;AREA 2;EASTERN JABOTABEK;BOGOR;CBI;AOk4260602091617870c962f0;INC50418831;0;0;0
202608;AREA 2;JABAR;TASIKMALAYA;PMP;AOi4260610104032004290850;INC50418926;0;0;0
202608;AREA 2;WESTERN JABOTABEK;SERANG;SPT;AOi42606020723305051bf470;INC50421410;0;0;0
202608;AREA 2;EASTERN JABOTABEK;BOGOR;SKB;AOi426060206045484032a720;INC50422953;0;0;0
202608;AREA 2;EASTERN JABOTABEK;BOGOR;SPL;AOb02606051053304184109f0;INC50939399;0;0;0
202608;AREA 2;EASTERN JABOTABEK;BOGOR;CLS;AOi1260530073602064865780;INC50431079;0;0;0
202608;AREA 2;EASTERN JABOTABEK;BEKASI;PDE;PDAk42606150739127971bcfd0;INC50431629;0;0;0
202608;AREA 2;CENTRAL JABOTABEK;SOUTHERN JAKARTA;KBY;AOk4260615020414585f4a960;INC50433920;0;0;0
202608;AREA 2;EASTERN JABOTABEK;BOGOR;CBI;AOs3260601110024398757fc0;INC50434315;0;0;0
202608;AREA 2;WESTERN JABOTABEK;TANGERANG;LKG;AOi426061806191871497edd0;INC50434751;0;0;0
202608;AREA 2;CENTRAL JABOTABEK;SOUTHERN JAKARTA;JAG;AOi1260620104322924e08290;INC50439488;0;0;0
202608;AREA 2;WESTERN JABOTABEK;TANGERANG;CPA;AOi1260616115331912095810;INC50440603;0;0;0
202608;AREA 2;CENTRAL JABOTABEK;NORTHERN JAKARTA;SMI;AOi42606170356009298f5020;INC50440624;0;0;0
202608;AREA 2;CENTRAL JABOTABEK;SOUTHERN JAKARTA;CPE;AOi12606180845309624dcfb0;INC50445274;0;0;0
202608;AREA 2;WESTERN JABOTABEK;SERANG;SEG;AOi4260612093954602f2ed70;INC50449390;0;0;0
202608;AREA 2;CENTRAL JABOTABEK;NORTHERN JAKARTA;CKG;AOi126062110445283939fd50;INC50453156;0;0;0
202608;AREA 2;JABAR;BANDUNG;CMI;AOk42606110317419258e06a0;INC50462399;0;0;0
202608;AREA 2;CENTRAL JABOTABEK;SOUTHERN JAKARTA;KAL;AOi42606051156318044db300;INC50467338;0;0;0
202608;AREA 2;CENTRAL JABOTABEK;NORTHERN JAKARTA;SLP;AOk4260618111704490356c90;INC50506996;0;0;0
202608;AREA 2;WESTERN JABOTABEK;SERANG;PDG;AOi4260608052638238854b70;INC50470541;0;0;0
202608;AREA 2;EASTERN JABOTABEK;BEKASI;DEP;AOi4260614061011005c27100;INC50471505;0;0;0
202608;AREA 2;WESTERN JABOTABEK;TANGERANG;CLD;AOi4260615080256602f21210;INC50480383;0;0;0
202608;AREA 2;WESTERN JABOTABEK;TANGERANG;PKU;AOk4260617053427698aa15a0;INC50481562;0;0;0
202608;AREA 2;WESTERN JABOTABEK;SERANG;LGK;AOi42606030514045882b0550;INC50481871;0;0;0
202608;AREA 2;CENTRAL JABOTABEK;SOUTHERN JAKARTA;KRG;AOi4260611015231891166540;INC50485904;0;0;0
202608;AREA 2;EASTERN JABOTABEK;BEKASI;SKJ;AOs326061306042794101b660;INC51418457;0;0;0
202608;AREA 2;JABAR;TASIKMALAYA;CBL;AOi4260619071207421605280;INC50487890;0;0;0
202608;AREA 2;EASTERN JABOTABEK;BOGOR;JGL;AOs3260531110453162ec1ac0;INC50489226;0;0;1
202608;AREA 2;EASTERN JABOTABEK;BOGOR;CKB;AOi4260606061154545762a80;INC50496028;0;0;0
202608;AREA 2;WESTERN JABOTABEK;TANGERANG;CPA;AOi4260620020917591dc80c0;INC50497609;0;0;0
202608;AREA 2;JABAR;BANDUNG;CBE;AOi42606201211564243095d0;INC51185445;0;0;0
202608;AREA 2;JABAR;TASIKMALAYA;PAX;AOk42606150331374657a7b60;INC50500256;0;0;0
202608;AREA 2;JABAR;BANDUNG;UBR;AOs32606200849224284e88d0;INC50511335;0;0;0
202608;AREA 2;EASTERN JABOTABEK;BEKASI;PKY;AOi12606191015123450cea20;INC50519102;0;0;0
202608;AREA 2;JABAR;BANDUNG;CJA;AOi4260623112337629fcc690;INC50530786;0;0;0
202608;AREA 2;CENTRAL JABOTABEK;NORTHERN JAKARTA;KTX;AOi4260608014517526f28400;INC50535119;0;0;0
202608;AREA 2;CENTRAL JABOTABEK;NORTHERN JAKARTA;STR;AOs3260622064436366c3f0b0;INC50537193;0;0;0
202608;AREA 2;JABAR;BANDUNG;CJA;AOk4260620120633025bda890;INC50539059;0;0;0
202608;AREA 2;WESTERN JABOTABEK;TANGERANG;CPA;AOi12606170536476825986e0;INC50541430;0;0;0
202608;AREA 2;WESTERN JABOTABEK;SERANG;LGK;AOi426062201300008253d690;INC50545099;0;0;0
202608;AREA 2;JABAR;TASIKMALAYA;BNJ;AOi42606150216093691e9ec0;INC50545353;0;0;0
202608;AREA 2;CENTRAL JABOTABEK;SOUTHERN JAKARTA;CPE;AOi12606100901451024a5b00;INC50546567;0;0;0
202608;AREA 2;CENTRAL JABOTABEK;SOUTHERN JAKARTA;CPE;AOi42606100138124273c3f50;INC50546771;0;0;0
202608;AREA 2;CENTRAL JABOTABEK;SOUTHERN JAKARTA;PGG;AOi4260601021333276a24ba0;INC50548105;0;0;0
202608;AREA 2;EASTERN JABOTABEK;BOGOR;CPS;AOi4260609015920209943f30;INC50548883;0;0;0
202608;AREA 2;WESTERN JABOTABEK;SERANG;CUG;AOi12606140707387942febc0;INC50554312;0;0;0
202608;AREA 2;EASTERN JABOTABEK;BOGOR;SKB;AOs32606201247198235942a0;INC50563270;0;0;0
202608;AREA 2;CENTRAL JABOTABEK;SOUTHERN JAKARTA;KRG;AOk4260617040042575631b80;INC50567782;0;0;0
202608;AREA 2;EASTERN JABOTABEK;BOGOR;CMO;AOi4260602074923991c005d0;INC50787287;0;0;0
202608;AREA 2;WESTERN JABOTABEK;SERANG;CLG;PDAk426062511054920256e280;INC50590195;0;0;0
202608;AREA 2;JABAR;BANDUNG;RJW;AOi4260615094049889bb1a10;INC50591283;0;0;0
202608;AREA 2;EASTERN JABOTABEK;BOGOR;SKB;AOi1260611084413728d94390;INC50592537;0;0;0
202608;AREA 2;EASTERN JABOTABEK;BOGOR;CJU;AOi4260601073352907caa320;INC50594849;0;0;0
202608;AREA 2;CENTRAL JABOTABEK;SOUTHERN JAKARTA;PSM;PDAk4260624021217742e59ff0;INC50597630;0;0;0
202608;AREA 2;EASTERN JABOTABEK;KARAWANG;KRW;AOs3260620055654885334f20;INC50597887;0;0;0
202608;AREA 2;CENTRAL JABOTABEK;SOUTHERN JAKARTA;GBI;AOs3260604044621614424b40;INC50598651;0;0;0
202608;AREA 2;EASTERN JABOTABEK;BOGOR;SKB;AOi42606120454259959e9d10;INC50616614;0;0;0
202608;AREA 2;JABAR;BANDUNG;LBG;AOi426061107152852096c160;INC50617842;0;0;0
202608;AREA 2;JABAR;BANDUNG;UBR;AOk4260624122702824b1d400;INC50620070;0;0;0
202608;AREA 2;WESTERN JABOTABEK;SERANG;CSK;AOs326061507203731162c670;INC50621368;0;0;0
202608;AREA 2;WESTERN JABOTABEK;SERANG;SEG;AOi4260611115653061d16d20;INC50623117;0;0;0
202608;AREA 2;CENTRAL JABOTABEK;SOUTHERN JAKARTA;PSM;AOi4260620031027463d54d60;INC50626908;0;0;0
202608;AREA 2;CENTRAL JABOTABEK;SOUTHERN JAKARTA;PDK;AOs326061403315551081aa00;INC50627426;0;0;0
202608;AREA 2;CENTRAL JABOTABEK;SOUTHERN JAKARTA;KRG;AOs32606250828084836e7290;INC50628125;0;0;0
202608;AREA 2;WESTERN JABOTABEK;TANGERANG;PKU;AOi42606231253386767e2e60;INC50629758;0;0;0
202608;AREA 2;WESTERN JABOTABEK;TANGERANG;CLD;AOi4260622023356384069820;INC50630149;0;0;0
202608;AREA 2;EASTERN JABOTABEK;BEKASI;KLB;AOs32606250247511610d7310;INC50630267;0;0;0
202608;AREA 2;EASTERN JABOTABEK;BOGOR;TJO;AOi4260627125803420981e50;INC50630950;0;0;0
202608;AREA 2;CENTRAL JABOTABEK;SOUTHERN JAKARTA;PGB;AOi42606101256285036fb7b0;INC50634626;0;0;0
202608;AREA 2;CENTRAL JABOTABEK;SOUTHERN JAKARTA;CPE;AOi4260625084215064e10690;INC50635799;0;0;0
202608;AREA 2;CENTRAL JABOTABEK;NORTHERN JAKARTA;SMI;AOi42606220646500214d7600;INC50640969;0;0;0
202608;AREA 2;CENTRAL JABOTABEK;SOUTHERN JAKARTA;KRG;AOi4260624051710053d815f0;INC50641865;0;0;0
202608;AREA 2;CENTRAL JABOTABEK;SOUTHERN JAKARTA;PSM;AOi42606250940221375a5830;INC50644697;0;0;0
202608;AREA 2;CENTRAL JABOTABEK;NORTHERN JAKARTA;STR;AOi42606010936112739c25d0;INC50645646;0;0;0
202608;AREA 2;WESTERN JABOTABEK;TANGERANG;SRP;AOs32606150649244344d8ce0;INC50646036;0;0;0
202608;AREA 2;JABAR;TASIKMALAYA;GRU;AOi42606190902591730aaa70;INC50648136;0;0;0
202608;AREA 2;EASTERN JABOTABEK;BOGOR;CLS;AOs3260611042053458f132a0;INC50654417;0;0;0
202608;AREA 2;JABAR;BANDUNG;LBG;AOi42606270933208848ea5d0;INC50669314;0;0;0
202608;AREA 2;CENTRAL JABOTABEK;SOUTHERN JAKARTA;KRG;AOb026062508213059535e310;INC50671675;0;0;0
202608;AREA 2;CENTRAL JABOTABEK;SOUTHERN JAKARTA;CID;AOi426061203084645014b470;INC50672091;0;0;0
202608;AREA 2;EASTERN JABOTABEK;BOGOR;PAR;PDAk42606280317135622cfc80;INC50674018;0;0;0
202608;AREA 2;WESTERN JABOTABEK;SERANG;BRS;AOi426062111473464947a520;INC50674476;0;0;0
202608;AREA 2;EASTERN JABOTABEK;BEKASI;DEP;AOs32606270815478438ebc80;INC50676342;0;0;0
202608;AREA 2;WESTERN JABOTABEK;SERANG;CKA;PDAk42606260958526426e5000;INC50676641;0;0;0
202608;AREA 2;EASTERN JABOTABEK;BOGOR;JPK;AOi426062301510154875a3d0;INC50677003;0;0;0
202608;AREA 2;EASTERN JABOTABEK;BOGOR;CWI;AOi4260605052038784dd5260;INC50677211;0;0;0
202608;AREA 2;CENTRAL JABOTABEK;NORTHERN JAKARTA;TPR;AOi4260628071456659d773a0;INC51965768;0;0;0
202608;AREA 2;CENTRAL JABOTABEK;NORTHERN JAKARTA;KTZ;AOi42606230223276633e1490;INC50680951;0;0;0
202608;AREA 2;CENTRAL JABOTABEK;SOUTHERN JAKARTA;GAN;AOi4260623012456975bfbd60;INC50684720;0;0;0
202608;AREA 2;JABAR;BANDUNG;CKW;AOi4260622033618370447a90;INC50690661;0;0;0
202608;AREA 2;JABAR;TASIKMALAYA;PMP;AOi4260625043930655656fe0;INC50693896;0;0;0
202608;AREA 2;CENTRAL JABOTABEK;SOUTHERN JAKARTA;GBI;AOs326061110334006994c210;INC50695826;0;0;0
202608;AREA 2;CENTRAL JABOTABEK;SOUTHERN JAKARTA;CPE;AOs326062304444467291d500;INC50697244;0;0;0
202608;AREA 2;WESTERN JABOTABEK;SERANG;CKA;AOi42606220714488800139f0;INC50700555;0;0;0
202608;AREA 2;CENTRAL JABOTABEK;NORTHERN JAKARTA;TPR;AOs32606291126450584a90e0;INC50702554;0;0;0
202608;AREA 2;JABAR;BANDUNG;CCD;AOi42606290608236885763e0;INC50702717;0;0;0
202608;AREA 2;CENTRAL JABOTABEK;SOUTHERN JAKARTA;JTN;AOi4260630022523240a57c50;INC50703330;0;0;0
202608;AREA 2;CENTRAL JABOTABEK;SOUTHERN JAKARTA;KLD;AOk4260608123655426b97680;INC50703744;0;0;0
202608;AREA 2;JABAR;BANDUNG;CJA;AOs3260627034130583deba40;INC52369109;0;0;0
202608;AREA 2;CENTRAL JABOTABEK;SOUTHERN JAKARTA;PGG;PDAk426061309483591545f080;INC50708149;0;0;0
202608;AREA 2;JABAR;BANDUNG;CCD;AOb0260602122910669520d70;INC50723113;0;0;0
202608;AREA 2;JABAR;TASIKMALAYA;PAX;AOi42606040407094405c7d40;INC50725541;0;0;0
202608;AREA 2;EASTERN JABOTABEK;BOGOR;SKB;AOi4260531034904807e77cc0;INC50729162;0;0;0
202608;AREA 2;WESTERN JABOTABEK;TANGERANG;SRP;AOi1260620064106899368c70;INC50730371;0;0;0
202608;AREA 2;CENTRAL JABOTABEK;SOUTHERN JAKARTA;KRG;AOi4260608035400814ffa8b0;INC50735435;0;0;0
202608;AREA 2;WESTERN JABOTABEK;SERANG;CKA;AOk4260629102321593f74210;INC50736249;0;0;0
202608;AREA 2;WESTERN JABOTABEK;TANGERANG;LKG;AOk426063003002878235e3a0;INC50737108;0;0;0
202608;AREA 2;JABAR;BANDUNG;LBG;AOi426061804253056972c000;INC50737428;0;0;0
202608;AREA 2;CENTRAL JABOTABEK;SOUTHERN JAKARTA;KAL;AOi4260628115815636879bc0;INC50743925;0;0;0
202608;AREA 2;EASTERN JABOTABEK;BEKASI;DEP;AOi426061010301483266d580;INC50747952;0;0;0
202608;AREA 2;CENTRAL JABOTABEK;NORTHERN JAKARTA;CKG;AOs326061709261399149dca0;INC50763674;0;0;0
202608;AREA 2;WESTERN JABOTABEK;SERANG;CKA;AOi42606070956460672c97b0;INC50752331;0;0;0
202608;AREA 2;EASTERN JABOTABEK;BOGOR;SPL;PDAk426062410443635849b050;INC50755219;0;0;0
202608;AREA 2;JABAR;BANDUNG;LBG;AOs32606191018164661434b0;INC50756802;0;0;0
202608;AREA 2;JABAR;TASIKMALAYA;GRU;AOi4260617080941215433400;INC50757862;0;0;0
202608;AREA 2;JABAR;BANDUNG;LBG;AOi42606231052034181dcd00;INC50757949;0;0;0
202608;AREA 2;WESTERN JABOTABEK;SERANG;CKA;AOk4260606122836710704ff0;INC50760068;0;0;0
202608;AREA 2;WESTERN JABOTABEK;TANGERANG;CPA;AOi42606091056057069f08f0;INC50761814;0;0;0
202608;AREA 2;WESTERN JABOTABEK;SERANG;CKA;AOi426061705432461276c440;INC50771803;0;0;0
202608;AREA 2;CENTRAL JABOTABEK;SOUTHERN JAKARTA;PSR;AOi42606020155465669e38e0;INC50773775;0;0;0
202608;AREA 2;JABAR;TASIKMALAYA;BNJ;AOi42606230226579666bb4b0;INC50788874;0;0;0
202608;AREA 2;EASTERN JABOTABEK;BOGOR;SPL;AOs3260602061131532386a90;INC50796299;0;0;0
202608;AREA 2;JABAR;SOREANG;CWD;AOi42606291253466070be040;INC50796349;0;0;0
202608;AREA 2;JABAR;TASIKMALAYA;BNJ;AOi4260604095025814c3d900;INC50798643;0;0;0
202608;AREA 2;JABAR;SOREANG;MJY;AOi4260618033932947bed070;INC50800059;0;0;0
202608;AREA 2;CENTRAL JABOTABEK;SOUTHERN JAKARTA;KAL;AOi4260608050222302d3c660;INC51437645;0;0;0
202608;AREA 2;JABAR;SOREANG;MJY;AOi426061804254914452eaf0;INC50800312;0;0;0
202608;AREA 2;EASTERN JABOTABEK;BEKASI;PKY;AOs32606220423089195a52a0;INC50801881;0;0;0
202608;AREA 2;WESTERN JABOTABEK;TANGERANG;PKU;AOi4260615024157973adbe70;INC50804828;0;0;0
202608;AREA 2;CENTRAL JABOTABEK;SOUTHERN JAKARTA;GAN;AOi426061111585968843a6a0;INC50805520;0;0;0
202608;AREA 2;WESTERN JABOTABEK;TANGERANG;SRP;AOs3260611122427229c40930;INC50817722;0;0;0
202608;AREA 2;JABAR;BANDUNG;RJW;AOi4260610030709916eaaca0;INC50825707;0;0;0
202608;AREA 2;CENTRAL JABOTABEK;SOUTHERN JAKARTA;JAG;AOi1260611060929522f75f30;INC50826981;0;0;0
202608;AREA 2;EASTERN JABOTABEK;BEKASI;PKY;AOi12606030411516620924c0;INC50831753;0;0;0
202608;AREA 2;CENTRAL JABOTABEK;SOUTHERN JAKARTA;GBC;AOs3260606112300343eebc70;INC50833867;0;0;0
202608;AREA 2;EASTERN JABOTABEK;BEKASI;SKJ;AOi1260626044339403636890;INC50835162;0;0;0
202608;AREA 2;CENTRAL JABOTABEK;SOUTHERN JAKARTA;PSR;AOi126061908105823384c140;INC50838497;0;0;0
202608;AREA 2;CENTRAL JABOTABEK;SOUTHERN JAKARTA;GAN;AOs32606260128317273ab540;INC50838826;0;0;0
202608;AREA 2;EASTERN JABOTABEK;KARAWANG;BGG;AOi4260629024809869aa9190;INC50842273;0;0;0
202608;AREA 2;CENTRAL JABOTABEK;NORTHERN JAKARTA;KLG;AOi4260622124817812d2e500;INC50842929;0;0;0
202608;AREA 2;WESTERN JABOTABEK;TANGERANG;PKU;AOi4260626111938070a793a0;INC50846730;0;0;0
202608;AREA 2;CENTRAL JABOTABEK;SOUTHERN JAKARTA;JTN;AOk4260605025106356e11590;INC50848462;0;0;0
202608;AREA 2;CENTRAL JABOTABEK;SOUTHERN JAKARTA;JAG;AOi42606160939292419fd730;INC50852901;0;0;0
202608;AREA 2;JABAR;BANDUNG;TRG;AOi426061102302211429fac0;INC50856094;0;0;0
202608;AREA 2;JABAR;BANDUNG;CJA;AOk42606081148552464d7210;INC50856365;0;0;0
202608;AREA 2;CENTRAL JABOTABEK;NORTHERN JAKARTA;KTX;AOi4260607021848136554010;INC50856812;0;0;0
202608;AREA 2;CENTRAL JABOTABEK;SOUTHERN JAKARTA;BIN;AOi4260622050511571b0d840;INC50864525;0;0;0
202608;AREA 2;JABAR;TASIKMALAYA;PAX;AOi4260601065740306b13600;INC50873240;0;0;0
202608;AREA 2;CENTRAL JABOTABEK;SOUTHERN JAKARTA;PSM;AOs326062003183150827f7c0;INC50878865;0;0;0
202608;AREA 2;JABAR;BANDUNG;BTJ;AOi4260617123657673ec6180;INC50881206;0;0;0
202608;AREA 2;EASTERN JABOTABEK;BOGOR;SKB;AOk4260626044146528670e00;INC50885725;0;0;0
202608;AREA 2;CENTRAL JABOTABEK;SOUTHERN JAKARTA;TBE;AOi426062903532055061da70;INC50898568;0;0;0
202608;AREA 2;JABAR;TASIKMALAYA;BNJ;AOi426060911463338747d830;INC50904420;0;0;0
202608;AREA 2;JABAR;TASIKMALAYA;CBT;AOi426061206442169698b550;INC50907726;0;0;0
202608;AREA 2;WESTERN JABOTABEK;SERANG;BJT;AOi42606230333240140eef30;INC50907971;0;0;0
202608;AREA 2;EASTERN JABOTABEK;BOGOR;BOO;AOk42606021048303041760e0;INC50915502;0;0;0
202608;AREA 2;JABAR;TASIKMALAYA;BJS;AOi426060909551705554fc20;INC50916059;0;0;0
202608;AREA 2;EASTERN JABOTABEK;KARAWANG;KRW;AOi42606260842402751439c0;INC50916795;0;0;0
202608;AREA 2;JABAR;TASIKMALAYA;BNJ;AOs3260603123315497af78b0;INC50916802;0;0;0
202608;AREA 2;WESTERN JABOTABEK;SERANG;BAY;AOi42606190913325213d85b0;INC50916890;0;0;1
202608;AREA 2;EASTERN JABOTABEK;BOGOR;SKB;AOi4260615022847062d2c010;INC50923421;0;0;0
202608;AREA 2;CENTRAL JABOTABEK;NORTHERN JAKARTA;PDM;AOi12606161145503939a3890;INC50923604;0;0;0
202608;AREA 2;JABAR;BANDUNG;CCD;AOi4260601053635349279220;INC50924313;0;0;0
202608;AREA 2;JABAR;BANDUNG;TRG;AOi42606121010057360829a0;INC50924319;0;0;0
202608;AREA 2;CENTRAL JABOTABEK;SOUTHERN JAKARTA;KRG;AOs326062007000587685b280;INC50928320;0;0;0
202608;AREA 2;WESTERN JABOTABEK;SERANG;RKS;AOi4260627025727112e8a1b0;INC50928428;0;0;0
202608;AREA 2;JABAR;BANDUNG;LBG;AOi42606030852358836188b0;INC50931824;0;0;0
202608;AREA 2;JABAR;BANDUNG;LBG;AOk42606150857119255bd490;INC50934154;0;0;0
202608;AREA 2;JABAR;BANDUNG;LBG;AOi42606020139229193622a0;INC50934574;0;0;0
202608;AREA 2;WESTERN JABOTABEK;TANGERANG;PKU;AOi42606060418169879e9ac0;INC50937681;0;0;0
202608;AREA 2;CENTRAL JABOTABEK;SOUTHERN JAKARTA;PGG;AOk4260627112521785e673f0;INC50938400;0;0;0
202608;AREA 2;EASTERN JABOTABEK;BOGOR;GPI;AOs326060101372793325d020;INC50943183;0;0;0
202608;AREA 2;JABAR;BANDUNG;RJW;AOi426060101111496427ea80;INC50944362;0;0;0
202608;AREA 2;WESTERN JABOTABEK;SERANG;GRL;AOi1260609093425061e943d0;INC50946162;0;0;0
202608;AREA 2;JABAR;BANDUNG;CJA;AOi4260623120903261bb0f80;INC50955841;0;0;0
202608;AREA 2;EASTERN JABOTABEK;BOGOR;SKB;AOi4260615020639712682d40;INC50957184;0;0;0
202608;AREA 2;JABAR;BANDUNG;LBG;AOi426060209195799650ae40;INC50958171;0;0;0
202608;AREA 2;JABAR;TASIKMALAYA;TSM;AOk42606170156100892c3660;INC50958677;0;0;0
202608;AREA 2;WESTERN JABOTABEK;SERANG;BLJ;AOi1260611013512055f56950;INC50961258;0;0;0
202608;AREA 2;JABAR;BANDUNG;LBG;AOi4260610041004158b3ae90;INC50964177;0;0;0
202608;AREA 2;CENTRAL JABOTABEK;SOUTHERN JAKARTA;CPE;AOi426060702381789914aeb0;INC50964753;0;0;0
202608;AREA 2;EASTERN JABOTABEK;BOGOR;CSN;AOs3260619082549741e47e40;INC50967160;0;0;0
202608;AREA 2;JABAR;BANDUNG;LBG;AOi426062008041742929eeb0;INC50970689;0;0;0
202608;AREA 2;WESTERN JABOTABEK;TANGERANG;CKL;AOs3260611092342046b047d0;INC50971430;0;0;0
202608;AREA 2;CENTRAL JABOTABEK;NORTHERN JAKARTA;TPR;AOs32606051149401710ea9b0;INC51334695;0;0;0
202608;AREA 2;CENTRAL JABOTABEK;SOUTHERN JAKARTA;JAG;AOi4260610072424092e791d0;INC50975545;0;0;0
202608;AREA 2;JABAR;TASIKMALAYA;KNU;AOi4260625065817508144c50;INC50985493;0;0;0
202608;AREA 2;CENTRAL JABOTABEK;SOUTHERN JAKARTA;CWA;AOs3260614080121277748930;INC50990325;0;0;0
202608;AREA 2;WESTERN JABOTABEK;SERANG;RKS;AOb0260605092453333edfe80;INC51002498;0;0;0
202608;AREA 2;CENTRAL JABOTABEK;SOUTHERN JAKARTA;CPE;AOi126053106002860617a550;INC51004981;0;0;0
202608;AREA 2;CENTRAL JABOTABEK;SOUTHERN JAKARTA;CPE;AOs3260624032223509276f30;INC51006449;0;0;0
202608;AREA 2;WESTERN JABOTABEK;SERANG;PDG;AOb02606151241357609a7e30;INC51018114;0;0;0
202608;AREA 2;JABAR;BANDUNG;LBG;AOi4260608092057925f973b0;INC51039614;0;0;0
202608;AREA 2;JABAR;TASIKMALAYA;BNJ;AOi4260602091836372a1d7f0;INC51042997;0;0;0
202608;AREA 2;CENTRAL JABOTABEK;NORTHERN JAKARTA;CKG;AOi42606081113375981d4c80;INC51045349;0;0;0
202608;AREA 2;JABAR;BANDUNG;DGO;AOi4260617034807820344710;INC51052319;0;0;0
202608;AREA 2;CENTRAL JABOTABEK;SOUTHERN JAKARTA;PGB;AOs3260625052243152b8f450;INC51054987;0;0;0
202608;AREA 2;WESTERN JABOTABEK;SERANG;SEG;AOi42606250221094236d2310;INC51060828;0;0;0
202608;AREA 2;WESTERN JABOTABEK;TANGERANG;CPA;AOi42606070519188017b4800;INC51061321;0;0;0
202608;AREA 2;CENTRAL JABOTABEK;NORTHERN JAKARTA;CKG;AOi12606080136244314ddd30;INC51091493;0;0;0
202608;AREA 2;JABAR;CIREBON;PRD;AOk4260529032539170943490;INC51073464;0;0;0
202608;AREA 2;EASTERN JABOTABEK;BEKASI;PDE;AOi426062701100292244b8c0;INC51077430;0;0;0
202608;AREA 2;WESTERN JABOTABEK;SERANG;LGK;AOi426061804023562402e230;INC51078385;0;0;0
202608;AREA 2;JABAR;BANDUNG;CKW;AOi4260621074331736b7eae0;INC51078616;0;0;0
202608;AREA 2;WESTERN JABOTABEK;TANGERANG;SRP;AOi1260602055611761f8dfe0;INC51081070;0;0;0
202608;AREA 2;WESTERN JABOTABEK;SERANG;PDG;AOi4260624012817723bbc380;INC51082625;0;0;0
202608;AREA 2;CENTRAL JABOTABEK;NORTHERN JAKARTA;KLG;AOs3260612012249721f67c90;INC51087141;0;0;0
202608;AREA 2;WESTERN JABOTABEK;TANGERANG;CPA;AOs326062511181778360ad70;INC51089957;0;0;0
202608;AREA 2;WESTERN JABOTABEK;SERANG;CKA;AOi4260609104200667b8bab0;INC51092171;0;0;0
202608;AREA 2;JABAR;BANDUNG;TRG;AOi4260611021400841e92d00;INC51092960;0;0;0
202608;AREA 2;WESTERN JABOTABEK;SERANG;CKA;AOs3260625122549683652b70;INC51096427;0;0;0
202608;AREA 2;JABAR;BANDUNG;TRG;AOi426061508451603721f690;INC51102245;0;0;0
202608;AREA 2;CENTRAL JABOTABEK;SOUTHERN JAKARTA;PSR;AOs3260609111122701635190;INC51102557;0;0;0
202608;AREA 2;CENTRAL JABOTABEK;NORTHERN JAKARTA;CKG;AOi4260525100651250f28ab0;INC51123985;0;0;0
202608;AREA 2;WESTERN JABOTABEK;TANGERANG;SRP;AOi4260620095518651d8d170;INC51104212;0;0;0
202608;AREA 2;WESTERN JABOTABEK;TANGERANG;CPA;AOs32606260943311428e0590;INC51114344;0;0;0
202608;AREA 2;CENTRAL JABOTABEK;SOUTHERN JAKARTA;CID;AOs3260627075403607dabf20;INC51116595;0;0;0
202608;AREA 2;JABAR;TASIKMALAYA;TSM;AOi4260615124327754b8e2f0;INC51125718;0;0;0
202608;AREA 2;JABAR;TASIKMALAYA;MLB;AOi4260615122159796049220;INC51125764;0;0;0
202608;AREA 2;WESTERN JABOTABEK;SERANG;SAG;AOi4260624090455622b10b20;INC51126273;0;0;0
202608;AREA 2;JABAR;TASIKMALAYA;SPA;AOs3260623014157068a7dc30;INC51886140;0;0;0
202608;AREA 2;CENTRAL JABOTABEK;NORTHERN JAKARTA;SLP;AOi4260625071725145f63f40;INC51140461;0;0;0
202608;AREA 2;WESTERN JABOTABEK;TANGERANG;GDS;AOi4260626122805772ab80f0;INC51162216;0;0;0
202608;AREA 2;CENTRAL JABOTABEK;NORTHERN JAKARTA;TPR;AOs3260604102350438ed9be0;INC51167294;0;0;0
202608;AREA 2;JABAR;BANDUNG;PDL;AOs32606250223220930a3270;INC51174021;0;0;0
202608;AREA 2;JABAR;TASIKMALAYA;TSM;AOi4260625114405999d74140;INC51189059;0;0;0
202608;AREA 2;JABAR;BANDUNG;LBG;AOi42606031132526171ea670;INC51189213;0;0;0
202608;AREA 2;CENTRAL JABOTABEK;SOUTHERN JAKARTA;KAL;AOi42606021251170974ef7e0;INC51190090;0;0;0
202608;AREA 2;JABAR;BANDUNG;CJG;AOi4260622033603737ad7b00;INC51192046;0;0;0
202608;AREA 2;CENTRAL JABOTABEK;SOUTHERN JAKARTA;KRG;AOi4260601024254354754e60;INC51195087;0;0;0
202608;AREA 2;JABAR;SOREANG;CWD;AOi42606140748298166eb810;INC51196492;0;0;0
202608;AREA 2;JABAR;TASIKMALAYA;BNJ;AOi4260612024436471d97c50;INC51199929;0;0;0
202608;AREA 2;CENTRAL JABOTABEK;NORTHERN JAKARTA;TPR;AOk4260602073814345f5f5f0;INC51206246;0;0;0
202608;AREA 2;EASTERN JABOTABEK;BEKASI;CNE;AOi426061206273593207bce0;INC51206524;0;0;0
202608;AREA 2;CENTRAL JABOTABEK;SOUTHERN JAKARTA;CPE;AOs32606061032117780adda0;INC51206935;0;0;0
202608;AREA 2;WESTERN JABOTABEK;TANGERANG;LKG;AOi4260616054138668d41990;INC51207317;0;0;0
202608;AREA 2;JABAR;BANDUNG;LBG;AOi4260605101610078721af0;INC51209153;0;0;0
202608;AREA 2;JABAR;BANDUNG;UBR;AOi4260610112854003721060;INC51212185;0;0;0
202608;AREA 2;WESTERN JABOTABEK;TANGERANG;CPA;AOi1260619013322356801ea0;INC51223735;0;0;0
202608;AREA 2;JABAR;TASIKMALAYA;PAX;AOi4260605120527182a68dd0;INC51225537;0;0;0
202608;AREA 2;WESTERN JABOTABEK;SERANG;PSK;AOi426060110091331848c9b0;INC51230425;0;0;0
202608;AREA 2;WESTERN JABOTABEK;TANGERANG;CPA;AOi42606211049526987558a0;INC51235037;0;0;0
202608;AREA 2;EASTERN JABOTABEK;BEKASI;PKY;AOi4260608081825158d63f90;INC51240202;0;0;0
202608;AREA 2;WESTERN JABOTABEK;SERANG;CLG;AOi42606110724006983484b0;INC51240668;0;0;0
202608;AREA 2;JABAR;BANDUNG;DGO;AOi4260616043211625b73e20;INC51240791;0;0;0
202608;AREA 2;JABAR;CIREBON;CBN;AOi4260629033544791681cc0;INC51245144;0;0;0
202608;AREA 2;WESTERN JABOTABEK;SERANG;SPT;AOs3260627092651312bf88c0;INC51259523;0;0;0
202608;AREA 2;CENTRAL JABOTABEK;NORTHERN JAKARTA;CKG;AOi1260612025152807ce76f0;INC51268088;0;0;0
202608;AREA 2;JABAR;CIREBON;JCG;AOi4260629021258973e4cfc0;INC51270281;0;0;0
202608;AREA 2;EASTERN JABOTABEK;BOGOR;CBI;AOi42606121105552103c7ff0;INC51274614;0;0;0
202608;AREA 2;EASTERN JABOTABEK;BOGOR;BOO;AOi1260602072016524efbb10;INC51279697;0;0;0
202608;AREA 2;CENTRAL JABOTABEK;NORTHERN JAKARTA;CKG;AOs32605311031218188fbf50;INC51285033;0;0;0
202608;AREA 2;JABAR;BANDUNG;LBG;AOi42606170128563138cd800;INC51545335;0;0;0
202608;AREA 2;EASTERN JABOTABEK;BEKASI;PDE;AOi1260626022534951e046e0;INC51288265;0;0;0
202608;AREA 2;EASTERN JABOTABEK;BEKASI;KLB;AOi4260627084536037c13f60;INC51288812;0;0;0
202608;AREA 2;WESTERN JABOTABEK;TANGERANG;CPD;AOs326061012490689625ef70;INC51289339;0;0;0
202608;AREA 2;JABAR;CIREBON;AWN;AOi42606040741355371a2d90;INC51301553;0;0;0
202608;AREA 2;CENTRAL JABOTABEK;NORTHERN JAKARTA;SMI;AOs3260602023456685c719f0;INC51304077;0;0;0
202608;AREA 2;CENTRAL JABOTABEK;NORTHERN JAKARTA;SMI;AOs3260603103551753067b70;INC51304093;0;0;0
202608;AREA 2;CENTRAL JABOTABEK;NORTHERN JAKARTA;SMI;AOs3260611033948649d43990;INC51307217;0;0;0
202608;AREA 2;WESTERN JABOTABEK;SERANG;SPT;AOi4260601013903049d7ad90;INC51312565;0;0;0
202608;AREA 2;WESTERN JABOTABEK;TANGERANG;CPA;AOk4260627040405858b91850;INC51313223;0;0;0
202608;AREA 2;WESTERN JABOTABEK;TANGERANG;CPA;AOi1260605071236933860f90;INC51322882;0;0;0
202608;AREA 2;JABAR;TASIKMALAYA;BNJ;AOi4260626072522220c8afb0;INC51327043;0;0;0
202608;AREA 2;JABAR;CIREBON;SUB;AOi426061002000841672cdc0;INC51327210;0;0;0
202608;AREA 2;WESTERN JABOTABEK;TANGERANG;TAN;AOk4260618113920337cc8630;INC51331876;0;0;0
202608;AREA 2;WESTERN JABOTABEK;TANGERANG;CPA;AOi4260606091752395483e70;INC51345186;0;0;0
202608;AREA 2;CENTRAL JABOTABEK;SOUTHERN JAKARTA;JAG;AOi4260618041357948f82cf0;INC51352688;0;0;0
202608;AREA 2;WESTERN JABOTABEK;TANGERANG;SRP;AOi42606081124595221bbda0;INC51356229;0;0;0
202608;AREA 2;WESTERN JABOTABEK;SERANG;PDG;AOi42606210126275242b0760;INC51359145;0;0;0
202608;AREA 2;CENTRAL JABOTABEK;SOUTHERN JAKARTA;JAG;AOi4260612023523353c59ab0;INC51361488;0;0;0
202608;AREA 2;WESTERN JABOTABEK;TANGERANG;PKU;AOs32606081213183593d5a30;INC51366528;0;0;0
202608;AREA 2;CENTRAL JABOTABEK;NORTHERN JAKARTA;MRY;AOi42606101242002565c0c80;INC51367783;0;0;0
202608;AREA 2;EASTERN JABOTABEK;BEKASI;DEP;AOi4260619075157344370360;INC51368330;0;0;0
202608;AREA 2;JABAR;BANDUNG;UBR;AOi4260601080813767125b80;INC51388031;0;0;0
202608;AREA 2;WESTERN JABOTABEK;SERANG;LGK;AOs32606090812330651edb10;INC51389581;0;0;0
202608;AREA 2;CENTRAL JABOTABEK;SOUTHERN JAKARTA;PGG;AOb02606080338509648fe250;INC51393233;0;0;0
202608;AREA 2;JABAR;BANDUNG;CKW;AOi4260601105603902627c60;INC51399248;0;0;0
202608;AREA 2;EASTERN JABOTABEK;BOGOR;CJU;AOi4260628064306115ac3e60;INC51399361;0;0;0
202608;AREA 2;JABAR;BANDUNG;CJA;AOi42606270835075589e0960;INC51399887;0;0;0
202608;AREA 2;JABAR;CIREBON;KIA;AOk4260613102912921b27710;INC51400299;0;0;0
202608;AREA 2;EASTERN JABOTABEK;BEKASI;SKJ;AOi42606210838461989e4df0;INC51405549;0;0;0
202608;AREA 2;CENTRAL JABOTABEK;SOUTHERN JAKARTA;BIN;AOi426061306544682675afc0;INC51406799;0;0;0
202608;AREA 2;CENTRAL JABOTABEK;NORTHERN JAKARTA;PLM;AOs32606170851244464f8830;INC51408600;0;0;0
202608;AREA 2;WESTERN JABOTABEK;TANGERANG;CLD;AOk4260622123305104db6950;INC51418656;0;0;0
202608;AREA 2;EASTERN JABOTABEK;BOGOR;SKB;AOi42606131004177781e2190;INC51419325;0;0;0
202608;AREA 2;WESTERN JABOTABEK;TANGERANG;CLD;PDAk4260609025851844390a20;INC51427933;0;0;0
202608;AREA 2;JABAR;CIREBON;CKC;AOi4260627105947735ca0b00;INC51430269;0;0;0
202608;AREA 2;WESTERN JABOTABEK;TANGERANG;CPA;AOi4260614044230798f3e920;INC51432673;0;0;0
202608;AREA 2;WESTERN JABOTABEK;SERANG;KSB;AOi4260628082842523603330;INC51432758;0;0;0
202608;AREA 2;JABAR;BANDUNG;LBG;AOs3260601120551764a6ef10;INC51437455;0;0;0
202608;AREA 2;EASTERN JABOTABEK;BOGOR;PAR;AOi42606270558199684709e0;INC51441831;0;0;0
202608;AREA 2;EASTERN JABOTABEK;BOGOR;SKB;AOi4260627062031699abf990;INC51442843;0;0;0
202608;AREA 2;WESTERN JABOTABEK;TANGERANG;CPD;AOi4260617021836065fd9a50;INC51448103;0;0;0
202608;AREA 2;JABAR;BANDUNG;TRG;AOi42606211003236696f9870;INC51449757;0;0;0
202608;AREA 2;JABAR;TASIKMALAYA;CKJ;AOi4260614114923458487550;INC51455088;0;0;0
202608;AREA 2;CENTRAL JABOTABEK;NORTHERN JAKARTA;SLP;AOi4260604022535256f1fe70;INC51466699;0;0;0
202608;AREA 2;CENTRAL JABOTABEK;SOUTHERN JAKARTA;KAL;AOi42606160727219864a9340;INC51466948;0;0;0
202608;AREA 2;JABAR;TASIKMALAYA;TSM;AOs326062609114092693ef80;INC51482790;0;0;0
202608;AREA 2;EASTERN JABOTABEK;BEKASI;PDE;AOi426062412033814545ab10;INC52319476;0;0;0
202608;AREA 2;CENTRAL JABOTABEK;NORTHERN JAKARTA;SLP;AOi4260601085401529c71fa0;INC51485683;0;0;0
202608;AREA 2;WESTERN JABOTABEK;TANGERANG;CPA;AOi4260612095010556c7d790;INC51490448;0;0;0
202608;AREA 2;CENTRAL JABOTABEK;SOUTHERN JAKARTA;KAL;AOs326061304174143831ad10;INC51492992;0;0;0
202608;AREA 2;JABAR;TASIKMALAYA;TSM;AOs326062806082533929d7f0;INC51499270;0;0;0
202608;AREA 2;CENTRAL JABOTABEK;SOUTHERN JAKARTA;KAL;AOi426061107222346837f240;INC51500389;0;0;0
202608;AREA 2;CENTRAL JABOTABEK;SOUTHERN JAKARTA;KAL;AOi4260623031323382a483d0;INC51501059;0;0;0
202608;AREA 2;CENTRAL JABOTABEK;NORTHERN JAKARTA;CKG;AOi4260626071120318371bc0;INC51502993;0;0;0
202608;AREA 2;WESTERN JABOTABEK;TANGERANG;PKU;AOk42606250401381422ecf50;INC51512996;0;0;0
202608;AREA 2;EASTERN JABOTABEK;BOGOR;CBD;AOi42606020543264943edec0;INC51513156;0;0;0
202608;AREA 2;EASTERN JABOTABEK;BEKASI;CSL;AOi1260621090057992ba4ea0;INC51513247;0;0;0
202608;AREA 2;EASTERN JABOTABEK;BOGOR;JPK;AOi426063003235444528a960;INC51516263;0;0;0
202608;AREA 2;JABAR;BANDUNG;BDK;AOi42606240912166631419b0;INC51520486;0;0;0
202608;AREA 2;WESTERN JABOTABEK;TANGERANG;CPD;AOi4260601033533062907ad0;INC51521760;0;0;0
202608;AREA 2;JABAR;TASIKMALAYA;TSM;AOi42606111024195164738c0;INC51522214;0;0;0
202608;AREA 2;EASTERN JABOTABEK;BOGOR;CRI;AOi426060808541102759c110;INC51525984;0;0;0
202608;AREA 2;JABAR;BANDUNG;LBG;AOi42606161233513623bf150;INC51527064;0;0;0
202608;AREA 2;WESTERN JABOTABEK;SERANG;CLG;AOi426060401310384488a640;INC51533128;0;0;0
202608;AREA 2;EASTERN JABOTABEK;BOGOR;CSE;AOs3260614043604756cf7bb0;INC51542189;0;0;0
202608;AREA 2;EASTERN JABOTABEK;BEKASI;DEP;AOs3260604102417353ce79b0;INC51546490;0;0;0
202608;AREA 2;CENTRAL JABOTABEK;SOUTHERN JAKARTA;PGG;AOi4260628072600511c62070;INC51555865;0;0;0
202608;AREA 2;EASTERN JABOTABEK;BOGOR;SPL;AOi4260603031906517bffff0;INC51560060;0;0;0
202608;AREA 2;WESTERN JABOTABEK;SERANG;RKS;AOi4260617121838357a87360;INC51560265;0;0;0
202608;AREA 2;WESTERN JABOTABEK;TANGERANG;CPA;AOi4260629092935060e15270;INC51561480;0;0;0
202608;AREA 2;WESTERN JABOTABEK;SERANG;CUG;AOi426053002555156666db10;INC51563515;0;0;0
202608;AREA 2;WESTERN JABOTABEK;TANGERANG;TAN;AOi426060811450231876fc10;INC51564510;0;0;0
202608;AREA 2;WESTERN JABOTABEK;SERANG;RKS;AOi4260627090058155dc5ab0;INC51566812;0;0;0
202608;AREA 2;WESTERN JABOTABEK;SERANG;LBU;AOi4260627100735851047130;INC51572742;0;0;0
202608;AREA 2;EASTERN JABOTABEK;BOGOR;PMU;PDAk4260625070541775d48730;INC51573950;0;0;0
202608;AREA 2;EASTERN JABOTABEK;BEKASI;KRA;AOi4260612044545921ba6790;INC51577735;0;0;0
202608;AREA 2;CENTRAL JABOTABEK;SOUTHERN JAKARTA;KBY;AOs3260608082657693717360;INC51582794;0;0;0
202608;AREA 2;CENTRAL JABOTABEK;SOUTHERN JAKARTA;GAN;PDAk426062211054259730fca0;INC51586743;0;0;0
202608;AREA 2;CENTRAL JABOTABEK;SOUTHERN JAKARTA;CPE;AOk42606190253355327c5230;INC51592173;0;0;0
202608;AREA 2;JABAR;BANDUNG;CJR;AOi42606170907232062af3f0;INC51593875;0;0;0
202608;AREA 2;CENTRAL JABOTABEK;NORTHERN JAKARTA;PLM;AOk426060103140639735e370;INC51594996;0;0;0
202608;AREA 2;WESTERN JABOTABEK;TANGERANG;SRP;AOi42606011100172079c2fd0;INC51598153;0;0;0
202608;AREA 2;CENTRAL JABOTABEK;NORTHERN JAKARTA;TPR;AOi1260620092725627fae040;INC51600715;0;0;0
202608;AREA 2;JABAR;SOREANG;SMD;AOs326061411440351149df80;INC51785822;0;0;0
202608;AREA 2;CENTRAL JABOTABEK;NORTHERN JAKARTA;MKR;AOs3260610093055702eec440;INC51609557;0;0;0
202608;AREA 2;JABAR;BANDUNG;LBG;AOk426063010444733186ab50;INC51610391;0;0;0
202608;AREA 2;CENTRAL JABOTABEK;NORTHERN JAKARTA;KDY;AOs3260618100507893803f50;INC51620617;0;0;0
202608;AREA 2;JABAR;BANDUNG;UBR;AOi4260622081146167721080;INC51627479;0;0;0
202608;AREA 2;WESTERN JABOTABEK;TANGERANG;CKL;AOi4260619085133200f2de50;INC51633271;0;0;0
202608;AREA 2;JABAR;BANDUNG;RJW;AOk4260615031307503ca9390;INC51649165;0;0;0
202608;AREA 2;CENTRAL JABOTABEK;NORTHERN JAKARTA;CIL;AOi42606020156573573aa060;INC51654091;0;0;0
202608;AREA 2;WESTERN JABOTABEK;SERANG;PSK;AOs32606260303111099a5a80;INC51655189;0;0;0
202608;AREA 2;WESTERN JABOTABEK;TANGERANG;PKU;AOs3260612031121473ac31c0;INC51661726;0;0;0
202608;AREA 2;WESTERN JABOTABEK;SERANG;MLP;AOk42606260941330848bd470;INC51662191;0;0;1
202608;AREA 2;WESTERN JABOTABEK;SERANG;PSK;AOi4260625013959840b1f3f0;INC51667851;0;0;0
202608;AREA 2;JABAR;BANDUNG;CJA;AOi4260530105723131a143a0;INC51669205;0;0;0
202608;AREA 2;EASTERN JABOTABEK;BEKASI;PKY;AOi42606110127321848be6b0;INC51673453;0;0;0
202608;AREA 2;JABAR;TASIKMALAYA;PMP;AOi4260614104633431af1930;INC51673575;0;0;0
202608;AREA 2;JABAR;TASIKMALAYA;GRU;AOi4260606081307063dfc780;INC51677846;0;0;0
202608;AREA 2;JABAR;BANDUNG;RJW;AOi42606250851228542f38f0;INC51678902;0;0;0
202608;AREA 2;JABAR;BANDUNG;LBG;AOi4260606060539534f67260;INC51681773;0;0;0
202608;AREA 2;WESTERN JABOTABEK;SERANG;LGK;AOi4260610100717822940610;INC51684681;0;0;0
202608;AREA 2;EASTERN JABOTABEK;KARAWANG;TLJ;AOi42606140357260365bada0;INC51684975;0;0;0
202608;AREA 2;CENTRAL JABOTABEK;SOUTHERN JAKARTA;KRG;AOi4260603075956879a90120;INC51685817;0;0;0
202608;AREA 2;WESTERN JABOTABEK;SERANG;LGK;AOi42606161010237028928f0;INC51688491;0;0;0
202608;AREA 2;WESTERN JABOTABEK;TANGERANG;SRP;AOs3260609010744519374310;INC51689479;0;0;0
202608;AREA 2;JABAR;CIREBON;PAB;AOi42606120805017428bcca0;INC51689749;0;0;0
202608;AREA 2;CENTRAL JABOTABEK;SOUTHERN JAKARTA;CPE;AOi42606121211297889b9f70;INC51689857;0;0;0
202608;AREA 2;EASTERN JABOTABEK;BOGOR;TJO;AOi4260625015400635409190;INC51707004;0;0;0
202608;AREA 2;CENTRAL JABOTABEK;NORTHERN JAKARTA;MRY;AOi4260603073030330504910;INC51708968;0;0;0
202608;AREA 2;WESTERN JABOTABEK;SERANG;CLG;AOk426061210114422921ec50;INC51712129;0;0;0
202608;AREA 2;WESTERN JABOTABEK;TANGERANG;TAN;AOi426060506330963148d6a0;INC51712516;0;0;0
202608;AREA 2;EASTERN JABOTABEK;BOGOR;SPL;AOi4260615032323601608690;INC51726204;0;0;0
202608;AREA 2;CENTRAL JABOTABEK;SOUTHERN JAKARTA;PDK;AOi1260621073428661deab00;INC51735113;0;0;0
202608;AREA 2;EASTERN JABOTABEK;BOGOR;CSN;AOs3260619021140429250150;INC51739008;0;0;0
202608;AREA 2;JABAR;BANDUNG;CCD;AOi4260605085533624779f90;INC51745310;0;0;0
202608;AREA 2;JABAR;TASIKMALAYA;MLB;AOi4260618023443484c586e0;INC51746934;0;0;0
202608;AREA 2;WESTERN JABOTABEK;SERANG;PDG;AOi42606100301319131b2530;INC51765342;0;0;0
202608;AREA 2;JABAR;TASIKMALAYA;BNJ;AOs3260611021041570108670;INC51766662;0;0;0
202608;AREA 2;EASTERN JABOTABEK;BOGOR;CSN;PDAk42606240311208180fbe20;INC51775384;0;0;0
202608;AREA 2;JABAR;BANDUNG;UBR;AOs3260625100135743c443a0;INC51775603;0;0;0
202608;AREA 2;EASTERN JABOTABEK;BOGOR;DMG;AOi42606050819537196452b0;INC51776589;0;0;0
202608;AREA 2;EASTERN JABOTABEK;BEKASI;SKJ;AOs3260622063026399854f80;INC51778317;0;0;0
202608;AREA 2;EASTERN JABOTABEK;KARAWANG;TLJ;AOi4260613073157798662a00;INC51783661;0;0;0
202608;AREA 2;WESTERN JABOTABEK;TANGERANG;SRP;AOi126061107293382749c4c0;INC51789580;0;0;0
202608;AREA 2;JABAR;BANDUNG;GNH;AOi4260604024829559f43760;INC51796480;0;0;0
202608;AREA 2;JABAR;BANDUNG;RJW;AOi42606210323360678f9930;INC51805012;0;0;0
202608;AREA 2;JABAR;BANDUNG;BTJ;AOi4260628054518600d33ed0;INC51814530;0;0;0
202608;AREA 2;JABAR;TASIKMALAYA;CBL;AOi4260616082900817984f40;INC51817525;0;0;0
202608;AREA 2;EASTERN JABOTABEK;BOGOR;CSN;AOs32606040413412982c9400;INC51819810;0;0;0
202608;AREA 2;JABAR;BANDUNG;RJW;AOi4260627110721272fcc370;INC51822805;0;0;0
202608;AREA 2;CENTRAL JABOTABEK;NORTHERN JAKARTA;MRY;AOi4260617020621411fc7dc0;INC51829327;0;0;0
202608;AREA 2;EASTERN JABOTABEK;BOGOR;CMO;AOi4260609112923703d03420;INC51833203;0;0;0
202608;AREA 2;WESTERN JABOTABEK;TANGERANG;CKL;AOi4260619020921875053d50;INC51836232;0;0;0
202608;AREA 2;JABAR;TASIKMALAYA;PAX;AOi4260619084020654b80dd0;INC51838715;0;0;0
202608;AREA 2;JABAR;TASIKMALAYA;BNJ;AOi426061706293361320f030;INC51842287;0;0;0
202608;AREA 2;JABAR;TASIKMALAYA;LAG;AOi12606150217386056c3d30;INC51842815;0;0;0
202608;AREA 2;CENTRAL JABOTABEK;NORTHERN JAKARTA;CIL;AOi4260607063342682c98360;INC51843599;0;0;0
202608;AREA 2;JABAR;BANDUNG;CCD;AOs32606190812330229623e0;INC51844453;0;0;0
202608;AREA 2;JABAR;BANDUNG;CCD;AOi4260630101637165463f50;INC51846010;0;0;0
202608;AREA 2;JABAR;BANDUNG;UBR;AOi1260609062619593b319a0;INC51874730;0;0;0
202608;AREA 2;EASTERN JABOTABEK;BEKASI;PKY;AOs32606260940397236db890;INC51853045;0;0;0
202608;AREA 2;EASTERN JABOTABEK;BEKASI;PKY;AOs3260619042111658f70590;INC51853684;0;0;0
202608;AREA 2;WESTERN JABOTABEK;SERANG;CLG;AOk4260613123339196105df0;INC51858132;0;0;0
202608;AREA 2;JABAR;TASIKMALAYA;TSM;AOi42606151242220814522d0;INC51861029;0;0;0
202608;AREA 2;JABAR;BANDUNG;UBR;AOi4260623094735994c4d950;INC51861594;0;0;0
202608;AREA 2;JABAR;BANDUNG;BDK;AOi4260608064323217c15750;INC51876962;0;0;0
202608;AREA 2;WESTERN JABOTABEK;TANGERANG;CLD;AOs326060905461032424aab0;INC51877190;0;0;0
202608;AREA 2;JABAR;BANDUNG;UBR;AOi4260610121033322397320;INC51899011;0;0;0
202608;AREA 2;CENTRAL JABOTABEK;SOUTHERN JAKARTA;CPE;AOi1260611091334401f47120;INC51919607;0;0;0
202608;AREA 2;EASTERN JABOTABEK;BOGOR;CSR;AOi4260618092540591744a60;INC51925674;0;0;0
202608;AREA 2;JABAR;BANDUNG;LBG;AOs32606130923286016a1650;INC51928845;0;0;0
202608;AREA 2;CENTRAL JABOTABEK;NORTHERN JAKARTA;KTZ;AOb0260618044614107f55040;INC51930007;0;0;0
202608;AREA 2;JABAR;BANDUNG;TLE;AOk42606091243189679fc660;INC51930913;0;0;0
202608;AREA 2;JABAR;TASIKMALAYA;WNR;AOi4260613103558748e4c030;INC51949112;0;0;0
202608;AREA 2;EASTERN JABOTABEK;BEKASI;SKJ;AOi4260618025731764a37ea0;INC51961565;0;0;0
202608;AREA 2;CENTRAL JABOTABEK;SOUTHERN JAKARTA;PSM;AOi426061301142673939b5b0;INC51961702;0;0;0
202608;AREA 2;EASTERN JABOTABEK;BOGOR;PMU;PDAk4260601033716473b63ac0;INC51962348;0;0;0
202608;AREA 2;WESTERN JABOTABEK;TANGERANG;SRP;AOi4260624085728087126a30;INC51963838;0;0;0
202608;AREA 2;EASTERN JABOTABEK;BEKASI;BEK;AOi1260630124342928048980;INC52016229;0;0;0
202608;AREA 2;WESTERN JABOTABEK;TANGERANG;LKG;AOi426061408235460845be60;INC52019273;0;0;0
202608;AREA 2;JABAR;TASIKMALAYA;PAX;AOi4260621045522529d09220;INC52022166;0;0;0
202608;AREA 2;JABAR;CIREBON;AWN;AOi42606220648005263322f0;INC52026539;0;0;0
202608;AREA 2;CENTRAL JABOTABEK;NORTHERN JAKARTA;TPR;AOi4260622030557365f9e1d0;INC52031826;0;0;0
202608;AREA 2;JABAR;TASIKMALAYA;BNJ;AOi42606270356411123cc270;INC52033629;0;0;0
202608;AREA 2;JABAR;SOREANG;TAS;AOi426062411203818563a830;INC52041566;0;0;0
202608;AREA 2;WESTERN JABOTABEK;TANGERANG;SRP;AOi4260614123920924299d30;INC52056510;0;0;0
202608;AREA 2;JABAR;TASIKMALAYA;KDN;AOi426061612023987968a520;INC52061338;0;0;0
202608;AREA 2;CENTRAL JABOTABEK;NORTHERN JAKARTA;MRY;AOk4260623080530524439dd0;INC52066736;0;0;0
202608;AREA 2;JABAR;BANDUNG;LBG;AOs3260629020541317e2c290;INC52073652;0;0;0
202608;AREA 2;CENTRAL JABOTABEK;NORTHERN JAKARTA;CIL;AOi4260617075428678ef3f40;INC52082181;0;0;0
202608;AREA 2;CENTRAL JABOTABEK;SOUTHERN JAKARTA;CID;AOi42606240255092487f7670;INC52096093;0;0;0
202608;AREA 2;WESTERN JABOTABEK;SERANG;LGK;AOs3260618055620658dcea50;INC52115942;0;0;0
202608;AREA 2;WESTERN JABOTABEK;SERANG;LGK;AOi4260604085329915f58130;INC52128093;0;0;0
202608;AREA 2;JABAR;BANDUNG;SKM;AOi4260624120258919c7bb90;INC52136122;0;0;0
202608;AREA 2;JABAR;BANDUNG;BTJ;AOk42606250304503521d1ec0;INC52140155;0;0;0
202608;AREA 2;WESTERN JABOTABEK;TANGERANG;CLD;AOi426061602315828360ebe0;INC52147259;0;0;0
202608;AREA 2;EASTERN JABOTABEK;BEKASI;KRA;AOs3260627112108190f5d480;INC52159799;0;0;0
202608;AREA 2;WESTERN JABOTABEK;TANGERANG;LKG;AOi12606201249533772a3f90;INC52175452;0;0;0
202608;AREA 2;CENTRAL JABOTABEK;NORTHERN JAKARTA;PLM;AOi42606291028253768c29a0;INC52176800;0;0;0
202608;AREA 2;EASTERN JABOTABEK;BEKASI;PCM;AOi426062102135088105c7c0;INC52192889;0;0;0
202608;AREA 2;JABAR;BANDUNG;GGK;AOk4260624122923747fea560;INC52193751;0;0;0
202608;AREA 2;CENTRAL JABOTABEK;SOUTHERN JAKARTA;JAG;AOi42606160408269465cf020;INC52197469;0;0;0
202608;AREA 2;JABAR;TASIKMALAYA;GRU;AOi42606240729318438ed7f0;INC52201360;0;0;0
202608;AREA 2;JABAR;TASIKMALAYA;TSM;AOi4260622120707934bc7870;INC52205559;0;0;0
202608;AREA 2;WESTERN JABOTABEK;SERANG;SPT;AOi426062810302649433d880;INC52217390;0;0;0
202608;AREA 2;EASTERN JABOTABEK;KARAWANG;PLD;AOb0260626083556327aac190;INC52218995;0;0;0
202608;AREA 2;JABAR;BANDUNG;RJW;AOi4260628095459128ae5d80;INC52227037;0;0;0
202608;AREA 2;JABAR;BANDUNG;LBG;AOi42606220330297435e6af0;INC52227564;0;0;0
202608;AREA 2;EASTERN JABOTABEK;BEKASI;PKY;AOi426062307070718812a050;INC52234164;0;0;0
202608;AREA 2;WESTERN JABOTABEK;TANGERANG;CPD;AOi4260626014859644543510;INC52234633;0;0;0
202608;AREA 2;JABAR;BANDUNG;BTJ;AOi4260629095119103810330;INC52235426;0;0;0
202608;AREA 2;CENTRAL JABOTABEK;NORTHERN JAKARTA;MKR;AOs3260628095316419bac3f0;INC52252527;0;0;0
202608;AREA 2;WESTERN JABOTABEK;SERANG;LGK;AOk4260627031935229b15e40;INC52253019;0;0;0
202608;AREA 2;JABAR;BANDUNG;UBR;AOi4260622092739454ad88e0;INC52279561;0;0;0
202608;AREA 2;WESTERN JABOTABEK;TANGERANG;CPD;AOi1260630104112520b13d20;INC52280959;0;0;0
202608;AREA 2;EASTERN JABOTABEK;BOGOR;CPS;AOi4260627113542003a7c950;INC52319659;0;0;0
202608;AREA 2;JABAR;BANDUNG;GGK;AOi4260624120551265820770;INC52336323;0;0;0
202608;AREA 2;EASTERN JABOTABEK;BOGOR;SKB;AOi42606271211387649681f0;INC52368830;0;0;0
202608;AREA 2;WESTERN JABOTABEK;TANGERANG;PKU;PDAk426062611582382667f210;INC52394698;0;0;0
202608;AREA 2;CENTRAL JABOTABEK;SOUTHERN JAKARTA;PGB;AOi4260626053122422718440;INC52423732;0;0;0
202608;AREA 2;EASTERN JABOTABEK;BEKASI;PKY;AOs32606260122025494c3d00;INC52424191;0;0;0
202608;AREA 2;EASTERN JABOTABEK;BEKASI;PKY;AOi1260629105714110cd6350;INC52427659;0;0;0
202608;AREA 2;JABAR;BANDUNG;TRG;AOi4260626112739801326ed0;INC52428538;0;0;0
202608;AREA 2;EASTERN JABOTABEK;BOGOR;CSR;AOi4260629105609397c8f810;INC52430286;0;0;0
202608;AREA 2;JABAR;BANDUNG;RJW;AOi4260628080443348795230;INC52455451;0;0;0
202608;AREA 2;JABAR;BANDUNG;UBR;AOi42606270143001593c96c0;INC52458528;0;0;0
202608;AREA 1;SUMBAGUT;CENTRAL MEDAN;DLT;AOi12605310611511960f47c0;INC49857805;0;0;0
202608;AREA 1;SUMBAGSEL;LAMPUNG;MGA;AOi42606010855284489c6240;INC50145295;0;0;0
202608;AREA 1;SUMBAGUT;WESTERN MEDAN;KSG;AOi42606010914329129acbe0;INC50020094;0;0;0
202608;AREA 1;SUMBAGUT;CENTRAL MEDAN;PUB;AOi4260602112919155b77130;INC49908875;0;0;0
202608;AREA 1;SUMBAGSEL;PALEMBANG;SBU;AOb0260531105547369428b60;INC49910519;0;0;0
202608;AREA 1;SUMBAGSEL;PANGKAL PINANG;PGP;AOi426060212310570436a4a0;INC49914314;0;0;0
202608;AREA 1;SUMBAGTENG;BUKIT TINGGI;BKT;PDAk4260528050223686e60f30;INC50979708;0;0;0
202608;AREA 1;SUMBAGUT;RANTAU PRAPAT;KPI;AOi426060210553411860f120;INC49939331;0;0;0
202608;AREA 1;SUMBAGUT;PEMATANG SIANTAR;SRA;AOi4260602034825630d0e230;INC49943554;0;0;0
202608;AREA 1;SUMBAGSEL;BENGKULU;LHT;AOs32605301126216774d5d30;INC49951192;0;0;0
202608;AREA 1;SUMBAGUT;BANDA ACEH;KTN;AOi4260531035558058848850;INC49959096;0;0;1
202608;AREA 1;SUMBAGUT;PADANG SIDEMPUAN;PSP;AOk426060209472911096a950;INC49963135;0;0;0
202608;AREA 1;SUMBAGSEL;PANGKAL PINANG;TBI;AOi4260603093827622019c00;INC49968957;0;0;0
202608;AREA 1;SUMBAGUT;CENTRAL MEDAN;DLT;AOi4260602023631719a8f600;INC49977896;0;0;0
202608;AREA 1;SUMBAGUT;PADANG SIDEMPUAN;SBG;AOi4260601101754681732140;INC49982417;0;0;0
202608;AREA 1;SUMBAGUT;BANDA ACEH;MBO;AOi4260531084509989375bf0;INC50008266;0;0;0
202608;AREA 1;SUMBAGTENG;PADANG;BDT;AOi4260602062326276983460;INC50020360;0;0;0
202608;AREA 1;SUMBAGSEL;LAMPUNG;KDT;AOs326060110181756278e9c0;INC50831957;0;0;0
202608;AREA 1;SUMBAGTENG;PADANG;TLB;AOi42606021005146966608b0;INC50022598;0;0;0
202608;AREA 1;SUMBAGUT;CENTRAL MEDAN;CTD;AOi426060301075009335cc20;INC50024129;0;0;0
202608;AREA 1;SUMBAGTENG;PADANG;TLB;AOi4260603103306461d34830;INC50024973;0;0;0
202608;AREA 1;SUMBAGTENG;PADANG;LBY;AOi42606060208413654481f0;INC50030932;0;0;0
202608;AREA 1;SUMBAGUT;BANDA ACEH;JRM;AOi4260603024149227960150;INC50031955;0;0;0
202608;AREA 1;SUMBAGUT;CENTRAL MEDAN;CTD;AOi4260602122913820b93f60;INC50648914;0;0;0
202608;AREA 1;SUMBAGUT;CENTRAL MEDAN;CTD;AOi42606020103478469f8460;INC51494963;0;0;0
202608;AREA 1;SUMBAGSEL;PANGKAL PINANG;SLT;AOi1260604010205889e1f1a0;INC50034358;0;0;0
202608;AREA 1;SUMBAGSEL;BENGKULU;MUA;AOi4260601024742997cbe7f0;INC50036330;0;0;0
202608;AREA 1;SUMBAGUT;CENTRAL MEDAN;SPM;AOk42606021136062784757a0;INC50036336;0;0;0
202608;AREA 1;SUMBAGUT;BANDA ACEH;BNA;AOi426060109442358309b390;INC50058776;0;0;0
202608;AREA 1;SUMBAGTENG;PEKANBARU;SOK;AOi4260512124032445275430;INC50069408;0;0;0
202608;AREA 1;SUMBAGUT;PEMATANG SIANTAR;PPT;AOi4260605090853612b64930;INC50070976;0;0;1
202608;AREA 1;SUMBAGSEL;LAMPUNG;KDT;AOi4260606031917114b21a80;INC50073566;0;0;0
202608;AREA 1;SUMBAGUT;CENTRAL MEDAN;PUB;AOs3260607065626404f45330;INC50079254;0;0;0
202608;AREA 1;SUMBAGUT;BANDA ACEH;DAR;AOi1260608013603608a75420;INC50079680;0;0;0
202608;AREA 1;SUMBAGUT;PEMATANG SIANTAR;KBJ;AOi4260603040340410c77090;INC50083054;0;0;0
202608;AREA 1;SUMBAGUT;BANDA ACEH;BNN;AOi426060501585502664a8a0;INC50093838;0;0;0
202608;AREA 1;SUMBAGTENG;BUKIT TINGGI;PPJ;AOi42606030742046702348e0;INC50096392;0;0;0
202608;AREA 1;SUMBAGUT;PEMATANG SIANTAR;PMS;AOs3260602054201744ebc570;INC50097581;0;0;0
202608;AREA 1;SUMBAGTENG;PADANG;TLN;AOi426060511552082499ede0;INC50097592;0;0;0
202608;AREA 1;SUMBAGTENG;BATAM;SLU;AOk4260608043541425576f10;INC50247351;0;0;0
202608;AREA 1;SUMBAGUT;CENTRAL MEDAN;TJR;AOk4260606103240748548730;INC50101969;0;0;0
202608;AREA 1;SUMBAGUT;BANDA ACEH;TKN;AOi426060708432221324af60;INC50103523;0;0;0
202608;AREA 1;SUMBAGUT;CENTRAL MEDAN;TMU;AOi42606050253405869e3ff0;INC50110619;0;0;0
202608;AREA 1;SUMBAGSEL;BENGKULU;CRP;AOi42606081211152748af930;INC50112008;0;0;0
202608;AREA 1;SUMBAGTENG;PADANG;TLB;AOs3260609085305145a86770;INC50113594;0;0;0
202608;AREA 1;SUMBAGUT;BANDA ACEH;SGI;AOs32606081236070868ed5e0;INC50259160;0;0;0
202608;AREA 1;SUMBAGSEL;PALEMBANG;UNT;AOi4260531045233647303920;INC50122044;0;0;0
202608;AREA 1;SUMBAGUT;RANTAU PRAPAT;KIS;AOi4260603020821116ed7ac0;INC50127660;0;0;0
202608;AREA 1;SUMBAGTENG;PADANG;LUG;AOi42606030305384048aa2a0;INC50132994;0;0;0
202608;AREA 1;SUMBAGTENG;PADANG;PDC;AOi4260601111431201491290;INC50133394;0;0;0
202608;AREA 1;SUMBAGUT;WESTERN MEDAN;KSG;AOi4260603012535631288280;INC50135092;0;0;0
202608;AREA 1;SUMBAGUT;CENTRAL MEDAN;SPM;AOi42606040222123444a32e0;INC50137149;0;0;0
202608;AREA 1;SUMBAGSEL;JAMBI;BKO;AOi4260601122613144b549d0;INC50137769;0;0;1
202608;AREA 1;SUMBAGUT;PEMATANG SIANTAR;PER;AOk4260609082449466bd0b80;INC50139660;0;0;0
202608;AREA 1;SUMBAGSEL;PALEMBANG;SGB;AOi12606091232409666a44d0;INC50141452;0;0;0
202608;AREA 1;SUMBAGTENG;PADANG;TLB;AOi4260606014500042c58db0;INC50142808;0;0;0
202608;AREA 1;SUMBAGTENG;PEKANBARU;ARK;AOi4260603103105848307a60;INC51322005;0;0;0
202608;AREA 1;SUMBAGTENG;BATAM;TPI;AOi4260609025345150b5bf00;INC50146569;0;0;0
202608;AREA 1;SUMBAGUT;CENTRAL MEDAN;DLT;AOi4260601100623237a71740;INC50148744;0;0;0
202608;AREA 1;SUMBAGUT;PEMATANG SIANTAR;PDN;AOi4260604034353816364750;INC50149712;0;0;1
202608;AREA 1;SUMBAGUT;PEMATANG SIANTAR;PER;AOi426060611541952944ca30;INC50150550;0;0;0
202608;AREA 1;SUMBAGUT;CENTRAL MEDAN;TJR;AOi4260607110618603532d00;INC50156562;0;0;0
202608;AREA 1;SUMBAGUT;CENTRAL MEDAN;SKI;AOi4260602040115223fe8780;INC50156979;0;0;0
202608;AREA 1;SUMBAGUT;RANTAU PRAPAT;ANP;AOi42606010115151487d9460;INC50163881;0;0;1
202608;AREA 1;SUMBAGUT;CENTRAL MEDAN;CTD;AOi4260602101124223cf6e50;INC50164666;0;0;0
202608;AREA 1;SUMBAGSEL;BENGKULU;CRP;AOi4260607110206784e42750;INC50164879;0;0;0
202608;AREA 1;SUMBAGUT;WESTERN MEDAN;BJI;AOi42606101235039851654c0;INC50166044;0;0;0
202608;AREA 1;SUMBAGTENG;BATAM;KMS;AOi4260603125130329b7c430;INC50171811;0;0;0
202608;AREA 1;SUMBAGUT;PADANG SIDEMPUAN;BJE;AOi42606060954369570e0090;INC50174191;0;0;0
202608;AREA 1;SUMBAGUT;PEMATANG SIANTAR;KBJ;AOi4260607123705498ba4c20;INC50184400;0;0;0
202608;AREA 1;SUMBAGSEL;PALEMBANG;TLK;AOi42606080159525017d0c40;INC50186749;0;0;0
202608;AREA 1;SUMBAGSEL;PANGKAL PINANG;SLT;AOi4260608103239196d9e870;INC50186791;0;0;0
202608;AREA 1;SUMBAGTENG;BUKIT TINGGI;SPE;AOi4260524052709627a22b20;INC50587421;0;0;0
202608;AREA 1;SUMBAGUT;PEMATANG SIANTAR;TBT;AOi4260601103549399cc0d00;INC50187378;0;0;0
202608;AREA 1;SUMBAGTENG;DUMAI;BKN;AOi4260523022703890d056f0;INC50188354;0;0;0
202608;AREA 1;SUMBAGTENG;PADANG;BDT;AOs3260602010522902653b10;INC50189667;0;0;0
202608;AREA 1;SUMBAGUT;WESTERN MEDAN;LGS;AOi4260607100348761f471d0;INC50189904;0;0;0
202608;AREA 1;SUMBAGTENG;PADANG;BDT;AOi4260604121405202c1d3b0;INC50192334;0;0;0
202608;AREA 1;SUMBAGTENG;DUMAI;BKN;AOi4260515061637118108c70;INC51599812;0;0;0
202608;AREA 1;SUMBAGTENG;BATAM;BTC;AOi4260610055050041788410;INC50276008;0;0;0
202608;AREA 1;SUMBAGTENG;PADANG;LIM;AOi4260611123232110251d00;INC50204121;0;0;0
202608;AREA 1;SUMBAGUT;PEMATANG SIANTAR;SDK;AOi42606080408053592ac8b0;INC50225615;0;0;1
202608;AREA 1;SUMBAGSEL;PALEMBANG;BKS;AOi4260610065439647a20c00;INC50226490;0;0;0
202608;AREA 1;SUMBAGUT;BANDA ACEH;CAG;AOi42606100452297803c4070;INC50229098;0;0;0
202608;AREA 1;SUMBAGUT;CENTRAL MEDAN;TJR;AOi12606060218285146ebb00;INC50233708;0;0;0
202608;AREA 1;SUMBAGUT;PADANG SIDEMPUAN;BJE;AOi4260605071002672c51350;INC50237149;0;0;0
202608;AREA 1;SUMBAGUT;PEMATANG SIANTAR;RBM;AOk4260603025951320e95f50;INC50239167;0;0;0
202608;AREA 1;SUMBAGUT;WESTERN MEDAN;LSM;AOi42605261028225156319b0;INC50242638;0;0;0
202608;AREA 1;SUMBAGUT;CENTRAL MEDAN;TJM;AOi42606060134318714ee050;INC50243852;0;0;0
202608;AREA 1;SUMBAGUT;CENTRAL MEDAN;TMU;AOi42606131240218635f10e0;INC50246178;0;0;0
202608;AREA 1;SUMBAGTENG;PADANG;PDC;AOi42606111149310940e8330;INC50247496;0;0;0
202608;AREA 1;SUMBAGTENG;BATAM;SLU;AOs3260606110225327228660;INC50247659;0;0;0
202608;AREA 1;SUMBAGTENG;BATAM;PNI;AOi4260607124607936be3300;INC50248643;0;0;0
202608;AREA 1;SUMBAGUT;BANDA ACEH;JRM;AOi4260609073552210387220;INC50251377;0;0;1
202608;AREA 1;SUMBAGSEL;PANGKAL PINANG;PGP;AOi4260610045106968254270;INC50252277;0;0;0
202608;AREA 1;SUMBAGTENG;PEKANBARU;ARK;AOi4260609045706143654d50;INC50254856;0;0;0
202608;AREA 1;SUMBAGTENG;BATAM;BLP;AOk4260606044624134e42b10;INC50256565;0;0;0
202608;AREA 1;SUMBAGUT;RANTAU PRAPAT;TJB;AOi426061309033903677c260;INC50263850;0;0;0
202608;AREA 1;SUMBAGUT;WESTERN MEDAN;STB;AOk4260613091947873848850;INC50264274;0;0;0
202608;AREA 1;SUMBAGUT;RANTAU PRAPAT;RAP;AOi4260612015431974178960;INC50269618;0;0;0
202608;AREA 1;SUMBAGUT;RANTAU PRAPAT;NGB;AOi42606110757331390a9d80;INC50271702;0;0;1
202608;AREA 1;SUMBAGTENG;PADANG;TLB;AOb02606050431532693bc4f0;INC50273255;0;0;0
202608;AREA 1;SUMBAGUT;BANDA ACEH;LBR;AOi42606120110441712816d0;INC50274355;0;0;0
202608;AREA 1;SUMBAGUT;RANTAU PRAPAT;KIS;AOi4260610125615714b8c750;INC50277169;0;0;0
202608;AREA 1;SUMBAGUT;CENTRAL MEDAN;LBP;AOi4260613095058046a4c400;INC50281535;0;0;0
202608;AREA 1;SUMBAGUT;CENTRAL MEDAN;TMU;AOs32606051059573967ea590;INC50286009;0;0;0
202608;AREA 1;SUMBAGUT;PEMATANG SIANTAR;SDK;AOi42606020513050871d53f0;INC50286154;0;0;1
202608;AREA 1;SUMBAGUT;RANTAU PRAPAT;KPI;AOi4260604025224128bba640;INC50293365;0;0;0
202608;AREA 1;SUMBAGUT;WESTERN MEDAN;KGH;AOi4260612123108992c07130;INC50293377;0;0;0
202608;AREA 1;SUMBAGUT;CENTRAL MEDAN;CTD;AOi42606121135169583e9f90;INC50298161;0;0;0
202608;AREA 1;SUMBAGUT;WESTERN MEDAN;LGS;AOi42606090413291436f9640;INC50306355;0;0;0
202608;AREA 1;SUMBAGUT;BANDA ACEH;TKN;AOi42606050418159684fbfe0;INC50309872;0;0;1
202608;AREA 1;SUMBAGUT;CENTRAL MEDAN;LBP;AOi42606110718359332a4aa0;INC50310900;0;0;0
202608;AREA 1;SUMBAGUT;CENTRAL MEDAN;PUB;AOi426061310443166474caa0;INC50311869;0;0;0
202608;AREA 1;SUMBAGUT;WESTERN MEDAN;KGH;AOi4260607075422626693f00;INC50312267;0;0;0
202608;AREA 1;SUMBAGTENG;PADANG;MLH;AOi426061601320046170d450;INC50313877;0;0;0
202608;AREA 1;SUMBAGSEL;LAMPUNG;LKP;AOi4260519091259561fc17c0;INC50315104;0;0;0
202608;AREA 1;SUMBAGUT;CENTRAL MEDAN;SPM;AOi4260606112032909536a50;INC50316203;0;0;0
202608;AREA 1;SUMBAGTENG;DUMAI;BGU;AOi4260611113238279a54bc0;INC50415257;0;0;0
202608;AREA 1;SUMBAGUT;WESTERN MEDAN;KSG;AOi4260522053154605fa2970;INC50319842;0;0;0
202608;AREA 1;SUMBAGSEL;LAMPUNG;PRW;AOi4260610015826068af2b20;INC50320136;0;0;0
202608;AREA 1;SUMBAGSEL;PANGKAL PINANG;PGP;AOi42606131201385171b6230;INC50326340;0;0;0
202608;AREA 1;SUMBAGUT;CENTRAL MEDAN;SKI;AOi12606130711592933d7cb0;INC50328826;0;0;0
202608;AREA 1;SUMBAGUT;BANDA ACEH;TKN;AOi4260615043829412afc070;INC50329023;0;0;0
202608;AREA 1;SUMBAGTENG;BUKIT TINGGI;LBB;AOi42606110906227942bbe30;INC50329575;0;0;0
202608;AREA 1;SUMBAGUT;CENTRAL MEDAN;CTD;AOi4260611040051188ea5170;INC50329791;0;0;0
202608;AREA 1;SUMBAGUT;RANTAU PRAPAT;RAP;AOi4260531070642122858110;INC50330933;0;0;0
202608;AREA 1;SUMBAGTENG;PADANG;PDC;AOi42606010503054498de120;INC50335277;0;0;0
202608;AREA 1;SUMBAGUT;BANDA ACEH;BAK;AOi4260610083334314cdd9f0;INC50335710;0;0;0
202608;AREA 1;SUMBAGSEL;BENGKULU;CRP;AOi426060404224647502a430;INC50336929;0;0;0
202608;AREA 1;SUMBAGUT;PADANG SIDEMPUAN;PSP;AOi4260604091143061940f30;INC51500587;0;0;0
202608;AREA 1;SUMBAGSEL;LAMPUNG;KDT;PDAk4260610014943971be9330;INC50337926;0;0;0
202608;AREA 1;SUMBAGUT;WESTERN MEDAN;KSG;AOi42605311107432823da120;INC50339373;0;0;0
202608;AREA 1;SUMBAGUT;PEMATANG SIANTAR;KBJ;AOi4260613115719651f1bae0;INC50339741;0;0;0
202608;AREA 1;SUMBAGUT;RANTAU PRAPAT;ANP;AOi4260610104007106536750;INC50340126;0;0;1
202608;AREA 1;SUMBAGUT;CENTRAL MEDAN;TMU;AOs3260616082152689b74f80;INC50342082;0;0;0
202608;AREA 1;SUMBAGUT;PEMATANG SIANTAR;PMY;AOi1260607021647189c1eae0;INC50343434;0;0;0
202608;AREA 1;SUMBAGSEL;PALEMBANG;TLK;AOi426060508403745422f5b0;INC50345397;0;0;0
202608;AREA 1;SUMBAGSEL;BENGKULU;PDW;AOi4260614010544627c56fe0;INC50346770;0;0;0
202608;AREA 1;SUMBAGUT;BANDA ACEH;LBR;AOi4260601081900591418530;INC50462852;0;0;0
202608;AREA 1;SUMBAGSEL;PALEMBANG;UNT;AOi426061309251611867aa00;INC50351293;0;0;0
202608;AREA 1;SUMBAGTENG;PADANG;PDC;AOi426061612134820209dfd0;INC50352144;0;0;0
202608;AREA 1;SUMBAGUT;RANTAU PRAPAT;KPI;AOk4260602013227809464100;INC50357740;0;0;1
202608;AREA 1;SUMBAGUT;BANDA ACEH;LBR;AOi426060110155389480ec80;INC50360158;0;0;0
202608;AREA 1;SUMBAGUT;PADANG SIDEMPUAN;SBG;AOk4260611041730775e6b240;INC50361577;0;0;0
202608;AREA 1;SUMBAGUT;RANTAU PRAPAT;ANP;AOi42606060251466395bd930;INC50362265;0;0;1
202608;AREA 1;SUMBAGUT;CENTRAL MEDAN;SPM;AOi1260603065918548145150;INC50363980;0;0;0
202608;AREA 1;SUMBAGUT;WESTERN MEDAN;LGS;AOi4260610112727010d62e00;INC50367275;0;0;0
202608;AREA 1;SUMBAGUT;BANDA ACEH;MGD;AOi426060104051867474be00;INC50368341;0;0;0
202608;AREA 1;SUMBAGUT;PEMATANG SIANTAR;BST;AOs3260603120517979615120;INC50370423;0;0;0
202608;AREA 1;SUMBAGUT;BANDA ACEH;MBO;AOi126061108361499616e150;INC50372482;0;0;0
202608;AREA 1;SUMBAGUT;PADANG SIDEMPUAN;TUK;AOi4260606101118390fc4780;INC50374644;0;0;0
202608;AREA 1;SUMBAGUT;WESTERN MEDAN;LGS;AOi426061603583933007a570;INC50377445;0;0;0
202608;AREA 1;SUMBAGUT;PADANG SIDEMPUAN;SBG;AOi42606110559189408b37c0;INC50382540;0;0;0
202608;AREA 1;SUMBAGUT;BANDA ACEH;DAR;AOi42606050921082850b1360;INC50382754;0;0;0
202608;AREA 1;SUMBAGUT;CENTRAL MEDAN;SKI;AOi42606010824029999e94f0;INC50383216;0;0;0
202608;AREA 1;SUMBAGUT;CENTRAL MEDAN;CTD;AOi12606100942485288fa0f0;INC50383540;0;0;0
202608;AREA 1;SUMBAGSEL;PANGKAL PINANG;TJN;AOi4260616012405739b8b860;INC50383651;0;0;0
202608;AREA 1;SUMBAGTENG;PADANG;ALH;AOi12606131121271843b9490;INC50388097;0;0;0
202608;AREA 1;SUMBAGUT;BANDA ACEH;SUS;AOi42606160212511662a4100;INC50389448;0;0;1
202608;AREA 1;SUMBAGUT;PADANG SIDEMPUAN;PSP;AOi4260604064855172009260;INC50390128;0;0;0
202608;AREA 1;SUMBAGTENG;PEKANBARU;PKR;AOi4260602112111343f53d00;INC50391353;0;0;0
202608;AREA 1;SUMBAGSEL;JAMBI;JMB;AOi1260613115314148828530;INC51501073;0;0;0
202608;AREA 1;SUMBAGTENG;PADANG;PDC;PDAk42606050254377405330f0;INC50393551;0;0;0
202608;AREA 1;SUMBAGTENG;PADANG;SGD;AOi4260610032430906a514c0;INC50623630;0;0;0
202608;AREA 1;SUMBAGUT;BANDA ACEH;BNN;AOi4260611100624799402600;INC50416545;0;0;0
202608;AREA 1;SUMBAGUT;BANDA ACEH;TKN;AOi42606170632327859e0240;INC50418335;0;0;1
202608;AREA 1;SUMBAGTENG;DUMAI;BKN;AOi42606090928091709cb8e0;INC50422997;0;0;0
202608;AREA 1;SUMBAGSEL;PALEMBANG;PBM;AOk4260619020253893c1d1f0;INC50426324;0;0;0
202608;AREA 1;SUMBAGUT;PEMATANG SIANTAR;TBT;AOi42606040557107602f0db0;INC50427819;0;0;0
202608;AREA 1;SUMBAGSEL;PALEMBANG;BTA;AOk42606190219533179ad010;INC50803637;0;0;0
202608;AREA 1;SUMBAGUT;CENTRAL MEDAN;TMU;AOi426060510405533087f970;INC50431196;0;0;0
202608;AREA 1;SUMBAGTENG;BUKIT TINGGI;SPE;AOi4260613071549940ad2c00;INC50431936;0;0;0
202608;AREA 1;SUMBAGSEL;BENGKULU;BNC;AOi4260617061439420dd7b90;INC50432063;0;0;0
202608;AREA 1;SUMBAGSEL;PALEMBANG;TAM;AOi4260529072059933e83c90;INC51605211;0;0;1
202608;AREA 1;SUMBAGUT;CENTRAL MEDAN;LBP;AOs3260608084053157711ea0;INC50434527;0;0;0
202608;AREA 1;SUMBAGUT;CENTRAL MEDAN;TJM;AOi42606161100580173a6330;INC50434849;0;0;0
202608;AREA 1;SUMBAGUT;BANDA ACEH;DAR;AOs32606190735486404946f0;INC50435771;0;0;0
202608;AREA 1;SUMBAGTENG;BUKIT TINGGI;PYK;AOi4260615110357160fc4190;INC50438566;0;0;0
202608;AREA 1;SUMBAGUT;WESTERN MEDAN;LGS;AOi1260608075146455ca7370;INC50440246;0;0;0
202608;AREA 1;SUMBAGUT;CENTRAL MEDAN;PUB;AOi4260618120306808707130;INC50440676;0;0;0
202608;AREA 1;SUMBAGUT;BANDA ACEH;TKN;AOi4260603040621457c91440;INC50442088;0;0;1
202608;AREA 1;SUMBAGUT;BANDA ACEH;TKN;AOi4260618042706049cb8370;INC50443681;0;0;1
202608;AREA 1;SUMBAGTENG;BUKIT TINGGI;SPE;AOi42606100219301652895e0;INC50446389;0;0;0
202608;AREA 1;SUMBAGUT;PEMATANG SIANTAR;BLG;AOs32606060222453942d4170;INC50450110;0;0;0
202608;AREA 1;SUMBAGSEL;LAMPUNG;MGA;AOi42606110247098503a0c20;INC51470109;0;0;0
202608;AREA 1;SUMBAGTENG;BUKIT TINGGI;PRS;AOi42606051056085660ca0c0;INC50452685;0;0;0
202608;AREA 1;SUMBAGUT;CENTRAL MEDAN;CTD;AOs3260602094345086b161f0;INC50453359;0;0;0
202608;AREA 1;SUMBAGUT;CENTRAL MEDAN;TJM;AOi4260615075836600160450;INC50454269;0;0;0
202608;AREA 1;SUMBAGSEL;PANGKAL PINANG;TJN;AOk42606180323191272acda0;INC50456952;0;0;0
202608;AREA 1;SUMBAGUT;CENTRAL MEDAN;LBP;AOi4260606123316057c77f00;INC50459530;0;0;0
202608;AREA 1;SUMBAGUT;RANTAU PRAPAT;TJB;AOk4260618090019786620c90;INC50460534;0;0;0
202608;AREA 1;SUMBAGTENG;DUMAI;TAK;AOi4260613082102919bedec0;INC50461657;0;0;1
202608;AREA 1;SUMBAGUT;CENTRAL MEDAN;CTD;AOi42606120928331626da640;INC51432945;0;0;0
202608;AREA 1;SUMBAGTENG;PADANG;ALH;AOi4260608085652236064560;INC50464196;0;0;1
202608;AREA 1;SUMBAGTENG;BATAM;SLU;PDAk4260611105536216e394f0;INC50465164;0;0;0
202608;AREA 1;SUMBAGUT;RANTAU PRAPAT;KPI;AOi4260602013112990fc4c90;INC50466567;0;0;0
202608;AREA 1;SUMBAGTENG;PADANG;ULK;AOi4260610120222781333550;INC50466684;0;0;0
202608;AREA 1;SUMBAGUT;CENTRAL MEDAN;CTD;AOi4260604024754327d61fb0;INC50466768;0;0;0
202608;AREA 1;SUMBAGSEL;PALEMBANG;SRO;AOi4260620103359676e90670;INC50470970;0;0;0
202608;AREA 1;SUMBAGTENG;PEKANBARU;ARK;AOi12606181115166889ab120;INC50471787;0;0;0
202608;AREA 1;SUMBAGUT;BANDA ACEH;LBR;AOi42606140923354440e4a60;INC50473096;0;0;0
202608;AREA 1;SUMBAGUT;BANDA ACEH;BNN;AOi42606180813092379102d0;INC50473298;0;0;0
202608;AREA 1;SUMBAGUT;PADANG SIDEMPUAN;SBG;AOk4260604110356935830840;INC50476062;0;0;0
202608;AREA 1;SUMBAGUT;CENTRAL MEDAN;SPM;AOk4260606101714797dc9cd0;INC50477577;0;0;0
202608;AREA 1;SUMBAGUT;RANTAU PRAPAT;RAP;AOi4260620013150494655b50;INC50477643;0;0;0
202608;AREA 1;SUMBAGUT;CENTRAL MEDAN;LBP;AOi42606010118375935eaa80;INC50479059;0;0;0
202608;AREA 1;SUMBAGUT;BANDA ACEH;LBR;PDAk4260609030131844fb1f10;INC50480707;0;0;0
202608;AREA 1;SUMBAGUT;CENTRAL MEDAN;SPM;AOi42606090432358393ca6d0;INC50480876;0;0;0
202608;AREA 1;SUMBAGTENG;PEKANBARU;BKR;AOi4260602044023941b35c90;INC50488861;0;0;0
202608;AREA 1;SUMBAGTENG;BUKIT TINGGI;PAM;AOi4260612042119308526820;INC50491284;0;0;0
202608;AREA 1;SUMBAGUT;PADANG SIDEMPUAN;GST;AOi42606030542128944a3420;INC50494637;0;0;0
202608;AREA 1;SUMBAGTENG;PADANG;PSB;AOi4260602021602411cc0020;INC50494715;0;0;0
202608;AREA 1;SUMBAGTENG;PADANG;BKP;PDAk4260604051440459b6e1c0;INC50494912;0;0;0
202608;AREA 1;SUMBAGSEL;BENGKULU;LHT;AOi42606110343412034fe6b0;INC50495422;0;0;0
202608;AREA 1;SUMBAGTENG;PADANG;PSB;AOi1260617012408813410a70;INC50496024;0;0;0
202608;AREA 1;SUMBAGUT;BANDA ACEH;GEU;AOs3260616120812927a41470;INC50496547;0;0;0
202608;AREA 1;SUMBAGSEL;BENGKULU;CRP;AOi4260622114818334f4fda0;INC50850033;0;0;0
202608;AREA 1;SUMBAGUT;CENTRAL MEDAN;CTD;AOk4260619052331647f0aea0;INC50497647;0;0;0
202608;AREA 1;SUMBAGTENG;PEKANBARU;PBB;AOi42606020434514960fea90;INC50497884;0;0;0
202608;AREA 1;SUMBAGUT;RANTAU PRAPAT;TJB;AOi4260603014229719a3b000;INC50499459;0;0;0
202608;AREA 1;SUMBAGUT;CENTRAL MEDAN;CTD;AOi4260610051123046c655c0;INC50500512;0;0;0
202608;AREA 1;SUMBAGUT;CENTRAL MEDAN;PUB;AOi1260606022155448113b00;INC50734958;0;0;0
202608;AREA 1;SUMBAGUT;PEMATANG SIANTAR;PMS;AOi426060111035013557d920;INC50502746;0;0;0
202608;AREA 1;SUMBAGTENG;PADANG;ULK;AOi42606040913583781b4b70;INC50502875;0;0;0
202608;AREA 1;SUMBAGUT;PEMATANG SIANTAR;TGD;AOi4260622083309289168860;INC50506999;0;0;0
202608;AREA 1;SUMBAGSEL;PALEMBANG;PLJ;AOi4260613082442630b84400;INC50508945;0;0;0
202608;AREA 1;SUMBAGTENG;PEKANBARU;RBI;AOi4260623101954931265d80;INC50509987;0;0;0
202608;AREA 1;SUMBAGUT;BANDA ACEH;JRM;AOi4260612024120257e523f0;INC50877882;0;0;1
202608;AREA 1;SUMBAGSEL;BENGKULU;BNC;AOi4260621093141507769220;INC50512043;0;0;0
202608;AREA 1;SUMBAGUT;BANDA ACEH;BPD;AOi4260619051910503b61160;INC50512272;0;0;0
202608;AREA 1;SUMBAGUT;BANDA ACEH;BNA;AOi4260601105118599f71950;INC50512820;0;0;0
202608;AREA 1;SUMBAGTENG;PADANG;SUR;AOi426061511090036864ae50;INC50517395;0;0;0
202608;AREA 1;SUMBAGSEL;PANGKAL PINANG;TJN;AOi426062209324588149c4d0;INC50518090;0;0;0
202608;AREA 1;SUMBAGUT;WESTERN MEDAN;MKL;AOi4260616084040798408f30;INC50518155;0;0;0
202608;AREA 1;SUMBAGUT;CENTRAL MEDAN;LBP;AOi4260606094519663176c40;INC50518499;0;0;0
202608;AREA 1;SUMBAGUT;CENTRAL MEDAN;TJR;AOi4260623014605041c437d0;INC50522114;0;0;0
202608;AREA 1;SUMBAGSEL;PALEMBANG;SBU;AOi4260610020716349fe5e40;INC50613345;0;0;0
202608;AREA 1;SUMBAGUT;BANDA ACEH;SGI;AOi4260614033505256d7f740;INC50522784;0;0;0
202608;AREA 1;SUMBAGUT;CENTRAL MEDAN;TTG;AOi4260615010725369a2e440;INC50523468;0;0;0
202608;AREA 1;SUMBAGUT;BANDA ACEH;MRU;AOi4260602122751086380bb0;INC50524131;0;0;0
202608;AREA 1;SUMBAGSEL;BENGKULU;BNC;AOi4260620094023230649c80;INC50524573;0;0;0
202608;AREA 1;SUMBAGTENG;PADANG;BLS;AOi426061111291067624f2f0;INC50525254;0;0;0
202608;AREA 1;SUMBAGUT;CENTRAL MEDAN;TJR;AOi4260618084154632fbc440;INC50529050;0;0;0
202608;AREA 1;SUMBAGUT;CENTRAL MEDAN;LBP;AOi4260622115757419bd72e0;INC50530610;0;0;0
202608;AREA 1;SUMBAGTENG;DUMAI;TAK;AOi426062202161647106b260;INC50530897;0;0;0
202608;AREA 1;SUMBAGUT;PADANG SIDEMPUAN;PYB;AOi4260524034306560162490;INC50532550;0;0;1
202608;AREA 1;SUMBAGUT;RANTAU PRAPAT;RAP;AOi4260620014003787aef8e0;INC50532698;0;0;0
202608;AREA 1;SUMBAGUT;CENTRAL MEDAN;CTD;AOi42606080944334242e44e0;INC50534118;0;0;0
202608;AREA 1;SUMBAGUT;WESTERN MEDAN;KSG;AOi4260611102935956d17260;INC50536318;0;0;0
202608;AREA 1;SUMBAGTENG;PEKANBARU;ARK;AOi426061503583290345e460;INC50537325;0;0;0
202608;AREA 1;SUMBAGUT;BANDA ACEH;MBO;AOk4260618025935723e4be10;INC50538085;0;0;0
202608;AREA 1;SUMBAGSEL;PALEMBANG;PLJ;AOi4260620023826311bb2480;INC50539881;0;0;0
202608;AREA 1;SUMBAGUT;CENTRAL MEDAN;CTD;AOi4260624120851586a694b0;INC50540587;0;0;0
202608;AREA 1;SUMBAGUT;RANTAU PRAPAT;KIS;AOs3260610062158246832130;INC51660944;0;0;0
202608;AREA 1;SUMBAGSEL;LAMPUNG;KLR;AOi4260607010403573e41220;INC50546094;0;0;0
202608;AREA 1;SUMBAGSEL;LAMPUNG;KBI;AOi4260610085555597ee91e0;INC50547469;0;0;0
202608;AREA 1;SUMBAGSEL;BENGKULU;CRP;AOi4260614115850142c251f0;INC50548382;0;0;0
202608;AREA 1;SUMBAGUT;CENTRAL MEDAN;PUB;AOi4260619101043239e8ab20;INC50551767;0;0;0
202608;AREA 1;SUMBAGUT;CENTRAL MEDAN;SPM;AOi4260623013339065478e10;INC50553122;0;0;0
202608;AREA 1;SUMBAGSEL;LAMPUNG;KDT;AOi426062111550771066fd00;INC50554969;0;0;0
202608;AREA 1;SUMBAGTENG;PADANG;BDT;AOi4260604104942499879e90;INC50555865;0;0;0
202608;AREA 1;SUMBAGUT;RANTAU PRAPAT;KPI;AOi42606030849011818a0680;INC50558339;0;0;1
202608;AREA 1;SUMBAGSEL;PANGKAL PINANG;TJN;AOi426053109431121449be20;INC50560013;0;0;0
202608;AREA 1;SUMBAGUT;RANTAU PRAPAT;RAP;AOi42606170430222907068e0;INC50562168;0;0;0
202608;AREA 1;SUMBAGTENG;PADANG;SLN;AOi42606050926347969c31d0;INC50563465;0;0;0
202608;AREA 1;SUMBAGUT;CENTRAL MEDAN;PUB;AOk4260609012251755001cc0;INC50563891;0;0;0
202608;AREA 1;SUMBAGUT;BANDA ACEH;LOA;AOi4260602041010606875630;INC50564868;0;0;0
202608;AREA 1;SUMBAGUT;CENTRAL MEDAN;TJR;AOi42606150221560451dff60;INC50566038;0;0;0
202608;AREA 1;SUMBAGSEL;PANGKAL PINANG;PGP;AOi4260616020909758e5e900;INC50567602;0;0;0
202608;AREA 1;SUMBAGUT;BANDA ACEH;SGI;AOi42606171041568761268b0;INC50568285;0;0;0
202608;AREA 1;SUMBAGUT;BANDA ACEH;TKN;AOi4260624025336878275ca0;INC50569500;0;0;0
202608;AREA 1;SUMBAGUT;PEMATANG SIANTAR;PMY;AOi42606120752135038701a0;INC50574336;0;0;0
202608;AREA 1;SUMBAGUT;WESTERN MEDAN;TJP;AOi4260603094249416a7ed00;INC50574615;0;0;0
202608;AREA 1;SUMBAGUT;BANDA ACEH;TKN;AOi42606230651020959a4800;INC50578463;0;0;0
202608;AREA 1;SUMBAGUT;PADANG SIDEMPUAN;GST;AOi42606221132253892e5710;INC50579940;0;0;0
202608;AREA 1;SUMBAGUT;PADANG SIDEMPUAN;SBG;AOs3260606032217677431e40;INC50590126;0;0;0
202608;AREA 1;SUMBAGUT;PADANG SIDEMPUAN;SBG;AOi4260623022903053cbb9b0;INC50591064;0;0;0
202608;AREA 1;SUMBAGUT;CENTRAL MEDAN;BLW;AOi4260614124701557210a20;INC50592470;0;0;0
202608;AREA 1;SUMBAGUT;WESTERN MEDAN;BJI;AOi42606240200157335b50b0;INC50593974;0;0;0
202608;AREA 1;SUMBAGUT;CENTRAL MEDAN;PUB;AOk42606250252528261d35b0;INC50596090;0;0;0
202608;AREA 1;SUMBAGSEL;BENGKULU;PDW;AOk4260626035016646024050;INC52161802;0;0;0
202608;AREA 1;SUMBAGTENG;DUMAI;BKN;AOi4260613084003597663dc0;INC50598682;0;0;0
202608;AREA 1;SUMBAGUT;BANDA ACEH;TKN;AOi42606220448114423c3de0;INC50610221;0;0;0
202608;AREA 1;SUMBAGSEL;LAMPUNG;KLR;AOi42606110408201388464c0;INC50611334;0;0;0
202608;AREA 1;SUMBAGUT;BANDA ACEH;BNA;AOi42606260429507431db9f0;INC50611666;0;0;0
202608;AREA 1;SUMBAGUT;BANDA ACEH;SGI;AOi1260607061455315092ff0;INC50613323;0;0;0
202608;AREA 1;SUMBAGUT;RANTAU PRAPAT;TJB;AOi4260624015215671d31e40;INC50613476;0;0;0
202608;AREA 1;SUMBAGTENG;BUKIT TINGGI;NRS;AOi4260625034235032e12d60;INC50615093;0;0;0
202608;AREA 1;SUMBAGUT;PEMATANG SIANTAR;PMS;AOi4260603115322537ec5e70;INC50615757;0;0;0
202608;AREA 1;SUMBAGUT;BANDA ACEH;DAR;AOk42606220245350540182a0;INC50619418;0;0;0
202608;AREA 1;SUMBAGTENG;PADANG;SWL;AOi4260619032624970156910;INC50621753;0;0;0
202608;AREA 1;SUMBAGUT;BANDA ACEH;DAR;AOi4260613125703064479c90;INC50623822;0;0;0
202608;AREA 1;SUMBAGTENG;BUKIT TINGGI;TKU;AOi4260622125250365566680;INC50767104;0;0;0
202608;AREA 1;SUMBAGUT;BANDA ACEH;TKN;AOi12606200705473731856b0;INC51372000;0;0;0
202608;AREA 1;SUMBAGTENG;DUMAI;BGU;AOi4260614031814430e94320;INC50634472;0;0;0
202608;AREA 1;SUMBAGUT;CENTRAL MEDAN;DLT;AOi426060201192504602f290;INC50648101;0;0;0
202608;AREA 1;SUMBAGUT;CENTRAL MEDAN;DLT;AOi42606091254109276213a0;INC50637697;0;0;0
202608;AREA 1;SUMBAGUT;CENTRAL MEDAN;LBP;AOi42606060303524568140f0;INC50639562;0;0;0
202608;AREA 1;SUMBAGUT;RANTAU PRAPAT;KIS;AOi4260606111753800433390;INC50641758;0;0;0
202608;AREA 1;SUMBAGUT;CENTRAL MEDAN;CTD;AOi4260623043450903215210;INC50642091;0;0;0
202608;AREA 1;SUMBAGUT;RANTAU PRAPAT;RAP;AOs32606240522201105e8370;INC52172946;0;0;0
202608;AREA 1;SUMBAGTENG;PADANG;BDT;AOi4260605040115706f62a80;INC50646391;0;0;0
202608;AREA 1;SUMBAGTENG;DUMAI;DRI;AOi426062509360646859fcf0;INC50646444;0;0;0
202608;AREA 1;SUMBAGUT;WESTERN MEDAN;KSG;AOi4260615020638615ad34d0;INC50652168;0;0;0
202608;AREA 1;SUMBAGTENG;BATAM;PNI;AOi42606090416585490b6d10;INC50656891;0;0;0
202608;AREA 1;SUMBAGUT;PADANG SIDEMPUAN;BJE;AOi4260604111909189cab2b0;INC50657462;0;0;0
202608;AREA 1;SUMBAGUT;CENTRAL MEDAN;SPM;AOi4260625021726773ed7100;INC50657868;0;0;0
202608;AREA 1;SUMBAGTENG;DUMAI;BKN;AOi42606260149065048306e0;INC50661296;0;0;0
202608;AREA 1;SUMBAGTENG;DUMAI;BAS;AOi4260602065342516438270;INC50661686;0;0;0
202608;AREA 1;SUMBAGTENG;PADANG;PNN;AOi4260610095655143578570;INC50662712;0;0;0
202608;AREA 1;SUMBAGUT;CENTRAL MEDAN;TJM;AOi4260625013119012286070;INC50663465;0;0;0
202608;AREA 1;SUMBAGUT;CENTRAL MEDAN;CTD;AOi4260601125502299506a80;INC50667838;0;0;0
202608;AREA 1;SUMBAGSEL;PALEMBANG;SGB;AOi4260622090124534f796a0;INC51118933;0;0;0
202608;AREA 1;SUMBAGUT;RANTAU PRAPAT;SBO;AOi4260621101534913fdff10;INC50668672;0;0;1
202608;AREA 1;SUMBAGUT;PADANG SIDEMPUAN;TRT;AOi1260610115444494b08cd0;INC50669440;0;0;0
202608;AREA 1;SUMBAGTENG;PADANG;SIE;AOi4260607094528816cd72f0;INC50670409;0;0;1
202608;AREA 1;SUMBAGUT;CENTRAL MEDAN;SKI;AOs326061002473388707afb0;INC50672024;0;0;0
202608;AREA 1;SUMBAGUT;RANTAU PRAPAT;RAP;AOi42606100330209178b0930;INC50672457;0;0;0
202608;AREA 1;SUMBAGUT;PEMATANG SIANTAR;SDK;AOi4260612012704533da0960;INC50673767;0;0;1
202608;AREA 1;SUMBAGTENG;BATAM;SLU;AOi4260611024846819228320;INC50673883;0;0;0
202608;AREA 1;SUMBAGTENG;BATAM;SLU;AOi42606151139025171886a0;INC50676782;0;0;0
202608;AREA 1;SUMBAGUT;WESTERN MEDAN;BJI;AOs326061908174061140e040;INC50677130;0;0;0
202608;AREA 1;SUMBAGSEL;PANGKAL PINANG;PGP;AOk4260624035647934f86840;INC50681104;0;0;0
202608;AREA 1;SUMBAGTENG;DUMAI;UBT;AOi42606090845114607b9d90;INC50683963;0;0;0
202608;AREA 1;SUMBAGUT;CENTRAL MEDAN;TMU;AOi4260603110514192c5f9c0;INC50804292;0;0;0
202608;AREA 1;SUMBAGUT;RANTAU PRAPAT;KPI;AOi426060306340993622c510;INC50685629;0;0;1
202608;AREA 1;SUMBAGSEL;BENGKULU;BNC;AOk42606150140077091d7540;INC50687228;0;0;0
202608;AREA 1;SUMBAGUT;CENTRAL MEDAN;SKI;AOs3260530111107040d8e100;INC50687785;0;0;0
202608;AREA 1;SUMBAGSEL;LAMPUNG;TJK;AOi4260627100008884fdbaa0;INC50688365;0;0;0
202608;AREA 1;SUMBAGUT;CENTRAL MEDAN;LBP;AOi42606161115197250aa040;INC50688983;0;0;0
202608;AREA 1;SUMBAGUT;PEMATANG SIANTAR;KBJ;AOi42606021006573744649e0;INC50689307;0;0;0
202608;AREA 1;SUMBAGSEL;BENGKULU;BNC;AOi426061303580927653ff70;INC50690347;0;0;0
202608;AREA 1;SUMBAGUT;RANTAU PRAPAT;RAP;AOi42606161059080909ae120;INC50692215;0;0;0
202608;AREA 1;SUMBAGUT;CENTRAL MEDAN;GLG;AOi4260622094407626c0a3e0;INC50693467;0;0;0
202608;AREA 1;SUMBAGUT;WESTERN MEDAN;LSM;AOi42606220522584542191b0;INC50694008;0;0;0
202608;AREA 1;SUMBAGUT;PEMATANG SIANTAR;SDK;AOi4260618080122769788950;INC50694047;0;0;1
202608;AREA 1;SUMBAGUT;BANDA ACEH;BNA;AOi1260606051335716ece050;INC50694346;0;0;0
202608;AREA 1;SUMBAGTENG;BUKIT TINGGI;PPJ;AOi426060108000601298f610;INC50695250;0;0;0
202608;AREA 1;SUMBAGUT;BANDA ACEH;JRM;AOi4260618101349549cab3f0;INC50698316;0;0;0
202608;AREA 1;SUMBAGUT;CENTRAL MEDAN;MDC;AOs3260524063647449d1f6b0;INC50701453;0;0;0
202608;AREA 1;SUMBAGTENG;PEKANBARU;PMB;AOi4260601121149467d440b0;INC50701464;0;0;0
202608;AREA 1;SUMBAGTENG;PEKANBARU;TJT;AOi4260628023742779802a10;INC51181170;0;0;1
202608;AREA 1;SUMBAGUT;CENTRAL MEDAN;TJR;AOi4260620122647005043f70;INC50703667;0;0;0
202608;AREA 1;SUMBAGSEL;BENGKULU;BNC;AOi4260615123359412b78c30;INC50704615;0;0;0
202608;AREA 1;SUMBAGSEL;LAMPUNG;GDT;AOi426062302222814034b860;INC50707275;0;0;0
202608;AREA 1;SUMBAGSEL;PALEMBANG;SBU;AOi42606230347183331de0c0;INC50708027;0;0;0
202608;AREA 1;SUMBAGUT;CENTRAL MEDAN;TJR;AOi4260628033329097aa07e0;INC50708310;0;0;0
202608;AREA 1;SUMBAGTENG;DUMAI;PPN;AOi4260607073118267c6f2e0;INC50708396;0;0;0
202608;AREA 1;SUMBAGUT;CENTRAL MEDAN;TJR;AOk4260619121356900b0a330;INC50711448;0;0;0
202608;AREA 1;SUMBAGUT;WESTERN MEDAN;KSG;AOi4260625095608188c1cd70;INC50711889;0;0;0
202608;AREA 1;SUMBAGUT;PEMATANG SIANTAR;PPT;AOi4260531044756999d847e0;INC50713481;0;0;1
202608;AREA 1;SUMBAGUT;BANDA ACEH;MBO;AOi4260614114943850fe0080;INC50717070;0;0;0
202608;AREA 1;SUMBAGTENG;BUKIT TINGGI;KNL;AOi42606050931246101a01e0;INC50717772;0;0;0
202608;AREA 1;SUMBAGUT;BANDA ACEH;BNA;AOi12606220707247589acae0;INC50718410;0;0;0
202608;AREA 1;SUMBAGUT;PEMATANG SIANTAR;PDN;AOi426060408493053221df70;INC50718930;0;0;1
202608;AREA 1;SUMBAGUT;WESTERN MEDAN;PGL;AOi42606181216297962fe4a0;INC51341484;0;0;1
202608;AREA 1;SUMBAGTENG;DUMAI;BGU;AOi426060407425841543e260;INC50720212;0;0;0
202608;AREA 1;SUMBAGUT;BANDA ACEH;BPD;AOi4260618100237672a0a9e0;INC50725730;0;0;0
202608;AREA 1;SUMBAGTENG;PADANG;TLB;AOi426060109224143814cae0;INC50728559;0;0;0
202608;AREA 1;SUMBAGTENG;PADANG;BLS;AOi42606050747350171e41a0;INC50734103;0;0;0
202608;AREA 1;SUMBAGUT;BANDA ACEH;DAR;AOi4260623101058747eae6f0;INC50735428;0;0;0
202608;AREA 1;SUMBAGTENG;BUKIT TINGGI;ABG;AOi4260607080223547cb6cd0;INC50738493;0;0;0
202608;AREA 1;SUMBAGSEL;PALEMBANG;SGB;AOi4260623072056445caa780;INC51406739;0;0;0
202608;AREA 1;SUMBAGSEL;LAMPUNG;TJK;AOi12606110123367233d7020;INC50739886;0;0;0
202608;AREA 1;SUMBAGTENG;PEKANBARU;SGT;AOi4260607123551490a03a70;INC50741013;0;0;1
202608;AREA 1;SUMBAGSEL;LAMPUNG;KBI;AOi426061301575884872b000;INC50745398;0;0;0
202608;AREA 1;SUMBAGUT;WESTERN MEDAN;KSG;AOi4260609053200757531bf0;INC50746249;0;0;0
202608;AREA 1;SUMBAGUT;CENTRAL MEDAN;TJR;AOi4260620031624858a6ee40;INC50747015;0;0;0
202608;AREA 1;SUMBAGUT;PEMATANG SIANTAR;PMS;AOk4260629015605698667bd0;INC50748013;0;0;0
202608;AREA 1;SUMBAGUT;CENTRAL MEDAN;LBP;AOi4260628104011772f8b350;INC50749267;0;0;0
202608;AREA 1;SUMBAGUT;CENTRAL MEDAN;CTD;AOi426062803492107545b830;INC50753403;0;0;0
202608;AREA 1;SUMBAGUT;CENTRAL MEDAN;TJR;AOi4260628014557238c228a0;INC50755933;0;0;0
202608;AREA 1;SUMBAGTENG;PADANG;PDC;AOi4260618075454826b750b0;INC50758182;0;0;0
202608;AREA 1;SUMBAGTENG;DUMAI;BGU;AOi4260608012415066187890;INC51217989;0;0;0
202608;AREA 1;SUMBAGUT;WESTERN MEDAN;IDI;AOi4260603095404909145e50;INC50758746;0;0;0
202608;AREA 1;SUMBAGUT;BANDA ACEH;SKL;AOi4260618061754661569750;INC50759525;0;0;1
202608;AREA 1;SUMBAGUT;WESTERN MEDAN;LSM;AOi4260601082143538a7d5d0;INC50759579;0;0;0
202608;AREA 1;SUMBAGUT;BANDA ACEH;LBR;AOi4260612030013565f64b10;INC50761326;0;0;0
202608;AREA 1;SUMBAGTENG;DUMAI;DUM;AOi4260603102108759f3a6e0;INC51094043;0;0;0
202608;AREA 1;SUMBAGSEL;PALEMBANG;SGB;AOi42606240821322487d0df0;INC50765349;0;0;0
202608;AREA 1;SUMBAGTENG;BATAM;SKN;PDAk42606131118437020fffb0;INC51274644;0;0;0
202608;AREA 1;SUMBAGTENG;BATAM;SLU;AOi426060703323170991d350;INC50766154;0;0;0
202608;AREA 1;SUMBAGSEL;JAMBI;JMI;PDAk426061711032961799f170;INC50766175;0;0;0
202608;AREA 1;SUMBAGUT;CENTRAL MEDAN;SPM;AOi42606200844563925ef960;INC50766637;0;0;0
202608;AREA 1;SUMBAGUT;BANDA ACEH;MBO;AOi4260611021639383108f60;INC50767191;0;0;0
202608;AREA 1;SUMBAGSEL;BENGKULU;KPH;AOi42606140647386217f3c40;INC50768815;0;0;0
202608;AREA 1;SUMBAGUT;PADANG SIDEMPUAN;PSP;AOi4260606083741449fe7bc0;INC50769342;0;0;0
202608;AREA 1;SUMBAGTENG;PEKANBARU;PBB;AOi426061403134352113d4d0;INC50772501;0;0;0
202608;AREA 1;SUMBAGUT;CENTRAL MEDAN;TJR;AOi12606210736404575877a0;INC50773111;0;0;0
202608;AREA 1;SUMBAGUT;BANDA ACEH;MBO;AOi42606191100172036a6490;INC50773818;0;0;0
202608;AREA 1;SUMBAGSEL;BENGKULU;PDW;AOi4260619054052519ba7540;INC50778329;0;0;0
202608;AREA 1;SUMBAGUT;CENTRAL MEDAN;SKI;AOi42606141236315892215e0;INC50781162;0;0;0
202608;AREA 1;SUMBAGSEL;LAMPUNG;KDT;AOi42606121109398459f6600;INC50785454;0;0;0
202608;AREA 1;SUMBAGUT;WESTERN MEDAN;LGS;AOi42606300116350881aed20;INC50788745;0;0;0
202608;AREA 1;SUMBAGTENG;PADANG;SIE;AOk42606201228271246e9030;INC50794322;0;0;1
202608;AREA 1;SUMBAGUT;CENTRAL MEDAN;CTD;AOi4260611021455426ff4c80;INC50796225;0;0;0
202608;AREA 1;SUMBAGUT;CENTRAL MEDAN;PUB;AOk4260607104714657fcbaf0;INC50797582;0;0;0
202608;AREA 1;SUMBAGTENG;BATAM;DGS;AOi42606221211262640ab7e0;INC50855868;0;0;0
202608;AREA 1;SUMBAGUT;WESTERN MEDAN;KGH;AOi4260627104214130c71f00;INC50801880;0;0;0
202608;AREA 1;SUMBAGUT;PADANG SIDEMPUAN;SBG;AOi42606290249210564db780;INC50804249;0;0;0
202608;AREA 1;SUMBAGUT;CENTRAL MEDAN;DLT;AOi4260607024409850545260;INC50806030;0;0;0
202608;AREA 1;SUMBAGUT;CENTRAL MEDAN;TMU;AOi4260627094257834b13fa0;INC50818757;0;0;0
202608;AREA 1;SUMBAGUT;CENTRAL MEDAN;CTD;AOi4260622110548824d7a0f0;INC50818801;0;0;0
202608;AREA 1;SUMBAGUT;CENTRAL MEDAN;TMU;AOi42606141147260165618a0;INC50820850;0;0;0
202608;AREA 1;SUMBAGUT;WESTERN MEDAN;LGS;AOi4260621020705688383670;INC50821044;0;0;0
202608;AREA 1;SUMBAGUT;RANTAU PRAPAT;ANP;AOi4260629044307763dfdb10;INC50821637;0;0;0
202608;AREA 1;SUMBAGUT;RANTAU PRAPAT;KIS;AOi42606090410204829709b0;INC50822623;0;0;0
202608;AREA 1;SUMBAGUT;CENTRAL MEDAN;TTG;AOi426060310440246258e390;INC50823428;0;0;0
202608;AREA 1;SUMBAGUT;CENTRAL MEDAN;TJR;AOk4260617010843638f09fd0;INC50823944;0;0;0
202608;AREA 1;SUMBAGTENG;PADANG;SGD;AOi4260601020115685781360;INC50825506;0;0;0
202608;AREA 1;SUMBAGTENG;PADANG;TLB;AOi4260608113952286e33fb0;INC51431253;0;0;0
202608;AREA 1;SUMBAGSEL;PANGKAL PINANG;MTK;AOi42606180203339030b5010;INC50827386;0;0;0
202608;AREA 1;SUMBAGSEL;LAMPUNG;SRW;AOi4260617071952115c5d010;INC51741990;0;0;0
202608;AREA 1;SUMBAGUT;PADANG SIDEMPUAN;BGO;AOi4260620100854690229650;INC50833566;0;0;1
202608;AREA 1;SUMBAGUT;BANDA ACEH;MBO;AOi4260627104626520558740;INC50834960;0;0;0
202608;AREA 1;SUMBAGUT;BANDA ACEH;GEU;AOi4260602084233616f69380;INC50835121;0;0;0
202608;AREA 1;SUMBAGTENG;BATAM;SLU;AOi42606021250329143cb900;INC50837096;0;0;0
202608;AREA 1;SUMBAGUT;CENTRAL MEDAN;SPM;AOk42606090526224406eee80;INC50837164;0;0;0
202608;AREA 1;SUMBAGTENG;PADANG;MLH;AOi4260612013526088f970a0;INC50837298;0;0;0
202608;AREA 1;SUMBAGUT;CENTRAL MEDAN;LBP;AOi4260616032726823fa3890;INC50837414;0;0;0
202608;AREA 1;SUMBAGUT;CENTRAL MEDAN;PUB;AOi4260623113006470ec2340;INC50837763;0;0;0
202608;AREA 1;SUMBAGTENG;BATAM;SKN;AOi4260629102621739f75880;INC52294554;0;0;0
202608;AREA 1;SUMBAGUT;CENTRAL MEDAN;TJR;AOi4260610113329001cf1ef0;INC50841323;0;0;0
202608;AREA 1;SUMBAGTENG;BUKIT TINGGI;PPJ;AOi4260530045339320a06150;INC50842497;0;0;0
202608;AREA 1;SUMBAGTENG;DUMAI;UBT;AOi4260624064118448829e10;INC50846308;0;0;0
202608;AREA 1;SUMBAGUT;CENTRAL MEDAN;DLT;AOi426062207390053025fcc0;INC50848514;0;0;0
202608;AREA 1;SUMBAGSEL;PANGKAL PINANG;PGP;AOi4260620013724390a56f20;INC50849715;0;0;0
202608;AREA 1;SUMBAGTENG;PEKANBARU;ARK;AOk4260628083939258801b20;INC50850812;0;0;0
202608;AREA 1;SUMBAGUT;PADANG SIDEMPUAN;GST;AOk4260629124411879347e10;INC50851599;0;0;1
202608;AREA 1;SUMBAGTENG;PADANG;SWL;AOi42606230250258886663b0;INC50853596;0;0;0
202608;AREA 1;SUMBAGTENG;BATAM;LBJ;AOi4260616073050766de08d0;INC50857240;0;0;0
202608;AREA 1;SUMBAGTENG;DUMAI;PPN;AOi4260607114759103850eb0;INC50858842;0;0;0
202608;AREA 1;SUMBAGUT;WESTERN MEDAN;LGS;AOi4260615051433143f648a0;INC50859362;0;0;0
202608;AREA 1;SUMBAGUT;PADANG SIDEMPUAN;GST;AOi42606150118191969cb8a0;INC50868018;0;0;1
202608;AREA 1;SUMBAGUT;PEMATANG SIANTAR;TBT;AOi4260601111543164783a50;INC50869770;0;0;0
202608;AREA 1;SUMBAGTENG;BATAM;BTC;AOi4260611114859434b64090;INC50870647;0;0;0
202608;AREA 1;SUMBAGUT;CENTRAL MEDAN;TTG;AOs3260624101414437e5b730;INC50871413;0;0;0
202608;AREA 1;SUMBAGTENG;PADANG;SIE;AOi4260615030920534f8cd10;INC50871793;0;0;1
202608;AREA 1;SUMBAGTENG;BUKIT TINGGI;LBB;AOi4260604011606603cab370;INC50873299;0;0;0
202608;AREA 1;SUMBAGUT;PEMATANG SIANTAR;PDN;AOi4260604115911884803e70;INC50874035;0;0;1
202608;AREA 1;SUMBAGTENG;DUMAI;TAK;AOi4260607025730102ce5020;INC50874161;0;0;0
202608;AREA 1;SUMBAGUT;PEMATANG SIANTAR;PSA;AOi42606221225483744765a0;INC50874555;0;0;0
202608;AREA 1;SUMBAGUT;PEMATANG SIANTAR;PMS;AOk4260626031746174c608d0;INC50875099;0;0;0
202608;AREA 1;SUMBAGUT;PADANG SIDEMPUAN;PYB;AOi426060212074568848edf0;INC50875863;0;0;1
202608;AREA 1;SUMBAGSEL;PANGKAL PINANG;PGP;AOi426062403134589504bb20;INC50876961;0;0;0
202608;AREA 1;SUMBAGUT;CENTRAL MEDAN;CTD;AOi4260630123042441df4df0;INC50879310;0;0;0
202608;AREA 1;SUMBAGUT;CENTRAL MEDAN;PUB;AOi4260607124218262910350;INC50880658;0;0;0
202608;AREA 1;SUMBAGUT;CENTRAL MEDAN;TJM;AOi4260624124747284ab3450;INC50880785;0;0;0
202608;AREA 1;SUMBAGUT;BANDA ACEH;TKN;AOi426062611054916682d040;INC50882145;0;0;0
202608;AREA 1;SUMBAGSEL;LAMPUNG;TJK;AOi4260603070558819099a00;INC50887293;0;0;0
202608;AREA 1;SUMBAGUT;CENTRAL MEDAN;SPM;AOi4260627110740098d766b0;INC50887530;0;0;0
202608;AREA 1;SUMBAGSEL;PALEMBANG;PLJ;AOi4260614072640041c51ed0;INC50888080;0;0;0
202608;AREA 1;SUMBAGUT;CENTRAL MEDAN;PUB;AOi42606091227247873ce210;INC50888807;0;0;0
202608;AREA 1;SUMBAGUT;BANDA ACEH;LBR;AOb0260618022056585874d70;INC50889905;0;0;0
202608;AREA 1;SUMBAGTENG;BUKIT TINGGI;BSK;AOk42606120243577951cf630;INC50891450;0;0;0
202608;AREA 1;SUMBAGUT;CENTRAL MEDAN;TTG;AOi4260604104400496075ca0;INC50891724;0;0;0
202608;AREA 1;SUMBAGTENG;BUKIT TINGGI;SCC;AOi4260624085117002596be0;INC50895305;0;0;0
202608;AREA 1;SUMBAGUT;CENTRAL MEDAN;DLT;AOs32606150533553488acfd0;INC50899302;0;0;0
202608;AREA 1;SUMBAGUT;BANDA ACEH;LBR;AOk42606031032057778e86d0;INC50901594;0;0;0
202608;AREA 1;SUMBAGSEL;PALEMBANG;UNT;AOi42606111043122980a6490;INC50902288;0;0;0
202608;AREA 1;SUMBAGSEL;PALEMBANG;MPA;AOi42606300217372691d9550;INC50940368;0;0;0
202608;AREA 1;SUMBAGUT;PADANG SIDEMPUAN;PYB;AOi42605311010329032c9d60;INC50907445;0;0;0
202608;AREA 1;SUMBAGUT;WESTERN MEDAN;KGH;AOi4260626104510356bebb70;INC50908749;0;0;0
202608;AREA 1;SUMBAGTENG;BUKIT TINGGI;MIN;AOi42606110301275342e62c0;INC50909245;0;0;0
202608;AREA 1;SUMBAGUT;RANTAU PRAPAT;KPI;AOi4260612102704699d254f0;INC50910101;0;0;0
202608;AREA 1;SUMBAGUT;BANDA ACEH;GEU;AOi4260608051559474bb7730;INC51846171;0;0;0
202608;AREA 1;SUMBAGUT;PEMATANG SIANTAR;LBK;AOs3260615013032824b57870;INC50913136;0;0;0
202608;AREA 1;SUMBAGUT;RANTAU PRAPAT;KPI;AOi42606120554141371a6b60;INC50916559;0;0;0
202608;AREA 1;SUMBAGUT;PEMATANG SIANTAR;PER;AOi4260617114416255abdb60;INC51672831;0;0;0
202608;AREA 1;SUMBAGUT;PADANG SIDEMPUAN;SIB;AOi4260616115930252c46910;INC50920496;0;0;0
202608;AREA 1;SUMBAGUT;PEMATANG SIANTAR;TBT;AOk4260603025403045a94e60;INC50920818;0;0;0
202608;AREA 1;SUMBAGSEL;JAMBI;PAP;AOi4260620023047546927ed0;INC50921604;0;0;0
202608;AREA 1;SUMBAGSEL;PANGKAL PINANG;TJN;AOi4260628093608577e42770;INC50922145;0;0;0
202608;AREA 1;SUMBAGUT;CENTRAL MEDAN;TTG;AOi426062909313476862fa40;INC50922618;0;0;0
202608;AREA 1;SUMBAGSEL;PALEMBANG;BKS;AOi4260614094953852c42630;INC50923127;0;0;0
202608;AREA 1;SUMBAGUT;PEMATANG SIANTAR;TBT;AOi42606270231522404a6680;INC50923876;0;0;0
202608;AREA 1;SUMBAGTENG;PEKANBARU;RGT;AOi4260609114927373e747f0;INC51165514;0;0;0
202608;AREA 1;SUMBAGTENG;PEKANBARU;SOK;AOi4260624052421157648990;INC50924364;0;0;0
202608;AREA 1;SUMBAGUT;PADANG SIDEMPUAN;GST;AOi12606220429237306cc7c0;INC50924921;0;0;0
202608;AREA 1;SUMBAGSEL;LAMPUNG;KBI;AOi4260609060523047828650;INC50925018;0;0;0
202608;AREA 1;SUMBAGUT;WESTERN MEDAN;KGH;AOi4260610020352382a29930;INC50927300;0;0;0
202608;AREA 1;SUMBAGUT;PEMATANG SIANTAR;SDK;AOi4260629084248948a48680;INC50927414;0;0;1
202608;AREA 1;SUMBAGUT;BANDA ACEH;SGI;AOi42606020638204684d6190;INC50928842;0;0;0
202608;AREA 1;SUMBAGUT;PADANG SIDEMPUAN;SBG;AOi426060604155389842d280;INC51098563;0;0;0
202608;AREA 1;SUMBAGUT;BANDA ACEH;LTM;AOi42606210328519757b0d20;INC50938536;0;0;0
202608;AREA 1;SUMBAGUT;CENTRAL MEDAN;TJR;AOi426060911070180675c600;INC50939876;0;0;0
202608;AREA 1;SUMBAGUT;PEMATANG SIANTAR;BST;AOi4260608014555074853520;INC50940171;0;0;0
202608;AREA 1;SUMBAGUT;BANDA ACEH;KFR;AOi42606150523254859f7500;INC51801469;0;0;0
202608;AREA 1;SUMBAGUT;CENTRAL MEDAN;PUB;AOi42606110840249101c60d0;INC50943016;0;0;0
202608;AREA 1;SUMBAGUT;CENTRAL MEDAN;CTD;AOi1260613082202007b594d0;INC50943042;0;0;0
202608;AREA 1;SUMBAGTENG;PEKANBARU;MIS;AOi4260616124805802580250;INC50945976;0;0;0
202608;AREA 1;SUMBAGUT;PADANG SIDEMPUAN;SBG;AOk4260612080542761690660;INC50946555;0;0;0
202608;AREA 1;SUMBAGTENG;PADANG;PDC;AOi42606271127417766a1300;INC50947751;0;0;0
202608;AREA 1;SUMBAGTENG;PEKANBARU;ARK;AOi4260612053749714ee3f50;INC50949223;0;0;0
202608;AREA 1;SUMBAGUT;RANTAU PRAPAT;RAP;AOi42606300240064774aa7b0;INC50949754;0;0;0
202608;AREA 1;SUMBAGUT;WESTERN MEDAN;KSG;AOi4260605093613889a71010;INC50951633;0;0;0
202608;AREA 1;SUMBAGSEL;JAMBI;BKO;AOi426061808082170164bbf0;INC50952588;0;0;1
202608;AREA 1;SUMBAGTENG;PADANG;PDC;AOi42606250719098391cbf90;INC51427360;0;0;0
202608;AREA 1;SUMBAGUT;BANDA ACEH;SMM;AOi4260619075033324996430;INC50956582;0;0;0
202608;AREA 1;SUMBAGUT;WESTERN MEDAN;BJI;AOi42606260829364222b0910;INC50956924;0;0;0
202608;AREA 1;SUMBAGUT;PADANG SIDEMPUAN;PSP;AOi4260609074320932187130;INC50961529;0;0;0
202608;AREA 1;SUMBAGUT;BANDA ACEH;MBO;AOi4260630110917328f7a3a0;INC50962298;0;0;0
202608;AREA 1;SUMBAGUT;CENTRAL MEDAN;CTD;AOi4260611083057934b9bd40;INC50965592;0;0;0
202608;AREA 1;SUMBAGSEL;PANGKAL PINANG;PGP;AOi1260628015234287551bf0;INC50969798;0;0;0
202608;AREA 1;SUMBAGUT;CENTRAL MEDAN;TJM;AOi426061502013201898bb50;INC50972462;0;0;0
202608;AREA 1;SUMBAGUT;WESTERN MEDAN;PBD;AOi4260615062022090899eb0;INC50972569;0;0;1
202608;AREA 1;SUMBAGUT;RANTAU PRAPAT;TJB;AOi4260606115626636db5ce0;INC50972806;0;0;0
202608;AREA 1;SUMBAGUT;WESTERN MEDAN;STB;AOi4260616011306461cd5920;INC50972884;0;0;0
202608;AREA 1;SUMBAGSEL;JAMBI;JMB;AOi42606220516212463d2680;INC50975115;0;0;0
202608;AREA 1;SUMBAGUT;PEMATANG SIANTAR;RBM;AOi4260602051842694a44500;INC50975350;0;0;0
202608;AREA 1;SUMBAGSEL;LAMPUNG;TJK;AOi42606271052402586b8080;INC50977751;0;0;0
202608;AREA 1;SUMBAGUT;WESTERN MEDAN;KSG;AOi4260608091130813b66000;INC51176661;0;0;0
202608;AREA 1;SUMBAGTENG;BUKIT TINGGI;BKT;AOi42606060804400718a2980;INC50978021;0;0;0
202608;AREA 1;SUMBAGUT;PADANG SIDEMPUAN;PYB;AOi4260625054152819459520;INC50978147;0;0;1
202608;AREA 1;SUMBAGSEL;PANGKAL PINANG;PGP;AOi42606020942376930589e0;INC50979509;0;0;0
202608;AREA 1;SUMBAGUT;BANDA ACEH;GEU;AOi4260612030919273189120;INC50980447;0;0;0
202608;AREA 1;SUMBAGUT;BANDA ACEH;TKN;AOi42606020452217658f06d0;INC50984135;0;0;0
202608;AREA 1;SUMBAGUT;PADANG SIDEMPUAN;PND;AOi42606200548027409a6330;INC50986274;0;0;0
202608;AREA 1;SUMBAGUT;CENTRAL MEDAN;TJM;AOi4260616074707085203340;INC50987893;0;0;0
202608;AREA 1;SUMBAGUT;WESTERN MEDAN;LSK;AOs32606161100176700f97c0;INC50992620;0;0;0
202608;AREA 1;SUMBAGUT;WESTERN MEDAN;KGH;AOs3260604115346514bb68c0;INC50995525;0;0;0
202608;AREA 1;SUMBAGUT;CENTRAL MEDAN;SKI;AOi4260605101317595559660;INC51083225;0;0;0
202608;AREA 1;SUMBAGUT;PEMATANG SIANTAR;PMY;AOi4260601010823182125010;INC50996735;0;0;0
202608;AREA 1;SUMBAGTENG;PADANG;SGD;AOi4260615031138239eb51b0;INC50998246;0;0;0
202608;AREA 1;SUMBAGTENG;PEKANBARU;SGT;AOk426061511153840514ad30;INC50998873;0;0;1
202608;AREA 1;SUMBAGTENG;BUKIT TINGGI;PAM;AOi4260629022451405c4a800;INC51001062;0;0;0
202608;AREA 1;SUMBAGUT;BANDA ACEH;JRM;AOi42606260234109266e4340;INC51002043;0;0;1
202608;AREA 1;SUMBAGTENG;BATAM;SLU;AOs3260604081907884c6fe70;INC51003824;0;0;0
202608;AREA 1;SUMBAGUT;CENTRAL MEDAN;TJM;AOi426061105520322163a280;INC51004542;0;0;0
202608;AREA 1;SUMBAGTENG;BATAM;LBJ;AOi12606211030562281fafd0;INC51005382;0;0;0
202608;AREA 1;SUMBAGUT;CENTRAL MEDAN;MDC;AOs32606291042068277f47e0;INC51008710;0;0;0
202608;AREA 1;SUMBAGUT;CENTRAL MEDAN;CTD;AOi4260610045025390c60750;INC51009713;0;0;0
202608;AREA 1;SUMBAGSEL;PANGKAL PINANG;TJN;AOk4260622082301969d13750;INC51012333;0;0;0
202608;AREA 1;SUMBAGUT;BANDA ACEH;LBR;AOi42606290322008322f4c60;INC51013685;0;0;0
202608;AREA 1;SUMBAGUT;BANDA ACEH;GEU;AOi4260612021020558662110;INC51014046;0;0;0
202608;AREA 1;SUMBAGTENG;PADANG;PDC;AOi1260628095158230a100a0;INC51014328;0;0;0
202608;AREA 1;SUMBAGSEL;PANGKAL PINANG;TJN;AOi4260628093738775385b20;INC51014423;0;0;0
202608;AREA 1;SUMBAGSEL;LAMPUNG;KLR;AOi42606120614017724a0700;INC51014723;0;0;0
202608;AREA 1;SUMBAGUT;BANDA ACEH;GEU;AOi4260613032751337998360;INC51014870;0;0;0
202608;AREA 1;SUMBAGTENG;BUKIT TINGGI;PAM;AOi42606020650118060df450;INC51015776;0;0;0
202608;AREA 1;SUMBAGTENG;BUKIT TINGGI;PYK;AOi42606090756534751ed550;INC51016243;0;0;0
202608;AREA 1;SUMBAGUT;WESTERN MEDAN;LGS;AOi4260603045839712bcdb20;INC51020649;0;0;0
202608;AREA 1;SUMBAGUT;WESTERN MEDAN;KGH;AOi42606130242267298e74a0;INC51023832;0;0;0
202608;AREA 1;SUMBAGUT;RANTAU PRAPAT;KIS;AOk4260622082119659bf7120;INC51023889;0;0;0
202608;AREA 1;SUMBAGSEL;PANGKAL PINANG;TJN;AOi4260610055305274b7f5d0;INC51025517;0;0;0
202608;AREA 1;SUMBAGUT;BANDA ACEH;DAR;AOi4260531043348097cbbc30;INC51025914;0;0;0
202608;AREA 1;SUMBAGUT;WESTERN MEDAN;BJI;AOi42606280837126480ef950;INC51848693;0;0;0
202608;AREA 1;SUMBAGUT;CENTRAL MEDAN;SPM;AOb0260626050350218faafb0;INC51030597;0;0;0
202608;AREA 1;SUMBAGUT;RANTAU PRAPAT;RAP;AOi126061110155344622e330;INC51039537;0;0;0
202608;AREA 1;SUMBAGUT;BANDA ACEH;GEU;AOi4260618092517584d294c0;INC51039660;0;0;0
202608;AREA 1;SUMBAGUT;BANDA ACEH;LTM;AOi42606110414233523a4d60;INC51040465;0;0;0
202608;AREA 1;SUMBAGSEL;BENGKULU;KPH;AOi4260625012158536346ef0;INC51041047;0;0;0
202608;AREA 1;SUMBAGSEL;LAMPUNG;KBI;AOi4260604092010205f8cc90;INC51042033;0;0;0
202608;AREA 1;SUMBAGUT;CENTRAL MEDAN;TJR;AOi42606080309094478f3a60;INC51042745;0;0;0
202608;AREA 1;SUMBAGUT;CENTRAL MEDAN;LBP;AOk4260602014112360967d30;INC51042820;0;0;0
202608;AREA 1;SUMBAGSEL;BENGKULU;PDW;AOi126061402454746696d5e0;INC51043885;0;0;0
202608;AREA 1;SUMBAGUT;WESTERN MEDAN;STB;AOi426062202073488176b5a0;INC51044450;0;0;0
202608;AREA 1;SUMBAGUT;PEMATANG SIANTAR;PDN;AOi4260609115042887f31ec0;INC51044859;0;0;0
202608;AREA 1;SUMBAGUT;CENTRAL MEDAN;CTD;AOi4260531011119906cf15f0;INC51047170;0;0;0
202608;AREA 1;SUMBAGUT;CENTRAL MEDAN;TJR;AOi4260625042851725ed7400;INC51047894;0;0;0
202608;AREA 1;SUMBAGTENG;PADANG;SGD;AOi4260624025635047e2d8a0;INC51048054;0;0;0
202608;AREA 1;SUMBAGUT;PADANG SIDEMPUAN;PSP;AOi42606181136475503a4e90;INC51050044;0;0;0
202608;AREA 1;SUMBAGSEL;PANGKAL PINANG;TJN;AOs3260618100102330a46b00;INC51050245;0;0;0
202608;AREA 1;SUMBAGSEL;JAMBI;MAB;AOi4260604032856309f10970;INC51050726;0;0;1
202608;AREA 1;SUMBAGTENG;BUKIT TINGGI;SPE;AOi42606100128189054bc750;INC51423640;0;0;0
202608;AREA 1;SUMBAGUT;PEMATANG SIANTAR;SRA;AOi42606140924489628d9b90;INC51052664;0;0;0
202608;AREA 1;SUMBAGSEL;LAMPUNG;PJN;AOi4260602023605387751de0;INC51054161;0;0;0
202608;AREA 1;SUMBAGUT;CENTRAL MEDAN;CTD;AOi4260605103146365dcee60;INC51056126;0;0;0
202608;AREA 1;SUMBAGUT;BANDA ACEH;JRM;AOi426062901092021950d580;INC51056536;0;0;0
202608;AREA 1;SUMBAGUT;PEMATANG SIANTAR;PMS;AOs326062111335207464f910;INC51057642;0;0;0
202608;AREA 1;SUMBAGTENG;PEKANBARU;PBB;AOi426062301503156082ad80;INC51060125;0;0;0
202608;AREA 1;SUMBAGTENG;DUMAI;BKN;AOi4260621021635654572090;INC51063067;0;0;0
202608;AREA 1;SUMBAGUT;CENTRAL MEDAN;TMU;AOi4260623085950744da8f90;INC51063229;0;0;0
202608;AREA 1;SUMBAGTENG;BATAM;LBJ;AOi4260603043622345a2e870;INC51066389;0;0;0
202608;AREA 1;SUMBAGTENG;PEKANBARU;ARK;AOi12606140514527744d57d0;INC51068641;0;0;0
202608;AREA 1;SUMBAGUT;CENTRAL MEDAN;BLW;AOi126060802401191775f360;INC51070830;0;0;0
202608;AREA 1;SUMBAGSEL;PALEMBANG;BKS;AOk42606290945575618ffbd0;INC51072283;0;0;0
202608;AREA 1;SUMBAGTENG;PADANG;PDC;AOi4260603071835511a1a120;INC51073153;0;0;0
202608;AREA 1;SUMBAGSEL;BENGKULU;BNC;AOi4260621043302464c464f0;INC51073775;0;0;0
202608;AREA 1;SUMBAGTENG;PADANG;SLK;AOi4260602060255272ea6a90;INC51076975;0;0;0
202608;AREA 1;SUMBAGUT;CENTRAL MEDAN;TJR;AOi4260626100245492ff8f40;INC51077367;0;0;0
202608;AREA 1;SUMBAGUT;CENTRAL MEDAN;PUB;AOi4260601112919328c7d6c0;INC51080289;0;0;0
202608;AREA 1;SUMBAGUT;CENTRAL MEDAN;SPM;AOi42606301112282109c3300;INC51080863;0;0;0
202608;AREA 1;SUMBAGUT;CENTRAL MEDAN;TJR;AOi4260629094522497167c80;INC51080912;0;0;0
202608;AREA 1;SUMBAGUT;WESTERN MEDAN;KSG;AOi426060908251829475b810;INC51081228;0;0;0
202608;AREA 1;SUMBAGUT;CENTRAL MEDAN;TJR;AOs3260605110316003416ce0;INC51083156;0;0;0
202608;AREA 1;SUMBAGUT;WESTERN MEDAN;LSM;AOi426062302341910360e4e0;INC51086425;0;0;0
202608;AREA 1;SUMBAGSEL;LAMPUNG;KDT;AOi4260616124302445dc4d90;INC51088104;0;0;0
202608;AREA 1;SUMBAGUT;WESTERN MEDAN;BJI;AOi42606080606224999694d0;INC51089518;0;0;0
202608;AREA 1;SUMBAGUT;WESTERN MEDAN;MKL;AOi4260615112849600c07130;INC51093937;0;0;0
202608;AREA 1;SUMBAGUT;PADANG SIDEMPUAN;PSP;AOi42606060452213921251d0;INC51094059;0;0;0
202608;AREA 1;SUMBAGUT;WESTERN MEDAN;LSM;AOi4260608052257109064c00;INC51096930;0;0;0
202608;AREA 1;SUMBAGUT;CENTRAL MEDAN;CTD;AOi42606190238298384c7210;INC51097502;0;0;0
202608;AREA 1;SUMBAGUT;CENTRAL MEDAN;TJR;AOi42606230406561048bba50;INC51099558;0;0;0
202608;AREA 1;SUMBAGUT;CENTRAL MEDAN;TJR;AOk4260620124726492149da0;INC51101192;0;0;0
202608;AREA 1;SUMBAGUT;CENTRAL MEDAN;TJR;AOi4260609021607182b6ea30;INC51103623;0;0;0
202608;AREA 1;SUMBAGTENG;BUKIT TINGGI;KNL;AOi4260601111822939a814e0;INC51381810;0;0;0
202608;AREA 1;SUMBAGUT;CENTRAL MEDAN;CTD;AOi42606220635349129a50e0;INC51106672;0;0;0
202608;AREA 1;SUMBAGUT;CENTRAL MEDAN;CTD;AOi4260530035950696a53400;INC51108649;0;0;0
202608;AREA 1;SUMBAGUT;PEMATANG SIANTAR;KBJ;AOs326062611113042715dd60;INC51111226;0;0;0
202608;AREA 1;SUMBAGTENG;DUMAI;UBT;AOi42606280804408321615d0;INC51111265;0;0;0
202608;AREA 1;SUMBAGUT;CENTRAL MEDAN;PDB;AOi4260614035520873e9d780;INC51112077;0;0;0
202608;AREA 1;SUMBAGUT;BANDA ACEH;DAR;AOi4260605051858191a2b9b0;INC51114304;0;0;0
202608;AREA 1;SUMBAGTENG;BUKIT TINGGI;PRS;AOi42606241034404125d7280;INC51114448;0;0;0
202608;AREA 1;SUMBAGTENG;BATAM;SLU;AOi426061105020821375e9a0;INC51126369;0;0;0
202608;AREA 1;SUMBAGUT;WESTERN MEDAN;PRL;AOk4260623114007750e96a90;INC51129099;0;0;0
202608;AREA 1;SUMBAGTENG;PADANG;LIM;AOi4260612093140339770950;INC51131213;0;0;0
202608;AREA 1;SUMBAGTENG;PEKANBARU;PBB;AOs3260629081408546b6d510;INC51132088;0;0;0
202608;AREA 1;SUMBAGUT;CENTRAL MEDAN;SPM;AOi4260609114648966ec03c0;INC51132112;0;0;0
202608;AREA 1;SUMBAGSEL;PANGKAL PINANG;PGP;AOi4260609010528930615390;INC51132394;0;0;0
202608;AREA 1;SUMBAGUT;PEMATANG SIANTAR;PMS;AOi426060311135785289e100;INC51132674;0;0;0
202608;AREA 1;SUMBAGUT;BANDA ACEH;GEU;AOi4260611024951223b17e10;INC51134564;0;0;0
202608;AREA 1;SUMBAGTENG;BUKIT TINGGI;BSK;AOi12606220112053475212b0;INC51138947;0;0;0
202608;AREA 1;SUMBAGUT;BANDA ACEH;DAR;AOi42606010409342969e91f0;INC51140998;0;0;0
202608;AREA 1;SUMBAGUT;CENTRAL MEDAN;CTD;AOi426061812325508819e140;INC51142196;0;0;0
202608;AREA 1;SUMBAGUT;RANTAU PRAPAT;ANP;AOi4260629110953759e0df10;INC51142625;0;0;1
202608;AREA 1;SUMBAGUT;PADANG SIDEMPUAN;PND;AOi4260617022225203342030;INC51157824;0;0;0
202608;AREA 1;SUMBAGUT;PEMATANG SIANTAR;KBJ;AOi1260602040812626ea9340;INC51162423;0;0;0
202608;AREA 1;SUMBAGUT;RANTAU PRAPAT;RAP;AOk4260605012326497791690;INC51164617;0;0;0
202608;AREA 1;SUMBAGUT;PEMATANG SIANTAR;KBJ;AOi426061811085171745c860;INC51165289;0;0;0
202608;AREA 1;SUMBAGUT;BANDA ACEH;BNN;AOi42606140400472633fafc0;INC51166527;0;0;0
202608;AREA 1;SUMBAGUT;CENTRAL MEDAN;CTD;AOi4260619121239018c5dec0;INC51169212;0;0;0
202608;AREA 1;SUMBAGUT;BANDA ACEH;TKN;AOi4260613093251563c971c0;INC51169857;0;0;0
202608;AREA 1;SUMBAGUT;PEMATANG SIANTAR;SDK;AOs3260604094207877d49110;INC51170073;0;0;0
202608;AREA 1;SUMBAGUT;PEMATANG SIANTAR;SDK;AOi42606071110307029b8d90;INC51173857;0;0;0
202608;AREA 1;SUMBAGSEL;PANGKAL PINANG;PGP;AOi42606241207068698851a0;INC51174168;0;0;0
202608;AREA 1;SUMBAGUT;RANTAU PRAPAT;TJB;AOi4260604122428497c569c0;INC51174245;0;0;0
202608;AREA 1;SUMBAGSEL;PANGKAL PINANG;PGP;AOi4260608051144659759ec0;INC51175978;0;0;0
202608;AREA 1;SUMBAGSEL;PALEMBANG;SBU;AOi4260617110842998374a40;INC51176160;0;0;0
202608;AREA 1;SUMBAGUT;BANDA ACEH;TKN;AOi42606101114349163360c0;INC51177101;0;0;0
202608;AREA 1;SUMBAGUT;BANDA ACEH;BIR;AOi42606260847522101523c0;INC51177341;0;0;0
202608;AREA 1;SUMBAGUT;CENTRAL MEDAN;LBP;AOi426062211360950983fc80;INC51177857;0;0;0
202608;AREA 1;SUMBAGUT;CENTRAL MEDAN;TJR;AOs32606160118181858d6dc0;INC51177875;0;0;0
202608;AREA 1;SUMBAGTENG;BUKIT TINGGI;LBB;AOi4260625051949801117670;INC51178545;0;0;0
202608;AREA 1;SUMBAGTENG;PEKANBARU;PKR;AOi4260612072737392a6f340;INC51178861;0;0;0
202608;AREA 1;SUMBAGSEL;PANGKAL PINANG;TJN;AOi4260626013835512f783e0;INC51180026;0;0;0
202608;AREA 1;SUMBAGUT;CENTRAL MEDAN;TMU;AOi42606220245381238f3d10;INC51185778;0;0;0
202608;AREA 1;SUMBAGTENG;PADANG;PDC;AOi42606251002227632ff8a0;INC51186709;0;0;0
202608;AREA 1;SUMBAGUT;BANDA ACEH;LBR;AOi426061910481057544ca50;INC51189451;0;0;0
202608;AREA 1;SUMBAGUT;RANTAU PRAPAT;KPI;AOk4260623103016160fc9b90;INC51191388;0;0;1
202608;AREA 1;SUMBAGUT;BANDA ACEH;MBO;AOi4260603034345684d10460;INC51192254;0;0;0
202608;AREA 1;SUMBAGSEL;PALEMBANG;PBM;AOi4260616091015465f7e250;INC51195655;0;0;0
202608;AREA 1;SUMBAGUT;PEMATANG SIANTAR;TBT;AOi426062205390954695f030;INC51201613;0;0;0
202608;AREA 1;SUMBAGUT;PEMATANG SIANTAR;SDK;AOs3260602025057013642f80;INC51202049;0;0;1
202608;AREA 1;SUMBAGUT;WESTERN MEDAN;KSG;AOi4260601101137517ccc500;INC51202101;0;0;0
202608;AREA 1;SUMBAGUT;CENTRAL MEDAN;BLW;AOi4260615022342692ace9b0;INC51205415;0;0;0
202608;AREA 1;SUMBAGUT;CENTRAL MEDAN;CTD;AOs326062309494045339e650;INC51209160;0;0;0
202608;AREA 1;SUMBAGUT;CENTRAL MEDAN;SPM;AOi4260629095944168acf580;INC51209350;0;0;0
202608;AREA 1;SUMBAGUT;BANDA ACEH;BNN;AOi4260626094205085a93740;INC51209885;0;0;0
202608;AREA 1;SUMBAGUT;BANDA ACEH;DAR;AOi42606111020363268cba30;INC51210436;0;0;0
202608;AREA 1;SUMBAGTENG;PADANG;TLN;AOi4260620062449956cbfe00;INC51210900;0;0;0
202608;AREA 1;SUMBAGUT;RANTAU PRAPAT;RAP;AOi42606220846033141492e0;INC51211453;0;0;0
202608;AREA 1;SUMBAGUT;PEMATANG SIANTAR;KBJ;AOi4260618022309139fc5e90;INC51213020;0;0;0
202608;AREA 1;SUMBAGTENG;BUKIT TINGGI;TKU;AOi42606030157034068d8ba0;INC51216601;0;0;0
202608;AREA 1;SUMBAGUT;PADANG SIDEMPUAN;SBG;AOs3260617112538548b25760;INC51676930;0;0;0
202608;AREA 1;SUMBAGUT;BANDA ACEH;LTM;AOi4260612042610399169e80;INC51217962;0;0;0
202608;AREA 1;SUMBAGUT;PADANG SIDEMPUAN;SBG;AOk426062610592893477fbd0;INC51382897;0;0;0
202608;AREA 1;SUMBAGSEL;BENGKULU;LHT;AOi42606111147448444574b0;INC51222483;0;0;0
202608;AREA 1;SUMBAGUT;WESTERN MEDAN;PRL;AOi426062304413160872d290;INC51224605;0;0;0
202608;AREA 1;SUMBAGUT;CENTRAL MEDAN;BLW;AOi4260619091023945362ff0;INC51225470;0;0;0
202608;AREA 1;SUMBAGSEL;LAMPUNG;SPS;AOi4260602043816248720cf0;INC51226422;0;0;0
202608;AREA 1;SUMBAGTENG;PEKANBARU;PWG;PDAk4260629094652361916240;INC51227916;0;0;0
202608;AREA 1;SUMBAGUT;BANDA ACEH;BIR;AOi4260627043900784444860;INC51228172;0;0;0
202608;AREA 1;SUMBAGUT;PEMATANG SIANTAR;KBJ;AOi4260603094929619791c20;INC51235065;0;0;0
202608;AREA 1;SUMBAGUT;WESTERN MEDAN;LGS;AOi4260609083353251a98590;INC51238154;0;0;0
202608;AREA 1;SUMBAGUT;CENTRAL MEDAN;TJR;AOi42606010551346163c4190;INC51242532;0;0;0
202608;AREA 1;SUMBAGUT;CENTRAL MEDAN;TJR;AOi4260607103905646fcbfa0;INC51242551;0;0;0
202608;AREA 1;SUMBAGSEL;PALEMBANG;PLJ;AOi4260607101501521ebb270;INC51245482;0;0;0
202608;AREA 1;SUMBAGUT;CENTRAL MEDAN;PUB;AOs3260624110405657626680;INC51266803;0;0;0
202608;AREA 1;SUMBAGUT;RANTAU PRAPAT;RAP;AOi42606130454254858edee0;INC51267578;0;0;0
202608;AREA 1;SUMBAGTENG;PADANG;BGS;AOi42606100155179432429d0;INC51557259;0;0;0
202608;AREA 1;SUMBAGUT;CENTRAL MEDAN;TMU;AOi4260624060534944afbb30;INC51268676;0;0;0
202608;AREA 1;SUMBAGTENG;PEKANBARU;BKR;AOi4260626033339621a6a730;INC51271790;0;0;0
202608;AREA 1;SUMBAGTENG;BUKIT TINGGI;BKT;AOk42606080436169096779c0;INC51273635;0;0;0
202608;AREA 1;SUMBAGUT;WESTERN MEDAN;KSG;AOi42606031245524863a8350;INC51276955;0;0;0
202608;AREA 1;SUMBAGUT;BANDA ACEH;SGI;AOi42606260501438796edd50;INC51280904;0;0;0
202608;AREA 1;SUMBAGTENG;PEKANBARU;BKR;AOi4260531072111213ce9960;INC51282340;0;0;0
202608;AREA 1;SUMBAGUT;WESTERN MEDAN;LGS;AOi4260619121026284d78ef0;INC51282601;0;0;0
202608;AREA 1;SUMBAGUT;WESTERN MEDAN;STB;AOi42606170732134426e90c0;INC51282837;0;0;0
202608;AREA 1;SUMBAGUT;RANTAU PRAPAT;ANP;AOi4260601024621946dcf200;INC51283194;0;0;1
202608;AREA 1;SUMBAGUT;WESTERN MEDAN;STB;AOi4260611090922365851220;INC51283284;0;0;0
202608;AREA 1;SUMBAGTENG;PEKANBARU;BKR;AOi42606080655191749966b0;INC51284028;0;0;0
202608;AREA 1;SUMBAGUT;CENTRAL MEDAN;MDC;AOi4260615104537409c03170;INC51284513;0;0;0
202608;AREA 1;SUMBAGUT;BANDA ACEH;SUS;AOk42606181146596147636a0;INC51288267;0;0;1
202608;AREA 1;SUMBAGSEL;BENGKULU;BNC;AOi426060310421725837a510;INC51289089;0;0;0
202608;AREA 1;SUMBAGTENG;BATAM;KMS;AOi4260601014424018554260;INC51291064;0;0;0
202608;AREA 1;SUMBAGUT;PADANG SIDEMPUAN;PYB;AOi4260625063231769640150;INC51291097;0;0;1
202608;AREA 1;SUMBAGTENG;BUKIT TINGGI;SPE;AOk4260626111006680d9e8b0;INC51291262;0;0;0
202608;AREA 1;SUMBAGUT;BANDA ACEH;JRM;AOi4260624112259974e79ed0;INC51292616;0;0;0
202608;AREA 1;SUMBAGUT;RANTAU PRAPAT;RAP;AOs3260610111059251c64eb0;INC51293754;0;0;0
202608;AREA 1;SUMBAGUT;BANDA ACEH;BKJ;AOi4260618015437943c7bd80;INC51294407;0;0;0
202608;AREA 1;SUMBAGUT;PEMATANG SIANTAR;IDA;AOi42606090424143809608d0;INC51295460;0;0;0
202608;AREA 1;SUMBAGUT;CENTRAL MEDAN;TJM;AOi4260625080448301d99520;INC52059252;0;0;0
202608;AREA 1;SUMBAGUT;CENTRAL MEDAN;CTD;AOi42606220223401055e1c50;INC51296715;0;0;0
202608;AREA 1;SUMBAGSEL;PANGKAL PINANG;BYU;AOi4260622073953062d87e40;INC51296870;0;0;0
202608;AREA 1;SUMBAGUT;CENTRAL MEDAN;DLT;AOi4260613124505241c15c30;INC51298374;0;0;0
202608;AREA 1;SUMBAGUT;BANDA ACEH;JRM;AOi4260530101842008ce6600;INC51300143;0;0;0
202608;AREA 1;SUMBAGTENG;PADANG;SLK;AOi42606151124063301381a0;INC51300531;0;0;0
202608;AREA 1;SUMBAGUT;WESTERN MEDAN;TJP;AOi426062607190755487e0d0;INC51302050;0;0;0
202608;AREA 1;SUMBAGUT;BANDA ACEH;TKN;AOi4260621085949389268e50;INC51303091;0;0;0
202608;AREA 1;SUMBAGUT;CENTRAL MEDAN;CTD;AOi42606101140143002cf030;INC51303676;0;0;0
202608;AREA 1;SUMBAGUT;PADANG SIDEMPUAN;PND;AOi4260615064745032ecbc40;INC51304847;0;0;0
202608;AREA 1;SUMBAGSEL;PALEMBANG;PLJ;AOi42606161019197583b1800;INC51313926;0;0;0
202608;AREA 1;SUMBAGTENG;BUKIT TINGGI;KNL;AOi42606071246382715d7820;INC51318867;0;0;0
202608;AREA 1;SUMBAGTENG;BUKIT TINGGI;LBB;AOi4260615031600699efc9d0;INC51321818;0;0;0
202608;AREA 1;SUMBAGSEL;LAMPUNG;TJK;AOi42606110216155960021c0;INC51323214;0;0;0
202608;AREA 1;SUMBAGUT;RANTAU PRAPAT;RAP;AOi426061706163795670c010;INC51328866;0;0;0
202608;AREA 1;SUMBAGUT;CENTRAL MEDAN;PUB;AOi4260607093747426330c20;INC51385100;0;0;0
202608;AREA 1;SUMBAGUT;RANTAU PRAPAT;RAP;AOi4260626045832641f2d550;INC51331766;0;0;0
202608;AREA 1;SUMBAGTENG;PEKANBARU;ARK;AOi42606300440515392904a0;INC51555335;0;0;0
202608;AREA 1;SUMBAGUT;WESTERN MEDAN;BJI;AOi42606270326349453b5d00;INC51333142;0;0;0
202608;AREA 1;SUMBAGSEL;PANGKAL PINANG;PGP;AOi42606270923104727adf30;INC51334017;0;0;0
202608;AREA 1;SUMBAGUT;PADANG SIDEMPUAN;SBG;AOi42606280114471576a0d70;INC51334827;0;0;0
202608;AREA 1;SUMBAGUT;WESTERN MEDAN;TJP;AOi4260602022902054fe85a0;INC51343026;0;0;0
202608;AREA 1;SUMBAGTENG;PADANG;TLB;AOi4260606065317662f21be0;INC51351190;0;0;0
202608;AREA 1;SUMBAGUT;PADANG SIDEMPUAN;GST;AOi4260615065450156ffcc70;INC51816964;0;0;0
202608;AREA 1;SUMBAGUT;BANDA ACEH;BIR;AOs3260605085436189a06470;INC51351679;0;0;0
202608;AREA 1;SUMBAGUT;WESTERN MEDAN;BJI;AOi42606171009499715e2410;INC51351717;0;0;0
202608;AREA 1;SUMBAGTENG;PADANG;TLB;AOi4260606064902834e87d10;INC51351884;0;0;0
202608;AREA 1;SUMBAGUT;PADANG SIDEMPUAN;TUK;AOi4260622113602530023d80;INC51352288;0;0;0
202608;AREA 1;SUMBAGUT;BANDA ACEH;LBR;AOi426061907572437412eb80;INC51352304;0;0;0
202608;AREA 1;SUMBAGTENG;BUKIT TINGGI;KNL;AOi42606270841296794c5830;INC52406529;0;0;0
202608;AREA 1;SUMBAGUT;PEMATANG SIANTAR;TBT;AOi42606230454546281a2860;INC51357358;0;0;0
202608;AREA 1;SUMBAGUT;PEMATANG SIANTAR;PMY;AOi4260622023947608f047c0;INC51360565;0;0;0
202608;AREA 1;SUMBAGUT;BANDA ACEH;DAR;AOs32606221050451728d6ad0;INC51362105;0;0;0
202608;AREA 1;SUMBAGTENG;BUKIT TINGGI;LBB;AOi42606130920595102fc800;INC51363246;0;0;0
202608;AREA 1;SUMBAGUT;PADANG SIDEMPUAN;PYB;AOi42606111225234722d1fc0;INC51363497;0;0;0
202608;AREA 1;SUMBAGUT;CENTRAL MEDAN;TJR;AOs3260623100202449eb78d0;INC51364610;0;0;0
202608;AREA 1;SUMBAGTENG;BUKIT TINGGI;LBS;AOi12606030135410404155e0;INC51366214;0;0;0
202608;AREA 1;SUMBAGTENG;PADANG;PDC;AOi12606290801151478ce7a0;INC51366248;0;0;0
202608;AREA 1;SUMBAGUT;WESTERN MEDAN;PBD;AOi4260606053226015b4c8e0;INC51367852;0;0;1
202608;AREA 1;SUMBAGUT;BANDA ACEH;TKN;AOi4260614100201830d50f90;INC51369343;0;0;0
202608;AREA 1;SUMBAGUT;BANDA ACEH;DAR;AOi426062910471079405f0c0;INC51371043;0;0;0
202608;AREA 1;SUMBAGUT;BANDA ACEH;LBR;AOi4260618035141950385ce0;INC51371183;0;0;0
202608;AREA 1;SUMBAGUT;CENTRAL MEDAN;CTD;AOi42606270243505963a0340;INC51371283;0;0;0
202608;AREA 1;SUMBAGSEL;PALEMBANG;BKS;AOk42606251217290122cc5d0;INC51375850;0;0;0
202608;AREA 1;SUMBAGTENG;PEKANBARU;MIS;AOi4260602123952984308b50;INC51378002;0;0;0
202608;AREA 1;SUMBAGUT;CENTRAL MEDAN;CTD;AOk4260624035907148025f80;INC51378375;0;0;0
202608;AREA 1;SUMBAGUT;CENTRAL MEDAN;CTD;AOs326061610092093992e210;INC51383919;0;0;0
202608;AREA 1;SUMBAGUT;BANDA ACEH;BPD;AOi426062001220670944d370;INC51389913;0;0;0
202608;AREA 1;SUMBAGUT;PEMATANG SIANTAR;PMS;AOi42606040346324249bb3f0;INC51391469;0;0;0
202608;AREA 1;SUMBAGUT;BANDA ACEH;LBR;AOi42606030849179045f8fa0;INC51400006;0;0;0
202608;AREA 1;SUMBAGUT;RANTAU PRAPAT;NGB;AOs3260624075151273c28e30;INC51401119;0;0;1
202608;AREA 1;SUMBAGSEL;PALEMBANG;MUB;AOi4260619052811708bf19e0;INC51405558;0;0;0
202608;AREA 1;SUMBAGUT;WESTERN MEDAN;BJI;AOi42606101154096368fd030;INC51405649;0;0;0
202608;AREA 1;SUMBAGTENG;PADANG;SLK;AOk42606100158051993118e0;INC51406754;0;0;0
202608;AREA 1;SUMBAGUT;CENTRAL MEDAN;PUB;AOi42606070117169193368d0;INC51406841;0;0;0
202608;AREA 1;SUMBAGUT;BANDA ACEH;LBR;AOi4260630022055601d3c410;INC51411672;0;0;0
202608;AREA 1;SUMBAGUT;CENTRAL MEDAN;TJR;AOi4260612072321715b208b0;INC51413307;0;0;0
202608;AREA 1;SUMBAGUT;WESTERN MEDAN;KSG;AOi4260615042535962d35830;INC51415550;0;0;0
202608;AREA 1;SUMBAGUT;RANTAU PRAPAT;TJB;AOi4260604012516102e8b330;INC51416109;0;0;0
202608;AREA 1;SUMBAGUT;PADANG SIDEMPUAN;PYB;AOi4260618025432846f4daa0;INC51420521;0;0;0
202608;AREA 1;SUMBAGUT;RANTAU PRAPAT;KIS;AOi4260615111637720b68490;INC51421255;0;0;0
202608;AREA 1;SUMBAGUT;RANTAU PRAPAT;NGB;AOi426060803032134468b670;INC51421788;0;0;0
202608;AREA 1;SUMBAGUT;BANDA ACEH;SLG;AOi4260626075818156fdfc90;INC51426600;0;0;0
202608;AREA 1;SUMBAGTENG;BATAM;SLU;AOi4260609110103183694540;INC51430168;0;0;0
202608;AREA 1;SUMBAGUT;PADANG SIDEMPUAN;SBG;AOi4260621050503765242800;INC51433709;0;0;0
202608;AREA 1;SUMBAGUT;BANDA ACEH;TKN;AOi426061701484836290ba80;INC51438133;0;0;1
202608;AREA 1;SUMBAGUT;PADANG SIDEMPUAN;SBG;AOi4260601030823638c10a50;INC51438355;0;0;0
202608;AREA 1;SUMBAGTENG;BUKIT TINGGI;BKT;AOi4260627012047356aa93f0;INC51442979;0;0;0
202608;AREA 1;SUMBAGUT;WESTERN MEDAN;LSK;AOi4260613120649558b55680;INC51443579;0;0;0
202608;AREA 1;SUMBAGUT;PADANG SIDEMPUAN;PND;AOi4260611080310847565420;INC51443776;0;0;0
202608;AREA 1;SUMBAGUT;WESTERN MEDAN;BJI;AOi4260606124410666e36ad0;INC51444673;0;0;0
202608;AREA 1;SUMBAGUT;CENTRAL MEDAN;TJR;AOi4260608094250401c5fbb0;INC51447308;0;0;0
202608;AREA 1;SUMBAGUT;RANTAU PRAPAT;ANR;AOi42606300336370136fb660;INC51450827;0;0;0
202608;AREA 1;SUMBAGUT;PEMATANG SIANTAR;KBJ;AOi4260617101651179a07380;INC51450974;0;0;0
202608;AREA 1;SUMBAGUT;BANDA ACEH;BPD;AOi42606050149025799ca3f0;INC51453063;0;0;0
202608;AREA 1;SUMBAGSEL;LAMPUNG;PJN;AOi4260604062519356831d40;INC51453491;0;0;0
202608;AREA 1;SUMBAGUT;BANDA ACEH;MBO;AOi42606210750587087d8870;INC51456772;0;0;0
202608;AREA 1;SUMBAGUT;CENTRAL MEDAN;TMU;AOi4260610115734794273850;INC51457590;0;0;0
202608;AREA 1;SUMBAGUT;BANDA ACEH;BNA;AOi42606280557086913a45c0;INC51458054;0;0;0
202608;AREA 1;SUMBAGSEL;BENGKULU;BNC;AOk4260629044553554fb2310;INC51459330;0;0;0
202608;AREA 1;SUMBAGUT;RANTAU PRAPAT;KIS;AOi4260601105515625fa3fb0;INC51460325;0;0;0
202608;AREA 1;SUMBAGTENG;DUMAI;DUM;AOi4260613105649815e09460;INC51460816;0;0;0
202608;AREA 1;SUMBAGTENG;PADANG;BDT;AOi42606091230084359703b0;INC51461714;0;0;0
202608;AREA 1;SUMBAGUT;CENTRAL MEDAN;MDC;AOi42606270934146644173f0;INC51461890;0;0;0
202608;AREA 1;SUMBAGUT;BANDA ACEH;SGI;AOi426061609292159941c980;INC51463936;0;0;0
202608;AREA 1;SUMBAGUT;CENTRAL MEDAN;DLT;AOi42606270835522718951f0;INC51464023;0;0;0
202608;AREA 1;SUMBAGUT;CENTRAL MEDAN;TJM;AOi42606291014550964e46c0;INC51464346;0;0;0
202608;AREA 1;SUMBAGSEL;BENGKULU;PDW;AOi4260606011457054643030;INC51465062;0;0;0
202608;AREA 1;SUMBAGTENG;PADANG;PDC;AOi4260617085603214d9e740;INC51466411;0;0;0
202608;AREA 1;SUMBAGTENG;BATAM;SLU;AOi4260610080549303c4b960;INC51468576;0;0;0
202608;AREA 1;SUMBAGUT;CENTRAL MEDAN;TJM;AOi42606040513567844293c0;INC51469915;0;0;0
202608;AREA 1;SUMBAGSEL;LAMPUNG;MGA;AOi42606230219385735639b0;INC51470102;0;0;0
202608;AREA 1;SUMBAGUT;PADANG SIDEMPUAN;GST;AOi4260625061007050ec6c10;INC51470318;0;0;1
202608;AREA 1;SUMBAGUT;CENTRAL MEDAN;CTD;AOi4260630123613403ba3200;INC51470817;0;0;0
202608;AREA 1;SUMBAGUT;CENTRAL MEDAN;CTD;AOi4260612104639220ef59d0;INC51471433;0;0;0
202608;AREA 1;SUMBAGUT;PEMATANG SIANTAR;PMS;AOi42606260542415816de500;INC51489104;0;0;0
202608;AREA 1;SUMBAGUT;PEMATANG SIANTAR;BST;AOi4260603042521815271c00;INC51490387;0;0;0
202608;AREA 1;SUMBAGTENG;PEKANBARU;AMK;AOi42606041021581882a02c0;INC51492609;0;0;0
202608;AREA 1;SUMBAGUT;PADANG SIDEMPUAN;BJE;AOi4260611110548873f1e5e0;INC51494899;0;0;0
202608;AREA 1;SUMBAGUT;PADANG SIDEMPUAN;PSP;AOi42606130330587054297e0;INC51500173;0;0;0
202608;AREA 1;SUMBAGTENG;PEKANBARU;SOK;AOi4260618020138469e5e060;INC51504610;0;0;0
202608;AREA 1;SUMBAGUT;BANDA ACEH;SGI;AOi42606221049084034e04e0;INC51505420;0;0;0
202608;AREA 1;SUMBAGSEL;BENGKULU;BNC;AOi4260613092545042a6f360;INC51506407;0;0;0
202608;AREA 1;SUMBAGTENG;BATAM;LBJ;AOi4260629015044785141760;INC51507144;0;0;0
202608;AREA 1;SUMBAGUT;CENTRAL MEDAN;CTD;AOi4260611095420954dd7280;INC51507580;0;0;0
202608;AREA 1;SUMBAGUT;WESTERN MEDAN;KSG;AOi4260609013456672a14b70;INC51511077;0;0;0
202608;AREA 1;SUMBAGUT;CENTRAL MEDAN;SKI;AOi42606271040200918ffb60;INC51512138;0;0;0
202608;AREA 1;SUMBAGUT;PADANG SIDEMPUAN;PND;AOi42606221119074968d4520;INC51512827;0;0;0
202608;AREA 1;SUMBAGUT;BANDA ACEH;SLG;AOi42606020859568885de690;INC51520544;0;0;0
202608;AREA 1;SUMBAGUT;BANDA ACEH;BNA;AOi4260608014003609a08140;INC51521791;0;0;0
202608;AREA 1;SUMBAGUT;BANDA ACEH;SGI;AOi42605310336377700791c0;INC51523809;0;0;0
202608;AREA 1;SUMBAGUT;CENTRAL MEDAN;TJR;AOi42606151050231481c5190;INC51524291;0;0;0
202608;AREA 1;SUMBAGUT;PADANG SIDEMPUAN;PSP;AOi4260621102807827346e10;INC51524724;0;0;0
202608;AREA 1;SUMBAGUT;BANDA ACEH;SGI;AOi42606251156157135ad1e0;INC51524927;0;0;0
202608;AREA 1;SUMBAGUT;BANDA ACEH;SUS;AOi42606220150396088c9310;INC51528066;0;0;0
202608;AREA 1;SUMBAGUT;PEMATANG SIANTAR;SBN;AOi4260626040837351fc5d40;INC51528241;0;0;0
202608;AREA 1;SUMBAGUT;CENTRAL MEDAN;TJM;AOi4260602063139193168000;INC51529806;0;0;0
202608;AREA 1;SUMBAGSEL;PALEMBANG;BTA;AOi426062105184494980b070;INC51536300;0;0;0
202608;AREA 1;SUMBAGUT;WESTERN MEDAN;IDI;AOi1260613120219234efec20;INC51538497;0;0;0
202608;AREA 1;SUMBAGUT;RANTAU PRAPAT;ANP;AOi4260618115600895cf20a0;INC51540018;0;0;1
202608;AREA 1;SUMBAGUT;PADANG SIDEMPUAN;PSP;AOi4260608013126234406150;INC51543310;0;0;0
202608;AREA 1;SUMBAGSEL;PANGKAL PINANG;TJN;AOi4260617090557628dd4320;INC51544972;0;0;0
202608;AREA 1;SUMBAGUT;PEMATANG SIANTAR;PSA;AOi4260603041541980ca9090;INC51545379;0;0;0
202608;AREA 1;SUMBAGUT;WESTERN MEDAN;KGH;AOi4260625021640941f0ab60;INC51551712;0;0;0
202608;AREA 1;SUMBAGSEL;PALEMBANG;BTA;AOi426061909100036401e910;INC51552035;0;0;0
202608;AREA 1;SUMBAGUT;BANDA ACEH;BNA;AOi4260612103853098b99ec0;INC51554702;0;0;0
202608;AREA 1;SUMBAGUT;BANDA ACEH;SGI;AOi4260618011555994d0d970;INC51555117;0;0;0
202608;AREA 1;SUMBAGSEL;PANGKAL PINANG;TJN;AOi42606191159558001119e0;INC51555696;0;0;0
202608;AREA 1;SUMBAGSEL;LAMPUNG;TJK;AOi4260601115836524789f20;INC51555947;0;0;0
202608;AREA 1;SUMBAGUT;CENTRAL MEDAN;TJR;AOi4260630125645987995e50;INC51556674;0;0;0
202608;AREA 1;SUMBAGUT;RANTAU PRAPAT;RAP;AOi426061103012384894aed0;INC51556736;0;0;0
202608;AREA 1;SUMBAGUT;CENTRAL MEDAN;TTG;AOi4260615115646139e4c5f0;INC51558601;0;0;0
202608;AREA 1;SUMBAGSEL;JAMBI;JMB;AOi4260625041924270b94e70;INC51563297;0;0;0
202608;AREA 1;SUMBAGUT;CENTRAL MEDAN;CTD;AOi426062108494590054cd50;INC51658086;0;0;0
202608;AREA 1;SUMBAGUT;RANTAU PRAPAT;KPI;AOi4260615014204178a963f0;INC51564235;0;0;0
202608;AREA 1;SUMBAGUT;BANDA ACEH;DAR;AOi42606210259253005742d0;INC51564494;0;0;0
202608;AREA 1;SUMBAGTENG;PEKANBARU;PBB;AOi426061104442697291b0c0;INC51565135;0;0;0
202608;AREA 1;SUMBAGUT;BANDA ACEH;BNA;AOi4260629042322030067a30;INC51565989;0;0;0
202608;AREA 1;SUMBAGSEL;JAMBI;SPN;AOi4260630013831530f57510;INC51571061;0;0;1
202608;AREA 1;SUMBAGUT;PEMATANG SIANTAR;SDK;AOi42606250804412814dffd0;INC51575684;0;0;1
202608;AREA 1;SUMBAGUT;BANDA ACEH;LTM;AOk4260625015230995311f80;INC51579360;0;0;0
202608;AREA 1;SUMBAGSEL;BENGKULU;CRP;AOi4260619121400157c4a480;INC51583833;0;0;0
202608;AREA 1;SUMBAGTENG;BUKIT TINGGI;PDJ;AOi4260620083917050811880;INC51586167;0;0;0
202608;AREA 1;SUMBAGUT;CENTRAL MEDAN;SPM;AOi4260622123343971a4baf0;INC51587207;0;0;0
202608;AREA 1;SUMBAGUT;CENTRAL MEDAN;PUB;AOk4260606114644282713580;INC51592429;0;0;0
202608;AREA 1;SUMBAGTENG;DUMAI;DRI;AOi426060708263515713c6a0;INC51594537;0;0;0
202608;AREA 1;SUMBAGSEL;JAMBI;MBN;AOi4260521030747030933d10;INC51597416;0;0;0
202608;AREA 1;SUMBAGUT;WESTERN MEDAN;LSM;AOi42606110945320657d0d90;INC51597816;0;0;0
202608;AREA 1;SUMBAGSEL;BENGKULU;AGR;AOi42606230404078449fa8f0;INC51597826;0;0;1
202608;AREA 1;SUMBAGSEL;JAMBI;PKB;AOi4260625020821379a08950;INC51598718;0;0;0
202608;AREA 1;SUMBAGSEL;BENGKULU;LHT;AOk4260619021843610a7f400;INC51598903;0;0;0
202608;AREA 1;SUMBAGSEL;PANGKAL PINANG;TJN;AOi4260616015007799ef9350;INC51606964;0;0;0
202608;AREA 1;SUMBAGSEL;JAMBI;MAB;AOi4260620032318984299310;INC51607614;0;0;1
202608;AREA 1;SUMBAGUT;PEMATANG SIANTAR;KBJ;AOi4260630014348209952880;INC51610558;0;0;0
202608;AREA 1;SUMBAGUT;PEMATANG SIANTAR;PMS;AOi4260610030536339ae11b0;INC51611058;0;0;0
202608;AREA 1;SUMBAGUT;BANDA ACEH;JRM;AOi4260620125645865ad1150;INC51611349;0;0;0
202608;AREA 1;SUMBAGUT;CENTRAL MEDAN;DLT;AOi4260630042609595ffc160;INC51617173;0;0;0
202608;AREA 1;SUMBAGSEL;PALEMBANG;SRO;AOi4260602114629669729980;INC51621170;0;0;0
202608;AREA 1;SUMBAGUT;WESTERN MEDAN;BJI;AOi42606070244512312963e0;INC51621373;0;0;0
202608;AREA 1;SUMBAGTENG;PEKANBARU;SGT;AOi4260628104122681b433b0;INC51623228;0;0;1
202608;AREA 1;SUMBAGUT;CENTRAL MEDAN;TMU;AOi4260630092901877d6bfd0;INC51625229;0;0;0
202608;AREA 1;SUMBAGSEL;JAMBI;MBN;AOi4260521051246676521ce0;INC51625628;0;0;0
202608;AREA 1;SUMBAGSEL;PALEMBANG;SRO;AOi4260601030214546dcb470;INC51626685;0;0;0
202608;AREA 1;SUMBAGTENG;BUKIT TINGGI;KNL;AOi42606090949236095a1c10;INC51626779;0;0;0
202608;AREA 1;SUMBAGUT;WESTERN MEDAN;KGH;AOi4260609041326347651960;INC51627069;0;0;0
202608;AREA 1;SUMBAGSEL;PANGKAL PINANG;KBO;AOs3260619062803554143370;INC51629254;0;0;1
202608;AREA 1;SUMBAGUT;CENTRAL MEDAN;PDB;AOi4260610112327160d26ce0;INC51629521;0;0;0
202608;AREA 1;SUMBAGTENG;PEKANBARU;SGT;AOi42606301045172841a71a0;INC51630330;0;0;1
202608;AREA 1;SUMBAGUT;PEMATANG SIANTAR;KBJ;AOs3260620031951537dcb5c0;INC51630957;0;0;0
202608;AREA 1;SUMBAGUT;WESTERN MEDAN;KSG;AOi42606290948035445ba3e0;INC51631626;0;0;0
202608;AREA 1;SUMBAGUT;WESTERN MEDAN;BJI;AOs326062609592589003a910;INC51633171;0;0;0
202608;AREA 1;SUMBAGUT;BANDA ACEH;BIR;AOi4260608010932856f3bd40;INC51638222;0;0;0
202608;AREA 1;SUMBAGTENG;PEKANBARU;BKR;AOi4260611021805480e4eef0;INC51640848;0;0;1
202608;AREA 1;SUMBAGTENG;PADANG;SGD;AOi42606240851145135353c0;INC51641501;0;0;0
202608;AREA 1;SUMBAGUT;BANDA ACEH;SUS;AOi42606220933382583ec990;INC51643298;0;0;1
202608;AREA 1;SUMBAGSEL;JAMBI;PAP;AOi4260604065553189551060;INC51644504;0;0;0
202608;AREA 1;SUMBAGUT;BANDA ACEH;GEU;AOi426061110073317131da20;INC51647923;0;0;0
202608;AREA 1;SUMBAGUT;PADANG SIDEMPUAN;PSP;AOi4260611121520650522d20;INC51650432;0;0;0
202608;AREA 1;SUMBAGSEL;PALEMBANG;PLJ;AOi4260613010628326e80ff0;INC51653124;0;0;0
202608;AREA 1;SUMBAGUT;WESTERN MEDAN;PBD;AOi4260624013138741596860;INC51653945;0;0;1
202608;AREA 1;SUMBAGTENG;BUKIT TINGGI;BSO;AOi42606180823339056e3cd0;INC51654896;0;0;0
202608;AREA 1;SUMBAGUT;RANTAU PRAPAT;RAP;AOi42606070623529743ec820;INC51654926;0;0;0
202608;AREA 1;SUMBAGTENG;BUKIT TINGGI;LBB;PDAk42606150159497553528e0;INC51655338;0;0;0
202608;AREA 1;SUMBAGUT;BANDA ACEH;BNA;AOk42606151241150544c72f0;INC51655824;0;0;0
202608;AREA 1;SUMBAGSEL;BENGKULU;KPH;AOi42605310835135366db7d0;INC51659196;0;0;0
202608;AREA 1;SUMBAGUT;CENTRAL MEDAN;PUB;AOi4260602065322466687230;INC51661629;0;0;0
202608;AREA 1;SUMBAGTENG;BUKIT TINGGI;PAM;AOi426061505042293960d440;INC51661641;0;0;0
202608;AREA 1;SUMBAGUT;CENTRAL MEDAN;TTG;AOi42606131215469989b4ce0;INC51667764;0;0;0
202608;AREA 1;SUMBAGUT;CENTRAL MEDAN;LBP;AOi4260630121501377f094d0;INC51669148;0;0;0
202608;AREA 1;SUMBAGUT;RANTAU PRAPAT;ANP;AOi4260627045127700fc1300;INC51670886;0;0;1
202608;AREA 1;SUMBAGUT;WESTERN MEDAN;LGS;AOs326061511510596254cb60;INC51673450;0;0;0
202608;AREA 1;SUMBAGSEL;BENGKULU;LHT;AOk42606050217501082e5240;INC51678604;0;0;0
202608;AREA 1;SUMBAGUT;PEMATANG SIANTAR;BST;AOi42606161023033781508f0;INC51680155;0;0;0
202608;AREA 1;SUMBAGUT;WESTERN MEDAN;KSG;AOi4260625110346904f45d60;INC51681884;0;0;0
202608;AREA 1;SUMBAGUT;CENTRAL MEDAN;TJR;AOi4260629120323868cae6f0;INC51682272;0;0;0
202608;AREA 1;SUMBAGTENG;PADANG;PDC;AOs3260616015812656f38820;INC51683311;0;0;0
202608;AREA 1;SUMBAGSEL;BENGKULU;BNC;AOi42606281118358837735c0;INC51684522;0;0;0
202608;AREA 1;SUMBAGUT;CENTRAL MEDAN;PUB;AOi12606280832137894456a0;INC51685464;0;0;0
202608;AREA 1;SUMBAGTENG;PADANG;LBY;AOk42606041025374523ee970;INC51685543;0;0;0
202608;AREA 1;SUMBAGTENG;BUKIT TINGGI;SPE;AOi426060712012714900b870;INC51685857;0;0;0
202608;AREA 1;SUMBAGUT;CENTRAL MEDAN;PUB;AOi1260625102005032be3e70;INC51685958;0;0;0
202608;AREA 1;SUMBAGSEL;PALEMBANG;BTA;AOi426061903472071194c3c0;INC51688462;0;0;0
202608;AREA 1;SUMBAGUT;CENTRAL MEDAN;PDB;AOs3260627120507931783bf0;INC51690108;0;0;0
202608;AREA 1;SUMBAGUT;PEMATANG SIANTAR;PMS;AOi42606120756389603ec560;INC51701903;0;0;0
202608;AREA 1;SUMBAGTENG;PADANG;TWI;AOi4260624102740200bbe390;INC51706306;0;0;0
202608;AREA 1;SUMBAGUT;CENTRAL MEDAN;CTD;AOi42606201232100046f5390;INC51707403;0;0;0
202608;AREA 1;SUMBAGUT;BANDA ACEH;JHO;AOi4260628061542939cb4890;INC51714949;0;0;0
202608;AREA 1;SUMBAGTENG;PADANG;TWI;AOi42606110850521570ec700;INC51720654;0;0;0
202608;AREA 1;SUMBAGTENG;BATAM;PNI;AOi4260619075731222b06230;INC51723925;0;0;0
202608;AREA 1;SUMBAGUT;BANDA ACEH;DAR;AOi42606150224224140cbac0;INC51724107;0;0;0
202608;AREA 1;SUMBAGTENG;BATAM;KAI;AOi426061307223623911f590;INC51726902;0;0;0
202608;AREA 1;SUMBAGUT;PEMATANG SIANTAR;LBK;AOi426060304580269523fb30;INC51727045;0;0;0
202608;AREA 1;SUMBAGUT;WESTERN MEDAN;LSM;AOi4260607013734282a379a0;INC51727647;0;0;0
202608;AREA 1;SUMBAGUT;PEMATANG SIANTAR;PDN;AOi4260626022409759474fc0;INC51728059;0;0;1
202608;AREA 1;SUMBAGTENG;BATAM;LBJ;AOi4260628085014775cb8ee0;INC51730928;0;0;0
202608;AREA 1;SUMBAGTENG;PADANG;BGS;AOi4260628113217298752ad0;INC51731516;0;0;0
202608;AREA 1;SUMBAGUT;PEMATANG SIANTAR;RBM;AOi4260622090735440aa0670;INC51731745;0;0;0
202608;AREA 1;SUMBAGTENG;PADANG;TLB;AOi426062002011311325e050;INC51732374;0;0;0
202608;AREA 1;SUMBAGUT;WESTERN MEDAN;LSM;AOi426061310051931608baf0;INC51732571;0;0;0
202608;AREA 1;SUMBAGUT;CENTRAL MEDAN;SKI;AOi4260603025027257f0d580;INC51736765;0;0;0
202608;AREA 1;SUMBAGSEL;PALEMBANG;PGC;AOi4260620094800378f27280;INC51736929;0;0;0
202608;AREA 1;SUMBAGUT;CENTRAL MEDAN;TMU;AOi42606160922252699dc380;INC51737575;0;0;0
202608;AREA 1;SUMBAGUT;RANTAU PRAPAT;RAP;AOi42606180618213056ee320;INC51741172;0;0;0
202608;AREA 1;SUMBAGUT;CENTRAL MEDAN;TJR;AOi4260613021024828b406a0;INC51741808;0;0;0
202608;AREA 1;SUMBAGUT;BANDA ACEH;GEU;AOi4260618075859108c55410;INC51741835;0;0;0
202608;AREA 1;SUMBAGUT;PADANG SIDEMPUAN;PND;AOi4260622112708506b9b630;INC51742021;0;0;0
202608;AREA 1;SUMBAGUT;CENTRAL MEDAN;TMU;AOi426060205012371999f970;INC51744524;0;0;0
202608;AREA 1;SUMBAGSEL;JAMBI;MND;AOi4260629020057973b947d0;INC51744571;0;0;0
202608;AREA 1;SUMBAGUT;CENTRAL MEDAN;SKI;AOi1260605013701305b99e90;INC51745168;0;0;0
202608;AREA 1;SUMBAGUT;WESTERN MEDAN;LGS;AOi426061204163567258c310;INC51745184;0;0;0
202608;AREA 1;SUMBAGUT;WESTERN MEDAN;KGH;AOi42606050912085440dc420;INC51745603;0;0;0
202608;AREA 1;SUMBAGUT;PEMATANG SIANTAR;BLG;AOi4260604035356741f28c90;INC51746454;0;0;0
202608;AREA 1;SUMBAGTENG;BATAM;LBJ;AOi42606050107337090a9370;INC51747006;0;0;0
202608;AREA 1;SUMBAGSEL;PALEMBANG;TLK;AOi4260605021228801808110;INC51747738;0;0;0
202608;AREA 1;SUMBAGUT;WESTERN MEDAN;LGS;AOi42606290407035686e0d00;INC51748032;0;0;0
202608;AREA 1;SUMBAGUT;CENTRAL MEDAN;MDC;AOi4260606103054056830210;INC51754639;0;0;0
202608;AREA 1;SUMBAGUT;CENTRAL MEDAN;CTD;AOi42606230128567729b1450;INC52028373;0;0;0
202608;AREA 1;SUMBAGUT;WESTERN MEDAN;LGS;AOi4260627014637178896790;INC51756616;0;0;0
202608;AREA 1;SUMBAGUT;PEMATANG SIANTAR;SRA;AOi4260622011346351268810;INC51759474;0;0;0
202608;AREA 1;SUMBAGSEL;BENGKULU;CRP;AOi42606160647099091cf770;INC51761429;0;0;0
202608;AREA 1;SUMBAGUT;PADANG SIDEMPUAN;PYB;AOi426061610380636344d9b0;INC51761954;0;0;0
202608;AREA 1;SUMBAGTENG;PEKANBARU;PBB;AOi4260626055143742a7b690;INC51762765;0;0;0
202608;AREA 1;SUMBAGUT;CENTRAL MEDAN;PDB;AOi4260612051025074a94790;INC51765642;0;0;0
202608;AREA 1;SUMBAGUT;CENTRAL MEDAN;TMU;AOi4260607011216009c05a90;INC51767367;0;0;0
202608;AREA 1;SUMBAGUT;CENTRAL MEDAN;GLG;AOi4260618102459472854710;INC51769805;0;0;0
202608;AREA 1;SUMBAGTENG;BATAM;SLU;AOi4260617122655089b18a40;INC51770384;0;0;0
202608;AREA 1;SUMBAGUT;PADANG SIDEMPUAN;PSP;AOi4260629024953551de2b30;INC51773659;0;0;0
202608;AREA 1;SUMBAGUT;PEMATANG SIANTAR;PDN;AOi4260627020746490b04380;INC51773854;0;0;1
202608;AREA 1;SUMBAGTENG;BATAM;BTC;AOi426061904115678840baa0;INC51922157;0;0;0
202608;AREA 1;SUMBAGUT;PEMATANG SIANTAR;SRA;AOi42606121102243513479e0;INC51774796;0;0;0
202608;AREA 1;SUMBAGTENG;BATAM;SLU;AOi42606060353336567eae50;INC51793585;0;0;0
202608;AREA 1;SUMBAGUT;RANTAU PRAPAT;ANR;AOi426061905322410748bc90;INC51775949;0;0;0
202608;AREA 1;SUMBAGTENG;PADANG;KJI;AOi42606040231049643c1120;INC51776341;0;0;0
202608;AREA 1;SUMBAGUT;PEMATANG SIANTAR;KBJ;AOk426060909460509828bc30;INC51777745;0;0;0
202608;AREA 1;SUMBAGUT;CENTRAL MEDAN;TMU;AOs32606070814218840c6580;INC51777758;0;0;0
202608;AREA 1;SUMBAGTENG;BATAM;SLU;AOi4260605011451051d7b770;INC51777868;0;0;0
202608;AREA 1;SUMBAGSEL;PALEMBANG;BKS;AOi4260612052103692793ae0;INC51777966;0;0;0
202608;AREA 1;SUMBAGUT;BANDA ACEH;DAR;AOi42606271239483815b83d0;INC51777989;0;0;0
202608;AREA 1;SUMBAGUT;CENTRAL MEDAN;LBP;AOi4260609080007175370cd0;INC51778001;0;0;0
202608;AREA 1;SUMBAGUT;WESTERN MEDAN;LSM;AOi4260627094400955988680;INC51778304;0;0;0
202608;AREA 1;SUMBAGSEL;PANGKAL PINANG;TJN;AOi4260622100500795137f10;INC51784786;0;0;0
202608;AREA 1;SUMBAGUT;RANTAU PRAPAT;ANP;AOi4260606095816094e75fb0;INC51784830;0;0;1
202608;AREA 1;SUMBAGUT;WESTERN MEDAN;LGS;AOi4260605101815594e66dd0;INC51789516;0;0;0
202608;AREA 1;SUMBAGUT;BANDA ACEH;KFR;AOi4260610034338458afd240;INC51790174;0;0;0
202608;AREA 1;SUMBAGUT;BANDA ACEH;LOA;AOi42606241019046453c77c0;INC51790999;0;0;0
202608;AREA 1;SUMBAGSEL;JAMBI;KOA;AOi4260628055150721dd01e0;INC51791723;0;0;0
202608;AREA 1;SUMBAGTENG;BUKIT TINGGI;NRS;AOi4260617042623498d34970;INC51791848;0;0;0
202608;AREA 1;SUMBAGSEL;BENGKULU;CRP;AOi4260617050535847ff6270;INC51793915;0;0;0
202608;AREA 1;SUMBAGUT;RANTAU PRAPAT;TJB;AOi4260620030026231a19e60;INC51797537;0;0;0
202608;AREA 1;SUMBAGUT;WESTERN MEDAN;KSG;AOi42606160230372903cdf90;INC51800907;0;0;0
202608;AREA 1;SUMBAGUT;BANDA ACEH;KFR;AOi42606180939520018a7260;INC51804612;0;0;0
202608;AREA 1;SUMBAGUT;BANDA ACEH;DAR;AOi4260614022802516bf8a20;INC51805452;0;0;0
202608;AREA 1;SUMBAGUT;RANTAU PRAPAT;RAP;AOi42606110255380969061b0;INC51805716;0;0;0
202608;AREA 1;SUMBAGUT;CENTRAL MEDAN;MDC;AOk4260610011826401949960;INC51807752;0;0;0
202608;AREA 1;SUMBAGUT;WESTERN MEDAN;KSG;AOi4260624034111475fa47f0;INC51809068;0;0;0
202608;AREA 1;SUMBAGUT;BANDA ACEH;DAR;AOi426062003180368422ea90;INC51810538;0;0;0
202608;AREA 1;SUMBAGTENG;BATAM;SLU;AOi4260625021942449466880;INC51811306;0;0;0
202608;AREA 1;SUMBAGUT;BANDA ACEH;LTM;AOi4260620112329520f32510;INC51812221;0;0;0
202608;AREA 1;SUMBAGSEL;BENGKULU;PDW;AOi4260618092940511dde170;INC51816582;0;0;0
202608;AREA 1;SUMBAGTENG;PEKANBARU;MIS;AOi426060612471450654d0e0;INC51823103;0;0;0
202608;AREA 1;SUMBAGTENG;PADANG;KJI;AOk4260608101532772e8e780;INC51823233;0;0;0
202608;AREA 1;SUMBAGUT;WESTERN MEDAN;KGH;AOi42606160216523517c76f0;INC51826866;0;0;0
202608;AREA 1;SUMBAGUT;BANDA ACEH;JRM;AOi42606240116576917e1390;INC51826935;0;0;0
202608;AREA 1;SUMBAGUT;CENTRAL MEDAN;TJM;AOi4260605105443987f9e680;INC51827003;0;0;0
202608;AREA 1;SUMBAGUT;BANDA ACEH;DAR;AOi42606110251186822f2550;INC51827708;0;0;0
202608;AREA 1;SUMBAGUT;PEMATANG SIANTAR;TBT;AOi42606251054267659e0dc0;INC51837563;0;0;0
202608;AREA 1;SUMBAGUT;WESTERN MEDAN;PRL;AOi42606300958154271668d0;INC51837973;0;0;0
202608;AREA 1;SUMBAGUT;RANTAU PRAPAT;RAP;AOi4260616120810420ee83a0;INC51839096;0;0;0
202608;AREA 1;SUMBAGSEL;LAMPUNG;MGA;AOi1260528065304486498040;INC51839490;0;0;0
202608;AREA 1;SUMBAGSEL;JAMBI;TTJ;AOi4260622053903451a09390;INC51842643;0;0;0
202608;AREA 1;SUMBAGUT;PADANG SIDEMPUAN;TUK;AOi4260608101605957537820;INC51843316;0;0;1
202608;AREA 1;SUMBAGUT;PEMATANG SIANTAR;KBJ;AOi42606250420366822eff20;INC51843415;0;0;0
202608;AREA 1;SUMBAGTENG;BUKIT TINGGI;LBS;AOi4260628095948824624190;INC51849310;0;0;0
202608;AREA 1;SUMBAGUT;WESTERN MEDAN;PGL;AOi426061203353703081ba50;INC51850911;0;0;1
202608;AREA 1;SUMBAGTENG;PADANG;BLS;AOi4260624063020315bb8f00;INC51851002;0;0;0
202608;AREA 1;SUMBAGUT;BANDA ACEH;SNA;AOi42606100840485552ca360;INC51854604;0;0;1
202608;AREA 1;SUMBAGUT;WESTERN MEDAN;KSG;AOi4260626090624704301f60;INC51857164;0;0;0
202608;AREA 1;SUMBAGTENG;PEKANBARU;PKR;AOk42606271028107888f3190;INC51857766;0;0;0
202608;AREA 1;SUMBAGSEL;PALEMBANG;BTA;AOi12606211201554697bf480;INC51858707;0;0;0
202608;AREA 1;SUMBAGUT;BANDA ACEH;LBR;AOi426061911164051837d840;INC51860121;0;0;0
202608;AREA 1;SUMBAGUT;PEMATANG SIANTAR;RBM;AOi4260607122631678d66e70;INC51860292;0;0;0
202608;AREA 1;SUMBAGUT;PADANG SIDEMPUAN;PND;AOi42606190532289039421c0;INC51861013;0;0;0
202608;AREA 1;SUMBAGUT;BANDA ACEH;BPD;AOi42606090241292337e2c70;INC51864100;0;0;0
202608;AREA 1;SUMBAGUT;WESTERN MEDAN;MKL;AOi4260622085921671546720;INC51867518;0;0;0
202608;AREA 1;SUMBAGTENG;BUKIT TINGGI;NRS;AOi42606051053121961deda0;INC51867799;0;0;0
202608;AREA 1;SUMBAGSEL;PANGKAL PINANG;TJN;AOi42606241234304673e3cd0;INC51868204;0;0;0
202608;AREA 1;SUMBAGTENG;PADANG;PDC;AOi4260629012245618363450;INC51869328;0;0;0
202608;AREA 1;SUMBAGTENG;PADANG;SUM;AOi4260617082058055fdb060;INC51869391;0;0;0
202608;AREA 1;SUMBAGUT;WESTERN MEDAN;KGH;AOi4260610083811050286a50;INC51869561;0;0;0
202608;AREA 1;SUMBAGUT;PEMATANG SIANTAR;SDK;AOi4260617054434224301b00;INC51872946;0;0;0
202608;AREA 1;SUMBAGUT;PADANG SIDEMPUAN;SBG;AOi42606091026398201c0020;INC51873062;0;0;0
202608;AREA 1;SUMBAGUT;PADANG SIDEMPUAN;PSP;AOi42606220640238103cde00;INC51873325;0;0;0
202608;AREA 1;SUMBAGTENG;BATAM;LBJ;AOi4260616091933828917ab0;INC51877237;0;0;0
202608;AREA 1;SUMBAGSEL;PALEMBANG;PLJ;AOi42606101253175761db730;INC51877454;0;0;0
202608;AREA 1;SUMBAGTENG;PEKANBARU;RBI;AOi4260623034903415ec0e00;INC51877909;0;0;0
202608;AREA 1;SUMBAGUT;WESTERN MEDAN;KGH;AOi4260618111553211b7da00;INC51878233;0;0;0
202608;AREA 1;SUMBAGUT;CENTRAL MEDAN;TTG;AOi42606290932316063a5cc0;INC51886246;0;0;0
202608;AREA 1;SUMBAGUT;CENTRAL MEDAN;SPM;AOi4260618110050117bd4850;INC51888256;0;0;0
202608;AREA 1;SUMBAGTENG;BUKIT TINGGI;SPE;AOi4260624031937876f455d0;INC51888946;0;0;0
202608;AREA 1;SUMBAGUT;BANDA ACEH;SGI;AOi42606110145452830d2a10;INC51889726;0;0;0
202608;AREA 1;SUMBAGTENG;BUKIT TINGGI;SUP;AOk4260609112007524f628b0;INC51892555;0;0;0
202608;AREA 1;SUMBAGUT;BANDA ACEH;BNN;AOi4260622023732812348780;INC51892697;0;0;0
202608;AREA 1;SUMBAGUT;CENTRAL MEDAN;TTG;AOi4260623033505430f56c20;INC51893288;0;0;0
202608;AREA 1;SUMBAGUT;PEMATANG SIANTAR;PER;AOi4260622044435562b18180;INC51898121;0;0;0
202608;AREA 1;SUMBAGUT;BANDA ACEH;TKN;AOi42606251126267945925d0;INC51902497;0;0;0
202608;AREA 1;SUMBAGUT;CENTRAL MEDAN;SPM;AOi42606241018191937d1870;INC51902984;0;0;0
202608;AREA 1;SUMBAGTENG;PADANG;PDC;AOi42606250512262212b87b0;INC51903380;0;0;0
202608;AREA 1;SUMBAGSEL;PANGKAL PINANG;SLT;AOk4260619111516623ebb0b0;INC51903603;0;0;0
202608;AREA 1;SUMBAGTENG;BUKIT TINGGI;NRS;AOi42606090406349021a3500;INC51903907;0;0;0
202608;AREA 1;SUMBAGTENG;BATAM;NGS;AOi42606120430313780593d0;INC51904311;0;0;0
202608;AREA 1;SUMBAGUT;CENTRAL MEDAN;LBP;AOi4260608020900168521010;INC51905677;0;0;0
202608;AREA 1;SUMBAGTENG;BATAM;LBJ;AOk4260608021033967aeac00;INC51906210;0;0;0
202608;AREA 1;SUMBAGUT;BANDA ACEH;BPD;AOs3260620104521333476c00;INC51906288;0;0;0
202608;AREA 1;SUMBAGUT;BANDA ACEH;TKN;AOi426062712103277117b200;INC51906965;0;0;0
202608;AREA 1;SUMBAGTENG;PADANG;TLB;AOi42606151134312012a87d0;INC51915779;0;0;0
202608;AREA 1;SUMBAGUT;RANTAU PRAPAT;RAP;AOi4260610092354322775a30;INC51919651;0;0;0
202608;AREA 1;SUMBAGUT;BANDA ACEH;LBR;AOi4260611113934273b8d1d0;INC51919955;0;0;0
202608;AREA 1;SUMBAGUT;BANDA ACEH;DAR;AOi4260619041642032bcb990;INC51920380;0;0;0
202608;AREA 1;SUMBAGUT;CENTRAL MEDAN;PUB;AOi4260626045606417d8eb30;INC51923646;0;0;0
202608;AREA 1;SUMBAGUT;WESTERN MEDAN;KSG;AOi4260614120145498358d60;INC51932060;0;0;0
202608;AREA 1;SUMBAGTENG;BATAM;LBJ;PDAk4260624033856143546820;INC51932318;0;0;0
202608;AREA 1;SUMBAGUT;BANDA ACEH;LOA;AOi42606160917521690b79b0;INC51935008;0;0;0
202608;AREA 1;SUMBAGSEL;LAMPUNG;KBI;AOi4260610020946223efef10;INC51936284;0;0;0
202608;AREA 1;SUMBAGUT;WESTERN MEDAN;STB;AOi426061202045150198c9e0;INC51937939;0;0;0
202608;AREA 1;SUMBAGUT;WESTERN MEDAN;LGS;AOi4260622105924074136690;INC51962618;0;0;0
202608;AREA 1;SUMBAGUT;BANDA ACEH;SLG;AOi4260619030900316031c10;INC51966785;0;0;0
202608;AREA 1;SUMBAGUT;WESTERN MEDAN;LGS;AOk4260618094419469a3c680;INC51970041;0;0;0
202608;AREA 1;SUMBAGUT;CENTRAL MEDAN;TJM;AOi4260620071040486109cd0;INC51970150;0;0;0
202608;AREA 1;SUMBAGUT;WESTERN MEDAN;LSM;AOk4260622085305217ce7080;INC51975833;0;0;0
202608;AREA 1;SUMBAGUT;BANDA ACEH;JHO;AOi4260624121152179bc32d0;INC51980342;0;0;0
202608;AREA 1;SUMBAGUT;BANDA ACEH;BNN;AOi4260611122741604502930;INC51982384;0;0;0
202608;AREA 1;SUMBAGUT;PADANG SIDEMPUAN;SBG;AOi42606150930325003a1680;INC51983843;0;0;0
202608;AREA 1;SUMBAGUT;PADANG SIDEMPUAN;PSP;AOi42606180210125602d2860;INC51987848;0;0;0
202608;AREA 1;SUMBAGUT;PEMATANG SIANTAR;PER;AOi4260617100357777574610;INC51991437;0;0;0
202608;AREA 1;SUMBAGTENG;BATAM;LBJ;AOi42606180245486123b6670;INC51994864;0;0;0
202608;AREA 1;SUMBAGTENG;BUKIT TINGGI;PYK;AOi12606161225597687e62e0;INC51995434;0;0;0
202608;AREA 1;SUMBAGUT;PEMATANG SIANTAR;KBJ;AOi42606250550072762b18e0;INC51996028;0;0;0
202608;AREA 1;SUMBAGUT;RANTAU PRAPAT;TJB;AOi4260615022733049d5c270;INC52106541;0;0;0
202608;AREA 1;SUMBAGTENG;BUKIT TINGGI;BSK;AOi42606170955115710e6390;INC52005674;0;0;0
202608;AREA 1;SUMBAGTENG;BUKIT TINGGI;LBB;AOi42606170105495863f86c0;INC52007548;0;0;0
202608;AREA 1;SUMBAGUT;CENTRAL MEDAN;TJR;AOi42606181144316890c5c90;INC52009485;0;0;0
202608;AREA 1;SUMBAGSEL;PANGKAL PINANG;BYU;AOi42606281036172623a5cb0;INC52009611;0;0;0
202608;AREA 1;SUMBAGTENG;BATAM;NGS;AOi426062401232218939b500;INC52011600;0;0;0
202608;AREA 1;SUMBAGUT;BANDA ACEH;TKN;AOi42606100858481264793b0;INC52013635;0;0;1
202608;AREA 1;SUMBAGUT;WESTERN MEDAN;PRL;AOi42606101004508625e3e80;INC52020128;0;0;0
202608;AREA 1;SUMBAGUT;BANDA ACEH;BNN;AOi4260622014655103bcd340;INC52023863;0;0;0
202608;AREA 1;SUMBAGUT;CENTRAL MEDAN;CTD;AOi4260629094011255391530;INC52027330;0;0;0
202608;AREA 1;SUMBAGUT;WESTERN MEDAN;LSM;AOi4260624093721331dd0570;INC52028251;0;0;0
202608;AREA 1;SUMBAGTENG;PADANG;BLS;AOi42606241102463088fb320;INC52032809;0;0;0
202608;AREA 1;SUMBAGUT;WESTERN MEDAN;LGS;AOk4260622022035873391d60;INC52036796;0;0;0
202608;AREA 1;SUMBAGUT;BANDA ACEH;GEU;AOi42606181008557752127e0;INC52037555;0;0;0
202608;AREA 1;SUMBAGUT;WESTERN MEDAN;TJP;AOi4260620081501552b8ee10;INC52047290;0;0;0
202608;AREA 1;SUMBAGUT;CENTRAL MEDAN;CTD;AOi42606280606078092b67d0;INC52351553;0;0;0
202608;AREA 1;SUMBAGTENG;PEKANBARU;PKR;AOi4260624051302206ac0640;INC52051862;0;0;0
202608;AREA 1;SUMBAGTENG;PADANG;SIE;AOi1260625104928214bc2070;INC52056501;0;0;1
202608;AREA 1;SUMBAGUT;PADANG SIDEMPUAN;PSP;AOi4260615094026337d167c0;INC52056637;0;0;0
202608;AREA 1;SUMBAGUT;BANDA ACEH;LTM;AOi4260620104947095555810;INC52075826;0;0;0
202608;AREA 1;SUMBAGUT;CENTRAL MEDAN;TMU;AOi4260625051129845350c00;INC52076202;0;0;0
202608;AREA 1;SUMBAGUT;CENTRAL MEDAN;LBP;AOi42606201132157145f00b0;INC52079058;0;0;0
202608;AREA 1;SUMBAGTENG;BUKIT TINGGI;PAM;AOi42606250145581729bf7a0;INC52082431;0;0;0
202608;AREA 1;SUMBAGSEL;PALEMBANG;MPA;AOi4260624112232613c2a0e0;INC52088637;0;0;0
202608;AREA 1;SUMBAGTENG;BUKIT TINGGI;BKT;AOi12606220321287767af090;INC52090554;0;0;0
202608;AREA 1;SUMBAGUT;PEMATANG SIANTAR;TGD;AOi42606181004402568c92d0;INC52094002;0;0;0
202608;AREA 1;SUMBAGUT;BANDA ACEH;BNA;AOi42606240952471822c8a60;INC52097196;0;0;0
202608;AREA 1;SUMBAGTENG;BATAM;LBJ;AOi4260616100649378873840;INC52100456;0;0;0
202608;AREA 1;SUMBAGSEL;PANGKAL PINANG;PGP;AOi4260625082229688a59e00;INC52103586;0;0;0
202608;AREA 1;SUMBAGUT;CENTRAL MEDAN;CTD;AOi4260615011417418b7ab30;INC52106568;0;0;0
202608;AREA 1;SUMBAGTENG;BUKIT TINGGI;NRS;AOi4260626095309274852420;INC52111872;0;0;0
202608;AREA 1;SUMBAGTENG;PEKANBARU;AMK;AOi4260618114606306fb82d0;INC52116467;0;0;0
202608;AREA 1;SUMBAGUT;WESTERN MEDAN;BJI;AOi4260616023346128bea950;INC52134932;0;0;0
202608;AREA 1;SUMBAGTENG;PEKANBARU;PKR;AOi4260627112035227e52fc0;INC52135158;0;0;0
202608;AREA 1;SUMBAGUT;CENTRAL MEDAN;SPM;AOi4260623060800800e83bb0;INC52137900;0;0;0
202608;AREA 1;SUMBAGUT;CENTRAL MEDAN;CTD;AOi42606220724517891ac0f0;INC52142837;0;0;0
202608;AREA 1;SUMBAGUT;BANDA ACEH;TKN;AOi4260618102234881e7d2c0;INC52154217;0;0;1
202608;AREA 1;SUMBAGUT;CENTRAL MEDAN;SPM;AOi4260624111957055a47ac0;INC52154861;0;0;0
202608;AREA 1;SUMBAGUT;BANDA ACEH;BIR;AOi42606200549458537e0d40;INC52154927;0;0;0
202608;AREA 1;SUMBAGTENG;PEKANBARU;PKR;AOk4260615080019367149e60;INC52159520;0;0;0
202608;AREA 1;SUMBAGSEL;PANGKAL PINANG;TJN;AOi4260629054903142691950;INC52168738;0;0;0
202608;AREA 1;SUMBAGUT;CENTRAL MEDAN;PUB;AOi42606200449360756a0f40;INC52171089;0;0;0
202608;AREA 1;SUMBAGTENG;PEKANBARU;PBB;AOi426061804113149807c0e0;INC52171616;0;0;0
202608;AREA 1;SUMBAGUT;BANDA ACEH;DAR;AOi42606180236265154abc20;INC52176883;0;0;0
202608;AREA 1;SUMBAGSEL;LAMPUNG;KLA;AOi42606161030244922423e0;INC52179435;0;0;0
202608;AREA 1;SUMBAGUT;CENTRAL MEDAN;MDC;AOi126062305272688100f6d0;INC52193559;0;0;0
202608;AREA 1;SUMBAGUT;BANDA ACEH;DAR;AOi4260619105136854f62ba0;INC52189067;0;0;0
202608;AREA 1;SUMBAGTENG;BATAM;DBS;AOi426062503302706875f390;INC52190541;0;0;0
202608;AREA 1;SUMBAGTENG;BUKIT TINGGI;SPE;AOs3260618020917273466950;INC52198326;0;0;0
202608;AREA 1;SUMBAGUT;CENTRAL MEDAN;TJM;AOi1260630115652088e82ac0;INC52207908;0;0;0
202608;AREA 1;SUMBAGTENG;BATAM;BUM;AOi426062507180341622f790;INC52211970;0;0;0
202608;AREA 1;SUMBAGTENG;BATAM;BTC;AOi4260604080446915097850;INC52212490;0;0;0
202608;AREA 1;SUMBAGTENG;BATAM;SLU;AOi4260620032854294e54af0;INC52214709;0;0;0
202608;AREA 1;SUMBAGTENG;PEKANBARU;PBB;AOi4260619084646090e2f930;INC52218984;0;0;0
202608;AREA 1;SUMBAGSEL;PALEMBANG;BTA;AOi4260618052909134b30b40;INC52224663;0;0;0
202608;AREA 1;SUMBAGSEL;LAMPUNG;TJK;AOi4260619023347209cbd890;INC52226318;0;0;0
202608;AREA 1;SUMBAGSEL;PALEMBANG;PGC;AOi42606240901134058d8b70;INC52227385;0;0;0
202608;AREA 1;SUMBAGUT;PADANG SIDEMPUAN;TUK;AOi42606250847270758af530;INC52229068;0;0;1
202608;AREA 1;SUMBAGSEL;LAMPUNG;TJK;AOi42606190848382024f0bd0;INC52229231;0;0;0
202608;AREA 1;SUMBAGSEL;LAMPUNG;LKP;AOi126062308050133370d100;INC52229821;0;0;0
202608;AREA 1;SUMBAGSEL;LAMPUNG;TJK;AOi1260624015542149823070;INC52229875;0;0;0
202608;AREA 1;SUMBAGSEL;LAMPUNG;LIW;AOi42606191108258083fe960;INC52230034;0;0;0
202608;AREA 1;SUMBAGSEL;LAMPUNG;KLA;AOi4260625093758013b3f850;INC52230896;0;0;0
202608;AREA 1;SUMBAGSEL;LAMPUNG;LKP;AOi4260621090246785bf9320;INC52231160;0;0;0
202608;AREA 1;SUMBAGUT;CENTRAL MEDAN;PUB;AOi4260621084720568c7cd30;INC52238707;0;0;0
202608;AREA 1;SUMBAGSEL;LAMPUNG;TJK;PDAk4260629075359079c41330;INC52240793;0;0;0
202608;AREA 1;SUMBAGSEL;PANGKAL PINANG;SLT;AOk4260625042930468ae9610;INC52244232;0;0;0
202608;AREA 1;SUMBAGSEL;LAMPUNG;PJN;AOi4260629072244201f4a9a0;INC52247362;0;0;0
202608;AREA 1;SUMBAGTENG;BUKIT TINGGI;HRU;AOi4260622114355385389220;INC52248059;0;0;0
202608;AREA 1;SUMBAGUT;CENTRAL MEDAN;TMU;AOi4260628112219165c198d0;INC52251241;0;0;0
202608;AREA 1;SUMBAGTENG;PEKANBARU;PKR;AOs3260621044248418c42e70;INC52251899;0;0;0
202608;AREA 1;SUMBAGSEL;PANGKAL PINANG;TJN;AOi42606211258007356c0f10;INC52252370;0;0;0
202608;AREA 1;SUMBAGSEL;PALEMBANG;SRO;AOi4260624015720929649e70;INC52257909;0;0;0
202608;AREA 1;SUMBAGUT;PEMATANG SIANTAR;IDA;AOi4260625091330572a61370;INC52259256;0;0;0
202608;AREA 1;SUMBAGUT;CENTRAL MEDAN;CTD;AOi426062802263689695cc30;INC52261475;0;0;0
202608;AREA 1;SUMBAGUT;CENTRAL MEDAN;LBP;AOs3260627085140633214bd0;INC52262589;0;0;0
202608;AREA 1;SUMBAGSEL;PALEMBANG;KTU;AOi4260627023303530273ee0;INC52265213;0;0;0
202608;AREA 1;SUMBAGUT;PEMATANG SIANTAR;PMS;AOi4260625013613920c9fd50;INC52267738;0;0;0
202608;AREA 1;SUMBAGUT;RANTAU PRAPAT;ANP;AOi42606240857162337a4ba0;INC52271529;0;0;1
202608;AREA 1;SUMBAGUT;WESTERN MEDAN;KGH;AOi4260624024523886d22bf0;INC52278462;0;0;0
202608;AREA 1;SUMBAGUT;BANDA ACEH;JRM;AOi4260628021156891b9b770;INC52286870;0;0;0
202608;AREA 1;SUMBAGTENG;BATAM;NGS;AOi4260624025628336c6a2a0;INC52293878;0;0;0
202608;AREA 1;SUMBAGUT;BANDA ACEH;SNA;AOi42606200722261771a7930;INC52307210;0;0;0
202608;AREA 1;SUMBAGUT;BANDA ACEH;BPD;AOi4260622012052320589dc0;INC52308613;0;0;0
202608;AREA 1;SUMBAGUT;BANDA ACEH;LBR;AOi42606250850298499ca180;INC52320916;0;0;0
202608;AREA 1;SUMBAGUT;WESTERN MEDAN;STB;AOi4260628043931953e25f00;INC52321095;0;0;0
202608;AREA 1;SUMBAGSEL;PALEMBANG;BKS;AOi42606240811359882093c0;INC52334726;0;0;0
202608;AREA 1;SUMBAGSEL;LAMPUNG;KDT;AOi426062911405904406a610;INC52366135;0;0;0
202608;AREA 1;SUMBAGUT;PEMATANG SIANTAR;TBT;AOi426062503132513688f680;INC52339397;0;0;0
202608;AREA 1;SUMBAGTENG;DUMAI;DUM;AOk42606260923138354f7720;INC52341750;0;0;0
202608;AREA 1;SUMBAGUT;WESTERN MEDAN;LGS;AOi4260622110130024bec4e0;INC52346866;0;0;0
202608;AREA 1;SUMBAGUT;RANTAU PRAPAT;RAP;AOi4260628071339514e6ebf0;INC52348199;0;0;0
202608;AREA 1;SUMBAGUT;CENTRAL MEDAN;LBP;AOi42606301245059743fa4e0;INC52353184;0;0;0
202608;AREA 1;SUMBAGUT;BANDA ACEH;MBO;AOi4260625102027607b08050;INC52356117;0;0;0
202608;AREA 1;SUMBAGUT;PADANG SIDEMPUAN;GST;AOi426062910042462663ece0;INC52363054;0;0;1
202608;AREA 1;SUMBAGUT;BANDA ACEH;CAG;AOi4260629053147006fbc350;INC52368266;0;0;0
202608;AREA 1;SUMBAGTENG;PADANG;LBY;AOi42606250456337091e7cd0;INC52377910;0;0;0
202608;AREA 1;SUMBAGUT;BANDA ACEH;SGI;AOi42606240327370329a4350;INC52395601;0;0;0
202608;AREA 1;SUMBAGTENG;BUKIT TINGGI;SPE;AOi42606260433537067b5660;INC52404426;0;0;0
202608;AREA 1;SUMBAGTENG;PADANG;PDC;AOi4260627100934690155e40;INC52422804;0;0;0
202608;AREA 1;SUMBAGUT;BANDA ACEH;MBO;AOi42606271056532669fe2c0;INC52427168;0;0;0
202608;AREA 1;SUMBAGUT;BANDA ACEH;JRM;AOi4260627101119879390c30;INC52435000;0;0;0
202608;AREA 1;SUMBAGSEL;JAMBI;KOA;AOi4260628080525070ea9e40;INC52441167;0;0;0
202608;AREA 1;SUMBAGUT;BANDA ACEH;GEU;AOi4260627125326304fab860;INC52445813;0;0;0
202608;AREA 1;SUMBAGUT;CENTRAL MEDAN;CTD;AOi42606301008426041358b0;INC52488368;0;0;0
202608;AREA 1;SUMBAGSEL;BENGKULU;LHT;AOi42606280859189428d1860;INC52492191;0;0;0
202608;AREA 1;SUMBAGUT;RANTAU PRAPAT;RAP;AOi42606290443590176ac5e0;INC52518224;0;0;0
202608;AREA 1;SUMBAGUT;CENTRAL MEDAN;PUB;AOi426062905353103341ce60;INC52518642;0;0;0
202608;AREA 1;SUMBAGUT;CENTRAL MEDAN;TJR;AOi42606301153205598069d0;INC52520325;0;0;0
202608;AREA 3;JATENG-DIY;PEKALONGAN;KDW;AOi4260530011331990b39090;INC49858918;0;0;0
202608;AREA 3;BALI NUSRA;MATARAM;BIM;AOi4260531011032475b071d0;INC49884038;0;0;0
202608;AREA 3;JATENG-DIY;PEKALONGAN;PML;AOi4260602111822795f223e0;INC49911866;0;0;0
202608;AREA 3;JATIM;LAMONGAN;LMG;AOi42606010746033046e10f0;INC49915240;0;0;0
202608;AREA 3;JATIM;MALANG;BTU;AOi4260601031805973625840;INC49916483;0;0;0
202608;AREA 3;JATIM;JEMBER;BCK;AOi426060202295404000c320;INC49920341;0;0;0
202608;AREA 3;JATIM;SURABAYA;BKL;AOi42606010640175257fe480;INC49929140;0;0;0
202608;AREA 3;JATIM;MALANG;BLB;AOi42606031004275619eea40;INC49935138;0;0;0
202608;AREA 3;JATENG-DIY;YOGYAKARTA;WNS;PDAk426060203273895153a4d0;INC49939447;0;0;1
202608;AREA 3;BALI NUSRA;DENPASAR;SGR;AOi4260602075320218514d50;INC49943095;0;0;0
202608;AREA 3;JATIM;SURABAYA;SMP;AOi12606030954194672ab0b0;INC49959400;0;0;0
202608;AREA 3;JATENG-DIY;PEKALONGAN;BRB;AOs3260603122453398d417d0;INC49959584;0;0;0
202608;AREA 3;JATIM;SURABAYA;DMO;AOi42606040604282227fb620;INC49960784;0;0;0
202608;AREA 3;JATENG-DIY;YOGYAKARTA;KEN;AOi42606030224122247fcb70;INC49982713;0;0;0
202608;AREA 3;BALI NUSRA;DENPASAR;UBN;AOi4260603080049115f8e400;INC50006100;0;0;0
202608;AREA 3;BALI NUSRA;DENPASAR;SGR;AOi4260531013901968b97420;INC50007889;0;0;0
202608;AREA 3;BALI NUSRA;MATARAM;MTR;AOk4260604095330280b1ac90;INC50009228;0;0;0
202608;AREA 3;JATIM;LAMONGAN;BJN;AOi4260603060549125684d50;INC50017677;0;0;0
202608;AREA 3;JATIM;SURABAYA;LKI;AOi1260601085222768e75660;INC50021888;0;0;0
202608;AREA 3;BALI NUSRA;MATARAM;TET;AOi4260603105255645e146c0;INC50028102;0;0;1
202608;AREA 3;BALI NUSRA;DENPASAR;TPS;AOi1260603090528997e286b0;INC50037496;0;0;0
202608;AREA 3;JATENG-DIY;SEMARANG;BMK;AOi4260530024018497215800;INC50043413;0;0;0
202608;AREA 3;JATENG-DIY;PURWOKERTO;GML;AOi4260531030207665c993d0;INC50044510;0;0;0
202608;AREA 3;BALI NUSRA;KUPANG;KPN;AOb026060412131239793a560;INC50046638;0;0;0
202608;AREA 3;BALI NUSRA;MATARAM;MTR;AOi4260605121522714843100;INC50048085;0;0;0
202608;AREA 3;JATIM;MADIUN;MNZ;AOi1260602081211664fd6a90;INC50054015;0;0;0
202608;AREA 3;JATIM;LAMONGAN;BBE;AOi426060309453593946f140;INC50057781;0;0;0
202608;AREA 3;BALI NUSRA;DENPASAR;UBN;AOi42606010323131277cedc0;INC50060377;0;0;0
202608;AREA 3;BALI NUSRA;FLORES;RTE;AOi42605310253478624866a0;INC50078576;0;0;0
202608;AREA 3;BALI NUSRA;DENPASAR;UBN;AOs3260607103752476376210;INC50083952;0;0;0
202608;AREA 3;BALI NUSRA;MATARAM;TET;AOi4260602120615540491100;INC50086081;0;0;1
202608;AREA 3;BALI NUSRA;MATARAM;MTR;AOi4260605010903162ac8b30;INC50086137;0;0;0
202608;AREA 3;BALI NUSRA;MATARAM;TET;AOi4260603041533284cd1980;INC50086587;0;0;1
202608;AREA 3;BALI NUSRA;FLORES;LBO;AOi42606041126483600997d0;INC50090183;0;0;0
202608;AREA 3;BALI NUSRA;DENPASAR;KLM;AOi42606040135250822e7a30;INC50093242;0;0;0
202608;AREA 3;JATENG-DIY;SURAKARTA;GLD;AOk42606081038207579f7810;INC50094563;0;0;0
202608;AREA 3;BALI NUSRA;MATARAM;DMP;AOi42606030409082997314e0;INC50101766;0;0;0
202608;AREA 3;BALI NUSRA;MATARAM;SBW;AOi42606010920030535d5430;INC50107178;0;0;0
202608;AREA 3;JATIM;SIDOARJO;SDA;AOi426053110100632328ff20;INC50112699;0;0;0
202608;AREA 3;JATENG-DIY;MAGELANG;MGE;AOi426053101493071932bb70;INC50114335;0;0;0
202608;AREA 3;BALI NUSRA;MATARAM;TLW;AOk4260602074533952e014f0;INC50118833;0;0;0
202608;AREA 3;BALI NUSRA;MATARAM;SBW;AOi4260603030144090cc69f0;INC50121427;0;0;0
202608;AREA 3;BALI NUSRA;MATARAM;DMP;AOi42606030253147935c02f0;INC50130904;0;0;0
202608;AREA 3;JATIM;MALANG;KLJ;AOk4260606013845275980170;INC50131681;0;0;0
202608;AREA 3;JATIM;SURABAYA;KNN;AOi4260602060057990bf3b50;INC50142511;0;0;0
202608;AREA 3;JATENG-DIY;SEMARANG;PEC;AOi4260610014906774df6c60;INC50143589;0;0;0
202608;AREA 3;BALI NUSRA;MATARAM;SWE;AOi42605310558091997f90b0;INC50146865;0;0;0
202608;AREA 3;JATENG-DIY;PEKALONGAN;CMA;AOi4260603024359420069860;INC50147872;0;0;0
202608;AREA 3;BALI NUSRA;KUPANG;TNA;AOi4260604050255178c983d0;INC50150076;0;0;0
202608;AREA 3;BALI NUSRA;DENPASAR;SGR;AOi426060111020371616f240;INC50153304;0;0;0
202608;AREA 3;BALI NUSRA;DENPASAR;UBN;AOi4260602044940752f37630;INC50155460;0;0;0
202608;AREA 3;BALI NUSRA;MATARAM;BIM;AOi42606011147227037c6dc0;INC50160267;0;0;0
202608;AREA 3;BALI NUSRA;MATARAM;MTR;AOi4260601090605083499080;INC50160957;0;0;0
202608;AREA 3;JATENG-DIY;PURWOKERTO;SDJ;AOi42605300804157801bf6b0;INC50168586;0;0;0
202608;AREA 3;BALI NUSRA;MATARAM;DMP;AOi426060204163255597fdf0;INC50172195;0;0;0
202608;AREA 3;JATIM;SURABAYA;KNN;AOs32605230601248014cb410;INC50173314;0;0;0
202608;AREA 3;BALI NUSRA;FLORES;END;AOk42606100852554347a7090;INC50181712;0;0;0
202608;AREA 3;BALI NUSRA;MATARAM;MTR;AOi4260602023715087659610;INC50182982;0;0;0
202608;AREA 3;BALI NUSRA;MATARAM;SBW;AOi426060501554746945ab10;INC50186168;0;0;0
202608;AREA 3;JATIM;MALANG;MLG;AOs32606030558014890ad5c0;INC50192421;0;0;0
202608;AREA 3;JATENG-DIY;MAGELANG;KTA;AOi4260528015402726d4fb60;INC50203216;0;0;0
202608;AREA 3;BALI NUSRA;FLORES;END;AOi4260602015747370af78a0;INC50222915;0;0;0
202608;AREA 3;JATIM;MALANG;GDG;AOi42606071123104678d9cf0;INC50224443;0;0;0
202608;AREA 3;BALI NUSRA;FLORES;MMR;AOi42606060929516958363d0;INC50232647;0;0;0
202608;AREA 3;JATIM;SURABAYA;JGR;AOs3260603050348020a48bd0;INC50234110;0;0;0
202608;AREA 3;BALI NUSRA;FLORES;MMR;AOi4260608065137884c616e0;INC50234703;0;0;0
202608;AREA 3;JATENG-DIY;MAGELANG;PWJ;AOi426060908171685387d1a0;INC50237563;0;0;0
202608;AREA 3;JATIM;SURABAYA;BKL;AOi4260531075936205e79920;INC50237586;0;0;0
202608;AREA 3;BALI NUSRA;MATARAM;MTR;AOi426053102242912273b220;INC50241541;0;0;0
202608;AREA 3;JATIM;MADIUN;KDI;AOs3260605094618087452ca0;INC50243183;0;0;0
202608;AREA 3;BALI NUSRA;DENPASAR;JBR;AOi4260608094700228a91ab0;INC50244592;0;0;0
202608;AREA 3;JATENG-DIY;SURAKARTA;KRT;AOi426060108502209971b9c0;INC50248771;0;0;0
202608;AREA 3;BALI NUSRA;KUPANG;OSP;AOi42606030934164033e94f0;INC50262036;0;0;1
202608;AREA 3;JATENG-DIY;SEMARANG;UNR;AOi4260606103007548af9640;INC50262529;0;0;0
202608;AREA 3;JATIM;SURABAYA;LKI;AOs3260609091647845a6fb90;INC50263081;0;0;0
202608;AREA 3;BALI NUSRA;FLORES;LWB;AOi4260530085521317bc5190;INC50264428;0;0;0
202608;AREA 3;JATENG-DIY;YOGYAKARTA;PGR;AOi4260611070918009a956c0;INC50264757;0;0;0
202608;AREA 3;JATIM;SURABAYA;WRP;AOi4260602122846279260c70;INC50268002;0;0;1
202608;AREA 3;JATENG-DIY;PURWOKERTO;CLC;AOi426060412190322802d140;INC50269178;0;0;0
202608;AREA 3;JATENG-DIY;PEKALONGAN;TEG;AOi4260605035720808670db0;INC50271611;0;0;0
202608;AREA 3;JATENG-DIY;PURWOKERTO;GML;AOi426052602032629587a410;INC50278853;0;0;0
202608;AREA 3;JATENG-DIY;MAGELANG;MGE;AOs32606060156213757b2be0;INC50284858;0;0;0
202608;AREA 3;BALI NUSRA;KUPANG;KPN;AOi42606081242068672aa5c0;INC50291572;0;0;0
202608;AREA 3;JATIM;SIDOARJO;SDA;AOb0260605101204171258850;INC50292153;0;0;0
202608;AREA 3;BALI NUSRA;MATARAM;TET;AOi426060607061599441b8b0;INC50293110;0;0;1
202608;AREA 3;BALI NUSRA;MATARAM;MTR;AOi42606140403496954a2330;INC50296427;0;0;0
202608;AREA 3;BALI NUSRA;DENPASAR;TOP;AOi426061306453118380afe0;INC50298292;0;0;0
202608;AREA 3;BALI NUSRA;MATARAM;MTR;AOi426060305200270717db00;INC50300318;0;0;0
202608;AREA 3;JATIM;SURABAYA;MGO;AOi426061306230219422b830;INC50303688;0;0;0
202608;AREA 3;JATIM;SURABAYA;KML;AOi4260612105739016279410;INC50304218;0;0;1
202608;AREA 3;JATIM;SURABAYA;GBG;AOi4260612014110573a07eb0;INC50309224;0;0;0
202608;AREA 3;JATENG-DIY;PEKALONGAN;PML;AOi4260606040422935e088f0;INC50314505;0;0;0
202608;AREA 3;BALI NUSRA;KUPANG;TNA;AOi426061109414027521f410;INC50321557;0;0;0
202608;AREA 3;JATENG-DIY;SEMARANG;KUD;AOi4260602123033751acc3d0;INC50323105;0;0;0
202608;AREA 3;JATIM;SIDOARJO;BEJ;AOi1260611123511227daef60;INC50324565;0;0;0
202608;AREA 3;JATENG-DIY;PURWOKERTO;CLC;AOi4260530120047840d844f0;INC50328953;0;0;0
202608;AREA 3;JATENG-DIY;PEKALONGAN;PBG;AOi42606091028375171d7e00;INC50329808;0;0;0
202608;AREA 3;JATIM;SURABAYA;OMB;AOi42605300123088405f2340;INC50333332;0;0;0
202608;AREA 3;JATENG-DIY;PEKALONGAN;PBG;AOk4260617011315629310260;INC50340062;0;0;0
202608;AREA 3;JATIM;SURABAYA;KJR;AOi12606130929388851e2840;INC50340916;0;0;0
202608;AREA 3;JATENG-DIY;YOGYAKARTA;KLS;AOi4260612100423615404900;INC50341755;0;0;0
202608;AREA 3;BALI NUSRA;KUPANG;OSP;AOi4260610050629553560e60;INC50343136;0;0;1
202608;AREA 3;BALI NUSRA;MATARAM;SWE;AOi42606160858280580443b0;INC50347195;0;0;0
202608;AREA 3;JATIM;SURABAYA;KML;AOi426061501423013055be70;INC50347290;0;0;1
202608;AREA 3;JATENG-DIY;PURWOKERTO;KLP;AOk4260609045249538af5c50;INC50349976;0;0;0
202608;AREA 3;BALI NUSRA;MATARAM;DMP;AOi4260606104002557010d80;INC50350801;0;0;0
202608;AREA 3;BALI NUSRA;MATARAM;MTR;AOk4260606085520200fb4e50;INC50350879;0;0;0
202608;AREA 3;JATIM;SIDOARJO;TUN;AOi4260601072730907784bb0;INC50353081;0;0;0
202608;AREA 3;BALI NUSRA;MATARAM;BIM;AOk42606020927513331ebbd0;INC50355081;0;0;0
202608;AREA 3;BALI NUSRA;DENPASAR;LVN;AOi4260531023021207053e90;INC50357442;0;0;0
202608;AREA 3;JATENG-DIY;MAGELANG;KBM;AOi4260617015417119fe86a0;INC50358243;0;0;0
202608;AREA 3;JATENG-DIY;YOGYAKARTA;KGD;AOi4260603115553761de0a90;INC50419192;0;0;0
202608;AREA 3;BALI NUSRA;DENPASAR;JBR;PDAk4260610015201027afadc0;INC50366443;0;0;0
202608;AREA 3;BALI NUSRA;MATARAM;MTR;AOk42606100118201876b0b20;INC50367688;0;0;0
202608;AREA 3;BALI NUSRA;DENPASAR;SAU;AOi4260611071428380ade320;INC50372173;0;0;0
202608;AREA 3;JATENG-DIY;MAGELANG;MGE;AOk426060903595512615f400;INC50492209;0;0;0
202608;AREA 3;BALI NUSRA;DENPASAR;UBN;AOi4260612064226880048270;INC50374925;0;0;0
202608;AREA 3;JATIM;MALANG;PKS;AOi4260609083221192b78ff0;INC50377979;0;0;0
202608;AREA 3;BALI NUSRA;FLORES;RTE;AOi42606060314082706add50;INC50378973;0;0;0
202608;AREA 3;JATIM;MALANG;SWJ;AOk4260615114313381490d10;INC50381325;0;0;0
202608;AREA 3;JATIM;SURABAYA;PME;AOk42606170812313017d8ef0;INC50385352;0;0;0
202608;AREA 3;JATENG-DIY;PURWOKERTO;SUK;AOi4260614054803243d233c0;INC50395766;0;0;0
202608;AREA 3;JATIM;SIDOARJO;TPO;AOi426060208245865238e910;INC50400418;0;0;0
202608;AREA 3;JATENG-DIY;PURWOKERTO;SUK;AOi4260602100332186c5bbb0;INC50411326;0;0;0
202608;AREA 3;BALI NUSRA;DENPASAR;TBN;AOi42606010919060055d92f0;INC50411534;0;0;0
202608;AREA 3;JATIM;SURABAYA;ARB;AOi4260608064423940dd2b60;INC50413903;0;0;1
202608;AREA 3;JATENG-DIY;PURWOKERTO;SUK;AOi4260602083627303dbb6e0;INC50414356;0;0;0
202608;AREA 3;JATENG-DIY;SEMARANG;SMT;AOi4260609050431277e69ce0;INC50415515;0;0;0
202608;AREA 3;BALI NUSRA;DENPASAR;KLM;AOi4260602122415417315120;INC50420538;0;0;0
202608;AREA 3;JATIM;MADIUN;NWI;AOi4260615075316086389f30;INC50427310;0;0;0
202608;AREA 3;JATENG-DIY;YOGYAKARTA;WNS;AOi426060405161276424ef40;INC50427881;0;0;1
202608;AREA 3;JATENG-DIY;PURWOKERTO;SUK;AOi42606070717593958be340;INC50432943;0;0;0
202608;AREA 3;JATENG-DIY;PURWOKERTO;BJR;AOi4260619082131256420070;INC50434598;0;0;0
202608;AREA 3;JATENG-DIY;PURWOKERTO;AJB;AOi426060311105278572cfc0;INC50440005;0;0;0
202608;AREA 3;BALI NUSRA;FLORES;RTE;AOi42606040304464949b3650;INC50440138;0;0;0
202608;AREA 3;JATIM;MALANG;BRG;AOi426060209251258514f200;INC50442443;0;0;0
202608;AREA 3;JATIM;SURABAYA;GBG;AOi42606020629518711fb790;INC50443213;0;0;0
202608;AREA 3;JATIM;LAMONGAN;SMJ;AOi426061810073666904d7c0;INC52195031;0;0;0
202608;AREA 3;JATIM;SURABAYA;BAB;AOi4260609124459477bb5c90;INC50445058;0;0;1
202608;AREA 3;BALI NUSRA;FLORES;RTE;AOi4260607095247401762de0;INC50448239;0;0;0
202608;AREA 3;BALI NUSRA;DENPASAR;SGR;AOi4260610092254806f2a1f0;INC50450600;0;0;0
202608;AREA 3;BALI NUSRA;MATARAM;MTR;AOb02606090932354529f7890;INC50452329;0;0;0
202608;AREA 3;BALI NUSRA;KUPANG;KPN;AOi1260621101310469813ab0;INC50452986;0;0;0
202608;AREA 3;JATENG-DIY;YOGYAKARTA;KGD;AOi4260602072747434203f40;INC50460696;0;0;0
202608;AREA 3;BALI NUSRA;MATARAM;BIM;AOk4260620104618782e91a40;INC50467858;0;0;0
202608;AREA 3;BALI NUSRA;MATARAM;PRY;AOk426060206571900827ea70;INC50468218;0;0;0
202608;AREA 3;JATIM;SURABAYA;KPS;AOi42606200348015434672f0;INC50468909;0;0;0
202608;AREA 3;JATIM;SURABAYA;TNS;AOi42606170717455962f26c0;INC50471422;0;0;0
202608;AREA 3;JATIM;MALANG;TMP;AOi4260608080820690f07ec0;INC50471863;0;0;0
202608;AREA 3;JATIM;SIDOARJO;PDA;AOs3260609010355836238d70;INC50477082;0;0;0
202608;AREA 3;JATIM;MADIUN;MNZ;AOi42606170504295566eba50;INC50477278;0;0;0
202608;AREA 3;JATIM;SURABAYA;KRP;AOi4260617114000905333740;INC50479111;0;0;0
202608;AREA 3;JATENG-DIY;SEMARANG;KUD;AOi426061309105510530c9e0;INC50481604;0;0;0
202608;AREA 3;JATIM;SURABAYA;MGO;AOi426061807033574095a6b0;INC50481787;0;0;0
202608;AREA 3;BALI NUSRA;MATARAM;TET;AOi4260610064607662fead90;INC50486261;0;0;0
202608;AREA 3;BALI NUSRA;MATARAM;SGG;AOi42606190943298623f0f20;INC50487295;0;0;1
202608;AREA 3;BALI NUSRA;DENPASAR;MMN;AOi4260603092435796d4fbc0;INC50487350;0;0;0
202608;AREA 3;JATENG-DIY;PEKALONGAN;SBA;AOi426061701062625512b740;INC50488869;0;0;0
202608;AREA 3;JATIM;SURABAYA;KNN;AOs32606111114570518c1f80;INC50489559;0;0;0
202608;AREA 3;JATENG-DIY;PURWOKERTO;CLC;AOi42606031029532519f96c0;INC50495540;0;0;0
202608;AREA 3;BALI NUSRA;MATARAM;BIM;AOk4260612093004871db7650;INC50496179;0;0;0
202608;AREA 3;JATENG-DIY;SEMARANG;SMC;AOs326052902510216610a320;INC50497540;0;0;0
202608;AREA 3;BALI NUSRA;MATARAM;MTR;AOi4260620085145957f827b0;INC50503668;0;0;0
202608;AREA 3;JATIM;MADIUN;PAE;AOs3260622050502313050c90;INC50505153;0;0;0
202608;AREA 3;BALI NUSRA;MATARAM;BIM;AOi42606010933236373a3040;INC50507251;0;0;0
202608;AREA 3;BALI NUSRA;MATARAM;BIM;AOi426060107592745021a760;INC50508628;0;0;0
202608;AREA 3;BALI NUSRA;DENPASAR;UBN;AOi4260604105308207f5bb80;INC50509830;0;0;0
202608;AREA 3;JATIM;LAMONGAN;GSK;AOi1260623090728915826e10;INC50513359;0;0;0
202608;AREA 3;JATENG-DIY;MAGELANG;PWJ;AOk42606101138236378756b0;INC50513935;0;0;0
202608;AREA 3;BALI NUSRA;DENPASAR;GIN;AOi4260616084345379f950f0;INC50514747;0;0;0
202608;AREA 3;BALI NUSRA;DENPASAR;UBU;AOi4260623011301356820af0;INC51315439;0;0;0
202608;AREA 3;BALI NUSRA;KUPANG;KEF;AOi426061102062205473d6e0;INC50520223;0;0;0
202608;AREA 3;BALI NUSRA;KUPANG;KPN;AOi4260617045838126da32f0;INC50524710;0;0;0
202608;AREA 3;JATIM;MALANG;NTG;AOi4260604012028622f16170;INC50529921;0;0;0
202608;AREA 3;JATENG-DIY;SEMARANG;RBN;AOi42606100701281272eb2c0;INC50530847;0;0;0
202608;AREA 3;JATIM;SURABAYA;MGO;AOi4260608090004103587310;INC50531507;0;0;0
202608;AREA 3;JATENG-DIY;SEMARANG;BAN;AOi4260531092154320b85e70;INC50534117;0;0;0
202608;AREA 3;JATENG-DIY;SEMARANG;RBN;AOk42606020144182371938f0;INC50535094;0;0;0
202608;AREA 3;JATENG-DIY;SEMARANG;GNK;AOi1260611011553932923ad0;INC50536424;0;0;0
202608;AREA 3;BALI NUSRA;DENPASAR;KLM;AOi4260621013735082ce2a60;INC50537307;0;0;0
202608;AREA 3;JATENG-DIY;MAGELANG;MGE;AOi426060105195433225ef20;INC50540345;0;0;0
202608;AREA 3;BALI NUSRA;DENPASAR;MMN;AOi426053112030667505cfb0;INC50870288;0;0;0
202608;AREA 3;JATIM;SURABAYA;TNS;AOi42606161154190023da260;INC50544063;0;0;0
202608;AREA 3;BALI NUSRA;DENPASAR;UBN;AOs3260615105130965fe82c0;INC50546281;0;0;0
202608;AREA 3;JATIM;JEMBER;KPP;AOi4260620092533720020800;INC50546353;0;0;1
202608;AREA 3;BALI NUSRA;DENPASAR;KUT;AOi426060108490209098f310;INC50547572;0;0;0
202608;AREA 3;JATIM;MALANG;BTU;AOi42606101227513900b9370;INC50548159;0;0;0
202608;AREA 3;BALI NUSRA;DENPASAR;MMN;AOi42606150810546729e8f60;INC50549672;0;0;0
202608;AREA 3;JATIM;SURABAYA;KRP;AOi1260609110143926e10880;INC50557658;0;0;0
202608;AREA 3;JATIM;SIDOARJO;SPJ;AOi4260602095631961a8aa70;INC50551928;0;0;0
202608;AREA 3;JATENG-DIY;SEMARANG;UNR;AOi426060401094468033ddc0;INC50554064;0;0;0
202608;AREA 3;BALI NUSRA;MATARAM;SIL;AOi4260623123708394609460;INC50554170;0;0;0
202608;AREA 3;JATENG-DIY;MAGELANG;KTA;AOi12605300105001022884a0;INC50554196;0;0;0
202608;AREA 3;JATIM;SIDOARJO;SDA;PDAk42606010109038581560b0;INC50556583;0;0;0
202608;AREA 3;JATIM;SURABAYA;KPS;AOi4260619032340497f21920;INC50559240;0;0;0
202608;AREA 3;JATIM;SURABAYA;KNN;AOi4260615080935067aabff0;INC50559270;0;0;0
202608;AREA 3;JATIM;SURABAYA;KJR;AOi4260612062823350939570;INC50560914;0;0;0
202608;AREA 3;JATIM;SURABAYA;ARB;AOi4260615024651811993e10;INC50561472;0;0;1
202608;AREA 3;JATIM;SIDOARJO;TUN;AOi42606230624146119b9f00;INC50563404;0;0;0
202608;AREA 3;JATIM;SURABAYA;BKL;AOi4260610084222148f11530;INC50570408;0;0;0
202608;AREA 3;JATENG-DIY;SEMARANG;SMT;AOs326060403391752439e080;INC50570807;0;0;0
202608;AREA 3;JATIM;SIDOARJO;SPJ;AOi1260608055205983f8f1d0;INC50573409;0;0;0
202608;AREA 3;BALI NUSRA;MATARAM;TET;AOi4260623030831135420480;INC50575463;0;0;0
202608;AREA 3;BALI NUSRA;MATARAM;MTR;AOi4260620014554039efa930;INC50575505;0;0;0
202608;AREA 3;JATENG-DIY;PURWOKERTO;GML;AOi4260622072347084ec28c0;INC50575643;0;0;0
202608;AREA 3;BALI NUSRA;MATARAM;TET;AOi42606190953108134712c0;INC50576308;0;0;1
202608;AREA 3;BALI NUSRA;FLORES;BJW;AOi42605260153288627fe4d0;INC50576393;0;0;1
202608;AREA 3;JATIM;SURABAYA;BKL;AOi4260610080859676caa0d0;INC50577031;0;0;1
202608;AREA 3;BALI NUSRA;DENPASAR;SGR;AOi42606110409571961e9d20;INC50577305;0;0;0
202608;AREA 3;BALI NUSRA;MATARAM;SGG;AOi4260619023353630056d50;INC50578867;0;0;1
202608;AREA 3;BALI NUSRA;MATARAM;MTR;AOi4260528072408922606cb0;INC50580197;0;0;0
202608;AREA 3;BALI NUSRA;MATARAM;SBW;AOi4260603110345157d40580;INC50583895;0;0;0
202608;AREA 3;JATENG-DIY;PURWOKERTO;CLC;AOi4260607095524691880600;INC50584390;0;0;0
202608;AREA 3;BALI NUSRA;MATARAM;BIM;AOi426062002542008191b590;INC50584938;0;0;0
202608;AREA 3;BALI NUSRA;DENPASAR;TBN;AOi4260623115805638df4ab0;INC50589362;0;0;0
202608;AREA 3;JATENG-DIY;YOGYAKARTA;PGR;AOi4260614120504571792640;INC50785185;0;0;0
202608;AREA 3;BALI NUSRA;DENPASAR;TBN;AOi4260613100531331e0a0e0;INC51218404;0;0;0
202608;AREA 3;JATIM;SIDOARJO;JOM;AOi426062111163668039c510;INC50593259;0;0;0
202608;AREA 3;BALI NUSRA;MATARAM;SBW;AOi426061903032224706dfd0;INC50595733;0;0;0
202608;AREA 3;JATIM;SURABAYA;KML;AOi42606240456593129c8b60;INC50597896;0;0;1
202608;AREA 3;JATIM;SURABAYA;OMB;AOi4260602023703959a844d0;INC51289450;0;0;0
202608;AREA 3;BALI NUSRA;DENPASAR;SGR;AOi4260614015801309912940;INC50611717;0;0;0
202608;AREA 3;BALI NUSRA;KUPANG;KPN;AOi426060602520448027ff70;INC50613582;0;0;0
202608;AREA 3;BALI NUSRA;MATARAM;BIM;AOi4260603100240064677540;INC50613806;0;0;0
202608;AREA 3;JATIM;MADIUN;KDI;AOi4260623074330284d987c0;INC50614330;0;0;0
202608;AREA 3;BALI NUSRA;KUPANG;KEF;AOi426061005560493054a620;INC50614594;0;0;0
202608;AREA 3;JATIM;SURABAYA;KML;AOi4260625014336526b167d0;INC50615343;0;0;1
202608;AREA 3;BALI NUSRA;MATARAM;MTR;AOi4260610052908543bc7280;INC50616375;0;0;0
202608;AREA 3;BALI NUSRA;DENPASAR;NSD;AOi42606230302549413a47b0;INC50617215;0;0;0
202608;AREA 3;BALI NUSRA;MATARAM;SBW;AOi426062102402328106dcf0;INC50619412;0;0;0
202608;AREA 3;JATIM;SURABAYA;KPS;AOi4260623065348372cc7a20;INC50619718;0;0;0
202608;AREA 3;JATIM;SURABAYA;KNN;AOk42606170518313421dc8a0;INC50620275;0;0;0
202608;AREA 3;BALI NUSRA;FLORES;END;AOi4260617020325713daff40;INC50620924;0;0;0
202608;AREA 3;BALI NUSRA;DENPASAR;SMA;AOi4260607071602063299c10;INC50631461;0;0;0
202608;AREA 3;JATENG-DIY;SURAKARTA;KRT;AOi4260617092926634431d30;INC50632490;0;0;0
202608;AREA 3;JATENG-DIY;SEMARANG;MJP;AOi4260614070830225f85360;INC50633022;0;0;0
202608;AREA 3;BALI NUSRA;DENPASAR;TOP;AOi42606070822163135d7aa0;INC50633415;0;0;0
202608;AREA 3;JATIM;JEMBER;KPP;AOi4260620094235812c6a530;INC50685797;0;0;0
202608;AREA 3;BALI NUSRA;MATARAM;TET;AOi42606190956280417f48c0;INC50634789;0;0;1
202608;AREA 3;JATENG-DIY;YOGYAKARTA;SMN;AOi4260612105613910927670;INC50636007;0;0;0
202608;AREA 3;BALI NUSRA;KUPANG;KPN;AOi4260616012419248615f30;INC50637830;0;0;0
202608;AREA 3;JATIM;SIDOARJO;SDN;AOi42606181122462375dddd0;INC50639629;0;0;0
202608;AREA 3;JATENG-DIY;PEKALONGAN;KTM;AOi4260623120146094716e20;INC50639789;0;0;0
202608;AREA 3;BALI NUSRA;MATARAM;SGG;AOi4260624082354928238f40;INC50640500;0;0;0
202608;AREA 3;BALI NUSRA;DENPASAR;BNO;AOi4260602023016450582f60;INC50640778;0;0;0
202608;AREA 3;JATIM;SIDOARJO;MJS;AOi1260606093835483858000;INC50641257;0;0;0
202608;AREA 3;JATIM;SURABAYA;KML;AOs3260617072207000b4ff90;INC50641877;0;0;1
202608;AREA 3;JATIM;SURABAYA;PME;AOi4260616015539768ade0c0;INC50644115;0;0;0
202608;AREA 3;BALI NUSRA;MATARAM;SWE;AOi42605300649136722af310;INC50644466;0;0;0
202608;AREA 3;BALI NUSRA;DENPASAR;NSD;AOi4260609031101299f662e0;INC50645001;0;0;0
202608;AREA 3;BALI NUSRA;KUPANG;KPN;AOi4260624025519310c73b80;INC50649087;0;0;0
202608;AREA 3;BALI NUSRA;KUPANG;OSP;AOi42606030736441249312a0;INC51336067;0;0;0
202608;AREA 3;BALI NUSRA;MATARAM;MTR;AOi42606050127120560ceaa0;INC50649655;0;0;0
202608;AREA 3;BALI NUSRA;KUPANG;BEN;AOi4260615095953024c56900;INC50650635;0;0;0
202608;AREA 3;JATIM;SIDOARJO;TUN;AOi4260609013329599e59e20;INC50652506;0;0;0
202608;AREA 3;JATENG-DIY;PURWOKERTO;GML;AOi426060710170463826d870;INC50653913;0;0;0
202608;AREA 3;BALI NUSRA;DENPASAR;KLM;AOi42606080945054568d11f0;INC50655007;0;0;0
202608;AREA 3;JATIM;SURABAYA;LKI;AOk4260613090327500a91070;INC50656746;0;0;0
202608;AREA 3;JATENG-DIY;PEKALONGAN;PKL;AOi1260625094137396314a10;INC50656818;0;0;0
202608;AREA 3;BALI NUSRA;DENPASAR;UBU;AOi426060211265890342d510;INC50659561;0;0;0
202608;AREA 3;JATIM;SIDOARJO;TUN;AOi4260611044123181f27850;INC50659724;0;0;0
202608;AREA 3;JATENG-DIY;PURWOKERTO;MAN;AOi4260624055954840d87dd0;INC50661236;0;0;0
202608;AREA 3;BALI NUSRA;DENPASAR;SGR;AOi4260619112339631b68d20;INC50663279;0;0;0
202608;AREA 3;JATIM;SURABAYA;BKL;AOi42606170706486534bc470;INC50664907;0;0;0
202608;AREA 3;JATIM;SURABAYA;LKI;AOi4260604110256520068a70;INC50666046;0;0;0
202608;AREA 3;BALI NUSRA;KUPANG;KPN;AOk42606240246289349d4d30;INC51504988;0;0;0
202608;AREA 3;JATIM;SIDOARJO;PGE;AOk42606260837156386c5940;INC50670095;0;0;0
202608;AREA 3;JATIM;SURABAYA;KJR;AOi4260607121649468c85fc0;INC50671252;0;0;0
202608;AREA 3;JATIM;SIDOARJO;GDA;AOi42606240637233393a9e20;INC50671566;0;0;0
202608;AREA 3;BALI NUSRA;DENPASAR;BNO;AOb0260626011729691165a00;INC50671991;0;0;0
202608;AREA 3;JATIM;SURABAYA;ARB;AOi4260610054048092bfe880;INC50672344;0;0;1
202608;AREA 3;JATIM;SURABAYA;KNN;AOi42606071051330549c7030;INC50680078;0;0;0
202608;AREA 3;BALI NUSRA;DENPASAR;KUT;AOi4260623115332161546c70;INC50680892;0;0;0
202608;AREA 3;BALI NUSRA;DENPASAR;SGR;AOi4260625093005710b1bf00;INC50680978;0;0;0
202608;AREA 3;JATIM;MALANG;KLJ;AOi426060809233802074c980;INC50681027;0;0;0
202608;AREA 3;JATIM;SURABAYA;GBG;AOi42606280223384604bc390;INC50686228;0;0;0
202608;AREA 3;BALI NUSRA;DENPASAR;SAU;AOi426052104582663079bc50;INC50686504;0;0;0
202608;AREA 3;JATIM;SURABAYA;BEA;AOi4260606055631366f91eb0;INC50686514;0;0;0
202608;AREA 3;BALI NUSRA;MATARAM;DMP;AOi4260616030247013a1b120;INC50720925;0;0;0
202608;AREA 3;JATENG-DIY;PURWOKERTO;CLO;AOi4260624074525762d3efa0;INC50690220;0;0;0
202608;AREA 3;JATENG-DIY;PURWOKERTO;BYM;AOi426060510104517930e700;INC51745973;0;0;0
202608;AREA 3;BALI NUSRA;DENPASAR;TBN;AOi42606270750433427d23d0;INC50690624;0;0;0
202608;AREA 3;JATIM;SURABAYA;MGO;AOi4260604050327595d12190;INC50690842;0;0;0
202608;AREA 3;JATIM;SURABAYA;GBG;AOi426061107104425172c380;INC51453930;0;0;0
202608;AREA 3;JATIM;MALANG;MLG;AOk4260622044407516fdb4f0;INC50690967;0;0;0
202608;AREA 3;JATIM;SIDOARJO;SPJ;AOi4260629013547666e1f2f0;INC50691239;0;0;0
202608;AREA 3;BALI NUSRA;MATARAM;SAP;AOi4260625120247670605710;INC50693363;0;0;1
202608;AREA 3;JATIM;SURABAYA;LKI;AOi1260629063240904299a60;INC50698334;0;0;0
202608;AREA 3;JATIM;SIDOARJO;WRU;PDAk426062510460402979fa70;INC50699912;0;0;0
202608;AREA 3;JATIM;SURABAYA;BKL;AOi4260602090503243292330;INC50700857;0;0;0
202608;AREA 3;JATIM;MALANG;MLG;AOi4260603114516914acbd20;INC50703417;0;0;0
202608;AREA 3;JATIM;SIDOARJO;MRT;AOi4260623094716731c369a0;INC50704825;0;0;0
202608;AREA 3;JATENG-DIY;YOGYAKARTA;KEN;AOs32606010218120369b47e0;INC50704998;0;0;0
202608;AREA 3;JATENG-DIY;YOGYAKARTA;KLS;AOi12606220540143519f9490;INC50707887;0;0;0
202608;AREA 3;BALI NUSRA;MATARAM;SIL;AOk426062411525512240b820;INC50710497;0;0;0
202608;AREA 3;BALI NUSRA;MATARAM;SGG;AOi4260530051852985d36b50;INC50712344;0;0;1
202608;AREA 3;BALI NUSRA;MATARAM;MTR;AOi42606131152070068d8d20;INC50712547;0;0;0
202608;AREA 3;JATIM;SIDOARJO;PDA;AOk42606191226128093ee300;INC50712803;0;0;0
202608;AREA 3;BALI NUSRA;MATARAM;BIM;AOi42606270745200827e9a40;INC50713128;0;0;0
202608;AREA 3;BALI NUSRA;KUPANG;ATB;AOi4260618013329239a533b0;INC50722489;0;0;0
202608;AREA 3;JATIM;SURABAYA;KPS;AOi4260620064554053a33590;INC50723679;0;0;0
202608;AREA 3;JATIM;SIDOARJO;TPO;AOi12606300927238406ac810;INC50724637;0;0;0
202608;AREA 3;BALI NUSRA;DENPASAR;KLM;AOi126053009263540224edc0;INC50727355;0;0;0
202608;AREA 3;BALI NUSRA;DENPASAR;SMA;AOi4260608033729855cce7e0;INC50732991;0;0;0
202608;AREA 3;BALI NUSRA;DENPASAR;UBN;AOi426062507312055403fe10;INC50735404;0;0;0
202608;AREA 3;JATIM;SURABAYA;PME;AOi42606250936223349b64e0;INC50735875;0;0;0
202608;AREA 3;JATENG-DIY;PEKALONGAN;BTG;AOi42606291241192552d2830;INC50741431;0;0;0
202608;AREA 3;JATIM;SURABAYA;DMO;AOi4260623035907572894a20;INC50741963;0;0;0
202608;AREA 3;BALI NUSRA;DENPASAR;JBR;AOi4260622030615991896b20;INC50745867;0;0;0
202608;AREA 3;BALI NUSRA;KUPANG;OSP;AOi42606180405292098e3ce0;INC50788563;0;0;0
202608;AREA 3;BALI NUSRA;FLORES;KLH;AOi4260604084332977ce04a0;INC50750603;0;0;0
202608;AREA 3;JATIM;SURABAYA;TNS;AOi42606260138435829a7a60;INC50751917;0;0;0
202608;AREA 3;BALI NUSRA;MATARAM;SBW;AOi4260612112144568be4540;INC50758558;0;0;0
202608;AREA 3;JATENG-DIY;PEKALONGAN;TTL;AOi4260629102336644e9de60;INC50760544;0;0;0
202608;AREA 3;JATIM;SIDOARJO;SDA;AOi4260621033117774dd0070;INC50763546;0;0;0
202608;AREA 3;JATIM;SIDOARJO;PGE;AOi42606290731246862da420;INC50763903;0;0;0
202608;AREA 3;JATIM;MALANG;TMP;AOi4260610010910066192310;INC50764301;0;0;0
202608;AREA 3;JATIM;SURABAYA;GBG;AOs32606020848574419374d0;INC50774680;0;0;0
202608;AREA 3;BALI NUSRA;FLORES;LWB;AOi4260613090534927be2390;INC50776172;0;0;1
202608;AREA 3;JATIM;SIDOARJO;MJS;AOi426062306421090574f590;INC50778404;0;0;0
202608;AREA 3;JATIM;MADIUN;MNZ;AOk4260617092515144503120;INC50778967;0;0;0
202608;AREA 3;JATIM;JEMBER;KBS;PDAk4260625110148574c3ae60;INC50782938;0;0;0
202608;AREA 3;JATENG-DIY;SEMARANG;UNR;AOi42606081045313702f8460;INC50867612;0;0;0
202608;AREA 3;JATIM;SIDOARJO;WRU;AOi4260620121252449672c70;INC50788365;0;0;0
202608;AREA 3;JATIM;JEMBER;LCE;AOi4260605012320464256b50;INC50789429;0;0;0
202608;AREA 3;BALI NUSRA;KUPANG;TNA;AOi4260602064753429c4c010;INC50789910;0;0;0
202608;AREA 3;BALI NUSRA;MATARAM;DMP;AOk4260629121400282f1cfb0;INC50790413;0;0;0
202608;AREA 3;JATIM;MALANG;TUL;AOi4260602054115402a1ed00;INC50790998;0;0;0
202608;AREA 3;JATIM;MALANG;BLB;AOs3260608102651229c4ec00;INC50792459;0;0;0
202608;AREA 3;BALI NUSRA;KUPANG;OSP;AOk42606131213167405543c0;INC50794488;0;0;1
202608;AREA 3;JATIM;SURABAYA;KBL;AOi426062703150086148db70;INC50794673;0;0;0
202608;AREA 3;BALI NUSRA;DENPASAR;SGR;AOi4260613125201515bac370;INC50795797;0;0;0
202608;AREA 3;BALI NUSRA;DENPASAR;UBN;AOi42606210527539514b22b0;INC50795981;0;0;0
202608;AREA 3;BALI NUSRA;FLORES;LWB;AOi4260613035702562a704b0;INC50796609;0;0;1
202608;AREA 3;JATIM;SURABAYA;KNN;AOi4260619085602293874fc0;INC50820004;0;0;0
202608;AREA 3;JATIM;SURABAYA;BKL;AOi4260531063201142aec240;INC50820906;0;0;0
202608;AREA 3;JATENG-DIY;SURAKARTA;KRT;AOi42606151021048611165b0;INC50821197;0;0;0
202608;AREA 3;JATIM;SURABAYA;GBG;AOi42606080219166921d7b40;INC51715490;0;0;0
202608;AREA 3;JATIM;JEMBER;LMJ;AOk4260623115752371f07db0;INC50824595;0;0;0
202608;AREA 3;JATIM;MALANG;BLB;AOi42606050549228204349d0;INC50825113;0;0;0
202608;AREA 3;JATENG-DIY;YOGYAKARTA;KBU;AOi4260604104301773de61e0;INC50826193;0;0;0
202608;AREA 3;JATENG-DIY;PURWOKERTO;WOS;AOi4260615013604959f59170;INC50830134;0;0;0
202608;AREA 3;JATENG-DIY;YOGYAKARTA;PGR;AOi426060903053674226dcd0;INC50832732;0;0;0
202608;AREA 3;JATENG-DIY;YOGYAKARTA;BBS;AOb0260602093101574f0e500;INC50834249;0;0;0
202608;AREA 3;JATENG-DIY;SURAKARTA;KRT;AOi1260627010353221f1b610;INC51083585;0;0;0
202608;AREA 3;BALI NUSRA;MATARAM;MTR;AOk4260618090418257c53370;INC50837979;0;0;0
202608;AREA 3;JATENG-DIY;PEKALONGAN;SBA;AOi42606041046355103ce800;INC50841873;0;0;0
202608;AREA 3;JATIM;SIDOARJO;BNL;AOi42606081139585122e3e90;INC50842232;0;0;0
202608;AREA 3;BALI NUSRA;DENPASAR;UBN;AOi4260625055835869aae110;INC51867163;0;0;0
202608;AREA 3;BALI NUSRA;DENPASAR;MMN;AOs3260620073803680496790;INC50849309;0;0;0
202608;AREA 3;JATIM;SURABAYA;MGO;AOi42606241151187550bdc20;INC50852565;0;0;0
202608;AREA 3;JATIM;SIDOARJO;PDA;AOi4260612094029693c894e0;INC50854937;0;0;0
202608;AREA 3;BALI NUSRA;FLORES;MMR;AOk4260624112806925dd5410;INC52049847;0;0;0
202608;AREA 3;BALI NUSRA;MATARAM;DMP;AOi4260602121717026c77070;INC50859413;0;0;1
202608;AREA 3;JATENG-DIY;YOGYAKARTA;KGD;AOi1260629021938422c79220;INC50865713;0;0;0
202608;AREA 3;BALI NUSRA;KUPANG;KPN;AOi4260609091937505a6b840;INC50867146;0;0;0
202608;AREA 3;BALI NUSRA;KUPANG;TNA;AOi4260620110856055d16950;INC50868673;0;0;0
202608;AREA 3;BALI NUSRA;KUPANG;BEN;AOi4260617105124523f0db00;INC50868767;0;0;0
202608;AREA 3;BALI NUSRA;DENPASAR;KLM;AOi4260618082643734a4e5c0;INC50868830;0;0;0
202608;AREA 3;BALI NUSRA;KUPANG;OSP;AOi4260622104946373fe77d0;INC50869368;0;0;1
202608;AREA 3;JATIM;MALANG;KPO;AOi1260622110613779749be0;INC50870008;0;0;0
202608;AREA 3;JATIM;SIDOARJO;WRU;AOi4260622012001591258700;INC50870461;0;0;0
202608;AREA 3;BALI NUSRA;FLORES;RTE;AOi4260605103904843fd5350;INC50871565;0;0;0
202608;AREA 3;JATIM;SURABAYA;MYR;AOi4260622063338411d2ae50;INC52044358;0;0;0
202608;AREA 3;JATIM;JEMBER;KBS;AOi4260611124918637cc5a30;INC50872743;0;0;0
202608;AREA 3;JATENG-DIY;SEMARANG;JWN;AOi1260621042228680a6abd0;INC50874002;0;0;0
202608;AREA 3;BALI NUSRA;MATARAM;MTR;AOi4260604064605707e2c2b0;INC50874071;0;0;0
202608;AREA 3;BALI NUSRA;KUPANG;ATB;AOi4260622042236272902580;INC50875767;0;0;0
202608;AREA 3;JATENG-DIY;PEKALONGAN;CMA;AOs3260609094737661f234b0;INC50883485;0;0;0
202608;AREA 3;JATENG-DIY;PURWOKERTO;KLP;AOi426061003272025226f6a0;INC50885550;0;0;0
202608;AREA 3;JATENG-DIY;PURWOKERTO;MAN;AOi4260531110233952509750;INC50886969;0;0;0
202608;AREA 3;JATENG-DIY;YOGYAKARTA;PKM;PDAk426062510365640525ee60;INC50888706;0;0;0
202608;AREA 3;JATIM;SIDOARJO;SPJ;AOi12606100200263819b9f20;INC50897676;0;0;0
202608;AREA 3;JATIM;SURABAYA;SMP;AOk4260619043418455b2f090;INC50899055;0;0;0
202608;AREA 3;BALI NUSRA;KUPANG;BEN;AOi42606231044404511a6990;INC50900657;0;0;0
202608;AREA 3;BALI NUSRA;DENPASAR;UBU;AOi4260615124142359d2ee30;INC50901016;0;0;0
202608;AREA 3;BALI NUSRA;MATARAM;DMP;AOk42606090850191754e36d0;INC50901437;0;0;0
202608;AREA 3;JATIM;JEMBER;KPP;AOi4260621074646397da4b60;INC50901667;0;0;1
202608;AREA 3;BALI NUSRA;MATARAM;SBW;AOi4260623093151674aaae70;INC50903783;0;0;0
202608;AREA 3;BALI NUSRA;DENPASAR;UBN;AOi4260616072128968964f10;INC50911224;0;0;0
202608;AREA 3;BALI NUSRA;DENPASAR;SGR;AOi4260611100429575a01020;INC50912281;0;0;0
202608;AREA 3;JATENG-DIY;PEKALONGAN;PKL;AOk4260608113843611c11560;INC50916572;0;0;0
202608;AREA 3;JATIM;SURABAYA;KPS;AOi426060502270039006f240;INC50920314;0;0;0
202608;AREA 3;JATIM;SURABAYA;KNN;AOi4260624053638788d3de70;INC50922096;0;0;0
202608;AREA 3;BALI NUSRA;MATARAM;SBW;AOk426060608205860000d520;INC50927891;0;0;0
202608;AREA 3;JATENG-DIY;PEKALONGAN;PBG;AOk426061804564142089eac0;INC50932591;0;0;0
202608;AREA 3;JATENG-DIY;PEKALONGAN;SBA;AOi426060111353030402b5c0;INC50934195;0;0;0
202608;AREA 3;JATIM;SURABAYA;ARB;AOi42606230658328514e8bb0;INC50936587;0;0;1
202608;AREA 3;JATENG-DIY;PEKALONGAN;TEG;AOi42606030957305419d3ff0;INC51182680;0;0;0
202608;AREA 3;BALI NUSRA;DENPASAR;NSD;AOk42606241024508432e1cf0;INC50940009;0;0;0
202608;AREA 3;JATENG-DIY;YOGYAKARTA;BBS;PDAk42606291129233565bde80;INC50940499;0;0;0
202608;AREA 3;JATIM;SURABAYA;SMP;AOi42606010935480950f1130;INC50943085;0;0;0
202608;AREA 3;JATIM;MALANG;KPO;AOi42606040409404698fd1a0;INC50944064;0;0;0
202608;AREA 3;JATIM;SURABAYA;MGO;AOi4260628084838843815530;INC50949440;0;0;0
202608;AREA 3;JATIM;SURABAYA;MGO;AOi42606050320049339d2b30;INC50952124;0;0;0
202608;AREA 3;BALI NUSRA;DENPASAR;NSD;AOi4260625051659957f43860;INC50958455;0;0;0
202608;AREA 3;BALI NUSRA;DENPASAR;NSD;AOi1260620122850603600da0;INC50961823;0;0;0
202608;AREA 3;BALI NUSRA;DENPASAR;SRR;AOs3260531070414958489db0;INC50961937;0;0;0
202608;AREA 3;JATENG-DIY;PEKALONGAN;SLW;AOk4260615121333695eb7540;INC50965822;0;0;0
202608;AREA 3;JATENG-DIY;PURWOKERTO;BJR;AOi4260608031318414224fa0;INC50968988;0;0;0
202608;AREA 3;BALI NUSRA;KUPANG;ATB;AOi4260612032755615598ca0;INC50972906;0;0;0
202608;AREA 3;BALI NUSRA;MATARAM;TLW;AOk4260609015804770b1e040;INC50977755;0;0;0
202608;AREA 3;BALI NUSRA;KUPANG;KPN;AOi4260623010645751a009f0;INC50985274;0;0;0
202608;AREA 3;JATIM;MALANG;CAT;AOi4260610084452635841f70;INC50986029;0;0;0
202608;AREA 3;JATENG-DIY;SEMARANG;JHR;AOi4260627012939810dae8e0;INC50986296;0;0;0
202608;AREA 3;BALI NUSRA;FLORES;MMR;AOi4260618112741486ab22f0;INC50989201;0;0;0
202608;AREA 3;JATIM;SIDOARJO;KRN;AOi42606280406526364fa310;INC52499574;0;0;0
202608;AREA 3;BALI NUSRA;FLORES;MMR;AOi42606180727087988897f0;INC50990550;0;0;0
202608;AREA 3;BALI NUSRA;FLORES;MMR;AOi42606180147399604afd90;INC50992266;0;0;0
202608;AREA 3;JATENG-DIY;YOGYAKARTA;BBS;AOk4260611111957845e56d10;INC51000117;0;0;0
202608;AREA 3;JATIM;MALANG;BLB;AOi4260615094647369d6f210;INC51000118;0;0;0
202608;AREA 3;BALI NUSRA;MATARAM;SIL;AOi42606050949144923bbcf0;INC51000848;0;0;0
202608;AREA 3;JATENG-DIY;MAGELANG;KTA;AOi426061911061550752b260;INC51001137;0;0;0
202608;AREA 3;BALI NUSRA;MATARAM;BIM;AOi42606080920308812c1a10;INC51001266;0;0;0
202608;AREA 3;BALI NUSRA;KUPANG;BEN;AOi4260621110451418f9afe0;INC51001785;0;0;1
202608;AREA 3;JATIM;SURABAYA;BKL;AOi4260621083819517f3fdf0;INC51002663;0;0;0
202608;AREA 3;BALI NUSRA;FLORES;LBO;AOs3260617072126260397170;INC51006357;0;0;0
202608;AREA 3;JATIM;SIDOARJO;WRU;AOi42606271056092243fc130;INC51007626;0;0;0
202608;AREA 3;JATIM;MALANG;GDI;AOi4260611035702348a32fd0;INC51008848;0;0;0
202608;AREA 3;JATIM;SURABAYA;RKT;AOi426060102145884012d120;INC51018921;0;0;0
202608;AREA 3;JATIM;SURABAYA;ARB;AOi426060208414086900dbd0;INC51026203;0;0;1
202608;AREA 3;JATIM;SURABAYA;KBL;PDAk4260606105103651074850;INC51027081;0;0;0
202608;AREA 3;BALI NUSRA;MATARAM;TET;AOi4260626101552863a5dd80;INC51041144;0;0;1
202608;AREA 3;JATIM;MALANG;BLB;AOi42606180436084010ddcd0;INC51043604;0;0;0
202608;AREA 3;BALI NUSRA;FLORES;END;AOi4260618085650065d9f7c0;INC51044532;0;0;0
202608;AREA 3;JATENG-DIY;MAGELANG;TEM;AOk42606131103225228af190;INC51045718;0;0;0
202608;AREA 3;BALI NUSRA;FLORES;END;AOi4260622050641291210700;INC51050454;0;0;0
202608;AREA 3;JATENG-DIY;PURWOKERTO;SDJ;AOi4260605094710594f651c0;INC51052276;0;0;0
202608;AREA 3;JATIM;SURABAYA;MGO;AOi4260624103339858b88e00;INC51053128;0;0;0
202608;AREA 3;BALI NUSRA;MATARAM;TET;AOi42606111141392855bdbd0;INC51166447;0;0;1
202608;AREA 3;JATIM;SIDOARJO;WRU;AOi4260616055220003f7aac0;INC51063379;0;0;0
202608;AREA 3;JATIM;SIDOARJO;TPO;AOi42606210300197051ab7d0;INC51063596;0;0;0
202608;AREA 3;BALI NUSRA;MATARAM;SAP;AOi426062209332494724b380;INC51065147;0;0;1
202608;AREA 3;JATIM;MALANG;TMP;AOi4260609120606654d0e3b0;INC51066169;0;0;0
202608;AREA 3;JATENG-DIY;SURAKARTA;GLD;AOs3260602113629424c2daf0;INC51066785;0;0;0
202608;AREA 3;BALI NUSRA;DENPASAR;TOP;AOi4260625111405366a37360;INC51068352;0;0;0
202608;AREA 3;JATIM;SURABAYA;KPS;PDAk4260528082751752b73400;INC51070283;0;0;0
202608;AREA 3;BALI NUSRA;FLORES;MMR;AOi1260616101430706c794e0;INC51070925;0;0;0
202608;AREA 3;JATIM;MADIUN;PON;AOi12606270320591594ec460;INC51072280;0;0;0
202608;AREA 3;JATIM;SURABAYA;BEA;AOi4260615081809331a3caa0;INC51075628;0;0;1
202608;AREA 3;JATIM;SURABAYA;KRP;AOi42606020335267941ef0a0;INC51078345;0;0;0
202608;AREA 3;JATENG-DIY;SEMARANG;RBN;AOk4260609081219418bd7610;INC51080559;0;0;0
202608;AREA 3;JATIM;SURABAYA;IJK;AOi4260616091500796ac4cb0;INC51080880;0;0;0
202608;AREA 3;JATIM;SURABAYA;KNN;AOi42606090517220523666f0;INC51082629;0;0;0
202608;AREA 3;JATENG-DIY;PURWOKERTO;GML;AOi4260617012935644308270;INC51082818;0;0;0
202608;AREA 3;BALI NUSRA;KUPANG;KPN;AOi4260605102126535ef7e30;INC51087159;0;0;0
202608;AREA 3;BALI NUSRA;KUPANG;KPN;AOi4260627123719886767d00;INC51090130;0;0;0
202608;AREA 3;BALI NUSRA;DENPASAR;NSD;AOi42606221228490798c9860;INC51092791;0;0;0
202608;AREA 3;BALI NUSRA;KUPANG;KEF;AOi4260628124855431eeb3f0;INC51097405;0;0;0
202608;AREA 3;JATIM;LAMONGAN;RGL;AOi426062012470513256a800;INC51098912;0;0;0
202608;AREA 3;JATIM;SIDOARJO;SDA;AOi42606260742443366b1be0;INC51100370;0;0;0
202608;AREA 3;JATENG-DIY;PURWOKERTO;AJB;AOs3260530015543469ff5310;INC51101002;0;0;0
202608;AREA 3;JATENG-DIY;PEKALONGAN;RDD;AOi42606141036568602c5dd0;INC51104018;0;0;0
202608;AREA 3;JATENG-DIY;PURWOKERTO;AJB;AOi4260531112318557ee3d30;INC51107542;0;0;0
202608;AREA 3;JATIM;SURABAYA;KNN;AOi4260610103149430c9f0a0;INC51107671;0;0;0
202608;AREA 3;JATIM;MALANG;SGS;AOk42606290149286258ad1d0;INC51109063;0;0;0
202608;AREA 3;BALI NUSRA;FLORES;BJW;AOb026061212585216631ca70;INC51111637;0;0;0
202608;AREA 3;JATENG-DIY;PURWOKERTO;AJB;AOi4260609015939394c4a9c0;INC51112000;0;0;0
202608;AREA 3;JATENG-DIY;PURWOKERTO;PWT;AOi426062602201839922df30;INC51114090;0;0;0
202608;AREA 3;BALI NUSRA;DENPASAR;JBR;AOi4260627095342779a24440;INC51114508;0;0;0
202608;AREA 3;JATENG-DIY;SEMARANG;JPR;AOi42605310810506134e1ed0;INC51119025;0;0;0
202608;AREA 3;JATIM;SURABAYA;KNN;AOs326062401160328935db30;INC51861622;0;0;0
202608;AREA 3;BALI NUSRA;KUPANG;KPN;AOb0260623081049923271150;INC51119750;0;0;0
202608;AREA 3;BALI NUSRA;MATARAM;GER;AOi42606261249571060c4bc0;INC51120374;0;0;0
202608;AREA 3;BALI NUSRA;MATARAM;TLW;AOi426062311283721250f220;INC51122011;0;0;0
202608;AREA 3;BALI NUSRA;KUPANG;BEN;AOi4260615093037392e66920;INC51122080;0;0;0
202608;AREA 3;BALI NUSRA;DENPASAR;JBR;AOk42606090857290209b1210;INC51123621;0;0;0
202608;AREA 3;BALI NUSRA;DENPASAR;SGR;AOi4260619070445902067090;INC51124280;0;0;0
202608;AREA 3;BALI NUSRA;FLORES;BJW;AOk4260613094709314e4c620;INC51124655;0;0;0
202608;AREA 3;BALI NUSRA;FLORES;BJW;AOi4260613072255628baf790;INC51124744;0;0;0
202608;AREA 3;JATIM;MALANG;BTU;AOi4260603025325596c83170;INC51128359;0;0;0
202608;AREA 3;JATIM;SIDOARJO;SDA;AOi1260607021928751854a30;INC51131142;0;0;0
202608;AREA 3;JATIM;SURABAYA;MGO;AOi426060904430715694c560;INC51136069;0;0;0
202608;AREA 3;BALI NUSRA;DENPASAR;NSD;AOs3260625010949673567290;INC51137016;0;0;0
202608;AREA 3;JATENG-DIY;MAGELANG;KAK;AOi4260628090331636384230;INC51137161;0;0;0
202608;AREA 3;JATENG-DIY;PURWOKERTO;PWT;AOk4260613122934447eab960;INC51138240;0;0;0
202608;AREA 3;JATENG-DIY;PEKALONGAN;KTM;AOi42606210700145782035e0;INC51140271;0;0;0
202608;AREA 3;JATENG-DIY;PURWOKERTO;AJB;AOi42606220352251239c39e0;INC51143048;0;0;0
202608;AREA 3;BALI NUSRA;DENPASAR;SGR;AOi426061007365147321ad00;INC51155428;0;0;0
202608;AREA 3;BALI NUSRA;KUPANG;WKB;AOi4260628125111243735310;INC51157469;0;0;0
202608;AREA 3;JATENG-DIY;PURWOKERTO;SUK;AOi42606081133536466cf1f0;INC51164992;0;0;0
202608;AREA 3;JATIM;MALANG;BLB;AOi4260624124936461fb2200;INC51165331;0;0;0
202608;AREA 3;BALI NUSRA;DENPASAR;APR;AOk4260615021124168d1f900;INC51165606;0;0;0
202608;AREA 3;JATIM;LAMONGAN;TNZ;AOi1260528023238104817830;INC51165794;0;0;0
202608;AREA 3;JATENG-DIY;PEKALONGAN;KDW;AOi4260531061415205031c90;INC51166214;0;0;0
202608;AREA 3;JATENG-DIY;SEMARANG;KUD;AOi42606161031220198daca0;INC51171085;0;0;0
202608;AREA 3;JATIM;SURABAYA;SPG;AOk4260617101224220907d50;INC51172274;0;0;1
202608;AREA 3;BALI NUSRA;MATARAM;SGG;AOi4260626075219667169fb0;INC51172386;0;0;1
202608;AREA 3;JATIM;SURABAYA;KNN;AOi4260607085812257522120;INC51174732;0;0;0
202608;AREA 3;JATIM;SURABAYA;KRP;AOi4260601051627202c1dea0;INC51177800;0;0;0
202608;AREA 3;BALI NUSRA;KUPANG;KPN;AOi4260624012829392c8a6e0;INC51185290;0;0;0
202608;AREA 3;BALI NUSRA;MATARAM;SGG;AOi4260617080627663199f00;INC51185605;0;0;1
202608;AREA 3;JATENG-DIY;PURWOKERTO;PWT;AOi42606050245383750654e0;INC51186293;0;0;0
202608;AREA 3;JATIM;MADIUN;PON;AOk4260605020145429cdbb60;INC51189247;0;0;0
202608;AREA 3;BALI NUSRA;MATARAM;BIM;AOi42606011046505061bca60;INC51191307;0;0;0
202608;AREA 3;JATENG-DIY;SURAKARTA;KTO;AOi4260605081944603f9d000;INC51193873;0;0;0
202608;AREA 3;JATIM;LAMONGAN;BBE;AOi42606190615086159c62b0;INC51194675;0;0;0
202608;AREA 3;JATIM;SURABAYA;KML;AOi426060910152273401acd0;INC51201829;0;0;1
202608;AREA 3;JATIM;SIDOARJO;SDA;AOi426062408580139738f410;INC51730521;0;0;0
202608;AREA 3;JATIM;MALANG;SWJ;AOi4260623043603550eee2d0;INC51204313;0;0;0
202608;AREA 3;JATIM;SURABAYA;IJK;AOi4260531010758734f40330;INC51206250;0;0;0
202608;AREA 3;BALI NUSRA;DENPASAR;BNO;PDAk42606220505008991dc960;INC51212211;0;0;0
202608;AREA 3;JATIM;SURABAYA;MGO;AOk42606200519500290acb70;INC51213457;0;0;0
202608;AREA 3;BALI NUSRA;DENPASAR;BNO;AOi42606060620008535d5520;INC51214044;0;0;0
202608;AREA 3;BALI NUSRA;MATARAM;MLK;AOi4260623070658138e122a0;INC51219121;0;0;1
202608;AREA 3;BALI NUSRA;DENPASAR;NGR;AOi42606140840517630a10e0;INC51220142;0;0;1
202608;AREA 3;JATENG-DIY;PEKALONGAN;PKL;AOi4260530120228819df5ea0;INC51221635;0;0;0
202608;AREA 3;JATIM;MALANG;BLB;AOi4260627041645499589cb0;INC51222424;0;0;0
202608;AREA 3;JATIM;SURABAYA;SPG;AOi4260620115909947b8af90;INC51224480;0;0;1
202608;AREA 3;BALI NUSRA;MATARAM;MTR;AOi42606240110110239754e0;INC51224878;0;0;0
202608;AREA 3;BALI NUSRA;KUPANG;KPN;AOi4260613122202412e9e660;INC51229408;0;0;0
202608;AREA 3;BALI NUSRA;MATARAM;DMP;AOk4260623115248316045590;INC51230344;0;0;0
202608;AREA 3;BALI NUSRA;MATARAM;BIM;AOk4260627072937690b622e0;INC51232189;0;0;0
202608;AREA 3;JATENG-DIY;PURWOKERTO;MAN;AOi4260622084452297352d50;INC51235204;0;0;0
202608;AREA 3;JATIM;MALANG;KPO;AOi4260605010513596618430;INC51242117;0;0;0
202608;AREA 3;BALI NUSRA;MATARAM;BIM;AOi4260608125635457aad200;INC51242256;0;0;0
202608;AREA 3;JATIM;SURABAYA;KPS;AOi4260608070122193b29e00;INC51242511;0;0;0
202608;AREA 3;BALI NUSRA;MATARAM;PRY;AOs326062905173962071f190;INC51254929;0;0;0
202608;AREA 3;BALI NUSRA;FLORES;MMR;AOi42606101003353722daf40;INC51257653;0;0;0
202608;AREA 3;BALI NUSRA;KUPANG;OSP;AOk4260617125058339966fc0;INC51261199;0;0;0
202608;AREA 3;JATIM;SURABAYA;SPG;AOi4260621100126386b19ca0;INC51261566;0;0;1
202608;AREA 3;JATIM;MALANG;LWG;AOi4260606013323671318960;INC51264659;0;0;0
202608;AREA 3;BALI NUSRA;FLORES;RTE;AOi4260530083949705327c10;INC51267209;0;0;1
202608;AREA 3;BALI NUSRA;FLORES;RTE;AOi4260601080607166862aa0;INC51269355;0;0;0
202608;AREA 3;JATIM;SURABAYA;OMB;AOi4260603083654246870d60;INC51272421;0;0;0
202608;AREA 3;BALI NUSRA;MATARAM;TET;AOi4260623105550715d3d680;INC51277614;0;0;1
202608;AREA 3;BALI NUSRA;MATARAM;PRY;AOi4260602062631763fcee00;INC51279496;0;0;0
202608;AREA 3;JATIM;MALANG;KEP;AOi4260608064227360b72b40;INC51282548;0;0;0
202608;AREA 3;BALI NUSRA;DENPASAR;KLM;AOi4260626083222692b35c30;INC51282828;0;0;0
202608;AREA 3;JATENG-DIY;PEKALONGAN;PKL;AOi4260614082502967e75150;INC51373758;0;0;0
202608;AREA 3;JATENG-DIY;SEMARANG;BMK;AOi426060808345576078f6a0;INC51287157;0;0;0
202608;AREA 3;BALI NUSRA;MATARAM;TET;AOi4260627100842999ba1480;INC51289035;0;0;1
202608;AREA 3;JATIM;MALANG;BTU;AOi42606030526224004f0220;INC51289539;0;0;0
202608;AREA 3;JATENG-DIY;PURWOKERTO;GML;AOi4260617033210121f514b0;INC51289558;0;0;0
202608;AREA 3;BALI NUSRA;DENPASAR;GIN;AOi42606070130087239bb200;INC51289781;0;0;0
202608;AREA 3;BALI NUSRA;FLORES;MMR;AOi426061604044596808eb50;INC51294421;0;0;0
202608;AREA 3;JATENG-DIY;PEKALONGAN;PKL;AOi4260611095918898bf3d90;INC51294681;0;0;0
202608;AREA 3;BALI NUSRA;KUPANG;KPN;AOi42606210817581559d1690;INC51301845;0;0;0
202608;AREA 3;JATIM;SURABAYA;MGO;AOi42606131131232782a90a0;INC51302117;0;0;0
202608;AREA 3;JATIM;SIDOARJO;MJS;AOi4260609120359854381930;INC51302599;0;0;0
202608;AREA 3;BALI NUSRA;FLORES;MMR;AOi4260613034546962cba4e0;INC51305724;0;0;0
202608;AREA 3;JATIM;MALANG;BLR;AOi42606020203579561539b0;INC51310277;0;0;0
202608;AREA 3;JATIM;SURABAYA;LKI;AOi12606190514163052ea730;INC51312260;0;0;0
202608;AREA 3;BALI NUSRA;DENPASAR;SWI;AOi4260531114010293bab700;INC51313030;0;0;0
202608;AREA 3;JATIM;MADIUN;PRB;AOi4260610105748659b7e4e0;INC51316878;0;0;0
202608;AREA 3;JATIM;SURABAYA;ARB;AOi4260616054851650164020;INC51324009;0;0;0
202608;AREA 3;BALI NUSRA;MATARAM;TLW;AOk4260608075615000f6f1b0;INC51327181;0;0;0
202608;AREA 3;JATENG-DIY;PEKALONGAN;PKL;AOi4260610032323670b223c0;INC51327294;0;0;0
202608;AREA 3;BALI NUSRA;KUPANG;KPN;AOi42606020847130225e7930;INC51329429;0;0;0
202608;AREA 3;BALI NUSRA;KUPANG;ATB;AOs326060508292968401c3c0;INC51334889;0;0;0
202608;AREA 3;BALI NUSRA;DENPASAR;SGR;AOi42606060652478456616a0;INC51336790;0;0;0
202608;AREA 3;BALI NUSRA;MATARAM;DMP;AOi426060810501690327ec30;INC51341613;0;0;1
202608;AREA 3;JATENG-DIY;PURWOKERTO;BJR;AOi4260618013353264bc99d0;INC51342723;0;0;0
202608;AREA 3;JATENG-DIY;SEMARANG;PAT;AOi42606180342338277acea0;INC51346467;0;0;0
202608;AREA 3;BALI NUSRA;MATARAM;SBW;AOi42606110137400573f95e0;INC51352765;0;0;0
202608;AREA 3;BALI NUSRA;MATARAM;MTR;AOi42606230304235823ce990;INC51366506;0;0;0
202608;AREA 3;JATENG-DIY;SEMARANG;BMK;AOi426060405275381602fa30;INC51367968;0;0;0
202608;AREA 3;BALI NUSRA;KUPANG;ATB;AOi4260604105141601908140;INC51374163;0;0;0
202608;AREA 3;BALI NUSRA;KUPANG;KPN;AOi4260603122557620612900;INC51376525;0;0;0
202608;AREA 3;JATENG-DIY;PEKALONGAN;TEG;AOi4260603080248408b31db0;INC51380834;0;0;0
202608;AREA 3;JATIM;SIDOARJO;MJS;AOi42606091106112171c50b0;INC51382283;0;0;0
202608;AREA 3;JATIM;SURABAYA;BKL;AOi42606120137499590b6840;INC51382879;0;0;0
202608;AREA 3;JATENG-DIY;SEMARANG;LSE;AOi42606031107586401a1e40;INC51387623;0;0;0
202608;AREA 3;BALI NUSRA;DENPASAR;BTR;AOi42606240137126243a7440;INC51389993;0;0;0
202608;AREA 3;BALI NUSRA;DENPASAR;SGR;AOi42606130844374557f3d70;INC51391522;0;0;0
202608;AREA 3;JATENG-DIY;SEMARANG;JHR;AOi4260626092252010943d70;INC51396114;0;0;0
202608;AREA 3;JATENG-DIY;SEMARANG;PAT;AOi4260608023756179f3d970;INC51399048;0;0;0
202608;AREA 3;BALI NUSRA;DENPASAR;JBR;AOi1260625113303001ec7d80;INC51400844;0;0;0
202608;AREA 3;BALI NUSRA;MATARAM;MTR;AOi4260616010923434e3a290;INC51413225;0;0;0
202608;AREA 3;BALI NUSRA;DENPASAR;KLM;AOi1260610123724837297030;INC51413875;0;0;0
202608;AREA 3;BALI NUSRA;KUPANG;BEN;AOi4260620043502408e09e30;INC51418167;0;0;0
202608;AREA 3;JATIM;MALANG;BRG;AOi4260603104534621d98d60;INC51419278;0;0;0
202608;AREA 3;JATENG-DIY;PEKALONGAN;BTG;AOi4260615085628439e27ea0;INC51426129;0;0;0
202608;AREA 3;BALI NUSRA;FLORES;LRT;AOi4260622120526949fd4380;INC51426883;0;0;0
202608;AREA 3;JATIM;SURABAYA;BEA;AOi4260607044600809b90f50;INC51427018;0;0;0
202608;AREA 3;JATIM;SURABAYA;PME;AOi4260620093355144be25b0;INC51427608;0;0;0
202608;AREA 3;JATENG-DIY;PEKALONGAN;BTG;AOi42606281125445279709e0;INC51428876;0;0;0
202608;AREA 3;JATIM;MADIUN;PNZ;AOi4260618010121307707420;INC51429884;0;0;0
202608;AREA 3;BALI NUSRA;KUPANG;OSP;AOi42606101142381097405d0;INC51429892;0;0;1
202608;AREA 3;JATIM;SIDOARJO;GDA;AOi4260530023540352cc1b60;INC51430033;0;0;0
202608;AREA 3;JATENG-DIY;MAGELANG;KTW;AOi4260615081923161e1d610;INC51432663;0;0;0
202608;AREA 3;BALI NUSRA;MATARAM;SGG;AOi42606110436075542c51e0;INC51443088;0;0;0
202608;AREA 3;JATIM;SURABAYA;BKL;AOi42606170735085776b5680;INC51445734;0;0;0
202608;AREA 3;JATIM;SIDOARJO;WRU;AOi1260624041741015e060a0;INC51450246;0;0;0
202608;AREA 3;BALI NUSRA;MATARAM;BIM;AOb0260623010130385021f70;INC51454513;0;0;0
202608;AREA 3;JATENG-DIY;MAGELANG;SWT;AOi42606201113218547bee30;INC51455393;0;0;1
202608;AREA 3;JATIM;SIDOARJO;SPJ;AOi4260603033326932adf5d0;INC51462459;0;0;0
202608;AREA 3;JATENG-DIY;YOGYAKARTA;PKM;AOk426061801012136480ff80;INC51465439;0;0;0
202608;AREA 3;JATIM;SURABAYA;KML;AOi426060710094438593a720;INC51483227;0;0;1
202608;AREA 3;JATIM;JEMBER;KPP;AOi426060106423748619c410;INC51484090;0;0;1
202608;AREA 3;JATIM;SIDOARJO;MRT;AOs3260619093758128db3950;INC51484995;0;0;0
202608;AREA 3;JATIM;MALANG;NTG;AOi42606090554213449bc600;INC51485455;0;0;0
202608;AREA 3;JATENG-DIY;PEKALONGAN;ADW;AOi4260615025456359e1da60;INC51486696;0;0;0
202608;AREA 3;BALI NUSRA;KUPANG;SOE;AOi426060205042207540b380;INC51489694;0;0;0
202608;AREA 3;JATENG-DIY;MAGELANG;MGE;AOi4260608094304463e24aa0;INC51490347;0;0;0
202608;AREA 3;JATIM;SURABAYA;SPG;AOi4260627055924622fd19a0;INC51491251;0;0;1
202608;AREA 3;JATIM;SURABAYA;MYR;AOi4260620040308926ef8d70;INC51492419;0;0;0
202608;AREA 3;JATIM;SIDOARJO;SDA;AOi12606270414325408d73e0;INC51495349;0;0;0
202608;AREA 3;JATENG-DIY;PEKALONGAN;SBA;AOi42606121148422362bb960;INC51495454;0;0;0
202608;AREA 3;JATENG-DIY;YOGYAKARTA;PKM;AOi4260624104254186e3eac0;INC51496405;0;0;0
202608;AREA 3;JATIM;SURABAYA;KPS;AOi426060608494472790f510;INC51500147;0;0;0
202608;AREA 3;BALI NUSRA;MATARAM;MTR;AOi426060207270930878fe20;INC51500855;0;0;0
202608;AREA 3;BALI NUSRA;DENPASAR;JBR;AOs3260619043004177ffc770;INC51502575;0;0;0
202608;AREA 3;JATIM;SIDOARJO;SDA;AOi42606250145214966a99b0;INC51505566;0;0;0
202608;AREA 3;JATIM;SURABAYA;RKT;AOs32606281059578897f10a0;INC51507124;0;0;0
202608;AREA 3;BALI NUSRA;MATARAM;MTR;AOi4260619054406726576d50;INC51508210;0;0;0
202608;AREA 3;BALI NUSRA;MATARAM;SWE;AOi42606141223249383e5df0;INC51508804;0;0;0
202608;AREA 3;JATIM;SURABAYA;KPS;AOi4260624072618706b81ea0;INC52214619;0;0;0
202608;AREA 3;JATIM;SURABAYA;SPG;AOi42606190954261384197a0;INC51511925;0;0;1
202608;AREA 3;BALI NUSRA;DENPASAR;TBN;AOi4260609062126983e499d0;INC51512050;0;0;0
202608;AREA 3;JATIM;SURABAYA;BKL;AOi42606211211351561b0290;INC51512331;0;0;0
202608;AREA 3;BALI NUSRA;DENPASAR;UBN;AOi42606061012073966ee7f0;INC51514749;0;0;0
202608;AREA 3;JATIM;SURABAYA;BKL;AOi4260531103953081eb3980;INC51515097;0;0;1
202608;AREA 3;BALI NUSRA;DENPASAR;KLM;AOi42605310242093152bdab0;INC51515708;0;0;0
202608;AREA 3;JATIM;MALANG;WGI;AOi4260602051625820d58850;INC51516891;0;0;0
202608;AREA 3;JATENG-DIY;PURWOKERTO;PWT;AOi4260529041145784e52310;INC51518892;0;0;0
202608;AREA 3;BALI NUSRA;DENPASAR;UBN;AOi4260621125136817fba090;INC51528338;0;0;0
202608;AREA 3;BALI NUSRA;DENPASAR;BNO;AOi42606040110093992e2560;INC51529560;0;0;0
202608;AREA 3;JATENG-DIY;YOGYAKARTA;GOD;AOi426063011385988404b2e0;INC51529689;0;0;0
202608;AREA 3;BALI NUSRA;DENPASAR;UBN;AOi42606220610386579f6e60;INC51536222;0;0;0
202608;AREA 3;BALI NUSRA;FLORES;RTE;AOk42606220332534087a1970;INC51536910;0;0;0
202608;AREA 3;BALI NUSRA;MATARAM;PRY;AOi4260622094132638466d50;INC51539599;0;0;0
202608;AREA 3;BALI NUSRA;KUPANG;OSP;AOi42606050759216770d2c10;INC51542449;0;0;1
202608;AREA 3;JATENG-DIY;PEKALONGAN;TEG;AOi42606221122032605ccca0;INC51544280;0;0;0
202608;AREA 3;BALI NUSRA;MATARAM;BIM;AOi42606200117209087c57e0;INC51546065;0;0;0
202608;AREA 3;BALI NUSRA;MATARAM;MTR;AOi42606240158358853a5800;INC51547163;0;0;0
202608;AREA 3;BALI NUSRA;MATARAM;DMP;AOi42606011129564530a6f10;INC51549673;0;0;0
202608;AREA 3;JATENG-DIY;PEKALONGAN;PBG;AOi42606090119104887a4dc0;INC51551754;0;0;0
202608;AREA 3;JATIM;SIDOARJO;SPJ;AOi4260615051207629508700;INC51555664;0;0;0
202608;AREA 3;JATIM;SURABAYA;KRP;AOi4260611080227261605b70;INC51555785;0;0;0
202608;AREA 3;JATENG-DIY;YOGYAKARTA;KLS;AOi4260626044358547f9e710;INC51556734;0;0;0
202608;AREA 3;JATENG-DIY;MAGELANG;SWT;AOi42605301201218256a32e0;INC51556782;0;0;0
202608;AREA 3;JATENG-DIY;PURWOKERTO;GML;AOi426060109171771317c420;INC51558008;0;0;0
202608;AREA 3;JATENG-DIY;MAGELANG;PWJ;AOi4260614122807592df63d0;INC51564883;0;0;0
202608;AREA 3;JATIM;MADIUN;MJT;PDAk4260626122143716cb4200;INC51568003;0;0;0
202608;AREA 3;JATIM;SURABAYA;ARB;AOi4260605070800865fac370;INC51568096;0;0;1
202608;AREA 3;JATIM;SIDOARJO;SDA;AOi4260621082535154da88c0;INC52185905;0;0;0
202608;AREA 3;BALI NUSRA;KUPANG;KPN;AOi42606010457445749830a0;INC51568414;0;0;0
202608;AREA 3;BALI NUSRA;KUPANG;KPN;AOi4260618070237288c16600;INC51568853;0;0;0
202608;AREA 3;BALI NUSRA;KUPANG;KPN;AOi4260531112145338db52b0;INC51573691;0;0;0
202608;AREA 3;BALI NUSRA;FLORES;BJW;AOk4260625115824358361920;INC51573917;0;0;0
202608;AREA 3;BALI NUSRA;FLORES;BJW;AOi4260609083030925773860;INC51575735;0;0;0
202608;AREA 3;JATENG-DIY;PEKALONGAN;ADW;AOi4260622125129260679820;INC51576379;0;0;0
202608;AREA 3;BALI NUSRA;FLORES;KLH;AOk4260611082643682864e70;INC51580362;0;0;0
202608;AREA 3;BALI NUSRA;KUPANG;KPN;AOi42606220104274382cfe00;INC51583248;0;0;0
202608;AREA 3;BALI NUSRA;FLORES;LRT;AOi4260623102716514b7fea0;INC51586557;0;0;0
202608;AREA 3;JATENG-DIY;SEMARANG;LSE;AOi426062011393127975d770;INC51588746;0;0;0
202608;AREA 3;BALI NUSRA;KUPANG;TNA;AOi4260619050925943f36950;INC51590043;0;0;0
202608;AREA 3;JATIM;SURABAYA;BKL;AOi42606260624112468ba840;INC51592491;0;0;0
202608;AREA 3;JATENG-DIY;SEMARANG;SSL;AOi4260615051458649e561f0;INC51595322;0;0;0
202608;AREA 3;JATIM;SURABAYA;SMP;AOi4260620055125838e984f0;INC51598698;0;0;0
202608;AREA 3;BALI NUSRA;FLORES;MMR;AOk426061110264454705b330;INC51598744;0;0;0
202608;AREA 3;JATIM;SURABAYA;KBL;AOi4260628020907584eaf120;INC51599077;0;0;0
202608;AREA 3;JATIM;SURABAYA;RKT;AOs3260615061549201ac2200;INC51601877;0;0;0
202608;AREA 3;JATIM;SURABAYA;MGO;AOi42606270303363821719f0;INC51604252;0;0;0
202608;AREA 3;BALI NUSRA;KUPANG;OSP;AOi42606030510008907197e0;INC51605827;0;0;1
202608;AREA 3;JATIM;SIDOARJO;GDA;AOs326060901024116084f440;INC51610076;0;0;0
202608;AREA 3;JATENG-DIY;PEKALONGAN;KDW;AOi4260619105505923af6ed0;INC51612018;0;0;0
202608;AREA 3;JATENG-DIY;MAGELANG;KBM;AOi426060410582745927cb50;INC51616442;0;0;0
202608;AREA 3;BALI NUSRA;DENPASAR;JBR;AOk42606191040233529ccc90;INC51618457;0;0;0
202608;AREA 3;JATENG-DIY;SEMARANG;PEC;AOi4260621123401836521640;INC51620520;0;0;0
202608;AREA 3;BALI NUSRA;DENPASAR;SWI;AOi4260623050115953eb0330;INC51627070;0;0;0
202608;AREA 3;JATENG-DIY;PURWOKERTO;CLO;AOb0260604103815858790700;INC51636555;0;0;0
202608;AREA 3;JATIM;JEMBER;KKH;AOk42606121118027344f2ec0;INC51638565;0;0;0
202608;AREA 3;JATIM;SIDOARJO;SPJ;AOi4260604074141138633b10;INC51639664;0;0;0
202608;AREA 3;JATIM;SIDOARJO;SPJ;AOi4260618093701053438510;INC51639687;0;0;0
202608;AREA 3;JATENG-DIY;PEKALONGAN;BTG;AOk426060411393054807a9b0;INC51648729;0;0;0
202608;AREA 3;JATIM;SIDOARJO;SPJ;AOi4260628054154314c1f970;INC51651335;0;0;0
202608;AREA 3;JATIM;SURABAYA;OMB;AOi42606220842593874365f0;INC51666693;0;0;0
202608;AREA 3;JATIM;MALANG;BLB;AOi4260615020516525531c60;INC51667177;0;0;0
202608;AREA 3;BALI NUSRA;DENPASAR;SAU;AOi4260620122406860dcbfd0;INC51669921;0;0;0
202608;AREA 3;BALI NUSRA;MATARAM;MBG;AOi4260623121103414e06940;INC51678724;0;0;0
202608;AREA 3;JATENG-DIY;SEMARANG;JPR;AOi426060302203146736f4b0;INC51679554;0;0;0
202608;AREA 3;JATIM;SURABAYA;LKI;AOs326060204380152162da10;INC51682457;0;0;0
202608;AREA 3;JATIM;JEMBER;BUG;AOi4260611060748593165170;INC51682783;0;0;0
202608;AREA 3;BALI NUSRA;DENPASAR;UBN;AOi4260611103924118cbe510;INC51683059;0;0;0
202608;AREA 3;JATENG-DIY;PEKALONGAN;SBA;AOi4260618081623085ce6080;INC51683593;0;0;0
202608;AREA 3;BALI NUSRA;DENPASAR;UBU;AOi4260603104651602808cb0;INC51689441;0;0;0
202608;AREA 3;BALI NUSRA;KUPANG;OSP;AOs326062504585140493fcd0;INC51708366;0;0;1
202608;AREA 3;JATENG-DIY;PEKALONGAN;KDW;PDAk4260625011225879daf1b0;INC51710887;0;0;0
202608;AREA 3;JATENG-DIY;MAGELANG;KTA;AOi4260617081256725fa21c0;INC51712209;0;0;0
202608;AREA 3;JATIM;SURABAYA;PME;AOi426061703525313705bc10;INC51721672;0;0;0
202608;AREA 3;BALI NUSRA;MATARAM;MLK;AOi4260613025205986aaa4f0;INC51727881;0;0;1
202608;AREA 3;JATIM;SURABAYA;MYR;AOi4260624055824352141c50;INC51730074;0;0;0
202608;AREA 3;BALI NUSRA;FLORES;MMR;AOi42606211214225040a2b30;INC51734209;0;0;0
202608;AREA 3;BALI NUSRA;MATARAM;SGG;AOi42606260217291442a8100;INC51739508;0;0;1
202608;AREA 3;BALI NUSRA;MATARAM;SGG;AOi4260606101648014c14a90;INC51739680;0;0;1
202608;AREA 3;JATIM;SURABAYA;BKL;AOi42606200656015703c4940;INC51741563;0;0;0
202608;AREA 3;JATIM;MALANG;KLJ;AOk4260623123310745137560;INC51744049;0;0;0
202608;AREA 3;JATIM;LAMONGAN;BPG;AOi4260614072632366109520;INC51748358;0;0;0
202608;AREA 3;BALI NUSRA;DENPASAR;SWI;AOi42606211058147864a0ef0;INC51752707;0;0;0
202608;AREA 3;BALI NUSRA;KUPANG;TNA;AOi42606270105103939f34d0;INC51757382;0;0;0
202608;AREA 3;JATIM;SURABAYA;MYR;AOi4260611083816396a2dfd0;INC51768158;0;0;0
202608;AREA 3;JATENG-DIY;SURAKARTA;KRT;PDAk4260629054804638c55630;INC51769041;0;0;0
202608;AREA 3;JATENG-DIY;PURWOKERTO;MAN;AOi4260622100319125a20030;INC51770239;0;0;0
202608;AREA 3;JATENG-DIY;PEKALONGAN;BDY;AOi42606240308372420db6a0;INC51774077;0;0;0
202608;AREA 3;JATIM;SURABAYA;DMO;PDAk4260627030450885005e50;INC51778204;0;0;0
202608;AREA 3;JATENG-DIY;PURWOKERTO;KRY;AOi426061909285281054fbe0;INC51783904;0;0;0
202608;AREA 3;JATIM;SIDOARJO;TPO;AOk4260623092409023a40410;INC51784285;0;0;0
202608;AREA 3;BALI NUSRA;MATARAM;SGG;AOs3260529104046947a92720;INC51785016;0;0;1
202608;AREA 3;BALI NUSRA;KUPANG;OSP;AOi426061702583976062c3a0;INC51971917;0;0;1
202608;AREA 3;JATIM;SURABAYA;PME;AOi4260622085451895a95b20;INC51801454;0;0;0
202608;AREA 3;JATIM;SURABAYA;SPG;AOk42606041155423474de820;INC51801956;0;0;1
202608;AREA 3;BALI NUSRA;KUPANG;KPN;AOi426060805572486969fc90;INC51802672;0;0;0
202608;AREA 3;JATIM;SURABAYA;ARB;AOi4260607074844929997970;INC51804878;0;0;1
202608;AREA 3;JATENG-DIY;PURWOKERTO;SDJ;AOi4260621011923317a68be0;INC51808867;0;0;0
202608;AREA 3;BALI NUSRA;DENPASAR;UBN;AOi4260607013552061b7e820;INC51810318;0;0;0
202608;AREA 3;JATIM;SIDOARJO;MJS;AOi4260617061809519df3950;INC51907044;0;0;0
202608;AREA 3;JATENG-DIY;SURAKARTA;BLO;AOi4260625105837477eb31e0;INC51814175;0;0;0
202608;AREA 3;JATIM;MADIUN;MSP;AOi42606271024209926cda40;INC51823495;0;0;0
202608;AREA 3;BALI NUSRA;MATARAM;SGG;AOi426062208505442090c210;INC51827278;0;0;1
202608;AREA 3;BALI NUSRA;MATARAM;TET;AOi4260621102934088b5bbc0;INC51828106;0;0;1
202608;AREA 3;JATENG-DIY;YOGYAKARTA;PGR;AOi426061907022680088f260;INC51828868;0;0;0
202608;AREA 3;JATENG-DIY;PEKALONGAN;RDD;AOi42606130936202444320e0;INC51832140;0;0;0
202608;AREA 3;JATIM;SURABAYA;DMO;AOi4260618112109304bb5880;INC51836006;0;0;0
202608;AREA 3;JATIM;SURABAYA;BKL;AOi4260617064106819cf3ab0;INC51849780;0;0;0
202608;AREA 3;JATIM;SURABAYA;PME;AOi4260624085722049cbe510;INC51850165;0;0;0
202608;AREA 3;BALI NUSRA;DENPASAR;BNO;AOi4260619080149547370b50;INC51850810;0;0;0
202608;AREA 3;JATIM;MALANG;PGK;AOi426060902422987183f330;INC51858662;0;0;0
202608;AREA 3;JATIM;SURABAYA;MYR;PDAk42606241101596748e5900;INC51860582;0;0;0
202608;AREA 3;JATENG-DIY;YOGYAKARTA;KGD;AOs32606190326249505d5500;INC51863068;0;0;0
202608;AREA 3;BALI NUSRA;DENPASAR;KLM;AOi4260612093559321735590;INC51875182;0;0;0
202608;AREA 3;BALI NUSRA;DENPASAR;BNO;AOi42606130800502142663a0;INC51876656;0;0;0
202608;AREA 3;JATENG-DIY;SEMARANG;KUD;AOi4260624110541349917f40;INC51877359;0;0;0
202608;AREA 3;JATIM;SURABAYA;DMO;AOi4260617021418283935e50;INC51881380;0;0;0
202608;AREA 3;BALI NUSRA;DENPASAR;BNO;AOi42606151225575688b41e0;INC51882039;0;0;0
202608;AREA 3;BALI NUSRA;DENPASAR;UBN;AOi426061108505203135d5f0;INC51884014;0;0;0
202608;AREA 3;BALI NUSRA;DENPASAR;KLM;AOi4260621093022078461c30;INC51884421;0;0;0
202608;AREA 3;BALI NUSRA;MATARAM;DMP;AOi4260625112717834077250;INC51887748;0;0;0
202608;AREA 3;JATIM;SURABAYA;BKL;AOi4260621020155590ef9c30;INC51888307;0;0;0
202608;AREA 3;JATIM;SIDOARJO;SPJ;AOi4260624020916918862f90;INC51902636;0;0;0
202608;AREA 3;BALI NUSRA;FLORES;RTE;AOk426060811042112171a0f0;INC51902806;0;0;0
202608;AREA 3;BALI NUSRA;FLORES;MMR;AOi4260609025759776283020;INC51905722;0;0;0
202608;AREA 3;JATENG-DIY;SEMARANG;JPR;AOi4260621045247179d42de0;INC51906709;0;0;0
202608;AREA 3;JATENG-DIY;PURWOKERTO;BJR;AOi4260622101838545707090;INC51906862;0;0;0
202608;AREA 3;BALI NUSRA;DENPASAR;UBN;AOi42606110958524620819d0;INC51914040;0;0;0
202608;AREA 3;BALI NUSRA;MATARAM;DMP;AOi42606080948207204c8c20;INC51917936;0;0;0
202608;AREA 3;JATENG-DIY;PEKALONGAN;SLW;AOi42606250151075817e0320;INC51919004;0;0;0
202608;AREA 3;BALI NUSRA;MATARAM;BIM;AOk4260625094632193096e80;INC51919842;0;0;0
202608;AREA 3;BALI NUSRA;MATARAM;MTR;AOi4260627094016637245970;INC51922597;0;0;0
202608;AREA 3;BALI NUSRA;DENPASAR;APR;AOi4260625085902250538e10;INC51926878;0;0;0
202608;AREA 3;JATIM;SIDOARJO;MJS;AOi42606191019335295152c0;INC51927221;0;0;0
202608;AREA 3;BALI NUSRA;MATARAM;PRY;AOi426062001142441003be00;INC51927812;0;0;0
202608;AREA 3;JATIM;MALANG;KEP;AOs32606140628031872ad3d0;INC51930919;0;0;0
202608;AREA 3;JATENG-DIY;MAGELANG;TEM;AOi4260610092410952647aa0;INC51932321;0;0;0
202608;AREA 3;BALI NUSRA;KUPANG;KEF;AOi426061110270961674d050;INC51933594;0;0;0
202608;AREA 3;JATENG-DIY;PURWOKERTO;PWT;AOi426060809365311277dd90;INC51934142;0;0;0
202608;AREA 3;BALI NUSRA;KUPANG;WKB;AOi4260615111011516847810;INC51945470;0;0;1
202608;AREA 3;BALI NUSRA;FLORES;MMR;AOi4260624085817512bbbc40;INC51947288;0;0;0
202608;AREA 3;BALI NUSRA;MATARAM;MTR;AOi4260619104506005268ba0;INC51956442;0;0;0
202608;AREA 3;BALI NUSRA;FLORES;END;AOi4260616074805152f23340;INC51956800;0;0;0
202608;AREA 3;BALI NUSRA;DENPASAR;UBN;AOi4260622113450395673bc0;INC51959319;0;0;0
202608;AREA 3;JATENG-DIY;MAGELANG;SWT;AOi4260616015357340b8b120;INC51961070;0;0;0
202608;AREA 3;JATENG-DIY;PURWOKERTO;WOS;AOs326062806150925595ed70;INC51975236;0;0;0
202608;AREA 3;JATIM;JEMBER;BWG;AOi4260610023349757aac5a0;INC51980359;0;0;0
202608;AREA 3;JATIM;SURABAYA;IJK;AOi4260624115641390195a70;INC51991147;0;0;0
202608;AREA 3;JATIM;SURABAYA;KPS;AOi42606240225248673afa30;INC52016227;0;0;0
202608;AREA 3;JATENG-DIY;PURWOKERTO;WOS;AOi4260618101911415246040;INC52020986;0;0;0
202608;AREA 3;JATENG-DIY;YOGYAKARTA;BBS;PDAk4260615122413755e8bc80;INC52027273;0;0;0
202608;AREA 3;JATENG-DIY;YOGYAKARTA;PGR;AOs32606280634334335cf1f0;INC52030785;0;0;0
202608;AREA 3;BALI NUSRA;DENPASAR;JBR;AOi126062703324019026a1b0;INC52032074;0;0;0
202608;AREA 3;JATENG-DIY;PURWOKERTO;PWT;AOk4260620112614739466e40;INC52044984;0;0;0
202608;AREA 3;JATENG-DIY;PEKALONGAN;RDD;AOi426061608574740500ecc0;INC52045753;0;0;0
202608;AREA 3;BALI NUSRA;DENPASAR;SGR;AOi42606290237300301b7970;INC52057689;0;0;0
202608;AREA 3;BALI NUSRA;MATARAM;MTR;AOi4260622031004674146500;INC52058684;0;0;0
202608;AREA 3;JATENG-DIY;SEMARANG;MJE;AOi42606261143076394c7660;INC52080909;0;0;0
202608;AREA 3;BALI NUSRA;MATARAM;MTR;AOi4260625072734170036da0;INC52088179;0;0;0
202608;AREA 3;JATIM;SURABAYA;LKI;AOi4260620125734137151400;INC52108491;0;0;0
202608;AREA 3;JATIM;MALANG;TUL;AOi426062512353785739fc30;INC52110756;0;0;0
202608;AREA 3;JATIM;SIDOARJO;WRU;AOi42606211017314255535f0;INC52117439;0;0;0
202608;AREA 3;JATIM;MALANG;BTU;AOi426061610304985425a9c0;INC52122220;0;0;0
202608;AREA 3;JATIM;SURABAYA;SPG;AOk4260627090300313e092e0;INC52143163;0;0;1
202608;AREA 3;JATIM;SIDOARJO;MRT;AOi426062012284086687dbc0;INC52146974;0;0;0
202608;AREA 3;JATIM;SURABAYA;KML;AOi4260619095806607326350;INC52173334;0;0;1
202608;AREA 3;JATIM;MALANG;TUR;AOi42606251226590754d1270;INC52173572;0;0;0
202608;AREA 3;JATENG-DIY;PEKALONGAN;PML;AOi42606230344213362910a0;INC52185987;0;0;0
202608;AREA 3;JATENG-DIY;YOGYAKARTA;PGR;AOi4260622011838835d4ecf0;INC52204144;0;0;0
202608;AREA 3;BALI NUSRA;MATARAM;BIM;AOi4260629115627280905c70;INC52211603;0;0;0
202608;AREA 3;JATIM;JEMBER;TGU;AOi4260629115842136ba4a00;INC52215208;0;0;0
202608;AREA 3;JATIM;MADIUN;NJK;AOk42606230126322484be120;INC52221784;0;0;0
202608;AREA 3;BALI NUSRA;DENPASAR;SGR;AOi426062007523378503e200;INC52236911;0;0;0
202608;AREA 3;JATENG-DIY;SEMARANG;GNK;AOi42606230809030177770a0;INC52256008;0;0;0
202608;AREA 3;BALI NUSRA;DENPASAR;TBN;AOi42606231244097335d7120;INC52343275;0;0;0
202608;AREA 3;JATIM;JEMBER;LMJ;AOi42606200932330602c5c60;INC52258843;0;0;0
202608;AREA 3;BALI NUSRA;FLORES;MMR;AOi4260625104045807800c50;INC52259662;0;0;0
202608;AREA 3;JATIM;SURABAYA;LKI;AOi42606261205441932d45e0;INC52259737;0;0;0
202608;AREA 3;BALI NUSRA;MATARAM;MTR;AOk426062412200104831a510;INC52262775;0;0;0
202608;AREA 3;JATENG-DIY;SURAKARTA;KRT;AOi4260629020637087dc71b0;INC52264227;0;0;0
202608;AREA 3;JATIM;MALANG;SWJ;AOi4260629114522556752ee0;INC52290788;0;0;0
202608;AREA 3;BALI NUSRA;KUPANG;SOE;AOi4260625021938655366650;INC52298362;0;0;0
202608;AREA 3;JATIM;SURABAYA;PME;AOi4260624081609204b8e100;INC52301957;0;0;0
202608;AREA 3;BALI NUSRA;DENPASAR;NSD;AOs3260629030507805c1d000;INC52302695;0;0;0
202608;AREA 3;JATIM;MADIUN;PAE;AOi42606230734090809cdb30;INC52312552;0;0;0
202608;AREA 3;JATENG-DIY;MAGELANG;KTW;AOi426062202352474667df20;INC52336455;0;0;0
202608;AREA 3;JATENG-DIY;MAGELANG;SWT;AOi426062507493766202fdb0;INC52373416;0;0;0
202608;AREA 3;BALI NUSRA;KUPANG;KPN;AOi42606271057055638e2090;INC52381036;0;0;0
202608;AREA 3;JATIM;SIDOARJO;MJS;AOi42606250228044866199f0;INC52389986;0;0;0
202608;AREA 3;JATIM;JEMBER;KKH;AOi42606240529443635c82d0;INC52451046;0;0;0
202608;AREA 3;BALI NUSRA;MATARAM;MTR;AOi4260628082913902b0cee0;INC52477779;0;0;0
202608;AREA 4;SULAWESI;MAKASSAR;MAR;AOi12605310334241070fa060;INC50910624;0;0;0
202608;AREA 4;KALIMANTAN;SAMARINDA;LMP;AOi4260531040218210fd38b0;INC49859833;0;0;0
202608;AREA 4;MALUKU DAN PAPUA;JAYAPURA;SNI;AOi12606010525556368e5710;INC49882167;0;0;0
202608;AREA 4;SULAWESI;PARE-PARE;SIW;AOi4260601095557452950fe0;INC49895827;0;0;0
202608;AREA 4;SULAWESI;KENDARI;MDG;AOs3260531053238820b0d9d0;INC49899031;0;0;0
202608;AREA 4;KALIMANTAN;TARAKAN;JWT;AOi1260601043326744be81a0;INC49907277;0;0;0
202608;AREA 4;SULAWESI;PARE-PARE;PLP;AOi12606020943363220daee0;INC49908634;0;0;0
202608;AREA 4;SULAWESI;MANADO;TOB;AOi4260603122257520b232a0;INC50291281;0;0;0
202608;AREA 4;KALIMANTAN;BANJARMASIN;LUL;AOi426053103385776767e480;INC51353183;0;0;0
202608;AREA 4;KALIMANTAN;PALANGKARAYA;MTW;AOi4260602112318367b16980;INC49937484;0;0;0
202608;AREA 4;MALUKU DAN PAPUA;SORONG;SON;AOi42605310725165232ac9d0;INC49943978;0;0;0
202608;AREA 4;KALIMANTAN;TARAKAN;TAJ;AOi42606010136273802c5fe0;INC49945687;0;0;0
202608;AREA 4;SULAWESI;KENDARI;MDG;AOi12605290307165671986f0;INC49956739;0;0;0
202608;AREA 4;KALIMANTAN;PALANGKARAYA;PLK;AOi4260601053157594f52b60;INC49958082;0;0;0
202608;AREA 4;SULAWESI;PALU;DGL;AOs3260529105345390d81440;INC49962947;0;0;0
202608;AREA 4;KALIMANTAN;TARAKAN;TRK;AOk4260603013036337aac370;INC49968461;0;0;0
202608;AREA 4;SULAWESI;KENDARI;PMA;AOi4260531044646500c13640;INC49975023;0;0;0
202608;AREA 4;KALIMANTAN;PONTIANAK;JAW;AOi4260604050404451033910;INC49987702;0;0;0
202608;AREA 4;KALIMANTAN;PONTIANAK;STA;AOi426060102264396761a640;INC49999348;0;0;0
202608;AREA 4;KALIMANTAN;SAMARINDA;BOT;AOi42606030643332993c71e0;INC50002327;0;0;0
202608;AREA 4;MALUKU DAN PAPUA;AMBON;TUA;AOi42606030237104854a7200;INC50006348;0;0;0
202608;AREA 4;SULAWESI;PALU;PLA;AOi1260605115553931e05430;INC50010065;0;0;0
202608;AREA 4;KALIMANTAN;SAMARINDA;KOB;AOs3260605012229100324fa0;INC50011635;0;0;1
202608;AREA 4;SULAWESI;PALU;PLB;AOi42605301230296451d6e80;INC50017036;0;0;0
202608;AREA 4;KALIMANTAN;SAMARINDA;SBR;AOi42606040318155015c59e0;INC50029655;0;0;0
202608;AREA 4;KALIMANTAN;PANGKALAN BUN;SAI;AOi1260606095457133378b60;INC50026031;0;0;0
202608;AREA 4;MALUKU DAN PAPUA;JAYAPURA;WAE;AOi426060410235312443dd10;INC50031052;0;0;0
202608;AREA 4;SULAWESI;PALU;PLW;AOi42606060203466858bb940;INC50035413;0;0;0
202608;AREA 4;KALIMANTAN;BANJARMASIN;PGT;AOi42606060853108284286f0;INC50035921;0;0;0
202608;AREA 4;KALIMANTAN;PONTIANAK;SMB;AOs3260527022751350a2f350;INC50044125;0;0;1
202608;AREA 4;SULAWESI;PALU;PLA;AOk4260605072250300a2b590;INC50064572;0;0;0
202608;AREA 4;SULAWESI;MAKASSAR;SUD;AOi426060404471801403e0c0;INC50068137;0;0;0
202608;AREA 4;KALIMANTAN;PONTIANAK;STG;AOk4260602012210691b52ce0;INC50086652;0;0;0
202608;AREA 4;KALIMANTAN;PONTIANAK;SRD;AOi4260606083310224b9c400;INC50087107;0;0;0
202608;AREA 4;KALIMANTAN;BANJARMASIN;STI;AOi42606040516557627f05e0;INC50095517;0;0;1
202608;AREA 4;KALIMANTAN;BANJARMASIN;PLE;AOi4260605014826611b317b0;INC50098973;0;0;0
202608;AREA 4;KALIMANTAN;PANGKALAN BUN;SAI;AOi4260605095559604f02bd0;INC50106798;0;0;0
202608;AREA 4;MALUKU DAN PAPUA;SORONG;SON;AOi4260607023250083b99a30;INC51424514;0;0;0
202608;AREA 4;SULAWESI;MANADO;KTG;AOi42606060526166752d2b70;INC50111926;0;0;0
202608;AREA 4;KALIMANTAN;BANJARMASIN;PGN;AOi426060304474903301a640;INC50130246;0;0;0
202608;AREA 4;MALUKU DAN PAPUA;TIMIKA;TIM;AOs32606030453336205e94a0;INC50130396;0;0;0
202608;AREA 4;KALIMANTAN;BALIKPAPAN;MLA;AOi4260604034522236c588b0;INC50140163;0;0;0
202608;AREA 4;KALIMANTAN;PONTIANAK;SNW;AOk426060209062493791f740;INC50143390;0;0;0
202608;AREA 4;SULAWESI;KENDARI;BBU;AOk4260609124831163cf6bd0;INC51195144;0;0;0
202608;AREA 4;KALIMANTAN;PANGKALAN BUN;KTP;AOi1260602012223394563dc0;INC50153123;0;0;0
202608;AREA 4;SULAWESI;MANADO;BAH;AOi42606071044029638dd710;INC50165633;0;0;0
202608;AREA 4;SULAWESI;MANADO;PIK;AOk4260608110134630a571c0;INC50166796;0;0;0
202608;AREA 4;KALIMANTAN;PONTIANAK;SEI;PDAk42606010504310650b3e80;INC50170508;0;0;0
202608;AREA 4;KALIMANTAN;PONTIANAK;STA;AOi42606030121319973f65e0;INC50174232;0;0;0
202608;AREA 4;SULAWESI;MANADO;MDO;AOi42606081100372943cf480;INC50361953;0;0;0
202608;AREA 4;KALIMANTAN;PONTIANAK;SRY;AOi4260602100029399d706d0;INC50174580;0;0;0
202608;AREA 4;KALIMANTAN;SAMARINDA;LMP;AOi4260609092838577d83c60;INC50175248;0;0;0
202608;AREA 4;KALIMANTAN;BANJARMASIN;BBR;AOi12606070200167737b7960;INC50178384;0;0;0
202608;AREA 4;SULAWESI;PALU;PGI;AOi426060511113481143b9c0;INC50186572;0;0;0
202608;AREA 4;KALIMANTAN;TARAKAN;TRK;AOi4260609072512070f80070;INC50188669;0;0;0
202608;AREA 4;KALIMANTAN;PONTIANAK;SRD;AOk4260611111418132e57cc0;INC50192632;0;0;0
202608;AREA 4;SULAWESI;MAKASSAR;ANT;AOi42606010330231436fbbb0;INC50193181;0;0;0
202608;AREA 4;SULAWESI;PALU;PLB;AOi42606070350590708a5e80;INC50195926;0;0;0
202608;AREA 4;SULAWESI;KENDARI;KDR;AOi42606090455076230d1800;INC50197182;0;0;1
202608;AREA 4;MALUKU DAN PAPUA;JAYAPURA;ABE;AOi4260601035457129685b10;INC50198013;0;0;0
202608;AREA 4;SULAWESI;KENDARI;MDG;AOi4260609125927217f45df0;INC50202727;0;0;0
202608;AREA 4;SULAWESI;MANADO;BAH;AOs3260611103744405c50610;INC50204406;0;0;0
202608;AREA 4;SULAWESI;KENDARI;MDG;AOi426060712254727250feb0;INC50496835;0;0;0
202608;AREA 4;MALUKU DAN PAPUA;JAYAPURA;SNI;AOk426061111193765375de80;INC50225444;0;0;0
202608;AREA 4;KALIMANTAN;BANJARMASIN;STI;AOi426061009102513571c180;INC50230496;0;0;1
202608;AREA 4;KALIMANTAN;PONTIANAK;SAO;AOi4260610105956923989680;INC50275406;0;0;0
202608;AREA 4;SULAWESI;KENDARI;PMA;AOk426060909384198593e0d0;INC50234113;0;0;0
202608;AREA 4;KALIMANTAN;PONTIANAK;SAO;AOi4260531095214682064860;INC50235104;0;0;0
202608;AREA 4;MALUKU DAN PAPUA;AMBON;SML;AOi426060411073428245a050;INC50235934;0;0;0
202608;AREA 4;MALUKU DAN PAPUA;AMBON;PAO;AOi4260609113126010820390;INC50236793;0;0;0
202608;AREA 4;SULAWESI;PARE-PARE;PIN;AOi4260606074109930a889a0;INC50238689;0;0;0
202608;AREA 4;KALIMANTAN;BALIKPAPAN;TSN;AOb0260602110947117686c30;INC50242661;0;0;0
202608;AREA 4;KALIMANTAN;PANGKALAN BUN;SUA;AOi4260609033928961e03840;INC50244336;0;0;0
202608;AREA 4;SULAWESI;MANADO;MOL;AOi426061102034749668de00;INC50245782;0;0;0
202608;AREA 4;SULAWESI;BONE;BLK;AOk42606080910071984e9b20;INC50252551;0;0;0
202608;AREA 4;KALIMANTAN;BANJARMASIN;RTA;AOi426060804084836006b470;INC50253450;0;0;0
202608;AREA 4;KALIMANTAN;BALIKPAPAN;BRU;AOi4260605100145802231e30;INC50262274;0;0;0
202608;AREA 4;KALIMANTAN;PONTIANAK;SAO;AOi4260613114710124136110;INC50262670;0;0;1
202608;AREA 4;SULAWESI;MAKASSAR;PKN;AOi426060207542971710cc70;INC50264816;0;0;0
202608;AREA 4;SULAWESI;PALU;BKU;AOk42606110230296177bfc40;INC50268884;0;0;0
202608;AREA 4;KALIMANTAN;SAMARINDA;SMR;PDAk4260612125411226ff9ea0;INC50269142;0;0;0
202608;AREA 4;KALIMANTAN;BALIKPAPAN;MLA;AOi4260609064708397cf7910;INC50789596;0;0;0
202608;AREA 4;KALIMANTAN;BALIKPAPAN;TGG;AOi426061310535109289df20;INC50273019;0;0;0
202608;AREA 4;KALIMANTAN;PONTIANAK;STG;AOi42606060558297496e0a30;INC50274224;0;0;0
202608;AREA 4;SULAWESI;MAKASSAR;TMA;AOk4260610122842058edd860;INC50274770;0;0;0
202608;AREA 4;SULAWESI;MANADO;PIK;AOi4260601080753923c0f010;INC50276593;0;0;0
202608;AREA 4;SULAWESI;MANADO;TNT;AOi4260611094926377027830;INC50276794;0;0;0
202608;AREA 4;KALIMANTAN;PANGKALAN BUN;KKU;AOi4260605085030048cde8c0;INC50277211;0;0;1
202608;AREA 4;MALUKU DAN PAPUA;SORONG;SON;AOb0260610085515194e47ea0;INC50278000;0;0;0
202608;AREA 4;KALIMANTAN;TARAKAN;SNY;AOi1260606015956832c78eb0;INC50278914;0;0;1
202608;AREA 4;SULAWESI;KENDARI;MDG;AOi42606051119501090cd920;INC50279713;0;0;0
202608;AREA 4;SULAWESI;GORONTALO;BUO;AOs3260609030634554ba78c0;INC50279794;0;0;0
202608;AREA 4;SULAWESI;MANADO;KTG;AOi42606140244160915dd730;INC50284700;0;0;1
202608;AREA 4;SULAWESI;KENDARI;MDG;AOi4260603050047747988fb0;INC50290744;0;0;0
202608;AREA 4;KALIMANTAN;PONTIANAK;STG;AOi1260602061410685d6cfb0;INC51515001;0;0;0
202608;AREA 4;SULAWESI;MAKASSAR;PNK;AOs3260609045157602803ff0;INC50293067;0;0;0
202608;AREA 4;KALIMANTAN;BANJARMASIN;KPL;AOi42606100200408957d1eb0;INC50293070;0;0;0
202608;AREA 4;SULAWESI;KENDARI;MDG;AOi4260530012601541b25c40;INC50294128;0;0;0
202608;AREA 4;SULAWESI;PALU;PLA;AOi4260612115922497d2a540;INC50299867;0;0;0
202608;AREA 4;KALIMANTAN;PONTIANAK;SPY;AOi4260614073351210348c10;INC50302249;0;0;0
202608;AREA 4;KALIMANTAN;PONTIANAK;MPW;AOi4260610023807958782520;INC50302727;0;0;0
202608;AREA 4;KALIMANTAN;PONTIANAK;PTK;PDAk4260603125021931ebc920;INC50303696;0;0;0
202608;AREA 4;KALIMANTAN;PONTIANAK;STG;AOi42606070132179642bcfe0;INC50306791;0;0;0
202608;AREA 4;SULAWESI;MAKASSAR;PNK;AOi426061406341087351f080;INC50306806;0;0;0
202608;AREA 4;MALUKU DAN PAPUA;SORONG;SON;AOi4260609035748174dabc30;INC50307535;0;0;0
202608;AREA 4;SULAWESI;MAKASSAR;MAT;AOs3260615100541684c970a0;INC50309536;0;0;0
202608;AREA 4;KALIMANTAN;BALIKPAPAN;SEP;AOi42606110803145137b7bb0;INC50314006;0;0;1
202608;AREA 4;SULAWESI;MANADO;BOR;AOi4260529100401024c21440;INC50314514;0;0;0
202608;AREA 4;KALIMANTAN;PONTIANAK;SAO;AOk4260603090544888950590;INC50317634;0;0;1
202608;AREA 4;SULAWESI;PARE-PARE;MAS;AOs326060607484899543a1c0;INC50319578;0;0;0
202608;AREA 4;KALIMANTAN;TARAKAN;TRK;AOi42606101217167818080c0;INC50321173;0;0;0
202608;AREA 4;KALIMANTAN;PONTIANAK;STG;AOi4260531011558568b51280;INC50322231;0;0;0
202608;AREA 4;MALUKU DAN PAPUA;AMBON;ABO;AOi4260609113205809a9eae0;INC50325606;0;0;0
202608;AREA 4;MALUKU DAN PAPUA;SORONG;MWR;AOi12606040343189246792e0;INC50329244;0;0;0
202608;AREA 4;MALUKU DAN PAPUA;SORONG;SON;AOi42606031118256651a4fe0;INC50332147;0;0;0
202608;AREA 4;SULAWESI;MANADO;KTG;AOi426061410591962374d9a0;INC50333570;0;0;0
202608;AREA 4;SULAWESI;PALU;TWL;AOk42606090805008551916c0;INC50339745;0;0;0
202608;AREA 4;KALIMANTAN;PONTIANAK;MPW;AOs326061003131354712d8b0;INC50342926;0;0;0
202608;AREA 4;MALUKU DAN PAPUA;JAYAPURA;ABE;AOi42606021104093931eec60;INC50345555;0;0;0
202608;AREA 4;SULAWESI;PALU;PGI;AOk4260612125722504d72530;INC50347758;0;0;0
202608;AREA 4;KALIMANTAN;PONTIANAK;BKY;AOi12605190745339150bde10;INC50475105;0;0;0
202608;AREA 4;MALUKU DAN PAPUA;AMBON;ABO;AOi4260617012125632c9a520;INC50353414;0;0;0
202608;AREA 4;KALIMANTAN;PALANGKARAYA;PRC;AOi42606151157183065b2a80;INC50353728;0;0;0
202608;AREA 4;KALIMANTAN;PALANGKARAYA;KSO;AOk4260613085109474b19880;INC50355429;0;0;0
202608;AREA 4;SULAWESI;KENDARI;KDR;AOi42606140459051632536a0;INC50357055;0;0;0
202608;AREA 4;KALIMANTAN;PALANGKARAYA;AMP;AOi42606061221105636d29b0;INC50357075;0;0;0
202608;AREA 4;KALIMANTAN;PANGKALAN BUN;PBU;AOi4260604092753695b33e20;INC50357972;0;0;0
202608;AREA 4;KALIMANTAN;SAMARINDA;STT;AOi426060911015070361dfb0;INC50358716;0;0;0
202608;AREA 4;KALIMANTAN;PANGKALAN BUN;KKU;AOi4260611055514543e1ed40;INC50360428;0;0;0
202608;AREA 4;KALIMANTAN;TARAKAN;MLN;AOi426061510421885831afa0;INC50360792;0;0;0
202608;AREA 4;MALUKU DAN PAPUA;TIMIKA;TIM;AOk4260609072714804a330e0;INC50361493;0;0;0
202608;AREA 4;SULAWESI;PARE-PARE;PIN;AOs3260610092803284739aa0;INC50367849;0;0;0
202608;AREA 4;SULAWESI;PALU;PLW;AOs326060306332475515fe00;INC50369918;0;0;0
202608;AREA 4;SULAWESI;MAKASSAR;PNK;AOi42606180901004917144f0;INC50370732;0;0;0
202608;AREA 4;SULAWESI;KENDARI;KKA;AOi426061608255336237a4e0;INC50373684;0;0;0
202608;AREA 4;KALIMANTAN;BANJARMASIN;RTA;AOs3260611082040322be2cf0;INC50375272;0;0;0
202608;AREA 4;SULAWESI;PALU;PLA;AOi42606131012038736c6300;INC50376593;0;0;0
202608;AREA 4;KALIMANTAN;PONTIANAK;MPW;AOi426060212113133921a900;INC50378436;0;0;0
202608;AREA 4;KALIMANTAN;BALIKPAPAN;TGG;AOi426061607300909498acb0;INC50380103;0;0;0
202608;AREA 4;KALIMANTAN;BALIKPAPAN;TGG;AOi42606011224231259d66f0;INC50380606;0;0;1
202608;AREA 4;KALIMANTAN;PONTIANAK;SAO;AOi42606160408261170823f0;INC50765863;0;0;0
202608;AREA 4;KALIMANTAN;PONTIANAK;STG;AOi4260607014208967fcdf30;INC50384229;0;0;0
202608;AREA 4;KALIMANTAN;BANJARMASIN;KIP;AOi42606110857468255ad050;INC50387266;0;0;0
202608;AREA 4;KALIMANTAN;TARAKAN;TBY;AOi42606020558465891c38c0;INC50387773;0;0;0
202608;AREA 4;KALIMANTAN;PONTIANAK;SAO;AOi4260607112129267b7cbf0;INC50391158;0;0;0
202608;AREA 4;MALUKU DAN PAPUA;SORONG;SON;AOi4260608032315057799ce0;INC50391218;0;0;0
202608;AREA 4;KALIMANTAN;TARAKAN;TRD;AOi4260615110551429b5d840;INC50391532;0;0;0
202608;AREA 4;SULAWESI;MANADO;MDO;AOk42606020945538057b0430;INC50393762;0;0;0
202608;AREA 4;SULAWESI;PARE-PARE;PIN;AOi4260613081015408edd540;INC50396216;0;0;0
202608;AREA 4;SULAWESI;KENDARI;MDG;AOi4260614040401280095280;INC50397076;0;0;0
202608;AREA 4;KALIMANTAN;PANGKALAN BUN;PBU;AOi426061510430585378cc30;INC50398615;0;0;0
202608;AREA 4;KALIMANTAN;BANJARMASIN;TJL;PDAk4260611043953587c96420;INC50399428;0;0;0
202608;AREA 4;SULAWESI;PALU;PLB;AOi426060205551582950cf50;INC50399458;0;0;0
202608;AREA 4;SULAWESI;MANADO;MDO;AOi1260617081734792df7ec0;INC50399711;0;0;0
202608;AREA 4;KALIMANTAN;BALIKPAPAN;KTB;AOk42606090624513955fc0e0;INC50411483;0;0;0
202608;AREA 4;KALIMANTAN;PONTIANAK;STA;AOi4260615080359988ea1e60;INC50411715;0;0;0
202608;AREA 4;SULAWESI;PALU;PLB;AOi42606170311444565c6f10;INC50415339;0;0;0
202608;AREA 4;SULAWESI;KENDARI;MDG;AOi42606111054218741fbf10;INC50586462;0;0;0
202608;AREA 4;SULAWESI;KENDARI;MDG;AOi42606160345012494783b0;INC50418023;0;0;0
202608;AREA 4;MALUKU DAN PAPUA;SORONG;MWR;AOi42606051051511377bbe10;INC50418859;0;0;0
202608;AREA 4;MALUKU DAN PAPUA;SORONG;MWR;AOk426061203500337727dbe0;INC50418992;0;0;0
202608;AREA 4;SULAWESI;KENDARI;MDG;AOi4260611120856999e22980;INC50544391;0;0;0
202608;AREA 4;SULAWESI;KENDARI;KKA;AOi4260613012352844d104f0;INC50422443;0;0;0
202608;AREA 4;SULAWESI;MANADO;MDO;AOs326061710434807933b820;INC50428535;0;0;0
202608;AREA 4;KALIMANTAN;TARAKAN;TBY;AOi42606140405015247c2480;INC50430031;0;0;0
202608;AREA 4;SULAWESI;MANADO;MDO;AOi426060209364086521ff20;INC50431692;0;0;0
202608;AREA 4;KALIMANTAN;PANGKALAN BUN;LMD;AOb026060507484152643ca10;INC50433624;0;0;0
202608;AREA 4;SULAWESI;PALU;TOL;AOi42606191146205118853c0;INC50859282;0;0;0
202608;AREA 4;MALUKU DAN PAPUA;JAYAPURA;ABE;AOi426062007445601165cd30;INC50436610;0;0;0
202608;AREA 4;KALIMANTAN;PONTIANAK;MPW;AOi4260619062900178bd23c0;INC50437951;0;0;0
202608;AREA 4;SULAWESI;PALU;APN;AOi1260603114229561d92df0;INC50439896;0;0;0
202608;AREA 4;SULAWESI;PALU;PLB;AOi42606150318195879da3e0;INC50440456;0;0;0
202608;AREA 4;KALIMANTAN;BANJARMASIN;ULI;AOi42606120707292061764d0;INC50441006;0;0;0
202608;AREA 4;SULAWESI;PALU;DGL;AOi1260613023940907cb5ff0;INC50441785;0;0;0
202608;AREA 4;SULAWESI;MAKASSAR;PNK;AOi42606051254559319fe940;INC50446686;0;0;0
202608;AREA 4;SULAWESI;GORONTALO;GTL;AOi4260608094251777de4140;INC50447238;0;0;0
202608;AREA 4;KALIMANTAN;TARAKAN;TBY;AOi42606200940524005e89f0;INC50447347;0;0;1
202608;AREA 4;KALIMANTAN;BALIKPAPAN;TGG;AOi42606030245044411da830;INC50449599;0;0;0
202608;AREA 4;KALIMANTAN;TARAKAN;JWT;AOi4260619014146984fad3b0;INC50449601;0;0;0
202608;AREA 4;KALIMANTAN;PONTIANAK;SPY;AOs32606030848319812ef260;INC50450899;0;0;1
202608;AREA 4;SULAWESI;GORONTALO;GTL;AOi42606110849446997fab10;INC50451476;0;0;0
202608;AREA 4;SULAWESI;MANADO;JLL;AOi426060506233970548d360;INC50451675;0;0;0
202608;AREA 4;MALUKU DAN PAPUA;TIMIKA;MRK;AOi42606171035284337e0e50;INC50514374;0;0;0
202608;AREA 4;SULAWESI;KENDARI;MDG;AOk4260620100748433c877e0;INC50455965;0;0;0
202608;AREA 4;KALIMANTAN;PALANGKARAYA;TML;AOi126061508454991681db50;INC50456326;0;0;0
202608;AREA 4;KALIMANTAN;PONTIANAK;SRY;AOi4260613014220708ddf4c0;INC50457883;0;0;1
202608;AREA 4;SULAWESI;MAKASSAR;PKN;AOi42606041054253449d9ec0;INC50458144;0;0;0
202608;AREA 4;KALIMANTAN;PANGKALAN BUN;KTP;AOi426061906440912877a6d0;INC50459485;0;0;1
202608;AREA 4;KALIMANTAN;SAMARINDA;SBR;AOb0260617083649836c8e380;INC50462359;0;0;0
202608;AREA 4;KALIMANTAN;PONTIANAK;NGG;AOi4260609092113004aba080;INC50488886;0;0;0
202608;AREA 4;SULAWESI;MANADO;TOB;AOk4260618114125310f22fd0;INC50464112;0;0;0
202608;AREA 4;SULAWESI;PARE-PARE;PIN;AOi42606030907005257dabd0;INC50464603;0;0;0
202608;AREA 4;KALIMANTAN;PALANGKARAYA;PRC;AOi4260618122325252444cc0;INC50465451;0;0;1
202608;AREA 4;SULAWESI;MAKASSAR;BAR;AOi42606041051213072d2110;INC50466587;0;0;0
202608;AREA 4;KALIMANTAN;BANJARMASIN;KYG;AOk426060807135600282b940;INC50473389;0;0;0
202608;AREA 4;KALIMANTAN;PANGKALAN BUN;KKU;AOi42606120220395700bb1d0;INC50473515;0;0;0
202608;AREA 4;SULAWESI;KENDARI;KKA;AOi4260613043100896727d30;INC50476734;0;0;0
202608;AREA 4;SULAWESI;MAKASSAR;BAL;AOi426061512492641597b430;INC50481187;0;0;0
202608;AREA 4;SULAWESI;MANADO;KTG;AOi1260612103828719254cd0;INC50482888;0;0;0
202608;AREA 4;KALIMANTAN;BANJARMASIN;ULI;AOs3260621101335517e46230;INC50484455;0;0;0
202608;AREA 4;KALIMANTAN;PANGKALAN BUN;KTP;AOi4260616011112719274630;INC50486136;0;0;0
202608;AREA 4;SULAWESI;PARE-PARE;PLP;AOi426062004142285409ca10;INC50489979;0;0;0
202608;AREA 4;SULAWESI;MANADO;AMR;AOk4260611101915868af73c0;INC50490626;0;0;0
202608;AREA 4;KALIMANTAN;BANJARMASIN;BLC;AOi4260622020232776eb55d0;INC50490832;0;0;0
202608;AREA 4;SULAWESI;MANADO;MDO;AOb026061304551247650a150;INC51065914;0;0;0
202608;AREA 4;KALIMANTAN;BANJARMASIN;KYG;AOi4260605050154357aa8ca0;INC50494651;0;0;0
202608;AREA 4;SULAWESI;MAKASSAR;PNK;AOi4260609120957052b8e340;INC50498760;0;0;0
202608;AREA 4;SULAWESI;KENDARI;MDG;AOi42606020106027858ecba0;INC50500281;0;0;0
202608;AREA 4;SULAWESI;MAKASSAR;SUD;AOi12606220903595582cd500;INC50505593;0;0;0
202608;AREA 4;KALIMANTAN;BANJARMASIN;KPL;AOi4260613023821818906a80;INC50506637;0;0;0
202608;AREA 4;SULAWESI;PALU;PSO;AOi42606170816396807d6960;INC50621061;0;0;0
202608;AREA 4;KALIMANTAN;PANGKALAN BUN;NPN;AOi4260617102426681b66070;INC50509253;0;0;0
202608;AREA 4;KALIMANTAN;TARAKAN;NNK;AOi4260618024901235c69320;INC50514494;0;0;0
202608;AREA 4;KALIMANTAN;BALIKPAPAN;BRU;AOs3260622085213283467ae0;INC50514871;0;0;0
202608;AREA 4;SULAWESI;MANADO;MDO;AOi42606190240448810677b0;INC50515014;0;0;0
202608;AREA 4;KALIMANTAN;PONTIANAK;SNW;AOi42606010552207803ecc00;INC50518052;0;0;0
202608;AREA 4;SULAWESI;PALU;LWU;AOi426060801521579659ab10;INC50523532;0;0;0
202608;AREA 4;KALIMANTAN;BANJARMASIN;SER;AOi42606240841258941f2c90;INC50543956;0;0;0
202608;AREA 4;SULAWESI;PARE-PARE;RTP;AOk42606080958306329a5d20;INC50544385;0;0;0
202608;AREA 4;SULAWESI;MANADO;BIT;AOi4260615082441217158930;INC50544603;0;0;0
202608;AREA 4;MALUKU DAN PAPUA;SORONG;SON;AOi426060101351536529b2b0;INC50546055;0;0;0
202608;AREA 4;SULAWESI;PALU;KOL;AOi4260530080743725a55ca0;INC50546901;0;0;0
202608;AREA 4;SULAWESI;KENDARI;PMA;AOi4260602052838316ee9bf0;INC50548135;0;0;0
202608;AREA 4;KALIMANTAN;PONTIANAK;SNW;AOi42606080942503741498f0;INC50548787;0;0;0
202608;AREA 4;SULAWESI;PARE-PARE;PIN;AOi42606020447079034e8a30;INC50557996;0;0;0
202608;AREA 4;MALUKU DAN PAPUA;SORONG;MWR;AOk4260610015632564ae8ea0;INC50558119;0;0;0
202608;AREA 4;KALIMANTAN;PONTIANAK;SPY;AOi4260615121411188509ae0;INC50558811;0;0;0
202608;AREA 4;SULAWESI;MAKASSAR;TMA;AOk4260623090449288f82c50;INC50559176;0;0;0
202608;AREA 4;SULAWESI;KENDARI;MDG;AOi4260606064540234c95ee0;INC50559518;0;0;0
202608;AREA 4;KALIMANTAN;BANJARMASIN;PLE;AOk4260609033329897c54d40;INC50559727;0;0;0
202608;AREA 4;SULAWESI;KENDARI;MDG;AOi1260606091414651c6c1c0;INC50562336;0;0;0
202608;AREA 4;KALIMANTAN;PANGKALAN BUN;SAI;AOi4260606103717714d9e870;INC50564688;0;0;0
202608;AREA 4;SULAWESI;PALU;BKU;AOi42606090510259614e5e00;INC50565540;0;0;0
202608;AREA 4;SULAWESI;MANADO;TOB;AOk4260622123628974bc10e0;INC50574528;0;0;0
202608;AREA 4;MALUKU DAN PAPUA;AMBON;ABO;AOi126060609365848568eb80;INC50631056;0;0;0
202608;AREA 4;KALIMANTAN;PANGKALAN BUN;KMI;AOi4260611011625894ec01f0;INC50574947;0;0;0
202608;AREA 4;SULAWESI;GORONTALO;MRS;AOi426060411431116694c780;INC50575195;0;0;0
202608;AREA 4;SULAWESI;KENDARI;WNC;AOi426061710433058451e4f0;INC50575534;0;0;0
202608;AREA 4;SULAWESI;PARE-PARE;PLP;AOi42606200224154912b7450;INC50575855;0;0;0
202608;AREA 4;SULAWESI;MANADO;TOB;AOi4260618083410572c7ac20;INC50576862;0;0;0
202608;AREA 4;SULAWESI;KENDARI;MDG;AOi42606160232359582a8530;INC50578033;0;0;0
202608;AREA 4;SULAWESI;KENDARI;MDG;AOi42606010554387525e0000;INC50580565;0;0;0
202608;AREA 4;SULAWESI;PARE-PARE;PLP;AOi4260623040227691f131b0;INC50580757;0;0;0
202608;AREA 4;SULAWESI;KENDARI;KDR;AOi4260606072553772e8ab60;INC50584655;0;0;0
202608;AREA 4;KALIMANTAN;BANJARMASIN;LUL;AOi42606040101517270242a0;INC50586689;0;0;0
202608;AREA 4;MALUKU DAN PAPUA;AMBON;ABO;AOi42606010745357128e73c0;INC51652756;0;0;0
202608;AREA 4;MALUKU DAN PAPUA;JAYAPURA;WAE;AOi42606221227160788ab750;INC50591699;0;0;0
202608;AREA 4;SULAWESI;MANADO;HLS;AOi4260626101124877cc03f0;INC50594979;0;0;0
202608;AREA 4;KALIMANTAN;SAMARINDA;KOB;AOi4260602091447366db0d30;INC50595553;0;0;1
202608;AREA 4;SULAWESI;KENDARI;MDG;AOi42606190454087274e6ef0;INC50729382;0;0;0
202608;AREA 4;SULAWESI;MANADO;TOB;AOi426061108152711322eb60;INC50610244;0;0;0
202608;AREA 4;MALUKU DAN PAPUA;SORONG;MWR;AOi4260606094453685aaaa50;INC50610466;0;0;0
202608;AREA 4;KALIMANTAN;PONTIANAK;MPW;AOi4260617124503898dd6480;INC50610978;0;0;0
202608;AREA 4;SULAWESI;PALU;PGM;AOi426062604020176487c9b0;INC50613032;0;0;0
202608;AREA 4;SULAWESI;MAKASSAR;PNK;AOs3260620010452817f011e0;INC50615067;0;0;0
202608;AREA 4;KALIMANTAN;BANJARMASIN;ULI;AOi4260616022050553c252e0;INC50616079;0;0;0
202608;AREA 4;KALIMANTAN;PALANGKARAYA;TML;AOi42606010548113355dbee0;INC50616810;0;0;0
202608;AREA 4;SULAWESI;PALU;PLA;AOi4260623100751881c8d610;INC50619508;0;0;0
202608;AREA 4;SULAWESI;KENDARI;BBU;AOi4260603115927663073f40;INC50622853;0;0;0
202608;AREA 4;MALUKU DAN PAPUA;SORONG;SON;AOi42606250358042988b9b30;INC50628919;0;0;0
202608;AREA 4;SULAWESI;KENDARI;BBU;AOi4260607101708044e3c0b0;INC50632582;0;0;0
202608;AREA 4;KALIMANTAN;SAMARINDA;BOT;AOi42606081019553056c1e10;INC50632928;0;0;0
202608;AREA 4;MALUKU DAN PAPUA;TIMIKA;TIM;AOi426060208511760958e050;INC50855563;0;0;0
202608;AREA 4;KALIMANTAN;TARAKAN;LNN;AOi4260613052716099f98ae0;INC50635866;0;0;0
202608;AREA 4;SULAWESI;PARE-PARE;PLP;AOs3260610083514178c88230;INC50637441;0;0;0
202608;AREA 4;SULAWESI;PARE-PARE;PLP;AOi4260605022039099398550;INC50639409;0;0;0
202608;AREA 4;SULAWESI;PARE-PARE;PLP;AOk426062204300248111f520;INC50639634;0;0;0
202608;AREA 4;SULAWESI;KENDARI;MDG;AOi4260625020826068bc5e50;INC50639922;0;0;0
202608;AREA 4;SULAWESI;PARE-PARE;MAM;AOk42606050344474173deaa0;INC50639940;0;0;0
202608;AREA 4;SULAWESI;MAKASSAR;PNK;AOi42606221211530930ad260;INC50640523;0;0;0
202608;AREA 4;MALUKU DAN PAPUA;SORONG;MWR;AOi4260614114832470e84e20;INC50640859;0;0;0
202608;AREA 4;KALIMANTAN;PALANGKARAYA;AMP;AOi42606120506220472f8b80;INC50641572;0;0;0
202608;AREA 4;SULAWESI;PARE-PARE;MAS;AOi126062706560550922c640;INC50642280;0;0;0
202608;AREA 4;KALIMANTAN;PALANGKARAYA;PRC;AOk426061001160272920c5a0;INC51883209;0;0;1
202608;AREA 4;MALUKU DAN PAPUA;SORONG;SON;AOi4260623071509940731ae0;INC50646922;0;0;0
202608;AREA 4;KALIMANTAN;SAMARINDA;SGK;AOk4260620075549638c02060;INC51240642;0;0;0
202608;AREA 4;KALIMANTAN;PONTIANAK;ANJ;AOi4260614085438515bc6390;INC50647842;0;0;0
202608;AREA 4;SULAWESI;PARE-PARE;PLP;AOk42606260113408748e7090;INC50647862;0;0;0
202608;AREA 4;SULAWESI;KENDARI;PMA;AOi4260618025957607463aa0;INC50648162;0;0;0
202608;AREA 4;KALIMANTAN;TARAKAN;JWT;AOi4260602074939577870ed0;INC50648701;0;0;0
202608;AREA 4;MALUKU DAN PAPUA;SORONG;MWR;AOi4260610125235240f5e130;INC50648961;0;0;0
202608;AREA 4;KALIMANTAN;TARAKAN;TAJ;AOi4260625115951329106010;INC50649228;0;0;0
202608;AREA 4;KALIMANTAN;TARAKAN;MLN;AOi4260626111357279c74a30;INC50649398;0;0;0
202608;AREA 4;SULAWESI;MANADO;TMH;AOi4260612115601987272850;INC50652455;0;0;0
202608;AREA 4;SULAWESI;PALU;PLB;AOs3260608040812617fafc60;INC50655354;0;0;0
202608;AREA 4;SULAWESI;KENDARI;MDG;AOi42606050714297394afa20;INC50656439;0;0;0
202608;AREA 4;KALIMANTAN;TARAKAN;TRK;AOi4260624062207250d6ec80;INC50659529;0;0;0
202608;AREA 4;KALIMANTAN;TARAKAN;SNY;AOi4260611100209043d536b0;INC50659730;0;0;1
202608;AREA 4;SULAWESI;BONE;BLK;AOi4260616011822038236cd0;INC50660087;0;0;0
202608;AREA 4;KALIMANTAN;BALIKPAPAN;GSA;AOi12606251157095773d1340;INC50662103;0;0;0
202608;AREA 4;KALIMANTAN;PONTIANAK;SPY;AOi42606250651568411e0d70;INC50663469;0;0;0
202608;AREA 4;SULAWESI;BONE;SIN;AOi4260618010825127622380;INC50664057;0;0;0
202608;AREA 4;KALIMANTAN;PONTIANAK;ANJ;AOi42606160731037328f88d0;INC50665884;0;0;0
202608;AREA 4;SULAWESI;PARE-PARE;TTE;AOi42606251003319569a8e10;INC50666155;0;0;0
202608;AREA 4;SULAWESI;MAKASSAR;PNK;AOb02606140700304791080e0;INC50666210;0;0;0
202608;AREA 4;SULAWESI;BONE;WTP;AOi4260604045356703ab6410;INC50669898;0;0;0
202608;AREA 4;SULAWESI;PARE-PARE;MAM;AOb0260602011628896371870;INC50671682;0;0;1
202608;AREA 4;SULAWESI;GORONTALO;GTL;AOi42606270953539854db560;INC50673595;0;0;0
202608;AREA 4;SULAWESI;KENDARI;LSS;AOi4260603044235266f76580;INC50679141;0;0;0
202608;AREA 4;SULAWESI;PALU;TOL;AOk4260609010030343e1cac0;INC50680914;0;0;0
202608;AREA 4;KALIMANTAN;BANJARMASIN;LUL;AOk42606210916102976e7d50;INC50681217;0;0;0
202608;AREA 4;SULAWESI;BONE;WTP;AOi4260622090900988f05740;INC50683377;0;0;0
202608;AREA 4;KALIMANTAN;PALANGKARAYA;PRC;AOs3260621012348784fe5c50;INC51149280;0;0;1
202608;AREA 4;SULAWESI;MANADO;SFI;AOi42606270242039911c3070;INC50688915;0;0;0
202608;AREA 4;SULAWESI;KENDARI;MDG;AOi4260612085256975000910;INC50689881;0;0;0
202608;AREA 4;SULAWESI;PALU;PLA;AOi4260614071535246617700;INC50693968;0;0;0
202608;AREA 4;SULAWESI;PALU;PGI;AOi42606100447357391002b0;INC50697557;0;0;0
202608;AREA 4;KALIMANTAN;PANGKALAN BUN;SAI;AOs32606021251227810f0080;INC50700759;0;0;0
202608;AREA 4;KALIMANTAN;SAMARINDA;LMP;AOi4260524112848497e48dc0;INC50708319;0;0;0
202608;AREA 4;MALUKU DAN PAPUA;TIMIKA;TIM;AOk4260617023342553a89180;INC50710079;0;0;0
202608;AREA 4;SULAWESI;KENDARI;KKA;AOi42606010858593545170b0;INC50711090;0;0;0
202608;AREA 4;MALUKU DAN PAPUA;JAYAPURA;SNI;AOs3260610043748561df1e20;INC50711398;0;0;0
202608;AREA 4;SULAWESI;KENDARI;KDR;AOi4260617085706201750420;INC50711674;0;0;0
202608;AREA 4;KALIMANTAN;BANJARMASIN;BLC;AOi4260621083459561bdda30;INC50714741;0;0;0
202608;AREA 4;SULAWESI;KENDARI;LSS;AOi426061102183412866efe0;INC50717179;0;0;0
202608;AREA 4;KALIMANTAN;TARAKAN;TRK;AOi426061710141516085d7b0;INC50718061;0;0;0
202608;AREA 4;SULAWESI;MANADO;MDO;AOi1260608075833246d13880;INC50782446;0;0;0
202608;AREA 4;SULAWESI;PALU;LWU;AOk4260629114638478fd9bb0;INC50725298;0;0;0
202608;AREA 4;SULAWESI;KENDARI;MDG;AOi42606031151591660e6380;INC50726348;0;0;0
202608;AREA 4;KALIMANTAN;TARAKAN;TRK;AOi42606281153559807739c0;INC50726479;0;0;0
202608;AREA 4;KALIMANTAN;TARAKAN;TRK;AOi4260613052658199e7ff80;INC50727828;0;0;0
202608;AREA 4;SULAWESI;MAKASSAR;TMA;AOi426062601212106209a4f0;INC51875209;0;0;0
202608;AREA 4;KALIMANTAN;SAMARINDA;STT;AOi426062612501978321aaf0;INC50733133;0;0;0
202608;AREA 4;KALIMANTAN;PONTIANAK;SPY;AOi42606170922182402758f0;INC50733874;0;0;1
202608;AREA 4;SULAWESI;KENDARI;MDG;AOi4260604015939214b05770;INC50735147;0;0;0
202608;AREA 4;SULAWESI;KENDARI;KDR;AOk426063009333144243bba0;INC50735464;0;0;0
202608;AREA 4;KALIMANTAN;TARAKAN;TAJ;AOi42606211223295843289f0;INC50735468;0;0;0
202608;AREA 4;SULAWESI;PARE-PARE;PIN;AOi42606080120116651a2be0;INC50736111;0;0;0
202608;AREA 4;KALIMANTAN;TARAKAN;TAJ;AOi426060608041576776fcb0;INC50905273;0;0;0
202608;AREA 4;KALIMANTAN;BALIKPAPAN;SEP;AOi42606280651431005565e0;INC50743222;0;0;1
202608;AREA 4;KALIMANTAN;PONTIANAK;SAO;AOi4260601092136162cebeb0;INC50744581;0;0;0
202608;AREA 4;SULAWESI;KENDARI;KKA;AOk4260627073642915eb9e70;INC50745723;0;0;0
202608;AREA 4;SULAWESI;BONE;SKG;AOi42606291014531812ea130;INC50747029;0;0;0
202608;AREA 4;SULAWESI;MANADO;BIT;AOk42606181234442945904e0;INC50748979;0;0;0
202608;AREA 4;MALUKU DAN PAPUA;SORONG;MWR;AOi42606041256497257fa590;INC51272897;0;0;0
202608;AREA 4;SULAWESI;PALU;PLB;AOi42606271214152505347b0;INC50755927;0;0;0
202608;AREA 4;MALUKU DAN PAPUA;SORONG;SON;AOi4260613094952382b05140;INC50757829;0;0;0
202608;AREA 4;KALIMANTAN;SAMARINDA;LOB;AOi42606070505499680a8b60;INC50760802;0;0;0
202608;AREA 4;SULAWESI;PALU;TWL;AOi4260614061936321a9d0c0;INC50762131;0;0;0
202608;AREA 4;KALIMANTAN;BALIKPAPAN;BRU;AOs3260622044441786745890;INC50765416;0;0;0
202608;AREA 4;SULAWESI;PALU;PGI;AOi4260609015430016334870;INC50765466;0;0;1
202608;AREA 4;SULAWESI;KENDARI;MDG;AOi42606110217225965af060;INC50765701;0;0;0
202608;AREA 4;MALUKU DAN PAPUA;JAYAPURA;SNI;AOi426062812585422224fa40;INC50765742;0;0;0
202608;AREA 4;KALIMANTAN;BALIKPAPAN;SAN;AOi4260603081345805693030;INC50765874;0;0;1
202608;AREA 4;SULAWESI;MAKASSAR;PNK;AOs3260611084107531a557a0;INC50767294;0;0;0
202608;AREA 4;SULAWESI;MAKASSAR;PNK;AOi42606171239507918c97f0;INC50772116;0;0;0
202608;AREA 4;SULAWESI;PALU;PSO;AOi4260604050939067142690;INC50777089;0;0;0
202608;AREA 4;SULAWESI;MAKASSAR;PNK;AOi4260613114510935dd1870;INC50777116;0;0;0
202608;AREA 4;KALIMANTAN;BANJARMASIN;BBR;AOi4260627083920166ff6700;INC50777970;0;0;0
202608;AREA 4;KALIMANTAN;BALIKPAPAN;TGG;AOi4260619065515576427110;INC50778055;0;0;0
202608;AREA 4;SULAWESI;MAKASSAR;PNK;AOk426060310502588455e180;INC50782479;0;0;0
202608;AREA 4;MALUKU DAN PAPUA;JAYAPURA;BIA;AOi4260601013803365a00390;INC50782945;0;0;0
202608;AREA 4;SULAWESI;MANADO;BIT;AOs3260629101411327575800;INC50783010;0;0;0
202608;AREA 4;KALIMANTAN;PANGKALAN BUN;LMD;AOi426061902425533337ce80;INC50783973;0;0;0
202608;AREA 4;SULAWESI;PARE-PARE;RTP;AOi42606050146421116319e0;INC51540818;0;0;0
202608;AREA 4;KALIMANTAN;PANGKALAN BUN;KTP;AOi4260613032443506a63dd0;INC50785612;0;0;0
202608;AREA 4;SULAWESI;GORONTALO;GTL;AOi4260608020922898f746d0;INC50787825;0;0;0
202608;AREA 4;SULAWESI;PALU;LWU;AOi4260620110525681bfd6d0;INC50790225;0;0;1
202608;AREA 4;SULAWESI;KENDARI;KDR;AOi42606041116451242e6ea0;INC50791475;0;0;0
202608;AREA 4;KALIMANTAN;BALIKPAPAN;GSA;AOi4260603121209621138870;INC50791910;0;0;0
202608;AREA 4;KALIMANTAN;SAMARINDA;SBR;AOk42606200823261568da600;INC50792612;0;0;1
202608;AREA 4;KALIMANTAN;BANJARMASIN;SER;AOi426060511365494543d310;INC50795255;0;0;1
202608;AREA 4;SULAWESI;PARE-PARE;PLP;AOi426061408074504371dd10;INC50796708;0;0;0
202608;AREA 4;KALIMANTAN;BALIKPAPAN;BRU;AOs32606251237158259dcff0;INC50797338;0;0;0
202608;AREA 4;KALIMANTAN;PONTIANAK;SAO;AOi42606120820591379438b0;INC50798287;0;0;0
202608;AREA 4;SULAWESI;PARE-PARE;PIN;AOk42606080851332091c1870;INC50798695;0;0;0
202608;AREA 4;SULAWESI;MAKASSAR;PKN;AOi42606031157050436db180;INC50798845;0;0;0
202608;AREA 4;MALUKU DAN PAPUA;SORONG;MWR;AOi426062709285970670c7b0;INC52043831;0;0;0
202608;AREA 4;SULAWESI;PARE-PARE;SRK;AOi426060805302362527a1d0;INC50800418;0;0;0
202608;AREA 4;SULAWESI;KENDARI;KDR;AOi4260625035732458457850;INC50800958;0;0;0
202608;AREA 4;SULAWESI;KENDARI;KDR;AOi4260610092331468dc2cc0;INC50816838;0;0;0
202608;AREA 4;KALIMANTAN;TARAKAN;TRK;AOi4260621014448233fa3190;INC50818215;0;0;0
202608;AREA 4;SULAWESI;BONE;SIN;AOi42606011117480920ee460;INC50818553;0;0;0
202608;AREA 4;SULAWESI;MANADO;LBH;AOi426061711582994859e8c0;INC50822849;0;0;0
202608;AREA 4;KALIMANTAN;PANGKALAN BUN;KTP;AOi4260613033104984ec98e0;INC50823510;0;0;0
202608;AREA 4;KALIMANTAN;PALANGKARAYA;KRI;AOi4260611011643481fe5c20;INC51844072;0;0;1
202608;AREA 4;SULAWESI;MAKASSAR;MAT;AOk4260612124132663a7ea80;INC50837436;0;0;0
202608;AREA 4;MALUKU DAN PAPUA;JAYAPURA;JAP;AOi4260605111827925a3f1f0;INC50844324;0;0;0
202608;AREA 4;KALIMANTAN;PALANGKARAYA;PLK;AOi42606110712395392b9d10;INC50846444;0;0;0
202608;AREA 4;KALIMANTAN;BANJARMASIN;BLC;AOi42606270447352792c3020;INC50851032;0;0;1
202608;AREA 4;KALIMANTAN;TARAKAN;TRK;AOi42606251108210958b7d90;INC50853039;0;0;0
202608;AREA 4;KALIMANTAN;SAMARINDA;LOB;AOi4260610070321760ac9170;INC50857215;0;0;0
202608;AREA 4;SULAWESI;PARE-PARE;PIN;AOi426062612302747214d600;INC50858030;0;0;0
202608;AREA 4;SULAWESI;MAKASSAR;MAT;AOi1260611041048285dc6490;INC50865648;0;0;0
202608;AREA 4;MALUKU DAN PAPUA;SORONG;TMB;AOi42606100122474919122d0;INC50866442;0;0;0
202608;AREA 4;SULAWESI;PARE-PARE;MAM;AOk4260603030957967f445b0;INC50867148;0;0;0
202608;AREA 4;KALIMANTAN;BANJARMASIN;STI;AOi426061209235221098c500;INC50874183;0;0;0
202608;AREA 4;MALUKU DAN PAPUA;SORONG;MWR;AOi42606230358414597f82a0;INC50875265;0;0;0
202608;AREA 4;KALIMANTAN;BALIKPAPAN;KTB;AOi42606150833086949fe820;INC50875505;0;0;0
202608;AREA 4;KALIMANTAN;BALIKPAPAN;TGG;AOi4260607035317206cbc010;INC50877216;0;0;1
202608;AREA 4;SULAWESI;KENDARI;KKA;AOi4260621055706198632f20;INC50883199;0;0;0
202608;AREA 4;SULAWESI;PALU;KOL;AOi4260610052326317e98ff0;INC50884353;0;0;0
202608;AREA 4;SULAWESI;MANADO;PIK;AOk42606240946406865cf370;INC50885292;0;0;0
202608;AREA 4;MALUKU DAN PAPUA;JAYAPURA;ABE;AOi42606040445097423dbc20;INC50887301;0;0;0
202608;AREA 4;KALIMANTAN;TARAKAN;NNK;AOi42606270525507422be130;INC50888093;0;0;0
202608;AREA 4;KALIMANTAN;BANJARMASIN;STI;AOi4260606083737585de1f10;INC50888704;0;0;1
202608;AREA 4;SULAWESI;PARE-PARE;MAM;AOk42606190108037369d88d0;INC51140890;0;0;0
202608;AREA 4;SULAWESI;KENDARI;KDR;AOi4260619122552652a79c10;INC50889551;0;0;0
202608;AREA 4;SULAWESI;MANADO;MDO;AOi4260626021854560ecd140;INC50891121;0;0;0
202608;AREA 4;SULAWESI;MANADO;TNT;AOs3260624063127584b51920;INC50891657;0;0;0
202608;AREA 4;SULAWESI;MANADO;MDO;AOi1260622045426592c630c0;INC50892403;0;0;0
202608;AREA 4;SULAWESI;KENDARI;KKA;AOi4260627092712684c013b0;INC50893777;0;0;0
202608;AREA 4;SULAWESI;PARE-PARE;PLP;AOi4260616113832721e1bcc0;INC50894997;0;0;0
202608;AREA 4;KALIMANTAN;TARAKAN;TRK;AOi42606280829213182323f0;INC50895321;0;0;0
202608;AREA 4;MALUKU DAN PAPUA;SORONG;BTI;AOi4260624033823285d9f170;INC50897914;0;0;1
202608;AREA 4;MALUKU DAN PAPUA;AMBON;ABO;AOs3260628080350815ff49c0;INC50898710;0;0;0
202608;AREA 4;KALIMANTAN;TARAKAN;MLN;AOi426061301353713501fa30;INC50899596;0;0;0
202608;AREA 4;KALIMANTAN;PANGKALAN BUN;KKU;AOi4260613012239766903c20;INC50900508;0;0;0
202608;AREA 4;SULAWESI;PALU;PLB;AOi426053005553515439e490;INC50902180;0;0;0
202608;AREA 4;MALUKU DAN PAPUA;SORONG;NAB;AOk4260604022939139b61480;INC50902784;0;0;0
202608;AREA 4;KALIMANTAN;PALANGKARAYA;PRC;AOi42606260106094323a6dc0;INC50906442;0;0;1
202608;AREA 4;KALIMANTAN;BANJARMASIN;RTA;AOk4260615102122168f0bcf0;INC50909430;0;0;0
202608;AREA 4;KALIMANTAN;BANJARMASIN;GMB;AOi42606250308155882e6440;INC50914195;0;0;0
202608;AREA 4;KALIMANTAN;PANGKALAN BUN;KTP;AOi42606150704537538843f0;INC50914835;0;0;0
202608;AREA 4;KALIMANTAN;PONTIANAK;STA;AOi42606141047201427b8890;INC50920941;0;0;0
202608;AREA 4;SULAWESI;PALU;TOL;AOi4260622120239098b87ac0;INC50922492;0;0;0
202608;AREA 4;SULAWESI;GORONTALO;TLG;AOi4260625030538303043e70;INC50924628;0;0;0
202608;AREA 4;SULAWESI;PARE-PARE;MAM;AOi4260628070501107785010;INC50925054;0;0;0
202608;AREA 4;SULAWESI;KENDARI;MDG;AOi4260614031233964253410;INC50927379;0;0;0
202608;AREA 4;SULAWESI;PALU;BKU;AOi4260625112955104696820;INC50927954;0;0;1
202608;AREA 4;MALUKU DAN PAPUA;JAYAPURA;ABE;AOi42606041247152768797b0;INC50930748;0;0;0
202608;AREA 4;SULAWESI;MANADO;TNT;AOi426062203485370201c110;INC50933503;0;0;0
202608;AREA 4;KALIMANTAN;PONTIANAK;SAO;AOi42606030657246347bba50;INC50937930;0;0;0
202608;AREA 4;SULAWESI;MAKASSAR;SUD;AOi426060706472521941f740;INC50938035;0;0;0
202608;AREA 4;SULAWESI;MAKASSAR;SUD;AOi426062910400368520b590;INC50938941;0;0;0
202608;AREA 4;SULAWESI;PALU;PLA;PDAk4260623120602627aadc90;INC50940330;0;0;0
202608;AREA 4;SULAWESI;MANADO;MDO;AOi426060811200350335d7c0;INC50946317;0;0;0
202608;AREA 4;SULAWESI;MAKASSAR;BAR;AOi426060408393223688e910;INC50946433;0;0;0
202608;AREA 4;SULAWESI;GORONTALO;GTL;AOi4260625034117229b8b270;INC50946520;0;0;0
202608;AREA 4;SULAWESI;MAKASSAR;BAL;AOi4260618020938194808ca0;INC50947158;0;0;0
202608;AREA 4;KALIMANTAN;TARAKAN;TAJ;AOi4260618041051080c0b9a0;INC50947647;0;0;0
202608;AREA 4;SULAWESI;MANADO;LAN;AOi4260603125006408389330;INC50948358;0;0;0
202608;AREA 4;KALIMANTAN;BALIKPAPAN;KTB;AOi1260601094858391623380;INC50948741;0;0;0
202608;AREA 4;MALUKU DAN PAPUA;JAYAPURA;WAE;AOi4260606095158687b96d60;INC50952793;0;0;0
202608;AREA 4;MALUKU DAN PAPUA;TIMIKA;TIM;AOi4260618035519592a76de0;INC50954638;0;0;0
202608;AREA 4;KALIMANTAN;PONTIANAK;SNW;AOi426060412213935978fb60;INC50959359;0;0;0
202608;AREA 4;KALIMANTAN;PONTIANAK;JAW;AOs3260607070012657f87610;INC50961349;0;0;0
202608;AREA 4;SULAWESI;GORONTALO;ISM;AOi12606260716157821bb3f0;INC50965100;0;0;0
202608;AREA 4;MALUKU DAN PAPUA;JAYAPURA;SNI;AOk4260627095735332c66d50;INC50965143;0;0;0
202608;AREA 4;SULAWESI;MANADO;TOB;AOk4260618083443120295da0;INC50965437;0;0;0
202608;AREA 4;KALIMANTAN;BANJARMASIN;PGN;AOi42606020943576302489f0;INC51427912;0;0;0
202608;AREA 4;KALIMANTAN;PONTIANAK;SPY;AOi426061811035809569ef90;INC50968093;0;0;0
202608;AREA 4;SULAWESI;PARE-PARE;PIN;AOk4260609083432806302630;INC50968114;0;0;0
202608;AREA 4;SULAWESI;KENDARI;KDR;AOi4260601024053305dbffc0;INC50970155;0;0;0
202608;AREA 4;KALIMANTAN;TARAKAN;TRK;AOi4260619094049020ee0060;INC50972476;0;0;0
202608;AREA 4;KALIMANTAN;BALIKPAPAN;GSA;AOi4260531095237773ae3a90;INC50973718;0;0;0
202608;AREA 4;SULAWESI;GORONTALO;MRS;AOi4260604122324266587560;INC50974720;0;0;0
202608;AREA 4;SULAWESI;PARE-PARE;PIN;AOi4260613071043318d63010;INC50974852;0;0;0
202608;AREA 4;SULAWESI;MANADO;TOB;AOk42606060810206051a30c0;INC50976576;0;0;0
202608;AREA 4;SULAWESI;PARE-PARE;RTP;AOk4260622021458476fc0c00;INC50978541;0;0;0
202608;AREA 4;KALIMANTAN;PONTIANAK;SRY;AOb0260626073714034126450;INC50982719;0;0;0
202608;AREA 4;KALIMANTAN;TARAKAN;SNY;AOi426061904413507338aca0;INC50982916;0;0;0
202608;AREA 4;KALIMANTAN;PONTIANAK;PUT;AOi4260606114938289c2c6a0;INC50985162;0;0;1
202608;AREA 4;SULAWESI;PALU;TOL;AOi42606201132044166ef850;INC50989536;0;0;0
202608;AREA 4;SULAWESI;KENDARI;BBU;AOi42606151232113570db980;INC50994655;0;0;0
202608;AREA 4;SULAWESI;KENDARI;KDR;AOi42606290256254368cf670;INC51000434;0;0;0
202608;AREA 4;SULAWESI;MANADO;TDN;AOb026062408350285701b7d0;INC51000615;0;0;0
202608;AREA 4;SULAWESI;BONE;SIN;AOi4260601120924815927710;INC51001049;0;0;0
202608;AREA 4;MALUKU DAN PAPUA;AMBON;WHA;AOi4260626065703981b66920;INC51001868;0;0;0
202608;AREA 4;KALIMANTAN;SAMARINDA;STT;AOi426061303411309443d140;INC51185535;0;0;0
202608;AREA 4;SULAWESI;GORONTALO;ISM;AOi4260530110442628c9a020;INC51003342;0;0;0
202608;AREA 4;SULAWESI;KENDARI;BBU;AOi4260610065101977c60100;INC51003864;0;0;0
202608;AREA 4;MALUKU DAN PAPUA;JAYAPURA;JPB;AOi4260613124555456e568d0;INC51968956;0;0;0
202608;AREA 4;KALIMANTAN;PONTIANAK;STG;AOi42606251217100293a9c60;INC51011746;0;0;0
202608;AREA 4;MALUKU DAN PAPUA;SORONG;NAB;AOk4260604083531495a42c40;INC51012005;0;0;0
202608;AREA 4;KALIMANTAN;BANJARMASIN;LUL;AOi4260621064155847a2dfb0;INC51012154;0;0;0
202608;AREA 4;KALIMANTAN;BANJARMASIN;ULI;AOi4260606095958956463ba0;INC51015632;0;0;0
202608;AREA 4;SULAWESI;MAKASSAR;MAT;AOi1260610030237114c70920;INC51016220;0;0;0
202608;AREA 4;KALIMANTAN;TARAKAN;SNY;AOi4260619030436868470370;INC51017927;0;0;1
202608;AREA 4;KALIMANTAN;SAMARINDA;STT;AOk4260605024242833e739c0;INC51020468;0;0;0
202608;AREA 4;KALIMANTAN;PALANGKARAYA;TML;AOi42606301009470679d6a60;INC51024934;0;0;0
202608;AREA 4;SULAWESI;KENDARI;BBU;AOi4260618055608870ad6020;INC51026131;0;0;0
202608;AREA 4;KALIMANTAN;BALIKPAPAN;MGG;AOi4260628012743297350960;INC51037264;0;0;0
202608;AREA 4;SULAWESI;MANADO;TMH;AOi4260611045045050a236f0;INC51039217;0;0;0
202608;AREA 4;MALUKU DAN PAPUA;TIMIKA;TIM;AOi4260605012734504cb8ef0;INC51040494;0;0;0
202608;AREA 4;SULAWESI;GORONTALO;GTL;AOi4260618013431948c87bb0;INC51044659;0;0;0
202608;AREA 4;SULAWESI;KENDARI;MDG;AOi4260603113754253b543a0;INC51044747;0;0;0
202608;AREA 4;KALIMANTAN;PONTIANAK;BKY;AOi42606121253520426ea7d0;INC51046103;0;0;0
202608;AREA 4;SULAWESI;KENDARI;MDG;AOi42606221218309894347c0;INC51050750;0;0;0
202608;AREA 4;KALIMANTAN;PANGKALAN BUN;KMI;AOi4260613011820782cf03c0;INC51051819;0;0;0
202608;AREA 4;MALUKU DAN PAPUA;JAYAPURA;ABE;AOs326062202363669832a660;INC51111801;0;0;0
202608;AREA 4;SULAWESI;PARE-PARE;ENR;AOk4260625013426504922570;INC51064434;0;0;0
202608;AREA 4;KALIMANTAN;SAMARINDA;STT;AOi426061902383137510dfc0;INC51065199;0;0;0
202608;AREA 4;SULAWESI;KENDARI;MDG;AOi4260623080721697304ff0;INC51066044;0;0;0
202608;AREA 4;MALUKU DAN PAPUA;SORONG;MWR;AOi4260630012227582116060;INC51068064;0;0;0
202608;AREA 4;SULAWESI;MAKASSAR;PNK;AOk42606290322172734ecca0;INC51075508;0;0;0
202608;AREA 4;KALIMANTAN;TARAKAN;TRK;PDAk4260617043026412552ce0;INC51078134;0;0;0
202608;AREA 4;SULAWESI;MAKASSAR;PNK;AOi42606071005089619e14e0;INC51078431;0;0;0
202608;AREA 4;KALIMANTAN;BANJARMASIN;LUL;AOi4260620030628485998370;INC51080587;0;0;0
202608;AREA 4;KALIMANTAN;TARAKAN;TRK;AOi426061709575429635ca50;INC51081234;0;0;0
202608;AREA 4;KALIMANTAN;PALANGKARAYA;PLK;AOi42606090435404755d7840;INC51081519;0;0;1
202608;AREA 4;SULAWESI;MANADO;MDO;AOi12606240738455969a45b0;INC51082402;0;0;0
202608;AREA 4;SULAWESI;KENDARI;PMA;AOi426062508540819451db80;INC51084543;0;0;0
202608;AREA 4;SULAWESI;PARE-PARE;PLP;AOi4260602040606470bb6940;INC51087069;0;0;0
202608;AREA 4;SULAWESI;PALU;PLA;AOi1260608105331606b8ed40;INC51216944;0;0;0
202608;AREA 4;MALUKU DAN PAPUA;AMBON;PAO;AOi426062509051804683b4c0;INC51090855;0;0;0
202608;AREA 4;KALIMANTAN;PONTIANAK;JAW;AOi4260618044030890edf390;INC51405448;0;0;0
202608;AREA 4;KALIMANTAN;PONTIANAK;SED;AOi426060512134541221e5a0;INC51092009;0;0;0
202608;AREA 4;SULAWESI;MAKASSAR;ANT;AOi426061908591747834f740;INC51093081;0;0;0
202608;AREA 4;KALIMANTAN;BALIKPAPAN;BAM;AOi4260603123149262ab38b0;INC51095389;0;0;0
202608;AREA 4;SULAWESI;MAKASSAR;BAL;AOi4260626124011265c49440;INC51095736;0;0;0
202608;AREA 4;SULAWESI;KENDARI;KDR;AOi4260603021225573cd8b20;INC51097559;0;0;0
202608;AREA 4;KALIMANTAN;PANGKALAN BUN;KMI;AOi42606230937361827983c0;INC51098297;0;0;0
202608;AREA 4;SULAWESI;KENDARI;BBU;AOi4260629094701075a4fdb0;INC51104146;0;0;0
202608;AREA 4;SULAWESI;BONE;BLK;AOi42606020756414980bc770;INC51108328;0;0;0
202608;AREA 4;SULAWESI;KENDARI;KDR;AOi4260616050757540c352a0;INC51111496;0;0;0
202608;AREA 4;KALIMANTAN;PONTIANAK;SPY;AOi4260615063409822c3d360;INC51113614;0;0;0
202608;AREA 4;KALIMANTAN;SAMARINDA;LMP;AOi4260603082238785c53db0;INC51114556;0;0;0
202608;AREA 4;SULAWESI;PALU;PLB;AOi42606031031514103631e0;INC51285699;0;0;0
202608;AREA 4;MALUKU DAN PAPUA;JAYAPURA;SRU;AOi4260610025118291afb4b0;INC51119426;0;0;0
202608;AREA 4;SULAWESI;GORONTALO;KWD;AOs32606010850570662ef820;INC51122561;0;0;0
202608;AREA 4;MALUKU DAN PAPUA;AMBON;PAO;AOi4260624011540681f9f610;INC51123770;0;0;0
202608;AREA 4;KALIMANTAN;PONTIANAK;SNW;AOi4260629014310129eb30f0;INC51127025;0;0;0
202608;AREA 4;KALIMANTAN;TARAKAN;TRK;AOi42606031258054569519d0;INC51131106;0;0;0
202608;AREA 4;KALIMANTAN;PANGKALAN BUN;SAD;AOi4260612012507655ead850;INC51132603;0;0;0
202608;AREA 4;KALIMANTAN;SAMARINDA;SBR;AOi4260630113856629a1d700;INC51134808;0;0;0
202608;AREA 4;SULAWESI;MANADO;KTG;AOk4260604084834336f86780;INC51135825;0;0;0
202608;AREA 4;KALIMANTAN;BANJARMASIN;KPL;AOi426062712460797547bc90;INC51136130;0;0;0
202608;AREA 4;KALIMANTAN;BANJARMASIN;BLC;AOi42606020312580582f85f0;INC51136935;0;0;0
202608;AREA 4;MALUKU DAN PAPUA;JAYAPURA;ABE;AOi4260602031508556a86640;INC51138833;0;0;1
202608;AREA 4;SULAWESI;PARE-PARE;MAM;AOi4260613084652891bfc990;INC51141334;0;0;0
202608;AREA 4;SULAWESI;MANADO;TOB;AOi4260617071451929adb100;INC51146834;0;0;0
202608;AREA 4;KALIMANTAN;TARAKAN;TRK;AOi4260622095557830e9a6b0;INC51152260;0;0;0
202608;AREA 4;SULAWESI;MANADO;TNT;AOi4260614091005441063b70;INC51152936;0;0;0
202608;AREA 4;SULAWESI;PARE-PARE;PRE;AOk4260623032805196318c40;INC51153514;0;0;0
202608;AREA 4;SULAWESI;PARE-PARE;PIN;AOi42606111211500189c27c0;INC51153988;0;0;0
202608;AREA 4;SULAWESI;PARE-PARE;MAJ;AOi42606021219377303c97c0;INC51157941;0;0;1
202608;AREA 4;MALUKU DAN PAPUA;AMBON;ABO;AOi4260619031449585f50390;INC51171474;0;0;0
202608;AREA 4;MALUKU DAN PAPUA;JAYAPURA;ABE;AOi4260629025618329d0ac80;INC51171823;0;0;0
202608;AREA 4;SULAWESI;PARE-PARE;RTP;AOk4260609085639254eccb60;INC51172216;0;0;0
202608;AREA 4;SULAWESI;MAKASSAR;PNK;AOi42606091038303823231b0;INC51173158;0;0;0
202608;AREA 4;KALIMANTAN;BALIKPAPAN;MBD;AOi4260622102800793374c70;INC51173860;0;0;1
202608;AREA 4;SULAWESI;MAKASSAR;TMA;AOi42606251252380874cee30;INC51178731;0;0;0
202608;AREA 4;SULAWESI;KENDARI;KDR;AOk4260608082830153750ea0;INC51183168;0;0;0
202608;AREA 4;KALIMANTAN;PONTIANAK;SRY;AOi42606250901448594aa080;INC51184303;0;0;0
202608;AREA 4;KALIMANTAN;PONTIANAK;SRD;AOi426061411561768823ca70;INC51184633;0;0;0
202608;AREA 4;SULAWESI;MANADO;TOB;AOi4260623110407350cafe40;INC51192505;0;0;0
202608;AREA 4;MALUKU DAN PAPUA;SORONG;SON;AOi42606300303001901b1780;INC52298310;0;0;0
202608;AREA 4;KALIMANTAN;PONTIANAK;JAW;AOi426060105514684649a430;INC51203472;0;0;0
202608;AREA 4;KALIMANTAN;BANJARMASIN;NEG;AOi426060809031716457ac80;INC51208646;0;0;0
202608;AREA 4;KALIMANTAN;PONTIANAK;ANJ;AOi4260623030051295278710;INC51208961;0;0;0
202608;AREA 4;SULAWESI;MANADO;MDO;AOi42606120601078499bca50;INC51209538;0;0;0
202608;AREA 4;MALUKU DAN PAPUA;SORONG;NAB;AOi4260626075259314a86570;INC51210562;0;0;0
202608;AREA 4;SULAWESI;MANADO;BAH;AOs32606240349587287a3770;INC51213266;0;0;0
202608;AREA 4;KALIMANTAN;PALANGKARAYA;KKN;AOi4260608072731628a29c00;INC51213433;0;0;0
202608;AREA 4;KALIMANTAN;TARAKAN;SNY;AOi42606071149011517cfda0;INC51218409;0;0;1
202608;AREA 4;KALIMANTAN;PANGKALAN BUN;KTP;AOi426060209480741571ac60;INC51542860;0;0;0
202608;AREA 4;MALUKU DAN PAPUA;JAYAPURA;ABE;PDAk426061112312654322bc10;INC51226431;0;0;0
202608;AREA 4;MALUKU DAN PAPUA;AMBON;ABO;AOi42606110743421209e47f0;INC51231611;0;0;0
202608;AREA 4;KALIMANTAN;PONTIANAK;SRD;AOi4260624044136900b86450;INC51232005;0;0;0
202608;AREA 4;KALIMANTAN;BANJARMASIN;ULI;AOi12606010716022907c4d10;INC51235974;0;0;0
202608;AREA 4;KALIMANTAN;BANJARMASIN;RTA;AOi42606240855010695d42a0;INC51236396;0;0;1
202608;AREA 4;MALUKU DAN PAPUA;SORONG;SON;AOb0260620092534029db5800;INC51236861;0;0;0
202608;AREA 4;MALUKU DAN PAPUA;SORONG;SON;AOi4260623045848806854520;INC51483016;0;0;0
202608;AREA 4;MALUKU DAN PAPUA;AMBON;ABO;AOi4260611090750823093280;INC51264497;0;0;0
202608;AREA 4;KALIMANTAN;PONTIANAK;STG;AOi1260621064146972feaf00;INC51265332;0;0;0
202608;AREA 4;SULAWESI;PALU;PLB;AOi4260606032128580aeb600;INC51265513;0;0;0
202608;AREA 4;SULAWESI;MAKASSAR;TMA;AOi4260531113224894f3e290;INC51269761;0;0;0
202608;AREA 4;SULAWESI;MAKASSAR;BAL;AOi4260607110534927b8bb50;INC51273750;0;0;0
202608;AREA 4;KALIMANTAN;BALIKPAPAN;TGG;AOi4260608115136923f3ae10;INC51273899;0;0;0
202608;AREA 4;KALIMANTAN;PONTIANAK;SRY;AOi42606030901233974d22e0;INC51276172;0;0;0
202608;AREA 4;SULAWESI;MAKASSAR;PNK;AOi4260616015943904a38130;INC51277103;0;0;0
202608;AREA 4;SULAWESI;MAKASSAR;PNK;AOs3260613054329314ffb0f0;INC51314053;0;0;0
202608;AREA 4;SULAWESI;GORONTALO;LBT;AOi426061201573694190b410;INC51278428;0;0;0
202608;AREA 4;SULAWESI;KENDARI;MDG;AOi4260627024033450bf6370;INC51281913;0;0;0
202608;AREA 4;SULAWESI;MAKASSAR;MAT;AOi4260628082127303a79d80;INC51285680;0;0;0
202608;AREA 4;SULAWESI;KENDARI;MDG;AOi426061809360932470a4c0;INC51285715;0;0;0
202608;AREA 4;KALIMANTAN;TARAKAN;TSL;AOi4260616090245979c68350;INC51285949;0;0;0
202608;AREA 4;KALIMANTAN;PONTIANAK;SAO;AOi42606161120000790b2570;INC51307774;0;0;0
202608;AREA 4;KALIMANTAN;BALIKPAPAN;GSA;AOk42606250204309780f2000;INC51287372;0;0;0
202608;AREA 4;KALIMANTAN;PONTIANAK;ANJ;AOi42606181133591257dfe40;INC51922552;0;0;0
202608;AREA 4;KALIMANTAN;PANGKALAN BUN;KTP;AOi4260613102142765f4b210;INC51291207;0;0;0
202608;AREA 4;SULAWESI;KENDARI;KDR;AOi42606070811405806dc430;INC51291677;0;0;0
202608;AREA 4;KALIMANTAN;TARAKAN;TSL;AOb02606010508274801541a0;INC51293436;0;0;0
202608;AREA 4;KALIMANTAN;PONTIANAK;SRD;AOs3260629020134439940eb0;INC51293733;0;0;0
202608;AREA 4;MALUKU DAN PAPUA;JAYAPURA;ABE;AOi42606080329214785e7c00;INC51294182;0;0;0
202608;AREA 4;KALIMANTAN;BANJARMASIN;PLE;AOi4260628111253624c77ed0;INC51295649;0;0;0
202608;AREA 4;SULAWESI;KENDARI;MDG;AOi4260609075452705a81590;INC51298365;0;0;0
202608;AREA 4;SULAWESI;PALU;PLB;AOi426060910385329515be20;INC51303630;0;0;0
202608;AREA 4;SULAWESI;MAKASSAR;SUD;AOi4260625105526605bc7cb0;INC51310481;0;0;0
202608;AREA 4;KALIMANTAN;BALIKPAPAN;KBG;AOi4260626023426574bc2ad0;INC51312153;0;0;1
202608;AREA 4;KALIMANTAN;TARAKAN;JWT;AOi42606141243506639f0760;INC51312878;0;0;0
202608;AREA 4;SULAWESI;PARE-PARE;PIN;AOs3260621073917336e312e0;INC51316234;0;0;0
202608;AREA 4;SULAWESI;KENDARI;MDG;AOi426061809051025549c8e0;INC51319338;0;0;0
202608;AREA 4;SULAWESI;PARE-PARE;PIN;AOi4260607102347191090cd0;INC51320393;0;0;0
202608;AREA 4;SULAWESI;PARE-PARE;PIN;AOi4260623112933155f75560;INC51320664;0;0;0
202608;AREA 4;SULAWESI;PARE-PARE;PIN;AOi4260608040132435000870;INC51321733;0;0;0
202608;AREA 4;KALIMANTAN;BANJARMASIN;ULI;AOi426060607342864774c210;INC51323172;0;0;0
202608;AREA 4;SULAWESI;GORONTALO;TLG;AOi4260609031133862578a90;INC51323233;0;0;0
202608;AREA 4;MALUKU DAN PAPUA;SORONG;KIN;AOi426061201221730243d2b0;INC51324922;0;0;0
202608;AREA 4;SULAWESI;KENDARI;BBU;AOi4260601094134670cb89d0;INC51325720;0;0;0
202608;AREA 4;SULAWESI;MANADO;PIK;AOi126060104571460912ee90;INC51328565;0;0;0
202608;AREA 4;MALUKU DAN PAPUA;SORONG;MWR;AOk4260615101651200b4def0;INC51330224;0;0;0
202608;AREA 4;SULAWESI;MANADO;JLL;AOi4260610025038356c08c50;INC51331342;0;0;0
202608;AREA 4;MALUKU DAN PAPUA;JAYAPURA;ABE;AOi42606220114137216137b0;INC51332018;0;0;1
202608;AREA 4;KALIMANTAN;TARAKAN;SNY;AOi4260604070126845338ae0;INC51334057;0;0;1
202608;AREA 4;KALIMANTAN;TARAKAN;TAJ;AOi4260625025414379403f70;INC51335054;0;0;0
202608;AREA 4;MALUKU DAN PAPUA;AMBON;ABO;AOi42606260907153908f23f0;INC51335877;0;0;0
202608;AREA 4;SULAWESI;BONE;SKG;AOi4260615075118508ee6fb0;INC51338309;0;0;0
202608;AREA 4;SULAWESI;PARE-PARE;PLP;AOi426060111473886050f1f0;INC51338464;0;0;0
202608;AREA 4;SULAWESI;BONE;WTP;AOk4260605121638683adbd80;INC51338506;0;0;0
202608;AREA 4;SULAWESI;KENDARI;WNC;AOi42606231150033198a43a0;INC51338936;0;0;0
202608;AREA 4;SULAWESI;MAKASSAR;SUD;AOi4260612052809965e1f390;INC51339336;0;0;0
202608;AREA 4;MALUKU DAN PAPUA;TIMIKA;TIM;AOi42606180748441426aa260;INC51340652;0;0;0
202608;AREA 4;SULAWESI;KENDARI;KKA;AOi4260617064923246706400;INC52042815;0;0;0
202608;AREA 4;KALIMANTAN;PONTIANAK;ANJ;AOi4260613094729451ce1100;INC51344999;0;0;0
202608;AREA 4;KALIMANTAN;PONTIANAK;SAO;AOi426060308490809402a220;INC51345813;0;0;0
202608;AREA 4;SULAWESI;PARE-PARE;PIN;AOi42606160901107809ab9d0;INC51347467;0;0;1
202608;AREA 4;KALIMANTAN;PANGKALAN BUN;KTP;AOi4260622091713273573240;INC51347903;0;0;0
202608;AREA 4;MALUKU DAN PAPUA;SORONG;MWR;AOi426062810085239420e040;INC51350032;0;0;0
202608;AREA 4;MALUKU DAN PAPUA;AMBON;ABO;AOi4260611125020868164050;INC51352144;0;0;0
202608;AREA 4;KALIMANTAN;PONTIANAK;STA;AOi42606110347510215ad500;INC51356406;0;0;0
202608;AREA 4;SULAWESI;BONE;SKG;AOi4260614050346813865b20;INC51356967;0;0;0
202608;AREA 4;KALIMANTAN;PANGKALAN BUN;KTP;AOi4260615011033593b6bbf0;INC51357807;0;0;0
202608;AREA 4;KALIMANTAN;BANJARMASIN;PLE;AOi4260625021210604570550;INC51359025;0;0;0
202608;AREA 4;MALUKU DAN PAPUA;JAYAPURA;ABE;AOi4260601092730154735980;INC51373376;0;0;0
202608;AREA 4;SULAWESI;GORONTALO;ISM;AOi4260606093940522a20770;INC51373698;0;0;0
202608;AREA 4;MALUKU DAN PAPUA;SORONG;SON;AOi4260622020308865c43280;INC51374562;0;0;0
202608;AREA 4;MALUKU DAN PAPUA;SORONG;SON;AOi426062212094750106e030;INC51374790;0;0;0
202608;AREA 4;KALIMANTAN;SAMARINDA;PLL;AOi4260608122721661fbe330;INC51375489;0;0;0
202608;AREA 4;MALUKU DAN PAPUA;AMBON;TUA;AOk4260625090417440358db0;INC51375493;0;0;0
202608;AREA 4;MALUKU DAN PAPUA;JAYAPURA;WAE;AOi4260602112507704415750;INC51377158;0;0;0
202608;AREA 4;SULAWESI;MANADO;TMH;AOi42606191238323519e3740;INC51378032;0;0;0
202608;AREA 4;KALIMANTAN;SAMARINDA;SEM;AOk42606200902468179129a0;INC51378138;0;0;0
202608;AREA 4;KALIMANTAN;PALANGKARAYA;PLK;AOi426061108140551661dbc0;INC51381714;0;0;0
202608;AREA 4;KALIMANTAN;PONTIANAK;MPW;AOi426061810585841454c630;INC51384544;0;0;0
202608;AREA 4;SULAWESI;MANADO;AMD;AOi4260619015628493456550;INC51385562;0;0;0
202608;AREA 4;SULAWESI;MAKASSAR;SUD;AOi42606190733007154b7c70;INC51385717;0;0;0
202608;AREA 4;SULAWESI;MAKASSAR;BAL;AOi4260622125330689ec2a20;INC51387114;0;0;0
202608;AREA 4;SULAWESI;MANADO;TNT;AOi4260602010452769ff6f00;INC51387438;0;0;0
202608;AREA 4;KALIMANTAN;PONTIANAK;STG;AOi426061108460639869b1a0;INC51390741;0;0;0
202608;AREA 4;KALIMANTAN;BANJARMASIN;PGN;AOi4260606063653791470490;INC51393132;0;0;0
202608;AREA 4;MALUKU DAN PAPUA;SORONG;MWR;AOi42606301259234481bae80;INC51394166;0;0;0
202608;AREA 4;MALUKU DAN PAPUA;AMBON;ABO;AOi4260611042337560f09770;INC51395913;0;0;0
202608;AREA 4;MALUKU DAN PAPUA;JAYAPURA;ABE;AOi4260531060927007136bc0;INC51405651;0;0;1
202608;AREA 4;KALIMANTAN;SAMARINDA;SGK;PDAk4260602082748888483ec0;INC51410166;0;0;0
202608;AREA 4;MALUKU DAN PAPUA;TIMIKA;TIM;AOi4260629113113200197bb0;INC51418606;0;0;0
202608;AREA 4;MALUKU DAN PAPUA;JAYAPURA;ABE;AOi4260612021246216c469b0;INC51419167;0;0;0
202608;AREA 4;SULAWESI;PARE-PARE;MAM;AOi4260618032140308836b50;INC51420012;0;0;0
202608;AREA 4;SULAWESI;PALU;TOL;AOi4260610105119930ffbad0;INC51425267;0;0;0
202608;AREA 4;KALIMANTAN;PALANGKARAYA;PLK;AOi42606190229376659655c0;INC51427067;0;0;0
202608;AREA 4;SULAWESI;MAKASSAR;SUG;AOi4260612082414055d1cbc0;INC51428780;0;0;0
202608;AREA 4;KALIMANTAN;PONTIANAK;SAO;AOi4260623092032998d362d0;INC51429169;0;0;0
202608;AREA 4;SULAWESI;PALU;PLB;AOi4260621125438058eacf50;INC51429476;0;0;0
202608;AREA 4;KALIMANTAN;BALIKPAPAN;BRU;AOs3260620065608508e870d0;INC51429741;0;0;0
202608;AREA 4;KALIMANTAN;SAMARINDA;STT;AOi4260625110745063345770;INC51430784;0;0;0
202608;AREA 4;SULAWESI;MAKASSAR;PNK;AOs32606020739485490e3800;INC51433860;0;0;0
202608;AREA 4;KALIMANTAN;TARAKAN;JWT;AOi42606030657231871393c0;INC51434361;0;0;0
202608;AREA 4;KALIMANTAN;PONTIANAK;SPY;AOi42606171152091351b2570;INC51434752;0;0;0
202608;AREA 4;KALIMANTAN;PONTIANAK;SAO;AOi4260608104827269bd64d0;INC51435794;0;0;0
202608;AREA 4;SULAWESI;PALU;PLA;AOi4260605012528088d04300;INC51435951;0;0;0
202608;AREA 4;SULAWESI;MANADO;BIT;AOi4260624102620730c5e880;INC51437775;0;0;0
202608;AREA 4;SULAWESI;MANADO;AMR;AOi42606050126575058e1760;INC51441173;0;0;0
202608;AREA 4;KALIMANTAN;BANJARMASIN;BBR;AOi42606021206100642dc6b0;INC51441865;0;0;0
202608;AREA 4;MALUKU DAN PAPUA;AMBON;ABO;AOk4260620063057331a94e10;INC51443316;0;0;0
202608;AREA 4;KALIMANTAN;PONTIANAK;PTK;AOi4260625053305874bddd10;INC51443340;0;0;0
202608;AREA 4;KALIMANTAN;BALIKPAPAN;TGG;AOi4260614115110957ee55b0;INC51443343;0;0;0
202608;AREA 4;KALIMANTAN;SAMARINDA;LOB;AOi42606240649529011f8e20;INC52354799;0;0;0
202608;AREA 4;MALUKU DAN PAPUA;SORONG;MWR;AOi4260610043114219c96cd0;INC51445160;0;0;0
202608;AREA 4;SULAWESI;BONE;BLK;AOi12606260556006222a01f0;INC51445757;0;0;0
202608;AREA 4;KALIMANTAN;PONTIANAK;MPW;AOi42606171222306805fd0d0;INC51447953;0;0;0
202608;AREA 4;SULAWESI;MAKASSAR;SUG;AOi42606171252526211e2830;INC51448309;0;0;0
202608;AREA 4;SULAWESI;PALU;PLA;AOi4260626092051200b20130;INC51452540;0;0;0
202608;AREA 4;SULAWESI;MANADO;MDO;AOi4260604035602211616bd0;INC51452708;0;0;0
202608;AREA 4;SULAWESI;PALU;PLB;AOi4260618033253014479ff0;INC51453097;0;0;0
202608;AREA 4;SULAWESI;PARE-PARE;PLP;AOi4260618070414485807450;INC51453769;0;0;0
202608;AREA 4;MALUKU DAN PAPUA;SORONG;SON;AOi4260627111226585ab6580;INC51454797;0;0;0
202608;AREA 4;MALUKU DAN PAPUA;SORONG;SON;AOi4260602041903334576660;INC51455676;0;0;0
202608;AREA 4;MALUKU DAN PAPUA;SORONG;SON;AOi42606101130091004b2e30;INC51456698;0;0;0
202608;AREA 4;KALIMANTAN;PONTIANAK;SPY;AOi4260622090552167c83da0;INC51457357;0;0;0
202608;AREA 4;MALUKU DAN PAPUA;SORONG;SON;AOi4260602121111012310c90;INC51458743;0;0;1
202608;AREA 4;MALUKU DAN PAPUA;AMBON;ABO;AOi42606090543240654d8b10;INC51461848;0;0;0
202608;AREA 4;KALIMANTAN;BANJARMASIN;BLC;AOi4260614050546944b33a70;INC51462152;0;0;0
202608;AREA 4;SULAWESI;MAKASSAR;PNK;AOi4260602070901445de9cb0;INC51463700;0;0;0
202608;AREA 4;SULAWESI;MANADO;MDO;AOb0260618064007801285f80;INC51464794;0;0;0
202608;AREA 4;SULAWESI;MANADO;BOR;AOi4260609124944482c812f0;INC51470256;0;0;0
202608;AREA 4;SULAWESI;KENDARI;MDG;AOs3260621054223578376e90;INC51478839;0;0;0
202608;AREA 4;MALUKU DAN PAPUA;AMBON;NML;AOi4260623060355469258130;INC51481619;0;0;0
202608;AREA 4;SULAWESI;MANADO;MDO;AOs3260615045931660313270;INC51481788;0;0;0
202608;AREA 4;KALIMANTAN;PONTIANAK;MPW;AOi4260617115721382ec5f00;INC51483096;0;0;0
202608;AREA 4;KALIMANTAN;TARAKAN;JWT;AOi426060304331042922bde0;INC51533469;0;0;0
202608;AREA 4;MALUKU DAN PAPUA;SORONG;NAB;AOk4260622055201855ce8950;INC51484296;0;0;0
202608;AREA 4;KALIMANTAN;SAMARINDA;SEM;AOi4260624110605590106db0;INC51485064;0;0;0
202608;AREA 4;SULAWESI;PALU;APN;AOi426062203161478904edf0;INC51486403;0;0;0
202608;AREA 4;SULAWESI;MANADO;LAN;AOi426062102432045802f350;INC51487929;0;0;0
202608;AREA 4;SULAWESI;MAKASSAR;PKN;AOi4260601121548065f70260;INC51490584;0;0;0
202608;AREA 4;SULAWESI;PARE-PARE;ENR;AOk4260623021604504206030;INC51491288;0;0;0
202608;AREA 4;KALIMANTAN;PONTIANAK;PTK;AOi4260605043359709ac8510;INC51492179;0;0;0
202608;AREA 4;SULAWESI;PALU;PLB;AOi42606031204031139a2dc0;INC51492951;0;0;0
202608;AREA 4;KALIMANTAN;PONTIANAK;STA;AOi4260612085706066d1f710;INC51496439;0;0;0
202608;AREA 4;KALIMANTAN;TARAKAN;TRD;AOi4260614051423246e2ac50;INC51497800;0;0;0
202608;AREA 4;MALUKU DAN PAPUA;SORONG;SON;AOi4260626023615772ee4f20;INC51501287;0;0;0
202608;AREA 4;MALUKU DAN PAPUA;SORONG;SON;AOi4260621021839343df0070;INC51501448;0;0;0
202608;AREA 4;KALIMANTAN;PONTIANAK;SED;AOi4260619125252293a2cc80;INC51503180;0;0;0
202608;AREA 4;SULAWESI;PALU;PLA;AOi4260629121045908ee2dc0;INC51596687;0;0;0
202608;AREA 4;SULAWESI;MANADO;MDO;AOs3260601080558737e27c60;INC51508845;0;0;0
202608;AREA 4;SULAWESI;PARE-PARE;RPN;AOs32606090251362436fa200;INC51510296;0;0;0
202608;AREA 4;MALUKU DAN PAPUA;AMBON;ABO;AOi4260629084231968daee20;INC51513517;0;0;0
202608;AREA 4;SULAWESI;PALU;DGL;AOi42606141009035845df180;INC51515401;0;0;0
202608;AREA 4;KALIMANTAN;SAMARINDA;SEM;AOi4260615014924529c96ad0;INC51515507;0;0;0
202608;AREA 4;SULAWESI;KENDARI;MDG;AOi126061004312590969f690;INC51521055;0;0;0
202608;AREA 4;SULAWESI;PARE-PARE;PRE;AOi4260602071257935f2a6c0;INC51524288;0;0;0
202608;AREA 4;MALUKU DAN PAPUA;AMBON;MSH;AOi42606191150227678abd70;INC51526912;0;0;0
202608;AREA 4;SULAWESI;MANADO;BAH;AOi4260627104429201702220;INC51527050;0;0;0
202608;AREA 4;SULAWESI;PALU;PLA;AOi4260619030522252294f50;INC51528539;0;0;0
202608;AREA 4;SULAWESI;MAKASSAR;TKA;AOi4260531014927750cbaf90;INC51529893;0;0;0
202608;AREA 4;SULAWESI;MAKASSAR;JNP;AOk4260619042759864edd6b0;INC51533299;0;0;0
202608;AREA 4;SULAWESI;KENDARI;MDG;AOi4260623092859567d14aa0;INC51533486;0;0;0
202608;AREA 4;KALIMANTAN;TARAKAN;NNK;AOi426060607533245009acc0;INC51534269;0;0;0
202608;AREA 4;KALIMANTAN;BANJARMASIN;MRB;AOi42606290805259940e6800;INC51535345;0;0;0
202608;AREA 4;KALIMANTAN;BANJARMASIN;RTA;AOk426062307113349301af10;INC51537900;0;0;0
202608;AREA 4;MALUKU DAN PAPUA;SORONG;MWR;AOk4260608095441872789210;INC51537918;0;0;0
202608;AREA 4;KALIMANTAN;PONTIANAK;SMB;AOs32606180851088809e4540;INC51585782;0;0;1
202608;AREA 4;SULAWESI;MAKASSAR;SUG;AOi42606190649063400ae660;INC51539097;0;0;0
202608;AREA 4;SULAWESI;PARE-PARE;MAJ;AOs3260605121407417bad040;INC51539391;0;0;0
202608;AREA 4;SULAWESI;PALU;PLA;AOi42606111047167212f9e30;INC51541835;0;0;0
202608;AREA 4;MALUKU DAN PAPUA;SORONG;MWR;AOi42606240150149916ab0e0;INC51542533;0;0;0
202608;AREA 4;KALIMANTAN;PANGKALAN BUN;SAI;AOi4260617113315850b7bf10;INC51542553;0;0;0
202608;AREA 4;KALIMANTAN;SAMARINDA;SMR;AOi4260628102425554d69a70;INC51542781;0;0;0
202608;AREA 4;SULAWESI;MANADO;BAH;AOs32606141220084354ac250;INC51543612;0;0;0
202608;AREA 4;SULAWESI;MANADO;TNT;AOk426061311361448341d9b0;INC51546535;0;0;0
202608;AREA 4;SULAWESI;KENDARI;BBU;AOk4260618011650121e9cdc0;INC51550815;0;0;0
202608;AREA 4;SULAWESI;BONE;SIN;AOi42605310705413710e6cc0;INC51555946;0;0;0
202608;AREA 4;SULAWESI;MAKASSAR;TMA;AOi42606230800224097e3760;INC51558840;0;0;0
202608;AREA 4;KALIMANTAN;BANJARMASIN;ULI;AOi4260630115811646723f30;INC52374716;0;0;0
202608;AREA 4;SULAWESI;MANADO;KTG;AOi42606130506024437c7fc0;INC51563130;0;0;0
202608;AREA 4;KALIMANTAN;TARAKAN;LNN;AOi4260616103033380f90b60;INC51567203;0;0;0
202608;AREA 4;SULAWESI;MANADO;MTA;AOi4260604124913808c5ee00;INC51567376;0;0;0
202608;AREA 4;MALUKU DAN PAPUA;SORONG;SON;AOi4260629103513845ad0450;INC51568752;0;0;0
202608;AREA 4;KALIMANTAN;BANJARMASIN;ULI;AOi4260604012130498cbc300;INC51569554;0;0;0
202608;AREA 4;SULAWESI;PARE-PARE;MAM;AOb02606170910349252c5b60;INC51570799;0;0;0
202608;AREA 4;MALUKU DAN PAPUA;JAYAPURA;ABE;AOi4260605063009185aa9c80;INC51576114;0;0;0
202608;AREA 4;KALIMANTAN;BALIKPAPAN;TGG;AOi426061608470137241cad0;INC51580241;0;0;0
202608;AREA 4;KALIMANTAN;BANJARMASIN;GMB;AOk426062310410815460ad90;INC51580254;0;0;0
202608;AREA 4;KALIMANTAN;PALANGKARAYA;KKP;AOi4260622080348011cc4550;INC51581265;0;0;0
202608;AREA 4;KALIMANTAN;TARAKAN;TRD;AOi42606080241315945505d0;INC51584509;0;0;0
202608;AREA 4;SULAWESI;BONE;WTP;AOi4260602122834872ee0840;INC51593473;0;0;0
202608;AREA 4;SULAWESI;PALU;PLB;AOi4260619021931763fb3790;INC51594780;0;0;0
202608;AREA 4;SULAWESI;KENDARI;MDG;AOi4260525113657377db3890;INC51595237;0;0;0
202608;AREA 4;KALIMANTAN;BALIKPAPAN;MGG;AOi4260608101048825e7eba0;INC51595677;0;0;0
202608;AREA 4;KALIMANTAN;PONTIANAK;SPY;AOi4260602101935624976e20;INC51597600;0;0;0
202608;AREA 4;KALIMANTAN;PONTIANAK;PTK;AOi42606230101319808195c0;INC51598072;0;0;0
202608;AREA 4;SULAWESI;MAKASSAR;MAR;AOi4260613090607334d1eba0;INC51598938;0;0;0
202608;AREA 4;MALUKU DAN PAPUA;JAYAPURA;BIA;AOi42606231117228520995a0;INC51602790;0;0;1
202608;AREA 4;KALIMANTAN;PONTIANAK;JAW;AOi42606140912184549ef370;INC51602890;0;0;0
202608;AREA 4;SULAWESI;BONE;SID;AOk426062407533186567d850;INC51602920;0;0;0
202608;AREA 4;SULAWESI;BONE;WTP;AOk42606290420221312dbe90;INC51604168;0;0;0
202608;AREA 4;MALUKU DAN PAPUA;SORONG;SON;AOi426062104575444250a7d0;INC51605786;0;0;0
202608;AREA 4;KALIMANTAN;SAMARINDA;BLN;AOi4260616053254668ab7350;INC51607736;0;0;1
202608;AREA 4;SULAWESI;GORONTALO;MRS;AOi4260602053301701502740;INC51608136;0;0;0
202608;AREA 4;KALIMANTAN;BANJARMASIN;MTP;AOi42606180119154704d8130;INC51609087;0;0;0
202608;AREA 4;MALUKU DAN PAPUA;JAYAPURA;SNI;AOi42606090302193261adba0;INC51610898;0;0;0
202608;AREA 4;KALIMANTAN;PALANGKARAYA;KRI;AOi4260601042528488ad37e0;INC51617097;0;0;1
202608;AREA 4;KALIMANTAN;SAMARINDA;SMR;AOi426062804452615380f8e0;INC51622297;0;0;0
202608;AREA 4;SULAWESI;KENDARI;MDG;AOi4260617074556610acbf00;INC51623123;0;0;0
202608;AREA 4;KALIMANTAN;PONTIANAK;MPW;AOi4260615032704886c4a940;INC51624829;0;0;0
202608;AREA 4;KALIMANTAN;SAMARINDA;LMP;AOi42606190538528573c1e10;INC51625613;0;0;0
202608;AREA 4;SULAWESI;PARE-PARE;PLP;AOi426061702321837213e810;INC51628312;0;0;0
202608;AREA 4;KALIMANTAN;SAMARINDA;LMP;AOi42606061207349571353e0;INC51630432;0;0;0
202608;AREA 4;SULAWESI;MAKASSAR;PNK;AOs32606130844166824e00d0;INC51632084;0;0;0
202608;AREA 4;SULAWESI;MANADO;BIT;AOi4260620022453496206520;INC51632576;0;0;0
202608;AREA 4;SULAWESI;MAKASSAR;TMA;AOi4260612050518660bfbcc0;INC51636393;0;0;0
202608;AREA 4;SULAWESI;MAKASSAR;PNK;AOi4260612031612026dea9b0;INC51636973;0;0;0
202608;AREA 4;MALUKU DAN PAPUA;JAYAPURA;SRU;AOi4260617012641586095d20;INC51641915;0;0;0
202608;AREA 4;KALIMANTAN;TARAKAN;TRD;AOi42606111018070300c37f0;INC51642971;0;0;0
202608;AREA 4;KALIMANTAN;SAMARINDA;LMP;AOi42606050349361735c7a70;INC51648347;0;0;0
202608;AREA 4;SULAWESI;BONE;SKG;AOk4260608104812524b19940;INC51649055;0;0;0
202608;AREA 4;KALIMANTAN;BANJARMASIN;STI;AOi4260627045018618ac82a0;INC51657325;0;0;1
202608;AREA 4;SULAWESI;KENDARI;KKA;AOi12606240922099071c17c0;INC51661608;0;0;0
202608;AREA 4;SULAWESI;MAKASSAR;TKA;AOi4260623124608748c09770;INC51662301;0;0;0
202608;AREA 4;SULAWESI;GORONTALO;GTL;AOi4260622115817249db03c0;INC51662345;0;0;0
202608;AREA 4;SULAWESI;KENDARI;MDG;AOi4260615065552638ef3660;INC51664710;0;0;0
202608;AREA 4;KALIMANTAN;BANJARMASIN;BBR;AOi4260602092431506c96390;INC51664770;0;0;0
202608;AREA 4;SULAWESI;MANADO;BAH;AOs3260626062600484c95780;INC51668713;0;0;0
202608;AREA 4;SULAWESI;MAKASSAR;TMA;AOi42606130407137186c5c90;INC51670183;0;0;0
202608;AREA 4;KALIMANTAN;TARAKAN;TRK;AOi4260628020120576020600;INC51671470;0;0;0
202608;AREA 4;MALUKU DAN PAPUA;SORONG;MWR;AOi4260615054047235a455e0;INC51673469;0;0;0
202608;AREA 4;SULAWESI;BONE;WTP;AOi42606181100471332d1850;INC51673569;0;0;0
202608;AREA 4;SULAWESI;MANADO;MDO;AOi12606241005209647c1ca0;INC51674854;0;0;0
202608;AREA 4;KALIMANTAN;PANGKALAN BUN;KTP;AOi42606211036494578e8fe0;INC51675695;0;0;0
202608;AREA 4;KALIMANTAN;BALIKPAPAN;GSA;AOs3260603092349108c6c150;INC51679249;0;0;0
202608;AREA 4;SULAWESI;MAKASSAR;BAR;AOi4260610100739794d92de0;INC51681423;0;0;0
202608;AREA 4;SULAWESI;MAKASSAR;SUD;AOi42606081046095111d8c50;INC51681455;0;0;0
202608;AREA 4;KALIMANTAN;PONTIANAK;SPY;AOi4260618034321852d45d20;INC51685109;0;0;0
202608;AREA 4;SULAWESI;MAKASSAR;BAL;AOi4260619072953121116560;INC51688426;0;0;0
202608;AREA 4;SULAWESI;MANADO;BAH;AOi42606190943273029ab260;INC51689578;0;0;0
202608;AREA 4;KALIMANTAN;SAMARINDA;STT;AOi4260622095331922805890;INC51703625;0;0;0
202608;AREA 4;KALIMANTAN;SAMARINDA;BLN;AOi4260617051129332da4270;INC51710311;0;0;0
202608;AREA 4;SULAWESI;MANADO;BAH;AOi42606011107092752dd080;INC51713999;0;0;0
202608;AREA 4;MALUKU DAN PAPUA;JAYAPURA;SRU;AOi426061008410766794fb90;INC51718992;0;0;0
202608;AREA 4;SULAWESI;KENDARI;MDG;AOs32606171248098497b4240;INC51723636;0;0;0
202608;AREA 4;SULAWESI;MANADO;KTG;AOi426062301140719654c210;INC51723868;0;0;1
202608;AREA 4;SULAWESI;PARE-PARE;MAM;AOi4260607075648239fbbff0;INC51730873;0;0;0
202608;AREA 4;MALUKU DAN PAPUA;JAYAPURA;ABE;AOk42606130838025320bf850;INC51731117;0;0;0
202608;AREA 4;SULAWESI;GORONTALO;GTL;AOi42606121017145076cc2c0;INC51732173;0;0;0
202608;AREA 4;KALIMANTAN;SAMARINDA;BLN;AOi4260619125629224793230;INC51732873;0;0;1
202608;AREA 4;KALIMANTAN;SAMARINDA;BLN;AOi4260529095019287331cc0;INC51733271;0;0;1
202608;AREA 4;SULAWESI;PALU;DGL;AOi426060912495748307e920;INC51736437;0;0;0
202608;AREA 4;SULAWESI;MAKASSAR;PNK;AOi4260615083119460d37910;INC51740357;0;0;0
202608;AREA 4;KALIMANTAN;BANJARMASIN;ULI;AOi4260617024747406e65b90;INC51741345;0;0;0
202608;AREA 4;SULAWESI;MANADO;PIK;AOi426062612571338818bc60;INC51741387;0;0;0
202608;AREA 4;KALIMANTAN;SAMARINDA;PLL;PDAk426061701244213839b8b0;INC51742406;0;0;0
202608;AREA 4;SULAWESI;PALU;PLA;AOi42606110205209303c83d0;INC51742577;0;0;0
202608;AREA 4;KALIMANTAN;BANJARMASIN;PGT;AOi42606191104472878ca9d0;INC51745098;0;0;0
202608;AREA 4;SULAWESI;MANADO;KTG;AOi4260605011637038ca6700;INC51745768;0;0;0
202608;AREA 4;SULAWESI;MAKASSAR;TMA;AOi4260613112428609058020;INC51748173;0;0;0
202608;AREA 4;SULAWESI;MANADO;PIK;AOi42606141103324696466d0;INC51754280;0;0;0
202608;AREA 4;KALIMANTAN;BANJARMASIN;BRI;AOi426061907114763624e2b0;INC51754991;0;0;0
202608;AREA 4;SULAWESI;MAKASSAR;PNK;AOi42606101047090413e5f80;INC51755440;0;0;0
202608;AREA 4;SULAWESI;MANADO;TNT;AOi42606120454377156b8580;INC51756874;0;0;0
202608;AREA 4;SULAWESI;MAKASSAR;PNK;AOi12606120927444326d5ca0;INC51757146;0;0;0
202608;AREA 4;KALIMANTAN;BALIKPAPAN;GSA;AOk4260613103625086e40810;INC51759131;0;0;0
202608;AREA 4;MALUKU DAN PAPUA;JAYAPURA;ABE;AOi42606110934278439aa930;INC51759463;0;0;0
202608;AREA 4;MALUKU DAN PAPUA;JAYAPURA;SNI;AOi42606191257405314f8310;INC51761595;0;0;0
202608;AREA 4;KALIMANTAN;TARAKAN;TRK;AOi4260609102107568cea6c0;INC51765161;0;0;0
202608;AREA 4;SULAWESI;KENDARI;RAH;AOi4260623104516314812f60;INC51765801;0;0;0
202608;AREA 4;MALUKU DAN PAPUA;JAYAPURA;BIA;AOi4260618095142426cee1b0;INC51767594;0;0;0
202608;AREA 4;KALIMANTAN;SAMARINDA;STT;PDAk4260608030903694df14a0;INC51770016;0;0;0
202608;AREA 4;SULAWESI;MANADO;AMD;AOk4260610030722046672b90;INC51770519;0;0;0
202608;AREA 4;SULAWESI;KENDARI;BBU;AOi4260628114902563c33570;INC51772225;0;0;0
202608;AREA 4;KALIMANTAN;SAMARINDA;STT;AOi1260607015118207dfd580;INC51775839;0;0;0
202608;AREA 4;SULAWESI;MANADO;TUT;AOi126061805422390746fee0;INC51779437;0;0;1
202608;AREA 4;MALUKU DAN PAPUA;JAYAPURA;JAP;AOs3260620073317129d74c10;INC51781106;0;0;0
202608;AREA 4;SULAWESI;MANADO;TOB;AOi4260625031918321de6cf0;INC51783141;0;0;0
202608;AREA 4;MALUKU DAN PAPUA;TIMIKA;TIM;AOi4260624113843317d03850;INC51788313;0;0;0
202608;AREA 4;MALUKU DAN PAPUA;JAYAPURA;JAP;AOi4260614072336170d0f880;INC51789223;0;0;0
202608;AREA 4;SULAWESI;MANADO;LAN;AOi42606050351231974ebcf0;INC51791719;0;0;0
202608;AREA 4;SULAWESI;KENDARI;MDG;AOi4260623093627946070540;INC51794514;0;0;0
202608;AREA 4;SULAWESI;MANADO;TMH;AOi426062001532709169b940;INC51795162;0;0;0
202608;AREA 4;SULAWESI;MANADO;TOB;AOk42606110617583290fb5e0;INC51795229;0;0;0
202608;AREA 4;KALIMANTAN;PONTIANAK;STG;AOi42606261123431560230c0;INC51798324;0;0;0
202608;AREA 4;SULAWESI;MANADO;PIK;AOs32606050729196667a5d70;INC51801813;0;0;0
202608;AREA 4;SULAWESI;BONE;SID;AOi4260623055847733195390;INC51802102;0;0;0
202608;AREA 4;SULAWESI;GORONTALO;GTL;AOk4260629085753865ac0a30;INC51802414;0;0;0
202608;AREA 4;KALIMANTAN;BALIKPAPAN;LIK;AOi4260622070553116fa0c80;INC51813773;0;0;1
202608;AREA 4;MALUKU DAN PAPUA;SORONG;SON;AOi42606210956020195919f0;INC51818092;0;0;0
202608;AREA 4;KALIMANTAN;PALANGKARAYA;KKP;AOi426061906314597662a7a0;INC51819858;0;0;0
202608;AREA 4;KALIMANTAN;BANJARMASIN;BJM;AOi426060609052505480b750;INC51823343;0;0;0
202608;AREA 4;SULAWESI;PARE-PARE;PKA;AOk42606190417004716afc40;INC51823530;0;0;0
202608;AREA 4;SULAWESI;MAKASSAR;ANT;AOi4260608015133550debd90;INC51823759;0;0;0
202608;AREA 4;SULAWESI;KENDARI;BBU;AOi4260622093843196750f30;INC51827080;0;0;0
202608;AREA 4;KALIMANTAN;BANJARMASIN;MTP;AOi42606131036575733fc400;INC51828981;0;0;0
202608;AREA 4;KALIMANTAN;PONTIANAK;SRY;AOi4260615090053267617210;INC51831670;0;0;1
202608;AREA 4;KALIMANTAN;BANJARMASIN;PGN;AOi426062307555644570b3e0;INC51832763;0;0;0
202608;AREA 4;KALIMANTAN;TARAKAN;TRK;PDAk4260628113754882965ca0;INC51844142;0;0;0
202608;AREA 4;MALUKU DAN PAPUA;SORONG;MWR;AOi4260621041046743533980;INC51844296;0;0;0
202608;AREA 4;KALIMANTAN;TARAKAN;TRK;AOi42606070108289191223b0;INC51848167;0;0;0
202608;AREA 4;MALUKU DAN PAPUA;SORONG;SON;AOi4260627080058197f495f0;INC51848282;0;0;0
202608;AREA 4;KALIMANTAN;PANGKALAN BUN;KTP;AOi4260608083724120957260;INC51854570;0;0;0
202608;AREA 4;KALIMANTAN;SAMARINDA;BOT;AOk42606150921043852b5530;INC51854918;0;0;0
202608;AREA 4;KALIMANTAN;SAMARINDA;LOB;AOi4260612021016889f5b2f0;INC51856540;0;0;0
202608;AREA 4;SULAWESI;KENDARI;KDR;AOi42606150913206131dec50;INC51858745;0;0;0
202608;AREA 4;SULAWESI;MANADO;PIK;AOi4260627020922034686630;INC51859595;0;0;0
202608;AREA 4;KALIMANTAN;BANJARMASIN;STI;AOi4260603080205115b1b3d0;INC51860452;0;0;0
202608;AREA 4;SULAWESI;MANADO;MDO;AOs32606101208249258449a0;INC51860695;0;0;0
202608;AREA 4;KALIMANTAN;SAMARINDA;SMR;AOi4260618062617467816a20;INC51863364;0;0;0
202608;AREA 4;KALIMANTAN;TARAKAN;TSL;AOi4260622105854131ca9380;INC51864240;0;0;0
202608;AREA 4;MALUKU DAN PAPUA;AMBON;MSH;AOi4260614092531380f92850;INC51876437;0;0;0
202608;AREA 4;KALIMANTAN;PONTIANAK;SRY;AOi42606290558101325b12d0;INC51877445;0;0;0
202608;AREA 4;KALIMANTAN;PALANGKARAYA;PRC;AOi4260623092253310eedc50;INC51882670;0;0;1
202608;AREA 4;MALUKU DAN PAPUA;SORONG;MWR;AOk4260629095544103ecf7a0;INC51884436;0;0;0
202608;AREA 4;SULAWESI;MANADO;SFI;AOi4260621093525092ab94f0;INC51885312;0;0;0
202608;AREA 4;SULAWESI;PARE-PARE;RTP;AOi42606100249154803aea60;INC51885684;0;0;0
202608;AREA 4;SULAWESI;MAKASSAR;PKN;AOi4260617074650965b4a040;INC51888332;0;0;0
202608;AREA 4;KALIMANTAN;TARAKAN;TRD;AOi42606131240539847ead80;INC51890157;0;0;0
202608;AREA 4;KALIMANTAN;PALANGKARAYA;KSO;AOi42606130207126296a7d80;INC51891687;0;0;0
202608;AREA 4;MALUKU DAN PAPUA;SORONG;MWR;AOi4260623074331685108250;INC51900661;0;0;0
202608;AREA 4;MALUKU DAN PAPUA;JAYAPURA;SNI;AOi42606100456157742c2420;INC51905185;0;0;0
202608;AREA 4;KALIMANTAN;TARAKAN;TRK;AOi4260610092652002243da0;INC51905346;0;0;0
202608;AREA 4;MALUKU DAN PAPUA;JAYAPURA;SNI;AOi4260609033657305101b50;INC51905813;0;0;0
202608;AREA 4;SULAWESI;MANADO;MDO;AOb0260618020913488d5df20;INC52138885;0;0;0
202608;AREA 4;KALIMANTAN;SAMARINDA;STT;AOk426062609013652886c2c0;INC51913185;0;0;0
202608;AREA 4;SULAWESI;PARE-PARE;MAM;AOi426061012130068408f0c0;INC51914246;0;0;0
202608;AREA 4;SULAWESI;BONE;WTP;AOi4260622121209705d91970;INC51915567;0;0;0
202608;AREA 4;KALIMANTAN;BANJARMASIN;BTB;AOi426061110515389953da40;INC51918911;0;0;1
202608;AREA 4;SULAWESI;MAKASSAR;MAT;AOi4260625082046225962320;INC51920336;0;0;0
202608;AREA 4;SULAWESI;KENDARI;MDG;AOi4260616105801385865400;INC51922321;0;0;0
202608;AREA 4;KALIMANTAN;PANGKALAN BUN;KTP;AOi4260616042501271e47350;INC51928315;0;0;0
202608;AREA 4;KALIMANTAN;PONTIANAK;MPW;AOi4260618105835622ddc6c0;INC51931728;0;0;0
202608;AREA 4;SULAWESI;GORONTALO;MRS;AOi426062110195123098e310;INC51933836;0;0;0
202608;AREA 4;SULAWESI;PARE-PARE;SIW;AOi12606240823174502495a0;INC51936835;0;0;0
202608;AREA 4;KALIMANTAN;SAMARINDA;STT;AOi42606130904269455e1e00;INC51946712;0;0;0
202608;AREA 4;MALUKU DAN PAPUA;TIMIKA;TIM;AOb02606210637534647356e0;INC51947328;0;0;0
202608;AREA 4;SULAWESI;PALU;LWU;AOi4260617122951538a74130;INC51960802;0;0;0
202608;AREA 4;KALIMANTAN;PONTIANAK;STA;AOi4260622125634778a62da0;INC51961799;0;0;0
202608;AREA 4;SULAWESI;KENDARI;MDG;AOi426062406435658592a7f0;INC51964409;0;0;0
202608;AREA 4;SULAWESI;PARE-PARE;PIN;AOi426061907075708021a430;INC51964854;0;0;0
202608;AREA 4;KALIMANTAN;PONTIANAK;STA;AOi4260619113653096c02e30;INC51966171;0;0;1
202608;AREA 4;SULAWESI;PALU;APN;AOk426062604085183871cb90;INC51969325;0;0;0
202608;AREA 4;SULAWESI;GORONTALO;MRS;AOk4260629110317507a12510;INC51969590;0;0;0
202608;AREA 4;KALIMANTAN;PANGKALAN BUN;KTP;AOi426061304491716145afa0;INC51971733;0;0;0
202608;AREA 4;SULAWESI;GORONTALO;MRS;AOi4260611103150372058830;INC51973961;0;0;1
202608;AREA 4;SULAWESI;PARE-PARE;RTP;AOi4260628072725880e9e580;INC51981835;0;0;0
202608;AREA 4;MALUKU DAN PAPUA;SORONG;MWR;AOk4260608030312813579810;INC51983900;0;0;0
202608;AREA 4;SULAWESI;PARE-PARE;RTP;AOi42606281155039666470e0;INC51984252;0;0;0
202608;AREA 4;SULAWESI;MAKASSAR;MAT;AOi426061902091959470a9b0;INC51986902;0;0;0
202608;AREA 4;MALUKU DAN PAPUA;SORONG;SON;AOi4260620025258960aa31b0;INC51991305;0;0;0
202608;AREA 4;MALUKU DAN PAPUA;TIMIKA;TIM;AOi42606240258113379acc90;INC51992115;0;0;0
202608;AREA 4;SULAWESI;KENDARI;MDG;AOi4260629090222848d4b890;INC51994400;0;0;0
202608;AREA 4;SULAWESI;PALU;PLA;AOi4260617011539688d17690;INC51995500;0;0;0
202608;AREA 4;KALIMANTAN;SAMARINDA;SMR;AOi42606240629261985dca00;INC51997781;0;0;0
202608;AREA 4;SULAWESI;MAKASSAR;PKN;AOi4260624125020618c1a3b0;INC52002148;0;0;0
202608;AREA 4;SULAWESI;PALU;BGI;AOi426061712053615313dc00;INC52003066;0;0;0
202608;AREA 4;KALIMANTAN;TARAKAN;SNY;AOi4260625053429705f9f1d0;INC52005119;0;0;1
202608;AREA 4;KALIMANTAN;SAMARINDA;LOB;PDAk4260615075638280290370;INC52022609;0;0;0
202608;AREA 4;KALIMANTAN;BALIKPAPAN;KJN;AOi4260629090544397e69960;INC52010343;0;0;0
202608;AREA 4;SULAWESI;MANADO;AMR;AOi426061709502134284be90;INC52011497;0;0;0
202608;AREA 4;SULAWESI;MAKASSAR;JNP;AOi42606100538425531eb3a0;INC52019105;0;0;0
202608;AREA 4;MALUKU DAN PAPUA;JAYAPURA;BIA;AOk42606260829581814150d0;INC52022611;0;0;0
202608;AREA 4;KALIMANTAN;BANJARMASIN;LUL;AOi4260614114952193d25ed0;INC52027073;0;0;0
202608;AREA 4;KALIMANTAN;PALANGKARAYA;KRI;AOi4260622022729595294a40;INC52028082;0;0;1
202608;AREA 4;MALUKU DAN PAPUA;SORONG;SON;AOi4260615032111069e5aa80;INC52033017;0;0;0
202608;AREA 4;KALIMANTAN;SAMARINDA;SGK;AOi42606201044229311abf80;INC52033292;0;0;0
202608;AREA 4;SULAWESI;MAKASSAR;PNK;AOi426062511102613156f4d0;INC52046582;0;0;0
202608;AREA 4;SULAWESI;PALU;PLB;AOi42606280115158364d22b0;INC52047852;0;0;0
202608;AREA 4;KALIMANTAN;BANJARMASIN;LUL;AOi426061411300466258ef00;INC52053746;0;0;0
202608;AREA 4;SULAWESI;KENDARI;MDG;AOi42606240911340233a5df0;INC52056010;0;0;0
202608;AREA 4;SULAWESI;GORONTALO;MRS;AOi4260627044806826841560;INC52062115;0;0;0
202608;AREA 4;SULAWESI;KENDARI;MDG;AOi4260615113111396d58e30;INC52063946;0;0;0
202608;AREA 4;SULAWESI;PALU;BKU;AOi1260620051848550038080;INC52072587;0;0;0
202608;AREA 4;KALIMANTAN;TARAKAN;LNN;AOi42606150757457969bbb00;INC52076959;0;0;0
202608;AREA 4;SULAWESI;MANADO;MDO;AOi4260620093425236d3f040;INC52090885;0;0;0
202608;AREA 4;KALIMANTAN;PONTIANAK;NGG;AOi4260615011745683b231e0;INC52083082;0;0;0
202608;AREA 4;KALIMANTAN;PANGKALAN BUN;KTP;AOi42606150322235730b4280;INC52094803;0;0;1
202608;AREA 4;KALIMANTAN;PALANGKARAYA;KSO;AOi426062108443882700bcc0;INC52095673;0;0;0
202608;AREA 4;KALIMANTAN;PONTIANAK;STG;AOi42606160440194953ec460;INC52098451;0;0;0
202608;AREA 4;KALIMANTAN;TARAKAN;TRK;AOi4260616011052083e93230;INC52102271;0;0;0
202608;AREA 4;SULAWESI;MANADO;LAN;AOi426061911110049107a2c0;INC52104623;0;0;0
202608;AREA 4;KALIMANTAN;PANGKALAN BUN;NPN;AOi4260619015351437d8e6a0;INC52112512;0;0;1
202608;AREA 4;SULAWESI;KENDARI;MDG;AOi4260617051250857ec7c10;INC52137502;0;0;0
202608;AREA 4;KALIMANTAN;PONTIANAK;STG;AOi42606170138357105dd5c0;INC52143915;0;0;0
202608;AREA 4;KALIMANTAN;BALIKPAPAN;MBD;AOi42606230223298137f1d00;INC52153926;0;0;1
202608;AREA 4;MALUKU DAN PAPUA;AMBON;TUA;AOi4260618011637024ed9c60;INC52160420;0;0;0
202608;AREA 4;KALIMANTAN;TARAKAN;SNY;AOi4260624071837183efe5f0;INC52163054;0;0;0
202608;AREA 4;SULAWESI;PALU;PLB;AOi426062301025531387eda0;INC52165030;0;0;0
202608;AREA 4;KALIMANTAN;SAMARINDA;LMP;AOi4260626101316923a305f0;INC52172743;0;0;0
202608;AREA 4;SULAWESI;MANADO;TDN;AOi1260620121053780d5b570;INC52177739;0;0;0
202608;AREA 4;SULAWESI;MANADO;PIK;AOs326062510310535113e480;INC52179465;0;0;0
202608;AREA 4;SULAWESI;PARE-PARE;PIN;AOi4260628041026205617640;INC52180867;0;0;0
202608;AREA 4;SULAWESI;KENDARI;MDG;AOi42606220309052779ed450;INC52181158;0;0;0
202608;AREA 4;SULAWESI;MANADO;KTG;AOi426062005580672325dfc0;INC52182592;0;0;0
202608;AREA 4;MALUKU DAN PAPUA;JAYAPURA;SNI;AOi4260618011947429f86bc0;INC52182826;0;0;0
202608;AREA 4;KALIMANTAN;PONTIANAK;PTK;AOi426062612422260677cf00;INC52183860;0;0;0
202608;AREA 4;MALUKU DAN PAPUA;TIMIKA;TIM;AOi4260618012030471a75ce0;INC52184017;0;0;0
202608;AREA 4;KALIMANTAN;TARAKAN;TRK;AOi426062509515952313f3b0;INC52189517;0;0;0
202608;AREA 4;SULAWESI;GORONTALO;MRS;AOs3260618062938352bc38a0;INC52195186;0;0;0
202608;AREA 4;KALIMANTAN;BALIKPAPAN;MGG;AOi42606250743105388a0840;INC52214384;0;0;0
202608;AREA 4;SULAWESI;PARE-PARE;MAM;AOi4260627124039104d94a80;INC52224421;0;0;0
202608;AREA 4;SULAWESI;MANADO;BIT;AOi42606240247347149a7210;INC52235838;0;0;0
202608;AREA 4;SULAWESI;MAKASSAR;PNK;AOi12606200759066737c5b30;INC52253446;0;0;0
202608;AREA 4;KALIMANTAN;TARAKAN;SNY;AOi4260625084850492a269b0;INC52254631;0;0;1
202608;AREA 4;SULAWESI;MAKASSAR;SUD;AOi42606271040484446b7460;INC52256403;0;0;0
202608;AREA 4;SULAWESI;KENDARI;MDG;AOk4260625110016449493e80;INC52256836;0;0;0
202608;AREA 4;KALIMANTAN;PALANGKARAYA;KKN;AOi4260624112042147aa20c0;INC52257824;0;0;0
202608;AREA 4;SULAWESI;PARE-PARE;PIN;AOi42606220405204222faca0;INC52262267;0;0;0
202608;AREA 4;SULAWESI;MAKASSAR;BAR;AOi42606230728224867f71b0;INC52272324;0;0;0
202608;AREA 4;SULAWESI;KENDARI;KKA;AOi4260620083454090205d40;INC52285460;0;0;0
202608;AREA 4;SULAWESI;MAKASSAR;MAR;AOk426062408545768513a8b0;INC52289860;0;0;0
202608;AREA 4;KALIMANTAN;PALANGKARAYA;KKP;AOk4260630094956953c560d0;INC52291665;0;0;0
202608;AREA 4;SULAWESI;MAKASSAR;MAT;AOi426062501092616664e2c0;INC52302086;0;0;0
202608;AREA 4;SULAWESI;MAKASSAR;SUG;AOb0260617051031250a98660;INC52304332;0;0;0
202608;AREA 4;MALUKU DAN PAPUA;SORONG;MWR;AOi4260622024355423087c10;INC52307787;0;0;0
202608;AREA 4;KALIMANTAN;PALANGKARAYA;KKP;AOi4260624022909577909670;INC52313541;0;0;1
202608;AREA 4;MALUKU DAN PAPUA;JAYAPURA;ABE;AOi1260623042508023204d40;INC52321973;0;0;0
202608;AREA 4;KALIMANTAN;PONTIANAK;PTK;AOi42606220954472926c8a80;INC52338460;0;0;0
202608;AREA 4;SULAWESI;BONE;BLK;AOi4260626091712120c21d90;INC52340992;0;0;0
202608;AREA 4;SULAWESI;PARE-PARE;PIN;AOi4260623072434395c174c0;INC52355496;0;0;0
202608;AREA 4;SULAWESI;KENDARI;PMA;AOi4260625024446910c24a60;INC52365064;0;0;1
202608;AREA 4;SULAWESI;MAKASSAR;JNP;AOi426062506435126083fe20;INC52372287;0;0;0
202608;AREA 4;KALIMANTAN;PONTIANAK;MPW;AOi4260628032253527e868b0;INC52379525;0;0;0
202608;AREA 4;KALIMANTAN;BALIKPAPAN;GSA;AOi4260624070940597375060;INC52382030;0;0;0
202608;AREA 4;SULAWESI;MAKASSAR;JNP;AOi42606251048137923f0ff0;INC52384255;0;0;0
202608;AREA 4;SULAWESI;GORONTALO;MRS;AOi4260627010245388645c30;INC52402938;0;0;0
202608;AREA 4;KALIMANTAN;SAMARINDA;LMP;AOk42606270920089992ba870;INC52419480;0;0;0
202608;AREA 4;SULAWESI;MANADO;PIK;AOi1260630105948586888380;INC52423295;0;0;0
202608;AREA 4;SULAWESI;MANADO;TDN;AOi1260629070502601df6600;INC52426667;0;0;0
202608;AREA 4;KALIMANTAN;BALIKPAPAN;SEP;AOi42606270414358729ac600;INC52436689;0;0;0
202608;AREA 4;SULAWESI;MANADO;TDN;AOi1260627114118942993120;INC52459667;0;0;0
202608;AREA 4;SULAWESI;MAKASSAR;BAL;AOi4260627014645498eef510;INC52463233;0;0;0
202608;AREA 4;MALUKU DAN PAPUA;SORONG;NAB;AOs32606240521027790ff550;INC52480424;0;0;0
