Periode;tsel_area;tsel_regional;tsel_branch;sto;Order_Type;SLA_Threshold_Hours;reference_for_counting;reason_of_reference;Duration_Hours;SLA_Status
202603;TREG 5;PAPUA BARAT;NABIRE;NAB;migrate;24,00;CustomerAssign;bima_customerassign_date tersedia (durasi negatif di-clamp ke 0 = Comply);0,00;Comply
202603;TREG 4;KALTIMTARA;SAMARINDA;SGK;migrate;24,00;CustomerAssign;bima_customerassign_date tersedia (durasi negatif di-clamp ke 0 = Comply);0,00;Comply
202603;TREG 3;BALI;DENPASAR CENTRUM;KLM;migrate;24,00;CustomerAssign;bima_customerassign_date tersedia (durasi negatif di-clamp ke 0 = Comply);42,86;Not Comply
202603;TREG 4;KALSELTENG;SAMPIT;KPB;migrate;24,00;CustomerAssign;bima_customerassign_date tersedia (durasi negatif di-clamp ke 0 = Comply);19,08;Comply
202603;TREG 3;SURAMADU;SURABAYA SELATAN;MYR;migrate;24,00;CustomerAssign;bima_customerassign_date tersedia (durasi negatif di-clamp ke 0 = Comply);17,10;Comply
202603;TREG 5;SULBAGTENG;PALU;PLB;migrate;24,00;CustomerAssign;bima_customerassign_date tersedia (durasi negatif di-clamp ke 0 = Comply);89,29;Not Comply
202603;TREG 5;SULBAGSEL;MAKASSAR;MAT;migrate;24,00;CustomerAssign;bima_customerassign_date tersedia (durasi negatif di-clamp ke 0 = Comply);43,29;Not Comply
202603;TREG 5;SULBAGSEL;PARE-PARE;PRE;migrate;24,00;CustomerAssign;bima_customerassign_date tersedia (durasi negatif di-clamp ke 0 = Comply);113,31;Not Comply
202603;TREG 2;BEKASI KARAWANG;BEKASI;KRA;migrate;24,00;CustomerAssign;bima_customerassign_date tersedia (durasi negatif di-clamp ke 0 = Comply);17,40;Comply
202603;TREG 2;JAKARTA INNER;JAKBAR;CKG;migrate;24,00;CustomerAssign;bima_customerassign_date tersedia (durasi negatif di-clamp ke 0 = Comply);43,93;Not Comply
202603;TREG 2;JAKARTA INNER;JAKBAR;MRY;migrate;24,00;CustomerAssign;bima_customerassign_date tersedia (durasi negatif di-clamp ke 0 = Comply);68,11;Not Comply
202603;TREG 4;KALTIMTARA;BULUNGAN BERAU;TLA;migrate;24,00;CustomerAssign;bima_customerassign_date tersedia (durasi negatif di-clamp ke 0 = Comply);0,00;Comply
202603;TREG 2;JAKARTA INNER;JAKBAR;KDY;migrate;24,00;CustomerAssign;bima_customerassign_date tersedia (durasi negatif di-clamp ke 0 = Comply);20,15;Comply
202603;TREG 2;BANTEN;PASAR BARU;CPD;migrate;24,00;CustomerAssign;bima_customerassign_date tersedia (durasi negatif di-clamp ke 0 = Comply);47,24;Not Comply
202603;TREG 3;SURAMADU;MADURA;PME;create;48,00;CustomerAssign;bima_customerassign_date tersedia (durasi negatif di-clamp ke 0 = Comply);18,48;Comply
202603;TREG 3;SURAMADU;LAMONGAN;LMG;migrate;24,00;CustomerAssign;bima_customerassign_date tersedia (durasi negatif di-clamp ke 0 = Comply);44,59;Not Comply
202603;TREG 1;ACEH;LANGSA;LGS;migrate;24,00;CustomerAssign;bima_customerassign_date tersedia (durasi negatif di-clamp ke 0 = Comply);68,68;Not Comply
202603;TREG 1;ACEH;LHOKSEUMAWE;LSM;migrate;24,00;CustomerAssign;bima_customerassign_date tersedia (durasi negatif di-clamp ke 0 = Comply);20,71;Comply
202603;TREG 2;PRIANGAN BARAT;DEPOK;SKJ;migrate;24,00;CustomerAssign;bima_customerassign_date tersedia (durasi negatif di-clamp ke 0 = Comply);1,91;Comply
202603;TREG 2;PRIANGAN BARAT;KUJANG;PAR;migrate;24,00;CustomerAssign;bima_customerassign_date tersedia (durasi negatif di-clamp ke 0 = Comply);25,99;Not Comply
202603;TREG 3;BALI;DENPASAR SELATAN;BNO;migrate;24,00;CustomerAssign;bima_customerassign_date tersedia (durasi negatif di-clamp ke 0 = Comply);21,19;Comply
202603;TREG 4;KALSELTENG;BATULICIN;PLE;migrate;24,00;CustomerAssign;bima_customerassign_date tersedia (durasi negatif di-clamp ke 0 = Comply);21,68;Comply
202603;TREG 2;BANDUNG;SOREANG;MJY;create;48,00;CustomerAssign;bima_customerassign_date tersedia (durasi negatif di-clamp ke 0 = Comply);94,13;Not Comply
202603;TREG 4;KALTIMTARA;NUNUKAN;NNK;migrate;24,00;CustomerAssign;bima_customerassign_date tersedia (durasi negatif di-clamp ke 0 = Comply);44,16;Not Comply
202603;TREG 2;JAKARTA INNER;JAKBAR;SLP;create;48,00;CustomerAssign;bima_customerassign_date tersedia (durasi negatif di-clamp ke 0 = Comply);0,00;Comply
202603;TREG 3;BALI;DENPASAR UTARA;UBN;create;48,00;CustomerAssign;bima_customerassign_date tersedia (durasi negatif di-clamp ke 0 = Comply);20,60;Comply
202603;TREG 3;YOGYA JATENG SELATAN;YOGYAKARTA;PGR;create;48,00;CustomerAssign;bima_customerassign_date tersedia (durasi negatif di-clamp ke 0 = Comply);0,00;Comply
202603;TREG 4;KALSELTENG;MUARA TEWEH;BNT;migrate;24,00;CustomerAssign;bima_customerassign_date tersedia (durasi negatif di-clamp ke 0 = Comply);0,00;Comply
202603;TREG 3;BALI;DENPASAR UTARA;UBN;create;48,00;CustomerAssign;bima_customerassign_date tersedia (durasi negatif di-clamp ke 0 = Comply);44,83;Comply
202603;TREG 3;JATIM TIMUR;LUMAJANG;LMJ;create;48,00;CustomerAssign;bima_customerassign_date tersedia (durasi negatif di-clamp ke 0 = Comply);27,84;Comply
202603;TREG 1;SUMUT;MEDAN;PDB;create;48,00;CustomerAssign;bima_customerassign_date tersedia (durasi negatif di-clamp ke 0 = Comply);0,00;Comply
202603;TREG 2;JAKARTA OUTER;JAKSEL;KBY;create;48,00;CustomerAssign;bima_customerassign_date tersedia (durasi negatif di-clamp ke 0 = Comply);3,98;Comply
202603;TREG 2;BANDUNG;SOREANG;SOR;migrate;24,00;CustomerAssign;bima_customerassign_date tersedia (durasi negatif di-clamp ke 0 = Comply);28,02;Not Comply
202603;TREG 3;SEMARANG JATENG UTARA;PEMALANG;RDD;migrate;24,00;CustomerAssign;bima_customerassign_date tersedia (durasi negatif di-clamp ke 0 = Comply);124,11;Not Comply
202603;TREG 3;JATIM TIMUR;SIBO;BOW;migrate;24,00;CustomerAssign;bima_customerassign_date tersedia (durasi negatif di-clamp ke 0 = Comply);0,00;Comply
202603;TREG 2;BANTEN;PASAR BARU;TAN;migrate;24,00;CustomerAssign;bima_customerassign_date tersedia (durasi negatif di-clamp ke 0 = Comply);45,24;Not Comply
202603;TREG 4;KALTIMTARA;TARAKAN;JWT;migrate;24,00;CustomerAssign;bima_customerassign_date tersedia (durasi negatif di-clamp ke 0 = Comply);124,53;Not Comply
202603;TREG 3;SOLO JATENG TIMUR;SRAGEN;KAR;migrate;24,00;CustomerAssign;bima_customerassign_date tersedia (durasi negatif di-clamp ke 0 = Comply);100,85;Not Comply
202603;TREG 4;KALSELTENG;BANJARMASIN;ULI;migrate;24,00;CustomerAssign;bima_customerassign_date tersedia (durasi negatif di-clamp ke 0 = Comply);23,91;Comply
202603;TREG 1;ACEH;LHOKSEUMAWE;LSM;migrate;24,00;CustomerAssign;bima_customerassign_date tersedia (durasi negatif di-clamp ke 0 = Comply);261,98;Not Comply
202603;TREG 1;SUMUT;MEDAN;CTD;create;48,00;CustomerAssign;bima_customerassign_date tersedia (durasi negatif di-clamp ke 0 = Comply);101,02;Not Comply
202603;TREG 2;PRIANGAN TIMUR;GARUT;CKJ;migrate;24,00;CustomerAssign;bima_customerassign_date tersedia (durasi negatif di-clamp ke 0 = Comply);1.654,02;Not Comply
202603;TREG 3;SURAMADU;SURABAYA SELATAN;GBG;migrate;24,00;CustomerAssign;bima_customerassign_date tersedia (durasi negatif di-clamp ke 0 = Comply);5,08;Comply
202603;TREG 4;KALBAR;SINTANG;STG;migrate;24,00;CustomerAssign;bima_customerassign_date tersedia (durasi negatif di-clamp ke 0 = Comply);46,19;Not Comply
202603;TREG 2;JAKARTA OUTER;JAKTIM;RMG;migrate;24,00;CustomerAssign;bima_customerassign_date tersedia (durasi negatif di-clamp ke 0 = Comply);96,35;Not Comply
202603;TREG 4;KALTIMTARA;NUNUKAN;MLN;migrate;24,00;CustomerAssign;bima_customerassign_date tersedia (durasi negatif di-clamp ke 0 = Comply);5,36;Comply
202603;TREG 4;KALSELTENG;BANJARMASIN;KYG;create;48,00;CustomerAssign;bima_customerassign_date tersedia (durasi negatif di-clamp ke 0 = Comply);22,42;Comply
202603;TREG 3;YOGYA JATENG SELATAN;SLEMAN;GOD;create;48,00;CustomerAssign;bima_customerassign_date tersedia (durasi negatif di-clamp ke 0 = Comply);51,55;Not Comply
202603;TREG 2;BANTEN;CIPUTAT;CLD;create;48,00;CustomerAssign;bima_customerassign_date tersedia (durasi negatif di-clamp ke 0 = Comply);24,62;Comply
202603;TREG 2;BEKASI KARAWANG;CIKARANG;BGG;migrate;24,00;CustomerAssign;bima_customerassign_date tersedia (durasi negatif di-clamp ke 0 = Comply);22,68;Comply
202603;TREG 3;YOGYA JATENG SELATAN;YOGYAKARTA;PGR;migrate;24,00;CustomerAssign;bima_customerassign_date tersedia (durasi negatif di-clamp ke 0 = Comply);46,80;Not Comply
202603;TREG 2;JAKARTA OUTER;JAKSEL;CPE;migrate;24,00;CustomerAssign;bima_customerassign_date tersedia (durasi negatif di-clamp ke 0 = Comply);360,91;Not Comply
202603;TREG 3;SEMARANG JATENG UTARA;SALATIGA;SLI;create;48,00;CustomerAssign;bima_customerassign_date tersedia (durasi negatif di-clamp ke 0 = Comply);0,00;Comply
202603;TREG 2;PRIANGAN BARAT;DEPOK;SKJ;migrate;24,00;CustomerAssign;bima_customerassign_date tersedia (durasi negatif di-clamp ke 0 = Comply);1,03;Comply
202603;TREG 2;PRIANGAN TIMUR;CIREBON;JBN;create;48,00;CustomerAssign;bima_customerassign_date tersedia (durasi negatif di-clamp ke 0 = Comply);6,06;Comply
202603;TREG 2;BANDUNG;SOREANG;SOR;migrate;24,00;CustomerAssign;bima_customerassign_date tersedia (durasi negatif di-clamp ke 0 = Comply);6,14;Comply
202603;TREG 1;ACEH;LHOKSEUMAWE;KGH;migrate;24,00;CustomerAssign;bima_customerassign_date tersedia (durasi negatif di-clamp ke 0 = Comply);73,26;Not Comply
202603;TREG 2;PRIANGAN BARAT;CIBADAK;PLR;migrate;24,00;CustomerAssign;bima_customerassign_date tersedia (durasi negatif di-clamp ke 0 = Comply);119,37;Not Comply
202603;TREG 2;JAKARTA OUTER;JAKSEL;JAG;migrate;24,00;CustomerAssign;bima_customerassign_date tersedia (durasi negatif di-clamp ke 0 = Comply);23,39;Comply
202603;TREG 2;JAKARTA OUTER;JAKTIM;GAN;create;48,00;CustomerAssign;bima_customerassign_date tersedia (durasi negatif di-clamp ke 0 = Comply);6,45;Comply
202603;TREG 1;SUMBAR JAMBI;MUARA BUNGO;BKO;migrate;24,00;CustomerAssign;bima_customerassign_date tersedia (durasi negatif di-clamp ke 0 = Comply);6,56;Comply
202603;TREG 2;JAKARTA OUTER;JAKTIM;JTN;migrate;24,00;CustomerAssign;bima_customerassign_date tersedia (durasi negatif di-clamp ke 0 = Comply);6,57;Comply
202603;TREG 2;JAKARTA CENTRUM;JAKPUS;CID;create;48,00;CustomerAssign;bima_customerassign_date tersedia (durasi negatif di-clamp ke 0 = Comply);0,00;Comply
202603;TREG 2;JAKARTA CENTRUM;JAKUT;TPR;migrate;24,00;CustomerAssign;bima_customerassign_date tersedia (durasi negatif di-clamp ke 0 = Comply);25,71;Not Comply
202603;TREG 2;JAKARTA INNER;JAKBAR;KDY;migrate;24,00;CustomerAssign;bima_customerassign_date tersedia (durasi negatif di-clamp ke 0 = Comply);150,74;Not Comply
202603;TREG 3;BALI;TABANAN;NGR;migrate;24,00;CustomerAssign;bima_customerassign_date tersedia (durasi negatif di-clamp ke 0 = Comply);167,88;Not Comply
202603;TREG 4;KALSELTENG;PALANGKARAYA;PLK;migrate;24,00;CustomerAssign;bima_customerassign_date tersedia (durasi negatif di-clamp ke 0 = Comply);2,04;Comply
202603;TREG 2;PRIANGAN BARAT;CIBINONG;CBI;create;48,00;CustomerAssign;bima_customerassign_date tersedia (durasi negatif di-clamp ke 0 = Comply);31,16;Comply
202603;TREG 2;JAKARTA OUTER;JAKTIM;PSR;migrate;24,00;CustomerAssign;bima_customerassign_date tersedia (durasi negatif di-clamp ke 0 = Comply);7,22;Comply
202603;TREG 2;PRIANGAN BARAT;KUJANG;BOO;create;48,00;CustomerAssign;bima_customerassign_date tersedia (durasi negatif di-clamp ke 0 = Comply);7,22;Comply
202603;TREG 2;BEKASI KARAWANG;KARAWANG;KRW;create;48,00;CustomerAssign;bima_customerassign_date tersedia (durasi negatif di-clamp ke 0 = Comply);7,23;Comply
202603;TREG 3;JATIM TIMUR;SIDOARJO;SPJ;create;48,00;CustomerAssign;bima_customerassign_date tersedia (durasi negatif di-clamp ke 0 = Comply);7,24;Comply
202603;TREG 3;BALI;DENPASAR SELATAN;BNO;create;48,00;CustomerAssign;bima_customerassign_date tersedia (durasi negatif di-clamp ke 0 = Comply);7,28;Comply
202603;TREG 2;PRIANGAN BARAT;SENTUL;KHL;create;48,00;CustomerAssign;bima_customerassign_date tersedia (durasi negatif di-clamp ke 0 = Comply);26,44;Comply
202603;TREG 2;JAKARTA OUTER;JAKTIM;RMG;create;48,00;CustomerAssign;bima_customerassign_date tersedia (durasi negatif di-clamp ke 0 = Comply);0,00;Comply
202603;TREG 2;BANDUNG;BANDUNG BARAT;RJW;create;48,00;CustomerAssign;bima_customerassign_date tersedia (durasi negatif di-clamp ke 0 = Comply);50,85;Not Comply
202603;TREG 4;KALTIMTARA;SAMARINDA;SMR;migrate;24,00;CustomerAssign;bima_customerassign_date tersedia (durasi negatif di-clamp ke 0 = Comply);7,91;Comply
202603;TREG 3;JATIM BARAT;MALANG;BLB;migrate;24,00;CustomerAssign;bima_customerassign_date tersedia (durasi negatif di-clamp ke 0 = Comply);2,94;Comply
202603;TREG 2;BANTEN;CIPUTAT;CLD;migrate;24,00;CustomerAssign;bima_customerassign_date tersedia (durasi negatif di-clamp ke 0 = Comply);2,95;Comply
202603;TREG 5;SULBAGSEL;GOWA;SUG;create;48,00;CustomerAssign;bima_customerassign_date tersedia (durasi negatif di-clamp ke 0 = Comply);0,00;Comply
202603;TREG 2;BEKASI KARAWANG;CIKARANG;BGG;migrate;24,00;CustomerAssign;bima_customerassign_date tersedia (durasi negatif di-clamp ke 0 = Comply);1,02;Comply
202603;TREG 2;JAKARTA OUTER;JAKSEL;KAL;migrate;24,00;CustomerAssign;bima_customerassign_date tersedia (durasi negatif di-clamp ke 0 = Comply);32,16;Not Comply
202603;TREG 4;KALTIMTARA;BONTANG;BOT;migrate;24,00;CustomerAssign;bima_customerassign_date tersedia (durasi negatif di-clamp ke 0 = Comply);56,17;Not Comply
202603;TREG 3;SURAMADU;LAMONGAN;LMG;migrate;24,00;CustomerAssign;bima_customerassign_date tersedia (durasi negatif di-clamp ke 0 = Comply);32,38;Not Comply
202603;TREG 4;KALSELTENG;PALANGKARAYA;PLK;migrate;24,00;CustomerAssign;bima_customerassign_date tersedia (durasi negatif di-clamp ke 0 = Comply);0,00;Comply
202603;TREG 3;YOGYA JATENG SELATAN;MAGELANG;MGE;migrate;24,00;CustomerAssign;bima_customerassign_date tersedia (durasi negatif di-clamp ke 0 = Comply);27,49;Not Comply
202603;TREG 1;SUMBAR JAMBI;SOLOK;MLH;migrate;24,00;CustomerAssign;bima_customerassign_date tersedia (durasi negatif di-clamp ke 0 = Comply);27,51;Not Comply
202603;TREG 4;KALSELTENG;BANJARBARU;BBR;migrate;24,00;CustomerAssign;bima_customerassign_date tersedia (durasi negatif di-clamp ke 0 = Comply);0,00;Comply
202603;TREG 4;KALSELTENG;BANJARBARU;BBR;migrate;24,00;CustomerAssign;bima_customerassign_date tersedia (durasi negatif di-clamp ke 0 = Comply);3,66;Comply
202603;TREG 4;KALTIMTARA;SAMARINDA;SGK;migrate;24,00;CustomerAssign;bima_customerassign_date tersedia (durasi negatif di-clamp ke 0 = Comply);0,00;Comply
202603;TREG 1;RIAU;BANGKINANG;ARK;create;48,00;CustomerAssign;bima_customerassign_date tersedia (durasi negatif di-clamp ke 0 = Comply);75,80;Not Comply
202603;TREG 4;KALTIMTARA;BONTANG;LKT;migrate;24,00;PI;bima_customerassign_date kosong → pakai orca_pi_date (durasi negatif di-clamp ke 0 = Comply);123,54;Not Comply
202603;TREG 4;KALTIMTARA;SAMARINDA;LOB;migrate;24,00;CustomerAssign;bima_customerassign_date tersedia (durasi negatif di-clamp ke 0 = Comply);25,90;Not Comply
202603;TREG 5;SULBAGSEL;KENDARI;MDG;migrate;24,00;CustomerAssign;bima_customerassign_date tersedia (durasi negatif di-clamp ke 0 = Comply);94,03;Not Comply
202603;TREG 2;JAKARTA INNER;JAKBAR;TGA;create;48,00;CustomerAssign;bima_customerassign_date tersedia (durasi negatif di-clamp ke 0 = Comply);28,26;Comply
202603;TREG 1;RIAU;RIKEP;SKN;create;48,00;CustomerAssign;bima_customerassign_date tersedia (durasi negatif di-clamp ke 0 = Comply);33,38;Comply
202603;TREG 2;BEKASI KARAWANG;CIKARANG;CIB;create;48,00;CustomerAssign;bima_customerassign_date tersedia (durasi negatif di-clamp ke 0 = Comply);4,57;Comply
202603;TREG 3;SEMARANG JATENG UTARA;BREBES;BMU;migrate;24,00;CustomerAssign;bima_customerassign_date tersedia (durasi negatif di-clamp ke 0 = Comply);100,57;Not Comply
202603;TREG 2;BANTEN;LENGKONG;LGK;create;48,00;CustomerAssign;bima_customerassign_date tersedia (durasi negatif di-clamp ke 0 = Comply);28,58;Comply
202603;TREG 3;SEMARANG JATENG UTARA;BATANG;BTG;migrate;24,00;CustomerAssign;bima_customerassign_date tersedia (durasi negatif di-clamp ke 0 = Comply);98,60;Not Comply
202603;TREG 1;SUMBAR JAMBI;BUKIT TINGGI;HRU;migrate;24,00;CustomerAssign;bima_customerassign_date tersedia (durasi negatif di-clamp ke 0 = Comply);28,60;Not Comply
202603;TREG 3;YOGYA JATENG SELATAN;YOGYAKARTA;PGR;migrate;24,00;CustomerAssign;bima_customerassign_date tersedia (durasi negatif di-clamp ke 0 = Comply);52,66;Not Comply
202603;TREG 2;PRIANGAN BARAT;KUJANG;BOO;migrate;24,00;CustomerAssign;bima_customerassign_date tersedia (durasi negatif di-clamp ke 0 = Comply);0,00;Comply
202603;TREG 2;PRIANGAN BARAT;DEPOK;DEP;create;48,00;CustomerAssign;bima_customerassign_date tersedia (durasi negatif di-clamp ke 0 = Comply);4,71;Comply
202603;TREG 2;JAKARTA OUTER;JAKTIM;PGB;create;48,00;CustomerAssign;bima_customerassign_date tersedia (durasi negatif di-clamp ke 0 = Comply);0,00;Comply
202603;TREG 2;JAKARTA CENTRUM;JAKUT;MRD;migrate;24,00;CustomerAssign;bima_customerassign_date tersedia (durasi negatif di-clamp ke 0 = Comply);0,00;Comply
202603;TREG 2;BANDUNG;BANDUNG;CCD;migrate;24,00;CustomerAssign;bima_customerassign_date tersedia (durasi negatif di-clamp ke 0 = Comply);9,88;Comply
202603;TREG 1;SUMUT;MEDAN;CTD;create;48,00;CustomerAssign;bima_customerassign_date tersedia (durasi negatif di-clamp ke 0 = Comply);0,00;Comply
202603;TREG 1;SUMBAR JAMBI;JAMBI;JMB;migrate;24,00;CustomerAssign;bima_customerassign_date tersedia (durasi negatif di-clamp ke 0 = Comply);105,91;Not Comply
202603;TREG 3;SURAMADU;GRESIK;KDE;create;48,00;CustomerAssign;bima_customerassign_date tersedia (durasi negatif di-clamp ke 0 = Comply);0,00;Comply
202603;TREG 2;JAKARTA OUTER;JAKTIM;JTN;create;48,00;CustomerAssign;bima_customerassign_date tersedia (durasi negatif di-clamp ke 0 = Comply);4,99;Comply
202603;TREG 1;SUMUT;MEDAN;PDB;create;48,00;CustomerAssign;bima_customerassign_date tersedia (durasi negatif di-clamp ke 0 = Comply);10,00;Comply
202603;TREG 1;SUMUT;MEDAN;TJM;migrate;24,00;CustomerAssign;bima_customerassign_date tersedia (durasi negatif di-clamp ke 0 = Comply);5,00;Comply
202603;TREG 2;PRIANGAN BARAT;DEPOK;SKJ;migrate;24,00;CustomerAssign;bima_customerassign_date tersedia (durasi negatif di-clamp ke 0 = Comply);10,01;Comply
202603;TREG 2;PRIANGAN BARAT;DEPOK;DEP;create;48,00;CustomerAssign;bima_customerassign_date tersedia (durasi negatif di-clamp ke 0 = Comply);363,03;Not Comply
202603;TREG 2;JAKARTA CENTRUM;JAKUT;KLG;migrate;24,00;CustomerAssign;bima_customerassign_date tersedia (durasi negatif di-clamp ke 0 = Comply);394,03;Not Comply
202603;TREG 2;BEKASI KARAWANG;SUBANG;SUB;migrate;24,00;CustomerAssign;bima_customerassign_date tersedia (durasi negatif di-clamp ke 0 = Comply);82,05;Not Comply
202603;TREG 2;BANTEN;PASAR BARU;PSK;migrate;24,00;CustomerAssign;bima_customerassign_date tersedia (durasi negatif di-clamp ke 0 = Comply);29,19;Not Comply
202603;TREG 3;BALI;DENPASAR CENTRUM;SWI;migrate;24,00;CustomerAssign;bima_customerassign_date tersedia (durasi negatif di-clamp ke 0 = Comply);226,23;Not Comply
202603;TREG 5;SULBAGSEL;SITOR;RTP;migrate;24,00;CustomerAssign;bima_customerassign_date tersedia (durasi negatif di-clamp ke 0 = Comply);298,23;Not Comply
202603;TREG 3;SOLO JATENG TIMUR;SOLO;KRT;create;48,00;CustomerAssign;bima_customerassign_date tersedia (durasi negatif di-clamp ke 0 = Comply);0,00;Comply
202603;TREG 2;PRIANGAN TIMUR;TASIKMALAYA;TSM;migrate;24,00;CustomerAssign;bima_customerassign_date tersedia (durasi negatif di-clamp ke 0 = Comply);10,70;Comply
202603;TREG 3;JATIM BARAT;MALANG;GDG;migrate;24,00;CustomerAssign;bima_customerassign_date tersedia (durasi negatif di-clamp ke 0 = Comply);123,79;Not Comply
202603;TREG 2;BEKASI KARAWANG;CIKARANG;BGG;migrate;24,00;CustomerAssign;bima_customerassign_date tersedia (durasi negatif di-clamp ke 0 = Comply);250,88;Not Comply
202603;TREG 2;BEKASI KARAWANG;PURWAKARTA;PWK;migrate;24,00;CustomerAssign;bima_customerassign_date tersedia (durasi negatif di-clamp ke 0 = Comply);27,94;Not Comply
202603;TREG 4;BALIKPAPAN;BALIKPAPAN;BRU;create;48,00;CustomerAssign;bima_customerassign_date tersedia (durasi negatif di-clamp ke 0 = Comply);0,00;Comply
202603;TREG 2;BEKASI KARAWANG;KARAWANG;KLI;migrate;24,00;CustomerAssign;bima_customerassign_date tersedia (durasi negatif di-clamp ke 0 = Comply);35,02;Not Comply
202603;TREG 2;JAKARTA CENTRUM;JAKUT;MKR;migrate;24,00;CustomerAssign;bima_customerassign_date tersedia (durasi negatif di-clamp ke 0 = Comply);30,13;Not Comply
202603;TREG 2;PRIANGAN BARAT;CIBINONG;CBI;create;48,00;CustomerAssign;bima_customerassign_date tersedia (durasi negatif di-clamp ke 0 = Comply);4,34;Comply
202603;TREG 2;JAKARTA INNER;JAKBAR;MRY;create;48,00;CustomerAssign;bima_customerassign_date tersedia (durasi negatif di-clamp ke 0 = Comply);30,39;Comply
202603;TREG 4;BALIKPAPAN;BALIKPAPAN;GSA;migrate;24,00;CustomerAssign;bima_customerassign_date tersedia (durasi negatif di-clamp ke 0 = Comply);6,44;Comply
202603;TREG 4;BALIKPAPAN;BALIKPAPAN;GSA;migrate;24,00;CustomerAssign;bima_customerassign_date tersedia (durasi negatif di-clamp ke 0 = Comply);0,00;Comply
202603;TREG 3;JATIM BARAT;BATU;BTU;migrate;24,00;CustomerAssign;bima_customerassign_date tersedia (durasi negatif di-clamp ke 0 = Comply);30,57;Not Comply
202603;TREG 3;SOLO JATENG TIMUR;KLATEN;PEN;migrate;24,00;CustomerAssign;bima_customerassign_date tersedia (durasi negatif di-clamp ke 0 = Comply);107,60;Not Comply
202603;TREG 2;PRIANGAN BARAT;CIBINONG;BJD;create;48,00;CustomerAssign;bima_customerassign_date tersedia (durasi negatif di-clamp ke 0 = Comply);28,66;Comply
202603;TREG 4;KALSELTENG;SAMPIT;SAI;migrate;24,00;CustomerAssign;bima_customerassign_date tersedia (durasi negatif di-clamp ke 0 = Comply);6,66;Comply
202603;TREG 2;PRIANGAN BARAT;SUKABUMI;SKB;migrate;24,00;CustomerAssign;bima_customerassign_date tersedia (durasi negatif di-clamp ke 0 = Comply);0,00;Comply
202603;TREG 2;BEKASI KARAWANG;CIKARANG;BGG;migrate;24,00;CustomerAssign;bima_customerassign_date tersedia (durasi negatif di-clamp ke 0 = Comply);11,88;Comply
202603;TREG 2;PRIANGAN BARAT;DEPOK;CSL;migrate;24,00;CustomerAssign;bima_customerassign_date tersedia (durasi negatif di-clamp ke 0 = Comply);6,95;Comply
202603;TREG 1;RIAU;TANJUNG PINANG;KMS;migrate;24,00;CustomerAssign;bima_customerassign_date tersedia (durasi negatif di-clamp ke 0 = Comply);36,04;Not Comply
202603;TREG 4;KALSELTENG;BANJARBARU;BBR;migrate;24,00;CustomerAssign;bima_customerassign_date tersedia (durasi negatif di-clamp ke 0 = Comply);31,07;Not Comply
202603;TREG 1;SUMUT;LUBUK PAKAM;TJR;migrate;24,00;CustomerAssign;bima_customerassign_date tersedia (durasi negatif di-clamp ke 0 = Comply);60,17;Not Comply
202603;TREG 3;BALI;DENPASAR CENTRUM;KLM;migrate;24,00;CustomerAssign;bima_customerassign_date tersedia (durasi negatif di-clamp ke 0 = Comply);60,37;Not Comply
202603;TREG 2;JAKARTA CENTRUM;JAKUT;KLG;migrate;24,00;CustomerAssign;bima_customerassign_date tersedia (durasi negatif di-clamp ke 0 = Comply);396,39;Not Comply
202603;TREG 2;PRIANGAN TIMUR;CIREBON;CBN;migrate;24,00;CustomerAssign;bima_customerassign_date tersedia (durasi negatif di-clamp ke 0 = Comply);77,41;Not Comply
202603;TREG 1;SUMBAR JAMBI;SUMBAR;PDC;migrate;24,00;CustomerAssign;bima_customerassign_date tersedia (durasi negatif di-clamp ke 0 = Comply);84,87;Not Comply
202603;TREG 3;BALI;DENPASAR UTARA;MMN;create;48,00;CustomerAssign;bima_customerassign_date tersedia (durasi negatif di-clamp ke 0 = Comply);53,93;Not Comply
202603;TREG 1;RIAU;BANGKINANG;ARK;migrate;24,00;CustomerAssign;bima_customerassign_date tersedia (durasi negatif di-clamp ke 0 = Comply);13,18;Comply
202603;TREG 1;RIAU;RIKEP;DGS;migrate;24,00;CustomerAssign;bima_customerassign_date tersedia (durasi negatif di-clamp ke 0 = Comply);133,35;Not Comply
202603;TREG 2;PRIANGAN BARAT;KUJANG;SPL;migrate;24,00;CustomerAssign;bima_customerassign_date tersedia (durasi negatif di-clamp ke 0 = Comply);37,40;Not Comply
202603;TREG 2;BANDUNG;BANDUNG;LBG;migrate;24,00;CustomerAssign;bima_customerassign_date tersedia (durasi negatif di-clamp ke 0 = Comply);0,00;Comply
202603;TREG 3;BALI;DENPASAR UTARA;MMN;create;48,00;CustomerAssign;bima_customerassign_date tersedia (durasi negatif di-clamp ke 0 = Comply);32,71;Comply
202603;TREG 3;JATIM TIMUR;SIDOARJO;KRN;migrate;24,00;CustomerAssign;bima_customerassign_date tersedia (durasi negatif di-clamp ke 0 = Comply);0,00;Comply
202603;TREG 1;LAMPUNG BENGKULU;LAMPUNG;TJK;migrate;24,00;CustomerAssign;bima_customerassign_date tersedia (durasi negatif di-clamp ke 0 = Comply);61,81;Not Comply
202603;TREG 2;JAKARTA CENTRUM;JAKPUS;GBC;create;48,00;CustomerAssign;bima_customerassign_date tersedia (durasi negatif di-clamp ke 0 = Comply);13,94;Comply
202603;TREG 4;BALIKPAPAN;BALIKPAPAN;BRU;migrate;24,00;CustomerAssign;bima_customerassign_date tersedia (durasi negatif di-clamp ke 0 = Comply);441,05;Not Comply
202603;TREG 3;NUSA TENGGARA;NTT;KPN;create;48,00;CustomerAssign;bima_customerassign_date tersedia (durasi negatif di-clamp ke 0 = Comply);62,17;Not Comply
202603;TREG 4;BALIKPAPAN;BALIKPAPAN;BRU;migrate;24,00;CustomerAssign;bima_customerassign_date tersedia (durasi negatif di-clamp ke 0 = Comply);0,00;Comply
202603;TREG 2;JAKARTA CENTRUM;JAKUT;KLG;migrate;24,00;CustomerAssign;bima_customerassign_date tersedia (durasi negatif di-clamp ke 0 = Comply);399,10;Not Comply
202603;TREG 2;JAKARTA CENTRUM;JAKUT;KLG;migrate;24,00;CustomerAssign;bima_customerassign_date tersedia (durasi negatif di-clamp ke 0 = Comply);399,16;Not Comply
202603;TREG 2;BEKASI KARAWANG;BEKASI;KRA;create;48,00;CustomerAssign;bima_customerassign_date tersedia (durasi negatif di-clamp ke 0 = Comply);34,57;Comply
202603;TREG 5;SUMALUT;AMBON;PAO;migrate;24,00;CustomerAssign;bima_customerassign_date tersedia (durasi negatif di-clamp ke 0 = Comply);0,00;Comply
202603;TREG 4;KALTIMTARA;BONTANG;BOT;create;48,00;CustomerAssign;bima_customerassign_date tersedia (durasi negatif di-clamp ke 0 = Comply);66,41;Not Comply
202603;TREG 4;KALTIMTARA;SAMARINDA;LOB;migrate;24,00;CustomerAssign;bima_customerassign_date tersedia (durasi negatif di-clamp ke 0 = Comply);0,00;Comply
202603;TREG 4;KALTIMTARA;MELAK;KBG;migrate;24,00;CustomerAssign;bima_customerassign_date tersedia (durasi negatif di-clamp ke 0 = Comply);16,73;Comply
202603;TREG 3;BALI;DENPASAR SELATAN;JBR;migrate;24,00;CustomerAssign;bima_customerassign_date tersedia (durasi negatif di-clamp ke 0 = Comply);23,97;Comply
202603;TREG 1;ACEH;LANGSA;LGS;migrate;24,00;CustomerAssign;bima_customerassign_date tersedia (durasi negatif di-clamp ke 0 = Comply);264,28;Not Comply
202603;TREG 3;SURAMADU;SURABAYA UTARA;KPS;migrate;24,00;CustomerAssign;bima_customerassign_date tersedia (durasi negatif di-clamp ke 0 = Comply);48,41;Not Comply
202603;TREG 2;BANTEN;RANGKAS-PANDEGLANG;LBU;migrate;24,00;CustomerAssign;bima_customerassign_date tersedia (durasi negatif di-clamp ke 0 = Comply);43,44;Not Comply
202603;TREG 3;SURAMADU;SURABAYA UTARA;KJR;migrate;24,00;CustomerAssign;bima_customerassign_date tersedia (durasi negatif di-clamp ke 0 = Comply);65,44;Not Comply
202603;TREG 5;SULBAGSEL;PALOPO;PLP;migrate;24,00;CustomerAssign;bima_customerassign_date tersedia (durasi negatif di-clamp ke 0 = Comply);0,00;Comply
202603;TREG 5;SUMALUT;AMBON;ABO;migrate;24,00;CustomerAssign;bima_customerassign_date tersedia (durasi negatif di-clamp ke 0 = Comply);96,61;Not Comply
202603;TREG 4;KALSELTENG;TANJUNG TABALONG;PGN;migrate;24,00;CustomerAssign;bima_customerassign_date tersedia (durasi negatif di-clamp ke 0 = Comply);89,65;Not Comply
202603;TREG 2;BEKASI KARAWANG;BEKASI;PDE;migrate;24,00;CustomerAssign;bima_customerassign_date tersedia (durasi negatif di-clamp ke 0 = Comply);24,82;Not Comply
202603;TREG 2;BEKASI KARAWANG;BEKASI;BBL;migrate;24,00;CustomerAssign;bima_customerassign_date tersedia (durasi negatif di-clamp ke 0 = Comply);19,85;Comply
202603;TREG 2;PRIANGAN BARAT;CIBINONG;CBI;migrate;24,00;CustomerAssign;bima_customerassign_date tersedia (durasi negatif di-clamp ke 0 = Comply);72,90;Not Comply
202603;TREG 2;BEKASI KARAWANG;BEKASI;BEK;migrate;24,00;CustomerAssign;bima_customerassign_date tersedia (durasi negatif di-clamp ke 0 = Comply);24,96;Not Comply
202603;TREG 4;KALTIMTARA;BULUNGAN BERAU;TRD;migrate;24,00;CustomerAssign;bima_customerassign_date tersedia (durasi negatif di-clamp ke 0 = Comply);116,03;Not Comply
202603;TREG 2;PRIANGAN BARAT;SENTUL;CTR;migrate;24,00;CustomerAssign;bima_customerassign_date tersedia (durasi negatif di-clamp ke 0 = Comply);25,04;Not Comply
202603;TREG 2;JAKARTA CENTRUM;JAKUT;TPR;migrate;24,00;CustomerAssign;bima_customerassign_date tersedia (durasi negatif di-clamp ke 0 = Comply);25,06;Not Comply
202603;TREG 5;SULBAGTENG;PALU;PLA;migrate;24,00;CustomerAssign;bima_customerassign_date tersedia (durasi negatif di-clamp ke 0 = Comply);114,09;Not Comply
202603;TREG 4;KALBAR;PONTIANAK;PTK;create;48,00;CustomerAssign;bima_customerassign_date tersedia (durasi negatif di-clamp ke 0 = Comply);20,09;Comply
202603;TREG 2;JAKARTA CENTRUM;JAKUT;TPR;migrate;24,00;CustomerAssign;bima_customerassign_date tersedia (durasi negatif di-clamp ke 0 = Comply);44,12;Not Comply
202603;TREG 5;SULBAGTENG;PALU;PLA;migrate;24,00;CustomerAssign;bima_customerassign_date tersedia (durasi negatif di-clamp ke 0 = Comply);524,12;Not Comply
202603;TREG 4;KALSELTENG;BANJARBARU;BBR;migrate;24,00;CustomerAssign;bima_customerassign_date tersedia (durasi negatif di-clamp ke 0 = Comply);68,12;Not Comply
202603;TREG 3;BALI;GIANYAR;SMA;migrate;24,00;CustomerAssign;bima_customerassign_date tersedia (durasi negatif di-clamp ke 0 = Comply);140,13;Not Comply
202603;TREG 5;SULBAGTENG;PALU;PLB;migrate;24,00;CustomerAssign;bima_customerassign_date tersedia (durasi negatif di-clamp ke 0 = Comply);601,21;Not Comply
202603;TREG 2;BEKASI KARAWANG;BEKASI;KLB;migrate;24,00;CustomerAssign;bima_customerassign_date tersedia (durasi negatif di-clamp ke 0 = Comply);186,27;Not Comply
202603;TREG 3;YOGYA JATENG SELATAN;PURWOREJO;PWJ;migrate;24,00;CustomerAssign;bima_customerassign_date tersedia (durasi negatif di-clamp ke 0 = Comply);265,92;Not Comply
202603;TREG 2;BEKASI KARAWANG;BEKASI;KRA;migrate;24,00;CustomerAssign;bima_customerassign_date tersedia (durasi negatif di-clamp ke 0 = Comply);42,93;Not Comply
202603;TREG 4;KALTIMTARA;BONTANG;BOT;migrate;24,00;CustomerAssign;bima_customerassign_date tersedia (durasi negatif di-clamp ke 0 = Comply);92,95;Not Comply
202603;TREG 2;BEKASI KARAWANG;BEKASI;KLB;migrate;24,00;CustomerAssign;bima_customerassign_date tersedia (durasi negatif di-clamp ke 0 = Comply);26,00;Not Comply
202603;TREG 2;JAKARTA INNER;JAKBAR;CKG;migrate;24,00;CustomerAssign;bima_customerassign_date tersedia (durasi negatif di-clamp ke 0 = Comply);19,72;Comply
202603;TREG 4;KALBAR;PONTIANAK;PTK;migrate;24,00;CustomerAssign;bima_customerassign_date tersedia (durasi negatif di-clamp ke 0 = Comply);163,90;Not Comply
202603;TREG 3;SEMARANG JATENG UTARA;SEMARANG;MJP;create;48,00;CustomerAssign;bima_customerassign_date tersedia (durasi negatif di-clamp ke 0 = Comply);0,00;Comply
202603;TREG 3;SEMARANG JATENG UTARA;SALATIGA;SLI;create;48,00;CustomerAssign;bima_customerassign_date tersedia (durasi negatif di-clamp ke 0 = Comply);0,00;Comply
202603;TREG 3;SEMARANG JATENG UTARA;TEGAL;TEG;migrate;24,00;CustomerAssign;bima_customerassign_date tersedia (durasi negatif di-clamp ke 0 = Comply);262,43;Not Comply
202603;TREG 1;ACEH;ACEH;BNA;migrate;24,00;CustomerAssign;bima_customerassign_date tersedia (durasi negatif di-clamp ke 0 = Comply);315,46;Not Comply
202603;TREG 2;BEKASI KARAWANG;CIKARANG;EJI;migrate;24,00;CustomerAssign;bima_customerassign_date tersedia (durasi negatif di-clamp ke 0 = Comply);118,67;Not Comply
202603;TREG 5;SUMALUT;TUAL;TUA;migrate;24,00;CustomerAssign;bima_customerassign_date tersedia (durasi negatif di-clamp ke 0 = Comply);20,80;Comply
202603;TREG 1;SUMBAR JAMBI;SUMBAR;ULK;create;48,00;CustomerAssign;bima_customerassign_date tersedia (durasi negatif di-clamp ke 0 = Comply);0,00;Comply
202603;TREG 3;SOLO JATENG TIMUR;SOLO;KRT;create;48,00;CustomerAssign;bima_customerassign_date tersedia (durasi negatif di-clamp ke 0 = Comply);0,00;Comply
202603;TREG 4;KALSELTENG;BANJARBARU;BBR;migrate;24,00;CustomerAssign;bima_customerassign_date tersedia (durasi negatif di-clamp ke 0 = Comply);23,11;Comply
202603;TREG 2;PRIANGAN TIMUR;CIREBON;CBN;create;48,00;CustomerAssign;bima_customerassign_date tersedia (durasi negatif di-clamp ke 0 = Comply);0,00;Comply
202603;TREG 3;YOGYA JATENG SELATAN;TEMANGGUNG;TEM;migrate;24,00;CustomerAssign;bima_customerassign_date tersedia (durasi negatif di-clamp ke 0 = Comply);23,13;Comply
202603;TREG 5;SULBAGSEL;SITOR;ENR;migrate;24,00;CustomerAssign;bima_customerassign_date tersedia (durasi negatif di-clamp ke 0 = Comply);71,20;Not Comply
202603;TREG 2;BEKASI KARAWANG;BEKASI;BEK;migrate;24,00;CustomerAssign;bima_customerassign_date tersedia (durasi negatif di-clamp ke 0 = Comply);4,24;Comply
202603;TREG 5;PAPUA BARAT;MANOKWARI;MWR;migrate;24,00;CustomerAssign;bima_customerassign_date tersedia (durasi negatif di-clamp ke 0 = Comply);429,28;Not Comply
202603;TREG 3;YOGYA JATENG SELATAN;SLEMAN;GOD;create;48,00;CustomerAssign;bima_customerassign_date tersedia (durasi negatif di-clamp ke 0 = Comply);47,30;Comply
202603;TREG 2;PRIANGAN BARAT;CIBINONG;CLS;create;48,00;CustomerAssign;bima_customerassign_date tersedia (durasi negatif di-clamp ke 0 = Comply);0,00;Comply
202603;TREG 5;SULBAGSEL;KENDARI;KDR;create;48,00;CustomerAssign;bima_customerassign_date tersedia (durasi negatif di-clamp ke 0 = Comply);47,39;Comply
202603;TREG 5;SULBAGTENG;PALU;PLA;migrate;24,00;CustomerAssign;bima_customerassign_date tersedia (durasi negatif di-clamp ke 0 = Comply);148,46;Not Comply
202603;TREG 3;SOLO JATENG TIMUR;SOLO;SOP;migrate;24,00;CustomerAssign;bima_customerassign_date tersedia (durasi negatif di-clamp ke 0 = Comply);69,49;Not Comply
202603;TREG 2;PRIANGAN BARAT;DEPOK;DEP;migrate;24,00;CustomerAssign;bima_customerassign_date tersedia (durasi negatif di-clamp ke 0 = Comply);292,55;Not Comply
202603;TREG 3;JATIM BARAT;MADIUN;MNZ;migrate;24,00;CustomerAssign;bima_customerassign_date tersedia (durasi negatif di-clamp ke 0 = Comply);71,62;Not Comply
202603;TREG 4;BALIKPAPAN;BALIKPAPAN;BRU;migrate;24,00;CustomerAssign;bima_customerassign_date tersedia (durasi negatif di-clamp ke 0 = Comply);28,62;Not Comply
202603;TREG 2;PRIANGAN BARAT;KUJANG;BOO;migrate;24,00;CustomerAssign;bima_customerassign_date tersedia (durasi negatif di-clamp ke 0 = Comply);0,00;Comply
202603;TREG 3;YOGYA JATENG SELATAN;YOGYAKARTA;KEN;migrate;24,00;CustomerAssign;bima_customerassign_date tersedia (durasi negatif di-clamp ke 0 = Comply);101,02;Not Comply
202603;TREG 3;YOGYA JATENG SELATAN;BANTUL;BTL;migrate;24,00;CustomerAssign;bima_customerassign_date tersedia (durasi negatif di-clamp ke 0 = Comply);75,02;Not Comply
202603;TREG 4;KALTIMTARA;MELAK;TGG;migrate;24,00;CustomerAssign;bima_customerassign_date tersedia (durasi negatif di-clamp ke 0 = Comply);0,00;Comply
202603;TREG 5;SULBAGSEL;MAKASSAR;PNK;create;48,00;CustomerAssign;bima_customerassign_date tersedia (durasi negatif di-clamp ke 0 = Comply);413,24;Not Comply
202603;TREG 2;BEKASI KARAWANG;BEKASI;BEK;migrate;24,00;CustomerAssign;bima_customerassign_date tersedia (durasi negatif di-clamp ke 0 = Comply);48,32;Not Comply
202603;TREG 4;KALTIMTARA;BONTANG;BOT;migrate;24,00;CustomerAssign;bima_customerassign_date tersedia (durasi negatif di-clamp ke 0 = Comply);0,33;Comply
202603;TREG 2;JAKARTA INNER;JAKBAR;PLM;create;48,00;CustomerAssign;bima_customerassign_date tersedia (durasi negatif di-clamp ke 0 = Comply);53,34;Not Comply
202603;TREG 2;JAKARTA OUTER;JAKTIM;GAN;migrate;24,00;CustomerAssign;bima_customerassign_date tersedia (durasi negatif di-clamp ke 0 = Comply);29,44;Not Comply
202603;TREG 3;JATIM TIMUR;SIDOARJO;SDA;create;48,00;CustomerAssign;bima_customerassign_date tersedia (durasi negatif di-clamp ke 0 = Comply);0,00;Comply
202603;TREG 3;JATIM BARAT;MALANG;BLB;create;48,00;CustomerAssign;bima_customerassign_date tersedia (durasi negatif di-clamp ke 0 = Comply);0,53;Comply
202603;TREG 2;JAKARTA OUTER;JAKSEL;TBE;migrate;24,00;CustomerAssign;bima_customerassign_date tersedia (durasi negatif di-clamp ke 0 = Comply);120,60;Not Comply
202603;TREG 4;BALIKPAPAN;BALIKPAPAN;GSA;migrate;24,00;CustomerAssign;bima_customerassign_date tersedia (durasi negatif di-clamp ke 0 = Comply);0,00;Comply
202603;TREG 2;BANTEN;LENGKONG;LKG;migrate;24,00;CustomerAssign;bima_customerassign_date tersedia (durasi negatif di-clamp ke 0 = Comply);0,64;Comply
202603;TREG 4;KALBAR;SINTANG;NPN;migrate;24,00;CustomerAssign;bima_customerassign_date tersedia (durasi negatif di-clamp ke 0 = Comply);94,65;Not Comply
202603;TREG 3;YOGYA JATENG SELATAN;YOGYAKARTA;KBU;migrate;24,00;CustomerAssign;bima_customerassign_date tersedia (durasi negatif di-clamp ke 0 = Comply);22,70;Comply
202603;TREG 3;YOGYA JATENG SELATAN;SLEMAN;KLS;create;48,00;CustomerAssign;bima_customerassign_date tersedia (durasi negatif di-clamp ke 0 = Comply);125,71;Not Comply
202603;TREG 2;BANTEN;LENGKONG;LGK;migrate;24,00;CustomerAssign;bima_customerassign_date tersedia (durasi negatif di-clamp ke 0 = Comply);48,72;Not Comply
202603;TREG 1;SUMUT;BINJAI;BJI;migrate;24,00;CustomerAssign;bima_customerassign_date tersedia (durasi negatif di-clamp ke 0 = Comply);48,73;Not Comply
202603;TREG 3;YOGYA JATENG SELATAN;YOGYAKARTA;KBU;create;48,00;CustomerAssign;bima_customerassign_date tersedia (durasi negatif di-clamp ke 0 = Comply);5,77;Comply
202603;TREG 3;JATIM TIMUR;SIDOARJO;SPJ;migrate;24,00;CustomerAssign;bima_customerassign_date tersedia (durasi negatif di-clamp ke 0 = Comply);0,97;Comply
202603;TREG 3;YOGYA JATENG SELATAN;YOGYAKARTA;BBS;create;48,00;CustomerAssign;bima_customerassign_date tersedia (durasi negatif di-clamp ke 0 = Comply);30,01;Comply
202603;TREG 3;YOGYA JATENG SELATAN;YOGYAKARTA;PGR;migrate;24,00;CustomerAssign;bima_customerassign_date tersedia (durasi negatif di-clamp ke 0 = Comply);30,08;Not Comply
202603;TREG 2;JAKARTA OUTER;JAKSEL;BIN;migrate;24,00;CustomerAssign;bima_customerassign_date tersedia (durasi negatif di-clamp ke 0 = Comply);49,10;Not Comply
202603;TREG 2;BANTEN;CIPUTAT;CPA;migrate;24,00;CustomerAssign;bima_customerassign_date tersedia (durasi negatif di-clamp ke 0 = Comply);119,11;Not Comply
202603;TREG 2;JAKARTA INNER;JAKBAR;CKG;migrate;24,00;CustomerAssign;bima_customerassign_date tersedia (durasi negatif di-clamp ke 0 = Comply);25,18;Not Comply
202603;TREG 1;ACEH;MEULABOH;MBO;migrate;24,00;CustomerAssign;bima_customerassign_date tersedia (durasi negatif di-clamp ke 0 = Comply);0,00;Comply
202603;TREG 2;BANDUNG;SUMEDANG;CJA;migrate;24,00;CustomerAssign;bima_customerassign_date tersedia (durasi negatif di-clamp ke 0 = Comply);23,25;Comply
202603;TREG 2;BANTEN;CIKUPA;TGR;migrate;24,00;CustomerAssign;bima_customerassign_date tersedia (durasi negatif di-clamp ke 0 = Comply);54,31;Not Comply
202603;TREG 1;ACEH;ACEH;LBR;create;48,00;CustomerAssign;bima_customerassign_date tersedia (durasi negatif di-clamp ke 0 = Comply);102,35;Not Comply
202603;TREG 2;JAKARTA OUTER;JAKSEL;JAG;create;48,00;CustomerAssign;bima_customerassign_date tersedia (durasi negatif di-clamp ke 0 = Comply);49,40;Not Comply
202603;TREG 3;JATIM BARAT;KEPANJEN;TUR;migrate;24,00;CustomerAssign;bima_customerassign_date tersedia (durasi negatif di-clamp ke 0 = Comply);73,50;Not Comply
202603;TREG 2;BEKASI KARAWANG;CIKARANG;BGG;create;48,00;CustomerAssign;bima_customerassign_date tersedia (durasi negatif di-clamp ke 0 = Comply);54,53;Not Comply
202603;TREG 2;BANTEN;CIPUTAT;CPA;migrate;24,00;CustomerAssign;bima_customerassign_date tersedia (durasi negatif di-clamp ke 0 = Comply);47,54;Not Comply
202603;TREG 4;KALSELTENG;TANJUNG TABALONG;BRI;migrate;24,00;CustomerAssign;bima_customerassign_date tersedia (durasi negatif di-clamp ke 0 = Comply);73,61;Not Comply
202603;TREG 1;RIAU;RIKEP;LBJ;migrate;24,00;CustomerAssign;bima_customerassign_date tersedia (durasi negatif di-clamp ke 0 = Comply);6,62;Comply
202603;TREG 4;KALTIMTARA;BULUNGAN BERAU;TRD;migrate;24,00;CustomerAssign;bima_customerassign_date tersedia (durasi negatif di-clamp ke 0 = Comply);1,77;Comply
202603;TREG 2;BEKASI KARAWANG;BEKASI;PKY;create;48,00;CustomerAssign;bima_customerassign_date tersedia (durasi negatif di-clamp ke 0 = Comply);23,79;Comply
202603;TREG 4;KALTIMTARA;SAMARINDA;SMR;create;48,00;CustomerAssign;bima_customerassign_date tersedia (durasi negatif di-clamp ke 0 = Comply);1,79;Comply
202603;TREG 1;RIAU;BANGKINANG;ARK;migrate;24,00;CustomerAssign;bima_customerassign_date tersedia (durasi negatif di-clamp ke 0 = Comply);6,86;Comply
202603;TREG 3;SURAMADU;SURABAYA SELATAN;JGR;migrate;24,00;CustomerAssign;bima_customerassign_date tersedia (durasi negatif di-clamp ke 0 = Comply);1,94;Comply
202603;TREG 2;JAKARTA OUTER;JAKTIM;CWA;migrate;24,00;CustomerAssign;bima_customerassign_date tersedia (durasi negatif di-clamp ke 0 = Comply);48,06;Not Comply
202603;TREG 1;ACEH;ACEH;BNA;migrate;24,00;CustomerAssign;bima_customerassign_date tersedia (durasi negatif di-clamp ke 0 = Comply);751,08;Not Comply
202603;TREG 4;KALTIMTARA;BONTANG;BOT;create;48,00;CustomerAssign;bima_customerassign_date tersedia (durasi negatif di-clamp ke 0 = Comply);242,30;Not Comply
202603;TREG 2;JAKARTA OUTER;JAKTIM;JTN;migrate;24,00;CustomerAssign;bima_customerassign_date tersedia (durasi negatif di-clamp ke 0 = Comply);0,31;Comply
202603;TREG 4;KALTIMTARA;BULUNGAN BERAU;TRD;migrate;24,00;CustomerAssign;bima_customerassign_date tersedia (durasi negatif di-clamp ke 0 = Comply);391,35;Not Comply
202603;TREG 2;BANTEN;PASAR BARU;TAN;migrate;24,00;CustomerAssign;bima_customerassign_date tersedia (durasi negatif di-clamp ke 0 = Comply);26,36;Not Comply
202603;TREG 3;SEMARANG JATENG UTARA;TEGAL;TEG;migrate;24,00;CustomerAssign;bima_customerassign_date tersedia (durasi negatif di-clamp ke 0 = Comply);31,38;Not Comply
202603;TREG 3;SURAMADU;MADURA;SPG;migrate;24,00;CustomerAssign;bima_customerassign_date tersedia (durasi negatif di-clamp ke 0 = Comply);0,42;Comply
202603;TREG 2;JAKARTA OUTER;JAKTIM;PGG;create;48,00;CustomerAssign;bima_customerassign_date tersedia (durasi negatif di-clamp ke 0 = Comply);2,48;Comply
202603;TREG 1;LAMPUNG BENGKULU;LAMPUNG;SPS;migrate;24,00;CustomerAssign;bima_customerassign_date tersedia (durasi negatif di-clamp ke 0 = Comply);103,56;Not Comply
202603;TREG 4;BALIKPAPAN;BALIKPAPAN;KTB;migrate;24,00;CustomerAssign;bima_customerassign_date tersedia (durasi negatif di-clamp ke 0 = Comply);31,59;Not Comply
202603;TREG 3;SURAMADU;SURABAYA SELATAN;MYR;create;48,00;CustomerAssign;bima_customerassign_date tersedia (durasi negatif di-clamp ke 0 = Comply);55,66;Not Comply
202603;TREG 3;SURAMADU;SURABAYA SELATAN;GBG;migrate;24,00;CustomerAssign;bima_customerassign_date tersedia (durasi negatif di-clamp ke 0 = Comply);2,80;Comply
202603;TREG 3;JATIM TIMUR;SIDOARJO;GDA;create;48,00;CustomerAssign;bima_customerassign_date tersedia (durasi negatif di-clamp ke 0 = Comply);0,86;Comply
202603;TREG 3;YOGYA JATENG SELATAN;YOGYAKARTA;PGR;create;48,00;CustomerAssign;bima_customerassign_date tersedia (durasi negatif di-clamp ke 0 = Comply);7,98;Comply
202603;TREG 2;JAKARTA OUTER;JAKSEL;KAL;migrate;24,00;CustomerAssign;bima_customerassign_date tersedia (durasi negatif di-clamp ke 0 = Comply);74,99;Not Comply
202603;TREG 3;JATIM TIMUR;SIDOARJO;GDA;create;48,00;CustomerAssign;bima_customerassign_date tersedia (durasi negatif di-clamp ke 0 = Comply);3,03;Comply
202603;TREG 2;BANTEN;LENGKONG;CUG;migrate;24,00;CustomerAssign;bima_customerassign_date tersedia (durasi negatif di-clamp ke 0 = Comply);128,05;Not Comply
202603;TREG 2;JAKARTA OUTER;JAKSEL;JAG;migrate;24,00;CustomerAssign;bima_customerassign_date tersedia (durasi negatif di-clamp ke 0 = Comply);49,06;Not Comply
202603;TREG 2;PRIANGAN BARAT;DEPOK;CSL;migrate;24,00;CustomerAssign;bima_customerassign_date tersedia (durasi negatif di-clamp ke 0 = Comply);0,00;Comply
202603;TREG 4;KALBAR;SANGGAU;SGU;migrate;24,00;CustomerAssign;bima_customerassign_date tersedia (durasi negatif di-clamp ke 0 = Comply);104,14;Not Comply
202603;TREG 1;SUMUT;MEDAN;PDB;migrate;24,00;CustomerAssign;bima_customerassign_date tersedia (durasi negatif di-clamp ke 0 = Comply);32,26;Not Comply
202603;TREG 3;YOGYA JATENG SELATAN;SLEMAN;GOD;migrate;24,00;CustomerAssign;bima_customerassign_date tersedia (durasi negatif di-clamp ke 0 = Comply);3,26;Comply
202603;TREG 2;PRIANGAN BARAT;DEPOK;CNE;migrate;24,00;CustomerAssign;bima_customerassign_date tersedia (durasi negatif di-clamp ke 0 = Comply);0,00;Comply
202603;TREG 3;JATIM TIMUR;JEMBER;JER;create;48,00;CustomerAssign;bima_customerassign_date tersedia (durasi negatif di-clamp ke 0 = Comply);32,43;Comply
202603;TREG 2;JAKARTA OUTER;JAKSEL;KBY;migrate;24,00;CustomerAssign;bima_customerassign_date tersedia (durasi negatif di-clamp ke 0 = Comply);56,48;Not Comply
202603;TREG 2;BANTEN;CIPUTAT;PKU;create;48,00;CustomerAssign;bima_customerassign_date tersedia (durasi negatif di-clamp ke 0 = Comply);8,54;Comply
202603;TREG 1;RIAU;DUMAI;DUM;migrate;24,00;CustomerAssign;bima_customerassign_date tersedia (durasi negatif di-clamp ke 0 = Comply);98,58;Not Comply
202603;TREG 2;JAKARTA INNER;JAKBAR;KDY;migrate;24,00;CustomerAssign;bima_customerassign_date tersedia (durasi negatif di-clamp ke 0 = Comply);0,00;Comply
202603;TREG 3;BALI;TABANAN;TBN;create;48,00;CustomerAssign;bima_customerassign_date tersedia (durasi negatif di-clamp ke 0 = Comply);32,60;Comply
202603;TREG 5;SULBAGSEL;BANTAENG;BLK;migrate;24,00;CustomerAssign;bima_customerassign_date tersedia (durasi negatif di-clamp ke 0 = Comply);217,63;Not Comply
202603;TREG 1;SUMBAR JAMBI;SUMBAR;LBY;migrate;24,00;CustomerAssign;bima_customerassign_date tersedia (durasi negatif di-clamp ke 0 = Comply);3,65;Comply
202603;TREG 5;SULBAGSEL;MAKASSAR;MAT;create;48,00;CustomerAssign;bima_customerassign_date tersedia (durasi negatif di-clamp ke 0 = Comply);147,70;Not Comply
202603;TREG 3;YOGYA JATENG SELATAN;YOGYAKARTA;KBU;migrate;24,00;CustomerAssign;bima_customerassign_date tersedia (durasi negatif di-clamp ke 0 = Comply);51,95;Not Comply
202603;TREG 2;BANTEN;CIPUTAT;CPA;create;48,00;CustomerAssign;bima_customerassign_date tersedia (durasi negatif di-clamp ke 0 = Comply);3,99;Comply
202603;TREG 4;BALIKPAPAN;TANAHGROGOT;PNJ;migrate;24,00;CustomerAssign;bima_customerassign_date tersedia (durasi negatif di-clamp ke 0 = Comply);220,04;Not Comply
202603;TREG 3;YOGYA JATENG SELATAN;YOGYAKARTA;KEN;migrate;24,00;CustomerAssign;bima_customerassign_date tersedia (durasi negatif di-clamp ke 0 = Comply);57,05;Not Comply
202603;TREG 4;KALTIMTARA;BULUNGAN BERAU;TRD;migrate;24,00;CustomerAssign;bima_customerassign_date tersedia (durasi negatif di-clamp ke 0 = Comply);57,08;Not Comply
202603;TREG 4;KALSELTENG;TANJUNG TABALONG;TJL;migrate;24,00;CustomerAssign;bima_customerassign_date tersedia (durasi negatif di-clamp ke 0 = Comply);33,32;Not Comply
202603;TREG 2;BANTEN;LENGKONG;LKG;migrate;24,00;CustomerAssign;bima_customerassign_date tersedia (durasi negatif di-clamp ke 0 = Comply);74,36;Not Comply
202603;TREG 4;KALSELTENG;BANJARBARU;LUL;migrate;24,00;CustomerAssign;bima_customerassign_date tersedia (durasi negatif di-clamp ke 0 = Comply);2,40;Comply
202603;TREG 2;BEKASI KARAWANG;BEKASI;TAR;create;48,00;CustomerAssign;bima_customerassign_date tersedia (durasi negatif di-clamp ke 0 = Comply);124,41;Not Comply
202603;TREG 3;JATIM BARAT;MALANG;BLB;migrate;24,00;CustomerAssign;bima_customerassign_date tersedia (durasi negatif di-clamp ke 0 = Comply);4,43;Comply
202603;TREG 2;BANDUNG;SUMEDANG;CJA;migrate;24,00;CustomerAssign;bima_customerassign_date tersedia (durasi negatif di-clamp ke 0 = Comply);28,43;Not Comply
202603;TREG 3;JATIM BARAT;MALANG;GDG;migrate;24,00;CustomerAssign;bima_customerassign_date tersedia (durasi negatif di-clamp ke 0 = Comply);9,45;Comply
202603;TREG 2;JAKARTA OUTER;JAKSEL;PSM;migrate;24,00;CustomerAssign;bima_customerassign_date tersedia (durasi negatif di-clamp ke 0 = Comply);9,55;Comply
202603;TREG 2;BEKASI KARAWANG;CIKARANG;LMA;migrate;24,00;CustomerAssign;bima_customerassign_date tersedia (durasi negatif di-clamp ke 0 = Comply);52,61;Not Comply
202603;TREG 3;SURAMADU;SURABAYA SELATAN;IJK;migrate;24,00;CustomerAssign;bima_customerassign_date tersedia (durasi negatif di-clamp ke 0 = Comply);9,62;Comply
202603;TREG 1;RIAU;DUMAI;SLJ;create;48,00;CustomerAssign;bima_customerassign_date tersedia (durasi negatif di-clamp ke 0 = Comply);105,77;Not Comply
202603;TREG 4;BALIKPAPAN;BALIKPAPAN;BAM;create;48,00;CustomerAssign;bima_customerassign_date tersedia (durasi negatif di-clamp ke 0 = Comply);0,00;Comply
202603;TREG 2;JAKARTA OUTER;JAKTIM;PSR;create;48,00;CustomerAssign;bima_customerassign_date tersedia (durasi negatif di-clamp ke 0 = Comply);0,00;Comply
202603;TREG 2;JAKARTA OUTER;JAKSEL;CPE;create;48,00;CustomerAssign;bima_customerassign_date tersedia (durasi negatif di-clamp ke 0 = Comply);0,00;Comply
202603;TREG 2;JAKARTA CENTRUM;JAKUT;MKR;migrate;24,00;CustomerAssign;bima_customerassign_date tersedia (durasi negatif di-clamp ke 0 = Comply);53,00;Not Comply
202603;TREG 4;BALIKPAPAN;BALIKPAPAN;BRU;migrate;24,00;CustomerAssign;bima_customerassign_date tersedia (durasi negatif di-clamp ke 0 = Comply);0,00;Comply
202603;TREG 3;JATIM TIMUR;LUMAJANG;PII;migrate;24,00;CustomerAssign;bima_customerassign_date tersedia (durasi negatif di-clamp ke 0 = Comply);147,19;Not Comply
202603;TREG 4;KALTIMTARA;NUNUKAN;MLN;migrate;24,00;CustomerAssign;bima_customerassign_date tersedia (durasi negatif di-clamp ke 0 = Comply);0,00;Comply
202603;TREG 3;SEMARANG JATENG UTARA;SEMARANG;BMK;migrate;24,00;CustomerAssign;bima_customerassign_date tersedia (durasi negatif di-clamp ke 0 = Comply);5,31;Comply
202603;TREG 3;BALI;DENPASAR CENTRUM;KLM;migrate;24,00;CustomerAssign;bima_customerassign_date tersedia (durasi negatif di-clamp ke 0 = Comply);27,59;Not Comply
202603;TREG 2;JAKARTA OUTER;JAKTIM;KRG;migrate;24,00;CustomerAssign;bima_customerassign_date tersedia (durasi negatif di-clamp ke 0 = Comply);53,61;Not Comply
202603;TREG 4;BALIKPAPAN;BALIKPAPAN;GSA;create;48,00;CustomerAssign;bima_customerassign_date tersedia (durasi negatif di-clamp ke 0 = Comply);3,91;Comply
202603;TREG 1;SUMUT;SUMUT;PMS;create;48,00;CustomerAssign;bima_customerassign_date tersedia (durasi negatif di-clamp ke 0 = Comply);5,95;Comply
202603;TREG 3;YOGYA JATENG SELATAN;SLEMAN;KLS;migrate;24,00;CustomerAssign;bima_customerassign_date tersedia (durasi negatif di-clamp ke 0 = Comply);6,00;Comply
202603;TREG 4;KALTIMTARA;BULUNGAN BERAU;TBY;migrate;24,00;CustomerAssign;bima_customerassign_date tersedia (durasi negatif di-clamp ke 0 = Comply);0,00;Comply
202603;TREG 1;RIAU;DUMAI;DRI;migrate;24,00;CustomerAssign;bima_customerassign_date tersedia (durasi negatif di-clamp ke 0 = Comply);54,16;Not Comply
202603;TREG 3;JATIM TIMUR;BANYUWANGI;BWG;create;48,00;PI;bima_customerassign_date kosong → pakai orca_pi_date (durasi negatif di-clamp ke 0 = Comply);136,13;Not Comply
202603;TREG 4;KALTIMTARA;BULUNGAN BERAU;TSL;migrate;24,00;CustomerAssign;bima_customerassign_date tersedia (durasi negatif di-clamp ke 0 = Comply);0,00;Comply
202603;TREG 1;SUMBAGSEL;SUMSEL;SGB;migrate;24,00;CustomerAssign;bima_customerassign_date tersedia (durasi negatif di-clamp ke 0 = Comply);0,00;Comply
202603;TREG 2;BANDUNG;SUMEDANG;UBR;migrate;24,00;CustomerAssign;bima_customerassign_date tersedia (durasi negatif di-clamp ke 0 = Comply);4,29;Comply
202603;TREG 3;YOGYA JATENG SELATAN;SLEMAN;SMN;create;48,00;CustomerAssign;bima_customerassign_date tersedia (durasi negatif di-clamp ke 0 = Comply);56,31;Not Comply
202603;TREG 1;ACEH;ACEH;BNA;create;48,00;CustomerAssign;bima_customerassign_date tersedia (durasi negatif di-clamp ke 0 = Comply);318,31;Not Comply
202603;TREG 4;BALIKPAPAN;BALIKPAPAN;BAM;migrate;24,00;CustomerAssign;bima_customerassign_date tersedia (durasi negatif di-clamp ke 0 = Comply);78,33;Not Comply
202603;TREG 4;BALIKPAPAN;BALIKPAPAN;BRU;create;48,00;CustomerAssign;bima_customerassign_date tersedia (durasi negatif di-clamp ke 0 = Comply);0,00;Comply
202603;TREG 4;KALTIMTARA;TARAKAN;JWT;create;48,00;CustomerAssign;bima_customerassign_date tersedia (durasi negatif di-clamp ke 0 = Comply);150,36;Not Comply
202603;TREG 3;SURAMADU;SURABAYA SELATAN;JGR;migrate;24,00;CustomerAssign;bima_customerassign_date tersedia (durasi negatif di-clamp ke 0 = Comply);0,00;Comply
202603;TREG 1;SUMUT;MEDAN;TJM;migrate;24,00;CustomerAssign;bima_customerassign_date tersedia (durasi negatif di-clamp ke 0 = Comply);28,39;Not Comply
202603;TREG 2;JAKARTA OUTER;JAKTIM;PGB;migrate;24,00;CustomerAssign;bima_customerassign_date tersedia (durasi negatif di-clamp ke 0 = Comply);102,47;Not Comply
202603;TREG 2;JAKARTA INNER;JAKBAR;PLM;migrate;24,00;CustomerAssign;bima_customerassign_date tersedia (durasi negatif di-clamp ke 0 = Comply);6,55;Comply
202603;TREG 2;PRIANGAN TIMUR;KUNINGAN;LOS;create;48,00;CustomerAssign;bima_customerassign_date tersedia (durasi negatif di-clamp ke 0 = Comply);0,00;Comply
202603;TREG 5;SUMALUT;AMBON;PAO;migrate;24,00;CustomerAssign;bima_customerassign_date tersedia (durasi negatif di-clamp ke 0 = Comply);0,00;Comply
202603;TREG 1;SUMBAR JAMBI;SUMBAR;PDC;create;48,00;CustomerAssign;bima_customerassign_date tersedia (durasi negatif di-clamp ke 0 = Comply);0,00;Comply
202603;TREG 5;SULBAGSEL;KOLAKA;PMA;migrate;24,00;CustomerAssign;bima_customerassign_date tersedia (durasi negatif di-clamp ke 0 = Comply);276,03;Not Comply
202603;TREG 5;SUMALUT;AMBON;PAO;migrate;24,00;CustomerAssign;bima_customerassign_date tersedia (durasi negatif di-clamp ke 0 = Comply);60,04;Not Comply
202603;TREG 5;SULBAGSEL;SITOR;MAK;migrate;24,00;CustomerAssign;bima_customerassign_date tersedia (durasi negatif di-clamp ke 0 = Comply);29,06;Not Comply
202603;TREG 4;KALSELTENG;BANJARBARU;LUL;create;48,00;CustomerAssign;bima_customerassign_date tersedia (durasi negatif di-clamp ke 0 = Comply);7,06;Comply
202603;TREG 5;SULBAGSEL;KENDARI;KDR;migrate;24,00;CustomerAssign;bima_customerassign_date tersedia (durasi negatif di-clamp ke 0 = Comply);29,06;Not Comply
202603;TREG 5;SULBAGTENG;PALU;PLB;migrate;24,00;CustomerAssign;bima_customerassign_date tersedia (durasi negatif di-clamp ke 0 = Comply);0,00;Comply
202603;TREG 2;PRIANGAN BARAT;CIBINONG;CBI;migrate;24,00;CustomerAssign;bima_customerassign_date tersedia (durasi negatif di-clamp ke 0 = Comply);12,09;Comply
202603;TREG 5;SULBAGSEL;MAKASSAR;TMA;migrate;24,00;CustomerAssign;bima_customerassign_date tersedia (durasi negatif di-clamp ke 0 = Comply);199,09;Not Comply
202603;TREG 4;KALSELTENG;PANGKALAN BUN;PBU;migrate;24,00;CustomerAssign;bima_customerassign_date tersedia (durasi negatif di-clamp ke 0 = Comply);0,00;Comply
202603;TREG 2;JAKARTA OUTER;JAKTIM;CWA;migrate;24,00;CustomerAssign;bima_customerassign_date tersedia (durasi negatif di-clamp ke 0 = Comply);0,00;Comply
202603;TREG 2;BEKASI KARAWANG;BEKASI;PDE;create;48,00;CustomerAssign;bima_customerassign_date tersedia (durasi negatif di-clamp ke 0 = Comply);7,25;Comply
202603;TREG 2;JAKARTA INNER;JAKBAR;PLM;migrate;24,00;CustomerAssign;bima_customerassign_date tersedia (durasi negatif di-clamp ke 0 = Comply);0,00;Comply
202603;TREG 3;SEMARANG JATENG UTARA;PEKALONGAN;KDW;migrate;24,00;CustomerAssign;bima_customerassign_date tersedia (durasi negatif di-clamp ke 0 = Comply);0,00;Comply
202603;TREG 2;JAKARTA INNER;JAKBAR;CKG;migrate;24,00;CustomerAssign;bima_customerassign_date tersedia (durasi negatif di-clamp ke 0 = Comply);36,38;Not Comply
202603;TREG 2;BANTEN;CIPUTAT;CPA;migrate;24,00;CustomerAssign;bima_customerassign_date tersedia (durasi negatif di-clamp ke 0 = Comply);60,45;Not Comply
202603;TREG 4;KALTIMTARA;NUNUKAN;SNY;migrate;24,00;CustomerAssign;bima_customerassign_date tersedia (durasi negatif di-clamp ke 0 = Comply);0,00;Comply
202603;TREG 2;BANDUNG;SUMEDANG;TAS;migrate;24,00;CustomerAssign;bima_customerassign_date tersedia (durasi negatif di-clamp ke 0 = Comply);0,00;Comply
202603;TREG 2;JAKARTA OUTER;JAKTIM;PGG;create;48,00;CustomerAssign;bima_customerassign_date tersedia (durasi negatif di-clamp ke 0 = Comply);60,65;Not Comply
202603;TREG 2;BANDUNG;SUMEDANG;UBR;migrate;24,00;CustomerAssign;bima_customerassign_date tersedia (durasi negatif di-clamp ke 0 = Comply);0,00;Comply
202603;TREG 2;BEKASI KARAWANG;BEKASI;BBL;create;48,00;CustomerAssign;bima_customerassign_date tersedia (durasi negatif di-clamp ke 0 = Comply);84,83;Not Comply
202603;TREG 3;SURAMADU;SURABAYA SELATAN;DMO;migrate;24,00;CustomerAssign;bima_customerassign_date tersedia (durasi negatif di-clamp ke 0 = Comply);0,00;Comply
202603;TREG 2;BEKASI KARAWANG;BEKASI;KLB;create;48,00;CustomerAssign;bima_customerassign_date tersedia (durasi negatif di-clamp ke 0 = Comply);0,00;Comply
202603;TREG 2;JAKARTA OUTER;JAKTIM;KRG;migrate;24,00;CustomerAssign;bima_customerassign_date tersedia (durasi negatif di-clamp ke 0 = Comply);5,94;Comply
202603;TREG 2;PRIANGAN TIMUR;CIREBON;CBN;migrate;24,00;CustomerAssign;bima_customerassign_date tersedia (durasi negatif di-clamp ke 0 = Comply);13,09;Comply
202603;TREG 2;BANTEN;LENGKONG;SRP;migrate;24,00;CustomerAssign;bima_customerassign_date tersedia (durasi negatif di-clamp ke 0 = Comply);6,13;Comply
202603;TREG 2;PRIANGAN BARAT;CIANJUR;CJG;migrate;24,00;CustomerAssign;bima_customerassign_date tersedia (durasi negatif di-clamp ke 0 = Comply);80,33;Not Comply
202603;TREG 2;JAKARTA INNER;JAKBAR;KDY;migrate;24,00;CustomerAssign;bima_customerassign_date tersedia (durasi negatif di-clamp ke 0 = Comply);6,61;Comply
202603;TREG 1;SUMUT;BINJAI;BJI;migrate;24,00;CustomerAssign;bima_customerassign_date tersedia (durasi negatif di-clamp ke 0 = Comply);13,64;Comply
202603;TREG 2;JAKARTA OUTER;JAKTIM;GAN;migrate;24,00;CustomerAssign;bima_customerassign_date tersedia (durasi negatif di-clamp ke 0 = Comply);128,67;Not Comply
202603;TREG 3;SEMARANG JATENG UTARA;TEGAL;TEG;migrate;24,00;CustomerAssign;bima_customerassign_date tersedia (durasi negatif di-clamp ke 0 = Comply);128,95;Not Comply
202603;TREG 1;SUMUT;RANTAU PRAPAT;RAP;migrate;24,00;CustomerAssign;bima_customerassign_date tersedia (durasi negatif di-clamp ke 0 = Comply);33,09;Not Comply
202603;TREG 1;RIAU;RIDAR;PBB;migrate;24,00;CustomerAssign;bima_customerassign_date tersedia (durasi negatif di-clamp ke 0 = Comply);0,00;Comply
202603;TREG 1;SUMUT;SUMUT;PMS;migrate;24,00;CustomerAssign;bima_customerassign_date tersedia (durasi negatif di-clamp ke 0 = Comply);62,19;Not Comply
202603;TREG 2;JAKARTA OUTER;JAKTIM;KLD;create;48,00;CustomerAssign;bima_customerassign_date tersedia (durasi negatif di-clamp ke 0 = Comply);0,00;Comply
202603;TREG 4;KALSELTENG;PALANGKARAYA;KKP;migrate;24,00;CustomerAssign;bima_customerassign_date tersedia (durasi negatif di-clamp ke 0 = Comply);55,53;Not Comply
202603;TREG 3;JATIM BARAT;BLITAR;WGI;migrate;24,00;CustomerAssign;bima_customerassign_date tersedia (durasi negatif di-clamp ke 0 = Comply);39,06;Not Comply
202603;TREG 4;KALTIMTARA;BONTANG;BOT;migrate;24,00;CustomerAssign;bima_customerassign_date tersedia (durasi negatif di-clamp ke 0 = Comply);95,43;Not Comply
202603;TREG 5;PAPUA;ABEPURA;ABE;migrate;24,00;CustomerAssign;bima_customerassign_date tersedia (durasi negatif di-clamp ke 0 = Comply);0,00;Comply
202603;TREG 4;KALTIMTARA;BONTANG;STT;migrate;24,00;CustomerAssign;bima_customerassign_date tersedia (durasi negatif di-clamp ke 0 = Comply);71,49;Not Comply
202603;TREG 2;BANTEN;CIPUTAT;CLD;migrate;24,00;CustomerAssign;bima_customerassign_date tersedia (durasi negatif di-clamp ke 0 = Comply);66,72;Not Comply
202603;TREG 3;SURAMADU;GRESIK;GSK;migrate;24,00;CustomerAssign;bima_customerassign_date tersedia (durasi negatif di-clamp ke 0 = Comply);45,83;Not Comply
202603;TREG 3;SURAMADU;SURABAYA SELATAN;DMO;migrate;24,00;CustomerAssign;bima_customerassign_date tersedia (durasi negatif di-clamp ke 0 = Comply);17,15;Comply
202603;TREG 2;BEKASI KARAWANG;BEKASI;KLB;migrate;24,00;CustomerAssign;bima_customerassign_date tersedia (durasi negatif di-clamp ke 0 = Comply);0,00;Comply
202603;TREG 5;SUMALUT;AMBON;PAO;migrate;24,00;CustomerAssign;bima_customerassign_date tersedia (durasi negatif di-clamp ke 0 = Comply);0,00;Comply
202603;TREG 3;YOGYA JATENG SELATAN;MAGELANG;MGE;migrate;24,00;CustomerAssign;bima_customerassign_date tersedia (durasi negatif di-clamp ke 0 = Comply);48,80;Not Comply
202603;TREG 2;BANDUNG;SUMEDANG;CJA;migrate;24,00;CustomerAssign;bima_customerassign_date tersedia (durasi negatif di-clamp ke 0 = Comply);144,86;Not Comply
202603;TREG 2;BANDUNG;SUMEDANG;CJA;migrate;24,00;CustomerAssign;bima_customerassign_date tersedia (durasi negatif di-clamp ke 0 = Comply);385,04;Not Comply
202603;TREG 5;SULBAGTENG;LUWUK;BUT;migrate;24,00;CustomerAssign;bima_customerassign_date tersedia (durasi negatif di-clamp ke 0 = Comply);193,14;Not Comply
202603;TREG 2;JAKARTA CENTRUM;JAKUT;TPR;create;48,00;CustomerAssign;bima_customerassign_date tersedia (durasi negatif di-clamp ke 0 = Comply);121,47;Not Comply
202603;TREG 4;KALSELTENG;BANJARBARU;BBR;create;48,00;CustomerAssign;bima_customerassign_date tersedia (durasi negatif di-clamp ke 0 = Comply);1,76;Comply
202603;TREG 4;KALSELTENG;BANJARBARU;LUL;migrate;24,00;CustomerAssign;bima_customerassign_date tersedia (durasi negatif di-clamp ke 0 = Comply);2,01;Comply
202603;TREG 3;SOLO JATENG TIMUR;SOLO;BKG;migrate;24,00;CustomerAssign;bima_customerassign_date tersedia (durasi negatif di-clamp ke 0 = Comply);117,02;Not Comply
202603;TREG 3;SOLO JATENG TIMUR;KLATEN;BYL;migrate;24,00;CustomerAssign;bima_customerassign_date tersedia (durasi negatif di-clamp ke 0 = Comply);67,05;Not Comply
202603;TREG 3;SOLO JATENG TIMUR;SOLO;KRT;migrate;24,00;CustomerAssign;bima_customerassign_date tersedia (durasi negatif di-clamp ke 0 = Comply);91,06;Not Comply
202603;TREG 1;SUMBAR JAMBI;SUMBAR;PDC;migrate;24,00;CustomerAssign;bima_customerassign_date tersedia (durasi negatif di-clamp ke 0 = Comply);242,22;Not Comply
202603;TREG 4;KALSELTENG;TANJUNG TABALONG;RTA;migrate;24,00;CustomerAssign;bima_customerassign_date tersedia (durasi negatif di-clamp ke 0 = Comply);309,23;Not Comply
202603;TREG 2;BANDUNG;BANDUNG;BDK;migrate;24,00;CustomerAssign;bima_customerassign_date tersedia (durasi negatif di-clamp ke 0 = Comply);69,37;Not Comply
202603;TREG 4;KALSELTENG;PALANGKARAYA;PLK;migrate;24,00;CustomerAssign;bima_customerassign_date tersedia (durasi negatif di-clamp ke 0 = Comply);0,00;Comply
202603;TREG 2;PRIANGAN BARAT;KUJANG;BOO;migrate;24,00;CustomerAssign;bima_customerassign_date tersedia (durasi negatif di-clamp ke 0 = Comply);122,73;Not Comply
202603;TREG 4;KALTIMTARA;TARAKAN;TAJ;create;48,00;CustomerAssign;bima_customerassign_date tersedia (durasi negatif di-clamp ke 0 = Comply);115,88;Not Comply
202603;TREG 4;KALSELTENG;TANJUNG TABALONG;RTA;migrate;24,00;CustomerAssign;bima_customerassign_date tersedia (durasi negatif di-clamp ke 0 = Comply);22,02;Comply
202603;TREG 3;YOGYA JATENG SELATAN;PURWOREJO;PWJ;migrate;24,00;CustomerAssign;bima_customerassign_date tersedia (durasi negatif di-clamp ke 0 = Comply);22,15;Comply
202603;TREG 3;YOGYA JATENG SELATAN;YOGYAKARTA;BBS;migrate;24,00;CustomerAssign;bima_customerassign_date tersedia (durasi negatif di-clamp ke 0 = Comply);99,49;Not Comply
202603;TREG 2;PRIANGAN BARAT;KUJANG;BOO;migrate;24,00;CustomerAssign;bima_customerassign_date tersedia (durasi negatif di-clamp ke 0 = Comply);75,65;Not Comply
202603;TREG 5;SULBAGSEL;KOLAKA;KKA;create;48,00;CustomerAssign;bima_customerassign_date tersedia (durasi negatif di-clamp ke 0 = Comply);262,65;Not Comply
202603;TREG 1;LAMPUNG BENGKULU;LAMPUNG;TJK;migrate;24,00;CustomerAssign;bima_customerassign_date tersedia (durasi negatif di-clamp ke 0 = Comply);99,73;Not Comply
202603;TREG 2;PRIANGAN TIMUR;KUNINGAN;KNG;migrate;24,00;CustomerAssign;bima_customerassign_date tersedia (durasi negatif di-clamp ke 0 = Comply);0,00;Comply
202603;TREG 4;KALBAR;SINGKAWANG;BKY;migrate;24,00;CustomerAssign;bima_customerassign_date tersedia (durasi negatif di-clamp ke 0 = Comply);772,04;Not Comply
202603;TREG 4;KALBAR;PONTIANAK;PTK;create;48,00;CustomerAssign;bima_customerassign_date tersedia (durasi negatif di-clamp ke 0 = Comply);0,00;Comply
202603;TREG 3;JATIM BARAT;BATU;BTU;migrate;24,00;CustomerAssign;bima_customerassign_date tersedia (durasi negatif di-clamp ke 0 = Comply);4,29;Comply
202603;TREG 4;KALTIMTARA;BONTANG;STT;migrate;24,00;CustomerAssign;bima_customerassign_date tersedia (durasi negatif di-clamp ke 0 = Comply);23,31;Comply
202603;TREG 3;SOLO JATENG TIMUR;KLATEN;BYL;migrate;24,00;CustomerAssign;bima_customerassign_date tersedia (durasi negatif di-clamp ke 0 = Comply);148,43;Not Comply
202603;TREG 4;KALTIMTARA;BONTANG;BOT;migrate;24,00;CustomerAssign;bima_customerassign_date tersedia (durasi negatif di-clamp ke 0 = Comply);100,45;Not Comply
202603;TREG 2;JAKARTA INNER;JAKBAR;JIA;create;48,00;CustomerAssign;bima_customerassign_date tersedia (durasi negatif di-clamp ke 0 = Comply);69,48;Not Comply
202603;TREG 3;SURAMADU;SURABAYA UTARA;KNN;create;48,00;CustomerAssign;bima_customerassign_date tersedia (durasi negatif di-clamp ke 0 = Comply);74,66;Not Comply
202603;TREG 3;YOGYA JATENG SELATAN;YOGYAKARTA;KGD;migrate;24,00;CustomerAssign;bima_customerassign_date tersedia (durasi negatif di-clamp ke 0 = Comply);23,74;Comply
202603;TREG 4;KALBAR;PONTIANAK;SAO;migrate;24,00;CustomerAssign;bima_customerassign_date tersedia (durasi negatif di-clamp ke 0 = Comply);4,83;Comply
202603;TREG 2;BEKASI KARAWANG;KARAWANG;KRW;migrate;24,00;CustomerAssign;bima_customerassign_date tersedia (durasi negatif di-clamp ke 0 = Comply);28,90;Not Comply
202603;TREG 5;SULBAGTENG;PALU;PLA;migrate;24,00;CustomerAssign;bima_customerassign_date tersedia (durasi negatif di-clamp ke 0 = Comply);196,90;Not Comply
202603;TREG 2;BEKASI KARAWANG;KARAWANG;KLI;migrate;24,00;CustomerAssign;bima_customerassign_date tersedia (durasi negatif di-clamp ke 0 = Comply);0,00;Comply
202603;TREG 4;KALSELTENG;BANJARBARU;BBR;create;48,00;CustomerAssign;bima_customerassign_date tersedia (durasi negatif di-clamp ke 0 = Comply);0,28;Comply
202603;TREG 3;YOGYA JATENG SELATAN;YOGYAKARTA;PGR;migrate;24,00;CustomerAssign;bima_customerassign_date tersedia (durasi negatif di-clamp ke 0 = Comply);53,30;Not Comply
202603;TREG 3;JATIM BARAT;KEPANJEN;GKW;migrate;24,00;CustomerAssign;bima_customerassign_date tersedia (durasi negatif di-clamp ke 0 = Comply);24,34;Not Comply
202603;TREG 2;BANTEN;LENGKONG;SRP;migrate;24,00;CustomerAssign;bima_customerassign_date tersedia (durasi negatif di-clamp ke 0 = Comply);29,35;Not Comply
202603;TREG 3;JATIM BARAT;MALANG;SWJ;migrate;24,00;CustomerAssign;bima_customerassign_date tersedia (durasi negatif di-clamp ke 0 = Comply);77,36;Not Comply
202603;TREG 2;PRIANGAN BARAT;DEPOK;PCM;create;48,00;CustomerAssign;bima_customerassign_date tersedia (durasi negatif di-clamp ke 0 = Comply);22,38;Comply
202603;TREG 3;SEMARANG JATENG UTARA;SEMARANG;MJP;create;48,00;CustomerAssign;bima_customerassign_date tersedia (durasi negatif di-clamp ke 0 = Comply);0,00;Comply
202603;TREG 4;KALTIMTARA;BONTANG;STT;migrate;24,00;CustomerAssign;bima_customerassign_date tersedia (durasi negatif di-clamp ke 0 = Comply);5,50;Comply
202603;TREG 4;KALTIMTARA;SAMARINDA;LOB;migrate;24,00;CustomerAssign;bima_customerassign_date tersedia (durasi negatif di-clamp ke 0 = Comply);48,54;Not Comply
202603;TREG 4;BALIKPAPAN;BALIKPAPAN;KTB;create;48,00;CustomerAssign;bima_customerassign_date tersedia (durasi negatif di-clamp ke 0 = Comply);96,75;Not Comply
202603;TREG 3;YOGYA JATENG SELATAN;CILACAP;GML;migrate;24,00;CustomerAssign;bima_customerassign_date tersedia (durasi negatif di-clamp ke 0 = Comply);72,96;Not Comply
202603;TREG 3;JATIM TIMUR;PANDAAN;PGE;create;48,00;CustomerAssign;bima_customerassign_date tersedia (durasi negatif di-clamp ke 0 = Comply);0,00;Comply
202603;TREG 1;RIAU;RIKEP;LBJ;migrate;24,00;CustomerAssign;bima_customerassign_date tersedia (durasi negatif di-clamp ke 0 = Comply);121,02;Not Comply
202603;TREG 5;SUMALUT;AMBON;ABO;migrate;24,00;CustomerAssign;bima_customerassign_date tersedia (durasi negatif di-clamp ke 0 = Comply);25,08;Not Comply
202603;TREG 2;BEKASI KARAWANG;BEKASI;PKY;migrate;24,00;CustomerAssign;bima_customerassign_date tersedia (durasi negatif di-clamp ke 0 = Comply);54,11;Not Comply
202603;TREG 4;KALSELTENG;TANJUNG TABALONG;TJL;migrate;24,00;CustomerAssign;bima_customerassign_date tersedia (durasi negatif di-clamp ke 0 = Comply);78,12;Not Comply
202603;TREG 3;SEMARANG JATENG UTARA;SALATIGA;SLI;create;48,00;CustomerAssign;bima_customerassign_date tersedia (durasi negatif di-clamp ke 0 = Comply);0,00;Comply
202603;TREG 4;KALSELTENG;TANJUNG TABALONG;TJL;migrate;24,00;CustomerAssign;bima_customerassign_date tersedia (durasi negatif di-clamp ke 0 = Comply);78,17;Not Comply
202603;TREG 4;KALSELTENG;BANJARMASIN;BJM;migrate;24,00;CustomerAssign;bima_customerassign_date tersedia (durasi negatif di-clamp ke 0 = Comply);0,00;Comply
202603;TREG 4;KALSELTENG;TANJUNG TABALONG;RTA;migrate;24,00;CustomerAssign;bima_customerassign_date tersedia (durasi negatif di-clamp ke 0 = Comply);0,00;Comply
202603;TREG 3;YOGYA JATENG SELATAN;SLEMAN;SMN;migrate;24,00;CustomerAssign;bima_customerassign_date tersedia (durasi negatif di-clamp ke 0 = Comply);25,25;Not Comply
202603;TREG 4;KALSELTENG;BANJARMASIN;BJM;migrate;24,00;CustomerAssign;bima_customerassign_date tersedia (durasi negatif di-clamp ke 0 = Comply);25,25;Not Comply
202603;TREG 3;JATIM BARAT;MALANG;MLG;create;48,00;CustomerAssign;bima_customerassign_date tersedia (durasi negatif di-clamp ke 0 = Comply);0,00;Comply
202603;TREG 3;YOGYA JATENG SELATAN;TEMANGGUNG;TEM;migrate;24,00;CustomerAssign;bima_customerassign_date tersedia (durasi negatif di-clamp ke 0 = Comply);97,44;Not Comply
202603;TREG 2;JAKARTA OUTER;JAKTIM;KRG;migrate;24,00;CustomerAssign;bima_customerassign_date tersedia (durasi negatif di-clamp ke 0 = Comply);102,48;Not Comply
202603;TREG 3;YOGYA JATENG SELATAN;PURBALINGGA;BBT;migrate;24,00;CustomerAssign;bima_customerassign_date tersedia (durasi negatif di-clamp ke 0 = Comply);0,00;Comply
202603;TREG 1;RIAU;INDRAGIRI;TBH;migrate;24,00;CustomerAssign;bima_customerassign_date tersedia (durasi negatif di-clamp ke 0 = Comply);30,51;Not Comply
202603;TREG 1;SUMBAR JAMBI;BUKIT TINGGI;HRU;migrate;24,00;CustomerAssign;bima_customerassign_date tersedia (durasi negatif di-clamp ke 0 = Comply);78,57;Not Comply
202603;TREG 4;KALSELTENG;BANJARMASIN;ULI;migrate;24,00;CustomerAssign;bima_customerassign_date tersedia (durasi negatif di-clamp ke 0 = Comply);294,74;Not Comply
202603;TREG 4;KALSELTENG;PALANGKARAYA;PLK;migrate;24,00;CustomerAssign;bima_customerassign_date tersedia (durasi negatif di-clamp ke 0 = Comply);6,74;Comply
202603;TREG 4;KALSELTENG;MUARA TEWEH;BNT;migrate;24,00;CustomerAssign;bima_customerassign_date tersedia (durasi negatif di-clamp ke 0 = Comply);23,77;Comply
202603;TREG 2;BANTEN;CIKUPA;CKA;create;48,00;CustomerAssign;bima_customerassign_date tersedia (durasi negatif di-clamp ke 0 = Comply);6,84;Comply
202603;TREG 3;SURAMADU;SURABAYA SELATAN;TPO;migrate;24,00;CustomerAssign;bima_customerassign_date tersedia (durasi negatif di-clamp ke 0 = Comply);23,86;Comply
202603;TREG 4;KALTIMTARA;BONTANG;BOT;migrate;24,00;CustomerAssign;bima_customerassign_date tersedia (durasi negatif di-clamp ke 0 = Comply);25,90;Not Comply
202603;TREG 5;SULBAGSEL;KENDARI;MDG;migrate;24,00;CustomerAssign;bima_customerassign_date tersedia (durasi negatif di-clamp ke 0 = Comply);5,96;Comply
202603;TREG 3;YOGYA JATENG SELATAN;YOGYAKARTA;KEN;create;48,00;CustomerAssign;bima_customerassign_date tersedia (durasi negatif di-clamp ke 0 = Comply);0,00;Comply
202603;TREG 5;SULBAGSEL;KENDARI;MDG;migrate;24,00;CustomerAssign;bima_customerassign_date tersedia (durasi negatif di-clamp ke 0 = Comply);24,05;Not Comply
202603;TREG 4;KALTIMTARA;SAMARINDA;SEM;create;48,00;CustomerAssign;bima_customerassign_date tersedia (durasi negatif di-clamp ke 0 = Comply);26,06;Comply
202603;TREG 4;KALTIMTARA;BONTANG;STT;migrate;24,00;CustomerAssign;bima_customerassign_date tersedia (durasi negatif di-clamp ke 0 = Comply);31,25;Not Comply
202603;TREG 4;KALSELTENG;BANJARMASIN;BJM;create;48,00;CustomerAssign;bima_customerassign_date tersedia (durasi negatif di-clamp ke 0 = Comply);0,00;Comply
202603;TREG 2;BANDUNG;BANDUNG;DGO;create;48,00;CustomerAssign;bima_customerassign_date tersedia (durasi negatif di-clamp ke 0 = Comply);2,36;Comply
202603;TREG 3;JATIM TIMUR;SIDOARJO;SDA;migrate;24,00;CustomerAssign;bima_customerassign_date tersedia (durasi negatif di-clamp ke 0 = Comply);0,00;Comply
202603;TREG 4;KALTIMTARA;BONTANG;STT;migrate;24,00;CustomerAssign;bima_customerassign_date tersedia (durasi negatif di-clamp ke 0 = Comply);26,39;Not Comply
202603;TREG 3;JATIM TIMUR;JEMBER;JER;migrate;24,00;CustomerAssign;bima_customerassign_date tersedia (durasi negatif di-clamp ke 0 = Comply);2,41;Comply
202603;TREG 4;KALSELTENG;PALANGKARAYA;PLK;migrate;24,00;CustomerAssign;bima_customerassign_date tersedia (durasi negatif di-clamp ke 0 = Comply);0,00;Comply
202603;TREG 3;SEMARANG JATENG UTARA;PEKALONGAN;PKL;migrate;24,00;CustomerAssign;bima_customerassign_date tersedia (durasi negatif di-clamp ke 0 = Comply);7,59;Comply
202603;TREG 3;YOGYA JATENG SELATAN;YOGYAKARTA;KGD;create;48,00;CustomerAssign;bima_customerassign_date tersedia (durasi negatif di-clamp ke 0 = Comply);7,67;Comply
202603;TREG 4;KALTIMTARA;SAMARINDA;SEM;migrate;24,00;CustomerAssign;bima_customerassign_date tersedia (durasi negatif di-clamp ke 0 = Comply);2,74;Comply
202603;TREG 2;PRIANGAN BARAT;KUJANG;PAG;migrate;24,00;CustomerAssign;bima_customerassign_date tersedia (durasi negatif di-clamp ke 0 = Comply);2,91;Comply
202603;TREG 3;SOLO JATENG TIMUR;SRAGEN;KAR;migrate;24,00;CustomerAssign;bima_customerassign_date tersedia (durasi negatif di-clamp ke 0 = Comply);73,21;Not Comply
202603;TREG 3;JATIM TIMUR;PANDAAN;PWS;migrate;24,00;CustomerAssign;bima_customerassign_date tersedia (durasi negatif di-clamp ke 0 = Comply);3,24;Comply
202603;TREG 3;JATIM BARAT;NGANJUK;NJK;migrate;24,00;CustomerAssign;bima_customerassign_date tersedia (durasi negatif di-clamp ke 0 = Comply);3,36;Comply
202603;TREG 2;PRIANGAN BARAT;KUJANG;PAG;migrate;24,00;CustomerAssign;bima_customerassign_date tersedia (durasi negatif di-clamp ke 0 = Comply);3,69;Comply
202603;TREG 2;BANDUNG;BANDUNG BARAT;NJG;migrate;24,00;CustomerAssign;bima_customerassign_date tersedia (durasi negatif di-clamp ke 0 = Comply);0,00;Comply
202603;TREG 3;YOGYA JATENG SELATAN;YOGYAKARTA;KBU;create;48,00;CustomerAssign;bima_customerassign_date tersedia (durasi negatif di-clamp ke 0 = Comply);27,80;Comply
202603;TREG 2;BANTEN;PASAR BARU;CPD;create;48,00;CustomerAssign;bima_customerassign_date tersedia (durasi negatif di-clamp ke 0 = Comply);0,00;Comply
202603;TREG 2;BANTEN;CIPUTAT;PKU;create;48,00;CustomerAssign;bima_customerassign_date tersedia (durasi negatif di-clamp ke 0 = Comply);4,26;Comply
202603;TREG 2;JAKARTA OUTER;JAKSEL;JAG;migrate;24,00;CustomerAssign;bima_customerassign_date tersedia (durasi negatif di-clamp ke 0 = Comply);0,00;Comply
202603;TREG 2;PRIANGAN BARAT;KUJANG;SPL;create;48,00;CustomerAssign;bima_customerassign_date tersedia (durasi negatif di-clamp ke 0 = Comply);81,28;Not Comply
202603;TREG 2;BEKASI KARAWANG;SUBANG;PGD;migrate;24,00;CustomerAssign;bima_customerassign_date tersedia (durasi negatif di-clamp ke 0 = Comply);4,41;Comply
202603;TREG 2;PRIANGAN BARAT;DEPOK;CNE;create;48,00;CustomerAssign;bima_customerassign_date tersedia (durasi negatif di-clamp ke 0 = Comply);2,48;Comply
202603;TREG 3;JATIM BARAT;TUBAN;TNZ;create;48,00;CustomerAssign;bima_customerassign_date tersedia (durasi negatif di-clamp ke 0 = Comply);0,00;Comply
202603;TREG 2;JAKARTA OUTER;JAKTIM;CWA;migrate;24,00;CustomerAssign;bima_customerassign_date tersedia (durasi negatif di-clamp ke 0 = Comply);2,52;Comply
202603;TREG 3;SOLO JATENG TIMUR;JEPARA;DMA;migrate;24,00;CustomerAssign;bima_customerassign_date tersedia (durasi negatif di-clamp ke 0 = Comply);4,62;Comply
202603;TREG 2;BEKASI KARAWANG;BEKASI;PKY;migrate;24,00;CustomerAssign;bima_customerassign_date tersedia (durasi negatif di-clamp ke 0 = Comply);26,68;Not Comply
202603;TREG 3;YOGYA JATENG SELATAN;BANTUL;WNS;migrate;24,00;CustomerAssign;bima_customerassign_date tersedia (durasi negatif di-clamp ke 0 = Comply);0,00;Comply
202603;TREG 1;SUMUT;SIBOLGA;SBG;migrate;24,00;CustomerAssign;bima_customerassign_date tersedia (durasi negatif di-clamp ke 0 = Comply);9,79;Comply
202603;TREG 2;PRIANGAN BARAT;KUJANG;SPL;migrate;24,00;CustomerAssign;bima_customerassign_date tersedia (durasi negatif di-clamp ke 0 = Comply);532,90;Not Comply
202603;TREG 2;PRIANGAN BARAT;DEPOK;PCM;migrate;24,00;CustomerAssign;bima_customerassign_date tersedia (durasi negatif di-clamp ke 0 = Comply);105,93;Not Comply
202603;TREG 1;RIAU;RIKEP;LBJ;migrate;24,00;CustomerAssign;bima_customerassign_date tersedia (durasi negatif di-clamp ke 0 = Comply);57,95;Not Comply
202603;TREG 2;PRIANGAN BARAT;KUJANG;SPL;migrate;24,00;CustomerAssign;bima_customerassign_date tersedia (durasi negatif di-clamp ke 0 = Comply);57,95;Not Comply
202603;TREG 2;PRIANGAN BARAT;KUJANG;BOO;migrate;24,00;CustomerAssign;bima_customerassign_date tersedia (durasi negatif di-clamp ke 0 = Comply);33,96;Not Comply
202603;TREG 2;PRIANGAN BARAT;KUJANG;BOO;migrate;24,00;CustomerAssign;bima_customerassign_date tersedia (durasi negatif di-clamp ke 0 = Comply);9,98;Comply
202603;TREG 2;PRIANGAN BARAT;KUJANG;BOO;migrate;24,00;CustomerAssign;bima_customerassign_date tersedia (durasi negatif di-clamp ke 0 = Comply);3,00;Comply
202603;TREG 4;BALIKPAPAN;TANAHGROGOT;KRO;migrate;24,00;CustomerAssign;bima_customerassign_date tersedia (durasi negatif di-clamp ke 0 = Comply);0,00;Comply
202603;TREG 3;SOLO JATENG TIMUR;KUDUS;KUD;create;48,00;CustomerAssign;bima_customerassign_date tersedia (durasi negatif di-clamp ke 0 = Comply);10,04;Comply
202603;TREG 5;SULBAGSEL;SITOR;RTP;migrate;24,00;CustomerAssign;bima_customerassign_date tersedia (durasi negatif di-clamp ke 0 = Comply);5,14;Comply
202603;TREG 4;BALIKPAPAN;BALIKPAPAN;GSA;migrate;24,00;CustomerAssign;bima_customerassign_date tersedia (durasi negatif di-clamp ke 0 = Comply);3,15;Comply
202603;TREG 2;BANDUNG;SUMEDANG;UBR;migrate;24,00;CustomerAssign;bima_customerassign_date tersedia (durasi negatif di-clamp ke 0 = Comply);0,00;Comply
202603;TREG 5;PAPUA BARAT;TIMIKA;TIM;migrate;24,00;CustomerAssign;bima_customerassign_date tersedia (durasi negatif di-clamp ke 0 = Comply);0,00;Comply
202603;TREG 5;SULBAGTENG;PALU;PLA;migrate;24,00;CustomerAssign;bima_customerassign_date tersedia (durasi negatif di-clamp ke 0 = Comply);202,16;Not Comply
202603;TREG 5;PAPUA BARAT;BINTUNI;BTI;migrate;24,00;CustomerAssign;bima_customerassign_date tersedia (durasi negatif di-clamp ke 0 = Comply);0,00;Comply
202603;TREG 2;BEKASI KARAWANG;CIKARANG;BGG;create;48,00;CustomerAssign;bima_customerassign_date tersedia (durasi negatif di-clamp ke 0 = Comply);10,19;Comply
202603;TREG 2;BANTEN;CIPUTAT;PKU;migrate;24,00;CustomerAssign;bima_customerassign_date tersedia (durasi negatif di-clamp ke 0 = Comply);10,54;Comply
202603;TREG 4;BALIKPAPAN;TANAHGROGOT;TNG;migrate;24,00;CustomerAssign;bima_customerassign_date tersedia (durasi negatif di-clamp ke 0 = Comply);82,61;Not Comply
202603;TREG 2;JAKARTA OUTER;JAKTIM;PGG;migrate;24,00;CustomerAssign;bima_customerassign_date tersedia (durasi negatif di-clamp ke 0 = Comply);77,66;Not Comply
202603;TREG 5;SULBAGSEL;GOWA;SUG;create;48,00;CustomerAssign;bima_customerassign_date tersedia (durasi negatif di-clamp ke 0 = Comply);0,00;Comply
202603;TREG 2;JAKARTA OUTER;JAKTIM;CWA;migrate;24,00;CustomerAssign;bima_customerassign_date tersedia (durasi negatif di-clamp ke 0 = Comply);3,71;Comply
202603;TREG 2;JAKARTA OUTER;JAKTIM;KLD;migrate;24,00;CustomerAssign;bima_customerassign_date tersedia (durasi negatif di-clamp ke 0 = Comply);0,00;Comply
202603;TREG 5;PAPUA;JAYAPURA;JPB;create;48,00;CustomerAssign;bima_customerassign_date tersedia (durasi negatif di-clamp ke 0 = Comply);10,86;Comply
202603;TREG 3;JATIM TIMUR;BANYUWANGI;BWG;migrate;24,00;CustomerAssign;bima_customerassign_date tersedia (durasi negatif di-clamp ke 0 = Comply);27,87;Not Comply
202603;TREG 2;JAKARTA CENTRUM;JAKUT;MKR;migrate;24,00;CustomerAssign;bima_customerassign_date tersedia (durasi negatif di-clamp ke 0 = Comply);34,93;Not Comply
202603;TREG 2;JAKARTA INNER;JAKBAR;CKG;migrate;24,00;CustomerAssign;bima_customerassign_date tersedia (durasi negatif di-clamp ke 0 = Comply);4,01;Comply
202603;TREG 2;PRIANGAN BARAT;DEPOK;PCM;create;48,00;CustomerAssign;bima_customerassign_date tersedia (durasi negatif di-clamp ke 0 = Comply);0,00;Comply
202603;TREG 2;JAKARTA CENTRUM;JAKPUS;CPP;migrate;24,00;CustomerAssign;bima_customerassign_date tersedia (durasi negatif di-clamp ke 0 = Comply);11,25;Comply
202603;TREG 4;KALTIMTARA;BULUNGAN BERAU;LNN;migrate;24,00;CustomerAssign;bima_customerassign_date tersedia (durasi negatif di-clamp ke 0 = Comply);11,28;Comply
202603;TREG 2;BANTEN;LENGKONG;CUG;create;48,00;CustomerAssign;bima_customerassign_date tersedia (durasi negatif di-clamp ke 0 = Comply);11,43;Comply
202603;TREG 1;SUMUT;BINJAI;BJI;create;48,00;CustomerAssign;bima_customerassign_date tersedia (durasi negatif di-clamp ke 0 = Comply);30,48;Comply
202603;TREG 2;BEKASI KARAWANG;KARAWANG;KRW;migrate;24,00;CustomerAssign;bima_customerassign_date tersedia (durasi negatif di-clamp ke 0 = Comply);35,49;Not Comply
202603;TREG 2;BANDUNG;SUMEDANG;UBR;migrate;24,00;CustomerAssign;bima_customerassign_date tersedia (durasi negatif di-clamp ke 0 = Comply);0,00;Comply
202603;TREG 2;JAKARTA OUTER;JAKSEL;JAG;migrate;24,00;CustomerAssign;bima_customerassign_date tersedia (durasi negatif di-clamp ke 0 = Comply);6,61;Comply
202603;TREG 2;BANDUNG;SOREANG;BJA;migrate;24,00;CustomerAssign;bima_customerassign_date tersedia (durasi negatif di-clamp ke 0 = Comply);11,61;Comply
202603;TREG 2;PRIANGAN BARAT;DEPOK;DEP;migrate;24,00;CustomerAssign;bima_customerassign_date tersedia (durasi negatif di-clamp ke 0 = Comply);35,71;Not Comply
202603;TREG 1;SUMBAGSEL;SUMSEL;KTU;create;48,00;CustomerAssign;bima_customerassign_date tersedia (durasi negatif di-clamp ke 0 = Comply);0,00;Comply
202603;TREG 3;JATIM TIMUR;PASURUAN;PSN;migrate;24,00;CustomerAssign;bima_customerassign_date tersedia (durasi negatif di-clamp ke 0 = Comply);0,00;Comply
202603;TREG 2;PRIANGAN BARAT;KUJANG;CSE;migrate;24,00;CustomerAssign;bima_customerassign_date tersedia (durasi negatif di-clamp ke 0 = Comply);11,75;Comply
202603;TREG 2;BANDUNG;SUMEDANG;UBR;migrate;24,00;CustomerAssign;bima_customerassign_date tersedia (durasi negatif di-clamp ke 0 = Comply);11,77;Comply
202603;TREG 4;KALSELTENG;BANJARMASIN;KYG;migrate;24,00;CustomerAssign;bima_customerassign_date tersedia (durasi negatif di-clamp ke 0 = Comply);0,00;Comply
202603;TREG 5;SULBAGSEL;MAKASSAR;TMA;migrate;24,00;CustomerAssign;bima_customerassign_date tersedia (durasi negatif di-clamp ke 0 = Comply);81,86;Not Comply
202603;TREG 2;JAKARTA INNER;JAKBAR;TGA;migrate;24,00;CustomerAssign;bima_customerassign_date tersedia (durasi negatif di-clamp ke 0 = Comply);59,91;Not Comply
202603;TREG 3;SURAMADU;SURABAYA UTARA;KJR;migrate;24,00;CustomerAssign;bima_customerassign_date tersedia (durasi negatif di-clamp ke 0 = Comply);28,94;Not Comply
202603;TREG 2;BEKASI KARAWANG;BEKASI;PKY;create;48,00;CustomerAssign;bima_customerassign_date tersedia (durasi negatif di-clamp ke 0 = Comply);28,95;Comply
202603;TREG 2;BANTEN;PASAR BARU;PSK;migrate;24,00;CustomerAssign;bima_customerassign_date tersedia (durasi negatif di-clamp ke 0 = Comply);0,00;Comply
202603;TREG 3;JATIM BARAT;NGANJUK;WRJ;migrate;24,00;CustomerAssign;bima_customerassign_date tersedia (durasi negatif di-clamp ke 0 = Comply);5,10;Comply
202603;TREG 2;JAKARTA OUTER;JAKTIM;PDK;create;48,00;CustomerAssign;bima_customerassign_date tersedia (durasi negatif di-clamp ke 0 = Comply);5,11;Comply
202603;TREG 2;JAKARTA OUTER;JAKTIM;GAN;migrate;24,00;CustomerAssign;bima_customerassign_date tersedia (durasi negatif di-clamp ke 0 = Comply);12,13;Comply
202603;TREG 2;PRIANGAN BARAT;KUJANG;CPS;create;48,00;CustomerAssign;bima_customerassign_date tersedia (durasi negatif di-clamp ke 0 = Comply);0,00;Comply
202603;TREG 5;SUMALUT;HALMAHERA UTARA;JLL;migrate;24,00;CustomerAssign;bima_customerassign_date tersedia (durasi negatif di-clamp ke 0 = Comply);276,24;Not Comply
202603;TREG 5;SUMALUT;MENADO;BAH;migrate;24,00;CustomerAssign;bima_customerassign_date tersedia (durasi negatif di-clamp ke 0 = Comply);5,27;Comply
202603;TREG 2;JAKARTA OUTER;JAKTIM;GAN;migrate;24,00;CustomerAssign;bima_customerassign_date tersedia (durasi negatif di-clamp ke 0 = Comply);60,28;Not Comply
202603;TREG 1;RIAU;RIDAR;PBB;migrate;24,00;CustomerAssign;bima_customerassign_date tersedia (durasi negatif di-clamp ke 0 = Comply);12,29;Comply
202603;TREG 3;JATIM TIMUR;PROBOLINGGO;PBL;migrate;24,00;CustomerAssign;bima_customerassign_date tersedia (durasi negatif di-clamp ke 0 = Comply);5,46;Comply
202603;TREG 3;JATIM TIMUR;JOMBANG;JOM;migrate;24,00;CustomerAssign;bima_customerassign_date tersedia (durasi negatif di-clamp ke 0 = Comply);0,00;Comply
202603;TREG 2;PRIANGAN BARAT;DEPOK;DEP;migrate;24,00;CustomerAssign;bima_customerassign_date tersedia (durasi negatif di-clamp ke 0 = Comply);5,63;Comply
202603;TREG 3;SURAMADU;SURABAYA UTARA;KBL;migrate;24,00;CustomerAssign;bima_customerassign_date tersedia (durasi negatif di-clamp ke 0 = Comply);55,68;Not Comply
202603;TREG 2;JAKARTA CENTRUM;JAKUT;TPR;migrate;24,00;CustomerAssign;bima_customerassign_date tersedia (durasi negatif di-clamp ke 0 = Comply);29,80;Not Comply
202603;TREG 2;BEKASI KARAWANG;PURWAKARTA;CKP;migrate;24,00;CustomerAssign;bima_customerassign_date tersedia (durasi negatif di-clamp ke 0 = Comply);29,80;Not Comply
202603;TREG 3;SURAMADU;SURABAYA UTARA;KBL;migrate;24,00;CustomerAssign;bima_customerassign_date tersedia (durasi negatif di-clamp ke 0 = Comply);0,00;Comply
202603;TREG 2;JAKARTA CENTRUM;JAKUT;STR;migrate;24,00;CustomerAssign;bima_customerassign_date tersedia (durasi negatif di-clamp ke 0 = Comply);5,92;Comply
202603;TREG 3;JATIM TIMUR;SIDOARJO;SDA;migrate;24,00;CustomerAssign;bima_customerassign_date tersedia (durasi negatif di-clamp ke 0 = Comply);0,00;Comply
202603;TREG 1;RIAU;BANGKINANG;ARK;migrate;24,00;CustomerAssign;bima_customerassign_date tersedia (durasi negatif di-clamp ke 0 = Comply);29,99;Not Comply
202603;TREG 1;SUMUT;MEDAN;PUB;create;48,00;CustomerAssign;bima_customerassign_date tersedia (durasi negatif di-clamp ke 0 = Comply);37,01;Comply
202603;TREG 3;JATIM TIMUR;SIDOARJO;SDA;migrate;24,00;CustomerAssign;bima_customerassign_date tersedia (durasi negatif di-clamp ke 0 = Comply);0,00;Comply
202603;TREG 2;BANDUNG;BANDUNG;TLE;migrate;24,00;CustomerAssign;bima_customerassign_date tersedia (durasi negatif di-clamp ke 0 = Comply);0,00;Comply
202603;TREG 3;JATIM BARAT;NGAWI;MGT;migrate;24,00;CustomerAssign;bima_customerassign_date tersedia (durasi negatif di-clamp ke 0 = Comply);8,13;Comply
202603;TREG 2;JAKARTA OUTER;JAKSEL;CPE;migrate;24,00;CustomerAssign;bima_customerassign_date tersedia (durasi negatif di-clamp ke 0 = Comply);30,14;Not Comply
202603;TREG 4;KALSELTENG;BATULICIN;SER;create;48,00;CustomerAssign;bima_customerassign_date tersedia (durasi negatif di-clamp ke 0 = Comply);8,24;Comply
202603;TREG 2;JAKARTA OUTER;JAKSEL;BIN;migrate;24,00;CustomerAssign;bima_customerassign_date tersedia (durasi negatif di-clamp ke 0 = Comply);0,00;Comply
202603;TREG 2;BANTEN;CIPUTAT;CLD;migrate;24,00;CustomerAssign;bima_customerassign_date tersedia (durasi negatif di-clamp ke 0 = Comply);13,45;Comply
202603;TREG 2;JAKARTA OUTER;JAKSEL;BIN;migrate;24,00;CustomerAssign;bima_customerassign_date tersedia (durasi negatif di-clamp ke 0 = Comply);13,55;Comply
202603;TREG 2;JAKARTA OUTER;JAKSEL;KAL;migrate;24,00;CustomerAssign;bima_customerassign_date tersedia (durasi negatif di-clamp ke 0 = Comply);85,60;Not Comply
202603;TREG 2;JAKARTA OUTER;JAKSEL;KBY;migrate;24,00;CustomerAssign;bima_customerassign_date tersedia (durasi negatif di-clamp ke 0 = Comply);37,63;Not Comply
202603;TREG 1;SUMUT;MEDAN;PDB;migrate;24,00;CustomerAssign;bima_customerassign_date tersedia (durasi negatif di-clamp ke 0 = Comply);200,73;Not Comply
202603;TREG 1;SUMUT;LUBUK PAKAM;LBP;migrate;24,00;CustomerAssign;bima_customerassign_date tersedia (durasi negatif di-clamp ke 0 = Comply);30,77;Not Comply
202603;TREG 4;KALTIMTARA;BULUNGAN BERAU;TBY;migrate;24,00;CustomerAssign;bima_customerassign_date tersedia (durasi negatif di-clamp ke 0 = Comply);8,81;Comply
202603;TREG 1;SUMUT;MEDAN;CTD;migrate;24,00;CustomerAssign;bima_customerassign_date tersedia (durasi negatif di-clamp ke 0 = Comply);13,82;Comply
202603;TREG 2;JAKARTA OUTER;JAKTIM;CWA;migrate;24,00;CustomerAssign;bima_customerassign_date tersedia (durasi negatif di-clamp ke 0 = Comply);7,35;Comply
202603;TREG 1;ACEH;ACEH;LTM;create;48,00;CustomerAssign;bima_customerassign_date tersedia (durasi negatif di-clamp ke 0 = Comply);56,07;Not Comply
202603;TREG 2;BANTEN;CIPUTAT;PDR;migrate;24,00;CustomerAssign;bima_customerassign_date tersedia (durasi negatif di-clamp ke 0 = Comply);82,46;Not Comply
202603;TREG 2;JAKARTA CENTRUM;JAKPUS;CPP;migrate;24,00;CustomerAssign;bima_customerassign_date tersedia (durasi negatif di-clamp ke 0 = Comply);35,46;Not Comply
202603;TREG 3;SURAMADU;GRESIK;GSK;migrate;24,00;CustomerAssign;bima_customerassign_date tersedia (durasi negatif di-clamp ke 0 = Comply);39,74;Not Comply
202603;TREG 3;SURAMADU;SURABAYA SELATAN;DMO;migrate;24,00;CustomerAssign;bima_customerassign_date tersedia (durasi negatif di-clamp ke 0 = Comply);119,01;Not Comply
202603;TREG 4;KALSELTENG;BANJARMASIN;BJM;migrate;24,00;CustomerAssign;bima_customerassign_date tersedia (durasi negatif di-clamp ke 0 = Comply);40,32;Not Comply
202603;TREG 4;KALSELTENG;TANJUNG TABALONG;AMT;migrate;24,00;CustomerAssign;bima_customerassign_date tersedia (durasi negatif di-clamp ke 0 = Comply);42,37;Not Comply
202603;TREG 4;KALTIMTARA;BONTANG;LKT;migrate;24,00;CustomerAssign;bima_customerassign_date tersedia (durasi negatif di-clamp ke 0 = Comply);354,41;Not Comply
202603;TREG 4;KALSELTENG;TANJUNG TABALONG;RTA;migrate;24,00;CustomerAssign;bima_customerassign_date tersedia (durasi negatif di-clamp ke 0 = Comply);0,00;Comply
202603;TREG 3;BALI;DENPASAR SELATAN;BNO;create;48,00;CustomerAssign;bima_customerassign_date tersedia (durasi negatif di-clamp ke 0 = Comply);186,60;Not Comply
202603;TREG 5;SULBAGSEL;KENDARI;MDG;create;48,00;CustomerAssign;bima_customerassign_date tersedia (durasi negatif di-clamp ke 0 = Comply);0,00;Comply
202603;TREG 3;SEMARANG JATENG UTARA;SEMARANG;SMT;migrate;24,00;CustomerAssign;bima_customerassign_date tersedia (durasi negatif di-clamp ke 0 = Comply);287,89;Not Comply
202603;TREG 4;KALTIMTARA;SAMARINDA;LOB;migrate;24,00;CustomerAssign;bima_customerassign_date tersedia (durasi negatif di-clamp ke 0 = Comply);41,16;Not Comply
202603;TREG 4;KALSELTENG;BANJARBARU;BBR;migrate;24,00;CustomerAssign;bima_customerassign_date tersedia (durasi negatif di-clamp ke 0 = Comply);72,16;Not Comply
202603;TREG 5;SUMALUT;AMBON;ABO;migrate;24,00;CustomerAssign;bima_customerassign_date tersedia (durasi negatif di-clamp ke 0 = Comply);0,00;Comply
202603;TREG 3;SURAMADU;GRESIK;KDE;migrate;24,00;CustomerAssign;bima_customerassign_date tersedia (durasi negatif di-clamp ke 0 = Comply);17,24;Comply
202603;TREG 4;KALTIMTARA;BULUNGAN BERAU;TRD;migrate;24,00;CustomerAssign;bima_customerassign_date tersedia (durasi negatif di-clamp ke 0 = Comply);19,34;Comply
202603;TREG 4;KALTIMTARA;BONTANG;BLN;migrate;24,00;CustomerAssign;bima_customerassign_date tersedia (durasi negatif di-clamp ke 0 = Comply);41,34;Not Comply
202603;TREG 4;BALIKPAPAN;TANAHGROGOT;TNG;create;48,00;CustomerAssign;bima_customerassign_date tersedia (durasi negatif di-clamp ke 0 = Comply);0,00;Comply
202603;TREG 4;BALIKPAPAN;TANAHGROGOT;TNG;migrate;24,00;CustomerAssign;bima_customerassign_date tersedia (durasi negatif di-clamp ke 0 = Comply);0,00;Comply
202603;TREG 4;KALSELTENG;BANJARBARU;LUL;migrate;24,00;CustomerAssign;bima_customerassign_date tersedia (durasi negatif di-clamp ke 0 = Comply);120,78;Not Comply
202603;TREG 1;RIAU;DUMAI;DRI;migrate;24,00;CustomerAssign;bima_customerassign_date tersedia (durasi negatif di-clamp ke 0 = Comply);89,79;Not Comply
202603;TREG 1;SUMBAGSEL;BABEL;PGP;migrate;24,00;CustomerAssign;bima_customerassign_date tersedia (durasi negatif di-clamp ke 0 = Comply);331,90;Not Comply
202603;TREG 1;RIAU;INDRAGIRI;AMK;migrate;24,00;CustomerAssign;bima_customerassign_date tersedia (durasi negatif di-clamp ke 0 = Comply);139,96;Not Comply
202603;TREG 2;BEKASI KARAWANG;BEKASI;BEK;migrate;24,00;CustomerAssign;bima_customerassign_date tersedia (durasi negatif di-clamp ke 0 = Comply);1,03;Comply
202603;TREG 1;SUMUT;MEDAN;CTD;migrate;24,00;CustomerAssign;bima_customerassign_date tersedia (durasi negatif di-clamp ke 0 = Comply);66,05;Not Comply
202603;TREG 3;YOGYA JATENG SELATAN;SLEMAN;SMN;migrate;24,00;CustomerAssign;bima_customerassign_date tersedia (durasi negatif di-clamp ke 0 = Comply);0,00;Comply
202603;TREG 2;BANTEN;LENGKONG;SRP;migrate;24,00;CustomerAssign;bima_customerassign_date tersedia (durasi negatif di-clamp ke 0 = Comply);18,17;Comply
202603;TREG 2;BEKASI KARAWANG;CIKARANG;BGG;migrate;24,00;CustomerAssign;bima_customerassign_date tersedia (durasi negatif di-clamp ke 0 = Comply);20,23;Comply
202603;TREG 1;SUMUT;KISARAN;KIS;create;48,00;CustomerAssign;bima_customerassign_date tersedia (durasi negatif di-clamp ke 0 = Comply);42,26;Comply
202603;TREG 4;KALSELTENG;TANJUNG TABALONG;TJL;migrate;24,00;CustomerAssign;bima_customerassign_date tersedia (durasi negatif di-clamp ke 0 = Comply);73,38;Not Comply
202603;TREG 1;ACEH;LHOKSEUMAWE;MGD;migrate;24,00;CustomerAssign;bima_customerassign_date tersedia (durasi negatif di-clamp ke 0 = Comply);138,48;Not Comply
202603;TREG 3;SOLO JATENG TIMUR;WONOGIRI;SKH;migrate;24,00;CustomerAssign;bima_customerassign_date tersedia (durasi negatif di-clamp ke 0 = Comply);20,65;Comply
202603;TREG 3;SEMARANG JATENG UTARA;SEMARANG;SMT;create;48,00;CustomerAssign;bima_customerassign_date tersedia (durasi negatif di-clamp ke 0 = Comply);20,89;Comply
202603;TREG 1;ACEH;ACEH;BNA;migrate;24,00;CustomerAssign;bima_customerassign_date tersedia (durasi negatif di-clamp ke 0 = Comply);49,90;Not Comply
202603;TREG 2;BANDUNG;SOREANG;RCK;migrate;24,00;CustomerAssign;bima_customerassign_date tersedia (durasi negatif di-clamp ke 0 = Comply);92,97;Not Comply
202603;TREG 1;SUMBAR JAMBI;JAMBI;MBN;migrate;24,00;CustomerAssign;bima_customerassign_date tersedia (durasi negatif di-clamp ke 0 = Comply);146,04;Not Comply
202603;TREG 1;SUMBAR JAMBI;JAMBI;JMB;migrate;24,00;CustomerAssign;bima_customerassign_date tersedia (durasi negatif di-clamp ke 0 = Comply);43,06;Not Comply
202603;TREG 2;BANTEN;PASAR BARU;TAN;migrate;24,00;CustomerAssign;bima_customerassign_date tersedia (durasi negatif di-clamp ke 0 = Comply);50,07;Not Comply
202603;TREG 1;RIAU;RIKEP;NGS;create;48,00;CustomerAssign;bima_customerassign_date tersedia (durasi negatif di-clamp ke 0 = Comply);0,00;Comply
202603;TREG 2;BANDUNG;BANDUNG;BDK;migrate;24,00;CustomerAssign;bima_customerassign_date tersedia (durasi negatif di-clamp ke 0 = Comply);0,00;Comply
202603;TREG 2;BANTEN;LENGKONG;PPG;migrate;24,00;CustomerAssign;bima_customerassign_date tersedia (durasi negatif di-clamp ke 0 = Comply);122,92;Not Comply
202603;TREG 1;SUMUT;RANTAU PRAPAT;RAP;migrate;24,00;CustomerAssign;bima_customerassign_date tersedia (durasi negatif di-clamp ke 0 = Comply);43,99;Not Comply
202603;TREG 3;JATIM BARAT;MADIUN;MNZ;create;48,00;CustomerAssign;bima_customerassign_date tersedia (durasi negatif di-clamp ke 0 = Comply);94,24;Not Comply
202603;TREG 4;KALSELTENG;MUARA TEWEH;MTW;migrate;24,00;CustomerAssign;bima_customerassign_date tersedia (durasi negatif di-clamp ke 0 = Comply);3,58;Comply
202603;TREG 2;JAKARTA OUTER;JAKTIM;KRG;migrate;24,00;CustomerAssign;bima_customerassign_date tersedia (durasi negatif di-clamp ke 0 = Comply);75,82;Not Comply
202603;TREG 2;JAKARTA CENTRUM;JAKUT;KTZ;migrate;24,00;CustomerAssign;bima_customerassign_date tersedia (durasi negatif di-clamp ke 0 = Comply);70,84;Not Comply
202603;TREG 4;KALBAR;SINTANG;STG;migrate;24,00;CustomerAssign;bima_customerassign_date tersedia (durasi negatif di-clamp ke 0 = Comply);123,88;Not Comply
202603;TREG 4;KALBAR;SINTANG;STG;migrate;24,00;CustomerAssign;bima_customerassign_date tersedia (durasi negatif di-clamp ke 0 = Comply);188,89;Not Comply
202603;TREG 3;YOGYA JATENG SELATAN;SLEMAN;PKM;migrate;24,00;CustomerAssign;bima_customerassign_date tersedia (durasi negatif di-clamp ke 0 = Comply);141,01;Not Comply
202603;TREG 2;JAKARTA OUTER;JAKTIM;JTN;migrate;24,00;CustomerAssign;bima_customerassign_date tersedia (durasi negatif di-clamp ke 0 = Comply);23,08;Comply
202603;TREG 2;BEKASI KARAWANG;PURWAKARTA;PWK;migrate;24,00;CustomerAssign;bima_customerassign_date tersedia (durasi negatif di-clamp ke 0 = Comply);0,00;Comply
202603;TREG 2;JAKARTA OUTER;JAKTIM;CWA;migrate;24,00;CustomerAssign;bima_customerassign_date tersedia (durasi negatif di-clamp ke 0 = Comply);4,23;Comply
202603;TREG 4;KALSELTENG;MUARA TEWEH;BNT;migrate;24,00;CustomerAssign;bima_customerassign_date tersedia (durasi negatif di-clamp ke 0 = Comply);0,00;Comply
202603;TREG 2;BANTEN;LENGKONG;LGK;create;48,00;CustomerAssign;bima_customerassign_date tersedia (durasi negatif di-clamp ke 0 = Comply);52,27;Not Comply
202603;TREG 4;KALSELTENG;TANJUNG TABALONG;BRI;migrate;24,00;CustomerAssign;bima_customerassign_date tersedia (durasi negatif di-clamp ke 0 = Comply);4,31;Comply
202603;TREG 1;SUMUT;SUMUT;RBM;create;48,00;CustomerAssign;bima_customerassign_date tersedia (durasi negatif di-clamp ke 0 = Comply);23,33;Comply
202603;TREG 4;KALSELTENG;BANJARBARU;MTP;create;48,00;CustomerAssign;bima_customerassign_date tersedia (durasi negatif di-clamp ke 0 = Comply);124,38;Not Comply
202603;TREG 2;BANTEN;PASAR BARU;TAN;migrate;24,00;CustomerAssign;bima_customerassign_date tersedia (durasi negatif di-clamp ke 0 = Comply);52,44;Not Comply
202603;TREG 3;SURAMADU;SURABAYA UTARA;LKI;create;48,00;CustomerAssign;bima_customerassign_date tersedia (durasi negatif di-clamp ke 0 = Comply);28,67;Comply
202603;TREG 5;SUMALUT;AMBON;ABO;migrate;24,00;CustomerAssign;bima_customerassign_date tersedia (durasi negatif di-clamp ke 0 = Comply);74,95;Not Comply
202603;TREG 5;PAPUA BARAT;TIMIKA;TIM;migrate;24,00;CustomerAssign;bima_customerassign_date tersedia (durasi negatif di-clamp ke 0 = Comply);23,97;Comply
202603;TREG 1;RIAU;BANGKINANG;ARK;migrate;24,00;CustomerAssign;bima_customerassign_date tersedia (durasi negatif di-clamp ke 0 = Comply);192,01;Not Comply
202603;TREG 2;JAKARTA CENTRUM;JAKPUS;GBC;migrate;24,00;CustomerAssign;bima_customerassign_date tersedia (durasi negatif di-clamp ke 0 = Comply);0,00;Comply
202603;TREG 3;NUSA TENGGARA;LABUHAN BAJO;LBO;migrate;24,00;CustomerAssign;bima_customerassign_date tersedia (durasi negatif di-clamp ke 0 = Comply);0,00;Comply
202603;TREG 4;BALIKPAPAN;TANAHGROGOT;TNG;migrate;24,00;CustomerAssign;bima_customerassign_date tersedia (durasi negatif di-clamp ke 0 = Comply);0,00;Comply
202603;TREG 3;SEMARANG JATENG UTARA;SALATIGA;SLI;migrate;24,00;CustomerAssign;bima_customerassign_date tersedia (durasi negatif di-clamp ke 0 = Comply);0,00;Comply
202603;TREG 3;YOGYA JATENG SELATAN;CILACAP;CLC;create;48,00;CustomerAssign;bima_customerassign_date tersedia (durasi negatif di-clamp ke 0 = Comply);192,32;Not Comply
202603;TREG 1;LAMPUNG BENGKULU;LAMPUNG;TJK;migrate;24,00;PI;bima_customerassign_date kosong → pakai orca_pi_date (durasi negatif di-clamp ke 0 = Comply);22,60;Comply
202603;TREG 4;KALSELTENG;BANJARBARU;MTP;migrate;24,00;CustomerAssign;bima_customerassign_date tersedia (durasi negatif di-clamp ke 0 = Comply);0,00;Comply
202603;TREG 2;BEKASI KARAWANG;BEKASI;BBL;migrate;24,00;CustomerAssign;bima_customerassign_date tersedia (durasi negatif di-clamp ke 0 = Comply);0,00;Comply
202603;TREG 4;KALSELTENG;BANJARBARU;BBR;migrate;24,00;CustomerAssign;bima_customerassign_date tersedia (durasi negatif di-clamp ke 0 = Comply);5,55;Comply
202603;TREG 4;KALSELTENG;TANJUNG TABALONG;TJL;migrate;24,00;CustomerAssign;bima_customerassign_date tersedia (durasi negatif di-clamp ke 0 = Comply);0,00;Comply
202603;TREG 2;JAKARTA OUTER;JAKTIM;GAN;migrate;24,00;CustomerAssign;bima_customerassign_date tersedia (durasi negatif di-clamp ke 0 = Comply);5,62;Comply
202603;TREG 1;SUMBAR JAMBI;MUARA BUNGO;BKO;migrate;24,00;CustomerAssign;bima_customerassign_date tersedia (durasi negatif di-clamp ke 0 = Comply);0,67;Comply
202603;TREG 2;BANDUNG;SOREANG;RCK;create;48,00;CustomerAssign;bima_customerassign_date tersedia (durasi negatif di-clamp ke 0 = Comply);0,86;Comply
202603;TREG 3;JATIM BARAT;BATU;BTU;migrate;24,00;CustomerAssign;bima_customerassign_date tersedia (durasi negatif di-clamp ke 0 = Comply);22,87;Comply
202603;TREG 2;JAKARTA OUTER;JAKTIM;GAN;migrate;24,00;CustomerAssign;bima_customerassign_date tersedia (durasi negatif di-clamp ke 0 = Comply);23,01;Comply
202603;TREG 2;PRIANGAN TIMUR;KUNINGAN;KNG;migrate;24,00;CustomerAssign;bima_customerassign_date tersedia (durasi negatif di-clamp ke 0 = Comply);95,04;Not Comply
202603;TREG 3;JATIM BARAT;NGANJUK;NJK;migrate;24,00;CustomerAssign;bima_customerassign_date tersedia (durasi negatif di-clamp ke 0 = Comply);1,10;Comply
202603;TREG 4;KALSELTENG;TANJUNG TABALONG;TJL;migrate;24,00;CustomerAssign;bima_customerassign_date tersedia (durasi negatif di-clamp ke 0 = Comply);49,16;Not Comply
202603;TREG 2;JAKARTA OUTER;JAKTIM;KRG;create;48,00;CustomerAssign;bima_customerassign_date tersedia (durasi negatif di-clamp ke 0 = Comply);6,28;Comply
202603;TREG 4;KALSELTENG;PALANGKARAYA;PLK;migrate;24,00;CustomerAssign;bima_customerassign_date tersedia (durasi negatif di-clamp ke 0 = Comply);0,00;Comply
202603;TREG 4;KALSELTENG;MUARA TEWEH;MTW;migrate;24,00;CustomerAssign;bima_customerassign_date tersedia (durasi negatif di-clamp ke 0 = Comply);0,00;Comply
202603;TREG 5;SULBAGSEL;PALOPO;PLP;migrate;24,00;CustomerAssign;bima_customerassign_date tersedia (durasi negatif di-clamp ke 0 = Comply);6,45;Comply
202603;TREG 5;SULBAGSEL;SITOR;MAK;migrate;24,00;CustomerAssign;bima_customerassign_date tersedia (durasi negatif di-clamp ke 0 = Comply);25,51;Not Comply
202603;TREG 2;PRIANGAN BARAT;KUJANG;PAR;create;48,00;CustomerAssign;bima_customerassign_date tersedia (durasi negatif di-clamp ke 0 = Comply);0,00;Comply
202603;TREG 5;PAPUA;JAYAPURA;JAP;migrate;24,00;CustomerAssign;bima_customerassign_date tersedia (durasi negatif di-clamp ke 0 = Comply);294,62;Not Comply
202603;TREG 3;SEMARANG JATENG UTARA;KENDAL;KDL;migrate;24,00;CustomerAssign;bima_customerassign_date tersedia (durasi negatif di-clamp ke 0 = Comply);0,00;Comply
202603;TREG 1;SUMBAR JAMBI;SUMBAR;PDC;create;48,00;CustomerAssign;bima_customerassign_date tersedia (durasi negatif di-clamp ke 0 = Comply);23,68;Comply
202603;TREG 3;BALI;DENPASAR UTARA;UBN;migrate;24,00;CustomerAssign;bima_customerassign_date tersedia (durasi negatif di-clamp ke 0 = Comply);119,69;Not Comply
202603;TREG 4;BALIKPAPAN;BALIKPAPAN;BRU;create;48,00;CustomerAssign;bima_customerassign_date tersedia (durasi negatif di-clamp ke 0 = Comply);16,83;Comply
202603;TREG 2;BANTEN;CIPUTAT;CLD;create;48,00;CustomerAssign;bima_customerassign_date tersedia (durasi negatif di-clamp ke 0 = Comply);49,90;Not Comply
202603;TREG 2;JAKARTA CENTRUM;JAKPUS;CPP;migrate;24,00;CustomerAssign;bima_customerassign_date tersedia (durasi negatif di-clamp ke 0 = Comply);0,00;Comply
202603;TREG 3;SURAMADU;SURABAYA SELATAN;JGR;migrate;24,00;CustomerAssign;bima_customerassign_date tersedia (durasi negatif di-clamp ke 0 = Comply);6,94;Comply
202603;TREG 5;SULBAGTENG;PALU;PLB;create;48,00;CustomerAssign;bima_customerassign_date tersedia (durasi negatif di-clamp ke 0 = Comply);0,00;Comply
202603;TREG 4;BALIKPAPAN;TANAHGROGOT;TNG;migrate;24,00;CustomerAssign;bima_customerassign_date tersedia (durasi negatif di-clamp ke 0 = Comply);98,06;Not Comply
202603;TREG 1;RIAU;BANGKINANG;ARK;migrate;24,00;CustomerAssign;bima_customerassign_date tersedia (durasi negatif di-clamp ke 0 = Comply);127,09;Not Comply
202603;TREG 2;BEKASI KARAWANG;BEKASI;PKY;migrate;24,00;CustomerAssign;bima_customerassign_date tersedia (durasi negatif di-clamp ke 0 = Comply);55,17;Not Comply
202603;TREG 5;SULBAGSEL;MAKASSAR;PNK;create;48,00;CustomerAssign;bima_customerassign_date tersedia (durasi negatif di-clamp ke 0 = Comply);194,21;Not Comply
202603;TREG 1;SUMBAGSEL;BABEL;PGP;migrate;24,00;CustomerAssign;bima_customerassign_date tersedia (durasi negatif di-clamp ke 0 = Comply);2,29;Comply
202603;TREG 2;BANTEN;CIPUTAT;CLD;create;48,00;CustomerAssign;bima_customerassign_date tersedia (durasi negatif di-clamp ke 0 = Comply);24,44;Comply
202603;TREG 2;PRIANGAN TIMUR;TASIKMALAYA;TSM;migrate;24,00;CustomerAssign;bima_customerassign_date tersedia (durasi negatif di-clamp ke 0 = Comply);0,00;Comply
202603;TREG 2;JAKARTA OUTER;JAKTIM;PGB;migrate;24,00;CustomerAssign;bima_customerassign_date tersedia (durasi negatif di-clamp ke 0 = Comply);74,52;Not Comply
202603;TREG 4;KALSELTENG;BANJARMASIN;ULI;migrate;24,00;CustomerAssign;bima_customerassign_date tersedia (durasi negatif di-clamp ke 0 = Comply);0,61;Comply
202603;TREG 4;KALSELTENG;TANJUNG TABALONG;TJL;migrate;24,00;CustomerAssign;bima_customerassign_date tersedia (durasi negatif di-clamp ke 0 = Comply);194,65;Not Comply
202603;TREG 3;YOGYA JATENG SELATAN;MUNTILAN;SWT;create;48,00;CustomerAssign;bima_customerassign_date tersedia (durasi negatif di-clamp ke 0 = Comply);55,81;Not Comply
202603;TREG 4;KALSELTENG;TANJUNG TABALONG;AMT;migrate;24,00;CustomerAssign;bima_customerassign_date tersedia (durasi negatif di-clamp ke 0 = Comply);24,92;Not Comply
202603;TREG 1;SUMBAR JAMBI;BUKIT TINGGI;PYK;migrate;24,00;CustomerAssign;bima_customerassign_date tersedia (durasi negatif di-clamp ke 0 = Comply);98,97;Not Comply
202603;TREG 4;KALTIMTARA;SAMARINDA;LOB;migrate;24,00;CustomerAssign;bima_customerassign_date tersedia (durasi negatif di-clamp ke 0 = Comply);51,00;Not Comply
202603;TREG 1;RIAU;BANGKINANG;ARK;migrate;24,00;CustomerAssign;bima_customerassign_date tersedia (durasi negatif di-clamp ke 0 = Comply);123,00;Not Comply
202603;TREG 2;BANDUNG;BANDUNG;TLE;migrate;24,00;CustomerAssign;bima_customerassign_date tersedia (durasi negatif di-clamp ke 0 = Comply);8,18;Comply
202603;TREG 4;BALIKPAPAN;BALIKPAPAN;BRU;migrate;24,00;CustomerAssign;bima_customerassign_date tersedia (durasi negatif di-clamp ke 0 = Comply);224,21;Not Comply
202603;TREG 2;PRIANGAN BARAT;CIBINONG;CLS;create;48,00;CustomerAssign;bima_customerassign_date tersedia (durasi negatif di-clamp ke 0 = Comply);8,37;Comply
202603;TREG 2;JAKARTA OUTER;JAKSEL;BIN;create;48,00;CustomerAssign;bima_customerassign_date tersedia (durasi negatif di-clamp ke 0 = Comply);8,46;Comply
202603;TREG 4;KALSELTENG;BANJARBARU;BBR;migrate;24,00;CustomerAssign;bima_customerassign_date tersedia (durasi negatif di-clamp ke 0 = Comply);0,00;Comply
202603;TREG 4;KALSELTENG;TANJUNG TABALONG;RTA;migrate;24,00;CustomerAssign;bima_customerassign_date tersedia (durasi negatif di-clamp ke 0 = Comply);0,00;Comply
202603;TREG 1;LAMPUNG BENGKULU;METRO;MET;migrate;24,00;CustomerAssign;bima_customerassign_date tersedia (durasi negatif di-clamp ke 0 = Comply);27,69;Not Comply
202603;TREG 3;JATIM BARAT;MADIUN;MNZ;migrate;24,00;CustomerAssign;bima_customerassign_date tersedia (durasi negatif di-clamp ke 0 = Comply);25,80;Not Comply
202603;TREG 2;JAKARTA INNER;JAKBAR;CKG;migrate;24,00;CustomerAssign;bima_customerassign_date tersedia (durasi negatif di-clamp ke 0 = Comply);104,84;Not Comply
202603;TREG 4;KALSELTENG;BANJARBARU;BBR;create;48,00;CustomerAssign;bima_customerassign_date tersedia (durasi negatif di-clamp ke 0 = Comply);104,89;Not Comply
202603;TREG 2;BANTEN;LENGKONG;RMP;create;48,00;CustomerAssign;bima_customerassign_date tersedia (durasi negatif di-clamp ke 0 = Comply);9,15;Comply
202603;TREG 5;SULBAGSEL;PALOPO;PLP;migrate;24,00;CustomerAssign;bima_customerassign_date tersedia (durasi negatif di-clamp ke 0 = Comply);0,00;Comply
202603;TREG 2;PRIANGAN BARAT;CIANJUR;CJR;migrate;24,00;CustomerAssign;bima_customerassign_date tersedia (durasi negatif di-clamp ke 0 = Comply);9,49;Comply
202603;TREG 2;BEKASI KARAWANG;BEKASI;PDE;create;48,00;CustomerAssign;bima_customerassign_date tersedia (durasi negatif di-clamp ke 0 = Comply);4,52;Comply
202603;TREG 3;SEMARANG JATENG UTARA;SALATIGA;SLI;migrate;24,00;CustomerAssign;bima_customerassign_date tersedia (durasi negatif di-clamp ke 0 = Comply);0,00;Comply
202603;TREG 2;BANTEN;PASAR BARU;RJG;create;48,00;CustomerAssign;bima_customerassign_date tersedia (durasi negatif di-clamp ke 0 = Comply);33,60;Comply
202603;TREG 2;BANTEN;PASAR BARU;TAN;create;48,00;CustomerAssign;bima_customerassign_date tersedia (durasi negatif di-clamp ke 0 = Comply);4,62;Comply
202603;TREG 2;BANDUNG;BANDUNG;LBG;create;48,00;CustomerAssign;bima_customerassign_date tersedia (durasi negatif di-clamp ke 0 = Comply);26,64;Comply
202603;TREG 2;PRIANGAN TIMUR;MAJALENGKA;JTW;migrate;24,00;CustomerAssign;bima_customerassign_date tersedia (durasi negatif di-clamp ke 0 = Comply);0,00;Comply
202603;TREG 3;JATIM BARAT;PONOROGO;LOG;create;48,00;CustomerAssign;bima_customerassign_date tersedia (durasi negatif di-clamp ke 0 = Comply);9,84;Comply
202603;TREG 2;PRIANGAN BARAT;CIBINONG;CLS;migrate;24,00;CustomerAssign;bima_customerassign_date tersedia (durasi negatif di-clamp ke 0 = Comply);4,94;Comply
202603;TREG 2;BANTEN;CIKUPA;TGR;migrate;24,00;CustomerAssign;bima_customerassign_date tersedia (durasi negatif di-clamp ke 0 = Comply);4,95;Comply
202603;TREG 2;BANTEN;CIPUTAT;CPA;migrate;24,00;CustomerAssign;bima_customerassign_date tersedia (durasi negatif di-clamp ke 0 = Comply);129,99;Not Comply
202603;TREG 2;BEKASI KARAWANG;BEKASI;KRA;migrate;24,00;CustomerAssign;bima_customerassign_date tersedia (durasi negatif di-clamp ke 0 = Comply);10,06;Comply
202603;TREG 1;SUMBAR JAMBI;SUMBAR;ULK;migrate;24,00;CustomerAssign;bima_customerassign_date tersedia (durasi negatif di-clamp ke 0 = Comply);274,19;Not Comply
202603;TREG 1;RIAU;RIKEP;LBJ;create;48,00;CustomerAssign;bima_customerassign_date tersedia (durasi negatif di-clamp ke 0 = Comply);10,21;Comply
202603;TREG 4;KALTIMTARA;NUNUKAN;NNK;migrate;24,00;CustomerAssign;bima_customerassign_date tersedia (durasi negatif di-clamp ke 0 = Comply);0,00;Comply
202603;TREG 4;KALSELTENG;BATULICIN;KPL;migrate;24,00;CustomerAssign;bima_customerassign_date tersedia (durasi negatif di-clamp ke 0 = Comply);5,81;Comply
202603;TREG 3;SOLO JATENG TIMUR;SOLO;GLD;migrate;24,00;CustomerAssign;bima_customerassign_date tersedia (durasi negatif di-clamp ke 0 = Comply);171,95;Not Comply
202603;TREG 2;BANTEN;LENGKONG;SRP;create;48,00;CustomerAssign;bima_customerassign_date tersedia (durasi negatif di-clamp ke 0 = Comply);34,99;Comply
202603;TREG 2;BEKASI KARAWANG;BEKASI;KRA;migrate;24,00;CustomerAssign;bima_customerassign_date tersedia (durasi negatif di-clamp ke 0 = Comply);28,05;Not Comply
202603;TREG 4;KALTIMTARA;TARAKAN;TRK;migrate;24,00;CustomerAssign;bima_customerassign_date tersedia (durasi negatif di-clamp ke 0 = Comply);83,06;Not Comply
202603;TREG 3;SEMARANG JATENG UTARA;SEMARANG;MJP;migrate;24,00;CustomerAssign;bima_customerassign_date tersedia (durasi negatif di-clamp ke 0 = Comply);0,00;Comply
202603;TREG 1;SUMUT;BINJAI;BJI;create;48,00;CustomerAssign;bima_customerassign_date tersedia (durasi negatif di-clamp ke 0 = Comply);30,13;Comply
202603;TREG 1;SUMBAR JAMBI;JAMBI;JMB;create;48,00;CustomerAssign;bima_customerassign_date tersedia (durasi negatif di-clamp ke 0 = Comply);4,38;Comply
202603;TREG 3;BALI;DENPASAR CENTRUM;TOP;migrate;24,00;CustomerAssign;bima_customerassign_date tersedia (durasi negatif di-clamp ke 0 = Comply);198,39;Not Comply
202603;TREG 2;BANTEN;PASAR BARU;SPT;create;48,00;CustomerAssign;bima_customerassign_date tersedia (durasi negatif di-clamp ke 0 = Comply);11,52;Comply
202603;TREG 4;KALSELTENG;BANJARMASIN;KYG;create;48,00;CustomerAssign;bima_customerassign_date tersedia (durasi negatif di-clamp ke 0 = Comply);4,67;Comply
202603;TREG 4;BALIKPAPAN;BALIKPAPAN;KTB;migrate;24,00;CustomerAssign;bima_customerassign_date tersedia (durasi negatif di-clamp ke 0 = Comply);0,00;Comply
202603;TREG 2;JAKARTA OUTER;JAKSEL;CPE;migrate;24,00;CustomerAssign;bima_customerassign_date tersedia (durasi negatif di-clamp ke 0 = Comply);35,83;Not Comply
202603;TREG 2;JAKARTA OUTER;JAKSEL;KAL;migrate;24,00;CustomerAssign;bima_customerassign_date tersedia (durasi negatif di-clamp ke 0 = Comply);0,00;Comply
202603;TREG 1;SUMUT;MEDAN;SPM;migrate;24,00;CustomerAssign;bima_customerassign_date tersedia (durasi negatif di-clamp ke 0 = Comply);6,87;Comply
202603;TREG 1;SUMBAR JAMBI;MUARA BUNGO;SPN;migrate;24,00;CustomerAssign;bima_customerassign_date tersedia (durasi negatif di-clamp ke 0 = Comply);11,92;Comply
202603;TREG 3;SEMARANG JATENG UTARA;SEMARANG;BMK;migrate;24,00;CustomerAssign;bima_customerassign_date tersedia (durasi negatif di-clamp ke 0 = Comply);0,00;Comply
202603;TREG 5;SULBAGTENG;GORONTALO;GTL;migrate;24,00;CustomerAssign;bima_customerassign_date tersedia (durasi negatif di-clamp ke 0 = Comply);0,00;Comply
202603;TREG 4;KALBAR;PONTIANAK;PTK;migrate;24,00;CustomerAssign;bima_customerassign_date tersedia (durasi negatif di-clamp ke 0 = Comply);101,04;Not Comply
202603;TREG 4;KALSELTENG;BANJARMASIN;KYG;migrate;24,00;CustomerAssign;bima_customerassign_date tersedia (durasi negatif di-clamp ke 0 = Comply);0,00;Comply
202603;TREG 2;BEKASI KARAWANG;BEKASI;PKY;migrate;24,00;CustomerAssign;bima_customerassign_date tersedia (durasi negatif di-clamp ke 0 = Comply);0,00;Comply
202603;TREG 4;KALTIMTARA;BULUNGAN BERAU;TBY;migrate;24,00;CustomerAssign;bima_customerassign_date tersedia (durasi negatif di-clamp ke 0 = Comply);5,20;Comply
202603;TREG 2;BEKASI KARAWANG;BEKASI;PKY;migrate;24,00;CustomerAssign;bima_customerassign_date tersedia (durasi negatif di-clamp ke 0 = Comply);12,22;Comply
202603;TREG 3;SEMARANG JATENG UTARA;PEMALANG;RDD;migrate;24,00;CustomerAssign;bima_customerassign_date tersedia (durasi negatif di-clamp ke 0 = Comply);221,34;Not Comply
202603;TREG 2;JAKARTA INNER;JAKBAR;CKG;create;48,00;CustomerAssign;bima_customerassign_date tersedia (durasi negatif di-clamp ke 0 = Comply);12,36;Comply
202603;TREG 5;SUMALUT;KOTAMOBAGO;KTG;migrate;24,00;CustomerAssign;bima_customerassign_date tersedia (durasi negatif di-clamp ke 0 = Comply);0,00;Comply
202603;TREG 3;SEMARANG JATENG UTARA;UNGARAN;WNJ;migrate;24,00;CustomerAssign;bima_customerassign_date tersedia (durasi negatif di-clamp ke 0 = Comply);7,66;Comply
202603;TREG 2;BANTEN;CIPUTAT;CPA;create;48,00;CustomerAssign;bima_customerassign_date tersedia (durasi negatif di-clamp ke 0 = Comply);0,00;Comply
202603;TREG 4;KALSELTENG;TANJUNG TABALONG;PGN;migrate;24,00;CustomerAssign;bima_customerassign_date tersedia (durasi negatif di-clamp ke 0 = Comply);101,77;Not Comply
202603;TREG 4;KALSELTENG;BANJARBARU;LUL;migrate;24,00;CustomerAssign;bima_customerassign_date tersedia (durasi negatif di-clamp ke 0 = Comply);180,90;Not Comply
202603;TREG 1;SUMUT;MEDAN;CTD;create;48,00;CustomerAssign;bima_customerassign_date tersedia (durasi negatif di-clamp ke 0 = Comply);103,96;Not Comply
202603;TREG 1;RIAU;RIDAR;PBB;migrate;24,00;CustomerAssign;bima_customerassign_date tersedia (durasi negatif di-clamp ke 0 = Comply);13,37;Comply
202603;TREG 1;SUMUT;LUBUK PAKAM;TJR;migrate;24,00;CustomerAssign;bima_customerassign_date tersedia (durasi negatif di-clamp ke 0 = Comply);13,40;Comply
202603;TREG 1;SUMBAR JAMBI;SUMBAR;ULK;create;48,00;CustomerAssign;bima_customerassign_date tersedia (durasi negatif di-clamp ke 0 = Comply);56,93;Not Comply
202603;TREG 1;RIAU;RIKEP;SLU;migrate;24,00;CustomerAssign;bima_customerassign_date tersedia (durasi negatif di-clamp ke 0 = Comply);86,01;Not Comply
202603;TREG 2;JAKARTA INNER;JAKBAR;CKG;migrate;24,00;CustomerAssign;bima_customerassign_date tersedia (durasi negatif di-clamp ke 0 = Comply);62,18;Not Comply
202603;TREG 5;SUMALUT;TERNATE;TNT;migrate;24,00;CustomerAssign;bima_customerassign_date tersedia (durasi negatif di-clamp ke 0 = Comply);0,00;Comply
202603;TREG 5;SULBAGSEL;MAROS;SUD;migrate;24,00;CustomerAssign;bima_customerassign_date tersedia (durasi negatif di-clamp ke 0 = Comply);182,68;Not Comply
202603;TREG 5;SULBAGSEL;MAKASSAR;TMA;migrate;24,00;CustomerAssign;bima_customerassign_date tersedia (durasi negatif di-clamp ke 0 = Comply);0,00;Comply
202603;TREG 5;SULBAGSEL;PARE-PARE;PRE;migrate;24,00;CustomerAssign;bima_customerassign_date tersedia (durasi negatif di-clamp ke 0 = Comply);40,72;Not Comply
202603;TREG 5;PAPUA BARAT;SORONG;SON;migrate;24,00;CustomerAssign;bima_customerassign_date tersedia (durasi negatif di-clamp ke 0 = Comply);136,75;Not Comply
202603;TREG 2;PRIANGAN BARAT;CIANJUR;CJR;migrate;24,00;CustomerAssign;bima_customerassign_date tersedia (durasi negatif di-clamp ke 0 = Comply);138,30;Not Comply
202603;TREG 4;KALTIMTARA;BONTANG;BOT;migrate;24,00;CustomerAssign;bima_customerassign_date tersedia (durasi negatif di-clamp ke 0 = Comply);23,51;Comply
202603;TREG 5;SULBAGTENG;PALU;PLA;migrate;24,00;CustomerAssign;bima_customerassign_date tersedia (durasi negatif di-clamp ke 0 = Comply);378,84;Not Comply
202603;TREG 4;KALTIMTARA;BONTANG;LKT;migrate;24,00;CustomerAssign;bima_customerassign_date tersedia (durasi negatif di-clamp ke 0 = Comply);24,10;Not Comply
202603;TREG 3;NUSA TENGGARA;WAINGAPU;WGP;migrate;24,00;CustomerAssign;bima_customerassign_date tersedia (durasi negatif di-clamp ke 0 = Comply);787,18;Not Comply
202603;TREG 4;KALTIMTARA;BONTANG;BOT;migrate;24,00;CustomerAssign;bima_customerassign_date tersedia (durasi negatif di-clamp ke 0 = Comply);65,21;Not Comply
202603;TREG 4;KALTIMTARA;BULUNGAN BERAU;TLA;create;48,00;CustomerAssign;bima_customerassign_date tersedia (durasi negatif di-clamp ke 0 = Comply);0,66;Comply
202603;TREG 2;JAKARTA INNER;JAKBAR;MRY;migrate;24,00;CustomerAssign;bima_customerassign_date tersedia (durasi negatif di-clamp ke 0 = Comply);67,67;Not Comply
202603;TREG 1;SUMBAGSEL;BELITUNG;TJN;migrate;24,00;CustomerAssign;bima_customerassign_date tersedia (durasi negatif di-clamp ke 0 = Comply);43,68;Not Comply
202603;TREG 2;BEKASI KARAWANG;BEKASI;KRA;migrate;24,00;CustomerAssign;bima_customerassign_date tersedia (durasi negatif di-clamp ke 0 = Comply);18,00;Comply
202603;TREG 4;KALTIMTARA;TARAKAN;TRK;migrate;24,00;CustomerAssign;bima_customerassign_date tersedia (durasi negatif di-clamp ke 0 = Comply);1,04;Comply
202603;TREG 4;KALTIMTARA;TARAKAN;TRK;migrate;24,00;CustomerAssign;bima_customerassign_date tersedia (durasi negatif di-clamp ke 0 = Comply);49,06;Not Comply
202603;TREG 4;KALTIMTARA;TARAKAN;TRK;migrate;24,00;CustomerAssign;bima_customerassign_date tersedia (durasi negatif di-clamp ke 0 = Comply);138,43;Not Comply
202603;TREG 2;BEKASI KARAWANG;CIKARANG;JBB;migrate;24,00;CustomerAssign;bima_customerassign_date tersedia (durasi negatif di-clamp ke 0 = Comply);97,67;Not Comply
202603;TREG 1;SUMBAR JAMBI;SUMBAR;LBY;migrate;24,00;CustomerAssign;bima_customerassign_date tersedia (durasi negatif di-clamp ke 0 = Comply);66,86;Not Comply
202603;TREG 1;ACEH;LANGSA;LGS;migrate;24,00;CustomerAssign;bima_customerassign_date tersedia (durasi negatif di-clamp ke 0 = Comply);140,91;Not Comply
202603;TREG 5;PAPUA;MERAUKE;MRK;migrate;24,00;CustomerAssign;bima_customerassign_date tersedia (durasi negatif di-clamp ke 0 = Comply);50,08;Not Comply
202603;TREG 3;YOGYA JATENG SELATAN;PURWOKERTO;PWT;migrate;24,00;CustomerAssign;bima_customerassign_date tersedia (durasi negatif di-clamp ke 0 = Comply);141,53;Not Comply
202603;TREG 3;SOLO JATENG TIMUR;KUDUS;KUD;migrate;24,00;CustomerAssign;bima_customerassign_date tersedia (durasi negatif di-clamp ke 0 = Comply);45,70;Not Comply
202603;TREG 3;YOGYA JATENG SELATAN;PURWOREJO;PWJ;migrate;24,00;CustomerAssign;bima_customerassign_date tersedia (durasi negatif di-clamp ke 0 = Comply);3,28;Comply
202603;TREG 2;BANTEN;CIPUTAT;CLD;migrate;24,00;CustomerAssign;bima_customerassign_date tersedia (durasi negatif di-clamp ke 0 = Comply);99,33;Not Comply
202603;TREG 4;KALTIMTARA;BULUNGAN BERAU;TRD;migrate;24,00;CustomerAssign;bima_customerassign_date tersedia (durasi negatif di-clamp ke 0 = Comply);27,37;Not Comply
202603;TREG 2;PRIANGAN BARAT;SENTUL;KHL;create;48,00;CustomerAssign;bima_customerassign_date tersedia (durasi negatif di-clamp ke 0 = Comply);46,43;Comply
202603;TREG 2;JAKARTA CENTRUM;JAKPUS;CPP;create;48,00;CustomerAssign;bima_customerassign_date tersedia (durasi negatif di-clamp ke 0 = Comply);166,53;Not Comply
202603;TREG 4;KALTIMTARA;SAMARINDA;SMR;migrate;24,00;CustomerAssign;bima_customerassign_date tersedia (durasi negatif di-clamp ke 0 = Comply);22,72;Comply
202603;TREG 3;YOGYA JATENG SELATAN;CILACAP;CLC;create;48,00;CustomerAssign;bima_customerassign_date tersedia (durasi negatif di-clamp ke 0 = Comply);0,00;Comply
202603;TREG 4;KALSELTENG;PALANGKARAYA;PLK;migrate;24,00;CustomerAssign;bima_customerassign_date tersedia (durasi negatif di-clamp ke 0 = Comply);99,78;Not Comply
202603;TREG 1;LAMPUNG BENGKULU;BENGKULU;BNC;migrate;24,00;CustomerAssign;bima_customerassign_date tersedia (durasi negatif di-clamp ke 0 = Comply);0,00;Comply
202603;TREG 2;PRIANGAN TIMUR;GARUT;GRU;migrate;24,00;CustomerAssign;bima_customerassign_date tersedia (durasi negatif di-clamp ke 0 = Comply);119,05;Not Comply
202603;TREG 2;PRIANGAN BARAT;KUJANG;LWL;create;48,00;CustomerAssign;bima_customerassign_date tersedia (durasi negatif di-clamp ke 0 = Comply);28,12;Comply
202603;TREG 2;JAKARTA CENTRUM;JAKUT;STR;migrate;24,00;CustomerAssign;bima_customerassign_date tersedia (durasi negatif di-clamp ke 0 = Comply);0,00;Comply
202603;TREG 4;KALSELTENG;BATULICIN;PLE;create;48,00;CustomerAssign;bima_customerassign_date tersedia (durasi negatif di-clamp ke 0 = Comply);0,00;Comply
202603;TREG 4;KALTIMTARA;BULUNGAN BERAU;TRD;migrate;24,00;CustomerAssign;bima_customerassign_date tersedia (durasi negatif di-clamp ke 0 = Comply);4,56;Comply
202603;TREG 4;KALTIMTARA;BONTANG;STT;migrate;24,00;CustomerAssign;bima_customerassign_date tersedia (durasi negatif di-clamp ke 0 = Comply);71,73;Not Comply
202603;TREG 4;KALTIMTARA;BONTANG;BOT;migrate;24,00;CustomerAssign;bima_customerassign_date tersedia (durasi negatif di-clamp ke 0 = Comply);52,82;Not Comply
202603;TREG 3;SOLO JATENG TIMUR;SOLO;SOP;create;48,00;CustomerAssign;bima_customerassign_date tersedia (durasi negatif di-clamp ke 0 = Comply);23,87;Comply
202603;TREG 2;PRIANGAN BARAT;CIBINONG;BJD;migrate;24,00;CustomerAssign;bima_customerassign_date tersedia (durasi negatif di-clamp ke 0 = Comply);0,00;Comply
202603;TREG 4;KALTIMTARA;SAMARINDA;LOB;migrate;24,00;CustomerAssign;bima_customerassign_date tersedia (durasi negatif di-clamp ke 0 = Comply);5,01;Comply
202603;TREG 3;SOLO JATENG TIMUR;SOLO;SLO;migrate;24,00;CustomerAssign;bima_customerassign_date tersedia (durasi negatif di-clamp ke 0 = Comply);120,20;Not Comply
202603;TREG 2;BEKASI KARAWANG;BEKASI;KLB;create;48,00;CustomerAssign;bima_customerassign_date tersedia (durasi negatif di-clamp ke 0 = Comply);0,29;Comply
202603;TREG 2;JAKARTA OUTER;JAKTIM;PGB;migrate;24,00;CustomerAssign;bima_customerassign_date tersedia (durasi negatif di-clamp ke 0 = Comply);5,36;Comply
202603;TREG 2;JAKARTA OUTER;JAKSEL;KAL;migrate;24,00;CustomerAssign;bima_customerassign_date tersedia (durasi negatif di-clamp ke 0 = Comply);125,42;Not Comply
202603;TREG 3;YOGYA JATENG SELATAN;PURBALINGGA;PBG;migrate;24,00;CustomerAssign;bima_customerassign_date tersedia (durasi negatif di-clamp ke 0 = Comply);70,44;Not Comply
202603;TREG 2;BANTEN;LENGKONG;LKG;migrate;24,00;CustomerAssign;bima_customerassign_date tersedia (durasi negatif di-clamp ke 0 = Comply);5,57;Comply
202603;TREG 2;PRIANGAN BARAT;KUJANG;SPL;migrate;24,00;CustomerAssign;bima_customerassign_date tersedia (durasi negatif di-clamp ke 0 = Comply);72,61;Not Comply
202603;TREG 2;BANTEN;CILEGON;CLG;migrate;24,00;CustomerAssign;bima_customerassign_date tersedia (durasi negatif di-clamp ke 0 = Comply);53,67;Not Comply
202603;TREG 5;SUMALUT;MENADO;MDO;migrate;24,00;CustomerAssign;bima_customerassign_date tersedia (durasi negatif di-clamp ke 0 = Comply);53,72;Not Comply
202603;TREG 3;YOGYA JATENG SELATAN;YOGYAKARTA;PGR;create;48,00;CustomerAssign;bima_customerassign_date tersedia (durasi negatif di-clamp ke 0 = Comply);5,76;Comply
202603;TREG 2;BANDUNG;SOREANG;RCK;migrate;24,00;CustomerAssign;bima_customerassign_date tersedia (durasi negatif di-clamp ke 0 = Comply);22,82;Comply
202603;TREG 5;SULBAGSEL;KENDARI;KDR;create;48,00;CustomerAssign;bima_customerassign_date tersedia (durasi negatif di-clamp ke 0 = Comply);53,83;Not Comply
202603;TREG 4;KALTIMTARA;SAMARINDA;LMP;create;48,00;CustomerAssign;bima_customerassign_date tersedia (durasi negatif di-clamp ke 0 = Comply);0,00;Comply
202603;TREG 4;KALTIMTARA;SAMARINDA;LOB;migrate;24,00;CustomerAssign;bima_customerassign_date tersedia (durasi negatif di-clamp ke 0 = Comply);23,01;Comply
202603;TREG 3;BALI;DENPASAR UTARA;UBN;migrate;24,00;CustomerAssign;bima_customerassign_date tersedia (durasi negatif di-clamp ke 0 = Comply);73,02;Not Comply
202603;TREG 2;JAKARTA OUTER;JAKTIM;RMG;migrate;24,00;CustomerAssign;bima_customerassign_date tersedia (durasi negatif di-clamp ke 0 = Comply);73,06;Not Comply
202603;TREG 2;JAKARTA CENTRUM;JAKPUS;GBC;migrate;24,00;CustomerAssign;bima_customerassign_date tersedia (durasi negatif di-clamp ke 0 = Comply);47,06;Not Comply
202603;TREG 2;BANDUNG;BANDUNG BARAT;NJG;migrate;24,00;CustomerAssign;bima_customerassign_date tersedia (durasi negatif di-clamp ke 0 = Comply);6,09;Comply
202603;TREG 3;SURAMADU;SURABAYA SELATAN;DMO;migrate;24,00;CustomerAssign;bima_customerassign_date tersedia (durasi negatif di-clamp ke 0 = Comply);25,12;Not Comply
202603;TREG 4;KALTIMTARA;TARAKAN;TRK;migrate;24,00;CustomerAssign;bima_customerassign_date tersedia (durasi negatif di-clamp ke 0 = Comply);49,12;Not Comply
202603;TREG 2;PRIANGAN BARAT;CIBINONG;CBI;create;48,00;CustomerAssign;bima_customerassign_date tersedia (durasi negatif di-clamp ke 0 = Comply);23,15;Comply
202603;TREG 3;JATIM BARAT;NGANJUK;NJK;migrate;24,00;CustomerAssign;bima_customerassign_date tersedia (durasi negatif di-clamp ke 0 = Comply);1,21;Comply
202603;TREG 4;KALTIMTARA;MELAK;MLA;migrate;24,00;CustomerAssign;bima_customerassign_date tersedia (durasi negatif di-clamp ke 0 = Comply);0,00;Comply
202603;TREG 4;KALSELTENG;TANJUNG TABALONG;RTA;migrate;24,00;CustomerAssign;bima_customerassign_date tersedia (durasi negatif di-clamp ke 0 = Comply);318,27;Not Comply
202603;TREG 2;PRIANGAN TIMUR;TASIKMALAYA;TSM;migrate;24,00;CustomerAssign;bima_customerassign_date tersedia (durasi negatif di-clamp ke 0 = Comply);49,27;Not Comply
202603;TREG 3;SURAMADU;SURABAYA SELATAN;WRU;migrate;24,00;CustomerAssign;bima_customerassign_date tersedia (durasi negatif di-clamp ke 0 = Comply);23,34;Comply
202603;TREG 4;BALIKPAPAN;BALIKPAPAN;GSA;migrate;24,00;CustomerAssign;bima_customerassign_date tersedia (durasi negatif di-clamp ke 0 = Comply);49,37;Not Comply
202603;TREG 1;RIAU;TANJUNG PINANG;RAI;migrate;24,00;CustomerAssign;bima_customerassign_date tersedia (durasi negatif di-clamp ke 0 = Comply);193,39;Not Comply
202603;TREG 2;JAKARTA OUTER;JAKSEL;KBY;create;48,00;CustomerAssign;bima_customerassign_date tersedia (durasi negatif di-clamp ke 0 = Comply);337,43;Not Comply
202603;TREG 2;JAKARTA CENTRUM;JAKUT;MKR;migrate;24,00;CustomerAssign;bima_customerassign_date tersedia (durasi negatif di-clamp ke 0 = Comply);6,57;Comply
202603;TREG 3;JATIM BARAT;MALANG;BLB;migrate;24,00;CustomerAssign;bima_customerassign_date tersedia (durasi negatif di-clamp ke 0 = Comply);73,75;Not Comply
202603;TREG 2;JAKARTA CENTRUM;JAKUT;KLG;migrate;24,00;CustomerAssign;bima_customerassign_date tersedia (durasi negatif di-clamp ke 0 = Comply);1,76;Comply
202603;TREG 4;KALBAR;PONTIANAK;SRD;migrate;24,00;CustomerAssign;bima_customerassign_date tersedia (durasi negatif di-clamp ke 0 = Comply);337,87;Not Comply
202603;TREG 4;BALIKPAPAN;BALIKPAPAN;GSA;migrate;24,00;CustomerAssign;bima_customerassign_date tersedia (durasi negatif di-clamp ke 0 = Comply);73,88;Not Comply
202603;TREG 4;KALSELTENG;BANJARMASIN;ULI;create;48,00;CustomerAssign;bima_customerassign_date tersedia (durasi negatif di-clamp ke 0 = Comply);30,90;Comply
202603;TREG 2;BANDUNG;PADALARANG;BTJ;migrate;24,00;CustomerAssign;bima_customerassign_date tersedia (durasi negatif di-clamp ke 0 = Comply);54,98;Not Comply
202603;TREG 2;JAKARTA INNER;JAKBAR;CKG;create;48,00;CustomerAssign;bima_customerassign_date tersedia (durasi negatif di-clamp ke 0 = Comply);26,07;Comply
202603;TREG 2;JAKARTA OUTER;JAKSEL;KAL;create;48,00;CustomerAssign;bima_customerassign_date tersedia (durasi negatif di-clamp ke 0 = Comply);50,16;Not Comply
202603;TREG 4;KALSELTENG;BANJARBARU;MTP;migrate;24,00;CustomerAssign;bima_customerassign_date tersedia (durasi negatif di-clamp ke 0 = Comply);0,00;Comply
202603;TREG 1;SUMBAR JAMBI;MUARA BUNGO;SPN;migrate;24,00;CustomerAssign;bima_customerassign_date tersedia (durasi negatif di-clamp ke 0 = Comply);48,23;Not Comply
202603;TREG 1;SUMUT;MEDAN;SKI;migrate;24,00;CustomerAssign;bima_customerassign_date tersedia (durasi negatif di-clamp ke 0 = Comply);26,23;Not Comply
202603;TREG 2;JAKARTA OUTER;JAKTIM;KLD;create;48,00;CustomerAssign;bima_customerassign_date tersedia (durasi negatif di-clamp ke 0 = Comply);0,00;Comply
202603;TREG 2;JAKARTA OUTER;JAKTIM;GAN;create;48,00;CustomerAssign;bima_customerassign_date tersedia (durasi negatif di-clamp ke 0 = Comply);127,28;Not Comply
202603;TREG 3;JATIM BARAT;MALANG;KLJ;migrate;24,00;CustomerAssign;bima_customerassign_date tersedia (durasi negatif di-clamp ke 0 = Comply);0,00;Comply
202603;TREG 2;PRIANGAN BARAT;CIBINONG;BJD;create;48,00;CustomerAssign;bima_customerassign_date tersedia (durasi negatif di-clamp ke 0 = Comply);0,00;Comply
202603;TREG 4;KALTIMTARA;SAMARINDA;SEM;migrate;24,00;CustomerAssign;bima_customerassign_date tersedia (durasi negatif di-clamp ke 0 = Comply);127,42;Not Comply
202603;TREG 2;BANTEN;LENGKONG;LKG;migrate;24,00;CustomerAssign;bima_customerassign_date tersedia (durasi negatif di-clamp ke 0 = Comply);0,00;Comply
202603;TREG 4;BALIKPAPAN;BALIKPAPAN;BRU;create;48,00;CustomerAssign;bima_customerassign_date tersedia (durasi negatif di-clamp ke 0 = Comply);0,00;Comply
202603;TREG 3;BALI;DENPASAR SELATAN;BNO;create;48,00;CustomerAssign;bima_customerassign_date tersedia (durasi negatif di-clamp ke 0 = Comply);7,67;Comply
202603;TREG 2;BANDUNG;BANDUNG;CCD;create;48,00;CustomerAssign;bima_customerassign_date tersedia (durasi negatif di-clamp ke 0 = Comply);0,00;Comply
202603;TREG 3;SURAMADU;GRESIK;KDE;create;48,00;CustomerAssign;bima_customerassign_date tersedia (durasi negatif di-clamp ke 0 = Comply);26,83;Comply
202603;TREG 1;SUMUT;SIBOLGA;PND;migrate;24,00;PI;bima_customerassign_date kosong → pakai orca_pi_date (durasi negatif di-clamp ke 0 = Comply);892,54;Not Comply
202603;TREG 2;JAKARTA OUTER;JAKTIM;GAN;migrate;24,00;CustomerAssign;bima_customerassign_date tersedia (durasi negatif di-clamp ke 0 = Comply);103,88;Not Comply
202603;TREG 4;KALTIMTARA;BONTANG;BOT;migrate;24,00;CustomerAssign;bima_customerassign_date tersedia (durasi negatif di-clamp ke 0 = Comply);7,93;Comply
202603;TREG 2;JAKARTA OUTER;JAKSEL;TBE;create;48,00;CustomerAssign;bima_customerassign_date tersedia (durasi negatif di-clamp ke 0 = Comply);3,00;Comply
202603;TREG 3;BALI;DENPASAR CENTRUM;SWI;migrate;24,00;CustomerAssign;bima_customerassign_date tersedia (durasi negatif di-clamp ke 0 = Comply);56,06;Not Comply
202603;TREG 2;BANDUNG;BANDUNG BARAT;NJG;migrate;24,00;CustomerAssign;bima_customerassign_date tersedia (durasi negatif di-clamp ke 0 = Comply);0,00;Comply
202603;TREG 3;SURAMADU;SURABAYA SELATAN;DMO;migrate;24,00;CustomerAssign;bima_customerassign_date tersedia (durasi negatif di-clamp ke 0 = Comply);73,11;Not Comply
202603;TREG 3;SEMARANG JATENG UTARA;SEMARANG;SMT;migrate;24,00;CustomerAssign;bima_customerassign_date tersedia (durasi negatif di-clamp ke 0 = Comply);0,00;Comply
202603;TREG 3;YOGYA JATENG SELATAN;YOGYAKARTA;BBS;create;48,00;CustomerAssign;bima_customerassign_date tersedia (durasi negatif di-clamp ke 0 = Comply);99,18;Not Comply
202603;TREG 4;KALTIMTARA;TARAKAN;TRK;migrate;24,00;CustomerAssign;bima_customerassign_date tersedia (durasi negatif di-clamp ke 0 = Comply);8,40;Comply
202603;TREG 4;KALTIMTARA;TARAKAN;TRK;migrate;24,00;CustomerAssign;bima_customerassign_date tersedia (durasi negatif di-clamp ke 0 = Comply);219,41;Not Comply
202603;TREG 2;PRIANGAN BARAT;CIBINONG;CLS;migrate;24,00;CustomerAssign;bima_customerassign_date tersedia (durasi negatif di-clamp ke 0 = Comply);27,51;Not Comply
202603;TREG 2;BEKASI KARAWANG;BEKASI;PKY;create;48,00;CustomerAssign;bima_customerassign_date tersedia (durasi negatif di-clamp ke 0 = Comply);8,53;Comply
202603;TREG 2;JAKARTA OUTER;JAKTIM;GAN;migrate;24,00;CustomerAssign;bima_customerassign_date tersedia (durasi negatif di-clamp ke 0 = Comply);128,59;Not Comply
202603;TREG 3;BALI;DENPASAR UTARA;UBN;migrate;24,00;CustomerAssign;bima_customerassign_date tersedia (durasi negatif di-clamp ke 0 = Comply);2.816,66;Not Comply
202603;TREG 3;SURAMADU;SURABAYA UTARA;MGO;migrate;24,00;CustomerAssign;bima_customerassign_date tersedia (durasi negatif di-clamp ke 0 = Comply);56,69;Not Comply
202603;TREG 1;RIAU;TANJUNGBALAI KARIMUN;TBK;migrate;24,00;CustomerAssign;bima_customerassign_date tersedia (durasi negatif di-clamp ke 0 = Comply);51,75;Not Comply
202603;TREG 3;YOGYA JATENG SELATAN;SLEMAN;PKM;create;48,00;CustomerAssign;bima_customerassign_date tersedia (durasi negatif di-clamp ke 0 = Comply);27,75;Comply
202603;TREG 2;JAKARTA CENTRUM;JAKUT;STR;migrate;24,00;CustomerAssign;bima_customerassign_date tersedia (durasi negatif di-clamp ke 0 = Comply);49,86;Not Comply
202603;TREG 3;JATIM TIMUR;SIDOARJO;SPJ;migrate;24,00;CustomerAssign;bima_customerassign_date tersedia (durasi negatif di-clamp ke 0 = Comply);32,89;Not Comply
202603;TREG 2;PRIANGAN TIMUR;TASIKMALAYA;TSM;create;48,00;CustomerAssign;bima_customerassign_date tersedia (durasi negatif di-clamp ke 0 = Comply);25,95;Comply
202603;TREG 5;SULBAGSEL;MAKASSAR;PNK;migrate;24,00;CustomerAssign;bima_customerassign_date tersedia (durasi negatif di-clamp ke 0 = Comply);220,03;Not Comply
202603;TREG 3;YOGYA JATENG SELATAN;SLEMAN;SMN;migrate;24,00;CustomerAssign;bima_customerassign_date tersedia (durasi negatif di-clamp ke 0 = Comply);4,05;Comply
202603;TREG 2;PRIANGAN BARAT;SUKABUMI;SKB;migrate;24,00;CustomerAssign;bima_customerassign_date tersedia (durasi negatif di-clamp ke 0 = Comply);76,05;Not Comply
202603;TREG 2;BEKASI KARAWANG;CIKARANG;SMH;migrate;24,00;CustomerAssign;bima_customerassign_date tersedia (durasi negatif di-clamp ke 0 = Comply);9,06;Comply
202603;TREG 1;RIAU;TANJUNG PINANG;KMS;create;48,00;CustomerAssign;bima_customerassign_date tersedia (durasi negatif di-clamp ke 0 = Comply);28,12;Comply
202603;TREG 2;BEKASI KARAWANG;BEKASI;PKY;migrate;24,00;CustomerAssign;bima_customerassign_date tersedia (durasi negatif di-clamp ke 0 = Comply);28,21;Not Comply
202603;TREG 2;PRIANGAN BARAT;DEPOK;SKJ;migrate;24,00;CustomerAssign;bima_customerassign_date tersedia (durasi negatif di-clamp ke 0 = Comply);218,23;Not Comply
202603;TREG 5;SULBAGSEL;MAROS;SUD;migrate;24,00;CustomerAssign;bima_customerassign_date tersedia (durasi negatif di-clamp ke 0 = Comply);56,31;Not Comply
202603;TREG 2;BANDUNG;BANDUNG BARAT;CMI;create;48,00;CustomerAssign;bima_customerassign_date tersedia (durasi negatif di-clamp ke 0 = Comply);2,34;Comply
202603;TREG 2;PRIANGAN BARAT;KUJANG;DMG;migrate;24,00;CustomerAssign;bima_customerassign_date tersedia (durasi negatif di-clamp ke 0 = Comply);4,46;Comply
202603;TREG 2;BANTEN;BANTEN;CRS;migrate;24,00;CustomerAssign;bima_customerassign_date tersedia (durasi negatif di-clamp ke 0 = Comply);4,48;Comply
202603;TREG 4;KALSELTENG;BANJARMASIN;BJM;create;48,00;CustomerAssign;bima_customerassign_date tersedia (durasi negatif di-clamp ke 0 = Comply);4,50;Comply
202603;TREG 3;SURAMADU;SURABAYA SELATAN;MYR;create;48,00;CustomerAssign;bima_customerassign_date tersedia (durasi negatif di-clamp ke 0 = Comply);2,64;Comply
202603;TREG 3;YOGYA JATENG SELATAN;MUNTILAN;SWT;create;48,00;CustomerAssign;bima_customerassign_date tersedia (durasi negatif di-clamp ke 0 = Comply);57,82;Not Comply
202603;TREG 4;KALSELTENG;TANJUNG TABALONG;TJL;migrate;24,00;CustomerAssign;bima_customerassign_date tersedia (durasi negatif di-clamp ke 0 = Comply);9,95;Comply
202603;TREG 2;JAKARTA CENTRUM;JAKUT;CIL;migrate;24,00;CustomerAssign;bima_customerassign_date tersedia (durasi negatif di-clamp ke 0 = Comply);4,98;Comply
202603;TREG 4;KALBAR;KETAPANG;KTP;migrate;24,00;CustomerAssign;bima_customerassign_date tersedia (durasi negatif di-clamp ke 0 = Comply);52,99;Not Comply
202603;TREG 1;SUMUT;MEDAN;SPM;migrate;24,00;CustomerAssign;bima_customerassign_date tersedia (durasi negatif di-clamp ke 0 = Comply);34,06;Not Comply
202603;TREG 4;BALIKPAPAN;BALIKPAPAN;GSA;create;48,00;CustomerAssign;bima_customerassign_date tersedia (durasi negatif di-clamp ke 0 = Comply);0,00;Comply
202603;TREG 4;KALTIMTARA;MELAK;TGG;migrate;24,00;CustomerAssign;bima_customerassign_date tersedia (durasi negatif di-clamp ke 0 = Comply);5,09;Comply
202603;TREG 3;JATIM BARAT;MALANG;SWJ;create;48,00;CustomerAssign;bima_customerassign_date tersedia (durasi negatif di-clamp ke 0 = Comply);5,17;Comply
202603;TREG 1;RIAU;DUMAI;DRI;migrate;24,00;CustomerAssign;bima_customerassign_date tersedia (durasi negatif di-clamp ke 0 = Comply);27,24;Not Comply
202603;TREG 5;SUMALUT;BITUNG;BIT;migrate;24,00;CustomerAssign;bima_customerassign_date tersedia (durasi negatif di-clamp ke 0 = Comply);0,00;Comply
202603;TREG 2;JAKARTA OUTER;JAKTIM;PDK;migrate;24,00;CustomerAssign;bima_customerassign_date tersedia (durasi negatif di-clamp ke 0 = Comply);195,29;Not Comply
202603;TREG 4;KALTIMTARA;SAMARINDA;SEM;create;48,00;CustomerAssign;bima_customerassign_date tersedia (durasi negatif di-clamp ke 0 = Comply);418,44;Not Comply
202603;TREG 2;JAKARTA OUTER;JAKTIM;CWA;migrate;24,00;CustomerAssign;bima_customerassign_date tersedia (durasi negatif di-clamp ke 0 = Comply);3,59;Comply
202603;TREG 2;JAKARTA OUTER;JAKSEL;KAL;create;48,00;CustomerAssign;bima_customerassign_date tersedia (durasi negatif di-clamp ke 0 = Comply);10,68;Comply
202603;TREG 4;KALSELTENG;TANJUNG TABALONG;AMT;migrate;24,00;CustomerAssign;bima_customerassign_date tersedia (durasi negatif di-clamp ke 0 = Comply);0,00;Comply
202603;TREG 3;JATIM TIMUR;PROBOLINGGO;PBL;migrate;24,00;CustomerAssign;bima_customerassign_date tersedia (durasi negatif di-clamp ke 0 = Comply);5,86;Comply
202603;TREG 2;JAKARTA OUTER;JAKTIM;GAN;create;48,00;CustomerAssign;bima_customerassign_date tersedia (durasi negatif di-clamp ke 0 = Comply);0,00;Comply
202603;TREG 1;ACEH;LHOKSEUMAWE;LSM;create;48,00;CustomerAssign;bima_customerassign_date tersedia (durasi negatif di-clamp ke 0 = Comply);203,00;Not Comply
202603;TREG 4;KALSELTENG;BANJARBARU;BBR;migrate;24,00;CustomerAssign;bima_customerassign_date tersedia (durasi negatif di-clamp ke 0 = Comply);6,00;Comply
202603;TREG 4;BALIKPAPAN;BALIKPAPAN;KTB;migrate;24,00;CustomerAssign;bima_customerassign_date tersedia (durasi negatif di-clamp ke 0 = Comply);78,00;Not Comply
202603;TREG 4;KALSELTENG;BANJARBARU;BBR;migrate;24,00;CustomerAssign;bima_customerassign_date tersedia (durasi negatif di-clamp ke 0 = Comply);54,06;Not Comply
202603;TREG 3;BALI;DENPASAR SELATAN;BNO;migrate;24,00;CustomerAssign;bima_customerassign_date tersedia (durasi negatif di-clamp ke 0 = Comply);107,29;Not Comply
202603;TREG 2;JAKARTA CENTRUM;JAKUT;KLG;migrate;24,00;CustomerAssign;bima_customerassign_date tersedia (durasi negatif di-clamp ke 0 = Comply);0,00;Comply
202603;TREG 1;SUMUT;MEDAN;PDB;migrate;24,00;CustomerAssign;bima_customerassign_date tersedia (durasi negatif di-clamp ke 0 = Comply);35,54;Not Comply
202603;TREG 3;YOGYA JATENG SELATAN;SLEMAN;PKM;create;48,00;CustomerAssign;bima_customerassign_date tersedia (durasi negatif di-clamp ke 0 = Comply);107,56;Not Comply
202603;TREG 1;RIAU;RIKEP;BTC;migrate;24,00;CustomerAssign;bima_customerassign_date tersedia (durasi negatif di-clamp ke 0 = Comply);6,66;Comply
202603;TREG 5;SULBAGSEL;MAKASSAR;PNK;create;48,00;CustomerAssign;bima_customerassign_date tersedia (durasi negatif di-clamp ke 0 = Comply);484,69;Not Comply
202603;TREG 5;SULBAGSEL;KENDARI;MDG;migrate;24,00;CustomerAssign;bima_customerassign_date tersedia (durasi negatif di-clamp ke 0 = Comply);59,69;Not Comply
202603;TREG 4;KALTIMTARA;BULUNGAN BERAU;TRD;migrate;24,00;CustomerAssign;bima_customerassign_date tersedia (durasi negatif di-clamp ke 0 = Comply);59,75;Not Comply
202603;TREG 4;BALIKPAPAN;BALIKPAPAN;BAM;create;48,00;CustomerAssign;bima_customerassign_date tersedia (durasi negatif di-clamp ke 0 = Comply);22,78;Comply
202603;TREG 3;SURAMADU;SURABAYA SELATAN;DMO;migrate;24,00;CustomerAssign;bima_customerassign_date tersedia (durasi negatif di-clamp ke 0 = Comply);0,00;Comply
202603;TREG 2;JAKARTA INNER;JAKBAR;MRY;migrate;24,00;CustomerAssign;bima_customerassign_date tersedia (durasi negatif di-clamp ke 0 = Comply);0,00;Comply
202603;TREG 1;ACEH;ACEH;BNA;migrate;24,00;CustomerAssign;bima_customerassign_date tersedia (durasi negatif di-clamp ke 0 = Comply);35,95;Not Comply
202603;TREG 1;ACEH;ACEH;LTM;migrate;24,00;CustomerAssign;bima_customerassign_date tersedia (durasi negatif di-clamp ke 0 = Comply);102,97;Not Comply
202603;TREG 1;ACEH;MEULABOH;SUS;migrate;24,00;CustomerAssign;bima_customerassign_date tersedia (durasi negatif di-clamp ke 0 = Comply);36,00;Not Comply
202603;TREG 1;SUMBAR JAMBI;BUKIT TINGGI;BKT;migrate;24,00;CustomerAssign;bima_customerassign_date tersedia (durasi negatif di-clamp ke 0 = Comply);204,00;Not Comply
202603;TREG 1;ACEH;ACEH;LTM;migrate;24,00;CustomerAssign;bima_customerassign_date tersedia (durasi negatif di-clamp ke 0 = Comply);725,00;Not Comply
202603;TREG 3;YOGYA JATENG SELATAN;SLEMAN;GOD;migrate;24,00;CustomerAssign;bima_customerassign_date tersedia (durasi negatif di-clamp ke 0 = Comply);12,01;Comply
202603;TREG 3;SOLO JATENG TIMUR;SOLO;GLD;migrate;24,00;CustomerAssign;bima_customerassign_date tersedia (durasi negatif di-clamp ke 0 = Comply);0,00;Comply
202603;TREG 2;JAKARTA OUTER;JAKSEL;CPE;migrate;24,00;CustomerAssign;bima_customerassign_date tersedia (durasi negatif di-clamp ke 0 = Comply);36,15;Not Comply
202603;TREG 2;JAKARTA OUTER;JAKSEL;BIN;migrate;24,00;CustomerAssign;bima_customerassign_date tersedia (durasi negatif di-clamp ke 0 = Comply);55,15;Not Comply
202603;TREG 4;KALSELTENG;PALANGKARAYA;KKP;migrate;24,00;CustomerAssign;bima_customerassign_date tersedia (durasi negatif di-clamp ke 0 = Comply);12,18;Comply
202603;TREG 2;JAKARTA OUTER;JAKSEL;KAL;migrate;24,00;CustomerAssign;bima_customerassign_date tersedia (durasi negatif di-clamp ke 0 = Comply);12,34;Comply
202603;TREG 1;RIAU;RIKEP;BTC;migrate;24,00;CustomerAssign;bima_customerassign_date tersedia (durasi negatif di-clamp ke 0 = Comply);127,45;Not Comply
202603;TREG 2;BANTEN;CIPUTAT;CPA;create;48,00;CustomerAssign;bima_customerassign_date tersedia (durasi negatif di-clamp ke 0 = Comply);12,56;Comply
202603;TREG 2;BANDUNG;SUMEDANG;CJA;migrate;24,00;CustomerAssign;bima_customerassign_date tersedia (durasi negatif di-clamp ke 0 = Comply);7,67;Comply
202603;TREG 3;JATIM TIMUR;SIDOARJO;SDA;migrate;24,00;CustomerAssign;bima_customerassign_date tersedia (durasi negatif di-clamp ke 0 = Comply);0,00;Comply
202603;TREG 1;SUMUT;MEDAN;SPM;migrate;24,00;CustomerAssign;bima_customerassign_date tersedia (durasi negatif di-clamp ke 0 = Comply);29,88;Not Comply
202603;TREG 1;SUMBAGSEL;BABEL;PGP;migrate;24,00;CustomerAssign;bima_customerassign_date tersedia (durasi negatif di-clamp ke 0 = Comply);60,89;Not Comply
202603;TREG 3;SURAMADU;SURABAYA SELATAN;MYR;migrate;24,00;CustomerAssign;bima_customerassign_date tersedia (durasi negatif di-clamp ke 0 = Comply);55,96;Not Comply
202603;TREG 1;SUMUT;MEDAN;PDB;migrate;24,00;CustomerAssign;bima_customerassign_date tersedia (durasi negatif di-clamp ke 0 = Comply);61,04;Not Comply
202603;TREG 2;JAKARTA CENTRUM;JAKUT;STR;migrate;24,00;CustomerAssign;bima_customerassign_date tersedia (durasi negatif di-clamp ke 0 = Comply);6,16;Comply
202603;TREG 3;SURAMADU;SURABAYA SELATAN;RKT;migrate;24,00;CustomerAssign;bima_customerassign_date tersedia (durasi negatif di-clamp ke 0 = Comply);30,17;Not Comply
202603;TREG 3;SURAMADU;GRESIK;GSK;migrate;24,00;CustomerAssign;bima_customerassign_date tersedia (durasi negatif di-clamp ke 0 = Comply);152,44;Not Comply
202603;TREG 2;JAKARTA CENTRUM;JAKUT;MKR;migrate;24,00;CustomerAssign;bima_customerassign_date tersedia (durasi negatif di-clamp ke 0 = Comply);37,71;Not Comply
202603;TREG 3;SURAMADU;SURABAYA SELATAN;WRU;migrate;24,00;CustomerAssign;bima_customerassign_date tersedia (durasi negatif di-clamp ke 0 = Comply);33,03;Not Comply
202603;TREG 3;SURAMADU;SURABAYA SELATAN;WRU;migrate;24,00;CustomerAssign;bima_customerassign_date tersedia (durasi negatif di-clamp ke 0 = Comply);0,00;Comply
202603;TREG 1;RIAU;RIKEP;SLU;migrate;24,00;CustomerAssign;bima_customerassign_date tersedia (durasi negatif di-clamp ke 0 = Comply);9,16;Comply
202603;TREG 4;KALSELTENG;TANJUNG TABALONG;PGN;migrate;24,00;CustomerAssign;bima_customerassign_date tersedia (durasi negatif di-clamp ke 0 = Comply);0,00;Comply
202603;TREG 3;SOLO JATENG TIMUR;KUDUS;KUD;migrate;24,00;CustomerAssign;bima_customerassign_date tersedia (durasi negatif di-clamp ke 0 = Comply);42,15;Not Comply
202603;TREG 1;ACEH;ACEH;LBR;migrate;24,00;CustomerAssign;bima_customerassign_date tersedia (durasi negatif di-clamp ke 0 = Comply);66,21;Not Comply
202603;TREG 4;KALTIMTARA;SAMARINDA;SGK;migrate;24,00;CustomerAssign;bima_customerassign_date tersedia (durasi negatif di-clamp ke 0 = Comply);0,00;Comply
202603;TREG 4;KALTIMTARA;BONTANG;BOT;migrate;24,00;CustomerAssign;bima_customerassign_date tersedia (durasi negatif di-clamp ke 0 = Comply);71,39;Not Comply
202603;TREG 4;KALTIMTARA;TARAKAN;TRK;migrate;24,00;CustomerAssign;bima_customerassign_date tersedia (durasi negatif di-clamp ke 0 = Comply);114,51;Not Comply
202603;TREG 5;PAPUA;ABEPURA;ABE;create;48,00;CustomerAssign;bima_customerassign_date tersedia (durasi negatif di-clamp ke 0 = Comply);23,79;Comply
202603;TREG 3;JATIM TIMUR;BANYUWANGI;GEN;migrate;24,00;CustomerAssign;bima_customerassign_date tersedia (durasi negatif di-clamp ke 0 = Comply);18,88;Comply
202603;TREG 5;PAPUA BARAT;NABIRE;NAB;migrate;24,00;CustomerAssign;bima_customerassign_date tersedia (durasi negatif di-clamp ke 0 = Comply);0,00;Comply
202603;TREG 4;KALSELTENG;MUARA TEWEH;PRC;migrate;24,00;CustomerAssign;bima_customerassign_date tersedia (durasi negatif di-clamp ke 0 = Comply);0,37;Comply
202603;TREG 3;JATIM BARAT;MALANG;GDG;migrate;24,00;CustomerAssign;bima_customerassign_date tersedia (durasi negatif di-clamp ke 0 = Comply);41,49;Not Comply
202603;TREG 3;BALI;DENPASAR SELATAN;JBR;migrate;24,00;CustomerAssign;bima_customerassign_date tersedia (durasi negatif di-clamp ke 0 = Comply);72,58;Not Comply
202603;TREG 2;JAKARTA CENTRUM;JAKPUS;CID;migrate;24,00;CustomerAssign;bima_customerassign_date tersedia (durasi negatif di-clamp ke 0 = Comply);0,71;Comply
202603;TREG 2;BANTEN;CIPUTAT;CPA;create;48,00;CustomerAssign;bima_customerassign_date tersedia (durasi negatif di-clamp ke 0 = Comply);19,82;Comply
202603;TREG 5;SULBAGSEL;MAROS;MAR;migrate;24,00;CustomerAssign;bima_customerassign_date tersedia (durasi negatif di-clamp ke 0 = Comply);72,84;Not Comply
202603;TREG 4;KALTIMTARA;BONTANG;STT;migrate;24,00;CustomerAssign;bima_customerassign_date tersedia (durasi negatif di-clamp ke 0 = Comply);187,87;Not Comply
202603;TREG 5;SULBAGSEL;MAMUJU;MAM;migrate;24,00;CustomerAssign;bima_customerassign_date tersedia (durasi negatif di-clamp ke 0 = Comply);91,89;Not Comply
202603;TREG 5;SULBAGSEL;SITOR;RTP;migrate;24,00;CustomerAssign;bima_customerassign_date tersedia (durasi negatif di-clamp ke 0 = Comply);0,00;Comply
202603;TREG 4;KALTIMTARA;SAMARINDA;LMP;create;48,00;CustomerAssign;bima_customerassign_date tersedia (durasi negatif di-clamp ke 0 = Comply);42,29;Comply
202603;TREG 3;SURAMADU;SURABAYA UTARA;KBL;migrate;24,00;CustomerAssign;bima_customerassign_date tersedia (durasi negatif di-clamp ke 0 = Comply);209,70;Not Comply
202603;TREG 3;YOGYA JATENG SELATAN;MAGELANG;MGE;migrate;24,00;CustomerAssign;bima_customerassign_date tersedia (durasi negatif di-clamp ke 0 = Comply);73,87;Not Comply
202603;TREG 3;YOGYA JATENG SELATAN;WONOSOBO;WOS;migrate;24,00;CustomerAssign;bima_customerassign_date tersedia (durasi negatif di-clamp ke 0 = Comply);49,95;Not Comply
202603;TREG 2;PRIANGAN BARAT;SENTUL;CRI;migrate;24,00;CustomerAssign;bima_customerassign_date tersedia (durasi negatif di-clamp ke 0 = Comply);45,89;Not Comply
202603;TREG 1;ACEH;ACEH;LBR;migrate;24,00;CustomerAssign;bima_customerassign_date tersedia (durasi negatif di-clamp ke 0 = Comply);69,89;Not Comply
202603;TREG 4;KALTIMTARA;SAMARINDA;SEM;migrate;24,00;CustomerAssign;bima_customerassign_date tersedia (durasi negatif di-clamp ke 0 = Comply);117,93;Not Comply
202603;TREG 1;ACEH;LANGSA;LGS;migrate;24,00;CustomerAssign;bima_customerassign_date tersedia (durasi negatif di-clamp ke 0 = Comply);525,98;Not Comply
202603;TREG 3;YOGYA JATENG SELATAN;CILACAP;KRY;migrate;24,00;CustomerAssign;bima_customerassign_date tersedia (durasi negatif di-clamp ke 0 = Comply);75,26;Not Comply
202603;TREG 4;KALBAR;SINGKAWANG;SNW;migrate;24,00;CustomerAssign;bima_customerassign_date tersedia (durasi negatif di-clamp ke 0 = Comply);147,70;Not Comply
202603;TREG 1;SUMUT;SIBOLGA;BLG;migrate;24,00;CustomerAssign;bima_customerassign_date tersedia (durasi negatif di-clamp ke 0 = Comply);219,79;Not Comply
202603;TREG 4;KALTIMTARA;SAMARINDA;LMP;migrate;24,00;CustomerAssign;bima_customerassign_date tersedia (durasi negatif di-clamp ke 0 = Comply);143,46;Not Comply
202603;TREG 1;SUMUT;MEDAN;TTG;migrate;24,00;CustomerAssign;bima_customerassign_date tersedia (durasi negatif di-clamp ke 0 = Comply);52,58;Not Comply
202603;TREG 4;KALTIMTARA;SAMARINDA;LOB;create;48,00;CustomerAssign;bima_customerassign_date tersedia (durasi negatif di-clamp ke 0 = Comply);23,82;Comply
202603;TREG 2;JAKARTA INNER;JAKBAR;TGA;create;48,00;CustomerAssign;bima_customerassign_date tersedia (durasi negatif di-clamp ke 0 = Comply);22,34;Comply
202603;TREG 3;BALI;DENPASAR SELATAN;JBR;migrate;24,00;CustomerAssign;bima_customerassign_date tersedia (durasi negatif di-clamp ke 0 = Comply);149,38;Not Comply
202603;TREG 2;BANDUNG;BANDUNG;TRG;migrate;24,00;CustomerAssign;bima_customerassign_date tersedia (durasi negatif di-clamp ke 0 = Comply);0,43;Comply
202603;TREG 2;BANTEN;LENGKONG;LKG;migrate;24,00;CustomerAssign;bima_customerassign_date tersedia (durasi negatif di-clamp ke 0 = Comply);960,50;Not Comply
202603;TREG 5;SULBAGSEL;MAROS;SUD;migrate;24,00;CustomerAssign;bima_customerassign_date tersedia (durasi negatif di-clamp ke 0 = Comply);5,68;Comply
202603;TREG 1;RIAU;RIKEP;SKN;create;48,00;CustomerAssign;bima_customerassign_date tersedia (durasi negatif di-clamp ke 0 = Comply);0,79;Comply
202603;TREG 2;BANDUNG;BANDUNG;BDK;migrate;24,00;CustomerAssign;bima_customerassign_date tersedia (durasi negatif di-clamp ke 0 = Comply);5,82;Comply
202603;TREG 3;SEMARANG JATENG UTARA;BATANG;BTG;migrate;24,00;CustomerAssign;bima_customerassign_date tersedia (durasi negatif di-clamp ke 0 = Comply);121,18;Not Comply
202603;TREG 3;SEMARANG JATENG UTARA;PEKALONGAN;PKL;migrate;24,00;CustomerAssign;bima_customerassign_date tersedia (durasi negatif di-clamp ke 0 = Comply);25,20;Not Comply
202603;TREG 3;YOGYA JATENG SELATAN;SLEMAN;PKM;create;48,00;CustomerAssign;bima_customerassign_date tersedia (durasi negatif di-clamp ke 0 = Comply);71,23;Not Comply
202603;TREG 4;KALSELTENG;SAMPIT;SAI;migrate;24,00;CustomerAssign;bima_customerassign_date tersedia (durasi negatif di-clamp ke 0 = Comply);54,32;Not Comply
202603;TREG 2;PRIANGAN BARAT;KUJANG;BOO;create;48,00;CustomerAssign;bima_customerassign_date tersedia (durasi negatif di-clamp ke 0 = Comply);30,35;Comply
202603;TREG 3;YOGYA JATENG SELATAN;SLEMAN;KLS;migrate;24,00;CustomerAssign;bima_customerassign_date tersedia (durasi negatif di-clamp ke 0 = Comply);71,37;Not Comply
202603;TREG 3;SURAMADU;SURABAYA UTARA;TNS;create;48,00;CustomerAssign;bima_customerassign_date tersedia (durasi negatif di-clamp ke 0 = Comply);73,38;Not Comply
202603;TREG 4;BALIKPAPAN;BALIKPAPAN;BRU;create;48,00;CustomerAssign;bima_customerassign_date tersedia (durasi negatif di-clamp ke 0 = Comply);0,00;Comply
202603;TREG 4;KALTIMTARA;SAMARINDA;SGK;migrate;24,00;CustomerAssign;bima_customerassign_date tersedia (durasi negatif di-clamp ke 0 = Comply);359,53;Not Comply
202603;TREG 4;KALTIMTARA;MELAK;SBR;migrate;24,00;CustomerAssign;bima_customerassign_date tersedia (durasi negatif di-clamp ke 0 = Comply);25,85;Not Comply
202603;TREG 2;PRIANGAN BARAT;DEPOK;PCM;migrate;24,00;CustomerAssign;bima_customerassign_date tersedia (durasi negatif di-clamp ke 0 = Comply);79,07;Not Comply
202603;TREG 2;BEKASI KARAWANG;BEKASI;BEK;migrate;24,00;CustomerAssign;bima_customerassign_date tersedia (durasi negatif di-clamp ke 0 = Comply);7,14;Comply
202603;TREG 4;BALIKPAPAN;BALIKPAPAN;MGG;create;48,00;CustomerAssign;bima_customerassign_date tersedia (durasi negatif di-clamp ke 0 = Comply);74,18;Not Comply
202603;TREG 2;PRIANGAN BARAT;DEPOK;SKJ;create;48,00;CustomerAssign;bima_customerassign_date tersedia (durasi negatif di-clamp ke 0 = Comply);2,46;Comply
202603;TREG 1;SUMUT;MEDAN;SKI;migrate;24,00;CustomerAssign;bima_customerassign_date tersedia (durasi negatif di-clamp ke 0 = Comply);26,47;Not Comply
202603;TREG 3;SOLO JATENG TIMUR;SOLO;KRT;migrate;24,00;CustomerAssign;bima_customerassign_date tersedia (durasi negatif di-clamp ke 0 = Comply);50,48;Not Comply
202603;TREG 5;SULBAGSEL;MAKASSAR;TMA;migrate;24,00;CustomerAssign;bima_customerassign_date tersedia (durasi negatif di-clamp ke 0 = Comply);0,00;Comply
202603;TREG 4;KALBAR;SANGGAU;SGU;migrate;24,00;CustomerAssign;bima_customerassign_date tersedia (durasi negatif di-clamp ke 0 = Comply);55,61;Not Comply
202603;TREG 4;KALTIMTARA;BONTANG;BOT;migrate;24,00;CustomerAssign;bima_customerassign_date tersedia (durasi negatif di-clamp ke 0 = Comply);79,71;Not Comply
202603;TREG 2;PRIANGAN BARAT;CIBINONG;CSN;create;48,00;CustomerAssign;bima_customerassign_date tersedia (durasi negatif di-clamp ke 0 = Comply);50,73;Not Comply
202603;TREG 5;SULBAGTENG;GORONTALO;LBT;migrate;24,00;CustomerAssign;bima_customerassign_date tersedia (durasi negatif di-clamp ke 0 = Comply);98,81;Not Comply
202603;TREG 2;BANTEN;LENGKONG;CUG;migrate;24,00;CustomerAssign;bima_customerassign_date tersedia (durasi negatif di-clamp ke 0 = Comply);79,89;Not Comply
202603;TREG 1;SUMUT;MEDAN;DLT;migrate;24,00;CustomerAssign;bima_customerassign_date tersedia (durasi negatif di-clamp ke 0 = Comply);74,97;Not Comply
202603;TREG 1;RIAU;DUMAI;DRI;migrate;24,00;CustomerAssign;bima_customerassign_date tersedia (durasi negatif di-clamp ke 0 = Comply);99,17;Not Comply
202603;TREG 5;SULBAGSEL;MAROS;SUD;create;48,00;CustomerAssign;bima_customerassign_date tersedia (durasi negatif di-clamp ke 0 = Comply);0,00;Comply
202603;TREG 3;SOLO JATENG TIMUR;SOLO;GLD;migrate;24,00;CustomerAssign;bima_customerassign_date tersedia (durasi negatif di-clamp ke 0 = Comply);32,26;Not Comply
202603;TREG 2;JAKARTA INNER;JAKBAR;SMI;migrate;24,00;CustomerAssign;bima_customerassign_date tersedia (durasi negatif di-clamp ke 0 = Comply);3,35;Comply
202603;TREG 4;KALTIMTARA;NUNUKAN;MLN;create;48,00;CustomerAssign;bima_customerassign_date tersedia (durasi negatif di-clamp ke 0 = Comply);3,48;Comply
202603;TREG 1;SUMBAR JAMBI;MUARA BUNGO;SPN;migrate;24,00;CustomerAssign;bima_customerassign_date tersedia (durasi negatif di-clamp ke 0 = Comply);75,49;Not Comply
202603;TREG 2;BANTEN;CIPUTAT;CPA;create;48,00;CustomerAssign;bima_customerassign_date tersedia (durasi negatif di-clamp ke 0 = Comply);8,54;Comply
202603;TREG 2;BEKASI KARAWANG;CIKARANG;SUE;create;48,00;CustomerAssign;bima_customerassign_date tersedia (durasi negatif di-clamp ke 0 = Comply);25,56;Comply
202603;TREG 1;RIAU;RIDAR;PBB;migrate;24,00;CustomerAssign;bima_customerassign_date tersedia (durasi negatif di-clamp ke 0 = Comply);8,59;Comply
202603;TREG 4;KALSELTENG;TANJUNG TABALONG;TJL;migrate;24,00;CustomerAssign;bima_customerassign_date tersedia (durasi negatif di-clamp ke 0 = Comply);32,93;Not Comply
202603;TREG 1;RIAU;TANJUNG PINANG;TPI;create;48,00;CustomerAssign;bima_customerassign_date tersedia (durasi negatif di-clamp ke 0 = Comply);52,80;Not Comply
202603;TREG 4;KALSELTENG;BATULICIN;KPL;migrate;24,00;CustomerAssign;bima_customerassign_date tersedia (durasi negatif di-clamp ke 0 = Comply);34,24;Not Comply
202603;TREG 2;BANTEN;CIPUTAT;CPA;migrate;24,00;CustomerAssign;bima_customerassign_date tersedia (durasi negatif di-clamp ke 0 = Comply);29,25;Not Comply
202603;TREG 2;JAKARTA CENTRUM;JAKPUS;CID;migrate;24,00;PI;bima_customerassign_date kosong → pakai orca_pi_date (durasi negatif di-clamp ke 0 = Comply);4,76;Comply
202603;TREG 2;JAKARTA CENTRUM;JAKUT;KLG;migrate;24,00;CustomerAssign;bima_customerassign_date tersedia (durasi negatif di-clamp ke 0 = Comply);10,83;Comply
202603;TREG 2;BEKASI KARAWANG;BEKASI;BBL;create;48,00;CustomerAssign;bima_customerassign_date tersedia (durasi negatif di-clamp ke 0 = Comply);11,16;Comply
202603;TREG 2;BANTEN;CIPUTAT;CPA;migrate;24,00;CustomerAssign;bima_customerassign_date tersedia (durasi negatif di-clamp ke 0 = Comply);155,27;Not Comply
202603;TREG 4;KALSELTENG;PALANGKARAYA;KKP;migrate;24,00;CustomerAssign;bima_customerassign_date tersedia (durasi negatif di-clamp ke 0 = Comply);4,43;Comply
202603;TREG 2;PRIANGAN TIMUR;KUNINGAN;PAB;migrate;24,00;CustomerAssign;bima_customerassign_date tersedia (durasi negatif di-clamp ke 0 = Comply);484,55;Not Comply
202603;TREG 4;BALIKPAPAN;BALIKPAPAN;GSA;migrate;24,00;PI;bima_customerassign_date kosong → pakai orca_pi_date (durasi negatif di-clamp ke 0 = Comply);9,01;Comply
202603;TREG 2;JAKARTA OUTER;JAKTIM;JTN;migrate;24,00;CustomerAssign;bima_customerassign_date tersedia (durasi negatif di-clamp ke 0 = Comply);30,62;Not Comply
202603;TREG 2;JAKARTA INNER;JAKBAR;PLM;migrate;24,00;CustomerAssign;bima_customerassign_date tersedia (durasi negatif di-clamp ke 0 = Comply);4,65;Comply
202603;TREG 2;BANDUNG;SOREANG;BJA;create;48,00;CustomerAssign;bima_customerassign_date tersedia (durasi negatif di-clamp ke 0 = Comply);4,66;Comply
202603;TREG 1;RIAU;INDRAGIRI;TBH;migrate;24,00;CustomerAssign;bima_customerassign_date tersedia (durasi negatif di-clamp ke 0 = Comply);35,70;Not Comply
202603;TREG 4;KALSELTENG;BANJARMASIN;BJM;migrate;24,00;CustomerAssign;bima_customerassign_date tersedia (durasi negatif di-clamp ke 0 = Comply);30,71;Not Comply
202603;TREG 2;BANTEN;LENGKONG;SRP;migrate;24,00;CustomerAssign;bima_customerassign_date tersedia (durasi negatif di-clamp ke 0 = Comply);54,83;Not Comply
202603;TREG 4;BALIKPAPAN;BALIKPAPAN;MGG;create;48,00;CustomerAssign;bima_customerassign_date tersedia (durasi negatif di-clamp ke 0 = Comply);12,05;Comply
202603;TREG 1;SUMUT;MEDAN;DLT;migrate;24,00;CustomerAssign;bima_customerassign_date tersedia (durasi negatif di-clamp ke 0 = Comply);151,22;Not Comply
202603;TREG 4;KALTIMTARA;TARAKAN;TAJ;create;48,00;CustomerAssign;bima_customerassign_date tersedia (durasi negatif di-clamp ke 0 = Comply);36,53;Comply
202603;TREG 3;SURAMADU;SURABAYA SELATAN;DMO;migrate;24,00;CustomerAssign;bima_customerassign_date tersedia (durasi negatif di-clamp ke 0 = Comply);55,61;Not Comply
202603;TREG 2;BEKASI KARAWANG;SUBANG;PBS;migrate;24,00;CustomerAssign;bima_customerassign_date tersedia (durasi negatif di-clamp ke 0 = Comply);12,83;Comply
202603;TREG 1;RIAU;BANGKINANG;ARK;migrate;24,00;CustomerAssign;bima_customerassign_date tersedia (durasi negatif di-clamp ke 0 = Comply);31,83;Not Comply
202603;TREG 4;KALTIMTARA;BULUNGAN BERAU;TBY;create;48,00;CustomerAssign;bima_customerassign_date tersedia (durasi negatif di-clamp ke 0 = Comply);60,92;Not Comply
202603;TREG 3;YOGYA JATENG SELATAN;TEMANGGUNG;PRN;migrate;24,00;CustomerAssign;bima_customerassign_date tersedia (durasi negatif di-clamp ke 0 = Comply);55,96;Not Comply
202603;TREG 2;PRIANGAN BARAT;DEPOK;DEP;migrate;24,00;PI;bima_customerassign_date kosong → pakai orca_pi_date (durasi negatif di-clamp ke 0 = Comply);4,70;Comply
202603;TREG 2;PRIANGAN BARAT;DEPOK;DEP;create;48,00;CustomerAssign;bima_customerassign_date tersedia (durasi negatif di-clamp ke 0 = Comply);13,24;Comply
202603;TREG 2;BANTEN;CIPUTAT;CPA;migrate;24,00;CustomerAssign;bima_customerassign_date tersedia (durasi negatif di-clamp ke 0 = Comply);32,30;Not Comply
202603;TREG 2;JAKARTA CENTRUM;JAKUT;TPR;migrate;24,00;CustomerAssign;bima_customerassign_date tersedia (durasi negatif di-clamp ke 0 = Comply);13,82;Comply
202603;TREG 3;BALI;DENPASAR UTARA;UBN;create;48,00;CustomerAssign;bima_customerassign_date tersedia (durasi negatif di-clamp ke 0 = Comply);102,91;Not Comply
202603;TREG 5;SUMALUT;BITUNG;AMD;migrate;24,00;CustomerAssign;bima_customerassign_date tersedia (durasi negatif di-clamp ke 0 = Comply);155,15;Not Comply
202603;TREG 1;RIAU;BANGKINANG;BKN;migrate;24,00;CustomerAssign;bima_customerassign_date tersedia (durasi negatif di-clamp ke 0 = Comply);14,16;Comply
202603;TREG 4;KALBAR;PONTIANAK;SRD;create;48,00;CustomerAssign;bima_customerassign_date tersedia (durasi negatif di-clamp ke 0 = Comply);38,78;Comply
202603;TREG 1;RIAU;TANJUNG PINANG;TUB;migrate;24,00;CustomerAssign;bima_customerassign_date tersedia (durasi negatif di-clamp ke 0 = Comply);10,19;Comply
202603;TREG 4;KALSELTENG;TANJUNG TABALONG;TJL;migrate;24,00;CustomerAssign;bima_customerassign_date tersedia (durasi negatif di-clamp ke 0 = Comply);63,50;Not Comply
202603;TREG 2;JAKARTA OUTER;JAKTIM;KRG;create;48,00;CustomerAssign;bima_customerassign_date tersedia (durasi negatif di-clamp ke 0 = Comply);8,90;Comply
202603;TREG 1;RIAU;TANJUNG PINANG;KMS;migrate;24,00;CustomerAssign;bima_customerassign_date tersedia (durasi negatif di-clamp ke 0 = Comply);34,52;Not Comply
202603;TREG 4;KALTIMTARA;TARAKAN;TRK;migrate;24,00;CustomerAssign;bima_customerassign_date tersedia (durasi negatif di-clamp ke 0 = Comply);42,62;Not Comply
202603;TREG 1;RIAU;TANJUNG PINANG;KMS;migrate;24,00;CustomerAssign;bima_customerassign_date tersedia (durasi negatif di-clamp ke 0 = Comply);14,52;Comply
202603;TREG 1;RIAU;RIKEP;BTC;migrate;24,00;CustomerAssign;bima_customerassign_date tersedia (durasi negatif di-clamp ke 0 = Comply);0,00;Comply
202603;TREG 1;RIAU;DUMAI;DUM;migrate;24,00;CustomerAssign;bima_customerassign_date tersedia (durasi negatif di-clamp ke 0 = Comply);0,00;Comply
202603;TREG 2;BANDUNG;SUMEDANG;UBR;migrate;24,00;CustomerAssign;bima_customerassign_date tersedia (durasi negatif di-clamp ke 0 = Comply);19,37;Comply
202603;TREG 4;KALSELTENG;PALANGKARAYA;KKP;migrate;24,00;CustomerAssign;bima_customerassign_date tersedia (durasi negatif di-clamp ke 0 = Comply);41,37;Not Comply
202603;TREG 5;SULBAGSEL;BONE;WTP;migrate;24,00;CustomerAssign;bima_customerassign_date tersedia (durasi negatif di-clamp ke 0 = Comply);288,39;Not Comply
202603;TREG 2;PRIANGAN BARAT;DEPOK;DEP;migrate;24,00;CustomerAssign;bima_customerassign_date tersedia (durasi negatif di-clamp ke 0 = Comply);115,92;Not Comply
202603;TREG 3;SURAMADU;SURABAYA UTARA;TNS;migrate;24,00;CustomerAssign;bima_customerassign_date tersedia (durasi negatif di-clamp ke 0 = Comply);46,97;Not Comply
202603;TREG 1;SUMUT;SIBOLGA;PND;migrate;24,00;CustomerAssign;bima_customerassign_date tersedia (durasi negatif di-clamp ke 0 = Comply);241,22;Not Comply
202603;TREG 3;SURAMADU;SURABAYA SELATAN;JGR;migrate;24,00;CustomerAssign;bima_customerassign_date tersedia (durasi negatif di-clamp ke 0 = Comply);18,30;Comply
202603;TREG 1;SUMUT;LUBUK PAKAM;TJR;migrate;24,00;CustomerAssign;bima_customerassign_date tersedia (durasi negatif di-clamp ke 0 = Comply);97,73;Not Comply
202603;TREG 4;KALTIMTARA;SAMARINDA;LOB;create;48,00;CustomerAssign;bima_customerassign_date tersedia (durasi negatif di-clamp ke 0 = Comply);19,15;Comply
202603;TREG 5;PAPUA;MERAUKE;MRK;migrate;24,00;CustomerAssign;bima_customerassign_date tersedia (durasi negatif di-clamp ke 0 = Comply);117,28;Not Comply
202603;TREG 1;SUMUT;SUMUT;PMS;migrate;24,00;CustomerAssign;bima_customerassign_date tersedia (durasi negatif di-clamp ke 0 = Comply);2,32;Comply
202603;TREG 5;PAPUA;SENTANI;SNI;migrate;24,00;CustomerAssign;bima_customerassign_date tersedia (durasi negatif di-clamp ke 0 = Comply);74,33;Not Comply
202603;TREG 2;BANDUNG;SUMEDANG;SMD;migrate;24,00;CustomerAssign;bima_customerassign_date tersedia (durasi negatif di-clamp ke 0 = Comply);117,65;Not Comply
202603;TREG 3;SEMARANG JATENG UTARA;SLAWI;SLW;create;48,00;CustomerAssign;bima_customerassign_date tersedia (durasi negatif di-clamp ke 0 = Comply);74,69;Not Comply
202603;TREG 2;BANDUNG;PADALARANG;PDL;migrate;24,00;CustomerAssign;bima_customerassign_date tersedia (durasi negatif di-clamp ke 0 = Comply);50,85;Not Comply
202603;TREG 4;KALTIMTARA;BONTANG;STT;migrate;24,00;CustomerAssign;bima_customerassign_date tersedia (durasi negatif di-clamp ke 0 = Comply);69,87;Not Comply
202603;TREG 2;JAKARTA OUTER;JAKTIM;KRG;create;48,00;CustomerAssign;bima_customerassign_date tersedia (durasi negatif di-clamp ke 0 = Comply);2,97;Comply
202603;TREG 3;YOGYA JATENG SELATAN;YOGYAKARTA;KBU;create;48,00;CustomerAssign;bima_customerassign_date tersedia (durasi negatif di-clamp ke 0 = Comply);118,18;Not Comply
202603;TREG 5;SUMALUT;AMBON;ABO;migrate;24,00;CustomerAssign;bima_customerassign_date tersedia (durasi negatif di-clamp ke 0 = Comply);0,00;Comply
202603;TREG 2;BEKASI KARAWANG;KARAWANG;KLI;create;48,00;CustomerAssign;bima_customerassign_date tersedia (durasi negatif di-clamp ke 0 = Comply);44,80;Comply
202603;TREG 4;KALTIMTARA;BONTANG;STT;migrate;24,00;CustomerAssign;bima_customerassign_date tersedia (durasi negatif di-clamp ke 0 = Comply);0,00;Comply
202603;TREG 3;SOLO JATENG TIMUR;SOLO;MSO;migrate;24,00;CustomerAssign;bima_customerassign_date tersedia (durasi negatif di-clamp ke 0 = Comply);21,38;Comply
202603;TREG 2;JAKARTA OUTER;JAKSEL;BIN;create;48,00;CustomerAssign;bima_customerassign_date tersedia (durasi negatif di-clamp ke 0 = Comply);0,00;Comply
202603;TREG 2;BANTEN;BANTEN;SEG;create;48,00;CustomerAssign;bima_customerassign_date tersedia (durasi negatif di-clamp ke 0 = Comply);4,78;Comply
202603;TREG 2;PRIANGAN BARAT;CIBADAK;PLR;migrate;24,00;CustomerAssign;bima_customerassign_date tersedia (durasi negatif di-clamp ke 0 = Comply);76,82;Not Comply
202603;TREG 2;JAKARTA OUTER;JAKSEL;BIN;create;48,00;CustomerAssign;bima_customerassign_date tersedia (durasi negatif di-clamp ke 0 = Comply);4,91;Comply
202603;TREG 2;BANDUNG;PADALARANG;LEM;migrate;24,00;CustomerAssign;bima_customerassign_date tersedia (durasi negatif di-clamp ke 0 = Comply);23,98;Comply
202603;TREG 2;JAKARTA INNER;JAKBAR;PLM;create;48,00;CustomerAssign;bima_customerassign_date tersedia (durasi negatif di-clamp ke 0 = Comply);5,01;Comply
202603;TREG 4;KALSELTENG;PALANGKARAYA;PLK;migrate;24,00;CustomerAssign;bima_customerassign_date tersedia (durasi negatif di-clamp ke 0 = Comply);550,07;Not Comply
202603;TREG 2;JAKARTA OUTER;JAKSEL;BIN;migrate;24,00;CustomerAssign;bima_customerassign_date tersedia (durasi negatif di-clamp ke 0 = Comply);168,08;Not Comply
202603;TREG 2;BEKASI KARAWANG;BEKASI;PKY;create;48,00;CustomerAssign;bima_customerassign_date tersedia (durasi negatif di-clamp ke 0 = Comply);0,00;Comply
202603;TREG 3;SURAMADU;LAMONGAN;LMG;migrate;24,00;CustomerAssign;bima_customerassign_date tersedia (durasi negatif di-clamp ke 0 = Comply);3,16;Comply
202603;TREG 2;BANDUNG;BANDUNG;LBG;migrate;24,00;CustomerAssign;bima_customerassign_date tersedia (durasi negatif di-clamp ke 0 = Comply);53,25;Not Comply
202603;TREG 3;SURAMADU;SURABAYA SELATAN;JGR;migrate;24,00;CustomerAssign;bima_customerassign_date tersedia (durasi negatif di-clamp ke 0 = Comply);0,00;Comply
202603;TREG 4;KALTIMTARA;BULUNGAN BERAU;TLA;migrate;24,00;CustomerAssign;bima_customerassign_date tersedia (durasi negatif di-clamp ke 0 = Comply);173,26;Not Comply
202603;TREG 2;PRIANGAN BARAT;CIBINONG;CLS;create;48,00;CustomerAssign;bima_customerassign_date tersedia (durasi negatif di-clamp ke 0 = Comply);53,37;Not Comply
202603;TREG 2;BANDUNG;BANDUNG;TRG;create;48,00;CustomerAssign;bima_customerassign_date tersedia (durasi negatif di-clamp ke 0 = Comply);46,50;Comply
202603;TREG 2;PRIANGAN BARAT;SENTUL;KHL;migrate;24,00;CustomerAssign;bima_customerassign_date tersedia (durasi negatif di-clamp ke 0 = Comply);24,59;Not Comply
202603;TREG 2;JAKARTA CENTRUM;JAKUT;CIL;migrate;24,00;CustomerAssign;bima_customerassign_date tersedia (durasi negatif di-clamp ke 0 = Comply);0,64;Comply
202603;TREG 2;JAKARTA OUTER;JAKTIM;RMG;create;48,00;CustomerAssign;bima_customerassign_date tersedia (durasi negatif di-clamp ke 0 = Comply);0,74;Comply
202603;TREG 2;BEKASI KARAWANG;PURWAKARTA;CKP;migrate;24,00;CustomerAssign;bima_customerassign_date tersedia (durasi negatif di-clamp ke 0 = Comply);5,78;Comply
202603;TREG 4;KALSELTENG;BANJARMASIN;KYG;create;48,00;CustomerAssign;bima_customerassign_date tersedia (durasi negatif di-clamp ke 0 = Comply);0,00;Comply
202603;TREG 2;JAKARTA CENTRUM;JAKUT;KLG;migrate;24,00;CustomerAssign;bima_customerassign_date tersedia (durasi negatif di-clamp ke 0 = Comply);0,00;Comply
202603;TREG 2;BANTEN;CILEGON;GRL;create;48,00;CustomerAssign;bima_customerassign_date tersedia (durasi negatif di-clamp ke 0 = Comply);5,98;Comply
202603;TREG 4;KALSELTENG;PALANGKARAYA;PLK;migrate;24,00;CustomerAssign;bima_customerassign_date tersedia (durasi negatif di-clamp ke 0 = Comply);0,00;Comply
202603;TREG 3;SURAMADU;SURABAYA UTARA;TNS;create;48,00;CustomerAssign;bima_customerassign_date tersedia (durasi negatif di-clamp ke 0 = Comply);23,13;Comply
202603;TREG 2;PRIANGAN BARAT;DEPOK;CNE;create;48,00;CustomerAssign;bima_customerassign_date tersedia (durasi negatif di-clamp ke 0 = Comply);1,17;Comply
202603;TREG 2;BANTEN;CILEGON;CLG;migrate;24,00;CustomerAssign;bima_customerassign_date tersedia (durasi negatif di-clamp ke 0 = Comply);6,18;Comply
202603;TREG 3;BALI;TABANAN;TBN;create;48,00;CustomerAssign;bima_customerassign_date tersedia (durasi negatif di-clamp ke 0 = Comply);95,26;Not Comply
202603;TREG 2;BEKASI KARAWANG;BEKASI;BEK;migrate;24,00;CustomerAssign;bima_customerassign_date tersedia (durasi negatif di-clamp ke 0 = Comply);25,31;Not Comply
202603;TREG 3;SURAMADU;SURABAYA UTARA;BBE;create;48,00;CustomerAssign;bima_customerassign_date tersedia (durasi negatif di-clamp ke 0 = Comply);6,31;Comply
202603;TREG 4;KALTIMTARA;TARAKAN;TRK;migrate;24,00;CustomerAssign;bima_customerassign_date tersedia (durasi negatif di-clamp ke 0 = Comply);102,36;Not Comply
202603;TREG 1;RIAU;TANJUNG PINANG;KMS;migrate;24,00;CustomerAssign;bima_customerassign_date tersedia (durasi negatif di-clamp ke 0 = Comply);6,39;Comply
202603;TREG 4;BALIKPAPAN;BALIKPAPAN;GSA;create;48,00;CustomerAssign;bima_customerassign_date tersedia (durasi negatif di-clamp ke 0 = Comply);49,50;Not Comply
202603;TREG 2;JAKARTA OUTER;JAKSEL;KBY;migrate;24,00;CustomerAssign;bima_customerassign_date tersedia (durasi negatif di-clamp ke 0 = Comply);30,52;Not Comply
202603;TREG 2;JAKARTA OUTER;JAKSEL;JAG;migrate;24,00;CustomerAssign;bima_customerassign_date tersedia (durasi negatif di-clamp ke 0 = Comply);222,60;Not Comply
202603;TREG 2;BEKASI KARAWANG;CIKARANG;BGG;migrate;24,00;CustomerAssign;bima_customerassign_date tersedia (durasi negatif di-clamp ke 0 = Comply);54,76;Not Comply
202603;TREG 1;RIAU;BANGKINANG;ARK;create;48,00;CustomerAssign;bima_customerassign_date tersedia (durasi negatif di-clamp ke 0 = Comply);191,78;Not Comply
202603;TREG 1;RIAU;TANJUNGBALAI KARIMUN;SGT;migrate;24,00;CustomerAssign;bima_customerassign_date tersedia (durasi negatif di-clamp ke 0 = Comply);1,82;Comply
202603;TREG 2;PRIANGAN BARAT;CIANJUR;CJR;migrate;24,00;CustomerAssign;bima_customerassign_date tersedia (durasi negatif di-clamp ke 0 = Comply);0,00;Comply
202603;TREG 2;JAKARTA CENTRUM;JAKUT;TPR;migrate;24,00;CustomerAssign;bima_customerassign_date tersedia (durasi negatif di-clamp ke 0 = Comply);6,87;Comply
202603;TREG 3;SOLO JATENG TIMUR;WONOGIRI;SKH;migrate;24,00;CustomerAssign;bima_customerassign_date tersedia (durasi negatif di-clamp ke 0 = Comply);7,00;Comply
202603;TREG 4;KALTIMTARA;SAMARINDA;SEM;migrate;24,00;CustomerAssign;bima_customerassign_date tersedia (durasi negatif di-clamp ke 0 = Comply);26,06;Not Comply
202603;TREG 5;SUMALUT;TERNATE;TNT;migrate;24,00;CustomerAssign;bima_customerassign_date tersedia (durasi negatif di-clamp ke 0 = Comply);0,00;Comply
202603;TREG 3;YOGYA JATENG SELATAN;SLEMAN;SMN;create;48,00;CustomerAssign;bima_customerassign_date tersedia (durasi negatif di-clamp ke 0 = Comply);7,09;Comply
202603;TREG 2;BEKASI KARAWANG;CIKARANG;CIB;create;48,00;CustomerAssign;bima_customerassign_date tersedia (durasi negatif di-clamp ke 0 = Comply);7,23;Comply
202603;TREG 2;BEKASI KARAWANG;KARAWANG;KRW;migrate;24,00;CustomerAssign;bima_customerassign_date tersedia (durasi negatif di-clamp ke 0 = Comply);7,26;Comply
202603;TREG 2;BANDUNG;BANDUNG BARAT;RJW;migrate;24,00;CustomerAssign;bima_customerassign_date tersedia (durasi negatif di-clamp ke 0 = Comply);0,00;Comply
202603;TREG 3;BALI;DENPASAR CENTRUM;KLM;migrate;24,00;CustomerAssign;bima_customerassign_date tersedia (durasi negatif di-clamp ke 0 = Comply);26,38;Not Comply
202603;TREG 3;SEMARANG JATENG UTARA;SALATIGA;SLI;migrate;24,00;CustomerAssign;bima_customerassign_date tersedia (durasi negatif di-clamp ke 0 = Comply);0,00;Comply
202603;TREG 1;SUMUT;MEDAN;CTD;migrate;24,00;CustomerAssign;bima_customerassign_date tersedia (durasi negatif di-clamp ke 0 = Comply);7,38;Comply
202603;TREG 5;SULBAGSEL;MAMUJU;MAM;migrate;24,00;CustomerAssign;bima_customerassign_date tersedia (durasi negatif di-clamp ke 0 = Comply);2,39;Comply
202603;TREG 2;JAKARTA CENTRUM;JAKUT;KTZ;migrate;24,00;CustomerAssign;bima_customerassign_date tersedia (durasi negatif di-clamp ke 0 = Comply);7,73;Comply
202603;TREG 4;BALIKPAPAN;BALIKPAPAN;GSA;migrate;24,00;CustomerAssign;bima_customerassign_date tersedia (durasi negatif di-clamp ke 0 = Comply);26,77;Not Comply
202603;TREG 1;SUMBAGSEL;SUMSEL;PLJ;create;48,00;CustomerAssign;bima_customerassign_date tersedia (durasi negatif di-clamp ke 0 = Comply);168,85;Not Comply
202603;TREG 1;RIAU;RIKEP;BTC;migrate;24,00;CustomerAssign;bima_customerassign_date tersedia (durasi negatif di-clamp ke 0 = Comply);24,95;Not Comply
202603;TREG 3;BALI;DENPASAR UTARA;UBN;create;48,00;CustomerAssign;bima_customerassign_date tersedia (durasi negatif di-clamp ke 0 = Comply);99,03;Not Comply
202603;TREG 3;YOGYA JATENG SELATAN;PURWOREJO;KTA;migrate;24,00;CustomerAssign;bima_customerassign_date tersedia (durasi negatif di-clamp ke 0 = Comply);176,12;Not Comply
202603;TREG 2;BANTEN;PASAR BARU;TAN;migrate;24,00;CustomerAssign;bima_customerassign_date tersedia (durasi negatif di-clamp ke 0 = Comply);32,21;Not Comply
202603;TREG 3;YOGYA JATENG SELATAN;BANTUL;BTL;create;48,00;CustomerAssign;bima_customerassign_date tersedia (durasi negatif di-clamp ke 0 = Comply);8,22;Comply
202603;TREG 3;SURAMADU;SURABAYA UTARA;KPS;create;48,00;CustomerAssign;bima_customerassign_date tersedia (durasi negatif di-clamp ke 0 = Comply);25,26;Comply
202603;TREG 2;JAKARTA CENTRUM;JAKUT;CIL;create;48,00;CustomerAssign;bima_customerassign_date tersedia (durasi negatif di-clamp ke 0 = Comply);3,28;Comply
202603;TREG 5;SULBAGTENG;PALU;PLA;create;48,00;CustomerAssign;bima_customerassign_date tersedia (durasi negatif di-clamp ke 0 = Comply);0,00;Comply
202603;TREG 2;BANDUNG;BANDUNG BARAT;RJW;migrate;24,00;CustomerAssign;bima_customerassign_date tersedia (durasi negatif di-clamp ke 0 = Comply);577,45;Not Comply
202603;TREG 2;JAKARTA INNER;JAKBAR;CKG;create;48,00;CustomerAssign;bima_customerassign_date tersedia (durasi negatif di-clamp ke 0 = Comply);56,46;Not Comply
202603;TREG 4;KALSELTENG;BANJARBARU;BBR;create;48,00;CustomerAssign;bima_customerassign_date tersedia (durasi negatif di-clamp ke 0 = Comply);25,46;Comply
202603;TREG 4;KALSELTENG;BANJARBARU;BBR;migrate;24,00;CustomerAssign;bima_customerassign_date tersedia (durasi negatif di-clamp ke 0 = Comply);1,48;Comply
202603;TREG 2;PRIANGAN BARAT;DEPOK;SKJ;create;48,00;CustomerAssign;bima_customerassign_date tersedia (durasi negatif di-clamp ke 0 = Comply);27,50;Comply
202603;TREG 4;KALSELTENG;TANJUNG TABALONG;TJL;migrate;24,00;CustomerAssign;bima_customerassign_date tersedia (durasi negatif di-clamp ke 0 = Comply);123,52;Not Comply
202603;TREG 4;KALSELTENG;TANJUNG TABALONG;PGN;migrate;24,00;CustomerAssign;bima_customerassign_date tersedia (durasi negatif di-clamp ke 0 = Comply);80,53;Not Comply
202603;TREG 4;KALTIMTARA;BULUNGAN BERAU;TRD;migrate;24,00;CustomerAssign;bima_customerassign_date tersedia (durasi negatif di-clamp ke 0 = Comply);27,54;Not Comply
202603;TREG 1;RIAU;RIKEP;BTC;create;48,00;CustomerAssign;bima_customerassign_date tersedia (durasi negatif di-clamp ke 0 = Comply);1,56;Comply
202603;TREG 2;BEKASI KARAWANG;BEKASI;PKY;create;48,00;CustomerAssign;bima_customerassign_date tersedia (durasi negatif di-clamp ke 0 = Comply);8,61;Comply
202603;TREG 2;BEKASI KARAWANG;BEKASI;BEK;migrate;24,00;CustomerAssign;bima_customerassign_date tersedia (durasi negatif di-clamp ke 0 = Comply);27,65;Not Comply
202603;TREG 1;RIAU;RIKEP;LBJ;migrate;24,00;CustomerAssign;bima_customerassign_date tersedia (durasi negatif di-clamp ke 0 = Comply);27,76;Not Comply
202603;TREG 2;JAKARTA CENTRUM;JAKUT;MKR;migrate;24,00;CustomerAssign;bima_customerassign_date tersedia (durasi negatif di-clamp ke 0 = Comply);3,85;Comply
202603;TREG 2;JAKARTA INNER;JAKBAR;KDY;migrate;24,00;CustomerAssign;bima_customerassign_date tersedia (durasi negatif di-clamp ke 0 = Comply);25,86;Not Comply
202603;TREG 2;JAKARTA OUTER;JAKTIM;PGB;migrate;24,00;CustomerAssign;bima_customerassign_date tersedia (durasi negatif di-clamp ke 0 = Comply);56,91;Not Comply
202603;TREG 5;PAPUA;ABEPURA;ABE;migrate;24,00;CustomerAssign;bima_customerassign_date tersedia (durasi negatif di-clamp ke 0 = Comply);27,91;Not Comply
202603;TREG 2;JAKARTA OUTER;JAKSEL;BIN;migrate;24,00;CustomerAssign;bima_customerassign_date tersedia (durasi negatif di-clamp ke 0 = Comply);200,92;Not Comply
202603;TREG 4;BALIKPAPAN;BALIKPAPAN;GSA;migrate;24,00;CustomerAssign;bima_customerassign_date tersedia (durasi negatif di-clamp ke 0 = Comply);27,92;Not Comply
202603;TREG 5;SUMALUT;BITUNG;BIT;migrate;24,00;CustomerAssign;bima_customerassign_date tersedia (durasi negatif di-clamp ke 0 = Comply);1,95;Comply
202603;TREG 3;BALI;DENPASAR UTARA;SMY;migrate;24,00;CustomerAssign;bima_customerassign_date tersedia (durasi negatif di-clamp ke 0 = Comply);121,98;Not Comply
202603;TREG 4;KALTIMTARA;BULUNGAN BERAU;TRD;migrate;24,00;CustomerAssign;bima_customerassign_date tersedia (durasi negatif di-clamp ke 0 = Comply);27,98;Not Comply
202603;TREG 2;BANTEN;LENGKONG;PPG;migrate;24,00;CustomerAssign;bima_customerassign_date tersedia (durasi negatif di-clamp ke 0 = Comply);9,13;Comply
202603;TREG 2;JAKARTA OUTER;JAKTIM;KRG;migrate;24,00;CustomerAssign;bima_customerassign_date tersedia (durasi negatif di-clamp ke 0 = Comply);52,13;Not Comply
202603;TREG 3;JATIM TIMUR;TANGGUL;KNO;create;48,00;CustomerAssign;bima_customerassign_date tersedia (durasi negatif di-clamp ke 0 = Comply);489,20;Not Comply
202603;TREG 1;RIAU;RIKEP;SLU;migrate;24,00;CustomerAssign;bima_customerassign_date tersedia (durasi negatif di-clamp ke 0 = Comply);244,26;Not Comply
202603;TREG 2;BEKASI KARAWANG;SUBANG;KIA;migrate;24,00;CustomerAssign;bima_customerassign_date tersedia (durasi negatif di-clamp ke 0 = Comply);4,29;Comply
202603;TREG 3;BALI;TABANAN;NGR;migrate;24,00;CustomerAssign;bima_customerassign_date tersedia (durasi negatif di-clamp ke 0 = Comply);50,31;Not Comply
202603;TREG 2;PRIANGAN BARAT;SENTUL;KHL;migrate;24,00;CustomerAssign;bima_customerassign_date tersedia (durasi negatif di-clamp ke 0 = Comply);218,31;Not Comply
202603;TREG 1;RIAU;DUMAI;BAG;migrate;24,00;CustomerAssign;bima_customerassign_date tersedia (durasi negatif di-clamp ke 0 = Comply);105,50;Not Comply
202603;TREG 3;BALI;DENPASAR CENTRUM;KLM;migrate;24,00;CustomerAssign;bima_customerassign_date tersedia (durasi negatif di-clamp ke 0 = Comply);4,52;Comply
202603;TREG 1;SUMUT;LUBUK PAKAM;LBP;migrate;24,00;CustomerAssign;bima_customerassign_date tersedia (durasi negatif di-clamp ke 0 = Comply);33,69;Not Comply
202603;TREG 3;YOGYA JATENG SELATAN;YOGYAKARTA;KEN;create;48,00;CustomerAssign;bima_customerassign_date tersedia (durasi negatif di-clamp ke 0 = Comply);0,00;Comply
202603;TREG 1;SUMUT;MEDAN;TMU;create;48,00;CustomerAssign;bima_customerassign_date tersedia (durasi negatif di-clamp ke 0 = Comply);0,00;Comply
202603;TREG 5;SUMALUT;AMBON;ABO;create;48,00;CustomerAssign;bima_customerassign_date tersedia (durasi negatif di-clamp ke 0 = Comply);0,00;Comply
202603;TREG 2;PRIANGAN BARAT;CIBINONG;CSN;migrate;24,00;CustomerAssign;bima_customerassign_date tersedia (durasi negatif di-clamp ke 0 = Comply);10,27;Comply
202603;TREG 1;SUMUT;MEDAN;TJM;migrate;24,00;CustomerAssign;bima_customerassign_date tersedia (durasi negatif di-clamp ke 0 = Comply);10,27;Comply
202603;TREG 4;KALSELTENG;TANJUNG TABALONG;RTA;migrate;24,00;CustomerAssign;bima_customerassign_date tersedia (durasi negatif di-clamp ke 0 = Comply);99,55;Not Comply
202603;TREG 4;KALSELTENG;TANJUNG TABALONG;PGN;migrate;24,00;CustomerAssign;bima_customerassign_date tersedia (durasi negatif di-clamp ke 0 = Comply);51,55;Not Comply
202603;TREG 3;JATIM TIMUR;SIBO;BOW;migrate;24,00;CustomerAssign;bima_customerassign_date tersedia (durasi negatif di-clamp ke 0 = Comply);10,56;Comply
202603;TREG 3;SURAMADU;SURABAYA SELATAN;MYR;migrate;24,00;CustomerAssign;bima_customerassign_date tersedia (durasi negatif di-clamp ke 0 = Comply);0,00;Comply
202603;TREG 2;PRIANGAN BARAT;DEPOK;DEP;create;48,00;CustomerAssign;bima_customerassign_date tersedia (durasi negatif di-clamp ke 0 = Comply);27,61;Comply
202603;TREG 2;JAKARTA CENTRUM;JAKUT;TPR;migrate;24,00;CustomerAssign;bima_customerassign_date tersedia (durasi negatif di-clamp ke 0 = Comply);123,68;Not Comply
202603;TREG 3;NUSA TENGGARA;NTB;SEL;migrate;24,00;CustomerAssign;bima_customerassign_date tersedia (durasi negatif di-clamp ke 0 = Comply);0,00;Comply
202603;TREG 3;SURAMADU;SURABAYA SELATAN;DMO;migrate;24,00;CustomerAssign;bima_customerassign_date tersedia (durasi negatif di-clamp ke 0 = Comply);77,96;Not Comply
202603;TREG 2;JAKARTA INNER;JAKBAR;SLP;create;48,00;CustomerAssign;bima_customerassign_date tersedia (durasi negatif di-clamp ke 0 = Comply);0,00;Comply
202603;TREG 3;JATIM BARAT;MALANG;MLG;create;48,00;CustomerAssign;bima_customerassign_date tersedia (durasi negatif di-clamp ke 0 = Comply);0,00;Comply
202603;TREG 4;KALTIMTARA;NUNUKAN;NNK;migrate;24,00;CustomerAssign;bima_customerassign_date tersedia (durasi negatif di-clamp ke 0 = Comply);30,21;Not Comply
202603;TREG 1;SUMUT;MEDAN;DLT;migrate;24,00;CustomerAssign;bima_customerassign_date tersedia (durasi negatif di-clamp ke 0 = Comply);11,31;Comply
202603;TREG 4;BALIKPAPAN;TANAHGROGOT;TNG;migrate;24,00;PI;bima_customerassign_date kosong → pakai orca_pi_date (durasi negatif di-clamp ke 0 = Comply);29,54;Not Comply
202603;TREG 1;SUMUT;MEDAN;SPM;migrate;24,00;CustomerAssign;bima_customerassign_date tersedia (durasi negatif di-clamp ke 0 = Comply);155,34;Not Comply
202603;TREG 2;BANTEN;PASAR BARU;TAN;migrate;24,00;CustomerAssign;bima_customerassign_date tersedia (durasi negatif di-clamp ke 0 = Comply);294,35;Not Comply
202603;TREG 2;BANTEN;CIPUTAT;CPA;migrate;24,00;CustomerAssign;bima_customerassign_date tersedia (durasi negatif di-clamp ke 0 = Comply);6,38;Comply
202603;TREG 2;BEKASI KARAWANG;BEKASI;PKY;create;48,00;CustomerAssign;bima_customerassign_date tersedia (durasi negatif di-clamp ke 0 = Comply);30,39;Comply
202603;TREG 1;SUMUT;MEDAN;SPM;migrate;24,00;CustomerAssign;bima_customerassign_date tersedia (durasi negatif di-clamp ke 0 = Comply);0,00;Comply
202603;TREG 3;SEMARANG JATENG UTARA;SEMARANG;SMT;migrate;24,00;CustomerAssign;bima_customerassign_date tersedia (durasi negatif di-clamp ke 0 = Comply);0,00;Comply
202603;TREG 1;SUMUT;MEDAN;PUB;migrate;24,00;CustomerAssign;bima_customerassign_date tersedia (durasi negatif di-clamp ke 0 = Comply);52,63;Not Comply
202603;TREG 4;KALSELTENG;PANGKALAN BUN;PBU;migrate;24,00;CustomerAssign;bima_customerassign_date tersedia (durasi negatif di-clamp ke 0 = Comply);4,64;Comply
202603;TREG 3;SURAMADU;SURABAYA SELATAN;IJK;migrate;24,00;CustomerAssign;bima_customerassign_date tersedia (durasi negatif di-clamp ke 0 = Comply);0,00;Comply
202603;TREG 4;KALSELTENG;PANGKALAN BUN;PBU;migrate;24,00;CustomerAssign;bima_customerassign_date tersedia (durasi negatif di-clamp ke 0 = Comply);0,00;Comply
202603;TREG 1;SUMUT;MEDAN;PDB;create;48,00;CustomerAssign;bima_customerassign_date tersedia (durasi negatif di-clamp ke 0 = Comply);11,83;Comply
202603;TREG 2;BANTEN;CIPUTAT;CLD;migrate;24,00;CustomerAssign;bima_customerassign_date tersedia (durasi negatif di-clamp ke 0 = Comply);59,91;Not Comply
202603;TREG 1;RIAU;RIKEP;SLU;migrate;24,00;CustomerAssign;bima_customerassign_date tersedia (durasi negatif di-clamp ke 0 = Comply);0,00;Comply
202603;TREG 2;JAKARTA OUTER;JAKSEL;TBE;migrate;24,00;CustomerAssign;bima_customerassign_date tersedia (durasi negatif di-clamp ke 0 = Comply);0,00;Comply
202603;TREG 2;BEKASI KARAWANG;KARAWANG;RDK;migrate;24,00;CustomerAssign;bima_customerassign_date tersedia (durasi negatif di-clamp ke 0 = Comply);36,45;Not Comply
202603;TREG 3;JATIM BARAT;MALANG;KLJ;create;48,00;CustomerAssign;bima_customerassign_date tersedia (durasi negatif di-clamp ke 0 = Comply);0,00;Comply
202603;TREG 2;BEKASI KARAWANG;PURWAKARTA;CKP;migrate;24,00;CustomerAssign;bima_customerassign_date tersedia (durasi negatif di-clamp ke 0 = Comply);181,09;Not Comply
202603;TREG 2;PRIANGAN BARAT;DEPOK;DEP;migrate;24,00;CustomerAssign;bima_customerassign_date tersedia (durasi negatif di-clamp ke 0 = Comply);0,00;Comply
202603;TREG 2;BANTEN;CIPUTAT;PKU;migrate;24,00;CustomerAssign;bima_customerassign_date tersedia (durasi negatif di-clamp ke 0 = Comply);8,34;Comply
202603;TREG 3;SURAMADU;SURABAYA SELATAN;MYR;migrate;24,00;CustomerAssign;bima_customerassign_date tersedia (durasi negatif di-clamp ke 0 = Comply);270,61;Not Comply
202603;TREG 2;JAKARTA OUTER;JAKTIM;GAN;migrate;24,00;CustomerAssign;bima_customerassign_date tersedia (durasi negatif di-clamp ke 0 = Comply);37,88;Not Comply
202603;TREG 1;SUMUT;KISARAN;IDA;create;48,00;CustomerAssign;bima_customerassign_date tersedia (durasi negatif di-clamp ke 0 = Comply);181,93;Not Comply
202603;TREG 2;JAKARTA OUTER;JAKSEL;JAG;migrate;24,00;CustomerAssign;bima_customerassign_date tersedia (durasi negatif di-clamp ke 0 = Comply);37,96;Not Comply
202603;TREG 4;KALBAR;PONTIANAK;SRD;create;48,00;CustomerAssign;bima_customerassign_date tersedia (durasi negatif di-clamp ke 0 = Comply);13,97;Comply
202603;TREG 4;BALIKPAPAN;BALIKPAPAN;BRU;migrate;24,00;CustomerAssign;bima_customerassign_date tersedia (durasi negatif di-clamp ke 0 = Comply);0,00;Comply
202603;TREG 2;JAKARTA OUTER;JAKTIM;KLD;migrate;24,00;CustomerAssign;bima_customerassign_date tersedia (durasi negatif di-clamp ke 0 = Comply);38,02;Not Comply
202603;TREG 3;SURAMADU;SURABAYA SELATAN;IJK;migrate;24,00;CustomerAssign;bima_customerassign_date tersedia (durasi negatif di-clamp ke 0 = Comply);55,08;Not Comply
202603;TREG 1;LAMPUNG BENGKULU;BENGKULU;CRP;migrate;24,00;CustomerAssign;bima_customerassign_date tersedia (durasi negatif di-clamp ke 0 = Comply);86,79;Not Comply
202603;TREG 1;SUMBAR JAMBI;SUMBAR;SIE;migrate;24,00;CustomerAssign;bima_customerassign_date tersedia (durasi negatif di-clamp ke 0 = Comply);63,37;Not Comply
202603;TREG 1;RIAU;BANGKINANG;ARK;migrate;24,00;CustomerAssign;bima_customerassign_date tersedia (durasi negatif di-clamp ke 0 = Comply);0,00;Comply
202603;TREG 5;SULBAGSEL;MAMUJU;MAM;migrate;24,00;CustomerAssign;bima_customerassign_date tersedia (durasi negatif di-clamp ke 0 = Comply);113,83;Not Comply
202603;TREG 1;SUMUT;MEDAN;SPM;migrate;24,00;CustomerAssign;bima_customerassign_date tersedia (durasi negatif di-clamp ke 0 = Comply);42,12;Not Comply
202603;TREG 3;JATIM BARAT;TULUNG AGUNG;TUL;migrate;24,00;CustomerAssign;bima_customerassign_date tersedia (durasi negatif di-clamp ke 0 = Comply);42,96;Not Comply
202603;TREG 5;SUMALUT;MENADO;PIK;migrate;24,00;CustomerAssign;bima_customerassign_date tersedia (durasi negatif di-clamp ke 0 = Comply);211,68;Not Comply
202603;TREG 4;KALTIMTARA;BONTANG;BLN;migrate;24,00;CustomerAssign;bima_customerassign_date tersedia (durasi negatif di-clamp ke 0 = Comply);18,61;Comply
202603;TREG 4;KALTIMTARA;BONTANG;BOT;migrate;24,00;CustomerAssign;bima_customerassign_date tersedia (durasi negatif di-clamp ke 0 = Comply);18,64;Comply
202603;TREG 4;KALSELTENG;PANGKALAN BUN;PBU;migrate;24,00;CustomerAssign;bima_customerassign_date tersedia (durasi negatif di-clamp ke 0 = Comply);354,91;Not Comply
202603;TREG 3;JATIM BARAT;BLITAR;BLR;migrate;24,00;CustomerAssign;bima_customerassign_date tersedia (durasi negatif di-clamp ke 0 = Comply);19,04;Comply
202603;TREG 3;JATIM BARAT;MALANG;MLG;migrate;24,00;CustomerAssign;bima_customerassign_date tersedia (durasi negatif di-clamp ke 0 = Comply);24,10;Not Comply
202603;TREG 3;JATIM BARAT;KEDIRI;KDI;migrate;24,00;CustomerAssign;bima_customerassign_date tersedia (durasi negatif di-clamp ke 0 = Comply);43,17;Not Comply
202603;TREG 3;SURAMADU;SURABAYA SELATAN;IJK;migrate;24,00;CustomerAssign;bima_customerassign_date tersedia (durasi negatif di-clamp ke 0 = Comply);24,18;Not Comply
202603;TREG 2;BEKASI KARAWANG;CIKARANG;JBB;migrate;24,00;CustomerAssign;bima_customerassign_date tersedia (durasi negatif di-clamp ke 0 = Comply);19,38;Comply
202603;TREG 5;PAPUA BARAT;TIMIKA;TIM;migrate;24,00;CustomerAssign;bima_customerassign_date tersedia (durasi negatif di-clamp ke 0 = Comply);113,71;Not Comply
202603;TREG 2;PRIANGAN BARAT;CIBINONG;BJD;migrate;24,00;CustomerAssign;bima_customerassign_date tersedia (durasi negatif di-clamp ke 0 = Comply);43,85;Not Comply
202603;TREG 5;SULBAGSEL;BONE;WTP;migrate;24,00;CustomerAssign;bima_customerassign_date tersedia (durasi negatif di-clamp ke 0 = Comply);65,91;Not Comply
202603;TREG 3;JATIM BARAT;MALANG;SWJ;create;48,00;CustomerAssign;bima_customerassign_date tersedia (durasi negatif di-clamp ke 0 = Comply);1,09;Comply
202603;TREG 4;KALTIMTARA;NUNUKAN;NNK;migrate;24,00;CustomerAssign;bima_customerassign_date tersedia (durasi negatif di-clamp ke 0 = Comply);97,27;Not Comply
202603;TREG 1;SUMUT;BINJAI;PBD;migrate;24,00;CustomerAssign;bima_customerassign_date tersedia (durasi negatif di-clamp ke 0 = Comply);42,28;Not Comply
202603;TREG 4;KALSELTENG;PALANGKARAYA;PLK;migrate;24,00;CustomerAssign;bima_customerassign_date tersedia (durasi negatif di-clamp ke 0 = Comply);44,29;Not Comply
202603;TREG 5;SUMALUT;TERNATE;TNT;migrate;24,00;CustomerAssign;bima_customerassign_date tersedia (durasi negatif di-clamp ke 0 = Comply);709,51;Not Comply
202603;TREG 2;BEKASI KARAWANG;KARAWANG;KRW;migrate;24,00;CustomerAssign;bima_customerassign_date tersedia (durasi negatif di-clamp ke 0 = Comply);73,55;Not Comply
202603;TREG 3;SOLO JATENG TIMUR;SOLO;GLD;migrate;24,00;CustomerAssign;bima_customerassign_date tersedia (durasi negatif di-clamp ke 0 = Comply);0,00;Comply
202603;TREG 5;SULBAGSEL;MAKASSAR;ANT;migrate;24,00;CustomerAssign;bima_customerassign_date tersedia (durasi negatif di-clamp ke 0 = Comply);25,85;Not Comply
202603;TREG 5;SULBAGTENG;GORONTALO;GTL;migrate;24,00;CustomerAssign;bima_customerassign_date tersedia (durasi negatif di-clamp ke 0 = Comply);90,88;Not Comply
202603;TREG 5;SULBAGSEL;MAKASSAR;MAT;migrate;24,00;CustomerAssign;bima_customerassign_date tersedia (durasi negatif di-clamp ke 0 = Comply);66,88;Not Comply
202603;TREG 5;PAPUA;JAYAPURA;JAP;migrate;24,00;CustomerAssign;bima_customerassign_date tersedia (durasi negatif di-clamp ke 0 = Comply);42,97;Not Comply
202603;TREG 5;SULBAGTENG;GORONTALO;GTL;migrate;24,00;CustomerAssign;bima_customerassign_date tersedia (durasi negatif di-clamp ke 0 = Comply);50,03;Not Comply
202603;TREG 2;BANTEN;CIPUTAT;CPA;migrate;24,00;CustomerAssign;bima_customerassign_date tersedia (durasi negatif di-clamp ke 0 = Comply);69,11;Not Comply
202603;TREG 3;JATIM BARAT;TUBAN;TNZ;migrate;24,00;CustomerAssign;bima_customerassign_date tersedia (durasi negatif di-clamp ke 0 = Comply);45,22;Not Comply
202603;TREG 3;SEMARANG JATENG UTARA;PEKALONGAN;PKL;create;48,00;CustomerAssign;bima_customerassign_date tersedia (durasi negatif di-clamp ke 0 = Comply);403,62;Not Comply
202603;TREG 2;JAKARTA OUTER;JAKSEL;KAL;create;48,00;CustomerAssign;bima_customerassign_date tersedia (durasi negatif di-clamp ke 0 = Comply);21,68;Comply
202603;TREG 3;JATIM TIMUR;LUMAJANG;LMJ;create;48,00;CustomerAssign;bima_customerassign_date tersedia (durasi negatif di-clamp ke 0 = Comply);91,70;Not Comply
202603;TREG 3;JATIM BARAT;MALANG;SWJ;create;48,00;CustomerAssign;bima_customerassign_date tersedia (durasi negatif di-clamp ke 0 = Comply);2,84;Comply
202603;TREG 5;SUMALUT;TERNATE;TNT;migrate;24,00;CustomerAssign;bima_customerassign_date tersedia (durasi negatif di-clamp ke 0 = Comply);43,97;Not Comply
202603;TREG 4;KALSELTENG;BANJARMASIN;KYG;migrate;24,00;CustomerAssign;bima_customerassign_date tersedia (durasi negatif di-clamp ke 0 = Comply);70,02;Not Comply
202603;TREG 2;BANDUNG;BANDUNG BARAT;RJW;create;48,00;CustomerAssign;bima_customerassign_date tersedia (durasi negatif di-clamp ke 0 = Comply);0,00;Comply
202603;TREG 2;JAKARTA OUTER;JAKSEL;KAL;create;48,00;CustomerAssign;bima_customerassign_date tersedia (durasi negatif di-clamp ke 0 = Comply);0,00;Comply
202603;TREG 5;SUMALUT;TERNATE;TNT;migrate;24,00;CustomerAssign;bima_customerassign_date tersedia (durasi negatif di-clamp ke 0 = Comply);0,00;Comply
202603;TREG 1;SUMUT;MEDAN;TJM;migrate;24,00;CustomerAssign;bima_customerassign_date tersedia (durasi negatif di-clamp ke 0 = Comply);212,67;Not Comply
202603;TREG 1;SUMBAR JAMBI;BUKIT TINGGI;BKT;migrate;24,00;CustomerAssign;bima_customerassign_date tersedia (durasi negatif di-clamp ke 0 = Comply);118,94;Not Comply
202603;TREG 3;JATIM BARAT;MALANG;BLB;migrate;24,00;CustomerAssign;bima_customerassign_date tersedia (durasi negatif di-clamp ke 0 = Comply);21,11;Comply
202603;TREG 3;SURAMADU;SURABAYA SELATAN;TPO;migrate;24,00;CustomerAssign;bima_customerassign_date tersedia (durasi negatif di-clamp ke 0 = Comply);71,13;Not Comply
202603;TREG 3;SOLO JATENG TIMUR;SRAGEN;SRG;migrate;24,00;CustomerAssign;bima_customerassign_date tersedia (durasi negatif di-clamp ke 0 = Comply);47,36;Not Comply
202603;TREG 2;BANDUNG;SOREANG;MJY;migrate;24,00;CustomerAssign;bima_customerassign_date tersedia (durasi negatif di-clamp ke 0 = Comply);0,00;Comply
202603;TREG 2;JAKARTA OUTER;JAKTIM;KLD;migrate;24,00;CustomerAssign;bima_customerassign_date tersedia (durasi negatif di-clamp ke 0 = Comply);0,00;Comply
202603;TREG 1;SUMUT;MEDAN;PDB;create;48,00;CustomerAssign;bima_customerassign_date tersedia (durasi negatif di-clamp ke 0 = Comply);21,62;Comply
202603;TREG 1;SUMBAR JAMBI;BUKIT TINGGI;PPJ;migrate;24,00;CustomerAssign;bima_customerassign_date tersedia (durasi negatif di-clamp ke 0 = Comply);100,72;Not Comply
202603;TREG 3;SEMARANG JATENG UTARA;UNGARAN;UNR;migrate;24,00;CustomerAssign;bima_customerassign_date tersedia (durasi negatif di-clamp ke 0 = Comply);0,00;Comply
202603;TREG 2;BANDUNG;BANDUNG BARAT;RJW;migrate;24,00;CustomerAssign;bima_customerassign_date tersedia (durasi negatif di-clamp ke 0 = Comply);4,81;Comply
202603;TREG 2;JAKARTA OUTER;JAKSEL;JAG;migrate;24,00;CustomerAssign;bima_customerassign_date tersedia (durasi negatif di-clamp ke 0 = Comply);52,92;Not Comply
202603;TREG 4;KALSELTENG;TANJUNG TABALONG;TJL;migrate;24,00;CustomerAssign;bima_customerassign_date tersedia (durasi negatif di-clamp ke 0 = Comply);4,94;Comply
202603;TREG 2;PRIANGAN TIMUR;TASIKMALAYA;TSM;create;48,00;CustomerAssign;bima_customerassign_date tersedia (durasi negatif di-clamp ke 0 = Comply);24,10;Comply
202603;TREG 3;JATIM BARAT;MALANG;PKS;migrate;24,00;CustomerAssign;bima_customerassign_date tersedia (durasi negatif di-clamp ke 0 = Comply);0,17;Comply
202603;TREG 3;JATIM BARAT;MALANG;BLB;create;48,00;CustomerAssign;bima_customerassign_date tersedia (durasi negatif di-clamp ke 0 = Comply);24,31;Comply
202603;TREG 5;SUMALUT;AMBON;PAO;create;48,00;CustomerAssign;bima_customerassign_date tersedia (durasi negatif di-clamp ke 0 = Comply);0,00;Comply
202603;TREG 1;SUMUT;SUMUT;PMS;migrate;24,00;CustomerAssign;bima_customerassign_date tersedia (durasi negatif di-clamp ke 0 = Comply);30,05;Not Comply
202603;TREG 3;YOGYA JATENG SELATAN;SLEMAN;KLS;create;48,00;CustomerAssign;bima_customerassign_date tersedia (durasi negatif di-clamp ke 0 = Comply);6,29;Comply
202603;TREG 2;BANDUNG;SOREANG;BJA;migrate;24,00;CustomerAssign;bima_customerassign_date tersedia (durasi negatif di-clamp ke 0 = Comply);4,43;Comply
202603;TREG 2;PRIANGAN TIMUR;KUNINGAN;PAB;migrate;24,00;PI;bima_customerassign_date kosong → pakai orca_pi_date (durasi negatif di-clamp ke 0 = Comply);53,75;Not Comply
202603;TREG 4;KALTIMTARA;SAMARINDA;SMR;migrate;24,00;CustomerAssign;bima_customerassign_date tersedia (durasi negatif di-clamp ke 0 = Comply);1,74;Comply
202603;TREG 1;SUMBAR JAMBI;BUKIT TINGGI;SIU;create;48,00;PI;bima_customerassign_date kosong → pakai orca_pi_date (durasi negatif di-clamp ke 0 = Comply);43,68;Comply
202603;TREG 2;JAKARTA CENTRUM;JAKUT;MRD;create;48,00;CustomerAssign;bima_customerassign_date tersedia (durasi negatif di-clamp ke 0 = Comply);0,00;Comply
202603;TREG 4;KALTIMTARA;BONTANG;STT;migrate;24,00;CustomerAssign;bima_customerassign_date tersedia (durasi negatif di-clamp ke 0 = Comply);95,84;Not Comply
202603;TREG 2;PRIANGAN BARAT;SENTUL;KHL;migrate;24,00;CustomerAssign;bima_customerassign_date tersedia (durasi negatif di-clamp ke 0 = Comply);6,86;Comply
202603;TREG 4;KALSELTENG;SAMPIT;SAI;migrate;24,00;CustomerAssign;bima_customerassign_date tersedia (durasi negatif di-clamp ke 0 = Comply);97,95;Not Comply
202603;TREG 3;YOGYA JATENG SELATAN;SLEMAN;SMN;create;48,00;CustomerAssign;bima_customerassign_date tersedia (durasi negatif di-clamp ke 0 = Comply);31,25;Comply
202603;TREG 5;SULBAGSEL;KENDARI;KDR;migrate;24,00;CustomerAssign;bima_customerassign_date tersedia (durasi negatif di-clamp ke 0 = Comply);103,28;Not Comply
202603;TREG 2;BANTEN;PASAR BARU;TAN;migrate;24,00;CustomerAssign;bima_customerassign_date tersedia (durasi negatif di-clamp ke 0 = Comply);7,32;Comply
202603;TREG 2;JAKARTA OUTER;JAKTIM;GAN;migrate;24,00;CustomerAssign;bima_customerassign_date tersedia (durasi negatif di-clamp ke 0 = Comply);7,36;Comply
202603;TREG 2;BEKASI KARAWANG;BEKASI;TAR;create;48,00;CustomerAssign;bima_customerassign_date tersedia (durasi negatif di-clamp ke 0 = Comply);7,54;Comply
202603;TREG 2;JAKARTA INNER;JAKBAR;SLP;create;48,00;CustomerAssign;bima_customerassign_date tersedia (durasi negatif di-clamp ke 0 = Comply);26,86;Comply
202603;TREG 2;JAKARTA OUTER;JAKSEL;PSM;migrate;24,00;CustomerAssign;bima_customerassign_date tersedia (durasi negatif di-clamp ke 0 = Comply);0,00;Comply
202603;TREG 2;BANTEN;CIPUTAT;PDR;create;48,00;CustomerAssign;bima_customerassign_date tersedia (durasi negatif di-clamp ke 0 = Comply);2,89;Comply
202603;TREG 2;JAKARTA OUTER;JAKTIM;GAN;migrate;24,00;CustomerAssign;bima_customerassign_date tersedia (durasi negatif di-clamp ke 0 = Comply);2,94;Comply
202603;TREG 2;BANTEN;CIPUTAT;PKU;migrate;24,00;CustomerAssign;bima_customerassign_date tersedia (durasi negatif di-clamp ke 0 = Comply);8,14;Comply
202603;TREG 2;BEKASI KARAWANG;SUBANG;PGD;create;48,00;CustomerAssign;bima_customerassign_date tersedia (durasi negatif di-clamp ke 0 = Comply);0,00;Comply
202603;TREG 3;SEMARANG JATENG UTARA;SLAWI;SLW;create;48,00;CustomerAssign;bima_customerassign_date tersedia (durasi negatif di-clamp ke 0 = Comply);32,48;Comply
202603;TREG 2;JAKARTA OUTER;JAKTIM;RMG;migrate;24,00;CustomerAssign;bima_customerassign_date tersedia (durasi negatif di-clamp ke 0 = Comply);51,71;Not Comply
202603;TREG 3;SOLO JATENG TIMUR;SOLO;SOP;create;48,00;CustomerAssign;bima_customerassign_date tersedia (durasi negatif di-clamp ke 0 = Comply);8,82;Comply
202603;TREG 2;PRIANGAN BARAT;DEPOK;DEP;migrate;24,00;CustomerAssign;bima_customerassign_date tersedia (durasi negatif di-clamp ke 0 = Comply);3,97;Comply
202603;TREG 4;BALIKPAPAN;BALIKPAPAN;MGG;create;48,00;CustomerAssign;bima_customerassign_date tersedia (durasi negatif di-clamp ke 0 = Comply);52,00;Not Comply
202603;TREG 1;SUMBAR JAMBI;BUKIT TINGGI;PYK;migrate;24,00;CustomerAssign;bima_customerassign_date tersedia (durasi negatif di-clamp ke 0 = Comply);4,15;Comply
202603;TREG 2;JAKARTA CENTRUM;JAKUT;CIL;migrate;24,00;CustomerAssign;bima_customerassign_date tersedia (durasi negatif di-clamp ke 0 = Comply);33,19;Not Comply
202603;TREG 3;JATIM BARAT;MALANG;SWJ;migrate;24,00;CustomerAssign;bima_customerassign_date tersedia (durasi negatif di-clamp ke 0 = Comply);0,00;Comply
202603;TREG 3;SEMARANG JATENG UTARA;SEMARANG;MJP;migrate;24,00;CustomerAssign;bima_customerassign_date tersedia (durasi negatif di-clamp ke 0 = Comply);9,40;Comply
202603;TREG 2;BANTEN;CIPUTAT;PDR;create;48,00;CustomerAssign;bima_customerassign_date tersedia (durasi negatif di-clamp ke 0 = Comply);9,51;Comply
202603;TREG 4;KALBAR;PONTIANAK;SRD;create;48,00;CustomerAssign;bima_customerassign_date tersedia (durasi negatif di-clamp ke 0 = Comply);33,56;Comply
202603;TREG 2;BANTEN;LENGKONG;LGK;migrate;24,00;CustomerAssign;bima_customerassign_date tersedia (durasi negatif di-clamp ke 0 = Comply);52,56;Not Comply
202603;TREG 1;RIAU;BANGKINANG;ARK;create;48,00;CustomerAssign;bima_customerassign_date tersedia (durasi negatif di-clamp ke 0 = Comply);33,61;Comply
202603;TREG 2;BANTEN;CIPUTAT;CPA;migrate;24,00;CustomerAssign;bima_customerassign_date tersedia (durasi negatif di-clamp ke 0 = Comply);9,64;Comply
202603;TREG 5;SUMALUT;MENADO;MDO;migrate;24,00;CustomerAssign;bima_customerassign_date tersedia (durasi negatif di-clamp ke 0 = Comply);33,74;Not Comply
202603;TREG 3;JATIM TIMUR;SIDOARJO;SPJ;create;48,00;CustomerAssign;bima_customerassign_date tersedia (durasi negatif di-clamp ke 0 = Comply);9,84;Comply
202603;TREG 2;BANDUNG;BANDUNG BARAT;RJW;create;48,00;CustomerAssign;bima_customerassign_date tersedia (durasi negatif di-clamp ke 0 = Comply);0,00;Comply
202603;TREG 2;BANTEN;CIPUTAT;CLD;migrate;24,00;CustomerAssign;bima_customerassign_date tersedia (durasi negatif di-clamp ke 0 = Comply);33,93;Not Comply
202603;TREG 3;BALI;DENPASAR SELATAN;BNO;migrate;24,00;CustomerAssign;bima_customerassign_date tersedia (durasi negatif di-clamp ke 0 = Comply);29,02;Not Comply
202603;TREG 2;PRIANGAN BARAT;CIBINONG;CLS;migrate;24,00;CustomerAssign;bima_customerassign_date tersedia (durasi negatif di-clamp ke 0 = Comply);10,04;Comply
202603;TREG 2;JAKARTA CENTRUM;JAKPUS;GBC;migrate;24,00;CustomerAssign;bima_customerassign_date tersedia (durasi negatif di-clamp ke 0 = Comply);5,04;Comply
202603;TREG 2;JAKARTA CENTRUM;JAKPUS;CID;migrate;24,00;PI;bima_customerassign_date kosong → pakai orca_pi_date (durasi negatif di-clamp ke 0 = Comply);56,68;Not Comply
202603;TREG 3;BALI;SINGARAJA;SGR;create;48,00;CustomerAssign;bima_customerassign_date tersedia (durasi negatif di-clamp ke 0 = Comply);221,19;Not Comply
202603;TREG 5;SULBAGSEL;BAU-BAU;BBU;migrate;24,00;CustomerAssign;bima_customerassign_date tersedia (durasi negatif di-clamp ke 0 = Comply);53,30;Not Comply
202603;TREG 2;JAKARTA OUTER;JAKTIM;CWA;migrate;24,00;CustomerAssign;bima_customerassign_date tersedia (durasi negatif di-clamp ke 0 = Comply);58,36;Not Comply
202603;TREG 4;KALSELTENG;TANJUNG TABALONG;AMT;migrate;24,00;CustomerAssign;bima_customerassign_date tersedia (durasi negatif di-clamp ke 0 = Comply);0,00;Comply
202603;TREG 3;JATIM TIMUR;MOJOKERTO;MRT;migrate;24,00;CustomerAssign;bima_customerassign_date tersedia (durasi negatif di-clamp ke 0 = Comply);10,53;Comply
202603;TREG 4;KALSELTENG;TANJUNG TABALONG;RTA;migrate;24,00;CustomerAssign;bima_customerassign_date tersedia (durasi negatif di-clamp ke 0 = Comply);10,57;Comply
202603;TREG 5;SUMALUT;MENADO;MDO;migrate;24,00;CustomerAssign;bima_customerassign_date tersedia (durasi negatif di-clamp ke 0 = Comply);10,60;Comply
202603;TREG 4;KALSELTENG;TANJUNG TABALONG;RTA;migrate;24,00;CustomerAssign;bima_customerassign_date tersedia (durasi negatif di-clamp ke 0 = Comply);51,63;Not Comply
202603;TREG 3;JATIM BARAT;KEPANJEN;PGK;migrate;24,00;CustomerAssign;bima_customerassign_date tersedia (durasi negatif di-clamp ke 0 = Comply);53,65;Not Comply
202603;TREG 2;JAKARTA INNER;JAKBAR;MRY;migrate;24,00;CustomerAssign;bima_customerassign_date tersedia (durasi negatif di-clamp ke 0 = Comply);171,79;Not Comply
202603;TREG 1;RIAU;DUMAI;DUM;migrate;24,00;CustomerAssign;bima_customerassign_date tersedia (durasi negatif di-clamp ke 0 = Comply);102,05;Not Comply
202603;TREG 2;PRIANGAN BARAT;KUJANG;CPS;create;48,00;CustomerAssign;bima_customerassign_date tersedia (durasi negatif di-clamp ke 0 = Comply);78,05;Not Comply
202603;TREG 4;BALIKPAPAN;BALIKPAPAN;BRU;create;48,00;CustomerAssign;bima_customerassign_date tersedia (durasi negatif di-clamp ke 0 = Comply);0,00;Comply
202603;TREG 3;SEMARANG JATENG UTARA;SEMARANG;SMT;create;48,00;CustomerAssign;bima_customerassign_date tersedia (durasi negatif di-clamp ke 0 = Comply);0,00;Comply
202603;TREG 5;SUMALUT;MENADO;BAH;migrate;24,00;CustomerAssign;bima_customerassign_date tersedia (durasi negatif di-clamp ke 0 = Comply);131,17;Not Comply
202603;TREG 3;SURAMADU;SURABAYA UTARA;KLN;migrate;24,00;CustomerAssign;bima_customerassign_date tersedia (durasi negatif di-clamp ke 0 = Comply);11,35;Comply
202603;TREG 2;BEKASI KARAWANG;CIKARANG;BGG;create;48,00;CustomerAssign;bima_customerassign_date tersedia (durasi negatif di-clamp ke 0 = Comply);6,49;Comply
202603;TREG 2;JAKARTA OUTER;JAKTIM;CWA;migrate;24,00;CustomerAssign;bima_customerassign_date tersedia (durasi negatif di-clamp ke 0 = Comply);0,00;Comply
202603;TREG 3;BALI;DENPASAR UTARA;MMN;migrate;24,00;CustomerAssign;bima_customerassign_date tersedia (durasi negatif di-clamp ke 0 = Comply);83,62;Not Comply
202603;TREG 2;PRIANGAN BARAT;KUJANG;SPL;migrate;24,00;CustomerAssign;bima_customerassign_date tersedia (durasi negatif di-clamp ke 0 = Comply);172,83;Not Comply
202603;TREG 2;JAKARTA OUTER;JAKTIM;KLD;migrate;24,00;CustomerAssign;bima_customerassign_date tersedia (durasi negatif di-clamp ke 0 = Comply);0,00;Comply
202603;TREG 3;SEMARANG JATENG UTARA;SALATIGA;SLI;migrate;24,00;CustomerAssign;bima_customerassign_date tersedia (durasi negatif di-clamp ke 0 = Comply);11,95;Comply
202603;TREG 2;BANTEN;LENGKONG;LGK;migrate;24,00;CustomerAssign;bima_customerassign_date tersedia (durasi negatif di-clamp ke 0 = Comply);36,01;Not Comply
202603;TREG 4;KALTIMTARA;MELAK;MLA;migrate;24,00;CustomerAssign;bima_customerassign_date tersedia (durasi negatif di-clamp ke 0 = Comply);0,00;Comply
202603;TREG 5;SUMALUT;TERNATE;TNT;migrate;24,00;CustomerAssign;bima_customerassign_date tersedia (durasi negatif di-clamp ke 0 = Comply);119,11;Not Comply
202603;TREG 1;RIAU;BANGKINANG;PKR;migrate;24,00;CustomerAssign;bima_customerassign_date tersedia (durasi negatif di-clamp ke 0 = Comply);3,19;Comply
202603;TREG 4;KALSELTENG;TANJUNG TABALONG;BRI;migrate;24,00;CustomerAssign;bima_customerassign_date tersedia (durasi negatif di-clamp ke 0 = Comply);31,32;Not Comply
202603;TREG 1;SUMUT;MEDAN;CTD;migrate;24,00;CustomerAssign;bima_customerassign_date tersedia (durasi negatif di-clamp ke 0 = Comply);12,39;Comply
202603;TREG 1;ACEH;ACEH;BNA;create;48,00;CustomerAssign;bima_customerassign_date tersedia (durasi negatif di-clamp ke 0 = Comply);444,52;Not Comply
202603;TREG 3;SOLO JATENG TIMUR;JEPARA;PEC;migrate;24,00;CustomerAssign;bima_customerassign_date tersedia (durasi negatif di-clamp ke 0 = Comply);8,55;Comply
202603;TREG 4;KALTIMTARA;BONTANG;BOT;migrate;24,00;CustomerAssign;bima_customerassign_date tersedia (durasi negatif di-clamp ke 0 = Comply);95,43;Not Comply
202603;TREG 3;SURAMADU;GRESIK;CRM;migrate;24,00;CustomerAssign;bima_customerassign_date tersedia (durasi negatif di-clamp ke 0 = Comply);16,93;Comply
202603;TREG 3;BALI;DENPASAR UTARA;UBN;migrate;24,00;CustomerAssign;bima_customerassign_date tersedia (durasi negatif di-clamp ke 0 = Comply);71,96;Not Comply
202603;TREG 4;BALIKPAPAN;BALIKPAPAN;KTB;create;48,00;CustomerAssign;bima_customerassign_date tersedia (durasi negatif di-clamp ke 0 = Comply);72,08;Not Comply
202603;TREG 3;BALI;DENPASAR CENTRUM;KLM;migrate;24,00;CustomerAssign;bima_customerassign_date tersedia (durasi negatif di-clamp ke 0 = Comply);17,20;Comply
202603;TREG 2;JAKARTA OUTER;JAKSEL;CPE;migrate;24,00;CustomerAssign;bima_customerassign_date tersedia (durasi negatif di-clamp ke 0 = Comply);48,25;Not Comply
202603;TREG 3;NUSA TENGGARA;LABUHAN BAJO;LBO;migrate;24,00;CustomerAssign;bima_customerassign_date tersedia (durasi negatif di-clamp ke 0 = Comply);19,46;Comply
202603;TREG 3;SURAMADU;SURABAYA UTARA;BBE;migrate;24,00;CustomerAssign;bima_customerassign_date tersedia (durasi negatif di-clamp ke 0 = Comply);72,58;Not Comply
202603;TREG 1;LAMPUNG BENGKULU;LAMPUNG;TJK;create;48,00;CustomerAssign;bima_customerassign_date tersedia (durasi negatif di-clamp ke 0 = Comply);0,63;Comply
202603;TREG 3;SURAMADU;SURABAYA UTARA;KJR;migrate;24,00;CustomerAssign;bima_customerassign_date tersedia (durasi negatif di-clamp ke 0 = Comply);41,70;Not Comply
202603;TREG 2;BANTEN;PASAR BARU;SPT;migrate;24,00;CustomerAssign;bima_customerassign_date tersedia (durasi negatif di-clamp ke 0 = Comply);41,86;Not Comply
202603;TREG 3;SURAMADU;SURABAYA SELATAN;RKT;migrate;24,00;CustomerAssign;bima_customerassign_date tersedia (durasi negatif di-clamp ke 0 = Comply);936,91;Not Comply
202603;TREG 1;SUMBAGSEL;SUMSEL;KTU;create;48,00;CustomerAssign;bima_customerassign_date tersedia (durasi negatif di-clamp ke 0 = Comply);41,94;Comply
202603;TREG 2;BANTEN;CIPUTAT;CLD;migrate;24,00;CustomerAssign;bima_customerassign_date tersedia (durasi negatif di-clamp ke 0 = Comply);260,00;Not Comply
202603;TREG 2;BANDUNG;SOREANG;BJA;migrate;24,00;CustomerAssign;bima_customerassign_date tersedia (durasi negatif di-clamp ke 0 = Comply);73,03;Not Comply
202603;TREG 3;BALI;DENPASAR UTARA;SMY;migrate;24,00;CustomerAssign;bima_customerassign_date tersedia (durasi negatif di-clamp ke 0 = Comply);97,26;Not Comply
202603;TREG 3;SOLO JATENG TIMUR;JEPARA;JPR;migrate;24,00;CustomerAssign;bima_customerassign_date tersedia (durasi negatif di-clamp ke 0 = Comply);66,28;Not Comply
202603;TREG 2;JAKARTA OUTER;JAKSEL;KAL;migrate;24,00;CustomerAssign;bima_customerassign_date tersedia (durasi negatif di-clamp ke 0 = Comply);74,18;Not Comply
202603;TREG 4;KALTIMTARA;BULUNGAN BERAU;TRD;migrate;24,00;CustomerAssign;bima_customerassign_date tersedia (durasi negatif di-clamp ke 0 = Comply);67,25;Not Comply
202603;TREG 4;BALIKPAPAN;BALIKPAPAN;BRU;create;48,00;CustomerAssign;bima_customerassign_date tersedia (durasi negatif di-clamp ke 0 = Comply);0,00;Comply
202603;TREG 4;BALIKPAPAN;BALIKPAPAN;BRU;migrate;24,00;CustomerAssign;bima_customerassign_date tersedia (durasi negatif di-clamp ke 0 = Comply);0,00;Comply
202603;TREG 3;SEMARANG JATENG UTARA;PEKALONGAN;KJE;create;48,00;CustomerAssign;bima_customerassign_date tersedia (durasi negatif di-clamp ke 0 = Comply);218,43;Not Comply
202603;TREG 4;KALTIMTARA;BULUNGAN BERAU;TRD;migrate;24,00;CustomerAssign;bima_customerassign_date tersedia (durasi negatif di-clamp ke 0 = Comply);98,55;Not Comply
202603;TREG 5;SUMALUT;AMBON;ABO;migrate;24,00;CustomerAssign;bima_customerassign_date tersedia (durasi negatif di-clamp ke 0 = Comply);68,45;Not Comply
202603;TREG 2;BANTEN;LENGKONG;SRP;create;48,00;CustomerAssign;bima_customerassign_date tersedia (durasi negatif di-clamp ke 0 = Comply);0,00;Comply
202603;TREG 2;BANTEN;BANTEN;SEG;migrate;24,00;CustomerAssign;bima_customerassign_date tersedia (durasi negatif di-clamp ke 0 = Comply);0,00;Comply
202603;TREG 3;YOGYA JATENG SELATAN;MAGELANG;MGE;migrate;24,00;CustomerAssign;bima_customerassign_date tersedia (durasi negatif di-clamp ke 0 = Comply);188,76;Not Comply
202603;TREG 3;SURAMADU;SURABAYA UTARA;KNN;create;48,00;CustomerAssign;bima_customerassign_date tersedia (durasi negatif di-clamp ke 0 = Comply);45,17;Comply
202603;TREG 3;YOGYA JATENG SELATAN;PURWOKERTO;PWT;create;48,00;CustomerAssign;bima_customerassign_date tersedia (durasi negatif di-clamp ke 0 = Comply);69,26;Not Comply
202603;TREG 1;RIAU;TANJUNGBALAI KARIMUN;TBK;create;48,00;CustomerAssign;bima_customerassign_date tersedia (durasi negatif di-clamp ke 0 = Comply);47,36;Comply
202603;TREG 1;SUMUT;MEDAN;MDC;create;48,00;CustomerAssign;bima_customerassign_date tersedia (durasi negatif di-clamp ke 0 = Comply);45,66;Comply
202603;TREG 3;SEMARANG JATENG UTARA;SEMARANG;BMK;create;48,00;CustomerAssign;bima_customerassign_date tersedia (durasi negatif di-clamp ke 0 = Comply);0,00;Comply
202603;TREG 3;JATIM BARAT;MALANG;LWG;create;48,00;CustomerAssign;bima_customerassign_date tersedia (durasi negatif di-clamp ke 0 = Comply);100,75;Not Comply
202603;TREG 1;SUMBAR JAMBI;SUMBAR;ULK;create;48,00;CustomerAssign;bima_customerassign_date tersedia (durasi negatif di-clamp ke 0 = Comply);23,83;Comply
202603;TREG 3;SOLO JATENG TIMUR;KLATEN;KLX;create;48,00;CustomerAssign;bima_customerassign_date tersedia (durasi negatif di-clamp ke 0 = Comply);215,86;Not Comply
202603;TREG 4;KALSELTENG;BANJARBARU;LUL;migrate;24,00;CustomerAssign;bima_customerassign_date tersedia (durasi negatif di-clamp ke 0 = Comply);23,95;Comply
202603;TREG 4;KALTIMTARA;SAMARINDA;PLL;migrate;24,00;CustomerAssign;bima_customerassign_date tersedia (durasi negatif di-clamp ke 0 = Comply);0,00;Comply
202603;TREG 2;BEKASI KARAWANG;CIKARANG;TBL;create;48,00;CustomerAssign;bima_customerassign_date tersedia (durasi negatif di-clamp ke 0 = Comply);5,17;Comply
202603;TREG 4;KALSELTENG;BANJARBARU;LUL;migrate;24,00;CustomerAssign;bima_customerassign_date tersedia (durasi negatif di-clamp ke 0 = Comply);0,00;Comply
202603;TREG 2;JAKARTA CENTRUM;JAKUT;MKR;migrate;24,00;CustomerAssign;bima_customerassign_date tersedia (durasi negatif di-clamp ke 0 = Comply);24,33;Not Comply
202603;TREG 3;YOGYA JATENG SELATAN;PURWOKERTO;PWT;migrate;24,00;CustomerAssign;bima_customerassign_date tersedia (durasi negatif di-clamp ke 0 = Comply);168,38;Not Comply
202603;TREG 3;YOGYA JATENG SELATAN;BANJARNEGARA;BJR;migrate;24,00;CustomerAssign;bima_customerassign_date tersedia (durasi negatif di-clamp ke 0 = Comply);125,41;Not Comply
202603;TREG 4;KALSELTENG;TANJUNG TABALONG;KDG;migrate;24,00;CustomerAssign;bima_customerassign_date tersedia (durasi negatif di-clamp ke 0 = Comply);96,52;Not Comply
202603;TREG 3;JATIM BARAT;NGANJUK;WRJ;create;48,00;CustomerAssign;bima_customerassign_date tersedia (durasi negatif di-clamp ke 0 = Comply);5,59;Comply
202603;TREG 2;JAKARTA OUTER;JAKSEL;BIN;migrate;24,00;CustomerAssign;bima_customerassign_date tersedia (durasi negatif di-clamp ke 0 = Comply);5,62;Comply
202603;TREG 2;JAKARTA OUTER;JAKSEL;BIN;migrate;24,00;CustomerAssign;bima_customerassign_date tersedia (durasi negatif di-clamp ke 0 = Comply);77,66;Not Comply
202603;TREG 4;KALTIMTARA;BONTANG;STT;migrate;24,00;CustomerAssign;bima_customerassign_date tersedia (durasi negatif di-clamp ke 0 = Comply);96,68;Not Comply
202603;TREG 4;KALTIMTARA;BONTANG;BOT;migrate;24,00;CustomerAssign;bima_customerassign_date tersedia (durasi negatif di-clamp ke 0 = Comply);0,71;Comply
202603;TREG 2;JAKARTA CENTRUM;JAKPUS;CID;migrate;24,00;CustomerAssign;bima_customerassign_date tersedia (durasi negatif di-clamp ke 0 = Comply);0,71;Comply
202603;TREG 1;RIAU;DUMAI;DRI;migrate;24,00;CustomerAssign;bima_customerassign_date tersedia (durasi negatif di-clamp ke 0 = Comply);168,78;Not Comply
202603;TREG 2;JAKARTA INNER;JAKBAR;PLM;migrate;24,00;CustomerAssign;bima_customerassign_date tersedia (durasi negatif di-clamp ke 0 = Comply);29,81;Not Comply
202603;TREG 3;YOGYA JATENG SELATAN;BANTUL;BTL;migrate;24,00;CustomerAssign;bima_customerassign_date tersedia (durasi negatif di-clamp ke 0 = Comply);0,00;Comply
202603;TREG 4;KALSELTENG;PANGKALAN BUN;PBU;migrate;24,00;CustomerAssign;bima_customerassign_date tersedia (durasi negatif di-clamp ke 0 = Comply);0,00;Comply
202603;TREG 1;SUMBAGSEL;PRABUMULIH;IDL;migrate;24,00;CustomerAssign;bima_customerassign_date tersedia (durasi negatif di-clamp ke 0 = Comply);214,90;Not Comply
202603;TREG 2;PRIANGAN BARAT;DEPOK;PCM;migrate;24,00;CustomerAssign;bima_customerassign_date tersedia (durasi negatif di-clamp ke 0 = Comply);48,95;Not Comply
202603;TREG 4;KALBAR;PONTIANAK;PTK;migrate;24,00;CustomerAssign;bima_customerassign_date tersedia (durasi negatif di-clamp ke 0 = Comply);0,00;Comply
202603;TREG 3;YOGYA JATENG SELATAN;BANTUL;BTL;create;48,00;CustomerAssign;bima_customerassign_date tersedia (durasi negatif di-clamp ke 0 = Comply);47,02;Comply
202603;TREG 4;KALSELTENG;SAMPIT;SAI;migrate;24,00;CustomerAssign;bima_customerassign_date tersedia (durasi negatif di-clamp ke 0 = Comply);0,00;Comply
202603;TREG 2;PRIANGAN BARAT;DEPOK;SKJ;migrate;24,00;CustomerAssign;bima_customerassign_date tersedia (durasi negatif di-clamp ke 0 = Comply);6,10;Comply
202603;TREG 2;BEKASI KARAWANG;BEKASI;KLB;migrate;24,00;CustomerAssign;bima_customerassign_date tersedia (durasi negatif di-clamp ke 0 = Comply);0,00;Comply
202603;TREG 1;ACEH;MEULABOH;MBO;migrate;24,00;CustomerAssign;bima_customerassign_date tersedia (durasi negatif di-clamp ke 0 = Comply);78,26;Not Comply
202603;TREG 1;ACEH;LHOKSEUMAWE;LSM;migrate;24,00;CustomerAssign;bima_customerassign_date tersedia (durasi negatif di-clamp ke 0 = Comply);793,36;Not Comply
202603;TREG 3;JATIM TIMUR;BANYUWANGI;BWG;migrate;24,00;CustomerAssign;bima_customerassign_date tersedia (durasi negatif di-clamp ke 0 = Comply);1,42;Comply
202603;TREG 2;BEKASI KARAWANG;BEKASI;BEK;migrate;24,00;CustomerAssign;bima_customerassign_date tersedia (durasi negatif di-clamp ke 0 = Comply);54,74;Not Comply
202603;TREG 1;SUMBAGSEL;BELITUNG;MGR;migrate;24,00;CustomerAssign;bima_customerassign_date tersedia (durasi negatif di-clamp ke 0 = Comply);49,80;Not Comply
202603;TREG 1;ACEH;ACEH;BNA;migrate;24,00;CustomerAssign;bima_customerassign_date tersedia (durasi negatif di-clamp ke 0 = Comply);527,81;Not Comply
202603;TREG 4;KALSELTENG;PANGKALAN BUN;PBU;migrate;24,00;CustomerAssign;bima_customerassign_date tersedia (durasi negatif di-clamp ke 0 = Comply);49,85;Not Comply
202603;TREG 4;KALSELTENG;BANJARBARU;BBR;create;48,00;CustomerAssign;bima_customerassign_date tersedia (durasi negatif di-clamp ke 0 = Comply);30,88;Comply
202603;TREG 4;KALSELTENG;PANGKALAN BUN;PBU;migrate;24,00;CustomerAssign;bima_customerassign_date tersedia (durasi negatif di-clamp ke 0 = Comply);0,00;Comply
202603;TREG 3;SURAMADU;SURABAYA UTARA;KJR;create;48,00;CustomerAssign;bima_customerassign_date tersedia (durasi negatif di-clamp ke 0 = Comply);47,90;Comply
202603;TREG 4;KALTIMTARA;BONTANG;STT;migrate;24,00;CustomerAssign;bima_customerassign_date tersedia (durasi negatif di-clamp ke 0 = Comply);30,94;Not Comply
202603;TREG 2;PRIANGAN TIMUR;BANJAR;PAX;migrate;24,00;CustomerAssign;bima_customerassign_date tersedia (durasi negatif di-clamp ke 0 = Comply);2,01;Comply
202603;TREG 1;RIAU;BANGKINANG;ARK;create;48,00;CustomerAssign;bima_customerassign_date tersedia (durasi negatif di-clamp ke 0 = Comply);0,00;Comply
202603;TREG 4;KALTIMTARA;SAMARINDA;LMP;create;48,00;CustomerAssign;bima_customerassign_date tersedia (durasi negatif di-clamp ke 0 = Comply);98,50;Not Comply
202603;TREG 4;KALTIMTARA;BULUNGAN BERAU;TRD;migrate;24,00;CustomerAssign;bima_customerassign_date tersedia (durasi negatif di-clamp ke 0 = Comply);144,56;Not Comply
202603;TREG 3;JATIM TIMUR;MOJOKERTO;MJS;create;48,00;CustomerAssign;bima_customerassign_date tersedia (durasi negatif di-clamp ke 0 = Comply);0,00;Comply
202603;TREG 2;BANDUNG;SUMEDANG;CJA;migrate;24,00;CustomerAssign;bima_customerassign_date tersedia (durasi negatif di-clamp ke 0 = Comply);2,59;Comply
202603;TREG 2;JAKARTA OUTER;JAKTIM;GAN;migrate;24,00;CustomerAssign;bima_customerassign_date tersedia (durasi negatif di-clamp ke 0 = Comply);74,65;Not Comply
202603;TREG 4;BALIKPAPAN;TANAHGROGOT;TNG;migrate;24,00;CustomerAssign;bima_customerassign_date tersedia (durasi negatif di-clamp ke 0 = Comply);26,68;Not Comply
202603;TREG 4;KALTIMTARA;BONTANG;STT;migrate;24,00;CustomerAssign;bima_customerassign_date tersedia (durasi negatif di-clamp ke 0 = Comply);127,89;Not Comply
202603;TREG 3;BALI;DENPASAR UTARA;SMY;create;48,00;CustomerAssign;bima_customerassign_date tersedia (durasi negatif di-clamp ke 0 = Comply);218,92;Not Comply
202603;TREG 2;PRIANGAN TIMUR;CIREBON;CBN;migrate;24,00;CustomerAssign;bima_customerassign_date tersedia (durasi negatif di-clamp ke 0 = Comply);0,00;Comply
202603;TREG 4;KALSELTENG;SAMPIT;SAI;migrate;24,00;CustomerAssign;bima_customerassign_date tersedia (durasi negatif di-clamp ke 0 = Comply);0,00;Comply
202603;TREG 1;SUMUT;SIBOLGA;BLG;migrate;24,00;CustomerAssign;bima_customerassign_date tersedia (durasi negatif di-clamp ke 0 = Comply);200,07;Not Comply
202603;TREG 3;YOGYA JATENG SELATAN;WONOSOBO;WOS;create;48,00;CustomerAssign;bima_customerassign_date tersedia (durasi negatif di-clamp ke 0 = Comply);1,20;Comply
202603;TREG 2;BANTEN;LENGKONG;LKG;migrate;24,00;CustomerAssign;bima_customerassign_date tersedia (durasi negatif di-clamp ke 0 = Comply);0,00;Comply
202603;TREG 4;KALBAR;MEMPAWAH;STA;migrate;24,00;CustomerAssign;bima_customerassign_date tersedia (durasi negatif di-clamp ke 0 = Comply);3,28;Comply
202603;TREG 3;YOGYA JATENG SELATAN;SLEMAN;KLS;create;48,00;CustomerAssign;bima_customerassign_date tersedia (durasi negatif di-clamp ke 0 = Comply);25,40;Comply
202603;TREG 2;JAKARTA INNER;JAKBAR;SLP;migrate;24,00;CustomerAssign;bima_customerassign_date tersedia (durasi negatif di-clamp ke 0 = Comply);32,69;Not Comply
202603;TREG 4;BALIKPAPAN;BALIKPAPAN;GSA;migrate;24,00;CustomerAssign;bima_customerassign_date tersedia (durasi negatif di-clamp ke 0 = Comply);8,72;Comply
202603;TREG 2;BEKASI KARAWANG;SUBANG;SUB;create;48,00;CustomerAssign;bima_customerassign_date tersedia (durasi negatif di-clamp ke 0 = Comply);56,81;Not Comply
202603;TREG 3;JATIM BARAT;NGANJUK;NJK;create;48,00;PI;bima_customerassign_date kosong → pakai orca_pi_date (durasi negatif di-clamp ke 0 = Comply);2,44;Comply
202603;TREG 3;SURAMADU;SURABAYA UTARA;TNS;migrate;24,00;CustomerAssign;bima_customerassign_date tersedia (durasi negatif di-clamp ke 0 = Comply);78,90;Not Comply
202603;TREG 4;KALBAR;MEMPAWAH;STA;create;48,00;CustomerAssign;bima_customerassign_date tersedia (durasi negatif di-clamp ke 0 = Comply);51,92;Not Comply
202603;TREG 2;JAKARTA CENTRUM;JAKUT;MKR;migrate;24,00;CustomerAssign;bima_customerassign_date tersedia (durasi negatif di-clamp ke 0 = Comply);56,96;Not Comply
202603;TREG 2;JAKARTA OUTER;JAKTIM;PGB;create;48,00;CustomerAssign;bima_customerassign_date tersedia (durasi negatif di-clamp ke 0 = Comply);0,00;Comply
202603;TREG 2;BEKASI KARAWANG;BEKASI;BEK;migrate;24,00;CustomerAssign;bima_customerassign_date tersedia (durasi negatif di-clamp ke 0 = Comply);0,00;Comply
202603;TREG 1;SUMBAGSEL;LUBUK LINGGAU;LLG;migrate;24,00;CustomerAssign;bima_customerassign_date tersedia (durasi negatif di-clamp ke 0 = Comply);218,01;Not Comply
202603;TREG 2;JAKARTA CENTRUM;JAKUT;STR;migrate;24,00;CustomerAssign;bima_customerassign_date tersedia (durasi negatif di-clamp ke 0 = Comply);52,18;Not Comply
202603;TREG 2;BANTEN;CIPUTAT;PKU;migrate;24,00;CustomerAssign;bima_customerassign_date tersedia (durasi negatif di-clamp ke 0 = Comply);2,20;Comply
202603;TREG 4;KALSELTENG;BANJARBARU;BBR;migrate;24,00;CustomerAssign;bima_customerassign_date tersedia (durasi negatif di-clamp ke 0 = Comply);0,00;Comply
202603;TREG 3;JATIM TIMUR;SIDOARJO;KRN;create;48,00;CustomerAssign;bima_customerassign_date tersedia (durasi negatif di-clamp ke 0 = Comply);0,00;Comply
202603;TREG 4;KALSELTENG;BANJARMASIN;KYG;migrate;24,00;CustomerAssign;bima_customerassign_date tersedia (durasi negatif di-clamp ke 0 = Comply);98,47;Not Comply
202603;TREG 4;KALSELTENG;BATULICIN;STI;migrate;24,00;CustomerAssign;bima_customerassign_date tersedia (durasi negatif di-clamp ke 0 = Comply);9,52;Comply
202603;TREG 2;BEKASI KARAWANG;PURWAKARTA;CKP;migrate;24,00;CustomerAssign;bima_customerassign_date tersedia (durasi negatif di-clamp ke 0 = Comply);33,59;Not Comply
202603;TREG 3;SEMARANG JATENG UTARA;SEMARANG;BMK;migrate;24,00;CustomerAssign;bima_customerassign_date tersedia (durasi negatif di-clamp ke 0 = Comply);0,00;Comply
202603;TREG 1;SUMUT;MEDAN;MDC;migrate;24,00;CustomerAssign;bima_customerassign_date tersedia (durasi negatif di-clamp ke 0 = Comply);4,79;Comply
202603;TREG 1;SUMBAR JAMBI;SUMBAR;SIE;create;48,00;CustomerAssign;bima_customerassign_date tersedia (durasi negatif di-clamp ke 0 = Comply);33,81;Comply
202603;TREG 5;SULBAGSEL;KENDARI;MDG;migrate;24,00;PI;bima_customerassign_date kosong → pakai orca_pi_date (durasi negatif di-clamp ke 0 = Comply);77,10;Not Comply
202603;TREG 3;SOLO JATENG TIMUR;KLATEN;KLX;migrate;24,00;CustomerAssign;bima_customerassign_date tersedia (durasi negatif di-clamp ke 0 = Comply);122,89;Not Comply
202603;TREG 3;JATIM TIMUR;PANDAAN;GEM;create;48,00;CustomerAssign;bima_customerassign_date tersedia (durasi negatif di-clamp ke 0 = Comply);4,92;Comply
202603;TREG 2;PRIANGAN BARAT;DEPOK;SKJ;migrate;24,00;CustomerAssign;bima_customerassign_date tersedia (durasi negatif di-clamp ke 0 = Comply);29,01;Not Comply
202603;TREG 2;JAKARTA OUTER;JAKTIM;RMG;create;48,00;CustomerAssign;bima_customerassign_date tersedia (durasi negatif di-clamp ke 0 = Comply);5,11;Comply
202603;TREG 3;SURAMADU;SURABAYA SELATAN;RKT;create;48,00;CustomerAssign;bima_customerassign_date tersedia (durasi negatif di-clamp ke 0 = Comply);5,14;Comply
202603;TREG 1;SUMUT;MEDAN;SPM;migrate;24,00;CustomerAssign;bima_customerassign_date tersedia (durasi negatif di-clamp ke 0 = Comply);5,15;Comply
202603;TREG 1;RIAU;RIKEP;LBJ;migrate;24,00;CustomerAssign;bima_customerassign_date tersedia (durasi negatif di-clamp ke 0 = Comply);10,18;Comply
202603;TREG 4;KALTIMTARA;TARAKAN;TRK;migrate;24,00;CustomerAssign;bima_customerassign_date tersedia (durasi negatif di-clamp ke 0 = Comply);10,20;Comply
202603;TREG 2;PRIANGAN BARAT;CIBINONG;CBI;create;48,00;CustomerAssign;bima_customerassign_date tersedia (durasi negatif di-clamp ke 0 = Comply);10,23;Comply
202603;TREG 4;KALTIMTARA;TARAKAN;JWT;migrate;24,00;CustomerAssign;bima_customerassign_date tersedia (durasi negatif di-clamp ke 0 = Comply);82,29;Not Comply
202603;TREG 3;SOLO JATENG TIMUR;KLATEN;BYL;migrate;24,00;CustomerAssign;bima_customerassign_date tersedia (durasi negatif di-clamp ke 0 = Comply);34,33;Not Comply
202603;TREG 2;BANDUNG;BANDUNG BARAT;RJW;create;48,00;CustomerAssign;bima_customerassign_date tersedia (durasi negatif di-clamp ke 0 = Comply);0,00;Comply
202603;TREG 5;SULBAGTENG;GORONTALO;GTL;migrate;24,00;CustomerAssign;bima_customerassign_date tersedia (durasi negatif di-clamp ke 0 = Comply);5,49;Comply
202603;TREG 5;SULBAGSEL;GOWA;SUG;migrate;24,00;CustomerAssign;bima_customerassign_date tersedia (durasi negatif di-clamp ke 0 = Comply);699,50;Not Comply
202603;TREG 3;JATIM TIMUR;MOJOKERTO;DLA;migrate;24,00;CustomerAssign;bima_customerassign_date tersedia (durasi negatif di-clamp ke 0 = Comply);5,52;Comply
202603;TREG 2;JAKARTA OUTER;JAKTIM;GAN;migrate;24,00;CustomerAssign;bima_customerassign_date tersedia (durasi negatif di-clamp ke 0 = Comply);0,00;Comply
202603;TREG 1;ACEH;LHOKSEUMAWE;LSM;migrate;24,00;CustomerAssign;bima_customerassign_date tersedia (durasi negatif di-clamp ke 0 = Comply);634,69;Not Comply
202603;TREG 3;YOGYA JATENG SELATAN;SLEMAN;SMN;migrate;24,00;CustomerAssign;bima_customerassign_date tersedia (durasi negatif di-clamp ke 0 = Comply);249,74;Not Comply
202603;TREG 2;PRIANGAN BARAT;KUJANG;PAR;migrate;24,00;CustomerAssign;bima_customerassign_date tersedia (durasi negatif di-clamp ke 0 = Comply);27,88;Not Comply
202603;TREG 3;YOGYA JATENG SELATAN;PURWOKERTO;PWT;migrate;24,00;CustomerAssign;bima_customerassign_date tersedia (durasi negatif di-clamp ke 0 = Comply);154,93;Not Comply
202603;TREG 2;JAKARTA INNER;JAKBAR;CKG;migrate;24,00;CustomerAssign;bima_customerassign_date tersedia (durasi negatif di-clamp ke 0 = Comply);0,00;Comply
202603;TREG 2;JAKARTA INNER;JAKBAR;CKG;migrate;24,00;CustomerAssign;bima_customerassign_date tersedia (durasi negatif di-clamp ke 0 = Comply);35,00;Not Comply
202603;TREG 2;BANTEN;BANTEN;BRS;migrate;24,00;CustomerAssign;bima_customerassign_date tersedia (durasi negatif di-clamp ke 0 = Comply);11,01;Comply
202603;TREG 2;BEKASI KARAWANG;BEKASI;KRA;create;48,00;CustomerAssign;bima_customerassign_date tersedia (durasi negatif di-clamp ke 0 = Comply);0,00;Comply
202603;TREG 1;RIAU;BANGKINANG;ARK;create;48,00;CustomerAssign;bima_customerassign_date tersedia (durasi negatif di-clamp ke 0 = Comply);4,09;Comply
202603;TREG 3;SOLO JATENG TIMUR;SOLO;MSO;create;48,00;CustomerAssign;bima_customerassign_date tersedia (durasi negatif di-clamp ke 0 = Comply);0,00;Comply
202603;TREG 4;KALSELTENG;SAMPIT;SAI;migrate;24,00;CustomerAssign;bima_customerassign_date tersedia (durasi negatif di-clamp ke 0 = Comply);0,00;Comply
202603;TREG 2;BANDUNG;PADALARANG;PDL;migrate;24,00;CustomerAssign;bima_customerassign_date tersedia (durasi negatif di-clamp ke 0 = Comply);4,64;Comply
202603;TREG 1;RIAU;BANGKINANG;RBI;migrate;24,00;CustomerAssign;bima_customerassign_date tersedia (durasi negatif di-clamp ke 0 = Comply);0,00;Comply
202603;TREG 2;JAKARTA CENTRUM;JAKUT;PDM;migrate;24,00;CustomerAssign;bima_customerassign_date tersedia (durasi negatif di-clamp ke 0 = Comply);0,00;Comply
202603;TREG 4;KALSELTENG;TANJUNG TABALONG;AMT;migrate;24,00;CustomerAssign;bima_customerassign_date tersedia (durasi negatif di-clamp ke 0 = Comply);246,74;Not Comply
202603;TREG 1;RIAU;TANJUNGBALAI KARIMUN;TBK;migrate;24,00;CustomerAssign;bima_customerassign_date tersedia (durasi negatif di-clamp ke 0 = Comply);11,75;Comply
202603;TREG 1;SUMUT;MEDAN;MDC;migrate;24,00;CustomerAssign;bima_customerassign_date tersedia (durasi negatif di-clamp ke 0 = Comply);0,00;Comply
202603;TREG 2;BEKASI KARAWANG;KARAWANG;RDK;migrate;24,00;CustomerAssign;bima_customerassign_date tersedia (durasi negatif di-clamp ke 0 = Comply);11,88;Comply
202603;TREG 2;JAKARTA CENTRUM;JAKPUS;GBC;migrate;24,00;CustomerAssign;bima_customerassign_date tersedia (durasi negatif di-clamp ke 0 = Comply);0,00;Comply
202603;TREG 5;PAPUA BARAT;SORONG;SON;migrate;24,00;CustomerAssign;bima_customerassign_date tersedia (durasi negatif di-clamp ke 0 = Comply);0,00;Comply
202603;TREG 3;SURAMADU;SURABAYA UTARA;BBE;migrate;24,00;CustomerAssign;bima_customerassign_date tersedia (durasi negatif di-clamp ke 0 = Comply);108,15;Not Comply
202603;TREG 2;BANTEN;PASAR BARU;CPD;migrate;24,00;CustomerAssign;bima_customerassign_date tersedia (durasi negatif di-clamp ke 0 = Comply);0,00;Comply
202603;TREG 3;JATIM TIMUR;BANYUWANGI;BWG;create;48,00;CustomerAssign;bima_customerassign_date tersedia (durasi negatif di-clamp ke 0 = Comply);0,00;Comply
202603;TREG 4;KALSELTENG;BANJARMASIN;BJM;migrate;24,00;CustomerAssign;bima_customerassign_date tersedia (durasi negatif di-clamp ke 0 = Comply);7,36;Comply
202603;TREG 4;BALIKPAPAN;BALIKPAPAN;KTB;migrate;24,00;CustomerAssign;bima_customerassign_date tersedia (durasi negatif di-clamp ke 0 = Comply);77,51;Not Comply
202603;TREG 2;PRIANGAN BARAT;DEPOK;CNE;migrate;24,00;CustomerAssign;bima_customerassign_date tersedia (durasi negatif di-clamp ke 0 = Comply);55,74;Not Comply
202603;TREG 4;KALSELTENG;MUARA TEWEH;MTW;migrate;24,00;CustomerAssign;bima_customerassign_date tersedia (durasi negatif di-clamp ke 0 = Comply);0,00;Comply
202603;TREG 1;SUMBAR JAMBI;BUKIT TINGGI;BKT;migrate;24,00;CustomerAssign;bima_customerassign_date tersedia (durasi negatif di-clamp ke 0 = Comply);133,09;Not Comply
202603;TREG 1;RIAU;RIKEP;BLP;migrate;24,00;CustomerAssign;bima_customerassign_date tersedia (durasi negatif di-clamp ke 0 = Comply);253,13;Not Comply
202603;TREG 3;JATIM TIMUR;SIDOARJO;SDA;migrate;24,00;CustomerAssign;bima_customerassign_date tersedia (durasi negatif di-clamp ke 0 = Comply);0,00;Comply
202603;TREG 3;JATIM TIMUR;SIDOARJO;SDA;migrate;24,00;CustomerAssign;bima_customerassign_date tersedia (durasi negatif di-clamp ke 0 = Comply);0,00;Comply
202603;TREG 4;KALTIMTARA;BULUNGAN BERAU;TSL;migrate;24,00;CustomerAssign;bima_customerassign_date tersedia (durasi negatif di-clamp ke 0 = Comply);181,40;Not Comply
202603;TREG 2;BANTEN;LENGKONG;LKG;create;48,00;CustomerAssign;bima_customerassign_date tersedia (durasi negatif di-clamp ke 0 = Comply);0,00;Comply
202603;TREG 2;PRIANGAN BARAT;CIBINONG;CLS;migrate;24,00;CustomerAssign;bima_customerassign_date tersedia (durasi negatif di-clamp ke 0 = Comply);253,70;Not Comply
202603;TREG 1;SUMUT;SIBOLGA;PND;migrate;24,00;CustomerAssign;bima_customerassign_date tersedia (durasi negatif di-clamp ke 0 = Comply);0,00;Comply
202603;TREG 1;ACEH;LHOKSEUMAWE;GEU;create;48,00;CustomerAssign;bima_customerassign_date tersedia (durasi negatif di-clamp ke 0 = Comply);103,65;Not Comply
202603;TREG 2;BANTEN;RANGKAS-PANDEGLANG;RKS;migrate;24,00;CustomerAssign;bima_customerassign_date tersedia (durasi negatif di-clamp ke 0 = Comply);297,65;Not Comply
202603;TREG 2;BANDUNG;PADALARANG;PDL;migrate;24,00;CustomerAssign;bima_customerassign_date tersedia (durasi negatif di-clamp ke 0 = Comply);15,55;Comply
202603;TREG 1;ACEH;MEULABOH;SKL;migrate;24,00;CustomerAssign;bima_customerassign_date tersedia (durasi negatif di-clamp ke 0 = Comply);57,97;Not Comply
202603;TREG 1;ACEH;LANGSA;LGS;migrate;24,00;CustomerAssign;bima_customerassign_date tersedia (durasi negatif di-clamp ke 0 = Comply);448,97;Not Comply
202603;TREG 5;PAPUA;SENTANI;SNI;migrate;24,00;CustomerAssign;bima_customerassign_date tersedia (durasi negatif di-clamp ke 0 = Comply);114,04;Not Comply
202603;TREG 3;JATIM TIMUR;SIDOARJO;SPJ;create;48,00;CustomerAssign;bima_customerassign_date tersedia (durasi negatif di-clamp ke 0 = Comply);0,00;Comply
202603;TREG 4;KALTIMTARA;BULUNGAN BERAU;TRD;migrate;24,00;CustomerAssign;bima_customerassign_date tersedia (durasi negatif di-clamp ke 0 = Comply);330,28;Not Comply
202603;TREG 4;KALTIMTARA;BONTANG;STT;migrate;24,00;CustomerAssign;bima_customerassign_date tersedia (durasi negatif di-clamp ke 0 = Comply);23,28;Comply
202603;TREG 4;KALTIMTARA;NUNUKAN;MLN;migrate;24,00;CustomerAssign;bima_customerassign_date tersedia (durasi negatif di-clamp ke 0 = Comply);330,34;Not Comply
202603;TREG 4;KALTIMTARA;SAMARINDA;LMP;migrate;24,00;CustomerAssign;bima_customerassign_date tersedia (durasi negatif di-clamp ke 0 = Comply);136,35;Not Comply
202603;TREG 5;SUMALUT;AMBON;PAO;migrate;24,00;CustomerAssign;bima_customerassign_date tersedia (durasi negatif di-clamp ke 0 = Comply);0,00;Comply
202603;TREG 2;BEKASI KARAWANG;BEKASI;BEK;migrate;24,00;CustomerAssign;bima_customerassign_date tersedia (durasi negatif di-clamp ke 0 = Comply);0,02;Comply
202603;TREG 2;BEKASI KARAWANG;CIKARANG;EJI;migrate;24,00;CustomerAssign;bima_customerassign_date tersedia (durasi negatif di-clamp ke 0 = Comply);19,16;Comply
202603;TREG 5;SUMALUT;MASOHI;MSH;migrate;24,00;CustomerAssign;bima_customerassign_date tersedia (durasi negatif di-clamp ke 0 = Comply);305,23;Not Comply
202603;TREG 4;KALTIMTARA;TARAKAN;TRK;migrate;24,00;CustomerAssign;bima_customerassign_date tersedia (durasi negatif di-clamp ke 0 = Comply);0,00;Comply
202603;TREG 3;SURAMADU;SURABAYA UTARA;KPS;migrate;24,00;CustomerAssign;bima_customerassign_date tersedia (durasi negatif di-clamp ke 0 = Comply);67,29;Not Comply
202603;TREG 4;KALTIMTARA;TARAKAN;TRK;migrate;24,00;CustomerAssign;bima_customerassign_date tersedia (durasi negatif di-clamp ke 0 = Comply);0,85;Comply
202603;TREG 3;BALI;DENPASAR SELATAN;JBR;migrate;24,00;CustomerAssign;bima_customerassign_date tersedia (durasi negatif di-clamp ke 0 = Comply);137,94;Not Comply
202603;TREG 4;KALTIMTARA;SAMARINDA;PAA;migrate;24,00;CustomerAssign;bima_customerassign_date tersedia (durasi negatif di-clamp ke 0 = Comply);1,10;Comply
202603;TREG 3;NUSA TENGGARA;NTB;MTR;migrate;24,00;CustomerAssign;bima_customerassign_date tersedia (durasi negatif di-clamp ke 0 = Comply);162,14;Not Comply
202603;TREG 2;BEKASI KARAWANG;BEKASI;KLB;migrate;24,00;CustomerAssign;bima_customerassign_date tersedia (durasi negatif di-clamp ke 0 = Comply);49,19;Not Comply
202603;TREG 2;JAKARTA CENTRUM;JAKPUS;GBC;migrate;24,00;CustomerAssign;bima_customerassign_date tersedia (durasi negatif di-clamp ke 0 = Comply);73,30;Not Comply
202603;TREG 3;YOGYA JATENG SELATAN;MUNTILAN;SWT;migrate;24,00;CustomerAssign;bima_customerassign_date tersedia (durasi negatif di-clamp ke 0 = Comply);66,65;Not Comply
202603;TREG 3;YOGYA JATENG SELATAN;PURWOREJO;PWJ;migrate;24,00;CustomerAssign;bima_customerassign_date tersedia (durasi negatif di-clamp ke 0 = Comply);0,00;Comply
202603;TREG 3;BALI;DENPASAR UTARA;MMN;create;48,00;CustomerAssign;bima_customerassign_date tersedia (durasi negatif di-clamp ke 0 = Comply);90,83;Not Comply
202603;TREG 3;YOGYA JATENG SELATAN;MUNTILAN;MUN;migrate;24,00;CustomerAssign;bima_customerassign_date tersedia (durasi negatif di-clamp ke 0 = Comply);433,99;Not Comply
202603;TREG 2;JAKARTA INNER;JAKBAR;MRY;migrate;24,00;CustomerAssign;bima_customerassign_date tersedia (durasi negatif di-clamp ke 0 = Comply);45,32;Not Comply
202603;TREG 2;JAKARTA INNER;JAKBAR;CKG;create;48,00;CustomerAssign;bima_customerassign_date tersedia (durasi negatif di-clamp ke 0 = Comply);74,90;Not Comply
202603;TREG 2;PRIANGAN TIMUR;CIREBON;CBN;create;48,00;CustomerAssign;bima_customerassign_date tersedia (durasi negatif di-clamp ke 0 = Comply);44,08;Comply
202603;TREG 4;KALTIMTARA;BULUNGAN BERAU;TSL;migrate;24,00;CustomerAssign;bima_customerassign_date tersedia (durasi negatif di-clamp ke 0 = Comply);164,13;Not Comply
202603;TREG 2;BANTEN;CIPUTAT;CPA;migrate;24,00;CustomerAssign;bima_customerassign_date tersedia (durasi negatif di-clamp ke 0 = Comply);27,15;Not Comply
202603;TREG 4;KALBAR;SANGGAU;NGG;migrate;24,00;CustomerAssign;bima_customerassign_date tersedia (durasi negatif di-clamp ke 0 = Comply);27,36;Not Comply
202603;TREG 4;KALBAR;SANGGAU;NGG;migrate;24,00;CustomerAssign;bima_customerassign_date tersedia (durasi negatif di-clamp ke 0 = Comply);51,39;Not Comply
202603;TREG 5;SULBAGTENG;GORONTALO;GTL;migrate;24,00;CustomerAssign;bima_customerassign_date tersedia (durasi negatif di-clamp ke 0 = Comply);51,43;Not Comply
202603;TREG 5;SULBAGTENG;GORONTALO;GTL;migrate;24,00;CustomerAssign;bima_customerassign_date tersedia (durasi negatif di-clamp ke 0 = Comply);243,46;Not Comply
202603;TREG 5;SULBAGSEL;PARE-PARE;PRE;migrate;24,00;CustomerAssign;bima_customerassign_date tersedia (durasi negatif di-clamp ke 0 = Comply);0,00;Comply
202603;TREG 5;SULBAGSEL;MAROS;SUD;migrate;24,00;CustomerAssign;bima_customerassign_date tersedia (durasi negatif di-clamp ke 0 = Comply);243,51;Not Comply
202603;TREG 5;SULBAGSEL;PARE-PARE;PIN;migrate;24,00;CustomerAssign;bima_customerassign_date tersedia (durasi negatif di-clamp ke 0 = Comply);0,00;Comply
202603;TREG 1;SUMBAR JAMBI;JAMBI;JMB;create;48,00;CustomerAssign;bima_customerassign_date tersedia (durasi negatif di-clamp ke 0 = Comply);0,00;Comply
202603;TREG 5;SULBAGSEL;MAKASSAR;PNK;migrate;24,00;CustomerAssign;bima_customerassign_date tersedia (durasi negatif di-clamp ke 0 = Comply);75,55;Not Comply
202603;TREG 2;PRIANGAN TIMUR;SINGAPARNA;CIW;migrate;24,00;CustomerAssign;bima_customerassign_date tersedia (durasi negatif di-clamp ke 0 = Comply);25,56;Not Comply
202603;TREG 1;SUMUT;MEDAN;PDB;create;48,00;CustomerAssign;bima_customerassign_date tersedia (durasi negatif di-clamp ke 0 = Comply);267,63;Not Comply
202603;TREG 4;BALIKPAPAN;BALIKPAPAN;BRU;create;48,00;CustomerAssign;bima_customerassign_date tersedia (durasi negatif di-clamp ke 0 = Comply);0,00;Comply
202603;TREG 2;PRIANGAN BARAT;DEPOK;SKJ;create;48,00;CustomerAssign;bima_customerassign_date tersedia (durasi negatif di-clamp ke 0 = Comply);46,81;Comply
202603;TREG 4;KALTIMTARA;NUNUKAN;NNK;migrate;24,00;CustomerAssign;bima_customerassign_date tersedia (durasi negatif di-clamp ke 0 = Comply);22,95;Comply
202603;TREG 2;PRIANGAN BARAT;KUJANG;PAR;create;48,00;CustomerAssign;bima_customerassign_date tersedia (durasi negatif di-clamp ke 0 = Comply);4,02;Comply
202603;TREG 1;SUMBAGSEL;SUMSEL;PGC;migrate;24,00;CustomerAssign;bima_customerassign_date tersedia (durasi negatif di-clamp ke 0 = Comply);172,09;Not Comply
202603;TREG 2;BANDUNG;SOREANG;BJA;migrate;24,00;CustomerAssign;bima_customerassign_date tersedia (durasi negatif di-clamp ke 0 = Comply);21,09;Comply
202603;TREG 2;BANDUNG;BANDUNG BARAT;CMI;create;48,00;CustomerAssign;bima_customerassign_date tersedia (durasi negatif di-clamp ke 0 = Comply);0,00;Comply
202603;TREG 2;BANDUNG;PADALARANG;PDL;migrate;24,00;CustomerAssign;bima_customerassign_date tersedia (durasi negatif di-clamp ke 0 = Comply);4,19;Comply
202603;TREG 2;JAKARTA OUTER;JAKSEL;JAG;create;48,00;CustomerAssign;bima_customerassign_date tersedia (durasi negatif di-clamp ke 0 = Comply);316,67;Not Comply
202603;TREG 2;BANDUNG;BANDUNG BARAT;CMI;migrate;24,00;CustomerAssign;bima_customerassign_date tersedia (durasi negatif di-clamp ke 0 = Comply);316,71;Not Comply
202603;TREG 2;JAKARTA OUTER;JAKTIM;KRG;create;48,00;CustomerAssign;bima_customerassign_date tersedia (durasi negatif di-clamp ke 0 = Comply);4,72;Comply
202603;TREG 4;KALSELTENG;BANJARMASIN;KYG;migrate;24,00;CustomerAssign;bima_customerassign_date tersedia (durasi negatif di-clamp ke 0 = Comply);24,02;Not Comply
202603;TREG 4;KALSELTENG;PANGKALAN BUN;PBU;migrate;24,00;CustomerAssign;bima_customerassign_date tersedia (durasi negatif di-clamp ke 0 = Comply);118,02;Not Comply
202603;TREG 2;PRIANGAN BARAT;CIANJUR;CJR;create;48,00;CustomerAssign;bima_customerassign_date tersedia (durasi negatif di-clamp ke 0 = Comply);5,07;Comply
202603;TREG 3;SEMARANG JATENG UTARA;SEMARANG;MJP;migrate;24,00;CustomerAssign;bima_customerassign_date tersedia (durasi negatif di-clamp ke 0 = Comply);0,07;Comply
202603;TREG 1;LAMPUNG BENGKULU;BENGKULU;PDW;migrate;24,00;CustomerAssign;bima_customerassign_date tersedia (durasi negatif di-clamp ke 0 = Comply);101,07;Not Comply
202603;TREG 4;KALTIMTARA;BULUNGAN BERAU;TSL;migrate;24,00;CustomerAssign;bima_customerassign_date tersedia (durasi negatif di-clamp ke 0 = Comply);22,09;Comply
202603;TREG 4;KALSELTENG;TANJUNG TABALONG;TJL;migrate;24,00;CustomerAssign;bima_customerassign_date tersedia (durasi negatif di-clamp ke 0 = Comply);94,12;Not Comply
202603;TREG 3;SURAMADU;SURABAYA UTARA;KPS;migrate;24,00;CustomerAssign;bima_customerassign_date tersedia (durasi negatif di-clamp ke 0 = Comply);116,17;Not Comply
202603;TREG 2;PRIANGAN BARAT;KUJANG;PAG;create;48,00;CustomerAssign;bima_customerassign_date tersedia (durasi negatif di-clamp ke 0 = Comply);0,21;Comply
202603;TREG 2;PRIANGAN BARAT;CIANJUR;CJR;migrate;24,00;CustomerAssign;bima_customerassign_date tersedia (durasi negatif di-clamp ke 0 = Comply);24,29;Not Comply
202603;TREG 2;JAKARTA OUTER;JAKSEL;KAL;migrate;24,00;CustomerAssign;bima_customerassign_date tersedia (durasi negatif di-clamp ke 0 = Comply);96,45;Not Comply
202603;TREG 2;JAKARTA CENTRUM;JAKUT;MKR;create;48,00;CustomerAssign;bima_customerassign_date tersedia (durasi negatif di-clamp ke 0 = Comply);5,45;Comply
202603;TREG 3;JATIM TIMUR;PASURUAN;GDW;create;48,00;CustomerAssign;bima_customerassign_date tersedia (durasi negatif di-clamp ke 0 = Comply);0,46;Comply
202603;TREG 3;SOLO JATENG TIMUR;KLATEN;KLX;migrate;24,00;CustomerAssign;bima_customerassign_date tersedia (durasi negatif di-clamp ke 0 = Comply);53,48;Not Comply
202603;TREG 1;LAMPUNG BENGKULU;LAMPUNG;TJK;migrate;24,00;CustomerAssign;bima_customerassign_date tersedia (durasi negatif di-clamp ke 0 = Comply);5,54;Comply
202603;TREG 3;JATIM BARAT;MALANG;KLJ;migrate;24,00;CustomerAssign;bima_customerassign_date tersedia (durasi negatif di-clamp ke 0 = Comply);24,69;Not Comply
202603;TREG 3;YOGYA JATENG SELATAN;BANTUL;BTL;create;48,00;CustomerAssign;bima_customerassign_date tersedia (durasi negatif di-clamp ke 0 = Comply);53,78;Not Comply
202603;TREG 5;PAPUA;JAYAPURA;JAP;create;48,00;CustomerAssign;bima_customerassign_date tersedia (durasi negatif di-clamp ke 0 = Comply);48,78;Not Comply
202603;TREG 3;SURAMADU;SURABAYA UTARA;LKI;migrate;24,00;CustomerAssign;bima_customerassign_date tersedia (durasi negatif di-clamp ke 0 = Comply);101,88;Not Comply
202603;TREG 2;JAKARTA INNER;JAKBAR;SLP;migrate;24,00;CustomerAssign;bima_customerassign_date tersedia (durasi negatif di-clamp ke 0 = Comply);48,91;Not Comply
202603;TREG 2;BANDUNG;BANDUNG;CCD;migrate;24,00;CustomerAssign;bima_customerassign_date tersedia (durasi negatif di-clamp ke 0 = Comply);24,95;Not Comply
202603;TREG 4;KALSELTENG;BANJARBARU;BBR;migrate;24,00;CustomerAssign;bima_customerassign_date tersedia (durasi negatif di-clamp ke 0 = Comply);25,14;Not Comply
202603;TREG 5;SULBAGSEL;MAROS;SUD;migrate;24,00;CustomerAssign;bima_customerassign_date tersedia (durasi negatif di-clamp ke 0 = Comply);23,16;Comply
202603;TREG 4;KALSELTENG;BANJARMASIN;ULI;migrate;24,00;CustomerAssign;bima_customerassign_date tersedia (durasi negatif di-clamp ke 0 = Comply);1,17;Comply
202603;TREG 4;KALSELTENG;BANJARMASIN;ULI;migrate;24,00;CustomerAssign;bima_customerassign_date tersedia (durasi negatif di-clamp ke 0 = Comply);0,00;Comply
202603;TREG 5;SULBAGSEL;MAKASSAR;BAL;create;48,00;CustomerAssign;bima_customerassign_date tersedia (durasi negatif di-clamp ke 0 = Comply);25,27;Comply
202603;TREG 2;BANDUNG;BANDUNG BARAT;RJW;migrate;24,00;CustomerAssign;bima_customerassign_date tersedia (durasi negatif di-clamp ke 0 = Comply);6,34;Comply
202603;TREG 2;JAKARTA OUTER;JAKTIM;PGB;migrate;24,00;CustomerAssign;bima_customerassign_date tersedia (durasi negatif di-clamp ke 0 = Comply);6,37;Comply
202603;TREG 3;BALI;DENPASAR SELATAN;BNO;create;48,00;CustomerAssign;bima_customerassign_date tersedia (durasi negatif di-clamp ke 0 = Comply);0,00;Comply
202603;TREG 5;SUMALUT;MENADO;PIK;create;48,00;CustomerAssign;bima_customerassign_date tersedia (durasi negatif di-clamp ke 0 = Comply);23,80;Comply
202603;TREG 3;JATIM TIMUR;PASURUAN;GRA;migrate;24,00;CustomerAssign;bima_customerassign_date tersedia (durasi negatif di-clamp ke 0 = Comply);30,86;Not Comply
202603;TREG 3;YOGYA JATENG SELATAN;YOGYAKARTA;KGD;create;48,00;CustomerAssign;bima_customerassign_date tersedia (durasi negatif di-clamp ke 0 = Comply);1,86;Comply
202603;TREG 2;JAKARTA OUTER;JAKTIM;RMG;migrate;24,00;CustomerAssign;bima_customerassign_date tersedia (durasi negatif di-clamp ke 0 = Comply);0,00;Comply
202603;TREG 3;BALI;TABANAN;TBN;migrate;24,00;CustomerAssign;bima_customerassign_date tersedia (durasi negatif di-clamp ke 0 = Comply);360,02;Not Comply
202603;TREG 3;SURAMADU;SURABAYA SELATAN;RKT;migrate;24,00;CustomerAssign;bima_customerassign_date tersedia (durasi negatif di-clamp ke 0 = Comply);7,11;Comply
202603;TREG 4;KALSELTENG;BANJARBARU;BBR;migrate;24,00;CustomerAssign;bima_customerassign_date tersedia (durasi negatif di-clamp ke 0 = Comply);7,22;Comply
202603;TREG 5;SULBAGSEL;KOLAKA;KKA;migrate;24,00;CustomerAssign;bima_customerassign_date tersedia (durasi negatif di-clamp ke 0 = Comply);7,24;Comply
202603;TREG 4;KALSELTENG;BANJARMASIN;KYG;migrate;24,00;CustomerAssign;bima_customerassign_date tersedia (durasi negatif di-clamp ke 0 = Comply);7,27;Comply
202603;TREG 5;SUMALUT;MENADO;PIK;migrate;24,00;CustomerAssign;bima_customerassign_date tersedia (durasi negatif di-clamp ke 0 = Comply);103,53;Not Comply
202603;TREG 3;BALI;TABANAN;TBN;migrate;24,00;CustomerAssign;bima_customerassign_date tersedia (durasi negatif di-clamp ke 0 = Comply);26,54;Not Comply
202603;TREG 3;YOGYA JATENG SELATAN;YOGYAKARTA;PGR;create;48,00;CustomerAssign;bima_customerassign_date tersedia (durasi negatif di-clamp ke 0 = Comply);50,56;Not Comply
202603;TREG 3;SEMARANG JATENG UTARA;SEMARANG;SMC;create;48,00;CustomerAssign;bima_customerassign_date tersedia (durasi negatif di-clamp ke 0 = Comply);0,73;Comply
202603;TREG 3;SEMARANG JATENG UTARA;SLAWI;ADW;migrate;24,00;CustomerAssign;bima_customerassign_date tersedia (durasi negatif di-clamp ke 0 = Comply);7,74;Comply
202603;TREG 2;BANTEN;LENGKONG;SRP;create;48,00;CustomerAssign;bima_customerassign_date tersedia (durasi negatif di-clamp ke 0 = Comply);26,92;Comply
202603;TREG 2;PRIANGAN BARAT;KUJANG;BOO;migrate;24,00;CustomerAssign;bima_customerassign_date tersedia (durasi negatif di-clamp ke 0 = Comply);243,01;Not Comply
202603;TREG 1;SUMBAR JAMBI;SUMBAR;TLB;create;48,00;CustomerAssign;bima_customerassign_date tersedia (durasi negatif di-clamp ke 0 = Comply);8,02;Comply
202603;TREG 2;PRIANGAN BARAT;CIBINONG;CBI;create;48,00;CustomerAssign;bima_customerassign_date tersedia (durasi negatif di-clamp ke 0 = Comply);27,05;Comply
202603;TREG 2;JAKARTA INNER;JAKBAR;KDY;create;48,00;CustomerAssign;bima_customerassign_date tersedia (durasi negatif di-clamp ke 0 = Comply);193,06;Not Comply
202603;TREG 2;BANDUNG;BANDUNG;TRG;migrate;24,00;CustomerAssign;bima_customerassign_date tersedia (durasi negatif di-clamp ke 0 = Comply);8,06;Comply
202603;TREG 4;KALTIMTARA;SAMARINDA;LOB;migrate;24,00;CustomerAssign;bima_customerassign_date tersedia (durasi negatif di-clamp ke 0 = Comply);0,00;Comply
202603;TREG 5;SUMALUT;AMBON;ABO;migrate;24,00;CustomerAssign;bima_customerassign_date tersedia (durasi negatif di-clamp ke 0 = Comply);51,46;Not Comply
202603;TREG 2;BEKASI KARAWANG;BEKASI;KRA;create;48,00;CustomerAssign;bima_customerassign_date tersedia (durasi negatif di-clamp ke 0 = Comply);73,66;Not Comply
202603;TREG 4;KALTIMTARA;TARAKAN;TRK;migrate;24,00;CustomerAssign;bima_customerassign_date tersedia (durasi negatif di-clamp ke 0 = Comply);8,68;Comply
202603;TREG 3;SOLO JATENG TIMUR;SOLO;KTO;create;48,00;CustomerAssign;bima_customerassign_date tersedia (durasi negatif di-clamp ke 0 = Comply);0,00;Comply
202603;TREG 5;SULBAGSEL;PALOPO;PLP;create;48,00;CustomerAssign;bima_customerassign_date tersedia (durasi negatif di-clamp ke 0 = Comply);0,00;Comply
202603;TREG 3;SEMARANG JATENG UTARA;KENDAL;KDL;migrate;24,00;CustomerAssign;bima_customerassign_date tersedia (durasi negatif di-clamp ke 0 = Comply);0,00;Comply
202603;TREG 3;SURAMADU;SURABAYA UTARA;KNN;migrate;24,00;CustomerAssign;bima_customerassign_date tersedia (durasi negatif di-clamp ke 0 = Comply);99,91;Not Comply
202603;TREG 4;KALTIMTARA;SAMARINDA;SEM;create;48,00;CustomerAssign;bima_customerassign_date tersedia (durasi negatif di-clamp ke 0 = Comply);3,91;Comply
202603;TREG 4;KALSELTENG;BANJARBARU;LUL;create;48,00;CustomerAssign;bima_customerassign_date tersedia (durasi negatif di-clamp ke 0 = Comply);25,99;Comply
202603;TREG 2;PRIANGAN BARAT;DEPOK;DEP;migrate;24,00;CustomerAssign;bima_customerassign_date tersedia (durasi negatif di-clamp ke 0 = Comply);4,30;Comply
202603;TREG 2;JAKARTA CENTRUM;JAKPUS;CID;migrate;24,00;CustomerAssign;bima_customerassign_date tersedia (durasi negatif di-clamp ke 0 = Comply);9,44;Comply
202603;TREG 1;ACEH;ACEH;LBR;create;48,00;CustomerAssign;bima_customerassign_date tersedia (durasi negatif di-clamp ke 0 = Comply);9,45;Comply
202603;TREG 1;RIAU;DUMAI;SLJ;migrate;24,00;CustomerAssign;bima_customerassign_date tersedia (durasi negatif di-clamp ke 0 = Comply);249,52;Not Comply
202603;TREG 4;KALSELTENG;BANJARBARU;BBR;migrate;24,00;CustomerAssign;bima_customerassign_date tersedia (durasi negatif di-clamp ke 0 = Comply);4,53;Comply
202603;TREG 2;BANDUNG;SUMEDANG;SMD;migrate;24,00;CustomerAssign;bima_customerassign_date tersedia (durasi negatif di-clamp ke 0 = Comply);100,55;Not Comply
202603;TREG 4;KALSELTENG;BATULICIN;KPL;migrate;24,00;CustomerAssign;bima_customerassign_date tersedia (durasi negatif di-clamp ke 0 = Comply);28,57;Not Comply
202603;TREG 3;SOLO JATENG TIMUR;KUDUS;KUD;create;48,00;CustomerAssign;bima_customerassign_date tersedia (durasi negatif di-clamp ke 0 = Comply);0,00;Comply
202603;TREG 4;KALTIMTARA;BULUNGAN BERAU;TSL;migrate;24,00;CustomerAssign;bima_customerassign_date tersedia (durasi negatif di-clamp ke 0 = Comply);0,00;Comply
202603;TREG 2;PRIANGAN BARAT;DEPOK;CNE;migrate;24,00;CustomerAssign;bima_customerassign_date tersedia (durasi negatif di-clamp ke 0 = Comply);0,00;Comply
202603;TREG 3;SURAMADU;SURABAYA SELATAN;IJK;migrate;24,00;CustomerAssign;bima_customerassign_date tersedia (durasi negatif di-clamp ke 0 = Comply);0,00;Comply
202603;TREG 5;SULBAGSEL;MAROS;PKN;create;48,00;CustomerAssign;bima_customerassign_date tersedia (durasi negatif di-clamp ke 0 = Comply);0,00;Comply
202603;TREG 2;BANTEN;PASAR BARU;TAN;migrate;24,00;CustomerAssign;bima_customerassign_date tersedia (durasi negatif di-clamp ke 0 = Comply);4,77;Comply
202603;TREG 4;KALTIMTARA;TARAKAN;TRK;migrate;24,00;CustomerAssign;bima_customerassign_date tersedia (durasi negatif di-clamp ke 0 = Comply);9,79;Comply
202603;TREG 1;SUMBAR JAMBI;BUKIT TINGGI;PYK;migrate;24,00;CustomerAssign;bima_customerassign_date tersedia (durasi negatif di-clamp ke 0 = Comply);9,83;Comply
202603;TREG 2;JAKARTA OUTER;JAKTIM;KLD;create;48,00;CustomerAssign;bima_customerassign_date tersedia (durasi negatif di-clamp ke 0 = Comply);4,89;Comply
202603;TREG 2;PRIANGAN BARAT;DEPOK;CNE;migrate;24,00;CustomerAssign;bima_customerassign_date tersedia (durasi negatif di-clamp ke 0 = Comply);57,99;Not Comply
202603;TREG 3;YOGYA JATENG SELATAN;YOGYAKARTA;PGR;create;48,00;CustomerAssign;bima_customerassign_date tersedia (durasi negatif di-clamp ke 0 = Comply);0,00;Comply
202603;TREG 2;BEKASI KARAWANG;BEKASI;KRA;create;48,00;CustomerAssign;bima_customerassign_date tersedia (durasi negatif di-clamp ke 0 = Comply);0,00;Comply
202603;TREG 4;KALTIMTARA;TARAKAN;TRK;migrate;24,00;CustomerAssign;bima_customerassign_date tersedia (durasi negatif di-clamp ke 0 = Comply);3,64;Comply
202603;TREG 1;SUMUT;MEDAN;MDC;migrate;24,00;CustomerAssign;bima_customerassign_date tersedia (durasi negatif di-clamp ke 0 = Comply);245,69;Not Comply
202603;TREG 3;JATIM TIMUR;JOMBANG;JOM;migrate;24,00;CustomerAssign;bima_customerassign_date tersedia (durasi negatif di-clamp ke 0 = Comply);3,78;Comply
202603;TREG 2;BANTEN;CIPUTAT;CPA;migrate;24,00;CustomerAssign;bima_customerassign_date tersedia (durasi negatif di-clamp ke 0 = Comply);29,92;Not Comply
202603;TREG 3;JATIM TIMUR;SIDOARJO;SDA;migrate;24,00;CustomerAssign;bima_customerassign_date tersedia (durasi negatif di-clamp ke 0 = Comply);0,00;Comply
202603;TREG 3;SEMARANG JATENG UTARA;SEMARANG;MKG;migrate;24,00;CustomerAssign;bima_customerassign_date tersedia (durasi negatif di-clamp ke 0 = Comply);0,00;Comply
202603;TREG 1;RIAU;RIDAR;PBB;migrate;24,00;CustomerAssign;bima_customerassign_date tersedia (durasi negatif di-clamp ke 0 = Comply);6,14;Comply
202603;TREG 3;SURAMADU;SURABAYA SELATAN;TPO;migrate;24,00;CustomerAssign;bima_customerassign_date tersedia (durasi negatif di-clamp ke 0 = Comply);124,21;Not Comply
202603;TREG 1;RIAU;RIDAR;PBB;migrate;24,00;CustomerAssign;bima_customerassign_date tersedia (durasi negatif di-clamp ke 0 = Comply);150,22;Not Comply
202603;TREG 1;SUMUT;LUBUK PAKAM;LBP;create;48,00;CustomerAssign;bima_customerassign_date tersedia (durasi negatif di-clamp ke 0 = Comply);11,29;Comply
202603;TREG 2;JAKARTA OUTER;JAKTIM;PDK;migrate;24,00;CustomerAssign;bima_customerassign_date tersedia (durasi negatif di-clamp ke 0 = Comply);11,30;Comply
202603;TREG 1;RIAU;DUMAI;SLJ;migrate;24,00;CustomerAssign;bima_customerassign_date tersedia (durasi negatif di-clamp ke 0 = Comply);179,31;Not Comply
202603;TREG 2;JAKARTA OUTER;JAKTIM;KRG;migrate;24,00;CustomerAssign;bima_customerassign_date tersedia (durasi negatif di-clamp ke 0 = Comply);35,31;Not Comply
202603;TREG 4;BALIKPAPAN;TANAHGROGOT;KRO;migrate;24,00;CustomerAssign;bima_customerassign_date tersedia (durasi negatif di-clamp ke 0 = Comply);0,00;Comply
202603;TREG 1;SUMUT;SIBOLGA;DLS;migrate;24,00;CustomerAssign;bima_customerassign_date tersedia (durasi negatif di-clamp ke 0 = Comply);246,46;Not Comply
202603;TREG 1;SUMUT;MEDAN;SKI;create;48,00;CustomerAssign;bima_customerassign_date tersedia (durasi negatif di-clamp ke 0 = Comply);4,51;Comply
202603;TREG 3;SURAMADU;SURABAYA SELATAN;WRU;create;48,00;CustomerAssign;bima_customerassign_date tersedia (durasi negatif di-clamp ke 0 = Comply);4,52;Comply
202603;TREG 2;PRIANGAN BARAT;DEPOK;DEP;migrate;24,00;CustomerAssign;bima_customerassign_date tersedia (durasi negatif di-clamp ke 0 = Comply);4,59;Comply
202603;TREG 1;SUMUT;LUBUK PAKAM;LBP;migrate;24,00;CustomerAssign;bima_customerassign_date tersedia (durasi negatif di-clamp ke 0 = Comply);78,61;Not Comply
202603;TREG 2;JAKARTA INNER;JAKBAR;PLM;migrate;24,00;CustomerAssign;bima_customerassign_date tersedia (durasi negatif di-clamp ke 0 = Comply);11,67;Comply
202603;TREG 4;KALSELTENG;BATULICIN;BLC;migrate;24,00;CustomerAssign;bima_customerassign_date tersedia (durasi negatif di-clamp ke 0 = Comply);0,00;Comply
202603;TREG 4;KALSELTENG;PALANGKARAYA;KKP;migrate;24,00;CustomerAssign;bima_customerassign_date tersedia (durasi negatif di-clamp ke 0 = Comply);0,00;Comply
202603;TREG 2;BEKASI KARAWANG;CIKARANG;BGG;create;48,00;CustomerAssign;bima_customerassign_date tersedia (durasi negatif di-clamp ke 0 = Comply);0,00;Comply
202603;TREG 2;JAKARTA OUTER;JAKTIM;KRG;migrate;24,00;CustomerAssign;bima_customerassign_date tersedia (durasi negatif di-clamp ke 0 = Comply);30,93;Not Comply
202603;TREG 3;SURAMADU;SURABAYA UTARA;KPS;migrate;24,00;CustomerAssign;bima_customerassign_date tersedia (durasi negatif di-clamp ke 0 = Comply);102,98;Not Comply
202603;TREG 4;KALSELTENG;BANJARMASIN;GMB;migrate;24,00;CustomerAssign;bima_customerassign_date tersedia (durasi negatif di-clamp ke 0 = Comply);125,03;Not Comply
202603;TREG 3;YOGYA JATENG SELATAN;PURWOKERTO;SUK;create;48,00;CustomerAssign;bima_customerassign_date tersedia (durasi negatif di-clamp ke 0 = Comply);103,17;Not Comply
202603;TREG 1;SUMUT;SUMUT;RBM;create;48,00;CustomerAssign;bima_customerassign_date tersedia (durasi negatif di-clamp ke 0 = Comply);0,00;Comply
202603;TREG 3;JATIM TIMUR;SIBO;BOW;migrate;24,00;CustomerAssign;bima_customerassign_date tersedia (durasi negatif di-clamp ke 0 = Comply);12,21;Comply
202603;TREG 1;SUMUT;BINJAI;BJI;migrate;24,00;CustomerAssign;bima_customerassign_date tersedia (durasi negatif di-clamp ke 0 = Comply);29,22;Not Comply
202603;TREG 3;JATIM TIMUR;MOJOKERTO;MRT;migrate;24,00;CustomerAssign;bima_customerassign_date tersedia (durasi negatif di-clamp ke 0 = Comply);12,22;Comply
202603;TREG 4;KALSELTENG;PALANGKARAYA;PLK;migrate;24,00;CustomerAssign;bima_customerassign_date tersedia (durasi negatif di-clamp ke 0 = Comply);0,00;Comply
202603;TREG 4;BALIKPAPAN;BALIKPAPAN;GSA;migrate;24,00;CustomerAssign;bima_customerassign_date tersedia (durasi negatif di-clamp ke 0 = Comply);7,36;Comply
202603;TREG 4;BALIKPAPAN;BALIKPAPAN;GSA;migrate;24,00;CustomerAssign;bima_customerassign_date tersedia (durasi negatif di-clamp ke 0 = Comply);7,37;Comply
202603;TREG 4;BALIKPAPAN;TANAHGROGOT;TNG;migrate;24,00;CustomerAssign;bima_customerassign_date tersedia (durasi negatif di-clamp ke 0 = Comply);5,37;Comply
202603;TREG 1;SUMBAR JAMBI;SOLOK;SLK;migrate;24,00;CustomerAssign;bima_customerassign_date tersedia (durasi negatif di-clamp ke 0 = Comply);12,38;Comply
202603;TREG 1;RIAU;RIKEP;BTC;create;48,00;CustomerAssign;bima_customerassign_date tersedia (durasi negatif di-clamp ke 0 = Comply);0,00;Comply
202603;TREG 5;SULBAGSEL;SITOR;MAK;migrate;24,00;CustomerAssign;bima_customerassign_date tersedia (durasi negatif di-clamp ke 0 = Comply);60,50;Not Comply
202603;TREG 3;SEMARANG JATENG UTARA;BREBES;KTM;create;48,00;CustomerAssign;bima_customerassign_date tersedia (durasi negatif di-clamp ke 0 = Comply);324,56;Not Comply
202603;TREG 3;JATIM TIMUR;PROBOLINGGO;PTN;migrate;24,00;CustomerAssign;bima_customerassign_date tersedia (durasi negatif di-clamp ke 0 = Comply);7,57;Comply
202603;TREG 1;SUMBAR JAMBI;SUMBAR;KJI;migrate;24,00;CustomerAssign;bima_customerassign_date tersedia (durasi negatif di-clamp ke 0 = Comply);0,00;Comply
202603;TREG 2;BANTEN;PASAR BARU;CKL;create;48,00;CustomerAssign;bima_customerassign_date tersedia (durasi negatif di-clamp ke 0 = Comply);55,71;Not Comply
202603;TREG 3;SURAMADU;SURABAYA UTARA;KBL;migrate;24,00;CustomerAssign;bima_customerassign_date tersedia (durasi negatif di-clamp ke 0 = Comply);0,00;Comply
202603;TREG 4;KALSELTENG;MUARA TEWEH;PRC;migrate;24,00;CustomerAssign;bima_customerassign_date tersedia (durasi negatif di-clamp ke 0 = Comply);12,93;Comply
202603;TREG 2;JAKARTA CENTRUM;JAKUT;TPR;migrate;24,00;CustomerAssign;bima_customerassign_date tersedia (durasi negatif di-clamp ke 0 = Comply);13,07;Comply
202603;TREG 3;SEMARANG JATENG UTARA;PEKALONGAN;KJE;migrate;24,00;CustomerAssign;bima_customerassign_date tersedia (durasi negatif di-clamp ke 0 = Comply);8,08;Comply
202603;TREG 1;RIAU;RIKEP;SLU;migrate;24,00;CustomerAssign;bima_customerassign_date tersedia (durasi negatif di-clamp ke 0 = Comply);157,40;Not Comply
202603;TREG 1;SUMUT;MEDAN;SPM;migrate;24,00;CustomerAssign;bima_customerassign_date tersedia (durasi negatif di-clamp ke 0 = Comply);30,58;Not Comply
202603;TREG 1;RIAU;RIKEP;BTC;migrate;24,00;CustomerAssign;bima_customerassign_date tersedia (durasi negatif di-clamp ke 0 = Comply);9,05;Comply
202603;TREG 2;JAKARTA INNER;JAKBAR;PLM;migrate;24,00;CustomerAssign;bima_customerassign_date tersedia (durasi negatif di-clamp ke 0 = Comply);33,10;Not Comply
202603;TREG 1;SUMUT;SIBOLGA;SBG;migrate;24,00;CustomerAssign;bima_customerassign_date tersedia (durasi negatif di-clamp ke 0 = Comply);0,00;Comply
202603;TREG 3;JATIM TIMUR;JOMBANG;JOM;migrate;24,00;CustomerAssign;bima_customerassign_date tersedia (durasi negatif di-clamp ke 0 = Comply);0,00;Comply
202603;TREG 5;SUMALUT;AMBON;ABO;migrate;24,00;CustomerAssign;bima_customerassign_date tersedia (durasi negatif di-clamp ke 0 = Comply);0,00;Comply
202603;TREG 5;PAPUA BARAT;TIMIKA;TIM;create;48,00;CustomerAssign;bima_customerassign_date tersedia (durasi negatif di-clamp ke 0 = Comply);22,81;Comply
202603;TREG 4;KALTIMTARA;SAMARINDA;LOB;migrate;24,00;CustomerAssign;bima_customerassign_date tersedia (durasi negatif di-clamp ke 0 = Comply);40,07;Not Comply
202603;TREG 4;KALTIMTARA;BONTANG;BOT;migrate;24,00;CustomerAssign;bima_customerassign_date tersedia (durasi negatif di-clamp ke 0 = Comply);0,00;Comply
202603;TREG 4;KALTIMTARA;TARAKAN;TRK;migrate;24,00;CustomerAssign;bima_customerassign_date tersedia (durasi negatif di-clamp ke 0 = Comply);16,70;Comply
202603;TREG 4;KALSELTENG;TANJUNG TABALONG;PGN;migrate;24,00;CustomerAssign;bima_customerassign_date tersedia (durasi negatif di-clamp ke 0 = Comply);71,73;Not Comply
202603;TREG 3;BALI;DENPASAR SELATAN;NSD;migrate;24,00;CustomerAssign;bima_customerassign_date tersedia (durasi negatif di-clamp ke 0 = Comply);144,08;Not Comply
202603;TREG 5;SULBAGSEL;BANTAENG;JNP;migrate;24,00;CustomerAssign;bima_customerassign_date tersedia (durasi negatif di-clamp ke 0 = Comply);41,12;Not Comply
202603;TREG 3;YOGYA JATENG SELATAN;SLEMAN;GOD;migrate;24,00;CustomerAssign;bima_customerassign_date tersedia (durasi negatif di-clamp ke 0 = Comply);72,33;Not Comply
202603;TREG 1;SUMBAGSEL;BELITUNG;TJN;migrate;24,00;CustomerAssign;bima_customerassign_date tersedia (durasi negatif di-clamp ke 0 = Comply);43,42;Not Comply
202603;TREG 2;BANTEN;BANTEN;SEG;migrate;24,00;CustomerAssign;bima_customerassign_date tersedia (durasi negatif di-clamp ke 0 = Comply);24,47;Not Comply
202603;TREG 1;SUMBAGSEL;BELITUNG;TJN;migrate;24,00;CustomerAssign;bima_customerassign_date tersedia (durasi negatif di-clamp ke 0 = Comply);43,47;Not Comply
202603;TREG 3;YOGYA JATENG SELATAN;PURWOKERTO;PWT;migrate;24,00;CustomerAssign;bima_customerassign_date tersedia (durasi negatif di-clamp ke 0 = Comply);120,48;Not Comply
202603;TREG 2;BEKASI KARAWANG;CIKARANG;JBB;migrate;24,00;CustomerAssign;bima_customerassign_date tersedia (durasi negatif di-clamp ke 0 = Comply);24,49;Not Comply
202603;TREG 3;SURAMADU;SURABAYA UTARA;TNS;migrate;24,00;CustomerAssign;bima_customerassign_date tersedia (durasi negatif di-clamp ke 0 = Comply);115,71;Not Comply
202603;TREG 3;SURAMADU;SURABAYA UTARA;KPS;migrate;24,00;CustomerAssign;bima_customerassign_date tersedia (durasi negatif di-clamp ke 0 = Comply);63,74;Not Comply
202603;TREG 3;BALI;DENPASAR CENTRUM;KLM;migrate;24,00;CustomerAssign;bima_customerassign_date tersedia (durasi negatif di-clamp ke 0 = Comply);89,84;Not Comply
202603;TREG 3;YOGYA JATENG SELATAN;MUNTILAN;SWT;migrate;24,00;CustomerAssign;bima_customerassign_date tersedia (durasi negatif di-clamp ke 0 = Comply);0,92;Comply
202603;TREG 4;KALTIMTARA;SAMARINDA;PLL;create;48,00;CustomerAssign;bima_customerassign_date tersedia (durasi negatif di-clamp ke 0 = Comply);20,08;Comply
202603;TREG 3;SURAMADU;SURABAYA SELATAN;JGR;create;48,00;CustomerAssign;bima_customerassign_date tersedia (durasi negatif di-clamp ke 0 = Comply);0,00;Comply
202603;TREG 2;BEKASI KARAWANG;CIKARANG;SMH;migrate;24,00;CustomerAssign;bima_customerassign_date tersedia (durasi negatif di-clamp ke 0 = Comply);49,22;Not Comply
202603;TREG 3;SURAMADU;SURABAYA SELATAN;JGR;create;48,00;CustomerAssign;bima_customerassign_date tersedia (durasi negatif di-clamp ke 0 = Comply);25,33;Comply
202603;TREG 1;ACEH;LANGSA;LGS;migrate;24,00;CustomerAssign;bima_customerassign_date tersedia (durasi negatif di-clamp ke 0 = Comply);90,91;Not Comply
202603;TREG 3;NUSA TENGGARA;WAINGAPU;WGP;migrate;24,00;CustomerAssign;bima_customerassign_date tersedia (durasi negatif di-clamp ke 0 = Comply);333,00;Not Comply
202603;TREG 4;KALSELTENG;PALANGKARAYA;KKN;migrate;24,00;CustomerAssign;bima_customerassign_date tersedia (durasi negatif di-clamp ke 0 = Comply);194,23;Not Comply
202603;TREG 3;YOGYA JATENG SELATAN;YOGYAKARTA;PGR;migrate;24,00;CustomerAssign;bima_customerassign_date tersedia (durasi negatif di-clamp ke 0 = Comply);43,27;Not Comply
202603;TREG 4;KALTIMTARA;SAMARINDA;SMR;migrate;24,00;CustomerAssign;bima_customerassign_date tersedia (durasi negatif di-clamp ke 0 = Comply);21,94;Comply
202603;TREG 4;KALTIMTARA;BONTANG;STT;migrate;24,00;CustomerAssign;bima_customerassign_date tersedia (durasi negatif di-clamp ke 0 = Comply);187,97;Not Comply
202603;TREG 5;SULBAGSEL;MAMUJU;MAM;migrate;24,00;CustomerAssign;bima_customerassign_date tersedia (durasi negatif di-clamp ke 0 = Comply);0,00;Comply
202603;TREG 5;SULBAGSEL;MAROS;SUD;migrate;24,00;CustomerAssign;bima_customerassign_date tersedia (durasi negatif di-clamp ke 0 = Comply);3,33;Comply
202603;TREG 4;KALTIMTARA;SAMARINDA;LOB;migrate;24,00;CustomerAssign;bima_customerassign_date tersedia (durasi negatif di-clamp ke 0 = Comply);27,67;Not Comply
202603;TREG 3;BALI;DENPASAR SELATAN;NSD;create;48,00;CustomerAssign;bima_customerassign_date tersedia (durasi negatif di-clamp ke 0 = Comply);0,00;Comply
202603;TREG 4;KALTIMTARA;BULUNGAN BERAU;TLA;create;48,00;CustomerAssign;bima_customerassign_date tersedia (durasi negatif di-clamp ke 0 = Comply);0,00;Comply
202603;TREG 4;KALTIMTARA;TARAKAN;TRK;create;48,00;CustomerAssign;bima_customerassign_date tersedia (durasi negatif di-clamp ke 0 = Comply);25,90;Comply
202603;TREG 1;RIAU;RIKEP;LBJ;migrate;24,00;CustomerAssign;bima_customerassign_date tersedia (durasi negatif di-clamp ke 0 = Comply);4,09;Comply
202603;TREG 3;BALI;DENPASAR SELATAN;JBR;migrate;24,00;CustomerAssign;bima_customerassign_date tersedia (durasi negatif di-clamp ke 0 = Comply);28,25;Not Comply
202603;TREG 3;YOGYA JATENG SELATAN;YOGYAKARTA;KBU;create;48,00;CustomerAssign;bima_customerassign_date tersedia (durasi negatif di-clamp ke 0 = Comply);0,00;Comply
202603;TREG 2;BANDUNG;BANDUNG BARAT;CMI;migrate;24,00;CustomerAssign;bima_customerassign_date tersedia (durasi negatif di-clamp ke 0 = Comply);4,43;Comply
202603;TREG 4;BALIKPAPAN;TANAHGROGOT;TNG;migrate;24,00;CustomerAssign;bima_customerassign_date tersedia (durasi negatif di-clamp ke 0 = Comply);28,54;Not Comply
202603;TREG 2;BANDUNG;BANDUNG BARAT;CMI;create;48,00;CustomerAssign;bima_customerassign_date tersedia (durasi negatif di-clamp ke 0 = Comply);309,61;Not Comply
202603;TREG 3;YOGYA JATENG SELATAN;YOGYAKARTA;PGR;migrate;24,00;CustomerAssign;bima_customerassign_date tersedia (durasi negatif di-clamp ke 0 = Comply);47,65;Not Comply
202603;TREG 3;SURAMADU;SURABAYA SELATAN;JGR;create;48,00;CustomerAssign;bima_customerassign_date tersedia (durasi negatif di-clamp ke 0 = Comply);0,14;Comply
202603;TREG 4;KALTIMTARA;BONTANG;LKT;create;48,00;CustomerAssign;bima_customerassign_date tersedia (durasi negatif di-clamp ke 0 = Comply);24,25;Comply
202603;TREG 2;BANDUNG;BANDUNG;HGM;create;48,00;CustomerAssign;bima_customerassign_date tersedia (durasi negatif di-clamp ke 0 = Comply);5,26;Comply
202603;TREG 2;BANDUNG;BANDUNG;GGK;migrate;24,00;CustomerAssign;bima_customerassign_date tersedia (durasi negatif di-clamp ke 0 = Comply);293,66;Not Comply
202603;TREG 2;BANDUNG;BANDUNG BARAT;CMI;migrate;24,00;CustomerAssign;bima_customerassign_date tersedia (durasi negatif di-clamp ke 0 = Comply);0,83;Comply
202603;TREG 5;SULBAGTENG;PALU;PLA;migrate;24,00;CustomerAssign;bima_customerassign_date tersedia (durasi negatif di-clamp ke 0 = Comply);432,85;Not Comply
202603;TREG 3;YOGYA JATENG SELATAN;SLEMAN;PKM;migrate;24,00;CustomerAssign;bima_customerassign_date tersedia (durasi negatif di-clamp ke 0 = Comply);341,89;Not Comply
202603;TREG 2;BANTEN;BANTEN;SEG;migrate;24,00;CustomerAssign;bima_customerassign_date tersedia (durasi negatif di-clamp ke 0 = Comply);77,93;Not Comply
202603;TREG 3;SOLO JATENG TIMUR;SOLO;KRT;migrate;24,00;CustomerAssign;bima_customerassign_date tersedia (durasi negatif di-clamp ke 0 = Comply);5,95;Comply
202603;TREG 3;YOGYA JATENG SELATAN;YOGYAKARTA;PGR;migrate;24,00;CustomerAssign;bima_customerassign_date tersedia (durasi negatif di-clamp ke 0 = Comply);24,98;Not Comply
202603;TREG 2;JAKARTA CENTRUM;JAKUT;CIL;create;48,00;CustomerAssign;bima_customerassign_date tersedia (durasi negatif di-clamp ke 0 = Comply);6,00;Comply
202603;TREG 4;KALSELTENG;BANJARBARU;LUL;create;48,00;CustomerAssign;bima_customerassign_date tersedia (durasi negatif di-clamp ke 0 = Comply);1,25;Comply
202603;TREG 3;SURAMADU;SURABAYA UTARA;TNS;migrate;24,00;CustomerAssign;bima_customerassign_date tersedia (durasi negatif di-clamp ke 0 = Comply);25,26;Not Comply
202603;TREG 2;PRIANGAN BARAT;KUJANG;BOO;migrate;24,00;CustomerAssign;bima_customerassign_date tersedia (durasi negatif di-clamp ke 0 = Comply);30,27;Not Comply
202603;TREG 1;SUMUT;SUMUT;RBM;create;48,00;CustomerAssign;bima_customerassign_date tersedia (durasi negatif di-clamp ke 0 = Comply);21,31;Comply
202603;TREG 2;JAKARTA OUTER;JAKSEL;CPE;migrate;24,00;CustomerAssign;bima_customerassign_date tersedia (durasi negatif di-clamp ke 0 = Comply);30,49;Not Comply
202603;TREG 1;ACEH;ACEH;LBR;create;48,00;CustomerAssign;bima_customerassign_date tersedia (durasi negatif di-clamp ke 0 = Comply);126,51;Not Comply
202603;TREG 2;BANTEN;CILEGON;CLG;migrate;24,00;CustomerAssign;bima_customerassign_date tersedia (durasi negatif di-clamp ke 0 = Comply);985,59;Not Comply
202603;TREG 1;ACEH;MEULABOH;MBO;migrate;24,00;CustomerAssign;bima_customerassign_date tersedia (durasi negatif di-clamp ke 0 = Comply);119,69;Not Comply
202603;TREG 3;YOGYA JATENG SELATAN;PURWOKERTO;PWT;migrate;24,00;CustomerAssign;bima_customerassign_date tersedia (durasi negatif di-clamp ke 0 = Comply);71,77;Not Comply
202603;TREG 3;SURAMADU;SURABAYA UTARA;LKI;create;48,00;CustomerAssign;bima_customerassign_date tersedia (durasi negatif di-clamp ke 0 = Comply);23,81;Comply
202603;TREG 1;ACEH;ACEH;LTM;migrate;24,00;CustomerAssign;bima_customerassign_date tersedia (durasi negatif di-clamp ke 0 = Comply);78,84;Not Comply
202603;TREG 3;YOGYA JATENG SELATAN;MUNTILAN;MUN;migrate;24,00;CustomerAssign;bima_customerassign_date tersedia (durasi negatif di-clamp ke 0 = Comply);78,89;Not Comply
202603;TREG 3;YOGYA JATENG SELATAN;PURWOREJO;PWJ;migrate;24,00;CustomerAssign;bima_customerassign_date tersedia (durasi negatif di-clamp ke 0 = Comply);0,00;Comply
202603;TREG 2;BANTEN;CIKUPA;CKA;migrate;24,00;CustomerAssign;bima_customerassign_date tersedia (durasi negatif di-clamp ke 0 = Comply);23,93;Comply
202603;TREG 3;BALI;DENPASAR CENTRUM;KLM;migrate;24,00;CustomerAssign;bima_customerassign_date tersedia (durasi negatif di-clamp ke 0 = Comply);6,94;Comply
202603;TREG 4;KALTIMTARA;BULUNGAN BERAU;TRD;migrate;24,00;CustomerAssign;bima_customerassign_date tersedia (durasi negatif di-clamp ke 0 = Comply);25,97;Not Comply
202603;TREG 4;KALTIMTARA;BULUNGAN BERAU;TRD;migrate;24,00;CustomerAssign;bima_customerassign_date tersedia (durasi negatif di-clamp ke 0 = Comply);30,99;Not Comply
202603;TREG 2;BANTEN;CIPUTAT;CPA;create;48,00;CustomerAssign;bima_customerassign_date tersedia (durasi negatif di-clamp ke 0 = Comply);0,60;Comply
202603;TREG 4;KALSELTENG;PANGKALAN BUN;PBU;migrate;24,00;CustomerAssign;bima_customerassign_date tersedia (durasi negatif di-clamp ke 0 = Comply);0,00;Comply
202603;TREG 1;LAMPUNG BENGKULU;METRO;MET;create;48,00;CustomerAssign;bima_customerassign_date tersedia (durasi negatif di-clamp ke 0 = Comply);8,03;Comply
202603;TREG 4;KALTIMTARA;SAMARINDA;SMR;create;48,00;CustomerAssign;bima_customerassign_date tersedia (durasi negatif di-clamp ke 0 = Comply);0,00;Comply
202603;TREG 2;BANTEN;PASAR BARU;PSK;create;48,00;CustomerAssign;bima_customerassign_date tersedia (durasi negatif di-clamp ke 0 = Comply);27,36;Comply
202603;TREG 2;JAKARTA OUTER;JAKSEL;CPE;create;48,00;CustomerAssign;bima_customerassign_date tersedia (durasi negatif di-clamp ke 0 = Comply);73,49;Not Comply
202603;TREG 3;SEMARANG JATENG UTARA;SLAWI;BLU;migrate;24,00;PI;bima_customerassign_date kosong → pakai orca_pi_date (durasi negatif di-clamp ke 0 = Comply);122,04;Not Comply
202603;TREG 5;SULBAGSEL;MAROS;SUD;migrate;24,00;CustomerAssign;bima_customerassign_date tersedia (durasi negatif di-clamp ke 0 = Comply);0,00;Comply
202603;TREG 5;PAPUA;SENTANI;SNI;migrate;24,00;CustomerAssign;bima_customerassign_date tersedia (durasi negatif di-clamp ke 0 = Comply);32,64;Not Comply
202603;TREG 5;PAPUA;ABEPURA;ABE;migrate;24,00;CustomerAssign;bima_customerassign_date tersedia (durasi negatif di-clamp ke 0 = Comply);8,70;Comply
202603;TREG 4;KALTIMTARA;BULUNGAN BERAU;TLA;create;48,00;CustomerAssign;bima_customerassign_date tersedia (durasi negatif di-clamp ke 0 = Comply);0,00;Comply
202603;TREG 2;PRIANGAN BARAT;DEPOK;DEP;migrate;24,00;CustomerAssign;bima_customerassign_date tersedia (durasi negatif di-clamp ke 0 = Comply);25,77;Not Comply
202603;TREG 2;JAKARTA CENTRUM;JAKUT;STR;create;48,00;CustomerAssign;bima_customerassign_date tersedia (durasi negatif di-clamp ke 0 = Comply);0,00;Comply
202603;TREG 2;JAKARTA OUTER;JAKSEL;CPE;migrate;24,00;CustomerAssign;bima_customerassign_date tersedia (durasi negatif di-clamp ke 0 = Comply);194,03;Not Comply
202603;TREG 2;BANTEN;CIPUTAT;CLD;create;48,00;CustomerAssign;bima_customerassign_date tersedia (durasi negatif di-clamp ke 0 = Comply);50,04;Not Comply
202603;TREG 2;JAKARTA OUTER;JAKSEL;CPE;migrate;24,00;CustomerAssign;bima_customerassign_date tersedia (durasi negatif di-clamp ke 0 = Comply);194,04;Not Comply
202603;TREG 3;SEMARANG JATENG UTARA;SALATIGA;SLI;migrate;24,00;CustomerAssign;bima_customerassign_date tersedia (durasi negatif di-clamp ke 0 = Comply);0,00;Comply
202603;TREG 3;SEMARANG JATENG UTARA;UNGARAN;UNR;create;48,00;CustomerAssign;bima_customerassign_date tersedia (durasi negatif di-clamp ke 0 = Comply);4,40;Comply
202603;TREG 2;BEKASI KARAWANG;CIKARANG;BGG;create;48,00;CustomerAssign;bima_customerassign_date tersedia (durasi negatif di-clamp ke 0 = Comply);129,52;Not Comply
202603;TREG 2;BEKASI KARAWANG;SUBANG;PGD;migrate;24,00;CustomerAssign;bima_customerassign_date tersedia (durasi negatif di-clamp ke 0 = Comply);33,58;Not Comply
202603;TREG 2;BANTEN;LENGKONG;RMP;migrate;24,00;CustomerAssign;bima_customerassign_date tersedia (durasi negatif di-clamp ke 0 = Comply);9,69;Comply
202603;TREG 1;RIAU;TANJUNG PINANG;RAI;migrate;24,00;CustomerAssign;bima_customerassign_date tersedia (durasi negatif di-clamp ke 0 = Comply);146,78;Not Comply
202603;TREG 2;JAKARTA INNER;JAKBAR;TGA;create;48,00;CustomerAssign;bima_customerassign_date tersedia (durasi negatif di-clamp ke 0 = Comply);57,81;Not Comply
202603;TREG 4;KALTIMTARA;SAMARINDA;LOB;create;48,00;CustomerAssign;bima_customerassign_date tersedia (durasi negatif di-clamp ke 0 = Comply);10,01;Comply
202603;TREG 2;JAKARTA OUTER;JAKSEL;CPE;migrate;24,00;CustomerAssign;bima_customerassign_date tersedia (durasi negatif di-clamp ke 0 = Comply);29,04;Not Comply
202603;TREG 3;SURAMADU;SURABAYA SELATAN;GBG;create;48,00;CustomerAssign;bima_customerassign_date tersedia (durasi negatif di-clamp ke 0 = Comply);0,00;Comply
202603;TREG 3;SOLO JATENG TIMUR;SOLO;BKG;migrate;24,00;CustomerAssign;bima_customerassign_date tersedia (durasi negatif di-clamp ke 0 = Comply);10,29;Comply
202603;TREG 2;BEKASI KARAWANG;BEKASI;KLB;migrate;24,00;CustomerAssign;bima_customerassign_date tersedia (durasi negatif di-clamp ke 0 = Comply);10,34;Comply
202603;TREG 5;SUMALUT;HALMAHERA UTARA;TOB;migrate;24,00;CustomerAssign;bima_customerassign_date tersedia (durasi negatif di-clamp ke 0 = Comply);77,36;Not Comply
202603;TREG 2;BANTEN;BANTEN;KMT;create;48,00;CustomerAssign;bima_customerassign_date tersedia (durasi negatif di-clamp ke 0 = Comply);106,51;Not Comply
202603;TREG 1;RIAU;RIDAR;PBB;migrate;24,00;CustomerAssign;bima_customerassign_date tersedia (durasi negatif di-clamp ke 0 = Comply);147,58;Not Comply
202603;TREG 2;JAKARTA OUTER;JAKTIM;KLD;create;48,00;CustomerAssign;bima_customerassign_date tersedia (durasi negatif di-clamp ke 0 = Comply);0,00;Comply
202603;TREG 2;BANDUNG;BANDUNG;CCD;create;48,00;CustomerAssign;bima_customerassign_date tersedia (durasi negatif di-clamp ke 0 = Comply);5,88;Comply
202603;TREG 2;JAKARTA OUTER;JAKTIM;CWA;migrate;24,00;CustomerAssign;bima_customerassign_date tersedia (durasi negatif di-clamp ke 0 = Comply);10,99;Comply
202603;TREG 2;JAKARTA INNER;JAKBAR;CKG;migrate;24,00;CustomerAssign;bima_customerassign_date tersedia (durasi negatif di-clamp ke 0 = Comply);11,02;Comply
202603;TREG 2;JAKARTA INNER;JAKBAR;KDY;migrate;24,00;CustomerAssign;bima_customerassign_date tersedia (durasi negatif di-clamp ke 0 = Comply);35,05;Not Comply
202603;TREG 2;BANDUNG;BANDUNG;TRG;migrate;24,00;CustomerAssign;bima_customerassign_date tersedia (durasi negatif di-clamp ke 0 = Comply);0,00;Comply
202603;TREG 1;SUMBAR JAMBI;JAMBI;KOA;create;48,00;CustomerAssign;bima_customerassign_date tersedia (durasi negatif di-clamp ke 0 = Comply);35,20;Comply
202603;TREG 4;KALSELTENG;BANJARMASIN;ULI;migrate;24,00;CustomerAssign;bima_customerassign_date tersedia (durasi negatif di-clamp ke 0 = Comply);0,00;Comply
202603;TREG 3;SURAMADU;SURABAYA UTARA;KNN;create;48,00;CustomerAssign;bima_customerassign_date tersedia (durasi negatif di-clamp ke 0 = Comply);0,00;Comply
202603;TREG 2;BANDUNG;SUMEDANG;UBR;create;48,00;CustomerAssign;bima_customerassign_date tersedia (durasi negatif di-clamp ke 0 = Comply);83,44;Not Comply
202603;TREG 2;BEKASI KARAWANG;CIKARANG;STN;create;48,00;CustomerAssign;bima_customerassign_date tersedia (durasi negatif di-clamp ke 0 = Comply);6,59;Comply
202603;TREG 4;BALIKPAPAN;TANAHGROGOT;BTK;migrate;24,00;CustomerAssign;bima_customerassign_date tersedia (durasi negatif di-clamp ke 0 = Comply);364,66;Not Comply
202603;TREG 2;PRIANGAN BARAT;KUJANG;PAG;migrate;24,00;CustomerAssign;bima_customerassign_date tersedia (durasi negatif di-clamp ke 0 = Comply);6,73;Comply
202603;TREG 3;JATIM BARAT;MALANG;BLB;create;48,00;CustomerAssign;bima_customerassign_date tersedia (durasi negatif di-clamp ke 0 = Comply);0,00;Comply
202603;TREG 4;BALIKPAPAN;TANAHGROGOT;TNG;migrate;24,00;CustomerAssign;bima_customerassign_date tersedia (durasi negatif di-clamp ke 0 = Comply);107,85;Not Comply
202603;TREG 2;JAKARTA OUTER;JAKTIM;PGG;migrate;24,00;CustomerAssign;bima_customerassign_date tersedia (durasi negatif di-clamp ke 0 = Comply);11,95;Comply
202603;TREG 2;BANTEN;PASAR BARU;SPT;create;48,00;CustomerAssign;bima_customerassign_date tersedia (durasi negatif di-clamp ke 0 = Comply);30,98;Comply
202603;TREG 3;YOGYA JATENG SELATAN;BANTUL;BTL;migrate;24,00;CustomerAssign;bima_customerassign_date tersedia (durasi negatif di-clamp ke 0 = Comply);0,00;Comply
202603;TREG 2;BANTEN;CIPUTAT;CPA;migrate;24,00;CustomerAssign;bima_customerassign_date tersedia (durasi negatif di-clamp ke 0 = Comply);5,11;Comply
202603;TREG 5;SUMALUT;MINAHASA;LAN;migrate;24,00;CustomerAssign;bima_customerassign_date tersedia (durasi negatif di-clamp ke 0 = Comply);55,13;Not Comply
202603;TREG 2;BANTEN;CIPUTAT;CLD;migrate;24,00;CustomerAssign;bima_customerassign_date tersedia (durasi negatif di-clamp ke 0 = Comply);0,00;Comply
202603;TREG 1;RIAU;RIKEP;SLU;migrate;24,00;CustomerAssign;bima_customerassign_date tersedia (durasi negatif di-clamp ke 0 = Comply);101,55;Not Comply
202603;TREG 2;PRIANGAN TIMUR;KUNINGAN;KNG;create;48,00;CustomerAssign;bima_customerassign_date tersedia (durasi negatif di-clamp ke 0 = Comply);7,57;Comply
202603;TREG 3;SURAMADU;SURABAYA SELATAN;MYR;migrate;24,00;CustomerAssign;bima_customerassign_date tersedia (durasi negatif di-clamp ke 0 = Comply);12,62;Comply
202603;TREG 3;SEMARANG JATENG UTARA;PEMALANG;CMA;migrate;24,00;CustomerAssign;bima_customerassign_date tersedia (durasi negatif di-clamp ke 0 = Comply);36,62;Not Comply
202603;TREG 3;SURAMADU;SURABAYA UTARA;KPS;migrate;24,00;CustomerAssign;bima_customerassign_date tersedia (durasi negatif di-clamp ke 0 = Comply);55,83;Not Comply
202603;TREG 2;BANDUNG;BANDUNG;DGO;create;48,00;CustomerAssign;bima_customerassign_date tersedia (durasi negatif di-clamp ke 0 = Comply);0,00;Comply
202603;TREG 3;BALI;DENPASAR UTARA;SMY;create;48,00;CustomerAssign;bima_customerassign_date tersedia (durasi negatif di-clamp ke 0 = Comply);253,11;Not Comply
202603;TREG 3;SURAMADU;SURABAYA UTARA;LKI;create;48,00;CustomerAssign;bima_customerassign_date tersedia (durasi negatif di-clamp ke 0 = Comply);0,00;Comply
202603;TREG 1;RIAU;TANJUNG PINANG;TPI;create;48,00;CustomerAssign;bima_customerassign_date tersedia (durasi negatif di-clamp ke 0 = Comply);32,22;Comply
202603;TREG 4;KALSELTENG;BANJARBARU;MTP;create;48,00;CustomerAssign;bima_customerassign_date tersedia (durasi negatif di-clamp ke 0 = Comply);13,27;Comply
202603;TREG 1;SUMUT;MEDAN;TTG;migrate;24,00;CustomerAssign;bima_customerassign_date tersedia (durasi negatif di-clamp ke 0 = Comply);8,39;Comply
202603;TREG 1;SUMUT;MEDAN;CTD;migrate;24,00;CustomerAssign;bima_customerassign_date tersedia (durasi negatif di-clamp ke 0 = Comply);8,43;Comply
202603;TREG 1;RIAU;RIDAR;PBB;migrate;24,00;CustomerAssign;bima_customerassign_date tersedia (durasi negatif di-clamp ke 0 = Comply);37,52;Not Comply
202603;TREG 1;RIAU;RIDAR;PBB;migrate;24,00;CustomerAssign;bima_customerassign_date tersedia (durasi negatif di-clamp ke 0 = Comply);37,55;Not Comply
202603;TREG 2;BANDUNG;BANDUNG;LBG;migrate;24,00;CustomerAssign;bima_customerassign_date tersedia (durasi negatif di-clamp ke 0 = Comply);0,00;Comply
202603;TREG 1;SUMBAR JAMBI;BUKIT TINGGI;PYK;create;48,00;CustomerAssign;bima_customerassign_date tersedia (durasi negatif di-clamp ke 0 = Comply);0,00;Comply
202603;TREG 1;RIAU;RIDAR;PBB;migrate;24,00;CustomerAssign;bima_customerassign_date tersedia (durasi negatif di-clamp ke 0 = Comply);0,00;Comply
202603;TREG 1;RIAU;RIDAR;PBB;migrate;24,00;CustomerAssign;bima_customerassign_date tersedia (durasi negatif di-clamp ke 0 = Comply);35,60;Not Comply
202603;TREG 1;LAMPUNG BENGKULU;LAMPUNG;SRW;migrate;24,00;CustomerAssign;bima_customerassign_date tersedia (durasi negatif di-clamp ke 0 = Comply);13,60;Comply
202603;TREG 2;JAKARTA OUTER;JAKSEL;JAG;migrate;24,00;CustomerAssign;bima_customerassign_date tersedia (durasi negatif di-clamp ke 0 = Comply);13,81;Comply
202603;TREG 4;BALIKPAPAN;BALIKPAPAN;BRU;migrate;24,00;CustomerAssign;bima_customerassign_date tersedia (durasi negatif di-clamp ke 0 = Comply);0,00;Comply
202603;TREG 4;BALIKPAPAN;BALIKPAPAN;KJN;migrate;24,00;CustomerAssign;bima_customerassign_date tersedia (durasi negatif di-clamp ke 0 = Comply);0,00;Comply
202603;TREG 1;SUMUT;MEDAN;SPM;migrate;24,00;CustomerAssign;bima_customerassign_date tersedia (durasi negatif di-clamp ke 0 = Comply);9,14;Comply
202603;TREG 2;BANDUNG;BANDUNG;GGK;create;48,00;CustomerAssign;bima_customerassign_date tersedia (durasi negatif di-clamp ke 0 = Comply);9,19;Comply
202603;TREG 1;RIAU;DUMAI;DRI;migrate;24,00;CustomerAssign;bima_customerassign_date tersedia (durasi negatif di-clamp ke 0 = Comply);9,24;Comply
202603;TREG 5;SULBAGSEL;PARE-PARE;PRE;migrate;24,00;CustomerAssign;bima_customerassign_date tersedia (durasi negatif di-clamp ke 0 = Comply);274,46;Not Comply
202603;TREG 2;BANTEN;PASAR BARU;SPT;create;48,00;CustomerAssign;bima_customerassign_date tersedia (durasi negatif di-clamp ke 0 = Comply);127,74;Not Comply
202603;TREG 1;RIAU;RIDAR;PBB;create;48,00;CustomerAssign;bima_customerassign_date tersedia (durasi negatif di-clamp ke 0 = Comply);36,92;Comply
202603;TREG 1;SUMBAR JAMBI;SUMBAR;PDC;migrate;24,00;CustomerAssign;bima_customerassign_date tersedia (durasi negatif di-clamp ke 0 = Comply);39,08;Not Comply
202603;TREG 3;SURAMADU;SURABAYA SELATAN;JGR;migrate;24,00;CustomerAssign;bima_customerassign_date tersedia (durasi negatif di-clamp ke 0 = Comply);21,02;Comply
202603;TREG 3;SOLO JATENG TIMUR;SOLO;SOP;migrate;24,00;CustomerAssign;bima_customerassign_date tersedia (durasi negatif di-clamp ke 0 = Comply);168,12;Not Comply
202603;TREG 3;JATIM BARAT;MALANG;MLG;migrate;24,00;CustomerAssign;bima_customerassign_date tersedia (durasi negatif di-clamp ke 0 = Comply);19,27;Comply
202603;TREG 3;JATIM BARAT;MALANG;PKS;migrate;24,00;CustomerAssign;bima_customerassign_date tersedia (durasi negatif di-clamp ke 0 = Comply);24,30;Not Comply
202603;TREG 3;YOGYA JATENG SELATAN;CILACAP;MAN;migrate;24,00;CustomerAssign;bima_customerassign_date tersedia (durasi negatif di-clamp ke 0 = Comply);0,60;Comply
202603;TREG 1;SUMBAR JAMBI;MUARA BUNGO;MAB;migrate;24,00;CustomerAssign;bima_customerassign_date tersedia (durasi negatif di-clamp ke 0 = Comply);24,61;Not Comply
202603;TREG 2;JAKARTA INNER;JAKBAR;CKG;migrate;24,00;CustomerAssign;bima_customerassign_date tersedia (durasi negatif di-clamp ke 0 = Comply);48,71;Not Comply
202603;TREG 2;BEKASI KARAWANG;BEKASI;PKY;migrate;24,00;CustomerAssign;bima_customerassign_date tersedia (durasi negatif di-clamp ke 0 = Comply);72,72;Not Comply
202603;TREG 2;JAKARTA INNER;JAKBAR;CKG;migrate;24,00;CustomerAssign;bima_customerassign_date tersedia (durasi negatif di-clamp ke 0 = Comply);216,74;Not Comply
202603;TREG 3;SEMARANG JATENG UTARA;SLAWI;SLW;migrate;24,00;CustomerAssign;bima_customerassign_date tersedia (durasi negatif di-clamp ke 0 = Comply);19,81;Comply
202603;TREG 3;SEMARANG JATENG UTARA;TEGAL;TEG;migrate;24,00;CustomerAssign;bima_customerassign_date tersedia (durasi negatif di-clamp ke 0 = Comply);43,83;Not Comply
202603;TREG 2;BANTEN;LENGKONG;LGK;migrate;24,00;CustomerAssign;bima_customerassign_date tersedia (durasi negatif di-clamp ke 0 = Comply);49,16;Not Comply
202603;TREG 1;SUMBAGSEL;LUBUK LINGGAU;LHT;migrate;24,00;CustomerAssign;bima_customerassign_date tersedia (durasi negatif di-clamp ke 0 = Comply);217,40;Not Comply
202603;TREG 4;KALTIMTARA;SAMARINDA;SGK;migrate;24,00;CustomerAssign;bima_customerassign_date tersedia (durasi negatif di-clamp ke 0 = Comply);505,41;Not Comply
202603;TREG 5;SULBAGSEL;KOLAKA;PMA;migrate;24,00;CustomerAssign;bima_customerassign_date tersedia (durasi negatif di-clamp ke 0 = Comply);49,49;Not Comply
202603;TREG 3;SOLO JATENG TIMUR;KLATEN;KLX;migrate;24,00;CustomerAssign;bima_customerassign_date tersedia (durasi negatif di-clamp ke 0 = Comply);45,35;Not Comply
202603;TREG 4;KALSELTENG;BANJARBARU;LUL;migrate;24,00;CustomerAssign;bima_customerassign_date tersedia (durasi negatif di-clamp ke 0 = Comply);2,45;Comply
202603;TREG 5;SULBAGSEL;MAKASSAR;PNK;create;48,00;CustomerAssign;bima_customerassign_date tersedia (durasi negatif di-clamp ke 0 = Comply);69,46;Not Comply
202603;TREG 1;RIAU;RIDAR;BKR;migrate;24,00;CustomerAssign;bima_customerassign_date tersedia (durasi negatif di-clamp ke 0 = Comply);170,50;Not Comply
202603;TREG 2;BANDUNG;BANDUNG BARAT;CMI;migrate;24,00;CustomerAssign;bima_customerassign_date tersedia (durasi negatif di-clamp ke 0 = Comply);285,67;Not Comply
202603;TREG 1;RIAU;BANGKINANG;ARK;create;48,00;CustomerAssign;bima_customerassign_date tersedia (durasi negatif di-clamp ke 0 = Comply);165,80;Not Comply
202603;TREG 2;JAKARTA CENTRUM;JAKUT;CIL;create;48,00;CustomerAssign;bima_customerassign_date tersedia (durasi negatif di-clamp ke 0 = Comply);0,00;Comply
202603;TREG 5;PAPUA BARAT;TIMIKA;TIM;migrate;24,00;CustomerAssign;bima_customerassign_date tersedia (durasi negatif di-clamp ke 0 = Comply);0,00;Comply
202603;TREG 4;KALTIMTARA;SAMARINDA;LOB;migrate;24,00;CustomerAssign;bima_customerassign_date tersedia (durasi negatif di-clamp ke 0 = Comply);332,10;Not Comply
202603;TREG 4;KALSELTENG;BANJARMASIN;ULI;migrate;24,00;CustomerAssign;bima_customerassign_date tersedia (durasi negatif di-clamp ke 0 = Comply);3,21;Comply
202603;TREG 1;SUMUT;SIBOLGA;GST;migrate;24,00;PI;bima_customerassign_date kosong → pakai orca_pi_date (durasi negatif di-clamp ke 0 = Comply);138,99;Not Comply
202603;TREG 1;RIAU;RIKEP;LBJ;migrate;24,00;CustomerAssign;bima_customerassign_date tersedia (durasi negatif di-clamp ke 0 = Comply);51,22;Not Comply
202603;TREG 4;KALTIMTARA;TARAKAN;TRK;migrate;24,00;CustomerAssign;bima_customerassign_date tersedia (durasi negatif di-clamp ke 0 = Comply);3,31;Comply
202603;TREG 4;KALSELTENG;TANJUNG TABALONG;TJL;migrate;24,00;CustomerAssign;bima_customerassign_date tersedia (durasi negatif di-clamp ke 0 = Comply);123,58;Not Comply
202603;TREG 3;SOLO JATENG TIMUR;KLATEN;KLX;migrate;24,00;CustomerAssign;bima_customerassign_date tersedia (durasi negatif di-clamp ke 0 = Comply);22,74;Comply
202603;TREG 3;YOGYA JATENG SELATAN;PURWOKERTO;AJB;migrate;24,00;CustomerAssign;bima_customerassign_date tersedia (durasi negatif di-clamp ke 0 = Comply);267,93;Not Comply
202603;TREG 4;KALSELTENG;BANJARBARU;BBR;migrate;24,00;PI;bima_customerassign_date kosong → pakai orca_pi_date (durasi negatif di-clamp ke 0 = Comply);3,87;Comply
202603;TREG 3;BALI;DENPASAR SELATAN;BNO;migrate;24,00;CustomerAssign;bima_customerassign_date tersedia (durasi negatif di-clamp ke 0 = Comply);21,01;Comply
202603;TREG 2;BANTEN;LENGKONG;LKG;migrate;24,00;CustomerAssign;bima_customerassign_date tersedia (durasi negatif di-clamp ke 0 = Comply);237,03;Not Comply
202603;TREG 2;JAKARTA INNER;JAKBAR;SLP;create;48,00;CustomerAssign;bima_customerassign_date tersedia (durasi negatif di-clamp ke 0 = Comply);76,05;Not Comply
202603;TREG 5;SUMALUT;MENADO;MDO;create;48,00;PI;bima_customerassign_date kosong → pakai orca_pi_date (durasi negatif di-clamp ke 0 = Comply);1,42;Comply
202603;TREG 2;JAKARTA CENTRUM;JAKPUS;CPP;create;48,00;CustomerAssign;bima_customerassign_date tersedia (durasi negatif di-clamp ke 0 = Comply);124,41;Not Comply
202603;TREG 4;BALIKPAPAN;TANAHGROGOT;PTG;migrate;24,00;CustomerAssign;bima_customerassign_date tersedia (durasi negatif di-clamp ke 0 = Comply);69,42;Not Comply
202603;TREG 4;KALTIMTARA;BONTANG;LKT;migrate;24,00;CustomerAssign;bima_customerassign_date tersedia (durasi negatif di-clamp ke 0 = Comply);4,67;Comply
202603;TREG 3;YOGYA JATENG SELATAN;TEMANGGUNG;TEM;migrate;24,00;CustomerAssign;bima_customerassign_date tersedia (durasi negatif di-clamp ke 0 = Comply);0,00;Comply
202603;TREG 2;JAKARTA CENTRUM;JAKUT;KLG;migrate;24,00;CustomerAssign;bima_customerassign_date tersedia (durasi negatif di-clamp ke 0 = Comply);22,25;Comply
202603;TREG 2;JAKARTA OUTER;JAKSEL;KBY;migrate;24,00;CustomerAssign;bima_customerassign_date tersedia (durasi negatif di-clamp ke 0 = Comply);46,35;Not Comply
202603;TREG 3;YOGYA JATENG SELATAN;YOGYAKARTA;PGR;create;48,00;PI;bima_customerassign_date kosong → pakai orca_pi_date (durasi negatif di-clamp ke 0 = Comply);19,91;Comply
202603;TREG 4;KALSELTENG;BANJARBARU;BBR;migrate;24,00;CustomerAssign;bima_customerassign_date tersedia (durasi negatif di-clamp ke 0 = Comply);0,00;Comply
202603;TREG 4;KALSELTENG;BATULICIN;BLC;migrate;24,00;CustomerAssign;bima_customerassign_date tersedia (durasi negatif di-clamp ke 0 = Comply);0,00;Comply
202603;TREG 1;RIAU;RIKEP;SLU;migrate;24,00;CustomerAssign;bima_customerassign_date tersedia (durasi negatif di-clamp ke 0 = Comply);5,79;Comply
202603;TREG 1;RIAU;RIKEP;SLU;migrate;24,00;CustomerAssign;bima_customerassign_date tersedia (durasi negatif di-clamp ke 0 = Comply);24,83;Not Comply
202603;TREG 3;SEMARANG JATENG UTARA;UNGARAN;BWE;create;48,00;CustomerAssign;bima_customerassign_date tersedia (durasi negatif di-clamp ke 0 = Comply);0,00;Comply
202603;TREG 1;SUMBAR JAMBI;MUARA BUNGO;MAB;migrate;24,00;CustomerAssign;bima_customerassign_date tersedia (durasi negatif di-clamp ke 0 = Comply);96,92;Not Comply
202603;TREG 2;JAKARTA CENTRUM;JAKPUS;CPP;migrate;24,00;CustomerAssign;bima_customerassign_date tersedia (durasi negatif di-clamp ke 0 = Comply);166,94;Not Comply
202603;TREG 4;KALTIMTARA;SAMARINDA;LOB;migrate;24,00;CustomerAssign;bima_customerassign_date tersedia (durasi negatif di-clamp ke 0 = Comply);1,00;Comply
202603;TREG 2;BANTEN;LENGKONG;SRP;create;48,00;CustomerAssign;bima_customerassign_date tersedia (durasi negatif di-clamp ke 0 = Comply);47,04;Comply
202603;TREG 5;SULBAGSEL;KOLAKA;UNH;create;48,00;CustomerAssign;bima_customerassign_date tersedia (durasi negatif di-clamp ke 0 = Comply);426,08;Not Comply
202603;TREG 3;YOGYA JATENG SELATAN;SLEMAN;GOD;create;48,00;CustomerAssign;bima_customerassign_date tersedia (durasi negatif di-clamp ke 0 = Comply);6,12;Comply
202603;TREG 2;PRIANGAN BARAT;SENTUL;PMU;migrate;24,00;CustomerAssign;bima_customerassign_date tersedia (durasi negatif di-clamp ke 0 = Comply);25,27;Not Comply
202603;TREG 1;RIAU;TANJUNG PINANG;TUB;create;48,00;CustomerAssign;bima_customerassign_date tersedia (durasi negatif di-clamp ke 0 = Comply);73,33;Not Comply
202603;TREG 2;BANDUNG;SOREANG;BJA;migrate;24,00;CustomerAssign;bima_customerassign_date tersedia (durasi negatif di-clamp ke 0 = Comply);1,36;Comply
202603;TREG 4;KALTIMTARA;BULUNGAN BERAU;TBY;migrate;24,00;CustomerAssign;bima_customerassign_date tersedia (durasi negatif di-clamp ke 0 = Comply);25,46;Not Comply
202603;TREG 4;BALIKPAPAN;TANAHGROGOT;TNG;migrate;24,00;CustomerAssign;bima_customerassign_date tersedia (durasi negatif di-clamp ke 0 = Comply);0,00;Comply
202603;TREG 2;JAKARTA OUTER;JAKSEL;PSM;create;48,00;CustomerAssign;bima_customerassign_date tersedia (durasi negatif di-clamp ke 0 = Comply);1,59;Comply
202603;TREG 1;SUMUT;RANTAU PRAPAT;RAP;migrate;24,00;PI;bima_customerassign_date kosong → pakai orca_pi_date (durasi negatif di-clamp ke 0 = Comply);2,84;Comply
202603;TREG 1;RIAU;DUMAI;DUM;create;48,00;CustomerAssign;bima_customerassign_date tersedia (durasi negatif di-clamp ke 0 = Comply);0,00;Comply
202603;TREG 3;SURAMADU;GRESIK;KDE;create;48,00;CustomerAssign;bima_customerassign_date tersedia (durasi negatif di-clamp ke 0 = Comply);0,00;Comply
202603;TREG 4;KALSELTENG;BANJARBARU;BBR;create;48,00;CustomerAssign;bima_customerassign_date tersedia (durasi negatif di-clamp ke 0 = Comply);7,40;Comply
202603;TREG 3;YOGYA JATENG SELATAN;YOGYAKARTA;PGR;migrate;24,00;CustomerAssign;bima_customerassign_date tersedia (durasi negatif di-clamp ke 0 = Comply);7,43;Comply
202603;TREG 3;YOGYA JATENG SELATAN;YOGYAKARTA;PGR;migrate;24,00;CustomerAssign;bima_customerassign_date tersedia (durasi negatif di-clamp ke 0 = Comply);31,46;Not Comply
202603;TREG 5;SULBAGSEL;BAU-BAU;BBU;create;48,00;PI;bima_customerassign_date kosong → pakai orca_pi_date (durasi negatif di-clamp ke 0 = Comply);1,65;Comply
202603;TREG 2;BEKASI KARAWANG;PURWAKARTA;PWK;create;48,00;CustomerAssign;bima_customerassign_date tersedia (durasi negatif di-clamp ke 0 = Comply);0,00;Comply
202603;TREG 2;JAKARTA CENTRUM;JAKPUS;CID;migrate;24,00;PI;bima_customerassign_date kosong → pakai orca_pi_date (durasi negatif di-clamp ke 0 = Comply);6,06;Comply
202603;TREG 4;KALSELTENG;BANJARBARU;BBR;create;48,00;CustomerAssign;bima_customerassign_date tersedia (durasi negatif di-clamp ke 0 = Comply);7,60;Comply
202603;TREG 3;YOGYA JATENG SELATAN;MAGELANG;MGE;create;48,00;CustomerAssign;bima_customerassign_date tersedia (durasi negatif di-clamp ke 0 = Comply);0,00;Comply
202603;TREG 2;JAKARTA INNER;JAKBAR;SMI;migrate;24,00;CustomerAssign;bima_customerassign_date tersedia (durasi negatif di-clamp ke 0 = Comply);48,63;Not Comply
202603;TREG 3;SURAMADU;GRESIK;GSK;migrate;24,00;CustomerAssign;bima_customerassign_date tersedia (durasi negatif di-clamp ke 0 = Comply);0,00;Comply
202603;TREG 3;SURAMADU;SURABAYA UTARA;MGO;migrate;24,00;CustomerAssign;bima_customerassign_date tersedia (durasi negatif di-clamp ke 0 = Comply);7,66;Comply
202603;TREG 3;BALI;DENPASAR CENTRUM;KLM;migrate;24,00;CustomerAssign;bima_customerassign_date tersedia (durasi negatif di-clamp ke 0 = Comply);0,00;Comply
202603;TREG 4;BALIKPAPAN;BALIKPAPAN;BRU;migrate;24,00;CustomerAssign;bima_customerassign_date tersedia (durasi negatif di-clamp ke 0 = Comply);0,00;Comply
202603;TREG 4;BALIKPAPAN;BALIKPAPAN;GSA;migrate;24,00;PI;bima_customerassign_date kosong → pakai orca_pi_date (durasi negatif di-clamp ke 0 = Comply);4,94;Comply
202603;TREG 2;BANTEN;LENGKONG;LKG;create;48,00;CustomerAssign;bima_customerassign_date tersedia (durasi negatif di-clamp ke 0 = Comply);8,06;Comply
202603;TREG 5;SULBAGSEL;PARE-PARE;PIN;migrate;24,00;CustomerAssign;bima_customerassign_date tersedia (durasi negatif di-clamp ke 0 = Comply);32,07;Not Comply
202603;TREG 4;KALSELTENG;TANJUNG TABALONG;BRI;migrate;24,00;CustomerAssign;bima_customerassign_date tersedia (durasi negatif di-clamp ke 0 = Comply);32,09;Not Comply
202603;TREG 4;KALSELTENG;BATULICIN;PLE;migrate;24,00;CustomerAssign;bima_customerassign_date tersedia (durasi negatif di-clamp ke 0 = Comply);25,10;Not Comply
202603;TREG 1;SUMBAGSEL;BELITUNG;TJN;migrate;24,00;CustomerAssign;bima_customerassign_date tersedia (durasi negatif di-clamp ke 0 = Comply);27,10;Not Comply
202603;TREG 4;KALSELTENG;BATULICIN;PLE;migrate;24,00;PI;bima_customerassign_date kosong → pakai orca_pi_date (durasi negatif di-clamp ke 0 = Comply);4,86;Comply
202603;TREG 3;BALI;DENPASAR SELATAN;KUT;create;48,00;CustomerAssign;bima_customerassign_date tersedia (durasi negatif di-clamp ke 0 = Comply);147,23;Not Comply
202603;TREG 2;BANDUNG;SUMEDANG;CJA;migrate;24,00;CustomerAssign;bima_customerassign_date tersedia (durasi negatif di-clamp ke 0 = Comply);75,27;Not Comply
202603;TREG 4;KALSELTENG;BANJARMASIN;ULI;migrate;24,00;CustomerAssign;bima_customerassign_date tersedia (durasi negatif di-clamp ke 0 = Comply);8,28;Comply
202603;TREG 5;SUMALUT;MENADO;PIK;migrate;24,00;CustomerAssign;bima_customerassign_date tersedia (durasi negatif di-clamp ke 0 = Comply);296,32;Not Comply
202603;TREG 5;SULBAGSEL;MAROS;SUD;migrate;24,00;CustomerAssign;bima_customerassign_date tersedia (durasi negatif di-clamp ke 0 = Comply);1,32;Comply
202603;TREG 4;KALTIMTARA;BONTANG;STT;migrate;24,00;PI;bima_customerassign_date kosong → pakai orca_pi_date (durasi negatif di-clamp ke 0 = Comply);9,32;Comply
202603;TREG 4;KALSELTENG;TANJUNG TABALONG;RTA;migrate;24,00;CustomerAssign;bima_customerassign_date tersedia (durasi negatif di-clamp ke 0 = Comply);104,44;Not Comply
202603;TREG 3;YOGYA JATENG SELATAN;BANJARNEGARA;KLP;create;48,00;CustomerAssign;bima_customerassign_date tersedia (durasi negatif di-clamp ke 0 = Comply);0,00;Comply
202603;TREG 4;KALTIMTARA;BONTANG;BOT;migrate;24,00;CustomerAssign;bima_customerassign_date tersedia (durasi negatif di-clamp ke 0 = Comply);25,53;Not Comply
202603;TREG 3;JATIM TIMUR;SIDOARJO;SDA;migrate;24,00;CustomerAssign;bima_customerassign_date tersedia (durasi negatif di-clamp ke 0 = Comply);0,00;Comply
202603;TREG 2;PRIANGAN BARAT;SENTUL;CWI;migrate;24,00;CustomerAssign;bima_customerassign_date tersedia (durasi negatif di-clamp ke 0 = Comply);25,58;Not Comply
202603;TREG 1;RIAU;RIDAR;PBB;migrate;24,00;CustomerAssign;bima_customerassign_date tersedia (durasi negatif di-clamp ke 0 = Comply);32,59;Not Comply
202603;TREG 4;KALTIMTARA;SAMARINDA;SMR;migrate;24,00;CustomerAssign;bima_customerassign_date tersedia (durasi negatif di-clamp ke 0 = Comply);75,60;Not Comply
202603;TREG 2;BANTEN;PASAR BARU;CPD;create;48,00;CustomerAssign;bima_customerassign_date tersedia (durasi negatif di-clamp ke 0 = Comply);0,00;Comply
202603;TREG 3;SURAMADU;SURABAYA UTARA;LKI;create;48,00;CustomerAssign;bima_customerassign_date tersedia (durasi negatif di-clamp ke 0 = Comply);200,63;Not Comply
202603;TREG 1;LAMPUNG BENGKULU;METRO;MET;create;48,00;CustomerAssign;bima_customerassign_date tersedia (durasi negatif di-clamp ke 0 = Comply);3,78;Comply
202603;TREG 2;PRIANGAN TIMUR;MAJALENGKA;RGA;migrate;24,00;PI;bima_customerassign_date kosong → pakai orca_pi_date (durasi negatif di-clamp ke 0 = Comply);6,34;Comply
202603;TREG 1;SUMUT;KABANJAHE;KBJ;migrate;24,00;CustomerAssign;bima_customerassign_date tersedia (durasi negatif di-clamp ke 0 = Comply);99,82;Not Comply
202603;TREG 5;SUMALUT;BITUNG;THN;migrate;24,00;CustomerAssign;bima_customerassign_date tersedia (durasi negatif di-clamp ke 0 = Comply);8,82;Comply
202603;TREG 2;JAKARTA INNER;JAKBAR;JIA;migrate;24,00;CustomerAssign;bima_customerassign_date tersedia (durasi negatif di-clamp ke 0 = Comply);291,84;Not Comply
202603;TREG 2;BEKASI KARAWANG;CIKARANG;CIB;create;48,00;CustomerAssign;bima_customerassign_date tersedia (durasi negatif di-clamp ke 0 = Comply);27,84;Comply
202603;TREG 1;RIAU;RIKEP;SLU;migrate;24,00;CustomerAssign;bima_customerassign_date tersedia (durasi negatif di-clamp ke 0 = Comply);8,99;Comply
202603;TREG 4;KALSELTENG;BANJARMASIN;BJM;create;48,00;CustomerAssign;bima_customerassign_date tersedia (durasi negatif di-clamp ke 0 = Comply);57,00;Not Comply
202603;TREG 2;BANDUNG;BANDUNG BARAT;RJW;migrate;24,00;CustomerAssign;bima_customerassign_date tersedia (durasi negatif di-clamp ke 0 = Comply);76,08;Not Comply
202603;TREG 1;SUMUT;MEDAN;CTD;create;48,00;CustomerAssign;bima_customerassign_date tersedia (durasi negatif di-clamp ke 0 = Comply);28,09;Comply
202603;TREG 3;BALI;DENPASAR UTARA;UBN;migrate;24,00;CustomerAssign;bima_customerassign_date tersedia (durasi negatif di-clamp ke 0 = Comply);129,11;Not Comply
202603;TREG 4;BALIKPAPAN;BALIKPAPAN;BAM;migrate;24,00;PI;bima_customerassign_date kosong → pakai orca_pi_date (durasi negatif di-clamp ke 0 = Comply);8,50;Comply
202603;TREG 2;JAKARTA OUTER;JAKTIM;KRG;migrate;24,00;PI;bima_customerassign_date kosong → pakai orca_pi_date (durasi negatif di-clamp ke 0 = Comply);6,29;Comply
202603;TREG 3;SEMARANG JATENG UTARA;SALATIGA;SLI;migrate;24,00;CustomerAssign;bima_customerassign_date tersedia (durasi negatif di-clamp ke 0 = Comply);4,33;Comply
202603;TREG 3;JATIM BARAT;KEDIRI;KDI;create;48,00;CustomerAssign;bima_customerassign_date tersedia (durasi negatif di-clamp ke 0 = Comply);0,00;Comply
202603;TREG 2;PRIANGAN BARAT;KUJANG;DMG;create;48,00;PI;bima_customerassign_date kosong → pakai orca_pi_date (durasi negatif di-clamp ke 0 = Comply);1,82;Comply
202603;TREG 4;KALSELTENG;BANJARBARU;LUL;migrate;24,00;CustomerAssign;bima_customerassign_date tersedia (durasi negatif di-clamp ke 0 = Comply);9,37;Comply
202603;TREG 2;JAKARTA CENTRUM;JAKUT;KLG;create;48,00;PI;bima_customerassign_date kosong → pakai orca_pi_date (durasi negatif di-clamp ke 0 = Comply);0,73;Comply
202603;TREG 2;BEKASI KARAWANG;BEKASI;PKY;migrate;24,00;CustomerAssign;bima_customerassign_date tersedia (durasi negatif di-clamp ke 0 = Comply);4,47;Comply
202603;TREG 5;SUMALUT;AMBON;ABO;create;48,00;PI;bima_customerassign_date kosong → pakai orca_pi_date (durasi negatif di-clamp ke 0 = Comply);3,13;Comply
202603;TREG 5;SULBAGSEL;KENDARI;KDR;migrate;24,00;CustomerAssign;bima_customerassign_date tersedia (durasi negatif di-clamp ke 0 = Comply);9,62;Comply
202603;TREG 3;BALI;DENPASAR UTARA;MMN;migrate;24,00;CustomerAssign;bima_customerassign_date tersedia (durasi negatif di-clamp ke 0 = Comply);28,65;Not Comply
202603;TREG 5;SULBAGSEL;MAMUJU;MAJ;migrate;24,00;CustomerAssign;bima_customerassign_date tersedia (durasi negatif di-clamp ke 0 = Comply);76,79;Not Comply
202603;TREG 2;BANDUNG;SUMEDANG;CJA;migrate;24,00;CustomerAssign;bima_customerassign_date tersedia (durasi negatif di-clamp ke 0 = Comply);28,80;Not Comply
202603;TREG 2;BANDUNG;SUMEDANG;UBR;migrate;24,00;CustomerAssign;bima_customerassign_date tersedia (durasi negatif di-clamp ke 0 = Comply);28,80;Not Comply
202603;TREG 5;SULBAGSEL;PALOPO;PLP;migrate;24,00;PI;bima_customerassign_date kosong → pakai orca_pi_date (durasi negatif di-clamp ke 0 = Comply);1.034,16;Not Comply
202603;TREG 2;JAKARTA OUTER;JAKTIM;PGG;create;48,00;PI;bima_customerassign_date kosong → pakai orca_pi_date (durasi negatif di-clamp ke 0 = Comply);1,28;Comply
202603;TREG 2;BANDUNG;SUMEDANG;UBR;migrate;24,00;CustomerAssign;bima_customerassign_date tersedia (durasi negatif di-clamp ke 0 = Comply);9,86;Comply
202603;TREG 3;BALI;TABANAN;TBN;create;48,00;CustomerAssign;bima_customerassign_date tersedia (durasi negatif di-clamp ke 0 = Comply);26,87;Comply
202603;TREG 5;SUMALUT;KOTAMOBAGO;AMR;migrate;24,00;CustomerAssign;bima_customerassign_date tersedia (durasi negatif di-clamp ke 0 = Comply);0,00;Comply
202603;TREG 4;BALIKPAPAN;BALIKPAPAN;KTB;migrate;24,00;CustomerAssign;bima_customerassign_date tersedia (durasi negatif di-clamp ke 0 = Comply);58,10;Not Comply
202603;TREG 2;BEKASI KARAWANG;BEKASI;KRA;create;48,00;CustomerAssign;bima_customerassign_date tersedia (durasi negatif di-clamp ke 0 = Comply);77,10;Not Comply
202603;TREG 5;SULBAGSEL;KENDARI;KDR;migrate;24,00;CustomerAssign;bima_customerassign_date tersedia (durasi negatif di-clamp ke 0 = Comply);178,63;Not Comply
202603;TREG 2;BANDUNG;SUMEDANG;CJA;migrate;24,00;CustomerAssign;bima_customerassign_date tersedia (durasi negatif di-clamp ke 0 = Comply);130,90;Not Comply
202603;TREG 2;BANDUNG;PADALARANG;LEM;migrate;24,00;PI;bima_customerassign_date kosong → pakai orca_pi_date (durasi negatif di-clamp ke 0 = Comply);9,79;Comply
202603;TREG 2;JAKARTA OUTER;JAKSEL;TBE;migrate;24,00;PI;bima_customerassign_date kosong → pakai orca_pi_date (durasi negatif di-clamp ke 0 = Comply);6,47;Comply
202603;TREG 3;SOLO JATENG TIMUR;JEPARA;DMA;migrate;24,00;CustomerAssign;bima_customerassign_date tersedia (durasi negatif di-clamp ke 0 = Comply);35,24;Not Comply
202603;TREG 4;KALTIMTARA;BULUNGAN BERAU;TRD;migrate;24,00;CustomerAssign;bima_customerassign_date tersedia (durasi negatif di-clamp ke 0 = Comply);251,27;Not Comply
202603;TREG 3;BALI;TABANAN;TBN;create;48,00;CustomerAssign;bima_customerassign_date tersedia (durasi negatif di-clamp ke 0 = Comply);0,00;Comply
202603;TREG 3;JATIM TIMUR;SIDOARJO;KRN;create;48,00;CustomerAssign;bima_customerassign_date tersedia (durasi negatif di-clamp ke 0 = Comply);0,00;Comply
202603;TREG 2;PRIANGAN BARAT;DEPOK;DEP;create;48,00;PI;bima_customerassign_date kosong → pakai orca_pi_date (durasi negatif di-clamp ke 0 = Comply);2,98;Comply
202603;TREG 2;PRIANGAN BARAT;CIBINONG;CLS;migrate;24,00;CustomerAssign;bima_customerassign_date tersedia (durasi negatif di-clamp ke 0 = Comply);6,40;Comply
202603;TREG 3;BALI;DENPASAR SELATAN;NSD;create;48,00;PI;bima_customerassign_date kosong → pakai orca_pi_date (durasi negatif di-clamp ke 0 = Comply);3,40;Comply
202603;TREG 4;KALSELTENG;SAMPIT;SAI;migrate;24,00;CustomerAssign;bima_customerassign_date tersedia (durasi negatif di-clamp ke 0 = Comply);0,00;Comply
202603;TREG 1;SUMUT;MEDAN;CTD;migrate;24,00;CustomerAssign;bima_customerassign_date tersedia (durasi negatif di-clamp ke 0 = Comply);11,53;Comply
202603;TREG 1;SUMUT;MEDAN;SPM;create;48,00;PI;bima_customerassign_date kosong → pakai orca_pi_date (durasi negatif di-clamp ke 0 = Comply);2,07;Comply
202603;TREG 2;JAKARTA OUTER;JAKSEL;BIN;create;48,00;CustomerAssign;bima_customerassign_date tersedia (durasi negatif di-clamp ke 0 = Comply);11,61;Comply
202603;TREG 2;BANTEN;PASAR BARU;SPT;migrate;24,00;PI;bima_customerassign_date kosong → pakai orca_pi_date (durasi negatif di-clamp ke 0 = Comply);6,81;Comply
202603;TREG 2;JAKARTA INNER;JAKBAR;MRY;migrate;24,00;CustomerAssign;bima_customerassign_date tersedia (durasi negatif di-clamp ke 0 = Comply);4,69;Comply
202603;TREG 2;BANTEN;CIPUTAT;CPA;migrate;24,00;CustomerAssign;bima_customerassign_date tersedia (durasi negatif di-clamp ke 0 = Comply);59,81;Not Comply
202603;TREG 3;NUSA TENGGARA;NTT;KPN;migrate;24,00;CustomerAssign;bima_customerassign_date tersedia (durasi negatif di-clamp ke 0 = Comply);1.396,88;Not Comply
202603;TREG 1;ACEH;ACEH;BNA;migrate;24,00;CustomerAssign;bima_customerassign_date tersedia (durasi negatif di-clamp ke 0 = Comply);35,99;Not Comply
202603;TREG 3;JATIM BARAT;NGANJUK;KTS;migrate;24,00;CustomerAssign;bima_customerassign_date tersedia (durasi negatif di-clamp ke 0 = Comply);79,00;Not Comply
202603;TREG 1;ACEH;LHOKSEUMAWE;BIR;migrate;24,00;CustomerAssign;bima_customerassign_date tersedia (durasi negatif di-clamp ke 0 = Comply);156,02;Not Comply
202603;TREG 1;ACEH;ACEH;BNA;create;48,00;PI;bima_customerassign_date kosong → pakai orca_pi_date (durasi negatif di-clamp ke 0 = Comply);0,41;Comply
202603;TREG 5;PAPUA;ABEPURA;ABE;migrate;24,00;CustomerAssign;bima_customerassign_date tersedia (durasi negatif di-clamp ke 0 = Comply);36,12;Not Comply
202603;TREG 1;SUMUT;SUMUT;RBM;migrate;24,00;PI;bima_customerassign_date kosong → pakai orca_pi_date (durasi negatif di-clamp ke 0 = Comply);8,98;Comply
202603;TREG 5;SULBAGTENG;GORONTALO;GTL;create;48,00;CustomerAssign;bima_customerassign_date tersedia (durasi negatif di-clamp ke 0 = Comply);12,19;Comply
202603;TREG 1;RIAU;BANGKINANG;PKR;migrate;24,00;CustomerAssign;bima_customerassign_date tersedia (durasi negatif di-clamp ke 0 = Comply);77,41;Not Comply
202603;TREG 3;NUSA TENGGARA;LABUHAN BAJO;LBO;migrate;24,00;CustomerAssign;bima_customerassign_date tersedia (durasi negatif di-clamp ke 0 = Comply);0,00;Comply
202603;TREG 3;SEMARANG JATENG UTARA;SEMARANG;SMC;migrate;24,00;CustomerAssign;bima_customerassign_date tersedia (durasi negatif di-clamp ke 0 = Comply);31,45;Not Comply
202603;TREG 3;SURAMADU;GRESIK;GSK;migrate;24,00;CustomerAssign;bima_customerassign_date tersedia (durasi negatif di-clamp ke 0 = Comply);0,00;Comply
202603;TREG 3;SURAMADU;SURABAYA SELATAN;DMO;migrate;24,00;CustomerAssign;bima_customerassign_date tersedia (durasi negatif di-clamp ke 0 = Comply);7,56;Comply
202603;TREG 1;SUMUT;BINJAI;BJI;migrate;24,00;CustomerAssign;bima_customerassign_date tersedia (durasi negatif di-clamp ke 0 = Comply);108,58;Not Comply
202603;TREG 3;JATIM BARAT;NGAWI;NWI;migrate;24,00;CustomerAssign;bima_customerassign_date tersedia (durasi negatif di-clamp ke 0 = Comply);79,61;Not Comply
202603;TREG 1;RIAU;RIDAR;PBB;migrate;24,00;CustomerAssign;bima_customerassign_date tersedia (durasi negatif di-clamp ke 0 = Comply);12,68;Comply
202603;TREG 4;KALSELTENG;BATULICIN;BLC;migrate;24,00;CustomerAssign;bima_customerassign_date tersedia (durasi negatif di-clamp ke 0 = Comply);0,00;Comply
202603;TREG 4;BALIKPAPAN;BALIKPAPAN;BAM;migrate;24,00;CustomerAssign;bima_customerassign_date tersedia (durasi negatif di-clamp ke 0 = Comply);0,00;Comply
202603;TREG 3;SOLO JATENG TIMUR;PATI;TAY;migrate;24,00;CustomerAssign;bima_customerassign_date tersedia (durasi negatif di-clamp ke 0 = Comply);55,86;Not Comply
202603;TREG 2;JAKARTA OUTER;JAKTIM;PSR;migrate;24,00;CustomerAssign;bima_customerassign_date tersedia (durasi negatif di-clamp ke 0 = Comply);0,00;Comply
202603;TREG 3;SOLO JATENG TIMUR;BLORA;BLO;migrate;24,00;PI;bima_customerassign_date kosong → pakai orca_pi_date (durasi negatif di-clamp ke 0 = Comply);11,50;Comply
202603;TREG 3;SOLO JATENG TIMUR;SOLO;KRT;migrate;24,00;CustomerAssign;bima_customerassign_date tersedia (durasi negatif di-clamp ke 0 = Comply);0,00;Comply
202603;TREG 3;SURAMADU;SURABAYA SELATAN;WRU;migrate;24,00;CustomerAssign;bima_customerassign_date tersedia (durasi negatif di-clamp ke 0 = Comply);0,00;Comply
202603;TREG 1;SUMUT;SIBOLGA;SBG;migrate;24,00;CustomerAssign;bima_customerassign_date tersedia (durasi negatif di-clamp ke 0 = Comply);0,00;Comply
202603;TREG 3;SEMARANG JATENG UTARA;SEMARANG;MJP;migrate;24,00;CustomerAssign;bima_customerassign_date tersedia (durasi negatif di-clamp ke 0 = Comply);0,00;Comply
202603;TREG 2;BANDUNG;SOREANG;BJA;migrate;24,00;CustomerAssign;bima_customerassign_date tersedia (durasi negatif di-clamp ke 0 = Comply);14,26;Comply
202603;TREG 2;JAKARTA INNER;JAKBAR;MRY;migrate;24,00;CustomerAssign;bima_customerassign_date tersedia (durasi negatif di-clamp ke 0 = Comply);14,50;Comply
202603;TREG 2;BANTEN;BANTEN;SEG;create;48,00;CustomerAssign;bima_customerassign_date tersedia (durasi negatif di-clamp ke 0 = Comply);21,00;Comply
202603;TREG 5;SULBAGSEL;SITOR;RTP;migrate;24,00;CustomerAssign;bima_customerassign_date tersedia (durasi negatif di-clamp ke 0 = Comply);86,85;Not Comply
202603;TREG 4;KALTIMTARA;BONTANG;BLN;migrate;24,00;CustomerAssign;bima_customerassign_date tersedia (durasi negatif di-clamp ke 0 = Comply);113,12;Not Comply
202603;TREG 5;SULBAGSEL;PARE-PARE;PRE;migrate;24,00;CustomerAssign;bima_customerassign_date tersedia (durasi negatif di-clamp ke 0 = Comply);356,22;Not Comply
202603;TREG 4;KALSELTENG;BANJARMASIN;ULI;migrate;24,00;CustomerAssign;bima_customerassign_date tersedia (durasi negatif di-clamp ke 0 = Comply);48,50;Not Comply
202603;TREG 3;SURAMADU;SURABAYA UTARA;BBE;migrate;24,00;CustomerAssign;bima_customerassign_date tersedia (durasi negatif di-clamp ke 0 = Comply);144,56;Not Comply
202603;TREG 3;SURAMADU;SURABAYA UTARA;TNS;migrate;24,00;CustomerAssign;bima_customerassign_date tersedia (durasi negatif di-clamp ke 0 = Comply);19,60;Comply
202603;TREG 3;SURAMADU;SURABAYA UTARA;BBE;migrate;24,00;CustomerAssign;bima_customerassign_date tersedia (durasi negatif di-clamp ke 0 = Comply);19,68;Comply
202603;TREG 3;YOGYA JATENG SELATAN;PURWOKERTO;PWT;migrate;24,00;PI;bima_customerassign_date kosong → pakai orca_pi_date (durasi negatif di-clamp ke 0 = Comply);23,95;Comply
202603;TREG 1;SUMBAGSEL;BABEL;PGP;migrate;24,00;CustomerAssign;bima_customerassign_date tersedia (durasi negatif di-clamp ke 0 = Comply);91,84;Not Comply
202603;TREG 4;KALTIMTARA;SAMARINDA;MBD;migrate;24,00;CustomerAssign;bima_customerassign_date tersedia (durasi negatif di-clamp ke 0 = Comply);144,86;Not Comply
202603;TREG 2;BEKASI KARAWANG;CIKARANG;BGG;migrate;24,00;PI;bima_customerassign_date kosong → pakai orca_pi_date (durasi negatif di-clamp ke 0 = Comply);26,07;Not Comply
202603;TREG 2;JAKARTA INNER;JAKBAR;SLP;migrate;24,00;CustomerAssign;bima_customerassign_date tersedia (durasi negatif di-clamp ke 0 = Comply);42,00;Not Comply
202603;TREG 2;BEKASI KARAWANG;CIKARANG;BGG;migrate;24,00;CustomerAssign;bima_customerassign_date tersedia (durasi negatif di-clamp ke 0 = Comply);25,10;Not Comply
202603;TREG 3;SOLO JATENG TIMUR;SOLO;KRT;migrate;24,00;CustomerAssign;bima_customerassign_date tersedia (durasi negatif di-clamp ke 0 = Comply);20,12;Comply
202603;TREG 5;SULBAGSEL;MAROS;PKN;migrate;24,00;CustomerAssign;bima_customerassign_date tersedia (durasi negatif di-clamp ke 0 = Comply);90,32;Not Comply
202603;TREG 3;YOGYA JATENG SELATAN;YOGYAKARTA;PGR;create;48,00;CustomerAssign;bima_customerassign_date tersedia (durasi negatif di-clamp ke 0 = Comply);49,36;Not Comply
202603;TREG 2;BEKASI KARAWANG;CIKARANG;CIK;migrate;24,00;CustomerAssign;bima_customerassign_date tersedia (durasi negatif di-clamp ke 0 = Comply);529,37;Not Comply
202603;TREG 2;PRIANGAN TIMUR;GARUT;GRU;create;48,00;CustomerAssign;bima_customerassign_date tersedia (durasi negatif di-clamp ke 0 = Comply);25,44;Comply
202603;TREG 5;SULBAGSEL;PALOPO;SRK;migrate;24,00;CustomerAssign;bima_customerassign_date tersedia (durasi negatif di-clamp ke 0 = Comply);380,50;Not Comply
202603;TREG 5;SUMALUT;AMBON;ABO;migrate;24,00;PI;bima_customerassign_date kosong → pakai orca_pi_date (durasi negatif di-clamp ke 0 = Comply);21,91;Comply
202603;TREG 5;PAPUA;SENTANI;SNI;migrate;24,00;PI;bima_customerassign_date kosong → pakai orca_pi_date (durasi negatif di-clamp ke 0 = Comply);20,03;Comply
202603;TREG 2;JAKARTA OUTER;JAKSEL;TBE;create;48,00;PI;bima_customerassign_date kosong → pakai orca_pi_date (durasi negatif di-clamp ke 0 = Comply);0,76;Comply
202603;TREG 5;SULBAGTENG;PALU;PLB;migrate;24,00;CustomerAssign;bima_customerassign_date tersedia (durasi negatif di-clamp ke 0 = Comply);210,57;Not Comply
202603;TREG 2;JAKARTA CENTRUM;JAKUT;KTZ;migrate;24,00;CustomerAssign;bima_customerassign_date tersedia (durasi negatif di-clamp ke 0 = Comply);18,65;Comply
202603;TREG 5;SULBAGSEL;MAKASSAR;PNK;migrate;24,00;CustomerAssign;bima_customerassign_date tersedia (durasi negatif di-clamp ke 0 = Comply);73,70;Not Comply
202603;TREG 3;SURAMADU;MADURA;KPP;migrate;24,00;CustomerAssign;bima_customerassign_date tersedia (durasi negatif di-clamp ke 0 = Comply);74,17;Not Comply
202603;TREG 1;SUMBAGSEL;BELITUNG;TJN;migrate;24,00;CustomerAssign;bima_customerassign_date tersedia (durasi negatif di-clamp ke 0 = Comply);0,00;Comply
202603;TREG 2;JAKARTA CENTRUM;JAKUT;KLG;migrate;24,00;CustomerAssign;bima_customerassign_date tersedia (durasi negatif di-clamp ke 0 = Comply);2,44;Comply
202603;TREG 1;SUMUT;BINJAI;BJI;migrate;24,00;CustomerAssign;bima_customerassign_date tersedia (durasi negatif di-clamp ke 0 = Comply);290,53;Not Comply
202603;TREG 2;JAKARTA INNER;JAKBAR;KDY;migrate;24,00;CustomerAssign;bima_customerassign_date tersedia (durasi negatif di-clamp ke 0 = Comply);26,74;Not Comply
202603;TREG 3;YOGYA JATENG SELATAN;CILACAP;KRY;migrate;24,00;CustomerAssign;bima_customerassign_date tersedia (durasi negatif di-clamp ke 0 = Comply);117,86;Not Comply
202603;TREG 2;JAKARTA OUTER;JAKSEL;TBE;migrate;24,00;CustomerAssign;bima_customerassign_date tersedia (durasi negatif di-clamp ke 0 = Comply);0,00;Comply
202603;TREG 3;BALI;DENPASAR CENTRUM;SAU;create;48,00;CustomerAssign;bima_customerassign_date tersedia (durasi negatif di-clamp ke 0 = Comply);0,00;Comply
202603;TREG 3;SURAMADU;SURABAYA SELATAN;MYR;migrate;24,00;CustomerAssign;bima_customerassign_date tersedia (durasi negatif di-clamp ke 0 = Comply);44,47;Not Comply
202603;TREG 2;BANDUNG;BANDUNG;TLE;migrate;24,00;CustomerAssign;bima_customerassign_date tersedia (durasi negatif di-clamp ke 0 = Comply);27,54;Not Comply
202603;TREG 2;PRIANGAN BARAT;CIBINONG;GPI;create;48,00;PI;bima_customerassign_date kosong → pakai orca_pi_date (durasi negatif di-clamp ke 0 = Comply);17,62;Comply
202603;TREG 3;SEMARANG JATENG UTARA;TEGAL;TEG;create;48,00;CustomerAssign;bima_customerassign_date tersedia (durasi negatif di-clamp ke 0 = Comply);118,76;Not Comply
202603;TREG 5;SUMALUT;TERNATE;TNT;migrate;24,00;CustomerAssign;bima_customerassign_date tersedia (durasi negatif di-clamp ke 0 = Comply);286,84;Not Comply
202603;TREG 2;BANTEN;LENGKONG;PPG;create;48,00;CustomerAssign;bima_customerassign_date tersedia (durasi negatif di-clamp ke 0 = Comply);3,89;Comply
202603;TREG 1;SUMUT;MEDAN;MDC;migrate;24,00;CustomerAssign;bima_customerassign_date tersedia (durasi negatif di-clamp ke 0 = Comply);310,97;Not Comply
202603;TREG 1;SUMBAR JAMBI;BUKIT TINGGI;SPE;create;48,00;PI;bima_customerassign_date kosong → pakai orca_pi_date (durasi negatif di-clamp ke 0 = Comply);19,23;Comply
202603;TREG 4;KALTIMTARA;BONTANG;BOT;migrate;24,00;PI;bima_customerassign_date kosong → pakai orca_pi_date (durasi negatif di-clamp ke 0 = Comply);27,47;Not Comply
202603;TREG 1;SUMUT;MEDAN;TTG;create;48,00;PI;bima_customerassign_date kosong → pakai orca_pi_date (durasi negatif di-clamp ke 0 = Comply);18,34;Comply
202603;TREG 2;JAKARTA INNER;JAKBAR;CKG;create;48,00;CustomerAssign;bima_customerassign_date tersedia (durasi negatif di-clamp ke 0 = Comply);4,44;Comply
202603;TREG 4;KALSELTENG;BANJARBARU;MTP;migrate;24,00;PI;bima_customerassign_date kosong → pakai orca_pi_date (durasi negatif di-clamp ke 0 = Comply);21,22;Comply
202603;TREG 4;KALSELTENG;BATULICIN;BLC;migrate;24,00;CustomerAssign;bima_customerassign_date tersedia (durasi negatif di-clamp ke 0 = Comply);0,00;Comply
202603;TREG 3;JATIM BARAT;MALANG;BLB;create;48,00;CustomerAssign;bima_customerassign_date tersedia (durasi negatif di-clamp ke 0 = Comply);292,72;Not Comply
202603;TREG 4;KALSELTENG;PALANGKARAYA;KSO;migrate;24,00;CustomerAssign;bima_customerassign_date tersedia (durasi negatif di-clamp ke 0 = Comply);244,75;Not Comply
202603;TREG 2;JAKARTA OUTER;JAKTIM;KLD;create;48,00;CustomerAssign;bima_customerassign_date tersedia (durasi negatif di-clamp ke 0 = Comply);0,00;Comply
202603;TREG 2;JAKARTA OUTER;JAKSEL;KBY;migrate;24,00;CustomerAssign;bima_customerassign_date tersedia (durasi negatif di-clamp ke 0 = Comply);0,00;Comply
202603;TREG 2;JAKARTA CENTRUM;JAKUT;TPR;migrate;24,00;CustomerAssign;bima_customerassign_date tersedia (durasi negatif di-clamp ke 0 = Comply);28,88;Not Comply
202603;TREG 4;KALTIMTARA;SAMARINDA;SMR;create;48,00;CustomerAssign;bima_customerassign_date tersedia (durasi negatif di-clamp ke 0 = Comply);48,03;Not Comply
202603;TREG 4;BALIKPAPAN;BALIKPAPAN;BRU;migrate;24,00;CustomerAssign;bima_customerassign_date tersedia (durasi negatif di-clamp ke 0 = Comply);64,16;Not Comply
202603;TREG 3;YOGYA JATENG SELATAN;MAGELANG;MTY;create;48,00;CustomerAssign;bima_customerassign_date tersedia (durasi negatif di-clamp ke 0 = Comply);29,28;Comply
202603;TREG 2;JAKARTA OUTER;JAKTIM;KLD;migrate;24,00;PI;bima_customerassign_date kosong → pakai orca_pi_date (durasi negatif di-clamp ke 0 = Comply);16,85;Comply
202603;TREG 4;KALSELTENG;TANJUNG TABALONG;TJL;migrate;24,00;CustomerAssign;bima_customerassign_date tersedia (durasi negatif di-clamp ke 0 = Comply);0,00;Comply
202603;TREG 3;YOGYA JATENG SELATAN;SLEMAN;KLS;create;48,00;CustomerAssign;bima_customerassign_date tersedia (durasi negatif di-clamp ke 0 = Comply);22,34;Comply
202603;TREG 2;BANDUNG;BANDUNG BARAT;CMI;migrate;24,00;CustomerAssign;bima_customerassign_date tersedia (durasi negatif di-clamp ke 0 = Comply);0,00;Comply
202603;TREG 5;SULBAGSEL;KENDARI;KDR;migrate;24,00;CustomerAssign;bima_customerassign_date tersedia (durasi negatif di-clamp ke 0 = Comply);77,42;Not Comply
202603;TREG 2;BEKASI KARAWANG;BEKASI;BEK;migrate;24,00;CustomerAssign;bima_customerassign_date tersedia (durasi negatif di-clamp ke 0 = Comply);5,47;Comply
202603;TREG 2;BEKASI KARAWANG;BEKASI;PDE;create;48,00;CustomerAssign;bima_customerassign_date tersedia (durasi negatif di-clamp ke 0 = Comply);29,52;Comply
202603;TREG 2;PRIANGAN BARAT;SENTUL;KHL;migrate;24,00;PI;bima_customerassign_date kosong → pakai orca_pi_date (durasi negatif di-clamp ke 0 = Comply);24,72;Not Comply
202603;TREG 4;KALTIMTARA;SAMARINDA;SMR;migrate;24,00;CustomerAssign;bima_customerassign_date tersedia (durasi negatif di-clamp ke 0 = Comply);240,66;Not Comply
202603;TREG 3;JATIM BARAT;KEPANJEN;TUR;migrate;24,00;CustomerAssign;bima_customerassign_date tersedia (durasi negatif di-clamp ke 0 = Comply);5,67;Comply
202603;TREG 5;SULBAGSEL;MAKASSAR;ANT;migrate;24,00;CustomerAssign;bima_customerassign_date tersedia (durasi negatif di-clamp ke 0 = Comply);365,67;Not Comply
202603;TREG 5;PAPUA BARAT;TIMIKA;KUK;create;48,00;CustomerAssign;bima_customerassign_date tersedia (durasi negatif di-clamp ke 0 = Comply);0,00;Comply
202603;TREG 3;JATIM BARAT;MALANG;BLB;migrate;24,00;CustomerAssign;bima_customerassign_date tersedia (durasi negatif di-clamp ke 0 = Comply);0,00;Comply
202603;TREG 2;BEKASI KARAWANG;BEKASI;KLB;migrate;24,00;CustomerAssign;bima_customerassign_date tersedia (durasi negatif di-clamp ke 0 = Comply);0,71;Comply
202603;TREG 4;KALTIMTARA;BULUNGAN BERAU;TLA;create;48,00;CustomerAssign;bima_customerassign_date tersedia (durasi negatif di-clamp ke 0 = Comply);77,77;Not Comply
202603;TREG 3;SEMARANG JATENG UTARA;PEMALANG;PML;create;48,00;CustomerAssign;bima_customerassign_date tersedia (durasi negatif di-clamp ke 0 = Comply);5,80;Comply
202603;TREG 4;KALSELTENG;TANJUNG TABALONG;TJL;migrate;24,00;CustomerAssign;bima_customerassign_date tersedia (durasi negatif di-clamp ke 0 = Comply);5,83;Comply
202603;TREG 3;JATIM BARAT;NGAWI;MGT;migrate;24,00;CustomerAssign;bima_customerassign_date tersedia (durasi negatif di-clamp ke 0 = Comply);22,94;Comply
202603;TREG 5;SULBAGSEL;MAROS;MAR;migrate;24,00;CustomerAssign;bima_customerassign_date tersedia (durasi negatif di-clamp ke 0 = Comply);30,03;Not Comply
202603;TREG 2;PRIANGAN TIMUR;GARUT;GRU;migrate;24,00;CustomerAssign;bima_customerassign_date tersedia (durasi negatif di-clamp ke 0 = Comply);23,07;Comply
202603;TREG 4;KALTIMTARA;SAMARINDA;SGK;migrate;24,00;CustomerAssign;bima_customerassign_date tersedia (durasi negatif di-clamp ke 0 = Comply);217,15;Not Comply
202603;TREG 5;SUMALUT;MINAHASA;LAN;migrate;24,00;CustomerAssign;bima_customerassign_date tersedia (durasi negatif di-clamp ke 0 = Comply);54,17;Not Comply
202603;TREG 1;SUMBAR JAMBI;BUKIT TINGGI;KOU;migrate;24,00;CustomerAssign;bima_customerassign_date tersedia (durasi negatif di-clamp ke 0 = Comply);73,23;Not Comply
202603;TREG 4;KALSELTENG;PANGKALAN BUN;PBU;migrate;24,00;CustomerAssign;bima_customerassign_date tersedia (durasi negatif di-clamp ke 0 = Comply);0,00;Comply
202603;TREG 4;KALTIMTARA;TARAKAN;JWT;migrate;24,00;CustomerAssign;bima_customerassign_date tersedia (durasi negatif di-clamp ke 0 = Comply);78,24;Not Comply
202603;TREG 3;YOGYA JATENG SELATAN;YOGYAKARTA;KEN;migrate;24,00;CustomerAssign;bima_customerassign_date tersedia (durasi negatif di-clamp ke 0 = Comply);30,35;Not Comply
202603;TREG 4;KALTIMTARA;BONTANG;STT;migrate;24,00;PI;bima_customerassign_date kosong → pakai orca_pi_date (durasi negatif di-clamp ke 0 = Comply);26,49;Not Comply
202603;TREG 5;SUMALUT;AMBON;ABO;create;48,00;CustomerAssign;bima_customerassign_date tersedia (durasi negatif di-clamp ke 0 = Comply);0,00;Comply
202603;TREG 2;JAKARTA INNER;JAKBAR;PLM;migrate;24,00;CustomerAssign;bima_customerassign_date tersedia (durasi negatif di-clamp ke 0 = Comply);1,73;Comply
202603;TREG 1;RIAU;TANJUNG PINANG;KMS;migrate;24,00;CustomerAssign;bima_customerassign_date tersedia (durasi negatif di-clamp ke 0 = Comply);49,76;Not Comply
202603;TREG 2;BANTEN;BANTEN;KMT;create;48,00;CustomerAssign;bima_customerassign_date tersedia (durasi negatif di-clamp ke 0 = Comply);97,79;Not Comply
202603;TREG 4;KALTIMTARA;BONTANG;STT;migrate;24,00;PI;bima_customerassign_date kosong → pakai orca_pi_date (durasi negatif di-clamp ke 0 = Comply);29,66;Not Comply
202603;TREG 2;JAKARTA INNER;JAKBAR;PLM;migrate;24,00;CustomerAssign;bima_customerassign_date tersedia (durasi negatif di-clamp ke 0 = Comply);7,01;Comply
202603;TREG 5;PAPUA;ABEPURA;ABE;create;48,00;CustomerAssign;bima_customerassign_date tersedia (durasi negatif di-clamp ke 0 = Comply);0,00;Comply
202603;TREG 1;RIAU;RIDAR;PBB;migrate;24,00;CustomerAssign;bima_customerassign_date tersedia (durasi negatif di-clamp ke 0 = Comply);0,10;Comply
202603;TREG 4;KALSELTENG;BANJARBARU;BBR;migrate;24,00;PI;bima_customerassign_date kosong → pakai orca_pi_date (durasi negatif di-clamp ke 0 = Comply);23,21;Comply
202603;TREG 4;KALSELTENG;BATULICIN;PLE;migrate;24,00;PI;bima_customerassign_date kosong → pakai orca_pi_date (durasi negatif di-clamp ke 0 = Comply);28,05;Not Comply
202603;TREG 4;KALTIMTARA;BULUNGAN BERAU;TRD;migrate;24,00;CustomerAssign;bima_customerassign_date tersedia (durasi negatif di-clamp ke 0 = Comply);74,41;Not Comply
202603;TREG 5;SUMALUT;TUAL;SML;migrate;24,00;CustomerAssign;bima_customerassign_date tersedia (durasi negatif di-clamp ke 0 = Comply);0,00;Comply
202603;TREG 3;SEMARANG JATENG UTARA;SEMARANG;JHR;create;48,00;CustomerAssign;bima_customerassign_date tersedia (durasi negatif di-clamp ke 0 = Comply);55,54;Not Comply
202603;TREG 3;SURAMADU;SURABAYA SELATAN;TPO;migrate;24,00;CustomerAssign;bima_customerassign_date tersedia (durasi negatif di-clamp ke 0 = Comply);0,00;Comply
202603;TREG 1;SUMUT;SIBOLGA;BLG;create;48,00;CustomerAssign;bima_customerassign_date tersedia (durasi negatif di-clamp ke 0 = Comply);31,61;Comply
202603;TREG 4;KALTIMTARA;NUNUKAN;NNK;migrate;24,00;CustomerAssign;bima_customerassign_date tersedia (durasi negatif di-clamp ke 0 = Comply);367,69;Not Comply
202603;TREG 3;YOGYA JATENG SELATAN;MUNTILAN;SWT;create;48,00;CustomerAssign;bima_customerassign_date tersedia (durasi negatif di-clamp ke 0 = Comply);0,85;Comply
202603;TREG 4;KALSELTENG;BATULICIN;BLC;migrate;24,00;CustomerAssign;bima_customerassign_date tersedia (durasi negatif di-clamp ke 0 = Comply);0,00;Comply
202603;TREG 1;SUMUT;MEDAN;PDB;create;48,00;PI;bima_customerassign_date kosong → pakai orca_pi_date (durasi negatif di-clamp ke 0 = Comply);30,83;Comply
202603;TREG 3;JATIM BARAT;KEDIRI;MJT;migrate;24,00;PI;bima_customerassign_date kosong → pakai orca_pi_date (durasi negatif di-clamp ke 0 = Comply);25,18;Not Comply
202603;TREG 5;PAPUA BARAT;NABIRE;NAB;migrate;24,00;CustomerAssign;bima_customerassign_date tersedia (durasi negatif di-clamp ke 0 = Comply);0,00;Comply
202603;TREG 4;KALSELTENG;BANJARMASIN;ULI;migrate;24,00;CustomerAssign;bima_customerassign_date tersedia (durasi negatif di-clamp ke 0 = Comply);0,00;Comply
202603;TREG 4;BALIKPAPAN;BALIKPAPAN;BRU;migrate;24,00;CustomerAssign;bima_customerassign_date tersedia (durasi negatif di-clamp ke 0 = Comply);0,00;Comply
202603;TREG 4;KALTIMTARA;SAMARINDA;SEP;migrate;24,00;CustomerAssign;bima_customerassign_date tersedia (durasi negatif di-clamp ke 0 = Comply);32,11;Not Comply
202603;TREG 5;SULBAGSEL;MAMUJU;MAM;migrate;24,00;CustomerAssign;bima_customerassign_date tersedia (durasi negatif di-clamp ke 0 = Comply);0,00;Comply
202603;TREG 3;YOGYA JATENG SELATAN;YOGYAKARTA;KEN;migrate;24,00;CustomerAssign;bima_customerassign_date tersedia (durasi negatif di-clamp ke 0 = Comply);56,21;Not Comply
202603;TREG 3;JATIM TIMUR;SIDOARJO;GDA;migrate;24,00;CustomerAssign;bima_customerassign_date tersedia (durasi negatif di-clamp ke 0 = Comply);0,00;Comply
202603;TREG 3;YOGYA JATENG SELATAN;YOGYAKARTA;BBS;migrate;24,00;CustomerAssign;bima_customerassign_date tersedia (durasi negatif di-clamp ke 0 = Comply);75,22;Not Comply
202603;TREG 2;PRIANGAN TIMUR;GARUT;GRU;migrate;24,00;CustomerAssign;bima_customerassign_date tersedia (durasi negatif di-clamp ke 0 = Comply);0,00;Comply
202603;TREG 2;PRIANGAN BARAT;SENTUL;PMU;migrate;24,00;PI;bima_customerassign_date kosong → pakai orca_pi_date (durasi negatif di-clamp ke 0 = Comply);27,23;Not Comply
202603;TREG 4;KALSELTENG;BATULICIN;STI;migrate;24,00;CustomerAssign;bima_customerassign_date tersedia (durasi negatif di-clamp ke 0 = Comply);440,35;Not Comply
202603;TREG 3;BALI;DENPASAR UTARA;MMN;migrate;24,00;CustomerAssign;bima_customerassign_date tersedia (durasi negatif di-clamp ke 0 = Comply);27,39;Not Comply
202603;TREG 2;PRIANGAN TIMUR;INDRAMAYU;IMY;migrate;24,00;CustomerAssign;bima_customerassign_date tersedia (durasi negatif di-clamp ke 0 = Comply);73,47;Not Comply
202603;TREG 2;JAKARTA CENTRUM;JAKPUS;GBI;create;48,00;CustomerAssign;bima_customerassign_date tersedia (durasi negatif di-clamp ke 0 = Comply);8,53;Comply
202603;TREG 3;SOLO JATENG TIMUR;KLATEN;BYL;migrate;24,00;CustomerAssign;bima_customerassign_date tersedia (durasi negatif di-clamp ke 0 = Comply);51,59;Not Comply
202603;TREG 3;SURAMADU;SURABAYA SELATAN;GBG;create;48,00;CustomerAssign;bima_customerassign_date tersedia (durasi negatif di-clamp ke 0 = Comply);3,70;Comply
202603;TREG 4;KALSELTENG;BANJARBARU;MRB;migrate;24,00;PI;bima_customerassign_date kosong → pakai orca_pi_date (durasi negatif di-clamp ke 0 = Comply);33,17;Not Comply
202603;TREG 2;PRIANGAN BARAT;DEPOK;SKJ;migrate;24,00;CustomerAssign;bima_customerassign_date tersedia (durasi negatif di-clamp ke 0 = Comply);3,75;Comply
202603;TREG 2;BANTEN;CIPUTAT;PDR;migrate;24,00;CustomerAssign;bima_customerassign_date tersedia (durasi negatif di-clamp ke 0 = Comply);27,78;Not Comply
202603;TREG 3;SEMARANG JATENG UTARA;SALATIGA;SLI;create;48,00;CustomerAssign;bima_customerassign_date tersedia (durasi negatif di-clamp ke 0 = Comply);0,00;Comply
202603;TREG 2;PRIANGAN TIMUR;BANJAR;PAX;migrate;24,00;PI;bima_customerassign_date kosong → pakai orca_pi_date (durasi negatif di-clamp ke 0 = Comply);30,86;Not Comply
202603;TREG 3;JATIM BARAT;BLITAR;BLR;migrate;24,00;PI;bima_customerassign_date kosong → pakai orca_pi_date (durasi negatif di-clamp ke 0 = Comply);26,49;Not Comply
202603;TREG 1;RIAU;RIDAR;PBB;migrate;24,00;CustomerAssign;bima_customerassign_date tersedia (durasi negatif di-clamp ke 0 = Comply);32,96;Not Comply
202603;TREG 5;SULBAGSEL;MAKASSAR;PNK;migrate;24,00;CustomerAssign;bima_customerassign_date tersedia (durasi negatif di-clamp ke 0 = Comply);320,98;Not Comply
202603;TREG 2;PRIANGAN BARAT;CIBINONG;CLS;create;48,00;CustomerAssign;bima_customerassign_date tersedia (durasi negatif di-clamp ke 0 = Comply);57,03;Not Comply
202603;TREG 2;JAKARTA OUTER;JAKTIM;GAN;migrate;24,00;CustomerAssign;bima_customerassign_date tersedia (durasi negatif di-clamp ke 0 = Comply);2,22;Comply
202603;TREG 3;SOLO JATENG TIMUR;SOLO;KTO;migrate;24,00;CustomerAssign;bima_customerassign_date tersedia (durasi negatif di-clamp ke 0 = Comply);81,23;Not Comply
202603;TREG 2;JAKARTA OUTER;JAKTIM;KLD;migrate;24,00;PI;bima_customerassign_date kosong → pakai orca_pi_date (durasi negatif di-clamp ke 0 = Comply);27,60;Not Comply
202603;TREG 2;PRIANGAN BARAT;CIBINONG;CLS;create;48,00;CustomerAssign;bima_customerassign_date tersedia (durasi negatif di-clamp ke 0 = Comply);0,00;Comply
202603;TREG 5;SUMALUT;MINAHASA;TDN;migrate;24,00;CustomerAssign;bima_customerassign_date tersedia (durasi negatif di-clamp ke 0 = Comply);321,34;Not Comply
202603;TREG 2;BANTEN;CIPUTAT;CPA;migrate;24,00;CustomerAssign;bima_customerassign_date tersedia (durasi negatif di-clamp ke 0 = Comply);98,39;Not Comply
202603;TREG 2;PRIANGAN BARAT;KUJANG;BOO;create;48,00;CustomerAssign;bima_customerassign_date tersedia (durasi negatif di-clamp ke 0 = Comply);0,00;Comply
202603;TREG 1;RIAU;RIDAR;BKR;migrate;24,00;CustomerAssign;bima_customerassign_date tersedia (durasi negatif di-clamp ke 0 = Comply);55,41;Not Comply
202603;TREG 2;PRIANGAN BARAT;SUKABUMI;SKB;migrate;24,00;CustomerAssign;bima_customerassign_date tersedia (durasi negatif di-clamp ke 0 = Comply);225,47;Not Comply
202603;TREG 2;JAKARTA OUTER;JAKSEL;JAG;migrate;24,00;CustomerAssign;bima_customerassign_date tersedia (durasi negatif di-clamp ke 0 = Comply);4,55;Comply
202603;TREG 1;RIAU;BANGKINANG;ARK;migrate;24,00;CustomerAssign;bima_customerassign_date tersedia (durasi negatif di-clamp ke 0 = Comply);52,64;Not Comply
202603;TREG 3;YOGYA JATENG SELATAN;YOGYAKARTA;BBS;create;48,00;CustomerAssign;bima_customerassign_date tersedia (durasi negatif di-clamp ke 0 = Comply);2,68;Comply
202603;TREG 2;JAKARTA CENTRUM;JAKUT;STR;migrate;24,00;CustomerAssign;bima_customerassign_date tersedia (durasi negatif di-clamp ke 0 = Comply);2,79;Comply
202603;TREG 2;BANDUNG;BANDUNG;TRG;create;48,00;CustomerAssign;bima_customerassign_date tersedia (durasi negatif di-clamp ke 0 = Comply);2,83;Comply
202603;TREG 3;YOGYA JATENG SELATAN;PURWOKERTO;PWT;migrate;24,00;CustomerAssign;bima_customerassign_date tersedia (durasi negatif di-clamp ke 0 = Comply);0,00;Comply
202603;TREG 1;RIAU;TANJUNG PINANG;RAI;migrate;24,00;CustomerAssign;bima_customerassign_date tersedia (durasi negatif di-clamp ke 0 = Comply);26,85;Not Comply
202603;TREG 1;RIAU;TANJUNGBALAI KARIMUN;TJT;migrate;24,00;CustomerAssign;bima_customerassign_date tersedia (durasi negatif di-clamp ke 0 = Comply);9,92;Comply
202603;TREG 4;KALSELTENG;PANGKALAN BUN;KMI;migrate;24,00;CustomerAssign;bima_customerassign_date tersedia (durasi negatif di-clamp ke 0 = Comply);153,97;Not Comply
202603;TREG 2;BANTEN;BANTEN;SEG;create;48,00;CustomerAssign;bima_customerassign_date tersedia (durasi negatif di-clamp ke 0 = Comply);0,00;Comply
202603;TREG 2;JAKARTA OUTER;JAKSEL;JAG;migrate;24,00;CustomerAssign;bima_customerassign_date tersedia (durasi negatif di-clamp ke 0 = Comply);5,02;Comply
202603;TREG 3;JATIM TIMUR;PASURUAN;PSN;migrate;24,00;CustomerAssign;bima_customerassign_date tersedia (durasi negatif di-clamp ke 0 = Comply);77,03;Not Comply
202603;TREG 4;BALIKPAPAN;BALIKPAPAN;MGG;migrate;24,00;PI;bima_customerassign_date kosong → pakai orca_pi_date (durasi negatif di-clamp ke 0 = Comply);29,66;Not Comply
202603;TREG 1;RIAU;RIDAR;PBB;migrate;24,00;CustomerAssign;bima_customerassign_date tersedia (durasi negatif di-clamp ke 0 = Comply);80,14;Not Comply
202603;TREG 2;BEKASI KARAWANG;BEKASI;KRA;migrate;24,00;CustomerAssign;bima_customerassign_date tersedia (durasi negatif di-clamp ke 0 = Comply);10,25;Comply
202603;TREG 2;PRIANGAN BARAT;DEPOK;DEP;migrate;24,00;CustomerAssign;bima_customerassign_date tersedia (durasi negatif di-clamp ke 0 = Comply);5,27;Comply
202603;TREG 4;BALIKPAPAN;TANAHGROGOT;PTG;migrate;24,00;CustomerAssign;bima_customerassign_date tersedia (durasi negatif di-clamp ke 0 = Comply);5,69;Comply
202603;TREG 3;SURAMADU;SURABAYA UTARA;KBL;migrate;24,00;PI;bima_customerassign_date kosong → pakai orca_pi_date (durasi negatif di-clamp ke 0 = Comply);28,27;Not Comply
202603;TREG 4;KALTIMTARA;NUNUKAN;NNK;migrate;24,00;CustomerAssign;bima_customerassign_date tersedia (durasi negatif di-clamp ke 0 = Comply);4,06;Comply
202603;TREG 1;RIAU;BANGKINANG;BKN;migrate;24,00;CustomerAssign;bima_customerassign_date tersedia (durasi negatif di-clamp ke 0 = Comply);28,09;Not Comply
202603;TREG 4;KALTIMTARA;NUNUKAN;MLN;migrate;24,00;CustomerAssign;bima_customerassign_date tersedia (durasi negatif di-clamp ke 0 = Comply);59,27;Not Comply
202603;TREG 2;PRIANGAN BARAT;SINDANGLAYA;SDL;create;48,00;CustomerAssign;bima_customerassign_date tersedia (durasi negatif di-clamp ke 0 = Comply);11,30;Comply
202603;TREG 4;KALTIMTARA;BULUNGAN BERAU;TBY;migrate;24,00;CustomerAssign;bima_customerassign_date tersedia (durasi negatif di-clamp ke 0 = Comply);6,30;Comply
202603;TREG 5;SUMALUT;MINAHASA;LAN;migrate;24,00;CustomerAssign;bima_customerassign_date tersedia (durasi negatif di-clamp ke 0 = Comply);323,32;Not Comply
202603;TREG 2;JAKARTA CENTRUM;JAKUT;KLG;migrate;24,00;CustomerAssign;bima_customerassign_date tersedia (durasi negatif di-clamp ke 0 = Comply);0,00;Comply
202603;TREG 3;BALI;DENPASAR UTARA;UBN;create;48,00;CustomerAssign;bima_customerassign_date tersedia (durasi negatif di-clamp ke 0 = Comply);59,51;Not Comply
202603;TREG 4;KALSELTENG;BATULICIN;BLC;create;48,00;CustomerAssign;bima_customerassign_date tersedia (durasi negatif di-clamp ke 0 = Comply);0,00;Comply
202603;TREG 5;SULBAGSEL;MAKASSAR;BAL;migrate;24,00;CustomerAssign;bima_customerassign_date tersedia (durasi negatif di-clamp ke 0 = Comply);275,65;Not Comply
202603;TREG 2;PRIANGAN BARAT;SINDANGLAYA;SDL;migrate;24,00;CustomerAssign;bima_customerassign_date tersedia (durasi negatif di-clamp ke 0 = Comply);0,00;Comply
202603;TREG 2;BANDUNG;SOREANG;RCK;migrate;24,00;CustomerAssign;bima_customerassign_date tersedia (durasi negatif di-clamp ke 0 = Comply);0,00;Comply
202603;TREG 2;BEKASI KARAWANG;BEKASI;PKY;migrate;24,00;CustomerAssign;bima_customerassign_date tersedia (durasi negatif di-clamp ke 0 = Comply);174,80;Not Comply
202603;TREG 2;BANTEN;LENGKONG;SRP;migrate;24,00;CustomerAssign;bima_customerassign_date tersedia (durasi negatif di-clamp ke 0 = Comply);0,00;Comply
202603;TREG 4;KALSELTENG;PALANGKARAYA;KRI;migrate;24,00;PI;bima_customerassign_date kosong → pakai orca_pi_date (durasi negatif di-clamp ke 0 = Comply);30,17;Not Comply
202603;TREG 3;BALI;DENPASAR UTARA;SMY;migrate;24,00;CustomerAssign;bima_customerassign_date tersedia (durasi negatif di-clamp ke 0 = Comply);226,36;Not Comply
202603;TREG 1;SUMUT;MEDAN;CTD;migrate;24,00;CustomerAssign;bima_customerassign_date tersedia (durasi negatif di-clamp ke 0 = Comply);7,38;Comply
202603;TREG 2;BANTEN;CIPUTAT;CPA;migrate;24,00;CustomerAssign;bima_customerassign_date tersedia (durasi negatif di-clamp ke 0 = Comply);60,82;Not Comply
202603;TREG 4;KALSELTENG;PANGKALAN BUN;PBU;migrate;24,00;CustomerAssign;bima_customerassign_date tersedia (durasi negatif di-clamp ke 0 = Comply);12,89;Comply
202603;TREG 2;PRIANGAN BARAT;KUJANG;PAR;migrate;24,00;CustomerAssign;bima_customerassign_date tersedia (durasi negatif di-clamp ke 0 = Comply);36,91;Not Comply
202603;TREG 2;PRIANGAN BARAT;CIBINONG;CSN;migrate;24,00;CustomerAssign;bima_customerassign_date tersedia (durasi negatif di-clamp ke 0 = Comply);55,95;Not Comply
202603;TREG 2;BANTEN;PASAR BARU;SPT;create;48,00;CustomerAssign;bima_customerassign_date tersedia (durasi negatif di-clamp ke 0 = Comply);13,01;Comply
202603;TREG 2;BANDUNG;BANDUNG;TRG;migrate;24,00;CustomerAssign;bima_customerassign_date tersedia (durasi negatif di-clamp ke 0 = Comply);0,00;Comply
202603;TREG 1;SUMUT;MEDAN;PUB;migrate;24,00;CustomerAssign;bima_customerassign_date tersedia (durasi negatif di-clamp ke 0 = Comply);8,30;Comply
202603;TREG 4;KALSELTENG;SAMPIT;SAI;migrate;24,00;CustomerAssign;bima_customerassign_date tersedia (durasi negatif di-clamp ke 0 = Comply);109,50;Not Comply
202603;TREG 2;JAKARTA OUTER;JAKSEL;BIN;migrate;24,00;CustomerAssign;bima_customerassign_date tersedia (durasi negatif di-clamp ke 0 = Comply);0,00;Comply
202603;TREG 3;SEMARANG JATENG UTARA;SEMARANG;SSL;migrate;24,00;CustomerAssign;bima_customerassign_date tersedia (durasi negatif di-clamp ke 0 = Comply);0,00;Comply
202603;TREG 1;SUMBAR JAMBI;BUKIT TINGGI;PNA;create;48,00;CustomerAssign;bima_customerassign_date tersedia (durasi negatif di-clamp ke 0 = Comply);63,14;Not Comply
202603;TREG 3;JATIM TIMUR;PANDAAN;PDA;migrate;24,00;CustomerAssign;bima_customerassign_date tersedia (durasi negatif di-clamp ke 0 = Comply);8,34;Comply
202603;TREG 1;SUMBAR JAMBI;SUMBAR;PDC;migrate;24,00;CustomerAssign;bima_customerassign_date tersedia (durasi negatif di-clamp ke 0 = Comply);375,49;Not Comply
202603;TREG 1;RIAU;BANGKINANG;PKR;migrate;24,00;CustomerAssign;bima_customerassign_date tersedia (durasi negatif di-clamp ke 0 = Comply);82,63;Not Comply
202603;TREG 2;BANDUNG;BANDUNG BARAT;CMI;migrate;24,00;CustomerAssign;bima_customerassign_date tersedia (durasi negatif di-clamp ke 0 = Comply);20,36;Comply
202603;TREG 4;BALIKPAPAN;BALIKPAPAN;BRU;migrate;24,00;CustomerAssign;bima_customerassign_date tersedia (durasi negatif di-clamp ke 0 = Comply);0,00;Comply
202603;TREG 4;BALIKPAPAN;BALIKPAPAN;KTB;create;48,00;CustomerAssign;bima_customerassign_date tersedia (durasi negatif di-clamp ke 0 = Comply);21,21;Comply
202603;TREG 1;LAMPUNG BENGKULU;LAMPUNG;KDT;migrate;24,00;CustomerAssign;bima_customerassign_date tersedia (durasi negatif di-clamp ke 0 = Comply);64,48;Not Comply
202603;TREG 4;KALSELTENG;BANJARMASIN;BJM;migrate;24,00;CustomerAssign;bima_customerassign_date tersedia (durasi negatif di-clamp ke 0 = Comply);0,00;Comply
202603;TREG 4;KALTIMTARA;BONTANG;BOT;migrate;24,00;CustomerAssign;bima_customerassign_date tersedia (durasi negatif di-clamp ke 0 = Comply);0,00;Comply
202603;TREG 4;KALTIMTARA;BONTANG;STT;migrate;24,00;CustomerAssign;bima_customerassign_date tersedia (durasi negatif di-clamp ke 0 = Comply);19,88;Comply
202603;TREG 2;JAKARTA INNER;JAKBAR;SMI;migrate;24,00;CustomerAssign;bima_customerassign_date tersedia (durasi negatif di-clamp ke 0 = Comply);65,99;Not Comply
202603;TREG 3;SURAMADU;BANGKALAN;BKL;migrate;24,00;CustomerAssign;bima_customerassign_date tersedia (durasi negatif di-clamp ke 0 = Comply);121,07;Not Comply
202603;TREG 4;KALSELTENG;BANJARMASIN;ULI;create;48,00;CustomerAssign;bima_customerassign_date tersedia (durasi negatif di-clamp ke 0 = Comply);97,39;Not Comply
202603;TREG 4;KALSELTENG;BANJARBARU;LUL;create;48,00;CustomerAssign;bima_customerassign_date tersedia (durasi negatif di-clamp ke 0 = Comply);0,00;Comply
202603;TREG 4;KALTIMTARA;BULUNGAN BERAU;TBY;migrate;24,00;PI;bima_customerassign_date kosong → pakai orca_pi_date (durasi negatif di-clamp ke 0 = Comply);49,10;Not Comply
202603;TREG 3;JATIM TIMUR;PROBOLINGGO;SKP;migrate;24,00;CustomerAssign;bima_customerassign_date tersedia (durasi negatif di-clamp ke 0 = Comply);169,70;Not Comply
202603;TREG 4;KALTIMTARA;SAMARINDA;SMR;create;48,00;CustomerAssign;bima_customerassign_date tersedia (durasi negatif di-clamp ke 0 = Comply);49,75;Not Comply
202603;TREG 2;PRIANGAN BARAT;CIBINONG;CLS;migrate;24,00;CustomerAssign;bima_customerassign_date tersedia (durasi negatif di-clamp ke 0 = Comply);21,13;Comply
202603;TREG 3;SURAMADU;SURABAYA UTARA;LKI;migrate;24,00;CustomerAssign;bima_customerassign_date tersedia (durasi negatif di-clamp ke 0 = Comply);2,61;Comply
202603;TREG 4;KALSELTENG;TANJUNG TABALONG;TJL;migrate;24,00;CustomerAssign;bima_customerassign_date tersedia (durasi negatif di-clamp ke 0 = Comply);50,66;Not Comply
202603;TREG 4;KALTIMTARA;BONTANG;STT;migrate;24,00;CustomerAssign;bima_customerassign_date tersedia (durasi negatif di-clamp ke 0 = Comply);26,69;Not Comply
202603;TREG 1;ACEH;ACEH;LTM;migrate;24,00;CustomerAssign;bima_customerassign_date tersedia (durasi negatif di-clamp ke 0 = Comply);91,80;Not Comply
202603;TREG 3;SEMARANG JATENG UTARA;BREBES;BMU;migrate;24,00;CustomerAssign;bima_customerassign_date tersedia (durasi negatif di-clamp ke 0 = Comply);93,80;Not Comply
202603;TREG 1;ACEH;ACEH;SAB;migrate;24,00;PI;bima_customerassign_date kosong → pakai orca_pi_date (durasi negatif di-clamp ke 0 = Comply);26,02;Not Comply
202603;TREG 4;KALTIMTARA;TARAKAN;TRK;migrate;24,00;PI;bima_customerassign_date kosong → pakai orca_pi_date (durasi negatif di-clamp ke 0 = Comply);47,95;Not Comply
202603;TREG 3;YOGYA JATENG SELATAN;PURBALINGGA;PBG;migrate;24,00;CustomerAssign;bima_customerassign_date tersedia (durasi negatif di-clamp ke 0 = Comply);0,00;Comply
202603;TREG 2;JAKARTA CENTRUM;JAKPUS;CID;migrate;24,00;CustomerAssign;bima_customerassign_date tersedia (durasi negatif di-clamp ke 0 = Comply);3,64;Comply
202603;TREG 2;JAKARTA CENTRUM;JAKPUS;CID;migrate;24,00;CustomerAssign;bima_customerassign_date tersedia (durasi negatif di-clamp ke 0 = Comply);3,92;Comply
202603;TREG 3;JATIM TIMUR;BANYUWANGI;BWG;migrate;24,00;CustomerAssign;bima_customerassign_date tersedia (durasi negatif di-clamp ke 0 = Comply);28,03;Not Comply
202603;TREG 4;KALSELTENG;TANJUNG TABALONG;TJL;migrate;24,00;PI;bima_customerassign_date kosong → pakai orca_pi_date (durasi negatif di-clamp ke 0 = Comply);51,49;Not Comply
202603;TREG 2;PRIANGAN TIMUR;MAJALENGKA;JTW;migrate;24,00;CustomerAssign;bima_customerassign_date tersedia (durasi negatif di-clamp ke 0 = Comply);0,00;Comply
202603;TREG 4;KALBAR;SANGGAU;BIG;migrate;24,00;CustomerAssign;bima_customerassign_date tersedia (durasi negatif di-clamp ke 0 = Comply);141,48;Not Comply
202603;TREG 4;KALTIMTARA;MELAK;SBR;create;48,00;CustomerAssign;bima_customerassign_date tersedia (durasi negatif di-clamp ke 0 = Comply);28,54;Comply
202603;TREG 4;KALBAR;PONTIANAK;PTK;migrate;24,00;CustomerAssign;bima_customerassign_date tersedia (durasi negatif di-clamp ke 0 = Comply);0,00;Comply
202603;TREG 5;PAPUA BARAT;SORONG;SON;migrate;24,00;CustomerAssign;bima_customerassign_date tersedia (durasi negatif di-clamp ke 0 = Comply);28,56;Not Comply
202603;TREG 5;SULBAGSEL;MAKASSAR;ANT;migrate;24,00;PI;bima_customerassign_date kosong → pakai orca_pi_date (durasi negatif di-clamp ke 0 = Comply);26,45;Not Comply
202603;TREG 2;JAKARTA OUTER;JAKTIM;PDK;create;48,00;CustomerAssign;bima_customerassign_date tersedia (durasi negatif di-clamp ke 0 = Comply);4,60;Comply
202603;TREG 4;KALTIMTARA;BONTANG;STT;migrate;24,00;CustomerAssign;bima_customerassign_date tersedia (durasi negatif di-clamp ke 0 = Comply);191,78;Not Comply
202603;TREG 3;YOGYA JATENG SELATAN;TEMANGGUNG;PRN;migrate;24,00;CustomerAssign;bima_customerassign_date tersedia (durasi negatif di-clamp ke 0 = Comply);4,90;Comply
202603;TREG 3;YOGYA JATENG SELATAN;MUNTILAN;SWT;create;48,00;CustomerAssign;bima_customerassign_date tersedia (durasi negatif di-clamp ke 0 = Comply);22,03;Comply
202603;TREG 2;JAKARTA OUTER;JAKTIM;GAN;create;48,00;CustomerAssign;bima_customerassign_date tersedia (durasi negatif di-clamp ke 0 = Comply);5,04;Comply
202603;TREG 3;YOGYA JATENG SELATAN;YOGYAKARTA;KEN;migrate;24,00;CustomerAssign;bima_customerassign_date tersedia (durasi negatif di-clamp ke 0 = Comply);5,34;Comply
202603;TREG 2;JAKARTA INNER;JAKBAR;TGA;migrate;24,00;CustomerAssign;bima_customerassign_date tersedia (durasi negatif di-clamp ke 0 = Comply);72,42;Not Comply
202603;TREG 4;BALIKPAPAN;BALIKPAPAN;BAM;migrate;24,00;CustomerAssign;bima_customerassign_date tersedia (durasi negatif di-clamp ke 0 = Comply);0,00;Comply
202603;TREG 3;JATIM BARAT;MALANG;PKS;migrate;24,00;CustomerAssign;bima_customerassign_date tersedia (durasi negatif di-clamp ke 0 = Comply);5,57;Comply
202603;TREG 4;KALBAR;PONTIANAK;PTK;create;48,00;PI;bima_customerassign_date kosong → pakai orca_pi_date (durasi negatif di-clamp ke 0 = Comply);0,43;Comply
202603;TREG 4;KALTIMTARA;BONTANG;BOT;migrate;24,00;PI;bima_customerassign_date kosong → pakai orca_pi_date (durasi negatif di-clamp ke 0 = Comply);51,38;Not Comply
202603;TREG 2;JAKARTA OUTER;JAKSEL;TBE;migrate;24,00;CustomerAssign;bima_customerassign_date tersedia (durasi negatif di-clamp ke 0 = Comply);168,77;Not Comply
202603;TREG 2;BANTEN;LENGKONG;SRP;create;48,00;CustomerAssign;bima_customerassign_date tersedia (durasi negatif di-clamp ke 0 = Comply);0,84;Comply
202603;TREG 5;SULBAGSEL;KENDARI;MDG;migrate;24,00;CustomerAssign;bima_customerassign_date tersedia (durasi negatif di-clamp ke 0 = Comply);22,98;Comply
202603;TREG 4;KALTIMTARA;SAMARINDA;LMP;create;48,00;PI;bima_customerassign_date kosong → pakai orca_pi_date (durasi negatif di-clamp ke 0 = Comply);4,16;Comply
202603;TREG 3;JATIM BARAT;BLITAR;BLR;migrate;24,00;CustomerAssign;bima_customerassign_date tersedia (durasi negatif di-clamp ke 0 = Comply);102,24;Not Comply
202603;TREG 3;JATIM BARAT;KEDIRI;MJT;migrate;24,00;CustomerAssign;bima_customerassign_date tersedia (durasi negatif di-clamp ke 0 = Comply);71,28;Not Comply
202603;TREG 4;KALTIMTARA;SAMARINDA;SEM;migrate;24,00;CustomerAssign;bima_customerassign_date tersedia (durasi negatif di-clamp ke 0 = Comply);25,30;Not Comply
202603;TREG 1;RIAU;TANJUNGBALAI KARIMUN;TBK;migrate;24,00;CustomerAssign;bima_customerassign_date tersedia (durasi negatif di-clamp ke 0 = Comply);25,34;Not Comply
202603;TREG 2;JAKARTA INNER;JAKBAR;PLM;create;48,00;CustomerAssign;bima_customerassign_date tersedia (durasi negatif di-clamp ke 0 = Comply);6,37;Comply
202603;TREG 2;JAKARTA OUTER;JAKSEL;CPE;migrate;24,00;CustomerAssign;bima_customerassign_date tersedia (durasi negatif di-clamp ke 0 = Comply);23,39;Comply
202603;TREG 2;JAKARTA INNER;JAKBAR;PLM;migrate;24,00;CustomerAssign;bima_customerassign_date tersedia (durasi negatif di-clamp ke 0 = Comply);1,43;Comply
202603;TREG 2;PRIANGAN TIMUR;CIREBON;PRD;create;48,00;CustomerAssign;bima_customerassign_date tersedia (durasi negatif di-clamp ke 0 = Comply);95,49;Not Comply
202603;TREG 4;BALIKPAPAN;BALIKPAPAN;BRU;migrate;24,00;CustomerAssign;bima_customerassign_date tersedia (durasi negatif di-clamp ke 0 = Comply);0,00;Comply
202603;TREG 4;KALSELTENG;BANJARBARU;BBR;create;48,00;CustomerAssign;bima_customerassign_date tersedia (durasi negatif di-clamp ke 0 = Comply);0,00;Comply
202603;TREG 2;BANTEN;LENGKONG;LGK;migrate;24,00;CustomerAssign;bima_customerassign_date tersedia (durasi negatif di-clamp ke 0 = Comply);318,57;Not Comply
202603;TREG 4;KALTIMTARA;SAMARINDA;LOB;migrate;24,00;CustomerAssign;bima_customerassign_date tersedia (durasi negatif di-clamp ke 0 = Comply);23,63;Comply
202603;TREG 5;SULBAGSEL;MAKASSAR;TMA;migrate;24,00;CustomerAssign;bima_customerassign_date tersedia (durasi negatif di-clamp ke 0 = Comply);23,66;Comply
202603;TREG 3;YOGYA JATENG SELATAN;YOGYAKARTA;PGR;migrate;24,00;CustomerAssign;bima_customerassign_date tersedia (durasi negatif di-clamp ke 0 = Comply);54,67;Not Comply
202603;TREG 4;KALTIMTARA;BULUNGAN BERAU;LNN;create;48,00;CustomerAssign;bima_customerassign_date tersedia (durasi negatif di-clamp ke 0 = Comply);0,00;Comply
202603;TREG 2;BANDUNG;SUMEDANG;SMD;migrate;24,00;CustomerAssign;bima_customerassign_date tersedia (durasi negatif di-clamp ke 0 = Comply);1,82;Comply
202603;TREG 2;JAKARTA OUTER;JAKSEL;TBE;migrate;24,00;CustomerAssign;bima_customerassign_date tersedia (durasi negatif di-clamp ke 0 = Comply);47,90;Not Comply
202603;TREG 4;KALTIMTARA;SAMARINDA;LMP;migrate;24,00;CustomerAssign;bima_customerassign_date tersedia (durasi negatif di-clamp ke 0 = Comply);1,92;Comply
202603;TREG 1;SUMBAR JAMBI;BUKIT TINGGI;SUP;create;48,00;CustomerAssign;bima_customerassign_date tersedia (durasi negatif di-clamp ke 0 = Comply);218,04;Not Comply
202603;TREG 4;BALIKPAPAN;BALIKPAPAN;BAM;create;48,00;CustomerAssign;bima_customerassign_date tersedia (durasi negatif di-clamp ke 0 = Comply);0,00;Comply
202603;TREG 3;SEMARANG JATENG UTARA;BREBES;KTM;migrate;24,00;CustomerAssign;bima_customerassign_date tersedia (durasi negatif di-clamp ke 0 = Comply);24,09;Not Comply
202603;TREG 3;YOGYA JATENG SELATAN;YOGYAKARTA;KGD;create;48,00;CustomerAssign;bima_customerassign_date tersedia (durasi negatif di-clamp ke 0 = Comply);0,00;Comply
202603;TREG 3;YOGYA JATENG SELATAN;YOGYAKARTA;KBU;create;48,00;CustomerAssign;bima_customerassign_date tersedia (durasi negatif di-clamp ke 0 = Comply);0,00;Comply
202603;TREG 4;KALTIMTARA;SAMARINDA;TMD;migrate;24,00;CustomerAssign;bima_customerassign_date tersedia (durasi negatif di-clamp ke 0 = Comply);415,21;Not Comply
202603;TREG 1;SUMBAR JAMBI;BUKIT TINGGI;BKT;migrate;24,00;PI;bima_customerassign_date kosong → pakai orca_pi_date (durasi negatif di-clamp ke 0 = Comply);29,96;Not Comply
202603;TREG 3;SEMARANG JATENG UTARA;SLAWI;SLW;migrate;24,00;CustomerAssign;bima_customerassign_date tersedia (durasi negatif di-clamp ke 0 = Comply);55,25;Not Comply
202603;TREG 2;PRIANGAN BARAT;DEPOK;SKJ;create;48,00;CustomerAssign;bima_customerassign_date tersedia (durasi negatif di-clamp ke 0 = Comply);79,35;Not Comply
202603;TREG 4;KALSELTENG;BANJARMASIN;KYG;migrate;24,00;CustomerAssign;bima_customerassign_date tersedia (durasi negatif di-clamp ke 0 = Comply);55,36;Not Comply
202603;TREG 4;KALTIMTARA;TARAKAN;TAJ;create;48,00;CustomerAssign;bima_customerassign_date tersedia (durasi negatif di-clamp ke 0 = Comply);0,00;Comply
202603;TREG 1;RIAU;RIDAR;PBB;migrate;24,00;CustomerAssign;bima_customerassign_date tersedia (durasi negatif di-clamp ke 0 = Comply);0,38;Comply
202603;TREG 3;JATIM BARAT;MALANG;LWG;create;48,00;CustomerAssign;bima_customerassign_date tersedia (durasi negatif di-clamp ke 0 = Comply);0,57;Comply
202603;TREG 3;YOGYA JATENG SELATAN;PURWOREJO;PWJ;migrate;24,00;CustomerAssign;bima_customerassign_date tersedia (durasi negatif di-clamp ke 0 = Comply);0,00;Comply
202603;TREG 3;JATIM TIMUR;SIDOARJO;KRN;migrate;24,00;CustomerAssign;bima_customerassign_date tersedia (durasi negatif di-clamp ke 0 = Comply);7,64;Comply
202603;TREG 2;PRIANGAN BARAT;KUJANG;PAR;create;48,00;CustomerAssign;bima_customerassign_date tersedia (durasi negatif di-clamp ke 0 = Comply);0,00;Comply
202603;TREG 3;BALI;DENPASAR UTARA;UBN;migrate;24,00;CustomerAssign;bima_customerassign_date tersedia (durasi negatif di-clamp ke 0 = Comply);151,86;Not Comply
202603;TREG 1;RIAU;RIKEP;BTC;migrate;24,00;CustomerAssign;bima_customerassign_date tersedia (durasi negatif di-clamp ke 0 = Comply);0,00;Comply
202603;TREG 1;SUMUT;MEDAN;SPM;migrate;24,00;CustomerAssign;bima_customerassign_date tersedia (durasi negatif di-clamp ke 0 = Comply);7,88;Comply
202603;TREG 2;BEKASI KARAWANG;KARAWANG;KRW;migrate;24,00;CustomerAssign;bima_customerassign_date tersedia (durasi negatif di-clamp ke 0 = Comply);0,00;Comply
202603;TREG 3;JATIM BARAT;MALANG;SGS;migrate;24,00;CustomerAssign;bima_customerassign_date tersedia (durasi negatif di-clamp ke 0 = Comply);56,00;Not Comply
202603;TREG 3;YOGYA JATENG SELATAN;YOGYAKARTA;KEN;migrate;24,00;CustomerAssign;bima_customerassign_date tersedia (durasi negatif di-clamp ke 0 = Comply);32,08;Not Comply
202603;TREG 3;JATIM TIMUR;SIDOARJO;SDA;migrate;24,00;CustomerAssign;bima_customerassign_date tersedia (durasi negatif di-clamp ke 0 = Comply);0,00;Comply
202603;TREG 4;KALTIMTARA;NUNUKAN;MLN;migrate;24,00;CustomerAssign;bima_customerassign_date tersedia (durasi negatif di-clamp ke 0 = Comply);51,21;Not Comply
202603;TREG 2;JAKARTA INNER;JAKBAR;SLP;migrate;24,00;CustomerAssign;bima_customerassign_date tersedia (durasi negatif di-clamp ke 0 = Comply);25,27;Not Comply
202603;TREG 4;KALSELTENG;PANGKALAN BUN;PBU;migrate;24,00;CustomerAssign;bima_customerassign_date tersedia (durasi negatif di-clamp ke 0 = Comply);0,00;Comply
202603;TREG 2;PRIANGAN BARAT;CIBINONG;CLS;migrate;24,00;CustomerAssign;bima_customerassign_date tersedia (durasi negatif di-clamp ke 0 = Comply);1,33;Comply
202603;TREG 2;BANTEN;CIPUTAT;CPA;create;48,00;CustomerAssign;bima_customerassign_date tersedia (durasi negatif di-clamp ke 0 = Comply);8,47;Comply
202603;TREG 4;KALTIMTARA;SAMARINDA;LMP;migrate;24,00;CustomerAssign;bima_customerassign_date tersedia (durasi negatif di-clamp ke 0 = Comply);409,51;Not Comply
202603;TREG 1;SUMBAGSEL;SUMSEL;TLK;create;48,00;CustomerAssign;bima_customerassign_date tersedia (durasi negatif di-clamp ke 0 = Comply);1,55;Comply
202603;TREG 1;RIAU;RIKEP;SLU;migrate;24,00;CustomerAssign;bima_customerassign_date tersedia (durasi negatif di-clamp ke 0 = Comply);8,57;Comply
202603;TREG 4;KALSELTENG;BATULICIN;BLC;migrate;24,00;CustomerAssign;bima_customerassign_date tersedia (durasi negatif di-clamp ke 0 = Comply);27,60;Not Comply
202603;TREG 2;PRIANGAN BARAT;DEPOK;CNE;create;48,00;CustomerAssign;bima_customerassign_date tersedia (durasi negatif di-clamp ke 0 = Comply);128,69;Not Comply
202603;TREG 2;JAKARTA INNER;JAKBAR;PLM;migrate;24,00;CustomerAssign;bima_customerassign_date tersedia (durasi negatif di-clamp ke 0 = Comply);152,72;Not Comply
202603;TREG 2;JAKARTA OUTER;JAKSEL;BIN;migrate;24,00;CustomerAssign;bima_customerassign_date tersedia (durasi negatif di-clamp ke 0 = Comply);3,76;Comply
202603;TREG 5;PAPUA;ABEPURA;ABE;create;48,00;CustomerAssign;bima_customerassign_date tersedia (durasi negatif di-clamp ke 0 = Comply);0,00;Comply
202603;TREG 2;JAKARTA OUTER;JAKSEL;JAG;create;48,00;CustomerAssign;bima_customerassign_date tersedia (durasi negatif di-clamp ke 0 = Comply);80,87;Not Comply
202603;TREG 3;JATIM TIMUR;JOMBANG;JOM;migrate;24,00;CustomerAssign;bima_customerassign_date tersedia (durasi negatif di-clamp ke 0 = Comply);4,03;Comply
202603;TREG 3;JATIM TIMUR;SIDOARJO;KRN;create;48,00;CustomerAssign;bima_customerassign_date tersedia (durasi negatif di-clamp ke 0 = Comply);4,07;Comply
202603;TREG 2;JAKARTA CENTRUM;JAKUT;TPR;migrate;24,00;CustomerAssign;bima_customerassign_date tersedia (durasi negatif di-clamp ke 0 = Comply);26,30;Not Comply
202603;TREG 5;SULBAGSEL;MAKASSAR;TMA;create;48,00;CustomerAssign;bima_customerassign_date tersedia (durasi negatif di-clamp ke 0 = Comply);124,32;Not Comply
202603;TREG 3;SEMARANG JATENG UTARA;BATANG;BTG;migrate;24,00;PI;bima_customerassign_date kosong → pakai orca_pi_date (durasi negatif di-clamp ke 0 = Comply);51,69;Not Comply
202603;TREG 2;PRIANGAN BARAT;DEPOK;SKJ;migrate;24,00;CustomerAssign;bima_customerassign_date tersedia (durasi negatif di-clamp ke 0 = Comply);26,38;Not Comply
202603;TREG 3;SURAMADU;SURABAYA SELATAN;MYR;create;48,00;CustomerAssign;bima_customerassign_date tersedia (durasi negatif di-clamp ke 0 = Comply);2,45;Comply
202603;TREG 3;SURAMADU;SURABAYA SELATAN;WRU;create;48,00;CustomerAssign;bima_customerassign_date tersedia (durasi negatif di-clamp ke 0 = Comply);9,62;Comply
202603;TREG 2;BANTEN;PASAR BARU;RJG;migrate;24,00;CustomerAssign;bima_customerassign_date tersedia (durasi negatif di-clamp ke 0 = Comply);4,74;Comply
202603;TREG 4;KALTIMTARA;BULUNGAN BERAU;TSL;migrate;24,00;CustomerAssign;bima_customerassign_date tersedia (durasi negatif di-clamp ke 0 = Comply);2,77;Comply
202603;TREG 1;RIAU;RIKEP;SKN;create;48,00;CustomerAssign;bima_customerassign_date tersedia (durasi negatif di-clamp ke 0 = Comply);9,83;Comply
202603;TREG 2;PRIANGAN BARAT;KUJANG;PAG;migrate;24,00;CustomerAssign;bima_customerassign_date tersedia (durasi negatif di-clamp ke 0 = Comply);4,87;Comply
202603;TREG 2;BANTEN;CIKUPA;CKA;migrate;24,00;CustomerAssign;bima_customerassign_date tersedia (durasi negatif di-clamp ke 0 = Comply);57,88;Not Comply
202603;TREG 2;BEKASI KARAWANG;CIKARANG;BGG;create;48,00;CustomerAssign;bima_customerassign_date tersedia (durasi negatif di-clamp ke 0 = Comply);5,08;Comply
202603;TREG 4;KALSELTENG;BATULICIN;STI;migrate;24,00;CustomerAssign;bima_customerassign_date tersedia (durasi negatif di-clamp ke 0 = Comply);82,59;Not Comply
202603;TREG 2;BEKASI KARAWANG;CIKARANG;CIB;create;48,00;CustomerAssign;bima_customerassign_date tersedia (durasi negatif di-clamp ke 0 = Comply);0,00;Comply
202603;TREG 4;KALTIMTARA;TARAKAN;TRK;migrate;24,00;CustomerAssign;bima_customerassign_date tersedia (durasi negatif di-clamp ke 0 = Comply);173,67;Not Comply
202603;TREG 2;BEKASI KARAWANG;BEKASI;BEK;migrate;24,00;CustomerAssign;bima_customerassign_date tersedia (durasi negatif di-clamp ke 0 = Comply);5,82;Comply
202603;TREG 5;SULBAGSEL;MAMUJU;MAJ;migrate;24,00;CustomerAssign;bima_customerassign_date tersedia (durasi negatif di-clamp ke 0 = Comply);0,00;Comply
202603;TREG 5;PAPUA;BIAK;BIA;migrate;24,00;PI;bima_customerassign_date kosong → pakai orca_pi_date (durasi negatif di-clamp ke 0 = Comply);52,34;Not Comply
202603;TREG 2;BEKASI KARAWANG;BEKASI;KLB;migrate;24,00;CustomerAssign;bima_customerassign_date tersedia (durasi negatif di-clamp ke 0 = Comply);5,91;Comply
202603;TREG 3;SURAMADU;SURABAYA SELATAN;MYR;create;48,00;CustomerAssign;bima_customerassign_date tersedia (durasi negatif di-clamp ke 0 = Comply);0,00;Comply
202603;TREG 2;JAKARTA INNER;JAKBAR;MRY;create;48,00;CustomerAssign;bima_customerassign_date tersedia (durasi negatif di-clamp ke 0 = Comply);78,03;Not Comply
202603;TREG 5;SULBAGSEL;PALOPO;SRK;migrate;24,00;CustomerAssign;bima_customerassign_date tersedia (durasi negatif di-clamp ke 0 = Comply);107,05;Not Comply
202603;TREG 2;JAKARTA OUTER;JAKTIM;GAN;migrate;24,00;CustomerAssign;bima_customerassign_date tersedia (durasi negatif di-clamp ke 0 = Comply);6,06;Comply
202603;TREG 1;RIAU;RIKEP;LBJ;create;48,00;PI;bima_customerassign_date kosong → pakai orca_pi_date (durasi negatif di-clamp ke 0 = Comply);49,99;Not Comply
202603;TREG 5;PAPUA;JAYAPURA;JPB;create;48,00;CustomerAssign;bima_customerassign_date tersedia (durasi negatif di-clamp ke 0 = Comply);52,13;Not Comply
202603;TREG 5;SUMALUT;MENADO;MDO;migrate;24,00;CustomerAssign;bima_customerassign_date tersedia (durasi negatif di-clamp ke 0 = Comply);0,00;Comply
202603;TREG 2;BEKASI KARAWANG;BEKASI;BEK;migrate;24,00;CustomerAssign;bima_customerassign_date tersedia (durasi negatif di-clamp ke 0 = Comply);0,00;Comply
202603;TREG 5;PAPUA;SENTANI;SNI;migrate;24,00;CustomerAssign;bima_customerassign_date tersedia (durasi negatif di-clamp ke 0 = Comply);155,40;Not Comply
202603;TREG 3;BALI;DENPASAR CENTRUM;KLM;create;48,00;CustomerAssign;bima_customerassign_date tersedia (durasi negatif di-clamp ke 0 = Comply);6,68;Comply
202603;TREG 2;JAKARTA OUTER;JAKTIM;PDK;migrate;24,00;CustomerAssign;bima_customerassign_date tersedia (durasi negatif di-clamp ke 0 = Comply);275,70;Not Comply
202603;TREG 1;RIAU;DUMAI;DUM;create;48,00;CustomerAssign;bima_customerassign_date tersedia (durasi negatif di-clamp ke 0 = Comply);99,89;Not Comply
202603;TREG 1;SUMUT;BINJAI;STB;migrate;24,00;CustomerAssign;bima_customerassign_date tersedia (durasi negatif di-clamp ke 0 = Comply);11,89;Comply
202603;TREG 5;PAPUA;ABEPURA;ABE;create;48,00;CustomerAssign;bima_customerassign_date tersedia (durasi negatif di-clamp ke 0 = Comply);0,00;Comply
202603;TREG 1;RIAU;RIKEP;LBJ;migrate;24,00;CustomerAssign;bima_customerassign_date tersedia (durasi negatif di-clamp ke 0 = Comply);6,94;Comply
202603;TREG 3;JATIM BARAT;BOJONEGORO;BJN;migrate;24,00;CustomerAssign;bima_customerassign_date tersedia (durasi negatif di-clamp ke 0 = Comply);5,44;Comply
202603;TREG 2;BEKASI KARAWANG;PURWAKARTA;PWK;migrate;24,00;CustomerAssign;bima_customerassign_date tersedia (durasi negatif di-clamp ke 0 = Comply);7,50;Comply
202603;TREG 3;SOLO JATENG TIMUR;SOLO;GLD;migrate;24,00;PI;bima_customerassign_date kosong → pakai orca_pi_date (durasi negatif di-clamp ke 0 = Comply);53,24;Not Comply
202603;TREG 3;BALI;DENPASAR CENTRUM;SAU;create;48,00;CustomerAssign;bima_customerassign_date tersedia (durasi negatif di-clamp ke 0 = Comply);5,54;Comply
202603;TREG 2;PRIANGAN BARAT;CIBINONG;CBI;migrate;24,00;CustomerAssign;bima_customerassign_date tersedia (durasi negatif di-clamp ke 0 = Comply);5,56;Comply
202603;TREG 2;PRIANGAN TIMUR;INDRAMAYU;IMY;migrate;24,00;CustomerAssign;bima_customerassign_date tersedia (durasi negatif di-clamp ke 0 = Comply);132,59;Not Comply
202603;TREG 2;JAKARTA OUTER;JAKSEL;BIN;migrate;24,00;CustomerAssign;bima_customerassign_date tersedia (durasi negatif di-clamp ke 0 = Comply);0,00;Comply
202603;TREG 5;SULBAGSEL;SITOR;SID;migrate;24,00;PI;bima_customerassign_date kosong → pakai orca_pi_date (durasi negatif di-clamp ke 0 = Comply);57,59;Not Comply
202603;TREG 2;JAKARTA INNER;JAKBAR;MRY;migrate;24,00;CustomerAssign;bima_customerassign_date tersedia (durasi negatif di-clamp ke 0 = Comply);0,00;Comply
202603;TREG 2;JAKARTA INNER;JAKBAR;CKG;migrate;24,00;CustomerAssign;bima_customerassign_date tersedia (durasi negatif di-clamp ke 0 = Comply);79,73;Not Comply
202603;TREG 4;KALSELTENG;MUARA TEWEH;MTW;migrate;24,00;CustomerAssign;bima_customerassign_date tersedia (durasi negatif di-clamp ke 0 = Comply);55,78;Not Comply
202603;TREG 2;BANTEN;PASAR BARU;TAN;create;48,00;CustomerAssign;bima_customerassign_date tersedia (durasi negatif di-clamp ke 0 = Comply);8,23;Comply
202603;TREG 2;BEKASI KARAWANG;CIKARANG;BGG;migrate;24,00;CustomerAssign;bima_customerassign_date tersedia (durasi negatif di-clamp ke 0 = Comply);13,44;Comply
202603;TREG 3;SURAMADU;GRESIK;GSK;migrate;24,00;CustomerAssign;bima_customerassign_date tersedia (durasi negatif di-clamp ke 0 = Comply);0,00;Comply
202603;TREG 2;BEKASI KARAWANG;BEKASI;KRA;migrate;24,00;CustomerAssign;bima_customerassign_date tersedia (durasi negatif di-clamp ke 0 = Comply);13,54;Comply
202603;TREG 3;SURAMADU;SURABAYA UTARA;KRP;migrate;24,00;CustomerAssign;bima_customerassign_date tersedia (durasi negatif di-clamp ke 0 = Comply);13,54;Comply
202603;TREG 1;SUMBAR JAMBI;MUARA BUNGO;BKO;migrate;24,00;CustomerAssign;bima_customerassign_date tersedia (durasi negatif di-clamp ke 0 = Comply);229,79;Not Comply
202603;TREG 1;SUMBAR JAMBI;JAMBI;MBN;migrate;24,00;CustomerAssign;bima_customerassign_date tersedia (durasi negatif di-clamp ke 0 = Comply);56,90;Not Comply
202603;TREG 2;BANTEN;BANTEN;SEG;migrate;24,00;CustomerAssign;bima_customerassign_date tersedia (durasi negatif di-clamp ke 0 = Comply);9,06;Comply
202603;TREG 2;JAKARTA OUTER;JAKSEL;BIN;migrate;24,00;CustomerAssign;bima_customerassign_date tersedia (durasi negatif di-clamp ke 0 = Comply);0,00;Comply
202603;TREG 1;RIAU;RIKEP;LBJ;migrate;24,00;CustomerAssign;bima_customerassign_date tersedia (durasi negatif di-clamp ke 0 = Comply);9,16;Comply
202603;TREG 4;KALSELTENG;SAMPIT;SAI;migrate;24,00;PI;bima_customerassign_date kosong → pakai orca_pi_date (durasi negatif di-clamp ke 0 = Comply);56,54;Not Comply
202603;TREG 2;BANDUNG;SUMEDANG;CJA;migrate;24,00;CustomerAssign;bima_customerassign_date tersedia (durasi negatif di-clamp ke 0 = Comply);33,76;Not Comply
202603;TREG 3;NUSA TENGGARA;NTB;MTR;migrate;24,00;CustomerAssign;bima_customerassign_date tersedia (durasi negatif di-clamp ke 0 = Comply);0,00;Comply
202603;TREG 3;NUSA TENGGARA;NTB;PRY;migrate;24,00;CustomerAssign;bima_customerassign_date tersedia (durasi negatif di-clamp ke 0 = Comply);209,10;Not Comply
202603;TREG 3;JATIM BARAT;TULUNG AGUNG;TUL;migrate;24,00;CustomerAssign;bima_customerassign_date tersedia (durasi negatif di-clamp ke 0 = Comply);48,22;Not Comply
202603;TREG 4;KALSELTENG;BANJARBARU;MTP;migrate;24,00;PI;bima_customerassign_date kosong → pakai orca_pi_date (durasi negatif di-clamp ke 0 = Comply);66,60;Not Comply
202603;TREG 3;BALI;DENPASAR UTARA;SMY;migrate;24,00;CustomerAssign;bima_customerassign_date tersedia (durasi negatif di-clamp ke 0 = Comply);144,62;Not Comply
202603;TREG 2;BANDUNG;BANDUNG BARAT;RJW;migrate;24,00;CustomerAssign;bima_customerassign_date tersedia (durasi negatif di-clamp ke 0 = Comply);72,73;Not Comply
202603;TREG 1;SUMBAGSEL;BELITUNG;TJN;migrate;24,00;CustomerAssign;bima_customerassign_date tersedia (durasi negatif di-clamp ke 0 = Comply);24,99;Not Comply
202603;TREG 1;SUMBAGSEL;BABEL;PGP;migrate;24,00;CustomerAssign;bima_customerassign_date tersedia (durasi negatif di-clamp ke 0 = Comply);20,02;Comply
202603;TREG 4;KALBAR;PONTIANAK;JAW;migrate;24,00;CustomerAssign;bima_customerassign_date tersedia (durasi negatif di-clamp ke 0 = Comply);121,06;Not Comply
202603;TREG 4;KALTIMTARA;MELAK;SBR;create;48,00;CustomerAssign;bima_customerassign_date tersedia (durasi negatif di-clamp ke 0 = Comply);140,09;Not Comply
202603;TREG 4;KALTIMTARA;BONTANG;STT;migrate;24,00;CustomerAssign;bima_customerassign_date tersedia (durasi negatif di-clamp ke 0 = Comply);73,76;Not Comply
202603;TREG 2;BANDUNG;SOREANG;SOR;migrate;24,00;CustomerAssign;bima_customerassign_date tersedia (durasi negatif di-clamp ke 0 = Comply);25,80;Not Comply
202603;TREG 1;SUMUT;LUBUK PAKAM;TJR;migrate;24,00;CustomerAssign;bima_customerassign_date tersedia (durasi negatif di-clamp ke 0 = Comply);25,83;Not Comply
202603;TREG 1;SUMUT;SUMUT;PMS;migrate;24,00;PI;bima_customerassign_date kosong → pakai orca_pi_date (durasi negatif di-clamp ke 0 = Comply);67,35;Not Comply
202603;TREG 4;KALTIMTARA;BONTANG;STT;migrate;24,00;CustomerAssign;bima_customerassign_date tersedia (durasi negatif di-clamp ke 0 = Comply);477,24;Not Comply
202603;TREG 4;BALIKPAPAN;BALIKPAPAN;GSA;migrate;24,00;CustomerAssign;bima_customerassign_date tersedia (durasi negatif di-clamp ke 0 = Comply);26,34;Not Comply
202603;TREG 1;ACEH;LANGSA;LGS;migrate;24,00;CustomerAssign;bima_customerassign_date tersedia (durasi negatif di-clamp ke 0 = Comply);74,38;Not Comply
202603;TREG 3;SOLO JATENG TIMUR;BLORA;CEP;migrate;24,00;CustomerAssign;bima_customerassign_date tersedia (durasi negatif di-clamp ke 0 = Comply);21,66;Comply
202603;TREG 2;BANTEN;PASAR BARU;CPD;create;48,00;CustomerAssign;bima_customerassign_date tersedia (durasi negatif di-clamp ke 0 = Comply);0,00;Comply
202603;TREG 4;KALSELTENG;BANJARBARU;LUL;migrate;24,00;CustomerAssign;bima_customerassign_date tersedia (durasi negatif di-clamp ke 0 = Comply);22,01;Comply
202603;TREG 3;YOGYA JATENG SELATAN;YOGYAKARTA;KBU;migrate;24,00;PI;bima_customerassign_date kosong → pakai orca_pi_date (durasi negatif di-clamp ke 0 = Comply);70,53;Not Comply
202603;TREG 5;SULBAGSEL;MAKASSAR;TMA;create;48,00;CustomerAssign;bima_customerassign_date tersedia (durasi negatif di-clamp ke 0 = Comply);92,29;Not Comply
202603;TREG 2;JAKARTA INNER;JAKBAR;SLP;create;48,00;CustomerAssign;bima_customerassign_date tersedia (durasi negatif di-clamp ke 0 = Comply);20,63;Comply
202603;TREG 4;KALSELTENG;BATULICIN;BLC;migrate;24,00;CustomerAssign;bima_customerassign_date tersedia (durasi negatif di-clamp ke 0 = Comply);0,00;Comply
202603;TREG 2;BEKASI KARAWANG;BEKASI;KLB;create;48,00;CustomerAssign;bima_customerassign_date tersedia (durasi negatif di-clamp ke 0 = Comply);3,92;Comply
202603;TREG 2;JAKARTA OUTER;JAKSEL;CPE;create;48,00;CustomerAssign;bima_customerassign_date tersedia (durasi negatif di-clamp ke 0 = Comply);0,00;Comply
202603;TREG 1;RIAU;RIKEP;BTC;migrate;24,00;CustomerAssign;bima_customerassign_date tersedia (durasi negatif di-clamp ke 0 = Comply);220,01;Not Comply
202603;TREG 4;KALTIMTARA;BONTANG;LKT;migrate;24,00;CustomerAssign;bima_customerassign_date tersedia (durasi negatif di-clamp ke 0 = Comply);148,03;Not Comply
202603;TREG 2;JAKARTA OUTER;JAKTIM;CWA;migrate;24,00;CustomerAssign;bima_customerassign_date tersedia (durasi negatif di-clamp ke 0 = Comply);4,06;Comply
202603;TREG 2;JAKARTA CENTRUM;JAKUT;MKR;migrate;24,00;CustomerAssign;bima_customerassign_date tersedia (durasi negatif di-clamp ke 0 = Comply);52,06;Not Comply
202603;TREG 4;BALIKPAPAN;BALIKPAPAN;GSA;migrate;24,00;CustomerAssign;bima_customerassign_date tersedia (durasi negatif di-clamp ke 0 = Comply);4,17;Comply
202603;TREG 2;BANDUNG;SUMEDANG;UBR;create;48,00;CustomerAssign;bima_customerassign_date tersedia (durasi negatif di-clamp ke 0 = Comply);0,00;Comply
202603;TREG 1;SUMBAGSEL;SUMSEL;SRO;create;48,00;CustomerAssign;bima_customerassign_date tersedia (durasi negatif di-clamp ke 0 = Comply);4,65;Comply
202603;TREG 4;KALSELTENG;BANJARMASIN;ULI;create;48,00;CustomerAssign;bima_customerassign_date tersedia (durasi negatif di-clamp ke 0 = Comply);119,74;Not Comply
202603;TREG 1;RIAU;BANGKINANG;SAK;migrate;24,00;CustomerAssign;bima_customerassign_date tersedia (durasi negatif di-clamp ke 0 = Comply);0,00;Comply
202603;TREG 4;KALTIMTARA;MELAK;SBR;migrate;24,00;CustomerAssign;bima_customerassign_date tersedia (durasi negatif di-clamp ke 0 = Comply);119,94;Not Comply
202603;TREG 3;YOGYA JATENG SELATAN;YOGYAKARTA;BBS;create;48,00;CustomerAssign;bima_customerassign_date tersedia (durasi negatif di-clamp ke 0 = Comply);0,00;Comply
202603;TREG 2;BANDUNG;PADALARANG;LEM;create;48,00;CustomerAssign;bima_customerassign_date tersedia (durasi negatif di-clamp ke 0 = Comply);0,00;Comply
202603;TREG 2;JAKARTA OUTER;JAKTIM;KRG;migrate;24,00;CustomerAssign;bima_customerassign_date tersedia (durasi negatif di-clamp ke 0 = Comply);48,04;Not Comply
202603;TREG 5;SULBAGSEL;MAKASSAR;MAT;migrate;24,00;CustomerAssign;bima_customerassign_date tersedia (durasi negatif di-clamp ke 0 = Comply);142,16;Not Comply
202603;TREG 2;BEKASI KARAWANG;KARAWANG;KLI;create;48,00;CustomerAssign;bima_customerassign_date tersedia (durasi negatif di-clamp ke 0 = Comply);5,22;Comply
202603;TREG 2;JAKARTA OUTER;JAKSEL;PSM;migrate;24,00;PI;bima_customerassign_date kosong → pakai orca_pi_date (durasi negatif di-clamp ke 0 = Comply);23,95;Comply
202603;TREG 5;SUMALUT;MASOHI;NML;migrate;24,00;CustomerAssign;bima_customerassign_date tersedia (durasi negatif di-clamp ke 0 = Comply);166,33;Not Comply
202603;TREG 3;SOLO JATENG TIMUR;SOLO;KTO;migrate;24,00;CustomerAssign;bima_customerassign_date tersedia (durasi negatif di-clamp ke 0 = Comply);96,55;Not Comply
202603;TREG 2;JAKARTA OUTER;JAKSEL;PSM;create;48,00;CustomerAssign;bima_customerassign_date tersedia (durasi negatif di-clamp ke 0 = Comply);0,99;Comply
202603;TREG 3;YOGYA JATENG SELATAN;BANTUL;BTL;create;48,00;CustomerAssign;bima_customerassign_date tersedia (durasi negatif di-clamp ke 0 = Comply);30,00;Comply
202603;TREG 3;BALI;DENPASAR SELATAN;JBR;migrate;24,00;CustomerAssign;bima_customerassign_date tersedia (durasi negatif di-clamp ke 0 = Comply);25,02;Not Comply
202603;TREG 2;JAKARTA OUTER;JAKTIM;JTN;migrate;24,00;CustomerAssign;bima_customerassign_date tersedia (durasi negatif di-clamp ke 0 = Comply);25,25;Not Comply
202603;TREG 2;BANTEN;PASAR BARU;SPT;migrate;24,00;CustomerAssign;bima_customerassign_date tersedia (durasi negatif di-clamp ke 0 = Comply);30,37;Not Comply
202603;TREG 3;SURAMADU;GRESIK;GSK;create;48,00;PI;bima_customerassign_date kosong → pakai orca_pi_date (durasi negatif di-clamp ke 0 = Comply);68,33;Not Comply
202603;TREG 3;YOGYA JATENG SELATAN;YOGYAKARTA;KGD;create;48,00;CustomerAssign;bima_customerassign_date tersedia (durasi negatif di-clamp ke 0 = Comply);0,00;Comply
202603;TREG 2;PRIANGAN BARAT;DEPOK;DEP;migrate;24,00;CustomerAssign;bima_customerassign_date tersedia (durasi negatif di-clamp ke 0 = Comply);54,59;Not Comply
202603;TREG 2;JAKARTA OUTER;JAKTIM;KRG;create;48,00;CustomerAssign;bima_customerassign_date tersedia (durasi negatif di-clamp ke 0 = Comply);1,61;Comply
202603;TREG 2;PRIANGAN BARAT;CIBINONG;CBI;create;48,00;CustomerAssign;bima_customerassign_date tersedia (durasi negatif di-clamp ke 0 = Comply);318,69;Not Comply
202603;TREG 4;KALSELTENG;TANJUNG TABALONG;TJL;migrate;24,00;CustomerAssign;bima_customerassign_date tersedia (durasi negatif di-clamp ke 0 = Comply);6,82;Comply
202603;TREG 4;KALSELTENG;PALANGKARAYA;PLK;migrate;24,00;CustomerAssign;bima_customerassign_date tersedia (durasi negatif di-clamp ke 0 = Comply);0,00;Comply
202603;TREG 3;BALI;DENPASAR CENTRUM;KLM;migrate;24,00;CustomerAssign;bima_customerassign_date tersedia (durasi negatif di-clamp ke 0 = Comply);0,00;Comply
202603;TREG 4;KALTIMTARA;SAMARINDA;SGK;create;48,00;CustomerAssign;bima_customerassign_date tersedia (durasi negatif di-clamp ke 0 = Comply);26,18;Comply
202603;TREG 3;YOGYA JATENG SELATAN;SLEMAN;SMN;create;48,00;CustomerAssign;bima_customerassign_date tersedia (durasi negatif di-clamp ke 0 = Comply);0,00;Comply
202603;TREG 4;KALSELTENG;TANJUNG TABALONG;AMT;migrate;24,00;CustomerAssign;bima_customerassign_date tersedia (durasi negatif di-clamp ke 0 = Comply);24,30;Not Comply
202603;TREG 3;JATIM TIMUR;LUMAJANG;LMJ;migrate;24,00;CustomerAssign;bima_customerassign_date tersedia (durasi negatif di-clamp ke 0 = Comply);31,34;Not Comply
202603;TREG 4;BALIKPAPAN;BALIKPAPAN;GSA;create;48,00;CustomerAssign;bima_customerassign_date tersedia (durasi negatif di-clamp ke 0 = Comply);2,36;Comply
202603;TREG 2;JAKARTA OUTER;JAKSEL;CPE;create;48,00;CustomerAssign;bima_customerassign_date tersedia (durasi negatif di-clamp ke 0 = Comply);2,71;Comply
202603;TREG 4;KALTIMTARA;SAMARINDA;LOB;create;48,00;CustomerAssign;bima_customerassign_date tersedia (durasi negatif di-clamp ke 0 = Comply);7,74;Comply
202603;TREG 4;BALIKPAPAN;BALIKPAPAN;BRU;migrate;24,00;CustomerAssign;bima_customerassign_date tersedia (durasi negatif di-clamp ke 0 = Comply);16,78;Comply
202603;TREG 1;RIAU;RIKEP;LBJ;migrate;24,00;CustomerAssign;bima_customerassign_date tersedia (durasi negatif di-clamp ke 0 = Comply);79,85;Not Comply
202603;TREG 2;BANDUNG;BANDUNG BARAT;CMI;migrate;24,00;CustomerAssign;bima_customerassign_date tersedia (durasi negatif di-clamp ke 0 = Comply);7,86;Comply
202603;TREG 1;RIAU;TANJUNG PINANG;KMS;migrate;24,00;CustomerAssign;bima_customerassign_date tersedia (durasi negatif di-clamp ke 0 = Comply);146,90;Not Comply
202603;TREG 3;YOGYA JATENG SELATAN;BANTUL;WTS;migrate;24,00;PI;bima_customerassign_date kosong → pakai orca_pi_date (durasi negatif di-clamp ke 0 = Comply);72,57;Not Comply
202603;TREG 2;BEKASI KARAWANG;BEKASI;PDE;migrate;24,00;CustomerAssign;bima_customerassign_date tersedia (durasi negatif di-clamp ke 0 = Comply);25,02;Not Comply
202603;TREG 3;JATIM BARAT;BLITAR;BLR;create;48,00;CustomerAssign;bima_customerassign_date tersedia (durasi negatif di-clamp ke 0 = Comply);27,27;Comply
202603;TREG 2;BANDUNG;SUMEDANG;UBR;create;48,00;CustomerAssign;bima_customerassign_date tersedia (durasi negatif di-clamp ke 0 = Comply);25,44;Comply
202603;TREG 2;PRIANGAN BARAT;DEPOK;CNE;create;48,00;CustomerAssign;bima_customerassign_date tersedia (durasi negatif di-clamp ke 0 = Comply);0,00;Comply
202603;TREG 2;BANTEN;CIPUTAT;CLD;migrate;24,00;CustomerAssign;bima_customerassign_date tersedia (durasi negatif di-clamp ke 0 = Comply);80,51;Not Comply
202603;TREG 2;BANTEN;CIPUTAT;CLD;migrate;24,00;CustomerAssign;bima_customerassign_date tersedia (durasi negatif di-clamp ke 0 = Comply);296,53;Not Comply
202603;TREG 2;BEKASI KARAWANG;BEKASI;PKY;create;48,00;CustomerAssign;bima_customerassign_date tersedia (durasi negatif di-clamp ke 0 = Comply);8,54;Comply
202603;TREG 1;SUMUT;MEDAN;TJM;migrate;24,00;CustomerAssign;bima_customerassign_date tersedia (durasi negatif di-clamp ke 0 = Comply);0,00;Comply
202603;TREG 2;JAKARTA OUTER;JAKSEL;CPE;migrate;24,00;CustomerAssign;bima_customerassign_date tersedia (durasi negatif di-clamp ke 0 = Comply);8,87;Comply
202603;TREG 3;YOGYA JATENG SELATAN;SLEMAN;GOD;create;48,00;CustomerAssign;bima_customerassign_date tersedia (durasi negatif di-clamp ke 0 = Comply);3,96;Comply
202603;TREG 1;SUMUT;MEDAN;PDB;create;48,00;CustomerAssign;bima_customerassign_date tersedia (durasi negatif di-clamp ke 0 = Comply);0,00;Comply
202603;TREG 2;JAKARTA INNER;JAKBAR;CKG;create;48,00;CustomerAssign;bima_customerassign_date tersedia (durasi negatif di-clamp ke 0 = Comply);9,11;Comply
202603;TREG 2;JAKARTA CENTRUM;JAKUT;MKR;migrate;24,00;CustomerAssign;bima_customerassign_date tersedia (durasi negatif di-clamp ke 0 = Comply);2,13;Comply
202603;TREG 3;YOGYA JATENG SELATAN;YOGYAKARTA;KEN;migrate;24,00;PI;bima_customerassign_date kosong → pakai orca_pi_date (durasi negatif di-clamp ke 0 = Comply);55,22;Not Comply
202603;TREG 4;KALBAR;MEMPAWAH;STA;create;48,00;CustomerAssign;bima_customerassign_date tersedia (durasi negatif di-clamp ke 0 = Comply);170,33;Not Comply
202603;TREG 2;JAKARTA OUTER;JAKTIM;KRG;migrate;24,00;CustomerAssign;bima_customerassign_date tersedia (durasi negatif di-clamp ke 0 = Comply);9,34;Comply
202603;TREG 2;JAKARTA OUTER;JAKSEL;JAG;migrate;24,00;CustomerAssign;bima_customerassign_date tersedia (durasi negatif di-clamp ke 0 = Comply);9,37;Comply
202603;TREG 2;BANDUNG;BANDUNG;DGO;migrate;24,00;CustomerAssign;bima_customerassign_date tersedia (durasi negatif di-clamp ke 0 = Comply);33,66;Not Comply
202603;TREG 1;SUMUT;LUBUK PAKAM;TJR;create;48,00;CustomerAssign;bima_customerassign_date tersedia (durasi negatif di-clamp ke 0 = Comply);33,74;Comply
202603;TREG 2;PRIANGAN BARAT;DEPOK;SKJ;migrate;24,00;CustomerAssign;bima_customerassign_date tersedia (durasi negatif di-clamp ke 0 = Comply);4,74;Comply
202603;TREG 3;YOGYA JATENG SELATAN;YOGYAKARTA;KBU;migrate;24,00;CustomerAssign;bima_customerassign_date tersedia (durasi negatif di-clamp ke 0 = Comply);0,00;Comply
202603;TREG 3;SOLO JATENG TIMUR;KUDUS;KUD;migrate;24,00;CustomerAssign;bima_customerassign_date tersedia (durasi negatif di-clamp ke 0 = Comply);26,92;Not Comply
202603;TREG 2;PRIANGAN BARAT;CIBINONG;BJD;migrate;24,00;CustomerAssign;bima_customerassign_date tersedia (durasi negatif di-clamp ke 0 = Comply);9,95;Comply
202603;TREG 2;JAKARTA INNER;JAKBAR;TGA;migrate;24,00;CustomerAssign;bima_customerassign_date tersedia (durasi negatif di-clamp ke 0 = Comply);0,00;Comply
202603;TREG 3;BALI;DENPASAR CENTRUM;SAU;create;48,00;CustomerAssign;bima_customerassign_date tersedia (durasi negatif di-clamp ke 0 = Comply);27,06;Comply
202603;TREG 2;BANDUNG;SUMEDANG;CJA;migrate;24,00;CustomerAssign;bima_customerassign_date tersedia (durasi negatif di-clamp ke 0 = Comply);5,16;Comply
202603;TREG 2;JAKARTA OUTER;JAKTIM;KLD;create;48,00;CustomerAssign;bima_customerassign_date tersedia (durasi negatif di-clamp ke 0 = Comply);0,00;Comply
202603;TREG 2;PRIANGAN BARAT;KUJANG;BOO;create;48,00;CustomerAssign;bima_customerassign_date tersedia (durasi negatif di-clamp ke 0 = Comply);0,00;Comply
202603;TREG 2;JAKARTA OUTER;JAKTIM;PDK;migrate;24,00;CustomerAssign;bima_customerassign_date tersedia (durasi negatif di-clamp ke 0 = Comply);29,69;Not Comply
202603;TREG 2;JAKARTA OUTER;JAKSEL;JAG;create;48,00;CustomerAssign;bima_customerassign_date tersedia (durasi negatif di-clamp ke 0 = Comply);0,00;Comply
202603;TREG 2;BANTEN;LENGKONG;SRP;migrate;24,00;CustomerAssign;bima_customerassign_date tersedia (durasi negatif di-clamp ke 0 = Comply);11,13;Comply
202603;TREG 4;KALSELTENG;TANJUNG TABALONG;AMT;migrate;24,00;CustomerAssign;bima_customerassign_date tersedia (durasi negatif di-clamp ke 0 = Comply);196,34;Not Comply
202603;TREG 2;PRIANGAN BARAT;DEPOK;SKJ;migrate;24,00;CustomerAssign;bima_customerassign_date tersedia (durasi negatif di-clamp ke 0 = Comply);4,34;Comply
202603;TREG 2;JAKARTA OUTER;JAKTIM;JTN;create;48,00;CustomerAssign;bima_customerassign_date tersedia (durasi negatif di-clamp ke 0 = Comply);6,45;Comply
202603;TREG 2;BANDUNG;BANDUNG;BDK;migrate;24,00;CustomerAssign;bima_customerassign_date tersedia (durasi negatif di-clamp ke 0 = Comply);0,00;Comply
202603;TREG 5;PAPUA;ABEPURA;WAE;migrate;24,00;CustomerAssign;bima_customerassign_date tersedia (durasi negatif di-clamp ke 0 = Comply);203,49;Not Comply
202603;TREG 2;PRIANGAN BARAT;CIBINONG;CLS;migrate;24,00;CustomerAssign;bima_customerassign_date tersedia (durasi negatif di-clamp ke 0 = Comply);0,00;Comply
202603;TREG 1;SUMUT;BINJAI;BJI;migrate;24,00;CustomerAssign;bima_customerassign_date tersedia (durasi negatif di-clamp ke 0 = Comply);11,55;Comply
202603;TREG 2;PRIANGAN BARAT;SENTUL;CSR;migrate;24,00;CustomerAssign;bima_customerassign_date tersedia (durasi negatif di-clamp ke 0 = Comply);35,62;Not Comply
202603;TREG 2;PRIANGAN BARAT;CIBINONG;CBI;migrate;24,00;CustomerAssign;bima_customerassign_date tersedia (durasi negatif di-clamp ke 0 = Comply);11,68;Comply
202603;TREG 2;JAKARTA CENTRUM;JAKUT;TPR;migrate;24,00;CustomerAssign;bima_customerassign_date tersedia (durasi negatif di-clamp ke 0 = Comply);0,00;Comply
202603;TREG 1;LAMPUNG BENGKULU;LAMPUNG;NTR;migrate;24,00;CustomerAssign;bima_customerassign_date tersedia (durasi negatif di-clamp ke 0 = Comply);29,14;Not Comply
202603;TREG 5;SUMALUT;KOTAMOBAGO;KTG;migrate;24,00;CustomerAssign;bima_customerassign_date tersedia (durasi negatif di-clamp ke 0 = Comply);0,00;Comply
202603;TREG 2;JAKARTA OUTER;JAKSEL;JAG;create;48,00;CustomerAssign;bima_customerassign_date tersedia (durasi negatif di-clamp ke 0 = Comply);84,93;Not Comply
202603;TREG 1;RIAU;RIDAR;PBB;migrate;24,00;CustomerAssign;bima_customerassign_date tersedia (durasi negatif di-clamp ke 0 = Comply);0,00;Comply
202603;TREG 3;BALI;GIANYAR;UBU;create;48,00;CustomerAssign;bima_customerassign_date tersedia (durasi negatif di-clamp ke 0 = Comply);133,54;Not Comply
202603;TREG 1;RIAU;RIDAR;PBB;migrate;24,00;CustomerAssign;bima_customerassign_date tersedia (durasi negatif di-clamp ke 0 = Comply);0,00;Comply
202603;TREG 1;SUMBAGSEL;LUBUK LINGGAU;LHT;migrate;24,00;CustomerAssign;bima_customerassign_date tersedia (durasi negatif di-clamp ke 0 = Comply);113,26;Not Comply
202603;TREG 4;KALTIMTARA;BONTANG;STT;migrate;24,00;CustomerAssign;bima_customerassign_date tersedia (durasi negatif di-clamp ke 0 = Comply);120,32;Not Comply
202603;TREG 1;SUMUT;MEDAN;MDC;migrate;24,00;CustomerAssign;bima_customerassign_date tersedia (durasi negatif di-clamp ke 0 = Comply);48,71;Not Comply
202603;TREG 1;ACEH;LANGSA;KSG;migrate;24,00;CustomerAssign;bima_customerassign_date tersedia (durasi negatif di-clamp ke 0 = Comply);190,71;Not Comply
202603;TREG 5;PAPUA;MERAUKE;MRK;migrate;24,00;CustomerAssign;bima_customerassign_date tersedia (durasi negatif di-clamp ke 0 = Comply);67,71;Not Comply
202603;TREG 5;SUMALUT;TUAL;SML;migrate;24,00;CustomerAssign;bima_customerassign_date tersedia (durasi negatif di-clamp ke 0 = Comply);96,74;Not Comply
202603;TREG 5;SULBAGSEL;MAMUJU;MAJ;migrate;24,00;CustomerAssign;bima_customerassign_date tersedia (durasi negatif di-clamp ke 0 = Comply);0,00;Comply
202603;TREG 3;SURAMADU;GRESIK;SDY;migrate;24,00;CustomerAssign;bima_customerassign_date tersedia (durasi negatif di-clamp ke 0 = Comply);139,88;Not Comply
202603;TREG 2;PRIANGAN BARAT;DEPOK;SKJ;migrate;24,00;CustomerAssign;bima_customerassign_date tersedia (durasi negatif di-clamp ke 0 = Comply);20,21;Comply
202603;TREG 2;JAKARTA OUTER;JAKTIM;JTN;migrate;24,00;CustomerAssign;bima_customerassign_date tersedia (durasi negatif di-clamp ke 0 = Comply);42,30;Not Comply
202603;TREG 4;KALTIMTARA;BONTANG;LKT;migrate;24,00;CustomerAssign;bima_customerassign_date tersedia (durasi negatif di-clamp ke 0 = Comply);114,39;Not Comply
202603;TREG 4;KALSELTENG;TANJUNG TABALONG;BRI;migrate;24,00;CustomerAssign;bima_customerassign_date tersedia (durasi negatif di-clamp ke 0 = Comply);164,68;Not Comply
202603;TREG 3;SURAMADU;SURABAYA UTARA;TNS;migrate;24,00;CustomerAssign;bima_customerassign_date tersedia (durasi negatif di-clamp ke 0 = Comply);18,80;Comply
202603;TREG 4;KALSELTENG;BANJARBARU;LUL;migrate;24,00;CustomerAssign;bima_customerassign_date tersedia (durasi negatif di-clamp ke 0 = Comply);1,92;Comply
202603;TREG 1;RIAU;BANGKINANG;ARK;migrate;24,00;CustomerAssign;bima_customerassign_date tersedia (durasi negatif di-clamp ke 0 = Comply);93,06;Not Comply
202603;TREG 3;YOGYA JATENG SELATAN;YOGYAKARTA;KEN;create;48,00;CustomerAssign;bima_customerassign_date tersedia (durasi negatif di-clamp ke 0 = Comply);2,27;Comply
202603;TREG 2;BANTEN;CIPUTAT;CPA;migrate;24,00;CustomerAssign;bima_customerassign_date tersedia (durasi negatif di-clamp ke 0 = Comply);50,45;Not Comply
202603;TREG 2;JAKARTA CENTRUM;JAKUT;KTZ;migrate;24,00;CustomerAssign;bima_customerassign_date tersedia (durasi negatif di-clamp ke 0 = Comply);194,46;Not Comply
202603;TREG 4;KALSELTENG;PANGKALAN BUN;PBU;migrate;24,00;CustomerAssign;bima_customerassign_date tersedia (durasi negatif di-clamp ke 0 = Comply);26,59;Not Comply
202603;TREG 4;KALSELTENG;BANJARMASIN;KYG;create;48,00;CustomerAssign;bima_customerassign_date tersedia (durasi negatif di-clamp ke 0 = Comply);0,00;Comply
202603;TREG 2;PRIANGAN TIMUR;KUNINGAN;CLI;migrate;24,00;CustomerAssign;bima_customerassign_date tersedia (durasi negatif di-clamp ke 0 = Comply);0,00;Comply
202603;TREG 2;JAKARTA OUTER;JAKTIM;JTN;create;48,00;CustomerAssign;bima_customerassign_date tersedia (durasi negatif di-clamp ke 0 = Comply);0,00;Comply
202603;TREG 2;JAKARTA CENTRUM;JAKPUS;CPP;migrate;24,00;CustomerAssign;bima_customerassign_date tersedia (durasi negatif di-clamp ke 0 = Comply);0,00;Comply
202603;TREG 4;KALSELTENG;BANJARMASIN;ULI;migrate;24,00;CustomerAssign;bima_customerassign_date tersedia (durasi negatif di-clamp ke 0 = Comply);0,00;Comply
202603;TREG 4;KALSELTENG;BANJARMASIN;BJM;migrate;24,00;CustomerAssign;bima_customerassign_date tersedia (durasi negatif di-clamp ke 0 = Comply);47,54;Not Comply
202603;TREG 2;BANDUNG;BANDUNG;LBG;create;48,00;CustomerAssign;bima_customerassign_date tersedia (durasi negatif di-clamp ke 0 = Comply);4,57;Comply
202603;TREG 4;KALSELTENG;TANJUNG TABALONG;NEG;create;48,00;CustomerAssign;bima_customerassign_date tersedia (durasi negatif di-clamp ke 0 = Comply);5,01;Comply
202603;TREG 2;JAKARTA OUTER;JAKTIM;GAN;migrate;24,00;CustomerAssign;bima_customerassign_date tersedia (durasi negatif di-clamp ke 0 = Comply);5,10;Comply
202603;TREG 4;KALTIMTARA;SAMARINDA;SMR;migrate;24,00;CustomerAssign;bima_customerassign_date tersedia (durasi negatif di-clamp ke 0 = Comply);0,15;Comply
202603;TREG 2;BANDUNG;SOREANG;MJY;migrate;24,00;CustomerAssign;bima_customerassign_date tersedia (durasi negatif di-clamp ke 0 = Comply);0,00;Comply
202603;TREG 2;JAKARTA OUTER;JAKSEL;TBE;create;48,00;CustomerAssign;bima_customerassign_date tersedia (durasi negatif di-clamp ke 0 = Comply);48,18;Not Comply
202603;TREG 2;PRIANGAN BARAT;DEPOK;DEP;create;48,00;CustomerAssign;bima_customerassign_date tersedia (durasi negatif di-clamp ke 0 = Comply);0,00;Comply
202603;TREG 2;JAKARTA INNER;JAKBAR;CKG;migrate;24,00;CustomerAssign;bima_customerassign_date tersedia (durasi negatif di-clamp ke 0 = Comply);29,28;Not Comply
202603;TREG 4;KALTIMTARA;MELAK;SBR;create;48,00;CustomerAssign;bima_customerassign_date tersedia (durasi negatif di-clamp ke 0 = Comply);53,49;Not Comply
202603;TREG 4;KALTIMTARA;SAMARINDA;SMR;migrate;24,00;CustomerAssign;bima_customerassign_date tersedia (durasi negatif di-clamp ke 0 = Comply);0,00;Comply
202603;TREG 4;KALBAR;PONTIANAK;PTK;migrate;24,00;CustomerAssign;bima_customerassign_date tersedia (durasi negatif di-clamp ke 0 = Comply);0,00;Comply
202603;TREG 5;SUMALUT;MENADO;PIK;migrate;24,00;CustomerAssign;bima_customerassign_date tersedia (durasi negatif di-clamp ke 0 = Comply);0,00;Comply
202603;TREG 3;BALI;SINGARAJA;SGR;migrate;24,00;PI;bima_customerassign_date kosong → pakai orca_pi_date (durasi negatif di-clamp ke 0 = Comply);76,05;Not Comply
202603;TREG 2;JAKARTA OUTER;JAKTIM;GAN;migrate;24,00;CustomerAssign;bima_customerassign_date tersedia (durasi negatif di-clamp ke 0 = Comply);5,72;Comply
202603;TREG 2;BEKASI KARAWANG;BEKASI;KRA;create;48,00;CustomerAssign;bima_customerassign_date tersedia (durasi negatif di-clamp ke 0 = Comply);5,77;Comply
202603;TREG 4;KALSELTENG;SAMPIT;SAI;migrate;24,00;CustomerAssign;bima_customerassign_date tersedia (durasi negatif di-clamp ke 0 = Comply);77,83;Not Comply
202603;TREG 2;BANTEN;PASAR BARU;PSK;migrate;24,00;CustomerAssign;bima_customerassign_date tersedia (durasi negatif di-clamp ke 0 = Comply);0,00;Comply
202603;TREG 2;JAKARTA OUTER;JAKTIM;CWA;migrate;24,00;CustomerAssign;bima_customerassign_date tersedia (durasi negatif di-clamp ke 0 = Comply);1,05;Comply
202603;TREG 5;SULBAGTENG;PALU;TWL;migrate;24,00;CustomerAssign;bima_customerassign_date tersedia (durasi negatif di-clamp ke 0 = Comply);215,19;Not Comply
202603;TREG 1;RIAU;TANJUNGBALAI KARIMUN;SYA;migrate;24,00;CustomerAssign;bima_customerassign_date tersedia (durasi negatif di-clamp ke 0 = Comply);6,23;Comply
202603;TREG 4;KALTIMTARA;SAMARINDA;SMR;migrate;24,00;CustomerAssign;bima_customerassign_date tersedia (durasi negatif di-clamp ke 0 = Comply);143,23;Not Comply
202603;TREG 2;BEKASI KARAWANG;BEKASI;KLB;migrate;24,00;CustomerAssign;bima_customerassign_date tersedia (durasi negatif di-clamp ke 0 = Comply);1,26;Comply
202603;TREG 2;BANDUNG;BANDUNG;TRG;create;48,00;CustomerAssign;bima_customerassign_date tersedia (durasi negatif di-clamp ke 0 = Comply);6,31;Comply
202603;TREG 2;JAKARTA OUTER;JAKSEL;BIN;migrate;24,00;CustomerAssign;bima_customerassign_date tersedia (durasi negatif di-clamp ke 0 = Comply);6,62;Comply
202603;TREG 4;KALTIMTARA;SAMARINDA;TMD;migrate;24,00;CustomerAssign;bima_customerassign_date tersedia (durasi negatif di-clamp ke 0 = Comply);6,74;Comply
202603;TREG 3;BALI;DENPASAR SELATAN;BNO;create;48,00;CustomerAssign;bima_customerassign_date tersedia (durasi negatif di-clamp ke 0 = Comply);102,85;Not Comply
202603;TREG 4;KALTIMTARA;SAMARINDA;SMR;migrate;24,00;CustomerAssign;bima_customerassign_date tersedia (durasi negatif di-clamp ke 0 = Comply);6,87;Comply
202603;TREG 2;BEKASI KARAWANG;KARAWANG;KRW;migrate;24,00;CustomerAssign;bima_customerassign_date tersedia (durasi negatif di-clamp ke 0 = Comply);174,97;Not Comply
202603;TREG 2;JAKARTA OUTER;JAKTIM;GAN;migrate;24,00;CustomerAssign;bima_customerassign_date tersedia (durasi negatif di-clamp ke 0 = Comply);7,02;Comply
202603;TREG 1;SUMUT;RANTAU PRAPAT;KPI;migrate;24,00;CustomerAssign;bima_customerassign_date tersedia (durasi negatif di-clamp ke 0 = Comply);96,02;Not Comply
202603;TREG 4;KALTIMTARA;SAMARINDA;LOB;create;48,00;CustomerAssign;bima_customerassign_date tersedia (durasi negatif di-clamp ke 0 = Comply);7,03;Comply
202603;TREG 1;ACEH;MEULABOH;MBO;migrate;24,00;CustomerAssign;bima_customerassign_date tersedia (durasi negatif di-clamp ke 0 = Comply);7,04;Comply
202603;TREG 2;BEKASI KARAWANG;BEKASI;PKY;create;48,00;CustomerAssign;bima_customerassign_date tersedia (durasi negatif di-clamp ke 0 = Comply);7,07;Comply
202603;TREG 1;ACEH;ACEH;LBR;migrate;24,00;CustomerAssign;bima_customerassign_date tersedia (durasi negatif di-clamp ke 0 = Comply);578,08;Not Comply
202603;TREG 3;JATIM TIMUR;TANGGUL;PUG;create;48,00;CustomerAssign;bima_customerassign_date tersedia (durasi negatif di-clamp ke 0 = Comply);50,11;Not Comply
202603;TREG 4;BALIKPAPAN;TANAHGROGOT;KRO;migrate;24,00;CustomerAssign;bima_customerassign_date tersedia (durasi negatif di-clamp ke 0 = Comply);0,00;Comply
202603;TREG 3;YOGYA JATENG SELATAN;PURWOKERTO;PWT;migrate;24,00;CustomerAssign;bima_customerassign_date tersedia (durasi negatif di-clamp ke 0 = Comply);103,23;Not Comply
202603;TREG 3;YOGYA JATENG SELATAN;PURWOKERTO;PWT;migrate;24,00;CustomerAssign;bima_customerassign_date tersedia (durasi negatif di-clamp ke 0 = Comply);144,24;Not Comply
202603;TREG 1;RIAU;DUMAI;DRI;migrate;24,00;CustomerAssign;bima_customerassign_date tersedia (durasi negatif di-clamp ke 0 = Comply);127,25;Not Comply
202603;TREG 4;BALIKPAPAN;BALIKPAPAN;BRU;create;48,00;CustomerAssign;bima_customerassign_date tersedia (durasi negatif di-clamp ke 0 = Comply);0,00;Comply
202603;TREG 2;JAKARTA OUTER;JAKTIM;CWA;migrate;24,00;CustomerAssign;bima_customerassign_date tersedia (durasi negatif di-clamp ke 0 = Comply);2,29;Comply
202603;TREG 1;SUMUT;KISARAN;KIS;migrate;24,00;CustomerAssign;bima_customerassign_date tersedia (durasi negatif di-clamp ke 0 = Comply);144,32;Not Comply
202603;TREG 3;JATIM BARAT;MALANG;BLB;migrate;24,00;CustomerAssign;bima_customerassign_date tersedia (durasi negatif di-clamp ke 0 = Comply);0,00;Comply
202603;TREG 3;BALI;SINGARAJA;SGR;migrate;24,00;CustomerAssign;bima_customerassign_date tersedia (durasi negatif di-clamp ke 0 = Comply);314,40;Not Comply
202603;TREG 2;BEKASI KARAWANG;KARAWANG;RDK;migrate;24,00;CustomerAssign;bima_customerassign_date tersedia (durasi negatif di-clamp ke 0 = Comply);7,42;Comply
202603;TREG 1;RIAU;RIKEP;BTC;migrate;24,00;CustomerAssign;bima_customerassign_date tersedia (durasi negatif di-clamp ke 0 = Comply);0,00;Comply
202603;TREG 2;BANTEN;LENGKONG;LGK;migrate;24,00;CustomerAssign;bima_customerassign_date tersedia (durasi negatif di-clamp ke 0 = Comply);50,43;Not Comply
202603;TREG 2;JAKARTA OUTER;JAKSEL;CPE;migrate;24,00;CustomerAssign;bima_customerassign_date tersedia (durasi negatif di-clamp ke 0 = Comply);2,45;Comply
202603;TREG 4;KALTIMTARA;MELAK;TGG;create;48,00;CustomerAssign;bima_customerassign_date tersedia (durasi negatif di-clamp ke 0 = Comply);0,00;Comply
202603;TREG 2;BEKASI KARAWANG;CIKARANG;CIK;migrate;24,00;CustomerAssign;bima_customerassign_date tersedia (durasi negatif di-clamp ke 0 = Comply);7,59;Comply
202603;TREG 2;JAKARTA INNER;JAKBAR;CKG;create;48,00;CustomerAssign;bima_customerassign_date tersedia (durasi negatif di-clamp ke 0 = Comply);144,88;Not Comply
202603;TREG 2;JAKARTA OUTER;JAKSEL;KBY;create;48,00;CustomerAssign;bima_customerassign_date tersedia (durasi negatif di-clamp ke 0 = Comply);2,91;Comply
202603;TREG 4;KALTIMTARA;SAMARINDA;LOB;migrate;24,00;CustomerAssign;bima_customerassign_date tersedia (durasi negatif di-clamp ke 0 = Comply);74,96;Not Comply
202603;TREG 2;JAKARTA OUTER;JAKTIM;PGG;migrate;24,00;CustomerAssign;bima_customerassign_date tersedia (durasi negatif di-clamp ke 0 = Comply);3,00;Comply
202603;TREG 1;SUMUT;BINJAI;BJI;create;48,00;PI;bima_customerassign_date kosong → pakai orca_pi_date (durasi negatif di-clamp ke 0 = Comply);64,93;Not Comply
202603;TREG 4;KALSELTENG;TANJUNG TABALONG;TJL;migrate;24,00;CustomerAssign;bima_customerassign_date tersedia (durasi negatif di-clamp ke 0 = Comply);0,00;Comply
202603;TREG 4;KALSELTENG;BANJARMASIN;BJM;migrate;24,00;CustomerAssign;bima_customerassign_date tersedia (durasi negatif di-clamp ke 0 = Comply);0,00;Comply
202603;TREG 1;SUMUT;BINJAI;BJI;migrate;24,00;CustomerAssign;bima_customerassign_date tersedia (durasi negatif di-clamp ke 0 = Comply);56,15;Not Comply
202603;TREG 2;BANTEN;CIKUPA;TJO;create;48,00;CustomerAssign;bima_customerassign_date tersedia (durasi negatif di-clamp ke 0 = Comply);3,19;Comply
202603;TREG 1;SUMUT;MEDAN;SPM;migrate;24,00;CustomerAssign;bima_customerassign_date tersedia (durasi negatif di-clamp ke 0 = Comply);3,19;Comply
202603;TREG 4;KALSELTENG;BANJARBARU;LUL;create;48,00;CustomerAssign;bima_customerassign_date tersedia (durasi negatif di-clamp ke 0 = Comply);0,00;Comply
202603;TREG 5;SULBAGSEL;MAKASSAR;PNK;create;48,00;CustomerAssign;bima_customerassign_date tersedia (durasi negatif di-clamp ke 0 = Comply);80,54;Not Comply
202603;TREG 4;KALBAR;PONTIANAK;PTK;migrate;24,00;CustomerAssign;bima_customerassign_date tersedia (durasi negatif di-clamp ke 0 = Comply);0,00;Comply
202603;TREG 4;KALSELTENG;BANJARBARU;BBR;migrate;24,00;CustomerAssign;bima_customerassign_date tersedia (durasi negatif di-clamp ke 0 = Comply);75,59;Not Comply
202603;TREG 5;PAPUA;SENTANI;SNI;migrate;24,00;CustomerAssign;bima_customerassign_date tersedia (durasi negatif di-clamp ke 0 = Comply);32,62;Not Comply
202603;TREG 1;LAMPUNG BENGKULU;LAMPUNG;TJK;migrate;24,00;PI;bima_customerassign_date kosong → pakai orca_pi_date (durasi negatif di-clamp ke 0 = Comply);96,04;Not Comply
202603;TREG 2;BANTEN;PASAR BARU;CPD;migrate;24,00;CustomerAssign;bima_customerassign_date tersedia (durasi negatif di-clamp ke 0 = Comply);8,73;Comply
202603;TREG 4;BALIKPAPAN;BALIKPAPAN;BRU;migrate;24,00;CustomerAssign;bima_customerassign_date tersedia (durasi negatif di-clamp ke 0 = Comply);0,00;Comply
202603;TREG 2;BANTEN;LENGKONG;LKG;migrate;24,00;CustomerAssign;bima_customerassign_date tersedia (durasi negatif di-clamp ke 0 = Comply);0,00;Comply
202603;TREG 2;JAKARTA OUTER;JAKSEL;KMG;migrate;24,00;CustomerAssign;bima_customerassign_date tersedia (durasi negatif di-clamp ke 0 = Comply);32,80;Not Comply
202603;TREG 2;BEKASI KARAWANG;KARAWANG;KRW;migrate;24,00;CustomerAssign;bima_customerassign_date tersedia (durasi negatif di-clamp ke 0 = Comply);176,82;Not Comply
202603;TREG 1;RIAU;BANGKINANG;RBI;migrate;24,00;CustomerAssign;bima_customerassign_date tersedia (durasi negatif di-clamp ke 0 = Comply);25,85;Not Comply
202603;TREG 2;JAKARTA OUTER;JAKSEL;JAG;create;48,00;CustomerAssign;bima_customerassign_date tersedia (durasi negatif di-clamp ke 0 = Comply);8,86;Comply
202603;TREG 4;BALIKPAPAN;BALIKPAPAN;MGG;migrate;24,00;CustomerAssign;bima_customerassign_date tersedia (durasi negatif di-clamp ke 0 = Comply);0,00;Comply
202603;TREG 2;JAKARTA INNER;JAKBAR;SLP;migrate;24,00;CustomerAssign;bima_customerassign_date tersedia (durasi negatif di-clamp ke 0 = Comply);56,98;Not Comply
202603;TREG 3;JATIM TIMUR;JOMBANG;MOJ;migrate;24,00;CustomerAssign;bima_customerassign_date tersedia (durasi negatif di-clamp ke 0 = Comply);52,05;Not Comply
202603;TREG 2;BANDUNG;BANDUNG;GGK;create;48,00;CustomerAssign;bima_customerassign_date tersedia (durasi negatif di-clamp ke 0 = Comply);9,27;Comply
202603;TREG 3;SEMARANG JATENG UTARA;SEMARANG;JHR;migrate;24,00;CustomerAssign;bima_customerassign_date tersedia (durasi negatif di-clamp ke 0 = Comply);0,00;Comply
202603;TREG 4;KALSELTENG;BATULICIN;STI;migrate;24,00;CustomerAssign;bima_customerassign_date tersedia (durasi negatif di-clamp ke 0 = Comply);148,76;Not Comply
202603;TREG 2;JAKARTA CENTRUM;JAKUT;KLG;create;48,00;CustomerAssign;bima_customerassign_date tersedia (durasi negatif di-clamp ke 0 = Comply);2,84;Comply
202603;TREG 2;JAKARTA CENTRUM;JAKPUS;KMY;migrate;24,00;CustomerAssign;bima_customerassign_date tersedia (durasi negatif di-clamp ke 0 = Comply);0,00;Comply
202603;TREG 2;BEKASI KARAWANG;SUBANG;SUB;migrate;24,00;CustomerAssign;bima_customerassign_date tersedia (durasi negatif di-clamp ke 0 = Comply);9,94;Comply
202603;TREG 3;SOLO JATENG TIMUR;SOLO;SOP;create;48,00;CustomerAssign;bima_customerassign_date tersedia (durasi negatif di-clamp ke 0 = Comply);3,18;Comply
202603;TREG 2;BANDUNG;BANDUNG;LBG;migrate;24,00;CustomerAssign;bima_customerassign_date tersedia (durasi negatif di-clamp ke 0 = Comply);58,65;Not Comply
202603;TREG 2;JAKARTA INNER;JAKBAR;SMI;migrate;24,00;CustomerAssign;bima_customerassign_date tersedia (durasi negatif di-clamp ke 0 = Comply);10,86;Comply
202603;TREG 2;BANTEN;CIKUPA;CKA;create;48,00;CustomerAssign;bima_customerassign_date tersedia (durasi negatif di-clamp ke 0 = Comply);10,88;Comply
202603;TREG 2;BANTEN;CIPUTAT;CPA;migrate;24,00;CustomerAssign;bima_customerassign_date tersedia (durasi negatif di-clamp ke 0 = Comply);27,98;Not Comply
202603;TREG 2;PRIANGAN BARAT;DEPOK;SKJ;create;48,00;CustomerAssign;bima_customerassign_date tersedia (durasi negatif di-clamp ke 0 = Comply);0,00;Comply
202603;TREG 2;JAKARTA INNER;JAKBAR;CKG;migrate;24,00;CustomerAssign;bima_customerassign_date tersedia (durasi negatif di-clamp ke 0 = Comply);30,16;Not Comply
202603;TREG 3;JATIM BARAT;MADIUN;MNZ;migrate;24,00;CustomerAssign;bima_customerassign_date tersedia (durasi negatif di-clamp ke 0 = Comply);107,20;Not Comply
202603;TREG 2;JAKARTA INNER;JAKBAR;PLM;migrate;24,00;CustomerAssign;bima_customerassign_date tersedia (durasi negatif di-clamp ke 0 = Comply);4,26;Comply
202603;TREG 3;JATIM BARAT;MALANG;GDG;migrate;24,00;CustomerAssign;bima_customerassign_date tersedia (durasi negatif di-clamp ke 0 = Comply);4,46;Comply
202603;TREG 4;KALSELTENG;BATULICIN;PGT;migrate;24,00;CustomerAssign;bima_customerassign_date tersedia (durasi negatif di-clamp ke 0 = Comply);0,00;Comply
202603;TREG 4;KALSELTENG;BANJARBARU;LUL;migrate;24,00;CustomerAssign;bima_customerassign_date tersedia (durasi negatif di-clamp ke 0 = Comply);4,55;Comply
202603;TREG 3;BALI;SINGARAJA;SGR;migrate;24,00;CustomerAssign;bima_customerassign_date tersedia (durasi negatif di-clamp ke 0 = Comply);366,56;Not Comply
202603;TREG 2;BEKASI KARAWANG;BEKASI;PKY;migrate;24,00;CustomerAssign;bima_customerassign_date tersedia (durasi negatif di-clamp ke 0 = Comply);35,77;Not Comply
202603;TREG 2;JAKARTA CENTRUM;JAKPUS;CPP;migrate;24,00;CustomerAssign;bima_customerassign_date tersedia (durasi negatif di-clamp ke 0 = Comply);0,00;Comply
202603;TREG 3;SOLO JATENG TIMUR;KUDUS;KUD;migrate;24,00;CustomerAssign;bima_customerassign_date tersedia (durasi negatif di-clamp ke 0 = Comply);7,24;Comply
202603;TREG 2;JAKARTA INNER;JAKBAR;CKG;migrate;24,00;CustomerAssign;bima_customerassign_date tersedia (durasi negatif di-clamp ke 0 = Comply);103,26;Not Comply
202603;TREG 2;PRIANGAN TIMUR;TASIKMALAYA;TSM;migrate;24,00;CustomerAssign;bima_customerassign_date tersedia (durasi negatif di-clamp ke 0 = Comply);7,38;Comply
202603;TREG 2;JAKARTA CENTRUM;JAKPUS;CID;migrate;24,00;CustomerAssign;bima_customerassign_date tersedia (durasi negatif di-clamp ke 0 = Comply);0,00;Comply
202603;TREG 3;NUSA TENGGARA;NTB;MTR;migrate;24,00;CustomerAssign;bima_customerassign_date tersedia (durasi negatif di-clamp ke 0 = Comply);0,00;Comply
202603;TREG 3;SURAMADU;SURABAYA UTARA;KNN;migrate;24,00;CustomerAssign;bima_customerassign_date tersedia (durasi negatif di-clamp ke 0 = Comply);0,00;Comply
202603;TREG 3;SURAMADU;SURABAYA UTARA;KLN;migrate;24,00;CustomerAssign;bima_customerassign_date tersedia (durasi negatif di-clamp ke 0 = Comply);0,00;Comply
202603;TREG 2;JAKARTA OUTER;JAKTIM;KRG;migrate;24,00;CustomerAssign;bima_customerassign_date tersedia (durasi negatif di-clamp ke 0 = Comply);12,79;Comply
202603;TREG 2;JAKARTA OUTER;JAKTIM;KRG;migrate;24,00;CustomerAssign;bima_customerassign_date tersedia (durasi negatif di-clamp ke 0 = Comply);0,00;Comply
202603;TREG 2;PRIANGAN BARAT;SUKABUMI;SKB;migrate;24,00;PI;bima_customerassign_date kosong → pakai orca_pi_date (durasi negatif di-clamp ke 0 = Comply);58,95;Not Comply
202603;TREG 1;SUMBAGSEL;SUMSEL;TLK;migrate;24,00;CustomerAssign;bima_customerassign_date tersedia (durasi negatif di-clamp ke 0 = Comply);37,37;Not Comply
202603;TREG 2;JAKARTA INNER;JAKBAR;CKG;migrate;24,00;CustomerAssign;bima_customerassign_date tersedia (durasi negatif di-clamp ke 0 = Comply);320,52;Not Comply
202603;TREG 2;PRIANGAN TIMUR;TASIKMALAYA;TSM;migrate;24,00;CustomerAssign;bima_customerassign_date tersedia (durasi negatif di-clamp ke 0 = Comply);8,53;Comply
202603;TREG 2;JAKARTA INNER;JAKBAR;CKG;migrate;24,00;CustomerAssign;bima_customerassign_date tersedia (durasi negatif di-clamp ke 0 = Comply);0,00;Comply
202603;TREG 2;BANDUNG;PADALARANG;LEM;create;48,00;CustomerAssign;bima_customerassign_date tersedia (durasi negatif di-clamp ke 0 = Comply);6,61;Comply
202603;TREG 2;JAKARTA OUTER;JAKSEL;BIN;migrate;24,00;CustomerAssign;bima_customerassign_date tersedia (durasi negatif di-clamp ke 0 = Comply);0,00;Comply
202603;TREG 1;SUMBAR JAMBI;SUMBAR;KJI;migrate;24,00;PI;bima_customerassign_date kosong → pakai orca_pi_date (durasi negatif di-clamp ke 0 = Comply);13,45;Comply
202603;TREG 1;RIAU;RIKEP;BTC;migrate;24,00;CustomerAssign;bima_customerassign_date tersedia (durasi negatif di-clamp ke 0 = Comply);8,16;Comply
202603;TREG 2;JAKARTA OUTER;JAKTIM;PGB;migrate;24,00;CustomerAssign;bima_customerassign_date tersedia (durasi negatif di-clamp ke 0 = Comply);17,04;Comply
202603;TREG 2;BEKASI KARAWANG;CIKARANG;BGG;migrate;24,00;CustomerAssign;bima_customerassign_date tersedia (durasi negatif di-clamp ke 0 = Comply);19,07;Comply
202603;TREG 2;BEKASI KARAWANG;BEKASI;PKY;migrate;24,00;CustomerAssign;bima_customerassign_date tersedia (durasi negatif di-clamp ke 0 = Comply);115,11;Not Comply
202603;TREG 2;BEKASI KARAWANG;BEKASI;PKY;migrate;24,00;CustomerAssign;bima_customerassign_date tersedia (durasi negatif di-clamp ke 0 = Comply);72,39;Not Comply
202603;TREG 4;KALSELTENG;BANJARMASIN;BJM;migrate;24,00;CustomerAssign;bima_customerassign_date tersedia (durasi negatif di-clamp ke 0 = Comply);0,00;Comply
202603;TREG 2;PRIANGAN BARAT;DEPOK;CSL;migrate;24,00;CustomerAssign;bima_customerassign_date tersedia (durasi negatif di-clamp ke 0 = Comply);19,65;Comply
202603;TREG 5;SULBAGSEL;GOWA;SUG;create;48,00;CustomerAssign;bima_customerassign_date tersedia (durasi negatif di-clamp ke 0 = Comply);0,00;Comply
202603;TREG 3;JATIM TIMUR;BANYUWANGI;RGJ;create;48,00;CustomerAssign;bima_customerassign_date tersedia (durasi negatif di-clamp ke 0 = Comply);24,88;Comply
202603;TREG 4;KALTIMTARA;BONTANG;STT;migrate;24,00;CustomerAssign;bima_customerassign_date tersedia (durasi negatif di-clamp ke 0 = Comply);281,94;Not Comply
202603;TREG 4;KALTIMTARA;SAMARINDA;LMP;migrate;24,00;CustomerAssign;bima_customerassign_date tersedia (durasi negatif di-clamp ke 0 = Comply);164,00;Not Comply
202603;TREG 1;ACEH;LANGSA;LGS;migrate;24,00;CustomerAssign;bima_customerassign_date tersedia (durasi negatif di-clamp ke 0 = Comply);234,05;Not Comply
202603;TREG 3;SURAMADU;SURABAYA UTARA;TNS;migrate;24,00;CustomerAssign;bima_customerassign_date tersedia (durasi negatif di-clamp ke 0 = Comply);23,42;Comply
202603;TREG 5;SULBAGSEL;MAKASSAR;BAL;migrate;24,00;CustomerAssign;bima_customerassign_date tersedia (durasi negatif di-clamp ke 0 = Comply);236,44;Not Comply
202603;TREG 4;KALTIMTARA;MELAK;MLA;migrate;24,00;CustomerAssign;bima_customerassign_date tersedia (durasi negatif di-clamp ke 0 = Comply);1,44;Comply
202603;TREG 4;KALTIMTARA;TARAKAN;TRK;migrate;24,00;CustomerAssign;bima_customerassign_date tersedia (durasi negatif di-clamp ke 0 = Comply);68,49;Not Comply
202603;TREG 5;SULBAGSEL;BONE;WTP;migrate;24,00;CustomerAssign;bima_customerassign_date tersedia (durasi negatif di-clamp ke 0 = Comply);404,51;Not Comply
202603;TREG 2;PRIANGAN BARAT;SINDANGLAYA;SDL;migrate;24,00;CustomerAssign;bima_customerassign_date tersedia (durasi negatif di-clamp ke 0 = Comply);1,53;Comply
202603;TREG 1;SUMBAGSEL;BELITUNG;TJN;migrate;24,00;CustomerAssign;bima_customerassign_date tersedia (durasi negatif di-clamp ke 0 = Comply);20,70;Comply
202603;TREG 4;KALTIMTARA;MELAK;SBR;create;48,00;CustomerAssign;bima_customerassign_date tersedia (durasi negatif di-clamp ke 0 = Comply);26,04;Comply
202603;TREG 3;YOGYA JATENG SELATAN;PURWOKERTO;AJB;migrate;24,00;PI;bima_customerassign_date kosong → pakai orca_pi_date (durasi negatif di-clamp ke 0 = Comply);120,98;Not Comply
202603;TREG 4;KALBAR;SANGGAU;SGU;migrate;24,00;PI;bima_customerassign_date kosong → pakai orca_pi_date (durasi negatif di-clamp ke 0 = Comply);119,34;Not Comply
202603;TREG 3;YOGYA JATENG SELATAN;PURWOKERTO;PWT;migrate;24,00;CustomerAssign;bima_customerassign_date tersedia (durasi negatif di-clamp ke 0 = Comply);91,16;Not Comply
202603;TREG 1;ACEH;ACEH;LOA;migrate;24,00;PI;bima_customerassign_date kosong → pakai orca_pi_date (durasi negatif di-clamp ke 0 = Comply);91,88;Not Comply
202603;TREG 3;SURAMADU;SURABAYA UTARA;LKI;migrate;24,00;CustomerAssign;bima_customerassign_date tersedia (durasi negatif di-clamp ke 0 = Comply);69,23;Not Comply
202603;TREG 2;JAKARTA OUTER;JAKTIM;RMG;migrate;24,00;CustomerAssign;bima_customerassign_date tersedia (durasi negatif di-clamp ke 0 = Comply);19,23;Comply
202603;TREG 4;KALTIMTARA;SAMARINDA;LMP;create;48,00;CustomerAssign;bima_customerassign_date tersedia (durasi negatif di-clamp ke 0 = Comply);170,24;Not Comply
202603;TREG 4;KALTIMTARA;BONTANG;STT;migrate;24,00;CustomerAssign;bima_customerassign_date tersedia (durasi negatif di-clamp ke 0 = Comply);0,00;Comply
202603;TREG 3;YOGYA JATENG SELATAN;YOGYAKARTA;KGD;migrate;24,00;CustomerAssign;bima_customerassign_date tersedia (durasi negatif di-clamp ke 0 = Comply);0,00;Comply
202603;TREG 4;KALTIMTARA;BONTANG;LKT;migrate;24,00;CustomerAssign;bima_customerassign_date tersedia (durasi negatif di-clamp ke 0 = Comply);2,39;Comply
202603;TREG 2;PRIANGAN BARAT;CIBINONG;CLS;migrate;24,00;CustomerAssign;bima_customerassign_date tersedia (durasi negatif di-clamp ke 0 = Comply);2,54;Comply
202603;TREG 5;SULBAGSEL;MAROS;SUD;create;48,00;CustomerAssign;bima_customerassign_date tersedia (durasi negatif di-clamp ke 0 = Comply);237,54;Not Comply
202603;TREG 2;PRIANGAN BARAT;CIBINONG;CSN;create;48,00;CustomerAssign;bima_customerassign_date tersedia (durasi negatif di-clamp ke 0 = Comply);403,77;Not Comply
202603;TREG 3;JATIM TIMUR;PANDAAN;PDA;create;48,00;CustomerAssign;bima_customerassign_date tersedia (durasi negatif di-clamp ke 0 = Comply);19,93;Comply
202603;TREG 1;SUMBAGSEL;SUMSEL;SBU;migrate;24,00;CustomerAssign;bima_customerassign_date tersedia (durasi negatif di-clamp ke 0 = Comply);50,93;Not Comply
202603;TREG 5;SULBAGSEL;MAKASSAR;TMA;create;48,00;CustomerAssign;bima_customerassign_date tersedia (durasi negatif di-clamp ke 0 = Comply);0,00;Comply
202603;TREG 5;SULBAGTENG;PALU;TWL;create;48,00;PI;bima_customerassign_date kosong → pakai orca_pi_date (durasi negatif di-clamp ke 0 = Comply);116,19;Not Comply
202603;TREG 2;BANDUNG;BANDUNG BARAT;CMI;create;48,00;CustomerAssign;bima_customerassign_date tersedia (durasi negatif di-clamp ke 0 = Comply);0,00;Comply
202603;TREG 3;JATIM TIMUR;SIDOARJO;SPJ;create;48,00;CustomerAssign;bima_customerassign_date tersedia (durasi negatif di-clamp ke 0 = Comply);0,00;Comply
202603;TREG 4;KALTIMTARA;MELAK;SBR;create;48,00;CustomerAssign;bima_customerassign_date tersedia (durasi negatif di-clamp ke 0 = Comply);3,74;Comply
202603;TREG 3;YOGYA JATENG SELATAN;YOGYAKARTA;PGR;create;48,00;CustomerAssign;bima_customerassign_date tersedia (durasi negatif di-clamp ke 0 = Comply);3,83;Comply
202603;TREG 2;BANTEN;CILEGON;CLG;migrate;24,00;PI;bima_customerassign_date kosong → pakai orca_pi_date (durasi negatif di-clamp ke 0 = Comply);121,51;Not Comply
202603;TREG 3;BALI;DENPASAR SELATAN;NSD;migrate;24,00;PI;bima_customerassign_date kosong → pakai orca_pi_date (durasi negatif di-clamp ke 0 = Comply);100,33;Not Comply
202603;TREG 5;PAPUA;JAYAPURA;JAP;migrate;24,00;CustomerAssign;bima_customerassign_date tersedia (durasi negatif di-clamp ke 0 = Comply);0,00;Comply
202603;TREG 1;SUMBAR JAMBI;MUARA BUNGO;BKO;create;48,00;CustomerAssign;bima_customerassign_date tersedia (durasi negatif di-clamp ke 0 = Comply);76,50;Not Comply
202603;TREG 4;KALTIMTARA;BONTANG;LKT;migrate;24,00;CustomerAssign;bima_customerassign_date tersedia (durasi negatif di-clamp ke 0 = Comply);23,51;Comply
202603;TREG 4;KALSELTENG;MUARA TEWEH;MTW;migrate;24,00;CustomerAssign;bima_customerassign_date tersedia (durasi negatif di-clamp ke 0 = Comply);0,00;Comply
202603;TREG 3;SURAMADU;SURABAYA SELATAN;JGR;create;48,00;CustomerAssign;bima_customerassign_date tersedia (durasi negatif di-clamp ke 0 = Comply);4,67;Comply
202603;TREG 5;SULBAGSEL;GOWA;SUG;migrate;24,00;CustomerAssign;bima_customerassign_date tersedia (durasi negatif di-clamp ke 0 = Comply);0,00;Comply
202603;TREG 5;SULBAGSEL;KENDARI;MDG;migrate;24,00;CustomerAssign;bima_customerassign_date tersedia (durasi negatif di-clamp ke 0 = Comply);28,81;Not Comply
202603;TREG 1;RIAU;TANJUNGBALAI KARIMUN;TJT;migrate;24,00;CustomerAssign;bima_customerassign_date tersedia (durasi negatif di-clamp ke 0 = Comply);4,86;Comply
202603;TREG 4;KALSELTENG;BANJARBARU;BBR;create;48,00;CustomerAssign;bima_customerassign_date tersedia (durasi negatif di-clamp ke 0 = Comply);0,00;Comply
202603;TREG 2;JAKARTA CENTRUM;JAKUT;KLG;migrate;24,00;CustomerAssign;bima_customerassign_date tersedia (durasi negatif di-clamp ke 0 = Comply);0,00;Comply
202603;TREG 2;PRIANGAN BARAT;KUJANG;BOO;migrate;24,00;CustomerAssign;bima_customerassign_date tersedia (durasi negatif di-clamp ke 0 = Comply);168,37;Not Comply
202603;TREG 2;JAKARTA OUTER;JAKTIM;GAN;migrate;24,00;CustomerAssign;bima_customerassign_date tersedia (durasi negatif di-clamp ke 0 = Comply);0,00;Comply
202603;TREG 1;SUMBAR JAMBI;MUARA BUNGO;SPN;migrate;24,00;CustomerAssign;bima_customerassign_date tersedia (durasi negatif di-clamp ke 0 = Comply);456,52;Not Comply
202603;TREG 2;JAKARTA OUTER;JAKSEL;JAG;migrate;24,00;CustomerAssign;bima_customerassign_date tersedia (durasi negatif di-clamp ke 0 = Comply);0,00;Comply
202603;TREG 2;JAKARTA CENTRUM;JAKPUS;CPP;migrate;24,00;CustomerAssign;bima_customerassign_date tersedia (durasi negatif di-clamp ke 0 = Comply);5,61;Comply
202603;TREG 4;KALSELTENG;TANJUNG TABALONG;RTA;migrate;24,00;CustomerAssign;bima_customerassign_date tersedia (durasi negatif di-clamp ke 0 = Comply);29,73;Not Comply
202603;TREG 3;JATIM BARAT;KEPANJEN;KEP;migrate;24,00;CustomerAssign;bima_customerassign_date tersedia (durasi negatif di-clamp ke 0 = Comply);0,00;Comply
202603;TREG 3;SEMARANG JATENG UTARA;SEMARANG;MKG;create;48,00;CustomerAssign;bima_customerassign_date tersedia (durasi negatif di-clamp ke 0 = Comply);0,88;Comply
202603;TREG 4;KALSELTENG;BANJARMASIN;ULI;migrate;24,00;CustomerAssign;bima_customerassign_date tersedia (durasi negatif di-clamp ke 0 = Comply);0,00;Comply
202603;TREG 3;SOLO JATENG TIMUR;KLATEN;KLX;migrate;24,00;CustomerAssign;bima_customerassign_date tersedia (durasi negatif di-clamp ke 0 = Comply);25,00;Not Comply
202603;TREG 5;SULBAGTENG;MARISA;MRS;migrate;24,00;CustomerAssign;bima_customerassign_date tersedia (durasi negatif di-clamp ke 0 = Comply);78,09;Not Comply
202603;TREG 5;PAPUA BARAT;SORONG;SON;migrate;24,00;CustomerAssign;bima_customerassign_date tersedia (durasi negatif di-clamp ke 0 = Comply);0,00;Comply
202603;TREG 3;YOGYA JATENG SELATAN;YOGYAKARTA;BBS;create;48,00;CustomerAssign;bima_customerassign_date tersedia (durasi negatif di-clamp ke 0 = Comply);0,00;Comply
202603;TREG 1;SUMUT;MEDAN;CTD;migrate;24,00;CustomerAssign;bima_customerassign_date tersedia (durasi negatif di-clamp ke 0 = Comply);54,31;Not Comply
202603;TREG 2;JAKARTA INNER;JAKBAR;CKG;create;48,00;CustomerAssign;bima_customerassign_date tersedia (durasi negatif di-clamp ke 0 = Comply);0,00;Comply
202603;TREG 2;JAKARTA OUTER;JAKTIM;KLD;migrate;24,00;CustomerAssign;bima_customerassign_date tersedia (durasi negatif di-clamp ke 0 = Comply);0,00;Comply
202603;TREG 2;BANTEN;BANTEN;KMT;migrate;24,00;CustomerAssign;bima_customerassign_date tersedia (durasi negatif di-clamp ke 0 = Comply);6,46;Comply
202603;TREG 3;SOLO JATENG TIMUR;SOLO;KRT;migrate;24,00;CustomerAssign;bima_customerassign_date tersedia (durasi negatif di-clamp ke 0 = Comply);0,00;Comply
202603;TREG 2;JAKARTA CENTRUM;JAKPUS;CPP;migrate;24,00;CustomerAssign;bima_customerassign_date tersedia (durasi negatif di-clamp ke 0 = Comply);6,54;Comply
202603;TREG 2;BANTEN;LENGKONG;RMP;migrate;24,00;CustomerAssign;bima_customerassign_date tersedia (durasi negatif di-clamp ke 0 = Comply);54,61;Not Comply
202603;TREG 2;PRIANGAN TIMUR;CIREBON;CBN;migrate;24,00;CustomerAssign;bima_customerassign_date tersedia (durasi negatif di-clamp ke 0 = Comply);0,00;Comply
202603;TREG 1;SUMUT;MEDAN;CTD;create;48,00;CustomerAssign;bima_customerassign_date tersedia (durasi negatif di-clamp ke 0 = Comply);0,00;Comply
202603;TREG 3;SOLO JATENG TIMUR;SRAGEN;KAR;migrate;24,00;CustomerAssign;bima_customerassign_date tersedia (durasi negatif di-clamp ke 0 = Comply);78,89;Not Comply
202603;TREG 4;KALTIMTARA;BONTANG;BOT;migrate;24,00;CustomerAssign;bima_customerassign_date tersedia (durasi negatif di-clamp ke 0 = Comply);23,96;Comply
202603;TREG 2;JAKARTA OUTER;JAKTIM;JTN;migrate;24,00;CustomerAssign;bima_customerassign_date tersedia (durasi negatif di-clamp ke 0 = Comply);535,00;Not Comply
202603;TREG 2;PRIANGAN BARAT;KUJANG;BOO;migrate;24,00;CustomerAssign;bima_customerassign_date tersedia (durasi negatif di-clamp ke 0 = Comply);24,04;Not Comply
202603;TREG 4;KALTIMTARA;TARAKAN;JWT;create;48,00;CustomerAssign;bima_customerassign_date tersedia (durasi negatif di-clamp ke 0 = Comply);0,00;Comply
202603;TREG 3;YOGYA JATENG SELATAN;CILACAP;CLC;migrate;24,00;CustomerAssign;bima_customerassign_date tersedia (durasi negatif di-clamp ke 0 = Comply);218,10;Not Comply
202603;TREG 3;SOLO JATENG TIMUR;SOLO;KRT;migrate;24,00;CustomerAssign;bima_customerassign_date tersedia (durasi negatif di-clamp ke 0 = Comply);74,17;Not Comply
202603;TREG 4;KALTIMTARA;MELAK;MLA;migrate;24,00;CustomerAssign;bima_customerassign_date tersedia (durasi negatif di-clamp ke 0 = Comply);312,21;Not Comply
202603;TREG 5;SULBAGSEL;MAROS;SUD;create;48,00;CustomerAssign;bima_customerassign_date tersedia (durasi negatif di-clamp ke 0 = Comply);216,24;Not Comply
202603;TREG 3;YOGYA JATENG SELATAN;PURWOREJO;KTA;migrate;24,00;CustomerAssign;bima_customerassign_date tersedia (durasi negatif di-clamp ke 0 = Comply);266,24;Not Comply
202603;TREG 4;KALBAR;PONTIANAK;SRD;create;48,00;CustomerAssign;bima_customerassign_date tersedia (durasi negatif di-clamp ke 0 = Comply);0,00;Comply
202603;TREG 3;SURAMADU;SURABAYA UTARA;LKI;migrate;24,00;CustomerAssign;bima_customerassign_date tersedia (durasi negatif di-clamp ke 0 = Comply);98,65;Not Comply
202603;TREG 4;KALSELTENG;TANJUNG TABALONG;BRI;migrate;24,00;CustomerAssign;bima_customerassign_date tersedia (durasi negatif di-clamp ke 0 = Comply);127,67;Not Comply
202603;TREG 4;KALSELTENG;BATULICIN;KPL;migrate;24,00;CustomerAssign;bima_customerassign_date tersedia (durasi negatif di-clamp ke 0 = Comply);2,71;Comply
202603;TREG 3;YOGYA JATENG SELATAN;PURBALINGGA;BBT;migrate;24,00;CustomerAssign;bima_customerassign_date tersedia (durasi negatif di-clamp ke 0 = Comply);0,00;Comply
202603;TREG 1;RIAU;BANGKINANG;BKN;migrate;24,00;CustomerAssign;bima_customerassign_date tersedia (durasi negatif di-clamp ke 0 = Comply);0,00;Comply
202603;TREG 2;BANDUNG;PADALARANG;CSA;migrate;24,00;CustomerAssign;bima_customerassign_date tersedia (durasi negatif di-clamp ke 0 = Comply);0,89;Comply
202603;TREG 3;JATIM BARAT;MALANG;BLB;migrate;24,00;CustomerAssign;bima_customerassign_date tersedia (durasi negatif di-clamp ke 0 = Comply);247,89;Not Comply
202603;TREG 1;LAMPUNG BENGKULU;LAMPUNG;TJK;migrate;24,00;CustomerAssign;bima_customerassign_date tersedia (durasi negatif di-clamp ke 0 = Comply);7,91;Comply
202603;TREG 1;RIAU;RIKEP;LBJ;migrate;24,00;CustomerAssign;bima_customerassign_date tersedia (durasi negatif di-clamp ke 0 = Comply);2,97;Comply
202603;TREG 1;RIAU;RIKEP;BTC;migrate;24,00;CustomerAssign;bima_customerassign_date tersedia (durasi negatif di-clamp ke 0 = Comply);1,01;Comply
202603;TREG 2;BEKASI KARAWANG;PURWAKARTA;CKP;migrate;24,00;CustomerAssign;bima_customerassign_date tersedia (durasi negatif di-clamp ke 0 = Comply);27,02;Not Comply
202603;TREG 2;JAKARTA OUTER;JAKTIM;JTN;create;48,00;CustomerAssign;bima_customerassign_date tersedia (durasi negatif di-clamp ke 0 = Comply);152,07;Not Comply
202603;TREG 2;JAKARTA OUTER;JAKSEL;PSM;create;48,00;CustomerAssign;bima_customerassign_date tersedia (durasi negatif di-clamp ke 0 = Comply);0,00;Comply
202603;TREG 1;SUMUT;MEDAN;TMU;migrate;24,00;CustomerAssign;bima_customerassign_date tersedia (durasi negatif di-clamp ke 0 = Comply);6,11;Comply
202603;TREG 4;BALIKPAPAN;BALIKPAPAN;GSA;migrate;24,00;CustomerAssign;bima_customerassign_date tersedia (durasi negatif di-clamp ke 0 = Comply);0,00;Comply
202603;TREG 4;KALTIMTARA;NUNUKAN;MLN;migrate;24,00;CustomerAssign;bima_customerassign_date tersedia (durasi negatif di-clamp ke 0 = Comply);0,00;Comply
202603;TREG 2;BANTEN;CILEGON;SAM;migrate;24,00;CustomerAssign;bima_customerassign_date tersedia (durasi negatif di-clamp ke 0 = Comply);32,23;Not Comply
202603;TREG 2;BANTEN;CIPUTAT;CPA;migrate;24,00;CustomerAssign;bima_customerassign_date tersedia (durasi negatif di-clamp ke 0 = Comply);3,24;Comply
202603;TREG 2;JAKARTA CENTRUM;JAKUT;KLG;migrate;24,00;CustomerAssign;bima_customerassign_date tersedia (durasi negatif di-clamp ke 0 = Comply);3,30;Comply
202603;TREG 2;JAKARTA INNER;JAKBAR;MRY;create;48,00;CustomerAssign;bima_customerassign_date tersedia (durasi negatif di-clamp ke 0 = Comply);0,00;Comply
202603;TREG 5;SUMALUT;MENADO;PIK;create;48,00;CustomerAssign;bima_customerassign_date tersedia (durasi negatif di-clamp ke 0 = Comply);0,00;Comply
202603;TREG 4;KALTIMTARA;TARAKAN;TRK;migrate;24,00;CustomerAssign;bima_customerassign_date tersedia (durasi negatif di-clamp ke 0 = Comply);3,32;Comply
202603;TREG 1;RIAU;TANJUNG PINANG;KMS;create;48,00;CustomerAssign;bima_customerassign_date tersedia (durasi negatif di-clamp ke 0 = Comply);27,60;Comply
202603;TREG 2;BEKASI KARAWANG;BEKASI;KRA;migrate;24,00;CustomerAssign;bima_customerassign_date tersedia (durasi negatif di-clamp ke 0 = Comply);32,64;Not Comply
202603;TREG 2;BANTEN;CIPUTAT;CPA;migrate;24,00;CustomerAssign;bima_customerassign_date tersedia (durasi negatif di-clamp ke 0 = Comply);32,72;Not Comply
202603;TREG 2;BEKASI KARAWANG;KARAWANG;KRW;migrate;24,00;CustomerAssign;bima_customerassign_date tersedia (durasi negatif di-clamp ke 0 = Comply);3,76;Comply
202603;TREG 3;SEMARANG JATENG UTARA;SEMARANG;SSL;create;48,00;CustomerAssign;bima_customerassign_date tersedia (durasi negatif di-clamp ke 0 = Comply);0,00;Comply
202603;TREG 2;JAKARTA CENTRUM;JAKUT;STR;migrate;24,00;CustomerAssign;bima_customerassign_date tersedia (durasi negatif di-clamp ke 0 = Comply);0,00;Comply
202603;TREG 1;SUMUT;BINJAI;BJI;migrate;24,00;CustomerAssign;bima_customerassign_date tersedia (durasi negatif di-clamp ke 0 = Comply);99,85;Not Comply
202603;TREG 3;SEMARANG JATENG UTARA;TEGAL;TEG;migrate;24,00;CustomerAssign;bima_customerassign_date tersedia (durasi negatif di-clamp ke 0 = Comply);8,87;Comply
202603;TREG 2;JAKARTA CENTRUM;JAKUT;TPR;migrate;24,00;CustomerAssign;bima_customerassign_date tersedia (durasi negatif di-clamp ke 0 = Comply);8,94;Comply
202603;TREG 4;KALSELTENG;BATULICIN;BLC;migrate;24,00;CustomerAssign;bima_customerassign_date tersedia (durasi negatif di-clamp ke 0 = Comply);0,00;Comply
202603;TREG 2;PRIANGAN BARAT;SUKABUMI;SKB;migrate;24,00;CustomerAssign;bima_customerassign_date tersedia (durasi negatif di-clamp ke 0 = Comply);484,06;Not Comply
202603;TREG 4;KALTIMTARA;MELAK;SBR;migrate;24,00;PI;bima_customerassign_date kosong → pakai orca_pi_date (durasi negatif di-clamp ke 0 = Comply);127,58;Not Comply
202603;TREG 1;RIAU;RIKEP;BTC;migrate;24,00;CustomerAssign;bima_customerassign_date tersedia (durasi negatif di-clamp ke 0 = Comply);4,12;Comply
202603;TREG 2;PRIANGAN BARAT;CIBINONG;CBI;migrate;24,00;CustomerAssign;bima_customerassign_date tersedia (durasi negatif di-clamp ke 0 = Comply);76,17;Not Comply
202603;TREG 5;SULBAGSEL;MAMUJU;MAM;migrate;24,00;CustomerAssign;bima_customerassign_date tersedia (durasi negatif di-clamp ke 0 = Comply);0,00;Comply
202603;TREG 2;BANTEN;CIPUTAT;PDR;migrate;24,00;CustomerAssign;bima_customerassign_date tersedia (durasi negatif di-clamp ke 0 = Comply);0,00;Comply
202603;TREG 5;SULBAGSEL;PALOPO;PLP;migrate;24,00;CustomerAssign;bima_customerassign_date tersedia (durasi negatif di-clamp ke 0 = Comply);4,26;Comply
202603;TREG 1;RIAU;RIKEP;LBJ;migrate;24,00;CustomerAssign;bima_customerassign_date tersedia (durasi negatif di-clamp ke 0 = Comply);0,00;Comply
202603;TREG 2;JAKARTA OUTER;JAKTIM;KLD;migrate;24,00;CustomerAssign;bima_customerassign_date tersedia (durasi negatif di-clamp ke 0 = Comply);0,00;Comply
202603;TREG 3;SOLO JATENG TIMUR;SOLO;KRT;migrate;24,00;CustomerAssign;bima_customerassign_date tersedia (durasi negatif di-clamp ke 0 = Comply);0,00;Comply
202603;TREG 1;SUMBAR JAMBI;BUKIT TINGGI;BKT;migrate;24,00;CustomerAssign;bima_customerassign_date tersedia (durasi negatif di-clamp ke 0 = Comply);81,52;Not Comply
202603;TREG 5;SULBAGSEL;MAROS;PKN;migrate;24,00;CustomerAssign;bima_customerassign_date tersedia (durasi negatif di-clamp ke 0 = Comply);465,60;Not Comply
202603;TREG 2;BEKASI KARAWANG;BEKASI;PKY;migrate;24,00;CustomerAssign;bima_customerassign_date tersedia (durasi negatif di-clamp ke 0 = Comply);28,67;Not Comply
202603;TREG 3;JATIM TIMUR;PROBOLINGGO;PBL;migrate;24,00;CustomerAssign;bima_customerassign_date tersedia (durasi negatif di-clamp ke 0 = Comply);28,71;Not Comply
202603;TREG 1;RIAU;RIKEP;SKN;create;48,00;CustomerAssign;bima_customerassign_date tersedia (durasi negatif di-clamp ke 0 = Comply);81,72;Not Comply
202603;TREG 4;BALIKPAPAN;BALIKPAPAN;GSA;migrate;24,00;CustomerAssign;bima_customerassign_date tersedia (durasi negatif di-clamp ke 0 = Comply);10,05;Comply
202603;TREG 2;JAKARTA INNER;JAKBAR;CKG;migrate;24,00;CustomerAssign;bima_customerassign_date tersedia (durasi negatif di-clamp ke 0 = Comply);0,00;Comply
202603;TREG 4;BALIKPAPAN;BALIKPAPAN;BRU;migrate;24,00;CustomerAssign;bima_customerassign_date tersedia (durasi negatif di-clamp ke 0 = Comply);0,00;Comply
202603;TREG 4;KALTIMTARA;BULUNGAN BERAU;TLA;create;48,00;CustomerAssign;bima_customerassign_date tersedia (durasi negatif di-clamp ke 0 = Comply);0,00;Comply
202603;TREG 2;BANTEN;BANTEN;CRS;create;48,00;CustomerAssign;bima_customerassign_date tersedia (durasi negatif di-clamp ke 0 = Comply);0,00;Comply
202603;TREG 2;BANDUNG;SUMEDANG;CJA;migrate;24,00;CustomerAssign;bima_customerassign_date tersedia (durasi negatif di-clamp ke 0 = Comply);3,49;Comply
202603;TREG 3;SEMARANG JATENG UTARA;PEMALANG;PML;migrate;24,00;CustomerAssign;bima_customerassign_date tersedia (durasi negatif di-clamp ke 0 = Comply);29,53;Not Comply
202603;TREG 5;SUMALUT;MENADO;MDO;migrate;24,00;CustomerAssign;bima_customerassign_date tersedia (durasi negatif di-clamp ke 0 = Comply);0,00;Comply
202603;TREG 2;JAKARTA OUTER;JAKTIM;KRG;migrate;24,00;CustomerAssign;bima_customerassign_date tersedia (durasi negatif di-clamp ke 0 = Comply);10,63;Comply
202603;TREG 2;JAKARTA INNER;JAKBAR;PLM;migrate;24,00;CustomerAssign;bima_customerassign_date tersedia (durasi negatif di-clamp ke 0 = Comply);101,70;Not Comply
202603;TREG 1;SUMBAR JAMBI;SUMBAR;ULK;create;48,00;CustomerAssign;bima_customerassign_date tersedia (durasi negatif di-clamp ke 0 = Comply);154,79;Not Comply
202603;TREG 4;BALIKPAPAN;TANAHGROGOT;MJW;migrate;24,00;CustomerAssign;bima_customerassign_date tersedia (durasi negatif di-clamp ke 0 = Comply);0,00;Comply
202603;TREG 2;BEKASI KARAWANG;BEKASI;PKY;migrate;24,00;CustomerAssign;bima_customerassign_date tersedia (durasi negatif di-clamp ke 0 = Comply);10,83;Comply
202603;TREG 1;SUMUT;MEDAN;PUB;create;48,00;CustomerAssign;bima_customerassign_date tersedia (durasi negatif di-clamp ke 0 = Comply);0,00;Comply
202603;TREG 2;BANDUNG;SUMEDANG;SMD;migrate;24,00;CustomerAssign;bima_customerassign_date tersedia (durasi negatif di-clamp ke 0 = Comply);29,99;Not Comply
202603;TREG 3;JATIM TIMUR;SIDOARJO;SPJ;create;48,00;CustomerAssign;bima_customerassign_date tersedia (durasi negatif di-clamp ke 0 = Comply);11,03;Comply
202603;TREG 1;SUMBAGSEL;SUMSEL;PLJ;create;48,00;CustomerAssign;bima_customerassign_date tersedia (durasi negatif di-clamp ke 0 = Comply);4,09;Comply
202603;TREG 2;BANDUNG;SUMEDANG;CJA;migrate;24,00;CustomerAssign;bima_customerassign_date tersedia (durasi negatif di-clamp ke 0 = Comply);0,00;Comply
202603;TREG 2;BEKASI KARAWANG;SUBANG;SUB;migrate;24,00;CustomerAssign;bima_customerassign_date tersedia (durasi negatif di-clamp ke 0 = Comply);4,20;Comply
202603;TREG 1;RIAU;RIKEP;SLU;migrate;24,00;CustomerAssign;bima_customerassign_date tersedia (durasi negatif di-clamp ke 0 = Comply);30,20;Not Comply
202603;TREG 2;JAKARTA CENTRUM;JAKUT;PDM;migrate;24,00;CustomerAssign;bima_customerassign_date tersedia (durasi negatif di-clamp ke 0 = Comply);0,00;Comply
202603;TREG 2;BANDUNG;PADALARANG;PDL;migrate;24,00;CustomerAssign;bima_customerassign_date tersedia (durasi negatif di-clamp ke 0 = Comply);6,47;Comply
202603;TREG 4;KALSELTENG;BANJARBARU;BBR;migrate;24,00;CustomerAssign;bima_customerassign_date tersedia (durasi negatif di-clamp ke 0 = Comply);30,53;Not Comply
202603;TREG 5;SUMALUT;TERNATE;TNT;migrate;24,00;CustomerAssign;bima_customerassign_date tersedia (durasi negatif di-clamp ke 0 = Comply);30,59;Not Comply
202603;TREG 4;KALSELTENG;TANJUNG TABALONG;RTA;migrate;24,00;CustomerAssign;bima_customerassign_date tersedia (durasi negatif di-clamp ke 0 = Comply);0,00;Comply
202603;TREG 2;BANDUNG;SUMEDANG;CJA;migrate;24,00;CustomerAssign;bima_customerassign_date tersedia (durasi negatif di-clamp ke 0 = Comply);6,62;Comply
202603;TREG 3;JATIM TIMUR;SIDOARJO;SDA;create;48,00;CustomerAssign;bima_customerassign_date tersedia (durasi negatif di-clamp ke 0 = Comply);0,00;Comply
202603;TREG 4;KALTIMTARA;BULUNGAN BERAU;TRD;migrate;24,00;CustomerAssign;bima_customerassign_date tersedia (durasi negatif di-clamp ke 0 = Comply);0,00;Comply
202603;TREG 1;RIAU;BANGKINANG;UBT;migrate;24,00;CustomerAssign;bima_customerassign_date tersedia (durasi negatif di-clamp ke 0 = Comply);124,87;Not Comply
202603;TREG 2;JAKARTA CENTRUM;JAKUT;KLG;migrate;24,00;CustomerAssign;bima_customerassign_date tersedia (durasi negatif di-clamp ke 0 = Comply);5,23;Comply
202603;TREG 2;PRIANGAN BARAT;KUJANG;PAR;migrate;24,00;CustomerAssign;bima_customerassign_date tersedia (durasi negatif di-clamp ke 0 = Comply);103,45;Not Comply
202603;TREG 3;NUSA TENGGARA;LABUHAN BAJO;BJW;migrate;24,00;CustomerAssign;bima_customerassign_date tersedia (durasi negatif di-clamp ke 0 = Comply);941,46;Not Comply
202603;TREG 2;BEKASI KARAWANG;BEKASI;PDE;migrate;24,00;CustomerAssign;bima_customerassign_date tersedia (durasi negatif di-clamp ke 0 = Comply);0,00;Comply
202603;TREG 2;BANTEN;CIPUTAT;PDR;migrate;24,00;CustomerAssign;bima_customerassign_date tersedia (durasi negatif di-clamp ke 0 = Comply);0,00;Comply
202603;TREG 3;JATIM TIMUR;BANYUWANGI;BWG;migrate;24,00;CustomerAssign;bima_customerassign_date tersedia (durasi negatif di-clamp ke 0 = Comply);8,50;Comply
202603;TREG 1;SUMUT;MEDAN;TMU;migrate;24,00;CustomerAssign;bima_customerassign_date tersedia (durasi negatif di-clamp ke 0 = Comply);0,00;Comply
202603;TREG 2;BANDUNG;BANDUNG;HGM;migrate;24,00;CustomerAssign;bima_customerassign_date tersedia (durasi negatif di-clamp ke 0 = Comply);0,00;Comply
202603;TREG 1;RIAU;DUMAI;BAS;migrate;24,00;CustomerAssign;bima_customerassign_date tersedia (durasi negatif di-clamp ke 0 = Comply);9,06;Comply
202603;TREG 3;JATIM TIMUR;MOJOKERTO;MRT;migrate;24,00;CustomerAssign;bima_customerassign_date tersedia (durasi negatif di-clamp ke 0 = Comply);0,00;Comply
202603;TREG 3;JATIM TIMUR;SIDOARJO;SDA;migrate;24,00;CustomerAssign;bima_customerassign_date tersedia (durasi negatif di-clamp ke 0 = Comply);0,00;Comply
202603;TREG 2;BEKASI KARAWANG;BEKASI;PKY;migrate;24,00;CustomerAssign;bima_customerassign_date tersedia (durasi negatif di-clamp ke 0 = Comply);33,62;Not Comply
202603;TREG 2;BEKASI KARAWANG;BEKASI;BBL;migrate;24,00;CustomerAssign;bima_customerassign_date tersedia (durasi negatif di-clamp ke 0 = Comply);16,76;Comply
202603;TREG 2;JAKARTA INNER;JAKBAR;CKG;migrate;24,00;CustomerAssign;bima_customerassign_date tersedia (durasi negatif di-clamp ke 0 = Comply);15,92;Comply
202603;TREG 3;NUSA TENGGARA;NTB;MTR;create;48,00;CustomerAssign;bima_customerassign_date tersedia (durasi negatif di-clamp ke 0 = Comply);46,92;Comply
202603;TREG 3;JATIM TIMUR;LUMAJANG;JTO;migrate;24,00;CustomerAssign;bima_customerassign_date tersedia (durasi negatif di-clamp ke 0 = Comply);43,14;Not Comply
202603;TREG 1;SUMBAGSEL;BELITUNG;TJN;migrate;24,00;CustomerAssign;bima_customerassign_date tersedia (durasi negatif di-clamp ke 0 = Comply);19,16;Comply
202603;TREG 1;SUMBAGSEL;BABEL;PGP;migrate;24,00;CustomerAssign;bima_customerassign_date tersedia (durasi negatif di-clamp ke 0 = Comply);19,18;Comply
202603;TREG 3;SEMARANG JATENG UTARA;SEMARANG;MJP;migrate;24,00;CustomerAssign;bima_customerassign_date tersedia (durasi negatif di-clamp ke 0 = Comply);0,00;Comply
202603;TREG 1;SUMUT;BINJAI;PBD;migrate;24,00;CustomerAssign;bima_customerassign_date tersedia (durasi negatif di-clamp ke 0 = Comply);72,86;Not Comply
202603;TREG 2;PRIANGAN BARAT;SENTUL;CSR;create;48,00;CustomerAssign;bima_customerassign_date tersedia (durasi negatif di-clamp ke 0 = Comply);18,12;Comply
202603;TREG 4;KALTIMTARA;BULUNGAN BERAU;TRD;migrate;24,00;CustomerAssign;bima_customerassign_date tersedia (durasi negatif di-clamp ke 0 = Comply);97,93;Not Comply
202603;TREG 2;JAKARTA OUTER;JAKTIM;PDK;migrate;24,00;CustomerAssign;bima_customerassign_date tersedia (durasi negatif di-clamp ke 0 = Comply);50,04;Not Comply
202603;TREG 2;JAKARTA OUTER;JAKTIM;PGB;migrate;24,00;CustomerAssign;bima_customerassign_date tersedia (durasi negatif di-clamp ke 0 = Comply);170,06;Not Comply
202603;TREG 3;SOLO JATENG TIMUR;SOLO;MSO;create;48,00;CustomerAssign;bima_customerassign_date tersedia (durasi negatif di-clamp ke 0 = Comply);0,00;Comply
202603;TREG 3;YOGYA JATENG SELATAN;CILACAP;MAN;migrate;24,00;CustomerAssign;bima_customerassign_date tersedia (durasi negatif di-clamp ke 0 = Comply);314,24;Not Comply
202603;TREG 1;SUMUT;MEDAN;MDC;create;48,00;CustomerAssign;bima_customerassign_date tersedia (durasi negatif di-clamp ke 0 = Comply);26,66;Comply
202603;TREG 2;JAKARTA CENTRUM;JAKPUS;CPP;create;48,00;CustomerAssign;bima_customerassign_date tersedia (durasi negatif di-clamp ke 0 = Comply);19,80;Comply
202603;TREG 4;KALTIMTARA;BONTANG;STT;migrate;24,00;PI;bima_customerassign_date kosong → pakai orca_pi_date (durasi negatif di-clamp ke 0 = Comply);146,47;Not Comply
202603;TREG 1;RIAU;TANJUNG PINANG;TPI;create;48,00;CustomerAssign;bima_customerassign_date tersedia (durasi negatif di-clamp ke 0 = Comply);3,11;Comply
202603;TREG 5;SULBAGSEL;MAMUJU;PLW;migrate;24,00;CustomerAssign;bima_customerassign_date tersedia (durasi negatif di-clamp ke 0 = Comply);99,21;Not Comply
202603;TREG 2;PRIANGAN BARAT;SENTUL;KHL;create;48,00;CustomerAssign;bima_customerassign_date tersedia (durasi negatif di-clamp ke 0 = Comply);262,33;Not Comply
202603;TREG 4;KALSELTENG;BANJARMASIN;KYG;migrate;24,00;CustomerAssign;bima_customerassign_date tersedia (durasi negatif di-clamp ke 0 = Comply);22,36;Comply
202603;TREG 1;RIAU;RIDAR;PBB;migrate;24,00;CustomerAssign;bima_customerassign_date tersedia (durasi negatif di-clamp ke 0 = Comply);0,00;Comply
202603;TREG 4;KALTIMTARA;SAMARINDA;LMP;create;48,00;CustomerAssign;bima_customerassign_date tersedia (durasi negatif di-clamp ke 0 = Comply);75,72;Not Comply
202603;TREG 2;JAKARTA OUTER;JAKTIM;PGB;create;48,00;CustomerAssign;bima_customerassign_date tersedia (durasi negatif di-clamp ke 0 = Comply);0,00;Comply
202603;TREG 2;BANTEN;BANTEN;SEG;migrate;24,00;CustomerAssign;bima_customerassign_date tersedia (durasi negatif di-clamp ke 0 = Comply);28,19;Not Comply
202603;TREG 1;RIAU;DUMAI;DRI;migrate;24,00;CustomerAssign;bima_customerassign_date tersedia (durasi negatif di-clamp ke 0 = Comply);0,00;Comply
202603;TREG 1;RIAU;DUMAI;DRI;migrate;24,00;CustomerAssign;bima_customerassign_date tersedia (durasi negatif di-clamp ke 0 = Comply);95,34;Not Comply
202603;TREG 2;JAKARTA CENTRUM;JAKUT;PDM;create;48,00;CustomerAssign;bima_customerassign_date tersedia (durasi negatif di-clamp ke 0 = Comply);23,37;Comply
202603;TREG 3;YOGYA JATENG SELATAN;TEMANGGUNG;TEM;migrate;24,00;CustomerAssign;bima_customerassign_date tersedia (durasi negatif di-clamp ke 0 = Comply);0,00;Comply
202603;TREG 5;SULBAGSEL;PARE-PARE;PRE;migrate;24,00;CustomerAssign;bima_customerassign_date tersedia (durasi negatif di-clamp ke 0 = Comply);0,00;Comply
202603;TREG 4;KALSELTENG;BANJARBARU;LUL;migrate;24,00;CustomerAssign;bima_customerassign_date tersedia (durasi negatif di-clamp ke 0 = Comply);23,76;Comply
202603;TREG 4;KALSELTENG;TANJUNG TABALONG;AMT;migrate;24,00;CustomerAssign;bima_customerassign_date tersedia (durasi negatif di-clamp ke 0 = Comply);0,00;Comply
202603;TREG 2;JAKARTA INNER;JAKBAR;CKG;create;48,00;CustomerAssign;bima_customerassign_date tersedia (durasi negatif di-clamp ke 0 = Comply);0,00;Comply
202603;TREG 4;KALSELTENG;BANJARMASIN;ULI;migrate;24,00;CustomerAssign;bima_customerassign_date tersedia (durasi negatif di-clamp ke 0 = Comply);4,99;Comply
202603;TREG 2;PRIANGAN TIMUR;BANJAR;BNJ;migrate;24,00;CustomerAssign;bima_customerassign_date tersedia (durasi negatif di-clamp ke 0 = Comply);0,04;Comply
202603;TREG 1;SUMUT;MEDAN;TJM;migrate;24,00;CustomerAssign;bima_customerassign_date tersedia (durasi negatif di-clamp ke 0 = Comply);0,00;Comply
202603;TREG 3;SEMARANG JATENG UTARA;TEGAL;TEG;migrate;24,00;CustomerAssign;bima_customerassign_date tersedia (durasi negatif di-clamp ke 0 = Comply);77,21;Not Comply
202603;TREG 3;SOLO JATENG TIMUR;KLATEN;BYL;create;48,00;CustomerAssign;bima_customerassign_date tersedia (durasi negatif di-clamp ke 0 = Comply);24,27;Comply
202603;TREG 2;PRIANGAN BARAT;DEPOK;SKJ;create;48,00;CustomerAssign;bima_customerassign_date tersedia (durasi negatif di-clamp ke 0 = Comply);0,00;Comply
202603;TREG 3;JATIM BARAT;MALANG;BLB;create;48,00;CustomerAssign;bima_customerassign_date tersedia (durasi negatif di-clamp ke 0 = Comply);0,34;Comply
202603;TREG 3;JATIM TIMUR;SIDOARJO;TUN;migrate;24,00;CustomerAssign;bima_customerassign_date tersedia (durasi negatif di-clamp ke 0 = Comply);0,00;Comply
202603;TREG 5;SULBAGSEL;MAKASSAR;MAT;create;48,00;CustomerAssign;bima_customerassign_date tersedia (durasi negatif di-clamp ke 0 = Comply);0,35;Comply
202603;TREG 2;BEKASI KARAWANG;KARAWANG;RDK;migrate;24,00;CustomerAssign;bima_customerassign_date tersedia (durasi negatif di-clamp ke 0 = Comply);0,00;Comply
202603;TREG 2;JAKARTA INNER;JAKBAR;CKG;migrate;24,00;CustomerAssign;bima_customerassign_date tersedia (durasi negatif di-clamp ke 0 = Comply);0,00;Comply
202603;TREG 1;SUMBAGSEL;LUBUK LINGGAU;PGA;migrate;24,00;CustomerAssign;bima_customerassign_date tersedia (durasi negatif di-clamp ke 0 = Comply);48,62;Not Comply
202603;TREG 4;KALTIMTARA;NUNUKAN;NNK;migrate;24,00;CustomerAssign;bima_customerassign_date tersedia (durasi negatif di-clamp ke 0 = Comply);22,77;Comply
202603;TREG 3;YOGYA JATENG SELATAN;YOGYAKARTA;KGD;migrate;24,00;CustomerAssign;bima_customerassign_date tersedia (durasi negatif di-clamp ke 0 = Comply);0,00;Comply
202603;TREG 1;RIAU;TANJUNG PINANG;RAI;migrate;24,00;CustomerAssign;bima_customerassign_date tersedia (durasi negatif di-clamp ke 0 = Comply);22,92;Comply
202603;TREG 3;BALI;DENPASAR CENTRUM;KLM;create;48,00;CustomerAssign;bima_customerassign_date tersedia (durasi negatif di-clamp ke 0 = Comply);0,00;Comply
202603;TREG 4;KALBAR;KETAPANG;KTP;migrate;24,00;CustomerAssign;bima_customerassign_date tersedia (durasi negatif di-clamp ke 0 = Comply);198,20;Not Comply
202603;TREG 2;JAKARTA OUTER;JAKTIM;PGB;create;48,00;CustomerAssign;bima_customerassign_date tersedia (durasi negatif di-clamp ke 0 = Comply);6,28;Comply
202603;TREG 3;YOGYA JATENG SELATAN;SLEMAN;PKM;create;48,00;CustomerAssign;bima_customerassign_date tersedia (durasi negatif di-clamp ke 0 = Comply);6,30;Comply
202603;TREG 2;BEKASI KARAWANG;SUBANG;SUB;create;48,00;CustomerAssign;bima_customerassign_date tersedia (durasi negatif di-clamp ke 0 = Comply);6,36;Comply
202603;TREG 4;KALBAR;SINTANG;STG;migrate;24,00;CustomerAssign;bima_customerassign_date tersedia (durasi negatif di-clamp ke 0 = Comply);54,38;Not Comply
202603;TREG 1;RIAU;RIKEP;LBJ;migrate;24,00;CustomerAssign;bima_customerassign_date tersedia (durasi negatif di-clamp ke 0 = Comply);0,00;Comply
202603;TREG 1;RIAU;RIKEP;LBJ;migrate;24,00;CustomerAssign;bima_customerassign_date tersedia (durasi negatif di-clamp ke 0 = Comply);1,53;Comply
202603;TREG 3;SEMARANG JATENG UTARA;BREBES;BMU;migrate;24,00;CustomerAssign;bima_customerassign_date tersedia (durasi negatif di-clamp ke 0 = Comply);6,62;Comply
202603;TREG 4;KALTIMTARA;SAMARINDA;LOB;migrate;24,00;CustomerAssign;bima_customerassign_date tersedia (durasi negatif di-clamp ke 0 = Comply);1,65;Comply
202603;TREG 3;SEMARANG JATENG UTARA;SEMARANG;SMT;create;48,00;CustomerAssign;bima_customerassign_date tersedia (durasi negatif di-clamp ke 0 = Comply);0,00;Comply
202603;TREG 4;KALTIMTARA;NUNUKAN;NNK;migrate;24,00;CustomerAssign;bima_customerassign_date tersedia (durasi negatif di-clamp ke 0 = Comply);23,75;Comply
202603;TREG 2;JAKARTA CENTRUM;JAKUT;TPR;migrate;24,00;CustomerAssign;bima_customerassign_date tersedia (durasi negatif di-clamp ke 0 = Comply);0,00;Comply
202603;TREG 5;SULBAGSEL;GOWA;SUG;migrate;24,00;CustomerAssign;bima_customerassign_date tersedia (durasi negatif di-clamp ke 0 = Comply);0,00;Comply
202603;TREG 2;BANTEN;LENGKONG;SRP;create;48,00;CustomerAssign;bima_customerassign_date tersedia (durasi negatif di-clamp ke 0 = Comply);26,08;Comply
202603;TREG 4;KALTIMTARA;MELAK;SBR;migrate;24,00;CustomerAssign;bima_customerassign_date tersedia (durasi negatif di-clamp ke 0 = Comply);792,09;Not Comply
202603;TREG 3;JATIM BARAT;MALANG;SGS;create;48,00;CustomerAssign;bima_customerassign_date tersedia (durasi negatif di-clamp ke 0 = Comply);2,10;Comply
202603;TREG 3;SOLO JATENG TIMUR;PATI;LSE;migrate;24,00;CustomerAssign;bima_customerassign_date tersedia (durasi negatif di-clamp ke 0 = Comply);48,17;Not Comply
202603;TREG 3;SEMARANG JATENG UTARA;UNGARAN;UNR;migrate;24,00;CustomerAssign;bima_customerassign_date tersedia (durasi negatif di-clamp ke 0 = Comply);0,00;Comply
202603;TREG 1;SUMUT;MEDAN;SPM;migrate;24,00;CustomerAssign;bima_customerassign_date tersedia (durasi negatif di-clamp ke 0 = Comply);50,31;Not Comply
202603;TREG 4;KALTIMTARA;SAMARINDA;LOB;create;48,00;CustomerAssign;bima_customerassign_date tersedia (durasi negatif di-clamp ke 0 = Comply);0,36;Comply
202603;TREG 4;KALBAR;SINTANG;PUT;migrate;24,00;CustomerAssign;bima_customerassign_date tersedia (durasi negatif di-clamp ke 0 = Comply);199,42;Not Comply
202603;TREG 4;BALIKPAPAN;BALIKPAPAN;BRU;create;48,00;PI;bima_customerassign_date kosong → pakai orca_pi_date (durasi negatif di-clamp ke 0 = Comply);91,42;Not Comply
202603;TREG 2;JAKARTA OUTER;JAKSEL;KAL;migrate;24,00;CustomerAssign;bima_customerassign_date tersedia (durasi negatif di-clamp ke 0 = Comply);24,55;Not Comply
202603;TREG 2;JAKARTA CENTRUM;JAKUT;MKR;create;48,00;CustomerAssign;bima_customerassign_date tersedia (durasi negatif di-clamp ke 0 = Comply);7,69;Comply
202603;TREG 2;JAKARTA INNER;JAKBAR;SLP;migrate;24,00;CustomerAssign;bima_customerassign_date tersedia (durasi negatif di-clamp ke 0 = Comply);2,70;Comply
202603;TREG 4;KALTIMTARA;MELAK;SBR;migrate;24,00;CustomerAssign;bima_customerassign_date tersedia (durasi negatif di-clamp ke 0 = Comply);7,81;Comply
202603;TREG 4;KALSELTENG;TANJUNG TABALONG;TJL;migrate;24,00;CustomerAssign;bima_customerassign_date tersedia (durasi negatif di-clamp ke 0 = Comply);0,91;Comply
202603;TREG 5;SULBAGSEL;MAKASSAR;TMA;migrate;24,00;CustomerAssign;bima_customerassign_date tersedia (durasi negatif di-clamp ke 0 = Comply);0,00;Comply
202603;TREG 5;SUMALUT;MINAHASA;LAN;migrate;24,00;CustomerAssign;bima_customerassign_date tersedia (durasi negatif di-clamp ke 0 = Comply);103,96;Not Comply
202603;TREG 2;PRIANGAN BARAT;DEPOK;SKJ;migrate;24,00;CustomerAssign;bima_customerassign_date tersedia (durasi negatif di-clamp ke 0 = Comply);3,01;Comply
202603;TREG 2;JAKARTA INNER;JAKBAR;PLM;migrate;24,00;CustomerAssign;bima_customerassign_date tersedia (durasi negatif di-clamp ke 0 = Comply);1,08;Comply
202603;TREG 2;JAKARTA INNER;JAKBAR;TGA;migrate;24,00;CustomerAssign;bima_customerassign_date tersedia (durasi negatif di-clamp ke 0 = Comply);51,10;Not Comply
202603;TREG 2;JAKARTA INNER;JAKBAR;TGA;migrate;24,00;CustomerAssign;bima_customerassign_date tersedia (durasi negatif di-clamp ke 0 = Comply);8,13;Comply
202603;TREG 2;JAKARTA INNER;JAKBAR;KDY;migrate;24,00;CustomerAssign;bima_customerassign_date tersedia (durasi negatif di-clamp ke 0 = Comply);459,18;Not Comply
202603;TREG 4;KALBAR;SANGGAU;SGU;migrate;24,00;CustomerAssign;bima_customerassign_date tersedia (durasi negatif di-clamp ke 0 = Comply);296,21;Not Comply
202603;TREG 1;RIAU;RIDAR;PBB;migrate;24,00;CustomerAssign;bima_customerassign_date tersedia (durasi negatif di-clamp ke 0 = Comply);51,23;Not Comply
202603;TREG 4;KALTIMTARA;BULUNGAN BERAU;TSL;migrate;24,00;CustomerAssign;bima_customerassign_date tersedia (durasi negatif di-clamp ke 0 = Comply);1,24;Comply
202603;TREG 5;SULBAGSEL;KENDARI;MDG;create;48,00;CustomerAssign;bima_customerassign_date tersedia (durasi negatif di-clamp ke 0 = Comply);25,28;Comply
202603;TREG 2;BEKASI KARAWANG;KARAWANG;KRW;migrate;24,00;CustomerAssign;bima_customerassign_date tersedia (durasi negatif di-clamp ke 0 = Comply);0,00;Comply
202603;TREG 4;KALTIMTARA;MELAK;TGG;migrate;24,00;CustomerAssign;bima_customerassign_date tersedia (durasi negatif di-clamp ke 0 = Comply);128,42;Not Comply
202603;TREG 4;KALBAR;SINTANG;STG;migrate;24,00;CustomerAssign;bima_customerassign_date tersedia (durasi negatif di-clamp ke 0 = Comply);27,44;Not Comply
202603;TREG 3;SOLO JATENG TIMUR;WONOGIRI;WNG;create;48,00;CustomerAssign;bima_customerassign_date tersedia (durasi negatif di-clamp ke 0 = Comply);27,46;Comply
202603;TREG 4;KALTIMTARA;MELAK;SBR;migrate;24,00;CustomerAssign;bima_customerassign_date tersedia (durasi negatif di-clamp ke 0 = Comply);1,50;Comply
202603;TREG 4;KALBAR;SINGKAWANG;SNW;migrate;24,00;CustomerAssign;bima_customerassign_date tersedia (durasi negatif di-clamp ke 0 = Comply);145,50;Not Comply
202603;TREG 3;YOGYA JATENG SELATAN;SLEMAN;KLS;create;48,00;CustomerAssign;bima_customerassign_date tersedia (durasi negatif di-clamp ke 0 = Comply);0,00;Comply
202603;TREG 1;RIAU;DUMAI;DUM;migrate;24,00;CustomerAssign;bima_customerassign_date tersedia (durasi negatif di-clamp ke 0 = Comply);6,62;Comply
202603;TREG 3;JATIM TIMUR;JOMBANG;JOM;create;48,00;CustomerAssign;bima_customerassign_date tersedia (durasi negatif di-clamp ke 0 = Comply);0,00;Comply
202603;TREG 3;NUSA TENGGARA;NTT;TNA;create;48,00;CustomerAssign;bima_customerassign_date tersedia (durasi negatif di-clamp ke 0 = Comply);0,00;Comply
202603;TREG 2;BANTEN;PASAR BARU;TAN;migrate;24,00;CustomerAssign;bima_customerassign_date tersedia (durasi negatif di-clamp ke 0 = Comply);8,71;Comply
202603;TREG 2;JAKARTA CENTRUM;JAKUT;MKR;migrate;24,00;CustomerAssign;bima_customerassign_date tersedia (durasi negatif di-clamp ke 0 = Comply);0,00;Comply
202603;TREG 2;JAKARTA INNER;JAKBAR;SLP;migrate;24,00;CustomerAssign;bima_customerassign_date tersedia (durasi negatif di-clamp ke 0 = Comply);32,86;Not Comply
202603;TREG 3;YOGYA JATENG SELATAN;YOGYAKARTA;KEN;create;48,00;CustomerAssign;bima_customerassign_date tersedia (durasi negatif di-clamp ke 0 = Comply);8,89;Comply
202603;TREG 3;SURAMADU;GRESIK;GSK;migrate;24,00;CustomerAssign;bima_customerassign_date tersedia (durasi negatif di-clamp ke 0 = Comply);7,15;Comply
202603;TREG 2;PRIANGAN BARAT;DEPOK;SKJ;create;48,00;CustomerAssign;bima_customerassign_date tersedia (durasi negatif di-clamp ke 0 = Comply);74,18;Not Comply
202603;TREG 4;KALBAR;PONTIANAK;SAO;migrate;24,00;CustomerAssign;bima_customerassign_date tersedia (durasi negatif di-clamp ke 0 = Comply);105,19;Not Comply
202603;TREG 4;KALBAR;PONTIANAK;JAW;create;48,00;CustomerAssign;bima_customerassign_date tersedia (durasi negatif di-clamp ke 0 = Comply);292,21;Not Comply
202603;TREG 3;SURAMADU;GRESIK;GSK;migrate;24,00;CustomerAssign;bima_customerassign_date tersedia (durasi negatif di-clamp ke 0 = Comply);26,23;Not Comply
202603;TREG 3;SURAMADU;SURABAYA UTARA;LKI;create;48,00;PI;bima_customerassign_date kosong → pakai orca_pi_date (durasi negatif di-clamp ke 0 = Comply);141,95;Not Comply
202603;TREG 2;BEKASI KARAWANG;PURWAKARTA;PWK;migrate;24,00;CustomerAssign;bima_customerassign_date tersedia (durasi negatif di-clamp ke 0 = Comply);105,26;Not Comply
202603;TREG 3;SURAMADU;GRESIK;GSK;migrate;24,00;CustomerAssign;bima_customerassign_date tersedia (durasi negatif di-clamp ke 0 = Comply);0,00;Comply
202603;TREG 1;RIAU;RIDAR;PBB;migrate;24,00;CustomerAssign;bima_customerassign_date tersedia (durasi negatif di-clamp ke 0 = Comply);28,65;Not Comply
202603;TREG 2;BEKASI KARAWANG;CIKARANG;EJI;migrate;24,00;CustomerAssign;bima_customerassign_date tersedia (durasi negatif di-clamp ke 0 = Comply);0,00;Comply
202603;TREG 3;SEMARANG JATENG UTARA;SEMARANG;MJP;migrate;24,00;CustomerAssign;bima_customerassign_date tersedia (durasi negatif di-clamp ke 0 = Comply);0,00;Comply
202603;TREG 3;SEMARANG JATENG UTARA;SEMARANG;SMT;migrate;24,00;CustomerAssign;bima_customerassign_date tersedia (durasi negatif di-clamp ke 0 = Comply);0,00;Comply
202603;TREG 3;SEMARANG JATENG UTARA;SEMARANG;MJP;migrate;24,00;CustomerAssign;bima_customerassign_date tersedia (durasi negatif di-clamp ke 0 = Comply);0,00;Comply
202603;TREG 2;JAKARTA CENTRUM;JAKPUS;CID;migrate;24,00;CustomerAssign;bima_customerassign_date tersedia (durasi negatif di-clamp ke 0 = Comply);4,92;Comply
202603;TREG 1;LAMPUNG BENGKULU;LAMPUNG;KDT;migrate;24,00;CustomerAssign;bima_customerassign_date tersedia (durasi negatif di-clamp ke 0 = Comply);2,96;Comply
202603;TREG 3;BALI;DENPASAR CENTRUM;SAU;migrate;24,00;CustomerAssign;bima_customerassign_date tersedia (durasi negatif di-clamp ke 0 = Comply);29,06;Not Comply
202603;TREG 2;PRIANGAN BARAT;DEPOK;DEP;create;48,00;CustomerAssign;bima_customerassign_date tersedia (durasi negatif di-clamp ke 0 = Comply);197,21;Not Comply
202603;TREG 4;KALSELTENG;BANJARBARU;LUL;migrate;24,00;CustomerAssign;bima_customerassign_date tersedia (durasi negatif di-clamp ke 0 = Comply);10,49;Comply
202603;TREG 1;SUMUT;MEDAN;TJM;migrate;24,00;CustomerAssign;bima_customerassign_date tersedia (durasi negatif di-clamp ke 0 = Comply);123,61;Not Comply
202603;TREG 2;JAKARTA CENTRUM;JAKUT;STR;migrate;24,00;CustomerAssign;bima_customerassign_date tersedia (durasi negatif di-clamp ke 0 = Comply);0,00;Comply
202603;TREG 2;JAKARTA OUTER;JAKSEL;PSM;create;48,00;CustomerAssign;bima_customerassign_date tersedia (durasi negatif di-clamp ke 0 = Comply);0,00;Comply
202603;TREG 4;KALSELTENG;BANJARMASIN;BJM;migrate;24,00;CustomerAssign;bima_customerassign_date tersedia (durasi negatif di-clamp ke 0 = Comply);0,00;Comply
202603;TREG 3;JATIM BARAT;MALANG;SWJ;migrate;24,00;CustomerAssign;bima_customerassign_date tersedia (durasi negatif di-clamp ke 0 = Comply);10,84;Comply
202603;TREG 2;JAKARTA OUTER;JAKTIM;GAN;migrate;24,00;CustomerAssign;bima_customerassign_date tersedia (durasi negatif di-clamp ke 0 = Comply);6,01;Comply
202603;TREG 3;JATIM BARAT;BLITAR;BLR;migrate;24,00;CustomerAssign;bima_customerassign_date tersedia (durasi negatif di-clamp ke 0 = Comply);6,04;Comply
202603;TREG 3;JATIM TIMUR;PASURUAN;PSN;migrate;24,00;CustomerAssign;bima_customerassign_date tersedia (durasi negatif di-clamp ke 0 = Comply);6,16;Comply
202603;TREG 4;KALSELTENG;BANJARMASIN;KYG;migrate;24,00;CustomerAssign;bima_customerassign_date tersedia (durasi negatif di-clamp ke 0 = Comply);59,43;Not Comply
202603;TREG 2;BANTEN;CIPUTAT;PKU;migrate;24,00;CustomerAssign;bima_customerassign_date tersedia (durasi negatif di-clamp ke 0 = Comply);35,59;Not Comply
202603;TREG 3;JATIM TIMUR;SIDOARJO;SDA;migrate;24,00;CustomerAssign;bima_customerassign_date tersedia (durasi negatif di-clamp ke 0 = Comply);0,00;Comply
202603;TREG 3;JATIM BARAT;NGAWI;NWI;migrate;24,00;CustomerAssign;bima_customerassign_date tersedia (durasi negatif di-clamp ke 0 = Comply);4,71;Comply
202603;TREG 5;SULBAGSEL;MAKASSAR;ANT;create;48,00;CustomerAssign;bima_customerassign_date tersedia (durasi negatif di-clamp ke 0 = Comply);0,00;Comply
202603;TREG 5;SULBAGSEL;PARE-PARE;PRE;migrate;24,00;CustomerAssign;bima_customerassign_date tersedia (durasi negatif di-clamp ke 0 = Comply);7,16;Comply
202603;TREG 5;SULBAGSEL;SITOR;RTP;migrate;24,00;CustomerAssign;bima_customerassign_date tersedia (durasi negatif di-clamp ke 0 = Comply);29,19;Not Comply
202603;TREG 2;BEKASI KARAWANG;CIKARANG;SMH;migrate;24,00;CustomerAssign;bima_customerassign_date tersedia (durasi negatif di-clamp ke 0 = Comply);7,32;Comply
202603;TREG 3;SURAMADU;SURABAYA SELATAN;DMO;migrate;24,00;CustomerAssign;bima_customerassign_date tersedia (durasi negatif di-clamp ke 0 = Comply);12,38;Comply
202603;TREG 1;RIAU;DUMAI;DRI;migrate;24,00;CustomerAssign;bima_customerassign_date tersedia (durasi negatif di-clamp ke 0 = Comply);36,39;Not Comply
202603;TREG 3;SURAMADU;SURABAYA SELATAN;DMO;migrate;24,00;CustomerAssign;bima_customerassign_date tersedia (durasi negatif di-clamp ke 0 = Comply);12,41;Comply
202603;TREG 2;BEKASI KARAWANG;CIKARANG;CIK;migrate;24,00;CustomerAssign;bima_customerassign_date tersedia (durasi negatif di-clamp ke 0 = Comply);5,41;Comply
202603;TREG 2;JAKARTA OUTER;JAKTIM;JTN;create;48,00;CustomerAssign;bima_customerassign_date tersedia (durasi negatif di-clamp ke 0 = Comply);12,60;Comply
202603;TREG 3;NUSA TENGGARA;WAINGAPU;WGP;migrate;24,00;CustomerAssign;bima_customerassign_date tersedia (durasi negatif di-clamp ke 0 = Comply);149,69;Not Comply
202603;TREG 2;JAKARTA CENTRUM;JAKUT;MRD;migrate;24,00;CustomerAssign;bima_customerassign_date tersedia (durasi negatif di-clamp ke 0 = Comply);5,88;Comply
202603;TREG 2;JAKARTA OUTER;JAKTIM;KLD;migrate;24,00;CustomerAssign;bima_customerassign_date tersedia (durasi negatif di-clamp ke 0 = Comply);0,00;Comply
202603;TREG 1;RIAU;RIDAR;PBB;create;48,00;CustomerAssign;bima_customerassign_date tersedia (durasi negatif di-clamp ke 0 = Comply);0,00;Comply
202603;TREG 1;SUMUT;SIBOLGA;SBG;migrate;24,00;CustomerAssign;bima_customerassign_date tersedia (durasi negatif di-clamp ke 0 = Comply);33,33;Not Comply
202603;TREG 2;BANTEN;PASAR BARU;TAN;migrate;24,00;CustomerAssign;bima_customerassign_date tersedia (durasi negatif di-clamp ke 0 = Comply);9,33;Comply
202603;TREG 3;JATIM TIMUR;SIDOARJO;SDA;migrate;24,00;CustomerAssign;bima_customerassign_date tersedia (durasi negatif di-clamp ke 0 = Comply);0,00;Comply
202603;TREG 1;RIAU;RIDAR;PBB;migrate;24,00;CustomerAssign;bima_customerassign_date tersedia (durasi negatif di-clamp ke 0 = Comply);178,27;Not Comply
202603;TREG 1;RIAU;BANGKINANG;PKR;migrate;24,00;CustomerAssign;bima_customerassign_date tersedia (durasi negatif di-clamp ke 0 = Comply);58,76;Not Comply
202603;TREG 4;KALTIMTARA;TARAKAN;TRK;migrate;24,00;CustomerAssign;bima_customerassign_date tersedia (durasi negatif di-clamp ke 0 = Comply);23,68;Comply
202603;TREG 3;SURAMADU;SURABAYA SELATAN;IJK;migrate;24,00;CustomerAssign;bima_customerassign_date tersedia (durasi negatif di-clamp ke 0 = Comply);48,96;Not Comply
202603;TREG 1;SUMBAR JAMBI;BUKIT TINGGI;PYK;migrate;24,00;CustomerAssign;bima_customerassign_date tersedia (durasi negatif di-clamp ke 0 = Comply);41,99;Not Comply
202603;TREG 2;BEKASI KARAWANG;BEKASI;KLB;migrate;24,00;CustomerAssign;bima_customerassign_date tersedia (durasi negatif di-clamp ke 0 = Comply);25,15;Not Comply
202603;TREG 5;SULBAGSEL;MAMUJU;MAM;migrate;24,00;CustomerAssign;bima_customerassign_date tersedia (durasi negatif di-clamp ke 0 = Comply);47,75;Not Comply
202603;TREG 4;KALTIMTARA;BONTANG;BOT;migrate;24,00;CustomerAssign;bima_customerassign_date tersedia (durasi negatif di-clamp ke 0 = Comply);169,78;Not Comply
202603;TREG 3;YOGYA JATENG SELATAN;YOGYAKARTA;KEN;migrate;24,00;CustomerAssign;bima_customerassign_date tersedia (durasi negatif di-clamp ke 0 = Comply);90,91;Not Comply
202603;TREG 3;YOGYA JATENG SELATAN;YOGYAKARTA;KEN;migrate;24,00;CustomerAssign;bima_customerassign_date tersedia (durasi negatif di-clamp ke 0 = Comply);26,00;Not Comply
202603;TREG 4;KALSELTENG;TANJUNG TABALONG;TJL;migrate;24,00;CustomerAssign;bima_customerassign_date tersedia (durasi negatif di-clamp ke 0 = Comply);43,11;Not Comply
202603;TREG 3;YOGYA JATENG SELATAN;KEBUMEN;KBM;migrate;24,00;CustomerAssign;bima_customerassign_date tersedia (durasi negatif di-clamp ke 0 = Comply);69,16;Not Comply
202603;TREG 2;PRIANGAN BARAT;KUJANG;PAR;migrate;24,00;CustomerAssign;bima_customerassign_date tersedia (durasi negatif di-clamp ke 0 = Comply);21,34;Comply
202603;TREG 3;SOLO JATENG TIMUR;SRAGEN;TWM;migrate;24,00;PI;bima_customerassign_date kosong → pakai orca_pi_date (durasi negatif di-clamp ke 0 = Comply);69,41;Not Comply
202603;TREG 3;YOGYA JATENG SELATAN;YOGYAKARTA;KEN;migrate;24,00;CustomerAssign;bima_customerassign_date tersedia (durasi negatif di-clamp ke 0 = Comply);218,42;Not Comply
202603;TREG 3;YOGYA JATENG SELATAN;PURWOREJO;KTA;migrate;24,00;CustomerAssign;bima_customerassign_date tersedia (durasi negatif di-clamp ke 0 = Comply);43,46;Not Comply
202603;TREG 3;YOGYA JATENG SELATAN;MUNTILAN;SWT;migrate;24,00;CustomerAssign;bima_customerassign_date tersedia (durasi negatif di-clamp ke 0 = Comply);0,00;Comply
202603;TREG 4;KALTIMTARA;BONTANG;BOT;migrate;24,00;CustomerAssign;bima_customerassign_date tersedia (durasi negatif di-clamp ke 0 = Comply);43,63;Not Comply
202603;TREG 3;JATIM BARAT;MALANG;SWJ;create;48,00;CustomerAssign;bima_customerassign_date tersedia (durasi negatif di-clamp ke 0 = Comply);0,00;Comply
202603;TREG 2;JAKARTA OUTER;JAKSEL;KAL;migrate;24,00;CustomerAssign;bima_customerassign_date tersedia (durasi negatif di-clamp ke 0 = Comply);430,01;Not Comply
202603;TREG 1;SUMBAGSEL;BABEL;MTK;migrate;24,00;CustomerAssign;bima_customerassign_date tersedia (durasi negatif di-clamp ke 0 = Comply);51,41;Not Comply
202603;TREG 5;SULBAGSEL;MAROS;SUD;migrate;24,00;CustomerAssign;bima_customerassign_date tersedia (durasi negatif di-clamp ke 0 = Comply);166,42;Not Comply
202603;TREG 3;JATIM BARAT;MADIUN;MNZ;migrate;24,00;CustomerAssign;bima_customerassign_date tersedia (durasi negatif di-clamp ke 0 = Comply);99,56;Not Comply
202603;TREG 2;BANDUNG;BANDUNG;DGO;migrate;24,00;CustomerAssign;bima_customerassign_date tersedia (durasi negatif di-clamp ke 0 = Comply);3,75;Comply
202603;TREG 4;KALTIMTARA;BULUNGAN BERAU;TBY;migrate;24,00;CustomerAssign;bima_customerassign_date tersedia (durasi negatif di-clamp ke 0 = Comply);25,96;Not Comply
202603;TREG 2;PRIANGAN BARAT;DEPOK;CNE;migrate;24,00;CustomerAssign;bima_customerassign_date tersedia (durasi negatif di-clamp ke 0 = Comply);28,32;Not Comply
202603;TREG 4;KALTIMTARA;SAMARINDA;SMR;create;48,00;CustomerAssign;bima_customerassign_date tersedia (durasi negatif di-clamp ke 0 = Comply);4,37;Comply
202603;TREG 2;JAKARTA OUTER;JAKTIM;KRG;create;48,00;CustomerAssign;bima_customerassign_date tersedia (durasi negatif di-clamp ke 0 = Comply);23,39;Comply
202603;TREG 3;JATIM TIMUR;BANYUWANGI;BWG;migrate;24,00;CustomerAssign;bima_customerassign_date tersedia (durasi negatif di-clamp ke 0 = Comply);21,40;Comply
202603;TREG 4;BALIKPAPAN;TANAHGROGOT;SKU;migrate;24,00;CustomerAssign;bima_customerassign_date tersedia (durasi negatif di-clamp ke 0 = Comply);0,00;Comply
202603;TREG 4;KALSELTENG;TANJUNG TABALONG;AMT;migrate;24,00;CustomerAssign;bima_customerassign_date tersedia (durasi negatif di-clamp ke 0 = Comply);0,00;Comply
202603;TREG 4;KALSELTENG;TANJUNG TABALONG;KDG;migrate;24,00;CustomerAssign;bima_customerassign_date tersedia (durasi negatif di-clamp ke 0 = Comply);28,93;Not Comply
202603;TREG 2;BANDUNG;BANDUNG;GGK;migrate;24,00;CustomerAssign;bima_customerassign_date tersedia (durasi negatif di-clamp ke 0 = Comply);4,97;Comply
202603;TREG 5;SULBAGSEL;GOWA;SUG;migrate;24,00;CustomerAssign;bima_customerassign_date tersedia (durasi negatif di-clamp ke 0 = Comply);24,17;Not Comply
202603;TREG 2;PRIANGAN TIMUR;GARUT;GRU;migrate;24,00;CustomerAssign;bima_customerassign_date tersedia (durasi negatif di-clamp ke 0 = Comply);22,24;Comply
202603;TREG 2;BANTEN;PASAR BARU;CPD;migrate;24,00;CustomerAssign;bima_customerassign_date tersedia (durasi negatif di-clamp ke 0 = Comply);77,37;Not Comply
202603;TREG 1;SUMUT;MEDAN;SPM;migrate;24,00;CustomerAssign;bima_customerassign_date tersedia (durasi negatif di-clamp ke 0 = Comply);22,38;Comply
202603;TREG 4;KALTIMTARA;BULUNGAN BERAU;TRD;migrate;24,00;CustomerAssign;bima_customerassign_date tersedia (durasi negatif di-clamp ke 0 = Comply);29,46;Not Comply
202603;TREG 2;JAKARTA OUTER;JAKSEL;KAL;migrate;24,00;CustomerAssign;bima_customerassign_date tersedia (durasi negatif di-clamp ke 0 = Comply);5,54;Comply
202603;TREG 1;RIAU;RIKEP;SLU;migrate;24,00;CustomerAssign;bima_customerassign_date tersedia (durasi negatif di-clamp ke 0 = Comply);5,63;Comply
202603;TREG 4;KALBAR;SINTANG;PUT;migrate;24,00;CustomerAssign;bima_customerassign_date tersedia (durasi negatif di-clamp ke 0 = Comply);53,68;Not Comply
202603;TREG 5;SULBAGSEL;MAKASSAR;BAL;create;48,00;CustomerAssign;bima_customerassign_date tersedia (durasi negatif di-clamp ke 0 = Comply);5,77;Comply
202603;TREG 2;JAKARTA OUTER;JAKTIM;PSR;create;48,00;CustomerAssign;bima_customerassign_date tersedia (durasi negatif di-clamp ke 0 = Comply);5,89;Comply
202603;TREG 3;JATIM BARAT;MALANG;MLG;migrate;24,00;CustomerAssign;bima_customerassign_date tersedia (durasi negatif di-clamp ke 0 = Comply);5,98;Comply
202603;TREG 2;JAKARTA CENTRUM;JAKUT;PDM;migrate;24,00;CustomerAssign;bima_customerassign_date tersedia (durasi negatif di-clamp ke 0 = Comply);6,19;Comply
202603;TREG 4;BALIKPAPAN;BALIKPAPAN;KJN;create;48,00;CustomerAssign;bima_customerassign_date tersedia (durasi negatif di-clamp ke 0 = Comply);0,00;Comply
202603;TREG 4;KALSELTENG;BANJARMASIN;ULI;create;48,00;CustomerAssign;bima_customerassign_date tersedia (durasi negatif di-clamp ke 0 = Comply);6,37;Comply
202603;TREG 2;BANTEN;LENGKONG;LKG;migrate;24,00;CustomerAssign;bima_customerassign_date tersedia (durasi negatif di-clamp ke 0 = Comply);25,43;Not Comply
202603;TREG 3;SURAMADU;GRESIK;GSK;migrate;24,00;CustomerAssign;bima_customerassign_date tersedia (durasi negatif di-clamp ke 0 = Comply);23,44;Comply
202603;TREG 2;PRIANGAN BARAT;DEPOK;SKJ;migrate;24,00;CustomerAssign;bima_customerassign_date tersedia (durasi negatif di-clamp ke 0 = Comply);0,00;Comply
202603;TREG 2;PRIANGAN BARAT;CIBINONG;CBI;migrate;24,00;CustomerAssign;bima_customerassign_date tersedia (durasi negatif di-clamp ke 0 = Comply);0,00;Comply
202603;TREG 1;RIAU;TANJUNG PINANG;DBS;migrate;24,00;CustomerAssign;bima_customerassign_date tersedia (durasi negatif di-clamp ke 0 = Comply);6,62;Comply
202603;TREG 2;PRIANGAN BARAT;DEPOK;SKJ;migrate;24,00;CustomerAssign;bima_customerassign_date tersedia (durasi negatif di-clamp ke 0 = Comply);1,86;Comply
202603;TREG 4;KALSELTENG;SAMPIT;SAI;migrate;24,00;CustomerAssign;bima_customerassign_date tersedia (durasi negatif di-clamp ke 0 = Comply);0,00;Comply
202603;TREG 4;KALTIMTARA;TARAKAN;TRK;migrate;24,00;CustomerAssign;bima_customerassign_date tersedia (durasi negatif di-clamp ke 0 = Comply);31,32;Not Comply
202603;TREG 4;KALTIMTARA;BONTANG;STT;migrate;24,00;CustomerAssign;bima_customerassign_date tersedia (durasi negatif di-clamp ke 0 = Comply);31,38;Not Comply
202603;TREG 5;SULBAGSEL;BANTAENG;BLK;migrate;24,00;CustomerAssign;bima_customerassign_date tersedia (durasi negatif di-clamp ke 0 = Comply);0,00;Comply
202603;TREG 2;PRIANGAN BARAT;DEPOK;DEP;migrate;24,00;CustomerAssign;bima_customerassign_date tersedia (durasi negatif di-clamp ke 0 = Comply);2,54;Comply
202603;TREG 3;SURAMADU;SURABAYA SELATAN;IJK;migrate;24,00;CustomerAssign;bima_customerassign_date tersedia (durasi negatif di-clamp ke 0 = Comply);7,56;Comply
202603;TREG 2;JAKARTA OUTER;JAKTIM;PDK;create;48,00;CustomerAssign;bima_customerassign_date tersedia (durasi negatif di-clamp ke 0 = Comply);0,00;Comply
202603;TREG 1;SUMBAR JAMBI;JAMBI;TTJ;migrate;24,00;CustomerAssign;bima_customerassign_date tersedia (durasi negatif di-clamp ke 0 = Comply);26,65;Not Comply
202603;TREG 2;PRIANGAN BARAT;CIBADAK;PLR;migrate;24,00;CustomerAssign;bima_customerassign_date tersedia (durasi negatif di-clamp ke 0 = Comply);319,75;Not Comply
202603;TREG 1;RIAU;BANGKINANG;ARK;migrate;24,00;CustomerAssign;bima_customerassign_date tersedia (durasi negatif di-clamp ke 0 = Comply);3,07;Comply
202603;TREG 2;JAKARTA CENTRUM;JAKPUS;CPP;migrate;24,00;CustomerAssign;bima_customerassign_date tersedia (durasi negatif di-clamp ke 0 = Comply);3,13;Comply
202603;TREG 2;BEKASI KARAWANG;BEKASI;KRA;migrate;24,00;CustomerAssign;bima_customerassign_date tersedia (durasi negatif di-clamp ke 0 = Comply);8,64;Comply
202603;TREG 3;YOGYA JATENG SELATAN;YOGYAKARTA;KEN;migrate;24,00;CustomerAssign;bima_customerassign_date tersedia (durasi negatif di-clamp ke 0 = Comply);0,00;Comply
202603;TREG 3;YOGYA JATENG SELATAN;YOGYAKARTA;KBU;migrate;24,00;CustomerAssign;bima_customerassign_date tersedia (durasi negatif di-clamp ke 0 = Comply);0,00;Comply
202603;TREG 1;RIAU;RIKEP;SLU;migrate;24,00;CustomerAssign;bima_customerassign_date tersedia (durasi negatif di-clamp ke 0 = Comply);56,96;Not Comply
202603;TREG 1;SUMBAR JAMBI;JAMBI;KOA;create;48,00;CustomerAssign;bima_customerassign_date tersedia (durasi negatif di-clamp ke 0 = Comply);28,12;Comply
202603;TREG 2;BANTEN;CIPUTAT;CLD;migrate;24,00;CustomerAssign;bima_customerassign_date tersedia (durasi negatif di-clamp ke 0 = Comply);146,24;Not Comply
202603;TREG 3;JATIM BARAT;TULUNG AGUNG;TUL;migrate;24,00;CustomerAssign;bima_customerassign_date tersedia (durasi negatif di-clamp ke 0 = Comply);0,00;Comply
202603;TREG 2;JAKARTA OUTER;JAKSEL;BIN;create;48,00;CustomerAssign;bima_customerassign_date tersedia (durasi negatif di-clamp ke 0 = Comply);2,45;Comply
202603;TREG 2;JAKARTA OUTER;JAKTIM;PGB;create;48,00;CustomerAssign;bima_customerassign_date tersedia (durasi negatif di-clamp ke 0 = Comply);4,50;Comply
202603;TREG 2;PRIANGAN BARAT;KUJANG;SPL;migrate;24,00;CustomerAssign;bima_customerassign_date tersedia (durasi negatif di-clamp ke 0 = Comply);4,52;Comply
202603;TREG 3;SURAMADU;SURABAYA SELATAN;DMO;create;48,00;CustomerAssign;bima_customerassign_date tersedia (durasi negatif di-clamp ke 0 = Comply);4,55;Comply
202603;TREG 2;JAKARTA CENTRUM;JAKUT;STR;migrate;24,00;CustomerAssign;bima_customerassign_date tersedia (durasi negatif di-clamp ke 0 = Comply);0,00;Comply
202603;TREG 2;JAKARTA OUTER;JAKTIM;CWA;create;48,00;CustomerAssign;bima_customerassign_date tersedia (durasi negatif di-clamp ke 0 = Comply);0,00;Comply
202603;TREG 1;SUMUT;MEDAN;CTD;create;48,00;CustomerAssign;bima_customerassign_date tersedia (durasi negatif di-clamp ke 0 = Comply);0,00;Comply
202603;TREG 3;SURAMADU;SURABAYA SELATAN;WRU;create;48,00;CustomerAssign;bima_customerassign_date tersedia (durasi negatif di-clamp ke 0 = Comply);0,00;Comply
202603;TREG 2;PRIANGAN BARAT;CIBINONG;CBI;migrate;24,00;CustomerAssign;bima_customerassign_date tersedia (durasi negatif di-clamp ke 0 = Comply);10,11;Comply
202603;TREG 4;BALIKPAPAN;BALIKPAPAN;BRU;migrate;24,00;CustomerAssign;bima_customerassign_date tersedia (durasi negatif di-clamp ke 0 = Comply);19,42;Comply
202603;TREG 2;JAKARTA OUTER;JAKSEL;JAG;migrate;24,00;CustomerAssign;bima_customerassign_date tersedia (durasi negatif di-clamp ke 0 = Comply);10,83;Comply
202603;TREG 2;JAKARTA INNER;JAKBAR;TGA;migrate;24,00;CustomerAssign;bima_customerassign_date tersedia (durasi negatif di-clamp ke 0 = Comply);51,88;Not Comply
202603;TREG 3;NUSA TENGGARA;BIMA;BIM;migrate;24,00;CustomerAssign;bima_customerassign_date tersedia (durasi negatif di-clamp ke 0 = Comply);675,95;Not Comply
202603;TREG 2;JAKARTA INNER;JAKBAR;TGA;migrate;24,00;CustomerAssign;bima_customerassign_date tersedia (durasi negatif di-clamp ke 0 = Comply);34,97;Not Comply
202603;TREG 3;SEMARANG JATENG UTARA;UNGARAN;BWE;migrate;24,00;CustomerAssign;bima_customerassign_date tersedia (durasi negatif di-clamp ke 0 = Comply);6,14;Comply
202603;TREG 1;ACEH;ACEH;DAR;create;48,00;CustomerAssign;bima_customerassign_date tersedia (durasi negatif di-clamp ke 0 = Comply);35,54;Comply
202603;TREG 3;SURAMADU;SURABAYA UTARA;KBL;create;48,00;CustomerAssign;bima_customerassign_date tersedia (durasi negatif di-clamp ke 0 = Comply);0,00;Comply
202603;TREG 2;BANDUNG;BANDUNG BARAT;CMI;migrate;24,00;CustomerAssign;bima_customerassign_date tersedia (durasi negatif di-clamp ke 0 = Comply);35,73;Not Comply
202603;TREG 3;SOLO JATENG TIMUR;JEPARA;DMA;create;48,00;CustomerAssign;bima_customerassign_date tersedia (durasi negatif di-clamp ke 0 = Comply);59,87;Not Comply
202603;TREG 1;RIAU;RIKEP;SLU;migrate;24,00;CustomerAssign;bima_customerassign_date tersedia (durasi negatif di-clamp ke 0 = Comply);0,00;Comply
202603;TREG 3;SEMARANG JATENG UTARA;UNGARAN;UNR;migrate;24,00;CustomerAssign;bima_customerassign_date tersedia (durasi negatif di-clamp ke 0 = Comply);0,00;Comply
202603;TREG 2;BEKASI KARAWANG;CIKARANG;CIB;migrate;24,00;CustomerAssign;bima_customerassign_date tersedia (durasi negatif di-clamp ke 0 = Comply);271,94;Not Comply
202603;TREG 3;SURAMADU;SURABAYA UTARA;KJR;create;48,00;CustomerAssign;bima_customerassign_date tersedia (durasi negatif di-clamp ke 0 = Comply);104,72;Not Comply
202603;TREG 4;KALTIMTARA;BONTANG;LKT;migrate;24,00;CustomerAssign;bima_customerassign_date tersedia (durasi negatif di-clamp ke 0 = Comply);18,38;Comply
202603;TREG 5;SUMALUT;AMBON;PAO;migrate;24,00;CustomerAssign;bima_customerassign_date tersedia (durasi negatif di-clamp ke 0 = Comply);0,00;Comply
202603;TREG 4;KALTIMTARA;BULUNGAN BERAU;TRD;migrate;24,00;CustomerAssign;bima_customerassign_date tersedia (durasi negatif di-clamp ke 0 = Comply);48,51;Not Comply
202603;TREG 1;ACEH;LANGSA;LGS;migrate;24,00;CustomerAssign;bima_customerassign_date tersedia (durasi negatif di-clamp ke 0 = Comply);696,67;Not Comply
202603;TREG 3;SOLO JATENG TIMUR;BLORA;BLO;migrate;24,00;CustomerAssign;bima_customerassign_date tersedia (durasi negatif di-clamp ke 0 = Comply);20,50;Comply
202603;TREG 3;JATIM TIMUR;SIDOARJO;SDA;migrate;24,00;CustomerAssign;bima_customerassign_date tersedia (durasi negatif di-clamp ke 0 = Comply);0,00;Comply
202603;TREG 5;SUMALUT;KOTAMOBAGO;KTG;migrate;24,00;CustomerAssign;bima_customerassign_date tersedia (durasi negatif di-clamp ke 0 = Comply);1,59;Comply
202603;TREG 3;SEMARANG JATENG UTARA;KENDAL;KDL;migrate;24,00;CustomerAssign;bima_customerassign_date tersedia (durasi negatif di-clamp ke 0 = Comply);0,00;Comply
202603;TREG 2;JAKARTA CENTRUM;JAKPUS;CID;migrate;24,00;CustomerAssign;bima_customerassign_date tersedia (durasi negatif di-clamp ke 0 = Comply);0,00;Comply
202603;TREG 1;SUMUT;KISARAN;KIS;migrate;24,00;CustomerAssign;bima_customerassign_date tersedia (durasi negatif di-clamp ke 0 = Comply);0,00;Comply
202603;TREG 3;YOGYA JATENG SELATAN;CILACAP;KRY;migrate;24,00;CustomerAssign;bima_customerassign_date tersedia (durasi negatif di-clamp ke 0 = Comply);219,87;Not Comply
202603;TREG 2;BEKASI KARAWANG;BEKASI;KLB;create;48,00;CustomerAssign;bima_customerassign_date tersedia (durasi negatif di-clamp ke 0 = Comply);0,00;Comply
202603;TREG 5;PAPUA;ABEPURA;ABE;create;48,00;CustomerAssign;bima_customerassign_date tersedia (durasi negatif di-clamp ke 0 = Comply);0,00;Comply
202603;TREG 5;SUMALUT;AMBON;PAO;create;48,00;CustomerAssign;bima_customerassign_date tersedia (durasi negatif di-clamp ke 0 = Comply);0,00;Comply
202603;TREG 3;JATIM BARAT;BLITAR;BLR;migrate;24,00;CustomerAssign;bima_customerassign_date tersedia (durasi negatif di-clamp ke 0 = Comply);21,67;Comply
202603;TREG 2;PRIANGAN BARAT;CIANJUR;CJR;migrate;24,00;CustomerAssign;bima_customerassign_date tersedia (durasi negatif di-clamp ke 0 = Comply);76,81;Not Comply
202603;TREG 5;SULBAGSEL;KENDARI;MDG;migrate;24,00;CustomerAssign;bima_customerassign_date tersedia (durasi negatif di-clamp ke 0 = Comply);52,96;Not Comply
202603;TREG 5;SUMALUT;MENADO;PIK;create;48,00;CustomerAssign;bima_customerassign_date tersedia (durasi negatif di-clamp ke 0 = Comply);0,00;Comply
202603;TREG 4;KALTIMTARA;BULUNGAN BERAU;TRD;migrate;24,00;CustomerAssign;bima_customerassign_date tersedia (durasi negatif di-clamp ke 0 = Comply);240,15;Not Comply
202603;TREG 4;KALBAR;SINGKAWANG;SNW;migrate;24,00;CustomerAssign;bima_customerassign_date tersedia (durasi negatif di-clamp ke 0 = Comply);173,33;Not Comply
202603;TREG 2;BANTEN;PASAR BARU;TAN;create;48,00;CustomerAssign;bima_customerassign_date tersedia (durasi negatif di-clamp ke 0 = Comply);0,40;Comply
202603;TREG 4;KALTIMTARA;SAMARINDA;SMR;migrate;24,00;CustomerAssign;bima_customerassign_date tersedia (durasi negatif di-clamp ke 0 = Comply);77,64;Not Comply
202603;TREG 3;SURAMADU;SURABAYA UTARA;KLN;create;48,00;CustomerAssign;bima_customerassign_date tersedia (durasi negatif di-clamp ke 0 = Comply);0,00;Comply
202603;TREG 2;BANDUNG;BANDUNG BARAT;CMI;migrate;24,00;CustomerAssign;bima_customerassign_date tersedia (durasi negatif di-clamp ke 0 = Comply);95,02;Not Comply
202603;TREG 2;BANDUNG;BANDUNG;BDK;create;48,00;CustomerAssign;bima_customerassign_date tersedia (durasi negatif di-clamp ke 0 = Comply);6,22;Comply
202603;TREG 3;BALI;TABANAN;TBN;migrate;24,00;PI;bima_customerassign_date kosong → pakai orca_pi_date (durasi negatif di-clamp ke 0 = Comply);94,62;Not Comply
202603;TREG 4;KALSELTENG;BATULICIN;SER;migrate;24,00;CustomerAssign;bima_customerassign_date tersedia (durasi negatif di-clamp ke 0 = Comply);30,54;Not Comply
202603;TREG 4;KALTIMTARA;TARAKAN;TRK;migrate;24,00;CustomerAssign;bima_customerassign_date tersedia (durasi negatif di-clamp ke 0 = Comply);30,58;Not Comply
202603;TREG 3;SURAMADU;SURABAYA SELATAN;IJK;migrate;24,00;CustomerAssign;bima_customerassign_date tersedia (durasi negatif di-clamp ke 0 = Comply);23,80;Comply
202603;TREG 2;BANDUNG;BANDUNG BARAT;CMI;migrate;24,00;CustomerAssign;bima_customerassign_date tersedia (durasi negatif di-clamp ke 0 = Comply);23,84;Comply
202603;TREG 2;JAKARTA OUTER;JAKTIM;KLD;migrate;24,00;CustomerAssign;bima_customerassign_date tersedia (durasi negatif di-clamp ke 0 = Comply);0,00;Comply
202603;TREG 4;KALSELTENG;BATULICIN;BLC;migrate;24,00;CustomerAssign;bima_customerassign_date tersedia (durasi negatif di-clamp ke 0 = Comply);1,99;Comply
202603;TREG 3;YOGYA JATENG SELATAN;YOGYAKARTA;KGD;migrate;24,00;CustomerAssign;bima_customerassign_date tersedia (durasi negatif di-clamp ke 0 = Comply);26,19;Not Comply
202603;TREG 3;JATIM TIMUR;SIDOARJO;GDA;migrate;24,00;CustomerAssign;bima_customerassign_date tersedia (durasi negatif di-clamp ke 0 = Comply);0,00;Comply
202603;TREG 2;PRIANGAN BARAT;CIBINONG;TJH;migrate;24,00;CustomerAssign;bima_customerassign_date tersedia (durasi negatif di-clamp ke 0 = Comply);7,56;Comply
202603;TREG 2;JAKARTA OUTER;JAKTIM;PSR;create;48,00;CustomerAssign;bima_customerassign_date tersedia (durasi negatif di-clamp ke 0 = Comply);0,58;Comply
202603;TREG 5;PAPUA;ABEPURA;ABE;migrate;24,00;CustomerAssign;bima_customerassign_date tersedia (durasi negatif di-clamp ke 0 = Comply);48,72;Not Comply
202603;TREG 3;YOGYA JATENG SELATAN;BANTUL;BTL;migrate;24,00;CustomerAssign;bima_customerassign_date tersedia (durasi negatif di-clamp ke 0 = Comply);7,76;Comply
202603;TREG 2;BANDUNG;SUMEDANG;UBR;create;48,00;CustomerAssign;bima_customerassign_date tersedia (durasi negatif di-clamp ke 0 = Comply);103,96;Not Comply
202603;TREG 4;BALIKPAPAN;BALIKPAPAN;BRU;migrate;24,00;CustomerAssign;bima_customerassign_date tersedia (durasi negatif di-clamp ke 0 = Comply);0,00;Comply
202603;TREG 2;PRIANGAN TIMUR;CIREBON;CBN;migrate;24,00;CustomerAssign;bima_customerassign_date tersedia (durasi negatif di-clamp ke 0 = Comply);0,00;Comply
202603;TREG 1;RIAU;RIKEP;BTC;migrate;24,00;CustomerAssign;bima_customerassign_date tersedia (durasi negatif di-clamp ke 0 = Comply);32,64;Not Comply
202603;TREG 5;PAPUA BARAT;SORONG;SON;create;48,00;CustomerAssign;bima_customerassign_date tersedia (durasi negatif di-clamp ke 0 = Comply);0,00;Comply
202603;TREG 1;SUMUT;MEDAN;SKI;create;48,00;CustomerAssign;bima_customerassign_date tersedia (durasi negatif di-clamp ke 0 = Comply);32,90;Comply
202603;TREG 1;RIAU;RIKEP;BTC;migrate;24,00;CustomerAssign;bima_customerassign_date tersedia (durasi negatif di-clamp ke 0 = Comply);27,97;Not Comply
202603;TREG 2;PRIANGAN BARAT;CIBINONG;CBI;migrate;24,00;CustomerAssign;bima_customerassign_date tersedia (durasi negatif di-clamp ke 0 = Comply);993,03;Not Comply
202603;TREG 2;BANDUNG;SOREANG;BJA;create;48,00;CustomerAssign;bima_customerassign_date tersedia (durasi negatif di-clamp ke 0 = Comply);0,00;Comply
202603;TREG 3;JATIM TIMUR;JOMBANG;JOM;migrate;24,00;CustomerAssign;bima_customerassign_date tersedia (durasi negatif di-clamp ke 0 = Comply);2,22;Comply
202603;TREG 4;KALSELTENG;BATULICIN;STI;migrate;24,00;CustomerAssign;bima_customerassign_date tersedia (durasi negatif di-clamp ke 0 = Comply);4,42;Comply
202603;TREG 5;PAPUA;SENTANI;SNI;migrate;24,00;CustomerAssign;bima_customerassign_date tersedia (durasi negatif di-clamp ke 0 = Comply);0,00;Comply
202603;TREG 2;JAKARTA OUTER;JAKTIM;KRG;migrate;24,00;CustomerAssign;bima_customerassign_date tersedia (durasi negatif di-clamp ke 0 = Comply);9,77;Comply
202603;TREG 3;SEMARANG JATENG UTARA;SALATIGA;SLI;migrate;24,00;CustomerAssign;bima_customerassign_date tersedia (durasi negatif di-clamp ke 0 = Comply);0,00;Comply
202603;TREG 2;JAKARTA CENTRUM;JAKPUS;GBC;create;48,00;CustomerAssign;bima_customerassign_date tersedia (durasi negatif di-clamp ke 0 = Comply);5,56;Comply
202603;TREG 3;SEMARANG JATENG UTARA;SEMARANG;SMT;migrate;24,00;CustomerAssign;bima_customerassign_date tersedia (durasi negatif di-clamp ke 0 = Comply);0,00;Comply
202603;TREG 2;PRIANGAN TIMUR;TASIKMALAYA;TSM;migrate;24,00;CustomerAssign;bima_customerassign_date tersedia (durasi negatif di-clamp ke 0 = Comply);10,72;Comply
202603;TREG 4;KALSELTENG;PALANGKARAYA;PLK;migrate;24,00;CustomerAssign;bima_customerassign_date tersedia (durasi negatif di-clamp ke 0 = Comply);35,06;Not Comply
202603;TREG 3;SURAMADU;SURABAYA SELATAN;DMO;migrate;24,00;CustomerAssign;bima_customerassign_date tersedia (durasi negatif di-clamp ke 0 = Comply);54,08;Not Comply
202603;TREG 3;JATIM BARAT;MADIUN;MNZ;migrate;24,00;CustomerAssign;bima_customerassign_date tersedia (durasi negatif di-clamp ke 0 = Comply);6,33;Comply
202603;TREG 1;SUMUT;BINJAI;BJI;migrate;24,00;CustomerAssign;bima_customerassign_date tersedia (durasi negatif di-clamp ke 0 = Comply);179,38;Not Comply
202603;TREG 2;JAKARTA CENTRUM;JAKUT;KTZ;migrate;24,00;CustomerAssign;bima_customerassign_date tersedia (durasi negatif di-clamp ke 0 = Comply);0,00;Comply
202603;TREG 2;BANDUNG;PADALARANG;BTJ;migrate;24,00;CustomerAssign;bima_customerassign_date tersedia (durasi negatif di-clamp ke 0 = Comply);108,42;Not Comply
202603;TREG 1;SUMBAR JAMBI;JAMBI;MND;migrate;24,00;CustomerAssign;bima_customerassign_date tersedia (durasi negatif di-clamp ke 0 = Comply);61,23;Not Comply
202603;TREG 2;JAKARTA INNER;JAKBAR;MRY;create;48,00;CustomerAssign;bima_customerassign_date tersedia (durasi negatif di-clamp ke 0 = Comply);30,46;Comply
202603;TREG 2;JAKARTA OUTER;JAKSEL;CPE;create;48,00;CustomerAssign;bima_customerassign_date tersedia (durasi negatif di-clamp ke 0 = Comply);86,51;Not Comply
202603;TREG 2;BANDUNG;SUMEDANG;CJA;create;48,00;CustomerAssign;bima_customerassign_date tersedia (durasi negatif di-clamp ke 0 = Comply);0,00;Comply
202603;TREG 2;JAKARTA OUTER;JAKSEL;KAL;migrate;24,00;CustomerAssign;bima_customerassign_date tersedia (durasi negatif di-clamp ke 0 = Comply);514,33;Not Comply
202603;TREG 5;PAPUA;ABEPURA;ABE;migrate;24,00;CustomerAssign;bima_customerassign_date tersedia (durasi negatif di-clamp ke 0 = Comply);65,73;Not Comply
202603;TREG 3;JATIM BARAT;MALANG;GDG;migrate;24,00;CustomerAssign;bima_customerassign_date tersedia (durasi negatif di-clamp ke 0 = Comply);44,78;Not Comply
202603;TREG 4;KALSELTENG;TANJUNG TABALONG;BRI;migrate;24,00;CustomerAssign;bima_customerassign_date tersedia (durasi negatif di-clamp ke 0 = Comply);52,83;Not Comply
202603;TREG 4;KALTIMTARA;TARAKAN;TRK;create;48,00;CustomerAssign;bima_customerassign_date tersedia (durasi negatif di-clamp ke 0 = Comply);4,92;Comply
202603;TREG 3;BALI;DENPASAR UTARA;UBN;create;48,00;CustomerAssign;bima_customerassign_date tersedia (durasi negatif di-clamp ke 0 = Comply);432,23;Not Comply
202603;TREG 2;JAKARTA OUTER;JAKTIM;GAN;migrate;24,00;CustomerAssign;bima_customerassign_date tersedia (durasi negatif di-clamp ke 0 = Comply);54,09;Not Comply
202603;TREG 2;JAKARTA CENTRUM;JAKUT;MKR;create;48,00;CustomerAssign;bima_customerassign_date tersedia (durasi negatif di-clamp ke 0 = Comply);0,00;Comply
202603;TREG 2;BEKASI KARAWANG;BEKASI;PKY;migrate;24,00;CustomerAssign;bima_customerassign_date tersedia (durasi negatif di-clamp ke 0 = Comply);0,00;Comply
202603;TREG 2;JAKARTA INNER;JAKBAR;PLM;create;48,00;CustomerAssign;bima_customerassign_date tersedia (durasi negatif di-clamp ke 0 = Comply);0,00;Comply
202603;TREG 3;SOLO JATENG TIMUR;KLATEN;KLX;migrate;24,00;CustomerAssign;bima_customerassign_date tersedia (durasi negatif di-clamp ke 0 = Comply);393,55;Not Comply
202603;TREG 1;RIAU;RIKEP;NGS;migrate;24,00;CustomerAssign;bima_customerassign_date tersedia (durasi negatif di-clamp ke 0 = Comply);77,49;Not Comply
202603;TREG 2;BANTEN;PASAR BARU;CKL;migrate;24,00;CustomerAssign;bima_customerassign_date tersedia (durasi negatif di-clamp ke 0 = Comply);0,00;Comply
202603;TREG 3;BALI;DENPASAR CENTRUM;KLM;migrate;24,00;CustomerAssign;bima_customerassign_date tersedia (durasi negatif di-clamp ke 0 = Comply);0,00;Comply
202603;TREG 2;PRIANGAN BARAT;SUKABUMI;SKB;migrate;24,00;CustomerAssign;bima_customerassign_date tersedia (durasi negatif di-clamp ke 0 = Comply);108,76;Not Comply
202603;TREG 1;SUMUT;SIBOLGA;BLG;create;48,00;CustomerAssign;bima_customerassign_date tersedia (durasi negatif di-clamp ke 0 = Comply);60,96;Not Comply
202603;TREG 5;SULBAGSEL;SITOR;RTP;migrate;24,00;CustomerAssign;bima_customerassign_date tersedia (durasi negatif di-clamp ke 0 = Comply);0,00;Comply
202603;TREG 3;SURAMADU;SURABAYA SELATAN;DMO;migrate;24,00;CustomerAssign;bima_customerassign_date tersedia (durasi negatif di-clamp ke 0 = Comply);16,92;Comply
202603;TREG 5;PAPUA;SENTANI;SNI;migrate;24,00;CustomerAssign;bima_customerassign_date tersedia (durasi negatif di-clamp ke 0 = Comply);0,00;Comply
202603;TREG 5;SUMALUT;TUAL;SML;migrate;24,00;CustomerAssign;bima_customerassign_date tersedia (durasi negatif di-clamp ke 0 = Comply);2,04;Comply
202603;TREG 1;RIAU;RIDAR;PBB;migrate;24,00;CustomerAssign;bima_customerassign_date tersedia (durasi negatif di-clamp ke 0 = Comply);50,19;Not Comply
202603;TREG 3;SURAMADU;SURABAYA UTARA;KJR;migrate;24,00;CustomerAssign;bima_customerassign_date tersedia (durasi negatif di-clamp ke 0 = Comply);117,89;Not Comply
202603;TREG 2;PRIANGAN BARAT;CIANJUR;CJG;migrate;24,00;CustomerAssign;bima_customerassign_date tersedia (durasi negatif di-clamp ke 0 = Comply);44,04;Not Comply
202603;TREG 4;KALTIMTARA;TARAKAN;TAJ;migrate;24,00;CustomerAssign;bima_customerassign_date tersedia (durasi negatif di-clamp ke 0 = Comply);71,89;Not Comply
202603;TREG 4;KALTIMTARA;BULUNGAN BERAU;TRD;create;48,00;CustomerAssign;bima_customerassign_date tersedia (durasi negatif di-clamp ke 0 = Comply);0,00;Comply
202603;TREG 5;SULBAGSEL;BONE;SIN;migrate;24,00;CustomerAssign;bima_customerassign_date tersedia (durasi negatif di-clamp ke 0 = Comply);168,47;Not Comply
202603;TREG 2;BANDUNG;SUMEDANG;UBR;migrate;24,00;CustomerAssign;bima_customerassign_date tersedia (durasi negatif di-clamp ke 0 = Comply);0,00;Comply
202603;TREG 5;SULBAGSEL;MAKASSAR;PNK;create;48,00;CustomerAssign;bima_customerassign_date tersedia (durasi negatif di-clamp ke 0 = Comply);1,83;Comply
202603;TREG 2;JAKARTA OUTER;JAKTIM;KRG;migrate;24,00;CustomerAssign;bima_customerassign_date tersedia (durasi negatif di-clamp ke 0 = Comply);55,74;Not Comply
202603;TREG 2;JAKARTA OUTER;JAKSEL;KMG;migrate;24,00;CustomerAssign;bima_customerassign_date tersedia (durasi negatif di-clamp ke 0 = Comply);56,03;Not Comply
202603;TREG 2;PRIANGAN BARAT;CIBINONG;CBI;create;48,00;CustomerAssign;bima_customerassign_date tersedia (durasi negatif di-clamp ke 0 = Comply);73,41;Not Comply
202603;TREG 3;BALI;DENPASAR SELATAN;KUT;create;48,00;CustomerAssign;bima_customerassign_date tersedia (durasi negatif di-clamp ke 0 = Comply);8,74;Comply
202603;TREG 3;SEMARANG JATENG UTARA;SEMARANG;MJP;migrate;24,00;CustomerAssign;bima_customerassign_date tersedia (durasi negatif di-clamp ke 0 = Comply);0,00;Comply
202603;TREG 3;JATIM TIMUR;SIDOARJO;SDA;migrate;24,00;CustomerAssign;bima_customerassign_date tersedia (durasi negatif di-clamp ke 0 = Comply);9,00;Comply
202603;TREG 3;SEMARANG JATENG UTARA;SEMARANG;MJP;migrate;24,00;CustomerAssign;bima_customerassign_date tersedia (durasi negatif di-clamp ke 0 = Comply);0,00;Comply
202603;TREG 3;SEMARANG JATENG UTARA;SALATIGA;SLI;migrate;24,00;CustomerAssign;bima_customerassign_date tersedia (durasi negatif di-clamp ke 0 = Comply);9,53;Comply
202603;TREG 2;JAKARTA INNER;JAKBAR;CKG;migrate;24,00;CustomerAssign;bima_customerassign_date tersedia (durasi negatif di-clamp ke 0 = Comply);9,96;Comply
202603;TREG 2;BANDUNG;BANDUNG;BDK;migrate;24,00;CustomerAssign;bima_customerassign_date tersedia (durasi negatif di-clamp ke 0 = Comply);76,98;Not Comply
202603;TREG 3;BALI;DENPASAR SELATAN;NSD;migrate;24,00;CustomerAssign;bima_customerassign_date tersedia (durasi negatif di-clamp ke 0 = Comply);0,00;Comply
202603;TREG 2;BANTEN;CIPUTAT;CPA;migrate;24,00;CustomerAssign;bima_customerassign_date tersedia (durasi negatif di-clamp ke 0 = Comply);28,83;Not Comply
202603;TREG 4;KALSELTENG;BANJARMASIN;BJM;migrate;24,00;CustomerAssign;bima_customerassign_date tersedia (durasi negatif di-clamp ke 0 = Comply);31,17;Not Comply
202603;TREG 5;PAPUA;BIAK;BIA;migrate;24,00;CustomerAssign;bima_customerassign_date tersedia (durasi negatif di-clamp ke 0 = Comply);18,07;Comply
202603;TREG 5;SUMALUT;AMBON;PAO;migrate;24,00;CustomerAssign;bima_customerassign_date tersedia (durasi negatif di-clamp ke 0 = Comply);0,00;Comply
202603;TREG 5;PAPUA BARAT;MANOKWARI;MWR;migrate;24,00;CustomerAssign;bima_customerassign_date tersedia (durasi negatif di-clamp ke 0 = Comply);0,00;Comply
202603;TREG 2;PRIANGAN TIMUR;GARUT;GRU;create;48,00;CustomerAssign;bima_customerassign_date tersedia (durasi negatif di-clamp ke 0 = Comply);115,91;Not Comply
202603;TREG 3;BALI;GIANYAR;UBU;migrate;24,00;CustomerAssign;bima_customerassign_date tersedia (durasi negatif di-clamp ke 0 = Comply);48,98;Not Comply
202603;TREG 2;PRIANGAN TIMUR;GARUT;GRU;migrate;24,00;CustomerAssign;bima_customerassign_date tersedia (durasi negatif di-clamp ke 0 = Comply);92,25;Not Comply
202603;TREG 5;PAPUA;SENTANI;SNI;migrate;24,00;CustomerAssign;bima_customerassign_date tersedia (durasi negatif di-clamp ke 0 = Comply);163,39;Not Comply
202603;TREG 1;ACEH;ACEH;SAB;migrate;24,00;CustomerAssign;bima_customerassign_date tersedia (durasi negatif di-clamp ke 0 = Comply);116,67;Not Comply
202603;TREG 5;SULBAGSEL;MAKASSAR;ANT;migrate;24,00;PI;bima_customerassign_date kosong → pakai orca_pi_date (durasi negatif di-clamp ke 0 = Comply);258,51;Not Comply
202603;TREG 3;SURAMADU;SURABAYA UTARA;KNN;create;48,00;CustomerAssign;bima_customerassign_date tersedia (durasi negatif di-clamp ke 0 = Comply);44,01;Comply
202603;TREG 3;YOGYA JATENG SELATAN;CILACAP;GML;migrate;24,00;CustomerAssign;bima_customerassign_date tersedia (durasi negatif di-clamp ke 0 = Comply);166,45;Not Comply
202603;TREG 3;JATIM BARAT;MALANG;GDG;migrate;24,00;CustomerAssign;bima_customerassign_date tersedia (durasi negatif di-clamp ke 0 = Comply);118,82;Not Comply
202603;TREG 5;SULBAGSEL;KOLAKA;KKA;create;48,00;CustomerAssign;bima_customerassign_date tersedia (durasi negatif di-clamp ke 0 = Comply);76,53;Not Comply
202603;TREG 4;BALIKPAPAN;TANAHGROGOT;TNG;migrate;24,00;CustomerAssign;bima_customerassign_date tersedia (durasi negatif di-clamp ke 0 = Comply);189,69;Not Comply
202603;TREG 2;BANTEN;PASAR BARU;CPD;create;48,00;CustomerAssign;bima_customerassign_date tersedia (durasi negatif di-clamp ke 0 = Comply);69,74;Not Comply
202603;TREG 1;RIAU;RIDAR;PBB;migrate;24,00;CustomerAssign;bima_customerassign_date tersedia (durasi negatif di-clamp ke 0 = Comply);71,77;Not Comply
202603;TREG 4;KALSELTENG;BANJARBARU;BBR;migrate;24,00;CustomerAssign;bima_customerassign_date tersedia (durasi negatif di-clamp ke 0 = Comply);0,00;Comply
202603;TREG 4;BALIKPAPAN;BALIKPAPAN;BRU;create;48,00;CustomerAssign;bima_customerassign_date tersedia (durasi negatif di-clamp ke 0 = Comply);0,00;Comply
202603;TREG 2;JAKARTA CENTRUM;JAKUT;KLG;create;48,00;CustomerAssign;bima_customerassign_date tersedia (durasi negatif di-clamp ke 0 = Comply);5,21;Comply
202603;TREG 3;YOGYA JATENG SELATAN;SLEMAN;GOD;create;48,00;CustomerAssign;bima_customerassign_date tersedia (durasi negatif di-clamp ke 0 = Comply);5,26;Comply
202603;TREG 2;BANDUNG;SOREANG;BJA;migrate;24,00;CustomerAssign;bima_customerassign_date tersedia (durasi negatif di-clamp ke 0 = Comply);5,81;Comply
202603;TREG 2;BEKASI KARAWANG;CIKARANG;CIB;migrate;24,00;CustomerAssign;bima_customerassign_date tersedia (durasi negatif di-clamp ke 0 = Comply);72,82;Not Comply
202603;TREG 2;BANDUNG;SOREANG;RCK;migrate;24,00;CustomerAssign;bima_customerassign_date tersedia (durasi negatif di-clamp ke 0 = Comply);53,85;Not Comply
202603;TREG 2;JAKARTA OUTER;JAKTIM;JTN;migrate;24,00;CustomerAssign;bima_customerassign_date tersedia (durasi negatif di-clamp ke 0 = Comply);0,00;Comply
202603;TREG 3;NUSA TENGGARA;NTT;OSP;create;48,00;CustomerAssign;bima_customerassign_date tersedia (durasi negatif di-clamp ke 0 = Comply);72,99;Not Comply
202603;TREG 2;PRIANGAN BARAT;SUKABUMI;SKB;migrate;24,00;CustomerAssign;bima_customerassign_date tersedia (durasi negatif di-clamp ke 0 = Comply);126,19;Not Comply
202603;TREG 4;KALTIMTARA;BONTANG;STT;migrate;24,00;CustomerAssign;bima_customerassign_date tersedia (durasi negatif di-clamp ke 0 = Comply);6,47;Comply
202603;TREG 3;SEMARANG JATENG UTARA;SEMARANG;MJE;migrate;24,00;CustomerAssign;bima_customerassign_date tersedia (durasi negatif di-clamp ke 0 = Comply);0,00;Comply
202603;TREG 2;PRIANGAN BARAT;DEPOK;CNE;create;48,00;CustomerAssign;bima_customerassign_date tersedia (durasi negatif di-clamp ke 0 = Comply);6,69;Comply
202603;TREG 5;PAPUA;BIAK;BIA;migrate;24,00;CustomerAssign;bima_customerassign_date tersedia (durasi negatif di-clamp ke 0 = Comply);0,00;Comply
202603;TREG 4;KALBAR;SINGKAWANG;SNW;migrate;24,00;CustomerAssign;bima_customerassign_date tersedia (durasi negatif di-clamp ke 0 = Comply);198,99;Not Comply
202603;TREG 4;KALSELTENG;PALANGKARAYA;KKP;migrate;24,00;CustomerAssign;bima_customerassign_date tersedia (durasi negatif di-clamp ke 0 = Comply);0,00;Comply
202603;TREG 2;JAKARTA OUTER;JAKSEL;KAL;create;48,00;CustomerAssign;bima_customerassign_date tersedia (durasi negatif di-clamp ke 0 = Comply);0,67;Comply
202603;TREG 4;BALIKPAPAN;BALIKPAPAN;BRU;migrate;24,00;CustomerAssign;bima_customerassign_date tersedia (durasi negatif di-clamp ke 0 = Comply);0,00;Comply
202603;TREG 3;YOGYA JATENG SELATAN;MAGELANG;MGE;create;48,00;CustomerAssign;bima_customerassign_date tersedia (durasi negatif di-clamp ke 0 = Comply);2,71;Comply
202603;TREG 4;KALTIMTARA;TARAKAN;TRK;create;48,00;CustomerAssign;bima_customerassign_date tersedia (durasi negatif di-clamp ke 0 = Comply);55,75;Not Comply
202603;TREG 2;JAKARTA OUTER;JAKTIM;GAN;migrate;24,00;CustomerAssign;bima_customerassign_date tersedia (durasi negatif di-clamp ke 0 = Comply);0,88;Comply
202603;TREG 2;BANTEN;CILEGON;CLG;migrate;24,00;CustomerAssign;bima_customerassign_date tersedia (durasi negatif di-clamp ke 0 = Comply);7,90;Comply
202603;TREG 3;SEMARANG JATENG UTARA;SEMARANG;JHR;migrate;24,00;CustomerAssign;bima_customerassign_date tersedia (durasi negatif di-clamp ke 0 = Comply);0,97;Comply
202603;TREG 3;YOGYA JATENG SELATAN;PURWOKERTO;PWT;create;48,00;CustomerAssign;bima_customerassign_date tersedia (durasi negatif di-clamp ke 0 = Comply);7,98;Comply
202603;TREG 2;BANTEN;LENGKONG;SRP;migrate;24,00;CustomerAssign;bima_customerassign_date tersedia (durasi negatif di-clamp ke 0 = Comply);8,29;Comply
202603;TREG 3;YOGYA JATENG SELATAN;SLEMAN;GOD;migrate;24,00;CustomerAssign;bima_customerassign_date tersedia (durasi negatif di-clamp ke 0 = Comply);97,32;Not Comply
202603;TREG 1;SUMUT;SUMUT;PMS;create;48,00;CustomerAssign;bima_customerassign_date tersedia (durasi negatif di-clamp ke 0 = Comply);56,59;Not Comply
202603;TREG 5;SULBAGSEL;GOWA;SUG;migrate;24,00;CustomerAssign;bima_customerassign_date tersedia (durasi negatif di-clamp ke 0 = Comply);241,85;Not Comply
202603;TREG 2;BANTEN;PASAR BARU;CPD;create;48,00;CustomerAssign;bima_customerassign_date tersedia (durasi negatif di-clamp ke 0 = Comply);8,86;Comply
202603;TREG 2;JAKARTA OUTER;JAKTIM;PSR;migrate;24,00;CustomerAssign;bima_customerassign_date tersedia (durasi negatif di-clamp ke 0 = Comply);3,97;Comply
202603;TREG 2;BANDUNG;SUMEDANG;UBR;migrate;24,00;CustomerAssign;bima_customerassign_date tersedia (durasi negatif di-clamp ke 0 = Comply);9,26;Comply
202603;TREG 2;BANTEN;CIPUTAT;CLD;migrate;24,00;CustomerAssign;bima_customerassign_date tersedia (durasi negatif di-clamp ke 0 = Comply);2,61;Comply
202603;TREG 2;JAKARTA INNER;JAKBAR;TGA;migrate;24,00;CustomerAssign;bima_customerassign_date tersedia (durasi negatif di-clamp ke 0 = Comply);9,63;Comply
202603;TREG 2;PRIANGAN TIMUR;SINGAPARNA;SPA;migrate;24,00;CustomerAssign;bima_customerassign_date tersedia (durasi negatif di-clamp ke 0 = Comply);7,65;Comply
202603;TREG 2;PRIANGAN BARAT;DEPOK;CSL;migrate;24,00;CustomerAssign;bima_customerassign_date tersedia (durasi negatif di-clamp ke 0 = Comply);2,66;Comply
202603;TREG 5;SUMALUT;BITUNG;BIT;migrate;24,00;CustomerAssign;bima_customerassign_date tersedia (durasi negatif di-clamp ke 0 = Comply);0,00;Comply
202603;TREG 5;SULBAGSEL;MAKASSAR;TMA;create;48,00;CustomerAssign;bima_customerassign_date tersedia (durasi negatif di-clamp ke 0 = Comply);441,69;Not Comply
202603;TREG 2;BANTEN;PASAR BARU;CPD;create;48,00;CustomerAssign;bima_customerassign_date tersedia (durasi negatif di-clamp ke 0 = Comply);2,75;Comply
202603;TREG 1;RIAU;RIKEP;LBJ;create;48,00;CustomerAssign;bima_customerassign_date tersedia (durasi negatif di-clamp ke 0 = Comply);9,89;Comply
202603;TREG 4;KALSELTENG;PALANGKARAYA;KKP;migrate;24,00;CustomerAssign;bima_customerassign_date tersedia (durasi negatif di-clamp ke 0 = Comply);0,00;Comply
202603;TREG 3;YOGYA JATENG SELATAN;YOGYAKARTA;KEN;migrate;24,00;CustomerAssign;bima_customerassign_date tersedia (durasi negatif di-clamp ke 0 = Comply);29,23;Not Comply
202603;TREG 2;JAKARTA OUTER;JAKTIM;KLD;migrate;24,00;CustomerAssign;bima_customerassign_date tersedia (durasi negatif di-clamp ke 0 = Comply);75,46;Not Comply
202603;TREG 3;SEMARANG JATENG UTARA;SEMARANG;MJP;create;48,00;CustomerAssign;bima_customerassign_date tersedia (durasi negatif di-clamp ke 0 = Comply);0,00;Comply
202603;TREG 2;BANDUNG;BANDUNG;DGO;create;48,00;CustomerAssign;bima_customerassign_date tersedia (durasi negatif di-clamp ke 0 = Comply);0,00;Comply
202603;TREG 3;JATIM BARAT;KEPANJEN;KEP;migrate;24,00;CustomerAssign;bima_customerassign_date tersedia (durasi negatif di-clamp ke 0 = Comply);5,79;Comply
202603;TREG 3;SOLO JATENG TIMUR;PURWODADI;WRO;create;48,00;CustomerAssign;bima_customerassign_date tersedia (durasi negatif di-clamp ke 0 = Comply);149,96;Not Comply
202603;TREG 2;JAKARTA OUTER;JAKSEL;TBE;migrate;24,00;CustomerAssign;bima_customerassign_date tersedia (durasi negatif di-clamp ke 0 = Comply);6,15;Comply
202603;TREG 1;SUMUT;MEDAN;PDB;migrate;24,00;CustomerAssign;bima_customerassign_date tersedia (durasi negatif di-clamp ke 0 = Comply);4,33;Comply
202603;TREG 5;SUMALUT;MINAHASA;LAN;migrate;24,00;CustomerAssign;bima_customerassign_date tersedia (durasi negatif di-clamp ke 0 = Comply);4,48;Comply
202603;TREG 5;SULBAGSEL;GOWA;SUG;migrate;24,00;CustomerAssign;bima_customerassign_date tersedia (durasi negatif di-clamp ke 0 = Comply);803,62;Not Comply
202603;TREG 2;JAKARTA OUTER;JAKSEL;PSM;migrate;24,00;CustomerAssign;bima_customerassign_date tersedia (durasi negatif di-clamp ke 0 = Comply);0,00;Comply
202603;TREG 2;JAKARTA OUTER;JAKSEL;KAL;migrate;24,00;CustomerAssign;bima_customerassign_date tersedia (durasi negatif di-clamp ke 0 = Comply);486,64;Not Comply
202603;TREG 3;BALI;DENPASAR CENTRUM;TOP;migrate;24,00;CustomerAssign;bima_customerassign_date tersedia (durasi negatif di-clamp ke 0 = Comply);244,65;Not Comply
202603;TREG 4;KALSELTENG;PALANGKARAYA;KKP;migrate;24,00;CustomerAssign;bima_customerassign_date tersedia (durasi negatif di-clamp ke 0 = Comply);0,00;Comply
202603;TREG 1;SUMUT;LUBUK PAKAM;LBP;migrate;24,00;CustomerAssign;bima_customerassign_date tersedia (durasi negatif di-clamp ke 0 = Comply);60,35;Not Comply
202603;TREG 3;JATIM TIMUR;TANGGUL;RBP;create;48,00;CustomerAssign;bima_customerassign_date tersedia (durasi negatif di-clamp ke 0 = Comply);0,00;Comply
202603;TREG 1;SUMUT;MEDAN;CTD;migrate;24,00;CustomerAssign;bima_customerassign_date tersedia (durasi negatif di-clamp ke 0 = Comply);0,00;Comply
202603;TREG 2;JAKARTA OUTER;JAKSEL;JAG;migrate;24,00;CustomerAssign;bima_customerassign_date tersedia (durasi negatif di-clamp ke 0 = Comply);108,76;Not Comply
202603;TREG 2;JAKARTA OUTER;JAKSEL;TBE;migrate;24,00;CustomerAssign;bima_customerassign_date tersedia (durasi negatif di-clamp ke 0 = Comply);0,00;Comply
202603;TREG 2;PRIANGAN TIMUR;KUNINGAN;CLI;migrate;24,00;CustomerAssign;bima_customerassign_date tersedia (durasi negatif di-clamp ke 0 = Comply);32,37;Not Comply
202603;TREG 1;RIAU;BANGKINANG;PKR;migrate;24,00;CustomerAssign;bima_customerassign_date tersedia (durasi negatif di-clamp ke 0 = Comply);32,12;Not Comply
202603;TREG 4;KALTIMTARA;TARAKAN;TRK;migrate;24,00;CustomerAssign;bima_customerassign_date tersedia (durasi negatif di-clamp ke 0 = Comply);69,61;Not Comply
202603;TREG 1;SUMUT;MEDAN;CTD;migrate;24,00;CustomerAssign;bima_customerassign_date tersedia (durasi negatif di-clamp ke 0 = Comply);156,76;Not Comply
202603;TREG 3;JATIM BARAT;BOJONEGORO;BJN;migrate;24,00;CustomerAssign;bima_customerassign_date tersedia (durasi negatif di-clamp ke 0 = Comply);42,71;Not Comply
202603;TREG 4;KALTIMTARA;BONTANG;STT;migrate;24,00;CustomerAssign;bima_customerassign_date tersedia (durasi negatif di-clamp ke 0 = Comply);256,76;Not Comply
202603;TREG 5;SUMALUT;AMBON;PAO;create;48,00;CustomerAssign;bima_customerassign_date tersedia (durasi negatif di-clamp ke 0 = Comply);0,00;Comply
202603;TREG 3;JATIM BARAT;BLITAR;WGI;migrate;24,00;CustomerAssign;bima_customerassign_date tersedia (durasi negatif di-clamp ke 0 = Comply);19,94;Comply
202603;TREG 1;SUMBAR JAMBI;SUMBAR;LBY;migrate;24,00;CustomerAssign;bima_customerassign_date tersedia (durasi negatif di-clamp ke 0 = Comply);169,16;Not Comply
202603;TREG 4;KALTIMTARA;SAMARINDA;LMP;migrate;24,00;CustomerAssign;bima_customerassign_date tersedia (durasi negatif di-clamp ke 0 = Comply);44,21;Not Comply
202603;TREG 5;PAPUA;BIAK;BIA;migrate;24,00;CustomerAssign;bima_customerassign_date tersedia (durasi negatif di-clamp ke 0 = Comply);145,53;Not Comply
202603;TREG 5;SULBAGSEL;MAKASSAR;TMA;migrate;24,00;CustomerAssign;bima_customerassign_date tersedia (durasi negatif di-clamp ke 0 = Comply);121,56;Not Comply
202603;TREG 5;SULBAGSEL;BANTAENG;JNP;migrate;24,00;CustomerAssign;bima_customerassign_date tersedia (durasi negatif di-clamp ke 0 = Comply);314,47;Not Comply
202603;TREG 2;JAKARTA OUTER;JAKTIM;JTN;create;48,00;CustomerAssign;bima_customerassign_date tersedia (durasi negatif di-clamp ke 0 = Comply);261,51;Not Comply
202603;TREG 3;YOGYA JATENG SELATAN;MAGELANG;MGE;migrate;24,00;CustomerAssign;bima_customerassign_date tersedia (durasi negatif di-clamp ke 0 = Comply);0,00;Comply
202603;TREG 4;KALSELTENG;TANJUNG TABALONG;TJL;migrate;24,00;CustomerAssign;bima_customerassign_date tersedia (durasi negatif di-clamp ke 0 = Comply);3,00;Comply
202603;TREG 1;RIAU;RIKEP;LBJ;migrate;24,00;CustomerAssign;bima_customerassign_date tersedia (durasi negatif di-clamp ke 0 = Comply);23,18;Comply
202603;TREG 2;BEKASI KARAWANG;BEKASI;PKY;migrate;24,00;CustomerAssign;bima_customerassign_date tersedia (durasi negatif di-clamp ke 0 = Comply);0,00;Comply
202603;TREG 2;BANTEN;LENGKONG;LGK;migrate;24,00;CustomerAssign;bima_customerassign_date tersedia (durasi negatif di-clamp ke 0 = Comply);0,00;Comply
202603;TREG 4;KALSELTENG;BANJARBARU;BBR;migrate;24,00;CustomerAssign;bima_customerassign_date tersedia (durasi negatif di-clamp ke 0 = Comply);96,11;Not Comply
202603;TREG 2;BEKASI KARAWANG;BEKASI;KLB;migrate;24,00;CustomerAssign;bima_customerassign_date tersedia (durasi negatif di-clamp ke 0 = Comply);149,19;Not Comply
202603;TREG 2;PRIANGAN BARAT;KUJANG;BOO;migrate;24,00;CustomerAssign;bima_customerassign_date tersedia (durasi negatif di-clamp ke 0 = Comply);24,29;Not Comply
202603;TREG 4;KALSELTENG;SAMPIT;SAI;migrate;24,00;CustomerAssign;bima_customerassign_date tersedia (durasi negatif di-clamp ke 0 = Comply);0,43;Comply
202603;TREG 2;BANTEN;PASAR BARU;CPD;migrate;24,00;CustomerAssign;bima_customerassign_date tersedia (durasi negatif di-clamp ke 0 = Comply);0,00;Comply
202603;TREG 4;KALTIMTARA;SAMARINDA;LOB;migrate;24,00;CustomerAssign;bima_customerassign_date tersedia (durasi negatif di-clamp ke 0 = Comply);22,65;Comply
202603;TREG 3;BALI;DENPASAR UTARA;SMY;migrate;24,00;CustomerAssign;bima_customerassign_date tersedia (durasi negatif di-clamp ke 0 = Comply);24,66;Not Comply
202603;TREG 2;BANTEN;CILEGON;CLG;create;48,00;CustomerAssign;bima_customerassign_date tersedia (durasi negatif di-clamp ke 0 = Comply);0,74;Comply
202603;TREG 2;JAKARTA OUTER;JAKTIM;GAN;create;48,00;CustomerAssign;bima_customerassign_date tersedia (durasi negatif di-clamp ke 0 = Comply);5,99;Comply
202603;TREG 1;RIAU;RIKEP;BTC;migrate;24,00;CustomerAssign;bima_customerassign_date tersedia (durasi negatif di-clamp ke 0 = Comply);25,02;Not Comply
202603;TREG 3;YOGYA JATENG SELATAN;SLEMAN;GOD;migrate;24,00;CustomerAssign;bima_customerassign_date tersedia (durasi negatif di-clamp ke 0 = Comply);0,00;Comply
202603;TREG 4;KALSELTENG;PALANGKARAYA;KSO;migrate;24,00;CustomerAssign;bima_customerassign_date tersedia (durasi negatif di-clamp ke 0 = Comply);1,15;Comply
202603;TREG 4;KALSELTENG;TANJUNG TABALONG;BRI;migrate;24,00;CustomerAssign;bima_customerassign_date tersedia (durasi negatif di-clamp ke 0 = Comply);6,18;Comply
202603;TREG 4;KALSELTENG;PANGKALAN BUN;PBU;migrate;24,00;CustomerAssign;bima_customerassign_date tersedia (durasi negatif di-clamp ke 0 = Comply);0,00;Comply
202603;TREG 4;KALTIMTARA;BULUNGAN BERAU;LNN;create;48,00;CustomerAssign;bima_customerassign_date tersedia (durasi negatif di-clamp ke 0 = Comply);1,35;Comply
202603;TREG 5;SULBAGSEL;MAKASSAR;PNK;create;48,00;CustomerAssign;bima_customerassign_date tersedia (durasi negatif di-clamp ke 0 = Comply);1,36;Comply
202603;TREG 2;BANDUNG;BANDUNG;TLE;migrate;24,00;CustomerAssign;bima_customerassign_date tersedia (durasi negatif di-clamp ke 0 = Comply);0,00;Comply
202603;TREG 1;RIAU;TANJUNGBALAI KARIMUN;TBK;migrate;24,00;CustomerAssign;bima_customerassign_date tersedia (durasi negatif di-clamp ke 0 = Comply);6,48;Comply
202603;TREG 3;BALI;DENPASAR CENTRUM;TOP;migrate;24,00;CustomerAssign;bima_customerassign_date tersedia (durasi negatif di-clamp ke 0 = Comply);1,51;Comply
202603;TREG 1;RIAU;RIKEP;LBJ;create;48,00;CustomerAssign;bima_customerassign_date tersedia (durasi negatif di-clamp ke 0 = Comply);191,57;Not Comply
202603;TREG 4;KALSELTENG;BANJARBARU;BBR;create;48,00;CustomerAssign;bima_customerassign_date tersedia (durasi negatif di-clamp ke 0 = Comply);1,57;Comply
202603;TREG 2;PRIANGAN BARAT;CIBINONG;GPI;create;48,00;CustomerAssign;bima_customerassign_date tersedia (durasi negatif di-clamp ke 0 = Comply);1,75;Comply
202603;TREG 1;SUMUT;MEDAN;SPM;migrate;24,00;CustomerAssign;bima_customerassign_date tersedia (durasi negatif di-clamp ke 0 = Comply);121,83;Not Comply
202603;TREG 3;SOLO JATENG TIMUR;SRAGEN;KAR;migrate;24,00;CustomerAssign;bima_customerassign_date tersedia (durasi negatif di-clamp ke 0 = Comply);6,88;Comply
202603;TREG 4;KALSELTENG;TANJUNG TABALONG;TJL;migrate;24,00;CustomerAssign;bima_customerassign_date tersedia (durasi negatif di-clamp ke 0 = Comply);270,91;Not Comply
202603;TREG 4;BALIKPAPAN;BALIKPAPAN;GSA;create;48,00;CustomerAssign;bima_customerassign_date tersedia (durasi negatif di-clamp ke 0 = Comply);0,00;Comply
202603;TREG 2;JAKARTA OUTER;JAKSEL;BIN;create;48,00;CustomerAssign;bima_customerassign_date tersedia (durasi negatif di-clamp ke 0 = Comply);2,08;Comply
202603;TREG 4;KALTIMTARA;BONTANG;BLN;migrate;24,00;CustomerAssign;bima_customerassign_date tersedia (durasi negatif di-clamp ke 0 = Comply);96,14;Not Comply
202603;TREG 3;YOGYA JATENG SELATAN;SLEMAN;PKM;create;48,00;CustomerAssign;bima_customerassign_date tersedia (durasi negatif di-clamp ke 0 = Comply);218,18;Not Comply
202603;TREG 4;KALTIMTARA;BONTANG;BOT;migrate;24,00;CustomerAssign;bima_customerassign_date tersedia (durasi negatif di-clamp ke 0 = Comply);247,21;Not Comply
202603;TREG 2;BEKASI KARAWANG;BEKASI;PDE;migrate;24,00;CustomerAssign;bima_customerassign_date tersedia (durasi negatif di-clamp ke 0 = Comply);2,27;Comply
202603;TREG 2;BANTEN;CILEGON;CLG;migrate;24,00;CustomerAssign;bima_customerassign_date tersedia (durasi negatif di-clamp ke 0 = Comply);175,37;Not Comply
202603;TREG 3;YOGYA JATENG SELATAN;YOGYAKARTA;KBU;migrate;24,00;CustomerAssign;bima_customerassign_date tersedia (durasi negatif di-clamp ke 0 = Comply);26,41;Not Comply
202603;TREG 2;JAKARTA INNER;JAKBAR;PLM;create;48,00;CustomerAssign;bima_customerassign_date tersedia (durasi negatif di-clamp ke 0 = Comply);2,57;Comply
202603;TREG 2;BEKASI KARAWANG;CIKARANG;BGG;create;48,00;CustomerAssign;bima_customerassign_date tersedia (durasi negatif di-clamp ke 0 = Comply);0,00;Comply
202603;TREG 4;KALTIMTARA;MELAK;TGG;migrate;24,00;CustomerAssign;bima_customerassign_date tersedia (durasi negatif di-clamp ke 0 = Comply);2,73;Comply
202603;TREG 4;KALSELTENG;BANJARMASIN;ULI;migrate;24,00;CustomerAssign;bima_customerassign_date tersedia (durasi negatif di-clamp ke 0 = Comply);26,77;Not Comply
202603;TREG 4;KALSELTENG;BANJARBARU;BBR;migrate;24,00;CustomerAssign;bima_customerassign_date tersedia (durasi negatif di-clamp ke 0 = Comply);0,00;Comply
202603;TREG 4;KALSELTENG;BANJARBARU;BBR;migrate;24,00;CustomerAssign;bima_customerassign_date tersedia (durasi negatif di-clamp ke 0 = Comply);2,84;Comply
202603;TREG 3;SEMARANG JATENG UTARA;KENDAL;WLR;migrate;24,00;CustomerAssign;bima_customerassign_date tersedia (durasi negatif di-clamp ke 0 = Comply);151,91;Not Comply
202603;TREG 4;KALBAR;PONTIANAK;JAW;migrate;24,00;CustomerAssign;bima_customerassign_date tersedia (durasi negatif di-clamp ke 0 = Comply);169,07;Not Comply
202603;TREG 4;KALSELTENG;TANJUNG TABALONG;TJL;migrate;24,00;CustomerAssign;bima_customerassign_date tersedia (durasi negatif di-clamp ke 0 = Comply);0,00;Comply
202603;TREG 2;JAKARTA OUTER;JAKTIM;RMG;migrate;24,00;CustomerAssign;bima_customerassign_date tersedia (durasi negatif di-clamp ke 0 = Comply);49,10;Not Comply
202603;TREG 2;JAKARTA INNER;JAKBAR;CKG;migrate;24,00;CustomerAssign;bima_customerassign_date tersedia (durasi negatif di-clamp ke 0 = Comply);80,13;Not Comply
202603;TREG 4;KALSELTENG;TANJUNG TABALONG;RTA;migrate;24,00;CustomerAssign;bima_customerassign_date tersedia (durasi negatif di-clamp ke 0 = Comply);3,16;Comply
202603;TREG 2;JAKARTA OUTER;JAKTIM;KRG;migrate;24,00;CustomerAssign;bima_customerassign_date tersedia (durasi negatif di-clamp ke 0 = Comply);8,17;Comply
202603;TREG 3;SURAMADU;SURABAYA SELATAN;TPO;create;48,00;CustomerAssign;bima_customerassign_date tersedia (durasi negatif di-clamp ke 0 = Comply);3,25;Comply
202603;TREG 2;BANTEN;PASAR BARU;SPT;create;48,00;CustomerAssign;bima_customerassign_date tersedia (durasi negatif di-clamp ke 0 = Comply);3,49;Comply
202603;TREG 2;JAKARTA CENTRUM;JAKUT;CIL;migrate;24,00;CustomerAssign;bima_customerassign_date tersedia (durasi negatif di-clamp ke 0 = Comply);1,58;Comply
202603;TREG 2;JAKARTA CENTRUM;JAKPUS;CID;create;48,00;CustomerAssign;bima_customerassign_date tersedia (durasi negatif di-clamp ke 0 = Comply);0,00;Comply
202603;TREG 1;SUMBAGSEL;BATU RAJA;BTA;migrate;24,00;CustomerAssign;bima_customerassign_date tersedia (durasi negatif di-clamp ke 0 = Comply);171,65;Not Comply
202603;TREG 3;YOGYA JATENG SELATAN;YOGYAKARTA;KGD;create;48,00;CustomerAssign;bima_customerassign_date tersedia (durasi negatif di-clamp ke 0 = Comply);104,65;Not Comply
202603;TREG 2;JAKARTA CENTRUM;JAKUT;TPR;migrate;24,00;CustomerAssign;bima_customerassign_date tersedia (durasi negatif di-clamp ke 0 = Comply);0,00;Comply
202603;TREG 4;KALSELTENG;BANJARBARU;LUL;create;48,00;CustomerAssign;bima_customerassign_date tersedia (durasi negatif di-clamp ke 0 = Comply);3,82;Comply
202603;TREG 2;BEKASI KARAWANG;PURWAKARTA;PWK;migrate;24,00;CustomerAssign;bima_customerassign_date tersedia (durasi negatif di-clamp ke 0 = Comply);0,00;Comply
202603;TREG 2;JAKARTA OUTER;JAKSEL;TBE;create;48,00;CustomerAssign;bima_customerassign_date tersedia (durasi negatif di-clamp ke 0 = Comply);0,00;Comply
202603;TREG 4;KALTIMTARA;TARAKAN;JWT;migrate;24,00;CustomerAssign;bima_customerassign_date tersedia (durasi negatif di-clamp ke 0 = Comply);0,00;Comply
202603;TREG 3;YOGYA JATENG SELATAN;PURWOREJO;PWJ;migrate;24,00;CustomerAssign;bima_customerassign_date tersedia (durasi negatif di-clamp ke 0 = Comply);123,09;Not Comply
202603;TREG 5;SULBAGSEL;MAMUJU;MAM;migrate;24,00;CustomerAssign;bima_customerassign_date tersedia (durasi negatif di-clamp ke 0 = Comply);4,12;Comply
202603;TREG 3;SEMARANG JATENG UTARA;SEMARANG;MJP;migrate;24,00;CustomerAssign;bima_customerassign_date tersedia (durasi negatif di-clamp ke 0 = Comply);0,00;Comply
202603;TREG 2;BANDUNG;PADALARANG;CSA;create;48,00;CustomerAssign;bima_customerassign_date tersedia (durasi negatif di-clamp ke 0 = Comply);0,00;Comply
202603;TREG 5;SULBAGSEL;GOWA;SUG;migrate;24,00;CustomerAssign;bima_customerassign_date tersedia (durasi negatif di-clamp ke 0 = Comply);146,28;Not Comply
202603;TREG 1;RIAU;RIKEP;SLU;migrate;24,00;CustomerAssign;bima_customerassign_date tersedia (durasi negatif di-clamp ke 0 = Comply);153,46;Not Comply
202603;TREG 3;JATIM TIMUR;JEMBER;KBS;migrate;24,00;CustomerAssign;bima_customerassign_date tersedia (durasi negatif di-clamp ke 0 = Comply);2,50;Comply
202603;TREG 2;JAKARTA OUTER;JAKTIM;GAN;create;48,00;CustomerAssign;bima_customerassign_date tersedia (durasi negatif di-clamp ke 0 = Comply);33,63;Comply
202603;TREG 2;BANDUNG;SUMEDANG;UBR;migrate;24,00;CustomerAssign;bima_customerassign_date tersedia (durasi negatif di-clamp ke 0 = Comply);129,70;Not Comply
202603;TREG 5;PAPUA;SENTANI;SNI;migrate;24,00;CustomerAssign;bima_customerassign_date tersedia (durasi negatif di-clamp ke 0 = Comply);9,75;Comply
202603;TREG 2;PRIANGAN BARAT;DEPOK;SKJ;migrate;24,00;CustomerAssign;bima_customerassign_date tersedia (durasi negatif di-clamp ke 0 = Comply);4,76;Comply
202603;TREG 3;YOGYA JATENG SELATAN;YOGYAKARTA;KGD;migrate;24,00;CustomerAssign;bima_customerassign_date tersedia (durasi negatif di-clamp ke 0 = Comply);148,81;Not Comply
202603;TREG 3;SOLO JATENG TIMUR;KUDUS;KUD;migrate;24,00;CustomerAssign;bima_customerassign_date tersedia (durasi negatif di-clamp ke 0 = Comply);101,24;Not Comply
202603;TREG 2;BANTEN;CIPUTAT;CPA;migrate;24,00;CustomerAssign;bima_customerassign_date tersedia (durasi negatif di-clamp ke 0 = Comply);226,32;Not Comply
202603;TREG 3;BALI;DENPASAR CENTRUM;KLM;migrate;24,00;CustomerAssign;bima_customerassign_date tersedia (durasi negatif di-clamp ke 0 = Comply);0,00;Comply
202603;TREG 3;SURAMADU;LAMONGAN;LMG;migrate;24,00;CustomerAssign;bima_customerassign_date tersedia (durasi negatif di-clamp ke 0 = Comply);200,34;Not Comply
202603;TREG 2;BEKASI KARAWANG;PURWAKARTA;PWK;migrate;24,00;CustomerAssign;bima_customerassign_date tersedia (durasi negatif di-clamp ke 0 = Comply);0,00;Comply
202603;TREG 3;SURAMADU;SURABAYA UTARA;MGO;migrate;24,00;CustomerAssign;bima_customerassign_date tersedia (durasi negatif di-clamp ke 0 = Comply);29,62;Not Comply
202603;TREG 3;SURAMADU;SURABAYA UTARA;KNN;migrate;24,00;CustomerAssign;bima_customerassign_date tersedia (durasi negatif di-clamp ke 0 = Comply);80,65;Not Comply
202603;TREG 3;SURAMADU;LAMONGAN;LMG;migrate;24,00;CustomerAssign;bima_customerassign_date tersedia (durasi negatif di-clamp ke 0 = Comply);5,77;Comply
202603;TREG 1;RIAU;RIDAR;PBB;migrate;24,00;CustomerAssign;bima_customerassign_date tersedia (durasi negatif di-clamp ke 0 = Comply);10,96;Comply
202603;TREG 1;RIAU;TANJUNG PINANG;KMS;migrate;24,00;CustomerAssign;bima_customerassign_date tersedia (durasi negatif di-clamp ke 0 = Comply);106,96;Not Comply
202603;TREG 2;JAKARTA INNER;JAKBAR;MRY;create;48,00;CustomerAssign;bima_customerassign_date tersedia (durasi negatif di-clamp ke 0 = Comply);28,10;Comply
202603;TREG 3;SURAMADU;SURABAYA SELATAN;TPO;create;48,00;CustomerAssign;bima_customerassign_date tersedia (durasi negatif di-clamp ke 0 = Comply);4,17;Comply
202603;TREG 1;SUMUT;KISARAN;TJB;create;48,00;CustomerAssign;bima_customerassign_date tersedia (durasi negatif di-clamp ke 0 = Comply);244,45;Not Comply
202603;TREG 2;BANTEN;CIPUTAT;PKU;create;48,00;CustomerAssign;bima_customerassign_date tersedia (durasi negatif di-clamp ke 0 = Comply);0,00;Comply
202603;TREG 3;SEMARANG JATENG UTARA;TEGAL;TEG;migrate;24,00;CustomerAssign;bima_customerassign_date tersedia (durasi negatif di-clamp ke 0 = Comply);6,82;Comply
202603;TREG 1;RIAU;RIKEP;SKN;migrate;24,00;CustomerAssign;bima_customerassign_date tersedia (durasi negatif di-clamp ke 0 = Comply);83,92;Not Comply
202603;TREG 2;BEKASI KARAWANG;BEKASI;KRA;migrate;24,00;CustomerAssign;bima_customerassign_date tersedia (durasi negatif di-clamp ke 0 = Comply);7,47;Comply
202603;TREG 1;SUMBAGSEL;SUMSEL;BKS;migrate;24,00;CustomerAssign;bima_customerassign_date tersedia (durasi negatif di-clamp ke 0 = Comply);204,73;Not Comply
202603;TREG 2;PRIANGAN TIMUR;MAJALENGKA;KAD;migrate;24,00;CustomerAssign;bima_customerassign_date tersedia (durasi negatif di-clamp ke 0 = Comply);12,81;Comply
202603;TREG 3;SOLO JATENG TIMUR;SRAGEN;SRG;migrate;24,00;CustomerAssign;bima_customerassign_date tersedia (durasi negatif di-clamp ke 0 = Comply);31,89;Not Comply
202603;TREG 1;RIAU;BANGKINANG;PKR;migrate;24,00;CustomerAssign;bima_customerassign_date tersedia (durasi negatif di-clamp ke 0 = Comply);13,41;Comply
202603;TREG 3;JATIM TIMUR;SIDOARJO;SDA;migrate;24,00;CustomerAssign;bima_customerassign_date tersedia (durasi negatif di-clamp ke 0 = Comply);0,00;Comply
202603;TREG 3;BALI;DENPASAR CENTRUM;SAU;create;48,00;CustomerAssign;bima_customerassign_date tersedia (durasi negatif di-clamp ke 0 = Comply);115,16;Not Comply
202603;TREG 5;SUMALUT;MASOHI;WHA;migrate;24,00;CustomerAssign;bima_customerassign_date tersedia (durasi negatif di-clamp ke 0 = Comply);0,00;Comply
202603;TREG 1;SUMBAR JAMBI;MUARA BUNGO;BKO;migrate;24,00;CustomerAssign;bima_customerassign_date tersedia (durasi negatif di-clamp ke 0 = Comply);168,69;Not Comply
202603;TREG 5;SUMALUT;AMBON;ABO;migrate;24,00;CustomerAssign;bima_customerassign_date tersedia (durasi negatif di-clamp ke 0 = Comply);139,81;Not Comply
202603;TREG 4;KALSELTENG;PALANGKARAYA;PLK;migrate;24,00;CustomerAssign;bima_customerassign_date tersedia (durasi negatif di-clamp ke 0 = Comply);360,84;Not Comply
202603;TREG 4;KALTIMTARA;SAMARINDA;LOB;migrate;24,00;CustomerAssign;bima_customerassign_date tersedia (durasi negatif di-clamp ke 0 = Comply);145,10;Not Comply
202603;TREG 2;JAKARTA INNER;JAKBAR;PLM;migrate;24,00;CustomerAssign;bima_customerassign_date tersedia (durasi negatif di-clamp ke 0 = Comply);25,23;Not Comply
202603;TREG 5;PAPUA;BIAK;BIA;migrate;24,00;CustomerAssign;bima_customerassign_date tersedia (durasi negatif di-clamp ke 0 = Comply);164,38;Not Comply
202603;TREG 2;BANTEN;PASAR BARU;TAN;migrate;24,00;CustomerAssign;bima_customerassign_date tersedia (durasi negatif di-clamp ke 0 = Comply);25,46;Not Comply
202603;TREG 3;JATIM BARAT;BATU;BTU;migrate;24,00;CustomerAssign;bima_customerassign_date tersedia (durasi negatif di-clamp ke 0 = Comply);20,52;Comply
202603;TREG 3;BALI;DENPASAR UTARA;UBN;migrate;24,00;CustomerAssign;bima_customerassign_date tersedia (durasi negatif di-clamp ke 0 = Comply);20,65;Comply
202603;TREG 5;SULBAGSEL;MAROS;PKN;migrate;24,00;CustomerAssign;bima_customerassign_date tersedia (durasi negatif di-clamp ke 0 = Comply);114,80;Not Comply
202603;TREG 5;PAPUA;BIAK;BIA;migrate;24,00;CustomerAssign;bima_customerassign_date tersedia (durasi negatif di-clamp ke 0 = Comply);18,83;Comply
202603;TREG 2;BANDUNG;BANDUNG;GGK;create;48,00;CustomerAssign;bima_customerassign_date tersedia (durasi negatif di-clamp ke 0 = Comply);1,84;Comply
202603;TREG 3;JATIM BARAT;MALANG;BLB;migrate;24,00;CustomerAssign;bima_customerassign_date tersedia (durasi negatif di-clamp ke 0 = Comply);1,84;Comply
202603;TREG 5;SULBAGSEL;KOLAKA;UNH;migrate;24,00;CustomerAssign;bima_customerassign_date tersedia (durasi negatif di-clamp ke 0 = Comply);1,87;Comply
202603;TREG 4;KALTIMTARA;MELAK;TGG;migrate;24,00;CustomerAssign;bima_customerassign_date tersedia (durasi negatif di-clamp ke 0 = Comply);186,93;Not Comply
202603;TREG 3;SOLO JATENG TIMUR;SRAGEN;KAR;migrate;24,00;CustomerAssign;bima_customerassign_date tersedia (durasi negatif di-clamp ke 0 = Comply);146,07;Not Comply
202603;TREG 3;SURAMADU;SURABAYA UTARA;KPS;migrate;24,00;CustomerAssign;bima_customerassign_date tersedia (durasi negatif di-clamp ke 0 = Comply);122,15;Not Comply
202603;TREG 4;KALSELTENG;SAMPIT;SAI;migrate;24,00;CustomerAssign;bima_customerassign_date tersedia (durasi negatif di-clamp ke 0 = Comply);45,17;Not Comply
202603;TREG 3;NUSA TENGGARA;NTB;SGG;migrate;24,00;CustomerAssign;bima_customerassign_date tersedia (durasi negatif di-clamp ke 0 = Comply);21,63;Comply
202603;TREG 4;BALIKPAPAN;BALIKPAPAN;BRU;create;48,00;CustomerAssign;bima_customerassign_date tersedia (durasi negatif di-clamp ke 0 = Comply);13,67;Comply
202603;TREG 2;PRIANGAN BARAT;SENTUL;KHL;create;48,00;CustomerAssign;bima_customerassign_date tersedia (durasi negatif di-clamp ke 0 = Comply);26,77;Comply
202603;TREG 2;JAKARTA CENTRUM;JAKUT;MRD;migrate;24,00;CustomerAssign;bima_customerassign_date tersedia (durasi negatif di-clamp ke 0 = Comply);26,84;Not Comply
202603;TREG 2;JAKARTA CENTRUM;JAKUT;MKR;migrate;24,00;CustomerAssign;bima_customerassign_date tersedia (durasi negatif di-clamp ke 0 = Comply);0,00;Comply
202603;TREG 4;KALBAR;SINTANG;PUT;migrate;24,00;CustomerAssign;bima_customerassign_date tersedia (durasi negatif di-clamp ke 0 = Comply);195,15;Not Comply
202603;TREG 4;KALTIMTARA;BONTANG;LKT;migrate;24,00;CustomerAssign;bima_customerassign_date tersedia (durasi negatif di-clamp ke 0 = Comply);22,37;Comply
202603;TREG 4;KALSELTENG;BANJARMASIN;BJM;migrate;24,00;CustomerAssign;bima_customerassign_date tersedia (durasi negatif di-clamp ke 0 = Comply);0,00;Comply
202603;TREG 4;KALSELTENG;TANJUNG TABALONG;TJL;migrate;24,00;CustomerAssign;bima_customerassign_date tersedia (durasi negatif di-clamp ke 0 = Comply);3,47;Comply
202603;TREG 2;BEKASI KARAWANG;KARAWANG;KRW;migrate;24,00;CustomerAssign;bima_customerassign_date tersedia (durasi negatif di-clamp ke 0 = Comply);118,57;Not Comply
202603;TREG 4;KALTIMTARA;NUNUKAN;MLN;migrate;24,00;CustomerAssign;bima_customerassign_date tersedia (durasi negatif di-clamp ke 0 = Comply);22,59;Comply
202603;TREG 4;BALIKPAPAN;BALIKPAPAN;BRU;migrate;24,00;CustomerAssign;bima_customerassign_date tersedia (durasi negatif di-clamp ke 0 = Comply);0,00;Comply
202603;TREG 1;SUMBAR JAMBI;JAMBI;JMB;migrate;24,00;CustomerAssign;bima_customerassign_date tersedia (durasi negatif di-clamp ke 0 = Comply);190,88;Not Comply
202603;TREG 2;JAKARTA INNER;JAKBAR;TGA;create;48,00;CustomerAssign;bima_customerassign_date tersedia (durasi negatif di-clamp ke 0 = Comply);0,00;Comply
202603;TREG 4;KALSELTENG;TANJUNG TABALONG;KDG;migrate;24,00;CustomerAssign;bima_customerassign_date tersedia (durasi negatif di-clamp ke 0 = Comply);0,00;Comply
202603;TREG 3;JATIM BARAT;TUBAN;MRR;create;48,00;CustomerAssign;bima_customerassign_date tersedia (durasi negatif di-clamp ke 0 = Comply);0,00;Comply
202603;TREG 3;SOLO JATENG TIMUR;KLATEN;BYL;create;48,00;CustomerAssign;bima_customerassign_date tersedia (durasi negatif di-clamp ke 0 = Comply);0,00;Comply
202603;TREG 5;SULBAGSEL;KOLAKA;KKA;migrate;24,00;CustomerAssign;bima_customerassign_date tersedia (durasi negatif di-clamp ke 0 = Comply);2,47;Comply
202603;TREG 2;BEKASI KARAWANG;BEKASI;BEK;create;48,00;CustomerAssign;bima_customerassign_date tersedia (durasi negatif di-clamp ke 0 = Comply);4,47;Comply
202603;TREG 4;KALTIMTARA;BONTANG;STT;migrate;24,00;CustomerAssign;bima_customerassign_date tersedia (durasi negatif di-clamp ke 0 = Comply);215,53;Not Comply
202603;TREG 2;PRIANGAN BARAT;KUJANG;SPL;create;48,00;CustomerAssign;bima_customerassign_date tersedia (durasi negatif di-clamp ke 0 = Comply);23,55;Comply
202603;TREG 2;JAKARTA OUTER;JAKSEL;CPE;create;48,00;CustomerAssign;bima_customerassign_date tersedia (durasi negatif di-clamp ke 0 = Comply);4,69;Comply
202603;TREG 2;JAKARTA INNER;JAKBAR;MRY;migrate;24,00;CustomerAssign;bima_customerassign_date tersedia (durasi negatif di-clamp ke 0 = Comply);477,84;Not Comply
202603;TREG 1;RIAU;TANJUNG PINANG;KIJ;migrate;24,00;CustomerAssign;bima_customerassign_date tersedia (durasi negatif di-clamp ke 0 = Comply);5,18;Comply
202603;TREG 2;PRIANGAN BARAT;CIBINONG;CBI;migrate;24,00;CustomerAssign;bima_customerassign_date tersedia (durasi negatif di-clamp ke 0 = Comply);29,20;Not Comply
202603;TREG 2;BEKASI KARAWANG;BEKASI;KLB;migrate;24,00;CustomerAssign;bima_customerassign_date tersedia (durasi negatif di-clamp ke 0 = Comply);166,45;Not Comply
202603;TREG 4;KALSELTENG;BANJARBARU;LUL;migrate;24,00;CustomerAssign;bima_customerassign_date tersedia (durasi negatif di-clamp ke 0 = Comply);24,55;Not Comply
202603;TREG 1;SUMBAGSEL;SUMSEL;PGC;create;48,00;CustomerAssign;bima_customerassign_date tersedia (durasi negatif di-clamp ke 0 = Comply);5,58;Comply
202603;TREG 2;BANTEN;RANGKAS-PANDEGLANG;RKS;migrate;24,00;CustomerAssign;bima_customerassign_date tersedia (durasi negatif di-clamp ke 0 = Comply);197,86;Not Comply
202603;TREG 2;BANTEN;PASAR BARU;CPD;migrate;24,00;CustomerAssign;bima_customerassign_date tersedia (durasi negatif di-clamp ke 0 = Comply);5,89;Comply
202603;TREG 2;BEKASI KARAWANG;BEKASI;PKY;migrate;24,00;CustomerAssign;bima_customerassign_date tersedia (durasi negatif di-clamp ke 0 = Comply);5,90;Comply
202603;TREG 3;BALI;TABANAN;GMK;create;48,00;CustomerAssign;bima_customerassign_date tersedia (durasi negatif di-clamp ke 0 = Comply);317,90;Not Comply
202603;TREG 2;JAKARTA OUTER;JAKTIM;KRG;migrate;24,00;CustomerAssign;bima_customerassign_date tersedia (durasi negatif di-clamp ke 0 = Comply);0,00;Comply
202603;TREG 2;JAKARTA OUTER;JAKTIM;KRG;create;48,00;CustomerAssign;bima_customerassign_date tersedia (durasi negatif di-clamp ke 0 = Comply);0,00;Comply
202603;TREG 2;BANDUNG;BANDUNG;GGK;create;48,00;CustomerAssign;bima_customerassign_date tersedia (durasi negatif di-clamp ke 0 = Comply);0,00;Comply
202603;TREG 4;KALSELTENG;BANJARBARU;BBR;migrate;24,00;CustomerAssign;bima_customerassign_date tersedia (durasi negatif di-clamp ke 0 = Comply);6,32;Comply
202603;TREG 2;BEKASI KARAWANG;SUBANG;KIA;migrate;24,00;CustomerAssign;bima_customerassign_date tersedia (durasi negatif di-clamp ke 0 = Comply);0,00;Comply
202603;TREG 2;BEKASI KARAWANG;CIKARANG;BGG;migrate;24,00;CustomerAssign;bima_customerassign_date tersedia (durasi negatif di-clamp ke 0 = Comply);1,40;Comply
202603;TREG 2;JAKARTA CENTRUM;JAKUT;PDM;migrate;24,00;CustomerAssign;bima_customerassign_date tersedia (durasi negatif di-clamp ke 0 = Comply);0,00;Comply
202603;TREG 4;BALIKPAPAN;BALIKPAPAN;BRU;migrate;24,00;CustomerAssign;bima_customerassign_date tersedia (durasi negatif di-clamp ke 0 = Comply);185,66;Not Comply
202603;TREG 3;SOLO JATENG TIMUR;KLATEN;PEN;create;48,00;CustomerAssign;bima_customerassign_date tersedia (durasi negatif di-clamp ke 0 = Comply);54,66;Not Comply
202603;TREG 2;PRIANGAN BARAT;SENTUL;KHL;create;48,00;CustomerAssign;bima_customerassign_date tersedia (durasi negatif di-clamp ke 0 = Comply);1,68;Comply
202603;TREG 2;BEKASI KARAWANG;PURWAKARTA;PWK;migrate;24,00;CustomerAssign;bima_customerassign_date tersedia (durasi negatif di-clamp ke 0 = Comply);6,69;Comply
202603;TREG 3;YOGYA JATENG SELATAN;YOGYAKARTA;PGR;migrate;24,00;CustomerAssign;bima_customerassign_date tersedia (durasi negatif di-clamp ke 0 = Comply);1,77;Comply
202603;TREG 3;YOGYA JATENG SELATAN;PURBALINGGA;PBG;migrate;24,00;CustomerAssign;bima_customerassign_date tersedia (durasi negatif di-clamp ke 0 = Comply);0,00;Comply
202603;TREG 4;KALSELTENG;PALANGKARAYA;PLK;migrate;24,00;CustomerAssign;bima_customerassign_date tersedia (durasi negatif di-clamp ke 0 = Comply);337,86;Not Comply
202603;TREG 3;SURAMADU;GRESIK;GSK;migrate;24,00;CustomerAssign;bima_customerassign_date tersedia (durasi negatif di-clamp ke 0 = Comply);313,87;Not Comply
202603;TREG 5;SULBAGSEL;MAMUJU;MAJ;migrate;24,00;CustomerAssign;bima_customerassign_date tersedia (durasi negatif di-clamp ke 0 = Comply);0,00;Comply
202603;TREG 4;KALSELTENG;BATULICIN;STI;migrate;24,00;CustomerAssign;bima_customerassign_date tersedia (durasi negatif di-clamp ke 0 = Comply);1,95;Comply
202603;TREG 3;JATIM BARAT;TULUNG AGUNG;NGU;migrate;24,00;CustomerAssign;bima_customerassign_date tersedia (durasi negatif di-clamp ke 0 = Comply);174,97;Not Comply
202603;TREG 4;BALIKPAPAN;BALIKPAPAN;GSA;migrate;24,00;CustomerAssign;bima_customerassign_date tersedia (durasi negatif di-clamp ke 0 = Comply);26,08;Not Comply
202603;TREG 2;JAKARTA OUTER;JAKSEL;KAL;migrate;24,00;CustomerAssign;bima_customerassign_date tersedia (durasi negatif di-clamp ke 0 = Comply);7,11;Comply
202603;TREG 2;JAKARTA CENTRUM;JAKPUS;CPP;migrate;24,00;CustomerAssign;bima_customerassign_date tersedia (durasi negatif di-clamp ke 0 = Comply);2,25;Comply
202603;TREG 1;RIAU;RIKEP;BTC;create;48,00;CustomerAssign;bima_customerassign_date tersedia (durasi negatif di-clamp ke 0 = Comply);7,25;Comply
202603;TREG 2;JAKARTA INNER;JAKBAR;MRY;migrate;24,00;CustomerAssign;bima_customerassign_date tersedia (durasi negatif di-clamp ke 0 = Comply);0,00;Comply
202603;TREG 5;PAPUA BARAT;SORONG;SON;migrate;24,00;CustomerAssign;bima_customerassign_date tersedia (durasi negatif di-clamp ke 0 = Comply);0,00;Comply
202603;TREG 4;BALIKPAPAN;BALIKPAPAN;GSA;migrate;24,00;CustomerAssign;bima_customerassign_date tersedia (durasi negatif di-clamp ke 0 = Comply);31,56;Not Comply
202603;TREG 5;SULBAGSEL;MAKASSAR;PNK;migrate;24,00;CustomerAssign;bima_customerassign_date tersedia (durasi negatif di-clamp ke 0 = Comply);314,56;Not Comply
202603;TREG 4;KALSELTENG;BANJARBARU;BBR;create;48,00;CustomerAssign;bima_customerassign_date tersedia (durasi negatif di-clamp ke 0 = Comply);2,56;Comply
202603;TREG 3;SURAMADU;SURABAYA SELATAN;MYR;migrate;24,00;CustomerAssign;bima_customerassign_date tersedia (durasi negatif di-clamp ke 0 = Comply);7,64;Comply
202603;TREG 3;SURAMADU;SURABAYA SELATAN;TPO;create;48,00;CustomerAssign;bima_customerassign_date tersedia (durasi negatif di-clamp ke 0 = Comply);2,67;Comply
202603;TREG 2;BANDUNG;SOREANG;SOR;migrate;24,00;CustomerAssign;bima_customerassign_date tersedia (durasi negatif di-clamp ke 0 = Comply);26,70;Not Comply
202603;TREG 5;SULBAGSEL;KOLAKA;PMA;migrate;24,00;CustomerAssign;bima_customerassign_date tersedia (durasi negatif di-clamp ke 0 = Comply);53,77;Not Comply
202603;TREG 4;KALSELTENG;BANJARMASIN;GMB;create;48,00;CustomerAssign;bima_customerassign_date tersedia (durasi negatif di-clamp ke 0 = Comply);0,00;Comply
202603;TREG 2;BANTEN;PASAR BARU;RJG;create;48,00;CustomerAssign;bima_customerassign_date tersedia (durasi negatif di-clamp ke 0 = Comply);0,00;Comply
202603;TREG 1;RIAU;TANJUNG PINANG;KIJ;migrate;24,00;CustomerAssign;bima_customerassign_date tersedia (durasi negatif di-clamp ke 0 = Comply);8,05;Comply
202603;TREG 3;YOGYA JATENG SELATAN;KEBUMEN;KBM;create;48,00;CustomerAssign;bima_customerassign_date tersedia (durasi negatif di-clamp ke 0 = Comply);27,13;Comply
202603;TREG 2;BANTEN;CIKUPA;CSK;create;48,00;CustomerAssign;bima_customerassign_date tersedia (durasi negatif di-clamp ke 0 = Comply);0,00;Comply
202603;TREG 2;BANDUNG;BANDUNG;TRG;migrate;24,00;CustomerAssign;bima_customerassign_date tersedia (durasi negatif di-clamp ke 0 = Comply);3,41;Comply
202603;TREG 2;PRIANGAN BARAT;SUKABUMI;SKB;create;48,00;CustomerAssign;bima_customerassign_date tersedia (durasi negatif di-clamp ke 0 = Comply);3,41;Comply
202603;TREG 3;YOGYA JATENG SELATAN;PURWOKERTO;SUK;migrate;24,00;CustomerAssign;bima_customerassign_date tersedia (durasi negatif di-clamp ke 0 = Comply);152,62;Not Comply
202603;TREG 2;BANDUNG;SUMEDANG;CJA;migrate;24,00;CustomerAssign;bima_customerassign_date tersedia (durasi negatif di-clamp ke 0 = Comply);1,68;Comply
202603;TREG 1;RIAU;RIKEP;SKN;create;48,00;CustomerAssign;bima_customerassign_date tersedia (durasi negatif di-clamp ke 0 = Comply);0,00;Comply
202603;TREG 4;KALTIMTARA;SAMARINDA;AGN;migrate;24,00;CustomerAssign;bima_customerassign_date tersedia (durasi negatif di-clamp ke 0 = Comply);0,00;Comply
202603;TREG 5;SULBAGSEL;PARE-PARE;PRE;migrate;24,00;CustomerAssign;bima_customerassign_date tersedia (durasi negatif di-clamp ke 0 = Comply);1,87;Comply
202603;TREG 2;BANTEN;CIPUTAT;CPA;create;48,00;CustomerAssign;bima_customerassign_date tersedia (durasi negatif di-clamp ke 0 = Comply);0,00;Comply
202603;TREG 4;KALTIMTARA;BULUNGAN BERAU;TRD;migrate;24,00;CustomerAssign;bima_customerassign_date tersedia (durasi negatif di-clamp ke 0 = Comply);25,92;Not Comply
202603;TREG 3;SURAMADU;SURABAYA SELATAN;RKT;migrate;24,00;CustomerAssign;bima_customerassign_date tersedia (durasi negatif di-clamp ke 0 = Comply);9,16;Comply
202603;TREG 3;YOGYA JATENG SELATAN;YOGYAKARTA;BBS;migrate;24,00;CustomerAssign;bima_customerassign_date tersedia (durasi negatif di-clamp ke 0 = Comply);9,20;Comply
202603;TREG 1;LAMPUNG BENGKULU;LAMPUNG;KDT;create;48,00;CustomerAssign;bima_customerassign_date tersedia (durasi negatif di-clamp ke 0 = Comply);26,22;Comply
202603;TREG 3;SURAMADU;SURABAYA SELATAN;JGR;create;48,00;CustomerAssign;bima_customerassign_date tersedia (durasi negatif di-clamp ke 0 = Comply);4,23;Comply
202603;TREG 4;KALSELTENG;BANJARBARU;BBR;migrate;24,00;CustomerAssign;bima_customerassign_date tersedia (durasi negatif di-clamp ke 0 = Comply);0,00;Comply
202603;TREG 3;JATIM TIMUR;MOJOKERTO;MIP;migrate;24,00;CustomerAssign;bima_customerassign_date tersedia (durasi negatif di-clamp ke 0 = Comply);28,40;Not Comply
202603;TREG 2;BEKASI KARAWANG;BEKASI;BEK;migrate;24,00;CustomerAssign;bima_customerassign_date tersedia (durasi negatif di-clamp ke 0 = Comply);26,41;Not Comply
202603;TREG 1;SUMBAR JAMBI;JAMBI;JMI;create;48,00;CustomerAssign;bima_customerassign_date tersedia (durasi negatif di-clamp ke 0 = Comply);57,46;Not Comply
202603;TREG 4;KALSELTENG;PALANGKARAYA;PLK;migrate;24,00;CustomerAssign;bima_customerassign_date tersedia (durasi negatif di-clamp ke 0 = Comply);9,47;Comply
202603;TREG 3;JATIM BARAT;KEPANJEN;KEP;migrate;24,00;CustomerAssign;bima_customerassign_date tersedia (durasi negatif di-clamp ke 0 = Comply);4,54;Comply
202603;TREG 4;KALBAR;SINTANG;PUT;migrate;24,00;CustomerAssign;bima_customerassign_date tersedia (durasi negatif di-clamp ke 0 = Comply);297,58;Not Comply
202603;TREG 1;RIAU;RIDAR;PBB;create;48,00;CustomerAssign;bima_customerassign_date tersedia (durasi negatif di-clamp ke 0 = Comply);0,00;Comply
202603;TREG 3;SURAMADU;SURABAYA UTARA;KNN;migrate;24,00;CustomerAssign;bima_customerassign_date tersedia (durasi negatif di-clamp ke 0 = Comply);170,80;Not Comply
202603;TREG 3;YOGYA JATENG SELATAN;YOGYAKARTA;KEN;migrate;24,00;CustomerAssign;bima_customerassign_date tersedia (durasi negatif di-clamp ke 0 = Comply);33,83;Not Comply
202603;TREG 3;JATIM BARAT;NGAWI;MGT;migrate;24,00;CustomerAssign;bima_customerassign_date tersedia (durasi negatif di-clamp ke 0 = Comply);2,90;Comply
202603;TREG 4;KALTIMTARA;TARAKAN;JWT;migrate;24,00;CustomerAssign;bima_customerassign_date tersedia (durasi negatif di-clamp ke 0 = Comply);26,90;Not Comply
202603;TREG 5;SULBAGTENG;PALU;PLB;migrate;24,00;CustomerAssign;bima_customerassign_date tersedia (durasi negatif di-clamp ke 0 = Comply);290,92;Not Comply
202603;TREG 3;SURAMADU;SURABAYA UTARA;KNN;migrate;24,00;CustomerAssign;bima_customerassign_date tersedia (durasi negatif di-clamp ke 0 = Comply);171,03;Not Comply
202603;TREG 3;SURAMADU;SURABAYA UTARA;BBE;migrate;24,00;CustomerAssign;bima_customerassign_date tersedia (durasi negatif di-clamp ke 0 = Comply);53,05;Not Comply
202603;TREG 2;BEKASI KARAWANG;BEKASI;PKY;migrate;24,00;CustomerAssign;bima_customerassign_date tersedia (durasi negatif di-clamp ke 0 = Comply);5,07;Comply
202603;TREG 2;JAKARTA OUTER;JAKTIM;GAN;create;48,00;CustomerAssign;bima_customerassign_date tersedia (durasi negatif di-clamp ke 0 = Comply);3,16;Comply
202603;TREG 4;BALIKPAPAN;BALIKPAPAN;KJN;migrate;24,00;CustomerAssign;bima_customerassign_date tersedia (durasi negatif di-clamp ke 0 = Comply);0,00;Comply
202603;TREG 3;JATIM TIMUR;SIBO;BOW;migrate;24,00;CustomerAssign;bima_customerassign_date tersedia (durasi negatif di-clamp ke 0 = Comply);0,00;Comply
202603;TREG 4;KALTIMTARA;TARAKAN;TRK;migrate;24,00;CustomerAssign;bima_customerassign_date tersedia (durasi negatif di-clamp ke 0 = Comply);10,59;Comply
202603;TREG 4;KALSELTENG;BATULICIN;BLC;migrate;24,00;CustomerAssign;bima_customerassign_date tersedia (durasi negatif di-clamp ke 0 = Comply);0,00;Comply
202603;TREG 2;PRIANGAN BARAT;KUJANG;BOO;migrate;24,00;CustomerAssign;bima_customerassign_date tersedia (durasi negatif di-clamp ke 0 = Comply);3,86;Comply
202603;TREG 5;SULBAGSEL;MAKASSAR;MAT;create;48,00;CustomerAssign;bima_customerassign_date tersedia (durasi negatif di-clamp ke 0 = Comply);5,87;Comply
202603;TREG 2;PRIANGAN BARAT;DEPOK;DEP;migrate;24,00;CustomerAssign;bima_customerassign_date tersedia (durasi negatif di-clamp ke 0 = Comply);5,87;Comply
202603;TREG 1;SUMUT;MEDAN;MDC;create;48,00;CustomerAssign;bima_customerassign_date tersedia (durasi negatif di-clamp ke 0 = Comply);3,91;Comply
202603;TREG 2;JAKARTA CENTRUM;JAKUT;MKR;migrate;24,00;CustomerAssign;bima_customerassign_date tersedia (durasi negatif di-clamp ke 0 = Comply);0,00;Comply
202603;TREG 2;BANTEN;BANTEN;SEG;create;48,00;CustomerAssign;bima_customerassign_date tersedia (durasi negatif di-clamp ke 0 = Comply);0,00;Comply
202603;TREG 2;JAKARTA INNER;JAKBAR;CKG;migrate;24,00;CustomerAssign;bima_customerassign_date tersedia (durasi negatif di-clamp ke 0 = Comply);0,00;Comply
202603;TREG 2;BEKASI KARAWANG;PURWAKARTA;CBU;create;48,00;CustomerAssign;bima_customerassign_date tersedia (durasi negatif di-clamp ke 0 = Comply);6,08;Comply
202603;TREG 4;KALSELTENG;BANJARMASIN;GMB;migrate;24,00;CustomerAssign;bima_customerassign_date tersedia (durasi negatif di-clamp ke 0 = Comply);11,12;Comply
202603;TREG 5;SULBAGTENG;PALU;PLA;migrate;24,00;CustomerAssign;bima_customerassign_date tersedia (durasi negatif di-clamp ke 0 = Comply);172,22;Not Comply
202603;TREG 4;KALBAR;SANGGAU;SGU;migrate;24,00;CustomerAssign;bima_customerassign_date tersedia (durasi negatif di-clamp ke 0 = Comply);0,00;Comply
202603;TREG 5;SULBAGTENG;PALU;PLA;migrate;24,00;CustomerAssign;bima_customerassign_date tersedia (durasi negatif di-clamp ke 0 = Comply);635,29;Not Comply
202603;TREG 2;BANDUNG;BANDUNG BARAT;RJW;migrate;24,00;CustomerAssign;bima_customerassign_date tersedia (durasi negatif di-clamp ke 0 = Comply);4,30;Comply
202603;TREG 4;KALTIMTARA;BULUNGAN BERAU;LNN;migrate;24,00;CustomerAssign;bima_customerassign_date tersedia (durasi negatif di-clamp ke 0 = Comply);0,00;Comply
202603;TREG 2;JAKARTA OUTER;JAKSEL;BIN;migrate;24,00;CustomerAssign;bima_customerassign_date tersedia (durasi negatif di-clamp ke 0 = Comply);35,46;Not Comply
202603;TREG 2;JAKARTA OUTER;JAKSEL;KAL;migrate;24,00;CustomerAssign;bima_customerassign_date tersedia (durasi negatif di-clamp ke 0 = Comply);4,53;Comply
202603;TREG 1;SUMUT;MEDAN;TMU;migrate;24,00;CustomerAssign;bima_customerassign_date tersedia (durasi negatif di-clamp ke 0 = Comply);11,60;Comply
202603;TREG 3;SURAMADU;SURABAYA SELATAN;MYR;migrate;24,00;CustomerAssign;bima_customerassign_date tersedia (durasi negatif di-clamp ke 0 = Comply);11,62;Comply
202603;TREG 3;SURAMADU;SURABAYA SELATAN;RKT;migrate;24,00;CustomerAssign;bima_customerassign_date tersedia (durasi negatif di-clamp ke 0 = Comply);30,70;Not Comply
202603;TREG 4;KALTIMTARA;BULUNGAN BERAU;TBY;migrate;24,00;CustomerAssign;bima_customerassign_date tersedia (durasi negatif di-clamp ke 0 = Comply);28,85;Not Comply
202603;TREG 2;JAKARTA CENTRUM;JAKPUS;CID;migrate;24,00;CustomerAssign;bima_customerassign_date tersedia (durasi negatif di-clamp ke 0 = Comply);4,87;Comply
202603;TREG 4;KALBAR;PONTIANAK;PTK;migrate;24,00;CustomerAssign;bima_customerassign_date tersedia (durasi negatif di-clamp ke 0 = Comply);102,90;Not Comply
202603;TREG 3;BALI;DENPASAR SELATAN;NSD;migrate;24,00;CustomerAssign;bima_customerassign_date tersedia (durasi negatif di-clamp ke 0 = Comply);54,90;Not Comply
202603;TREG 2;JAKARTA INNER;JAKBAR;CKG;migrate;24,00;CustomerAssign;bima_customerassign_date tersedia (durasi negatif di-clamp ke 0 = Comply);4,96;Comply
202603;TREG 2;BANTEN;CIPUTAT;CLD;migrate;24,00;CustomerAssign;bima_customerassign_date tersedia (durasi negatif di-clamp ke 0 = Comply);11,97;Comply
202603;TREG 2;BEKASI KARAWANG;BEKASI;PKY;migrate;24,00;CustomerAssign;bima_customerassign_date tersedia (durasi negatif di-clamp ke 0 = Comply);0,00;Comply
202603;TREG 3;SURAMADU;SURABAYA UTARA;MGO;migrate;24,00;CustomerAssign;bima_customerassign_date tersedia (durasi negatif di-clamp ke 0 = Comply);0,00;Comply
202603;TREG 2;BANTEN;CILEGON;CLG;migrate;24,00;CustomerAssign;bima_customerassign_date tersedia (durasi negatif di-clamp ke 0 = Comply);0,00;Comply
202603;TREG 3;SURAMADU;SURABAYA UTARA;KJR;migrate;24,00;CustomerAssign;bima_customerassign_date tersedia (durasi negatif di-clamp ke 0 = Comply);7,46;Comply
202603;TREG 3;YOGYA JATENG SELATAN;YOGYAKARTA;KEN;migrate;24,00;CustomerAssign;bima_customerassign_date tersedia (durasi negatif di-clamp ke 0 = Comply);31,64;Not Comply
202603;TREG 2;BANDUNG;SOREANG;BJA;create;48,00;CustomerAssign;bima_customerassign_date tersedia (durasi negatif di-clamp ke 0 = Comply);0,00;Comply
202603;TREG 2;BANDUNG;SOREANG;SOR;create;48,00;CustomerAssign;bima_customerassign_date tersedia (durasi negatif di-clamp ke 0 = Comply);8,18;Comply
202603;TREG 4;BALIKPAPAN;BALIKPAPAN;KTB;migrate;24,00;CustomerAssign;bima_customerassign_date tersedia (durasi negatif di-clamp ke 0 = Comply);6,27;Comply
202603;TREG 3;SURAMADU;SURABAYA SELATAN;MYR;migrate;24,00;CustomerAssign;bima_customerassign_date tersedia (durasi negatif di-clamp ke 0 = Comply);0,00;Comply
202603;TREG 1;SUMBAR JAMBI;BUKIT TINGGI;BKT;migrate;24,00;CustomerAssign;bima_customerassign_date tersedia (durasi negatif di-clamp ke 0 = Comply);0,00;Comply
202603;TREG 1;RIAU;RIDAR;PBB;migrate;24,00;CustomerAssign;bima_customerassign_date tersedia (durasi negatif di-clamp ke 0 = Comply);0,00;Comply
202603;TREG 4;BALIKPAPAN;BALIKPAPAN;KTB;migrate;24,00;CustomerAssign;bima_customerassign_date tersedia (durasi negatif di-clamp ke 0 = Comply);56,09;Not Comply
202603;TREG 2;JAKARTA OUTER;JAKSEL;TBE;migrate;24,00;CustomerAssign;bima_customerassign_date tersedia (durasi negatif di-clamp ke 0 = Comply);159,54;Not Comply
202603;TREG 5;SULBAGTENG;PALU;PLB;create;48,00;CustomerAssign;bima_customerassign_date tersedia (durasi negatif di-clamp ke 0 = Comply);16,12;Comply
202603;TREG 3;BALI;DENPASAR UTARA;UBN;migrate;24,00;CustomerAssign;bima_customerassign_date tersedia (durasi negatif di-clamp ke 0 = Comply);0,00;Comply
202603;TREG 3;SOLO JATENG TIMUR;SOLO;KRT;migrate;24,00;CustomerAssign;bima_customerassign_date tersedia (durasi negatif di-clamp ke 0 = Comply);384,45;Not Comply
202603;TREG 3;JATIM BARAT;BATU;KPO;migrate;24,00;CustomerAssign;bima_customerassign_date tersedia (durasi negatif di-clamp ke 0 = Comply);139,70;Not Comply
202603;TREG 1;ACEH;LHOKSEUMAWE;BIR;migrate;24,00;CustomerAssign;bima_customerassign_date tersedia (durasi negatif di-clamp ke 0 = Comply);0,00;Comply
202603;TREG 3;SEMARANG JATENG UTARA;TEGAL;TEG;create;48,00;CustomerAssign;bima_customerassign_date tersedia (durasi negatif di-clamp ke 0 = Comply);161,82;Not Comply
202603;TREG 3;SEMARANG JATENG UTARA;PEKALONGAN;PKL;migrate;24,00;CustomerAssign;bima_customerassign_date tersedia (durasi negatif di-clamp ke 0 = Comply);168,91;Not Comply
202603;TREG 2;BANDUNG;SUMEDANG;SMD;migrate;24,00;CustomerAssign;bima_customerassign_date tersedia (durasi negatif di-clamp ke 0 = Comply);0,00;Comply
202603;TREG 3;SURAMADU;MADURA;SPG;migrate;24,00;CustomerAssign;bima_customerassign_date tersedia (durasi negatif di-clamp ke 0 = Comply);66,34;Not Comply
202603;TREG 1;SUMBAGSEL;BELITUNG;TJN;migrate;24,00;CustomerAssign;bima_customerassign_date tersedia (durasi negatif di-clamp ke 0 = Comply);289,55;Not Comply
202603;TREG 5;SUMALUT;MINAHASA;TDN;migrate;24,00;CustomerAssign;bima_customerassign_date tersedia (durasi negatif di-clamp ke 0 = Comply);0,00;Comply
202603;TREG 2;BEKASI KARAWANG;CIKARANG;CIB;migrate;24,00;CustomerAssign;bima_customerassign_date tersedia (durasi negatif di-clamp ke 0 = Comply);0,00;Comply
202603;TREG 2;JAKARTA CENTRUM;JAKUT;STR;migrate;24,00;CustomerAssign;bima_customerassign_date tersedia (durasi negatif di-clamp ke 0 = Comply);18,83;Comply
202603;TREG 2;JAKARTA CENTRUM;JAKUT;STR;migrate;24,00;CustomerAssign;bima_customerassign_date tersedia (durasi negatif di-clamp ke 0 = Comply);0,00;Comply
202603;TREG 5;SULBAGSEL;MAKASSAR;BAL;migrate;24,00;CustomerAssign;bima_customerassign_date tersedia (durasi negatif di-clamp ke 0 = Comply);49,94;Not Comply
202603;TREG 3;SEMARANG JATENG UTARA;SEMARANG;BMK;migrate;24,00;CustomerAssign;bima_customerassign_date tersedia (durasi negatif di-clamp ke 0 = Comply);0,00;Comply
202603;TREG 4;KALSELTENG;BATULICIN;BLC;migrate;24,00;CustomerAssign;bima_customerassign_date tersedia (durasi negatif di-clamp ke 0 = Comply);213,09;Not Comply
202603;TREG 4;KALTIMTARA;TARAKAN;TRK;migrate;24,00;CustomerAssign;bima_customerassign_date tersedia (durasi negatif di-clamp ke 0 = Comply);50,15;Not Comply
202603;TREG 4;KALTIMTARA;MELAK;MLA;migrate;24,00;CustomerAssign;bima_customerassign_date tersedia (durasi negatif di-clamp ke 0 = Comply);0,00;Comply
202603;TREG 4;KALTIMTARA;BONTANG;BOT;migrate;24,00;CustomerAssign;bima_customerassign_date tersedia (durasi negatif di-clamp ke 0 = Comply);43,48;Not Comply
202603;TREG 2;JAKARTA OUTER;JAKTIM;JTN;migrate;24,00;CustomerAssign;bima_customerassign_date tersedia (durasi negatif di-clamp ke 0 = Comply);26,72;Not Comply
202603;TREG 4;KALSELTENG;BANJARBARU;BBR;create;48,00;CustomerAssign;bima_customerassign_date tersedia (durasi negatif di-clamp ke 0 = Comply);0,00;Comply
202603;TREG 4;KALTIMTARA;TARAKAN;TRK;migrate;24,00;CustomerAssign;bima_customerassign_date tersedia (durasi negatif di-clamp ke 0 = Comply);45,96;Not Comply
202603;TREG 4;KALTIMTARA;BULUNGAN BERAU;TRD;migrate;24,00;CustomerAssign;bima_customerassign_date tersedia (durasi negatif di-clamp ke 0 = Comply);26,98;Not Comply
202603;TREG 2;BANTEN;LENGKONG;LGK;migrate;24,00;CustomerAssign;bima_customerassign_date tersedia (durasi negatif di-clamp ke 0 = Comply);3,05;Comply
202603;TREG 2;JAKARTA OUTER;JAKSEL;CPE;migrate;24,00;CustomerAssign;bima_customerassign_date tersedia (durasi negatif di-clamp ke 0 = Comply);27,14;Not Comply
202603;TREG 5;SUMALUT;MINAHASA;TDN;migrate;24,00;CustomerAssign;bima_customerassign_date tersedia (durasi negatif di-clamp ke 0 = Comply);363,34;Not Comply
202603;TREG 4;KALSELTENG;TANJUNG TABALONG;AMT;migrate;24,00;CustomerAssign;bima_customerassign_date tersedia (durasi negatif di-clamp ke 0 = Comply);0,00;Comply
202603;TREG 4;KALSELTENG;TANJUNG TABALONG;TJL;migrate;24,00;CustomerAssign;bima_customerassign_date tersedia (durasi negatif di-clamp ke 0 = Comply);3,72;Comply
202603;TREG 5;PAPUA;ABEPURA;ABE;migrate;24,00;PI;bima_customerassign_date kosong → pakai orca_pi_date (durasi negatif di-clamp ke 0 = Comply);333,52;Not Comply
202603;TREG 5;SULBAGSEL;PARE-PARE;PRE;migrate;24,00;CustomerAssign;bima_customerassign_date tersedia (durasi negatif di-clamp ke 0 = Comply);0,00;Comply
202603;TREG 1;RIAU;RIKEP;BTC;create;48,00;CustomerAssign;bima_customerassign_date tersedia (durasi negatif di-clamp ke 0 = Comply);4,79;Comply
202603;TREG 2;BANDUNG;SUMEDANG;UBR;create;48,00;CustomerAssign;bima_customerassign_date tersedia (durasi negatif di-clamp ke 0 = Comply);0,00;Comply
202603;TREG 4;KALSELTENG;PALANGKARAYA;PLK;migrate;24,00;CustomerAssign;bima_customerassign_date tersedia (durasi negatif di-clamp ke 0 = Comply);239,83;Not Comply
202603;TREG 2;JAKARTA OUTER;JAKTIM;RMG;migrate;24,00;CustomerAssign;bima_customerassign_date tersedia (durasi negatif di-clamp ke 0 = Comply);5,18;Comply
202603;TREG 3;SEMARANG JATENG UTARA;SEMARANG;MJP;migrate;24,00;CustomerAssign;bima_customerassign_date tersedia (durasi negatif di-clamp ke 0 = Comply);0,00;Comply
202603;TREG 4;KALSELTENG;BANJARBARU;BBR;create;48,00;CustomerAssign;bima_customerassign_date tersedia (durasi negatif di-clamp ke 0 = Comply);5,41;Comply
202603;TREG 2;PRIANGAN BARAT;DEPOK;SKJ;create;48,00;CustomerAssign;bima_customerassign_date tersedia (durasi negatif di-clamp ke 0 = Comply);24,42;Comply
202603;TREG 1;RIAU;INDRAGIRI;RGT;migrate;24,00;CustomerAssign;bima_customerassign_date tersedia (durasi negatif di-clamp ke 0 = Comply);0,47;Comply
202603;TREG 4;BALIKPAPAN;BALIKPAPAN;GSA;migrate;24,00;CustomerAssign;bima_customerassign_date tersedia (durasi negatif di-clamp ke 0 = Comply);22,52;Comply
202603;TREG 2;JAKARTA OUTER;JAKSEL;JAG;migrate;24,00;CustomerAssign;bima_customerassign_date tersedia (durasi negatif di-clamp ke 0 = Comply);5,56;Comply
202603;TREG 4;KALTIMTARA;MELAK;SBR;migrate;24,00;CustomerAssign;bima_customerassign_date tersedia (durasi negatif di-clamp ke 0 = Comply);5,56;Comply
202603;TREG 2;BANDUNG;SOREANG;CCL;migrate;24,00;CustomerAssign;bima_customerassign_date tersedia (durasi negatif di-clamp ke 0 = Comply);5,68;Comply
202603;TREG 1;SUMUT;MEDAN;TTG;migrate;24,00;CustomerAssign;bima_customerassign_date tersedia (durasi negatif di-clamp ke 0 = Comply);0,92;Comply
202603;TREG 2;BANDUNG;SUMEDANG;UBR;create;48,00;CustomerAssign;bima_customerassign_date tersedia (durasi negatif di-clamp ke 0 = Comply);22,99;Comply
202603;TREG 3;YOGYA JATENG SELATAN;MUNTILAN;SWT;migrate;24,00;CustomerAssign;bima_customerassign_date tersedia (durasi negatif di-clamp ke 0 = Comply);6,26;Comply
202603;TREG 3;SURAMADU;SURABAYA SELATAN;DMO;migrate;24,00;CustomerAssign;bima_customerassign_date tersedia (durasi negatif di-clamp ke 0 = Comply);198,28;Not Comply
202603;TREG 4;KALTIMTARA;BULUNGAN BERAU;TSL;migrate;24,00;CustomerAssign;bima_customerassign_date tersedia (durasi negatif di-clamp ke 0 = Comply);0,00;Comply
202603;TREG 4;KALSELTENG;BANJARBARU;LUL;create;48,00;CustomerAssign;bima_customerassign_date tersedia (durasi negatif di-clamp ke 0 = Comply);0,00;Comply
202603;TREG 2;PRIANGAN BARAT;DEPOK;DEP;create;48,00;CustomerAssign;bima_customerassign_date tersedia (durasi negatif di-clamp ke 0 = Comply);318,36;Not Comply
202603;TREG 4;KALTIMTARA;SAMARINDA;TMD;create;48,00;CustomerAssign;bima_customerassign_date tersedia (durasi negatif di-clamp ke 0 = Comply);0,00;Comply
202603;TREG 3;JATIM BARAT;MALANG;BLB;create;48,00;CustomerAssign;bima_customerassign_date tersedia (durasi negatif di-clamp ke 0 = Comply);6,38;Comply
202603;TREG 4;KALSELTENG;PANGKALAN BUN;PBU;migrate;24,00;CustomerAssign;bima_customerassign_date tersedia (durasi negatif di-clamp ke 0 = Comply);0,00;Comply
202603;TREG 1;SUMUT;MEDAN;SPM;migrate;24,00;CustomerAssign;bima_customerassign_date tersedia (durasi negatif di-clamp ke 0 = Comply);47,45;Not Comply
202603;TREG 2;BANDUNG;BANDUNG;CCD;create;48,00;CustomerAssign;bima_customerassign_date tersedia (durasi negatif di-clamp ke 0 = Comply);1,46;Comply
202603;TREG 3;BALI;DENPASAR CENTRUM;SWI;migrate;24,00;CustomerAssign;bima_customerassign_date tersedia (durasi negatif di-clamp ke 0 = Comply);102,51;Not Comply
202603;TREG 4;KALSELTENG;BANJARBARU;BBR;migrate;24,00;CustomerAssign;bima_customerassign_date tersedia (durasi negatif di-clamp ke 0 = Comply);174,52;Not Comply
202603;TREG 2;BANTEN;CIPUTAT;CPA;create;48,00;CustomerAssign;bima_customerassign_date tersedia (durasi negatif di-clamp ke 0 = Comply);1,63;Comply
202603;TREG 3;BALI;DENPASAR SELATAN;BNO;migrate;24,00;CustomerAssign;bima_customerassign_date tersedia (durasi negatif di-clamp ke 0 = Comply);270,65;Not Comply
202603;TREG 2;BANDUNG;SUMEDANG;CJA;migrate;24,00;CustomerAssign;bima_customerassign_date tersedia (durasi negatif di-clamp ke 0 = Comply);6,79;Comply
202603;TREG 2;JAKARTA OUTER;JAKSEL;TBE;migrate;24,00;CustomerAssign;bima_customerassign_date tersedia (durasi negatif di-clamp ke 0 = Comply);6,94;Comply
202603;TREG 4;KALTIMTARA;TARAKAN;TRK;migrate;24,00;CustomerAssign;bima_customerassign_date tersedia (durasi negatif di-clamp ke 0 = Comply);30,97;Not Comply
202603;TREG 2;JAKARTA INNER;JAKBAR;CKG;migrate;24,00;CustomerAssign;bima_customerassign_date tersedia (durasi negatif di-clamp ke 0 = Comply);102,99;Not Comply
202603;TREG 2;PRIANGAN BARAT;CIANJUR;CJR;migrate;24,00;CustomerAssign;bima_customerassign_date tersedia (durasi negatif di-clamp ke 0 = Comply);7,03;Comply
202603;TREG 4;BALIKPAPAN;BALIKPAPAN;GSA;migrate;24,00;CustomerAssign;bima_customerassign_date tersedia (durasi negatif di-clamp ke 0 = Comply);0,00;Comply
202603;TREG 2;JAKARTA OUTER;JAKSEL;CPE;migrate;24,00;CustomerAssign;bima_customerassign_date tersedia (durasi negatif di-clamp ke 0 = Comply);2,25;Comply
202603;TREG 4;KALSELTENG;PANGKALAN BUN;KMI;create;48,00;CustomerAssign;bima_customerassign_date tersedia (durasi negatif di-clamp ke 0 = Comply);0,37;Comply
202603;TREG 5;SULBAGSEL;SITOR;RTP;migrate;24,00;CustomerAssign;bima_customerassign_date tersedia (durasi negatif di-clamp ke 0 = Comply);407,58;Not Comply
202603;TREG 2;JAKARTA CENTRUM;JAKPUS;CPP;create;48,00;CustomerAssign;bima_customerassign_date tersedia (durasi negatif di-clamp ke 0 = Comply);0,58;Comply
202603;TREG 3;YOGYA JATENG SELATAN;YOGYAKARTA;PGR;migrate;24,00;CustomerAssign;bima_customerassign_date tersedia (durasi negatif di-clamp ke 0 = Comply);0,58;Comply
202603;TREG 1;SUMUT;MEDAN;MDC;migrate;24,00;CustomerAssign;bima_customerassign_date tersedia (durasi negatif di-clamp ke 0 = Comply);50,60;Not Comply
202603;TREG 4;BALIKPAPAN;TANAHGROGOT;TNG;migrate;24,00;CustomerAssign;bima_customerassign_date tersedia (durasi negatif di-clamp ke 0 = Comply);0,00;Comply
202603;TREG 2;PRIANGAN BARAT;DEPOK;CNE;create;48,00;CustomerAssign;bima_customerassign_date tersedia (durasi negatif di-clamp ke 0 = Comply);0,00;Comply
202603;TREG 5;SUMALUT;AMBON;PAO;migrate;24,00;CustomerAssign;bima_customerassign_date tersedia (durasi negatif di-clamp ke 0 = Comply);0,00;Comply
202603;TREG 2;PRIANGAN TIMUR;TASIKMALAYA;TSM;create;48,00;CustomerAssign;bima_customerassign_date tersedia (durasi negatif di-clamp ke 0 = Comply);2,76;Comply
202603;TREG 4;KALTIMTARA;SAMARINDA;LOB;migrate;24,00;CustomerAssign;bima_customerassign_date tersedia (durasi negatif di-clamp ke 0 = Comply);55,78;Not Comply
202603;TREG 4;BALIKPAPAN;BALIKPAPAN;GSA;migrate;24,00;CustomerAssign;bima_customerassign_date tersedia (durasi negatif di-clamp ke 0 = Comply);2,90;Comply
202603;TREG 2;BEKASI KARAWANG;PURWAKARTA;CKP;migrate;24,00;CustomerAssign;bima_customerassign_date tersedia (durasi negatif di-clamp ke 0 = Comply);2,94;Comply
202603;TREG 2;BEKASI KARAWANG;BEKASI;BBL;migrate;24,00;CustomerAssign;bima_customerassign_date tersedia (durasi negatif di-clamp ke 0 = Comply);3,07;Comply
202603;TREG 5;SUMALUT;TERNATE;TNT;migrate;24,00;CustomerAssign;bima_customerassign_date tersedia (durasi negatif di-clamp ke 0 = Comply);56,07;Not Comply
202603;TREG 1;LAMPUNG BENGKULU;BENGKULU;BNC;migrate;24,00;CustomerAssign;bima_customerassign_date tersedia (durasi negatif di-clamp ke 0 = Comply);147,10;Not Comply
202603;TREG 5;SULBAGSEL;PALOPO;PLP;migrate;24,00;CustomerAssign;bima_customerassign_date tersedia (durasi negatif di-clamp ke 0 = Comply);99,22;Not Comply
202603;TREG 1;SUMUT;MEDAN;PUB;migrate;24,00;CustomerAssign;bima_customerassign_date tersedia (durasi negatif di-clamp ke 0 = Comply);32,27;Not Comply
202603;TREG 3;YOGYA JATENG SELATAN;SLEMAN;SMN;migrate;24,00;CustomerAssign;bima_customerassign_date tersedia (durasi negatif di-clamp ke 0 = Comply);1,28;Comply
202603;TREG 2;BEKASI KARAWANG;CIKARANG;CIB;migrate;24,00;CustomerAssign;bima_customerassign_date tersedia (durasi negatif di-clamp ke 0 = Comply);3,32;Comply
202603;TREG 4;KALSELTENG;BANJARMASIN;BJM;migrate;24,00;CustomerAssign;bima_customerassign_date tersedia (durasi negatif di-clamp ke 0 = Comply);176,34;Not Comply
202603;TREG 2;PRIANGAN BARAT;DEPOK;SKJ;create;48,00;CustomerAssign;bima_customerassign_date tersedia (durasi negatif di-clamp ke 0 = Comply);3,34;Comply
202603;TREG 4;KALSELTENG;TANJUNG TABALONG;AMT;migrate;24,00;CustomerAssign;bima_customerassign_date tersedia (durasi negatif di-clamp ke 0 = Comply);0,00;Comply
202603;TREG 1;SUMUT;MEDAN;MDC;migrate;24,00;CustomerAssign;bima_customerassign_date tersedia (durasi negatif di-clamp ke 0 = Comply);8,50;Comply
202603;TREG 4;BALIKPAPAN;BALIKPAPAN;MGG;create;48,00;CustomerAssign;bima_customerassign_date tersedia (durasi negatif di-clamp ke 0 = Comply);8,51;Comply
202603;TREG 3;SURAMADU;SURABAYA SELATAN;RKT;migrate;24,00;CustomerAssign;bima_customerassign_date tersedia (durasi negatif di-clamp ke 0 = Comply);8,53;Comply
202603;TREG 1;RIAU;TANJUNG PINANG;KMS;migrate;24,00;CustomerAssign;bima_customerassign_date tersedia (durasi negatif di-clamp ke 0 = Comply);8,57;Comply
202603;TREG 2;JAKARTA CENTRUM;JAKUT;MKR;migrate;24,00;CustomerAssign;bima_customerassign_date tersedia (durasi negatif di-clamp ke 0 = Comply);8,58;Comply
202603;TREG 2;PRIANGAN BARAT;SUKABUMI;SKB;migrate;24,00;CustomerAssign;bima_customerassign_date tersedia (durasi negatif di-clamp ke 0 = Comply);195,63;Not Comply
202603;TREG 2;BANTEN;LENGKONG;LGK;migrate;24,00;CustomerAssign;bima_customerassign_date tersedia (durasi negatif di-clamp ke 0 = Comply);241,68;Not Comply
202603;TREG 4;BALIKPAPAN;BALIKPAPAN;GSA;migrate;24,00;CustomerAssign;bima_customerassign_date tersedia (durasi negatif di-clamp ke 0 = Comply);25,74;Not Comply
202603;TREG 4;KALBAR;SANGGAU;NGG;migrate;24,00;CustomerAssign;bima_customerassign_date tersedia (durasi negatif di-clamp ke 0 = Comply);25,82;Not Comply
202603;TREG 3;BALI;DENPASAR UTARA;UBN;migrate;24,00;CustomerAssign;bima_customerassign_date tersedia (durasi negatif di-clamp ke 0 = Comply);8,82;Comply
202603;TREG 4;KALBAR;PONTIANAK;SRD;migrate;24,00;CustomerAssign;bima_customerassign_date tersedia (durasi negatif di-clamp ke 0 = Comply);49,83;Not Comply
202603;TREG 1;SUMUT;MEDAN;SKI;create;48,00;CustomerAssign;bima_customerassign_date tersedia (durasi negatif di-clamp ke 0 = Comply);0,00;Comply
202603;TREG 1;RIAU;RIKEP;BTC;create;48,00;CustomerAssign;bima_customerassign_date tersedia (durasi negatif di-clamp ke 0 = Comply);0,00;Comply
202603;TREG 3;YOGYA JATENG SELATAN;MAGELANG;MTY;create;48,00;CustomerAssign;bima_customerassign_date tersedia (durasi negatif di-clamp ke 0 = Comply);9,14;Comply
202603;TREG 2;BANDUNG;PADALARANG;PDL;migrate;24,00;CustomerAssign;bima_customerassign_date tersedia (durasi negatif di-clamp ke 0 = Comply);0,00;Comply
202603;TREG 3;YOGYA JATENG SELATAN;YOGYAKARTA;KBU;create;48,00;CustomerAssign;bima_customerassign_date tersedia (durasi negatif di-clamp ke 0 = Comply);7,30;Comply
202603;TREG 3;SURAMADU;SURABAYA UTARA;KJR;create;48,00;CustomerAssign;bima_customerassign_date tersedia (durasi negatif di-clamp ke 0 = Comply);26,38;Comply
202603;TREG 2;PRIANGAN BARAT;CIBADAK;PLR;migrate;24,00;CustomerAssign;bima_customerassign_date tersedia (durasi negatif di-clamp ke 0 = Comply);26,40;Not Comply
202603;TREG 2;BEKASI KARAWANG;BEKASI;PDE;migrate;24,00;CustomerAssign;bima_customerassign_date tersedia (durasi negatif di-clamp ke 0 = Comply);9,51;Comply
202603;TREG 2;BANTEN;CIPUTAT;PKU;migrate;24,00;CustomerAssign;bima_customerassign_date tersedia (durasi negatif di-clamp ke 0 = Comply);57,53;Not Comply
202603;TREG 5;SULBAGSEL;PALOPO;PLP;migrate;24,00;CustomerAssign;bima_customerassign_date tersedia (durasi negatif di-clamp ke 0 = Comply);0,00;Comply
202603;TREG 4;KALTIMTARA;TARAKAN;TRK;migrate;24,00;CustomerAssign;bima_customerassign_date tersedia (durasi negatif di-clamp ke 0 = Comply);0,00;Comply
202603;TREG 1;ACEH;LANGSA;LGS;migrate;24,00;CustomerAssign;bima_customerassign_date tersedia (durasi negatif di-clamp ke 0 = Comply);201,77;Not Comply
202603;TREG 4;KALTIMTARA;SAMARINDA;SAN;migrate;24,00;CustomerAssign;bima_customerassign_date tersedia (durasi negatif di-clamp ke 0 = Comply);4,77;Comply
202603;TREG 2;BEKASI KARAWANG;BEKASI;PKY;create;48,00;CustomerAssign;bima_customerassign_date tersedia (durasi negatif di-clamp ke 0 = Comply);0,00;Comply
202603;TREG 3;SEMARANG JATENG UTARA;SEMARANG;BOJ;migrate;24,00;CustomerAssign;bima_customerassign_date tersedia (durasi negatif di-clamp ke 0 = Comply);0,00;Comply
202603;TREG 4;KALTIMTARA;BULUNGAN BERAU;TRD;migrate;24,00;CustomerAssign;bima_customerassign_date tersedia (durasi negatif di-clamp ke 0 = Comply);4,85;Comply
202603;TREG 1;RIAU;RIKEP;LBJ;create;48,00;CustomerAssign;bima_customerassign_date tersedia (durasi negatif di-clamp ke 0 = Comply);4,85;Comply
202603;TREG 2;BANTEN;CIKUPA;CKA;create;48,00;CustomerAssign;bima_customerassign_date tersedia (durasi negatif di-clamp ke 0 = Comply);0,00;Comply
202603;TREG 4;BALIKPAPAN;TANAHGROGOT;TNG;migrate;24,00;CustomerAssign;bima_customerassign_date tersedia (durasi negatif di-clamp ke 0 = Comply);0,00;Comply
202603;TREG 1;RIAU;RIKEP;BTC;migrate;24,00;CustomerAssign;bima_customerassign_date tersedia (durasi negatif di-clamp ke 0 = Comply);0,00;Comply
202603;TREG 4;KALSELTENG;BANJARBARU;BBR;migrate;24,00;CustomerAssign;bima_customerassign_date tersedia (durasi negatif di-clamp ke 0 = Comply);4,96;Comply
202603;TREG 3;YOGYA JATENG SELATAN;SLEMAN;PKM;migrate;24,00;CustomerAssign;bima_customerassign_date tersedia (durasi negatif di-clamp ke 0 = Comply);226,01;Not Comply
202603;TREG 1;RIAU;RIKEP;SLU;migrate;24,00;CustomerAssign;bima_customerassign_date tersedia (durasi negatif di-clamp ke 0 = Comply);5,06;Comply
202603;TREG 2;JAKARTA CENTRUM;JAKUT;MKR;migrate;24,00;CustomerAssign;bima_customerassign_date tersedia (durasi negatif di-clamp ke 0 = Comply);10,06;Comply
202603;TREG 5;SULBAGSEL;SITOR;SKG;migrate;24,00;CustomerAssign;bima_customerassign_date tersedia (durasi negatif di-clamp ke 0 = Comply);130,06;Not Comply
202603;TREG 3;SURAMADU;SURABAYA SELATAN;RKT;migrate;24,00;CustomerAssign;bima_customerassign_date tersedia (durasi negatif di-clamp ke 0 = Comply);34,09;Not Comply
202603;TREG 1;SUMBAR JAMBI;SUMBAR;PDC;migrate;24,00;CustomerAssign;bima_customerassign_date tersedia (durasi negatif di-clamp ke 0 = Comply);27,10;Not Comply
202603;TREG 1;RIAU;RIKEP;SLU;migrate;24,00;CustomerAssign;bima_customerassign_date tersedia (durasi negatif di-clamp ke 0 = Comply);5,11;Comply
202603;TREG 2;BANDUNG;BANDUNG;HGM;create;48,00;CustomerAssign;bima_customerassign_date tersedia (durasi negatif di-clamp ke 0 = Comply);0,00;Comply
202603;TREG 4;KALSELTENG;BATULICIN;BLC;migrate;24,00;CustomerAssign;bima_customerassign_date tersedia (durasi negatif di-clamp ke 0 = Comply);0,00;Comply
202603;TREG 2;BANDUNG;SOREANG;BJA;migrate;24,00;CustomerAssign;bima_customerassign_date tersedia (durasi negatif di-clamp ke 0 = Comply);27,21;Not Comply
202603;TREG 1;RIAU;DUMAI;DRI;migrate;24,00;CustomerAssign;bima_customerassign_date tersedia (durasi negatif di-clamp ke 0 = Comply);77,24;Not Comply
202603;TREG 4;KALTIMTARA;BONTANG;BOT;migrate;24,00;CustomerAssign;bima_customerassign_date tersedia (durasi negatif di-clamp ke 0 = Comply);3,39;Comply
202603;TREG 1;ACEH;ACEH;BNA;create;48,00;CustomerAssign;bima_customerassign_date tersedia (durasi negatif di-clamp ke 0 = Comply);34,51;Comply
202603;TREG 5;SUMALUT;AMBON;PAO;migrate;24,00;CustomerAssign;bima_customerassign_date tersedia (durasi negatif di-clamp ke 0 = Comply);0,00;Comply
202603;TREG 2;PRIANGAN BARAT;CIANJUR;CJR;migrate;24,00;CustomerAssign;bima_customerassign_date tersedia (durasi negatif di-clamp ke 0 = Comply);29,61;Not Comply
202603;TREG 5;PAPUA BARAT;SORONG;SON;migrate;24,00;CustomerAssign;bima_customerassign_date tersedia (durasi negatif di-clamp ke 0 = Comply);0,00;Comply
202603;TREG 2;BANDUNG;SUMEDANG;UBR;migrate;24,00;CustomerAssign;bima_customerassign_date tersedia (durasi negatif di-clamp ke 0 = Comply);0,00;Comply
202603;TREG 4;KALSELTENG;MUARA TEWEH;MTW;migrate;24,00;CustomerAssign;bima_customerassign_date tersedia (durasi negatif di-clamp ke 0 = Comply);0,00;Comply
202603;TREG 1;SUMBAR JAMBI;JAMBI;JMI;migrate;24,00;CustomerAssign;bima_customerassign_date tersedia (durasi negatif di-clamp ke 0 = Comply);51,85;Not Comply
202603;TREG 4;KALSELTENG;PALANGKARAYA;PLK;migrate;24,00;CustomerAssign;bima_customerassign_date tersedia (durasi negatif di-clamp ke 0 = Comply);29,88;Not Comply
202603;TREG 3;SURAMADU;SURABAYA UTARA;KNN;create;48,00;CustomerAssign;bima_customerassign_date tersedia (durasi negatif di-clamp ke 0 = Comply);8,94;Comply
202603;TREG 2;JAKARTA OUTER;JAKTIM;GAN;create;48,00;CustomerAssign;bima_customerassign_date tersedia (durasi negatif di-clamp ke 0 = Comply);59,00;Not Comply
202603;TREG 3;SURAMADU;SURABAYA UTARA;KNN;create;48,00;CustomerAssign;bima_customerassign_date tersedia (durasi negatif di-clamp ke 0 = Comply);30,00;Comply
202603;TREG 2;BANTEN;CILEGON;CLG;migrate;24,00;CustomerAssign;bima_customerassign_date tersedia (durasi negatif di-clamp ke 0 = Comply);11,01;Comply
202603;TREG 2;BEKASI KARAWANG;BEKASI;PKY;create;48,00;CustomerAssign;bima_customerassign_date tersedia (durasi negatif di-clamp ke 0 = Comply);0,00;Comply
202603;TREG 4;BALIKPAPAN;BALIKPAPAN;KTB;create;48,00;CustomerAssign;bima_customerassign_date tersedia (durasi negatif di-clamp ke 0 = Comply);30,10;Comply
202603;TREG 3;JATIM BARAT;BOJONEGORO;KDU;migrate;24,00;CustomerAssign;bima_customerassign_date tersedia (durasi negatif di-clamp ke 0 = Comply);59,13;Not Comply
202603;TREG 2;JAKARTA OUTER;JAKTIM;PGB;migrate;24,00;CustomerAssign;bima_customerassign_date tersedia (durasi negatif di-clamp ke 0 = Comply);52,14;Not Comply
202603;TREG 2;BANTEN;BANTEN;SEG;migrate;24,00;CustomerAssign;bima_customerassign_date tersedia (durasi negatif di-clamp ke 0 = Comply);275,29;Not Comply
202603;TREG 3;SEMARANG JATENG UTARA;KENDAL;KDL;migrate;24,00;CustomerAssign;bima_customerassign_date tersedia (durasi negatif di-clamp ke 0 = Comply);0,00;Comply
202603;TREG 2;JAKARTA OUTER;JAKTIM;KLD;create;48,00;CustomerAssign;bima_customerassign_date tersedia (durasi negatif di-clamp ke 0 = Comply);0,00;Comply
202603;TREG 3;SEMARANG JATENG UTARA;KENDAL;KDL;migrate;24,00;CustomerAssign;bima_customerassign_date tersedia (durasi negatif di-clamp ke 0 = Comply);0,00;Comply
202603;TREG 3;SOLO JATENG TIMUR;SOLO;SLO;migrate;24,00;CustomerAssign;bima_customerassign_date tersedia (durasi negatif di-clamp ke 0 = Comply);0,00;Comply
202603;TREG 3;BALI;TABANAN;TBN;migrate;24,00;CustomerAssign;bima_customerassign_date tersedia (durasi negatif di-clamp ke 0 = Comply);532,46;Not Comply
202603;TREG 3;SEMARANG JATENG UTARA;SEMARANG;MJP;migrate;24,00;CustomerAssign;bima_customerassign_date tersedia (durasi negatif di-clamp ke 0 = Comply);5,51;Comply
202603;TREG 5;SULBAGSEL;KOLAKA;KKA;migrate;24,00;CustomerAssign;bima_customerassign_date tersedia (durasi negatif di-clamp ke 0 = Comply);6,53;Comply
202603;TREG 1;RIAU;RIDAR;PBB;create;48,00;CustomerAssign;bima_customerassign_date tersedia (durasi negatif di-clamp ke 0 = Comply);6,81;Comply
202603;TREG 4;KALBAR;PONTIANAK;PTK;migrate;24,00;CustomerAssign;bima_customerassign_date tersedia (durasi negatif di-clamp ke 0 = Comply);366,84;Not Comply
202603;TREG 3;SEMARANG JATENG UTARA;KENDAL;KDL;migrate;24,00;CustomerAssign;bima_customerassign_date tersedia (durasi negatif di-clamp ke 0 = Comply);0,00;Comply
202603;TREG 1;SUMBAGSEL;SUMSEL;SRO;migrate;24,00;CustomerAssign;bima_customerassign_date tersedia (durasi negatif di-clamp ke 0 = Comply);11,96;Comply
202603;TREG 1;RIAU;TANJUNGBALAI KARIMUN;TJT;migrate;24,00;CustomerAssign;bima_customerassign_date tersedia (durasi negatif di-clamp ke 0 = Comply);29,00;Not Comply
202603;TREG 2;JAKARTA CENTRUM;JAKUT;STR;create;48,00;CustomerAssign;bima_customerassign_date tersedia (durasi negatif di-clamp ke 0 = Comply);7,10;Comply
202603;TREG 2;JAKARTA CENTRUM;JAKUT;TPR;migrate;24,00;CustomerAssign;bima_customerassign_date tersedia (durasi negatif di-clamp ke 0 = Comply);5,30;Comply
202603;TREG 5;PAPUA;ABEPURA;ABE;migrate;24,00;CustomerAssign;bima_customerassign_date tersedia (durasi negatif di-clamp ke 0 = Comply);7,31;Comply
202603;TREG 1;SUMBAR JAMBI;SOLOK;SLK;migrate;24,00;CustomerAssign;bima_customerassign_date tersedia (durasi negatif di-clamp ke 0 = Comply);0,00;Comply
202603;TREG 2;JAKARTA CENTRUM;JAKUT;MKR;migrate;24,00;CustomerAssign;bima_customerassign_date tersedia (durasi negatif di-clamp ke 0 = Comply);0,00;Comply
202603;TREG 2;BANTEN;LENGKONG;LKG;migrate;24,00;CustomerAssign;bima_customerassign_date tersedia (durasi negatif di-clamp ke 0 = Comply);132,75;Not Comply
202603;TREG 2;BANTEN;PASAR BARU;TAN;migrate;24,00;CustomerAssign;bima_customerassign_date tersedia (durasi negatif di-clamp ke 0 = Comply);0,00;Comply
202603;TREG 2;JAKARTA INNER;JAKBAR;SMI;migrate;24,00;CustomerAssign;bima_customerassign_date tersedia (durasi negatif di-clamp ke 0 = Comply);12,78;Comply
202603;TREG 3;SURAMADU;SURABAYA UTARA;TNS;create;48,00;CustomerAssign;bima_customerassign_date tersedia (durasi negatif di-clamp ke 0 = Comply);10,93;Comply
202603;TREG 3;SURAMADU;SURABAYA SELATAN;MYR;migrate;24,00;CustomerAssign;bima_customerassign_date tersedia (durasi negatif di-clamp ke 0 = Comply);13,04;Comply
202603;TREG 1;RIAU;BANGKINANG;PKR;migrate;24,00;CustomerAssign;bima_customerassign_date tersedia (durasi negatif di-clamp ke 0 = Comply);253,05;Not Comply
202603;TREG 3;JATIM TIMUR;JOMBANG;JOM;migrate;24,00;CustomerAssign;bima_customerassign_date tersedia (durasi negatif di-clamp ke 0 = Comply);6,06;Comply
202603;TREG 3;JATIM TIMUR;PASURUAN;GRA;migrate;24,00;CustomerAssign;bima_customerassign_date tersedia (durasi negatif di-clamp ke 0 = Comply);13,08;Comply
202603;TREG 1;SUMBAGSEL;SUMSEL;SGB;migrate;24,00;CustomerAssign;bima_customerassign_date tersedia (durasi negatif di-clamp ke 0 = Comply);13,26;Comply
202603;TREG 3;SURAMADU;SURABAYA SELATAN;MYR;migrate;24,00;CustomerAssign;bima_customerassign_date tersedia (durasi negatif di-clamp ke 0 = Comply);13,31;Comply
202603;TREG 1;RIAU;RIKEP;NGS;migrate;24,00;CustomerAssign;bima_customerassign_date tersedia (durasi negatif di-clamp ke 0 = Comply);7,24;Comply
202603;TREG 4;KALTIMTARA;NUNUKAN;NNK;migrate;24,00;CustomerAssign;bima_customerassign_date tersedia (durasi negatif di-clamp ke 0 = Comply);41,18;Not Comply
202603;TREG 3;BALI;TABANAN;TBN;migrate;24,00;CustomerAssign;bima_customerassign_date tersedia (durasi negatif di-clamp ke 0 = Comply);42,85;Not Comply
202603;TREG 4;KALTIMTARA;BULUNGAN BERAU;TLA;create;48,00;CustomerAssign;bima_customerassign_date tersedia (durasi negatif di-clamp ke 0 = Comply);0,00;Comply
202603;TREG 3;SURAMADU;SURABAYA SELATAN;IJK;migrate;24,00;CustomerAssign;bima_customerassign_date tersedia (durasi negatif di-clamp ke 0 = Comply);0,35;Comply
202603;TREG 4;KALTIMTARA;SAMARINDA;LOB;migrate;24,00;CustomerAssign;bima_customerassign_date tersedia (durasi negatif di-clamp ke 0 = Comply);840,36;Not Comply
202603;TREG 1;ACEH;ACEH;BNA;migrate;24,00;CustomerAssign;bima_customerassign_date tersedia (durasi negatif di-clamp ke 0 = Comply);0,43;Comply
202603;TREG 3;YOGYA JATENG SELATAN;PURWOKERTO;PWT;migrate;24,00;CustomerAssign;bima_customerassign_date tersedia (durasi negatif di-clamp ke 0 = Comply);72,45;Not Comply
202603;TREG 1;ACEH;ACEH;BNA;migrate;24,00;CustomerAssign;bima_customerassign_date tersedia (durasi negatif di-clamp ke 0 = Comply);264,45;Not Comply
202603;TREG 3;SOLO JATENG TIMUR;WONOGIRI;SKH;migrate;24,00;CustomerAssign;bima_customerassign_date tersedia (durasi negatif di-clamp ke 0 = Comply);19,51;Comply
202603;TREG 1;ACEH;ACEH;BNA;migrate;24,00;CustomerAssign;bima_customerassign_date tersedia (durasi negatif di-clamp ke 0 = Comply);161,55;Not Comply
202603;TREG 3;BALI;GIANYAR;UBU;migrate;24,00;CustomerAssign;bima_customerassign_date tersedia (durasi negatif di-clamp ke 0 = Comply);65,58;Not Comply
202603;TREG 1;ACEH;ACEH;DAR;migrate;24,00;CustomerAssign;bima_customerassign_date tersedia (durasi negatif di-clamp ke 0 = Comply);19,63;Comply
202603;TREG 1;ACEH;MEULABOH;BPD;migrate;24,00;CustomerAssign;bima_customerassign_date tersedia (durasi negatif di-clamp ke 0 = Comply);0,00;Comply
202603;TREG 4;KALTIMTARA;TARAKAN;JWT;migrate;24,00;CustomerAssign;bima_customerassign_date tersedia (durasi negatif di-clamp ke 0 = Comply);91,75;Not Comply
202603;TREG 3;SURAMADU;SURABAYA UTARA;KPS;migrate;24,00;CustomerAssign;bima_customerassign_date tersedia (durasi negatif di-clamp ke 0 = Comply);24,77;Not Comply
202603;TREG 5;SULBAGTENG;PALU;TWL;migrate;24,00;CustomerAssign;bima_customerassign_date tersedia (durasi negatif di-clamp ke 0 = Comply);24,82;Not Comply
202603;TREG 4;KALTIMTARA;MELAK;SBR;migrate;24,00;CustomerAssign;bima_customerassign_date tersedia (durasi negatif di-clamp ke 0 = Comply);1.004,40;Not Comply
202603;TREG 2;BANDUNG;SUMEDANG;UBR;migrate;24,00;CustomerAssign;bima_customerassign_date tersedia (durasi negatif di-clamp ke 0 = Comply);0,00;Comply
202603;TREG 5;SULBAGTENG;PALU;PLA;migrate;24,00;CustomerAssign;bima_customerassign_date tersedia (durasi negatif di-clamp ke 0 = Comply);401,56;Not Comply
202603;TREG 1;LAMPUNG BENGKULU;PRINGSEWU;KBI;migrate;24,00;CustomerAssign;bima_customerassign_date tersedia (durasi negatif di-clamp ke 0 = Comply);212,73;Not Comply
202603;TREG 1;ACEH;ACEH;SGI;create;48,00;CustomerAssign;bima_customerassign_date tersedia (durasi negatif di-clamp ke 0 = Comply);163,08;Not Comply
202603;TREG 3;JATIM TIMUR;PROBOLINGGO;PBL;migrate;24,00;CustomerAssign;bima_customerassign_date tersedia (durasi negatif di-clamp ke 0 = Comply);21,10;Comply
202603;TREG 4;KALSELTENG;MUARA TEWEH;MTW;migrate;24,00;CustomerAssign;bima_customerassign_date tersedia (durasi negatif di-clamp ke 0 = Comply);0,00;Comply
202603;TREG 3;YOGYA JATENG SELATAN;MAGELANG;MTY;create;48,00;CustomerAssign;bima_customerassign_date tersedia (durasi negatif di-clamp ke 0 = Comply);429,32;Not Comply
202603;TREG 4;KALTIMTARA;BONTANG;LKT;migrate;24,00;CustomerAssign;bima_customerassign_date tersedia (durasi negatif di-clamp ke 0 = Comply);19,38;Comply
202603;TREG 4;KALTIMTARA;NUNUKAN;NNK;migrate;24,00;CustomerAssign;bima_customerassign_date tersedia (durasi negatif di-clamp ke 0 = Comply);93,40;Not Comply
202603;TREG 4;KALTIMTARA;BONTANG;STT;migrate;24,00;CustomerAssign;bima_customerassign_date tersedia (durasi negatif di-clamp ke 0 = Comply);91,61;Not Comply
202603;TREG 3;JATIM TIMUR;SIDOARJO;KRN;migrate;24,00;CustomerAssign;bima_customerassign_date tersedia (durasi negatif di-clamp ke 0 = Comply);19,79;Comply
202603;TREG 4;KALSELTENG;TANJUNG TABALONG;AMT;migrate;24,00;CustomerAssign;bima_customerassign_date tersedia (durasi negatif di-clamp ke 0 = Comply);0,00;Comply
202603;TREG 4;KALTIMTARA;NUNUKAN;NNK;migrate;24,00;CustomerAssign;bima_customerassign_date tersedia (durasi negatif di-clamp ke 0 = Comply);21,96;Comply
202603;TREG 4;KALSELTENG;PALANGKARAYA;PLK;migrate;24,00;CustomerAssign;bima_customerassign_date tersedia (durasi negatif di-clamp ke 0 = Comply);70,56;Not Comply
202603;TREG 4;BALIKPAPAN;TANAHGROGOT;MJW;migrate;24,00;CustomerAssign;bima_customerassign_date tersedia (durasi negatif di-clamp ke 0 = Comply);51,66;Not Comply
202603;TREG 4;KALSELTENG;TANJUNG TABALONG;KDG;create;48,00;CustomerAssign;bima_customerassign_date tersedia (durasi negatif di-clamp ke 0 = Comply);20,72;Comply
202603;TREG 3;SEMARANG JATENG UTARA;SALATIGA;SLI;create;48,00;CustomerAssign;bima_customerassign_date tersedia (durasi negatif di-clamp ke 0 = Comply);0,00;Comply
202603;TREG 2;BANDUNG;BANDUNG BARAT;CMI;create;48,00;CustomerAssign;bima_customerassign_date tersedia (durasi negatif di-clamp ke 0 = Comply);3,91;Comply
202603;TREG 4;KALSELTENG;TANJUNG TABALONG;BRI;migrate;24,00;CustomerAssign;bima_customerassign_date tersedia (durasi negatif di-clamp ke 0 = Comply);0,00;Comply
202603;TREG 5;SULBAGSEL;PALOPO;SRK;migrate;24,00;CustomerAssign;bima_customerassign_date tersedia (durasi negatif di-clamp ke 0 = Comply);76,24;Not Comply
202603;TREG 4;KALSELTENG;BANJARBARU;LUL;create;48,00;CustomerAssign;bima_customerassign_date tersedia (durasi negatif di-clamp ke 0 = Comply);0,00;Comply
202603;TREG 2;BANTEN;CIPUTAT;CPA;create;48,00;CustomerAssign;bima_customerassign_date tersedia (durasi negatif di-clamp ke 0 = Comply);4,34;Comply
202603;TREG 5;PAPUA;SENTANI;SNI;migrate;24,00;CustomerAssign;bima_customerassign_date tersedia (durasi negatif di-clamp ke 0 = Comply);23,40;Comply
202603;TREG 2;BANTEN;PASAR BARU;CPD;migrate;24,00;CustomerAssign;bima_customerassign_date tersedia (durasi negatif di-clamp ke 0 = Comply);4,48;Comply
202603;TREG 5;SUMALUT;BITUNG;BIT;migrate;24,00;CustomerAssign;bima_customerassign_date tersedia (durasi negatif di-clamp ke 0 = Comply);4,51;Comply
202603;TREG 2;PRIANGAN BARAT;KUJANG;PAR;create;48,00;CustomerAssign;bima_customerassign_date tersedia (durasi negatif di-clamp ke 0 = Comply);23,59;Comply
202603;TREG 3;SEMARANG JATENG UTARA;SEMARANG;BMK;migrate;24,00;CustomerAssign;bima_customerassign_date tersedia (durasi negatif di-clamp ke 0 = Comply);0,00;Comply
202603;TREG 3;YOGYA JATENG SELATAN;TEMANGGUNG;TEM;migrate;24,00;CustomerAssign;bima_customerassign_date tersedia (durasi negatif di-clamp ke 0 = Comply);0,00;Comply
202603;TREG 4;BALIKPAPAN;TANAHGROGOT;TNG;migrate;24,00;CustomerAssign;bima_customerassign_date tersedia (durasi negatif di-clamp ke 0 = Comply);0,00;Comply
202603;TREG 3;YOGYA JATENG SELATAN;KEBUMEN;KTW;create;48,00;CustomerAssign;bima_customerassign_date tersedia (durasi negatif di-clamp ke 0 = Comply);4,91;Comply
202603;TREG 2;PRIANGAN TIMUR;TASIKMALAYA;TSM;migrate;24,00;CustomerAssign;bima_customerassign_date tersedia (durasi negatif di-clamp ke 0 = Comply);5,33;Comply
202603;TREG 2;BEKASI KARAWANG;PURWAKARTA;CKP;migrate;24,00;CustomerAssign;bima_customerassign_date tersedia (durasi negatif di-clamp ke 0 = Comply);0,39;Comply
202603;TREG 3;JATIM BARAT;PONOROGO;PON;migrate;24,00;CustomerAssign;bima_customerassign_date tersedia (durasi negatif di-clamp ke 0 = Comply);29,66;Not Comply
202603;TREG 2;BANTEN;CILEGON;CLG;migrate;24,00;CustomerAssign;bima_customerassign_date tersedia (durasi negatif di-clamp ke 0 = Comply);24,66;Not Comply
202603;TREG 4;BALIKPAPAN;TANAHGROGOT;TNG;migrate;24,00;CustomerAssign;bima_customerassign_date tersedia (durasi negatif di-clamp ke 0 = Comply);0,00;Comply
202603;TREG 2;JAKARTA CENTRUM;JAKPUS;CID;migrate;24,00;CustomerAssign;bima_customerassign_date tersedia (durasi negatif di-clamp ke 0 = Comply);0,00;Comply
202603;TREG 4;KALSELTENG;BANJARMASIN;ULI;migrate;24,00;CustomerAssign;bima_customerassign_date tersedia (durasi negatif di-clamp ke 0 = Comply);29,80;Not Comply
202603;TREG 3;SOLO JATENG TIMUR;SRAGEN;KAR;migrate;24,00;CustomerAssign;bima_customerassign_date tersedia (durasi negatif di-clamp ke 0 = Comply);5,86;Comply
202603;TREG 2;BANDUNG;SUMEDANG;UBR;migrate;24,00;CustomerAssign;bima_customerassign_date tersedia (durasi negatif di-clamp ke 0 = Comply);6,28;Comply
202603;TREG 2;BEKASI KARAWANG;BEKASI;BEK;migrate;24,00;CustomerAssign;bima_customerassign_date tersedia (durasi negatif di-clamp ke 0 = Comply);0,00;Comply
202603;TREG 3;YOGYA JATENG SELATAN;BANTUL;BTL;migrate;24,00;CustomerAssign;bima_customerassign_date tersedia (durasi negatif di-clamp ke 0 = Comply);6,40;Comply
202603;TREG 5;SUMALUT;MINAHASA;TDN;migrate;24,00;CustomerAssign;bima_customerassign_date tersedia (durasi negatif di-clamp ke 0 = Comply);6,48;Comply
202603;TREG 3;YOGYA JATENG SELATAN;SLEMAN;GOD;create;48,00;CustomerAssign;bima_customerassign_date tersedia (durasi negatif di-clamp ke 0 = Comply);6,50;Comply
202603;TREG 1;RIAU;RIKEP;BTC;migrate;24,00;CustomerAssign;bima_customerassign_date tersedia (durasi negatif di-clamp ke 0 = Comply);6,51;Comply
202603;TREG 3;JATIM TIMUR;SIBO;SIT;migrate;24,00;CustomerAssign;bima_customerassign_date tersedia (durasi negatif di-clamp ke 0 = Comply);198,71;Not Comply
202603;TREG 3;SEMARANG JATENG UTARA;SEMARANG;SMT;migrate;24,00;CustomerAssign;bima_customerassign_date tersedia (durasi negatif di-clamp ke 0 = Comply);0,00;Comply
202603;TREG 2;JAKARTA OUTER;JAKTIM;CWA;migrate;24,00;CustomerAssign;bima_customerassign_date tersedia (durasi negatif di-clamp ke 0 = Comply);6,87;Comply
202603;TREG 2;BEKASI KARAWANG;BEKASI;PDE;create;48,00;CustomerAssign;bima_customerassign_date tersedia (durasi negatif di-clamp ke 0 = Comply);30,98;Comply
202603;TREG 2;BANTEN;RANGKAS-PANDEGLANG;RKS;migrate;24,00;CustomerAssign;bima_customerassign_date tersedia (durasi negatif di-clamp ke 0 = Comply);50,03;Not Comply
202603;TREG 2;JAKARTA OUTER;JAKTIM;JTN;migrate;24,00;CustomerAssign;bima_customerassign_date tersedia (durasi negatif di-clamp ke 0 = Comply);199,11;Not Comply
202603;TREG 4;BALIKPAPAN;BALIKPAPAN;BRU;migrate;24,00;CustomerAssign;bima_customerassign_date tersedia (durasi negatif di-clamp ke 0 = Comply);17,11;Comply
202603;TREG 4;KALSELTENG;BANJARMASIN;GMB;create;48,00;CustomerAssign;bima_customerassign_date tersedia (durasi negatif di-clamp ke 0 = Comply);0,11;Comply
202603;TREG 3;JATIM TIMUR;SIBO;ASB;create;48,00;CustomerAssign;bima_customerassign_date tersedia (durasi negatif di-clamp ke 0 = Comply);26,15;Comply
202603;TREG 2;BANTEN;LENGKONG;PPG;create;48,00;CustomerAssign;bima_customerassign_date tersedia (durasi negatif di-clamp ke 0 = Comply);26,29;Comply
202603;TREG 1;SUMUT;MEDAN;SPM;migrate;24,00;CustomerAssign;bima_customerassign_date tersedia (durasi negatif di-clamp ke 0 = Comply);122,35;Not Comply
202603;TREG 4;KALTIMTARA;BONTANG;BOT;migrate;24,00;CustomerAssign;bima_customerassign_date tersedia (durasi negatif di-clamp ke 0 = Comply);26,38;Not Comply
202603;TREG 2;JAKARTA CENTRUM;JAKUT;MRD;migrate;24,00;CustomerAssign;bima_customerassign_date tersedia (durasi negatif di-clamp ke 0 = Comply);0,00;Comply
202603;TREG 4;KALSELTENG;BANJARMASIN;ULI;migrate;24,00;CustomerAssign;bima_customerassign_date tersedia (durasi negatif di-clamp ke 0 = Comply);7,45;Comply
202603;TREG 4;KALTIMTARA;TARAKAN;TRK;migrate;24,00;CustomerAssign;bima_customerassign_date tersedia (durasi negatif di-clamp ke 0 = Comply);2,46;Comply
202603;TREG 4;BALIKPAPAN;TANAHGROGOT;PTG;migrate;24,00;CustomerAssign;bima_customerassign_date tersedia (durasi negatif di-clamp ke 0 = Comply);0,00;Comply
202603;TREG 4;KALTIMTARA;BULUNGAN BERAU;TRD;migrate;24,00;CustomerAssign;bima_customerassign_date tersedia (durasi negatif di-clamp ke 0 = Comply);24,56;Not Comply
202603;TREG 2;BANDUNG;BANDUNG;LBG;create;48,00;CustomerAssign;bima_customerassign_date tersedia (durasi negatif di-clamp ke 0 = Comply);7,57;Comply
202603;TREG 3;SURAMADU;GRESIK;CRM;migrate;24,00;CustomerAssign;bima_customerassign_date tersedia (durasi negatif di-clamp ke 0 = Comply);240,57;Not Comply
202603;TREG 2;JAKARTA CENTRUM;JAKPUS;CPP;create;48,00;CustomerAssign;bima_customerassign_date tersedia (durasi negatif di-clamp ke 0 = Comply);50,58;Not Comply
202603;TREG 1;SUMUT;MEDAN;CTD;create;48,00;CustomerAssign;bima_customerassign_date tersedia (durasi negatif di-clamp ke 0 = Comply);7,68;Comply
202603;TREG 2;BANDUNG;SUMEDANG;UBR;migrate;24,00;CustomerAssign;bima_customerassign_date tersedia (durasi negatif di-clamp ke 0 = Comply);7,78;Comply
202603;TREG 3;NUSA TENGGARA;LABUHAN BAJO;LBO;migrate;24,00;CustomerAssign;bima_customerassign_date tersedia (durasi negatif di-clamp ke 0 = Comply);31,96;Not Comply
202603;TREG 2;BANDUNG;SUMEDANG;CJA;create;48,00;CustomerAssign;bima_customerassign_date tersedia (durasi negatif di-clamp ke 0 = Comply);2,98;Comply
202603;TREG 1;RIAU;RIKEP;LBJ;migrate;24,00;CustomerAssign;bima_customerassign_date tersedia (durasi negatif di-clamp ke 0 = Comply);24,98;Not Comply
202603;TREG 1;RIAU;RIKEP;SLU;create;48,00;CustomerAssign;bima_customerassign_date tersedia (durasi negatif di-clamp ke 0 = Comply);55,98;Not Comply
202603;TREG 2;BANTEN;LENGKONG;LGK;create;48,00;CustomerAssign;bima_customerassign_date tersedia (durasi negatif di-clamp ke 0 = Comply);55,98;Not Comply
202603;TREG 4;KALTIMTARA;TARAKAN;TRK;migrate;24,00;CustomerAssign;bima_customerassign_date tersedia (durasi negatif di-clamp ke 0 = Comply);0,00;Comply
202603;TREG 4;KALSELTENG;BANJARBARU;BBR;migrate;24,00;CustomerAssign;bima_customerassign_date tersedia (durasi negatif di-clamp ke 0 = Comply);1,13;Comply
202603;TREG 2;BANDUNG;SOREANG;SOR;migrate;24,00;CustomerAssign;bima_customerassign_date tersedia (durasi negatif di-clamp ke 0 = Comply);8,19;Comply
202603;TREG 2;JAKARTA CENTRUM;JAKPUS;CPP;migrate;24,00;CustomerAssign;bima_customerassign_date tersedia (durasi negatif di-clamp ke 0 = Comply);0,00;Comply
202603;TREG 2;JAKARTA INNER;JAKBAR;MRY;create;48,00;CustomerAssign;bima_customerassign_date tersedia (durasi negatif di-clamp ke 0 = Comply);0,00;Comply
202603;TREG 3;SOLO JATENG TIMUR;SOLO;KTO;create;48,00;CustomerAssign;bima_customerassign_date tersedia (durasi negatif di-clamp ke 0 = Comply);51,32;Not Comply
202603;TREG 2;JAKARTA OUTER;JAKSEL;TBE;migrate;24,00;CustomerAssign;bima_customerassign_date tersedia (durasi negatif di-clamp ke 0 = Comply);8,40;Comply
202603;TREG 1;SUMUT;SIBOLGA;PND;migrate;24,00;CustomerAssign;bima_customerassign_date tersedia (durasi negatif di-clamp ke 0 = Comply);195,62;Not Comply
202603;TREG 4;KALSELTENG;TANJUNG TABALONG;BRI;migrate;24,00;CustomerAssign;bima_customerassign_date tersedia (durasi negatif di-clamp ke 0 = Comply);3,64;Comply
202603;TREG 4;BALIKPAPAN;BALIKPAPAN;GSA;migrate;24,00;CustomerAssign;bima_customerassign_date tersedia (durasi negatif di-clamp ke 0 = Comply);51,73;Not Comply
202603;TREG 2;BANDUNG;BANDUNG;TLE;create;48,00;CustomerAssign;bima_customerassign_date tersedia (durasi negatif di-clamp ke 0 = Comply);8,78;Comply
202603;TREG 3;SURAMADU;MADURA;PME;migrate;24,00;CustomerAssign;bima_customerassign_date tersedia (durasi negatif di-clamp ke 0 = Comply);80,84;Not Comply
202603;TREG 4;BALIKPAPAN;BALIKPAPAN;BRU;create;48,00;CustomerAssign;bima_customerassign_date tersedia (durasi negatif di-clamp ke 0 = Comply);0,00;Comply
202603;TREG 5;SUMALUT;AMBON;PAO;create;48,00;CustomerAssign;bima_customerassign_date tersedia (durasi negatif di-clamp ke 0 = Comply);0,00;Comply
202603;TREG 4;KALSELTENG;PALANGKARAYA;PLK;migrate;24,00;CustomerAssign;bima_customerassign_date tersedia (durasi negatif di-clamp ke 0 = Comply);28,07;Not Comply
202603;TREG 4;KALTIMTARA;MELAK;SBR;migrate;24,00;CustomerAssign;bima_customerassign_date tersedia (durasi negatif di-clamp ke 0 = Comply);28,08;Not Comply
202603;TREG 2;PRIANGAN BARAT;CIBINONG;CLS;migrate;24,00;CustomerAssign;bima_customerassign_date tersedia (durasi negatif di-clamp ke 0 = Comply);4,13;Comply
202603;TREG 3;YOGYA JATENG SELATAN;YOGYAKARTA;KBU;migrate;24,00;CustomerAssign;bima_customerassign_date tersedia (durasi negatif di-clamp ke 0 = Comply);50,16;Not Comply
202603;TREG 3;JATIM BARAT;NGAWI;GGR;create;48,00;CustomerAssign;bima_customerassign_date tersedia (durasi negatif di-clamp ke 0 = Comply);9,22;Comply
202603;TREG 2;PRIANGAN TIMUR;CIREBON;CBN;migrate;24,00;CustomerAssign;bima_customerassign_date tersedia (durasi negatif di-clamp ke 0 = Comply);2,22;Comply
202603;TREG 2;PRIANGAN BARAT;DEPOK;DEP;migrate;24,00;CustomerAssign;bima_customerassign_date tersedia (durasi negatif di-clamp ke 0 = Comply);0,00;Comply
202603;TREG 2;JAKARTA OUTER;JAKTIM;GAN;create;48,00;CustomerAssign;bima_customerassign_date tersedia (durasi negatif di-clamp ke 0 = Comply);9,29;Comply
202603;TREG 5;SUMALUT;BITUNG;BIT;migrate;24,00;CustomerAssign;bima_customerassign_date tersedia (durasi negatif di-clamp ke 0 = Comply);9,35;Comply
202603;TREG 3;SOLO JATENG TIMUR;SOLO;GLD;migrate;24,00;CustomerAssign;bima_customerassign_date tersedia (durasi negatif di-clamp ke 0 = Comply);26,36;Not Comply
202603;TREG 3;JATIM TIMUR;LUMAJANG;KKH;migrate;24,00;CustomerAssign;bima_customerassign_date tersedia (durasi negatif di-clamp ke 0 = Comply);9,47;Comply
202603;TREG 3;SEMARANG JATENG UTARA;UNGARAN;UNR;create;48,00;CustomerAssign;bima_customerassign_date tersedia (durasi negatif di-clamp ke 0 = Comply);0,00;Comply
202603;TREG 4;BALIKPAPAN;BALIKPAPAN;BRU;migrate;24,00;CustomerAssign;bima_customerassign_date tersedia (durasi negatif di-clamp ke 0 = Comply);0,00;Comply
202603;TREG 4;KALSELTENG;TANJUNG TABALONG;TJL;migrate;24,00;CustomerAssign;bima_customerassign_date tersedia (durasi negatif di-clamp ke 0 = Comply);0,00;Comply
202603;TREG 4;BALIKPAPAN;BALIKPAPAN;GSA;migrate;24,00;CustomerAssign;bima_customerassign_date tersedia (durasi negatif di-clamp ke 0 = Comply);4,64;Comply
202603;TREG 1;LAMPUNG BENGKULU;LAMPUNG;KDT;migrate;24,00;CustomerAssign;bima_customerassign_date tersedia (durasi negatif di-clamp ke 0 = Comply);4,66;Comply
202603;TREG 5;SULBAGTENG;PALU;PLA;migrate;24,00;CustomerAssign;bima_customerassign_date tersedia (durasi negatif di-clamp ke 0 = Comply);458,87;Not Comply
202603;TREG 3;SURAMADU;SURABAYA SELATAN;DMO;create;48,00;CustomerAssign;bima_customerassign_date tersedia (durasi negatif di-clamp ke 0 = Comply);9,87;Comply
202603;TREG 1;RIAU;RIDAR;PBB;migrate;24,00;CustomerAssign;bima_customerassign_date tersedia (durasi negatif di-clamp ke 0 = Comply);9,90;Comply
202603;TREG 3;SURAMADU;SURABAYA SELATAN;GBG;migrate;24,00;CustomerAssign;bima_customerassign_date tersedia (durasi negatif di-clamp ke 0 = Comply);33,94;Not Comply
202603;TREG 1;SUMBAGSEL;LUBUK LINGGAU;LHT;create;48,00;CustomerAssign;bima_customerassign_date tersedia (durasi negatif di-clamp ke 0 = Comply);0,00;Comply
202603;TREG 1;RIAU;RIDAR;BKR;migrate;24,00;CustomerAssign;bima_customerassign_date tersedia (durasi negatif di-clamp ke 0 = Comply);0,00;Comply
202603;TREG 1;SUMUT;MEDAN;TMU;migrate;24,00;CustomerAssign;bima_customerassign_date tersedia (durasi negatif di-clamp ke 0 = Comply);5,05;Comply
202603;TREG 2;PRIANGAN BARAT;DEPOK;DEP;migrate;24,00;CustomerAssign;bima_customerassign_date tersedia (durasi negatif di-clamp ke 0 = Comply);226,07;Not Comply
202603;TREG 3;SURAMADU;SURABAYA SELATAN;JGR;migrate;24,00;CustomerAssign;bima_customerassign_date tersedia (durasi negatif di-clamp ke 0 = Comply);0,00;Comply
202603;TREG 2;BANDUNG;PADALARANG;CLL;migrate;24,00;CustomerAssign;bima_customerassign_date tersedia (durasi negatif di-clamp ke 0 = Comply);34,18;Not Comply
202603;TREG 3;NUSA TENGGARA;NTB;PRY;migrate;24,00;CustomerAssign;bima_customerassign_date tersedia (durasi negatif di-clamp ke 0 = Comply);219,25;Not Comply
202603;TREG 4;KALSELTENG;TANJUNG TABALONG;TJL;migrate;24,00;CustomerAssign;bima_customerassign_date tersedia (durasi negatif di-clamp ke 0 = Comply);10,44;Comply
202603;TREG 1;SUMUT;MEDAN;SPM;migrate;24,00;CustomerAssign;bima_customerassign_date tersedia (durasi negatif di-clamp ke 0 = Comply);10,47;Comply
202603;TREG 1;RIAU;BANGKINANG;ARK;migrate;24,00;CustomerAssign;bima_customerassign_date tersedia (durasi negatif di-clamp ke 0 = Comply);101,51;Not Comply
202603;TREG 5;SUMALUT;MENADO;BAH;migrate;24,00;CustomerAssign;bima_customerassign_date tersedia (durasi negatif di-clamp ke 0 = Comply);99,59;Not Comply
202603;TREG 3;YOGYA JATENG SELATAN;YOGYAKARTA;PGR;migrate;24,00;CustomerAssign;bima_customerassign_date tersedia (durasi negatif di-clamp ke 0 = Comply);0,00;Comply
202603;TREG 3;BALI;DENPASAR CENTRUM;SWI;migrate;24,00;CustomerAssign;bima_customerassign_date tersedia (durasi negatif di-clamp ke 0 = Comply);34,93;Not Comply
202603;TREG 3;YOGYA JATENG SELATAN;BANTUL;BTL;create;48,00;CustomerAssign;bima_customerassign_date tersedia (durasi negatif di-clamp ke 0 = Comply);4,03;Comply
202603;TREG 2;BANDUNG;BANDUNG;LBG;create;48,00;CustomerAssign;bima_customerassign_date tersedia (durasi negatif di-clamp ke 0 = Comply);0,00;Comply
202603;TREG 2;BANDUNG;BANDUNG;BDK;migrate;24,00;CustomerAssign;bima_customerassign_date tersedia (durasi negatif di-clamp ke 0 = Comply);0,00;Comply
202603;TREG 1;RIAU;INDRAGIRI;AMK;migrate;24,00;PI;bima_customerassign_date kosong → pakai orca_pi_date (durasi negatif di-clamp ke 0 = Comply);1.424,05;Not Comply
202603;TREG 3;SURAMADU;SURABAYA SELATAN;GBG;migrate;24,00;CustomerAssign;bima_customerassign_date tersedia (durasi negatif di-clamp ke 0 = Comply);4,47;Comply
202603;TREG 2;JAKARTA INNER;JAKBAR;CKG;migrate;24,00;CustomerAssign;bima_customerassign_date tersedia (durasi negatif di-clamp ke 0 = Comply);0,00;Comply
202603;TREG 1;RIAU;RIKEP;SKN;create;48,00;CustomerAssign;bima_customerassign_date tersedia (durasi negatif di-clamp ke 0 = Comply);30,50;Comply
202603;TREG 2;JAKARTA INNER;JAKBAR;PLM;migrate;24,00;CustomerAssign;bima_customerassign_date tersedia (durasi negatif di-clamp ke 0 = Comply);11,51;Comply
202603;TREG 3;SURAMADU;SURABAYA SELATAN;GBG;migrate;24,00;CustomerAssign;bima_customerassign_date tersedia (durasi negatif di-clamp ke 0 = Comply);0,00;Comply
202603;TREG 5;SULBAGSEL;PARE-PARE;PRE;migrate;24,00;CustomerAssign;bima_customerassign_date tersedia (durasi negatif di-clamp ke 0 = Comply);0,00;Comply
202603;TREG 5;SULBAGSEL;PALOPO;MAS;migrate;24,00;CustomerAssign;bima_customerassign_date tersedia (durasi negatif di-clamp ke 0 = Comply);604,71;Not Comply
202603;TREG 2;BEKASI KARAWANG;BEKASI;KRA;migrate;24,00;CustomerAssign;bima_customerassign_date tersedia (durasi negatif di-clamp ke 0 = Comply);0,00;Comply
202603;TREG 4;KALSELTENG;BANJARBARU;BBR;migrate;24,00;CustomerAssign;bima_customerassign_date tersedia (durasi negatif di-clamp ke 0 = Comply);54,93;Not Comply
202603;TREG 2;BEKASI KARAWANG;CIKARANG;BGG;migrate;24,00;CustomerAssign;bima_customerassign_date tersedia (durasi negatif di-clamp ke 0 = Comply);30,95;Not Comply
202603;TREG 3;SOLO JATENG TIMUR;KUDUS;KUD;migrate;24,00;CustomerAssign;bima_customerassign_date tersedia (durasi negatif di-clamp ke 0 = Comply);12,04;Comply
202603;TREG 2;BANTEN;CIKUPA;TGR;create;48,00;CustomerAssign;bima_customerassign_date tersedia (durasi negatif di-clamp ke 0 = Comply);29,06;Comply
202603;TREG 2;BEKASI KARAWANG;BEKASI;BEK;migrate;24,00;CustomerAssign;bima_customerassign_date tersedia (durasi negatif di-clamp ke 0 = Comply);0,00;Comply
202603;TREG 2;BEKASI KARAWANG;CIKARANG;LMA;create;48,00;CustomerAssign;bima_customerassign_date tersedia (durasi negatif di-clamp ke 0 = Comply);12,14;Comply
202603;TREG 3;SURAMADU;SURABAYA UTARA;KPS;migrate;24,00;CustomerAssign;bima_customerassign_date tersedia (durasi negatif di-clamp ke 0 = Comply);7,18;Comply
202603;TREG 1;LAMPUNG BENGKULU;BENGKULU;CRP;migrate;24,00;CustomerAssign;bima_customerassign_date tersedia (durasi negatif di-clamp ke 0 = Comply);0,00;Comply
202603;TREG 2;BANDUNG;SUMEDANG;UBR;migrate;24,00;CustomerAssign;bima_customerassign_date tersedia (durasi negatif di-clamp ke 0 = Comply);276,57;Not Comply
202603;TREG 2;JAKARTA CENTRUM;JAKUT;TPR;create;48,00;CustomerAssign;bima_customerassign_date tersedia (durasi negatif di-clamp ke 0 = Comply);12,64;Comply
202603;TREG 1;SUMUT;PADANG SIDEMPUAN;PSP;migrate;24,00;CustomerAssign;bima_customerassign_date tersedia (durasi negatif di-clamp ke 0 = Comply);60,75;Not Comply
202603;TREG 1;SUMUT;PADANG SIDEMPUAN;PSP;migrate;24,00;CustomerAssign;bima_customerassign_date tersedia (durasi negatif di-clamp ke 0 = Comply);439,75;Not Comply
202603;TREG 1;ACEH;ACEH;LTM;create;48,00;CustomerAssign;bima_customerassign_date tersedia (durasi negatif di-clamp ke 0 = Comply);0,00;Comply
202603;TREG 3;SOLO JATENG TIMUR;JEPARA;JPR;migrate;24,00;CustomerAssign;bima_customerassign_date tersedia (durasi negatif di-clamp ke 0 = Comply);0,00;Comply
202603;TREG 1;RIAU;RIDAR;PBB;migrate;24,00;CustomerAssign;bima_customerassign_date tersedia (durasi negatif di-clamp ke 0 = Comply);32,01;Not Comply
202603;TREG 2;BANDUNG;BANDUNG;LBG;migrate;24,00;CustomerAssign;bima_customerassign_date tersedia (durasi negatif di-clamp ke 0 = Comply);13,02;Comply
202603;TREG 3;SEMARANG JATENG UTARA;BATANG;BTG;migrate;24,00;CustomerAssign;bima_customerassign_date tersedia (durasi negatif di-clamp ke 0 = Comply);32,05;Not Comply
202603;TREG 3;SURAMADU;SURABAYA UTARA;KNN;migrate;24,00;CustomerAssign;bima_customerassign_date tersedia (durasi negatif di-clamp ke 0 = Comply);30,07;Not Comply
202603;TREG 3;JATIM TIMUR;SIDOARJO;SDA;migrate;24,00;CustomerAssign;bima_customerassign_date tersedia (durasi negatif di-clamp ke 0 = Comply);0,00;Comply
202603;TREG 3;SURAMADU;SURABAYA UTARA;MGO;migrate;24,00;CustomerAssign;bima_customerassign_date tersedia (durasi negatif di-clamp ke 0 = Comply);0,00;Comply
202603;TREG 1;RIAU;TANJUNG PINANG;RAI;migrate;24,00;CustomerAssign;bima_customerassign_date tersedia (durasi negatif di-clamp ke 0 = Comply);8,97;Comply
202603;TREG 2;BANDUNG;BANDUNG;DGO;migrate;24,00;CustomerAssign;bima_customerassign_date tersedia (durasi negatif di-clamp ke 0 = Comply);8,99;Comply
202603;TREG 5;SULBAGSEL;MAKASSAR;ANT;migrate;24,00;CustomerAssign;bima_customerassign_date tersedia (durasi negatif di-clamp ke 0 = Comply);35,30;Not Comply
202603;TREG 4;BALIKPAPAN;BALIKPAPAN;GSA;migrate;24,00;CustomerAssign;bima_customerassign_date tersedia (durasi negatif di-clamp ke 0 = Comply);24,38;Not Comply
202603;TREG 4;KALTIMTARA;SAMARINDA;SEM;create;48,00;CustomerAssign;bima_customerassign_date tersedia (durasi negatif di-clamp ke 0 = Comply);72,61;Not Comply
202603;TREG 3;BALI;TABANAN;TBN;create;48,00;CustomerAssign;bima_customerassign_date tersedia (durasi negatif di-clamp ke 0 = Comply);120,62;Not Comply
202603;TREG 4;KALSELTENG;BANJARMASIN;ULI;create;48,00;CustomerAssign;bima_customerassign_date tersedia (durasi negatif di-clamp ke 0 = Comply);0,00;Comply
202603;TREG 4;KALSELTENG;BANJARBARU;LUL;create;48,00;CustomerAssign;bima_customerassign_date tersedia (durasi negatif di-clamp ke 0 = Comply);17,94;Comply
202603;TREG 5;PAPUA;SENTANI;SNI;migrate;24,00;CustomerAssign;bima_customerassign_date tersedia (durasi negatif di-clamp ke 0 = Comply);25,05;Not Comply
202603;TREG 1;ACEH;ACEH;LBR;migrate;24,00;CustomerAssign;bima_customerassign_date tersedia (durasi negatif di-clamp ke 0 = Comply);20,29;Comply
202603;TREG 2;PRIANGAN BARAT;KUJANG;SPL;migrate;24,00;CustomerAssign;bima_customerassign_date tersedia (durasi negatif di-clamp ke 0 = Comply);25,57;Not Comply
202603;TREG 3;BALI;DENPASAR UTARA;UBN;migrate;24,00;CustomerAssign;bima_customerassign_date tersedia (durasi negatif di-clamp ke 0 = Comply);66,78;Not Comply
202603;TREG 1;SUMUT;MEDAN;TJM;migrate;24,00;CustomerAssign;bima_customerassign_date tersedia (durasi negatif di-clamp ke 0 = Comply);1,99;Comply
202603;TREG 1;RIAU;DUMAI;DRI;migrate;24,00;CustomerAssign;bima_customerassign_date tersedia (durasi negatif di-clamp ke 0 = Comply);43,22;Not Comply
202603;TREG 1;SUMBAR JAMBI;BUKIT TINGGI;BKT;migrate;24,00;CustomerAssign;bima_customerassign_date tersedia (durasi negatif di-clamp ke 0 = Comply);2,33;Comply
202603;TREG 4;KALSELTENG;SAMPIT;SAI;migrate;24,00;CustomerAssign;bima_customerassign_date tersedia (durasi negatif di-clamp ke 0 = Comply);45,57;Not Comply
202603;TREG 2;BEKASI KARAWANG;BEKASI;BEK;create;48,00;CustomerAssign;bima_customerassign_date tersedia (durasi negatif di-clamp ke 0 = Comply);2,80;Comply
202603;TREG 4;BALIKPAPAN;BALIKPAPAN;BAM;create;48,00;CustomerAssign;bima_customerassign_date tersedia (durasi negatif di-clamp ke 0 = Comply);13,84;Comply
202603;TREG 1;SUMUT;MEDAN;CTD;create;48,00;CustomerAssign;bima_customerassign_date tersedia (durasi negatif di-clamp ke 0 = Comply);43,92;Comply
202603;TREG 2;JAKARTA OUTER;JAKSEL;BIN;create;48,00;CustomerAssign;bima_customerassign_date tersedia (durasi negatif di-clamp ke 0 = Comply);2,93;Comply
202603;TREG 3;JATIM BARAT;BATU;KPO;create;48,00;CustomerAssign;bima_customerassign_date tersedia (durasi negatif di-clamp ke 0 = Comply);3,00;Comply
202603;TREG 3;JATIM BARAT;NGAWI;MGT;create;48,00;CustomerAssign;bima_customerassign_date tersedia (durasi negatif di-clamp ke 0 = Comply);0,00;Comply
202603;TREG 5;SULBAGSEL;KENDARI;MDG;create;48,00;CustomerAssign;bima_customerassign_date tersedia (durasi negatif di-clamp ke 0 = Comply);0,00;Comply
202603;TREG 4;KALSELTENG;BANJARBARU;BBR;migrate;24,00;CustomerAssign;bima_customerassign_date tersedia (durasi negatif di-clamp ke 0 = Comply);27,60;Not Comply
202603;TREG 4;KALSELTENG;BANJARMASIN;KYG;create;48,00;CustomerAssign;bima_customerassign_date tersedia (durasi negatif di-clamp ke 0 = Comply);3,73;Comply
202603;TREG 2;JAKARTA OUTER;JAKTIM;GAN;migrate;24,00;CustomerAssign;bima_customerassign_date tersedia (durasi negatif di-clamp ke 0 = Comply);3,80;Comply
202603;TREG 2;JAKARTA INNER;JAKBAR;MRY;migrate;24,00;CustomerAssign;bima_customerassign_date tersedia (durasi negatif di-clamp ke 0 = Comply);0,00;Comply
202603;TREG 2;JAKARTA OUTER;JAKTIM;KLD;create;48,00;CustomerAssign;bima_customerassign_date tersedia (durasi negatif di-clamp ke 0 = Comply);123,95;Not Comply
202603;TREG 2;BANTEN;LENGKONG;LKG;create;48,00;CustomerAssign;bima_customerassign_date tersedia (durasi negatif di-clamp ke 0 = Comply);0,00;Comply
202603;TREG 4;KALSELTENG;BANJARBARU;MTP;create;48,00;CustomerAssign;bima_customerassign_date tersedia (durasi negatif di-clamp ke 0 = Comply);21,17;Comply
202603;TREG 3;NUSA TENGGARA;NTT;KPN;create;48,00;CustomerAssign;bima_customerassign_date tersedia (durasi negatif di-clamp ke 0 = Comply);0,00;Comply
202603;TREG 2;JAKARTA OUTER;JAKTIM;CWA;migrate;24,00;CustomerAssign;bima_customerassign_date tersedia (durasi negatif di-clamp ke 0 = Comply);23,36;Comply
202603;TREG 2;JAKARTA OUTER;JAKTIM;CWA;migrate;24,00;CustomerAssign;bima_customerassign_date tersedia (durasi negatif di-clamp ke 0 = Comply);0,00;Comply
202603;TREG 1;SUMUT;MEDAN;SPM;create;48,00;CustomerAssign;bima_customerassign_date tersedia (durasi negatif di-clamp ke 0 = Comply);76,75;Not Comply
202603;TREG 4;KALTIMTARA;SAMARINDA;SEM;create;48,00;CustomerAssign;bima_customerassign_date tersedia (durasi negatif di-clamp ke 0 = Comply);0,00;Comply
202603;TREG 2;JAKARTA CENTRUM;JAKUT;TPR;migrate;24,00;CustomerAssign;bima_customerassign_date tersedia (durasi negatif di-clamp ke 0 = Comply);0,00;Comply
202603;TREG 2;JAKARTA OUTER;JAKSEL;CPE;migrate;24,00;CustomerAssign;bima_customerassign_date tersedia (durasi negatif di-clamp ke 0 = Comply);28,99;Not Comply
202603;TREG 2;JAKARTA INNER;JAKBAR;MRY;migrate;24,00;CustomerAssign;bima_customerassign_date tersedia (durasi negatif di-clamp ke 0 = Comply);0,07;Comply
202603;TREG 4;BALIKPAPAN;BALIKPAPAN;BAM;migrate;24,00;CustomerAssign;bima_customerassign_date tersedia (durasi negatif di-clamp ke 0 = Comply);16,12;Comply
202603;TREG 3;BALI;DENPASAR SELATAN;JBR;create;48,00;CustomerAssign;bima_customerassign_date tersedia (durasi negatif di-clamp ke 0 = Comply);22,31;Comply
202603;TREG 2;BANTEN;PASAR BARU;PSK;migrate;24,00;CustomerAssign;bima_customerassign_date tersedia (durasi negatif di-clamp ke 0 = Comply);5,32;Comply
202603;TREG 4;KALSELTENG;BANJARMASIN;ULI;migrate;24,00;CustomerAssign;bima_customerassign_date tersedia (durasi negatif di-clamp ke 0 = Comply);53,38;Not Comply
202603;TREG 3;JATIM BARAT;KEDIRI;KDI;migrate;24,00;CustomerAssign;bima_customerassign_date tersedia (durasi negatif di-clamp ke 0 = Comply);53,39;Not Comply
202603;TREG 4;KALTIMTARA;BONTANG;STT;migrate;24,00;CustomerAssign;bima_customerassign_date tersedia (durasi negatif di-clamp ke 0 = Comply);5,53;Comply
202603;TREG 4;KALTIMTARA;TARAKAN;TRK;migrate;24,00;CustomerAssign;bima_customerassign_date tersedia (durasi negatif di-clamp ke 0 = Comply);24,56;Not Comply
202603;TREG 4;KALTIMTARA;TARAKAN;JWT;migrate;24,00;CustomerAssign;bima_customerassign_date tersedia (durasi negatif di-clamp ke 0 = Comply);5,58;Comply
202603;TREG 2;BANDUNG;BANDUNG;TRG;create;48,00;CustomerAssign;bima_customerassign_date tersedia (durasi negatif di-clamp ke 0 = Comply);101,58;Not Comply
202603;TREG 2;BEKASI KARAWANG;CIKARANG;BGG;create;48,00;CustomerAssign;bima_customerassign_date tersedia (durasi negatif di-clamp ke 0 = Comply);5,65;Comply
202603;TREG 2;BEKASI KARAWANG;KARAWANG;KRW;create;48,00;CustomerAssign;bima_customerassign_date tersedia (durasi negatif di-clamp ke 0 = Comply);5,68;Comply
202603;TREG 3;YOGYA JATENG SELATAN;TEMANGGUNG;TEM;create;48,00;CustomerAssign;bima_customerassign_date tersedia (durasi negatif di-clamp ke 0 = Comply);0,00;Comply
202603;TREG 4;KALTIMTARA;SAMARINDA;SEM;create;48,00;CustomerAssign;bima_customerassign_date tersedia (durasi negatif di-clamp ke 0 = Comply);0,00;Comply
202603;TREG 3;YOGYA JATENG SELATAN;CILACAP;KRY;migrate;24,00;CustomerAssign;bima_customerassign_date tersedia (durasi negatif di-clamp ke 0 = Comply);72,79;Not Comply
202603;TREG 3;JATIM BARAT;MALANG;KLJ;migrate;24,00;CustomerAssign;bima_customerassign_date tersedia (durasi negatif di-clamp ke 0 = Comply);0,00;Comply
202603;TREG 2;JAKARTA OUTER;JAKTIM;RMG;create;48,00;CustomerAssign;bima_customerassign_date tersedia (durasi negatif di-clamp ke 0 = Comply);0,90;Comply
202603;TREG 2;BEKASI KARAWANG;BEKASI;TAR;migrate;24,00;CustomerAssign;bima_customerassign_date tersedia (durasi negatif di-clamp ke 0 = Comply);0,93;Comply
202603;TREG 4;KALBAR;SINGKAWANG;SNW;migrate;24,00;CustomerAssign;bima_customerassign_date tersedia (durasi negatif di-clamp ke 0 = Comply);0,00;Comply
202603;TREG 4;KALBAR;MEMPAWAH;SPY;migrate;24,00;CustomerAssign;bima_customerassign_date tersedia (durasi negatif di-clamp ke 0 = Comply);437,97;Not Comply
202603;TREG 3;JATIM BARAT;KEPANJEN;KEP;migrate;24,00;CustomerAssign;bima_customerassign_date tersedia (durasi negatif di-clamp ke 0 = Comply);5,98;Comply
202603;TREG 2;BEKASI KARAWANG;PURWAKARTA;CKP;migrate;24,00;CustomerAssign;bima_customerassign_date tersedia (durasi negatif di-clamp ke 0 = Comply);6,03;Comply
202603;TREG 2;BANTEN;CILEGON;CLG;migrate;24,00;CustomerAssign;bima_customerassign_date tersedia (durasi negatif di-clamp ke 0 = Comply);49,15;Not Comply
202603;TREG 4;KALTIMTARA;BULUNGAN BERAU;TSL;migrate;24,00;CustomerAssign;bima_customerassign_date tersedia (durasi negatif di-clamp ke 0 = Comply);0,00;Comply
202603;TREG 3;SURAMADU;GRESIK;CRM;create;48,00;CustomerAssign;bima_customerassign_date tersedia (durasi negatif di-clamp ke 0 = Comply);97,21;Not Comply
202603;TREG 2;JAKARTA OUTER;JAKTIM;RMG;migrate;24,00;CustomerAssign;bima_customerassign_date tersedia (durasi negatif di-clamp ke 0 = Comply);6,22;Comply
202603;TREG 4;KALTIMTARA;BONTANG;STT;migrate;24,00;CustomerAssign;bima_customerassign_date tersedia (durasi negatif di-clamp ke 0 = Comply);73,35;Not Comply
202603;TREG 4;KALBAR;PONTIANAK;SRD;migrate;24,00;CustomerAssign;bima_customerassign_date tersedia (durasi negatif di-clamp ke 0 = Comply);23,37;Comply
202603;TREG 4;KALTIMTARA;SAMARINDA;LOB;migrate;24,00;CustomerAssign;bima_customerassign_date tersedia (durasi negatif di-clamp ke 0 = Comply);23,40;Comply
202603;TREG 2;BANTEN;CIKUPA;TGR;migrate;24,00;CustomerAssign;bima_customerassign_date tersedia (durasi negatif di-clamp ke 0 = Comply);47,50;Not Comply
202603;TREG 2;BANTEN;CIKUPA;CSK;migrate;24,00;CustomerAssign;bima_customerassign_date tersedia (durasi negatif di-clamp ke 0 = Comply);73,51;Not Comply
202603;TREG 2;PRIANGAN BARAT;KUJANG;BOO;create;48,00;CustomerAssign;bima_customerassign_date tersedia (durasi negatif di-clamp ke 0 = Comply);0,00;Comply
202603;TREG 2;JAKARTA OUTER;JAKTIM;PDK;migrate;24,00;CustomerAssign;bima_customerassign_date tersedia (durasi negatif di-clamp ke 0 = Comply);30,59;Not Comply
202603;TREG 4;KALSELTENG;BANJARMASIN;ULI;migrate;24,00;CustomerAssign;bima_customerassign_date tersedia (durasi negatif di-clamp ke 0 = Comply);95,72;Not Comply
202603;TREG 4;BALIKPAPAN;BALIKPAPAN;BRU;create;48,00;CustomerAssign;bima_customerassign_date tersedia (durasi negatif di-clamp ke 0 = Comply);16,80;Comply
202603;TREG 2;PRIANGAN BARAT;KUJANG;BOO;migrate;24,00;CustomerAssign;bima_customerassign_date tersedia (durasi negatif di-clamp ke 0 = Comply);7,03;Comply
202603;TREG 1;SUMUT;RANTAU PRAPAT;RAP;migrate;24,00;CustomerAssign;bima_customerassign_date tersedia (durasi negatif di-clamp ke 0 = Comply);0,00;Comply
202603;TREG 2;JAKARTA OUTER;JAKTIM;KLD;create;48,00;CustomerAssign;bima_customerassign_date tersedia (durasi negatif di-clamp ke 0 = Comply);2,05;Comply
202603;TREG 2;JAKARTA CENTRUM;JAKUT;MKR;migrate;24,00;CustomerAssign;bima_customerassign_date tersedia (durasi negatif di-clamp ke 0 = Comply);2,06;Comply
202603;TREG 2;JAKARTA OUTER;JAKTIM;GAN;migrate;24,00;CustomerAssign;bima_customerassign_date tersedia (durasi negatif di-clamp ke 0 = Comply);55,06;Not Comply
202603;TREG 3;BALI;SINGARAJA;SGR;migrate;24,00;CustomerAssign;bima_customerassign_date tersedia (durasi negatif di-clamp ke 0 = Comply);288,23;Not Comply
202603;TREG 4;KALSELTENG;PANGKALAN BUN;PBU;migrate;24,00;CustomerAssign;bima_customerassign_date tersedia (durasi negatif di-clamp ke 0 = Comply);0,00;Comply
202603;TREG 2;JAKARTA OUTER;JAKSEL;BIN;migrate;24,00;CustomerAssign;bima_customerassign_date tersedia (durasi negatif di-clamp ke 0 = Comply);0,00;Comply
202603;TREG 4;KALSELTENG;BANJARBARU;BBR;create;48,00;CustomerAssign;bima_customerassign_date tersedia (durasi negatif di-clamp ke 0 = Comply);0,37;Comply
202603;TREG 2;JAKARTA INNER;JAKBAR;CKG;migrate;24,00;CustomerAssign;bima_customerassign_date tersedia (durasi negatif di-clamp ke 0 = Comply);55,38;Not Comply
202603;TREG 2;JAKARTA CENTRUM;JAKPUS;CID;migrate;24,00;CustomerAssign;bima_customerassign_date tersedia (durasi negatif di-clamp ke 0 = Comply);7,39;Comply
202603;TREG 4;KALSELTENG;BANJARBARU;BBR;migrate;24,00;CustomerAssign;bima_customerassign_date tersedia (durasi negatif di-clamp ke 0 = Comply);24,44;Not Comply
202603;TREG 2;PRIANGAN BARAT;KUJANG;BOO;create;48,00;CustomerAssign;bima_customerassign_date tersedia (durasi negatif di-clamp ke 0 = Comply);7,49;Comply
202603;TREG 3;SEMARANG JATENG UTARA;SEMARANG;SMT;create;48,00;CustomerAssign;bima_customerassign_date tersedia (durasi negatif di-clamp ke 0 = Comply);0,00;Comply
202603;TREG 2;BANDUNG;BANDUNG;LBG;migrate;24,00;CustomerAssign;bima_customerassign_date tersedia (durasi negatif di-clamp ke 0 = Comply);7,54;Comply
202603;TREG 2;BANDUNG;SOREANG;RCK;create;48,00;CustomerAssign;bima_customerassign_date tersedia (durasi negatif di-clamp ke 0 = Comply);24,56;Comply
202603;TREG 4;KALSELTENG;TANJUNG TABALONG;TJL;migrate;24,00;CustomerAssign;bima_customerassign_date tersedia (durasi negatif di-clamp ke 0 = Comply);0,72;Comply
202603;TREG 2;BANDUNG;SUMEDANG;UBR;migrate;24,00;CustomerAssign;bima_customerassign_date tersedia (durasi negatif di-clamp ke 0 = Comply);7,77;Comply
202603;TREG 4;KALSELTENG;PALANGKARAYA;PLK;migrate;24,00;CustomerAssign;bima_customerassign_date tersedia (durasi negatif di-clamp ke 0 = Comply);0,00;Comply
202603;TREG 2;BANDUNG;BANDUNG;TLE;create;48,00;CustomerAssign;bima_customerassign_date tersedia (durasi negatif di-clamp ke 0 = Comply);0,00;Comply
202603;TREG 1;SUMUT;RANTAU PRAPAT;KPI;migrate;24,00;CustomerAssign;bima_customerassign_date tersedia (durasi negatif di-clamp ke 0 = Comply);8,08;Comply
202603;TREG 2;PRIANGAN BARAT;SENTUL;KHL;create;48,00;CustomerAssign;bima_customerassign_date tersedia (durasi negatif di-clamp ke 0 = Comply);0,00;Comply
202603;TREG 3;JATIM TIMUR;BANYUWANGI;KET;migrate;24,00;CustomerAssign;bima_customerassign_date tersedia (durasi negatif di-clamp ke 0 = Comply);25,16;Not Comply
202603;TREG 4;KALSELTENG;BANJARBARU;MTP;create;48,00;CustomerAssign;bima_customerassign_date tersedia (durasi negatif di-clamp ke 0 = Comply);8,16;Comply
202603;TREG 3;JATIM TIMUR;SIBO;BOW;migrate;24,00;CustomerAssign;bima_customerassign_date tersedia (durasi negatif di-clamp ke 0 = Comply);27,21;Not Comply
202603;TREG 3;NUSA TENGGARA;NTB;MTR;migrate;24,00;CustomerAssign;bima_customerassign_date tersedia (durasi negatif di-clamp ke 0 = Comply);0,00;Comply
202603;TREG 3;JATIM BARAT;MADIUN;CRB;migrate;24,00;CustomerAssign;bima_customerassign_date tersedia (durasi negatif di-clamp ke 0 = Comply);27,33;Not Comply
202603;TREG 3;YOGYA JATENG SELATAN;YOGYAKARTA;BBS;create;48,00;CustomerAssign;bima_customerassign_date tersedia (durasi negatif di-clamp ke 0 = Comply);8,34;Comply
202603;TREG 4;KALTIMTARA;TARAKAN;TRK;create;48,00;CustomerAssign;bima_customerassign_date tersedia (durasi negatif di-clamp ke 0 = Comply);0,00;Comply
202603;TREG 2;PRIANGAN BARAT;DEPOK;SKJ;create;48,00;CustomerAssign;bima_customerassign_date tersedia (durasi negatif di-clamp ke 0 = Comply);25,42;Comply
202603;TREG 3;BALI;DENPASAR SELATAN;BNO;create;48,00;CustomerAssign;bima_customerassign_date tersedia (durasi negatif di-clamp ke 0 = Comply);32,49;Comply
202603;TREG 2;PRIANGAN BARAT;DEPOK;CSL;create;48,00;CustomerAssign;bima_customerassign_date tersedia (durasi negatif di-clamp ke 0 = Comply);32,79;Comply
202603;TREG 2;BANTEN;RANGKAS-PANDEGLANG;RKS;migrate;24,00;CustomerAssign;bima_customerassign_date tersedia (durasi negatif di-clamp ke 0 = Comply);51,89;Not Comply
202603;TREG 5;SULBAGSEL;KENDARI;KDR;migrate;24,00;CustomerAssign;bima_customerassign_date tersedia (durasi negatif di-clamp ke 0 = Comply);0,00;Comply
202603;TREG 3;JATIM TIMUR;PANDAAN;PDA;migrate;24,00;CustomerAssign;bima_customerassign_date tersedia (durasi negatif di-clamp ke 0 = Comply);3,90;Comply
202603;TREG 5;SULBAGSEL;BONE;WTP;create;48,00;CustomerAssign;bima_customerassign_date tersedia (durasi negatif di-clamp ke 0 = Comply);0,00;Comply
202603;TREG 4;KALTIMTARA;SAMARINDA;SEM;migrate;24,00;CustomerAssign;bima_customerassign_date tersedia (durasi negatif di-clamp ke 0 = Comply);9,07;Comply
202603;TREG 1;SUMUT;MEDAN;SPM;migrate;24,00;CustomerAssign;bima_customerassign_date tersedia (durasi negatif di-clamp ke 0 = Comply);9,27;Comply
202603;TREG 1;RIAU;BANGKINANG;ARK;create;48,00;CustomerAssign;bima_customerassign_date tersedia (durasi negatif di-clamp ke 0 = Comply);585,34;Not Comply
202603;TREG 2;JAKARTA CENTRUM;JAKUT;TPR;migrate;24,00;CustomerAssign;bima_customerassign_date tersedia (durasi negatif di-clamp ke 0 = Comply);4,36;Comply
202603;TREG 4;KALTIMTARA;BONTANG;STT;migrate;24,00;CustomerAssign;bima_customerassign_date tersedia (durasi negatif di-clamp ke 0 = Comply);4,38;Comply
202603;TREG 2;JAKARTA OUTER;JAKTIM;PDK;migrate;24,00;CustomerAssign;bima_customerassign_date tersedia (durasi negatif di-clamp ke 0 = Comply);105,41;Not Comply
202603;TREG 2;BANTEN;LENGKONG;LGK;migrate;24,00;CustomerAssign;bima_customerassign_date tersedia (durasi negatif di-clamp ke 0 = Comply);100,43;Not Comply
202603;TREG 1;SUMUT;SIBOLGA;BLG;migrate;24,00;CustomerAssign;bima_customerassign_date tersedia (durasi negatif di-clamp ke 0 = Comply);0,00;Comply
202603;TREG 2;BANDUNG;SOREANG;SOR;migrate;24,00;CustomerAssign;bima_customerassign_date tersedia (durasi negatif di-clamp ke 0 = Comply);50,59;Not Comply
202603;TREG 2;PRIANGAN TIMUR;CIREBON;CBN;migrate;24,00;CustomerAssign;bima_customerassign_date tersedia (durasi negatif di-clamp ke 0 = Comply);50,64;Not Comply
202603;TREG 1;RIAU;RIKEP;BTC;migrate;24,00;CustomerAssign;bima_customerassign_date tersedia (durasi negatif di-clamp ke 0 = Comply);4,69;Comply
202603;TREG 2;PRIANGAN BARAT;DEPOK;SKJ;migrate;24,00;CustomerAssign;bima_customerassign_date tersedia (durasi negatif di-clamp ke 0 = Comply);9,80;Comply
202603;TREG 2;JAKARTA CENTRUM;JAKUT;PDM;migrate;24,00;CustomerAssign;bima_customerassign_date tersedia (durasi negatif di-clamp ke 0 = Comply);0,00;Comply
202603;TREG 2;BANTEN;CIPUTAT;CPA;migrate;24,00;CustomerAssign;bima_customerassign_date tersedia (durasi negatif di-clamp ke 0 = Comply);4,94;Comply
202603;TREG 3;JATIM TIMUR;MOJOKERTO;MJS;create;48,00;CustomerAssign;bima_customerassign_date tersedia (durasi negatif di-clamp ke 0 = Comply);0,00;Comply
202603;TREG 2;PRIANGAN BARAT;SUKABUMI;SKB;migrate;24,00;CustomerAssign;bima_customerassign_date tersedia (durasi negatif di-clamp ke 0 = Comply);53,07;Not Comply
202603;TREG 3;SEMARANG JATENG UTARA;PEKALONGAN;KJE;migrate;24,00;CustomerAssign;bima_customerassign_date tersedia (durasi negatif di-clamp ke 0 = Comply);0,00;Comply
202603;TREG 2;PRIANGAN BARAT;SUKABUMI;SKB;migrate;24,00;CustomerAssign;bima_customerassign_date tersedia (durasi negatif di-clamp ke 0 = Comply);58,14;Not Comply
202603;TREG 1;RIAU;BANGKINANG;RBI;migrate;24,00;CustomerAssign;bima_customerassign_date tersedia (durasi negatif di-clamp ke 0 = Comply);82,14;Not Comply
202603;TREG 3;SURAMADU;SURABAYA UTARA;BBE;migrate;24,00;CustomerAssign;bima_customerassign_date tersedia (durasi negatif di-clamp ke 0 = Comply);29,19;Not Comply
202603;TREG 2;PRIANGAN BARAT;SENTUL;STL;migrate;24,00;CustomerAssign;bima_customerassign_date tersedia (durasi negatif di-clamp ke 0 = Comply);0,00;Comply
202603;TREG 4;KALSELTENG;PALANGKARAYA;KKN;migrate;24,00;CustomerAssign;bima_customerassign_date tersedia (durasi negatif di-clamp ke 0 = Comply);773,28;Not Comply
202603;TREG 2;BEKASI KARAWANG;BEKASI;KLB;migrate;24,00;CustomerAssign;bima_customerassign_date tersedia (durasi negatif di-clamp ke 0 = Comply);3,29;Comply
202603;TREG 2;BEKASI KARAWANG;BEKASI;TAR;create;48,00;CustomerAssign;bima_customerassign_date tersedia (durasi negatif di-clamp ke 0 = Comply);10,50;Comply
202603;TREG 2;BANTEN;CIPUTAT;PDR;migrate;24,00;CustomerAssign;bima_customerassign_date tersedia (durasi negatif di-clamp ke 0 = Comply);10,52;Comply
202603;TREG 3;JATIM TIMUR;SIDOARJO;KRN;migrate;24,00;CustomerAssign;bima_customerassign_date tersedia (durasi negatif di-clamp ke 0 = Comply);10,54;Comply
202603;TREG 3;BALI;DENPASAR CENTRUM;KLM;migrate;24,00;CustomerAssign;bima_customerassign_date tersedia (durasi negatif di-clamp ke 0 = Comply);34,58;Not Comply
202603;TREG 2;JAKARTA CENTRUM;JAKPUS;CPP;migrate;24,00;CustomerAssign;bima_customerassign_date tersedia (durasi negatif di-clamp ke 0 = Comply);5,60;Comply
202603;TREG 2;PRIANGAN BARAT;CIBADAK;CCR;create;48,00;CustomerAssign;bima_customerassign_date tersedia (durasi negatif di-clamp ke 0 = Comply);53,63;Not Comply
202603;TREG 4;BALIKPAPAN;BALIKPAPAN;BAM;migrate;24,00;CustomerAssign;bima_customerassign_date tersedia (durasi negatif di-clamp ke 0 = Comply);0,00;Comply
202603;TREG 2;BEKASI KARAWANG;BEKASI;KLB;create;48,00;CustomerAssign;bima_customerassign_date tersedia (durasi negatif di-clamp ke 0 = Comply);3,77;Comply
202603;TREG 4;KALTIMTARA;BULUNGAN BERAU;TRD;migrate;24,00;CustomerAssign;bima_customerassign_date tersedia (durasi negatif di-clamp ke 0 = Comply);0,00;Comply
202603;TREG 4;KALTIMTARA;BULUNGAN BERAU;TBY;create;48,00;CustomerAssign;bima_customerassign_date tersedia (durasi negatif di-clamp ke 0 = Comply);3,93;Comply
202603;TREG 2;PRIANGAN BARAT;KUJANG;SPL;migrate;24,00;CustomerAssign;bima_customerassign_date tersedia (durasi negatif di-clamp ke 0 = Comply);11,04;Comply
202603;TREG 2;BANDUNG;SUMEDANG;UBR;migrate;24,00;CustomerAssign;bima_customerassign_date tersedia (durasi negatif di-clamp ke 0 = Comply);0,00;Comply
202603;TREG 2;BANTEN;CILEGON;CLG;create;48,00;CustomerAssign;bima_customerassign_date tersedia (durasi negatif di-clamp ke 0 = Comply);1.806,25;Not Comply
202603;TREG 4;KALSELTENG;PALANGKARAYA;PLK;migrate;24,00;CustomerAssign;bima_customerassign_date tersedia (durasi negatif di-clamp ke 0 = Comply);35,26;Not Comply
202603;TREG 1;RIAU;RIKEP;BTC;migrate;24,00;CustomerAssign;bima_customerassign_date tersedia (durasi negatif di-clamp ke 0 = Comply);59,28;Not Comply
202603;TREG 4;KALSELTENG;TANJUNG TABALONG;TJL;migrate;24,00;CustomerAssign;bima_customerassign_date tersedia (durasi negatif di-clamp ke 0 = Comply);0,00;Comply
202603;TREG 1;SUMBAR JAMBI;SUMBAR;SIE;migrate;24,00;CustomerAssign;bima_customerassign_date tersedia (durasi negatif di-clamp ke 0 = Comply);6,46;Comply
202603;TREG 3;JATIM TIMUR;SIDOARJO;SDA;migrate;24,00;CustomerAssign;bima_customerassign_date tersedia (durasi negatif di-clamp ke 0 = Comply);0,00;Comply
202603;TREG 4;KALSELTENG;BATULICIN;BLC;migrate;24,00;CustomerAssign;bima_customerassign_date tersedia (durasi negatif di-clamp ke 0 = Comply);59,58;Not Comply
202603;TREG 3;JATIM BARAT;MALANG;GDG;migrate;24,00;CustomerAssign;bima_customerassign_date tersedia (durasi negatif di-clamp ke 0 = Comply);28,62;Not Comply
202603;TREG 3;JATIM BARAT;MALANG;SGS;migrate;24,00;CustomerAssign;bima_customerassign_date tersedia (durasi negatif di-clamp ke 0 = Comply);52,64;Not Comply
202603;TREG 2;JAKARTA OUTER;JAKSEL;KBY;migrate;24,00;CustomerAssign;bima_customerassign_date tersedia (durasi negatif di-clamp ke 0 = Comply);0,00;Comply
202603;TREG 5;SULBAGSEL;BANTAENG;BLK;migrate;24,00;CustomerAssign;bima_customerassign_date tersedia (durasi negatif di-clamp ke 0 = Comply);196,70;Not Comply
202603;TREG 3;SEMARANG JATENG UTARA;SEMARANG;MJP;migrate;24,00;CustomerAssign;bima_customerassign_date tersedia (durasi negatif di-clamp ke 0 = Comply);6,72;Comply
202603;TREG 5;PAPUA;JAYAPURA;JAP;migrate;24,00;CustomerAssign;bima_customerassign_date tersedia (durasi negatif di-clamp ke 0 = Comply);78,80;Not Comply
202603;TREG 4;KALBAR;PONTIANAK;PTK;migrate;24,00;CustomerAssign;bima_customerassign_date tersedia (durasi negatif di-clamp ke 0 = Comply);52,85;Not Comply
202603;TREG 3;SOLO JATENG TIMUR;SRAGEN;KAR;migrate;24,00;CustomerAssign;bima_customerassign_date tersedia (durasi negatif di-clamp ke 0 = Comply);30,92;Not Comply
202603;TREG 3;SOLO JATENG TIMUR;SOLO;KRT;migrate;24,00;CustomerAssign;bima_customerassign_date tersedia (durasi negatif di-clamp ke 0 = Comply);28,96;Not Comply
202603;TREG 3;SURAMADU;SURABAYA UTARA;TNS;migrate;24,00;CustomerAssign;bima_customerassign_date tersedia (durasi negatif di-clamp ke 0 = Comply);82,14;Not Comply
202603;TREG 2;JAKARTA OUTER;JAKSEL;PSM;create;48,00;CustomerAssign;bima_customerassign_date tersedia (durasi negatif di-clamp ke 0 = Comply);7,16;Comply
202603;TREG 1;SUMUT;MEDAN;CTD;migrate;24,00;CustomerAssign;bima_customerassign_date tersedia (durasi negatif di-clamp ke 0 = Comply);31,31;Not Comply
202603;TREG 3;BALI;DENPASAR CENTRUM;SAU;migrate;24,00;CustomerAssign;bima_customerassign_date tersedia (durasi negatif di-clamp ke 0 = Comply);0,00;Comply
202603;TREG 2;JAKARTA INNER;JAKBAR;CKG;migrate;24,00;CustomerAssign;bima_customerassign_date tersedia (durasi negatif di-clamp ke 0 = Comply);7,37;Comply
202603;TREG 2;JAKARTA INNER;JAKBAR;CKG;migrate;24,00;CustomerAssign;bima_customerassign_date tersedia (durasi negatif di-clamp ke 0 = Comply);101,43;Not Comply
202603;TREG 2;BEKASI KARAWANG;BEKASI;PDE;migrate;24,00;CustomerAssign;bima_customerassign_date tersedia (durasi negatif di-clamp ke 0 = Comply);0,00;Comply
202603;TREG 2;JAKARTA INNER;JAKBAR;TGA;migrate;24,00;CustomerAssign;bima_customerassign_date tersedia (durasi negatif di-clamp ke 0 = Comply);55,46;Not Comply
202603;TREG 3;BALI;DENPASAR SELATAN;NSD;migrate;24,00;CustomerAssign;bima_customerassign_date tersedia (durasi negatif di-clamp ke 0 = Comply);7,66;Comply
202603;TREG 2;BEKASI KARAWANG;BEKASI;PDE;migrate;24,00;CustomerAssign;bima_customerassign_date tersedia (durasi negatif di-clamp ke 0 = Comply);0,00;Comply
202603;TREG 2;BEKASI KARAWANG;PURWAKARTA;PWK;migrate;24,00;CustomerAssign;bima_customerassign_date tersedia (durasi negatif di-clamp ke 0 = Comply);7,79;Comply
202603;TREG 2;BEKASI KARAWANG;BEKASI;KLB;create;48,00;CustomerAssign;bima_customerassign_date tersedia (durasi negatif di-clamp ke 0 = Comply);8,45;Comply
202603;TREG 2;BEKASI KARAWANG;PURWAKARTA;CKP;create;48,00;CustomerAssign;bima_customerassign_date tersedia (durasi negatif di-clamp ke 0 = Comply);0,00;Comply
202603;TREG 1;RIAU;TANJUNG PINANG;TPI;migrate;24,00;CustomerAssign;bima_customerassign_date tersedia (durasi negatif di-clamp ke 0 = Comply);55,01;Not Comply
202603;TREG 1;RIAU;BANGKINANG;ARK;migrate;24,00;CustomerAssign;bima_customerassign_date tersedia (durasi negatif di-clamp ke 0 = Comply);0,00;Comply
202603;TREG 2;JAKARTA OUTER;JAKSEL;PSM;migrate;24,00;CustomerAssign;bima_customerassign_date tersedia (durasi negatif di-clamp ke 0 = Comply);0,00;Comply
202603;TREG 2;BANDUNG;SUMEDANG;SMD;migrate;24,00;CustomerAssign;bima_customerassign_date tersedia (durasi negatif di-clamp ke 0 = Comply);33,74;Not Comply
202603;TREG 1;RIAU;BANGKINANG;PKR;migrate;24,00;CustomerAssign;bima_customerassign_date tersedia (durasi negatif di-clamp ke 0 = Comply);441,84;Not Comply
202603;TREG 3;JATIM TIMUR;SIDOARJO;SDA;migrate;24,00;CustomerAssign;bima_customerassign_date tersedia (durasi negatif di-clamp ke 0 = Comply);0,00;Comply
202603;TREG 3;BALI;DENPASAR UTARA;SMY;create;48,00;CustomerAssign;bima_customerassign_date tersedia (durasi negatif di-clamp ke 0 = Comply);0,00;Comply
202603;TREG 3;SURAMADU;GRESIK;GSK;migrate;24,00;CustomerAssign;bima_customerassign_date tersedia (durasi negatif di-clamp ke 0 = Comply);94,12;Not Comply
202603;TREG 4;KALSELTENG;SAMPIT;SAI;migrate;24,00;CustomerAssign;bima_customerassign_date tersedia (durasi negatif di-clamp ke 0 = Comply);0,16;Comply
202603;TREG 4;KALTIMTARA;BONTANG;BOT;migrate;24,00;CustomerAssign;bima_customerassign_date tersedia (durasi negatif di-clamp ke 0 = Comply);0,00;Comply
202603;TREG 4;KALTIMTARA;BONTANG;STT;migrate;24,00;CustomerAssign;bima_customerassign_date tersedia (durasi negatif di-clamp ke 0 = Comply);716,15;Not Comply
202603;TREG 3;BALI;DENPASAR UTARA;MMN;migrate;24,00;CustomerAssign;bima_customerassign_date tersedia (durasi negatif di-clamp ke 0 = Comply);1,30;Comply
202603;TREG 3;SURAMADU;SURABAYA UTARA;KRP;migrate;24,00;CustomerAssign;bima_customerassign_date tersedia (durasi negatif di-clamp ke 0 = Comply);44,50;Not Comply
202603;TREG 3;JATIM BARAT;MADIUN;MNZ;migrate;24,00;CustomerAssign;bima_customerassign_date tersedia (durasi negatif di-clamp ke 0 = Comply);42,82;Not Comply
202603;TREG 1;RIAU;RIDAR;PBB;migrate;24,00;CustomerAssign;bima_customerassign_date tersedia (durasi negatif di-clamp ke 0 = Comply);1,91;Comply
202603;TREG 2;PRIANGAN TIMUR;CIREBON;AWN;create;48,00;CustomerAssign;bima_customerassign_date tersedia (durasi negatif di-clamp ke 0 = Comply);2,14;Comply
202603;TREG 1;LAMPUNG BENGKULU;LAMPUNG;KDT;migrate;24,00;CustomerAssign;bima_customerassign_date tersedia (durasi negatif di-clamp ke 0 = Comply);21,42;Comply
202603;TREG 1;SUMUT;MEDAN;MDC;create;48,00;CustomerAssign;bima_customerassign_date tersedia (durasi negatif di-clamp ke 0 = Comply);50,65;Not Comply
202603;TREG 2;JAKARTA INNER;JAKBAR;KDY;migrate;24,00;CustomerAssign;bima_customerassign_date tersedia (durasi negatif di-clamp ke 0 = Comply);91,93;Not Comply
202603;TREG 4;BALIKPAPAN;BALIKPAPAN;BRU;create;48,00;CustomerAssign;bima_customerassign_date tersedia (durasi negatif di-clamp ke 0 = Comply);36,94;Comply
202603;TREG 2;PRIANGAN TIMUR;MAJALENGKA;KAD;migrate;24,00;CustomerAssign;bima_customerassign_date tersedia (durasi negatif di-clamp ke 0 = Comply);51,15;Not Comply
202603;TREG 5;SULBAGSEL;MAKASSAR;PNK;create;48,00;CustomerAssign;bima_customerassign_date tersedia (durasi negatif di-clamp ke 0 = Comply);0,00;Comply
202603;TREG 2;PRIANGAN TIMUR;GARUT;GRU;migrate;24,00;CustomerAssign;bima_customerassign_date tersedia (durasi negatif di-clamp ke 0 = Comply);454,30;Not Comply
202603;TREG 1;RIAU;DUMAI;DRI;migrate;24,00;CustomerAssign;bima_customerassign_date tersedia (durasi negatif di-clamp ke 0 = Comply);22,54;Comply
202603;TREG 5;PAPUA BARAT;SORONG;SON;migrate;24,00;CustomerAssign;bima_customerassign_date tersedia (durasi negatif di-clamp ke 0 = Comply);0,00;Comply
202603;TREG 2;JAKARTA CENTRUM;JAKPUS;CID;migrate;24,00;CustomerAssign;bima_customerassign_date tersedia (durasi negatif di-clamp ke 0 = Comply);0,00;Comply
202603;TREG 5;PAPUA BARAT;SORONG;SON;migrate;24,00;CustomerAssign;bima_customerassign_date tersedia (durasi negatif di-clamp ke 0 = Comply);51,59;Not Comply
202603;TREG 5;SULBAGSEL;MAROS;SUD;migrate;24,00;CustomerAssign;bima_customerassign_date tersedia (durasi negatif di-clamp ke 0 = Comply);49,62;Not Comply
202603;TREG 2;PRIANGAN BARAT;KUJANG;BOO;migrate;24,00;CustomerAssign;bima_customerassign_date tersedia (durasi negatif di-clamp ke 0 = Comply);75,62;Not Comply
202603;TREG 5;SUMALUT;AMBON;PAO;migrate;24,00;CustomerAssign;bima_customerassign_date tersedia (durasi negatif di-clamp ke 0 = Comply);0,00;Comply
202603;TREG 2;JAKARTA CENTRUM;JAKPUS;CID;migrate;24,00;CustomerAssign;bima_customerassign_date tersedia (durasi negatif di-clamp ke 0 = Comply);20,66;Comply
202603;TREG 5;SULBAGSEL;MAROS;SUD;migrate;24,00;CustomerAssign;bima_customerassign_date tersedia (durasi negatif di-clamp ke 0 = Comply);241,70;Not Comply
202603;TREG 5;SULBAGSEL;BONE;WTP;migrate;24,00;CustomerAssign;bima_customerassign_date tersedia (durasi negatif di-clamp ke 0 = Comply);404,72;Not Comply
202603;TREG 4;KALSELTENG;BANJARMASIN;KYG;create;48,00;CustomerAssign;bima_customerassign_date tersedia (durasi negatif di-clamp ke 0 = Comply);0,00;Comply
202603;TREG 2;PRIANGAN BARAT;KUJANG;DMG;create;48,00;CustomerAssign;bima_customerassign_date tersedia (durasi negatif di-clamp ke 0 = Comply);3,84;Comply
202603;TREG 2;BEKASI KARAWANG;BEKASI;PDE;create;48,00;CustomerAssign;bima_customerassign_date tersedia (durasi negatif di-clamp ke 0 = Comply);0,00;Comply
202603;TREG 2;JAKARTA OUTER;JAKTIM;JTN;migrate;24,00;CustomerAssign;bima_customerassign_date tersedia (durasi negatif di-clamp ke 0 = Comply);28,14;Not Comply
202603;TREG 4;KALSELTENG;TANJUNG TABALONG;BRI;migrate;24,00;CustomerAssign;bima_customerassign_date tersedia (durasi negatif di-clamp ke 0 = Comply);28,17;Not Comply
202603;TREG 5;SULBAGSEL;KENDARI;MDG;create;48,00;CustomerAssign;bima_customerassign_date tersedia (durasi negatif di-clamp ke 0 = Comply);0,00;Comply
202603;TREG 4;KALTIMTARA;BONTANG;BOT;migrate;24,00;CustomerAssign;bima_customerassign_date tersedia (durasi negatif di-clamp ke 0 = Comply);45,29;Not Comply
202603;TREG 4;KALTIMTARA;BONTANG;BOT;migrate;24,00;CustomerAssign;bima_customerassign_date tersedia (durasi negatif di-clamp ke 0 = Comply);21,44;Comply
202603;TREG 2;JAKARTA INNER;JAKBAR;SLP;create;48,00;CustomerAssign;bima_customerassign_date tersedia (durasi negatif di-clamp ke 0 = Comply);124,49;Not Comply
202603;TREG 2;PRIANGAN BARAT;DEPOK;SKJ;migrate;24,00;CustomerAssign;bima_customerassign_date tersedia (durasi negatif di-clamp ke 0 = Comply);4,53;Comply
202603;TREG 2;PRIANGAN BARAT;CIBINONG;BJD;create;48,00;CustomerAssign;bima_customerassign_date tersedia (durasi negatif di-clamp ke 0 = Comply);23,53;Comply
202603;TREG 2;JAKARTA OUTER;JAKTIM;PGG;create;48,00;CustomerAssign;bima_customerassign_date tersedia (durasi negatif di-clamp ke 0 = Comply);4,88;Comply
202603;TREG 2;BANTEN;CIPUTAT;PKU;create;48,00;CustomerAssign;bima_customerassign_date tersedia (durasi negatif di-clamp ke 0 = Comply);0,00;Comply
202603;TREG 2;JAKARTA OUTER;JAKSEL;PSM;migrate;24,00;CustomerAssign;bima_customerassign_date tersedia (durasi negatif di-clamp ke 0 = Comply);5,00;Comply
202603;TREG 4;KALSELTENG;BANJARMASIN;BJM;create;48,00;CustomerAssign;bima_customerassign_date tersedia (durasi negatif di-clamp ke 0 = Comply);0,00;Comply
202603;TREG 4;KALSELTENG;TANJUNG TABALONG;KDG;migrate;24,00;CustomerAssign;bima_customerassign_date tersedia (durasi negatif di-clamp ke 0 = Comply);46,34;Not Comply
202603;TREG 2;BEKASI KARAWANG;BEKASI;BEK;migrate;24,00;CustomerAssign;bima_customerassign_date tersedia (durasi negatif di-clamp ke 0 = Comply);77,35;Not Comply
202603;TREG 2;BANTEN;LENGKONG;PPG;create;48,00;CustomerAssign;bima_customerassign_date tersedia (durasi negatif di-clamp ke 0 = Comply);5,36;Comply
202603;TREG 2;BEKASI KARAWANG;PURWAKARTA;CBU;migrate;24,00;CustomerAssign;bima_customerassign_date tersedia (durasi negatif di-clamp ke 0 = Comply);29,40;Not Comply
202603;TREG 2;BANDUNG;BANDUNG BARAT;RJW;migrate;24,00;CustomerAssign;bima_customerassign_date tersedia (durasi negatif di-clamp ke 0 = Comply);24,40;Not Comply
202603;TREG 2;BANDUNG;BANDUNG BARAT;RJW;migrate;24,00;CustomerAssign;bima_customerassign_date tersedia (durasi negatif di-clamp ke 0 = Comply);5,45;Comply
202603;TREG 5;SUMALUT;AMBON;PAO;create;48,00;CustomerAssign;bima_customerassign_date tersedia (durasi negatif di-clamp ke 0 = Comply);0,00;Comply
202603;TREG 3;JATIM TIMUR;PROBOLINGGO;PBL;migrate;24,00;CustomerAssign;bima_customerassign_date tersedia (durasi negatif di-clamp ke 0 = Comply);24,57;Not Comply
202603;TREG 2;BANTEN;LENGKONG;PPG;migrate;24,00;CustomerAssign;bima_customerassign_date tersedia (durasi negatif di-clamp ke 0 = Comply);0,00;Comply
202603;TREG 2;JAKARTA OUTER;JAKTIM;PSR;create;48,00;CustomerAssign;bima_customerassign_date tersedia (durasi negatif di-clamp ke 0 = Comply);0,00;Comply
202603;TREG 4;KALSELTENG;PANGKALAN BUN;PBU;create;48,00;CustomerAssign;bima_customerassign_date tersedia (durasi negatif di-clamp ke 0 = Comply);53,64;Not Comply
202603;TREG 4;KALSELTENG;MUARA TEWEH;MTW;migrate;24,00;CustomerAssign;bima_customerassign_date tersedia (durasi negatif di-clamp ke 0 = Comply);550,92;Not Comply
202603;TREG 2;BANTEN;BANTEN;CRS;migrate;24,00;CustomerAssign;bima_customerassign_date tersedia (durasi negatif di-clamp ke 0 = Comply);29,93;Not Comply
202603;TREG 3;BALI;DENPASAR UTARA;MMN;migrate;24,00;CustomerAssign;bima_customerassign_date tersedia (durasi negatif di-clamp ke 0 = Comply);54,30;Not Comply
202603;TREG 4;BALIKPAPAN;BALIKPAPAN;GSA;create;48,00;CustomerAssign;bima_customerassign_date tersedia (durasi negatif di-clamp ke 0 = Comply);0,00;Comply
202603;TREG 4;KALTIMTARA;BONTANG;STT;migrate;24,00;CustomerAssign;bima_customerassign_date tersedia (durasi negatif di-clamp ke 0 = Comply);558,37;Not Comply
202603;TREG 2;BANTEN;BANTEN;SEG;migrate;24,00;CustomerAssign;bima_customerassign_date tersedia (durasi negatif di-clamp ke 0 = Comply);30,67;Not Comply
202603;TREG 4;KALSELTENG;PANGKALAN BUN;PBU;migrate;24,00;CustomerAssign;bima_customerassign_date tersedia (durasi negatif di-clamp ke 0 = Comply);0,00;Comply
202603;TREG 5;SULBAGSEL;GOWA;SUG;create;48,00;CustomerAssign;bima_customerassign_date tersedia (durasi negatif di-clamp ke 0 = Comply);0,00;Comply
202603;TREG 3;SOLO JATENG TIMUR;BLORA;CEP;migrate;24,00;CustomerAssign;bima_customerassign_date tersedia (durasi negatif di-clamp ke 0 = Comply);6,70;Comply
202603;TREG 3;BALI;DENPASAR UTARA;UBN;migrate;24,00;CustomerAssign;bima_customerassign_date tersedia (durasi negatif di-clamp ke 0 = Comply);102,86;Not Comply
202603;TREG 4;KALSELTENG;TANJUNG TABALONG;TJL;migrate;24,00;CustomerAssign;bima_customerassign_date tersedia (durasi negatif di-clamp ke 0 = Comply);73,94;Not Comply
202603;TREG 2;JAKARTA OUTER;JAKTIM;PGB;create;48,00;CustomerAssign;bima_customerassign_date tersedia (durasi negatif di-clamp ke 0 = Comply);0,04;Comply
202603;TREG 4;KALTIMTARA;MELAK;SBR;migrate;24,00;CustomerAssign;bima_customerassign_date tersedia (durasi negatif di-clamp ke 0 = Comply);2,13;Comply
202603;TREG 2;PRIANGAN TIMUR;CIREBON;JBN;create;48,00;CustomerAssign;bima_customerassign_date tersedia (durasi negatif di-clamp ke 0 = Comply);24,26;Comply
202603;TREG 2;JAKARTA OUTER;JAKSEL;KAL;migrate;24,00;CustomerAssign;bima_customerassign_date tersedia (durasi negatif di-clamp ke 0 = Comply);0,00;Comply
202603;TREG 3;YOGYA JATENG SELATAN;PURWOKERTO;PWT;migrate;24,00;CustomerAssign;bima_customerassign_date tersedia (durasi negatif di-clamp ke 0 = Comply);271,85;Not Comply
202603;TREG 2;JAKARTA OUTER;JAKTIM;KRG;create;48,00;CustomerAssign;bima_customerassign_date tersedia (durasi negatif di-clamp ke 0 = Comply);3,15;Comply
202603;TREG 1;RIAU;RIKEP;SKN;create;48,00;CustomerAssign;bima_customerassign_date tersedia (durasi negatif di-clamp ke 0 = Comply);3,26;Comply
202603;TREG 2;JAKARTA INNER;JAKBAR;TGA;create;48,00;CustomerAssign;bima_customerassign_date tersedia (durasi negatif di-clamp ke 0 = Comply);56,38;Not Comply
202603;TREG 2;JAKARTA INNER;JAKBAR;TGA;migrate;24,00;CustomerAssign;bima_customerassign_date tersedia (durasi negatif di-clamp ke 0 = Comply);73,53;Not Comply
202603;TREG 2;JAKARTA INNER;JAKBAR;CKG;migrate;24,00;CustomerAssign;bima_customerassign_date tersedia (durasi negatif di-clamp ke 0 = Comply);8,56;Comply
202603;TREG 3;YOGYA JATENG SELATAN;MAGELANG;MTY;create;48,00;CustomerAssign;bima_customerassign_date tersedia (durasi negatif di-clamp ke 0 = Comply);75,56;Not Comply
202603;TREG 5;SUMALUT;MENADO;MDO;create;48,00;CustomerAssign;bima_customerassign_date tersedia (durasi negatif di-clamp ke 0 = Comply);0,00;Comply
202603;TREG 2;BEKASI KARAWANG;BEKASI;BBL;migrate;24,00;CustomerAssign;bima_customerassign_date tersedia (durasi negatif di-clamp ke 0 = Comply);8,73;Comply
202603;TREG 2;BANDUNG;BANDUNG;LBG;create;48,00;CustomerAssign;bima_customerassign_date tersedia (durasi negatif di-clamp ke 0 = Comply);0,00;Comply
202603;TREG 3;JATIM TIMUR;PASURUAN;PSN;migrate;24,00;CustomerAssign;bima_customerassign_date tersedia (durasi negatif di-clamp ke 0 = Comply);51,82;Not Comply
202603;TREG 3;YOGYA JATENG SELATAN;CILACAP;MAN;migrate;24,00;CustomerAssign;bima_customerassign_date tersedia (durasi negatif di-clamp ke 0 = Comply);51,83;Not Comply
202603;TREG 2;PRIANGAN BARAT;DEPOK;CSL;migrate;24,00;CustomerAssign;bima_customerassign_date tersedia (durasi negatif di-clamp ke 0 = Comply);56,99;Not Comply
202603;TREG 1;RIAU;RIKEP;SKN;create;48,00;CustomerAssign;bima_customerassign_date tersedia (durasi negatif di-clamp ke 0 = Comply);52,04;Not Comply
202603;TREG 3;JATIM BARAT;MALANG;SWJ;migrate;24,00;CustomerAssign;bima_customerassign_date tersedia (durasi negatif di-clamp ke 0 = Comply);28,08;Not Comply
202603;TREG 3;SURAMADU;SURABAYA UTARA;TNS;create;48,00;CustomerAssign;bima_customerassign_date tersedia (durasi negatif di-clamp ke 0 = Comply);0,00;Comply
202603;TREG 2;BEKASI KARAWANG;BEKASI;BEK;migrate;24,00;CustomerAssign;bima_customerassign_date tersedia (durasi negatif di-clamp ke 0 = Comply);9,53;Comply
202603;TREG 3;YOGYA JATENG SELATAN;PURWOKERTO;PWT;migrate;24,00;CustomerAssign;bima_customerassign_date tersedia (durasi negatif di-clamp ke 0 = Comply);273,59;Not Comply
202603;TREG 2;PRIANGAN BARAT;DEPOK;PCM;migrate;24,00;CustomerAssign;bima_customerassign_date tersedia (durasi negatif di-clamp ke 0 = Comply);74,83;Not Comply
202603;TREG 2;JAKARTA OUTER;JAKTIM;PGG;create;48,00;CustomerAssign;bima_customerassign_date tersedia (durasi negatif di-clamp ke 0 = Comply);9,84;Comply
202603;TREG 2;BEKASI KARAWANG;BEKASI;KLB;migrate;24,00;CustomerAssign;bima_customerassign_date tersedia (durasi negatif di-clamp ke 0 = Comply);33,84;Not Comply
202603;TREG 2;JAKARTA OUTER;JAKSEL;JAG;create;48,00;CustomerAssign;bima_customerassign_date tersedia (durasi negatif di-clamp ke 0 = Comply);0,00;Comply
202603;TREG 2;JAKARTA CENTRUM;JAKUT;TPR;migrate;24,00;CustomerAssign;bima_customerassign_date tersedia (durasi negatif di-clamp ke 0 = Comply);10,06;Comply
202603;TREG 4;KALSELTENG;PALANGKARAYA;PLK;migrate;24,00;CustomerAssign;bima_customerassign_date tersedia (durasi negatif di-clamp ke 0 = Comply);274,06;Not Comply
202603;TREG 2;JAKARTA OUTER;JAKTIM;JTN;migrate;24,00;CustomerAssign;bima_customerassign_date tersedia (durasi negatif di-clamp ke 0 = Comply);10,14;Comply
202603;TREG 3;BALI;DENPASAR SELATAN;JBR;migrate;24,00;CustomerAssign;bima_customerassign_date tersedia (durasi negatif di-clamp ke 0 = Comply);51,16;Not Comply
202603;TREG 2;JAKARTA CENTRUM;JAKPUS;CPP;migrate;24,00;CustomerAssign;bima_customerassign_date tersedia (durasi negatif di-clamp ke 0 = Comply);3,37;Comply
202603;TREG 3;SURAMADU;SURABAYA SELATAN;JGR;migrate;24,00;CustomerAssign;bima_customerassign_date tersedia (durasi negatif di-clamp ke 0 = Comply);178,60;Not Comply
202603;TREG 4;KALSELTENG;BATULICIN;STI;create;48,00;CustomerAssign;bima_customerassign_date tersedia (durasi negatif di-clamp ke 0 = Comply);0,00;Comply
202603;TREG 2;JAKARTA OUTER;JAKTIM;PDK;create;48,00;CustomerAssign;bima_customerassign_date tersedia (durasi negatif di-clamp ke 0 = Comply);5,80;Comply
202603;TREG 4;KALTIMTARA;BONTANG;BOT;migrate;24,00;CustomerAssign;bima_customerassign_date tersedia (durasi negatif di-clamp ke 0 = Comply);29,83;Not Comply
202603;TREG 2;BANTEN;CIPUTAT;CPA;migrate;24,00;CustomerAssign;bima_customerassign_date tersedia (durasi negatif di-clamp ke 0 = Comply);10,84;Comply
202603;TREG 2;JAKARTA OUTER;JAKSEL;PSM;migrate;24,00;CustomerAssign;bima_customerassign_date tersedia (durasi negatif di-clamp ke 0 = Comply);10,87;Comply
202603;TREG 2;PRIANGAN TIMUR;GARUT;WNR;create;48,00;CustomerAssign;bima_customerassign_date tersedia (durasi negatif di-clamp ke 0 = Comply);29,88;Comply
202603;TREG 2;JAKARTA OUTER;JAKSEL;PSM;migrate;24,00;CustomerAssign;bima_customerassign_date tersedia (durasi negatif di-clamp ke 0 = Comply);35,03;Not Comply
202603;TREG 3;SURAMADU;SURABAYA UTARA;KPS;migrate;24,00;CustomerAssign;bima_customerassign_date tersedia (durasi negatif di-clamp ke 0 = Comply);11,06;Comply
202603;TREG 3;BALI;DENPASAR CENTRUM;TOP;migrate;24,00;PI;bima_customerassign_date kosong → pakai orca_pi_date (durasi negatif di-clamp ke 0 = Comply);417,90;Not Comply
202603;TREG 2;BANTEN;LENGKONG;CUG;migrate;24,00;CustomerAssign;bima_customerassign_date tersedia (durasi negatif di-clamp ke 0 = Comply);30,19;Not Comply
202603;TREG 2;JAKARTA OUTER;JAKTIM;PDK;migrate;24,00;CustomerAssign;bima_customerassign_date tersedia (durasi negatif di-clamp ke 0 = Comply);0,00;Comply
202603;TREG 1;SUMBAR JAMBI;SUMBAR;PDC;create;48,00;CustomerAssign;bima_customerassign_date tersedia (durasi negatif di-clamp ke 0 = Comply);316,47;Not Comply
202603;TREG 2;JAKARTA OUTER;JAKSEL;TBE;migrate;24,00;CustomerAssign;bima_customerassign_date tersedia (durasi negatif di-clamp ke 0 = Comply);4,92;Comply
202603;TREG 3;SURAMADU;SURABAYA SELATAN;DMO;migrate;24,00;CustomerAssign;bima_customerassign_date tersedia (durasi negatif di-clamp ke 0 = Comply);28,96;Not Comply
202603;TREG 2;BEKASI KARAWANG;SUBANG;SUB;migrate;24,00;CustomerAssign;bima_customerassign_date tersedia (durasi negatif di-clamp ke 0 = Comply);52,97;Not Comply
202603;TREG 2;BANTEN;CIPUTAT;PDR;migrate;24,00;CustomerAssign;bima_customerassign_date tersedia (durasi negatif di-clamp ke 0 = Comply);11,98;Comply
202603;TREG 2;JAKARTA OUTER;JAKTIM;JTN;migrate;24,00;CustomerAssign;bima_customerassign_date tersedia (durasi negatif di-clamp ke 0 = Comply);5,42;Comply
202603;TREG 1;RIAU;BANGKINANG;ARK;migrate;24,00;CustomerAssign;bima_customerassign_date tersedia (durasi negatif di-clamp ke 0 = Comply);12,46;Comply
202603;TREG 1;RIAU;BANGKINANG;ARK;migrate;24,00;CustomerAssign;bima_customerassign_date tersedia (durasi negatif di-clamp ke 0 = Comply);0,00;Comply
202603;TREG 2;PRIANGAN TIMUR;TASIKMALAYA;TSM;migrate;24,00;CustomerAssign;bima_customerassign_date tersedia (durasi negatif di-clamp ke 0 = Comply);36,54;Not Comply
202603;TREG 2;PRIANGAN BARAT;KUJANG;CPS;create;48,00;CustomerAssign;bima_customerassign_date tersedia (durasi negatif di-clamp ke 0 = Comply);12,59;Comply
202603;TREG 2;PRIANGAN BARAT;KUJANG;BOO;migrate;24,00;CustomerAssign;bima_customerassign_date tersedia (durasi negatif di-clamp ke 0 = Comply);36,80;Not Comply
202603;TREG 2;BANDUNG;BANDUNG;DGO;create;48,00;CustomerAssign;bima_customerassign_date tersedia (durasi negatif di-clamp ke 0 = Comply);0,00;Comply
202603;TREG 4;KALTIMTARA;TARAKAN;TRK;migrate;24,00;CustomerAssign;bima_customerassign_date tersedia (durasi negatif di-clamp ke 0 = Comply);32,09;Not Comply
202603;TREG 3;SOLO JATENG TIMUR;SOLO;KRT;migrate;24,00;CustomerAssign;bima_customerassign_date tersedia (durasi negatif di-clamp ke 0 = Comply);8,13;Comply
202603;TREG 3;SEMARANG JATENG UTARA;SEMARANG;MJP;migrate;24,00;CustomerAssign;bima_customerassign_date tersedia (durasi negatif di-clamp ke 0 = Comply);0,00;Comply
202603;TREG 2;BANDUNG;SUMEDANG;SMD;migrate;24,00;CustomerAssign;bima_customerassign_date tersedia (durasi negatif di-clamp ke 0 = Comply);56,80;Not Comply
202603;TREG 5;SULBAGTENG;PALU;PLB;create;48,00;CustomerAssign;bima_customerassign_date tersedia (durasi negatif di-clamp ke 0 = Comply);0,00;Comply
202603;TREG 5;SULBAGSEL;MAKASSAR;PNK;migrate;24,00;CustomerAssign;bima_customerassign_date tersedia (durasi negatif di-clamp ke 0 = Comply);239,68;Not Comply
202603;TREG 2;PRIANGAN BARAT;CIBINONG;GPI;migrate;24,00;CustomerAssign;bima_customerassign_date tersedia (durasi negatif di-clamp ke 0 = Comply);24,15;Not Comply
202603;TREG 4;KALSELTENG;PANGKALAN BUN;PBU;migrate;24,00;CustomerAssign;bima_customerassign_date tersedia (durasi negatif di-clamp ke 0 = Comply);0,00;Comply
202603;TREG 3;SOLO JATENG TIMUR;SOLO;KTO;migrate;24,00;CustomerAssign;bima_customerassign_date tersedia (durasi negatif di-clamp ke 0 = Comply);115,31;Not Comply
202603;TREG 1;SUMBAGSEL;PRABUMULIH;PBM;migrate;24,00;CustomerAssign;bima_customerassign_date tersedia (durasi negatif di-clamp ke 0 = Comply);283,31;Not Comply
202603;TREG 2;PRIANGAN BARAT;CIBINONG;CBI;migrate;24,00;CustomerAssign;bima_customerassign_date tersedia (durasi negatif di-clamp ke 0 = Comply);96,31;Not Comply
202603;TREG 2;PRIANGAN BARAT;CIBINONG;CSN;migrate;24,00;CustomerAssign;bima_customerassign_date tersedia (durasi negatif di-clamp ke 0 = Comply);17,36;Comply
202603;TREG 1;RIAU;RIDAR;BKR;migrate;24,00;CustomerAssign;bima_customerassign_date tersedia (durasi negatif di-clamp ke 0 = Comply);168,87;Not Comply
202603;TREG 5;PAPUA;JAYAPURA;JAP;migrate;24,00;CustomerAssign;bima_customerassign_date tersedia (durasi negatif di-clamp ke 0 = Comply);66,00;Not Comply
202603;TREG 4;KALTIMTARA;MELAK;SBR;migrate;24,00;CustomerAssign;bima_customerassign_date tersedia (durasi negatif di-clamp ke 0 = Comply);92,39;Not Comply
202603;TREG 1;SUMBAGSEL;BABEL;PGP;migrate;24,00;CustomerAssign;bima_customerassign_date tersedia (durasi negatif di-clamp ke 0 = Comply);313,44;Not Comply
202603;TREG 5;SULBAGSEL;MAKASSAR;ANT;create;48,00;CustomerAssign;bima_customerassign_date tersedia (durasi negatif di-clamp ke 0 = Comply);433,87;Not Comply
202603;TREG 3;BALI;DENPASAR UTARA;UBN;create;48,00;CustomerAssign;bima_customerassign_date tersedia (durasi negatif di-clamp ke 0 = Comply);338,22;Not Comply
202603;TREG 1;LAMPUNG BENGKULU;BENGKULU;BNC;migrate;24,00;CustomerAssign;bima_customerassign_date tersedia (durasi negatif di-clamp ke 0 = Comply);19,34;Comply
202603;TREG 2;BANDUNG;BANDUNG BARAT;CMI;migrate;24,00;CustomerAssign;bima_customerassign_date tersedia (durasi negatif di-clamp ke 0 = Comply);122,74;Not Comply
202603;TREG 3;BALI;DENPASAR UTARA;UBN;migrate;24,00;CustomerAssign;bima_customerassign_date tersedia (durasi negatif di-clamp ke 0 = Comply);219,07;Not Comply
202603;TREG 5;SULBAGSEL;SITOR;SID;migrate;24,00;CustomerAssign;bima_customerassign_date tersedia (durasi negatif di-clamp ke 0 = Comply);70,40;Not Comply
202603;TREG 4;KALSELTENG;SAMPIT;SAI;migrate;24,00;CustomerAssign;bima_customerassign_date tersedia (durasi negatif di-clamp ke 0 = Comply);0,00;Comply
202603;TREG 4;KALTIMTARA;BULUNGAN BERAU;TRD;migrate;24,00;CustomerAssign;bima_customerassign_date tersedia (durasi negatif di-clamp ke 0 = Comply);27,66;Not Comply
202603;TREG 4;KALTIMTARA;BONTANG;STT;migrate;24,00;CustomerAssign;bima_customerassign_date tersedia (durasi negatif di-clamp ke 0 = Comply);0,00;Comply
202603;TREG 2;PRIANGAN BARAT;SENTUL;KHL;create;48,00;CustomerAssign;bima_customerassign_date tersedia (durasi negatif di-clamp ke 0 = Comply);75,69;Not Comply
202603;TREG 2;BEKASI KARAWANG;BEKASI;BEK;migrate;24,00;CustomerAssign;bima_customerassign_date tersedia (durasi negatif di-clamp ke 0 = Comply);27,73;Not Comply
202603;TREG 2;JAKARTA OUTER;JAKSEL;KBY;create;48,00;CustomerAssign;bima_customerassign_date tersedia (durasi negatif di-clamp ke 0 = Comply);3,80;Comply
202603;TREG 2;BEKASI KARAWANG;BEKASI;PKY;migrate;24,00;CustomerAssign;bima_customerassign_date tersedia (durasi negatif di-clamp ke 0 = Comply);123,81;Not Comply
202603;TREG 2;PRIANGAN BARAT;DEPOK;SKJ;create;48,00;PI;bima_customerassign_date kosong → pakai orca_pi_date (durasi negatif di-clamp ke 0 = Comply);38,77;Comply
202603;TREG 2;JAKARTA OUTER;JAKTIM;GAN;create;48,00;CustomerAssign;bima_customerassign_date tersedia (durasi negatif di-clamp ke 0 = Comply);0,00;Comply
202603;TREG 5;SULBAGTENG;GORONTALO;TLG;migrate;24,00;CustomerAssign;bima_customerassign_date tersedia (durasi negatif di-clamp ke 0 = Comply);28,12;Not Comply
202603;TREG 2;BANTEN;PASAR BARU;TAN;create;48,00;CustomerAssign;bima_customerassign_date tersedia (durasi negatif di-clamp ke 0 = Comply);28,13;Comply
202603;TREG 5;SULBAGTENG;GORONTALO;LBT;create;48,00;CustomerAssign;bima_customerassign_date tersedia (durasi negatif di-clamp ke 0 = Comply);52,33;Not Comply
202603;TREG 3;YOGYA JATENG SELATAN;YOGYAKARTA;KEN;create;48,00;CustomerAssign;bima_customerassign_date tersedia (durasi negatif di-clamp ke 0 = Comply);28,40;Comply
202603;TREG 2;JAKARTA OUTER;JAKSEL;JAG;create;48,00;CustomerAssign;bima_customerassign_date tersedia (durasi negatif di-clamp ke 0 = Comply);0,00;Comply
202603;TREG 1;SUMUT;MEDAN;SPM;create;48,00;CustomerAssign;bima_customerassign_date tersedia (durasi negatif di-clamp ke 0 = Comply);0,00;Comply
202603;TREG 2;JAKARTA OUTER;JAKTIM;GAN;create;48,00;CustomerAssign;bima_customerassign_date tersedia (durasi negatif di-clamp ke 0 = Comply);76,54;Not Comply
202603;TREG 3;SEMARANG JATENG UTARA;SEMARANG;MJP;migrate;24,00;CustomerAssign;bima_customerassign_date tersedia (durasi negatif di-clamp ke 0 = Comply);0,00;Comply
202603;TREG 2;JAKARTA CENTRUM;JAKPUS;CID;migrate;24,00;CustomerAssign;bima_customerassign_date tersedia (durasi negatif di-clamp ke 0 = Comply);4,64;Comply
202603;TREG 3;SEMARANG JATENG UTARA;SEMARANG;SMT;migrate;24,00;CustomerAssign;bima_customerassign_date tersedia (durasi negatif di-clamp ke 0 = Comply);0,00;Comply
202603;TREG 4;BALIKPAPAN;BALIKPAPAN;BAM;migrate;24,00;CustomerAssign;bima_customerassign_date tersedia (durasi negatif di-clamp ke 0 = Comply);0,00;Comply
202603;TREG 5;SULBAGSEL;PALOPO;PLP;create;48,00;CustomerAssign;bima_customerassign_date tersedia (durasi negatif di-clamp ke 0 = Comply);0,00;Comply
202603;TREG 3;JATIM BARAT;MALANG;GDG;create;48,00;CustomerAssign;bima_customerassign_date tersedia (durasi negatif di-clamp ke 0 = Comply);72,11;Not Comply
202603;TREG 3;BALI;DENPASAR CENTRUM;KLM;create;48,00;CustomerAssign;bima_customerassign_date tersedia (durasi negatif di-clamp ke 0 = Comply);0,00;Comply
202603;TREG 3;BALI;GIANYAR;BLI;migrate;24,00;CustomerAssign;bima_customerassign_date tersedia (durasi negatif di-clamp ke 0 = Comply);317,30;Not Comply
202603;TREG 2;JAKARTA OUTER;JAKSEL;JAG;migrate;24,00;CustomerAssign;bima_customerassign_date tersedia (durasi negatif di-clamp ke 0 = Comply);101,33;Not Comply
202603;TREG 2;JAKARTA OUTER;JAKTIM;KLD;create;48,00;CustomerAssign;bima_customerassign_date tersedia (durasi negatif di-clamp ke 0 = Comply);5,41;Comply
202603;TREG 3;BALI;DENPASAR UTARA;UBN;create;48,00;CustomerAssign;bima_customerassign_date tersedia (durasi negatif di-clamp ke 0 = Comply);317,43;Not Comply
202603;TREG 4;BALIKPAPAN;BALIKPAPAN;GSA;create;48,00;CustomerAssign;bima_customerassign_date tersedia (durasi negatif di-clamp ke 0 = Comply);53,50;Not Comply
202603;TREG 5;SULBAGSEL;KENDARI;MDG;migrate;24,00;CustomerAssign;bima_customerassign_date tersedia (durasi negatif di-clamp ke 0 = Comply);220,60;Not Comply
202603;TREG 2;JAKARTA OUTER;JAKTIM;JTN;migrate;24,00;CustomerAssign;bima_customerassign_date tersedia (durasi negatif di-clamp ke 0 = Comply);29,73;Not Comply
202603;TREG 2;BANTEN;LENGKONG;LGK;migrate;24,00;CustomerAssign;bima_customerassign_date tersedia (durasi negatif di-clamp ke 0 = Comply);53,89;Not Comply
202603;TREG 4;KALTIMTARA;MELAK;SBR;migrate;24,00;CustomerAssign;bima_customerassign_date tersedia (durasi negatif di-clamp ke 0 = Comply);29,98;Not Comply
202603;TREG 3;JATIM BARAT;TULUNG AGUNG;TUL;migrate;24,00;CustomerAssign;bima_customerassign_date tersedia (durasi negatif di-clamp ke 0 = Comply);47,05;Not Comply
202603;TREG 2;PRIANGAN BARAT;DEPOK;PCM;create;48,00;CustomerAssign;bima_customerassign_date tersedia (durasi negatif di-clamp ke 0 = Comply);6,10;Comply
202603;TREG 3;YOGYA JATENG SELATAN;YOGYAKARTA;KGD;create;48,00;CustomerAssign;bima_customerassign_date tersedia (durasi negatif di-clamp ke 0 = Comply);23,14;Comply
202603;TREG 2;PRIANGAN BARAT;CIBINONG;CLS;create;48,00;CustomerAssign;bima_customerassign_date tersedia (durasi negatif di-clamp ke 0 = Comply);25,18;Comply
202603;TREG 2;JAKARTA CENTRUM;JAKUT;CIL;migrate;24,00;CustomerAssign;bima_customerassign_date tersedia (durasi negatif di-clamp ke 0 = Comply);0,00;Comply
202603;TREG 2;BANDUNG;PADALARANG;BTJ;create;48,00;CustomerAssign;bima_customerassign_date tersedia (durasi negatif di-clamp ke 0 = Comply);0,00;Comply
202603;TREG 2;JAKARTA OUTER;JAKTIM;JTN;migrate;24,00;CustomerAssign;bima_customerassign_date tersedia (durasi negatif di-clamp ke 0 = Comply);30,38;Not Comply
202603;TREG 4;KALBAR;SANGGAU;BIG;migrate;24,00;CustomerAssign;bima_customerassign_date tersedia (durasi negatif di-clamp ke 0 = Comply);222,39;Not Comply
202603;TREG 2;JAKARTA OUTER;JAKTIM;KLD;migrate;24,00;CustomerAssign;bima_customerassign_date tersedia (durasi negatif di-clamp ke 0 = Comply);25,42;Not Comply
202603;TREG 2;BANDUNG;BANDUNG BARAT;RJW;migrate;24,00;CustomerAssign;bima_customerassign_date tersedia (durasi negatif di-clamp ke 0 = Comply);30,52;Not Comply
202603;TREG 3;SURAMADU;SURABAYA UTARA;TNS;migrate;24,00;CustomerAssign;bima_customerassign_date tersedia (durasi negatif di-clamp ke 0 = Comply);49,55;Not Comply
202603;TREG 2;JAKARTA CENTRUM;JAKUT;TPR;migrate;24,00;CustomerAssign;bima_customerassign_date tersedia (durasi negatif di-clamp ke 0 = Comply);0,00;Comply
202603;TREG 2;BEKASI KARAWANG;BEKASI;PKY;migrate;24,00;CustomerAssign;bima_customerassign_date tersedia (durasi negatif di-clamp ke 0 = Comply);54,69;Not Comply
202603;TREG 4;KALSELTENG;BANJARMASIN;KYG;create;48,00;CustomerAssign;bima_customerassign_date tersedia (durasi negatif di-clamp ke 0 = Comply);54,71;Not Comply
202603;TREG 2;PRIANGAN BARAT;CIANJUR;CJR;create;48,00;CustomerAssign;bima_customerassign_date tersedia (durasi negatif di-clamp ke 0 = Comply);0,00;Comply
202603;TREG 2;JAKARTA CENTRUM;JAKUT;MKR;create;48,00;CustomerAssign;bima_customerassign_date tersedia (durasi negatif di-clamp ke 0 = Comply);0,00;Comply
202603;TREG 2;BANTEN;PASAR BARU;RJG;migrate;24,00;CustomerAssign;bima_customerassign_date tersedia (durasi negatif di-clamp ke 0 = Comply);30,83;Not Comply
202603;TREG 4;KALTIMTARA;SAMARINDA;PLL;create;48,00;CustomerAssign;bima_customerassign_date tersedia (durasi negatif di-clamp ke 0 = Comply);0,00;Comply
202603;TREG 2;JAKARTA OUTER;JAKTIM;CWA;migrate;24,00;CustomerAssign;bima_customerassign_date tersedia (durasi negatif di-clamp ke 0 = Comply);78,91;Not Comply
202603;TREG 2;BANDUNG;SOREANG;RCK;migrate;24,00;CustomerAssign;bima_customerassign_date tersedia (durasi negatif di-clamp ke 0 = Comply);73,93;Not Comply
202603;TREG 2;JAKARTA CENTRUM;JAKUT;MKR;migrate;24,00;CustomerAssign;bima_customerassign_date tersedia (durasi negatif di-clamp ke 0 = Comply);0,00;Comply
202603;TREG 4;BALIKPAPAN;BALIKPAPAN;GSA;migrate;24,00;CustomerAssign;bima_customerassign_date tersedia (durasi negatif di-clamp ke 0 = Comply);55,01;Not Comply
202603;TREG 2;BANTEN;CIPUTAT;CPA;create;48,00;CustomerAssign;bima_customerassign_date tersedia (durasi negatif di-clamp ke 0 = Comply);0,00;Comply
202603;TREG 4;BALIKPAPAN;BALIKPAPAN;BRU;migrate;24,00;CustomerAssign;bima_customerassign_date tersedia (durasi negatif di-clamp ke 0 = Comply);0,00;Comply
202603;TREG 1;SUMUT;MEDAN;TMU;migrate;24,00;CustomerAssign;bima_customerassign_date tersedia (durasi negatif di-clamp ke 0 = Comply);55,06;Not Comply
202603;TREG 2;BEKASI KARAWANG;BEKASI;PDE;migrate;24,00;CustomerAssign;bima_customerassign_date tersedia (durasi negatif di-clamp ke 0 = Comply);26,10;Not Comply
202603;TREG 2;JAKARTA OUTER;JAKSEL;CPE;migrate;24,00;CustomerAssign;bima_customerassign_date tersedia (durasi negatif di-clamp ke 0 = Comply);7,10;Comply
202603;TREG 1;RIAU;RIDAR;BKR;migrate;24,00;CustomerAssign;bima_customerassign_date tersedia (durasi negatif di-clamp ke 0 = Comply);0,00;Comply
202603;TREG 4;KALSELTENG;TANJUNG TABALONG;TJL;migrate;24,00;CustomerAssign;bima_customerassign_date tersedia (durasi negatif di-clamp ke 0 = Comply);0,38;Comply
202603;TREG 4;KALTIMTARA;BULUNGAN BERAU;TRD;migrate;24,00;CustomerAssign;bima_customerassign_date tersedia (durasi negatif di-clamp ke 0 = Comply);31,43;Not Comply
202603;TREG 2;BANDUNG;SUMEDANG;UBR;migrate;24,00;CustomerAssign;bima_customerassign_date tersedia (durasi negatif di-clamp ke 0 = Comply);0,00;Comply
202603;TREG 4;KALBAR;SINTANG;STG;migrate;24,00;CustomerAssign;bima_customerassign_date tersedia (durasi negatif di-clamp ke 0 = Comply);24,46;Not Comply
202603;TREG 4;KALSELTENG;BATULICIN;PLE;migrate;24,00;CustomerAssign;bima_customerassign_date tersedia (durasi negatif di-clamp ke 0 = Comply);0,00;Comply
202603;TREG 2;BANDUNG;BANDUNG BARAT;CMI;migrate;24,00;CustomerAssign;bima_customerassign_date tersedia (durasi negatif di-clamp ke 0 = Comply);0,54;Comply
202603;TREG 3;SURAMADU;SURABAYA UTARA;TNS;create;48,00;CustomerAssign;bima_customerassign_date tersedia (durasi negatif di-clamp ke 0 = Comply);0,57;Comply
202603;TREG 3;YOGYA JATENG SELATAN;PURWOREJO;PWJ;migrate;24,00;CustomerAssign;bima_customerassign_date tersedia (durasi negatif di-clamp ke 0 = Comply);0,00;Comply
202603;TREG 2;JAKARTA CENTRUM;JAKUT;MKR;migrate;24,00;CustomerAssign;bima_customerassign_date tersedia (durasi negatif di-clamp ke 0 = Comply);0,61;Comply
202603;TREG 2;JAKARTA CENTRUM;JAKUT;STR;migrate;24,00;CustomerAssign;bima_customerassign_date tersedia (durasi negatif di-clamp ke 0 = Comply);0,00;Comply
202603;TREG 3;YOGYA JATENG SELATAN;YOGYAKARTA;BBS;migrate;24,00;CustomerAssign;bima_customerassign_date tersedia (durasi negatif di-clamp ke 0 = Comply);26,75;Not Comply
202603;TREG 1;RIAU;BANGKINANG;SOK;migrate;24,00;CustomerAssign;bima_customerassign_date tersedia (durasi negatif di-clamp ke 0 = Comply);120,77;Not Comply
202603;TREG 2;BEKASI KARAWANG;KARAWANG;TLJ;migrate;24,00;CustomerAssign;bima_customerassign_date tersedia (durasi negatif di-clamp ke 0 = Comply);72,87;Not Comply
202603;TREG 5;SULBAGSEL;KOLAKA;KKA;migrate;24,00;CustomerAssign;bima_customerassign_date tersedia (durasi negatif di-clamp ke 0 = Comply);271,97;Not Comply
202603;TREG 2;PRIANGAN TIMUR;CIREBON;PRD;create;48,00;CustomerAssign;bima_customerassign_date tersedia (durasi negatif di-clamp ke 0 = Comply);2,97;Comply
202603;TREG 2;JAKARTA OUTER;JAKSEL;TBE;create;48,00;CustomerAssign;bima_customerassign_date tersedia (durasi negatif di-clamp ke 0 = Comply);80,09;Not Comply
202603;TREG 2;BANTEN;CIKUPA;CKA;migrate;24,00;CustomerAssign;bima_customerassign_date tersedia (durasi negatif di-clamp ke 0 = Comply);80,10;Not Comply
202603;TREG 2;BANTEN;CIPUTAT;CPA;migrate;24,00;CustomerAssign;bima_customerassign_date tersedia (durasi negatif di-clamp ke 0 = Comply);51,13;Not Comply
202603;TREG 2;JAKARTA OUTER;JAKTIM;JTN;migrate;24,00;CustomerAssign;bima_customerassign_date tersedia (durasi negatif di-clamp ke 0 = Comply);0,00;Comply
202603;TREG 2;BANDUNG;BANDUNG;CCD;create;48,00;CustomerAssign;bima_customerassign_date tersedia (durasi negatif di-clamp ke 0 = Comply);0,00;Comply
202603;TREG 4;BALIKPAPAN;BALIKPAPAN;GSA;migrate;24,00;CustomerAssign;bima_customerassign_date tersedia (durasi negatif di-clamp ke 0 = Comply);56,21;Not Comply
202603;TREG 2;BEKASI KARAWANG;CIKARANG;BGG;migrate;24,00;CustomerAssign;bima_customerassign_date tersedia (durasi negatif di-clamp ke 0 = Comply);0,00;Comply
202603;TREG 2;BANTEN;CIPUTAT;CLD;create;48,00;CustomerAssign;bima_customerassign_date tersedia (durasi negatif di-clamp ke 0 = Comply);3,35;Comply
202603;TREG 3;YOGYA JATENG SELATAN;YOGYAKARTA;KGD;create;48,00;CustomerAssign;bima_customerassign_date tersedia (durasi negatif di-clamp ke 0 = Comply);25,38;Comply
202603;TREG 2;JAKARTA INNER;JAKBAR;TGA;migrate;24,00;CustomerAssign;bima_customerassign_date tersedia (durasi negatif di-clamp ke 0 = Comply);56,42;Not Comply
202603;TREG 2;BANTEN;CIPUTAT;PDR;create;48,00;CustomerAssign;bima_customerassign_date tersedia (durasi negatif di-clamp ke 0 = Comply);1,47;Comply
202603;TREG 2;JAKARTA OUTER;JAKTIM;KLD;create;48,00;CustomerAssign;bima_customerassign_date tersedia (durasi negatif di-clamp ke 0 = Comply);99,51;Not Comply
202603;TREG 3;BALI;DENPASAR SELATAN;NSD;migrate;24,00;CustomerAssign;bima_customerassign_date tersedia (durasi negatif di-clamp ke 0 = Comply);97,53;Not Comply
202603;TREG 4;KALSELTENG;BANJARMASIN;ULI;migrate;24,00;CustomerAssign;bima_customerassign_date tersedia (durasi negatif di-clamp ke 0 = Comply);51,66;Not Comply
202603;TREG 5;SULBAGSEL;MAKASSAR;BAL;create;48,00;CustomerAssign;bima_customerassign_date tersedia (durasi negatif di-clamp ke 0 = Comply);99,70;Not Comply
202603;TREG 2;BANDUNG;BANDUNG BARAT;CMI;migrate;24,00;CustomerAssign;bima_customerassign_date tersedia (durasi negatif di-clamp ke 0 = Comply);289,72;Not Comply
202603;TREG 3;SURAMADU;SURABAYA UTARA;KNN;create;48,00;CustomerAssign;bima_customerassign_date tersedia (durasi negatif di-clamp ke 0 = Comply);78,79;Not Comply
202603;TREG 3;YOGYA JATENG SELATAN;SLEMAN;KLS;migrate;24,00;CustomerAssign;bima_customerassign_date tersedia (durasi negatif di-clamp ke 0 = Comply);0,00;Comply
202603;TREG 2;JAKARTA CENTRUM;JAKUT;KTZ;migrate;24,00;CustomerAssign;bima_customerassign_date tersedia (durasi negatif di-clamp ke 0 = Comply);32,98;Not Comply
202603;TREG 2;JAKARTA CENTRUM;JAKUT;KTZ;migrate;24,00;CustomerAssign;bima_customerassign_date tersedia (durasi negatif di-clamp ke 0 = Comply);2,03;Comply
202603;TREG 2;PRIANGAN BARAT;KUJANG;PAG;create;48,00;CustomerAssign;bima_customerassign_date tersedia (durasi negatif di-clamp ke 0 = Comply);0,00;Comply
202603;TREG 4;KALTIMTARA;BONTANG;BOT;migrate;24,00;PI;bima_customerassign_date kosong → pakai orca_pi_date (durasi negatif di-clamp ke 0 = Comply);6,83;Comply
202603;TREG 3;YOGYA JATENG SELATAN;PURWOKERTO;PWT;create;48,00;CustomerAssign;bima_customerassign_date tersedia (durasi negatif di-clamp ke 0 = Comply);0,00;Comply
202603;TREG 2;BANTEN;CIPUTAT;CLD;create;48,00;CustomerAssign;bima_customerassign_date tersedia (durasi negatif di-clamp ke 0 = Comply);9,11;Comply
202603;TREG 1;RIAU;RIDAR;PBB;migrate;24,00;CustomerAssign;bima_customerassign_date tersedia (durasi negatif di-clamp ke 0 = Comply);57,20;Not Comply
202603;TREG 2;BANTEN;CIKUPA;CSK;migrate;24,00;CustomerAssign;bima_customerassign_date tersedia (durasi negatif di-clamp ke 0 = Comply);129,20;Not Comply
202603;TREG 5;SULBAGSEL;PARE-PARE;PRE;migrate;24,00;CustomerAssign;bima_customerassign_date tersedia (durasi negatif di-clamp ke 0 = Comply);0,00;Comply
202603;TREG 5;SUMALUT;AMBON;ABO;migrate;24,00;CustomerAssign;bima_customerassign_date tersedia (durasi negatif di-clamp ke 0 = Comply);0,00;Comply
202603;TREG 3;JATIM BARAT;BATU;BTU;migrate;24,00;CustomerAssign;bima_customerassign_date tersedia (durasi negatif di-clamp ke 0 = Comply);9,25;Comply
202603;TREG 3;SEMARANG JATENG UTARA;KENDAL;WLR;create;48,00;CustomerAssign;bima_customerassign_date tersedia (durasi negatif di-clamp ke 0 = Comply);2,31;Comply
202603;TREG 2;JAKARTA CENTRUM;JAKUT;TPR;migrate;24,00;CustomerAssign;bima_customerassign_date tersedia (durasi negatif di-clamp ke 0 = Comply);0,00;Comply
202603;TREG 3;JATIM TIMUR;SIDOARJO;GDA;migrate;24,00;CustomerAssign;bima_customerassign_date tersedia (durasi negatif di-clamp ke 0 = Comply);0,00;Comply
202603;TREG 2;PRIANGAN BARAT;KUJANG;BOO;migrate;24,00;CustomerAssign;bima_customerassign_date tersedia (durasi negatif di-clamp ke 0 = Comply);33,48;Not Comply
202603;TREG 3;JATIM TIMUR;SIDOARJO;GDA;migrate;24,00;CustomerAssign;bima_customerassign_date tersedia (durasi negatif di-clamp ke 0 = Comply);74,49;Not Comply
202603;TREG 4;KALSELTENG;TANJUNG TABALONG;TJL;migrate;24,00;CustomerAssign;bima_customerassign_date tersedia (durasi negatif di-clamp ke 0 = Comply);76,51;Not Comply
202603;TREG 2;BANTEN;CIPUTAT;CPA;migrate;24,00;CustomerAssign;bima_customerassign_date tersedia (durasi negatif di-clamp ke 0 = Comply);9,54;Comply
202603;TREG 4;KALSELTENG;BANJARBARU;BBR;migrate;24,00;CustomerAssign;bima_customerassign_date tersedia (durasi negatif di-clamp ke 0 = Comply);4,56;Comply
202603;TREG 3;SURAMADU;SURABAYA UTARA;KRP;create;48,00;CustomerAssign;bima_customerassign_date tersedia (durasi negatif di-clamp ke 0 = Comply);28,61;Comply
202603;TREG 2;JAKARTA INNER;JAKBAR;PLM;create;48,00;CustomerAssign;bima_customerassign_date tersedia (durasi negatif di-clamp ke 0 = Comply);9,62;Comply
202603;TREG 4;BALIKPAPAN;BALIKPAPAN;GSA;create;48,00;CustomerAssign;bima_customerassign_date tersedia (durasi negatif di-clamp ke 0 = Comply);74,68;Not Comply
202603;TREG 1;RIAU;BANGKINANG;ARK;migrate;24,00;CustomerAssign;bima_customerassign_date tersedia (durasi negatif di-clamp ke 0 = Comply);57,71;Not Comply
202603;TREG 4;KALTIMTARA;SAMARINDA;SMR;migrate;24,00;CustomerAssign;bima_customerassign_date tersedia (durasi negatif di-clamp ke 0 = Comply);4,90;Comply
202603;TREG 2;BEKASI KARAWANG;CIKARANG;CIB;create;48,00;CustomerAssign;bima_customerassign_date tersedia (durasi negatif di-clamp ke 0 = Comply);4,94;Comply
202603;TREG 5;SULBAGSEL;PARE-PARE;PRE;migrate;24,00;CustomerAssign;bima_customerassign_date tersedia (durasi negatif di-clamp ke 0 = Comply);31,95;Not Comply
202603;TREG 5;SULBAGSEL;BAU-BAU;BBU;migrate;24,00;CustomerAssign;bima_customerassign_date tersedia (durasi negatif di-clamp ke 0 = Comply);0,00;Comply
202603;TREG 2;JAKARTA INNER;JAKBAR;PLM;create;48,00;CustomerAssign;bima_customerassign_date tersedia (durasi negatif di-clamp ke 0 = Comply);33,96;Comply
202603;TREG 3;SEMARANG JATENG UTARA;SEMARANG;BMK;migrate;24,00;CustomerAssign;bima_customerassign_date tersedia (durasi negatif di-clamp ke 0 = Comply);0,00;Comply
202603;TREG 1;SUMUT;MEDAN;SPM;migrate;24,00;CustomerAssign;bima_customerassign_date tersedia (durasi negatif di-clamp ke 0 = Comply);5,14;Comply
202603;TREG 4;BALIKPAPAN;TANAHGROGOT;TNG;migrate;24,00;CustomerAssign;bima_customerassign_date tersedia (durasi negatif di-clamp ke 0 = Comply);0,00;Comply
202603;TREG 4;KALTIMTARA;TARAKAN;TRK;migrate;24,00;CustomerAssign;bima_customerassign_date tersedia (durasi negatif di-clamp ke 0 = Comply);29,47;Not Comply
202603;TREG 2;BANTEN;LENGKONG;LKG;migrate;24,00;CustomerAssign;bima_customerassign_date tersedia (durasi negatif di-clamp ke 0 = Comply);10,51;Comply
202603;TREG 2;JAKARTA INNER;JAKBAR;CKG;migrate;24,00;CustomerAssign;bima_customerassign_date tersedia (durasi negatif di-clamp ke 0 = Comply);0,00;Comply
202603;TREG 4;BALIKPAPAN;TANAHGROGOT;TNG;migrate;24,00;CustomerAssign;bima_customerassign_date tersedia (durasi negatif di-clamp ke 0 = Comply);0,00;Comply
202603;TREG 2;JAKARTA OUTER;JAKTIM;KRG;create;48,00;CustomerAssign;bima_customerassign_date tersedia (durasi negatif di-clamp ke 0 = Comply);77,63;Not Comply
202603;TREG 3;SEMARANG JATENG UTARA;TEGAL;TEG;create;48,00;CustomerAssign;bima_customerassign_date tersedia (durasi negatif di-clamp ke 0 = Comply);123,63;Not Comply
202603;TREG 5;SUMALUT;AMBON;ABO;migrate;24,00;CustomerAssign;bima_customerassign_date tersedia (durasi negatif di-clamp ke 0 = Comply);0,00;Comply
202603;TREG 4;BALIKPAPAN;TANAHGROGOT;TNG;migrate;24,00;CustomerAssign;bima_customerassign_date tersedia (durasi negatif di-clamp ke 0 = Comply);0,00;Comply
202603;TREG 4;KALSELTENG;BANJARBARU;BBR;migrate;24,00;CustomerAssign;bima_customerassign_date tersedia (durasi negatif di-clamp ke 0 = Comply);53,81;Not Comply
202603;TREG 1;SUMUT;MEDAN;PDB;migrate;24,00;CustomerAssign;bima_customerassign_date tersedia (durasi negatif di-clamp ke 0 = Comply);35,15;Not Comply
202603;TREG 2;JAKARTA OUTER;JAKTIM;RMG;migrate;24,00;CustomerAssign;bima_customerassign_date tersedia (durasi negatif di-clamp ke 0 = Comply);30,24;Not Comply
202603;TREG 1;SUMUT;MEDAN;TMU;migrate;24,00;CustomerAssign;bima_customerassign_date tersedia (durasi negatif di-clamp ke 0 = Comply);0,00;Comply
202603;TREG 4;KALTIMTARA;TARAKAN;TRK;migrate;24,00;CustomerAssign;bima_customerassign_date tersedia (durasi negatif di-clamp ke 0 = Comply);30,32;Not Comply
202603;TREG 3;BALI;DENPASAR SELATAN;BNO;migrate;24,00;CustomerAssign;bima_customerassign_date tersedia (durasi negatif di-clamp ke 0 = Comply);11,36;Comply
202603;TREG 1;SUMUT;MEDAN;PUB;migrate;24,00;CustomerAssign;bima_customerassign_date tersedia (durasi negatif di-clamp ke 0 = Comply);59,42;Not Comply
202603;TREG 3;SURAMADU;SURABAYA UTARA;KRP;create;48,00;CustomerAssign;bima_customerassign_date tersedia (durasi negatif di-clamp ke 0 = Comply);35,49;Comply
202603;TREG 1;SUMUT;MEDAN;CTD;create;48,00;CustomerAssign;bima_customerassign_date tersedia (durasi negatif di-clamp ke 0 = Comply);11,54;Comply
202603;TREG 2;JAKARTA OUTER;JAKTIM;JTN;migrate;24,00;CustomerAssign;bima_customerassign_date tersedia (durasi negatif di-clamp ke 0 = Comply);0,00;Comply
202603;TREG 2;JAKARTA INNER;JAKBAR;CKG;create;48,00;CustomerAssign;bima_customerassign_date tersedia (durasi negatif di-clamp ke 0 = Comply);0,00;Comply
202603;TREG 2;BANTEN;LENGKONG;LKG;migrate;24,00;CustomerAssign;bima_customerassign_date tersedia (durasi negatif di-clamp ke 0 = Comply);174,77;Not Comply
202603;TREG 4;BALIKPAPAN;BALIKPAPAN;BRU;create;48,00;CustomerAssign;bima_customerassign_date tersedia (durasi negatif di-clamp ke 0 = Comply);0,00;Comply
202603;TREG 2;JAKARTA CENTRUM;JAKUT;KLG;migrate;24,00;CustomerAssign;bima_customerassign_date tersedia (durasi negatif di-clamp ke 0 = Comply);0,00;Comply
202603;TREG 1;SUMUT;MEDAN;MDC;migrate;24,00;CustomerAssign;bima_customerassign_date tersedia (durasi negatif di-clamp ke 0 = Comply);101,03;Not Comply
202603;TREG 3;SURAMADU;SURABAYA SELATAN;JGR;migrate;24,00;CustomerAssign;bima_customerassign_date tersedia (durasi negatif di-clamp ke 0 = Comply);5,12;Comply
202603;TREG 1;SUMUT;SUMUT;RBM;migrate;24,00;CustomerAssign;bima_customerassign_date tersedia (durasi negatif di-clamp ke 0 = Comply);125,12;Not Comply
202603;TREG 1;RIAU;RIKEP;LBJ;migrate;24,00;CustomerAssign;bima_customerassign_date tersedia (durasi negatif di-clamp ke 0 = Comply);0,00;Comply
202603;TREG 2;JAKARTA INNER;JAKBAR;KDY;migrate;24,00;CustomerAssign;bima_customerassign_date tersedia (durasi negatif di-clamp ke 0 = Comply);60,21;Not Comply
202603;TREG 2;JAKARTA OUTER;JAKTIM;GAN;create;48,00;CustomerAssign;bima_customerassign_date tersedia (durasi negatif di-clamp ke 0 = Comply);151,25;Not Comply
202603;TREG 3;SURAMADU;SURABAYA SELATAN;TPO;migrate;24,00;CustomerAssign;bima_customerassign_date tersedia (durasi negatif di-clamp ke 0 = Comply);0,00;Comply
202603;TREG 2;JAKARTA INNER;JAKBAR;CKG;migrate;24,00;CustomerAssign;bima_customerassign_date tersedia (durasi negatif di-clamp ke 0 = Comply);79,43;Not Comply
202603;TREG 1;SUMUT;BINJAI;BJI;migrate;24,00;CustomerAssign;bima_customerassign_date tersedia (durasi negatif di-clamp ke 0 = Comply);12,71;Comply
202603;TREG 3;JATIM TIMUR;SIDOARJO;TUN;create;48,00;CustomerAssign;bima_customerassign_date tersedia (durasi negatif di-clamp ke 0 = Comply);0,00;Comply
202603;TREG 2;BEKASI KARAWANG;BEKASI;KRA;create;48,00;CustomerAssign;bima_customerassign_date tersedia (durasi negatif di-clamp ke 0 = Comply);348,75;Not Comply
202603;TREG 4;BALIKPAPAN;BALIKPAPAN;GSA;migrate;24,00;CustomerAssign;bima_customerassign_date tersedia (durasi negatif di-clamp ke 0 = Comply);0,00;Comply
202603;TREG 3;SURAMADU;SURABAYA UTARA;KNN;migrate;24,00;CustomerAssign;bima_customerassign_date tersedia (durasi negatif di-clamp ke 0 = Comply);0,00;Comply
202603;TREG 2;BANDUNG;BANDUNG;BDK;migrate;24,00;CustomerAssign;bima_customerassign_date tersedia (durasi negatif di-clamp ke 0 = Comply);0,00;Comply
202603;TREG 2;BANDUNG;SUMEDANG;CJA;migrate;24,00;CustomerAssign;bima_customerassign_date tersedia (durasi negatif di-clamp ke 0 = Comply);0,00;Comply
202603;TREG 2;BEKASI KARAWANG;CIKARANG;SMH;migrate;24,00;CustomerAssign;bima_customerassign_date tersedia (durasi negatif di-clamp ke 0 = Comply);29,98;Not Comply
202603;TREG 1;SUMBAR JAMBI;SUMBAR;ULK;migrate;24,00;CustomerAssign;bima_customerassign_date tersedia (durasi negatif di-clamp ke 0 = Comply);0,00;Comply
202603;TREG 2;JAKARTA INNER;JAKBAR;CKG;migrate;24,00;CustomerAssign;bima_customerassign_date tersedia (durasi negatif di-clamp ke 0 = Comply);32,19;Not Comply
202603;TREG 2;BANDUNG;PADALARANG;BTJ;migrate;24,00;CustomerAssign;bima_customerassign_date tersedia (durasi negatif di-clamp ke 0 = Comply);0,00;Comply
202603;TREG 3;JATIM BARAT;MALANG;BLB;migrate;24,00;CustomerAssign;bima_customerassign_date tersedia (durasi negatif di-clamp ke 0 = Comply);104,71;Not Comply
202603;TREG 3;JATIM TIMUR;SIDOARJO;GDA;migrate;24,00;CustomerAssign;bima_customerassign_date tersedia (durasi negatif di-clamp ke 0 = Comply);37,72;Not Comply
202603;TREG 2;BANDUNG;BANDUNG;LBG;create;48,00;CustomerAssign;bima_customerassign_date tersedia (durasi negatif di-clamp ke 0 = Comply);6,89;Comply
202603;TREG 2;BEKASI KARAWANG;CIKARANG;JBB;create;48,00;CustomerAssign;bima_customerassign_date tersedia (durasi negatif di-clamp ke 0 = Comply);0,00;Comply
202603;TREG 1;RIAU;TANJUNG PINANG;KMS;migrate;24,00;CustomerAssign;bima_customerassign_date tersedia (durasi negatif di-clamp ke 0 = Comply);57,98;Not Comply
202603;TREG 4;KALTIMTARA;BULUNGAN BERAU;TRD;migrate;24,00;CustomerAssign;bima_customerassign_date tersedia (durasi negatif di-clamp ke 0 = Comply);82,76;Not Comply
202603;TREG 5;SUMALUT;TERNATE;TNT;migrate;24,00;CustomerAssign;bima_customerassign_date tersedia (durasi negatif di-clamp ke 0 = Comply);0,00;Comply
202603;TREG 5;PAPUA;JAYAPURA;JAP;migrate;24,00;CustomerAssign;bima_customerassign_date tersedia (durasi negatif di-clamp ke 0 = Comply);0,00;Comply
202603;TREG 4;KALTIMTARA;BONTANG;BOT;migrate;24,00;CustomerAssign;bima_customerassign_date tersedia (durasi negatif di-clamp ke 0 = Comply);71,35;Not Comply
202603;TREG 3;JATIM BARAT;KEDIRI;KDI;migrate;24,00;CustomerAssign;bima_customerassign_date tersedia (durasi negatif di-clamp ke 0 = Comply);72,37;Not Comply
202603;TREG 3;YOGYA JATENG SELATAN;SLEMAN;SMN;migrate;24,00;CustomerAssign;bima_customerassign_date tersedia (durasi negatif di-clamp ke 0 = Comply);48,61;Not Comply
202603;TREG 1;RIAU;RIKEP;BTC;migrate;24,00;CustomerAssign;bima_customerassign_date tersedia (durasi negatif di-clamp ke 0 = Comply);0,68;Comply
202603;TREG 3;SEMARANG JATENG UTARA;PEMALANG;RDD;migrate;24,00;CustomerAssign;bima_customerassign_date tersedia (durasi negatif di-clamp ke 0 = Comply);17,74;Comply
202603;TREG 5;SUMALUT;KOTAMOBAGO;KTG;migrate;24,00;CustomerAssign;bima_customerassign_date tersedia (durasi negatif di-clamp ke 0 = Comply);0,76;Comply
202603;TREG 3;SOLO JATENG TIMUR;SOLO;KRT;migrate;24,00;CustomerAssign;bima_customerassign_date tersedia (durasi negatif di-clamp ke 0 = Comply);24,84;Not Comply
202603;TREG 2;JAKARTA OUTER;JAKSEL;KBY;migrate;24,00;CustomerAssign;bima_customerassign_date tersedia (durasi negatif di-clamp ke 0 = Comply);18,11;Comply
202603;TREG 3;BALI;DENPASAR UTARA;UBN;migrate;24,00;CustomerAssign;bima_customerassign_date tersedia (durasi negatif di-clamp ke 0 = Comply);0,00;Comply
202603;TREG 1;LAMPUNG BENGKULU;BENGKULU;TIS;migrate;24,00;CustomerAssign;bima_customerassign_date tersedia (durasi negatif di-clamp ke 0 = Comply);97,40;Not Comply
202603;TREG 4;KALSELTENG;BANJARMASIN;KYG;migrate;24,00;CustomerAssign;bima_customerassign_date tersedia (durasi negatif di-clamp ke 0 = Comply);68,41;Not Comply
202603;TREG 2;PRIANGAN BARAT;SENTUL;KHL;migrate;24,00;CustomerAssign;bima_customerassign_date tersedia (durasi negatif di-clamp ke 0 = Comply);73,44;Not Comply
202603;TREG 3;YOGYA JATENG SELATAN;TEMANGGUNG;TEM;migrate;24,00;CustomerAssign;bima_customerassign_date tersedia (durasi negatif di-clamp ke 0 = Comply);0,00;Comply
202603;TREG 3;SURAMADU;SURABAYA SELATAN;TPO;migrate;24,00;CustomerAssign;bima_customerassign_date tersedia (durasi negatif di-clamp ke 0 = Comply);18,52;Comply
202603;TREG 2;PRIANGAN BARAT;DEPOK;CNE;migrate;24,00;CustomerAssign;bima_customerassign_date tersedia (durasi negatif di-clamp ke 0 = Comply);145,56;Not Comply
202603;TREG 2;PRIANGAN TIMUR;BANJAR;BNJ;migrate;24,00;CustomerAssign;bima_customerassign_date tersedia (durasi negatif di-clamp ke 0 = Comply);92,59;Not Comply
202603;TREG 4;KALSELTENG;TANJUNG TABALONG;TJL;migrate;24,00;CustomerAssign;bima_customerassign_date tersedia (durasi negatif di-clamp ke 0 = Comply);1,62;Comply
202603;TREG 2;JAKARTA CENTRUM;JAKUT;CIL;create;48,00;CustomerAssign;bima_customerassign_date tersedia (durasi negatif di-clamp ke 0 = Comply);0,00;Comply
202603;TREG 2;JAKARTA OUTER;JAKTIM;PGG;migrate;24,00;CustomerAssign;bima_customerassign_date tersedia (durasi negatif di-clamp ke 0 = Comply);98,42;Not Comply
202603;TREG 3;JATIM TIMUR;BANYUWANGI;BWG;migrate;24,00;CustomerAssign;bima_customerassign_date tersedia (durasi negatif di-clamp ke 0 = Comply);0,00;Comply
202603;TREG 4;KALTIMTARA;SAMARINDA;LOB;migrate;24,00;CustomerAssign;bima_customerassign_date tersedia (durasi negatif di-clamp ke 0 = Comply);122,75;Not Comply
202603;TREG 3;YOGYA JATENG SELATAN;SLEMAN;SMN;migrate;24,00;CustomerAssign;bima_customerassign_date tersedia (durasi negatif di-clamp ke 0 = Comply);93,78;Not Comply
202603;TREG 4;KALSELTENG;BANJARBARU;BBR;migrate;24,00;CustomerAssign;bima_customerassign_date tersedia (durasi negatif di-clamp ke 0 = Comply);2,80;Comply
202603;TREG 4;KALSELTENG;PALANGKARAYA;PLK;migrate;24,00;CustomerAssign;bima_customerassign_date tersedia (durasi negatif di-clamp ke 0 = Comply);44,24;Not Comply
202603;TREG 1;SUMBAR JAMBI;SUMBAR;PNN;create;48,00;CustomerAssign;bima_customerassign_date tersedia (durasi negatif di-clamp ke 0 = Comply);99,33;Not Comply
202603;TREG 4;KALTIMTARA;BULUNGAN BERAU;TRD;migrate;24,00;CustomerAssign;bima_customerassign_date tersedia (durasi negatif di-clamp ke 0 = Comply);3,64;Comply
202603;TREG 3;SURAMADU;SURABAYA SELATAN;JGR;migrate;24,00;CustomerAssign;bima_customerassign_date tersedia (durasi negatif di-clamp ke 0 = Comply);0,00;Comply
202603;TREG 4;KALSELTENG;BATULICIN;STI;create;48,00;CustomerAssign;bima_customerassign_date tersedia (durasi negatif di-clamp ke 0 = Comply);3,72;Comply
202603;TREG 4;KALSELTENG;TANJUNG TABALONG;TJL;migrate;24,00;CustomerAssign;bima_customerassign_date tersedia (durasi negatif di-clamp ke 0 = Comply);0,00;Comply
202603;TREG 4;KALTIMTARA;BONTANG;STT;migrate;24,00;CustomerAssign;bima_customerassign_date tersedia (durasi negatif di-clamp ke 0 = Comply);70,96;Not Comply
202603;TREG 2;BANTEN;PASAR BARU;CPD;migrate;24,00;CustomerAssign;bima_customerassign_date tersedia (durasi negatif di-clamp ke 0 = Comply);3,99;Comply
202603;TREG 3;SEMARANG JATENG UTARA;UNGARAN;WNJ;create;48,00;CustomerAssign;bima_customerassign_date tersedia (durasi negatif di-clamp ke 0 = Comply);0,00;Comply
202603;TREG 2;BANTEN;CIPUTAT;PKU;migrate;24,00;CustomerAssign;bima_customerassign_date tersedia (durasi negatif di-clamp ke 0 = Comply);4,20;Comply
202603;TREG 2;BANDUNG;BANDUNG BARAT;CMI;create;48,00;CustomerAssign;bima_customerassign_date tersedia (durasi negatif di-clamp ke 0 = Comply);0,00;Comply
202603;TREG 4;KALSELTENG;TANJUNG TABALONG;TJL;migrate;24,00;CustomerAssign;bima_customerassign_date tersedia (durasi negatif di-clamp ke 0 = Comply);0,00;Comply
202603;TREG 2;BANTEN;PASAR BARU;CPD;migrate;24,00;CustomerAssign;bima_customerassign_date tersedia (durasi negatif di-clamp ke 0 = Comply);0,00;Comply
202603;TREG 2;JAKARTA CENTRUM;JAKUT;MKR;create;48,00;CustomerAssign;bima_customerassign_date tersedia (durasi negatif di-clamp ke 0 = Comply);4,41;Comply
202603;TREG 2;PRIANGAN TIMUR;CIREBON;CBN;migrate;24,00;CustomerAssign;bima_customerassign_date tersedia (durasi negatif di-clamp ke 0 = Comply);0,00;Comply
202603;TREG 2;PRIANGAN BARAT;CIBINONG;CLS;create;48,00;CustomerAssign;bima_customerassign_date tersedia (durasi negatif di-clamp ke 0 = Comply);45,46;Comply
202603;TREG 5;SULBAGSEL;MAKASSAR;TMA;migrate;24,00;CustomerAssign;bima_customerassign_date tersedia (durasi negatif di-clamp ke 0 = Comply);28,53;Not Comply
202603;TREG 4;KALTIMTARA;SAMARINDA;TMD;create;48,00;CustomerAssign;bima_customerassign_date tersedia (durasi negatif di-clamp ke 0 = Comply);4,83;Comply
202603;TREG 4;KALSELTENG;BANJARMASIN;KYG;create;48,00;CustomerAssign;bima_customerassign_date tersedia (durasi negatif di-clamp ke 0 = Comply);4,84;Comply
202603;TREG 3;JATIM BARAT;KEDIRI;KAA;create;48,00;CustomerAssign;bima_customerassign_date tersedia (durasi negatif di-clamp ke 0 = Comply);23,88;Comply
202603;TREG 4;KALTIMTARA;BONTANG;STT;migrate;24,00;CustomerAssign;bima_customerassign_date tersedia (durasi negatif di-clamp ke 0 = Comply);21,96;Comply
202603;TREG 4;KALBAR;SINGKAWANG;SNW;migrate;24,00;CustomerAssign;bima_customerassign_date tersedia (durasi negatif di-clamp ke 0 = Comply);0,00;Comply
202603;TREG 4;KALSELTENG;TANJUNG TABALONG;TJL;migrate;24,00;CustomerAssign;bima_customerassign_date tersedia (durasi negatif di-clamp ke 0 = Comply);0,00;Comply
202603;TREG 1;SUMBAR JAMBI;JAMBI;PAP;create;48,00;CustomerAssign;bima_customerassign_date tersedia (durasi negatif di-clamp ke 0 = Comply);0,00;Comply
202603;TREG 4;KALSELTENG;TANJUNG TABALONG;TJL;migrate;24,00;CustomerAssign;bima_customerassign_date tersedia (durasi negatif di-clamp ke 0 = Comply);22,17;Comply
202603;TREG 1;SUMUT;MEDAN;DLT;migrate;24,00;CustomerAssign;bima_customerassign_date tersedia (durasi negatif di-clamp ke 0 = Comply);5,25;Comply
202603;TREG 1;SUMUT;MEDAN;TJM;migrate;24,00;CustomerAssign;bima_customerassign_date tersedia (durasi negatif di-clamp ke 0 = Comply);0,00;Comply
202603;TREG 4;KALSELTENG;BANJARBARU;LUL;migrate;24,00;CustomerAssign;bima_customerassign_date tersedia (durasi negatif di-clamp ke 0 = Comply);5,33;Comply
202603;TREG 1;SUMUT;MEDAN;CTD;migrate;24,00;CustomerAssign;bima_customerassign_date tersedia (durasi negatif di-clamp ke 0 = Comply);5,47;Comply
202603;TREG 2;BEKASI KARAWANG;SUBANG;SUB;migrate;24,00;CustomerAssign;bima_customerassign_date tersedia (durasi negatif di-clamp ke 0 = Comply);0,00;Comply
202603;TREG 2;JAKARTA OUTER;JAKTIM;PDK;create;48,00;CustomerAssign;bima_customerassign_date tersedia (durasi negatif di-clamp ke 0 = Comply);48,48;Not Comply
202603;TREG 5;SULBAGSEL;KENDARI;MDG;migrate;24,00;CustomerAssign;bima_customerassign_date tersedia (durasi negatif di-clamp ke 0 = Comply);0,00;Comply
202603;TREG 3;YOGYA JATENG SELATAN;YOGYAKARTA;PGR;migrate;24,00;CustomerAssign;bima_customerassign_date tersedia (durasi negatif di-clamp ke 0 = Comply);29,53;Not Comply
202603;TREG 2;BEKASI KARAWANG;BEKASI;PDE;migrate;24,00;CustomerAssign;bima_customerassign_date tersedia (durasi negatif di-clamp ke 0 = Comply);5,67;Comply
202603;TREG 3;SOLO JATENG TIMUR;KUDUS;KUD;migrate;24,00;CustomerAssign;bima_customerassign_date tersedia (durasi negatif di-clamp ke 0 = Comply);0,00;Comply
202603;TREG 3;BALI;DENPASAR CENTRUM;KLM;create;48,00;CustomerAssign;bima_customerassign_date tersedia (durasi negatif di-clamp ke 0 = Comply);72,74;Not Comply
202603;TREG 1;RIAU;INDRAGIRI;RGT;migrate;24,00;CustomerAssign;bima_customerassign_date tersedia (durasi negatif di-clamp ke 0 = Comply);0,00;Comply
202603;TREG 2;JAKARTA OUTER;JAKTIM;PSR;migrate;24,00;CustomerAssign;bima_customerassign_date tersedia (durasi negatif di-clamp ke 0 = Comply);22,82;Comply
202603;TREG 1;RIAU;RIKEP;BTC;migrate;24,00;CustomerAssign;bima_customerassign_date tersedia (durasi negatif di-clamp ke 0 = Comply);72,83;Not Comply
202603;TREG 2;BANTEN;CIPUTAT;CPA;migrate;24,00;CustomerAssign;bima_customerassign_date tersedia (durasi negatif di-clamp ke 0 = Comply);77,83;Not Comply
202603;TREG 5;PAPUA;JAYAPURA;JAP;migrate;24,00;CustomerAssign;bima_customerassign_date tersedia (durasi negatif di-clamp ke 0 = Comply);24,84;Not Comply
202603;TREG 2;BEKASI KARAWANG;PURWAKARTA;PWK;create;48,00;CustomerAssign;bima_customerassign_date tersedia (durasi negatif di-clamp ke 0 = Comply);0,00;Comply
202603;TREG 5;PAPUA;ABEPURA;ABE;migrate;24,00;CustomerAssign;bima_customerassign_date tersedia (durasi negatif di-clamp ke 0 = Comply);5,87;Comply
202603;TREG 3;BALI;TABANAN;TBN;create;48,00;CustomerAssign;bima_customerassign_date tersedia (durasi negatif di-clamp ke 0 = Comply);0,00;Comply
202603;TREG 3;YOGYA JATENG SELATAN;MAGELANG;MTY;create;48,00;CustomerAssign;bima_customerassign_date tersedia (durasi negatif di-clamp ke 0 = Comply);71,04;Not Comply
202603;TREG 2;BEKASI KARAWANG;BEKASI;PDE;migrate;24,00;CustomerAssign;bima_customerassign_date tersedia (durasi negatif di-clamp ke 0 = Comply);54,07;Not Comply
202603;TREG 1;RIAU;RIKEP;BTC;migrate;24,00;CustomerAssign;bima_customerassign_date tersedia (durasi negatif di-clamp ke 0 = Comply);30,07;Not Comply
202603;TREG 2;PRIANGAN BARAT;CIBINONG;CBI;migrate;24,00;CustomerAssign;bima_customerassign_date tersedia (durasi negatif di-clamp ke 0 = Comply);78,13;Not Comply
202603;TREG 2;BANDUNG;BANDUNG BARAT;RJW;migrate;24,00;CustomerAssign;bima_customerassign_date tersedia (durasi negatif di-clamp ke 0 = Comply);54,19;Not Comply
202603;TREG 3;SURAMADU;SURABAYA UTARA;TNS;migrate;24,00;CustomerAssign;bima_customerassign_date tersedia (durasi negatif di-clamp ke 0 = Comply);316,31;Not Comply
202603;TREG 4;KALTIMTARA;SAMARINDA;SEM;create;48,00;CustomerAssign;bima_customerassign_date tersedia (durasi negatif di-clamp ke 0 = Comply);23,32;Comply
202603;TREG 2;BEKASI KARAWANG;SUBANG;SUB;migrate;24,00;CustomerAssign;bima_customerassign_date tersedia (durasi negatif di-clamp ke 0 = Comply);0,00;Comply
202603;TREG 3;YOGYA JATENG SELATAN;PURWOKERTO;PWT;migrate;24,00;CustomerAssign;bima_customerassign_date tersedia (durasi negatif di-clamp ke 0 = Comply);54,38;Not Comply
202603;TREG 2;BANDUNG;BANDUNG;GGK;create;48,00;CustomerAssign;bima_customerassign_date tersedia (durasi negatif di-clamp ke 0 = Comply);1,45;Comply
202603;TREG 5;SUMALUT;MENADO;MDO;migrate;24,00;CustomerAssign;bima_customerassign_date tersedia (durasi negatif di-clamp ke 0 = Comply);263,46;Not Comply
202603;TREG 1;SUMBAR JAMBI;MUARA BUNGO;SRJ;create;48,00;CustomerAssign;bima_customerassign_date tersedia (durasi negatif di-clamp ke 0 = Comply);486,49;Not Comply
202603;TREG 3;YOGYA JATENG SELATAN;YOGYAKARTA;KEN;create;48,00;CustomerAssign;bima_customerassign_date tersedia (durasi negatif di-clamp ke 0 = Comply);49,50;Not Comply
202603;TREG 5;SUMALUT;MENADO;PIK;migrate;24,00;CustomerAssign;bima_customerassign_date tersedia (durasi negatif di-clamp ke 0 = Comply);246,51;Not Comply
202603;TREG 4;BALIKPAPAN;BALIKPAPAN;GSA;create;48,00;CustomerAssign;bima_customerassign_date tersedia (durasi negatif di-clamp ke 0 = Comply);6,52;Comply
202603;TREG 3;JATIM BARAT;MALANG;GDG;create;48,00;CustomerAssign;bima_customerassign_date tersedia (durasi negatif di-clamp ke 0 = Comply);0,00;Comply
202603;TREG 2;JAKARTA OUTER;JAKSEL;CPE;migrate;24,00;CustomerAssign;bima_customerassign_date tersedia (durasi negatif di-clamp ke 0 = Comply);71,55;Not Comply
202603;TREG 5;SUMALUT;MINAHASA;TMH;migrate;24,00;CustomerAssign;bima_customerassign_date tersedia (durasi negatif di-clamp ke 0 = Comply);1,55;Comply
202603;TREG 2;JAKARTA OUTER;JAKSEL;KAL;create;48,00;CustomerAssign;bima_customerassign_date tersedia (durasi negatif di-clamp ke 0 = Comply);0,00;Comply
202603;TREG 5;SULBAGSEL;PALOPO;PLP;migrate;24,00;CustomerAssign;bima_customerassign_date tersedia (durasi negatif di-clamp ke 0 = Comply);0,00;Comply
202603;TREG 2;JAKARTA OUTER;JAKSEL;KMG;create;48,00;CustomerAssign;bima_customerassign_date tersedia (durasi negatif di-clamp ke 0 = Comply);6,67;Comply
202603;TREG 2;BEKASI KARAWANG;KARAWANG;KLI;migrate;24,00;CustomerAssign;bima_customerassign_date tersedia (durasi negatif di-clamp ke 0 = Comply);1,73;Comply
202603;TREG 1;RIAU;BANGKINANG;ARK;migrate;24,00;CustomerAssign;bima_customerassign_date tersedia (durasi negatif di-clamp ke 0 = Comply);0,00;Comply
202603;TREG 1;SUMBAGSEL;PRABUMULIH;PDT;migrate;24,00;CustomerAssign;bima_customerassign_date tersedia (durasi negatif di-clamp ke 0 = Comply);150,81;Not Comply
202603;TREG 5;SUMALUT;MASOHI;WHA;migrate;24,00;CustomerAssign;bima_customerassign_date tersedia (durasi negatif di-clamp ke 0 = Comply);0,00;Comply
202603;TREG 5;PAPUA;SENTANI;SNI;migrate;24,00;CustomerAssign;bima_customerassign_date tersedia (durasi negatif di-clamp ke 0 = Comply);0,00;Comply
202603;TREG 2;BEKASI KARAWANG;SUBANG;KIA;migrate;24,00;CustomerAssign;bima_customerassign_date tersedia (durasi negatif di-clamp ke 0 = Comply);0,00;Comply
202603;TREG 2;BANTEN;CIPUTAT;CPA;migrate;24,00;CustomerAssign;bima_customerassign_date tersedia (durasi negatif di-clamp ke 0 = Comply);23,94;Comply
202603;TREG 4;KALSELTENG;PALANGKARAYA;PLK;migrate;24,00;CustomerAssign;bima_customerassign_date tersedia (durasi negatif di-clamp ke 0 = Comply);47,96;Not Comply
202603;TREG 1;SUMBAGSEL;SUMSEL;SRO;migrate;24,00;CustomerAssign;bima_customerassign_date tersedia (durasi negatif di-clamp ke 0 = Comply);145,98;Not Comply
202603;TREG 5;SULBAGSEL;PALOPO;PLP;create;48,00;CustomerAssign;bima_customerassign_date tersedia (durasi negatif di-clamp ke 0 = Comply);26,00;Comply
202603;TREG 4;BALIKPAPAN;BALIKPAPAN;GSA;migrate;24,00;CustomerAssign;bima_customerassign_date tersedia (durasi negatif di-clamp ke 0 = Comply);7,01;Comply
202603;TREG 2;JAKARTA OUTER;JAKSEL;JAG;migrate;24,00;CustomerAssign;bima_customerassign_date tersedia (durasi negatif di-clamp ke 0 = Comply);31,03;Not Comply
202603;TREG 3;NUSA TENGGARA;NTB;MTR;migrate;24,00;CustomerAssign;bima_customerassign_date tersedia (durasi negatif di-clamp ke 0 = Comply);0,00;Comply
202603;TREG 1;ACEH;LANGSA;PRL;migrate;24,00;CustomerAssign;bima_customerassign_date tersedia (durasi negatif di-clamp ke 0 = Comply);583,07;Not Comply
202603;TREG 1;ACEH;LANGSA;LGS;migrate;24,00;CustomerAssign;bima_customerassign_date tersedia (durasi negatif di-clamp ke 0 = Comply);266,07;Not Comply
202603;TREG 2;JAKARTA OUTER;JAKTIM;KRG;migrate;24,00;CustomerAssign;bima_customerassign_date tersedia (durasi negatif di-clamp ke 0 = Comply);55,16;Not Comply
202603;TREG 2;PRIANGAN TIMUR;CIREBON;PRD;migrate;24,00;CustomerAssign;bima_customerassign_date tersedia (durasi negatif di-clamp ke 0 = Comply);103,24;Not Comply
202603;TREG 2;BANTEN;LENGKONG;LGK;migrate;24,00;CustomerAssign;bima_customerassign_date tersedia (durasi negatif di-clamp ke 0 = Comply);7,31;Comply
202603;TREG 2;JAKARTA OUTER;JAKTIM;CWA;migrate;24,00;CustomerAssign;bima_customerassign_date tersedia (durasi negatif di-clamp ke 0 = Comply);0,45;Comply
202603;TREG 2;JAKARTA CENTRUM;JAKUT;PDM;migrate;24,00;CustomerAssign;bima_customerassign_date tersedia (durasi negatif di-clamp ke 0 = Comply);0,46;Comply
202603;TREG 2;PRIANGAN BARAT;DEPOK;SKJ;migrate;24,00;CustomerAssign;bima_customerassign_date tersedia (durasi negatif di-clamp ke 0 = Comply);0,00;Comply
202603;TREG 2;BANTEN;CIPUTAT;PDR;migrate;24,00;CustomerAssign;bima_customerassign_date tersedia (durasi negatif di-clamp ke 0 = Comply);0,62;Comply
202603;TREG 3;JATIM BARAT;MADIUN;MSP;migrate;24,00;CustomerAssign;bima_customerassign_date tersedia (durasi negatif di-clamp ke 0 = Comply);2,68;Comply
202603;TREG 3;YOGYA JATENG SELATAN;SLEMAN;SMN;create;48,00;CustomerAssign;bima_customerassign_date tersedia (durasi negatif di-clamp ke 0 = Comply);0,00;Comply
202603;TREG 3;JATIM BARAT;MADIUN;MNZ;migrate;24,00;CustomerAssign;bima_customerassign_date tersedia (durasi negatif di-clamp ke 0 = Comply);7,72;Comply
202603;TREG 4;KALTIMTARA;BONTANG;BOT;migrate;24,00;CustomerAssign;bima_customerassign_date tersedia (durasi negatif di-clamp ke 0 = Comply);0,00;Comply
202603;TREG 2;PRIANGAN BARAT;DEPOK;PCM;create;48,00;CustomerAssign;bima_customerassign_date tersedia (durasi negatif di-clamp ke 0 = Comply);7,82;Comply
202603;TREG 5;SULBAGSEL;PALOPO;PLP;migrate;24,00;CustomerAssign;bima_customerassign_date tersedia (durasi negatif di-clamp ke 0 = Comply);0,00;Comply
202603;TREG 3;YOGYA JATENG SELATAN;PURWOKERTO;PWT;migrate;24,00;CustomerAssign;bima_customerassign_date tersedia (durasi negatif di-clamp ke 0 = Comply);31,84;Not Comply
202603;TREG 2;BEKASI KARAWANG;CIKARANG;JBB;create;48,00;CustomerAssign;bima_customerassign_date tersedia (durasi negatif di-clamp ke 0 = Comply);31,87;Comply
202603;TREG 3;YOGYA JATENG SELATAN;YOGYAKARTA;PGR;migrate;24,00;CustomerAssign;bima_customerassign_date tersedia (durasi negatif di-clamp ke 0 = Comply);0,00;Comply
202603;TREG 1;SUMBAR JAMBI;BUKIT TINGGI;SUP;migrate;24,00;CustomerAssign;bima_customerassign_date tersedia (durasi negatif di-clamp ke 0 = Comply);170,91;Not Comply
202603;TREG 3;SURAMADU;SURABAYA SELATAN;TPO;migrate;24,00;CustomerAssign;bima_customerassign_date tersedia (durasi negatif di-clamp ke 0 = Comply);0,00;Comply
202603;TREG 3;JATIM BARAT;KEPANJEN;TUR;migrate;24,00;CustomerAssign;bima_customerassign_date tersedia (durasi negatif di-clamp ke 0 = Comply);7,98;Comply
202603;TREG 5;SULBAGSEL;KENDARI;MDG;migrate;24,00;CustomerAssign;bima_customerassign_date tersedia (durasi negatif di-clamp ke 0 = Comply);0,00;Comply
202603;TREG 3;SURAMADU;SURABAYA SELATAN;JGR;create;48,00;CustomerAssign;bima_customerassign_date tersedia (durasi negatif di-clamp ke 0 = Comply);8,11;Comply
202603;TREG 2;BEKASI KARAWANG;CIKARANG;CIB;create;48,00;CustomerAssign;bima_customerassign_date tersedia (durasi negatif di-clamp ke 0 = Comply);0,00;Comply
202603;TREG 1;SUMUT;MEDAN;SPM;migrate;24,00;CustomerAssign;bima_customerassign_date tersedia (durasi negatif di-clamp ke 0 = Comply);56,13;Not Comply
202603;TREG 3;SEMARANG JATENG UTARA;UNGARAN;BWE;migrate;24,00;CustomerAssign;bima_customerassign_date tersedia (durasi negatif di-clamp ke 0 = Comply);0,00;Comply
202603;TREG 3;YOGYA JATENG SELATAN;CILACAP;KRY;migrate;24,00;CustomerAssign;bima_customerassign_date tersedia (durasi negatif di-clamp ke 0 = Comply);0,00;Comply
202603;TREG 3;JATIM BARAT;MALANG;TMP;migrate;24,00;CustomerAssign;bima_customerassign_date tersedia (durasi negatif di-clamp ke 0 = Comply);75,22;Not Comply
202603;TREG 1;SUMBAGSEL;SUMSEL;PGC;create;48,00;CustomerAssign;bima_customerassign_date tersedia (durasi negatif di-clamp ke 0 = Comply);73,22;Not Comply
202603;TREG 5;SUMALUT;MENADO;MDO;migrate;24,00;CustomerAssign;bima_customerassign_date tersedia (durasi negatif di-clamp ke 0 = Comply);0,00;Comply
202603;TREG 2;BEKASI KARAWANG;CIKARANG;BGG;migrate;24,00;CustomerAssign;bima_customerassign_date tersedia (durasi negatif di-clamp ke 0 = Comply);3,24;Comply
202603;TREG 3;YOGYA JATENG SELATAN;MAGELANG;MGE;create;48,00;CustomerAssign;bima_customerassign_date tersedia (durasi negatif di-clamp ke 0 = Comply);0,00;Comply
202603;TREG 2;JAKARTA INNER;JAKBAR;CKG;create;48,00;CustomerAssign;bima_customerassign_date tersedia (durasi negatif di-clamp ke 0 = Comply);8,31;Comply
202603;TREG 4;KALSELTENG;PALANGKARAYA;PLK;migrate;24,00;CustomerAssign;bima_customerassign_date tersedia (durasi negatif di-clamp ke 0 = Comply);25,39;Not Comply
202603;TREG 2;JAKARTA CENTRUM;JAKUT;KLG;migrate;24,00;CustomerAssign;bima_customerassign_date tersedia (durasi negatif di-clamp ke 0 = Comply);3,44;Comply
202603;TREG 2;JAKARTA OUTER;JAKTIM;PSR;create;48,00;CustomerAssign;bima_customerassign_date tersedia (durasi negatif di-clamp ke 0 = Comply);1,54;Comply
202603;TREG 4;BALIKPAPAN;BALIKPAPAN;KTB;migrate;24,00;CustomerAssign;bima_customerassign_date tersedia (durasi negatif di-clamp ke 0 = Comply);8,55;Comply
202603;TREG 2;BEKASI KARAWANG;CIKARANG;JBB;create;48,00;CustomerAssign;bima_customerassign_date tersedia (durasi negatif di-clamp ke 0 = Comply);361,63;Not Comply
202603;TREG 4;KALTIMTARA;BULUNGAN BERAU;TBY;migrate;24,00;CustomerAssign;bima_customerassign_date tersedia (durasi negatif di-clamp ke 0 = Comply);0,00;Comply
202603;TREG 2;PRIANGAN BARAT;DEPOK;DEP;create;48,00;CustomerAssign;bima_customerassign_date tersedia (durasi negatif di-clamp ke 0 = Comply);3,76;Comply
202603;TREG 2;BANTEN;PASAR BARU;PSK;migrate;24,00;CustomerAssign;bima_customerassign_date tersedia (durasi negatif di-clamp ke 0 = Comply);0,00;Comply
202603;TREG 4;BALIKPAPAN;BALIKPAPAN;BRU;migrate;24,00;CustomerAssign;bima_customerassign_date tersedia (durasi negatif di-clamp ke 0 = Comply);18,87;Comply
202603;TREG 1;ACEH;LANGSA;LGS;migrate;24,00;CustomerAssign;bima_customerassign_date tersedia (durasi negatif di-clamp ke 0 = Comply);339,93;Not Comply
202603;TREG 2;BANTEN;CIPUTAT;CPA;migrate;24,00;CustomerAssign;bima_customerassign_date tersedia (durasi negatif di-clamp ke 0 = Comply);50,15;Not Comply
202603;TREG 5;SULBAGSEL;GOWA;SUG;migrate;24,00;CustomerAssign;bima_customerassign_date tersedia (durasi negatif di-clamp ke 0 = Comply);6,24;Comply
202603;TREG 5;SULBAGSEL;MAKASSAR;PNK;create;48,00;CustomerAssign;bima_customerassign_date tersedia (durasi negatif di-clamp ke 0 = Comply);0,00;Comply
202603;TREG 3;JATIM BARAT;KEDIRI;KDI;migrate;24,00;CustomerAssign;bima_customerassign_date tersedia (durasi negatif di-clamp ke 0 = Comply);124,44;Not Comply
202603;TREG 3;SOLO JATENG TIMUR;KLATEN;BYL;migrate;24,00;CustomerAssign;bima_customerassign_date tersedia (durasi negatif di-clamp ke 0 = Comply);81,47;Not Comply
202603;TREG 2;JAKARTA OUTER;JAKSEL;PSM;migrate;24,00;CustomerAssign;bima_customerassign_date tersedia (durasi negatif di-clamp ke 0 = Comply);9,52;Comply
202603;TREG 2;JAKARTA OUTER;JAKTIM;PDK;migrate;24,00;CustomerAssign;bima_customerassign_date tersedia (durasi negatif di-clamp ke 0 = Comply);76,55;Not Comply
202603;TREG 5;SUMALUT;TERNATE;TNT;migrate;24,00;CustomerAssign;bima_customerassign_date tersedia (durasi negatif di-clamp ke 0 = Comply);52,56;Not Comply
202603;TREG 2;JAKARTA OUTER;JAKSEL;KAL;create;48,00;CustomerAssign;bima_customerassign_date tersedia (durasi negatif di-clamp ke 0 = Comply);4,56;Comply
202603;TREG 4;KALSELTENG;PALANGKARAYA;PLK;migrate;24,00;CustomerAssign;bima_customerassign_date tersedia (durasi negatif di-clamp ke 0 = Comply);33,58;Not Comply
202603;TREG 4;KALTIMTARA;TARAKAN;TAJ;create;48,00;CustomerAssign;bima_customerassign_date tersedia (durasi negatif di-clamp ke 0 = Comply);9,59;Comply
202603;TREG 3;YOGYA JATENG SELATAN;PURWOREJO;PWJ;migrate;24,00;CustomerAssign;bima_customerassign_date tersedia (durasi negatif di-clamp ke 0 = Comply);124,61;Not Comply
202603;TREG 5;SULBAGSEL;MAKASSAR;BAL;create;48,00;CustomerAssign;bima_customerassign_date tersedia (durasi negatif di-clamp ke 0 = Comply);129,63;Not Comply
202603;TREG 4;KALSELTENG;BANJARMASIN;BJM;create;48,00;CustomerAssign;bima_customerassign_date tersedia (durasi negatif di-clamp ke 0 = Comply);0,00;Comply
202603;TREG 4;KALTIMTARA;SAMARINDA;LOB;migrate;24,00;CustomerAssign;bima_customerassign_date tersedia (durasi negatif di-clamp ke 0 = Comply);26,73;Not Comply
202603;TREG 2;PRIANGAN BARAT;DEPOK;SKJ;migrate;24,00;CustomerAssign;bima_customerassign_date tersedia (durasi negatif di-clamp ke 0 = Comply);74,85;Not Comply
202603;TREG 3;SURAMADU;SURABAYA UTARA;BBE;create;48,00;CustomerAssign;bima_customerassign_date tersedia (durasi negatif di-clamp ke 0 = Comply);124,86;Not Comply
202603;TREG 2;PRIANGAN BARAT;CIBINONG;TJH;migrate;24,00;CustomerAssign;bima_customerassign_date tersedia (durasi negatif di-clamp ke 0 = Comply);105,92;Not Comply
202603;TREG 3;SOLO JATENG TIMUR;SOLO;KRT;create;48,00;CustomerAssign;bima_customerassign_date tersedia (durasi negatif di-clamp ke 0 = Comply);0,00;Comply
202603;TREG 2;BEKASI KARAWANG;KARAWANG;KLI;migrate;24,00;CustomerAssign;bima_customerassign_date tersedia (durasi negatif di-clamp ke 0 = Comply);0,00;Comply
202603;TREG 2;JAKARTA CENTRUM;JAKPUS;CPP;migrate;24,00;CustomerAssign;bima_customerassign_date tersedia (durasi negatif di-clamp ke 0 = Comply);178,11;Not Comply
202603;TREG 3;SEMARANG JATENG UTARA;BATANG;BTG;migrate;24,00;CustomerAssign;bima_customerassign_date tersedia (durasi negatif di-clamp ke 0 = Comply);27,14;Not Comply
202603;TREG 2;BANDUNG;PADALARANG;BTJ;create;48,00;CustomerAssign;bima_customerassign_date tersedia (durasi negatif di-clamp ke 0 = Comply);3,17;Comply
202603;TREG 3;SURAMADU;GRESIK;CRM;create;48,00;CustomerAssign;bima_customerassign_date tersedia (durasi negatif di-clamp ke 0 = Comply);3,21;Comply
202603;TREG 2;PRIANGAN BARAT;CIBINONG;CBI;migrate;24,00;CustomerAssign;bima_customerassign_date tersedia (durasi negatif di-clamp ke 0 = Comply);77,33;Not Comply
202603;TREG 2;BEKASI KARAWANG;CIKARANG;BGG;create;48,00;CustomerAssign;bima_customerassign_date tersedia (durasi negatif di-clamp ke 0 = Comply);0,00;Comply
202603;TREG 4;BALIKPAPAN;BALIKPAPAN;BRU;migrate;24,00;CustomerAssign;bima_customerassign_date tersedia (durasi negatif di-clamp ke 0 = Comply);3,47;Comply
202603;TREG 4;KALTIMTARA;BULUNGAN BERAU;TSL;migrate;24,00;CustomerAssign;bima_customerassign_date tersedia (durasi negatif di-clamp ke 0 = Comply);27,64;Not Comply
202603;TREG 2;JAKARTA OUTER;JAKSEL;PSM;create;48,00;CustomerAssign;bima_customerassign_date tersedia (durasi negatif di-clamp ke 0 = Comply);10,64;Comply
202603;TREG 2;BANTEN;CILEGON;SAM;migrate;24,00;CustomerAssign;bima_customerassign_date tersedia (durasi negatif di-clamp ke 0 = Comply);10,65;Comply
202603;TREG 2;JAKARTA INNER;JAKBAR;CKG;create;48,00;CustomerAssign;bima_customerassign_date tersedia (durasi negatif di-clamp ke 0 = Comply);3,69;Comply
202603;TREG 3;SURAMADU;GRESIK;GSK;migrate;24,00;CustomerAssign;bima_customerassign_date tersedia (durasi negatif di-clamp ke 0 = Comply);0,00;Comply
202603;TREG 4;KALBAR;SINTANG;PUT;migrate;24,00;CustomerAssign;bima_customerassign_date tersedia (durasi negatif di-clamp ke 0 = Comply);0,00;Comply
202603;TREG 4;KALBAR;SINGKAWANG;SNW;migrate;24,00;CustomerAssign;bima_customerassign_date tersedia (durasi negatif di-clamp ke 0 = Comply);99,78;Not Comply
202603;TREG 4;KALBAR;SINTANG;PUT;migrate;24,00;CustomerAssign;bima_customerassign_date tersedia (durasi negatif di-clamp ke 0 = Comply);106,81;Not Comply
202603;TREG 2;JAKARTA OUTER;JAKSEL;PSM;create;48,00;CustomerAssign;bima_customerassign_date tersedia (durasi negatif di-clamp ke 0 = Comply);0,00;Comply
202603;TREG 4;KALBAR;SANGGAU;SGU;migrate;24,00;CustomerAssign;bima_customerassign_date tersedia (durasi negatif di-clamp ke 0 = Comply);413,83;Not Comply
202603;TREG 2;JAKARTA CENTRUM;JAKUT;TPR;create;48,00;CustomerAssign;bima_customerassign_date tersedia (durasi negatif di-clamp ke 0 = Comply);10,87;Comply
202603;TREG 2;PRIANGAN TIMUR;CIREBON;CBN;migrate;24,00;CustomerAssign;bima_customerassign_date tersedia (durasi negatif di-clamp ke 0 = Comply);0,00;Comply
202603;TREG 2;JAKARTA OUTER;JAKSEL;KAL;migrate;24,00;CustomerAssign;bima_customerassign_date tersedia (durasi negatif di-clamp ke 0 = Comply);10,93;Comply
202603;TREG 2;JAKARTA CENTRUM;JAKPUS;CPP;migrate;24,00;CustomerAssign;bima_customerassign_date tersedia (durasi negatif di-clamp ke 0 = Comply);10,97;Comply
202603;TREG 2;JAKARTA OUTER;JAKTIM;PGG;migrate;24,00;CustomerAssign;bima_customerassign_date tersedia (durasi negatif di-clamp ke 0 = Comply);10,98;Comply
202603;TREG 2;JAKARTA OUTER;JAKSEL;BIN;migrate;24,00;CustomerAssign;bima_customerassign_date tersedia (durasi negatif di-clamp ke 0 = Comply);11,04;Comply
202603;TREG 4;BALIKPAPAN;BALIKPAPAN;BRU;migrate;24,00;CustomerAssign;bima_customerassign_date tersedia (durasi negatif di-clamp ke 0 = Comply);20,08;Comply
202603;TREG 1;RIAU;RIKEP;LBJ;migrate;24,00;CustomerAssign;bima_customerassign_date tersedia (durasi negatif di-clamp ke 0 = Comply);11,08;Comply
202603;TREG 2;BEKASI KARAWANG;BEKASI;BBL;migrate;24,00;CustomerAssign;bima_customerassign_date tersedia (durasi negatif di-clamp ke 0 = Comply);11,12;Comply
202603;TREG 4;BALIKPAPAN;BALIKPAPAN;BRU;migrate;24,00;CustomerAssign;bima_customerassign_date tersedia (durasi negatif di-clamp ke 0 = Comply);140,35;Not Comply
202603;TREG 2;BANTEN;LENGKONG;LGK;migrate;24,00;CustomerAssign;bima_customerassign_date tersedia (durasi negatif di-clamp ke 0 = Comply);0,00;Comply
202603;TREG 3;JATIM TIMUR;PROBOLINGGO;PBL;migrate;24,00;CustomerAssign;bima_customerassign_date tersedia (durasi negatif di-clamp ke 0 = Comply);100,39;Not Comply
202603;TREG 2;JAKARTA INNER;JAKBAR;CKG;migrate;24,00;CustomerAssign;bima_customerassign_date tersedia (durasi negatif di-clamp ke 0 = Comply);0,00;Comply
202603;TREG 1;RIAU;RIKEP;SLU;migrate;24,00;CustomerAssign;bima_customerassign_date tersedia (durasi negatif di-clamp ke 0 = Comply);11,48;Comply
202603;TREG 5;PAPUA;SENTANI;SNI;migrate;24,00;CustomerAssign;bima_customerassign_date tersedia (durasi negatif di-clamp ke 0 = Comply);78,52;Not Comply
202603;TREG 1;RIAU;TANJUNG PINANG;TUB;migrate;24,00;CustomerAssign;bima_customerassign_date tersedia (durasi negatif di-clamp ke 0 = Comply);11,55;Comply
202603;TREG 2;BANTEN;PASAR BARU;CPD;migrate;24,00;CustomerAssign;bima_customerassign_date tersedia (durasi negatif di-clamp ke 0 = Comply);0,00;Comply
202603;TREG 2;BANTEN;CIPUTAT;CPA;migrate;24,00;CustomerAssign;bima_customerassign_date tersedia (durasi negatif di-clamp ke 0 = Comply);6,71;Comply
202603;TREG 1;SUMUT;MEDAN;SPM;migrate;24,00;CustomerAssign;bima_customerassign_date tersedia (durasi negatif di-clamp ke 0 = Comply);52,79;Not Comply
202603;TREG 2;BANDUNG;BANDUNG;GGK;create;48,00;CustomerAssign;bima_customerassign_date tersedia (durasi negatif di-clamp ke 0 = Comply);11,80;Comply
202603;TREG 3;SURAMADU;SURABAYA UTARA;KNN;migrate;24,00;CustomerAssign;bima_customerassign_date tersedia (durasi negatif di-clamp ke 0 = Comply);78,81;Not Comply
202603;TREG 2;JAKARTA OUTER;JAKSEL;JAG;migrate;24,00;CustomerAssign;bima_customerassign_date tersedia (durasi negatif di-clamp ke 0 = Comply);35,84;Not Comply
202603;TREG 1;RIAU;RIKEP;BTC;migrate;24,00;CustomerAssign;bima_customerassign_date tersedia (durasi negatif di-clamp ke 0 = Comply);6,89;Comply
202603;TREG 4;BALIKPAPAN;BALIKPAPAN;MGG;migrate;24,00;CustomerAssign;bima_customerassign_date tersedia (durasi negatif di-clamp ke 0 = Comply);0,00;Comply
202603;TREG 5;SULBAGSEL;MAKASSAR;MAT;migrate;24,00;CustomerAssign;bima_customerassign_date tersedia (durasi negatif di-clamp ke 0 = Comply);0,00;Comply
202603;TREG 1;SUMBAR JAMBI;SUMBAR;KJI;migrate;24,00;CustomerAssign;bima_customerassign_date tersedia (durasi negatif di-clamp ke 0 = Comply);223,00;Not Comply
202603;TREG 2;BANTEN;CIPUTAT;PDR;create;48,00;CustomerAssign;bima_customerassign_date tersedia (durasi negatif di-clamp ke 0 = Comply);0,00;Comply
202603;TREG 3;JATIM BARAT;NGANJUK;NJK;migrate;24,00;CustomerAssign;bima_customerassign_date tersedia (durasi negatif di-clamp ke 0 = Comply);12,08;Comply
202603;TREG 1;SUMUT;MEDAN;TTG;migrate;24,00;CustomerAssign;bima_customerassign_date tersedia (durasi negatif di-clamp ke 0 = Comply);7,16;Comply
202603;TREG 3;SOLO JATENG TIMUR;SOLO;MSO;migrate;24,00;CustomerAssign;bima_customerassign_date tersedia (durasi negatif di-clamp ke 0 = Comply);84,19;Not Comply
202603;TREG 2;JAKARTA OUTER;JAKSEL;KBY;migrate;24,00;CustomerAssign;bima_customerassign_date tersedia (durasi negatif di-clamp ke 0 = Comply);77,20;Not Comply
202603;TREG 3;SURAMADU;SURABAYA SELATAN;MYR;migrate;24,00;CustomerAssign;bima_customerassign_date tersedia (durasi negatif di-clamp ke 0 = Comply);0,00;Comply
202603;TREG 1;RIAU;TANJUNG PINANG;TPI;create;48,00;CustomerAssign;bima_customerassign_date tersedia (durasi negatif di-clamp ke 0 = Comply);7,27;Comply
202603;TREG 2;BEKASI KARAWANG;PURWAKARTA;PWK;migrate;24,00;CustomerAssign;bima_customerassign_date tersedia (durasi negatif di-clamp ke 0 = Comply);125,34;Not Comply
202603;TREG 3;SURAMADU;SURABAYA SELATAN;MYR;migrate;24,00;CustomerAssign;bima_customerassign_date tersedia (durasi negatif di-clamp ke 0 = Comply);12,39;Comply
202603;TREG 3;SURAMADU;SURABAYA SELATAN;WRU;migrate;24,00;CustomerAssign;bima_customerassign_date tersedia (durasi negatif di-clamp ke 0 = Comply);0,00;Comply
202603;TREG 1;SUMUT;KISARAN;KIS;migrate;24,00;CustomerAssign;bima_customerassign_date tersedia (durasi negatif di-clamp ke 0 = Comply);0,00;Comply
202603;TREG 3;BALI;DENPASAR CENTRUM;KLM;migrate;24,00;CustomerAssign;bima_customerassign_date tersedia (durasi negatif di-clamp ke 0 = Comply);0,00;Comply
202603;TREG 1;SUMUT;KISARAN;TJB;migrate;24,00;CustomerAssign;bima_customerassign_date tersedia (durasi negatif di-clamp ke 0 = Comply);53,50;Not Comply
202603;TREG 2;JAKARTA OUTER;JAKSEL;JAG;migrate;24,00;CustomerAssign;bima_customerassign_date tersedia (durasi negatif di-clamp ke 0 = Comply);0,00;Comply
202603;TREG 2;JAKARTA INNER;JAKBAR;MRY;migrate;24,00;CustomerAssign;bima_customerassign_date tersedia (durasi negatif di-clamp ke 0 = Comply);564,55;Not Comply
202603;TREG 3;JATIM TIMUR;SIDOARJO;SPJ;migrate;24,00;CustomerAssign;bima_customerassign_date tersedia (durasi negatif di-clamp ke 0 = Comply);0,00;Comply
202603;TREG 2;JAKARTA INNER;JAKBAR;CKG;migrate;24,00;CustomerAssign;bima_customerassign_date tersedia (durasi negatif di-clamp ke 0 = Comply);0,00;Comply
202603;TREG 2;PRIANGAN BARAT;CIBINONG;CBI;create;48,00;CustomerAssign;bima_customerassign_date tersedia (durasi negatif di-clamp ke 0 = Comply);7,63;Comply
202603;TREG 3;JATIM TIMUR;SIDOARJO;SPJ;migrate;24,00;CustomerAssign;bima_customerassign_date tersedia (durasi negatif di-clamp ke 0 = Comply);0,00;Comply
202603;TREG 1;SUMUT;MEDAN;SPM;migrate;24,00;CustomerAssign;bima_customerassign_date tersedia (durasi negatif di-clamp ke 0 = Comply);79,66;Not Comply
202603;TREG 2;PRIANGAN TIMUR;TASIKMALAYA;TSM;migrate;24,00;CustomerAssign;bima_customerassign_date tersedia (durasi negatif di-clamp ke 0 = Comply);127,70;Not Comply
202603;TREG 3;JATIM TIMUR;MOJOKERTO;MRT;migrate;24,00;CustomerAssign;bima_customerassign_date tersedia (durasi negatif di-clamp ke 0 = Comply);5,73;Comply
202603;TREG 2;BANDUNG;BANDUNG;LBG;create;48,00;CustomerAssign;bima_customerassign_date tersedia (durasi negatif di-clamp ke 0 = Comply);0,00;Comply
202603;TREG 2;BANTEN;CIPUTAT;PDR;create;48,00;CustomerAssign;bima_customerassign_date tersedia (durasi negatif di-clamp ke 0 = Comply);5,78;Comply
202603;TREG 1;RIAU;BANGKINANG;ARK;migrate;24,00;CustomerAssign;bima_customerassign_date tersedia (durasi negatif di-clamp ke 0 = Comply);0,00;Comply
202603;TREG 2;JAKARTA OUTER;JAKTIM;GAN;migrate;24,00;CustomerAssign;bima_customerassign_date tersedia (durasi negatif di-clamp ke 0 = Comply);12,92;Comply
202603;TREG 2;JAKARTA OUTER;JAKSEL;BIN;create;48,00;CustomerAssign;bima_customerassign_date tersedia (durasi negatif di-clamp ke 0 = Comply);5,95;Comply
202603;TREG 2;JAKARTA OUTER;JAKTIM;PGG;migrate;24,00;CustomerAssign;bima_customerassign_date tersedia (durasi negatif di-clamp ke 0 = Comply);127,98;Not Comply
202603;TREG 2;BEKASI KARAWANG;BEKASI;PKY;migrate;24,00;CustomerAssign;bima_customerassign_date tersedia (durasi negatif di-clamp ke 0 = Comply);30,02;Not Comply
202603;TREG 2;BEKASI KARAWANG;BEKASI;PKY;migrate;24,00;CustomerAssign;bima_customerassign_date tersedia (durasi negatif di-clamp ke 0 = Comply);13,10;Comply
202603;TREG 2;JAKARTA CENTRUM;JAKUT;TPR;migrate;24,00;CustomerAssign;bima_customerassign_date tersedia (durasi negatif di-clamp ke 0 = Comply);0,00;Comply
202603;TREG 2;BANTEN;LENGKONG;LGK;migrate;24,00;CustomerAssign;bima_customerassign_date tersedia (durasi negatif di-clamp ke 0 = Comply);0,00;Comply
202603;TREG 3;JATIM TIMUR;TANGGUL;TGU;migrate;24,00;CustomerAssign;bima_customerassign_date tersedia (durasi negatif di-clamp ke 0 = Comply);0,00;Comply
202603;TREG 3;SURAMADU;SURABAYA UTARA;TNS;migrate;24,00;CustomerAssign;bima_customerassign_date tersedia (durasi negatif di-clamp ke 0 = Comply);32,33;Not Comply
202603;TREG 3;JATIM BARAT;KEDIRI;KDI;migrate;24,00;CustomerAssign;bima_customerassign_date tersedia (durasi negatif di-clamp ke 0 = Comply);37,50;Not Comply
202603;TREG 2;PRIANGAN TIMUR;INDRAMAYU;PTR;create;48,00;CustomerAssign;bima_customerassign_date tersedia (durasi negatif di-clamp ke 0 = Comply);0,00;Comply
202603;TREG 3;JATIM TIMUR;SIDOARJO;SDN;migrate;24,00;CustomerAssign;bima_customerassign_date tersedia (durasi negatif di-clamp ke 0 = Comply);0,00;Comply
202603;TREG 2;JAKARTA INNER;JAKBAR;TGA;migrate;24,00;CustomerAssign;bima_customerassign_date tersedia (durasi negatif di-clamp ke 0 = Comply);0,00;Comply
202603;TREG 1;RIAU;RIKEP;DGS;migrate;24,00;CustomerAssign;bima_customerassign_date tersedia (durasi negatif di-clamp ke 0 = Comply);0,00;Comply
202603;TREG 3;JATIM TIMUR;JEMBER;KBS;migrate;24,00;CustomerAssign;bima_customerassign_date tersedia (durasi negatif di-clamp ke 0 = Comply);0,00;Comply
202603;TREG 1;ACEH;MEULABOH;MBO;create;48,00;CustomerAssign;bima_customerassign_date tersedia (durasi negatif di-clamp ke 0 = Comply);37,84;Comply
202603;TREG 2;BANTEN;CIPUTAT;PDR;migrate;24,00;CustomerAssign;bima_customerassign_date tersedia (durasi negatif di-clamp ke 0 = Comply);1.573,89;Not Comply
202603;TREG 2;BANTEN;CIPUTAT;CPA;migrate;24,00;CustomerAssign;bima_customerassign_date tersedia (durasi negatif di-clamp ke 0 = Comply);37,95;Not Comply
202603;TREG 2;JAKARTA OUTER;JAKTIM;GAN;migrate;24,00;CustomerAssign;bima_customerassign_date tersedia (durasi negatif di-clamp ke 0 = Comply);14,00;Comply
202603;TREG 1;SUMBAR JAMBI;SOLOK;SJJ;migrate;24,00;CustomerAssign;bima_customerassign_date tersedia (durasi negatif di-clamp ke 0 = Comply);0,00;Comply
202603;TREG 1;RIAU;BANGKINANG;BKN;migrate;24,00;CustomerAssign;bima_customerassign_date tersedia (durasi negatif di-clamp ke 0 = Comply);86,30;Not Comply
202603;TREG 3;BALI;SINGARAJA;SGR;create;48,00;CustomerAssign;bima_customerassign_date tersedia (durasi negatif di-clamp ke 0 = Comply);151,38;Not Comply
202603;TREG 1;RIAU;RIKEP;SKN;create;48,00;CustomerAssign;bima_customerassign_date tersedia (durasi negatif di-clamp ke 0 = Comply);0,00;Comply
202603;TREG 2;BEKASI KARAWANG;BEKASI;TAR;migrate;24,00;CustomerAssign;bima_customerassign_date tersedia (durasi negatif di-clamp ke 0 = Comply);14,87;Comply
202603;TREG 2;JAKARTA CENTRUM;JAKPUS;CPP;migrate;24,00;CustomerAssign;bima_customerassign_date tersedia (durasi negatif di-clamp ke 0 = Comply);31,87;Not Comply
202603;TREG 2;BANTEN;PASAR BARU;GDS;create;48,00;CustomerAssign;bima_customerassign_date tersedia (durasi negatif di-clamp ke 0 = Comply);0,00;Comply
202603;TREG 1;RIAU;BANGKINANG;RBI;migrate;24,00;CustomerAssign;bima_customerassign_date tersedia (durasi negatif di-clamp ke 0 = Comply);255,09;Not Comply
202603;TREG 1;RIAU;RIKEP;NGS;create;48,00;CustomerAssign;bima_customerassign_date tersedia (durasi negatif di-clamp ke 0 = Comply);15,37;Comply
202603;TREG 1;SUMUT;SUMUT;PMS;migrate;24,00;CustomerAssign;bima_customerassign_date tersedia (durasi negatif di-clamp ke 0 = Comply);15,90;Comply
202603;TREG 2;JAKARTA OUTER;JAKTIM;PGB;migrate;24,00;CustomerAssign;bima_customerassign_date tersedia (durasi negatif di-clamp ke 0 = Comply);39,95;Not Comply
