Periode;tsel_area;tsel_regional;tsel_branch;sto;Order_Type;SLA_Threshold_Hours;reference_for_counting;reason_of_reference;Duration_Hours;SLA_Status
202605;TREG 2;BANTEN;CIPUTAT;CPA;migrate;24,00;CustomerAssign;bima_customerassign_date tersedia (durasi negatif di-clamp ke 0 = Comply);32,45;Not Comply
202605;TREG 3;BALI;DENPASAR SELATAN;JBR;migrate;24,00;CustomerAssign;bima_customerassign_date tersedia (durasi negatif di-clamp ke 0 = Comply);32,45;Not Comply
202605;TREG 2;PRIANGAN BARAT;DEPOK;SKJ;migrate;24,00;CustomerAssign;bima_customerassign_date tersedia (durasi negatif di-clamp ke 0 = Comply);75,45;Not Comply
202605;TREG 3;JATIM BARAT;MALANG;TMP;migrate;24,00;CustomerAssign;bima_customerassign_date tersedia (durasi negatif di-clamp ke 0 = Comply);49,46;Not Comply
202605;TREG 3;SURAMADU;GRESIK;GSK;migrate;24,00;CustomerAssign;bima_customerassign_date tersedia (durasi negatif di-clamp ke 0 = Comply);25,48;Not Comply
202605;TREG 3;JATIM BARAT;MALANG;BLB;migrate;24,00;CustomerAssign;bima_customerassign_date tersedia (durasi negatif di-clamp ke 0 = Comply);56,50;Not Comply
202605;TREG 2;BANDUNG;BANDUNG;GGK;create;48,00;CustomerAssign;bima_customerassign_date tersedia (durasi negatif di-clamp ke 0 = Comply);27,50;Comply
202605;TREG 2;JAKARTA INNER;JAKBAR;PLM;migrate;24,00;CustomerAssign;bima_customerassign_date tersedia (durasi negatif di-clamp ke 0 = Comply);27,53;Not Comply
202605;TREG 4;KALSELTENG;MUARA TEWEH;BNT;migrate;24,00;CustomerAssign;bima_customerassign_date tersedia (durasi negatif di-clamp ke 0 = Comply);25,54;Not Comply
202605;TREG 2;PRIANGAN TIMUR;TASIKMALAYA;TSM;migrate;24,00;CustomerAssign;bima_customerassign_date tersedia (durasi negatif di-clamp ke 0 = Comply);56,54;Not Comply
202605;TREG 4;KALSELTENG;PALANGKARAYA;PLK;migrate;24,00;CustomerAssign;bima_customerassign_date tersedia (durasi negatif di-clamp ke 0 = Comply);0,00;Comply
202605;TREG 5;SULBAGSEL;SITOR;RTP;create;48,00;CustomerAssign;bima_customerassign_date tersedia (durasi negatif di-clamp ke 0 = Comply);147,56;Not Comply
202605;TREG 2;BANTEN;CIPUTAT;CPA;migrate;24,00;CustomerAssign;bima_customerassign_date tersedia (durasi negatif di-clamp ke 0 = Comply);0,00;Comply
202605;TREG 2;BANTEN;PASAR BARU;TAN;migrate;24,00;CustomerAssign;bima_customerassign_date tersedia (durasi negatif di-clamp ke 0 = Comply);27,57;Not Comply
202605;TREG 3;NUSA TENGGARA;NTB;MTR;migrate;24,00;CustomerAssign;bima_customerassign_date tersedia (durasi negatif di-clamp ke 0 = Comply);27,59;Not Comply
202605;TREG 4;KALSELTENG;TANJUNG TABALONG;TJL;migrate;24,00;CustomerAssign;bima_customerassign_date tersedia (durasi negatif di-clamp ke 0 = Comply);0,00;Comply
202605;TREG 4;KALTIMTARA;BONTANG;LKT;create;48,00;CustomerAssign;bima_customerassign_date tersedia (durasi negatif di-clamp ke 0 = Comply);0,00;Comply
202605;TREG 2;JAKARTA CENTRUM;JAKPUS;CID;migrate;24,00;CustomerAssign;bima_customerassign_date tersedia (durasi negatif di-clamp ke 0 = Comply);27,62;Not Comply
202605;TREG 5;SULBAGSEL;KOLAKA;KKA;migrate;24,00;CustomerAssign;bima_customerassign_date tersedia (durasi negatif di-clamp ke 0 = Comply);75,64;Not Comply
202605;TREG 4;BALIKPAPAN;BALIKPAPAN;BAM;migrate;24,00;CustomerAssign;bima_customerassign_date tersedia (durasi negatif di-clamp ke 0 = Comply);3,65;Comply
202605;TREG 5;SULBAGSEL;SITOR;RTP;migrate;24,00;CustomerAssign;bima_customerassign_date tersedia (durasi negatif di-clamp ke 0 = Comply);0,00;Comply
202605;TREG 2;BANDUNG;BANDUNG;GGK;create;48,00;CustomerAssign;bima_customerassign_date tersedia (durasi negatif di-clamp ke 0 = Comply);8,65;Comply
202605;TREG 2;PRIANGAN BARAT;KUJANG;SPL;create;48,00;CustomerAssign;bima_customerassign_date tersedia (durasi negatif di-clamp ke 0 = Comply);3,66;Comply
202605;TREG 2;BANDUNG;SUMEDANG;UBR;migrate;24,00;CustomerAssign;bima_customerassign_date tersedia (durasi negatif di-clamp ke 0 = Comply);8,66;Comply
202605;TREG 4;KALTIMTARA;SAMARINDA;LOB;migrate;24,00;CustomerAssign;bima_customerassign_date tersedia (durasi negatif di-clamp ke 0 = Comply);27,67;Not Comply
202605;TREG 1;RIAU;TANJUNGBALAI KARIMUN;TBK;migrate;24,00;CustomerAssign;bima_customerassign_date tersedia (durasi negatif di-clamp ke 0 = Comply);0,00;Comply
202605;TREG 2;JAKARTA OUTER;JAKTIM;JTN;migrate;24,00;CustomerAssign;bima_customerassign_date tersedia (durasi negatif di-clamp ke 0 = Comply);0,00;Comply
202605;TREG 2;BANTEN;LENGKONG;LKG;create;48,00;CustomerAssign;bima_customerassign_date tersedia (durasi negatif di-clamp ke 0 = Comply);0,00;Comply
202605;TREG 3;SURAMADU;SURABAYA UTARA;TNS;migrate;24,00;CustomerAssign;bima_customerassign_date tersedia (durasi negatif di-clamp ke 0 = Comply);8,69;Comply
202605;TREG 3;JATIM TIMUR;PASURUAN;PSN;migrate;24,00;CustomerAssign;bima_customerassign_date tersedia (durasi negatif di-clamp ke 0 = Comply);1,69;Comply
202605;TREG 2;JAKARTA OUTER;JAKTIM;PGG;migrate;24,00;CustomerAssign;bima_customerassign_date tersedia (durasi negatif di-clamp ke 0 = Comply);0,00;Comply
202605;TREG 3;JATIM BARAT;MALANG;KLJ;create;48,00;CustomerAssign;bima_customerassign_date tersedia (durasi negatif di-clamp ke 0 = Comply);8,71;Comply
202605;TREG 3;SURAMADU;SURABAYA UTARA;KBL;migrate;24,00;CustomerAssign;bima_customerassign_date tersedia (durasi negatif di-clamp ke 0 = Comply);3,72;Comply
202605;TREG 4;KALSELTENG;SAMPIT;SAI;migrate;24,00;CustomerAssign;bima_customerassign_date tersedia (durasi negatif di-clamp ke 0 = Comply);0,00;Comply
202605;TREG 2;PRIANGAN BARAT;CIANJUR;CJR;migrate;24,00;CustomerAssign;bima_customerassign_date tersedia (durasi negatif di-clamp ke 0 = Comply);361,72;Not Comply
202605;TREG 3;SURAMADU;SURABAYA UTARA;MGO;create;48,00;CustomerAssign;bima_customerassign_date tersedia (durasi negatif di-clamp ke 0 = Comply);75,72;Not Comply
202605;TREG 1;SUMUT;MEDAN;MDC;migrate;24,00;CustomerAssign;bima_customerassign_date tersedia (durasi negatif di-clamp ke 0 = Comply);0,00;Comply
202605;TREG 1;LAMPUNG BENGKULU;METRO;MET;create;48,00;CustomerAssign;bima_customerassign_date tersedia (durasi negatif di-clamp ke 0 = Comply);0,00;Comply
202605;TREG 5;PAPUA;ABEPURA;ABE;create;48,00;CustomerAssign;bima_customerassign_date tersedia (durasi negatif di-clamp ke 0 = Comply);8,73;Comply
202605;TREG 1;SUMBAGSEL;SUMSEL;SBU;create;48,00;CustomerAssign;bima_customerassign_date tersedia (durasi negatif di-clamp ke 0 = Comply);8,73;Comply
202605;TREG 3;SEMARANG JATENG UTARA;UNGARAN;UNR;create;48,00;CustomerAssign;bima_customerassign_date tersedia (durasi negatif di-clamp ke 0 = Comply);0,00;Comply
202605;TREG 4;KALBAR;PONTIANAK;PTK;create;48,00;CustomerAssign;bima_customerassign_date tersedia (durasi negatif di-clamp ke 0 = Comply);51,74;Not Comply
202605;TREG 2;BANTEN;CIPUTAT;CPA;create;48,00;CustomerAssign;bima_customerassign_date tersedia (durasi negatif di-clamp ke 0 = Comply);0,00;Comply
202605;TREG 2;JAKARTA CENTRUM;JAKPUS;CID;migrate;24,00;CustomerAssign;bima_customerassign_date tersedia (durasi negatif di-clamp ke 0 = Comply);1,74;Comply
202605;TREG 3;NUSA TENGGARA;NTB;MTR;migrate;24,00;CustomerAssign;bima_customerassign_date tersedia (durasi negatif di-clamp ke 0 = Comply);0,00;Comply
202605;TREG 4;KALSELTENG;BATULICIN;STI;create;48,00;CustomerAssign;bima_customerassign_date tersedia (durasi negatif di-clamp ke 0 = Comply);0,00;Comply
202605;TREG 2;BANTEN;CIPUTAT;CLD;create;48,00;CustomerAssign;bima_customerassign_date tersedia (durasi negatif di-clamp ke 0 = Comply);3,75;Comply
202605;TREG 2;JAKARTA CENTRUM;JAKUT;CIL;create;48,00;CustomerAssign;bima_customerassign_date tersedia (durasi negatif di-clamp ke 0 = Comply);1,75;Comply
202605;TREG 2;JAKARTA OUTER;JAKTIM;CWA;migrate;24,00;CustomerAssign;bima_customerassign_date tersedia (durasi negatif di-clamp ke 0 = Comply);8,75;Comply
202605;TREG 4;KALSELTENG;BANJARBARU;LUL;migrate;24,00;CustomerAssign;bima_customerassign_date tersedia (durasi negatif di-clamp ke 0 = Comply);0,00;Comply
202605;TREG 2;JAKARTA OUTER;JAKSEL;CPE;migrate;24,00;CustomerAssign;bima_customerassign_date tersedia (durasi negatif di-clamp ke 0 = Comply);1,76;Comply
202605;TREG 4;BALIKPAPAN;BALIKPAPAN;BRU;migrate;24,00;CustomerAssign;bima_customerassign_date tersedia (durasi negatif di-clamp ke 0 = Comply);152,76;Not Comply
202605;TREG 2;BANTEN;LENGKONG;LGK;migrate;24,00;CustomerAssign;bima_customerassign_date tersedia (durasi negatif di-clamp ke 0 = Comply);0,00;Comply
202605;TREG 1;SUMUT;MEDAN;CTD;migrate;24,00;CustomerAssign;bima_customerassign_date tersedia (durasi negatif di-clamp ke 0 = Comply);0,00;Comply
202605;TREG 3;JATIM TIMUR;BANYUWANGI;BWG;create;48,00;CustomerAssign;bima_customerassign_date tersedia (durasi negatif di-clamp ke 0 = Comply);3,77;Comply
202605;TREG 2;BANTEN;PASAR BARU;CPD;create;48,00;CustomerAssign;bima_customerassign_date tersedia (durasi negatif di-clamp ke 0 = Comply);8,77;Comply
202605;TREG 4;KALSELTENG;SAMPIT;SAI;migrate;24,00;CustomerAssign;bima_customerassign_date tersedia (durasi negatif di-clamp ke 0 = Comply);0,00;Comply
202605;TREG 1;SUMBAGSEL;SUMSEL;SRO;create;48,00;CustomerAssign;bima_customerassign_date tersedia (durasi negatif di-clamp ke 0 = Comply);3,79;Comply
202605;TREG 3;YOGYA JATENG SELATAN;PURWOKERTO;PWT;create;48,00;CustomerAssign;bima_customerassign_date tersedia (durasi negatif di-clamp ke 0 = Comply);0,00;Comply
202605;TREG 4;KALBAR;PONTIANAK;PTK;migrate;24,00;CustomerAssign;bima_customerassign_date tersedia (durasi negatif di-clamp ke 0 = Comply);0,00;Comply
202605;TREG 1;RIAU;RIKEP;SLU;migrate;24,00;CustomerAssign;bima_customerassign_date tersedia (durasi negatif di-clamp ke 0 = Comply);25,81;Not Comply
202605;TREG 2;BEKASI KARAWANG;KARAWANG;KLI;migrate;24,00;CustomerAssign;bima_customerassign_date tersedia (durasi negatif di-clamp ke 0 = Comply);3,81;Comply
202605;TREG 2;PRIANGAN BARAT;SENTUL;KHL;create;48,00;CustomerAssign;bima_customerassign_date tersedia (durasi negatif di-clamp ke 0 = Comply);27,81;Comply
202605;TREG 4;BALIKPAPAN;BALIKPAPAN;BRU;create;48,00;CustomerAssign;bima_customerassign_date tersedia (durasi negatif di-clamp ke 0 = Comply);75,82;Not Comply
202605;TREG 2;JAKARTA CENTRUM;JAKUT;TPR;migrate;24,00;CustomerAssign;bima_customerassign_date tersedia (durasi negatif di-clamp ke 0 = Comply);0,00;Comply
202605;TREG 3;JATIM TIMUR;SIDOARJO;GDA;create;48,00;CustomerAssign;bima_customerassign_date tersedia (durasi negatif di-clamp ke 0 = Comply);0,00;Comply
202605;TREG 3;YOGYA JATENG SELATAN;KEBUMEN;KBM;migrate;24,00;CustomerAssign;bima_customerassign_date tersedia (durasi negatif di-clamp ke 0 = Comply);0,00;Comply
202605;TREG 3;SURAMADU;SURABAYA UTARA;KNN;migrate;24,00;CustomerAssign;bima_customerassign_date tersedia (durasi negatif di-clamp ke 0 = Comply);0,00;Comply
202605;TREG 2;JAKARTA OUTER;JAKTIM;KLD;create;48,00;CustomerAssign;bima_customerassign_date tersedia (durasi negatif di-clamp ke 0 = Comply);3,84;Comply
202605;TREG 2;JAKARTA OUTER;JAKSEL;CPE;migrate;24,00;CustomerAssign;bima_customerassign_date tersedia (durasi negatif di-clamp ke 0 = Comply);121,85;Not Comply
202605;TREG 1;SUMUT;MEDAN;SPM;migrate;24,00;CustomerAssign;bima_customerassign_date tersedia (durasi negatif di-clamp ke 0 = Comply);97,85;Not Comply
202605;TREG 3;SURAMADU;SURABAYA SELATAN;JGR;migrate;24,00;CustomerAssign;bima_customerassign_date tersedia (durasi negatif di-clamp ke 0 = Comply);25,86;Not Comply
202605;TREG 3;SURAMADU;SURABAYA SELATAN;DMO;migrate;24,00;CustomerAssign;bima_customerassign_date tersedia (durasi negatif di-clamp ke 0 = Comply);0,00;Comply
202605;TREG 2;JAKARTA OUTER;JAKSEL;KAL;migrate;24,00;CustomerAssign;bima_customerassign_date tersedia (durasi negatif di-clamp ke 0 = Comply);0,00;Comply
202605;TREG 3;SURAMADU;SURABAYA UTARA;MGO;migrate;24,00;CustomerAssign;bima_customerassign_date tersedia (durasi negatif di-clamp ke 0 = Comply);0,00;Comply
202605;TREG 2;PRIANGAN BARAT;DEPOK;DEP;create;48,00;CustomerAssign;bima_customerassign_date tersedia (durasi negatif di-clamp ke 0 = Comply);0,00;Comply
202605;TREG 4;KALSELTENG;PALANGKARAYA;PLK;migrate;24,00;CustomerAssign;bima_customerassign_date tersedia (durasi negatif di-clamp ke 0 = Comply);0,00;Comply
202605;TREG 3;SEMARANG JATENG UTARA;SEMARANG;JHR;migrate;24,00;CustomerAssign;bima_customerassign_date tersedia (durasi negatif di-clamp ke 0 = Comply);0,00;Comply
202605;TREG 4;KALBAR;PONTIANAK;PTK;migrate;24,00;CustomerAssign;bima_customerassign_date tersedia (durasi negatif di-clamp ke 0 = Comply);0,00;Comply
202605;TREG 2;JAKARTA OUTER;JAKSEL;BIN;create;48,00;CustomerAssign;bima_customerassign_date tersedia (durasi negatif di-clamp ke 0 = Comply);25,95;Comply
202605;TREG 3;BALI;GIANYAR;UBU;migrate;24,00;CustomerAssign;bima_customerassign_date tersedia (durasi negatif di-clamp ke 0 = Comply);267,96;Not Comply
202605;TREG 4;KALSELTENG;TANJUNG TABALONG;TJL;migrate;24,00;CustomerAssign;bima_customerassign_date tersedia (durasi negatif di-clamp ke 0 = Comply);26,01;Not Comply
202605;TREG 3;JATIM BARAT;TUBAN;TNZ;migrate;24,00;CustomerAssign;bima_customerassign_date tersedia (durasi negatif di-clamp ke 0 = Comply);0,00;Comply
202605;TREG 3;YOGYA JATENG SELATAN;SLEMAN;SMN;create;48,00;CustomerAssign;bima_customerassign_date tersedia (durasi negatif di-clamp ke 0 = Comply);1,02;Comply
202605;TREG 4;KALSELTENG;TANJUNG TABALONG;PGN;migrate;24,00;CustomerAssign;bima_customerassign_date tersedia (durasi negatif di-clamp ke 0 = Comply);0,00;Comply
202605;TREG 2;PRIANGAN BARAT;SENTUL;CRI;migrate;24,00;CustomerAssign;bima_customerassign_date tersedia (durasi negatif di-clamp ke 0 = Comply);0,00;Comply
202605;TREG 3;BALI;DENPASAR UTARA;UBN;migrate;24,00;CustomerAssign;bima_customerassign_date tersedia (durasi negatif di-clamp ke 0 = Comply);50,05;Not Comply
202605;TREG 3;SURAMADU;SURABAYA SELATAN;WRU;create;48,00;CustomerAssign;bima_customerassign_date tersedia (durasi negatif di-clamp ke 0 = Comply);9,08;Comply
202605;TREG 3;BALI;GIANYAR;GIN;migrate;24,00;CustomerAssign;bima_customerassign_date tersedia (durasi negatif di-clamp ke 0 = Comply);9,10;Comply
202605;TREG 2;BEKASI KARAWANG;KARAWANG;TLJ;migrate;24,00;CustomerAssign;bima_customerassign_date tersedia (durasi negatif di-clamp ke 0 = Comply);33,12;Not Comply
202605;TREG 3;JATIM TIMUR;SIDOARJO;SPJ;create;48,00;CustomerAssign;bima_customerassign_date tersedia (durasi negatif di-clamp ke 0 = Comply);0,00;Comply
202605;TREG 2;BANDUNG;BANDUNG BARAT;RJW;migrate;24,00;CustomerAssign;bima_customerassign_date tersedia (durasi negatif di-clamp ke 0 = Comply);0,00;Comply
202605;TREG 1;SUMUT;KISARAN;KIS;create;48,00;CustomerAssign;bima_customerassign_date tersedia (durasi negatif di-clamp ke 0 = Comply);0,00;Comply
202605;TREG 4;KALBAR;SINTANG;STG;migrate;24,00;CustomerAssign;bima_customerassign_date tersedia (durasi negatif di-clamp ke 0 = Comply);50,17;Not Comply
202605;TREG 3;SURAMADU;SURABAYA SELATAN;JGR;create;48,00;CustomerAssign;bima_customerassign_date tersedia (durasi negatif di-clamp ke 0 = Comply);52,18;Not Comply
202605;TREG 2;JAKARTA CENTRUM;JAKUT;MKR;migrate;24,00;CustomerAssign;bima_customerassign_date tersedia (durasi negatif di-clamp ke 0 = Comply);28,20;Not Comply
202605;TREG 1;SUMBAR JAMBI;SUMBAR;ULK;create;48,00;CustomerAssign;bima_customerassign_date tersedia (durasi negatif di-clamp ke 0 = Comply);0,00;Comply
202605;TREG 4;KALTIMTARA;SAMARINDA;SMR;migrate;24,00;CustomerAssign;bima_customerassign_date tersedia (durasi negatif di-clamp ke 0 = Comply);4,27;Comply
202605;TREG 2;JAKARTA OUTER;JAKSEL;BIN;migrate;24,00;CustomerAssign;bima_customerassign_date tersedia (durasi negatif di-clamp ke 0 = Comply);0,00;Comply
202605;TREG 3;SURAMADU;SURABAYA UTARA;KNN;migrate;24,00;CustomerAssign;bima_customerassign_date tersedia (durasi negatif di-clamp ke 0 = Comply);2,32;Comply
202605;TREG 1;RIAU;DUMAI;SGP;migrate;24,00;CustomerAssign;bima_customerassign_date tersedia (durasi negatif di-clamp ke 0 = Comply);0,00;Comply
202605;TREG 2;BEKASI KARAWANG;BEKASI;PKY;create;48,00;CustomerAssign;bima_customerassign_date tersedia (durasi negatif di-clamp ke 0 = Comply);81,36;Not Comply
202605;TREG 4;KALSELTENG;BANJARMASIN;ULI;migrate;24,00;CustomerAssign;bima_customerassign_date tersedia (durasi negatif di-clamp ke 0 = Comply);9,39;Comply
202605;TREG 2;JAKARTA OUTER;JAKTIM;PGG;migrate;24,00;CustomerAssign;bima_customerassign_date tersedia (durasi negatif di-clamp ke 0 = Comply);4,39;Comply
202605;TREG 2;BANTEN;BANTEN;SEG;migrate;24,00;CustomerAssign;bima_customerassign_date tersedia (durasi negatif di-clamp ke 0 = Comply);0,00;Comply
202605;TREG 3;JATIM TIMUR;JEMBER;KBS;migrate;24,00;CustomerAssign;bima_customerassign_date tersedia (durasi negatif di-clamp ke 0 = Comply);0,00;Comply
202605;TREG 2;BANDUNG;SUMEDANG;UBR;create;48,00;CustomerAssign;bima_customerassign_date tersedia (durasi negatif di-clamp ke 0 = Comply);0,00;Comply
202605;TREG 1;SUMUT;MEDAN;TJM;migrate;24,00;CustomerAssign;bima_customerassign_date tersedia (durasi negatif di-clamp ke 0 = Comply);0,00;Comply
202605;TREG 4;KALSELTENG;SAMPIT;SAI;migrate;24,00;CustomerAssign;bima_customerassign_date tersedia (durasi negatif di-clamp ke 0 = Comply);0,00;Comply
202605;TREG 2;JAKARTA CENTRUM;JAKPUS;KMY;create;48,00;CustomerAssign;bima_customerassign_date tersedia (durasi negatif di-clamp ke 0 = Comply);0,00;Comply
202605;TREG 3;SURAMADU;SURABAYA UTARA;TNS;create;48,00;CustomerAssign;bima_customerassign_date tersedia (durasi negatif di-clamp ke 0 = Comply);2,75;Comply
202605;TREG 5;SULBAGSEL;MAKASSAR;PNK;migrate;24,00;CustomerAssign;bima_customerassign_date tersedia (durasi negatif di-clamp ke 0 = Comply);33,76;Not Comply
202605;TREG 3;SURAMADU;SURABAYA SELATAN;JGR;create;48,00;CustomerAssign;bima_customerassign_date tersedia (durasi negatif di-clamp ke 0 = Comply);0,00;Comply
202605;TREG 3;JATIM BARAT;TUBAN;RGL;migrate;24,00;CustomerAssign;bima_customerassign_date tersedia (durasi negatif di-clamp ke 0 = Comply);50,83;Not Comply
202605;TREG 2;JAKARTA OUTER;JAKSEL;KAL;migrate;24,00;CustomerAssign;bima_customerassign_date tersedia (durasi negatif di-clamp ke 0 = Comply);4,93;Comply
202605;TREG 1;SUMUT;SUMUT;PMS;create;48,00;CustomerAssign;bima_customerassign_date tersedia (durasi negatif di-clamp ke 0 = Comply);5,01;Comply
202605;TREG 3;BALI;DENPASAR UTARA;UBN;migrate;24,00;CustomerAssign;bima_customerassign_date tersedia (durasi negatif di-clamp ke 0 = Comply);5,14;Comply
202605;TREG 2;JAKARTA OUTER;JAKSEL;KBY;migrate;24,00;CustomerAssign;bima_customerassign_date tersedia (durasi negatif di-clamp ke 0 = Comply);3,17;Comply
202605;TREG 2;JAKARTA CENTRUM;JAKUT;KTZ;migrate;24,00;CustomerAssign;bima_customerassign_date tersedia (durasi negatif di-clamp ke 0 = Comply);10,33;Comply
202605;TREG 1;RIAU;RIDAR;BKR;migrate;24,00;CustomerAssign;bima_customerassign_date tersedia (durasi negatif di-clamp ke 0 = Comply);0,00;Comply
202605;TREG 2;PRIANGAN BARAT;KUJANG;DMG;create;48,00;CustomerAssign;bima_customerassign_date tersedia (durasi negatif di-clamp ke 0 = Comply);10,42;Comply
202605;TREG 3;BALI;DENPASAR UTARA;UBN;migrate;24,00;CustomerAssign;bima_customerassign_date tersedia (durasi negatif di-clamp ke 0 = Comply);27,44;Not Comply
202605;TREG 5;SULBAGTENG;GORONTALO;TLG;migrate;24,00;CustomerAssign;bima_customerassign_date tersedia (durasi negatif di-clamp ke 0 = Comply);27,47;Not Comply
202605;TREG 2;BANTEN;CIPUTAT;CLD;migrate;24,00;CustomerAssign;bima_customerassign_date tersedia (durasi negatif di-clamp ke 0 = Comply);3,54;Comply
202605;TREG 2;BANDUNG;SUMEDANG;CJA;migrate;24,00;CustomerAssign;bima_customerassign_date tersedia (durasi negatif di-clamp ke 0 = Comply);29,62;Not Comply
202605;TREG 2;BEKASI KARAWANG;CIKARANG;BGG;migrate;24,00;CustomerAssign;bima_customerassign_date tersedia (durasi negatif di-clamp ke 0 = Comply);5,71;Comply
202605;TREG 2;BEKASI KARAWANG;BEKASI;BEK;migrate;24,00;CustomerAssign;bima_customerassign_date tersedia (durasi negatif di-clamp ke 0 = Comply);0,00;Comply
202605;TREG 4;KALSELTENG;BANJARMASIN;BJM;migrate;24,00;CustomerAssign;bima_customerassign_date tersedia (durasi negatif di-clamp ke 0 = Comply);27,87;Not Comply
202605;TREG 2;BANTEN;CIKUPA;CKA;migrate;24,00;CustomerAssign;bima_customerassign_date tersedia (durasi negatif di-clamp ke 0 = Comply);10,90;Comply
202605;TREG 2;JAKARTA INNER;JAKBAR;SLP;create;48,00;CustomerAssign;bima_customerassign_date tersedia (durasi negatif di-clamp ke 0 = Comply);0,00;Comply
202605;TREG 2;BEKASI KARAWANG;CIKARANG;CIB;migrate;24,00;CustomerAssign;bima_customerassign_date tersedia (durasi negatif di-clamp ke 0 = Comply);4,27;Comply
202605;TREG 1;SUMBAGSEL;LUBUK LINGGAU;LLG;migrate;24,00;CustomerAssign;bima_customerassign_date tersedia (durasi negatif di-clamp ke 0 = Comply);318,40;Not Comply
202605;TREG 1;SUMUT;MEDAN;CTD;migrate;24,00;CustomerAssign;bima_customerassign_date tersedia (durasi negatif di-clamp ke 0 = Comply);6,41;Comply
202605;TREG 2;PRIANGAN BARAT;CIBINONG;CBI;migrate;24,00;CustomerAssign;bima_customerassign_date tersedia (durasi negatif di-clamp ke 0 = Comply);126,57;Not Comply
202605;TREG 2;PRIANGAN BARAT;CIBINONG;BJD;migrate;24,00;CustomerAssign;bima_customerassign_date tersedia (durasi negatif di-clamp ke 0 = Comply);131,58;Not Comply
202605;TREG 1;RIAU;RIKEP;NGS;migrate;24,00;CustomerAssign;bima_customerassign_date tersedia (durasi negatif di-clamp ke 0 = Comply);6,59;Comply
202605;TREG 2;PRIANGAN BARAT;CIBINONG;TJH;migrate;24,00;CustomerAssign;bima_customerassign_date tersedia (durasi negatif di-clamp ke 0 = Comply);59,60;Not Comply
202605;TREG 3;JATIM BARAT;BATU;KPO;migrate;24,00;CustomerAssign;bima_customerassign_date tersedia (durasi negatif di-clamp ke 0 = Comply);6,73;Comply
202605;TREG 1;SUMBAR JAMBI;BUKIT TINGGI;PYK;migrate;24,00;CustomerAssign;bima_customerassign_date tersedia (durasi negatif di-clamp ke 0 = Comply);4,82;Comply
202605;TREG 2;JAKARTA OUTER;JAKSEL;BIN;migrate;24,00;CustomerAssign;bima_customerassign_date tersedia (durasi negatif di-clamp ke 0 = Comply);4,98;Comply
202605;TREG 2;BANDUNG;BANDUNG;BDK;migrate;24,00;CustomerAssign;bima_customerassign_date tersedia (durasi negatif di-clamp ke 0 = Comply);31,57;Not Comply
202605;TREG 3;SURAMADU;SURABAYA SELATAN;DMO;create;48,00;CustomerAssign;bima_customerassign_date tersedia (durasi negatif di-clamp ke 0 = Comply);0,00;Comply
202605;TREG 2;PRIANGAN BARAT;DEPOK;DEP;migrate;24,00;CustomerAssign;bima_customerassign_date tersedia (durasi negatif di-clamp ke 0 = Comply);0,00;Comply
202605;TREG 5;SULBAGTENG;GORONTALO;GTL;migrate;24,00;CustomerAssign;bima_customerassign_date tersedia (durasi negatif di-clamp ke 0 = Comply);439,73;Not Comply
202605;TREG 2;BANDUNG;BANDUNG BARAT;RJW;migrate;24,00;CustomerAssign;bima_customerassign_date tersedia (durasi negatif di-clamp ke 0 = Comply);7,76;Comply
202605;TREG 1;RIAU;DUMAI;DUM;migrate;24,00;CustomerAssign;bima_customerassign_date tersedia (durasi negatif di-clamp ke 0 = Comply);197,77;Not Comply
202605;TREG 2;JAKARTA OUTER;JAKTIM;KLD;migrate;24,00;CustomerAssign;bima_customerassign_date tersedia (durasi negatif di-clamp ke 0 = Comply);5,88;Comply
202605;TREG 2;BANDUNG;BANDUNG;DGO;migrate;24,00;CustomerAssign;bima_customerassign_date tersedia (durasi negatif di-clamp ke 0 = Comply);32,14;Not Comply
202605;TREG 2;JAKARTA OUTER;JAKSEL;TBE;migrate;24,00;CustomerAssign;bima_customerassign_date tersedia (durasi negatif di-clamp ke 0 = Comply);13,17;Comply
202605;TREG 1;SUMBAR JAMBI;SUMBAR;ULK;migrate;24,00;CustomerAssign;bima_customerassign_date tersedia (durasi negatif di-clamp ke 0 = Comply);13,69;Comply
202605;TREG 2;BANDUNG;BANDUNG;BDK;migrate;24,00;CustomerAssign;bima_customerassign_date tersedia (durasi negatif di-clamp ke 0 = Comply);152,79;Not Comply
202605;TREG 1;RIAU;RIKEP;SLU;migrate;24,00;CustomerAssign;bima_customerassign_date tersedia (durasi negatif di-clamp ke 0 = Comply);9,05;Comply
202605;TREG 2;PRIANGAN BARAT;DEPOK;SKJ;create;48,00;CustomerAssign;bima_customerassign_date tersedia (durasi negatif di-clamp ke 0 = Comply);76,21;Not Comply
202605;TREG 2;JAKARTA OUTER;JAKTIM;KRG;migrate;24,00;CustomerAssign;bima_customerassign_date tersedia (durasi negatif di-clamp ke 0 = Comply);177,54;Not Comply
202605;TREG 2;BEKASI KARAWANG;BEKASI;PDE;create;48,00;CustomerAssign;bima_customerassign_date tersedia (durasi negatif di-clamp ke 0 = Comply);9,96;Comply
202605;TREG 2;JAKARTA OUTER;JAKTIM;PDK;migrate;24,00;CustomerAssign;bima_customerassign_date tersedia (durasi negatif di-clamp ke 0 = Comply);104,71;Not Comply
202605;TREG 2;BANTEN;LENGKONG;LGK;migrate;24,00;CustomerAssign;bima_customerassign_date tersedia (durasi negatif di-clamp ke 0 = Comply);0,00;Comply
202605;TREG 2;JAKARTA INNER;JAKBAR;MRY;migrate;24,00;CustomerAssign;bima_customerassign_date tersedia (durasi negatif di-clamp ke 0 = Comply);0,00;Comply
202605;TREG 5;PAPUA;ABEPURA;ABE;migrate;24,00;CustomerAssign;bima_customerassign_date tersedia (durasi negatif di-clamp ke 0 = Comply);64,18;Not Comply
202605;TREG 2;BANTEN;CIPUTAT;CPA;migrate;24,00;CustomerAssign;bima_customerassign_date tersedia (durasi negatif di-clamp ke 0 = Comply);19,06;Comply
202605;TREG 2;BANTEN;CIPUTAT;CPA;migrate;24,00;CustomerAssign;bima_customerassign_date tersedia (durasi negatif di-clamp ke 0 = Comply);17,09;Comply
202605;TREG 3;SOLO JATENG TIMUR;BLORA;NGA;migrate;24,00;CustomerAssign;bima_customerassign_date tersedia (durasi negatif di-clamp ke 0 = Comply);24,18;Not Comply
202605;TREG 3;SURAMADU;GRESIK;CRM;migrate;24,00;CustomerAssign;bima_customerassign_date tersedia (durasi negatif di-clamp ke 0 = Comply);94,20;Not Comply
202605;TREG 4;KALSELTENG;PANGKALAN BUN;PBU;migrate;24,00;CustomerAssign;bima_customerassign_date tersedia (durasi negatif di-clamp ke 0 = Comply);72,23;Not Comply
202605;TREG 4;KALTIMTARA;BONTANG;STT;migrate;24,00;CustomerAssign;bima_customerassign_date tersedia (durasi negatif di-clamp ke 0 = Comply);48,56;Not Comply
202605;TREG 3;SOLO JATENG TIMUR;SOLO;MSO;migrate;24,00;CustomerAssign;bima_customerassign_date tersedia (durasi negatif di-clamp ke 0 = Comply);0,95;Comply
202605;TREG 1;SUMBAR JAMBI;JAMBI;KOA;create;48,00;CustomerAssign;bima_customerassign_date tersedia (durasi negatif di-clamp ke 0 = Comply);18,07;Comply
202605;TREG 2;JAKARTA INNER;JAKBAR;CKG;migrate;24,00;CustomerAssign;bima_customerassign_date tersedia (durasi negatif di-clamp ke 0 = Comply);1,26;Comply
202605;TREG 2;JAKARTA INNER;JAKBAR;PLM;migrate;24,00;CustomerAssign;bima_customerassign_date tersedia (durasi negatif di-clamp ke 0 = Comply);49,28;Not Comply
202605;TREG 2;JAKARTA INNER;JAKBAR;PLM;migrate;24,00;CustomerAssign;bima_customerassign_date tersedia (durasi negatif di-clamp ke 0 = Comply);49,30;Not Comply
202605;TREG 2;JAKARTA INNER;JAKBAR;TGA;migrate;24,00;CustomerAssign;bima_customerassign_date tersedia (durasi negatif di-clamp ke 0 = Comply);0,00;Comply
202605;TREG 4;KALTIMTARA;NUNUKAN;MLN;migrate;24,00;CustomerAssign;bima_customerassign_date tersedia (durasi negatif di-clamp ke 0 = Comply);0,00;Comply
202605;TREG 2;BANTEN;CILEGON;GRL;migrate;24,00;CustomerAssign;bima_customerassign_date tersedia (durasi negatif di-clamp ke 0 = Comply);42,62;Not Comply
202605;TREG 1;SUMBAR JAMBI;JAMBI;JMB;migrate;24,00;CustomerAssign;bima_customerassign_date tersedia (durasi negatif di-clamp ke 0 = Comply);0,00;Comply
202605;TREG 4;BALIKPAPAN;TANAHGROGOT;TNG;migrate;24,00;CustomerAssign;bima_customerassign_date tersedia (durasi negatif di-clamp ke 0 = Comply);0,00;Comply
202605;TREG 2;BEKASI KARAWANG;BEKASI;PKY;migrate;24,00;CustomerAssign;bima_customerassign_date tersedia (durasi negatif di-clamp ke 0 = Comply);0,00;Comply
202605;TREG 3;YOGYA JATENG SELATAN;YOGYAKARTA;KGD;migrate;24,00;CustomerAssign;bima_customerassign_date tersedia (durasi negatif di-clamp ke 0 = Comply);47,45;Not Comply
202605;TREG 3;JATIM BARAT;MALANG;GDG;create;48,00;CustomerAssign;bima_customerassign_date tersedia (durasi negatif di-clamp ke 0 = Comply);0,00;Comply
202605;TREG 3;JATIM BARAT;MALANG;BRG;migrate;24,00;CustomerAssign;bima_customerassign_date tersedia (durasi negatif di-clamp ke 0 = Comply);26,64;Not Comply
202605;TREG 3;SEMARANG JATENG UTARA;UNGARAN;BWE;migrate;24,00;CustomerAssign;bima_customerassign_date tersedia (durasi negatif di-clamp ke 0 = Comply);0,00;Comply
202605;TREG 2;JAKARTA INNER;JAKBAR;SLP;migrate;24,00;CustomerAssign;bima_customerassign_date tersedia (durasi negatif di-clamp ke 0 = Comply);171,06;Not Comply
202605;TREG 4;KALTIMTARA;BONTANG;STT;migrate;24,00;CustomerAssign;bima_customerassign_date tersedia (durasi negatif di-clamp ke 0 = Comply);219,07;Not Comply
202605;TREG 2;BANTEN;CIPUTAT;CPA;migrate;24,00;CustomerAssign;bima_customerassign_date tersedia (durasi negatif di-clamp ke 0 = Comply);51,30;Not Comply
202605;TREG 1;RIAU;RIKEP;BTC;migrate;24,00;CustomerAssign;bima_customerassign_date tersedia (durasi negatif di-clamp ke 0 = Comply);22,32;Comply
202605;TREG 3;SURAMADU;SURABAYA UTARA;MGO;create;48,00;CustomerAssign;bima_customerassign_date tersedia (durasi negatif di-clamp ke 0 = Comply);3,49;Comply
202605;TREG 2;BANTEN;LENGKONG;SRP;migrate;24,00;CustomerAssign;bima_customerassign_date tersedia (durasi negatif di-clamp ke 0 = Comply);3,55;Comply
202605;TREG 2;JAKARTA CENTRUM;JAKPUS;CPP;migrate;24,00;CustomerAssign;bima_customerassign_date tersedia (durasi negatif di-clamp ke 0 = Comply);27,56;Not Comply
202605;TREG 2;JAKARTA CENTRUM;JAKPUS;KMY;create;48,00;CustomerAssign;bima_customerassign_date tersedia (durasi negatif di-clamp ke 0 = Comply);0,00;Comply
202605;TREG 4;KALTIMTARA;SAMARINDA;SMR;migrate;24,00;CustomerAssign;bima_customerassign_date tersedia (durasi negatif di-clamp ke 0 = Comply);0,00;Comply
202605;TREG 2;JAKARTA INNER;JAKBAR;PLM;migrate;24,00;CustomerAssign;bima_customerassign_date tersedia (durasi negatif di-clamp ke 0 = Comply);44,73;Not Comply
202605;TREG 2;JAKARTA CENTRUM;JAKUT;STR;create;48,00;CustomerAssign;bima_customerassign_date tersedia (durasi negatif di-clamp ke 0 = Comply);3,78;Comply
202605;TREG 3;SEMARANG JATENG UTARA;SEMARANG;MJP;migrate;24,00;CustomerAssign;bima_customerassign_date tersedia (durasi negatif di-clamp ke 0 = Comply);0,00;Comply
202605;TREG 2;BANDUNG;SUMEDANG;UBR;migrate;24,00;PI;bima_customerassign_date kosong → pakai orca_pi_date (durasi negatif di-clamp ke 0 = Comply);68,59;Not Comply
202605;TREG 2;PRIANGAN BARAT;CIBINONG;CLS;migrate;24,00;CustomerAssign;bima_customerassign_date tersedia (durasi negatif di-clamp ke 0 = Comply);22,83;Comply
202605;TREG 2;BANTEN;LENGKONG;LGK;create;48,00;CustomerAssign;bima_customerassign_date tersedia (durasi negatif di-clamp ke 0 = Comply);0,00;Comply
202605;TREG 2;BANTEN;LENGKONG;PPG;create;48,00;CustomerAssign;bima_customerassign_date tersedia (durasi negatif di-clamp ke 0 = Comply);44,86;Comply
202605;TREG 2;JAKARTA OUTER;JAKSEL;BIN;create;48,00;CustomerAssign;bima_customerassign_date tersedia (durasi negatif di-clamp ke 0 = Comply);0,00;Comply
202605;TREG 2;PRIANGAN BARAT;DEPOK;DEP;migrate;24,00;CustomerAssign;bima_customerassign_date tersedia (durasi negatif di-clamp ke 0 = Comply);117,11;Not Comply
202605;TREG 4;KALTIMTARA;BULUNGAN BERAU;TSL;migrate;24,00;CustomerAssign;bima_customerassign_date tersedia (durasi negatif di-clamp ke 0 = Comply);0,00;Comply
202605;TREG 2;PRIANGAN BARAT;DEPOK;SKJ;migrate;24,00;CustomerAssign;bima_customerassign_date tersedia (durasi negatif di-clamp ke 0 = Comply);4,41;Comply
202605;TREG 2;JAKARTA CENTRUM;JAKUT;TPR;create;48,00;CustomerAssign;bima_customerassign_date tersedia (durasi negatif di-clamp ke 0 = Comply);0,00;Comply
202605;TREG 2;JAKARTA CENTRUM;JAKUT;TPR;migrate;24,00;CustomerAssign;bima_customerassign_date tersedia (durasi negatif di-clamp ke 0 = Comply);21,53;Comply
202605;TREG 1;SUMBAR JAMBI;MUARA BUNGO;SPN;migrate;24,00;CustomerAssign;bima_customerassign_date tersedia (durasi negatif di-clamp ke 0 = Comply);93,56;Not Comply
202605;TREG 2;PRIANGAN TIMUR;CIREBON;CBN;migrate;24,00;CustomerAssign;bima_customerassign_date tersedia (durasi negatif di-clamp ke 0 = Comply);4,60;Comply
202605;TREG 4;KALSELTENG;BANJARMASIN;BJM;migrate;24,00;CustomerAssign;bima_customerassign_date tersedia (durasi negatif di-clamp ke 0 = Comply);23,68;Comply
202605;TREG 2;BANDUNG;BANDUNG;TRG;create;48,00;CustomerAssign;bima_customerassign_date tersedia (durasi negatif di-clamp ke 0 = Comply);0,00;Comply
202605;TREG 5;SUMALUT;MENADO;BAH;create;48,00;CustomerAssign;bima_customerassign_date tersedia (durasi negatif di-clamp ke 0 = Comply);0,00;Comply
202605;TREG 5;SULBAGSEL;SITOR;RTP;migrate;24,00;CustomerAssign;bima_customerassign_date tersedia (durasi negatif di-clamp ke 0 = Comply);71,95;Not Comply
202605;TREG 3;SOLO JATENG TIMUR;SOLO;KRT;create;48,00;CustomerAssign;bima_customerassign_date tersedia (durasi negatif di-clamp ke 0 = Comply);0,00;Comply
202605;TREG 4;KALBAR;PONTIANAK;JAW;migrate;24,00;CustomerAssign;bima_customerassign_date tersedia (durasi negatif di-clamp ke 0 = Comply);0,00;Comply
202605;TREG 4;KALBAR;SINTANG;NPN;migrate;24,00;CustomerAssign;bima_customerassign_date tersedia (durasi negatif di-clamp ke 0 = Comply);144,13;Not Comply
202605;TREG 3;SOLO JATENG TIMUR;KLATEN;KLX;migrate;24,00;CustomerAssign;bima_customerassign_date tersedia (durasi negatif di-clamp ke 0 = Comply);46,21;Not Comply
202605;TREG 2;JAKARTA CENTRUM;JAKPUS;CPP;create;48,00;CustomerAssign;bima_customerassign_date tersedia (durasi negatif di-clamp ke 0 = Comply);24,24;Comply
202605;TREG 3;SEMARANG JATENG UTARA;SEMARANG;BMK;create;48,00;CustomerAssign;bima_customerassign_date tersedia (durasi negatif di-clamp ke 0 = Comply);0,00;Comply
202605;TREG 4;KALSELTENG;BATULICIN;BLC;migrate;24,00;CustomerAssign;bima_customerassign_date tersedia (durasi negatif di-clamp ke 0 = Comply);0,00;Comply
202605;TREG 2;JAKARTA INNER;JAKBAR;KDY;create;48,00;CustomerAssign;bima_customerassign_date tersedia (durasi negatif di-clamp ke 0 = Comply);5,48;Comply
202605;TREG 2;BANTEN;CIPUTAT;CPA;create;48,00;CustomerAssign;bima_customerassign_date tersedia (durasi negatif di-clamp ke 0 = Comply);0,00;Comply
202605;TREG 1;RIAU;BANGKINANG;ARK;migrate;24,00;CustomerAssign;bima_customerassign_date tersedia (durasi negatif di-clamp ke 0 = Comply);24,66;Not Comply
202605;TREG 2;BEKASI KARAWANG;BEKASI;KLB;migrate;24,00;CustomerAssign;bima_customerassign_date tersedia (durasi negatif di-clamp ke 0 = Comply);5,93;Comply
202605;TREG 3;SURAMADU;SURABAYA UTARA;KBL;create;48,00;CustomerAssign;bima_customerassign_date tersedia (durasi negatif di-clamp ke 0 = Comply);0,00;Comply
202605;TREG 2;JAKARTA OUTER;JAKTIM;CWA;migrate;24,00;CustomerAssign;bima_customerassign_date tersedia (durasi negatif di-clamp ke 0 = Comply);6,11;Comply
202605;TREG 3;SOLO JATENG TIMUR;SOLO;SLO;migrate;24,00;CustomerAssign;bima_customerassign_date tersedia (durasi negatif di-clamp ke 0 = Comply);1,13;Comply
202605;TREG 4;KALTIMTARA;MELAK;KBG;migrate;24,00;CustomerAssign;bima_customerassign_date tersedia (durasi negatif di-clamp ke 0 = Comply);145,24;Not Comply
202605;TREG 2;BEKASI KARAWANG;KARAWANG;RDK;migrate;24,00;CustomerAssign;bima_customerassign_date tersedia (durasi negatif di-clamp ke 0 = Comply);0,00;Comply
202605;TREG 3;SEMARANG JATENG UTARA;SEMARANG;BMK;migrate;24,00;CustomerAssign;bima_customerassign_date tersedia (durasi negatif di-clamp ke 0 = Comply);0,00;Comply
202605;TREG 1;RIAU;DUMAI;DRI;migrate;24,00;CustomerAssign;bima_customerassign_date tersedia (durasi negatif di-clamp ke 0 = Comply);73,26;Not Comply
202605;TREG 2;JAKARTA OUTER;JAKTIM;RMG;create;48,00;CustomerAssign;bima_customerassign_date tersedia (durasi negatif di-clamp ke 0 = Comply);0,00;Comply
202605;TREG 3;JATIM BARAT;MADIUN;CRB;create;48,00;CustomerAssign;bima_customerassign_date tersedia (durasi negatif di-clamp ke 0 = Comply);0,00;Comply
202605;TREG 2;PRIANGAN BARAT;CIBINONG;BJD;migrate;24,00;CustomerAssign;bima_customerassign_date tersedia (durasi negatif di-clamp ke 0 = Comply);25,66;Not Comply
202605;TREG 3;SURAMADU;GRESIK;GSK;migrate;24,00;CustomerAssign;bima_customerassign_date tersedia (durasi negatif di-clamp ke 0 = Comply);23,83;Comply
202605;TREG 2;BANDUNG;SUMEDANG;UBR;migrate;24,00;CustomerAssign;bima_customerassign_date tersedia (durasi negatif di-clamp ke 0 = Comply);0,00;Comply
202605;TREG 2;BANDUNG;SUMEDANG;UBR;migrate;24,00;CustomerAssign;bima_customerassign_date tersedia (durasi negatif di-clamp ke 0 = Comply);0,00;Comply
202605;TREG 2;JAKARTA OUTER;JAKTIM;KRG;create;48,00;CustomerAssign;bima_customerassign_date tersedia (durasi negatif di-clamp ke 0 = Comply);26,03;Comply
202605;TREG 4;KALTIMTARA;SAMARINDA;LOB;create;48,00;CustomerAssign;bima_customerassign_date tersedia (durasi negatif di-clamp ke 0 = Comply);0,05;Comply
202605;TREG 1;SUMBAGSEL;PRABUMULIH;KAG;create;48,00;CustomerAssign;bima_customerassign_date tersedia (durasi negatif di-clamp ke 0 = Comply);26,09;Comply
202605;TREG 4;KALSELTENG;BANJARBARU;BBR;migrate;24,00;CustomerAssign;bima_customerassign_date tersedia (durasi negatif di-clamp ke 0 = Comply);0,00;Comply
202605;TREG 2;BANDUNG;SOREANG;RCK;migrate;24,00;CustomerAssign;bima_customerassign_date tersedia (durasi negatif di-clamp ke 0 = Comply);2,29;Comply
202605;TREG 3;YOGYA JATENG SELATAN;SLEMAN;GOD;create;48,00;CustomerAssign;bima_customerassign_date tersedia (durasi negatif di-clamp ke 0 = Comply);0,00;Comply
202605;TREG 2;JAKARTA CENTRUM;JAKPUS;CPP;migrate;24,00;CustomerAssign;bima_customerassign_date tersedia (durasi negatif di-clamp ke 0 = Comply);31,33;Not Comply
202605;TREG 2;BEKASI KARAWANG;KARAWANG;KLI;migrate;24,00;CustomerAssign;bima_customerassign_date tersedia (durasi negatif di-clamp ke 0 = Comply);0,00;Comply
202605;TREG 1;RIAU;BANGKINANG;SOK;migrate;24,00;CustomerAssign;bima_customerassign_date tersedia (durasi negatif di-clamp ke 0 = Comply);31,55;Not Comply
202605;TREG 2;BANTEN;PASAR BARU;PSK;migrate;24,00;CustomerAssign;bima_customerassign_date tersedia (durasi negatif di-clamp ke 0 = Comply);0,00;Comply
202605;TREG 4;KALSELTENG;BANJARBARU;BBR;migrate;24,00;CustomerAssign;bima_customerassign_date tersedia (durasi negatif di-clamp ke 0 = Comply);0,00;Comply
202605;TREG 2;BEKASI KARAWANG;BEKASI;KRA;migrate;24,00;CustomerAssign;bima_customerassign_date tersedia (durasi negatif di-clamp ke 0 = Comply);31,80;Not Comply
202605;TREG 3;JATIM TIMUR;PANDAAN;PDA;migrate;24,00;CustomerAssign;bima_customerassign_date tersedia (durasi negatif di-clamp ke 0 = Comply);0,00;Comply
202605;TREG 4;KALSELTENG;BANJARBARU;BBR;migrate;24,00;CustomerAssign;bima_customerassign_date tersedia (durasi negatif di-clamp ke 0 = Comply);0,88;Comply
202605;TREG 2;JAKARTA INNER;JAKBAR;TGA;create;48,00;CustomerAssign;bima_customerassign_date tersedia (durasi negatif di-clamp ke 0 = Comply);0,00;Comply
202605;TREG 2;BANTEN;LENGKONG;CUG;migrate;24,00;CustomerAssign;bima_customerassign_date tersedia (durasi negatif di-clamp ke 0 = Comply);8,09;Comply
202605;TREG 3;JATIM BARAT;MALANG;MLG;create;48,00;CustomerAssign;bima_customerassign_date tersedia (durasi negatif di-clamp ke 0 = Comply);3,10;Comply
202605;TREG 3;SURAMADU;SURABAYA SELATAN;TPO;create;48,00;CustomerAssign;bima_customerassign_date tersedia (durasi negatif di-clamp ke 0 = Comply);1,13;Comply
202605;TREG 2;JAKARTA OUTER;JAKTIM;GAN;create;48,00;CustomerAssign;bima_customerassign_date tersedia (durasi negatif di-clamp ke 0 = Comply);0,00;Comply
202605;TREG 5;PAPUA;SENTANI;SNI;create;48,00;CustomerAssign;bima_customerassign_date tersedia (durasi negatif di-clamp ke 0 = Comply);27,23;Comply
202605;TREG 2;PRIANGAN BARAT;KUJANG;BOO;migrate;24,00;CustomerAssign;bima_customerassign_date tersedia (durasi negatif di-clamp ke 0 = Comply);1,33;Comply
202605;TREG 3;SURAMADU;SURABAYA SELATAN;RKT;create;48,00;CustomerAssign;bima_customerassign_date tersedia (durasi negatif di-clamp ke 0 = Comply);1,39;Comply
202605;TREG 2;JAKARTA OUTER;JAKTIM;KLD;migrate;24,00;CustomerAssign;bima_customerassign_date tersedia (durasi negatif di-clamp ke 0 = Comply);25,48;Not Comply
202605;TREG 3;JATIM TIMUR;SIDOARJO;SDA;migrate;24,00;CustomerAssign;bima_customerassign_date tersedia (durasi negatif di-clamp ke 0 = Comply);0,00;Comply
202605;TREG 2;BANDUNG;BANDUNG BARAT;RJW;migrate;24,00;CustomerAssign;bima_customerassign_date tersedia (durasi negatif di-clamp ke 0 = Comply);3,60;Comply
202605;TREG 3;SURAMADU;SURABAYA UTARA;KLN;migrate;24,00;CustomerAssign;bima_customerassign_date tersedia (durasi negatif di-clamp ke 0 = Comply);0,00;Comply
202605;TREG 3;JATIM TIMUR;MOJOKERTO;NGI;migrate;24,00;CustomerAssign;bima_customerassign_date tersedia (durasi negatif di-clamp ke 0 = Comply);1,84;Comply
202605;TREG 2;BEKASI KARAWANG;BEKASI;KRA;create;48,00;CustomerAssign;bima_customerassign_date tersedia (durasi negatif di-clamp ke 0 = Comply);1,87;Comply
202605;TREG 2;JAKARTA OUTER;JAKSEL;KAL;create;48,00;PI;bima_customerassign_date kosong → pakai orca_pi_date (durasi negatif di-clamp ke 0 = Comply);2,80;Comply
202605;TREG 3;YOGYA JATENG SELATAN;PURBALINGGA;PBG;migrate;24,00;CustomerAssign;bima_customerassign_date tersedia (durasi negatif di-clamp ke 0 = Comply);0,00;Comply
202605;TREG 4;KALBAR;PONTIANAK;SAO;create;48,00;CustomerAssign;bima_customerassign_date tersedia (durasi negatif di-clamp ke 0 = Comply);0,00;Comply
202605;TREG 4;KALSELTENG;TANJUNG TABALONG;KDG;migrate;24,00;CustomerAssign;bima_customerassign_date tersedia (durasi negatif di-clamp ke 0 = Comply);123,94;Not Comply
202605;TREG 5;SULBAGSEL;MAMUJU;MAJ;migrate;24,00;CustomerAssign;bima_customerassign_date tersedia (durasi negatif di-clamp ke 0 = Comply);128,96;Not Comply
202605;TREG 1;RIAU;TANJUNGBALAI KARIMUN;SYA;migrate;24,00;CustomerAssign;bima_customerassign_date tersedia (durasi negatif di-clamp ke 0 = Comply);3,96;Comply
202605;TREG 1;RIAU;RIKEP;PNI;migrate;24,00;CustomerAssign;bima_customerassign_date tersedia (durasi negatif di-clamp ke 0 = Comply);4,00;Comply
202605;TREG 3;SEMARANG JATENG UTARA;SALATIGA;SLI;migrate;24,00;CustomerAssign;bima_customerassign_date tersedia (durasi negatif di-clamp ke 0 = Comply);0,00;Comply
202605;TREG 2;BANDUNG;BANDUNG;LBG;migrate;24,00;CustomerAssign;bima_customerassign_date tersedia (durasi negatif di-clamp ke 0 = Comply);4,19;Comply
202605;TREG 2;PRIANGAN BARAT;CIBINONG;CLS;migrate;24,00;CustomerAssign;bima_customerassign_date tersedia (durasi negatif di-clamp ke 0 = Comply);0,00;Comply
202605;TREG 2;JAKARTA CENTRUM;JAKUT;CIL;migrate;24,00;CustomerAssign;bima_customerassign_date tersedia (durasi negatif di-clamp ke 0 = Comply);9,29;Comply
202605;TREG 4;KALTIMTARA;BONTANG;STT;migrate;24,00;CustomerAssign;bima_customerassign_date tersedia (durasi negatif di-clamp ke 0 = Comply);52,32;Not Comply
202605;TREG 2;PRIANGAN BARAT;DEPOK;SKJ;migrate;24,00;CustomerAssign;bima_customerassign_date tersedia (durasi negatif di-clamp ke 0 = Comply);0,00;Comply
202605;TREG 2;JAKARTA CENTRUM;JAKUT;KLG;create;48,00;CustomerAssign;bima_customerassign_date tersedia (durasi negatif di-clamp ke 0 = Comply);0,00;Comply
202605;TREG 4;KALTIMTARA;BULUNGAN BERAU;TSL;create;48,00;CustomerAssign;bima_customerassign_date tersedia (durasi negatif di-clamp ke 0 = Comply);0,00;Comply
202605;TREG 2;PRIANGAN BARAT;SUKABUMI;SKB;migrate;24,00;CustomerAssign;bima_customerassign_date tersedia (durasi negatif di-clamp ke 0 = Comply);148,48;Not Comply
202605;TREG 2;PRIANGAN BARAT;SUKABUMI;SKB;migrate;24,00;CustomerAssign;bima_customerassign_date tersedia (durasi negatif di-clamp ke 0 = Comply);146,49;Not Comply
202605;TREG 2;PRIANGAN BARAT;KUJANG;SPL;migrate;24,00;CustomerAssign;bima_customerassign_date tersedia (durasi negatif di-clamp ke 0 = Comply);105,50;Not Comply
202605;TREG 2;JAKARTA OUTER;JAKTIM;KLD;create;48,00;CustomerAssign;bima_customerassign_date tersedia (durasi negatif di-clamp ke 0 = Comply);0,00;Comply
202605;TREG 2;JAKARTA CENTRUM;JAKPUS;CPP;create;48,00;CustomerAssign;bima_customerassign_date tersedia (durasi negatif di-clamp ke 0 = Comply);28,62;Comply
202605;TREG 4;BALIKPAPAN;BALIKPAPAN;BRU;create;48,00;CustomerAssign;bima_customerassign_date tersedia (durasi negatif di-clamp ke 0 = Comply);0,00;Comply
202605;TREG 2;JAKARTA OUTER;JAKSEL;KBY;migrate;24,00;CustomerAssign;bima_customerassign_date tersedia (durasi negatif di-clamp ke 0 = Comply);26,74;Not Comply
202605;TREG 3;YOGYA JATENG SELATAN;YOGYAKARTA;PGR;migrate;24,00;CustomerAssign;bima_customerassign_date tersedia (durasi negatif di-clamp ke 0 = Comply);80,74;Not Comply
202605;TREG 2;BANDUNG;BANDUNG;LBG;migrate;24,00;CustomerAssign;bima_customerassign_date tersedia (durasi negatif di-clamp ke 0 = Comply);57,80;Not Comply
202605;TREG 1;RIAU;TANJUNG PINANG;DBS;migrate;24,00;CustomerAssign;bima_customerassign_date tersedia (durasi negatif di-clamp ke 0 = Comply);9,81;Comply
202605;TREG 2;JAKARTA OUTER;JAKSEL;JAG;migrate;24,00;CustomerAssign;bima_customerassign_date tersedia (durasi negatif di-clamp ke 0 = Comply);9,83;Comply
202605;TREG 3;JATIM BARAT;BOJONEGORO;BJN;migrate;24,00;CustomerAssign;bima_customerassign_date tersedia (durasi negatif di-clamp ke 0 = Comply);0,00;Comply
202605;TREG 4;KALTIMTARA;NUNUKAN;MLN;migrate;24,00;CustomerAssign;bima_customerassign_date tersedia (durasi negatif di-clamp ke 0 = Comply);75,05;Not Comply
202605;TREG 3;JATIM TIMUR;JEMBER;JER;migrate;24,00;CustomerAssign;bima_customerassign_date tersedia (durasi negatif di-clamp ke 0 = Comply);0,00;Comply
202605;TREG 2;PRIANGAN BARAT;KUJANG;PAG;migrate;24,00;CustomerAssign;bima_customerassign_date tersedia (durasi negatif di-clamp ke 0 = Comply);27,14;Not Comply
202605;TREG 3;SURAMADU;SURABAYA SELATAN;DMO;create;48,00;CustomerAssign;bima_customerassign_date tersedia (durasi negatif di-clamp ke 0 = Comply);0,00;Comply
202605;TREG 1;SUMUT;MEDAN;SPM;migrate;24,00;CustomerAssign;bima_customerassign_date tersedia (durasi negatif di-clamp ke 0 = Comply);3,22;Comply
202605;TREG 3;SEMARANG JATENG UTARA;PEKALONGAN;KDW;migrate;24,00;CustomerAssign;bima_customerassign_date tersedia (durasi negatif di-clamp ke 0 = Comply);10,24;Comply
202605;TREG 2;JAKARTA OUTER;JAKTIM;GAN;create;48,00;CustomerAssign;bima_customerassign_date tersedia (durasi negatif di-clamp ke 0 = Comply);10,40;Comply
202605;TREG 2;JAKARTA OUTER;JAKTIM;RMG;migrate;24,00;CustomerAssign;bima_customerassign_date tersedia (durasi negatif di-clamp ke 0 = Comply);0,00;Comply
202605;TREG 4;BALIKPAPAN;BALIKPAPAN;BRU;migrate;24,00;CustomerAssign;bima_customerassign_date tersedia (durasi negatif di-clamp ke 0 = Comply);0,00;Comply
202605;TREG 1;SUMBAR JAMBI;SUMBAR;SIE;create;48,00;CustomerAssign;bima_customerassign_date tersedia (durasi negatif di-clamp ke 0 = Comply);0,00;Comply
202605;TREG 2;BEKASI KARAWANG;CIKARANG;CIB;migrate;24,00;CustomerAssign;bima_customerassign_date tersedia (durasi negatif di-clamp ke 0 = Comply);0,00;Comply
202605;TREG 4;KALBAR;KETAPANG;KTP;migrate;24,00;CustomerAssign;bima_customerassign_date tersedia (durasi negatif di-clamp ke 0 = Comply);53,84;Not Comply
202605;TREG 3;BALI;DENPASAR UTARA;UBN;create;48,00;CustomerAssign;bima_customerassign_date tersedia (durasi negatif di-clamp ke 0 = Comply);101,90;Not Comply
202605;TREG 1;SUMUT;MEDAN;CTD;migrate;24,00;CustomerAssign;bima_customerassign_date tersedia (durasi negatif di-clamp ke 0 = Comply);5,92;Comply
202605;TREG 2;BANTEN;PASAR BARU;TAN;migrate;24,00;CustomerAssign;bima_customerassign_date tersedia (durasi negatif di-clamp ke 0 = Comply);3,93;Comply
202605;TREG 2;JAKARTA INNER;JAKBAR;CKG;create;48,00;CustomerAssign;bima_customerassign_date tersedia (durasi negatif di-clamp ke 0 = Comply);0,00;Comply
202605;TREG 5;SUMALUT;MENADO;BAH;migrate;24,00;CustomerAssign;bima_customerassign_date tersedia (durasi negatif di-clamp ke 0 = Comply);52,10;Not Comply
202605;TREG 2;PRIANGAN BARAT;DEPOK;DEP;migrate;24,00;CustomerAssign;bima_customerassign_date tersedia (durasi negatif di-clamp ke 0 = Comply);318,34;Not Comply
202605;TREG 1;SUMUT;LUBUK PAKAM;LBP;migrate;24,00;CustomerAssign;bima_customerassign_date tersedia (durasi negatif di-clamp ke 0 = Comply);28,35;Not Comply
202605;TREG 4;KALSELTENG;PANGKALAN BUN;PBU;migrate;24,00;CustomerAssign;bima_customerassign_date tersedia (durasi negatif di-clamp ke 0 = Comply);0,00;Comply
202605;TREG 4;BALIKPAPAN;TANAHGROGOT;MJW;migrate;24,00;CustomerAssign;bima_customerassign_date tersedia (durasi negatif di-clamp ke 0 = Comply);4,44;Comply
202605;TREG 4;BALIKPAPAN;BALIKPAPAN;MGG;migrate;24,00;CustomerAssign;bima_customerassign_date tersedia (durasi negatif di-clamp ke 0 = Comply);107,48;Not Comply
202605;TREG 1;RIAU;TANJUNG PINANG;RAI;migrate;24,00;CustomerAssign;bima_customerassign_date tersedia (durasi negatif di-clamp ke 0 = Comply);6,55;Comply
202605;TREG 2;BEKASI KARAWANG;KARAWANG;TLJ;migrate;24,00;CustomerAssign;bima_customerassign_date tersedia (durasi negatif di-clamp ke 0 = Comply);174,73;Not Comply
202605;TREG 2;JAKARTA OUTER;JAKSEL;BIN;migrate;24,00;CustomerAssign;bima_customerassign_date tersedia (durasi negatif di-clamp ke 0 = Comply);6,85;Comply
202605;TREG 2;BEKASI KARAWANG;BEKASI;KRA;create;48,00;CustomerAssign;bima_customerassign_date tersedia (durasi negatif di-clamp ke 0 = Comply);0,00;Comply
202605;TREG 2;JAKARTA OUTER;JAKTIM;GAN;create;48,00;CustomerAssign;bima_customerassign_date tersedia (durasi negatif di-clamp ke 0 = Comply);36,08;Comply
202605;TREG 3;BALI;DENPASAR UTARA;UBN;migrate;24,00;CustomerAssign;bima_customerassign_date tersedia (durasi negatif di-clamp ke 0 = Comply);12,16;Comply
202605;TREG 2;BANDUNG;BANDUNG;GGK;migrate;24,00;CustomerAssign;bima_customerassign_date tersedia (durasi negatif di-clamp ke 0 = Comply);7,27;Comply
202605;TREG 2;BEKASI KARAWANG;BEKASI;PKY;create;48,00;CustomerAssign;bima_customerassign_date tersedia (durasi negatif di-clamp ke 0 = Comply);0,00;Comply
202605;TREG 2;BANTEN;LENGKONG;SRP;create;48,00;CustomerAssign;bima_customerassign_date tersedia (durasi negatif di-clamp ke 0 = Comply);1.236,50;Not Comply
202605;TREG 2;JAKARTA OUTER;JAKSEL;TBE;create;48,00;CustomerAssign;bima_customerassign_date tersedia (durasi negatif di-clamp ke 0 = Comply);12,55;Comply
202605;TREG 3;SEMARANG JATENG UTARA;BREBES;KTM;migrate;24,00;CustomerAssign;bima_customerassign_date tersedia (durasi negatif di-clamp ke 0 = Comply);29,59;Not Comply
202605;TREG 2;BANDUNG;PADALARANG;BTJ;create;48,00;CustomerAssign;bima_customerassign_date tersedia (durasi negatif di-clamp ke 0 = Comply);29,62;Comply
202605;TREG 1;RIAU;RIKEP;SLU;migrate;24,00;CustomerAssign;bima_customerassign_date tersedia (durasi negatif di-clamp ke 0 = Comply);29,68;Not Comply
202605;TREG 2;BANTEN;PASAR BARU;CPD;migrate;24,00;CustomerAssign;bima_customerassign_date tersedia (durasi negatif di-clamp ke 0 = Comply);125,85;Not Comply
202605;TREG 2;JAKARTA CENTRUM;JAKPUS;CID;migrate;24,00;CustomerAssign;bima_customerassign_date tersedia (durasi negatif di-clamp ke 0 = Comply);0,00;Comply
202605;TREG 3;JATIM TIMUR;SIDOARJO;TUN;migrate;24,00;CustomerAssign;bima_customerassign_date tersedia (durasi negatif di-clamp ke 0 = Comply);78,23;Not Comply
202605;TREG 1;RIAU;RIDAR;PBB;migrate;24,00;PI;bima_customerassign_date kosong → pakai orca_pi_date (durasi negatif di-clamp ke 0 = Comply);2,17;Comply
202605;TREG 2;BEKASI KARAWANG;BEKASI;PDE;migrate;24,00;CustomerAssign;bima_customerassign_date tersedia (durasi negatif di-clamp ke 0 = Comply);30,88;Not Comply
202605;TREG 2;JAKARTA OUTER;JAKTIM;KLD;migrate;24,00;CustomerAssign;bima_customerassign_date tersedia (durasi negatif di-clamp ke 0 = Comply);7,20;Comply
202605;TREG 2;BEKASI KARAWANG;CIKARANG;JBB;create;48,00;CustomerAssign;bima_customerassign_date tersedia (durasi negatif di-clamp ke 0 = Comply);7,23;Comply
202605;TREG 1;RIAU;RIKEP;BTC;migrate;24,00;CustomerAssign;bima_customerassign_date tersedia (durasi negatif di-clamp ke 0 = Comply);7,28;Comply
202605;TREG 2;BEKASI KARAWANG;CIKARANG;BGG;migrate;24,00;CustomerAssign;bima_customerassign_date tersedia (durasi negatif di-clamp ke 0 = Comply);14,32;Comply
202605;TREG 2;JAKARTA OUTER;JAKSEL;PSM;migrate;24,00;CustomerAssign;bima_customerassign_date tersedia (durasi negatif di-clamp ke 0 = Comply);7,39;Comply
202605;TREG 1;ACEH;ACEH;BNA;migrate;24,00;CustomerAssign;bima_customerassign_date tersedia (durasi negatif di-clamp ke 0 = Comply);16,19;Comply
202605;TREG 4;KALSELTENG;PALANGKARAYA;KKP;migrate;24,00;CustomerAssign;bima_customerassign_date tersedia (durasi negatif di-clamp ke 0 = Comply);19,46;Comply
202605;TREG 4;KALTIMTARA;SAMARINDA;LOB;migrate;24,00;CustomerAssign;bima_customerassign_date tersedia (durasi negatif di-clamp ke 0 = Comply);144,92;Not Comply
202605;TREG 2;BEKASI KARAWANG;BEKASI;KLB;create;48,00;CustomerAssign;bima_customerassign_date tersedia (durasi negatif di-clamp ke 0 = Comply);68,47;Not Comply
202605;TREG 2;BEKASI KARAWANG;CIKARANG;BGG;migrate;24,00;CustomerAssign;bima_customerassign_date tersedia (durasi negatif di-clamp ke 0 = Comply);20,50;Comply
202605;TREG 3;SOLO JATENG TIMUR;BLORA;BLO;migrate;24,00;CustomerAssign;bima_customerassign_date tersedia (durasi negatif di-clamp ke 0 = Comply);1,51;Comply
202605;TREG 2;BEKASI KARAWANG;CIKARANG;CIK;migrate;24,00;CustomerAssign;bima_customerassign_date tersedia (durasi negatif di-clamp ke 0 = Comply);2,10;Comply
202605;TREG 2;PRIANGAN BARAT;DEPOK;SKJ;migrate;24,00;CustomerAssign;bima_customerassign_date tersedia (durasi negatif di-clamp ke 0 = Comply);45,14;Not Comply
202605;TREG 3;YOGYA JATENG SELATAN;KEBUMEN;KBM;create;48,00;CustomerAssign;bima_customerassign_date tersedia (durasi negatif di-clamp ke 0 = Comply);19,24;Comply
202605;TREG 1;SUMUT;MEDAN;TTG;migrate;24,00;CustomerAssign;bima_customerassign_date tersedia (durasi negatif di-clamp ke 0 = Comply);2,49;Comply
202605;TREG 1;SUMUT;MEDAN;MDC;migrate;24,00;CustomerAssign;bima_customerassign_date tersedia (durasi negatif di-clamp ke 0 = Comply);2,85;Comply
202605;TREG 2;JAKARTA OUTER;JAKSEL;KAL;migrate;24,00;CustomerAssign;bima_customerassign_date tersedia (durasi negatif di-clamp ke 0 = Comply);0,00;Comply
202605;TREG 2;JAKARTA OUTER;JAKTIM;CWA;create;48,00;CustomerAssign;bima_customerassign_date tersedia (durasi negatif di-clamp ke 0 = Comply);3,41;Comply
202605;TREG 3;JATIM BARAT;MALANG;BLB;create;48,00;CustomerAssign;bima_customerassign_date tersedia (durasi negatif di-clamp ke 0 = Comply);118,52;Not Comply
202605;TREG 2;JAKARTA OUTER;JAKSEL;PSM;create;48,00;CustomerAssign;bima_customerassign_date tersedia (durasi negatif di-clamp ke 0 = Comply);27,66;Comply
202605;TREG 2;BEKASI KARAWANG;KARAWANG;KRW;create;48,00;PI;bima_customerassign_date kosong → pakai orca_pi_date (durasi negatif di-clamp ke 0 = Comply);15,43;Comply
202605;TREG 2;BEKASI KARAWANG;BEKASI;PKY;create;48,00;CustomerAssign;bima_customerassign_date tersedia (durasi negatif di-clamp ke 0 = Comply);22,74;Comply
202605;TREG 2;JAKARTA OUTER;JAKTIM;JTN;create;48,00;CustomerAssign;bima_customerassign_date tersedia (durasi negatif di-clamp ke 0 = Comply);4,15;Comply
202605;TREG 2;JAKARTA OUTER;JAKSEL;JAG;migrate;24,00;PI;bima_customerassign_date kosong → pakai orca_pi_date (durasi negatif di-clamp ke 0 = Comply);19,11;Comply
202605;TREG 5;SUMALUT;AMBON;PAO;migrate;24,00;CustomerAssign;bima_customerassign_date tersedia (durasi negatif di-clamp ke 0 = Comply);0,00;Comply
202605;TREG 2;JAKARTA CENTRUM;JAKUT;MKR;migrate;24,00;CustomerAssign;bima_customerassign_date tersedia (durasi negatif di-clamp ke 0 = Comply);28,37;Not Comply
202605;TREG 4;BALIKPAPAN;BALIKPAPAN;MGG;create;48,00;PI;bima_customerassign_date kosong → pakai orca_pi_date (durasi negatif di-clamp ke 0 = Comply);4,24;Comply
202605;TREG 3;SEMARANG JATENG UTARA;SEMARANG;SMC;migrate;24,00;CustomerAssign;bima_customerassign_date tersedia (durasi negatif di-clamp ke 0 = Comply);0,00;Comply
202605;TREG 3;BALI;DENPASAR UTARA;UBN;migrate;24,00;CustomerAssign;bima_customerassign_date tersedia (durasi negatif di-clamp ke 0 = Comply);21,53;Comply
202605;TREG 2;PRIANGAN BARAT;KUJANG;BOO;create;48,00;PI;bima_customerassign_date kosong → pakai orca_pi_date (durasi negatif di-clamp ke 0 = Comply);1,21;Comply
202605;TREG 2;JAKARTA OUTER;JAKSEL;BIN;migrate;24,00;CustomerAssign;bima_customerassign_date tersedia (durasi negatif di-clamp ke 0 = Comply);21,88;Comply
202605;TREG 2;JAKARTA OUTER;JAKTIM;CWA;create;48,00;CustomerAssign;bima_customerassign_date tersedia (durasi negatif di-clamp ke 0 = Comply);0,00;Comply
202605;TREG 2;JAKARTA OUTER;JAKSEL;JAG;migrate;24,00;PI;bima_customerassign_date kosong → pakai orca_pi_date (durasi negatif di-clamp ke 0 = Comply);19,22;Comply
202605;TREG 4;KALTIMTARA;MELAK;SBR;migrate;24,00;CustomerAssign;bima_customerassign_date tersedia (durasi negatif di-clamp ke 0 = Comply);173,27;Not Comply
202605;TREG 2;JAKARTA INNER;JAKBAR;MRY;create;48,00;CustomerAssign;bima_customerassign_date tersedia (durasi negatif di-clamp ke 0 = Comply);214,29;Not Comply
202605;TREG 2;BANDUNG;BANDUNG BARAT;CMI;migrate;24,00;CustomerAssign;bima_customerassign_date tersedia (durasi negatif di-clamp ke 0 = Comply);24,34;Not Comply
202605;TREG 3;YOGYA JATENG SELATAN;YOGYAKARTA;KGD;create;48,00;CustomerAssign;bima_customerassign_date tersedia (durasi negatif di-clamp ke 0 = Comply);29,42;Comply
202605;TREG 2;PRIANGAN BARAT;KUJANG;CSE;migrate;24,00;PI;bima_customerassign_date kosong → pakai orca_pi_date (durasi negatif di-clamp ke 0 = Comply);5,77;Comply
202605;TREG 4;BALIKPAPAN;BALIKPAPAN;BRU;create;48,00;CustomerAssign;bima_customerassign_date tersedia (durasi negatif di-clamp ke 0 = Comply);0,00;Comply
202605;TREG 2;BEKASI KARAWANG;BEKASI;PDE;migrate;24,00;CustomerAssign;bima_customerassign_date tersedia (durasi negatif di-clamp ke 0 = Comply);22,66;Comply
202605;TREG 2;JAKARTA OUTER;JAKTIM;PDK;create;48,00;CustomerAssign;bima_customerassign_date tersedia (durasi negatif di-clamp ke 0 = Comply);29,84;Comply
202605;TREG 2;BANTEN;CIKUPA;TGR;migrate;24,00;CustomerAssign;bima_customerassign_date tersedia (durasi negatif di-clamp ke 0 = Comply);118,87;Not Comply
202605;TREG 3;YOGYA JATENG SELATAN;YOGYAKARTA;KBU;create;48,00;CustomerAssign;bima_customerassign_date tersedia (durasi negatif di-clamp ke 0 = Comply);0,00;Comply
202605;TREG 4;KALSELTENG;BANJARMASIN;ULI;migrate;24,00;CustomerAssign;bima_customerassign_date tersedia (durasi negatif di-clamp ke 0 = Comply);0,00;Comply
202605;TREG 1;SUMUT;MEDAN;CTD;migrate;24,00;PI;bima_customerassign_date kosong → pakai orca_pi_date (durasi negatif di-clamp ke 0 = Comply);19,46;Comply
202605;TREG 2;BEKASI KARAWANG;BEKASI;PDE;create;48,00;CustomerAssign;bima_customerassign_date tersedia (durasi negatif di-clamp ke 0 = Comply);1,06;Comply
202605;TREG 2;JAKARTA OUTER;JAKTIM;JTN;create;48,00;CustomerAssign;bima_customerassign_date tersedia (durasi negatif di-clamp ke 0 = Comply);6,18;Comply
202605;TREG 1;SUMUT;MEDAN;PUB;migrate;24,00;CustomerAssign;bima_customerassign_date tersedia (durasi negatif di-clamp ke 0 = Comply);23,24;Comply
202605;TREG 2;JAKARTA OUTER;JAKSEL;JAG;create;48,00;CustomerAssign;bima_customerassign_date tersedia (durasi negatif di-clamp ke 0 = Comply);0,00;Comply
202605;TREG 2;PRIANGAN BARAT;SENTUL;PMU;migrate;24,00;CustomerAssign;bima_customerassign_date tersedia (durasi negatif di-clamp ke 0 = Comply);30,55;Not Comply
202605;TREG 3;SURAMADU;SURABAYA UTARA;KNN;create;48,00;PI;bima_customerassign_date kosong → pakai orca_pi_date (durasi negatif di-clamp ke 0 = Comply);0,41;Comply
202605;TREG 2;JAKARTA OUTER;JAKSEL;JAG;create;48,00;CustomerAssign;bima_customerassign_date tersedia (durasi negatif di-clamp ke 0 = Comply);0,00;Comply
202605;TREG 3;SOLO JATENG TIMUR;KLATEN;BYL;migrate;24,00;CustomerAssign;bima_customerassign_date tersedia (durasi negatif di-clamp ke 0 = Comply);30,78;Not Comply
202605;TREG 2;BANDUNG;BANDUNG;TLE;create;48,00;PI;bima_customerassign_date kosong → pakai orca_pi_date (durasi negatif di-clamp ke 0 = Comply);1,63;Comply
202605;TREG 2;BEKASI KARAWANG;KARAWANG;KRW;create;48,00;PI;bima_customerassign_date kosong → pakai orca_pi_date (durasi negatif di-clamp ke 0 = Comply);17,57;Comply
202605;TREG 2;BANDUNG;BANDUNG;DGO;migrate;24,00;CustomerAssign;bima_customerassign_date tersedia (durasi negatif di-clamp ke 0 = Comply);23,84;Comply
202605;TREG 2;JAKARTA INNER;JAKBAR;MRY;create;48,00;CustomerAssign;bima_customerassign_date tersedia (durasi negatif di-clamp ke 0 = Comply);6,90;Comply
202605;TREG 4;BALIKPAPAN;BALIKPAPAN;BRU;migrate;24,00;CustomerAssign;bima_customerassign_date tersedia (durasi negatif di-clamp ke 0 = Comply);288,00;Not Comply
202605;TREG 2;BEKASI KARAWANG;BEKASI;PKY;migrate;24,00;CustomerAssign;bima_customerassign_date tersedia (durasi negatif di-clamp ke 0 = Comply);31,17;Not Comply
202605;TREG 1;LAMPUNG BENGKULU;LAMPUNG;KLA;create;48,00;CustomerAssign;bima_customerassign_date tersedia (durasi negatif di-clamp ke 0 = Comply);103,27;Not Comply
202605;TREG 1;SUMUT;MEDAN;PDB;create;48,00;CustomerAssign;bima_customerassign_date tersedia (durasi negatif di-clamp ke 0 = Comply);26,48;Comply
202605;TREG 4;KALTIMTARA;BONTANG;BLN;migrate;24,00;CustomerAssign;bima_customerassign_date tersedia (durasi negatif di-clamp ke 0 = Comply);7,64;Comply
202605;TREG 2;PRIANGAN BARAT;DEPOK;SKJ;migrate;24,00;CustomerAssign;bima_customerassign_date tersedia (durasi negatif di-clamp ke 0 = Comply);151,76;Not Comply
202605;TREG 2;PRIANGAN BARAT;DEPOK;SKJ;create;48,00;PI;bima_customerassign_date kosong → pakai orca_pi_date (durasi negatif di-clamp ke 0 = Comply);2,24;Comply
202605;TREG 3;SEMARANG JATENG UTARA;BREBES;BRB;migrate;24,00;CustomerAssign;bima_customerassign_date tersedia (durasi negatif di-clamp ke 0 = Comply);2,85;Comply
202605;TREG 2;JAKARTA OUTER;JAKSEL;KBY;migrate;24,00;CustomerAssign;bima_customerassign_date tersedia (durasi negatif di-clamp ke 0 = Comply);7,90;Comply
202605;TREG 2;JAKARTA OUTER;JAKTIM;GAN;migrate;24,00;PI;bima_customerassign_date kosong → pakai orca_pi_date (durasi negatif di-clamp ke 0 = Comply);6,76;Comply
202605;TREG 2;JAKARTA OUTER;JAKSEL;KAL;migrate;24,00;CustomerAssign;bima_customerassign_date tersedia (durasi negatif di-clamp ke 0 = Comply);7,97;Comply
202605;TREG 4;KALSELTENG;BANJARMASIN;ULI;migrate;24,00;CustomerAssign;bima_customerassign_date tersedia (durasi negatif di-clamp ke 0 = Comply);199,97;Not Comply
202605;TREG 4;KALTIMTARA;BULUNGAN BERAU;TRD;migrate;24,00;PI;bima_customerassign_date kosong → pakai orca_pi_date (durasi negatif di-clamp ke 0 = Comply);1,64;Comply
202605;TREG 3;JATIM TIMUR;BANYUWANGI;BWG;migrate;24,00;PI;bima_customerassign_date kosong → pakai orca_pi_date (durasi negatif di-clamp ke 0 = Comply);5,83;Comply
202605;TREG 2;PRIANGAN BARAT;KUJANG;CPS;create;48,00;CustomerAssign;bima_customerassign_date tersedia (durasi negatif di-clamp ke 0 = Comply);27,13;Comply
202605;TREG 4;KALTIMTARA;TARAKAN;TRK;migrate;24,00;CustomerAssign;bima_customerassign_date tersedia (durasi negatif di-clamp ke 0 = Comply);1,22;Comply
202605;TREG 3;JATIM TIMUR;PROBOLINGGO;PBL;migrate;24,00;CustomerAssign;bima_customerassign_date tersedia (durasi negatif di-clamp ke 0 = Comply);8,25;Comply
202605;TREG 3;JATIM TIMUR;SIDOARJO;SPJ;migrate;24,00;PI;bima_customerassign_date kosong → pakai orca_pi_date (durasi negatif di-clamp ke 0 = Comply);5,63;Comply
202605;TREG 4;KALSELTENG;BANJARMASIN;ULI;migrate;24,00;CustomerAssign;bima_customerassign_date tersedia (durasi negatif di-clamp ke 0 = Comply);123,33;Not Comply
202605;TREG 3;SOLO JATENG TIMUR;SOLO;KRT;create;48,00;CustomerAssign;bima_customerassign_date tersedia (durasi negatif di-clamp ke 0 = Comply);0,00;Comply
202605;TREG 1;RIAU;BANGKINANG;ARK;migrate;24,00;CustomerAssign;bima_customerassign_date tersedia (durasi negatif di-clamp ke 0 = Comply);25,44;Not Comply
202605;TREG 3;BALI;DENPASAR CENTRUM;KLM;migrate;24,00;PI;bima_customerassign_date kosong → pakai orca_pi_date (durasi negatif di-clamp ke 0 = Comply);4,11;Comply
202605;TREG 3;YOGYA JATENG SELATAN;SLEMAN;PKM;migrate;24,00;CustomerAssign;bima_customerassign_date tersedia (durasi negatif di-clamp ke 0 = Comply);23,69;Comply
202605;TREG 5;SULBAGSEL;MAROS;SUD;create;48,00;CustomerAssign;bima_customerassign_date tersedia (durasi negatif di-clamp ke 0 = Comply);0,00;Comply
202605;TREG 3;BALI;DENPASAR CENTRUM;KLM;migrate;24,00;CustomerAssign;bima_customerassign_date tersedia (durasi negatif di-clamp ke 0 = Comply);8,94;Comply
202605;TREG 1;RIAU;BANGKINANG;ARK;migrate;24,00;CustomerAssign;bima_customerassign_date tersedia (durasi negatif di-clamp ke 0 = Comply);386,00;Not Comply
202605;TREG 2;JAKARTA CENTRUM;JAKUT;CIL;migrate;24,00;PI;bima_customerassign_date kosong → pakai orca_pi_date (durasi negatif di-clamp ke 0 = Comply);19,86;Comply
202605;TREG 2;BANDUNG;BANDUNG BARAT;CMI;migrate;24,00;PI;bima_customerassign_date kosong → pakai orca_pi_date (durasi negatif di-clamp ke 0 = Comply);5,18;Comply
202605;TREG 2;BEKASI KARAWANG;BEKASI;PKY;create;48,00;CustomerAssign;bima_customerassign_date tersedia (durasi negatif di-clamp ke 0 = Comply);105,37;Not Comply
202605;TREG 2;BANDUNG;BANDUNG;GGK;create;48,00;PI;bima_customerassign_date kosong → pakai orca_pi_date (durasi negatif di-clamp ke 0 = Comply);0,37;Comply
202605;TREG 2;JAKARTA OUTER;JAKSEL;CPE;create;48,00;PI;bima_customerassign_date kosong → pakai orca_pi_date (durasi negatif di-clamp ke 0 = Comply);2,50;Comply
202605;TREG 2;BEKASI KARAWANG;BEKASI;PKY;migrate;24,00;CustomerAssign;bima_customerassign_date tersedia (durasi negatif di-clamp ke 0 = Comply);4,89;Comply
202605;TREG 2;BANTEN;PASAR BARU;PSK;migrate;24,00;CustomerAssign;bima_customerassign_date tersedia (durasi negatif di-clamp ke 0 = Comply);9,90;Comply
202605;TREG 2;BEKASI KARAWANG;BEKASI;KRA;create;48,00;CustomerAssign;bima_customerassign_date tersedia (durasi negatif di-clamp ke 0 = Comply);27,00;Comply
202605;TREG 2;JAKARTA OUTER;JAKTIM;KRG;create;48,00;PI;bima_customerassign_date kosong → pakai orca_pi_date (durasi negatif di-clamp ke 0 = Comply);0,64;Comply
202605;TREG 4;BALIKPAPAN;BALIKPAPAN;GSA;migrate;24,00;PI;bima_customerassign_date kosong → pakai orca_pi_date (durasi negatif di-clamp ke 0 = Comply);5,16;Comply
202605;TREG 2;JAKARTA OUTER;JAKTIM;KLD;create;48,00;CustomerAssign;bima_customerassign_date tersedia (durasi negatif di-clamp ke 0 = Comply);58,05;Not Comply
202605;TREG 1;RIAU;RIKEP;BTC;migrate;24,00;PI;bima_customerassign_date kosong → pakai orca_pi_date (durasi negatif di-clamp ke 0 = Comply);24,27;Not Comply
202605;TREG 2;BANTEN;CIPUTAT;CLD;migrate;24,00;CustomerAssign;bima_customerassign_date tersedia (durasi negatif di-clamp ke 0 = Comply);27,15;Not Comply
202605;TREG 1;SUMBAR JAMBI;SUMBAR;LBY;migrate;24,00;CustomerAssign;bima_customerassign_date tersedia (durasi negatif di-clamp ke 0 = Comply);5,19;Comply
202605;TREG 2;JAKARTA INNER;JAKBAR;TGA;create;48,00;CustomerAssign;bima_customerassign_date tersedia (durasi negatif di-clamp ke 0 = Comply);0,00;Comply
202605;TREG 1;SUMBAR JAMBI;BUKIT TINGGI;LBB;migrate;24,00;CustomerAssign;bima_customerassign_date tersedia (durasi negatif di-clamp ke 0 = Comply);0,00;Comply
202605;TREG 2;JAKARTA OUTER;JAKSEL;JAG;create;48,00;PI;bima_customerassign_date kosong → pakai orca_pi_date (durasi negatif di-clamp ke 0 = Comply);2,33;Comply
202605;TREG 4;KALBAR;SINGKAWANG;SNW;migrate;24,00;CustomerAssign;bima_customerassign_date tersedia (durasi negatif di-clamp ke 0 = Comply);0,00;Comply
202605;TREG 4;KALBAR;PONTIANAK;PTK;migrate;24,00;CustomerAssign;bima_customerassign_date tersedia (durasi negatif di-clamp ke 0 = Comply);0,00;Comply
202605;TREG 4;KALBAR;SINTANG;STG;migrate;24,00;CustomerAssign;bima_customerassign_date tersedia (durasi negatif di-clamp ke 0 = Comply);106,44;Not Comply
202605;TREG 2;BEKASI KARAWANG;BEKASI;KRA;migrate;24,00;CustomerAssign;bima_customerassign_date tersedia (durasi negatif di-clamp ke 0 = Comply);53,51;Not Comply
202605;TREG 2;BANTEN;LENGKONG;SRP;create;48,00;CustomerAssign;bima_customerassign_date tersedia (durasi negatif di-clamp ke 0 = Comply);34,56;Comply
202605;TREG 3;SURAMADU;GRESIK;GSK;migrate;24,00;CustomerAssign;bima_customerassign_date tersedia (durasi negatif di-clamp ke 0 = Comply);5,61;Comply
202605;TREG 4;KALTIMTARA;TARAKAN;TRK;migrate;24,00;PI;bima_customerassign_date kosong → pakai orca_pi_date (durasi negatif di-clamp ke 0 = Comply);12,26;Comply
202605;TREG 2;BANTEN;CIPUTAT;PKU;migrate;24,00;PI;bima_customerassign_date kosong → pakai orca_pi_date (durasi negatif di-clamp ke 0 = Comply);6,37;Comply
202605;TREG 2;BANTEN;CIPUTAT;PKU;migrate;24,00;PI;bima_customerassign_date kosong → pakai orca_pi_date (durasi negatif di-clamp ke 0 = Comply);6,42;Comply
202605;TREG 4;BALIKPAPAN;BALIKPAPAN;KTB;create;48,00;CustomerAssign;bima_customerassign_date tersedia (durasi negatif di-clamp ke 0 = Comply);30,20;Comply
202605;TREG 1;RIAU;DUMAI;DRI;migrate;24,00;PI;bima_customerassign_date kosong → pakai orca_pi_date (durasi negatif di-clamp ke 0 = Comply);5,97;Comply
202605;TREG 1;RIAU;BANGKINANG;ARK;migrate;24,00;CustomerAssign;bima_customerassign_date tersedia (durasi negatif di-clamp ke 0 = Comply);198,54;Not Comply
202605;TREG 3;NUSA TENGGARA;NTB;MTR;migrate;24,00;CustomerAssign;bima_customerassign_date tersedia (durasi negatif di-clamp ke 0 = Comply);0,00;Comply
202605;TREG 3;JATIM BARAT;TULUNG AGUNG;TUL;migrate;24,00;CustomerAssign;bima_customerassign_date tersedia (durasi negatif di-clamp ke 0 = Comply);0,00;Comply
202605;TREG 1;RIAU;RIDAR;BKR;migrate;24,00;PI;bima_customerassign_date kosong → pakai orca_pi_date (durasi negatif di-clamp ke 0 = Comply);20,84;Comply
202605;TREG 2;BANTEN;LENGKONG;SRP;migrate;24,00;CustomerAssign;bima_customerassign_date tersedia (durasi negatif di-clamp ke 0 = Comply);0,00;Comply
202605;TREG 2;JAKARTA OUTER;JAKSEL;TBE;create;48,00;PI;bima_customerassign_date kosong → pakai orca_pi_date (durasi negatif di-clamp ke 0 = Comply);3,05;Comply
202605;TREG 1;SUMBAR JAMBI;SOLOK;SLK;create;48,00;CustomerAssign;bima_customerassign_date tersedia (durasi negatif di-clamp ke 0 = Comply);0,00;Comply
202605;TREG 1;RIAU;RIDAR;PBB;migrate;24,00;PI;bima_customerassign_date kosong → pakai orca_pi_date (durasi negatif di-clamp ke 0 = Comply);6,85;Comply
202605;TREG 2;PRIANGAN BARAT;DEPOK;DEP;migrate;24,00;CustomerAssign;bima_customerassign_date tersedia (durasi negatif di-clamp ke 0 = Comply);122,48;Not Comply
202605;TREG 2;JAKARTA OUTER;JAKSEL;KBY;migrate;24,00;PI;bima_customerassign_date kosong → pakai orca_pi_date (durasi negatif di-clamp ke 0 = Comply);13,24;Comply
202605;TREG 4;BALIKPAPAN;BALIKPAPAN;KTB;create;48,00;CustomerAssign;bima_customerassign_date tersedia (durasi negatif di-clamp ke 0 = Comply);72,68;Not Comply
202605;TREG 3;BALI;DENPASAR SELATAN;KUT;migrate;24,00;PI;bima_customerassign_date kosong → pakai orca_pi_date (durasi negatif di-clamp ke 0 = Comply);26,38;Not Comply
202605;TREG 3;BALI;DENPASAR UTARA;UBN;migrate;24,00;PI;bima_customerassign_date kosong → pakai orca_pi_date (durasi negatif di-clamp ke 0 = Comply);13,16;Comply
202605;TREG 2;PRIANGAN BARAT;DEPOK;SKJ;create;48,00;PI;bima_customerassign_date kosong → pakai orca_pi_date (durasi negatif di-clamp ke 0 = Comply);1,53;Comply
202605;TREG 1;RIAU;BANGKINANG;ARK;migrate;24,00;CustomerAssign;bima_customerassign_date tersedia (durasi negatif di-clamp ke 0 = Comply);56,19;Not Comply
202605;TREG 2;JAKARTA OUTER;JAKTIM;JTN;migrate;24,00;PI;bima_customerassign_date kosong → pakai orca_pi_date (durasi negatif di-clamp ke 0 = Comply);10,60;Comply
202605;TREG 2;BANTEN;PASAR BARU;TAN;migrate;24,00;PI;bima_customerassign_date kosong → pakai orca_pi_date (durasi negatif di-clamp ke 0 = Comply);22,36;Comply
202605;TREG 1;ACEH;LANGSA;KSG;migrate;24,00;CustomerAssign;bima_customerassign_date tersedia (durasi negatif di-clamp ke 0 = Comply);0,00;Comply
202605;TREG 2;JAKARTA OUTER;JAKTIM;GAN;migrate;24,00;CustomerAssign;bima_customerassign_date tersedia (durasi negatif di-clamp ke 0 = Comply);54,74;Not Comply
202605;TREG 2;BANTEN;CIPUTAT;CPA;migrate;24,00;CustomerAssign;bima_customerassign_date tersedia (durasi negatif di-clamp ke 0 = Comply);541,83;Not Comply
202605;TREG 2;JAKARTA OUTER;JAKSEL;BIN;create;48,00;PI;bima_customerassign_date kosong → pakai orca_pi_date (durasi negatif di-clamp ke 0 = Comply);3,49;Comply
202605;TREG 3;SURAMADU;SURABAYA UTARA;KNN;migrate;24,00;PI;bima_customerassign_date kosong → pakai orca_pi_date (durasi negatif di-clamp ke 0 = Comply);12,80;Comply
202605;TREG 1;SUMUT;MEDAN;CTD;migrate;24,00;CustomerAssign;bima_customerassign_date tersedia (durasi negatif di-clamp ke 0 = Comply);82,87;Not Comply
202605;TREG 4;KALTIMTARA;BONTANG;BOT;migrate;24,00;CustomerAssign;bima_customerassign_date tersedia (durasi negatif di-clamp ke 0 = Comply);71,64;Not Comply
202605;TREG 5;SULBAGTENG;PALU;PLB;migrate;24,00;CustomerAssign;bima_customerassign_date tersedia (durasi negatif di-clamp ke 0 = Comply);0,00;Comply
202605;TREG 2;BEKASI KARAWANG;BEKASI;KLB;migrate;24,00;CustomerAssign;bima_customerassign_date tersedia (durasi negatif di-clamp ke 0 = Comply);24,69;Not Comply
202605;TREG 1;SUMBAGSEL;BABEL;PGP;migrate;24,00;CustomerAssign;bima_customerassign_date tersedia (durasi negatif di-clamp ke 0 = Comply);67,74;Not Comply
202605;TREG 1;SUMBAGSEL;BELITUNG;TJN;migrate;24,00;CustomerAssign;bima_customerassign_date tersedia (durasi negatif di-clamp ke 0 = Comply);17,76;Comply
202605;TREG 3;SEMARANG JATENG UTARA;UNGARAN;ABR;migrate;24,00;CustomerAssign;bima_customerassign_date tersedia (durasi negatif di-clamp ke 0 = Comply);72,90;Not Comply
202605;TREG 4;KALSELTENG;BANJARBARU;BBR;migrate;24,00;CustomerAssign;bima_customerassign_date tersedia (durasi negatif di-clamp ke 0 = Comply);0,00;Comply
202605;TREG 5;PAPUA;ABEPURA;ABE;migrate;24,00;CustomerAssign;bima_customerassign_date tersedia (durasi negatif di-clamp ke 0 = Comply);89,94;Not Comply
202605;TREG 4;KALSELTENG;PANGKALAN BUN;PBU;migrate;24,00;CustomerAssign;bima_customerassign_date tersedia (durasi negatif di-clamp ke 0 = Comply);22,97;Comply
202605;TREG 2;BEKASI KARAWANG;BEKASI;KRA;migrate;24,00;PI;bima_customerassign_date kosong → pakai orca_pi_date (durasi negatif di-clamp ke 0 = Comply);22,79;Comply
202605;TREG 2;BEKASI KARAWANG;CIKARANG;JBB;migrate;24,00;PI;bima_customerassign_date kosong → pakai orca_pi_date (durasi negatif di-clamp ke 0 = Comply);21,70;Comply
202605;TREG 2;BANTEN;CIPUTAT;CPA;migrate;24,00;CustomerAssign;bima_customerassign_date tersedia (durasi negatif di-clamp ke 0 = Comply);68,10;Not Comply
202605;TREG 2;JAKARTA OUTER;JAKTIM;GAN;create;48,00;PI;bima_customerassign_date kosong → pakai orca_pi_date (durasi negatif di-clamp ke 0 = Comply);14,84;Comply
202605;TREG 4;KALSELTENG;TANJUNG TABALONG;TJL;migrate;24,00;CustomerAssign;bima_customerassign_date tersedia (durasi negatif di-clamp ke 0 = Comply);68,41;Not Comply
202605;TREG 4;KALTIMTARA;BONTANG;STT;migrate;24,00;PI;bima_customerassign_date kosong → pakai orca_pi_date (durasi negatif di-clamp ke 0 = Comply);20,15;Comply
202605;TREG 2;BEKASI KARAWANG;BEKASI;KRA;migrate;24,00;PI;bima_customerassign_date kosong → pakai orca_pi_date (durasi negatif di-clamp ke 0 = Comply);23,46;Comply
202605;TREG 1;ACEH;ACEH;MRU;migrate;24,00;CustomerAssign;bima_customerassign_date tersedia (durasi negatif di-clamp ke 0 = Comply);497,00;Not Comply
202605;TREG 3;SURAMADU;GRESIK;GSK;migrate;24,00;CustomerAssign;bima_customerassign_date tersedia (durasi negatif di-clamp ke 0 = Comply);48,01;Not Comply
202605;TREG 3;YOGYA JATENG SELATAN;PURWOKERTO;PWT;migrate;24,00;PI;bima_customerassign_date kosong → pakai orca_pi_date (durasi negatif di-clamp ke 0 = Comply);2,08;Comply
202605;TREG 4;KALTIMTARA;MELAK;TGG;migrate;24,00;CustomerAssign;bima_customerassign_date tersedia (durasi negatif di-clamp ke 0 = Comply);74,47;Not Comply
202605;TREG 4;BALIKPAPAN;BALIKPAPAN;BAM;create;48,00;PI;bima_customerassign_date kosong → pakai orca_pi_date (durasi negatif di-clamp ke 0 = Comply);0,46;Comply
202605;TREG 3;YOGYA JATENG SELATAN;PURWOKERTO;SUK;migrate;24,00;CustomerAssign;bima_customerassign_date tersedia (durasi negatif di-clamp ke 0 = Comply);67,61;Not Comply
202605;TREG 4;KALTIMTARA;BULUNGAN BERAU;TRD;migrate;24,00;CustomerAssign;bima_customerassign_date tersedia (durasi negatif di-clamp ke 0 = Comply);43,66;Not Comply
202605;TREG 4;KALTIMTARA;BULUNGAN BERAU;LNN;migrate;24,00;CustomerAssign;bima_customerassign_date tersedia (durasi negatif di-clamp ke 0 = Comply);117,75;Not Comply
202605;TREG 3;YOGYA JATENG SELATAN;CILACAP;MAN;migrate;24,00;CustomerAssign;bima_customerassign_date tersedia (durasi negatif di-clamp ke 0 = Comply);187,84;Not Comply
202605;TREG 3;YOGYA JATENG SELATAN;PURWOREJO;PWJ;migrate;24,00;CustomerAssign;bima_customerassign_date tersedia (durasi negatif di-clamp ke 0 = Comply);0,00;Comply
202605;TREG 5;PAPUA;SENTANI;SNI;migrate;24,00;CustomerAssign;bima_customerassign_date tersedia (durasi negatif di-clamp ke 0 = Comply);75,31;Not Comply
202605;TREG 2;JAKARTA OUTER;JAKTIM;KRG;create;48,00;CustomerAssign;bima_customerassign_date tersedia (durasi negatif di-clamp ke 0 = Comply);22,51;Comply
202605;TREG 3;JATIM BARAT;KEPANJEN;KEP;create;48,00;CustomerAssign;bima_customerassign_date tersedia (durasi negatif di-clamp ke 0 = Comply);0,00;Comply
202605;TREG 3;YOGYA JATENG SELATAN;PURWOKERTO;PWT;migrate;24,00;CustomerAssign;bima_customerassign_date tersedia (durasi negatif di-clamp ke 0 = Comply);1.412,60;Not Comply
202605;TREG 3;JATIM TIMUR;JOMBANG;JOM;migrate;24,00;PI;bima_customerassign_date kosong → pakai orca_pi_date (durasi negatif di-clamp ke 0 = Comply);2,61;Comply
202605;TREG 3;YOGYA JATENG SELATAN;PURWOKERTO;AJB;migrate;24,00;CustomerAssign;bima_customerassign_date tersedia (durasi negatif di-clamp ke 0 = Comply);243,63;Not Comply
202605;TREG 3;JATIM BARAT;MALANG;MLG;migrate;24,00;CustomerAssign;bima_customerassign_date tersedia (durasi negatif di-clamp ke 0 = Comply);44,69;Not Comply
202605;TREG 2;JAKARTA CENTRUM;JAKUT;KLG;migrate;24,00;PI;bima_customerassign_date kosong → pakai orca_pi_date (durasi negatif di-clamp ke 0 = Comply);0,94;Comply
202605;TREG 2;JAKARTA OUTER;JAKTIM;CWA;migrate;24,00;PI;bima_customerassign_date kosong → pakai orca_pi_date (durasi negatif di-clamp ke 0 = Comply);22,75;Comply
202605;TREG 2;BANTEN;BANTEN;CRS;create;48,00;PI;bima_customerassign_date kosong → pakai orca_pi_date (durasi negatif di-clamp ke 0 = Comply);3,62;Comply
202605;TREG 3;YOGYA JATENG SELATAN;PURWOKERTO;SUK;migrate;24,00;CustomerAssign;bima_customerassign_date tersedia (durasi negatif di-clamp ke 0 = Comply);260,87;Not Comply
202605;TREG 4;KALTIMTARA;SAMARINDA;LOB;create;48,00;CustomerAssign;bima_customerassign_date tersedia (durasi negatif di-clamp ke 0 = Comply);140,93;Not Comply
202605;TREG 2;JAKARTA OUTER;JAKTIM;JTN;migrate;24,00;PI;bima_customerassign_date kosong → pakai orca_pi_date (durasi negatif di-clamp ke 0 = Comply);16,81;Comply
202605;TREG 3;YOGYA JATENG SELATAN;BANJARNEGARA;KLP;migrate;24,00;CustomerAssign;bima_customerassign_date tersedia (durasi negatif di-clamp ke 0 = Comply);141,00;Not Comply
202605;TREG 3;YOGYA JATENG SELATAN;YOGYAKARTA;KEN;migrate;24,00;PI;bima_customerassign_date kosong → pakai orca_pi_date (durasi negatif di-clamp ke 0 = Comply);43,59;Not Comply
202605;TREG 2;PRIANGAN TIMUR;MAJALENGKA;MJL;migrate;24,00;PI;bima_customerassign_date kosong → pakai orca_pi_date (durasi negatif di-clamp ke 0 = Comply);22,08;Comply
202605;TREG 3;SURAMADU;SURABAYA SELATAN;WRU;create;48,00;PI;bima_customerassign_date kosong → pakai orca_pi_date (durasi negatif di-clamp ke 0 = Comply);0,60;Comply
202605;TREG 3;JATIM BARAT;TULUNG AGUNG;TUL;migrate;24,00;CustomerAssign;bima_customerassign_date tersedia (durasi negatif di-clamp ke 0 = Comply);76,41;Not Comply
202605;TREG 3;JATIM BARAT;MALANG;BLB;migrate;24,00;CustomerAssign;bima_customerassign_date tersedia (durasi negatif di-clamp ke 0 = Comply);47,42;Not Comply
202605;TREG 4;KALTIMTARA;SAMARINDA;LOB;create;48,00;CustomerAssign;bima_customerassign_date tersedia (durasi negatif di-clamp ke 0 = Comply);76,53;Not Comply
202605;TREG 4;KALTIMTARA;SAMARINDA;AGN;migrate;24,00;CustomerAssign;bima_customerassign_date tersedia (durasi negatif di-clamp ke 0 = Comply);45,57;Not Comply
202605;TREG 4;KALTIMTARA;SAMARINDA;SMR;migrate;24,00;PI;bima_customerassign_date kosong → pakai orca_pi_date (durasi negatif di-clamp ke 0 = Comply);23,03;Comply
202605;TREG 2;JAKARTA OUTER;JAKTIM;GAN;create;48,00;CustomerAssign;bima_customerassign_date tersedia (durasi negatif di-clamp ke 0 = Comply);45,67;Comply
202605;TREG 5;SULBAGSEL;MAKASSAR;PNK;migrate;24,00;CustomerAssign;bima_customerassign_date tersedia (durasi negatif di-clamp ke 0 = Comply);95,73;Not Comply
202605;TREG 2;BEKASI KARAWANG;KARAWANG;KLI;create;48,00;PI;bima_customerassign_date kosong → pakai orca_pi_date (durasi negatif di-clamp ke 0 = Comply);15,25;Comply
202605;TREG 4;KALSELTENG;TANJUNG TABALONG;BRI;migrate;24,00;CustomerAssign;bima_customerassign_date tersedia (durasi negatif di-clamp ke 0 = Comply);71,78;Not Comply
202605;TREG 4;KALTIMTARA;SAMARINDA;LOB;create;48,00;CustomerAssign;bima_customerassign_date tersedia (durasi negatif di-clamp ke 0 = Comply);0,00;Comply
202605;TREG 1;SUMUT;MEDAN;TJM;migrate;24,00;CustomerAssign;bima_customerassign_date tersedia (durasi negatif di-clamp ke 0 = Comply);0,00;Comply
202605;TREG 3;YOGYA JATENG SELATAN;PURWOREJO;PWJ;create;48,00;PI;bima_customerassign_date kosong → pakai orca_pi_date (durasi negatif di-clamp ke 0 = Comply);0,66;Comply
202605;TREG 2;JAKARTA INNER;JAKBAR;MRY;create;48,00;CustomerAssign;bima_customerassign_date tersedia (durasi negatif di-clamp ke 0 = Comply);0,00;Comply
202605;TREG 1;RIAU;RIKEP;LBJ;migrate;24,00;PI;bima_customerassign_date kosong → pakai orca_pi_date (durasi negatif di-clamp ke 0 = Comply);26,74;Not Comply
202605;TREG 1;RIAU;RIKEP;BTC;create;48,00;PI;bima_customerassign_date kosong → pakai orca_pi_date (durasi negatif di-clamp ke 0 = Comply);1,92;Comply
202605;TREG 4;KALTIMTARA;NUNUKAN;NNK;migrate;24,00;PI;bima_customerassign_date kosong → pakai orca_pi_date (durasi negatif di-clamp ke 0 = Comply);5,15;Comply
202605;TREG 2;BANTEN;PASAR BARU;TAN;create;48,00;CustomerAssign;bima_customerassign_date tersedia (durasi negatif di-clamp ke 0 = Comply);77,34;Not Comply
202605;TREG 3;BALI;DENPASAR SELATAN;BNO;migrate;24,00;CustomerAssign;bima_customerassign_date tersedia (durasi negatif di-clamp ke 0 = Comply);48,35;Not Comply
202605;TREG 2;BANTEN;LENGKONG;LKG;create;48,00;PI;bima_customerassign_date kosong → pakai orca_pi_date (durasi negatif di-clamp ke 0 = Comply);21,15;Comply
202605;TREG 2;PRIANGAN TIMUR;CIAMIS;CMS;migrate;24,00;CustomerAssign;bima_customerassign_date tersedia (durasi negatif di-clamp ke 0 = Comply);96,45;Not Comply
202605;TREG 2;BANDUNG;BANDUNG;BDK;migrate;24,00;PI;bima_customerassign_date kosong → pakai orca_pi_date (durasi negatif di-clamp ke 0 = Comply);44,21;Not Comply
202605;TREG 4;KALSELTENG;BANJARMASIN;ULI;migrate;24,00;CustomerAssign;bima_customerassign_date tersedia (durasi negatif di-clamp ke 0 = Comply);48,60;Not Comply
202605;TREG 4;KALTIMTARA;SAMARINDA;SEM;create;48,00;CustomerAssign;bima_customerassign_date tersedia (durasi negatif di-clamp ke 0 = Comply);29,63;Comply
202605;TREG 4;BALIKPAPAN;BALIKPAPAN;KTB;migrate;24,00;CustomerAssign;bima_customerassign_date tersedia (durasi negatif di-clamp ke 0 = Comply);53,69;Not Comply
202605;TREG 2;BANDUNG;BANDUNG BARAT;CMI;migrate;24,00;PI;bima_customerassign_date kosong → pakai orca_pi_date (durasi negatif di-clamp ke 0 = Comply);3,15;Comply
202605;TREG 3;JATIM BARAT;BATU;KPO;create;48,00;PI;bima_customerassign_date kosong → pakai orca_pi_date (durasi negatif di-clamp ke 0 = Comply);0,86;Comply
202605;TREG 5;SULBAGSEL;GOWA;SUG;create;48,00;PI;bima_customerassign_date kosong → pakai orca_pi_date (durasi negatif di-clamp ke 0 = Comply);1,45;Comply
202605;TREG 2;BANTEN;LENGKONG;CUG;create;48,00;PI;bima_customerassign_date kosong → pakai orca_pi_date (durasi negatif di-clamp ke 0 = Comply);1,42;Comply
202605;TREG 2;BANTEN;CIPUTAT;PDR;create;48,00;PI;bima_customerassign_date kosong → pakai orca_pi_date (durasi negatif di-clamp ke 0 = Comply);1,04;Comply
202605;TREG 2;JAKARTA OUTER;JAKSEL;PSM;create;48,00;PI;bima_customerassign_date kosong → pakai orca_pi_date (durasi negatif di-clamp ke 0 = Comply);22,77;Comply
202605;TREG 2;JAKARTA OUTER;JAKSEL;KAL;create;48,00;CustomerAssign;bima_customerassign_date tersedia (durasi negatif di-clamp ke 0 = Comply);48,92;Not Comply
202605;TREG 5;SULBAGSEL;MAKASSAR;PNK;migrate;24,00;CustomerAssign;bima_customerassign_date tersedia (durasi negatif di-clamp ke 0 = Comply);216,95;Not Comply
202605;TREG 2;JAKARTA CENTRUM;JAKPUS;GBC;migrate;24,00;CustomerAssign;bima_customerassign_date tersedia (durasi negatif di-clamp ke 0 = Comply);73,08;Not Comply
202605;TREG 2;PRIANGAN BARAT;KUJANG;BOO;migrate;24,00;CustomerAssign;bima_customerassign_date tersedia (durasi negatif di-clamp ke 0 = Comply);30,21;Not Comply
202605;TREG 4;KALSELTENG;BANJARBARU;BBR;migrate;24,00;CustomerAssign;bima_customerassign_date tersedia (durasi negatif di-clamp ke 0 = Comply);71,21;Not Comply
202605;TREG 5;SUMALUT;MINAHASA;TDN;migrate;24,00;CustomerAssign;bima_customerassign_date tersedia (durasi negatif di-clamp ke 0 = Comply);654,31;Not Comply
202605;TREG 1;SUMUT;MEDAN;TJM;migrate;24,00;PI;bima_customerassign_date kosong → pakai orca_pi_date (durasi negatif di-clamp ke 0 = Comply);20,07;Comply
202605;TREG 4;BALIKPAPAN;BALIKPAPAN;BRU;create;48,00;PI;bima_customerassign_date kosong → pakai orca_pi_date (durasi negatif di-clamp ke 0 = Comply);2,21;Comply
202605;TREG 2;JAKARTA OUTER;JAKSEL;KBY;migrate;24,00;PI;bima_customerassign_date kosong → pakai orca_pi_date (durasi negatif di-clamp ke 0 = Comply);21,94;Comply
202605;TREG 2;BEKASI KARAWANG;CIKARANG;EJI;migrate;24,00;PI;bima_customerassign_date kosong → pakai orca_pi_date (durasi negatif di-clamp ke 0 = Comply);28,55;Not Comply
202605;TREG 3;YOGYA JATENG SELATAN;MAGELANG;MGE;migrate;24,00;CustomerAssign;bima_customerassign_date tersedia (durasi negatif di-clamp ke 0 = Comply);95,70;Not Comply
202605;TREG 4;KALTIMTARA;MELAK;SBR;migrate;24,00;CustomerAssign;bima_customerassign_date tersedia (durasi negatif di-clamp ke 0 = Comply);409,80;Not Comply
202605;TREG 1;SUMUT;MEDAN;SKI;create;48,00;PI;bima_customerassign_date kosong → pakai orca_pi_date (durasi negatif di-clamp ke 0 = Comply);6,76;Comply
202605;TREG 5;SULBAGSEL;MAKASSAR;MAT;migrate;24,00;CustomerAssign;bima_customerassign_date tersedia (durasi negatif di-clamp ke 0 = Comply);0,04;Comply
202605;TREG 2;JAKARTA OUTER;JAKSEL;KBY;migrate;24,00;PI;bima_customerassign_date kosong → pakai orca_pi_date (durasi negatif di-clamp ke 0 = Comply);4,66;Comply
202605;TREG 4;KALSELTENG;BANJARBARU;BBR;migrate;24,00;PI;bima_customerassign_date kosong → pakai orca_pi_date (durasi negatif di-clamp ke 0 = Comply);2,59;Comply
202605;TREG 3;SURAMADU;SURABAYA SELATAN;DMO;create;48,00;PI;bima_customerassign_date kosong → pakai orca_pi_date (durasi negatif di-clamp ke 0 = Comply);30,98;Comply
202605;TREG 3;YOGYA JATENG SELATAN;PURWOKERTO;PWT;migrate;24,00;CustomerAssign;bima_customerassign_date tersedia (durasi negatif di-clamp ke 0 = Comply);79,16;Not Comply
202605;TREG 3;YOGYA JATENG SELATAN;PURBALINGGA;PBG;migrate;24,00;CustomerAssign;bima_customerassign_date tersedia (durasi negatif di-clamp ke 0 = Comply);0,00;Comply
202605;TREG 1;RIAU;RIKEP;SKN;create;48,00;CustomerAssign;bima_customerassign_date tersedia (durasi negatif di-clamp ke 0 = Comply);0,00;Comply
202605;TREG 2;JAKARTA OUTER;JAKTIM;JTN;create;48,00;PI;bima_customerassign_date kosong → pakai orca_pi_date (durasi negatif di-clamp ke 0 = Comply);2,19;Comply
202605;TREG 2;BEKASI KARAWANG;BEKASI;PKY;create;48,00;PI;bima_customerassign_date kosong → pakai orca_pi_date (durasi negatif di-clamp ke 0 = Comply);7,19;Comply
202605;TREG 3;SURAMADU;SURABAYA UTARA;KBL;migrate;24,00;CustomerAssign;bima_customerassign_date tersedia (durasi negatif di-clamp ke 0 = Comply);7,47;Comply
202605;TREG 5;SULBAGSEL;GOWA;SUG;create;48,00;CustomerAssign;bima_customerassign_date tersedia (durasi negatif di-clamp ke 0 = Comply);31,50;Comply
202605;TREG 3;YOGYA JATENG SELATAN;YOGYAKARTA;KEN;create;48,00;CustomerAssign;bima_customerassign_date tersedia (durasi negatif di-clamp ke 0 = Comply);31,52;Comply
202605;TREG 2;JAKARTA INNER;JAKBAR;PLM;migrate;24,00;CustomerAssign;bima_customerassign_date tersedia (durasi negatif di-clamp ke 0 = Comply);31,60;Not Comply
202605;TREG 2;JAKARTA OUTER;JAKSEL;CPE;migrate;24,00;PI;bima_customerassign_date kosong → pakai orca_pi_date (durasi negatif di-clamp ke 0 = Comply);3,16;Comply
202605;TREG 2;JAKARTA INNER;JAKBAR;PLM;migrate;24,00;CustomerAssign;bima_customerassign_date tersedia (durasi negatif di-clamp ke 0 = Comply);31,62;Not Comply
202605;TREG 4;BALIKPAPAN;BALIKPAPAN;GSA;create;48,00;CustomerAssign;bima_customerassign_date tersedia (durasi negatif di-clamp ke 0 = Comply);96,77;Not Comply
202605;TREG 1;SUMUT;SUMUT;PMS;migrate;24,00;CustomerAssign;bima_customerassign_date tersedia (durasi negatif di-clamp ke 0 = Comply);26,99;Not Comply
202605;TREG 4;KALSELTENG;MUARA TEWEH;BNT;migrate;24,00;PI;bima_customerassign_date kosong → pakai orca_pi_date (durasi negatif di-clamp ke 0 = Comply);7,66;Comply
202605;TREG 2;BANDUNG;BANDUNG;TLE;create;48,00;PI;bima_customerassign_date kosong → pakai orca_pi_date (durasi negatif di-clamp ke 0 = Comply);0,68;Comply
202605;TREG 4;BALIKPAPAN;BALIKPAPAN;BRU;create;48,00;PI;bima_customerassign_date kosong → pakai orca_pi_date (durasi negatif di-clamp ke 0 = Comply);2,13;Comply
202605;TREG 2;PRIANGAN BARAT;CIBINONG;CLS;create;48,00;CustomerAssign;bima_customerassign_date tersedia (durasi negatif di-clamp ke 0 = Comply);0,00;Comply
202605;TREG 1;RIAU;RIKEP;BTC;migrate;24,00;PI;bima_customerassign_date kosong → pakai orca_pi_date (durasi negatif di-clamp ke 0 = Comply);6,45;Comply
202605;TREG 3;SURAMADU;SURABAYA SELATAN;RKT;create;48,00;PI;bima_customerassign_date kosong → pakai orca_pi_date (durasi negatif di-clamp ke 0 = Comply);2,90;Comply
202605;TREG 1;SUMUT;MEDAN;SKI;migrate;24,00;PI;bima_customerassign_date kosong → pakai orca_pi_date (durasi negatif di-clamp ke 0 = Comply);5,14;Comply
202605;TREG 4;BALIKPAPAN;BALIKPAPAN;BRU;migrate;24,00;PI;bima_customerassign_date kosong → pakai orca_pi_date (durasi negatif di-clamp ke 0 = Comply);4,84;Comply
202605;TREG 5;SUMALUT;AMBON;ABO;migrate;24,00;PI;bima_customerassign_date kosong → pakai orca_pi_date (durasi negatif di-clamp ke 0 = Comply);7,31;Comply
202605;TREG 1;RIAU;RIDAR;PBB;migrate;24,00;CustomerAssign;bima_customerassign_date tersedia (durasi negatif di-clamp ke 0 = Comply);1,65;Comply
202605;TREG 5;SULBAGTENG;MARISA;ISM;migrate;24,00;PI;bima_customerassign_date kosong → pakai orca_pi_date (durasi negatif di-clamp ke 0 = Comply);7,12;Comply
202605;TREG 2;BANTEN;PASAR BARU;PSK;migrate;24,00;PI;bima_customerassign_date kosong → pakai orca_pi_date (durasi negatif di-clamp ke 0 = Comply);21,91;Comply
202605;TREG 3;SOLO JATENG TIMUR;PURWODADI;WRO;migrate;24,00;CustomerAssign;bima_customerassign_date tersedia (durasi negatif di-clamp ke 0 = Comply);32,80;Not Comply
202605;TREG 2;PRIANGAN TIMUR;TASIKMALAYA;TSM;migrate;24,00;PI;bima_customerassign_date kosong → pakai orca_pi_date (durasi negatif di-clamp ke 0 = Comply);3,99;Comply
202605;TREG 4;KALTIMTARA;BULUNGAN BERAU;LNN;migrate;24,00;PI;bima_customerassign_date kosong → pakai orca_pi_date (durasi negatif di-clamp ke 0 = Comply);4,81;Comply
202605;TREG 4;KALTIMTARA;TARAKAN;TRK;migrate;24,00;CustomerAssign;bima_customerassign_date tersedia (durasi negatif di-clamp ke 0 = Comply);8,86;Comply
202605;TREG 2;PRIANGAN BARAT;KUJANG;BOO;create;48,00;CustomerAssign;bima_customerassign_date tersedia (durasi negatif di-clamp ke 0 = Comply);52,02;Not Comply
202605;TREG 4;KALTIMTARA;SAMARINDA;SMR;migrate;24,00;PI;bima_customerassign_date kosong → pakai orca_pi_date (durasi negatif di-clamp ke 0 = Comply);4,23;Comply
202605;TREG 1;SUMBAGSEL;SUMSEL;KTU;create;48,00;CustomerAssign;bima_customerassign_date tersedia (durasi negatif di-clamp ke 0 = Comply);76,13;Not Comply
202605;TREG 2;BANDUNG;SUMEDANG;CJA;create;48,00;PI;bima_customerassign_date kosong → pakai orca_pi_date (durasi negatif di-clamp ke 0 = Comply);4,00;Comply
202605;TREG 1;ACEH;LHOKSEUMAWE;BIR;migrate;24,00;CustomerAssign;bima_customerassign_date tersedia (durasi negatif di-clamp ke 0 = Comply);50,19;Not Comply
202605;TREG 2;JAKARTA CENTRUM;JAKUT;TPR;migrate;24,00;PI;bima_customerassign_date kosong → pakai orca_pi_date (durasi negatif di-clamp ke 0 = Comply);1,71;Comply
202605;TREG 1;SUMUT;MEDAN;DLT;migrate;24,00;PI;bima_customerassign_date kosong → pakai orca_pi_date (durasi negatif di-clamp ke 0 = Comply);47,77;Not Comply
202605;TREG 4;KALSELTENG;BANJARBARU;BBR;migrate;24,00;PI;bima_customerassign_date kosong → pakai orca_pi_date (durasi negatif di-clamp ke 0 = Comply);7,57;Comply
202605;TREG 4;KALSELTENG;BANJARMASIN;ULI;migrate;24,00;CustomerAssign;bima_customerassign_date tersedia (durasi negatif di-clamp ke 0 = Comply);244,40;Not Comply
202605;TREG 4;BALIKPAPAN;BALIKPAPAN;KJN;create;48,00;PI;bima_customerassign_date kosong → pakai orca_pi_date (durasi negatif di-clamp ke 0 = Comply);2,27;Comply
202605;TREG 3;BALI;GIANYAR;UBU;migrate;24,00;CustomerAssign;bima_customerassign_date tersedia (durasi negatif di-clamp ke 0 = Comply);100,44;Not Comply
202605;TREG 4;KALTIMTARA;BONTANG;BOT;migrate;24,00;PI;bima_customerassign_date kosong → pakai orca_pi_date (durasi negatif di-clamp ke 0 = Comply);4,59;Comply
202605;TREG 3;SEMARANG JATENG UTARA;SLAWI;SLW;migrate;24,00;CustomerAssign;bima_customerassign_date tersedia (durasi negatif di-clamp ke 0 = Comply);268,48;Not Comply
202605;TREG 4;KALTIMTARA;BULUNGAN BERAU;TRD;create;48,00;PI;bima_customerassign_date kosong → pakai orca_pi_date (durasi negatif di-clamp ke 0 = Comply);5,12;Comply
202605;TREG 4;KALTIMTARA;MELAK;SBR;create;48,00;CustomerAssign;bima_customerassign_date tersedia (durasi negatif di-clamp ke 0 = Comply);52,50;Not Comply
202605;TREG 2;BANDUNG;BANDUNG BARAT;CMI;migrate;24,00;PI;bima_customerassign_date kosong → pakai orca_pi_date (durasi negatif di-clamp ke 0 = Comply);3,92;Comply
202605;TREG 2;JAKARTA CENTRUM;JAKPUS;GBC;migrate;24,00;CustomerAssign;bima_customerassign_date tersedia (durasi negatif di-clamp ke 0 = Comply);98,59;Not Comply
202605;TREG 1;RIAU;TANJUNG PINANG;RAI;migrate;24,00;PI;bima_customerassign_date kosong → pakai orca_pi_date (durasi negatif di-clamp ke 0 = Comply);8,02;Comply
202605;TREG 2;JAKARTA INNER;JAKBAR;MRY;migrate;24,00;CustomerAssign;bima_customerassign_date tersedia (durasi negatif di-clamp ke 0 = Comply);28,63;Not Comply
202605;TREG 3;SOLO JATENG TIMUR;PURWODADI;PWB;migrate;24,00;PI;bima_customerassign_date kosong → pakai orca_pi_date (durasi negatif di-clamp ke 0 = Comply);7,59;Comply
202605;TREG 3;SOLO JATENG TIMUR;SOLO;GLD;migrate;24,00;CustomerAssign;bima_customerassign_date tersedia (durasi negatif di-clamp ke 0 = Comply);26,79;Not Comply
202605;TREG 1;RIAU;INDRAGIRI;TBH;migrate;24,00;CustomerAssign;bima_customerassign_date tersedia (durasi negatif di-clamp ke 0 = Comply);81,85;Not Comply
202605;TREG 3;BALI;DENPASAR SELATAN;BNO;create;48,00;PI;bima_customerassign_date kosong → pakai orca_pi_date (durasi negatif di-clamp ke 0 = Comply);2,20;Comply
202605;TREG 4;KALTIMTARA;TARAKAN;TAJ;create;48,00;CustomerAssign;bima_customerassign_date tersedia (durasi negatif di-clamp ke 0 = Comply);4,86;Comply
202605;TREG 2;JAKARTA OUTER;JAKSEL;TBE;create;48,00;CustomerAssign;bima_customerassign_date tersedia (durasi negatif di-clamp ke 0 = Comply);57,92;Not Comply
202605;TREG 2;JAKARTA OUTER;JAKSEL;CPE;migrate;24,00;PI;bima_customerassign_date kosong → pakai orca_pi_date (durasi negatif di-clamp ke 0 = Comply);29,18;Not Comply
202605;TREG 3;JATIM TIMUR;PASURUAN;PSN;migrate;24,00;PI;bima_customerassign_date kosong → pakai orca_pi_date (durasi negatif di-clamp ke 0 = Comply);5,73;Comply
202605;TREG 3;JATIM TIMUR;MOJOKERTO;MJS;migrate;24,00;PI;bima_customerassign_date kosong → pakai orca_pi_date (durasi negatif di-clamp ke 0 = Comply);2,93;Comply
202605;TREG 2;BANTEN;CIKUPA;CSK;create;48,00;CustomerAssign;bima_customerassign_date tersedia (durasi negatif di-clamp ke 0 = Comply);34,17;Comply
202605;TREG 2;BANTEN;CIPUTAT;PKU;migrate;24,00;PI;bima_customerassign_date kosong → pakai orca_pi_date (durasi negatif di-clamp ke 0 = Comply);24,34;Not Comply
202605;TREG 5;SULBAGSEL;GOWA;SUG;create;48,00;PI;bima_customerassign_date kosong → pakai orca_pi_date (durasi negatif di-clamp ke 0 = Comply);27,09;Comply
202605;TREG 2;BEKASI KARAWANG;KARAWANG;KLI;migrate;24,00;PI;bima_customerassign_date kosong → pakai orca_pi_date (durasi negatif di-clamp ke 0 = Comply);48,84;Not Comply
202605;TREG 2;JAKARTA INNER;JAKBAR;MRY;migrate;24,00;PI;bima_customerassign_date kosong → pakai orca_pi_date (durasi negatif di-clamp ke 0 = Comply);32,61;Not Comply
202605;TREG 3;SEMARANG JATENG UTARA;SALATIGA;SLI;migrate;24,00;CustomerAssign;bima_customerassign_date tersedia (durasi negatif di-clamp ke 0 = Comply);75,40;Not Comply
202605;TREG 1;SUMUT;MEDAN;TMU;migrate;24,00;PI;bima_customerassign_date kosong → pakai orca_pi_date (durasi negatif di-clamp ke 0 = Comply);21,64;Comply
202605;TREG 4;BALIKPAPAN;BALIKPAPAN;GSA;migrate;24,00;CustomerAssign;bima_customerassign_date tersedia (durasi negatif di-clamp ke 0 = Comply);123,43;Not Comply
202605;TREG 2;BEKASI KARAWANG;CIKARANG;SUE;create;48,00;PI;bima_customerassign_date kosong → pakai orca_pi_date (durasi negatif di-clamp ke 0 = Comply);20,42;Comply
202605;TREG 3;YOGYA JATENG SELATAN;PURWOKERTO;PWT;migrate;24,00;CustomerAssign;bima_customerassign_date tersedia (durasi negatif di-clamp ke 0 = Comply);152,50;Not Comply
202605;TREG 5;SULBAGTENG;PALU;PLB;migrate;24,00;CustomerAssign;bima_customerassign_date tersedia (durasi negatif di-clamp ke 0 = Comply);242,58;Not Comply
202605;TREG 2;JAKARTA OUTER;JAKTIM;JTN;migrate;24,00;PI;bima_customerassign_date kosong → pakai orca_pi_date (durasi negatif di-clamp ke 0 = Comply);2,06;Comply
202605;TREG 4;BALIKPAPAN;BALIKPAPAN;BRU;create;48,00;CustomerAssign;bima_customerassign_date tersedia (durasi negatif di-clamp ke 0 = Comply);0,00;Comply
202605;TREG 3;BALI;DENPASAR CENTRUM;KLM;migrate;24,00;PI;bima_customerassign_date kosong → pakai orca_pi_date (durasi negatif di-clamp ke 0 = Comply);6,32;Comply
202605;TREG 4;BALIKPAPAN;BALIKPAPAN;BRU;create;48,00;PI;bima_customerassign_date kosong → pakai orca_pi_date (durasi negatif di-clamp ke 0 = Comply);5,61;Comply
202605;TREG 4;BALIKPAPAN;BALIKPAPAN;KTB;create;48,00;CustomerAssign;bima_customerassign_date tersedia (durasi negatif di-clamp ke 0 = Comply);94,67;Not Comply
202605;TREG 2;BEKASI KARAWANG;BEKASI;KRA;migrate;24,00;PI;bima_customerassign_date kosong → pakai orca_pi_date (durasi negatif di-clamp ke 0 = Comply);4,82;Comply
202605;TREG 4;BALIKPAPAN;BALIKPAPAN;GSA;migrate;24,00;PI;bima_customerassign_date kosong → pakai orca_pi_date (durasi negatif di-clamp ke 0 = Comply);6,03;Comply
202605;TREG 4;BALIKPAPAN;TANAHGROGOT;BTK;migrate;24,00;CustomerAssign;bima_customerassign_date tersedia (durasi negatif di-clamp ke 0 = Comply);34,81;Not Comply
202605;TREG 2;PRIANGAN BARAT;DEPOK;SKJ;migrate;24,00;PI;bima_customerassign_date kosong → pakai orca_pi_date (durasi negatif di-clamp ke 0 = Comply);9,48;Comply
202605;TREG 1;SUMUT;MEDAN;PUB;create;48,00;PI;bima_customerassign_date kosong → pakai orca_pi_date (durasi negatif di-clamp ke 0 = Comply);10,82;Comply
202605;TREG 1;SUMUT;MEDAN;DLT;migrate;24,00;PI;bima_customerassign_date kosong → pakai orca_pi_date (durasi negatif di-clamp ke 0 = Comply);1,49;Comply
202605;TREG 4;BALIKPAPAN;BALIKPAPAN;BRU;migrate;24,00;CustomerAssign;bima_customerassign_date tersedia (durasi negatif di-clamp ke 0 = Comply);78,20;Not Comply
202605;TREG 4;KALSELTENG;TANJUNG TABALONG;KDG;create;48,00;CustomerAssign;bima_customerassign_date tersedia (durasi negatif di-clamp ke 0 = Comply);0,00;Comply
202605;TREG 3;JATIM TIMUR;SIBO;SIT;migrate;24,00;PI;bima_customerassign_date kosong → pakai orca_pi_date (durasi negatif di-clamp ke 0 = Comply);5,97;Comply
202605;TREG 2;BANTEN;BANTEN;SEG;migrate;24,00;PI;bima_customerassign_date kosong → pakai orca_pi_date (durasi negatif di-clamp ke 0 = Comply);8,09;Comply
202605;TREG 4;KALSELTENG;BATULICIN;BLC;create;48,00;PI;bima_customerassign_date kosong → pakai orca_pi_date (durasi negatif di-clamp ke 0 = Comply);0,67;Comply
202605;TREG 2;PRIANGAN BARAT;KUJANG;DMG;migrate;24,00;CustomerAssign;bima_customerassign_date tersedia (durasi negatif di-clamp ke 0 = Comply);76,39;Not Comply
202605;TREG 2;BANTEN;PASAR BARU;GDS;create;48,00;PI;bima_customerassign_date kosong → pakai orca_pi_date (durasi negatif di-clamp ke 0 = Comply);0,79;Comply
202605;TREG 1;SUMUT;MEDAN;SPM;migrate;24,00;CustomerAssign;bima_customerassign_date tersedia (durasi negatif di-clamp ke 0 = Comply);131,45;Not Comply
202605;TREG 1;LAMPUNG BENGKULU;PRINGSEWU;BKM;migrate;24,00;PI;bima_customerassign_date kosong → pakai orca_pi_date (durasi negatif di-clamp ke 0 = Comply);8,72;Comply
202605;TREG 2;JAKARTA OUTER;JAKSEL;KAL;migrate;24,00;PI;bima_customerassign_date kosong → pakai orca_pi_date (durasi negatif di-clamp ke 0 = Comply);9,30;Comply
202605;TREG 2;BANTEN;CILEGON;CLG;migrate;24,00;PI;bima_customerassign_date kosong → pakai orca_pi_date (durasi negatif di-clamp ke 0 = Comply);6,85;Comply
202605;TREG 2;BEKASI KARAWANG;BEKASI;KLB;migrate;24,00;PI;bima_customerassign_date kosong → pakai orca_pi_date (durasi negatif di-clamp ke 0 = Comply);6,33;Comply
202605;TREG 2;BANDUNG;SUMEDANG;UBR;migrate;24,00;CustomerAssign;bima_customerassign_date tersedia (durasi negatif di-clamp ke 0 = Comply);52,71;Not Comply
202605;TREG 3;JATIM TIMUR;PROBOLINGGO;KRZ;migrate;24,00;PI;bima_customerassign_date kosong → pakai orca_pi_date (durasi negatif di-clamp ke 0 = Comply);5,25;Comply
202605;TREG 4;KALTIMTARA;NUNUKAN;MLN;migrate;24,00;PI;bima_customerassign_date kosong → pakai orca_pi_date (durasi negatif di-clamp ke 0 = Comply);10,93;Comply
202605;TREG 3;SEMARANG JATENG UTARA;SEMARANG;MJP;migrate;24,00;PI;bima_customerassign_date kosong → pakai orca_pi_date (durasi negatif di-clamp ke 0 = Comply);3,06;Comply
202605;TREG 4;BALIKPAPAN;BALIKPAPAN;BRU;create;48,00;PI;bima_customerassign_date kosong → pakai orca_pi_date (durasi negatif di-clamp ke 0 = Comply);3,72;Comply
202605;TREG 1;SUMUT;MEDAN;CTD;migrate;24,00;PI;bima_customerassign_date kosong → pakai orca_pi_date (durasi negatif di-clamp ke 0 = Comply);4,45;Comply
202605;TREG 2;BANDUNG;SUMEDANG;CJA;migrate;24,00;CustomerAssign;bima_customerassign_date tersedia (durasi negatif di-clamp ke 0 = Comply);101,18;Not Comply
202605;TREG 3;SURAMADU;MADURA;SPG;migrate;24,00;CustomerAssign;bima_customerassign_date tersedia (durasi negatif di-clamp ke 0 = Comply);0,00;Comply
202605;TREG 1;SUMBAGSEL;LUBUK LINGGAU;LLG;migrate;24,00;CustomerAssign;bima_customerassign_date tersedia (durasi negatif di-clamp ke 0 = Comply);439,60;Not Comply
202605;TREG 1;SUMUT;LUBUK PAKAM;GLG;migrate;24,00;CustomerAssign;bima_customerassign_date tersedia (durasi negatif di-clamp ke 0 = Comply);149,64;Not Comply
202605;TREG 1;SUMUT;BINJAI;BJI;migrate;24,00;CustomerAssign;bima_customerassign_date tersedia (durasi negatif di-clamp ke 0 = Comply);101,67;Not Comply
202605;TREG 3;SURAMADU;GRESIK;GSK;migrate;24,00;CustomerAssign;bima_customerassign_date tersedia (durasi negatif di-clamp ke 0 = Comply);7,89;Comply
202605;TREG 3;JATIM BARAT;MALANG;BLB;migrate;24,00;PI;bima_customerassign_date kosong → pakai orca_pi_date (durasi negatif di-clamp ke 0 = Comply);8,69;Comply
202605;TREG 3;JATIM BARAT;MALANG;MLG;migrate;24,00;PI;bima_customerassign_date kosong → pakai orca_pi_date (durasi negatif di-clamp ke 0 = Comply);11,18;Comply
202605;TREG 2;BANTEN;CIPUTAT;CPA;create;48,00;PI;bima_customerassign_date kosong → pakai orca_pi_date (durasi negatif di-clamp ke 0 = Comply);8,20;Comply
202605;TREG 3;YOGYA JATENG SELATAN;PURWOREJO;PWJ;migrate;24,00;CustomerAssign;bima_customerassign_date tersedia (durasi negatif di-clamp ke 0 = Comply);270,66;Not Comply
202605;TREG 3;JATIM TIMUR;SIDOARJO;SDA;migrate;24,00;PI;bima_customerassign_date kosong → pakai orca_pi_date (durasi negatif di-clamp ke 0 = Comply);6,39;Comply
202605;TREG 3;BALI;DENPASAR SELATAN;BNO;create;48,00;PI;bima_customerassign_date kosong → pakai orca_pi_date (durasi negatif di-clamp ke 0 = Comply);11,90;Comply
202605;TREG 2;JAKARTA OUTER;JAKSEL;TBE;create;48,00;CustomerAssign;bima_customerassign_date tersedia (durasi negatif di-clamp ke 0 = Comply);109,79;Not Comply
202605;TREG 2;PRIANGAN BARAT;KUJANG;CPS;migrate;24,00;PI;bima_customerassign_date kosong → pakai orca_pi_date (durasi negatif di-clamp ke 0 = Comply);12,65;Comply
202605;TREG 2;JAKARTA OUTER;JAKSEL;TBE;migrate;24,00;PI;bima_customerassign_date kosong → pakai orca_pi_date (durasi negatif di-clamp ke 0 = Comply);128,79;Not Comply
202605;TREG 2;JAKARTA OUTER;JAKSEL;TBE;create;48,00;CustomerAssign;bima_customerassign_date tersedia (durasi negatif di-clamp ke 0 = Comply);223,29;Not Comply
202605;TREG 2;BANDUNG;BANDUNG;BDK;migrate;24,00;CustomerAssign;bima_customerassign_date tersedia (durasi negatif di-clamp ke 0 = Comply);105,88;Not Comply
202605;TREG 2;BANDUNG;SUMEDANG;CJA;migrate;24,00;PI;bima_customerassign_date kosong → pakai orca_pi_date (durasi negatif di-clamp ke 0 = Comply);37,13;Not Comply
202605;TREG 1;ACEH;LANGSA;LGS;migrate;24,00;CustomerAssign;bima_customerassign_date tersedia (durasi negatif di-clamp ke 0 = Comply);56,34;Not Comply
202605;TREG 1;RIAU;BANGKINANG;PKR;migrate;24,00;PI;bima_customerassign_date kosong → pakai orca_pi_date (durasi negatif di-clamp ke 0 = Comply);54,94;Not Comply
202605;TREG 3;JATIM BARAT;MALANG;GDG;migrate;24,00;CustomerAssign;bima_customerassign_date tersedia (durasi negatif di-clamp ke 0 = Comply);41,94;Not Comply
202605;TREG 5;PAPUA;BIAK;BIA;migrate;24,00;PI;bima_customerassign_date kosong → pakai orca_pi_date (durasi negatif di-clamp ke 0 = Comply);21,16;Comply
202605;TREG 5;PAPUA;BIAK;SRU;migrate;24,00;CustomerAssign;bima_customerassign_date tersedia (durasi negatif di-clamp ke 0 = Comply);23,58;Comply
202605;TREG 5;SULBAGTENG;PALU;PLB;migrate;24,00;CustomerAssign;bima_customerassign_date tersedia (durasi negatif di-clamp ke 0 = Comply);93,96;Not Comply
202605;TREG 4;KALTIMTARA;BULUNGAN BERAU;TBY;migrate;24,00;CustomerAssign;bima_customerassign_date tersedia (durasi negatif di-clamp ke 0 = Comply);67,35;Not Comply
202605;TREG 3;SOLO JATENG TIMUR;SOLO;GLD;migrate;24,00;CustomerAssign;bima_customerassign_date tersedia (durasi negatif di-clamp ke 0 = Comply);19,51;Comply
202605;TREG 3;BALI;DENPASAR SELATAN;JBR;migrate;24,00;CustomerAssign;bima_customerassign_date tersedia (durasi negatif di-clamp ke 0 = Comply);113,57;Not Comply
202605;TREG 2;BEKASI KARAWANG;PURWAKARTA;PWK;migrate;24,00;PI;bima_customerassign_date kosong → pakai orca_pi_date (durasi negatif di-clamp ke 0 = Comply);19,68;Comply
202605;TREG 4;KALSELTENG;BATULICIN;KPL;migrate;24,00;PI;bima_customerassign_date kosong → pakai orca_pi_date (durasi negatif di-clamp ke 0 = Comply);21,35;Comply
202605;TREG 1;ACEH;ACEH;BNA;migrate;24,00;PI;bima_customerassign_date kosong → pakai orca_pi_date (durasi negatif di-clamp ke 0 = Comply);17,11;Comply
202605;TREG 1;ACEH;LHOKSEUMAWE;BIR;migrate;24,00;CustomerAssign;bima_customerassign_date tersedia (durasi negatif di-clamp ke 0 = Comply);210,22;Not Comply
202605;TREG 1;ACEH;LHOKSEUMAWE;SLG;migrate;24,00;CustomerAssign;bima_customerassign_date tersedia (durasi negatif di-clamp ke 0 = Comply);18,24;Comply
202605;TREG 4;KALTIMTARA;TARAKAN;TRK;migrate;24,00;CustomerAssign;bima_customerassign_date tersedia (durasi negatif di-clamp ke 0 = Comply);529,28;Not Comply
202605;TREG 5;SULBAGTENG;PALU;PLA;migrate;24,00;CustomerAssign;bima_customerassign_date tersedia (durasi negatif di-clamp ke 0 = Comply);0,00;Comply
202605;TREG 2;JAKARTA INNER;JAKBAR;SLP;migrate;24,00;PI;bima_customerassign_date kosong → pakai orca_pi_date (durasi negatif di-clamp ke 0 = Comply);20,47;Comply
202605;TREG 3;JATIM BARAT;TUBAN;TNZ;migrate;24,00;PI;bima_customerassign_date kosong → pakai orca_pi_date (durasi negatif di-clamp ke 0 = Comply);22,06;Comply
202605;TREG 2;JAKARTA OUTER;JAKSEL;JAG;migrate;24,00;CustomerAssign;bima_customerassign_date tersedia (durasi negatif di-clamp ke 0 = Comply);260,82;Not Comply
202605;TREG 4;BALIKPAPAN;BALIKPAPAN;KTB;migrate;24,00;CustomerAssign;bima_customerassign_date tersedia (durasi negatif di-clamp ke 0 = Comply);191,90;Not Comply
202605;TREG 4;KALSELTENG;PALANGKARAYA;KKP;migrate;24,00;CustomerAssign;bima_customerassign_date tersedia (durasi negatif di-clamp ke 0 = Comply);50,64;Not Comply
202605;TREG 3;YOGYA JATENG SELATAN;BANTUL;WTS;migrate;24,00;PI;bima_customerassign_date kosong → pakai orca_pi_date (durasi negatif di-clamp ke 0 = Comply);20,34;Comply
202605;TREG 2;JAKARTA CENTRUM;JAKUT;KLG;migrate;24,00;CustomerAssign;bima_customerassign_date tersedia (durasi negatif di-clamp ke 0 = Comply);164,05;Not Comply
202605;TREG 2;BANTEN;CIPUTAT;CPA;migrate;24,00;PI;bima_customerassign_date kosong → pakai orca_pi_date (durasi negatif di-clamp ke 0 = Comply);66,59;Not Comply
202605;TREG 2;JAKARTA OUTER;JAKSEL;KAL;migrate;24,00;CustomerAssign;bima_customerassign_date tersedia (durasi negatif di-clamp ke 0 = Comply);68,25;Not Comply
202605;TREG 3;SEMARANG JATENG UTARA;SEMARANG;JHR;migrate;24,00;CustomerAssign;bima_customerassign_date tersedia (durasi negatif di-clamp ke 0 = Comply);68,26;Not Comply
202605;TREG 3;YOGYA JATENG SELATAN;MAGELANG;MGE;migrate;24,00;CustomerAssign;bima_customerassign_date tersedia (durasi negatif di-clamp ke 0 = Comply);22,29;Comply
202605;TREG 1;SUMUT;MEDAN;SPM;migrate;24,00;PI;bima_customerassign_date kosong → pakai orca_pi_date (durasi negatif di-clamp ke 0 = Comply);18,03;Comply
202605;TREG 4;KALBAR;PONTIANAK;SRD;create;48,00;PI;bima_customerassign_date kosong → pakai orca_pi_date (durasi negatif di-clamp ke 0 = Comply);11,80;Comply
202605;TREG 4;KALSELTENG;PALANGKARAYA;KKP;migrate;24,00;PI;bima_customerassign_date kosong → pakai orca_pi_date (durasi negatif di-clamp ke 0 = Comply);22,75;Comply
202605;TREG 2;BANTEN;CILEGON;CLG;create;48,00;PI;bima_customerassign_date kosong → pakai orca_pi_date (durasi negatif di-clamp ke 0 = Comply);2,65;Comply
202605;TREG 5;SULBAGSEL;KENDARI;MDG;migrate;24,00;CustomerAssign;bima_customerassign_date tersedia (durasi negatif di-clamp ke 0 = Comply);21,18;Comply
202605;TREG 2;JAKARTA OUTER;JAKSEL;JAG;migrate;24,00;PI;bima_customerassign_date kosong → pakai orca_pi_date (durasi negatif di-clamp ke 0 = Comply);16,84;Comply
202605;TREG 4;KALSELTENG;BANJARBARU;BBR;create;48,00;PI;bima_customerassign_date kosong → pakai orca_pi_date (durasi negatif di-clamp ke 0 = Comply);1,51;Comply
202605;TREG 3;NUSA TENGGARA;NTB;SEL;create;48,00;PI;bima_customerassign_date kosong → pakai orca_pi_date (durasi negatif di-clamp ke 0 = Comply);25,33;Comply
202605;TREG 3;YOGYA JATENG SELATAN;YOGYAKARTA;KBU;migrate;24,00;CustomerAssign;bima_customerassign_date tersedia (durasi negatif di-clamp ke 0 = Comply);124,66;Not Comply
202605;TREG 3;SOLO JATENG TIMUR;KUDUS;KUD;migrate;24,00;PI;bima_customerassign_date kosong → pakai orca_pi_date (durasi negatif di-clamp ke 0 = Comply);21,45;Comply
202605;TREG 1;RIAU;RIDAR;PBB;migrate;24,00;CustomerAssign;bima_customerassign_date tersedia (durasi negatif di-clamp ke 0 = Comply);71,76;Not Comply
202605;TREG 1;SUMUT;MEDAN;PDB;migrate;24,00;PI;bima_customerassign_date kosong → pakai orca_pi_date (durasi negatif di-clamp ke 0 = Comply);25,92;Not Comply
202605;TREG 3;JATIM BARAT;MALANG;BLB;create;48,00;PI;bima_customerassign_date kosong → pakai orca_pi_date (durasi negatif di-clamp ke 0 = Comply);0,44;Comply
202605;TREG 3;SOLO JATENG TIMUR;BLORA;BLO;migrate;24,00;PI;bima_customerassign_date kosong → pakai orca_pi_date (durasi negatif di-clamp ke 0 = Comply);2,26;Comply
202605;TREG 4;KALTIMTARA;SAMARINDA;PAA;migrate;24,00;PI;bima_customerassign_date kosong → pakai orca_pi_date (durasi negatif di-clamp ke 0 = Comply);51,90;Not Comply
202605;TREG 4;KALTIMTARA;SAMARINDA;SEM;create;48,00;PI;bima_customerassign_date kosong → pakai orca_pi_date (durasi negatif di-clamp ke 0 = Comply);1,41;Comply
202605;TREG 2;JAKARTA CENTRUM;JAKUT;MKR;migrate;24,00;PI;bima_customerassign_date kosong → pakai orca_pi_date (durasi negatif di-clamp ke 0 = Comply);48,47;Not Comply
202605;TREG 2;BANTEN;LENGKONG;LGK;migrate;24,00;PI;bima_customerassign_date kosong → pakai orca_pi_date (durasi negatif di-clamp ke 0 = Comply);3,68;Comply
202605;TREG 2;BANDUNG;PADALARANG;LEM;create;48,00;PI;bima_customerassign_date kosong → pakai orca_pi_date (durasi negatif di-clamp ke 0 = Comply);46,90;Comply
202605;TREG 2;PRIANGAN BARAT;CIBINONG;TJH;create;48,00;PI;bima_customerassign_date kosong → pakai orca_pi_date (durasi negatif di-clamp ke 0 = Comply);0,96;Comply
202605;TREG 4;KALTIMTARA;MELAK;SBR;migrate;24,00;PI;bima_customerassign_date kosong → pakai orca_pi_date (durasi negatif di-clamp ke 0 = Comply);26,82;Not Comply
202605;TREG 3;YOGYA JATENG SELATAN;YOGYAKARTA;KEN;create;48,00;CustomerAssign;bima_customerassign_date tersedia (durasi negatif di-clamp ke 0 = Comply);5,39;Comply
202605;TREG 3;SURAMADU;SURABAYA SELATAN;MYR;create;48,00;PI;bima_customerassign_date kosong → pakai orca_pi_date (durasi negatif di-clamp ke 0 = Comply);17,70;Comply
202605;TREG 1;RIAU;RIKEP;LBJ;migrate;24,00;PI;bima_customerassign_date kosong → pakai orca_pi_date (durasi negatif di-clamp ke 0 = Comply);15,82;Comply
202605;TREG 4;KALBAR;PONTIANAK;SRD;create;48,00;PI;bima_customerassign_date kosong → pakai orca_pi_date (durasi negatif di-clamp ke 0 = Comply);2,03;Comply
202605;TREG 1;SUMUT;MEDAN;PDB;create;48,00;PI;bima_customerassign_date kosong → pakai orca_pi_date (durasi negatif di-clamp ke 0 = Comply);18,43;Comply
202605;TREG 3;JATIM TIMUR;SIDOARJO;KRN;create;48,00;PI;bima_customerassign_date kosong → pakai orca_pi_date (durasi negatif di-clamp ke 0 = Comply);0,63;Comply
202605;TREG 2;JAKARTA OUTER;JAKSEL;PSM;create;48,00;PI;bima_customerassign_date kosong → pakai orca_pi_date (durasi negatif di-clamp ke 0 = Comply);18,46;Comply
202605;TREG 2;PRIANGAN BARAT;CIBINONG;TJH;create;48,00;CustomerAssign;bima_customerassign_date tersedia (durasi negatif di-clamp ke 0 = Comply);312,75;Not Comply
202605;TREG 3;SEMARANG JATENG UTARA;SEMARANG;MJP;create;48,00;PI;bima_customerassign_date kosong → pakai orca_pi_date (durasi negatif di-clamp ke 0 = Comply);0,26;Comply
202605;TREG 3;BALI;DENPASAR SELATAN;NSD;create;48,00;PI;bima_customerassign_date kosong → pakai orca_pi_date (durasi negatif di-clamp ke 0 = Comply);29,72;Comply
202605;TREG 3;BALI;DENPASAR UTARA;UBN;migrate;24,00;PI;bima_customerassign_date kosong → pakai orca_pi_date (durasi negatif di-clamp ke 0 = Comply);45,94;Not Comply
202605;TREG 2;BEKASI KARAWANG;CIKARANG;SUE;migrate;24,00;PI;bima_customerassign_date kosong → pakai orca_pi_date (durasi negatif di-clamp ke 0 = Comply);142,97;Not Comply
202605;TREG 4;KALTIMTARA;SAMARINDA;SEM;migrate;24,00;PI;bima_customerassign_date kosong → pakai orca_pi_date (durasi negatif di-clamp ke 0 = Comply);5,34;Comply
202605;TREG 1;SUMBAGSEL;SUMSEL;TLK;create;48,00;PI;bima_customerassign_date kosong → pakai orca_pi_date (durasi negatif di-clamp ke 0 = Comply);23,05;Comply
202605;TREG 4;KALTIMTARA;BULUNGAN BERAU;TRD;create;48,00;PI;bima_customerassign_date kosong → pakai orca_pi_date (durasi negatif di-clamp ke 0 = Comply);1,32;Comply
202605;TREG 3;JATIM TIMUR;SIDOARJO;GDA;migrate;24,00;PI;bima_customerassign_date kosong → pakai orca_pi_date (durasi negatif di-clamp ke 0 = Comply);27,20;Not Comply
202605;TREG 2;BANDUNG;BANDUNG;TRG;migrate;24,00;PI;bima_customerassign_date kosong → pakai orca_pi_date (durasi negatif di-clamp ke 0 = Comply);52,37;Not Comply
202605;TREG 4;KALTIMTARA;TARAKAN;TRK;migrate;24,00;CustomerAssign;bima_customerassign_date tersedia (durasi negatif di-clamp ke 0 = Comply);73,46;Not Comply
202605;TREG 2;JAKARTA CENTRUM;JAKUT;MRD;migrate;24,00;PI;bima_customerassign_date kosong → pakai orca_pi_date (durasi negatif di-clamp ke 0 = Comply);4,62;Comply
202605;TREG 1;SUMUT;MEDAN;CTD;migrate;24,00;PI;bima_customerassign_date kosong → pakai orca_pi_date (durasi negatif di-clamp ke 0 = Comply);2,38;Comply
202605;TREG 3;SOLO JATENG TIMUR;SOLO;KRT;migrate;24,00;PI;bima_customerassign_date kosong → pakai orca_pi_date (durasi negatif di-clamp ke 0 = Comply);24,41;Not Comply
202605;TREG 2;BANDUNG;BANDUNG;BDK;migrate;24,00;CustomerAssign;bima_customerassign_date tersedia (durasi negatif di-clamp ke 0 = Comply);222,60;Not Comply
202605;TREG 4;KALSELTENG;BANJARBARU;BBR;create;48,00;PI;bima_customerassign_date kosong → pakai orca_pi_date (durasi negatif di-clamp ke 0 = Comply);1,26;Comply
202605;TREG 4;KALSELTENG;TANJUNG TABALONG;BRI;create;48,00;PI;bima_customerassign_date kosong → pakai orca_pi_date (durasi negatif di-clamp ke 0 = Comply);6,85;Comply
202605;TREG 1;SUMBAR JAMBI;SUMBAR;BDT;create;48,00;PI;bima_customerassign_date kosong → pakai orca_pi_date (durasi negatif di-clamp ke 0 = Comply);6,55;Comply
202605;TREG 1;RIAU;RIKEP;LBJ;create;48,00;PI;bima_customerassign_date kosong → pakai orca_pi_date (durasi negatif di-clamp ke 0 = Comply);4,51;Comply
202605;TREG 2;PRIANGAN BARAT;CIBINONG;BJD;create;48,00;PI;bima_customerassign_date kosong → pakai orca_pi_date (durasi negatif di-clamp ke 0 = Comply);23,65;Comply
202605;TREG 3;JATIM BARAT;MALANG;GDG;migrate;24,00;CustomerAssign;bima_customerassign_date tersedia (durasi negatif di-clamp ke 0 = Comply);0,00;Comply
202605;TREG 1;RIAU;DUMAI;DUM;migrate;24,00;PI;bima_customerassign_date kosong → pakai orca_pi_date (durasi negatif di-clamp ke 0 = Comply);25,19;Not Comply
202605;TREG 2;BANDUNG;SOREANG;RCK;create;48,00;PI;bima_customerassign_date kosong → pakai orca_pi_date (durasi negatif di-clamp ke 0 = Comply);1,84;Comply
202605;TREG 1;RIAU;BANGKINANG;ARK;migrate;24,00;PI;bima_customerassign_date kosong → pakai orca_pi_date (durasi negatif di-clamp ke 0 = Comply);21,48;Comply
202605;TREG 3;SEMARANG JATENG UTARA;SEMARANG;SMC;create;48,00;PI;bima_customerassign_date kosong → pakai orca_pi_date (durasi negatif di-clamp ke 0 = Comply);6,95;Comply
202605;TREG 2;BANDUNG;BANDUNG BARAT;CMI;create;48,00;PI;bima_customerassign_date kosong → pakai orca_pi_date (durasi negatif di-clamp ke 0 = Comply);0,73;Comply
202605;TREG 2;BANDUNG;SOREANG;BJA;migrate;24,00;PI;bima_customerassign_date kosong → pakai orca_pi_date (durasi negatif di-clamp ke 0 = Comply);25,46;Not Comply
202605;TREG 2;BANTEN;CIPUTAT;CPA;migrate;24,00;CustomerAssign;bima_customerassign_date tersedia (durasi negatif di-clamp ke 0 = Comply);31,45;Not Comply
202605;TREG 3;SURAMADU;SURABAYA SELATAN;RKT;create;48,00;PI;bima_customerassign_date kosong → pakai orca_pi_date (durasi negatif di-clamp ke 0 = Comply);1,37;Comply
202605;TREG 4;KALTIMTARA;BONTANG;BOT;migrate;24,00;CustomerAssign;bima_customerassign_date tersedia (durasi negatif di-clamp ke 0 = Comply);72,49;Not Comply
202605;TREG 1;SUMUT;MEDAN;PUB;migrate;24,00;PI;bima_customerassign_date kosong → pakai orca_pi_date (durasi negatif di-clamp ke 0 = Comply);23,35;Comply
202605;TREG 3;SEMARANG JATENG UTARA;SEMARANG;SMC;create;48,00;PI;bima_customerassign_date kosong → pakai orca_pi_date (durasi negatif di-clamp ke 0 = Comply);1,22;Comply
202605;TREG 3;SURAMADU;SURABAYA SELATAN;GBG;create;48,00;CustomerAssign;bima_customerassign_date tersedia (durasi negatif di-clamp ke 0 = Comply);103,59;Not Comply
202605;TREG 2;JAKARTA CENTRUM;JAKUT;CIL;create;48,00;PI;bima_customerassign_date kosong → pakai orca_pi_date (durasi negatif di-clamp ke 0 = Comply);0,83;Comply
202605;TREG 2;JAKARTA OUTER;JAKSEL;TBE;create;48,00;PI;bima_customerassign_date kosong → pakai orca_pi_date (durasi negatif di-clamp ke 0 = Comply);21,57;Comply
202605;TREG 2;BANTEN;CIPUTAT;PDR;create;48,00;PI;bima_customerassign_date kosong → pakai orca_pi_date (durasi negatif di-clamp ke 0 = Comply);0,99;Comply
202605;TREG 5;SULBAGTENG;PALU;PLA;migrate;24,00;CustomerAssign;bima_customerassign_date tersedia (durasi negatif di-clamp ke 0 = Comply);0,00;Comply
202605;TREG 2;BANDUNG;BANDUNG BARAT;CMI;create;48,00;PI;bima_customerassign_date kosong → pakai orca_pi_date (durasi negatif di-clamp ke 0 = Comply);6,22;Comply
202605;TREG 3;SEMARANG JATENG UTARA;SEMARANG;MJP;migrate;24,00;PI;bima_customerassign_date kosong → pakai orca_pi_date (durasi negatif di-clamp ke 0 = Comply);25,64;Not Comply
202605;TREG 5;SUMALUT;TERNATE;TNT;migrate;24,00;PI;bima_customerassign_date kosong → pakai orca_pi_date (durasi negatif di-clamp ke 0 = Comply);4,26;Comply
202605;TREG 1;RIAU;RIKEP;BUM;migrate;24,00;PI;bima_customerassign_date kosong → pakai orca_pi_date (durasi negatif di-clamp ke 0 = Comply);4,41;Comply
202605;TREG 2;JAKARTA CENTRUM;JAKUT;KLG;migrate;24,00;PI;bima_customerassign_date kosong → pakai orca_pi_date (durasi negatif di-clamp ke 0 = Comply);2,78;Comply
202605;TREG 3;BALI;DENPASAR CENTRUM;SAU;migrate;24,00;PI;bima_customerassign_date kosong → pakai orca_pi_date (durasi negatif di-clamp ke 0 = Comply);27,07;Not Comply
202605;TREG 4;KALTIMTARA;BONTANG;BOT;migrate;24,00;PI;bima_customerassign_date kosong → pakai orca_pi_date (durasi negatif di-clamp ke 0 = Comply);8,55;Comply
202605;TREG 3;SURAMADU;GRESIK;GSK;migrate;24,00;CustomerAssign;bima_customerassign_date tersedia (durasi negatif di-clamp ke 0 = Comply);73,09;Not Comply
202605;TREG 3;SURAMADU;GRESIK;GSK;migrate;24,00;PI;bima_customerassign_date kosong → pakai orca_pi_date (durasi negatif di-clamp ke 0 = Comply);24,24;Not Comply
202605;TREG 2;BANDUNG;PADALARANG;BTJ;migrate;24,00;CustomerAssign;bima_customerassign_date tersedia (durasi negatif di-clamp ke 0 = Comply);123,17;Not Comply
202605;TREG 3;SURAMADU;LAMONGAN;BBA;migrate;24,00;PI;bima_customerassign_date kosong → pakai orca_pi_date (durasi negatif di-clamp ke 0 = Comply);7,79;Comply
202605;TREG 2;JAKARTA CENTRUM;JAKUT;KLG;create;48,00;PI;bima_customerassign_date kosong → pakai orca_pi_date (durasi negatif di-clamp ke 0 = Comply);1,27;Comply
202605;TREG 2;BANDUNG;SOREANG;SOR;migrate;24,00;CustomerAssign;bima_customerassign_date tersedia (durasi negatif di-clamp ke 0 = Comply);56,28;Not Comply
202605;TREG 2;JAKARTA INNER;JAKBAR;SLP;migrate;24,00;CustomerAssign;bima_customerassign_date tersedia (durasi negatif di-clamp ke 0 = Comply);56,31;Not Comply
202605;TREG 3;JATIM TIMUR;SIDOARJO;SPJ;migrate;24,00;PI;bima_customerassign_date kosong → pakai orca_pi_date (durasi negatif di-clamp ke 0 = Comply);26,04;Not Comply
202605;TREG 2;BANTEN;CIPUTAT;CLD;create;48,00;PI;bima_customerassign_date kosong → pakai orca_pi_date (durasi negatif di-clamp ke 0 = Comply);63,26;Not Comply
202605;TREG 1;SUMUT;MEDAN;TJM;migrate;24,00;PI;bima_customerassign_date kosong → pakai orca_pi_date (durasi negatif di-clamp ke 0 = Comply);1,70;Comply
202605;TREG 3;SEMARANG JATENG UTARA;SEMARANG;JHR;migrate;24,00;PI;bima_customerassign_date kosong → pakai orca_pi_date (durasi negatif di-clamp ke 0 = Comply);5,26;Comply
202605;TREG 3;SOLO JATENG TIMUR;WONOGIRI;SKH;create;48,00;PI;bima_customerassign_date kosong → pakai orca_pi_date (durasi negatif di-clamp ke 0 = Comply);0,69;Comply
202605;TREG 2;BANDUNG;BANDUNG BARAT;RJW;migrate;24,00;PI;bima_customerassign_date kosong → pakai orca_pi_date (durasi negatif di-clamp ke 0 = Comply);23,26;Comply
202605;TREG 2;JAKARTA CENTRUM;JAKUT;TPR;create;48,00;PI;bima_customerassign_date kosong → pakai orca_pi_date (durasi negatif di-clamp ke 0 = Comply);2,96;Comply
202605;TREG 1;RIAU;RIKEP;BTC;create;48,00;PI;bima_customerassign_date kosong → pakai orca_pi_date (durasi negatif di-clamp ke 0 = Comply);1,33;Comply
202605;TREG 4;BALIKPAPAN;BALIKPAPAN;BRU;create;48,00;PI;bima_customerassign_date kosong → pakai orca_pi_date (durasi negatif di-clamp ke 0 = Comply);1,82;Comply
202605;TREG 2;BANTEN;BANTEN;CRS;create;48,00;PI;bima_customerassign_date kosong → pakai orca_pi_date (durasi negatif di-clamp ke 0 = Comply);0,53;Comply
202605;TREG 3;JATIM TIMUR;SIDOARJO;SDA;migrate;24,00;PI;bima_customerassign_date kosong → pakai orca_pi_date (durasi negatif di-clamp ke 0 = Comply);4,64;Comply
202605;TREG 3;JATIM TIMUR;JEMBER;KBS;migrate;24,00;PI;bima_customerassign_date kosong → pakai orca_pi_date (durasi negatif di-clamp ke 0 = Comply);4,66;Comply
202605;TREG 3;SOLO JATENG TIMUR;SOLO;KRT;migrate;24,00;PI;bima_customerassign_date kosong → pakai orca_pi_date (durasi negatif di-clamp ke 0 = Comply);26,48;Not Comply
202605;TREG 2;JAKARTA OUTER;JAKTIM;JTN;migrate;24,00;PI;bima_customerassign_date kosong → pakai orca_pi_date (durasi negatif di-clamp ke 0 = Comply);5,43;Comply
202605;TREG 2;BANDUNG;BANDUNG;BDK;migrate;24,00;PI;bima_customerassign_date kosong → pakai orca_pi_date (durasi negatif di-clamp ke 0 = Comply);54,91;Not Comply
202605;TREG 3;JATIM BARAT;KEDIRI;MJT;create;48,00;PI;bima_customerassign_date kosong → pakai orca_pi_date (durasi negatif di-clamp ke 0 = Comply);3,26;Comply
202605;TREG 4;KALSELTENG;BANJARBARU;LUL;migrate;24,00;CustomerAssign;bima_customerassign_date tersedia (durasi negatif di-clamp ke 0 = Comply);56,97;Not Comply
202605;TREG 1;SUMBAR JAMBI;SUMBAR;PDC;create;48,00;PI;bima_customerassign_date kosong → pakai orca_pi_date (durasi negatif di-clamp ke 0 = Comply);5,91;Comply
202605;TREG 2;JAKARTA OUTER;JAKTIM;JTN;migrate;24,00;PI;bima_customerassign_date kosong → pakai orca_pi_date (durasi negatif di-clamp ke 0 = Comply);32,08;Not Comply
202605;TREG 1;LAMPUNG BENGKULU;LAMPUNG;TJK;migrate;24,00;PI;bima_customerassign_date kosong → pakai orca_pi_date (durasi negatif di-clamp ke 0 = Comply);26,56;Not Comply
202605;TREG 2;JAKARTA OUTER;JAKSEL;CPE;create;48,00;PI;bima_customerassign_date kosong → pakai orca_pi_date (durasi negatif di-clamp ke 0 = Comply);24,13;Comply
202605;TREG 2;JAKARTA OUTER;JAKSEL;JAG;migrate;24,00;PI;bima_customerassign_date kosong → pakai orca_pi_date (durasi negatif di-clamp ke 0 = Comply);29,93;Not Comply
202605;TREG 5;SULBAGSEL;KENDARI;KDR;migrate;24,00;PI;bima_customerassign_date kosong → pakai orca_pi_date (durasi negatif di-clamp ke 0 = Comply);29,31;Not Comply
202605;TREG 4;KALSELTENG;PALANGKARAYA;PLK;migrate;24,00;PI;bima_customerassign_date kosong → pakai orca_pi_date (durasi negatif di-clamp ke 0 = Comply);23,89;Comply
202605;TREG 4;KALTIMTARA;NUNUKAN;NNK;migrate;24,00;PI;bima_customerassign_date kosong → pakai orca_pi_date (durasi negatif di-clamp ke 0 = Comply);31,69;Not Comply
202605;TREG 2;JAKARTA OUTER;JAKSEL;BIN;migrate;24,00;PI;bima_customerassign_date kosong → pakai orca_pi_date (durasi negatif di-clamp ke 0 = Comply);23,77;Comply
202605;TREG 2;BANTEN;CIPUTAT;CPA;migrate;24,00;CustomerAssign;bima_customerassign_date tersedia (durasi negatif di-clamp ke 0 = Comply);50,45;Not Comply
202605;TREG 3;SURAMADU;SURABAYA UTARA;KNN;migrate;24,00;CustomerAssign;bima_customerassign_date tersedia (durasi negatif di-clamp ke 0 = Comply);388,62;Not Comply
202605;TREG 4;KALTIMTARA;SAMARINDA;SEM;create;48,00;PI;bima_customerassign_date kosong → pakai orca_pi_date (durasi negatif di-clamp ke 0 = Comply);0,86;Comply
202605;TREG 4;KALTIMTARA;BULUNGAN BERAU;TBY;migrate;24,00;CustomerAssign;bima_customerassign_date tersedia (durasi negatif di-clamp ke 0 = Comply);0,00;Comply
202605;TREG 4;BALIKPAPAN;TANAHGROGOT;BTK;migrate;24,00;CustomerAssign;bima_customerassign_date tersedia (durasi negatif di-clamp ke 0 = Comply);105,70;Not Comply
202605;TREG 4;KALTIMTARA;MELAK;SBR;migrate;24,00;PI;bima_customerassign_date kosong → pakai orca_pi_date (durasi negatif di-clamp ke 0 = Comply);9,62;Comply
202605;TREG 4;KALTIMTARA;TARAKAN;TRK;migrate;24,00;PI;bima_customerassign_date kosong → pakai orca_pi_date (durasi negatif di-clamp ke 0 = Comply);9,25;Comply
202605;TREG 4;KALTIMTARA;SAMARINDA;SEM;migrate;24,00;PI;bima_customerassign_date kosong → pakai orca_pi_date (durasi negatif di-clamp ke 0 = Comply);9,40;Comply
202605;TREG 4;KALTIMTARA;SAMARINDA;SMR;migrate;24,00;PI;bima_customerassign_date kosong → pakai orca_pi_date (durasi negatif di-clamp ke 0 = Comply);34,78;Not Comply
202605;TREG 2;BEKASI KARAWANG;CIKARANG;JBB;create;48,00;PI;bima_customerassign_date kosong → pakai orca_pi_date (durasi negatif di-clamp ke 0 = Comply);0,59;Comply
202605;TREG 4;KALTIMTARA;MELAK;SBR;migrate;24,00;CustomerAssign;bima_customerassign_date tersedia (durasi negatif di-clamp ke 0 = Comply);530,82;Not Comply
202605;TREG 2;JAKARTA OUTER;JAKTIM;GAN;migrate;24,00;PI;bima_customerassign_date kosong → pakai orca_pi_date (durasi negatif di-clamp ke 0 = Comply);22,72;Comply
202605;TREG 2;JAKARTA INNER;JAKBAR;CKG;create;48,00;PI;bima_customerassign_date kosong → pakai orca_pi_date (durasi negatif di-clamp ke 0 = Comply);50,70;Not Comply
202605;TREG 3;YOGYA JATENG SELATAN;YOGYAKARTA;KEN;create;48,00;CustomerAssign;bima_customerassign_date tersedia (durasi negatif di-clamp ke 0 = Comply);170,85;Not Comply
202605;TREG 4;BALIKPAPAN;BALIKPAPAN;BRU;migrate;24,00;PI;bima_customerassign_date kosong → pakai orca_pi_date (durasi negatif di-clamp ke 0 = Comply);55,37;Not Comply
202605;TREG 2;JAKARTA OUTER;JAKSEL;KBY;create;48,00;PI;bima_customerassign_date kosong → pakai orca_pi_date (durasi negatif di-clamp ke 0 = Comply);26,92;Comply
202605;TREG 3;YOGYA JATENG SELATAN;YOGYAKARTA;PGR;migrate;24,00;PI;bima_customerassign_date kosong → pakai orca_pi_date (durasi negatif di-clamp ke 0 = Comply);28,64;Not Comply
202605;TREG 2;JAKARTA INNER;JAKBAR;SMI;create;48,00;PI;bima_customerassign_date kosong → pakai orca_pi_date (durasi negatif di-clamp ke 0 = Comply);5,74;Comply
202605;TREG 3;YOGYA JATENG SELATAN;YOGYAKARTA;PGR;migrate;24,00;PI;bima_customerassign_date kosong → pakai orca_pi_date (durasi negatif di-clamp ke 0 = Comply);26,83;Not Comply
202605;TREG 4;KALTIMTARA;TARAKAN;JWT;create;48,00;CustomerAssign;bima_customerassign_date tersedia (durasi negatif di-clamp ke 0 = Comply);58,12;Not Comply
202605;TREG 3;YOGYA JATENG SELATAN;SLEMAN;SMN;migrate;24,00;PI;bima_customerassign_date kosong → pakai orca_pi_date (durasi negatif di-clamp ke 0 = Comply);25,18;Not Comply
202605;TREG 2;JAKARTA INNER;JAKBAR;TGA;create;48,00;PI;bima_customerassign_date kosong → pakai orca_pi_date (durasi negatif di-clamp ke 0 = Comply);0,75;Comply
202605;TREG 4;KALSELTENG;BANJARMASIN;BJM;migrate;24,00;CustomerAssign;bima_customerassign_date tersedia (durasi negatif di-clamp ke 0 = Comply);130,33;Not Comply
202605;TREG 2;JAKARTA OUTER;JAKTIM;GAN;migrate;24,00;PI;bima_customerassign_date kosong → pakai orca_pi_date (durasi negatif di-clamp ke 0 = Comply);38,00;Not Comply
202605;TREG 2;BANTEN;RANGKAS-PANDEGLANG;PDG;migrate;24,00;CustomerAssign;bima_customerassign_date tersedia (durasi negatif di-clamp ke 0 = Comply);130,38;Not Comply
202605;TREG 2;BANTEN;CILEGON;CLG;migrate;24,00;PI;bima_customerassign_date kosong → pakai orca_pi_date (durasi negatif di-clamp ke 0 = Comply);26,02;Not Comply
202605;TREG 4;KALSELTENG;TANJUNG TABALONG;AMT;migrate;24,00;PI;bima_customerassign_date kosong → pakai orca_pi_date (durasi negatif di-clamp ke 0 = Comply);27,51;Not Comply
202605;TREG 1;RIAU;RIKEP;SKN;create;48,00;PI;bima_customerassign_date kosong → pakai orca_pi_date (durasi negatif di-clamp ke 0 = Comply);1,08;Comply
202605;TREG 3;SOLO JATENG TIMUR;SOLO;BKG;create;48,00;PI;bima_customerassign_date kosong → pakai orca_pi_date (durasi negatif di-clamp ke 0 = Comply);7,18;Comply
202605;TREG 3;YOGYA JATENG SELATAN;SLEMAN;SMN;create;48,00;CustomerAssign;bima_customerassign_date tersedia (durasi negatif di-clamp ke 0 = Comply);3,50;Comply
202605;TREG 2;JAKARTA OUTER;JAKSEL;BIN;migrate;24,00;PI;bima_customerassign_date kosong → pakai orca_pi_date (durasi negatif di-clamp ke 0 = Comply);9,59;Comply
202605;TREG 1;RIAU;INDRAGIRI;RGT;migrate;24,00;PI;bima_customerassign_date kosong → pakai orca_pi_date (durasi negatif di-clamp ke 0 = Comply);31,67;Not Comply
202605;TREG 2;PRIANGAN BARAT;KUJANG;PAG;create;48,00;PI;bima_customerassign_date kosong → pakai orca_pi_date (durasi negatif di-clamp ke 0 = Comply);0,81;Comply
202605;TREG 3;YOGYA JATENG SELATAN;WONOSOBO;WOS;migrate;24,00;CustomerAssign;bima_customerassign_date tersedia (durasi negatif di-clamp ke 0 = Comply);245,57;Not Comply
202605;TREG 3;SURAMADU;SURABAYA UTARA;KJR;create;48,00;PI;bima_customerassign_date kosong → pakai orca_pi_date (durasi negatif di-clamp ke 0 = Comply);0,99;Comply
202605;TREG 2;BEKASI KARAWANG;BEKASI;PKY;migrate;24,00;PI;bima_customerassign_date kosong → pakai orca_pi_date (durasi negatif di-clamp ke 0 = Comply);51,05;Not Comply
202605;TREG 2;JAKARTA OUTER;JAKTIM;GAN;create;48,00;PI;bima_customerassign_date kosong → pakai orca_pi_date (durasi negatif di-clamp ke 0 = Comply);0,55;Comply
202605;TREG 2;JAKARTA CENTRUM;JAKUT;PDM;create;48,00;PI;bima_customerassign_date kosong → pakai orca_pi_date (durasi negatif di-clamp ke 0 = Comply);3,64;Comply
202605;TREG 2;BANDUNG;BANDUNG BARAT;CMI;create;48,00;PI;bima_customerassign_date kosong → pakai orca_pi_date (durasi negatif di-clamp ke 0 = Comply);0,80;Comply
202605;TREG 4;KALTIMTARA;BONTANG;LKT;migrate;24,00;PI;bima_customerassign_date kosong → pakai orca_pi_date (durasi negatif di-clamp ke 0 = Comply);11,26;Comply
202605;TREG 1;SUMBAR JAMBI;BUKIT TINGGI;PYK;migrate;24,00;PI;bima_customerassign_date kosong → pakai orca_pi_date (durasi negatif di-clamp ke 0 = Comply);33,52;Not Comply
202605;TREG 4;BALIKPAPAN;BALIKPAPAN;BRU;create;48,00;PI;bima_customerassign_date kosong → pakai orca_pi_date (durasi negatif di-clamp ke 0 = Comply);3,77;Comply
202605;TREG 4;BALIKPAPAN;BALIKPAPAN;BRU;create;48,00;PI;bima_customerassign_date kosong → pakai orca_pi_date (durasi negatif di-clamp ke 0 = Comply);5,64;Comply
202605;TREG 4;KALSELTENG;BANJARMASIN;KYG;migrate;24,00;PI;bima_customerassign_date kosong → pakai orca_pi_date (durasi negatif di-clamp ke 0 = Comply);31,01;Not Comply
202605;TREG 3;JATIM TIMUR;SIDOARJO;GDA;migrate;24,00;PI;bima_customerassign_date kosong → pakai orca_pi_date (durasi negatif di-clamp ke 0 = Comply);8,99;Comply
202605;TREG 4;KALTIMTARA;TARAKAN;TRK;migrate;24,00;PI;bima_customerassign_date kosong → pakai orca_pi_date (durasi negatif di-clamp ke 0 = Comply);11,56;Comply
202605;TREG 2;BANTEN;PASAR BARU;TAN;migrate;24,00;CustomerAssign;bima_customerassign_date tersedia (durasi negatif di-clamp ke 0 = Comply);28,21;Not Comply
202605;TREG 3;JATIM BARAT;BLITAR;BLR;migrate;24,00;PI;bima_customerassign_date kosong → pakai orca_pi_date (durasi negatif di-clamp ke 0 = Comply);4,91;Comply
202605;TREG 3;YOGYA JATENG SELATAN;SLEMAN;GOD;create;48,00;PI;bima_customerassign_date kosong → pakai orca_pi_date (durasi negatif di-clamp ke 0 = Comply);32,13;Comply
202605;TREG 4;KALTIMTARA;TARAKAN;TRK;migrate;24,00;PI;bima_customerassign_date kosong → pakai orca_pi_date (durasi negatif di-clamp ke 0 = Comply);11,71;Comply
202605;TREG 1;SUMUT;MEDAN;TMU;migrate;24,00;PI;bima_customerassign_date kosong → pakai orca_pi_date (durasi negatif di-clamp ke 0 = Comply);9,55;Comply
202605;TREG 4;BALIKPAPAN;BALIKPAPAN;BAM;create;48,00;PI;bima_customerassign_date kosong → pakai orca_pi_date (durasi negatif di-clamp ke 0 = Comply);4,37;Comply
202605;TREG 2;JAKARTA OUTER;JAKSEL;TBE;create;48,00;PI;bima_customerassign_date kosong → pakai orca_pi_date (durasi negatif di-clamp ke 0 = Comply);6,40;Comply
202605;TREG 3;BALI;GIANYAR;GIN;migrate;24,00;PI;bima_customerassign_date kosong → pakai orca_pi_date (durasi negatif di-clamp ke 0 = Comply);31,34;Not Comply
202605;TREG 4;KALTIMTARA;NUNUKAN;NNK;migrate;24,00;PI;bima_customerassign_date kosong → pakai orca_pi_date (durasi negatif di-clamp ke 0 = Comply);29,21;Not Comply
202605;TREG 1;RIAU;RIDAR;BKR;migrate;24,00;CustomerAssign;bima_customerassign_date tersedia (durasi negatif di-clamp ke 0 = Comply);275,91;Not Comply
202605;TREG 4;BALIKPAPAN;BALIKPAPAN;BRU;migrate;24,00;PI;bima_customerassign_date kosong → pakai orca_pi_date (durasi negatif di-clamp ke 0 = Comply);11,89;Comply
202605;TREG 1;SUMBAR JAMBI;SUMBAR;KJI;create;48,00;PI;bima_customerassign_date kosong → pakai orca_pi_date (durasi negatif di-clamp ke 0 = Comply);2,38;Comply
202605;TREG 2;PRIANGAN TIMUR;INDRAMAYU;IMY;migrate;24,00;CustomerAssign;bima_customerassign_date tersedia (durasi negatif di-clamp ke 0 = Comply);108,11;Not Comply
202605;TREG 4;KALSELTENG;BANJARBARU;LUL;migrate;24,00;PI;bima_customerassign_date kosong → pakai orca_pi_date (durasi negatif di-clamp ke 0 = Comply);11,40;Comply
202605;TREG 2;JAKARTA CENTRUM;JAKPUS;CPP;migrate;24,00;PI;bima_customerassign_date kosong → pakai orca_pi_date (durasi negatif di-clamp ke 0 = Comply);3,31;Comply
202605;TREG 5;SUMALUT;AMBON;ABO;migrate;24,00;PI;bima_customerassign_date kosong → pakai orca_pi_date (durasi negatif di-clamp ke 0 = Comply);29,74;Not Comply
202605;TREG 2;JAKARTA CENTRUM;JAKPUS;CID;migrate;24,00;PI;bima_customerassign_date kosong → pakai orca_pi_date (durasi negatif di-clamp ke 0 = Comply);4,23;Comply
202605;TREG 2;JAKARTA INNER;JAKBAR;CKG;migrate;24,00;PI;bima_customerassign_date kosong → pakai orca_pi_date (durasi negatif di-clamp ke 0 = Comply);9,47;Comply
202605;TREG 1;ACEH;ACEH;BNA;create;48,00;PI;bima_customerassign_date kosong → pakai orca_pi_date (durasi negatif di-clamp ke 0 = Comply);36,18;Comply
202605;TREG 2;JAKARTA OUTER;JAKSEL;TBE;migrate;24,00;CustomerAssign;bima_customerassign_date tersedia (durasi negatif di-clamp ke 0 = Comply);60,37;Not Comply
202605;TREG 2;BANTEN;CIPUTAT;PDR;create;48,00;PI;bima_customerassign_date kosong → pakai orca_pi_date (durasi negatif di-clamp ke 0 = Comply);24,48;Comply
202605;TREG 1;ACEH;LANGSA;LGS;migrate;24,00;PI;bima_customerassign_date kosong → pakai orca_pi_date (durasi negatif di-clamp ke 0 = Comply);9,13;Comply
202605;TREG 1;ACEH;LANGSA;KSG;create;48,00;PI;bima_customerassign_date kosong → pakai orca_pi_date (durasi negatif di-clamp ke 0 = Comply);2,14;Comply
202605;TREG 2;BEKASI KARAWANG;BEKASI;KRA;create;48,00;PI;bima_customerassign_date kosong → pakai orca_pi_date (durasi negatif di-clamp ke 0 = Comply);1,33;Comply
202605;TREG 5;SULBAGSEL;MAMUJU;MAM;migrate;24,00;PI;bima_customerassign_date kosong → pakai orca_pi_date (durasi negatif di-clamp ke 0 = Comply);29,61;Not Comply
202605;TREG 2;PRIANGAN BARAT;CIBINONG;CBI;migrate;24,00;PI;bima_customerassign_date kosong → pakai orca_pi_date (durasi negatif di-clamp ke 0 = Comply);31,40;Not Comply
202605;TREG 3;SOLO JATENG TIMUR;BLORA;CEP;migrate;24,00;CustomerAssign;bima_customerassign_date tersedia (durasi negatif di-clamp ke 0 = Comply);293,80;Not Comply
202605;TREG 2;PRIANGAN BARAT;CIBINONG;CBI;migrate;24,00;CustomerAssign;bima_customerassign_date tersedia (durasi negatif di-clamp ke 0 = Comply);36,83;Not Comply
202605;TREG 1;ACEH;LHOKSEUMAWE;LSM;migrate;24,00;PI;bima_customerassign_date kosong → pakai orca_pi_date (durasi negatif di-clamp ke 0 = Comply);12,36;Comply
202605;TREG 2;BEKASI KARAWANG;KARAWANG;TLJ;migrate;24,00;PI;bima_customerassign_date kosong → pakai orca_pi_date (durasi negatif di-clamp ke 0 = Comply);11,73;Comply
202605;TREG 2;BEKASI KARAWANG;BEKASI;BEK;migrate;24,00;PI;bima_customerassign_date kosong → pakai orca_pi_date (durasi negatif di-clamp ke 0 = Comply);36,71;Not Comply
202605;TREG 3;SURAMADU;SURABAYA SELATAN;TPO;create;48,00;PI;bima_customerassign_date kosong → pakai orca_pi_date (durasi negatif di-clamp ke 0 = Comply);3,88;Comply
202605;TREG 2;JAKARTA OUTER;JAKTIM;PGG;migrate;24,00;PI;bima_customerassign_date kosong → pakai orca_pi_date (durasi negatif di-clamp ke 0 = Comply);10,11;Comply
202605;TREG 3;SURAMADU;SURABAYA UTARA;KRP;migrate;24,00;PI;bima_customerassign_date kosong → pakai orca_pi_date (durasi negatif di-clamp ke 0 = Comply);32,96;Not Comply
202605;TREG 1;SUMBAR JAMBI;SUMBAR;PDC;create;48,00;PI;bima_customerassign_date kosong → pakai orca_pi_date (durasi negatif di-clamp ke 0 = Comply);3,62;Comply
202605;TREG 1;SUMUT;SUMUT;RBM;migrate;24,00;PI;bima_customerassign_date kosong → pakai orca_pi_date (durasi negatif di-clamp ke 0 = Comply);33,42;Not Comply
202605;TREG 2;JAKARTA OUTER;JAKTIM;GAN;migrate;24,00;CustomerAssign;bima_customerassign_date tersedia (durasi negatif di-clamp ke 0 = Comply);80,87;Not Comply
202605;TREG 1;SUMUT;MEDAN;CTD;migrate;24,00;PI;bima_customerassign_date kosong → pakai orca_pi_date (durasi negatif di-clamp ke 0 = Comply);9,79;Comply
202605;TREG 2;BANDUNG;BANDUNG;GGK;migrate;24,00;PI;bima_customerassign_date kosong → pakai orca_pi_date (durasi negatif di-clamp ke 0 = Comply);3,11;Comply
202605;TREG 5;SULBAGSEL;MAKASSAR;MAT;create;48,00;PI;bima_customerassign_date kosong → pakai orca_pi_date (durasi negatif di-clamp ke 0 = Comply);6,58;Comply
202605;TREG 2;BEKASI KARAWANG;BEKASI;PKY;migrate;24,00;PI;bima_customerassign_date kosong → pakai orca_pi_date (durasi negatif di-clamp ke 0 = Comply);31,54;Not Comply
202605;TREG 2;BEKASI KARAWANG;CIKARANG;BGG;create;48,00;PI;bima_customerassign_date kosong → pakai orca_pi_date (durasi negatif di-clamp ke 0 = Comply);1,19;Comply
202605;TREG 5;SUMALUT;BITUNG;BIT;create;48,00;PI;bima_customerassign_date kosong → pakai orca_pi_date (durasi negatif di-clamp ke 0 = Comply);10,39;Comply
202605;TREG 2;BEKASI KARAWANG;PURWAKARTA;PLD;create;48,00;PI;bima_customerassign_date kosong → pakai orca_pi_date (durasi negatif di-clamp ke 0 = Comply);36,69;Comply
202605;TREG 3;YOGYA JATENG SELATAN;PURBALINGGA;PBG;migrate;24,00;CustomerAssign;bima_customerassign_date tersedia (durasi negatif di-clamp ke 0 = Comply);108,47;Not Comply
202605;TREG 2;PRIANGAN TIMUR;CIREBON;PRD;migrate;24,00;CustomerAssign;bima_customerassign_date tersedia (durasi negatif di-clamp ke 0 = Comply);108,12;Not Comply
202605;TREG 3;BALI;DENPASAR CENTRUM;KLM;migrate;24,00;PI;bima_customerassign_date kosong → pakai orca_pi_date (durasi negatif di-clamp ke 0 = Comply);59,69;Not Comply
202605;TREG 4;KALSELTENG;BANJARMASIN;ULI;migrate;24,00;PI;bima_customerassign_date kosong → pakai orca_pi_date (durasi negatif di-clamp ke 0 = Comply);16,33;Comply
202605;TREG 1;SUMBAR JAMBI;SUMBAR;PDC;migrate;24,00;CustomerAssign;bima_customerassign_date tersedia (durasi negatif di-clamp ke 0 = Comply);39,28;Not Comply
202605;TREG 2;BEKASI KARAWANG;KARAWANG;KLI;migrate;24,00;PI;bima_customerassign_date kosong → pakai orca_pi_date (durasi negatif di-clamp ke 0 = Comply);19,85;Comply
202605;TREG 2;BEKASI KARAWANG;BEKASI;BEK;migrate;24,00;PI;bima_customerassign_date kosong → pakai orca_pi_date (durasi negatif di-clamp ke 0 = Comply);67,36;Not Comply
202605;TREG 2;BEKASI KARAWANG;BEKASI;KRA;migrate;24,00;PI;bima_customerassign_date kosong → pakai orca_pi_date (durasi negatif di-clamp ke 0 = Comply);40,52;Not Comply
202605;TREG 2;BEKASI KARAWANG;BEKASI;KRA;migrate;24,00;CustomerAssign;bima_customerassign_date tersedia (durasi negatif di-clamp ke 0 = Comply);46,25;Not Comply
202605;TREG 5;SULBAGSEL;MAKASSAR;PNK;create;48,00;PI;bima_customerassign_date kosong → pakai orca_pi_date (durasi negatif di-clamp ke 0 = Comply);20,09;Comply
202605;TREG 5;SULBAGSEL;GOWA;SUG;create;48,00;PI;bima_customerassign_date kosong → pakai orca_pi_date (durasi negatif di-clamp ke 0 = Comply);17,80;Comply
202605;TREG 2;BEKASI KARAWANG;BEKASI;KLB;migrate;24,00;PI;bima_customerassign_date kosong → pakai orca_pi_date (durasi negatif di-clamp ke 0 = Comply);38,79;Not Comply
202605;TREG 5;SULBAGSEL;PARE-PARE;PIN;migrate;24,00;PI;bima_customerassign_date kosong → pakai orca_pi_date (durasi negatif di-clamp ke 0 = Comply);39,38;Not Comply
202605;TREG 2;JAKARTA INNER;JAKBAR;CKG;migrate;24,00;PI;bima_customerassign_date kosong → pakai orca_pi_date (durasi negatif di-clamp ke 0 = Comply);41,88;Not Comply
202605;TREG 2;PRIANGAN BARAT;DEPOK;DEP;migrate;24,00;CustomerAssign;bima_customerassign_date tersedia (durasi negatif di-clamp ke 0 = Comply);0,00;Comply
202605;TREG 1;SUMBAR JAMBI;BUKIT TINGGI;BKT;migrate;24,00;PI;bima_customerassign_date kosong → pakai orca_pi_date (durasi negatif di-clamp ke 0 = Comply);39,10;Not Comply
202605;TREG 5;SULBAGSEL;MAKASSAR;PNK;migrate;24,00;CustomerAssign;bima_customerassign_date tersedia (durasi negatif di-clamp ke 0 = Comply);192,34;Not Comply
202605;TREG 2;PRIANGAN BARAT;CIANJUR;SGA;migrate;24,00;PI;bima_customerassign_date kosong → pakai orca_pi_date (durasi negatif di-clamp ke 0 = Comply);21,73;Comply
202605;TREG 5;SULBAGSEL;PARE-PARE;PRE;migrate;24,00;CustomerAssign;bima_customerassign_date tersedia (durasi negatif di-clamp ke 0 = Comply);239,56;Not Comply
202605;TREG 4;KALTIMTARA;BONTANG;BOT;migrate;24,00;PI;bima_customerassign_date kosong → pakai orca_pi_date (durasi negatif di-clamp ke 0 = Comply);17,73;Comply
202605;TREG 3;JATIM TIMUR;JOMBANG;MOJ;migrate;24,00;PI;bima_customerassign_date kosong → pakai orca_pi_date (durasi negatif di-clamp ke 0 = Comply);21,31;Comply
202605;TREG 3;JATIM BARAT;BOJONEGORO;SMJ;migrate;24,00;PI;bima_customerassign_date kosong → pakai orca_pi_date (durasi negatif di-clamp ke 0 = Comply);22,38;Comply
202605;TREG 5;SULBAGSEL;MAKASSAR;MAT;create;48,00;PI;bima_customerassign_date kosong → pakai orca_pi_date (durasi negatif di-clamp ke 0 = Comply);16,88;Comply
202605;TREG 1;ACEH;ACEH;SAB;migrate;24,00;CustomerAssign;bima_customerassign_date tersedia (durasi negatif di-clamp ke 0 = Comply);139,02;Not Comply
202605;TREG 4;KALTIMTARA;SAMARINDA;SMR;create;48,00;PI;bima_customerassign_date kosong → pakai orca_pi_date (durasi negatif di-clamp ke 0 = Comply);24,95;Comply
202605;TREG 1;ACEH;MEULABOH;MBO;migrate;24,00;PI;bima_customerassign_date kosong → pakai orca_pi_date (durasi negatif di-clamp ke 0 = Comply);42,82;Not Comply
202605;TREG 4;KALTIMTARA;BULUNGAN BERAU;TRD;migrate;24,00;PI;bima_customerassign_date kosong → pakai orca_pi_date (durasi negatif di-clamp ke 0 = Comply);44,08;Not Comply
202605;TREG 2;JAKARTA CENTRUM;JAKPUS;CID;migrate;24,00;PI;bima_customerassign_date kosong → pakai orca_pi_date (durasi negatif di-clamp ke 0 = Comply);20,07;Comply
202605;TREG 2;BEKASI KARAWANG;CIKARANG;BGG;create;48,00;PI;bima_customerassign_date kosong → pakai orca_pi_date (durasi negatif di-clamp ke 0 = Comply);18,16;Comply
202605;TREG 5;SULBAGSEL;KENDARI;MDG;create;48,00;PI;bima_customerassign_date kosong → pakai orca_pi_date (durasi negatif di-clamp ke 0 = Comply);21,03;Comply
202605;TREG 4;KALTIMTARA;SAMARINDA;SEM;create;48,00;PI;bima_customerassign_date kosong → pakai orca_pi_date (durasi negatif di-clamp ke 0 = Comply);19,17;Comply
202605;TREG 1;SUMUT;RANTAU PRAPAT;RAP;migrate;24,00;CustomerAssign;bima_customerassign_date tersedia (durasi negatif di-clamp ke 0 = Comply);112,65;Not Comply
202605;TREG 4;KALTIMTARA;SAMARINDA;PLL;create;48,00;PI;bima_customerassign_date kosong → pakai orca_pi_date (durasi negatif di-clamp ke 0 = Comply);1,55;Comply
202605;TREG 1;RIAU;RIKEP;SKN;create;48,00;PI;bima_customerassign_date kosong → pakai orca_pi_date (durasi negatif di-clamp ke 0 = Comply);21,56;Comply
202605;TREG 4;BALIKPAPAN;BALIKPAPAN;GSA;migrate;24,00;PI;bima_customerassign_date kosong → pakai orca_pi_date (durasi negatif di-clamp ke 0 = Comply);20,02;Comply
202605;TREG 4;KALSELTENG;PALANGKARAYA;PLK;migrate;24,00;PI;bima_customerassign_date kosong → pakai orca_pi_date (durasi negatif di-clamp ke 0 = Comply);40,20;Not Comply
202605;TREG 4;KALTIMTARA;SAMARINDA;LMP;migrate;24,00;PI;bima_customerassign_date kosong → pakai orca_pi_date (durasi negatif di-clamp ke 0 = Comply);44,74;Not Comply
202605;TREG 1;RIAU;RIKEP;BTC;migrate;24,00;PI;bima_customerassign_date kosong → pakai orca_pi_date (durasi negatif di-clamp ke 0 = Comply);23,18;Comply
202605;TREG 5;SULBAGSEL;MAKASSAR;PNK;migrate;24,00;CustomerAssign;bima_customerassign_date tersedia (durasi negatif di-clamp ke 0 = Comply);168,54;Not Comply
202605;TREG 3;SOLO JATENG TIMUR;KLATEN;KLX;migrate;24,00;PI;bima_customerassign_date kosong → pakai orca_pi_date (durasi negatif di-clamp ke 0 = Comply);47,17;Not Comply
202605;TREG 5;SULBAGSEL;MAROS;SUD;create;48,00;CustomerAssign;bima_customerassign_date tersedia (durasi negatif di-clamp ke 0 = Comply);0,00;Comply
202605;TREG 3;BALI;DENPASAR SELATAN;BNO;migrate;24,00;PI;bima_customerassign_date kosong → pakai orca_pi_date (durasi negatif di-clamp ke 0 = Comply);19,28;Comply
202605;TREG 2;JAKARTA OUTER;JAKSEL;KBY;migrate;24,00;PI;bima_customerassign_date kosong → pakai orca_pi_date (durasi negatif di-clamp ke 0 = Comply);18,07;Comply
202605;TREG 5;SULBAGSEL;MAKASSAR;PNK;create;48,00;PI;bima_customerassign_date kosong → pakai orca_pi_date (durasi negatif di-clamp ke 0 = Comply);23,31;Comply
202605;TREG 2;PRIANGAN BARAT;DEPOK;DEP;migrate;24,00;CustomerAssign;bima_customerassign_date tersedia (durasi negatif di-clamp ke 0 = Comply);2,74;Comply
202605;TREG 4;KALTIMTARA;BONTANG;STT;migrate;24,00;PI;bima_customerassign_date kosong → pakai orca_pi_date (durasi negatif di-clamp ke 0 = Comply);17,44;Comply
202605;TREG 4;KALTIMTARA;BULUNGAN BERAU;TSL;migrate;24,00;PI;bima_customerassign_date kosong → pakai orca_pi_date (durasi negatif di-clamp ke 0 = Comply);3,56;Comply
202605;TREG 2;PRIANGAN BARAT;DEPOK;DEP;migrate;24,00;CustomerAssign;bima_customerassign_date tersedia (durasi negatif di-clamp ke 0 = Comply);45,82;Not Comply
202605;TREG 2;JAKARTA INNER;JAKBAR;TGA;create;48,00;PI;bima_customerassign_date kosong → pakai orca_pi_date (durasi negatif di-clamp ke 0 = Comply);0,50;Comply
202605;TREG 3;NUSA TENGGARA;WAINGAPU;WGP;migrate;24,00;PI;bima_customerassign_date kosong → pakai orca_pi_date (durasi negatif di-clamp ke 0 = Comply);51,82;Not Comply
202605;TREG 5;SULBAGSEL;BAU-BAU;RAH;migrate;24,00;CustomerAssign;bima_customerassign_date tersedia (durasi negatif di-clamp ke 0 = Comply);92,29;Not Comply
202605;TREG 2;BANDUNG;SUMEDANG;CJA;migrate;24,00;PI;bima_customerassign_date kosong → pakai orca_pi_date (durasi negatif di-clamp ke 0 = Comply);63,29;Not Comply
202605;TREG 2;PRIANGAN BARAT;DEPOK;DEP;migrate;24,00;CustomerAssign;bima_customerassign_date tersedia (durasi negatif di-clamp ke 0 = Comply);44,50;Not Comply
202605;TREG 3;JATIM BARAT;MALANG;SGS;migrate;24,00;CustomerAssign;bima_customerassign_date tersedia (durasi negatif di-clamp ke 0 = Comply);94,54;Not Comply
202605;TREG 4;KALTIMTARA;BONTANG;BOT;migrate;24,00;PI;bima_customerassign_date kosong → pakai orca_pi_date (durasi negatif di-clamp ke 0 = Comply);20,40;Comply
202605;TREG 1;RIAU;RIDAR;PBB;migrate;24,00;CustomerAssign;bima_customerassign_date tersedia (durasi negatif di-clamp ke 0 = Comply);315,58;Not Comply
202605;TREG 3;YOGYA JATENG SELATAN;CILACAP;CLC;migrate;24,00;CustomerAssign;bima_customerassign_date tersedia (durasi negatif di-clamp ke 0 = Comply);164,67;Not Comply
202605;TREG 4;BALIKPAPAN;BALIKPAPAN;GSA;migrate;24,00;PI;bima_customerassign_date kosong → pakai orca_pi_date (durasi negatif di-clamp ke 0 = Comply);20,69;Comply
202605;TREG 3;YOGYA JATENG SELATAN;CILACAP;MAO;migrate;24,00;CustomerAssign;bima_customerassign_date tersedia (durasi negatif di-clamp ke 0 = Comply);188,83;Not Comply
202605;TREG 4;KALSELTENG;BANJARMASIN;BJM;migrate;24,00;CustomerAssign;bima_customerassign_date tersedia (durasi negatif di-clamp ke 0 = Comply);140,85;Not Comply
202605;TREG 5;SULBAGSEL;SITOR;SID;migrate;24,00;CustomerAssign;bima_customerassign_date tersedia (durasi negatif di-clamp ke 0 = Comply);74,86;Not Comply
202605;TREG 1;SUMUT;BINJAI;BJI;migrate;24,00;CustomerAssign;bima_customerassign_date tersedia (durasi negatif di-clamp ke 0 = Comply);75,89;Not Comply
202605;TREG 1;SUMUT;BINJAI;BJI;migrate;24,00;PI;bima_customerassign_date kosong → pakai orca_pi_date (durasi negatif di-clamp ke 0 = Comply);42,46;Not Comply
202605;TREG 1;SUMUT;MEDAN;SPM;create;48,00;PI;bima_customerassign_date kosong → pakai orca_pi_date (durasi negatif di-clamp ke 0 = Comply);0,72;Comply
202605;TREG 1;SUMUT;MEDAN;SPM;migrate;24,00;PI;bima_customerassign_date kosong → pakai orca_pi_date (durasi negatif di-clamp ke 0 = Comply);42,32;Not Comply
202605;TREG 4;KALTIMTARA;SAMARINDA;SEM;create;48,00;PI;bima_customerassign_date kosong → pakai orca_pi_date (durasi negatif di-clamp ke 0 = Comply);3,32;Comply
202605;TREG 1;LAMPUNG BENGKULU;BENGKULU;BNC;migrate;24,00;CustomerAssign;bima_customerassign_date tersedia (durasi negatif di-clamp ke 0 = Comply);167,02;Not Comply
202605;TREG 2;BANTEN;CILEGON;CLG;migrate;24,00;CustomerAssign;bima_customerassign_date tersedia (durasi negatif di-clamp ke 0 = Comply);412,02;Not Comply
202605;TREG 4;KALSELTENG;TANJUNG TABALONG;BRI;migrate;24,00;PI;bima_customerassign_date kosong → pakai orca_pi_date (durasi negatif di-clamp ke 0 = Comply);22,26;Comply
202605;TREG 4;KALSELTENG;BATULICIN;BLC;migrate;24,00;PI;bima_customerassign_date kosong → pakai orca_pi_date (durasi negatif di-clamp ke 0 = Comply);18,99;Comply
202605;TREG 3;SOLO JATENG TIMUR;SRAGEN;KAR;migrate;24,00;PI;bima_customerassign_date kosong → pakai orca_pi_date (durasi negatif di-clamp ke 0 = Comply);22,79;Comply
202605;TREG 2;BANTEN;PASAR BARU;CPD;create;48,00;PI;bima_customerassign_date kosong → pakai orca_pi_date (durasi negatif di-clamp ke 0 = Comply);1,14;Comply
202605;TREG 1;SUMUT;SUMUT;RBM;create;48,00;PI;bima_customerassign_date kosong → pakai orca_pi_date (durasi negatif di-clamp ke 0 = Comply);42,57;Comply
202605;TREG 4;KALTIMTARA;BONTANG;BOT;migrate;24,00;PI;bima_customerassign_date kosong → pakai orca_pi_date (durasi negatif di-clamp ke 0 = Comply);28,77;Not Comply
202605;TREG 3;SEMARANG JATENG UTARA;SEMARANG;SMT;migrate;24,00;PI;bima_customerassign_date kosong → pakai orca_pi_date (durasi negatif di-clamp ke 0 = Comply);3,72;Comply
202605;TREG 4;KALSELTENG;PALANGKARAYA;PLK;migrate;24,00;PI;bima_customerassign_date kosong → pakai orca_pi_date (durasi negatif di-clamp ke 0 = Comply);51,16;Not Comply
202605;TREG 2;JAKARTA OUTER;JAKTIM;JTN;migrate;24,00;PI;bima_customerassign_date kosong → pakai orca_pi_date (durasi negatif di-clamp ke 0 = Comply);22,68;Comply
202605;TREG 2;BANDUNG;SUMEDANG;CJA;create;48,00;PI;bima_customerassign_date kosong → pakai orca_pi_date (durasi negatif di-clamp ke 0 = Comply);0,45;Comply
202605;TREG 2;JAKARTA OUTER;JAKTIM;CWA;create;48,00;PI;bima_customerassign_date kosong → pakai orca_pi_date (durasi negatif di-clamp ke 0 = Comply);20,07;Comply
202605;TREG 3;SEMARANG JATENG UTARA;TEGAL;TEG;migrate;24,00;CustomerAssign;bima_customerassign_date tersedia (durasi negatif di-clamp ke 0 = Comply);213,72;Not Comply
202605;TREG 1;ACEH;LHOKSEUMAWE;TKN;create;48,00;CustomerAssign;bima_customerassign_date tersedia (durasi negatif di-clamp ke 0 = Comply);455,80;Not Comply
202605;TREG 1;RIAU;RIKEP;SLU;migrate;24,00;PI;bima_customerassign_date kosong → pakai orca_pi_date (durasi negatif di-clamp ke 0 = Comply);4,58;Comply
202605;TREG 4;KALTIMTARA;SAMARINDA;PLL;migrate;24,00;PI;bima_customerassign_date kosong → pakai orca_pi_date (durasi negatif di-clamp ke 0 = Comply);53,05;Not Comply
202605;TREG 5;SULBAGSEL;GOWA;SUG;create;48,00;PI;bima_customerassign_date kosong → pakai orca_pi_date (durasi negatif di-clamp ke 0 = Comply);23,79;Comply
202605;TREG 1;LAMPUNG BENGKULU;LAMPUNG;TJK;migrate;24,00;PI;bima_customerassign_date kosong → pakai orca_pi_date (durasi negatif di-clamp ke 0 = Comply);23,76;Comply
202605;TREG 1;RIAU;RIKEP;DGS;create;48,00;PI;bima_customerassign_date kosong → pakai orca_pi_date (durasi negatif di-clamp ke 0 = Comply);24,07;Comply
202605;TREG 1;SUMUT;MEDAN;TJM;migrate;24,00;PI;bima_customerassign_date kosong → pakai orca_pi_date (durasi negatif di-clamp ke 0 = Comply);9,42;Comply
202605;TREG 2;BANTEN;CILEGON;CLG;migrate;24,00;PI;bima_customerassign_date kosong → pakai orca_pi_date (durasi negatif di-clamp ke 0 = Comply);3,50;Comply
202605;TREG 2;BANTEN;CILEGON;SAM;migrate;24,00;CustomerAssign;bima_customerassign_date tersedia (durasi negatif di-clamp ke 0 = Comply);101,33;Not Comply
202605;TREG 4;KALTIMTARA;MELAK;SBR;migrate;24,00;PI;bima_customerassign_date kosong → pakai orca_pi_date (durasi negatif di-clamp ke 0 = Comply);51,70;Not Comply
202605;TREG 3;JATIM BARAT;MALANG;BLB;migrate;24,00;CustomerAssign;bima_customerassign_date tersedia (durasi negatif di-clamp ke 0 = Comply);101,38;Not Comply
202605;TREG 4;KALTIMTARA;MELAK;SBR;migrate;24,00;PI;bima_customerassign_date kosong → pakai orca_pi_date (durasi negatif di-clamp ke 0 = Comply);23,09;Comply
202605;TREG 2;BEKASI KARAWANG;PURWAKARTA;PWK;migrate;24,00;PI;bima_customerassign_date kosong → pakai orca_pi_date (durasi negatif di-clamp ke 0 = Comply);23,69;Comply
202605;TREG 2;BEKASI KARAWANG;KARAWANG;KRW;migrate;24,00;PI;bima_customerassign_date kosong → pakai orca_pi_date (durasi negatif di-clamp ke 0 = Comply);28,61;Not Comply
202605;TREG 3;SEMARANG JATENG UTARA;SEMARANG;SMT;migrate;24,00;CustomerAssign;bima_customerassign_date tersedia (durasi negatif di-clamp ke 0 = Comply);269,47;Not Comply
202605;TREG 5;SULBAGTENG;PALU;PLA;migrate;24,00;CustomerAssign;bima_customerassign_date tersedia (durasi negatif di-clamp ke 0 = Comply);22,54;Comply
202605;TREG 2;BEKASI KARAWANG;KARAWANG;KRW;migrate;24,00;PI;bima_customerassign_date kosong → pakai orca_pi_date (durasi negatif di-clamp ke 0 = Comply);22,67;Comply
202605;TREG 2;JAKARTA CENTRUM;JAKPUS;CPP;migrate;24,00;PI;bima_customerassign_date kosong → pakai orca_pi_date (durasi negatif di-clamp ke 0 = Comply);22,36;Comply
202605;TREG 4;BALIKPAPAN;BALIKPAPAN;GSA;migrate;24,00;PI;bima_customerassign_date kosong → pakai orca_pi_date (durasi negatif di-clamp ke 0 = Comply);45,30;Not Comply
202605;TREG 4;KALSELTENG;TANJUNG TABALONG;TJL;migrate;24,00;PI;bima_customerassign_date kosong → pakai orca_pi_date (durasi negatif di-clamp ke 0 = Comply);25,15;Not Comply
202605;TREG 2;BEKASI KARAWANG;BEKASI;PKY;migrate;24,00;PI;bima_customerassign_date kosong → pakai orca_pi_date (durasi negatif di-clamp ke 0 = Comply);68,49;Not Comply
202605;TREG 2;PRIANGAN BARAT;DEPOK;PCM;create;48,00;PI;bima_customerassign_date kosong → pakai orca_pi_date (durasi negatif di-clamp ke 0 = Comply);1,73;Comply
202605;TREG 4;KALSELTENG;BANJARMASIN;BJM;migrate;24,00;PI;bima_customerassign_date kosong → pakai orca_pi_date (durasi negatif di-clamp ke 0 = Comply);48,25;Not Comply
202605;TREG 5;SULBAGSEL;SITOR;ENR;migrate;24,00;CustomerAssign;bima_customerassign_date tersedia (durasi negatif di-clamp ke 0 = Comply);433,03;Not Comply
202605;TREG 3;YOGYA JATENG SELATAN;PURWOKERTO;PWT;create;48,00;CustomerAssign;bima_customerassign_date tersedia (durasi negatif di-clamp ke 0 = Comply);935,03;Not Comply
202605;TREG 4;KALTIMTARA;BONTANG;BOT;migrate;24,00;CustomerAssign;bima_customerassign_date tersedia (durasi negatif di-clamp ke 0 = Comply);73,04;Not Comply
202605;TREG 3;JATIM BARAT;MALANG;SWJ;migrate;24,00;PI;bima_customerassign_date kosong → pakai orca_pi_date (durasi negatif di-clamp ke 0 = Comply);4,76;Comply
202605;TREG 3;SURAMADU;SURABAYA SELATAN;JGR;create;48,00;PI;bima_customerassign_date kosong → pakai orca_pi_date (durasi negatif di-clamp ke 0 = Comply);21,05;Comply
202605;TREG 4;KALTIMTARA;NUNUKAN;NNK;migrate;24,00;CustomerAssign;bima_customerassign_date tersedia (durasi negatif di-clamp ke 0 = Comply);0,00;Comply
202605;TREG 2;BEKASI KARAWANG;BEKASI;BBL;create;48,00;PI;bima_customerassign_date kosong → pakai orca_pi_date (durasi negatif di-clamp ke 0 = Comply);18,68;Comply
202605;TREG 5;SULBAGSEL;PALOPO;PLP;migrate;24,00;CustomerAssign;bima_customerassign_date tersedia (durasi negatif di-clamp ke 0 = Comply);24,23;Not Comply
202605;TREG 3;SURAMADU;GRESIK;GSK;create;48,00;PI;bima_customerassign_date kosong → pakai orca_pi_date (durasi negatif di-clamp ke 0 = Comply);4,13;Comply
202605;TREG 2;BANTEN;LENGKONG;LKG;create;48,00;PI;bima_customerassign_date kosong → pakai orca_pi_date (durasi negatif di-clamp ke 0 = Comply);20,34;Comply
202605;TREG 4;KALSELTENG;TANJUNG TABALONG;TJL;create;48,00;PI;bima_customerassign_date kosong → pakai orca_pi_date (durasi negatif di-clamp ke 0 = Comply);26,59;Comply
202605;TREG 1;RIAU;BANGKINANG;BKN;migrate;24,00;PI;bima_customerassign_date kosong → pakai orca_pi_date (durasi negatif di-clamp ke 0 = Comply);24,20;Not Comply
202605;TREG 4;BALIKPAPAN;BALIKPAPAN;BAM;migrate;24,00;PI;bima_customerassign_date kosong → pakai orca_pi_date (durasi negatif di-clamp ke 0 = Comply);24,13;Not Comply
202605;TREG 2;BEKASI KARAWANG;PURWAKARTA;CKP;create;48,00;PI;bima_customerassign_date kosong → pakai orca_pi_date (durasi negatif di-clamp ke 0 = Comply);1,18;Comply
202605;TREG 1;SUMBAGSEL;PRABUMULIH;IDL;migrate;24,00;PI;bima_customerassign_date kosong → pakai orca_pi_date (durasi negatif di-clamp ke 0 = Comply);49,98;Not Comply
202605;TREG 4;KALTIMTARA;SAMARINDA;PAA;migrate;24,00;CustomerAssign;bima_customerassign_date tersedia (durasi negatif di-clamp ke 0 = Comply);97,42;Not Comply
202605;TREG 3;JATIM TIMUR;PROBOLINGGO;PBL;migrate;24,00;PI;bima_customerassign_date kosong → pakai orca_pi_date (durasi negatif di-clamp ke 0 = Comply);28,60;Not Comply
202605;TREG 2;JAKARTA OUTER;JAKSEL;PSM;migrate;24,00;CustomerAssign;bima_customerassign_date tersedia (durasi negatif di-clamp ke 0 = Comply);534,54;Not Comply
202605;TREG 4;KALSELTENG;SAMPIT;SAI;migrate;24,00;PI;bima_customerassign_date kosong → pakai orca_pi_date (durasi negatif di-clamp ke 0 = Comply);50,16;Not Comply
202605;TREG 4;KALTIMTARA;TARAKAN;TRK;create;48,00;CustomerAssign;bima_customerassign_date tersedia (durasi negatif di-clamp ke 0 = Comply);30,66;Comply
202605;TREG 3;JATIM BARAT;KEDIRI;PAE;migrate;24,00;PI;bima_customerassign_date kosong → pakai orca_pi_date (durasi negatif di-clamp ke 0 = Comply);20,45;Comply
202605;TREG 3;JATIM TIMUR;PROBOLINGGO;PBL;create;48,00;PI;bima_customerassign_date kosong → pakai orca_pi_date (durasi negatif di-clamp ke 0 = Comply);1,64;Comply
202605;TREG 4;KALSELTENG;TANJUNG TABALONG;PGN;migrate;24,00;CustomerAssign;bima_customerassign_date tersedia (durasi negatif di-clamp ke 0 = Comply);431,73;Not Comply
202605;TREG 2;PRIANGAN TIMUR;CIREBON;CBN;migrate;24,00;PI;bima_customerassign_date kosong → pakai orca_pi_date (durasi negatif di-clamp ke 0 = Comply);90,62;Not Comply
202605;TREG 4;KALTIMTARA;SAMARINDA;PLL;migrate;24,00;PI;bima_customerassign_date kosong → pakai orca_pi_date (durasi negatif di-clamp ke 0 = Comply);26,39;Not Comply
202605;TREG 4;KALTIMTARA;TARAKAN;TRK;migrate;24,00;PI;bima_customerassign_date kosong → pakai orca_pi_date (durasi negatif di-clamp ke 0 = Comply);25,75;Not Comply
202605;TREG 2;JAKARTA CENTRUM;JAKUT;MRD;migrate;24,00;PI;bima_customerassign_date kosong → pakai orca_pi_date (durasi negatif di-clamp ke 0 = Comply);6,32;Comply
202605;TREG 3;YOGYA JATENG SELATAN;YOGYAKARTA;KBU;create;48,00;CustomerAssign;bima_customerassign_date tersedia (durasi negatif di-clamp ke 0 = Comply);54,99;Not Comply
202605;TREG 3;BALI;DENPASAR CENTRUM;KLM;migrate;24,00;PI;bima_customerassign_date kosong → pakai orca_pi_date (durasi negatif di-clamp ke 0 = Comply);15,79;Comply
202605;TREG 4;KALSELTENG;TANJUNG TABALONG;TJL;migrate;24,00;PI;bima_customerassign_date kosong → pakai orca_pi_date (durasi negatif di-clamp ke 0 = Comply);27,83;Not Comply
202605;TREG 3;SURAMADU;SURABAYA UTARA;KLN;migrate;24,00;PI;bima_customerassign_date kosong → pakai orca_pi_date (durasi negatif di-clamp ke 0 = Comply);24,04;Not Comply
202605;TREG 4;KALBAR;PONTIANAK;JAW;migrate;24,00;PI;bima_customerassign_date kosong → pakai orca_pi_date (durasi negatif di-clamp ke 0 = Comply);4,15;Comply
202605;TREG 2;JAKARTA OUTER;JAKTIM;JTN;migrate;24,00;PI;bima_customerassign_date kosong → pakai orca_pi_date (durasi negatif di-clamp ke 0 = Comply);6,24;Comply
202605;TREG 1;RIAU;BANGKINANG;RBI;migrate;24,00;PI;bima_customerassign_date kosong → pakai orca_pi_date (durasi negatif di-clamp ke 0 = Comply);21,82;Comply
202605;TREG 3;SEMARANG JATENG UTARA;SEMARANG;BMK;migrate;24,00;PI;bima_customerassign_date kosong → pakai orca_pi_date (durasi negatif di-clamp ke 0 = Comply);24,53;Not Comply
202605;TREG 5;SULBAGSEL;PALOPO;PLP;migrate;24,00;PI;bima_customerassign_date kosong → pakai orca_pi_date (durasi negatif di-clamp ke 0 = Comply);6,08;Comply
202605;TREG 4;KALTIMTARA;SAMARINDA;SEM;create;48,00;PI;bima_customerassign_date kosong → pakai orca_pi_date (durasi negatif di-clamp ke 0 = Comply);0,74;Comply
202605;TREG 4;KALTIMTARA;BONTANG;BOT;migrate;24,00;PI;bima_customerassign_date kosong → pakai orca_pi_date (durasi negatif di-clamp ke 0 = Comply);28,74;Not Comply
202605;TREG 1;SUMBAR JAMBI;SUMBAR;LBY;migrate;24,00;PI;bima_customerassign_date kosong → pakai orca_pi_date (durasi negatif di-clamp ke 0 = Comply);28,95;Not Comply
202605;TREG 4;KALTIMTARA;SAMARINDA;SEP;create;48,00;CustomerAssign;bima_customerassign_date tersedia (durasi negatif di-clamp ke 0 = Comply);50,61;Not Comply
202605;TREG 4;KALTIMTARA;MELAK;SBR;migrate;24,00;CustomerAssign;bima_customerassign_date tersedia (durasi negatif di-clamp ke 0 = Comply);170,73;Not Comply
202605;TREG 3;SURAMADU;GRESIK;GSK;migrate;24,00;PI;bima_customerassign_date kosong → pakai orca_pi_date (durasi negatif di-clamp ke 0 = Comply);25,46;Not Comply
202605;TREG 4;KALTIMTARA;BONTANG;STT;migrate;24,00;PI;bima_customerassign_date kosong → pakai orca_pi_date (durasi negatif di-clamp ke 0 = Comply);31,23;Not Comply
202605;TREG 5;SULBAGSEL;MAKASSAR;ANT;create;48,00;CustomerAssign;bima_customerassign_date tersedia (durasi negatif di-clamp ke 0 = Comply);0,76;Comply
202605;TREG 2;PRIANGAN BARAT;DEPOK;DEP;migrate;24,00;PI;bima_customerassign_date kosong → pakai orca_pi_date (durasi negatif di-clamp ke 0 = Comply);93,68;Not Comply
202605;TREG 2;BANDUNG;SUMEDANG;CJA;migrate;24,00;PI;bima_customerassign_date kosong → pakai orca_pi_date (durasi negatif di-clamp ke 0 = Comply);23,81;Comply
202605;TREG 3;YOGYA JATENG SELATAN;PURBALINGGA;PBG;migrate;24,00;CustomerAssign;bima_customerassign_date tersedia (durasi negatif di-clamp ke 0 = Comply);103,84;Not Comply
202605;TREG 4;KALSELTENG;BANJARMASIN;BJM;migrate;24,00;PI;bima_customerassign_date kosong → pakai orca_pi_date (durasi negatif di-clamp ke 0 = Comply);6,67;Comply
202605;TREG 4;KALBAR;KETAPANG;KTP;migrate;24,00;CustomerAssign;bima_customerassign_date tersedia (durasi negatif di-clamp ke 0 = Comply);223,93;Not Comply
202605;TREG 2;JAKARTA OUTER;JAKTIM;CWA;migrate;24,00;PI;bima_customerassign_date kosong → pakai orca_pi_date (durasi negatif di-clamp ke 0 = Comply);7,02;Comply
202605;TREG 5;SULBAGSEL;SITOR;WTG;migrate;24,00;PI;bima_customerassign_date kosong → pakai orca_pi_date (durasi negatif di-clamp ke 0 = Comply);54,11;Not Comply
202605;TREG 3;YOGYA JATENG SELATAN;WONOSOBO;WOS;migrate;24,00;PI;bima_customerassign_date kosong → pakai orca_pi_date (durasi negatif di-clamp ke 0 = Comply);24,54;Not Comply
202605;TREG 3;YOGYA JATENG SELATAN;YOGYAKARTA;KGD;create;48,00;CustomerAssign;bima_customerassign_date tersedia (durasi negatif di-clamp ke 0 = Comply);144,01;Not Comply
202605;TREG 1;RIAU;DUMAI;BAG;migrate;24,00;CustomerAssign;bima_customerassign_date tersedia (durasi negatif di-clamp ke 0 = Comply);152,07;Not Comply
202605;TREG 1;RIAU;RIKEP;BTC;create;48,00;PI;bima_customerassign_date kosong → pakai orca_pi_date (durasi negatif di-clamp ke 0 = Comply);3,14;Comply
202605;TREG 2;JAKARTA OUTER;JAKTIM;PSR;migrate;24,00;PI;bima_customerassign_date kosong → pakai orca_pi_date (durasi negatif di-clamp ke 0 = Comply);22,17;Comply
202605;TREG 3;JATIM BARAT;MADIUN;MNZ;migrate;24,00;PI;bima_customerassign_date kosong → pakai orca_pi_date (durasi negatif di-clamp ke 0 = Comply);4,83;Comply
202605;TREG 4;KALTIMTARA;MELAK;TGG;migrate;24,00;PI;bima_customerassign_date kosong → pakai orca_pi_date (durasi negatif di-clamp ke 0 = Comply);51,01;Not Comply
202605;TREG 2;JAKARTA INNER;JAKBAR;PLM;create;48,00;PI;bima_customerassign_date kosong → pakai orca_pi_date (durasi negatif di-clamp ke 0 = Comply);24,91;Comply
202605;TREG 2;PRIANGAN BARAT;SENTUL;KHL;migrate;24,00;PI;bima_customerassign_date kosong → pakai orca_pi_date (durasi negatif di-clamp ke 0 = Comply);199,21;Not Comply
202605;TREG 2;PRIANGAN BARAT;CIBINONG;BJD;migrate;24,00;CustomerAssign;bima_customerassign_date tersedia (durasi negatif di-clamp ke 0 = Comply);128,56;Not Comply
202605;TREG 4;KALSELTENG;TANJUNG TABALONG;KDG;migrate;24,00;CustomerAssign;bima_customerassign_date tersedia (durasi negatif di-clamp ke 0 = Comply);147,58;Not Comply
202605;TREG 5;SULBAGSEL;MAKASSAR;MAT;migrate;24,00;CustomerAssign;bima_customerassign_date tersedia (durasi negatif di-clamp ke 0 = Comply);128,62;Not Comply
202605;TREG 1;SUMBAR JAMBI;BUKIT TINGGI;BKT;migrate;24,00;PI;bima_customerassign_date kosong → pakai orca_pi_date (durasi negatif di-clamp ke 0 = Comply);51,53;Not Comply
202605;TREG 3;YOGYA JATENG SELATAN;YOGYAKARTA;PGR;migrate;24,00;PI;bima_customerassign_date kosong → pakai orca_pi_date (durasi negatif di-clamp ke 0 = Comply);49,32;Not Comply
202605;TREG 2;JAKARTA CENTRUM;JAKPUS;CPP;migrate;24,00;PI;bima_customerassign_date kosong → pakai orca_pi_date (durasi negatif di-clamp ke 0 = Comply);29,37;Not Comply
202605;TREG 4;KALTIMTARA;BONTANG;BOT;migrate;24,00;CustomerAssign;bima_customerassign_date tersedia (durasi negatif di-clamp ke 0 = Comply);363,82;Not Comply
202605;TREG 3;YOGYA JATENG SELATAN;SLEMAN;PKM;create;48,00;PI;bima_customerassign_date kosong → pakai orca_pi_date (durasi negatif di-clamp ke 0 = Comply);8,68;Comply
202605;TREG 3;SEMARANG JATENG UTARA;UNGARAN;UNR;migrate;24,00;PI;bima_customerassign_date kosong → pakai orca_pi_date (durasi negatif di-clamp ke 0 = Comply);22,80;Comply
202605;TREG 3;NUSA TENGGARA;NTB;MTR;create;48,00;CustomerAssign;bima_customerassign_date tersedia (durasi negatif di-clamp ke 0 = Comply);32,94;Comply
202605;TREG 4;KALSELTENG;BATULICIN;SER;migrate;24,00;CustomerAssign;bima_customerassign_date tersedia (durasi negatif di-clamp ke 0 = Comply);25,97;Not Comply
202605;TREG 2;JAKARTA OUTER;JAKTIM;CWA;migrate;24,00;CustomerAssign;bima_customerassign_date tersedia (durasi negatif di-clamp ke 0 = Comply);56,98;Not Comply
202605;TREG 2;JAKARTA CENTRUM;JAKUT;STR;migrate;24,00;PI;bima_customerassign_date kosong → pakai orca_pi_date (durasi negatif di-clamp ke 0 = Comply);4,49;Comply
202605;TREG 4;KALSELTENG;SAMPIT;SAI;migrate;24,00;PI;bima_customerassign_date kosong → pakai orca_pi_date (durasi negatif di-clamp ke 0 = Comply);31,70;Not Comply
202605;TREG 2;JAKARTA OUTER;JAKSEL;CPE;create;48,00;PI;bima_customerassign_date kosong → pakai orca_pi_date (durasi negatif di-clamp ke 0 = Comply);3,52;Comply
202605;TREG 2;PRIANGAN BARAT;KUJANG;DMG;create;48,00;PI;bima_customerassign_date kosong → pakai orca_pi_date (durasi negatif di-clamp ke 0 = Comply);2,33;Comply
202605;TREG 2;JAKARTA OUTER;JAKSEL;PSM;create;48,00;PI;bima_customerassign_date kosong → pakai orca_pi_date (durasi negatif di-clamp ke 0 = Comply);0,98;Comply
202605;TREG 2;BANTEN;LENGKONG;SRP;migrate;24,00;PI;bima_customerassign_date kosong → pakai orca_pi_date (durasi negatif di-clamp ke 0 = Comply);6,57;Comply
202605;TREG 2;JAKARTA OUTER;JAKTIM;KRG;create;48,00;PI;bima_customerassign_date kosong → pakai orca_pi_date (durasi negatif di-clamp ke 0 = Comply);50,11;Not Comply
202605;TREG 2;BANTEN;PASAR BARU;TAN;migrate;24,00;PI;bima_customerassign_date kosong → pakai orca_pi_date (durasi negatif di-clamp ke 0 = Comply);47,68;Not Comply
202605;TREG 2;BANDUNG;PADALARANG;PDL;migrate;24,00;CustomerAssign;bima_customerassign_date tersedia (durasi negatif di-clamp ke 0 = Comply);129,29;Not Comply
202605;TREG 2;BANTEN;CIPUTAT;CPA;create;48,00;PI;bima_customerassign_date kosong → pakai orca_pi_date (durasi negatif di-clamp ke 0 = Comply);0,75;Comply
202605;TREG 3;SEMARANG JATENG UTARA;SEMARANG;SMC;create;48,00;PI;bima_customerassign_date kosong → pakai orca_pi_date (durasi negatif di-clamp ke 0 = Comply);9,34;Comply
202605;TREG 2;BANDUNG;SOREANG;CCL;migrate;24,00;PI;bima_customerassign_date kosong → pakai orca_pi_date (durasi negatif di-clamp ke 0 = Comply);26,57;Not Comply
202605;TREG 1;ACEH;LANGSA;KSG;create;48,00;PI;bima_customerassign_date kosong → pakai orca_pi_date (durasi negatif di-clamp ke 0 = Comply);1,05;Comply
202605;TREG 4;BALIKPAPAN;BALIKPAPAN;BRU;create;48,00;PI;bima_customerassign_date kosong → pakai orca_pi_date (durasi negatif di-clamp ke 0 = Comply);2,38;Comply
202605;TREG 4;KALSELTENG;SAMPIT;SAI;migrate;24,00;PI;bima_customerassign_date kosong → pakai orca_pi_date (durasi negatif di-clamp ke 0 = Comply);4,24;Comply
202605;TREG 4;KALSELTENG;SAMPIT;SAI;migrate;24,00;PI;bima_customerassign_date kosong → pakai orca_pi_date (durasi negatif di-clamp ke 0 = Comply);0,83;Comply
202605;TREG 3;SURAMADU;SURABAYA SELATAN;DMO;migrate;24,00;PI;bima_customerassign_date kosong → pakai orca_pi_date (durasi negatif di-clamp ke 0 = Comply);25,70;Not Comply
202605;TREG 2;JAKARTA CENTRUM;JAKUT;KTZ;create;48,00;PI;bima_customerassign_date kosong → pakai orca_pi_date (durasi negatif di-clamp ke 0 = Comply);0,89;Comply
202605;TREG 5;SULBAGSEL;MAKASSAR;BAL;create;48,00;PI;bima_customerassign_date kosong → pakai orca_pi_date (durasi negatif di-clamp ke 0 = Comply);52,73;Not Comply
202605;TREG 4;BALIKPAPAN;TANAHGROGOT;SKU;migrate;24,00;PI;bima_customerassign_date kosong → pakai orca_pi_date (durasi negatif di-clamp ke 0 = Comply);56,09;Not Comply
202605;TREG 4;BALIKPAPAN;BALIKPAPAN;KTB;create;48,00;PI;bima_customerassign_date kosong → pakai orca_pi_date (durasi negatif di-clamp ke 0 = Comply);52,77;Not Comply
202605;TREG 3;YOGYA JATENG SELATAN;MAGELANG;MGE;migrate;24,00;PI;bima_customerassign_date kosong → pakai orca_pi_date (durasi negatif di-clamp ke 0 = Comply);31,91;Not Comply
202605;TREG 3;JATIM TIMUR;MOJOKERTO;MRT;migrate;24,00;PI;bima_customerassign_date kosong → pakai orca_pi_date (durasi negatif di-clamp ke 0 = Comply);3,22;Comply
202605;TREG 3;YOGYA JATENG SELATAN;SLEMAN;PKM;create;48,00;PI;bima_customerassign_date kosong → pakai orca_pi_date (durasi negatif di-clamp ke 0 = Comply);3,77;Comply
202605;TREG 5;SULBAGSEL;GOWA;SUG;create;48,00;PI;bima_customerassign_date kosong → pakai orca_pi_date (durasi negatif di-clamp ke 0 = Comply);1,76;Comply
202605;TREG 5;SULBAGSEL;SITOR;SID;migrate;24,00;PI;bima_customerassign_date kosong → pakai orca_pi_date (durasi negatif di-clamp ke 0 = Comply);10,98;Comply
202605;TREG 4;KALSELTENG;TANJUNG TABALONG;TJL;migrate;24,00;CustomerAssign;bima_customerassign_date tersedia (durasi negatif di-clamp ke 0 = Comply);274,26;Not Comply
202605;TREG 4;KALTIMTARA;TARAKAN;TRK;create;48,00;PI;bima_customerassign_date kosong → pakai orca_pi_date (durasi negatif di-clamp ke 0 = Comply);5,08;Comply
202605;TREG 4;KALSELTENG;PALANGKARAYA;PLK;create;48,00;PI;bima_customerassign_date kosong → pakai orca_pi_date (durasi negatif di-clamp ke 0 = Comply);1,99;Comply
202605;TREG 4;KALBAR;SINGKAWANG;SNW;migrate;24,00;PI;bima_customerassign_date kosong → pakai orca_pi_date (durasi negatif di-clamp ke 0 = Comply);26,37;Not Comply
202605;TREG 2;JAKARTA CENTRUM;JAKUT;KTX;create;48,00;PI;bima_customerassign_date kosong → pakai orca_pi_date (durasi negatif di-clamp ke 0 = Comply);6,68;Comply
202605;TREG 4;KALBAR;PONTIANAK;SRY;migrate;24,00;PI;bima_customerassign_date kosong → pakai orca_pi_date (durasi negatif di-clamp ke 0 = Comply);52,72;Not Comply
202605;TREG 5;SULBAGSEL;MAKASSAR;PNK;create;48,00;PI;bima_customerassign_date kosong → pakai orca_pi_date (durasi negatif di-clamp ke 0 = Comply);6,77;Comply
202605;TREG 2;PRIANGAN BARAT;KUJANG;PAG;migrate;24,00;PI;bima_customerassign_date kosong → pakai orca_pi_date (durasi negatif di-clamp ke 0 = Comply);30,28;Not Comply
202605;TREG 3;JATIM BARAT;MALANG;BLB;migrate;24,00;PI;bima_customerassign_date kosong → pakai orca_pi_date (durasi negatif di-clamp ke 0 = Comply);31,93;Not Comply
202605;TREG 2;BANDUNG;BANDUNG;TLE;migrate;24,00;PI;bima_customerassign_date kosong → pakai orca_pi_date (durasi negatif di-clamp ke 0 = Comply);3,75;Comply
202605;TREG 1;RIAU;RIKEP;SLU;create;48,00;PI;bima_customerassign_date kosong → pakai orca_pi_date (durasi negatif di-clamp ke 0 = Comply);27,70;Comply
202605;TREG 5;PAPUA;ABEPURA;ABE;create;48,00;PI;bima_customerassign_date kosong → pakai orca_pi_date (durasi negatif di-clamp ke 0 = Comply);1,31;Comply
202605;TREG 4;KALSELTENG;BANJARBARU;BBR;migrate;24,00;CustomerAssign;bima_customerassign_date tersedia (durasi negatif di-clamp ke 0 = Comply);59,00;Not Comply
202605;TREG 2;JAKARTA CENTRUM;JAKPUS;CID;migrate;24,00;PI;bima_customerassign_date kosong → pakai orca_pi_date (durasi negatif di-clamp ke 0 = Comply);4,50;Comply
202605;TREG 2;PRIANGAN TIMUR;GARUT;GRU;create;48,00;PI;bima_customerassign_date kosong → pakai orca_pi_date (durasi negatif di-clamp ke 0 = Comply);5,89;Comply
202605;TREG 3;JATIM TIMUR;SIDOARJO;SDA;migrate;24,00;PI;bima_customerassign_date kosong → pakai orca_pi_date (durasi negatif di-clamp ke 0 = Comply);7,08;Comply
202605;TREG 5;SULBAGSEL;MAKASSAR;MAT;create;48,00;PI;bima_customerassign_date kosong → pakai orca_pi_date (durasi negatif di-clamp ke 0 = Comply);1,52;Comply
202605;TREG 2;BEKASI KARAWANG;SUBANG;SUB;migrate;24,00;PI;bima_customerassign_date kosong → pakai orca_pi_date (durasi negatif di-clamp ke 0 = Comply);51,89;Not Comply
202605;TREG 5;SULBAGSEL;MAKASSAR;PNK;migrate;24,00;CustomerAssign;bima_customerassign_date tersedia (durasi negatif di-clamp ke 0 = Comply);124,30;Not Comply
202605;TREG 1;ACEH;LHOKSEUMAWE;BIR;create;48,00;PI;bima_customerassign_date kosong → pakai orca_pi_date (durasi negatif di-clamp ke 0 = Comply);10,21;Comply
202605;TREG 2;BEKASI KARAWANG;BEKASI;PKY;create;48,00;PI;bima_customerassign_date kosong → pakai orca_pi_date (durasi negatif di-clamp ke 0 = Comply);6,11;Comply
202605;TREG 3;SEMARANG JATENG UTARA;SEMARANG;SMT;create;48,00;PI;bima_customerassign_date kosong → pakai orca_pi_date (durasi negatif di-clamp ke 0 = Comply);0,82;Comply
202605;TREG 3;JATIM TIMUR;SIDOARJO;SDN;create;48,00;PI;bima_customerassign_date kosong → pakai orca_pi_date (durasi negatif di-clamp ke 0 = Comply);11,22;Comply
202605;TREG 1;SUMBAR JAMBI;SUMBAR;ULK;create;48,00;PI;bima_customerassign_date kosong → pakai orca_pi_date (durasi negatif di-clamp ke 0 = Comply);4,73;Comply
202605;TREG 4;KALSELTENG;PALANGKARAYA;PLK;create;48,00;PI;bima_customerassign_date kosong → pakai orca_pi_date (durasi negatif di-clamp ke 0 = Comply);1,72;Comply
202605;TREG 2;JAKARTA OUTER;JAKTIM;KRG;create;48,00;PI;bima_customerassign_date kosong → pakai orca_pi_date (durasi negatif di-clamp ke 0 = Comply);46,33;Comply
202605;TREG 1;ACEH;ACEH;BNA;create;48,00;PI;bima_customerassign_date kosong → pakai orca_pi_date (durasi negatif di-clamp ke 0 = Comply);8,56;Comply
202605;TREG 2;JAKARTA OUTER;JAKTIM;JTN;migrate;24,00;PI;bima_customerassign_date kosong → pakai orca_pi_date (durasi negatif di-clamp ke 0 = Comply);11,18;Comply
202605;TREG 2;PRIANGAN BARAT;DEPOK;DEP;create;48,00;PI;bima_customerassign_date kosong → pakai orca_pi_date (durasi negatif di-clamp ke 0 = Comply);28,82;Comply
202605;TREG 4;KALSELTENG;SAMPIT;KPB;migrate;24,00;PI;bima_customerassign_date kosong → pakai orca_pi_date (durasi negatif di-clamp ke 0 = Comply);4,53;Comply
202605;TREG 2;JAKARTA CENTRUM;JAKUT;CIL;migrate;24,00;PI;bima_customerassign_date kosong → pakai orca_pi_date (durasi negatif di-clamp ke 0 = Comply);10,50;Comply
202605;TREG 2;JAKARTA CENTRUM;JAKUT;KLG;migrate;24,00;PI;bima_customerassign_date kosong → pakai orca_pi_date (durasi negatif di-clamp ke 0 = Comply);4,42;Comply
202605;TREG 2;BEKASI KARAWANG;BEKASI;KRA;migrate;24,00;PI;bima_customerassign_date kosong → pakai orca_pi_date (durasi negatif di-clamp ke 0 = Comply);52,98;Not Comply
202605;TREG 2;JAKARTA OUTER;JAKSEL;KAL;migrate;24,00;PI;bima_customerassign_date kosong → pakai orca_pi_date (durasi negatif di-clamp ke 0 = Comply);7,92;Comply
202605;TREG 2;BEKASI KARAWANG;BEKASI;PKY;migrate;24,00;PI;bima_customerassign_date kosong → pakai orca_pi_date (durasi negatif di-clamp ke 0 = Comply);58,29;Not Comply
202605;TREG 2;JAKARTA INNER;JAKBAR;CKG;migrate;24,00;CustomerAssign;bima_customerassign_date tersedia (durasi negatif di-clamp ke 0 = Comply);101,29;Not Comply
202605;TREG 4;BALIKPAPAN;TANAHGROGOT;TNG;migrate;24,00;PI;bima_customerassign_date kosong → pakai orca_pi_date (durasi negatif di-clamp ke 0 = Comply);53,20;Not Comply
202605;TREG 5;SULBAGSEL;MAKASSAR;BAL;migrate;24,00;CustomerAssign;bima_customerassign_date tersedia (durasi negatif di-clamp ke 0 = Comply);149,35;Not Comply
202605;TREG 3;BALI;DENPASAR UTARA;MMN;create;48,00;PI;bima_customerassign_date kosong → pakai orca_pi_date (durasi negatif di-clamp ke 0 = Comply);7,92;Comply
202605;TREG 2;PRIANGAN BARAT;KUJANG;BOO;create;48,00;PI;bima_customerassign_date kosong → pakai orca_pi_date (durasi negatif di-clamp ke 0 = Comply);7,50;Comply
202605;TREG 2;BEKASI KARAWANG;BEKASI;KRA;create;48,00;CustomerAssign;bima_customerassign_date tersedia (durasi negatif di-clamp ke 0 = Comply);108,97;Not Comply
202605;TREG 3;JATIM BARAT;BATU;KPO;migrate;24,00;PI;bima_customerassign_date kosong → pakai orca_pi_date (durasi negatif di-clamp ke 0 = Comply);79,79;Not Comply
202605;TREG 1;RIAU;BANGKINANG;UBT;create;48,00;CustomerAssign;bima_customerassign_date tersedia (durasi negatif di-clamp ke 0 = Comply);78,18;Not Comply
202605;TREG 3;SURAMADU;SURABAYA SELATAN;MYR;migrate;24,00;PI;bima_customerassign_date kosong → pakai orca_pi_date (durasi negatif di-clamp ke 0 = Comply);12,08;Comply
202605;TREG 1;RIAU;BANGKINANG;ARK;create;48,00;PI;bima_customerassign_date kosong → pakai orca_pi_date (durasi negatif di-clamp ke 0 = Comply);13,24;Comply
202605;TREG 5;SULBAGSEL;MAKASSAR;BAL;migrate;24,00;CustomerAssign;bima_customerassign_date tersedia (durasi negatif di-clamp ke 0 = Comply);150,56;Not Comply
202605;TREG 3;SURAMADU;SURABAYA UTARA;LKI;migrate;24,00;PI;bima_customerassign_date kosong → pakai orca_pi_date (durasi negatif di-clamp ke 0 = Comply);58,27;Not Comply
202605;TREG 2;BANTEN;CIPUTAT;CLD;create;48,00;PI;bima_customerassign_date kosong → pakai orca_pi_date (durasi negatif di-clamp ke 0 = Comply);32,59;Comply
202605;TREG 3;SURAMADU;SURABAYA UTARA;KNN;migrate;24,00;PI;bima_customerassign_date kosong → pakai orca_pi_date (durasi negatif di-clamp ke 0 = Comply);12,19;Comply
202605;TREG 3;SURAMADU;BANGKALAN;BKL;migrate;24,00;PI;bima_customerassign_date kosong → pakai orca_pi_date (durasi negatif di-clamp ke 0 = Comply);7,95;Comply
202605;TREG 2;BEKASI KARAWANG;CIKARANG;BGG;migrate;24,00;PI;bima_customerassign_date kosong → pakai orca_pi_date (durasi negatif di-clamp ke 0 = Comply);15,59;Comply
202605;TREG 2;BANDUNG;SUMEDANG;CJA;migrate;24,00;PI;bima_customerassign_date kosong → pakai orca_pi_date (durasi negatif di-clamp ke 0 = Comply);31,78;Not Comply
202605;TREG 1;RIAU;BANGKINANG;PWG;migrate;24,00;PI;bima_customerassign_date kosong → pakai orca_pi_date (durasi negatif di-clamp ke 0 = Comply);5,87;Comply
202605;TREG 1;ACEH;LANGSA;LGS;migrate;24,00;PI;bima_customerassign_date kosong → pakai orca_pi_date (durasi negatif di-clamp ke 0 = Comply);8,12;Comply
202605;TREG 5;PAPUA;JAYAPURA;JAP;migrate;24,00;CustomerAssign;bima_customerassign_date tersedia (durasi negatif di-clamp ke 0 = Comply);0,00;Comply
202605;TREG 5;SULBAGTENG;PALU;PLA;migrate;24,00;CustomerAssign;bima_customerassign_date tersedia (durasi negatif di-clamp ke 0 = Comply);0,00;Comply
202605;TREG 2;BANTEN;LENGKONG;SRP;migrate;24,00;CustomerAssign;bima_customerassign_date tersedia (durasi negatif di-clamp ke 0 = Comply);41,05;Not Comply
202605;TREG 2;BANTEN;LENGKONG;SRP;migrate;24,00;CustomerAssign;bima_customerassign_date tersedia (durasi negatif di-clamp ke 0 = Comply);17,07;Comply
202605;TREG 2;BANTEN;CIPUTAT;PKU;migrate;24,00;CustomerAssign;bima_customerassign_date tersedia (durasi negatif di-clamp ke 0 = Comply);0,00;Comply
202605;TREG 5;SULBAGSEL;PALOPO;PLP;migrate;24,00;CustomerAssign;bima_customerassign_date tersedia (durasi negatif di-clamp ke 0 = Comply);19,13;Comply
202605;TREG 2;BEKASI KARAWANG;BEKASI;BEK;migrate;24,00;CustomerAssign;bima_customerassign_date tersedia (durasi negatif di-clamp ke 0 = Comply);72,14;Not Comply
202605;TREG 2;BEKASI KARAWANG;BEKASI;BEK;migrate;24,00;CustomerAssign;bima_customerassign_date tersedia (durasi negatif di-clamp ke 0 = Comply);0,00;Comply
202605;TREG 4;KALTIMTARA;TARAKAN;TRK;migrate;24,00;CustomerAssign;bima_customerassign_date tersedia (durasi negatif di-clamp ke 0 = Comply);24,25;Not Comply
202605;TREG 2;BEKASI KARAWANG;BEKASI;BEK;migrate;24,00;CustomerAssign;bima_customerassign_date tersedia (durasi negatif di-clamp ke 0 = Comply);48,25;Not Comply
202605;TREG 2;BEKASI KARAWANG;BEKASI;BEK;migrate;24,00;CustomerAssign;bima_customerassign_date tersedia (durasi negatif di-clamp ke 0 = Comply);0,25;Comply
202605;TREG 2;BEKASI KARAWANG;BEKASI;KRA;migrate;24,00;CustomerAssign;bima_customerassign_date tersedia (durasi negatif di-clamp ke 0 = Comply);0,27;Comply
202605;TREG 2;BEKASI KARAWANG;BEKASI;PDE;migrate;24,00;CustomerAssign;bima_customerassign_date tersedia (durasi negatif di-clamp ke 0 = Comply);67,29;Not Comply
202605;TREG 2;JAKARTA INNER;JAKBAR;TGA;migrate;24,00;CustomerAssign;bima_customerassign_date tersedia (durasi negatif di-clamp ke 0 = Comply);48,49;Not Comply
202605;TREG 1;SUMBAR JAMBI;MUARA BUNGO;MAB;migrate;24,00;CustomerAssign;bima_customerassign_date tersedia (durasi negatif di-clamp ke 0 = Comply);43,53;Not Comply
202605;TREG 5;SULBAGTENG;PALU;PLA;migrate;24,00;CustomerAssign;bima_customerassign_date tersedia (durasi negatif di-clamp ke 0 = Comply);0,00;Comply
202605;TREG 1;RIAU;BANGKINANG;UBT;migrate;24,00;CustomerAssign;bima_customerassign_date tersedia (durasi negatif di-clamp ke 0 = Comply);0,00;Comply
202605;TREG 3;SURAMADU;SURABAYA UTARA;TNS;migrate;24,00;CustomerAssign;bima_customerassign_date tersedia (durasi negatif di-clamp ke 0 = Comply);0,00;Comply
202605;TREG 1;SUMBAGSEL;BABEL;PGP;migrate;24,00;CustomerAssign;bima_customerassign_date tersedia (durasi negatif di-clamp ke 0 = Comply);0,00;Comply
202605;TREG 4;KALSELTENG;BATULICIN;BLC;migrate;24,00;CustomerAssign;bima_customerassign_date tersedia (durasi negatif di-clamp ke 0 = Comply);19,98;Comply
202605;TREG 3;NUSA TENGGARA;NTB;MTR;create;48,00;CustomerAssign;bima_customerassign_date tersedia (durasi negatif di-clamp ke 0 = Comply);0,00;Comply
202605;TREG 3;SURAMADU;SURABAYA SELATAN;WRU;migrate;24,00;CustomerAssign;bima_customerassign_date tersedia (durasi negatif di-clamp ke 0 = Comply);1,18;Comply
202605;TREG 2;JAKARTA INNER;JAKBAR;TGA;migrate;24,00;CustomerAssign;bima_customerassign_date tersedia (durasi negatif di-clamp ke 0 = Comply);0,00;Comply
202605;TREG 2;BANDUNG;BANDUNG BARAT;RJW;migrate;24,00;CustomerAssign;bima_customerassign_date tersedia (durasi negatif di-clamp ke 0 = Comply);0,00;Comply
202605;TREG 3;SOLO JATENG TIMUR;KLATEN;KLX;create;48,00;CustomerAssign;bima_customerassign_date tersedia (durasi negatif di-clamp ke 0 = Comply);66,68;Not Comply
202605;TREG 3;YOGYA JATENG SELATAN;YOGYAKARTA;BBS;migrate;24,00;CustomerAssign;bima_customerassign_date tersedia (durasi negatif di-clamp ke 0 = Comply);49,86;Not Comply
202605;TREG 4;KALSELTENG;BANJARMASIN;KYG;create;48,00;CustomerAssign;bima_customerassign_date tersedia (durasi negatif di-clamp ke 0 = Comply);0,00;Comply
202605;TREG 4;KALTIMTARA;TARAKAN;TRK;migrate;24,00;CustomerAssign;bima_customerassign_date tersedia (durasi negatif di-clamp ke 0 = Comply);122,44;Not Comply
202605;TREG 3;SEMARANG JATENG UTARA;TEGAL;TEG;migrate;24,00;CustomerAssign;bima_customerassign_date tersedia (durasi negatif di-clamp ke 0 = Comply);0,00;Comply
202605;TREG 3;JATIM TIMUR;PASURUAN;PSN;migrate;24,00;CustomerAssign;bima_customerassign_date tersedia (durasi negatif di-clamp ke 0 = Comply);146,59;Not Comply
202605;TREG 4;BALIKPAPAN;TANAHGROGOT;TNG;migrate;24,00;CustomerAssign;bima_customerassign_date tersedia (durasi negatif di-clamp ke 0 = Comply);0,00;Comply
202605;TREG 1;SUMBAR JAMBI;SOLOK;SLK;migrate;24,00;CustomerAssign;bima_customerassign_date tersedia (durasi negatif di-clamp ke 0 = Comply);0,00;Comply
202605;TREG 5;SULBAGSEL;KENDARI;MDG;create;48,00;CustomerAssign;bima_customerassign_date tersedia (durasi negatif di-clamp ke 0 = Comply);0,00;Comply
202605;TREG 4;KALSELTENG;BANJARBARU;MTP;migrate;24,00;CustomerAssign;bima_customerassign_date tersedia (durasi negatif di-clamp ke 0 = Comply);0,00;Comply
202605;TREG 3;YOGYA JATENG SELATAN;YOGYAKARTA;KEN;migrate;24,00;CustomerAssign;bima_customerassign_date tersedia (durasi negatif di-clamp ke 0 = Comply);3,42;Comply
202605;TREG 1;SUMUT;MEDAN;TTG;create;48,00;CustomerAssign;bima_customerassign_date tersedia (durasi negatif di-clamp ke 0 = Comply);0,00;Comply
202605;TREG 2;BEKASI KARAWANG;BEKASI;PKY;create;48,00;CustomerAssign;bima_customerassign_date tersedia (durasi negatif di-clamp ke 0 = Comply);195,48;Not Comply
202605;TREG 4;KALSELTENG;BANJARBARU;BBR;migrate;24,00;CustomerAssign;bima_customerassign_date tersedia (durasi negatif di-clamp ke 0 = Comply);0,00;Comply
202605;TREG 1;RIAU;RIKEP;BTC;create;48,00;CustomerAssign;bima_customerassign_date tersedia (durasi negatif di-clamp ke 0 = Comply);0,00;Comply
202605;TREG 1;RIAU;DUMAI;DUM;create;48,00;CustomerAssign;bima_customerassign_date tersedia (durasi negatif di-clamp ke 0 = Comply);51,67;Not Comply
202605;TREG 4;KALSELTENG;BANJARBARU;BBR;migrate;24,00;CustomerAssign;bima_customerassign_date tersedia (durasi negatif di-clamp ke 0 = Comply);0,00;Comply
202605;TREG 5;SUMALUT;MENADO;BAH;create;48,00;CustomerAssign;bima_customerassign_date tersedia (durasi negatif di-clamp ke 0 = Comply);0,00;Comply
202605;TREG 2;BANDUNG;BANDUNG BARAT;RJW;create;48,00;CustomerAssign;bima_customerassign_date tersedia (durasi negatif di-clamp ke 0 = Comply);3,98;Comply
202605;TREG 4;BALIKPAPAN;TANAHGROGOT;PNJ;create;48,00;CustomerAssign;bima_customerassign_date tersedia (durasi negatif di-clamp ke 0 = Comply);284,99;Not Comply
202605;TREG 3;SOLO JATENG TIMUR;SOLO;KRT;migrate;24,00;CustomerAssign;bima_customerassign_date tersedia (durasi negatif di-clamp ke 0 = Comply);0,00;Comply
202605;TREG 4;KALSELTENG;BANJARMASIN;BJM;migrate;24,00;CustomerAssign;bima_customerassign_date tersedia (durasi negatif di-clamp ke 0 = Comply);0,00;Comply
202605;TREG 3;YOGYA JATENG SELATAN;YOGYAKARTA;KGD;create;48,00;CustomerAssign;bima_customerassign_date tersedia (durasi negatif di-clamp ke 0 = Comply);52,13;Not Comply
202605;TREG 2;BANTEN;PASAR BARU;PSK;migrate;24,00;CustomerAssign;bima_customerassign_date tersedia (durasi negatif di-clamp ke 0 = Comply);0,00;Comply
202605;TREG 2;JAKARTA OUTER;JAKTIM;CWA;migrate;24,00;CustomerAssign;bima_customerassign_date tersedia (durasi negatif di-clamp ke 0 = Comply);0,00;Comply
202605;TREG 2;JAKARTA CENTRUM;JAKPUS;GBC;create;48,00;CustomerAssign;bima_customerassign_date tersedia (durasi negatif di-clamp ke 0 = Comply);28,21;Comply
202605;TREG 3;BALI;DENPASAR CENTRUM;KLM;create;48,00;CustomerAssign;bima_customerassign_date tersedia (durasi negatif di-clamp ke 0 = Comply);0,00;Comply
202605;TREG 4;KALTIMTARA;SAMARINDA;LOB;migrate;24,00;CustomerAssign;bima_customerassign_date tersedia (durasi negatif di-clamp ke 0 = Comply);71,28;Not Comply
202605;TREG 3;BALI;TABANAN;TBN;migrate;24,00;CustomerAssign;bima_customerassign_date tersedia (durasi negatif di-clamp ke 0 = Comply);0,00;Comply
202605;TREG 5;SULBAGSEL;MAROS;SUD;create;48,00;CustomerAssign;bima_customerassign_date tersedia (durasi negatif di-clamp ke 0 = Comply);0,00;Comply
202605;TREG 4;KALTIMTARA;SAMARINDA;SGK;create;48,00;CustomerAssign;bima_customerassign_date tersedia (durasi negatif di-clamp ke 0 = Comply);0,00;Comply
202605;TREG 3;JATIM BARAT;MALANG;MLG;migrate;24,00;CustomerAssign;bima_customerassign_date tersedia (durasi negatif di-clamp ke 0 = Comply);4,47;Comply
202605;TREG 1;RIAU;BANGKINANG;PKR;migrate;24,00;CustomerAssign;bima_customerassign_date tersedia (durasi negatif di-clamp ke 0 = Comply);0,00;Comply
202605;TREG 3;YOGYA JATENG SELATAN;PURWOKERTO;PWT;migrate;24,00;CustomerAssign;bima_customerassign_date tersedia (durasi negatif di-clamp ke 0 = Comply);119,57;Not Comply
202605;TREG 3;BALI;SINGARAJA;SGR;migrate;24,00;CustomerAssign;bima_customerassign_date tersedia (durasi negatif di-clamp ke 0 = Comply);47,64;Not Comply
202605;TREG 4;KALSELTENG;MUARA TEWEH;BNT;migrate;24,00;CustomerAssign;bima_customerassign_date tersedia (durasi negatif di-clamp ke 0 = Comply);0,00;Comply
202605;TREG 1;RIAU;RIDAR;PBB;migrate;24,00;CustomerAssign;bima_customerassign_date tersedia (durasi negatif di-clamp ke 0 = Comply);21,76;Comply
202605;TREG 4;KALSELTENG;MUARA TEWEH;MTW;migrate;24,00;CustomerAssign;bima_customerassign_date tersedia (durasi negatif di-clamp ke 0 = Comply);47,77;Not Comply
202605;TREG 3;SURAMADU;SURABAYA SELATAN;MYR;migrate;24,00;CustomerAssign;bima_customerassign_date tersedia (durasi negatif di-clamp ke 0 = Comply);0,00;Comply
202605;TREG 2;PRIANGAN BARAT;DEPOK;SKJ;migrate;24,00;CustomerAssign;bima_customerassign_date tersedia (durasi negatif di-clamp ke 0 = Comply);4,93;Comply
202605;TREG 4;KALSELTENG;BANJARMASIN;BJM;create;48,00;CustomerAssign;bima_customerassign_date tersedia (durasi negatif di-clamp ke 0 = Comply);0,00;Comply
202605;TREG 3;YOGYA JATENG SELATAN;PURWOKERTO;PWT;migrate;24,00;CustomerAssign;bima_customerassign_date tersedia (durasi negatif di-clamp ke 0 = Comply);0,00;Comply
202605;TREG 4;KALSELTENG;BANJARMASIN;KYG;create;48,00;CustomerAssign;bima_customerassign_date tersedia (durasi negatif di-clamp ke 0 = Comply);0,00;Comply
202605;TREG 3;SURAMADU;GRESIK;GSK;migrate;24,00;CustomerAssign;bima_customerassign_date tersedia (durasi negatif di-clamp ke 0 = Comply);0,00;Comply
202605;TREG 4;KALTIMTARA;BONTANG;BLN;migrate;24,00;CustomerAssign;bima_customerassign_date tersedia (durasi negatif di-clamp ke 0 = Comply);70,25;Not Comply
202605;TREG 1;RIAU;RIDAR;PBB;migrate;24,00;CustomerAssign;bima_customerassign_date tersedia (durasi negatif di-clamp ke 0 = Comply);0,00;Comply
202605;TREG 2;BEKASI KARAWANG;CIKARANG;BGG;migrate;24,00;CustomerAssign;bima_customerassign_date tersedia (durasi negatif di-clamp ke 0 = Comply);53,28;Not Comply
202605;TREG 2;BEKASI KARAWANG;CIKARANG;BGG;migrate;24,00;CustomerAssign;bima_customerassign_date tersedia (durasi negatif di-clamp ke 0 = Comply);0,35;Comply
202605;TREG 2;JAKARTA CENTRUM;JAKPUS;CPP;migrate;24,00;CustomerAssign;bima_customerassign_date tersedia (durasi negatif di-clamp ke 0 = Comply);29,42;Not Comply
202605;TREG 1;RIAU;INDRAGIRI;PMB;migrate;24,00;CustomerAssign;bima_customerassign_date tersedia (durasi negatif di-clamp ke 0 = Comply);238,46;Not Comply
202605;TREG 3;NUSA TENGGARA;NTB;MTR;migrate;24,00;CustomerAssign;bima_customerassign_date tersedia (durasi negatif di-clamp ke 0 = Comply);0,00;Comply
202605;TREG 1;SUMBAR JAMBI;SUMBAR;BDT;create;48,00;CustomerAssign;bima_customerassign_date tersedia (durasi negatif di-clamp ke 0 = Comply);0,76;Comply
202605;TREG 3;YOGYA JATENG SELATAN;YOGYAKARTA;PGR;migrate;24,00;CustomerAssign;bima_customerassign_date tersedia (durasi negatif di-clamp ke 0 = Comply);0,00;Comply
202605;TREG 2;JAKARTA INNER;JAKBAR;MRY;create;48,00;CustomerAssign;bima_customerassign_date tersedia (durasi negatif di-clamp ke 0 = Comply);0,00;Comply
202605;TREG 4;KALSELTENG;BATULICIN;STI;migrate;24,00;CustomerAssign;bima_customerassign_date tersedia (durasi negatif di-clamp ke 0 = Comply);0,00;Comply
202605;TREG 1;SUMUT;MEDAN;SKI;migrate;24,00;CustomerAssign;bima_customerassign_date tersedia (durasi negatif di-clamp ke 0 = Comply);1,00;Comply
202605;TREG 4;KALTIMTARA;TARAKAN;TRK;migrate;24,00;CustomerAssign;bima_customerassign_date tersedia (durasi negatif di-clamp ke 0 = Comply);97,09;Not Comply
202605;TREG 1;RIAU;RIKEP;BTC;migrate;24,00;CustomerAssign;bima_customerassign_date tersedia (durasi negatif di-clamp ke 0 = Comply);0,00;Comply
202605;TREG 2;BEKASI KARAWANG;BEKASI;KRA;migrate;24,00;CustomerAssign;bima_customerassign_date tersedia (durasi negatif di-clamp ke 0 = Comply);54,21;Not Comply
202605;TREG 5;SULBAGSEL;PALOPO;SRK;migrate;24,00;CustomerAssign;bima_customerassign_date tersedia (durasi negatif di-clamp ke 0 = Comply);97,31;Not Comply
202605;TREG 4;KALSELTENG;PALANGKARAYA;PLK;migrate;24,00;CustomerAssign;bima_customerassign_date tersedia (durasi negatif di-clamp ke 0 = Comply);0,00;Comply
202605;TREG 2;JAKARTA OUTER;JAKSEL;KBY;create;48,00;CustomerAssign;bima_customerassign_date tersedia (durasi negatif di-clamp ke 0 = Comply);0,00;Comply
202605;TREG 4;KALTIMTARA;BULUNGAN BERAU;TSL;migrate;24,00;CustomerAssign;bima_customerassign_date tersedia (durasi negatif di-clamp ke 0 = Comply);0,00;Comply
202605;TREG 3;SURAMADU;SURABAYA SELATAN;JGR;create;48,00;CustomerAssign;bima_customerassign_date tersedia (durasi negatif di-clamp ke 0 = Comply);23,53;Comply
202605;TREG 2;JAKARTA OUTER;JAKSEL;JAG;create;48,00;CustomerAssign;bima_customerassign_date tersedia (durasi negatif di-clamp ke 0 = Comply);0,00;Comply
202605;TREG 3;YOGYA JATENG SELATAN;CILACAP;CLC;migrate;24,00;CustomerAssign;bima_customerassign_date tersedia (durasi negatif di-clamp ke 0 = Comply);238,69;Not Comply
202605;TREG 3;JATIM TIMUR;BANYUWANGI;BWG;migrate;24,00;CustomerAssign;bima_customerassign_date tersedia (durasi negatif di-clamp ke 0 = Comply);0,00;Comply
202605;TREG 1;SUMUT;RANTAU PRAPAT;KPI;migrate;24,00;CustomerAssign;bima_customerassign_date tersedia (durasi negatif di-clamp ke 0 = Comply);190,76;Not Comply
202605;TREG 3;YOGYA JATENG SELATAN;PURWOKERTO;AJB;create;48,00;CustomerAssign;bima_customerassign_date tersedia (durasi negatif di-clamp ke 0 = Comply);1,85;Comply
202605;TREG 5;PAPUA BARAT;SORONG;SON;migrate;24,00;CustomerAssign;bima_customerassign_date tersedia (durasi negatif di-clamp ke 0 = Comply);4.254,85;Not Comply
202605;TREG 4;KALSELTENG;PALANGKARAYA;PLK;migrate;24,00;CustomerAssign;bima_customerassign_date tersedia (durasi negatif di-clamp ke 0 = Comply);0,00;Comply
202605;TREG 2;PRIANGAN BARAT;DEPOK;PCM;create;48,00;CustomerAssign;bima_customerassign_date tersedia (durasi negatif di-clamp ke 0 = Comply);1,93;Comply
202605;TREG 4;KALSELTENG;PALANGKARAYA;PLK;migrate;24,00;CustomerAssign;bima_customerassign_date tersedia (durasi negatif di-clamp ke 0 = Comply);0,00;Comply
202605;TREG 4;KALTIMTARA;MELAK;SBR;migrate;24,00;CustomerAssign;bima_customerassign_date tersedia (durasi negatif di-clamp ke 0 = Comply);0,05;Comply
202605;TREG 2;JAKARTA CENTRUM;JAKPUS;CPP;migrate;24,00;CustomerAssign;bima_customerassign_date tersedia (durasi negatif di-clamp ke 0 = Comply);2.431,08;Not Comply
202605;TREG 5;SULBAGTENG;PALU;PLA;create;48,00;CustomerAssign;bima_customerassign_date tersedia (durasi negatif di-clamp ke 0 = Comply);364,09;Not Comply
202605;TREG 2;BEKASI KARAWANG;BEKASI;BEK;migrate;24,00;CustomerAssign;bima_customerassign_date tersedia (durasi negatif di-clamp ke 0 = Comply);0,00;Comply
202605;TREG 2;JAKARTA OUTER;JAKSEL;KAL;migrate;24,00;CustomerAssign;bima_customerassign_date tersedia (durasi negatif di-clamp ke 0 = Comply);0,00;Comply
202605;TREG 2;BEKASI KARAWANG;BEKASI;PKY;migrate;24,00;CustomerAssign;bima_customerassign_date tersedia (durasi negatif di-clamp ke 0 = Comply);24,14;Not Comply
202605;TREG 2;JAKARTA OUTER;JAKTIM;JTN;migrate;24,00;CustomerAssign;bima_customerassign_date tersedia (durasi negatif di-clamp ke 0 = Comply);7,15;Comply
202605;TREG 2;BANDUNG;SUMEDANG;UBR;migrate;24,00;CustomerAssign;bima_customerassign_date tersedia (durasi negatif di-clamp ke 0 = Comply);0,16;Comply
202605;TREG 3;SEMARANG JATENG UTARA;SLAWI;ADW;migrate;24,00;CustomerAssign;bima_customerassign_date tersedia (durasi negatif di-clamp ke 0 = Comply);31,17;Not Comply
202605;TREG 1;LAMPUNG BENGKULU;LAMPUNG;TJK;create;48,00;CustomerAssign;bima_customerassign_date tersedia (durasi negatif di-clamp ke 0 = Comply);7,22;Comply
202605;TREG 4;KALSELTENG;BATULICIN;BLC;migrate;24,00;CustomerAssign;bima_customerassign_date tersedia (durasi negatif di-clamp ke 0 = Comply);0,00;Comply
202605;TREG 1;SUMBAR JAMBI;BUKIT TINGGI;PYK;create;48,00;CustomerAssign;bima_customerassign_date tersedia (durasi negatif di-clamp ke 0 = Comply);0,00;Comply
202605;TREG 2;JAKARTA CENTRUM;JAKPUS;CID;migrate;24,00;CustomerAssign;bima_customerassign_date tersedia (durasi negatif di-clamp ke 0 = Comply);2,85;Comply
202605;TREG 2;JAKARTA CENTRUM;JAKUT;MKR;migrate;24,00;CustomerAssign;bima_customerassign_date tersedia (durasi negatif di-clamp ke 0 = Comply);7,86;Comply
202605;TREG 3;JATIM TIMUR;SIDOARJO;SPJ;migrate;24,00;CustomerAssign;bima_customerassign_date tersedia (durasi negatif di-clamp ke 0 = Comply);0,86;Comply
202605;TREG 4;KALTIMTARA;BONTANG;BOT;migrate;24,00;CustomerAssign;bima_customerassign_date tersedia (durasi negatif di-clamp ke 0 = Comply);0,00;Comply
202605;TREG 2;JAKARTA OUTER;JAKTIM;PGB;migrate;24,00;CustomerAssign;bima_customerassign_date tersedia (durasi negatif di-clamp ke 0 = Comply);55,95;Not Comply
202605;TREG 4;KALTIMTARA;SAMARINDA;LOB;migrate;24,00;CustomerAssign;bima_customerassign_date tersedia (durasi negatif di-clamp ke 0 = Comply);0,00;Comply
202605;TREG 3;SURAMADU;SURABAYA SELATAN;TPO;migrate;24,00;CustomerAssign;bima_customerassign_date tersedia (durasi negatif di-clamp ke 0 = Comply);7,98;Comply
202605;TREG 4;KALSELTENG;BATULICIN;BLC;migrate;24,00;CustomerAssign;bima_customerassign_date tersedia (durasi negatif di-clamp ke 0 = Comply);3,02;Comply
202605;TREG 3;JATIM TIMUR;SIDOARJO;SPJ;migrate;24,00;CustomerAssign;bima_customerassign_date tersedia (durasi negatif di-clamp ke 0 = Comply);3,04;Comply
202605;TREG 3;SURAMADU;SURABAYA SELATAN;JGR;migrate;24,00;CustomerAssign;bima_customerassign_date tersedia (durasi negatif di-clamp ke 0 = Comply);0,00;Comply
202605;TREG 1;RIAU;RIDAR;PBB;migrate;24,00;CustomerAssign;bima_customerassign_date tersedia (durasi negatif di-clamp ke 0 = Comply);0,00;Comply
202605;TREG 4;KALSELTENG;BATULICIN;KPL;migrate;24,00;CustomerAssign;bima_customerassign_date tersedia (durasi negatif di-clamp ke 0 = Comply);25,18;Not Comply
202605;TREG 3;SURAMADU;SURABAYA UTARA;KJR;migrate;24,00;CustomerAssign;bima_customerassign_date tersedia (durasi negatif di-clamp ke 0 = Comply);128,21;Not Comply
202605;TREG 3;BALI;DENPASAR SELATAN;KUT;create;48,00;CustomerAssign;bima_customerassign_date tersedia (durasi negatif di-clamp ke 0 = Comply);0,00;Comply
202605;TREG 3;YOGYA JATENG SELATAN;BANJARNEGARA;BJR;migrate;24,00;CustomerAssign;bima_customerassign_date tersedia (durasi negatif di-clamp ke 0 = Comply);241,30;Not Comply
202605;TREG 4;KALSELTENG;TANJUNG TABALONG;BRI;migrate;24,00;CustomerAssign;bima_customerassign_date tersedia (durasi negatif di-clamp ke 0 = Comply);0,00;Comply
202605;TREG 2;PRIANGAN BARAT;DEPOK;SKJ;migrate;24,00;CustomerAssign;bima_customerassign_date tersedia (durasi negatif di-clamp ke 0 = Comply);0,00;Comply
202605;TREG 4;KALTIMTARA;SAMARINDA;LMP;migrate;24,00;CustomerAssign;bima_customerassign_date tersedia (durasi negatif di-clamp ke 0 = Comply);25,38;Not Comply
202605;TREG 3;YOGYA JATENG SELATAN;PURWOKERTO;SUK;migrate;24,00;CustomerAssign;bima_customerassign_date tersedia (durasi negatif di-clamp ke 0 = Comply);200,41;Not Comply
202605;TREG 2;BANTEN;LENGKONG;SRP;migrate;24,00;CustomerAssign;bima_customerassign_date tersedia (durasi negatif di-clamp ke 0 = Comply);0,00;Comply
202605;TREG 2;BANTEN;PASAR BARU;CPD;create;48,00;CustomerAssign;bima_customerassign_date tersedia (durasi negatif di-clamp ke 0 = Comply);0,00;Comply
202605;TREG 5;SULBAGSEL;GOWA;SUG;migrate;24,00;CustomerAssign;bima_customerassign_date tersedia (durasi negatif di-clamp ke 0 = Comply);147,59;Not Comply
202605;TREG 2;BANTEN;CIPUTAT;CPA;migrate;24,00;CustomerAssign;bima_customerassign_date tersedia (durasi negatif di-clamp ke 0 = Comply);8,61;Comply
202605;TREG 3;YOGYA JATENG SELATAN;BANTUL;BTL;create;48,00;CustomerAssign;bima_customerassign_date tersedia (durasi negatif di-clamp ke 0 = Comply);3,64;Comply
202605;TREG 2;JAKARTA OUTER;JAKTIM;JTN;create;48,00;CustomerAssign;bima_customerassign_date tersedia (durasi negatif di-clamp ke 0 = Comply);0,00;Comply
202605;TREG 3;JATIM BARAT;NGANJUK;GON;migrate;24,00;CustomerAssign;bima_customerassign_date tersedia (durasi negatif di-clamp ke 0 = Comply);0,00;Comply
202605;TREG 4;KALTIMTARA;BONTANG;BOT;migrate;24,00;CustomerAssign;bima_customerassign_date tersedia (durasi negatif di-clamp ke 0 = Comply);0,00;Comply
202605;TREG 2;PRIANGAN BARAT;DEPOK;PCM;create;48,00;CustomerAssign;bima_customerassign_date tersedia (durasi negatif di-clamp ke 0 = Comply);1,84;Comply
202605;TREG 3;JATIM TIMUR;PANDAAN;PDA;migrate;24,00;CustomerAssign;bima_customerassign_date tersedia (durasi negatif di-clamp ke 0 = Comply);0,00;Comply
202605;TREG 2;BEKASI KARAWANG;BEKASI;PDE;create;48,00;CustomerAssign;bima_customerassign_date tersedia (durasi negatif di-clamp ke 0 = Comply);8,89;Comply
202605;TREG 4;KALTIMTARA;NUNUKAN;MLN;migrate;24,00;CustomerAssign;bima_customerassign_date tersedia (durasi negatif di-clamp ke 0 = Comply);0,00;Comply
202605;TREG 2;BANTEN;PASAR BARU;CPD;create;48,00;CustomerAssign;bima_customerassign_date tersedia (durasi negatif di-clamp ke 0 = Comply);3,99;Comply
202605;TREG 3;SURAMADU;SURABAYA UTARA;KJR;migrate;24,00;CustomerAssign;bima_customerassign_date tersedia (durasi negatif di-clamp ke 0 = Comply);33,00;Not Comply
202605;TREG 4;BALIKPAPAN;BALIKPAPAN;BAM;create;48,00;CustomerAssign;bima_customerassign_date tersedia (durasi negatif di-clamp ke 0 = Comply);2,10;Comply
202605;TREG 3;YOGYA JATENG SELATAN;YOGYAKARTA;BBS;migrate;24,00;CustomerAssign;bima_customerassign_date tersedia (durasi negatif di-clamp ke 0 = Comply);0,00;Comply
202605;TREG 2;BEKASI KARAWANG;BEKASI;BBL;migrate;24,00;CustomerAssign;bima_customerassign_date tersedia (durasi negatif di-clamp ke 0 = Comply);28,13;Not Comply
202605;TREG 1;LAMPUNG BENGKULU;LAMPUNG;TJK;migrate;24,00;CustomerAssign;bima_customerassign_date tersedia (durasi negatif di-clamp ke 0 = Comply);2,21;Comply
202605;TREG 1;LAMPUNG BENGKULU;LAMPUNG;TJK;create;48,00;CustomerAssign;bima_customerassign_date tersedia (durasi negatif di-clamp ke 0 = Comply);0,00;Comply
202605;TREG 1;RIAU;RIKEP;SLU;create;48,00;CustomerAssign;bima_customerassign_date tersedia (durasi negatif di-clamp ke 0 = Comply);26,26;Comply
202605;TREG 3;SEMARANG JATENG UTARA;UNGARAN;UNR;migrate;24,00;CustomerAssign;bima_customerassign_date tersedia (durasi negatif di-clamp ke 0 = Comply);0,00;Comply
202605;TREG 2;JAKARTA INNER;JAKBAR;SLP;migrate;24,00;CustomerAssign;bima_customerassign_date tersedia (durasi negatif di-clamp ke 0 = Comply);0,00;Comply
202605;TREG 4;KALSELTENG;BANJARMASIN;KYG;create;48,00;CustomerAssign;bima_customerassign_date tersedia (durasi negatif di-clamp ke 0 = Comply);0,00;Comply
202605;TREG 2;BANTEN;PASAR BARU;CPD;migrate;24,00;CustomerAssign;bima_customerassign_date tersedia (durasi negatif di-clamp ke 0 = Comply);0,00;Comply
202605;TREG 4;KALSELTENG;MUARA TEWEH;MTW;migrate;24,00;CustomerAssign;bima_customerassign_date tersedia (durasi negatif di-clamp ke 0 = Comply);26,47;Not Comply
202605;TREG 2;BANDUNG;BANDUNG BARAT;RJW;create;48,00;CustomerAssign;bima_customerassign_date tersedia (durasi negatif di-clamp ke 0 = Comply);52,54;Not Comply
202605;TREG 2;PRIANGAN TIMUR;KUNINGAN;KNG;create;48,00;CustomerAssign;bima_customerassign_date tersedia (durasi negatif di-clamp ke 0 = Comply);0,00;Comply
202605;TREG 1;SUMUT;BINJAI;STB;create;48,00;CustomerAssign;bima_customerassign_date tersedia (durasi negatif di-clamp ke 0 = Comply);4,89;Comply
202605;TREG 3;SOLO JATENG TIMUR;JEPARA;JPR;migrate;24,00;CustomerAssign;bima_customerassign_date tersedia (durasi negatif di-clamp ke 0 = Comply);0,00;Comply
202605;TREG 1;RIAU;BANGKINANG;ARK;create;48,00;CustomerAssign;bima_customerassign_date tersedia (durasi negatif di-clamp ke 0 = Comply);0,00;Comply
202605;TREG 4;KALSELTENG;PALANGKARAYA;KSO;migrate;24,00;CustomerAssign;bima_customerassign_date tersedia (durasi negatif di-clamp ke 0 = Comply);147,06;Not Comply
202605;TREG 1;RIAU;RIKEP;LBJ;migrate;24,00;CustomerAssign;bima_customerassign_date tersedia (durasi negatif di-clamp ke 0 = Comply);10,10;Comply
202605;TREG 2;BANTEN;CILEGON;CLG;migrate;24,00;CustomerAssign;bima_customerassign_date tersedia (durasi negatif di-clamp ke 0 = Comply);77,11;Not Comply
202605;TREG 4;KALSELTENG;TANJUNG TABALONG;RTA;migrate;24,00;CustomerAssign;bima_customerassign_date tersedia (durasi negatif di-clamp ke 0 = Comply);0,00;Comply
202605;TREG 2;BANTEN;LENGKONG;LKG;migrate;24,00;CustomerAssign;bima_customerassign_date tersedia (durasi negatif di-clamp ke 0 = Comply);0,00;Comply
202605;TREG 4;BALIKPAPAN;BALIKPAPAN;GSA;migrate;24,00;CustomerAssign;bima_customerassign_date tersedia (durasi negatif di-clamp ke 0 = Comply);0,00;Comply
202605;TREG 2;BEKASI KARAWANG;PURWAKARTA;PWK;migrate;24,00;CustomerAssign;bima_customerassign_date tersedia (durasi negatif di-clamp ke 0 = Comply);53,37;Not Comply
202605;TREG 2;PRIANGAN BARAT;DEPOK;DEP;migrate;24,00;CustomerAssign;bima_customerassign_date tersedia (durasi negatif di-clamp ke 0 = Comply);0,00;Comply
202605;TREG 5;SULBAGSEL;KOLAKA;KKA;migrate;24,00;CustomerAssign;bima_customerassign_date tersedia (durasi negatif di-clamp ke 0 = Comply);0,00;Comply
202605;TREG 3;BALI;DENPASAR CENTRUM;KLM;create;48,00;CustomerAssign;bima_customerassign_date tersedia (durasi negatif di-clamp ke 0 = Comply);3,58;Comply
202605;TREG 5;SULBAGSEL;MAKASSAR;MAT;migrate;24,00;CustomerAssign;bima_customerassign_date tersedia (durasi negatif di-clamp ke 0 = Comply);171,60;Not Comply
202605;TREG 4;KALTIMTARA;TARAKAN;TAJ;migrate;24,00;CustomerAssign;bima_customerassign_date tersedia (durasi negatif di-clamp ke 0 = Comply);53,81;Not Comply
202605;TREG 1;RIAU;RIKEP;SLU;migrate;24,00;CustomerAssign;bima_customerassign_date tersedia (durasi negatif di-clamp ke 0 = Comply);10,86;Comply
202605;TREG 2;PRIANGAN BARAT;KUJANG;BOO;migrate;24,00;CustomerAssign;bima_customerassign_date tersedia (durasi negatif di-clamp ke 0 = Comply);0,00;Comply
202605;TREG 3;SURAMADU;SURABAYA SELATAN;JGR;migrate;24,00;CustomerAssign;bima_customerassign_date tersedia (durasi negatif di-clamp ke 0 = Comply);0,00;Comply
202605;TREG 1;RIAU;TANJUNG PINANG;KMS;migrate;24,00;CustomerAssign;bima_customerassign_date tersedia (durasi negatif di-clamp ke 0 = Comply);179,01;Not Comply
202605;TREG 3;SURAMADU;SURABAYA UTARA;KJR;migrate;24,00;CustomerAssign;bima_customerassign_date tersedia (durasi negatif di-clamp ke 0 = Comply);83,05;Not Comply
202605;TREG 4;KALSELTENG;MUARA TEWEH;MTW;migrate;24,00;CustomerAssign;bima_customerassign_date tersedia (durasi negatif di-clamp ke 0 = Comply);6,07;Comply
202605;TREG 3;SEMARANG JATENG UTARA;SEMARANG;SMT;migrate;24,00;CustomerAssign;bima_customerassign_date tersedia (durasi negatif di-clamp ke 0 = Comply);0,00;Comply
202605;TREG 3;JATIM TIMUR;BANYUWANGI;BWG;migrate;24,00;CustomerAssign;bima_customerassign_date tersedia (durasi negatif di-clamp ke 0 = Comply);4,17;Comply
202605;TREG 2;BEKASI KARAWANG;BEKASI;PKY;migrate;24,00;CustomerAssign;bima_customerassign_date tersedia (durasi negatif di-clamp ke 0 = Comply);30,21;Not Comply
202605;TREG 2;JAKARTA CENTRUM;JAKUT;TPR;migrate;24,00;CustomerAssign;bima_customerassign_date tersedia (durasi negatif di-clamp ke 0 = Comply);0,00;Comply
202605;TREG 2;JAKARTA CENTRUM;JAKUT;MRD;migrate;24,00;CustomerAssign;bima_customerassign_date tersedia (durasi negatif di-clamp ke 0 = Comply);0,00;Comply
202605;TREG 3;BALI;DENPASAR UTARA;UBN;create;48,00;CustomerAssign;bima_customerassign_date tersedia (durasi negatif di-clamp ke 0 = Comply);0,00;Comply
202605;TREG 2;PRIANGAN BARAT;SENTUL;CRI;migrate;24,00;CustomerAssign;bima_customerassign_date tersedia (durasi negatif di-clamp ke 0 = Comply);131,39;Not Comply
202605;TREG 3;SEMARANG JATENG UTARA;SEMARANG;SMT;migrate;24,00;CustomerAssign;bima_customerassign_date tersedia (durasi negatif di-clamp ke 0 = Comply);0,00;Comply
202605;TREG 2;BANTEN;LENGKONG;LGK;migrate;24,00;CustomerAssign;bima_customerassign_date tersedia (durasi negatif di-clamp ke 0 = Comply);0,00;Comply
202605;TREG 2;BANTEN;LENGKONG;LGK;migrate;24,00;CustomerAssign;bima_customerassign_date tersedia (durasi negatif di-clamp ke 0 = Comply);0,00;Comply
202605;TREG 3;SURAMADU;SURABAYA SELATAN;JGR;migrate;24,00;CustomerAssign;bima_customerassign_date tersedia (durasi negatif di-clamp ke 0 = Comply);0,00;Comply
202605;TREG 1;RIAU;RIDAR;PBB;migrate;24,00;CustomerAssign;bima_customerassign_date tersedia (durasi negatif di-clamp ke 0 = Comply);0,00;Comply
202605;TREG 2;BEKASI KARAWANG;BEKASI;KRA;create;48,00;CustomerAssign;bima_customerassign_date tersedia (durasi negatif di-clamp ke 0 = Comply);203,88;Not Comply
202605;TREG 2;BANDUNG;BANDUNG BARAT;RJW;create;48,00;CustomerAssign;bima_customerassign_date tersedia (durasi negatif di-clamp ke 0 = Comply);0,00;Comply
202605;TREG 2;BEKASI KARAWANG;BEKASI;PKY;migrate;24,00;CustomerAssign;bima_customerassign_date tersedia (durasi negatif di-clamp ke 0 = Comply);84,06;Not Comply
202605;TREG 3;BALI;TABANAN;TBN;migrate;24,00;CustomerAssign;bima_customerassign_date tersedia (durasi negatif di-clamp ke 0 = Comply);0,00;Comply
202605;TREG 2;BEKASI KARAWANG;BEKASI;PKY;migrate;24,00;CustomerAssign;bima_customerassign_date tersedia (durasi negatif di-clamp ke 0 = Comply);7,17;Comply
202605;TREG 3;SURAMADU;SURABAYA SELATAN;IJK;create;48,00;CustomerAssign;bima_customerassign_date tersedia (durasi negatif di-clamp ke 0 = Comply);36,17;Comply
202605;TREG 4;KALBAR;SINTANG;STG;migrate;24,00;CustomerAssign;bima_customerassign_date tersedia (durasi negatif di-clamp ke 0 = Comply);0,00;Comply
202605;TREG 5;SUMALUT;TERNATE;TNT;migrate;24,00;CustomerAssign;bima_customerassign_date tersedia (durasi negatif di-clamp ke 0 = Comply);5,32;Comply
202605;TREG 2;JAKARTA CENTRUM;JAKPUS;CID;migrate;24,00;CustomerAssign;bima_customerassign_date tersedia (durasi negatif di-clamp ke 0 = Comply);0,00;Comply
202605;TREG 2;PRIANGAN BARAT;KUJANG;PAG;create;48,00;CustomerAssign;bima_customerassign_date tersedia (durasi negatif di-clamp ke 0 = Comply);7,40;Comply
202605;TREG 2;BEKASI KARAWANG;KARAWANG;KRW;migrate;24,00;CustomerAssign;bima_customerassign_date tersedia (durasi negatif di-clamp ke 0 = Comply);0,00;Comply
202605;TREG 1;SUMBAR JAMBI;BUKIT TINGGI;BKT;migrate;24,00;CustomerAssign;bima_customerassign_date tersedia (durasi negatif di-clamp ke 0 = Comply);0,00;Comply
202605;TREG 2;PRIANGAN TIMUR;INDRAMAYU;IMY;migrate;24,00;CustomerAssign;bima_customerassign_date tersedia (durasi negatif di-clamp ke 0 = Comply);0,00;Comply
202605;TREG 1;RIAU;BANGKINANG;RBI;migrate;24,00;CustomerAssign;bima_customerassign_date tersedia (durasi negatif di-clamp ke 0 = Comply);224,11;Not Comply
202605;TREG 2;BANTEN;CIPUTAT;CLD;migrate;24,00;CustomerAssign;bima_customerassign_date tersedia (durasi negatif di-clamp ke 0 = Comply);0,00;Comply
202605;TREG 3;SURAMADU;SURABAYA SELATAN;DMO;migrate;24,00;CustomerAssign;bima_customerassign_date tersedia (durasi negatif di-clamp ke 0 = Comply);0,00;Comply
202605;TREG 3;SURAMADU;SURABAYA UTARA;LKI;create;48,00;CustomerAssign;bima_customerassign_date tersedia (durasi negatif di-clamp ke 0 = Comply);0,00;Comply
202605;TREG 2;BANTEN;CIPUTAT;CLD;migrate;24,00;CustomerAssign;bima_customerassign_date tersedia (durasi negatif di-clamp ke 0 = Comply);32,69;Not Comply
202605;TREG 1;SUMBAR JAMBI;SUMBAR;LBA;create;48,00;CustomerAssign;bima_customerassign_date tersedia (durasi negatif di-clamp ke 0 = Comply);0,00;Comply
202605;TREG 5;SULBAGSEL;MAKASSAR;TMA;migrate;24,00;CustomerAssign;bima_customerassign_date tersedia (durasi negatif di-clamp ke 0 = Comply);103,12;Not Comply
202605;TREG 5;SULBAGSEL;GOWA;SUG;migrate;24,00;CustomerAssign;bima_customerassign_date tersedia (durasi negatif di-clamp ke 0 = Comply);134,14;Not Comply
202605;TREG 2;JAKARTA INNER;JAKBAR;CKG;migrate;24,00;CustomerAssign;bima_customerassign_date tersedia (durasi negatif di-clamp ke 0 = Comply);0,00;Comply
202605;TREG 1;SUMBAR JAMBI;SUMBAR;TLB;migrate;24,00;CustomerAssign;bima_customerassign_date tersedia (durasi negatif di-clamp ke 0 = Comply);0,00;Comply
202605;TREG 1;RIAU;RIDAR;PBB;migrate;24,00;CustomerAssign;bima_customerassign_date tersedia (durasi negatif di-clamp ke 0 = Comply);0,00;Comply
202605;TREG 5;SULBAGSEL;PALOPO;PLP;migrate;24,00;CustomerAssign;bima_customerassign_date tersedia (durasi negatif di-clamp ke 0 = Comply);71,68;Not Comply
202605;TREG 4;KALTIMTARA;BONTANG;BOT;migrate;24,00;CustomerAssign;bima_customerassign_date tersedia (durasi negatif di-clamp ke 0 = Comply);72,09;Not Comply
202605;TREG 2;PRIANGAN BARAT;CIBINONG;CBI;migrate;24,00;CustomerAssign;bima_customerassign_date tersedia (durasi negatif di-clamp ke 0 = Comply);43,14;Not Comply
202605;TREG 3;SOLO JATENG TIMUR;SOLO;KRT;migrate;24,00;CustomerAssign;bima_customerassign_date tersedia (durasi negatif di-clamp ke 0 = Comply);0,00;Comply
202605;TREG 3;SOLO JATENG TIMUR;SOLO;KRT;migrate;24,00;CustomerAssign;bima_customerassign_date tersedia (durasi negatif di-clamp ke 0 = Comply);0,00;Comply
202605;TREG 2;BEKASI KARAWANG;CIKARANG;BGG;migrate;24,00;CustomerAssign;bima_customerassign_date tersedia (durasi negatif di-clamp ke 0 = Comply);24,30;Not Comply
202605;TREG 2;BEKASI KARAWANG;BEKASI;KRA;migrate;24,00;CustomerAssign;bima_customerassign_date tersedia (durasi negatif di-clamp ke 0 = Comply);24,36;Not Comply
202605;TREG 4;KALSELTENG;BANJARMASIN;KYG;migrate;24,00;CustomerAssign;bima_customerassign_date tersedia (durasi negatif di-clamp ke 0 = Comply);19,46;Comply
202605;TREG 1;LAMPUNG BENGKULU;LAMPUNG;TJK;migrate;24,00;CustomerAssign;bima_customerassign_date tersedia (durasi negatif di-clamp ke 0 = Comply);41,50;Not Comply
202605;TREG 3;JATIM TIMUR;SIBO;PRJ;migrate;24,00;CustomerAssign;bima_customerassign_date tersedia (durasi negatif di-clamp ke 0 = Comply);0,00;Comply
202605;TREG 1;SUMBAR JAMBI;MUARA BUNGO;SRJ;migrate;24,00;CustomerAssign;bima_customerassign_date tersedia (durasi negatif di-clamp ke 0 = Comply);72,58;Not Comply
202605;TREG 3;SEMARANG JATENG UTARA;TEGAL;TEG;migrate;24,00;CustomerAssign;bima_customerassign_date tersedia (durasi negatif di-clamp ke 0 = Comply);20,09;Comply
202605;TREG 3;SEMARANG JATENG UTARA;PEKALONGAN;PKL;migrate;24,00;CustomerAssign;bima_customerassign_date tersedia (durasi negatif di-clamp ke 0 = Comply);361,11;Not Comply
202605;TREG 3;YOGYA JATENG SELATAN;KEBUMEN;KAK;migrate;24,00;CustomerAssign;bima_customerassign_date tersedia (durasi negatif di-clamp ke 0 = Comply);0,00;Comply
202605;TREG 4;KALSELTENG;TANJUNG TABALONG;BRI;migrate;24,00;CustomerAssign;bima_customerassign_date tersedia (durasi negatif di-clamp ke 0 = Comply);0,00;Comply
202605;TREG 4;KALTIMTARA;TARAKAN;TRK;migrate;24,00;CustomerAssign;bima_customerassign_date tersedia (durasi negatif di-clamp ke 0 = Comply);0,00;Comply
202605;TREG 2;PRIANGAN BARAT;SUKABUMI;SKB;migrate;24,00;CustomerAssign;bima_customerassign_date tersedia (durasi negatif di-clamp ke 0 = Comply);170,43;Not Comply
202605;TREG 3;YOGYA JATENG SELATAN;KEBUMEN;GOM;migrate;24,00;CustomerAssign;bima_customerassign_date tersedia (durasi negatif di-clamp ke 0 = Comply);0,00;Comply
202605;TREG 4;KALSELTENG;BANJARMASIN;GMB;create;48,00;CustomerAssign;bima_customerassign_date tersedia (durasi negatif di-clamp ke 0 = Comply);0,00;Comply
202605;TREG 4;KALSELTENG;BANJARBARU;BBR;migrate;24,00;CustomerAssign;bima_customerassign_date tersedia (durasi negatif di-clamp ke 0 = Comply);0,00;Comply
202605;TREG 4;KALSELTENG;BANJARMASIN;BJM;migrate;24,00;CustomerAssign;bima_customerassign_date tersedia (durasi negatif di-clamp ke 0 = Comply);44,24;Not Comply
202605;TREG 4;KALSELTENG;SAMPIT;SAI;migrate;24,00;CustomerAssign;bima_customerassign_date tersedia (durasi negatif di-clamp ke 0 = Comply);0,00;Comply
202605;TREG 3;JATIM TIMUR;PROBOLINGGO;KRZ;create;48,00;CustomerAssign;bima_customerassign_date tersedia (durasi negatif di-clamp ke 0 = Comply);0,00;Comply
202605;TREG 2;JAKARTA CENTRUM;JAKUT;CIL;create;48,00;CustomerAssign;bima_customerassign_date tersedia (durasi negatif di-clamp ke 0 = Comply);0,00;Comply
202605;TREG 2;BEKASI KARAWANG;CIKARANG;BGG;create;48,00;CustomerAssign;bima_customerassign_date tersedia (durasi negatif di-clamp ke 0 = Comply);0,00;Comply
202605;TREG 3;YOGYA JATENG SELATAN;PURWOKERTO;PWT;migrate;24,00;CustomerAssign;bima_customerassign_date tersedia (durasi negatif di-clamp ke 0 = Comply);0,00;Comply
202605;TREG 4;KALSELTENG;BANJARBARU;BBR;migrate;24,00;CustomerAssign;bima_customerassign_date tersedia (durasi negatif di-clamp ke 0 = Comply);0,00;Comply
202605;TREG 2;BANDUNG;SUMEDANG;UBR;migrate;24,00;CustomerAssign;bima_customerassign_date tersedia (durasi negatif di-clamp ke 0 = Comply);3,62;Comply
202605;TREG 3;YOGYA JATENG SELATAN;SLEMAN;KLS;create;48,00;CustomerAssign;bima_customerassign_date tersedia (durasi negatif di-clamp ke 0 = Comply);0,00;Comply
202605;TREG 3;SEMARANG JATENG UTARA;SEMARANG;MJP;migrate;24,00;CustomerAssign;bima_customerassign_date tersedia (durasi negatif di-clamp ke 0 = Comply);3,64;Comply
202605;TREG 3;SOLO JATENG TIMUR;SOLO;KRT;create;48,00;CustomerAssign;bima_customerassign_date tersedia (durasi negatif di-clamp ke 0 = Comply);0,00;Comply
202605;TREG 3;YOGYA JATENG SELATAN;YOGYAKARTA;KGD;migrate;24,00;CustomerAssign;bima_customerassign_date tersedia (durasi negatif di-clamp ke 0 = Comply);18,86;Comply
202605;TREG 1;RIAU;INDRAGIRI;RGT;migrate;24,00;CustomerAssign;bima_customerassign_date tersedia (durasi negatif di-clamp ke 0 = Comply);27,94;Not Comply
202605;TREG 5;SULBAGSEL;BAU-BAU;BBU;migrate;24,00;CustomerAssign;bima_customerassign_date tersedia (durasi negatif di-clamp ke 0 = Comply);0,00;Comply
202605;TREG 1;RIAU;RIDAR;PBB;migrate;24,00;CustomerAssign;bima_customerassign_date tersedia (durasi negatif di-clamp ke 0 = Comply);0,00;Comply
202605;TREG 4;KALTIMTARA;MELAK;TGG;migrate;24,00;CustomerAssign;bima_customerassign_date tersedia (durasi negatif di-clamp ke 0 = Comply);0,00;Comply
202605;TREG 3;SURAMADU;SURABAYA UTARA;KLN;create;48,00;CustomerAssign;bima_customerassign_date tersedia (durasi negatif di-clamp ke 0 = Comply);0,00;Comply
202605;TREG 4;KALSELTENG;TANJUNG TABALONG;BRI;migrate;24,00;CustomerAssign;bima_customerassign_date tersedia (durasi negatif di-clamp ke 0 = Comply);0,00;Comply
202605;TREG 1;SUMUT;MEDAN;SPM;migrate;24,00;CustomerAssign;bima_customerassign_date tersedia (durasi negatif di-clamp ke 0 = Comply);0,00;Comply
202605;TREG 4;KALTIMTARA;SAMARINDA;SMR;create;48,00;CustomerAssign;bima_customerassign_date tersedia (durasi negatif di-clamp ke 0 = Comply);0,00;Comply
202605;TREG 5;SULBAGSEL;GOWA;SUG;create;48,00;CustomerAssign;bima_customerassign_date tersedia (durasi negatif di-clamp ke 0 = Comply);191,40;Not Comply
202605;TREG 2;BANTEN;LENGKONG;SRP;migrate;24,00;CustomerAssign;bima_customerassign_date tersedia (durasi negatif di-clamp ke 0 = Comply);165,42;Not Comply
202605;TREG 2;BEKASI KARAWANG;CIKARANG;JBB;migrate;24,00;CustomerAssign;bima_customerassign_date tersedia (durasi negatif di-clamp ke 0 = Comply);172,43;Not Comply
202605;TREG 2;JAKARTA INNER;JAKBAR;MRY;create;48,00;CustomerAssign;bima_customerassign_date tersedia (durasi negatif di-clamp ke 0 = Comply);95,43;Not Comply
202605;TREG 2;BEKASI KARAWANG;BEKASI;KRA;migrate;24,00;CustomerAssign;bima_customerassign_date tersedia (durasi negatif di-clamp ke 0 = Comply);148,44;Not Comply
202605;TREG 2;BANTEN;CIKUPA;CKA;migrate;24,00;CustomerAssign;bima_customerassign_date tersedia (durasi negatif di-clamp ke 0 = Comply);165,44;Not Comply
202605;TREG 3;BALI;SINGARAJA;SGR;migrate;24,00;CustomerAssign;bima_customerassign_date tersedia (durasi negatif di-clamp ke 0 = Comply);148,44;Not Comply
202605;TREG 4;KALTIMTARA;NUNUKAN;NNK;migrate;24,00;CustomerAssign;bima_customerassign_date tersedia (durasi negatif di-clamp ke 0 = Comply);52,45;Not Comply
202605;TREG 4;BALIKPAPAN;BALIKPAPAN;BAM;migrate;24,00;CustomerAssign;bima_customerassign_date tersedia (durasi negatif di-clamp ke 0 = Comply);95,45;Not Comply
202605;TREG 3;YOGYA JATENG SELATAN;SLEMAN;PKM;migrate;24,00;Created;bima_customerassign_date & orca_pi_date kosong → pakai orca_external_created_dt (durasi negatif di-clamp ke 0 = Comply);131,93;Not Comply
202605;TREG 5;SUMALUT;MENADO;PIK;create;48,00;CustomerAssign;bima_customerassign_date tersedia (durasi negatif di-clamp ke 0 = Comply);429,48;Not Comply
202605;TREG 2;JAKARTA OUTER;JAKTIM;JTN;create;48,00;CustomerAssign;bima_customerassign_date tersedia (durasi negatif di-clamp ke 0 = Comply);4,53;Comply
202605;TREG 5;SULBAGSEL;PALOPO;PLP;migrate;24,00;CustomerAssign;bima_customerassign_date tersedia (durasi negatif di-clamp ke 0 = Comply);4,55;Comply
202605;TREG 2;BANDUNG;BANDUNG;LBG;create;48,00;CustomerAssign;bima_customerassign_date tersedia (durasi negatif di-clamp ke 0 = Comply);0,00;Comply
202605;TREG 5;SULBAGSEL;SITOR;SKG;migrate;24,00;CustomerAssign;bima_customerassign_date tersedia (durasi negatif di-clamp ke 0 = Comply);0,00;Comply
202605;TREG 4;BALIKPAPAN;BALIKPAPAN;BRU;migrate;24,00;CustomerAssign;bima_customerassign_date tersedia (durasi negatif di-clamp ke 0 = Comply);0,00;Comply
202605;TREG 2;JAKARTA INNER;JAKBAR;SLP;create;48,00;CustomerAssign;bima_customerassign_date tersedia (durasi negatif di-clamp ke 0 = Comply);4,81;Comply
202605;TREG 4;KALSELTENG;MUARA TEWEH;MTW;migrate;24,00;CustomerAssign;bima_customerassign_date tersedia (durasi negatif di-clamp ke 0 = Comply);0,00;Comply
202605;TREG 3;SEMARANG JATENG UTARA;SALATIGA;SLI;migrate;24,00;CustomerAssign;bima_customerassign_date tersedia (durasi negatif di-clamp ke 0 = Comply);0,00;Comply
202605;TREG 3;YOGYA JATENG SELATAN;SLEMAN;GOD;create;48,00;CustomerAssign;bima_customerassign_date tersedia (durasi negatif di-clamp ke 0 = Comply);0,00;Comply
202605;TREG 2;JAKARTA OUTER;JAKTIM;KLD;create;48,00;CustomerAssign;bima_customerassign_date tersedia (durasi negatif di-clamp ke 0 = Comply);0,20;Comply
202605;TREG 3;SEMARANG JATENG UTARA;SLAWI;SLW;create;48,00;CustomerAssign;bima_customerassign_date tersedia (durasi negatif di-clamp ke 0 = Comply);0,00;Comply
202605;TREG 2;BANDUNG;PADALARANG;PDL;migrate;24,00;CustomerAssign;bima_customerassign_date tersedia (durasi negatif di-clamp ke 0 = Comply);0,39;Comply
202605;TREG 2;BEKASI KARAWANG;BEKASI;PKY;migrate;24,00;CustomerAssign;bima_customerassign_date tersedia (durasi negatif di-clamp ke 0 = Comply);24,43;Not Comply
202605;TREG 2;JAKARTA OUTER;JAKSEL;CPE;migrate;24,00;CustomerAssign;bima_customerassign_date tersedia (durasi negatif di-clamp ke 0 = Comply);5,51;Comply
202605;TREG 4;KALSELTENG;BANJARMASIN;ULI;create;48,00;CustomerAssign;bima_customerassign_date tersedia (durasi negatif di-clamp ke 0 = Comply);0,00;Comply
202605;TREG 3;SURAMADU;SURABAYA UTARA;LKI;migrate;24,00;CustomerAssign;bima_customerassign_date tersedia (durasi negatif di-clamp ke 0 = Comply);22,56;Comply
202605;TREG 2;JAKARTA OUTER;JAKSEL;PSM;migrate;24,00;CustomerAssign;bima_customerassign_date tersedia (durasi negatif di-clamp ke 0 = Comply);72,56;Not Comply
202605;TREG 3;SOLO JATENG TIMUR;SOLO;BKG;migrate;24,00;CustomerAssign;bima_customerassign_date tersedia (durasi negatif di-clamp ke 0 = Comply);22,63;Comply
202605;TREG 3;SOLO JATENG TIMUR;SOLO;MSO;migrate;24,00;CustomerAssign;bima_customerassign_date tersedia (durasi negatif di-clamp ke 0 = Comply);22,68;Comply
202605;TREG 2;JAKARTA OUTER;JAKTIM;JTN;migrate;24,00;CustomerAssign;bima_customerassign_date tersedia (durasi negatif di-clamp ke 0 = Comply);5,74;Comply
202605;TREG 4;KALSELTENG;BANJARMASIN;KYG;migrate;24,00;CustomerAssign;bima_customerassign_date tersedia (durasi negatif di-clamp ke 0 = Comply);0,78;Comply
202605;TREG 4;KALSELTENG;BANJARBARU;MTP;migrate;24,00;CustomerAssign;bima_customerassign_date tersedia (durasi negatif di-clamp ke 0 = Comply);24,84;Not Comply
202605;TREG 3;YOGYA JATENG SELATAN;PURWOKERTO;PWT;migrate;24,00;CustomerAssign;bima_customerassign_date tersedia (durasi negatif di-clamp ke 0 = Comply);0,00;Comply
202605;TREG 3;SURAMADU;SURABAYA UTARA;KJR;migrate;24,00;CustomerAssign;bima_customerassign_date tersedia (durasi negatif di-clamp ke 0 = Comply);23,00;Comply
202605;TREG 4;KALBAR;PONTIANAK;SRY;create;48,00;CustomerAssign;bima_customerassign_date tersedia (durasi negatif di-clamp ke 0 = Comply);0,00;Comply
202605;TREG 2;JAKARTA CENTRUM;JAKPUS;CPP;migrate;24,00;CustomerAssign;bima_customerassign_date tersedia (durasi negatif di-clamp ke 0 = Comply);25,03;Not Comply
202605;TREG 3;SOLO JATENG TIMUR;SOLO;BKG;migrate;24,00;CustomerAssign;bima_customerassign_date tersedia (durasi negatif di-clamp ke 0 = Comply);0,00;Comply
202605;TREG 4;KALTIMTARA;SAMARINDA;LMP;migrate;24,00;CustomerAssign;bima_customerassign_date tersedia (durasi negatif di-clamp ke 0 = Comply);265,18;Not Comply
202605;TREG 2;BEKASI KARAWANG;CIKARANG;BGG;create;48,00;CustomerAssign;bima_customerassign_date tersedia (durasi negatif di-clamp ke 0 = Comply);0,00;Comply
202605;TREG 3;YOGYA JATENG SELATAN;PURWOKERTO;PWT;migrate;24,00;CustomerAssign;bima_customerassign_date tersedia (durasi negatif di-clamp ke 0 = Comply);0,00;Comply
202605;TREG 2;JAKARTA CENTRUM;JAKPUS;CPP;migrate;24,00;CustomerAssign;bima_customerassign_date tersedia (durasi negatif di-clamp ke 0 = Comply);23,27;Comply
202605;TREG 5;SULBAGSEL;KENDARI;MDG;create;48,00;CustomerAssign;bima_customerassign_date tersedia (durasi negatif di-clamp ke 0 = Comply);0,00;Comply
202605;TREG 2;PRIANGAN TIMUR;SINGAPARNA;SPA;migrate;24,00;CustomerAssign;bima_customerassign_date tersedia (durasi negatif di-clamp ke 0 = Comply);0,00;Comply
202605;TREG 3;SURAMADU;SURABAYA UTARA;KPS;migrate;24,00;CustomerAssign;bima_customerassign_date tersedia (durasi negatif di-clamp ke 0 = Comply);47,41;Not Comply
202605;TREG 2;BEKASI KARAWANG;CIKARANG;CIB;migrate;24,00;CustomerAssign;bima_customerassign_date tersedia (durasi negatif di-clamp ke 0 = Comply);167,43;Not Comply
202605;TREG 3;YOGYA JATENG SELATAN;SLEMAN;PKM;create;48,00;CustomerAssign;bima_customerassign_date tersedia (durasi negatif di-clamp ke 0 = Comply);4,46;Comply
202605;TREG 3;YOGYA JATENG SELATAN;YOGYAKARTA;PGR;create;48,00;CustomerAssign;bima_customerassign_date tersedia (durasi negatif di-clamp ke 0 = Comply);0,00;Comply
202605;TREG 3;BALI;SINGARAJA;SRR;create;48,00;CustomerAssign;bima_customerassign_date tersedia (durasi negatif di-clamp ke 0 = Comply);0,00;Comply
202605;TREG 5;SULBAGSEL;BANTAENG;JNP;migrate;24,00;CustomerAssign;bima_customerassign_date tersedia (durasi negatif di-clamp ke 0 = Comply);0,00;Comply
202605;TREG 5;SULBAGSEL;MAKASSAR;TMA;create;48,00;CustomerAssign;bima_customerassign_date tersedia (durasi negatif di-clamp ke 0 = Comply);318,53;Not Comply
202605;TREG 3;NUSA TENGGARA;SUMBAWA;SBW;migrate;24,00;CustomerAssign;bima_customerassign_date tersedia (durasi negatif di-clamp ke 0 = Comply);366,60;Not Comply
202605;TREG 2;BEKASI KARAWANG;CIKARANG;CIB;migrate;24,00;CustomerAssign;bima_customerassign_date tersedia (durasi negatif di-clamp ke 0 = Comply);0,00;Comply
202605;TREG 5;SULBAGSEL;MAKASSAR;PNK;migrate;24,00;CustomerAssign;bima_customerassign_date tersedia (durasi negatif di-clamp ke 0 = Comply);23,69;Comply
202605;TREG 2;BEKASI KARAWANG;BEKASI;KRA;migrate;24,00;CustomerAssign;bima_customerassign_date tersedia (durasi negatif di-clamp ke 0 = Comply);6,73;Comply
202605;TREG 3;SURAMADU;SURABAYA SELATAN;TPO;migrate;24,00;CustomerAssign;bima_customerassign_date tersedia (durasi negatif di-clamp ke 0 = Comply);0,00;Comply
202605;TREG 3;YOGYA JATENG SELATAN;PURWOKERTO;AJB;migrate;24,00;CustomerAssign;bima_customerassign_date tersedia (durasi negatif di-clamp ke 0 = Comply);366,76;Not Comply
202605;TREG 3;YOGYA JATENG SELATAN;BANJARNEGARA;KLP;create;48,00;CustomerAssign;bima_customerassign_date tersedia (durasi negatif di-clamp ke 0 = Comply);0,00;Comply
202605;TREG 3;SEMARANG JATENG UTARA;TEGAL;TEG;migrate;24,00;CustomerAssign;bima_customerassign_date tersedia (durasi negatif di-clamp ke 0 = Comply);150,81;Not Comply
202605;TREG 2;JAKARTA OUTER;JAKSEL;JAG;create;48,00;CustomerAssign;bima_customerassign_date tersedia (durasi negatif di-clamp ke 0 = Comply);6,86;Comply
202605;TREG 4;KALSELTENG;BANJARBARU;BBR;migrate;24,00;CustomerAssign;bima_customerassign_date tersedia (durasi negatif di-clamp ke 0 = Comply);1,88;Comply
202605;TREG 2;BANTEN;CIPUTAT;CPA;migrate;24,00;CustomerAssign;bima_customerassign_date tersedia (durasi negatif di-clamp ke 0 = Comply);7,01;Comply
202605;TREG 1;RIAU;TANJUNGBALAI KARIMUN;SYA;migrate;24,00;CustomerAssign;bima_customerassign_date tersedia (durasi negatif di-clamp ke 0 = Comply);2,13;Comply
202605;TREG 1;SUMUT;MEDAN;PDB;migrate;24,00;CustomerAssign;bima_customerassign_date tersedia (durasi negatif di-clamp ke 0 = Comply);7,19;Comply
202605;TREG 5;SUMALUT;MENADO;MDO;migrate;24,00;CustomerAssign;bima_customerassign_date tersedia (durasi negatif di-clamp ke 0 = Comply);0,20;Comply
202605;TREG 2;JAKARTA CENTRUM;JAKUT;CIL;create;48,00;CustomerAssign;bima_customerassign_date tersedia (durasi negatif di-clamp ke 0 = Comply);0,23;Comply
202605;TREG 4;KALSELTENG;BANJARBARU;BBR;migrate;24,00;CustomerAssign;bima_customerassign_date tersedia (durasi negatif di-clamp ke 0 = Comply);0,28;Comply
202605;TREG 5;SULBAGTENG;PALU;PLB;migrate;24,00;CustomerAssign;bima_customerassign_date tersedia (durasi negatif di-clamp ke 0 = Comply);335,32;Not Comply
202605;TREG 3;JATIM TIMUR;SIDOARJO;KRN;create;48,00;CustomerAssign;bima_customerassign_date tersedia (durasi negatif di-clamp ke 0 = Comply);0,00;Comply
202605;TREG 2;BANDUNG;BANDUNG;BDK;migrate;24,00;CustomerAssign;bima_customerassign_date tersedia (durasi negatif di-clamp ke 0 = Comply);50,52;Not Comply
202605;TREG 5;SUMALUT;TERNATE;TNT;migrate;24,00;CustomerAssign;bima_customerassign_date tersedia (durasi negatif di-clamp ke 0 = Comply);0,00;Comply
202605;TREG 3;SURAMADU;SURABAYA SELATAN;IJK;create;48,00;CustomerAssign;bima_customerassign_date tersedia (durasi negatif di-clamp ke 0 = Comply);103,58;Not Comply
202605;TREG 4;KALTIMTARA;BONTANG;BOT;migrate;24,00;CustomerAssign;bima_customerassign_date tersedia (durasi negatif di-clamp ke 0 = Comply);0,00;Comply
202605;TREG 2;BEKASI KARAWANG;CIKARANG;BGG;create;48,00;CustomerAssign;bima_customerassign_date tersedia (durasi negatif di-clamp ke 0 = Comply);7,65;Comply
202605;TREG 3;BALI;DENPASAR SELATAN;JBR;migrate;24,00;CustomerAssign;bima_customerassign_date tersedia (durasi negatif di-clamp ke 0 = Comply);7,68;Comply
202605;TREG 3;JATIM BARAT;NGANJUK;NJK;migrate;24,00;CustomerAssign;bima_customerassign_date tersedia (durasi negatif di-clamp ke 0 = Comply);2,70;Comply
202605;TREG 2;BEKASI KARAWANG;CIKARANG;CIB;migrate;24,00;CustomerAssign;bima_customerassign_date tersedia (durasi negatif di-clamp ke 0 = Comply);2,70;Comply
202605;TREG 4;KALTIMTARA;BONTANG;STT;migrate;24,00;CustomerAssign;bima_customerassign_date tersedia (durasi negatif di-clamp ke 0 = Comply);7,76;Comply
202605;TREG 2;JAKARTA OUTER;JAKSEL;KMG;create;48,00;CustomerAssign;bima_customerassign_date tersedia (durasi negatif di-clamp ke 0 = Comply);79,79;Not Comply
202605;TREG 4;KALBAR;PONTIANAK;JAW;migrate;24,00;Created;bima_customerassign_date & orca_pi_date kosong → pakai orca_external_created_dt (durasi negatif di-clamp ke 0 = Comply);75,52;Not Comply
202605;TREG 2;BANDUNG;SOREANG;RCK;migrate;24,00;CustomerAssign;bima_customerassign_date tersedia (durasi negatif di-clamp ke 0 = Comply);146,83;Not Comply
202605;TREG 4;BALIKPAPAN;BALIKPAPAN;BRU;create;48,00;Created;bima_customerassign_date & orca_pi_date kosong → pakai orca_external_created_dt (durasi negatif di-clamp ke 0 = Comply);74,31;Not Comply
202605;TREG 1;SUMUT;MEDAN;SPM;create;48,00;Created;bima_customerassign_date & orca_pi_date kosong → pakai orca_external_created_dt (durasi negatif di-clamp ke 0 = Comply);71,53;Not Comply
202605;TREG 1;RIAU;RIDAR;PBB;create;48,00;CustomerAssign;bima_customerassign_date tersedia (durasi negatif di-clamp ke 0 = Comply);0,86;Comply
202605;TREG 3;SURAMADU;SURABAYA UTARA;MGO;migrate;24,00;CustomerAssign;bima_customerassign_date tersedia (durasi negatif di-clamp ke 0 = Comply);0,00;Comply
202605;TREG 2;JAKARTA OUTER;JAKSEL;BIN;create;48,00;CustomerAssign;bima_customerassign_date tersedia (durasi negatif di-clamp ke 0 = Comply);0,00;Comply
202605;TREG 2;JAKARTA CENTRUM;JAKPUS;CPP;migrate;24,00;CustomerAssign;bima_customerassign_date tersedia (durasi negatif di-clamp ke 0 = Comply);0,00;Comply
202605;TREG 2;JAKARTA CENTRUM;JAKUT;MKR;migrate;24,00;CustomerAssign;bima_customerassign_date tersedia (durasi negatif di-clamp ke 0 = Comply);26,94;Not Comply
202605;TREG 1;SUMBAGSEL;SUMSEL;PGC;create;48,00;CustomerAssign;bima_customerassign_date tersedia (durasi negatif di-clamp ke 0 = Comply);3,06;Comply
202605;TREG 4;BALIKPAPAN;BALIKPAPAN;BRU;create;48,00;CustomerAssign;bima_customerassign_date tersedia (durasi negatif di-clamp ke 0 = Comply);8,08;Comply
202605;TREG 3;SEMARANG JATENG UTARA;KENDAL;KDL;migrate;24,00;CustomerAssign;bima_customerassign_date tersedia (durasi negatif di-clamp ke 0 = Comply);0,00;Comply
202605;TREG 4;KALTIMTARA;BONTANG;STT;migrate;24,00;CustomerAssign;bima_customerassign_date tersedia (durasi negatif di-clamp ke 0 = Comply);1,09;Comply
202605;TREG 1;SUMUT;MEDAN;SKI;create;48,00;CustomerAssign;bima_customerassign_date tersedia (durasi negatif di-clamp ke 0 = Comply);1,10;Comply
202605;TREG 2;BANTEN;LENGKONG;SRP;migrate;24,00;CustomerAssign;bima_customerassign_date tersedia (durasi negatif di-clamp ke 0 = Comply);8,13;Comply
202605;TREG 3;YOGYA JATENG SELATAN;YOGYAKARTA;KEN;migrate;24,00;CustomerAssign;bima_customerassign_date tersedia (durasi negatif di-clamp ke 0 = Comply);0,00;Comply
202605;TREG 2;JAKARTA OUTER;JAKTIM;GAN;migrate;24,00;CustomerAssign;bima_customerassign_date tersedia (durasi negatif di-clamp ke 0 = Comply);0,00;Comply
202605;TREG 3;SURAMADU;SURABAYA SELATAN;GBG;migrate;24,00;CustomerAssign;bima_customerassign_date tersedia (durasi negatif di-clamp ke 0 = Comply);73,25;Not Comply
202605;TREG 2;BANDUNG;SUMEDANG;UBR;migrate;24,00;CustomerAssign;bima_customerassign_date tersedia (durasi negatif di-clamp ke 0 = Comply);3,28;Comply
202605;TREG 2;BANTEN;CIPUTAT;CPA;migrate;24,00;CustomerAssign;bima_customerassign_date tersedia (durasi negatif di-clamp ke 0 = Comply);0,00;Comply
202605;TREG 2;BEKASI KARAWANG;BEKASI;PDE;create;48,00;CustomerAssign;bima_customerassign_date tersedia (durasi negatif di-clamp ke 0 = Comply);0,00;Comply
202605;TREG 2;JAKARTA OUTER;JAKTIM;PGG;create;48,00;CustomerAssign;bima_customerassign_date tersedia (durasi negatif di-clamp ke 0 = Comply);0,00;Comply
202605;TREG 2;JAKARTA INNER;JAKBAR;MRY;migrate;24,00;CustomerAssign;bima_customerassign_date tersedia (durasi negatif di-clamp ke 0 = Comply);56,39;Not Comply
202605;TREG 2;PRIANGAN TIMUR;INDRAMAYU;KRM;create;48,00;CustomerAssign;bima_customerassign_date tersedia (durasi negatif di-clamp ke 0 = Comply);0,00;Comply
202605;TREG 4;KALTIMTARA;BULUNGAN BERAU;LNN;migrate;24,00;CustomerAssign;bima_customerassign_date tersedia (durasi negatif di-clamp ke 0 = Comply);0,00;Comply
202605;TREG 4;KALSELTENG;PALANGKARAYA;PLK;migrate;24,00;CustomerAssign;bima_customerassign_date tersedia (durasi negatif di-clamp ke 0 = Comply);0,00;Comply
202605;TREG 2;BANDUNG;SUMEDANG;CJA;migrate;24,00;CustomerAssign;bima_customerassign_date tersedia (durasi negatif di-clamp ke 0 = Comply);8,55;Comply
202605;TREG 1;SUMUT;SIBOLGA;GST;migrate;24,00;CustomerAssign;bima_customerassign_date tersedia (durasi negatif di-clamp ke 0 = Comply);217,61;Not Comply
202605;TREG 3;NUSA TENGGARA;NTB;GER;migrate;24,00;CustomerAssign;bima_customerassign_date tersedia (durasi negatif di-clamp ke 0 = Comply);176,66;Not Comply
202605;TREG 3;SOLO JATENG TIMUR;SOLO;KRT;migrate;24,00;CustomerAssign;bima_customerassign_date tersedia (durasi negatif di-clamp ke 0 = Comply);0,00;Comply
202605;TREG 1;SUMBAR JAMBI;SUMBAR;ULK;migrate;24,00;CustomerAssign;bima_customerassign_date tersedia (durasi negatif di-clamp ke 0 = Comply);0,00;Comply
202605;TREG 3;SOLO JATENG TIMUR;SOLO;SLO;migrate;24,00;CustomerAssign;bima_customerassign_date tersedia (durasi negatif di-clamp ke 0 = Comply);0,00;Comply
202605;TREG 3;YOGYA JATENG SELATAN;WONOSOBO;WOS;migrate;24,00;CustomerAssign;bima_customerassign_date tersedia (durasi negatif di-clamp ke 0 = Comply);99,73;Not Comply
202605;TREG 3;SOLO JATENG TIMUR;SOLO;KRT;migrate;24,00;CustomerAssign;bima_customerassign_date tersedia (durasi negatif di-clamp ke 0 = Comply);99,76;Not Comply
202605;TREG 2;JAKARTA OUTER;JAKTIM;JTN;create;48,00;CustomerAssign;bima_customerassign_date tersedia (durasi negatif di-clamp ke 0 = Comply);0,00;Comply
202605;TREG 1;SUMUT;KISARAN;KIS;migrate;24,00;CustomerAssign;bima_customerassign_date tersedia (durasi negatif di-clamp ke 0 = Comply);3,93;Comply
202605;TREG 2;BANTEN;PASAR BARU;CKL;migrate;24,00;CustomerAssign;bima_customerassign_date tersedia (durasi negatif di-clamp ke 0 = Comply);3,93;Comply
202605;TREG 2;BEKASI KARAWANG;BEKASI;PKY;create;48,00;CustomerAssign;bima_customerassign_date tersedia (durasi negatif di-clamp ke 0 = Comply);0,00;Comply
202605;TREG 3;SURAMADU;SURABAYA UTARA;KJR;create;48,00;CustomerAssign;bima_customerassign_date tersedia (durasi negatif di-clamp ke 0 = Comply);1,96;Comply
202605;TREG 3;SEMARANG JATENG UTARA;UNGARAN;UNR;create;48,00;CustomerAssign;bima_customerassign_date tersedia (durasi negatif di-clamp ke 0 = Comply);0,00;Comply
202605;TREG 2;JAKARTA OUTER;JAKSEL;CPE;create;48,00;CustomerAssign;bima_customerassign_date tersedia (durasi negatif di-clamp ke 0 = Comply);0,00;Comply
202605;TREG 4;BALIKPAPAN;BALIKPAPAN;KJN;create;48,00;CustomerAssign;bima_customerassign_date tersedia (durasi negatif di-clamp ke 0 = Comply);0,00;Comply
202605;TREG 3;JATIM TIMUR;SIDOARJO;GDA;create;48,00;CustomerAssign;bima_customerassign_date tersedia (durasi negatif di-clamp ke 0 = Comply);4,12;Comply
202605;TREG 1;SUMUT;RANTAU PRAPAT;RAP;migrate;24,00;CustomerAssign;bima_customerassign_date tersedia (durasi negatif di-clamp ke 0 = Comply);0,00;Comply
202605;TREG 4;KALTIMTARA;BONTANG;STT;migrate;24,00;CustomerAssign;bima_customerassign_date tersedia (durasi negatif di-clamp ke 0 = Comply);26,28;Not Comply
202605;TREG 2;PRIANGAN BARAT;KUJANG;BOO;create;48,00;CustomerAssign;bima_customerassign_date tersedia (durasi negatif di-clamp ke 0 = Comply);0,00;Comply
202605;TREG 2;JAKARTA OUTER;JAKSEL;BIN;migrate;24,00;CustomerAssign;bima_customerassign_date tersedia (durasi negatif di-clamp ke 0 = Comply);0,00;Comply
202605;TREG 3;YOGYA JATENG SELATAN;YOGYAKARTA;KEN;create;48,00;CustomerAssign;bima_customerassign_date tersedia (durasi negatif di-clamp ke 0 = Comply);0,00;Comply
202605;TREG 2;PRIANGAN TIMUR;CIAMIS;CMS;migrate;24,00;CustomerAssign;bima_customerassign_date tersedia (durasi negatif di-clamp ke 0 = Comply);52,60;Not Comply
202605;TREG 2;JAKARTA CENTRUM;JAKUT;TPR;migrate;24,00;CustomerAssign;bima_customerassign_date tersedia (durasi negatif di-clamp ke 0 = Comply);4,66;Comply
202605;TREG 4;KALTIMTARA;TARAKAN;TRK;migrate;24,00;CustomerAssign;bima_customerassign_date tersedia (durasi negatif di-clamp ke 0 = Comply);0,00;Comply
202605;TREG 2;JAKARTA OUTER;JAKTIM;RMG;migrate;24,00;CustomerAssign;bima_customerassign_date tersedia (durasi negatif di-clamp ke 0 = Comply);266,69;Not Comply
202605;TREG 4;BALIKPAPAN;BALIKPAPAN;BRU;migrate;24,00;CustomerAssign;bima_customerassign_date tersedia (durasi negatif di-clamp ke 0 = Comply);0,00;Comply
202605;TREG 1;SUMUT;LUBUK PAKAM;TJR;migrate;24,00;CustomerAssign;bima_customerassign_date tersedia (durasi negatif di-clamp ke 0 = Comply);33,76;Not Comply
202605;TREG 2;PRIANGAN TIMUR;KUNINGAN;PAB;migrate;24,00;CustomerAssign;bima_customerassign_date tersedia (durasi negatif di-clamp ke 0 = Comply);33,77;Not Comply
202605;TREG 3;SURAMADU;MADURA;PME;create;48,00;CustomerAssign;bima_customerassign_date tersedia (durasi negatif di-clamp ke 0 = Comply);57,77;Not Comply
202605;TREG 2;JAKARTA INNER;JAKBAR;MRY;migrate;24,00;CustomerAssign;bima_customerassign_date tersedia (durasi negatif di-clamp ke 0 = Comply);4,77;Comply
202605;TREG 2;JAKARTA INNER;JAKBAR;SLP;migrate;24,00;CustomerAssign;bima_customerassign_date tersedia (durasi negatif di-clamp ke 0 = Comply);2,78;Comply
202605;TREG 5;SUMALUT;MENADO;PIK;migrate;24,00;CustomerAssign;bima_customerassign_date tersedia (durasi negatif di-clamp ke 0 = Comply);9,81;Comply
202605;TREG 5;SULBAGSEL;MAKASSAR;PNK;migrate;24,00;CustomerAssign;bima_customerassign_date tersedia (durasi negatif di-clamp ke 0 = Comply);4,83;Comply
202605;TREG 3;BALI;DENPASAR UTARA;UBN;migrate;24,00;CustomerAssign;bima_customerassign_date tersedia (durasi negatif di-clamp ke 0 = Comply);74,85;Not Comply
202605;TREG 4;BALIKPAPAN;BALIKPAPAN;BRU;migrate;24,00;CustomerAssign;bima_customerassign_date tersedia (durasi negatif di-clamp ke 0 = Comply);0,00;Comply
202605;TREG 2;BEKASI KARAWANG;BEKASI;PDE;create;48,00;CustomerAssign;bima_customerassign_date tersedia (durasi negatif di-clamp ke 0 = Comply);28,91;Comply
202605;TREG 3;YOGYA JATENG SELATAN;YOGYAKARTA;BBS;migrate;24,00;CustomerAssign;bima_customerassign_date tersedia (durasi negatif di-clamp ke 0 = Comply);0,00;Comply
202605;TREG 5;SUMALUT;KOTAMOBAGO;KTG;migrate;24,00;CustomerAssign;bima_customerassign_date tersedia (durasi negatif di-clamp ke 0 = Comply);10,06;Comply
202605;TREG 3;SURAMADU;SURABAYA UTARA;KBL;migrate;24,00;CustomerAssign;bima_customerassign_date tersedia (durasi negatif di-clamp ke 0 = Comply);221,09;Not Comply
202605;TREG 2;PRIANGAN BARAT;DEPOK;SKJ;migrate;24,00;CustomerAssign;bima_customerassign_date tersedia (durasi negatif di-clamp ke 0 = Comply);0,00;Comply
202605;TREG 5;SUMALUT;BITUNG;BIT;migrate;24,00;CustomerAssign;bima_customerassign_date tersedia (durasi negatif di-clamp ke 0 = Comply);149,13;Not Comply
202605;TREG 1;RIAU;INDRAGIRI;TBH;migrate;24,00;PI;bima_customerassign_date kosong → pakai orca_pi_date (durasi negatif di-clamp ke 0 = Comply);217,52;Not Comply
202605;TREG 4;BALIKPAPAN;BALIKPAPAN;MGG;create;48,00;CustomerAssign;bima_customerassign_date tersedia (durasi negatif di-clamp ke 0 = Comply);27,26;Comply
202605;TREG 3;SEMARANG JATENG UTARA;SEMARANG;BMK;migrate;24,00;CustomerAssign;bima_customerassign_date tersedia (durasi negatif di-clamp ke 0 = Comply);27,34;Not Comply
202605;TREG 2;PRIANGAN BARAT;DEPOK;DEP;create;48,00;CustomerAssign;bima_customerassign_date tersedia (durasi negatif di-clamp ke 0 = Comply);0,00;Comply
202605;TREG 5;SUMALUT;TERNATE;TNT;migrate;24,00;CustomerAssign;bima_customerassign_date tersedia (durasi negatif di-clamp ke 0 = Comply);27,40;Not Comply
202605;TREG 3;SOLO JATENG TIMUR;SOLO;KRT;migrate;24,00;CustomerAssign;bima_customerassign_date tersedia (durasi negatif di-clamp ke 0 = Comply);245,40;Not Comply
202605;TREG 3;JATIM BARAT;KEDIRI;NDL;create;48,00;CustomerAssign;bima_customerassign_date tersedia (durasi negatif di-clamp ke 0 = Comply);0,00;Comply
202605;TREG 4;KALSELTENG;BANJARMASIN;ULI;migrate;24,00;CustomerAssign;bima_customerassign_date tersedia (durasi negatif di-clamp ke 0 = Comply);5,47;Comply
202605;TREG 2;PRIANGAN TIMUR;INDRAMAYU;IMY;migrate;24,00;CustomerAssign;bima_customerassign_date tersedia (durasi negatif di-clamp ke 0 = Comply);0,00;Comply
202605;TREG 2;BANDUNG;SUMEDANG;CJA;migrate;24,00;CustomerAssign;bima_customerassign_date tersedia (durasi negatif di-clamp ke 0 = Comply);10,62;Comply
202605;TREG 4;KALTIMTARA;TARAKAN;TAJ;migrate;24,00;CustomerAssign;bima_customerassign_date tersedia (durasi negatif di-clamp ke 0 = Comply);82,64;Not Comply
202605;TREG 1;SUMBAGSEL;SUMSEL;PGC;create;48,00;CustomerAssign;bima_customerassign_date tersedia (durasi negatif di-clamp ke 0 = Comply);51,64;Not Comply
202605;TREG 5;SULBAGSEL;MAKASSAR;BAL;migrate;24,00;CustomerAssign;bima_customerassign_date tersedia (durasi negatif di-clamp ke 0 = Comply);250,66;Not Comply
202605;TREG 2;BANTEN;LENGKONG;LGK;create;48,00;CustomerAssign;bima_customerassign_date tersedia (durasi negatif di-clamp ke 0 = Comply);0,00;Comply
202605;TREG 3;SEMARANG JATENG UTARA;TEGAL;TEG;migrate;24,00;CustomerAssign;bima_customerassign_date tersedia (durasi negatif di-clamp ke 0 = Comply);123,84;Not Comply
202605;TREG 2;BANDUNG;SUMEDANG;UBR;migrate;24,00;CustomerAssign;bima_customerassign_date tersedia (durasi negatif di-clamp ke 0 = Comply);0,00;Comply
202605;TREG 3;SURAMADU;GRESIK;GSK;migrate;24,00;CustomerAssign;bima_customerassign_date tersedia (durasi negatif di-clamp ke 0 = Comply);104,99;Not Comply
202605;TREG 2;BANDUNG;SOREANG;BJA;migrate;24,00;CustomerAssign;bima_customerassign_date tersedia (durasi negatif di-clamp ke 0 = Comply);35,05;Not Comply
202605;TREG 2;BANDUNG;SOREANG;SOR;migrate;24,00;CustomerAssign;bima_customerassign_date tersedia (durasi negatif di-clamp ke 0 = Comply);11,07;Comply
202605;TREG 2;PRIANGAN BARAT;CIBINONG;CSN;migrate;24,00;CustomerAssign;bima_customerassign_date tersedia (durasi negatif di-clamp ke 0 = Comply);59,07;Not Comply
202605;TREG 2;BANTEN;CILEGON;CLG;create;48,00;CustomerAssign;bima_customerassign_date tersedia (durasi negatif di-clamp ke 0 = Comply);0,00;Comply
202605;TREG 2;BANDUNG;SOREANG;BJA;migrate;24,00;CustomerAssign;bima_customerassign_date tersedia (durasi negatif di-clamp ke 0 = Comply);30,10;Not Comply
202605;TREG 1;SUMBAR JAMBI;JAMBI;PAP;create;48,00;CustomerAssign;bima_customerassign_date tersedia (durasi negatif di-clamp ke 0 = Comply);11,17;Comply
202605;TREG 2;BEKASI KARAWANG;BEKASI;PKY;migrate;24,00;CustomerAssign;bima_customerassign_date tersedia (durasi negatif di-clamp ke 0 = Comply);6,20;Comply
202605;TREG 1;RIAU;RIDAR;PBB;migrate;24,00;CustomerAssign;bima_customerassign_date tersedia (durasi negatif di-clamp ke 0 = Comply);249,22;Not Comply
202605;TREG 3;SURAMADU;SURABAYA SELATAN;DMO;create;48,00;CustomerAssign;bima_customerassign_date tersedia (durasi negatif di-clamp ke 0 = Comply);0,00;Comply
202605;TREG 2;BEKASI KARAWANG;BEKASI;PKY;migrate;24,00;CustomerAssign;bima_customerassign_date tersedia (durasi negatif di-clamp ke 0 = Comply);0,00;Comply
202605;TREG 2;BANDUNG;SUMEDANG;CJA;create;48,00;CustomerAssign;bima_customerassign_date tersedia (durasi negatif di-clamp ke 0 = Comply);6,35;Comply
202605;TREG 2;BEKASI KARAWANG;CIKARANG;CIB;migrate;24,00;CustomerAssign;bima_customerassign_date tersedia (durasi negatif di-clamp ke 0 = Comply);0,00;Comply
202605;TREG 5;SULBAGSEL;SITOR;SID;migrate;24,00;CustomerAssign;bima_customerassign_date tersedia (durasi negatif di-clamp ke 0 = Comply);0,00;Comply
202605;TREG 2;JAKARTA OUTER;JAKTIM;RMG;migrate;24,00;CustomerAssign;bima_customerassign_date tersedia (durasi negatif di-clamp ke 0 = Comply);155,74;Not Comply
202605;TREG 3;SEMARANG JATENG UTARA;PEKALONGAN;PKL;migrate;24,00;CustomerAssign;bima_customerassign_date tersedia (durasi negatif di-clamp ke 0 = Comply);251,78;Not Comply
202605;TREG 2;JAKARTA OUTER;JAKTIM;PDK;migrate;24,00;CustomerAssign;bima_customerassign_date tersedia (durasi negatif di-clamp ke 0 = Comply);244,79;Not Comply
202605;TREG 1;ACEH;LANGSA;LGS;migrate;24,00;CustomerAssign;bima_customerassign_date tersedia (durasi negatif di-clamp ke 0 = Comply);0,00;Comply
202605;TREG 1;RIAU;RIKEP;BTC;migrate;24,00;CustomerAssign;bima_customerassign_date tersedia (durasi negatif di-clamp ke 0 = Comply);0,00;Comply
202605;TREG 1;ACEH;ACEH;BNA;migrate;24,00;CustomerAssign;bima_customerassign_date tersedia (durasi negatif di-clamp ke 0 = Comply);107,98;Not Comply
202605;TREG 1;SUMUT;KISARAN;TJB;migrate;24,00;CustomerAssign;bima_customerassign_date tersedia (durasi negatif di-clamp ke 0 = Comply);0,00;Comply
202605;TREG 2;PRIANGAN TIMUR;CIREBON;PRD;migrate;24,00;CustomerAssign;bima_customerassign_date tersedia (durasi negatif di-clamp ke 0 = Comply);60,09;Not Comply
202605;TREG 2;BEKASI KARAWANG;CIKARANG;SUE;create;48,00;CustomerAssign;bima_customerassign_date tersedia (durasi negatif di-clamp ke 0 = Comply);53,17;Not Comply
202605;TREG 2;JAKARTA CENTRUM;JAKUT;TPR;migrate;24,00;CustomerAssign;bima_customerassign_date tersedia (durasi negatif di-clamp ke 0 = Comply);0,00;Comply
202605;TREG 1;SUMUT;MEDAN;PUB;migrate;24,00;CustomerAssign;bima_customerassign_date tersedia (durasi negatif di-clamp ke 0 = Comply);228,22;Not Comply
202605;TREG 4;KALSELTENG;BATULICIN;STI;migrate;24,00;CustomerAssign;bima_customerassign_date tersedia (durasi negatif di-clamp ke 0 = Comply);0,00;Comply
202605;TREG 1;RIAU;TANJUNGBALAI KARIMUN;TJT;migrate;24,00;CustomerAssign;bima_customerassign_date tersedia (durasi negatif di-clamp ke 0 = Comply);29,28;Not Comply
202605;TREG 2;BEKASI KARAWANG;BEKASI;PKY;migrate;24,00;CustomerAssign;bima_customerassign_date tersedia (durasi negatif di-clamp ke 0 = Comply);0,00;Comply
202605;TREG 2;JAKARTA CENTRUM;JAKUT;MKR;migrate;24,00;CustomerAssign;bima_customerassign_date tersedia (durasi negatif di-clamp ke 0 = Comply);53,34;Not Comply
202605;TREG 1;RIAU;RIDAR;BKR;migrate;24,00;CustomerAssign;bima_customerassign_date tersedia (durasi negatif di-clamp ke 0 = Comply);180,58;Not Comply
202605;TREG 5;SULBAGTENG;GORONTALO;GTL;migrate;24,00;CustomerAssign;bima_customerassign_date tersedia (durasi negatif di-clamp ke 0 = Comply);7,62;Comply
202605;TREG 2;BANTEN;CIPUTAT;SRH;create;48,00;CustomerAssign;bima_customerassign_date tersedia (durasi negatif di-clamp ke 0 = Comply);5,64;Comply
202605;TREG 2;BANTEN;PASAR BARU;CPD;migrate;24,00;CustomerAssign;bima_customerassign_date tersedia (durasi negatif di-clamp ke 0 = Comply);0,00;Comply
202605;TREG 5;SULBAGSEL;KENDARI;KDR;migrate;24,00;CustomerAssign;bima_customerassign_date tersedia (durasi negatif di-clamp ke 0 = Comply);10,91;Comply
202605;TREG 4;KALSELTENG;BATULICIN;BLC;migrate;24,00;CustomerAssign;bima_customerassign_date tersedia (durasi negatif di-clamp ke 0 = Comply);0,00;Comply
202605;TREG 1;ACEH;ACEH;DAR;migrate;24,00;CustomerAssign;bima_customerassign_date tersedia (durasi negatif di-clamp ke 0 = Comply);54,02;Not Comply
202605;TREG 2;PRIANGAN BARAT;KUJANG;BOO;migrate;24,00;CustomerAssign;bima_customerassign_date tersedia (durasi negatif di-clamp ke 0 = Comply);54,64;Not Comply
202605;TREG 2;PRIANGAN BARAT;DEPOK;DEP;migrate;24,00;CustomerAssign;bima_customerassign_date tersedia (durasi negatif di-clamp ke 0 = Comply);366,70;Not Comply
202605;TREG 2;BANDUNG;BANDUNG;LBG;migrate;24,00;CustomerAssign;bima_customerassign_date tersedia (durasi negatif di-clamp ke 0 = Comply);6,74;Comply
202605;TREG 2;JAKARTA OUTER;JAKTIM;KRG;migrate;24,00;CustomerAssign;bima_customerassign_date tersedia (durasi negatif di-clamp ke 0 = Comply);829,86;Not Comply
202605;TREG 3;JATIM TIMUR;SIDOARJO;SDN;migrate;24,00;CustomerAssign;bima_customerassign_date tersedia (durasi negatif di-clamp ke 0 = Comply);31,14;Not Comply
202605;TREG 3;JATIM TIMUR;SIDOARJO;SDA;migrate;24,00;CustomerAssign;bima_customerassign_date tersedia (durasi negatif di-clamp ke 0 = Comply);0,00;Comply
202605;TREG 3;SURAMADU;SURABAYA UTARA;KBL;migrate;24,00;CustomerAssign;bima_customerassign_date tersedia (durasi negatif di-clamp ke 0 = Comply);55,31;Not Comply
202605;TREG 5;SULBAGTENG;GORONTALO;GTL;migrate;24,00;CustomerAssign;bima_customerassign_date tersedia (durasi negatif di-clamp ke 0 = Comply);41,38;Not Comply
202605;TREG 1;ACEH;LANGSA;KSG;migrate;24,00;CustomerAssign;bima_customerassign_date tersedia (durasi negatif di-clamp ke 0 = Comply);0,00;Comply
202605;TREG 4;KALTIMTARA;NUNUKAN;TPE;migrate;24,00;CustomerAssign;bima_customerassign_date tersedia (durasi negatif di-clamp ke 0 = Comply);0,00;Comply
202605;TREG 2;JAKARTA CENTRUM;JAKUT;STR;migrate;24,00;CustomerAssign;bima_customerassign_date tersedia (durasi negatif di-clamp ke 0 = Comply);0,00;Comply
202605;TREG 4;KALSELTENG;SAMPIT;SAI;migrate;24,00;CustomerAssign;bima_customerassign_date tersedia (durasi negatif di-clamp ke 0 = Comply);0,00;Comply
202605;TREG 4;KALSELTENG;PANGKALAN BUN;PBU;migrate;24,00;CustomerAssign;bima_customerassign_date tersedia (durasi negatif di-clamp ke 0 = Comply);41,49;Not Comply
202605;TREG 3;JATIM BARAT;TUBAN;JTR;migrate;24,00;CustomerAssign;bima_customerassign_date tersedia (durasi negatif di-clamp ke 0 = Comply);0,00;Comply
202605;TREG 2;JAKARTA INNER;JAKBAR;CKG;migrate;24,00;CustomerAssign;bima_customerassign_date tersedia (durasi negatif di-clamp ke 0 = Comply);19,99;Comply
202605;TREG 3;SURAMADU;SURABAYA UTARA;KRP;migrate;24,00;CustomerAssign;bima_customerassign_date tersedia (durasi negatif di-clamp ke 0 = Comply);138,20;Not Comply
202605;TREG 3;YOGYA JATENG SELATAN;YOGYAKARTA;KBU;migrate;24,00;CustomerAssign;bima_customerassign_date tersedia (durasi negatif di-clamp ke 0 = Comply);354,29;Not Comply
202605;TREG 4;KALSELTENG;BANJARBARU;BBR;migrate;24,00;CustomerAssign;bima_customerassign_date tersedia (durasi negatif di-clamp ke 0 = Comply);212,77;Not Comply
202605;TREG 4;KALSELTENG;BANJARBARU;BBR;create;48,00;CustomerAssign;bima_customerassign_date tersedia (durasi negatif di-clamp ke 0 = Comply);121,93;Not Comply
202605;TREG 2;PRIANGAN BARAT;SUKABUMI;SKB;migrate;24,00;CustomerAssign;bima_customerassign_date tersedia (durasi negatif di-clamp ke 0 = Comply);115,11;Not Comply
202605;TREG 5;SULBAGSEL;MAROS;MAR;migrate;24,00;CustomerAssign;bima_customerassign_date tersedia (durasi negatif di-clamp ke 0 = Comply);0,00;Comply
202605;TREG 5;SULBAGSEL;BANTAENG;BLK;migrate;24,00;CustomerAssign;bima_customerassign_date tersedia (durasi negatif di-clamp ke 0 = Comply);314,38;Not Comply
202605;TREG 1;RIAU;RIDAR;PBB;migrate;24,00;CustomerAssign;bima_customerassign_date tersedia (durasi negatif di-clamp ke 0 = Comply);0,00;Comply
202605;TREG 2;BANDUNG;SUMEDANG;UBR;migrate;24,00;CustomerAssign;bima_customerassign_date tersedia (durasi negatif di-clamp ke 0 = Comply);68,19;Not Comply
202605;TREG 3;JATIM TIMUR;PROBOLINGGO;KRZ;create;48,00;CustomerAssign;bima_customerassign_date tersedia (durasi negatif di-clamp ke 0 = Comply);0,00;Comply
202605;TREG 1;RIAU;RIKEP;SLU;migrate;24,00;CustomerAssign;bima_customerassign_date tersedia (durasi negatif di-clamp ke 0 = Comply);3,28;Comply
202605;TREG 4;BALIKPAPAN;BALIKPAPAN;BRU;create;48,00;CustomerAssign;bima_customerassign_date tersedia (durasi negatif di-clamp ke 0 = Comply);99,30;Not Comply
202605;TREG 4;KALTIMTARA;MELAK;SBR;migrate;24,00;CustomerAssign;bima_customerassign_date tersedia (durasi negatif di-clamp ke 0 = Comply);0,00;Comply
202605;TREG 3;YOGYA JATENG SELATAN;PURWOKERTO;PWT;migrate;24,00;CustomerAssign;bima_customerassign_date tersedia (durasi negatif di-clamp ke 0 = Comply);3,50;Comply
202605;TREG 2;BANTEN;CIPUTAT;CPA;migrate;24,00;CustomerAssign;bima_customerassign_date tersedia (durasi negatif di-clamp ke 0 = Comply);0,00;Comply
202605;TREG 2;JAKARTA CENTRUM;JAKPUS;CPP;migrate;24,00;CustomerAssign;bima_customerassign_date tersedia (durasi negatif di-clamp ke 0 = Comply);0,00;Comply
202605;TREG 2;JAKARTA INNER;JAKBAR;KDY;migrate;24,00;CustomerAssign;bima_customerassign_date tersedia (durasi negatif di-clamp ke 0 = Comply);22,56;Comply
202605;TREG 3;SEMARANG JATENG UTARA;SEMARANG;BMK;create;48,00;CustomerAssign;bima_customerassign_date tersedia (durasi negatif di-clamp ke 0 = Comply);0,00;Comply
202605;TREG 4;KALSELTENG;BANJARBARU;BBR;migrate;24,00;CustomerAssign;bima_customerassign_date tersedia (durasi negatif di-clamp ke 0 = Comply);0,00;Comply
202605;TREG 3;YOGYA JATENG SELATAN;BANTUL;BTL;migrate;24,00;CustomerAssign;bima_customerassign_date tersedia (durasi negatif di-clamp ke 0 = Comply);3,73;Comply
202605;TREG 1;RIAU;TANJUNGBALAI KARIMUN;TBK;migrate;24,00;CustomerAssign;bima_customerassign_date tersedia (durasi negatif di-clamp ke 0 = Comply);0,00;Comply
202605;TREG 4;KALSELTENG;BANJARBARU;MTP;create;48,00;CustomerAssign;bima_customerassign_date tersedia (durasi negatif di-clamp ke 0 = Comply);0,00;Comply
202605;TREG 3;BALI;DENPASAR CENTRUM;SWI;migrate;24,00;CustomerAssign;bima_customerassign_date tersedia (durasi negatif di-clamp ke 0 = Comply);0,00;Comply
202605;TREG 4;KALTIMTARA;BONTANG;BOT;migrate;24,00;CustomerAssign;bima_customerassign_date tersedia (durasi negatif di-clamp ke 0 = Comply);311,07;Not Comply
202605;TREG 2;JAKARTA CENTRUM;JAKUT;KLG;migrate;24,00;CustomerAssign;bima_customerassign_date tersedia (durasi negatif di-clamp ke 0 = Comply);0,00;Comply
202605;TREG 1;SUMBAR JAMBI;SUMBAR;BDT;create;48,00;CustomerAssign;bima_customerassign_date tersedia (durasi negatif di-clamp ke 0 = Comply);23,14;Comply
202605;TREG 2;JAKARTA OUTER;JAKTIM;CWA;create;48,00;CustomerAssign;bima_customerassign_date tersedia (durasi negatif di-clamp ke 0 = Comply);69,19;Not Comply
202605;TREG 4;KALTIMTARA;SAMARINDA;SMR;create;48,00;CustomerAssign;bima_customerassign_date tersedia (durasi negatif di-clamp ke 0 = Comply);0,00;Comply
202605;TREG 3;YOGYA JATENG SELATAN;TEMANGGUNG;PRN;migrate;24,00;CustomerAssign;bima_customerassign_date tersedia (durasi negatif di-clamp ke 0 = Comply);0,00;Comply
202605;TREG 3;YOGYA JATENG SELATAN;PURWOKERTO;PWT;migrate;24,00;CustomerAssign;bima_customerassign_date tersedia (durasi negatif di-clamp ke 0 = Comply);0,00;Comply
202605;TREG 1;RIAU;RIDAR;PBB;migrate;24,00;CustomerAssign;bima_customerassign_date tersedia (durasi negatif di-clamp ke 0 = Comply);237,59;Not Comply
202605;TREG 2;BANTEN;CIKUPA;TGR;migrate;24,00;CustomerAssign;bima_customerassign_date tersedia (durasi negatif di-clamp ke 0 = Comply);28,67;Not Comply
202605;TREG 4;BALIKPAPAN;BALIKPAPAN;BAM;create;48,00;CustomerAssign;bima_customerassign_date tersedia (durasi negatif di-clamp ke 0 = Comply);0,00;Comply
202605;TREG 3;YOGYA JATENG SELATAN;YOGYAKARTA;KEN;create;48,00;CustomerAssign;bima_customerassign_date tersedia (durasi negatif di-clamp ke 0 = Comply);0,00;Comply
202605;TREG 2;BANTEN;LENGKONG;LGK;migrate;24,00;CustomerAssign;bima_customerassign_date tersedia (durasi negatif di-clamp ke 0 = Comply);119,84;Not Comply
202605;TREG 4;KALBAR;SANGGAU;SGU;migrate;24,00;CustomerAssign;bima_customerassign_date tersedia (durasi negatif di-clamp ke 0 = Comply);28,99;Not Comply
202605;TREG 2;JAKARTA OUTER;JAKSEL;KMG;create;48,00;CustomerAssign;bima_customerassign_date tersedia (durasi negatif di-clamp ke 0 = Comply);125,05;Not Comply
202605;TREG 4;KALSELTENG;BANJARMASIN;KYG;migrate;24,00;CustomerAssign;bima_customerassign_date tersedia (durasi negatif di-clamp ke 0 = Comply);120,10;Not Comply
202605;TREG 2;BANDUNG;BANDUNG;BDK;create;48,00;CustomerAssign;bima_customerassign_date tersedia (durasi negatif di-clamp ke 0 = Comply);0,00;Comply
202605;TREG 5;SUMALUT;TERNATE;TNT;migrate;24,00;CustomerAssign;bima_customerassign_date tersedia (durasi negatif di-clamp ke 0 = Comply);286,22;Not Comply
202605;TREG 2;PRIANGAN BARAT;SINDANGLAYA;SKM;create;48,00;CustomerAssign;bima_customerassign_date tersedia (durasi negatif di-clamp ke 0 = Comply);0,36;Comply
202605;TREG 3;YOGYA JATENG SELATAN;SLEMAN;PKM;create;48,00;CustomerAssign;bima_customerassign_date tersedia (durasi negatif di-clamp ke 0 = Comply);0,00;Comply
202605;TREG 4;KALTIMTARA;BULUNGAN BERAU;TRD;migrate;24,00;CustomerAssign;bima_customerassign_date tersedia (durasi negatif di-clamp ke 0 = Comply);0,00;Comply
202605;TREG 2;JAKARTA INNER;JAKBAR;KDY;create;48,00;CustomerAssign;bima_customerassign_date tersedia (durasi negatif di-clamp ke 0 = Comply);94,48;Not Comply
202605;TREG 4;KALSELTENG;TANJUNG TABALONG;TJL;migrate;24,00;CustomerAssign;bima_customerassign_date tersedia (durasi negatif di-clamp ke 0 = Comply);0,00;Comply
202605;TREG 4;KALTIMTARA;BULUNGAN BERAU;TRD;migrate;24,00;CustomerAssign;bima_customerassign_date tersedia (durasi negatif di-clamp ke 0 = Comply);0,00;Comply
202605;TREG 5;SULBAGTENG;PALU;PLA;create;48,00;CustomerAssign;bima_customerassign_date tersedia (durasi negatif di-clamp ke 0 = Comply);0,00;Comply
202605;TREG 2;BANTEN;LENGKONG;LGK;migrate;24,00;CustomerAssign;bima_customerassign_date tersedia (durasi negatif di-clamp ke 0 = Comply);0,00;Comply
202605;TREG 2;BANDUNG;SOREANG;BJA;create;48,00;CustomerAssign;bima_customerassign_date tersedia (durasi negatif di-clamp ke 0 = Comply);0,00;Comply
202605;TREG 2;BEKASI KARAWANG;SUBANG;SUB;migrate;24,00;CustomerAssign;bima_customerassign_date tersedia (durasi negatif di-clamp ke 0 = Comply);0,00;Comply
202605;TREG 2;PRIANGAN BARAT;KUJANG;PAG;migrate;24,00;CustomerAssign;bima_customerassign_date tersedia (durasi negatif di-clamp ke 0 = Comply);0,00;Comply
202605;TREG 3;YOGYA JATENG SELATAN;YOGYAKARTA;PGR;migrate;24,00;CustomerAssign;bima_customerassign_date tersedia (durasi negatif di-clamp ke 0 = Comply);0,00;Comply
202605;TREG 3;SEMARANG JATENG UTARA;SEMARANG;MJP;create;48,00;CustomerAssign;bima_customerassign_date tersedia (durasi negatif di-clamp ke 0 = Comply);0,00;Comply
202605;TREG 2;BEKASI KARAWANG;PURWAKARTA;CKP;migrate;24,00;CustomerAssign;bima_customerassign_date tersedia (durasi negatif di-clamp ke 0 = Comply);0,00;Comply
202605;TREG 3;YOGYA JATENG SELATAN;PURWOKERTO;PWT;migrate;24,00;CustomerAssign;bima_customerassign_date tersedia (durasi negatif di-clamp ke 0 = Comply);0,00;Comply
202605;TREG 2;JAKARTA OUTER;JAKSEL;KAL;create;48,00;CustomerAssign;bima_customerassign_date tersedia (durasi negatif di-clamp ke 0 = Comply);0,00;Comply
202605;TREG 2;PRIANGAN BARAT;CIANJUR;CJR;migrate;24,00;CustomerAssign;bima_customerassign_date tersedia (durasi negatif di-clamp ke 0 = Comply);25,47;Not Comply
202605;TREG 2;BANTEN;LENGKONG;SRP;migrate;24,00;CustomerAssign;bima_customerassign_date tersedia (durasi negatif di-clamp ke 0 = Comply);6,51;Comply
202605;TREG 5;SUMALUT;TERNATE;TNT;migrate;24,00;CustomerAssign;bima_customerassign_date tersedia (durasi negatif di-clamp ke 0 = Comply);0,00;Comply
202605;TREG 1;SUMUT;MEDAN;MDC;migrate;24,00;CustomerAssign;bima_customerassign_date tersedia (durasi negatif di-clamp ke 0 = Comply);1,66;Comply
202605;TREG 4;KALSELTENG;PALANGKARAYA;PLK;create;48,00;CustomerAssign;bima_customerassign_date tersedia (durasi negatif di-clamp ke 0 = Comply);0,00;Comply
202605;TREG 1;SUMUT;MEDAN;TMU;migrate;24,00;CustomerAssign;bima_customerassign_date tersedia (durasi negatif di-clamp ke 0 = Comply);0,00;Comply
202605;TREG 3;SEMARANG JATENG UTARA;UNGARAN;UNR;migrate;24,00;CustomerAssign;bima_customerassign_date tersedia (durasi negatif di-clamp ke 0 = Comply);0,00;Comply
202605;TREG 5;PAPUA BARAT;NABIRE;NAB;migrate;24,00;CustomerAssign;bima_customerassign_date tersedia (durasi negatif di-clamp ke 0 = Comply);366,74;Not Comply
202605;TREG 3;JATIM BARAT;TUBAN;TNZ;migrate;24,00;CustomerAssign;bima_customerassign_date tersedia (durasi negatif di-clamp ke 0 = Comply);0,00;Comply
202605;TREG 2;PRIANGAN BARAT;DEPOK;CNE;migrate;24,00;CustomerAssign;bima_customerassign_date tersedia (durasi negatif di-clamp ke 0 = Comply);246,78;Not Comply
202605;TREG 2;JAKARTA OUTER;JAKSEL;PSM;migrate;24,00;CustomerAssign;bima_customerassign_date tersedia (durasi negatif di-clamp ke 0 = Comply);49,91;Not Comply
202605;TREG 3;JATIM TIMUR;BANYUWANGI;BWG;create;48,00;CustomerAssign;bima_customerassign_date tersedia (durasi negatif di-clamp ke 0 = Comply);1,96;Comply
202605;TREG 5;PAPUA BARAT;FAK FAK;KIN;migrate;24,00;CustomerAssign;bima_customerassign_date tersedia (durasi negatif di-clamp ke 0 = Comply);143,98;Not Comply
202605;TREG 2;BEKASI KARAWANG;KARAWANG;KLI;create;48,00;CustomerAssign;bima_customerassign_date tersedia (durasi negatif di-clamp ke 0 = Comply);6,99;Comply
202605;TREG 5;SULBAGSEL;MAKASSAR;MAT;migrate;24,00;CustomerAssign;bima_customerassign_date tersedia (durasi negatif di-clamp ke 0 = Comply);199,04;Not Comply
202605;TREG 4;KALSELTENG;TANJUNG TABALONG;BRI;migrate;24,00;CustomerAssign;bima_customerassign_date tersedia (durasi negatif di-clamp ke 0 = Comply);0,00;Comply
202605;TREG 2;JAKARTA OUTER;JAKSEL;CPE;migrate;24,00;CustomerAssign;bima_customerassign_date tersedia (durasi negatif di-clamp ke 0 = Comply);7,21;Comply
202605;TREG 3;JATIM BARAT;PONOROGO;PNZ;migrate;24,00;CustomerAssign;bima_customerassign_date tersedia (durasi negatif di-clamp ke 0 = Comply);0,00;Comply
202605;TREG 2;BEKASI KARAWANG;BEKASI;PKY;create;48,00;CustomerAssign;bima_customerassign_date tersedia (durasi negatif di-clamp ke 0 = Comply);0,00;Comply
202605;TREG 2;JAKARTA OUTER;JAKTIM;GAN;create;48,00;CustomerAssign;bima_customerassign_date tersedia (durasi negatif di-clamp ke 0 = Comply);120,27;Not Comply
202605;TREG 2;PRIANGAN BARAT;DEPOK;PCM;create;48,00;CustomerAssign;bima_customerassign_date tersedia (durasi negatif di-clamp ke 0 = Comply);0,00;Comply
202605;TREG 2;JAKARTA OUTER;JAKSEL;PSM;create;48,00;CustomerAssign;bima_customerassign_date tersedia (durasi negatif di-clamp ke 0 = Comply);2,35;Comply
202605;TREG 2;BEKASI KARAWANG;BEKASI;KLB;create;48,00;CustomerAssign;bima_customerassign_date tersedia (durasi negatif di-clamp ke 0 = Comply);74,36;Not Comply
202605;TREG 2;PRIANGAN TIMUR;GARUT;GRU;migrate;24,00;CustomerAssign;bima_customerassign_date tersedia (durasi negatif di-clamp ke 0 = Comply);144,40;Not Comply
202605;TREG 2;PRIANGAN BARAT;CIANJUR;CJR;create;48,00;CustomerAssign;bima_customerassign_date tersedia (durasi negatif di-clamp ke 0 = Comply);0,42;Comply
202605;TREG 1;RIAU;RIKEP;LBJ;migrate;24,00;CustomerAssign;bima_customerassign_date tersedia (durasi negatif di-clamp ke 0 = Comply);2,45;Comply
202605;TREG 2;BANDUNG;BANDUNG;BDK;migrate;24,00;CustomerAssign;bima_customerassign_date tersedia (durasi negatif di-clamp ke 0 = Comply);7,46;Comply
202605;TREG 2;BANDUNG;SUMEDANG;UBR;migrate;24,00;CustomerAssign;bima_customerassign_date tersedia (durasi negatif di-clamp ke 0 = Comply);7,47;Comply
202605;TREG 2;JAKARTA INNER;JAKBAR;CKG;create;48,00;CustomerAssign;bima_customerassign_date tersedia (durasi negatif di-clamp ke 0 = Comply);0,52;Comply
202605;TREG 1;RIAU;BANGKINANG;PKR;migrate;24,00;CustomerAssign;bima_customerassign_date tersedia (durasi negatif di-clamp ke 0 = Comply);31,67;Not Comply
202605;TREG 4;KALTIMTARA;MELAK;SBR;create;48,00;CustomerAssign;bima_customerassign_date tersedia (durasi negatif di-clamp ke 0 = Comply);0,00;Comply
202605;TREG 4;KALTIMTARA;MELAK;TGG;create;48,00;CustomerAssign;bima_customerassign_date tersedia (durasi negatif di-clamp ke 0 = Comply);0,00;Comply
202605;TREG 2;BANTEN;CIPUTAT;CPA;migrate;24,00;CustomerAssign;bima_customerassign_date tersedia (durasi negatif di-clamp ke 0 = Comply);79,79;Not Comply
202605;TREG 3;YOGYA JATENG SELATAN;YOGYAKARTA;KBU;migrate;24,00;CustomerAssign;bima_customerassign_date tersedia (durasi negatif di-clamp ke 0 = Comply);0,84;Comply
202605;TREG 4;KALTIMTARA;BONTANG;LKT;migrate;24,00;CustomerAssign;bima_customerassign_date tersedia (durasi negatif di-clamp ke 0 = Comply);26,85;Not Comply
202605;TREG 2;BEKASI KARAWANG;BEKASI;BEK;migrate;24,00;CustomerAssign;bima_customerassign_date tersedia (durasi negatif di-clamp ke 0 = Comply);0,00;Comply
202605;TREG 4;KALTIMTARA;BONTANG;STT;migrate;24,00;CustomerAssign;bima_customerassign_date tersedia (durasi negatif di-clamp ke 0 = Comply);2,95;Comply
202605;TREG 2;BEKASI KARAWANG;PURWAKARTA;PWK;migrate;24,00;CustomerAssign;bima_customerassign_date tersedia (durasi negatif di-clamp ke 0 = Comply);7,95;Comply
202605;TREG 1;RIAU;RIKEP;SLU;migrate;24,00;CustomerAssign;bima_customerassign_date tersedia (durasi negatif di-clamp ke 0 = Comply);0,00;Comply
202605;TREG 2;BEKASI KARAWANG;CIKARANG;CIK;create;48,00;CustomerAssign;bima_customerassign_date tersedia (durasi negatif di-clamp ke 0 = Comply);8,04;Comply
202605;TREG 2;JAKARTA INNER;JAKBAR;TGA;create;48,00;CustomerAssign;bima_customerassign_date tersedia (durasi negatif di-clamp ke 0 = Comply);0,00;Comply
202605;TREG 1;RIAU;TANJUNGBALAI KARIMUN;TBK;create;48,00;CustomerAssign;bima_customerassign_date tersedia (durasi negatif di-clamp ke 0 = Comply);0,00;Comply
202605;TREG 3;SOLO JATENG TIMUR;SOLO;SOP;create;48,00;CustomerAssign;bima_customerassign_date tersedia (durasi negatif di-clamp ke 0 = Comply);0,00;Comply
202605;TREG 3;JATIM BARAT;NGAWI;MGT;migrate;24,00;CustomerAssign;bima_customerassign_date tersedia (durasi negatif di-clamp ke 0 = Comply);3,32;Comply
202605;TREG 2;BEKASI KARAWANG;BEKASI;BEK;create;48,00;CustomerAssign;bima_customerassign_date tersedia (durasi negatif di-clamp ke 0 = Comply);1,43;Comply
202605;TREG 5;SUMALUT;TERNATE;TNT;migrate;24,00;CustomerAssign;bima_customerassign_date tersedia (durasi negatif di-clamp ke 0 = Comply);0,00;Comply
202605;TREG 2;PRIANGAN BARAT;DEPOK;SKJ;migrate;24,00;CustomerAssign;bima_customerassign_date tersedia (durasi negatif di-clamp ke 0 = Comply);1,56;Comply
202605;TREG 2;JAKARTA OUTER;JAKTIM;PDK;create;48,00;CustomerAssign;bima_customerassign_date tersedia (durasi negatif di-clamp ke 0 = Comply);3,60;Comply
202605;TREG 1;SUMBAR JAMBI;BUKIT TINGGI;BKT;migrate;24,00;CustomerAssign;bima_customerassign_date tersedia (durasi negatif di-clamp ke 0 = Comply);56,73;Not Comply
202605;TREG 3;SEMARANG JATENG UTARA;SEMARANG;BMK;create;48,00;CustomerAssign;bima_customerassign_date tersedia (durasi negatif di-clamp ke 0 = Comply);0,00;Comply
202605;TREG 2;BANDUNG;BANDUNG;BDK;create;48,00;CustomerAssign;bima_customerassign_date tersedia (durasi negatif di-clamp ke 0 = Comply);3,81;Comply
202605;TREG 4;KALTIMTARA;MELAK;SBR;migrate;24,00;CustomerAssign;bima_customerassign_date tersedia (durasi negatif di-clamp ke 0 = Comply);3,82;Comply
202605;TREG 5;SUMALUT;TERNATE;TNT;migrate;24,00;CustomerAssign;bima_customerassign_date tersedia (durasi negatif di-clamp ke 0 = Comply);0,00;Comply
202605;TREG 4;KALSELTENG;BANJARBARU;BBR;migrate;24,00;CustomerAssign;bima_customerassign_date tersedia (durasi negatif di-clamp ke 0 = Comply);0,00;Comply
202605;TREG 2;JAKARTA OUTER;JAKTIM;PGB;migrate;24,00;CustomerAssign;bima_customerassign_date tersedia (durasi negatif di-clamp ke 0 = Comply);416,88;Not Comply
202605;TREG 3;BALI;DENPASAR SELATAN;BNO;migrate;24,00;CustomerAssign;bima_customerassign_date tersedia (durasi negatif di-clamp ke 0 = Comply);8,92;Comply
202605;TREG 3;YOGYA JATENG SELATAN;PURWOKERTO;PWT;migrate;24,00;CustomerAssign;bima_customerassign_date tersedia (durasi negatif di-clamp ke 0 = Comply);0,00;Comply
202605;TREG 3;SOLO JATENG TIMUR;SRAGEN;SRG;migrate;24,00;CustomerAssign;bima_customerassign_date tersedia (durasi negatif di-clamp ke 0 = Comply);8,96;Comply
202605;TREG 1;RIAU;BANGKINANG;PKR;migrate;24,00;CustomerAssign;bima_customerassign_date tersedia (durasi negatif di-clamp ke 0 = Comply);0,00;Comply
202605;TREG 1;RIAU;DUMAI;SLJ;migrate;24,00;CustomerAssign;bima_customerassign_date tersedia (durasi negatif di-clamp ke 0 = Comply);57,15;Not Comply
202605;TREG 2;JAKARTA OUTER;JAKTIM;KRG;migrate;24,00;CustomerAssign;bima_customerassign_date tersedia (durasi negatif di-clamp ke 0 = Comply);2,27;Comply
202605;TREG 4;BALIKPAPAN;BALIKPAPAN;BAM;migrate;24,00;CustomerAssign;bima_customerassign_date tersedia (durasi negatif di-clamp ke 0 = Comply);2,28;Comply
202605;TREG 3;SEMARANG JATENG UTARA;SEMARANG;MJP;migrate;24,00;CustomerAssign;bima_customerassign_date tersedia (durasi negatif di-clamp ke 0 = Comply);0,00;Comply
202605;TREG 2;BEKASI KARAWANG;BEKASI;PKY;migrate;24,00;CustomerAssign;bima_customerassign_date tersedia (durasi negatif di-clamp ke 0 = Comply);4,36;Comply
202605;TREG 4;KALTIMTARA;SAMARINDA;SEM;migrate;24,00;CustomerAssign;bima_customerassign_date tersedia (durasi negatif di-clamp ke 0 = Comply);0,00;Comply
202605;TREG 4;KALTIMTARA;BONTANG;BOT;migrate;24,00;CustomerAssign;bima_customerassign_date tersedia (durasi negatif di-clamp ke 0 = Comply);0,00;Comply
202605;TREG 3;SEMARANG JATENG UTARA;BREBES;BRB;migrate;24,00;CustomerAssign;bima_customerassign_date tersedia (durasi negatif di-clamp ke 0 = Comply);218,62;Not Comply
202605;TREG 3;YOGYA JATENG SELATAN;SLEMAN;PKM;migrate;24,00;CustomerAssign;bima_customerassign_date tersedia (durasi negatif di-clamp ke 0 = Comply);0,00;Comply
202605;TREG 3;SURAMADU;SURABAYA UTARA;KPS;migrate;24,00;CustomerAssign;bima_customerassign_date tersedia (durasi negatif di-clamp ke 0 = Comply);201,77;Not Comply
202605;TREG 2;JAKARTA CENTRUM;JAKUT;MKR;migrate;24,00;CustomerAssign;bima_customerassign_date tersedia (durasi negatif di-clamp ke 0 = Comply);57,80;Not Comply
202605;TREG 2;BANDUNG;BANDUNG BARAT;RJW;migrate;24,00;CustomerAssign;bima_customerassign_date tersedia (durasi negatif di-clamp ke 0 = Comply);2,89;Comply
202605;TREG 4;KALSELTENG;TANJUNG TABALONG;TJL;migrate;24,00;CustomerAssign;bima_customerassign_date tersedia (durasi negatif di-clamp ke 0 = Comply);4,90;Comply
202605;TREG 2;JAKARTA INNER;JAKBAR;SLP;create;48,00;CustomerAssign;bima_customerassign_date tersedia (durasi negatif di-clamp ke 0 = Comply);0,00;Comply
202605;TREG 3;SURAMADU;SURABAYA UTARA;KJR;create;48,00;CustomerAssign;bima_customerassign_date tersedia (durasi negatif di-clamp ke 0 = Comply);0,00;Comply
202605;TREG 3;SURAMADU;SURABAYA SELATAN;MYR;create;48,00;CustomerAssign;bima_customerassign_date tersedia (durasi negatif di-clamp ke 0 = Comply);0,00;Comply
202605;TREG 3;SEMARANG JATENG UTARA;SEMARANG;SMT;migrate;24,00;CustomerAssign;bima_customerassign_date tersedia (durasi negatif di-clamp ke 0 = Comply);34,07;Not Comply
202605;TREG 2;PRIANGAN BARAT;DEPOK;SKJ;migrate;24,00;CustomerAssign;bima_customerassign_date tersedia (durasi negatif di-clamp ke 0 = Comply);0,00;Comply
202605;TREG 1;RIAU;RIKEP;LBJ;migrate;24,00;CustomerAssign;bima_customerassign_date tersedia (durasi negatif di-clamp ke 0 = Comply);3,21;Comply
202605;TREG 2;PRIANGAN BARAT;KUJANG;SPL;migrate;24,00;CustomerAssign;bima_customerassign_date tersedia (durasi negatif di-clamp ke 0 = Comply);58,27;Not Comply
202605;TREG 2;JAKARTA OUTER;JAKTIM;PSR;create;48,00;CustomerAssign;bima_customerassign_date tersedia (durasi negatif di-clamp ke 0 = Comply);0,00;Comply
202605;TREG 3;BALI;TABANAN;GMK;create;48,00;CustomerAssign;bima_customerassign_date tersedia (durasi negatif di-clamp ke 0 = Comply);0,00;Comply
202605;TREG 1;SUMUT;MEDAN;SPM;migrate;24,00;CustomerAssign;bima_customerassign_date tersedia (durasi negatif di-clamp ke 0 = Comply);5,29;Comply
202605;TREG 2;BANTEN;LENGKONG;SRP;migrate;24,00;CustomerAssign;bima_customerassign_date tersedia (durasi negatif di-clamp ke 0 = Comply);0,00;Comply
202605;TREG 2;JAKARTA CENTRUM;JAKPUS;CID;migrate;24,00;CustomerAssign;bima_customerassign_date tersedia (durasi negatif di-clamp ke 0 = Comply);3,32;Comply
202605;TREG 2;BANDUNG;BANDUNG;TLE;create;48,00;CustomerAssign;bima_customerassign_date tersedia (durasi negatif di-clamp ke 0 = Comply);58,39;Not Comply
202605;TREG 3;JATIM BARAT;MALANG;BLB;migrate;24,00;CustomerAssign;bima_customerassign_date tersedia (durasi negatif di-clamp ke 0 = Comply);0,00;Comply
202605;TREG 1;SUMUT;MEDAN;TMU;create;48,00;CustomerAssign;bima_customerassign_date tersedia (durasi negatif di-clamp ke 0 = Comply);10,42;Comply
202605;TREG 4;BALIKPAPAN;TANAHGROGOT;TNG;migrate;24,00;CustomerAssign;bima_customerassign_date tersedia (durasi negatif di-clamp ke 0 = Comply);0,00;Comply
202605;TREG 2;PRIANGAN BARAT;DEPOK;SKJ;create;48,00;CustomerAssign;bima_customerassign_date tersedia (durasi negatif di-clamp ke 0 = Comply);0,00;Comply
202605;TREG 2;BEKASI KARAWANG;CIKARANG;BGG;migrate;24,00;CustomerAssign;bima_customerassign_date tersedia (durasi negatif di-clamp ke 0 = Comply);3,61;Comply
202605;TREG 3;SURAMADU;SURABAYA UTARA;TNS;create;48,00;CustomerAssign;bima_customerassign_date tersedia (durasi negatif di-clamp ke 0 = Comply);5,62;Comply
202605;TREG 1;RIAU;RIKEP;BTC;migrate;24,00;CustomerAssign;bima_customerassign_date tersedia (durasi negatif di-clamp ke 0 = Comply);51,62;Not Comply
202605;TREG 2;PRIANGAN TIMUR;KUNINGAN;KNG;migrate;24,00;CustomerAssign;bima_customerassign_date tersedia (durasi negatif di-clamp ke 0 = Comply);0,00;Comply
202605;TREG 3;SURAMADU;SURABAYA UTARA;BBE;migrate;24,00;CustomerAssign;bima_customerassign_date tersedia (durasi negatif di-clamp ke 0 = Comply);97,84;Not Comply
202605;TREG 4;KALSELTENG;PANGKALAN BUN;PBU;migrate;24,00;CustomerAssign;bima_customerassign_date tersedia (durasi negatif di-clamp ke 0 = Comply);0,00;Comply
202605;TREG 4;KALSELTENG;PANGKALAN BUN;PBU;migrate;24,00;CustomerAssign;bima_customerassign_date tersedia (durasi negatif di-clamp ke 0 = Comply);80,90;Not Comply
202605;TREG 4;KALBAR;SINGKAWANG;SNW;migrate;24,00;CustomerAssign;bima_customerassign_date tersedia (durasi negatif di-clamp ke 0 = Comply);0,00;Comply
202605;TREG 4;KALTIMTARA;BULUNGAN BERAU;TSL;migrate;24,00;CustomerAssign;bima_customerassign_date tersedia (durasi negatif di-clamp ke 0 = Comply);0,00;Comply
202605;TREG 1;SUMBAR JAMBI;SUMBAR;TLB;migrate;24,00;CustomerAssign;bima_customerassign_date tersedia (durasi negatif di-clamp ke 0 = Comply);11,16;Comply
202605;TREG 3;JATIM TIMUR;PANDAAN;GEM;migrate;24,00;CustomerAssign;bima_customerassign_date tersedia (durasi negatif di-clamp ke 0 = Comply);0,00;Comply
202605;TREG 2;BANTEN;CILEGON;CLG;migrate;24,00;CustomerAssign;bima_customerassign_date tersedia (durasi negatif di-clamp ke 0 = Comply);0,00;Comply
202605;TREG 2;BEKASI KARAWANG;CIKARANG;JBB;migrate;24,00;CustomerAssign;bima_customerassign_date tersedia (durasi negatif di-clamp ke 0 = Comply);35,43;Not Comply
202605;TREG 2;JAKARTA INNER;JAKBAR;PLM;migrate;24,00;CustomerAssign;bima_customerassign_date tersedia (durasi negatif di-clamp ke 0 = Comply);11,46;Comply
202605;TREG 2;JAKARTA INNER;JAKBAR;MRY;migrate;24,00;CustomerAssign;bima_customerassign_date tersedia (durasi negatif di-clamp ke 0 = Comply);0,00;Comply
202605;TREG 2;JAKARTA INNER;JAKBAR;MRY;migrate;24,00;CustomerAssign;bima_customerassign_date tersedia (durasi negatif di-clamp ke 0 = Comply);0,00;Comply
202605;TREG 3;SEMARANG JATENG UTARA;SEMARANG;MJP;migrate;24,00;CustomerAssign;bima_customerassign_date tersedia (durasi negatif di-clamp ke 0 = Comply);6,65;Comply
202605;TREG 2;BANDUNG;SUMEDANG;UBR;migrate;24,00;CustomerAssign;bima_customerassign_date tersedia (durasi negatif di-clamp ke 0 = Comply);0,00;Comply
202605;TREG 4;KALSELTENG;BATULICIN;STI;migrate;24,00;CustomerAssign;bima_customerassign_date tersedia (durasi negatif di-clamp ke 0 = Comply);0,00;Comply
202605;TREG 4;BALIKPAPAN;BALIKPAPAN;BRU;create;48,00;CustomerAssign;bima_customerassign_date tersedia (durasi negatif di-clamp ke 0 = Comply);0,00;Comply
202605;TREG 1;SUMUT;PADANG SIDEMPUAN;PSP;migrate;24,00;CustomerAssign;bima_customerassign_date tersedia (durasi negatif di-clamp ke 0 = Comply);108,17;Not Comply
202605;TREG 2;BANDUNG;BANDUNG BARAT;CMI;migrate;24,00;CustomerAssign;bima_customerassign_date tersedia (durasi negatif di-clamp ke 0 = Comply);0,00;Comply
202605;TREG 2;BEKASI KARAWANG;BEKASI;KLB;migrate;24,00;CustomerAssign;bima_customerassign_date tersedia (durasi negatif di-clamp ke 0 = Comply);36,23;Not Comply
202605;TREG 1;SUMBAR JAMBI;BUKIT TINGGI;SPE;migrate;24,00;CustomerAssign;bima_customerassign_date tersedia (durasi negatif di-clamp ke 0 = Comply);0,00;Comply
202605;TREG 2;BEKASI KARAWANG;CIKARANG;CIB;migrate;24,00;CustomerAssign;bima_customerassign_date tersedia (durasi negatif di-clamp ke 0 = Comply);0,00;Comply
202605;TREG 1;SUMUT;MEDAN;TJM;migrate;24,00;CustomerAssign;bima_customerassign_date tersedia (durasi negatif di-clamp ke 0 = Comply);0,00;Comply
202605;TREG 2;PRIANGAN BARAT;CIBINONG;CBI;migrate;24,00;CustomerAssign;bima_customerassign_date tersedia (durasi negatif di-clamp ke 0 = Comply);125,36;Not Comply
202605;TREG 2;PRIANGAN BARAT;SENTUL;KHL;migrate;24,00;CustomerAssign;bima_customerassign_date tersedia (durasi negatif di-clamp ke 0 = Comply);7,37;Comply
202605;TREG 1;ACEH;MEULABOH;MBO;migrate;24,00;CustomerAssign;bima_customerassign_date tersedia (durasi negatif di-clamp ke 0 = Comply);60,46;Not Comply
202605;TREG 1;SUMBAR JAMBI;JAMBI;JMB;create;48,00;CustomerAssign;bima_customerassign_date tersedia (durasi negatif di-clamp ke 0 = Comply);0,00;Comply
202605;TREG 2;BANDUNG;SUMEDANG;CJA;migrate;24,00;CustomerAssign;bima_customerassign_date tersedia (durasi negatif di-clamp ke 0 = Comply);0,00;Comply
202605;TREG 2;JAKARTA CENTRUM;JAKUT;CIL;create;48,00;CustomerAssign;bima_customerassign_date tersedia (durasi negatif di-clamp ke 0 = Comply);0,00;Comply
202605;TREG 1;SUMBAR JAMBI;BUKIT TINGGI;PYK;migrate;24,00;CustomerAssign;bima_customerassign_date tersedia (durasi negatif di-clamp ke 0 = Comply);0,00;Comply
202605;TREG 2;BANTEN;CIPUTAT;CPA;migrate;24,00;CustomerAssign;bima_customerassign_date tersedia (durasi negatif di-clamp ke 0 = Comply);8,64;Comply
202605;TREG 2;BANTEN;PASAR BARU;GDS;migrate;24,00;CustomerAssign;bima_customerassign_date tersedia (durasi negatif di-clamp ke 0 = Comply);0,00;Comply
202605;TREG 3;SOLO JATENG TIMUR;SOLO;GLD;create;48,00;CustomerAssign;bima_customerassign_date tersedia (durasi negatif di-clamp ke 0 = Comply);104,93;Not Comply
202605;TREG 2;PRIANGAN BARAT;SUKABUMI;CMO;migrate;24,00;CustomerAssign;bima_customerassign_date tersedia (durasi negatif di-clamp ke 0 = Comply);7,92;Comply
202605;TREG 4;BALIKPAPAN;BALIKPAPAN;BAM;create;48,00;CustomerAssign;bima_customerassign_date tersedia (durasi negatif di-clamp ke 0 = Comply);0,00;Comply
202605;TREG 4;KALTIMTARA;BONTANG;STT;migrate;24,00;CustomerAssign;bima_customerassign_date tersedia (durasi negatif di-clamp ke 0 = Comply);68,19;Not Comply
202605;TREG 4;KALTIMTARA;MELAK;SBR;migrate;24,00;CustomerAssign;bima_customerassign_date tersedia (durasi negatif di-clamp ke 0 = Comply);44,31;Not Comply
202605;TREG 3;JATIM BARAT;TULUNG AGUNG;TUL;migrate;24,00;CustomerAssign;bima_customerassign_date tersedia (durasi negatif di-clamp ke 0 = Comply);92,33;Not Comply
202605;TREG 4;KALSELTENG;BATULICIN;STI;create;48,00;CustomerAssign;bima_customerassign_date tersedia (durasi negatif di-clamp ke 0 = Comply);0,00;Comply
202605;TREG 1;ACEH;LANGSA;LGS;migrate;24,00;CustomerAssign;bima_customerassign_date tersedia (durasi negatif di-clamp ke 0 = Comply);68,73;Not Comply
202605;TREG 3;BALI;DENPASAR CENTRUM;TOP;create;48,00;CustomerAssign;bima_customerassign_date tersedia (durasi negatif di-clamp ke 0 = Comply);97,83;Not Comply
202605;TREG 4;KALSELTENG;BATULICIN;SER;migrate;24,00;CustomerAssign;bima_customerassign_date tersedia (durasi negatif di-clamp ke 0 = Comply);45,03;Not Comply
202605;TREG 2;PRIANGAN BARAT;DEPOK;PCM;migrate;24,00;CustomerAssign;bima_customerassign_date tersedia (durasi negatif di-clamp ke 0 = Comply);163,10;Not Comply
202605;TREG 2;BANDUNG;SUMEDANG;CJA;create;48,00;CustomerAssign;bima_customerassign_date tersedia (durasi negatif di-clamp ke 0 = Comply);51,10;Not Comply
202605;TREG 2;BANTEN;CIPUTAT;PKU;migrate;24,00;CustomerAssign;bima_customerassign_date tersedia (durasi negatif di-clamp ke 0 = Comply);5.451,14;Not Comply
202605;TREG 1;SUMUT;MEDAN;PDB;create;48,00;CustomerAssign;bima_customerassign_date tersedia (durasi negatif di-clamp ke 0 = Comply);0,00;Comply
202605;TREG 2;BEKASI KARAWANG;PURWAKARTA;PWK;create;48,00;CustomerAssign;bima_customerassign_date tersedia (durasi negatif di-clamp ke 0 = Comply);0,00;Comply
202605;TREG 2;BANDUNG;SOREANG;BJA;create;48,00;CustomerAssign;bima_customerassign_date tersedia (durasi negatif di-clamp ke 0 = Comply);0,00;Comply
202605;TREG 5;SULBAGSEL;GOWA;SUG;create;48,00;CustomerAssign;bima_customerassign_date tersedia (durasi negatif di-clamp ke 0 = Comply);4,41;Comply
202605;TREG 2;JAKARTA OUTER;JAKSEL;PSM;create;48,00;CustomerAssign;bima_customerassign_date tersedia (durasi negatif di-clamp ke 0 = Comply);4,46;Comply
202605;TREG 2;JAKARTA OUTER;JAKTIM;KRG;create;48,00;CustomerAssign;bima_customerassign_date tersedia (durasi negatif di-clamp ke 0 = Comply);4,72;Comply
202605;TREG 3;BALI;DENPASAR UTARA;UBN;migrate;24,00;CustomerAssign;bima_customerassign_date tersedia (durasi negatif di-clamp ke 0 = Comply);4,77;Comply
202605;TREG 2;PRIANGAN BARAT;DEPOK;SKJ;migrate;24,00;CustomerAssign;bima_customerassign_date tersedia (durasi negatif di-clamp ke 0 = Comply);4,79;Comply
202605;TREG 2;PRIANGAN BARAT;DEPOK;CSL;create;48,00;CustomerAssign;bima_customerassign_date tersedia (durasi negatif di-clamp ke 0 = Comply);23,86;Comply
202605;TREG 3;YOGYA JATENG SELATAN;MAGELANG;MGE;create;48,00;CustomerAssign;bima_customerassign_date tersedia (durasi negatif di-clamp ke 0 = Comply);0,00;Comply
202605;TREG 3;SOLO JATENG TIMUR;SOLO;KRT;create;48,00;CustomerAssign;bima_customerassign_date tersedia (durasi negatif di-clamp ke 0 = Comply);0,00;Comply
202605;TREG 2;JAKARTA OUTER;JAKTIM;CWA;create;48,00;CustomerAssign;bima_customerassign_date tersedia (durasi negatif di-clamp ke 0 = Comply);5,31;Comply
202605;TREG 2;JAKARTA CENTRUM;JAKUT;STR;create;48,00;CustomerAssign;bima_customerassign_date tersedia (durasi negatif di-clamp ke 0 = Comply);0,00;Comply
202605;TREG 2;JAKARTA OUTER;JAKTIM;GAN;create;48,00;CustomerAssign;bima_customerassign_date tersedia (durasi negatif di-clamp ke 0 = Comply);0,00;Comply
202605;TREG 4;KALTIMTARA;MELAK;SBR;migrate;24,00;CustomerAssign;bima_customerassign_date tersedia (durasi negatif di-clamp ke 0 = Comply);0,00;Comply
202605;TREG 4;KALBAR;PONTIANAK;PTK;migrate;24,00;CustomerAssign;bima_customerassign_date tersedia (durasi negatif di-clamp ke 0 = Comply);0,00;Comply
202605;TREG 2;JAKARTA OUTER;JAKTIM;CWA;create;48,00;CustomerAssign;bima_customerassign_date tersedia (durasi negatif di-clamp ke 0 = Comply);0,00;Comply
202605;TREG 2;BANTEN;CIPUTAT;PDR;migrate;24,00;CustomerAssign;bima_customerassign_date tersedia (durasi negatif di-clamp ke 0 = Comply);3,86;Comply
202605;TREG 2;PRIANGAN TIMUR;MAJALENGKA;RGA;create;48,00;CustomerAssign;bima_customerassign_date tersedia (durasi negatif di-clamp ke 0 = Comply);0,86;Comply
202605;TREG 2;JAKARTA OUTER;JAKSEL;JAG;migrate;24,00;CustomerAssign;bima_customerassign_date tersedia (durasi negatif di-clamp ke 0 = Comply);0,00;Comply
202605;TREG 2;JAKARTA CENTRUM;JAKUT;TPR;migrate;24,00;CustomerAssign;bima_customerassign_date tersedia (durasi negatif di-clamp ke 0 = Comply);22,91;Comply
202605;TREG 4;KALSELTENG;BATULICIN;STI;migrate;24,00;CustomerAssign;bima_customerassign_date tersedia (durasi negatif di-clamp ke 0 = Comply);0,00;Comply
202605;TREG 4;KALSELTENG;PALANGKARAYA;KKP;migrate;24,00;CustomerAssign;bima_customerassign_date tersedia (durasi negatif di-clamp ke 0 = Comply);6,00;Comply
202605;TREG 4;KALSELTENG;PANGKALAN BUN;PBU;migrate;24,00;CustomerAssign;bima_customerassign_date tersedia (durasi negatif di-clamp ke 0 = Comply);54,04;Not Comply
202605;TREG 2;BANTEN;PASAR BARU;TAN;migrate;24,00;CustomerAssign;bima_customerassign_date tersedia (durasi negatif di-clamp ke 0 = Comply);25,07;Not Comply
202605;TREG 1;RIAU;DUMAI;DRI;migrate;24,00;CustomerAssign;bima_customerassign_date tersedia (durasi negatif di-clamp ke 0 = Comply);23,21;Comply
202605;TREG 2;JAKARTA OUTER;JAKTIM;JTN;migrate;24,00;CustomerAssign;bima_customerassign_date tersedia (durasi negatif di-clamp ke 0 = Comply);6,21;Comply
202605;TREG 1;RIAU;BANGKINANG;ARK;migrate;24,00;CustomerAssign;bima_customerassign_date tersedia (durasi negatif di-clamp ke 0 = Comply);4,21;Comply
202605;TREG 1;RIAU;DUMAI;BGU;migrate;24,00;CustomerAssign;bima_customerassign_date tersedia (durasi negatif di-clamp ke 0 = Comply);119,25;Not Comply
202605;TREG 3;SURAMADU;SURABAYA UTARA;KBL;migrate;24,00;CustomerAssign;bima_customerassign_date tersedia (durasi negatif di-clamp ke 0 = Comply);0,00;Comply
202605;TREG 4;KALTIMTARA;SAMARINDA;LMP;create;48,00;CustomerAssign;bima_customerassign_date tersedia (durasi negatif di-clamp ke 0 = Comply);47,63;Comply
202605;TREG 2;BEKASI KARAWANG;BEKASI;PKY;create;48,00;CustomerAssign;bima_customerassign_date tersedia (durasi negatif di-clamp ke 0 = Comply);1,73;Comply
202605;TREG 2;JAKARTA INNER;JAKBAR;KDY;migrate;24,00;CustomerAssign;bima_customerassign_date tersedia (durasi negatif di-clamp ke 0 = Comply);6,74;Comply
202605;TREG 1;LAMPUNG BENGKULU;METRO;UNT;migrate;24,00;CustomerAssign;bima_customerassign_date tersedia (durasi negatif di-clamp ke 0 = Comply);342,75;Not Comply
202605;TREG 3;JATIM BARAT;MALANG;BLB;migrate;24,00;CustomerAssign;bima_customerassign_date tersedia (durasi negatif di-clamp ke 0 = Comply);30,78;Not Comply
202605;TREG 2;BANTEN;BANTEN;SEG;migrate;24,00;CustomerAssign;bima_customerassign_date tersedia (durasi negatif di-clamp ke 0 = Comply);0,00;Comply
202605;TREG 2;BEKASI KARAWANG;BEKASI;BEK;create;48,00;CustomerAssign;bima_customerassign_date tersedia (durasi negatif di-clamp ke 0 = Comply);0,00;Comply
202605;TREG 4;KALTIMTARA;BONTANG;BOT;migrate;24,00;CustomerAssign;bima_customerassign_date tersedia (durasi negatif di-clamp ke 0 = Comply);0,00;Comply
202605;TREG 2;BANTEN;PASAR BARU;CPD;migrate;24,00;CustomerAssign;bima_customerassign_date tersedia (durasi negatif di-clamp ke 0 = Comply);50,25;Not Comply
202605;TREG 4;KALTIMTARA;TARAKAN;TRK;migrate;24,00;CustomerAssign;bima_customerassign_date tersedia (durasi negatif di-clamp ke 0 = Comply);0,00;Comply
202605;TREG 2;JAKARTA OUTER;JAKSEL;KBY;migrate;24,00;CustomerAssign;bima_customerassign_date tersedia (durasi negatif di-clamp ke 0 = Comply);24,34;Not Comply
202605;TREG 2;BEKASI KARAWANG;BEKASI;KRA;create;48,00;CustomerAssign;bima_customerassign_date tersedia (durasi negatif di-clamp ke 0 = Comply);103,38;Not Comply
202605;TREG 4;KALSELTENG;BANJARMASIN;GMB;create;48,00;CustomerAssign;bima_customerassign_date tersedia (durasi negatif di-clamp ke 0 = Comply);31,61;Comply
202605;TREG 2;BANTEN;PASAR BARU;TAN;migrate;24,00;CustomerAssign;bima_customerassign_date tersedia (durasi negatif di-clamp ke 0 = Comply);7,89;Comply
202605;TREG 2;JAKARTA INNER;JAKBAR;MRY;create;48,00;CustomerAssign;bima_customerassign_date tersedia (durasi negatif di-clamp ke 0 = Comply);0,00;Comply
202605;TREG 2;JAKARTA OUTER;JAKSEL;KAL;migrate;24,00;CustomerAssign;bima_customerassign_date tersedia (durasi negatif di-clamp ke 0 = Comply);104,04;Not Comply
202605;TREG 2;BANTEN;LENGKONG;LGK;migrate;24,00;CustomerAssign;bima_customerassign_date tersedia (durasi negatif di-clamp ke 0 = Comply);6,09;Comply
202605;TREG 3;SURAMADU;SURABAYA UTARA;LKI;migrate;24,00;CustomerAssign;bima_customerassign_date tersedia (durasi negatif di-clamp ke 0 = Comply);0,00;Comply
202605;TREG 4;KALSELTENG;BANJARBARU;LUL;migrate;24,00;CustomerAssign;bima_customerassign_date tersedia (durasi negatif di-clamp ke 0 = Comply);3,12;Comply
202605;TREG 2;BANDUNG;SUMEDANG;UBR;migrate;24,00;CustomerAssign;bima_customerassign_date tersedia (durasi negatif di-clamp ke 0 = Comply);0,00;Comply
202605;TREG 2;BEKASI KARAWANG;KARAWANG;TLJ;migrate;24,00;CustomerAssign;bima_customerassign_date tersedia (durasi negatif di-clamp ke 0 = Comply);0,00;Comply
202605;TREG 2;BEKASI KARAWANG;BEKASI;KRA;create;48,00;CustomerAssign;bima_customerassign_date tersedia (durasi negatif di-clamp ke 0 = Comply);8,30;Comply
202605;TREG 4;KALTIMTARA;SAMARINDA;LMP;migrate;24,00;CustomerAssign;bima_customerassign_date tersedia (durasi negatif di-clamp ke 0 = Comply);0,00;Comply
202605;TREG 1;RIAU;RIKEP;SKN;create;48,00;CustomerAssign;bima_customerassign_date tersedia (durasi negatif di-clamp ke 0 = Comply);145,43;Not Comply
202605;TREG 2;BANTEN;CIPUTAT;CPA;migrate;24,00;CustomerAssign;bima_customerassign_date tersedia (durasi negatif di-clamp ke 0 = Comply);0,00;Comply
202605;TREG 2;JAKARTA INNER;JAKBAR;PLM;create;48,00;CustomerAssign;bima_customerassign_date tersedia (durasi negatif di-clamp ke 0 = Comply);56,55;Not Comply
202605;TREG 2;JAKARTA OUTER;JAKSEL;BIN;create;48,00;CustomerAssign;bima_customerassign_date tersedia (durasi negatif di-clamp ke 0 = Comply);1,58;Comply
202605;TREG 3;SURAMADU;SURABAYA SELATAN;GBG;migrate;24,00;CustomerAssign;bima_customerassign_date tersedia (durasi negatif di-clamp ke 0 = Comply);0,00;Comply
202605;TREG 4;KALSELTENG;PANGKALAN BUN;PBU;migrate;24,00;CustomerAssign;bima_customerassign_date tersedia (durasi negatif di-clamp ke 0 = Comply);126,78;Not Comply
202605;TREG 3;YOGYA JATENG SELATAN;PURWOKERTO;PWT;migrate;24,00;CustomerAssign;bima_customerassign_date tersedia (durasi negatif di-clamp ke 0 = Comply);148,14;Not Comply
202605;TREG 4;KALTIMTARA;SAMARINDA;TMD;migrate;24,00;CustomerAssign;bima_customerassign_date tersedia (durasi negatif di-clamp ke 0 = Comply);9,15;Comply
202605;TREG 2;BANDUNG;SOREANG;RCK;migrate;24,00;CustomerAssign;bima_customerassign_date tersedia (durasi negatif di-clamp ke 0 = Comply);4,27;Comply
202605;TREG 2;JAKARTA OUTER;JAKSEL;KAL;create;48,00;CustomerAssign;bima_customerassign_date tersedia (durasi negatif di-clamp ke 0 = Comply);2,29;Comply
202605;TREG 4;KALTIMTARA;BULUNGAN BERAU;TSL;create;48,00;CustomerAssign;bima_customerassign_date tersedia (durasi negatif di-clamp ke 0 = Comply);0,00;Comply
202605;TREG 2;BANTEN;CILEGON;CLG;migrate;24,00;CustomerAssign;bima_customerassign_date tersedia (durasi negatif di-clamp ke 0 = Comply);74,45;Not Comply
202605;TREG 1;SUMBAGSEL;LUBUK LINGGAU;LHT;migrate;24,00;CustomerAssign;bima_customerassign_date tersedia (durasi negatif di-clamp ke 0 = Comply);434,76;Not Comply
202605;TREG 2;JAKARTA OUTER;JAKTIM;KRG;create;48,00;CustomerAssign;bima_customerassign_date tersedia (durasi negatif di-clamp ke 0 = Comply);225,78;Not Comply
202605;TREG 3;YOGYA JATENG SELATAN;SLEMAN;GOD;migrate;24,00;CustomerAssign;bima_customerassign_date tersedia (durasi negatif di-clamp ke 0 = Comply);0,00;Comply
202605;TREG 2;PRIANGAN TIMUR;TASIKMALAYA;TSM;migrate;24,00;CustomerAssign;bima_customerassign_date tersedia (durasi negatif di-clamp ke 0 = Comply);4,94;Comply
202605;TREG 3;YOGYA JATENG SELATAN;SLEMAN;PKM;migrate;24,00;CustomerAssign;bima_customerassign_date tersedia (durasi negatif di-clamp ke 0 = Comply);0,00;Comply
202605;TREG 3;SURAMADU;SURABAYA SELATAN;MYR;migrate;24,00;CustomerAssign;bima_customerassign_date tersedia (durasi negatif di-clamp ke 0 = Comply);0,00;Comply
202605;TREG 2;JAKARTA CENTRUM;JAKPUS;CPP;migrate;24,00;CustomerAssign;bima_customerassign_date tersedia (durasi negatif di-clamp ke 0 = Comply);0,00;Comply
202605;TREG 4;KALTIMTARA;TARAKAN;TRK;create;48,00;CustomerAssign;bima_customerassign_date tersedia (durasi negatif di-clamp ke 0 = Comply);0,00;Comply
202605;TREG 2;BANDUNG;BANDUNG BARAT;CMI;migrate;24,00;CustomerAssign;bima_customerassign_date tersedia (durasi negatif di-clamp ke 0 = Comply);5,27;Comply
202605;TREG 1;RIAU;RIDAR;PBB;migrate;24,00;CustomerAssign;bima_customerassign_date tersedia (durasi negatif di-clamp ke 0 = Comply);0,00;Comply
202605;TREG 3;JATIM TIMUR;MOJOKERTO;MJS;migrate;24,00;CustomerAssign;bima_customerassign_date tersedia (durasi negatif di-clamp ke 0 = Comply);29,57;Not Comply
202605;TREG 3;SURAMADU;SURABAYA SELATAN;JGR;create;48,00;CustomerAssign;bima_customerassign_date tersedia (durasi negatif di-clamp ke 0 = Comply);3,67;Comply
202605;TREG 5;PAPUA;SENTANI;SNI;migrate;24,00;CustomerAssign;bima_customerassign_date tersedia (durasi negatif di-clamp ke 0 = Comply);51,69;Not Comply
202605;TREG 5;PAPUA;ABEPURA;ABE;migrate;24,00;CustomerAssign;bima_customerassign_date tersedia (durasi negatif di-clamp ke 0 = Comply);58,70;Not Comply
202605;TREG 2;JAKARTA INNER;JAKBAR;CKG;migrate;24,00;CustomerAssign;bima_customerassign_date tersedia (durasi negatif di-clamp ke 0 = Comply);10,94;Comply
202605;TREG 3;BALI;TABANAN;TBN;migrate;24,00;CustomerAssign;bima_customerassign_date tersedia (durasi negatif di-clamp ke 0 = Comply);0,00;Comply
202605;TREG 2;BEKASI KARAWANG;BEKASI;KLB;migrate;24,00;CustomerAssign;bima_customerassign_date tersedia (durasi negatif di-clamp ke 0 = Comply);0,00;Comply
202605;TREG 1;SUMBAR JAMBI;BUKIT TINGGI;BKT;migrate;24,00;CustomerAssign;bima_customerassign_date tersedia (durasi negatif di-clamp ke 0 = Comply);124,12;Not Comply
202605;TREG 2;JAKARTA OUTER;JAKTIM;PDK;migrate;24,00;CustomerAssign;bima_customerassign_date tersedia (durasi negatif di-clamp ke 0 = Comply);299,17;Not Comply
202605;TREG 2;BANTEN;CIPUTAT;CPA;migrate;24,00;CustomerAssign;bima_customerassign_date tersedia (durasi negatif di-clamp ke 0 = Comply);172,17;Not Comply
202605;TREG 3;JATIM BARAT;MALANG;KLJ;create;48,00;CustomerAssign;bima_customerassign_date tersedia (durasi negatif di-clamp ke 0 = Comply);0,00;Comply
202605;TREG 2;JAKARTA OUTER;JAKTIM;RMG;migrate;24,00;CustomerAssign;bima_customerassign_date tersedia (durasi negatif di-clamp ke 0 = Comply);6,31;Comply
202605;TREG 2;PRIANGAN BARAT;KUJANG;BOO;migrate;24,00;CustomerAssign;bima_customerassign_date tersedia (durasi negatif di-clamp ke 0 = Comply);6,42;Comply
202605;TREG 1;RIAU;RIKEP;BTC;migrate;24,00;CustomerAssign;bima_customerassign_date tersedia (durasi negatif di-clamp ke 0 = Comply);6,44;Comply
202605;TREG 2;JAKARTA OUTER;JAKTIM;PGG;migrate;24,00;CustomerAssign;bima_customerassign_date tersedia (durasi negatif di-clamp ke 0 = Comply);54,50;Not Comply
202605;TREG 2;BEKASI KARAWANG;BEKASI;PKY;migrate;24,00;CustomerAssign;bima_customerassign_date tersedia (durasi negatif di-clamp ke 0 = Comply);0,00;Comply
202605;TREG 2;BANTEN;CILEGON;CLG;migrate;24,00;CustomerAssign;bima_customerassign_date tersedia (durasi negatif di-clamp ke 0 = Comply);124,83;Not Comply
202605;TREG 2;JAKARTA OUTER;JAKSEL;JAG;migrate;24,00;CustomerAssign;bima_customerassign_date tersedia (durasi negatif di-clamp ke 0 = Comply);0,00;Comply
202605;TREG 2;JAKARTA INNER;JAKBAR;SLP;migrate;24,00;CustomerAssign;bima_customerassign_date tersedia (durasi negatif di-clamp ke 0 = Comply);0,00;Comply
202605;TREG 3;YOGYA JATENG SELATAN;PURWOKERTO;PWT;migrate;24,00;CustomerAssign;bima_customerassign_date tersedia (durasi negatif di-clamp ke 0 = Comply);0,00;Comply
202605;TREG 2;PRIANGAN BARAT;CIBINONG;CLS;create;48,00;CustomerAssign;bima_customerassign_date tersedia (durasi negatif di-clamp ke 0 = Comply);11,89;Comply
202605;TREG 1;RIAU;DUMAI;BAS;migrate;24,00;CustomerAssign;bima_customerassign_date tersedia (durasi negatif di-clamp ke 0 = Comply);0,00;Comply
202605;TREG 1;SUMBAR JAMBI;SUMBAR;KJI;create;48,00;CustomerAssign;bima_customerassign_date tersedia (durasi negatif di-clamp ke 0 = Comply);5,16;Comply
202605;TREG 2;BEKASI KARAWANG;CIKARANG;SMH;create;48,00;CustomerAssign;bima_customerassign_date tersedia (durasi negatif di-clamp ke 0 = Comply);5,28;Comply
202605;TREG 2;JAKARTA OUTER;JAKTIM;GAN;migrate;24,00;CustomerAssign;bima_customerassign_date tersedia (durasi negatif di-clamp ke 0 = Comply);5,41;Comply
202605;TREG 1;RIAU;RIDAR;PBB;migrate;24,00;CustomerAssign;bima_customerassign_date tersedia (durasi negatif di-clamp ke 0 = Comply);103,67;Not Comply
202605;TREG 1;SUMUT;BINJAI;BJI;migrate;24,00;CustomerAssign;bima_customerassign_date tersedia (durasi negatif di-clamp ke 0 = Comply);29,81;Not Comply
202605;TREG 5;SULBAGSEL;SITOR;RTP;migrate;24,00;CustomerAssign;bima_customerassign_date tersedia (durasi negatif di-clamp ke 0 = Comply);0,00;Comply
202605;TREG 2;BEKASI KARAWANG;PURWAKARTA;CKP;migrate;24,00;CustomerAssign;bima_customerassign_date tersedia (durasi negatif di-clamp ke 0 = Comply);0,00;Comply
202605;TREG 1;SUMUT;LUBUK PAKAM;PER;migrate;24,00;CustomerAssign;bima_customerassign_date tersedia (durasi negatif di-clamp ke 0 = Comply);366,16;Not Comply
202605;TREG 3;JATIM BARAT;TUBAN;TNZ;migrate;24,00;CustomerAssign;bima_customerassign_date tersedia (durasi negatif di-clamp ke 0 = Comply);0,00;Comply
202605;TREG 2;BANTEN;PASAR BARU;TAN;create;48,00;CustomerAssign;bima_customerassign_date tersedia (durasi negatif di-clamp ke 0 = Comply);0,00;Comply
202605;TREG 2;BEKASI KARAWANG;CIKARANG;BGG;migrate;24,00;CustomerAssign;bima_customerassign_date tersedia (durasi negatif di-clamp ke 0 = Comply);13,70;Comply
202605;TREG 5;SUMALUT;AMBON;PAO;migrate;24,00;CustomerAssign;bima_customerassign_date tersedia (durasi negatif di-clamp ke 0 = Comply);0,00;Comply
202605;TREG 5;SUMALUT;AMBON;ABO;migrate;24,00;CustomerAssign;bima_customerassign_date tersedia (durasi negatif di-clamp ke 0 = Comply);0,00;Comply
202605;TREG 2;BEKASI KARAWANG;SUBANG;SUB;migrate;24,00;CustomerAssign;bima_customerassign_date tersedia (durasi negatif di-clamp ke 0 = Comply);0,00;Comply
202605;TREG 4;KALSELTENG;BATULICIN;STI;migrate;24,00;CustomerAssign;bima_customerassign_date tersedia (durasi negatif di-clamp ke 0 = Comply);0,00;Comply
202605;TREG 4;KALSELTENG;PANGKALAN BUN;PBU;migrate;24,00;CustomerAssign;bima_customerassign_date tersedia (durasi negatif di-clamp ke 0 = Comply);0,00;Comply
202605;TREG 5;SUMALUT;AMBON;ABO;migrate;24,00;CustomerAssign;bima_customerassign_date tersedia (durasi negatif di-clamp ke 0 = Comply);0,00;Comply
202605;TREG 1;SUMBAGSEL;BABEL;PGP;migrate;24,00;CustomerAssign;bima_customerassign_date tersedia (durasi negatif di-clamp ke 0 = Comply);65,69;Not Comply
202605;TREG 5;SULBAGSEL;MAROS;SUD;create;48,00;CustomerAssign;bima_customerassign_date tersedia (durasi negatif di-clamp ke 0 = Comply);329,74;Not Comply
202605;TREG 1;LAMPUNG BENGKULU;METRO;BDA;migrate;24,00;CustomerAssign;bima_customerassign_date tersedia (durasi negatif di-clamp ke 0 = Comply);264,82;Not Comply
202605;TREG 1;SUMUT;RANTAU PRAPAT;KPI;migrate;24,00;CustomerAssign;bima_customerassign_date tersedia (durasi negatif di-clamp ke 0 = Comply);18,52;Comply
202605;TREG 4;KALSELTENG;BATULICIN;PLE;create;48,00;CustomerAssign;bima_customerassign_date tersedia (durasi negatif di-clamp ke 0 = Comply);0,00;Comply
202605;TREG 1;SUMUT;KISARAN;TJB;migrate;24,00;CustomerAssign;bima_customerassign_date tersedia (durasi negatif di-clamp ke 0 = Comply);40,76;Not Comply
202605;TREG 1;RIAU;RIKEP;BTC;create;48,00;CustomerAssign;bima_customerassign_date tersedia (durasi negatif di-clamp ke 0 = Comply);25,77;Comply
202605;TREG 2;JAKARTA CENTRUM;JAKPUS;CPP;migrate;24,00;CustomerAssign;bima_customerassign_date tersedia (durasi negatif di-clamp ke 0 = Comply);121,89;Not Comply
202605;TREG 3;SOLO JATENG TIMUR;SOLO;KRT;migrate;24,00;CustomerAssign;bima_customerassign_date tersedia (durasi negatif di-clamp ke 0 = Comply);0,00;Comply
202605;TREG 3;SEMARANG JATENG UTARA;SEMARANG;SMT;migrate;24,00;CustomerAssign;bima_customerassign_date tersedia (durasi negatif di-clamp ke 0 = Comply);0,00;Comply
202605;TREG 2;JAKARTA OUTER;JAKSEL;CPE;create;48,00;CustomerAssign;bima_customerassign_date tersedia (durasi negatif di-clamp ke 0 = Comply);0,00;Comply
202605;TREG 1;SUMUT;MEDAN;SPM;migrate;24,00;CustomerAssign;bima_customerassign_date tersedia (durasi negatif di-clamp ke 0 = Comply);3,92;Comply
202605;TREG 2;PRIANGAN TIMUR;MAJALENGKA;JTW;migrate;24,00;CustomerAssign;bima_customerassign_date tersedia (durasi negatif di-clamp ke 0 = Comply);3,96;Comply
202605;TREG 3;JATIM BARAT;BATU;BTU;create;48,00;CustomerAssign;bima_customerassign_date tersedia (durasi negatif di-clamp ke 0 = Comply);47,02;Comply
202605;TREG 3;YOGYA JATENG SELATAN;PURWOKERTO;PWT;migrate;24,00;CustomerAssign;bima_customerassign_date tersedia (durasi negatif di-clamp ke 0 = Comply);0,00;Comply
202605;TREG 2;JAKARTA OUTER;JAKTIM;KRG;create;48,00;CustomerAssign;bima_customerassign_date tersedia (durasi negatif di-clamp ke 0 = Comply);23,04;Comply
202605;TREG 3;YOGYA JATENG SELATAN;BANTUL;BTL;create;48,00;CustomerAssign;bima_customerassign_date tersedia (durasi negatif di-clamp ke 0 = Comply);0,00;Comply
202605;TREG 3;YOGYA JATENG SELATAN;PURWOKERTO;PWT;migrate;24,00;CustomerAssign;bima_customerassign_date tersedia (durasi negatif di-clamp ke 0 = Comply);0,00;Comply
202605;TREG 4;KALSELTENG;TANJUNG TABALONG;TJL;migrate;24,00;CustomerAssign;bima_customerassign_date tersedia (durasi negatif di-clamp ke 0 = Comply);0,00;Comply
202605;TREG 4;KALSELTENG;BANJARMASIN;ULI;create;48,00;CustomerAssign;bima_customerassign_date tersedia (durasi negatif di-clamp ke 0 = Comply);0,00;Comply
202605;TREG 2;BANDUNG;SOREANG;RCK;create;48,00;CustomerAssign;bima_customerassign_date tersedia (durasi negatif di-clamp ke 0 = Comply);95,42;Not Comply
202605;TREG 3;BALI;DENPASAR CENTRUM;SWI;migrate;24,00;CustomerAssign;bima_customerassign_date tersedia (durasi negatif di-clamp ke 0 = Comply);0,00;Comply
202605;TREG 3;SEMARANG JATENG UTARA;SEMARANG;MJP;migrate;24,00;CustomerAssign;bima_customerassign_date tersedia (durasi negatif di-clamp ke 0 = Comply);0,00;Comply
202605;TREG 4;KALSELTENG;TANJUNG TABALONG;TJL;migrate;24,00;CustomerAssign;bima_customerassign_date tersedia (durasi negatif di-clamp ke 0 = Comply);0,00;Comply
202605;TREG 2;JAKARTA OUTER;JAKTIM;KRG;migrate;24,00;CustomerAssign;bima_customerassign_date tersedia (durasi negatif di-clamp ke 0 = Comply);29,00;Not Comply
202605;TREG 3;SURAMADU;SURABAYA SELATAN;JGR;create;48,00;CustomerAssign;bima_customerassign_date tersedia (durasi negatif di-clamp ke 0 = Comply);24,08;Comply
202605;TREG 3;JATIM TIMUR;PASURUAN;PSN;migrate;24,00;CustomerAssign;bima_customerassign_date tersedia (durasi negatif di-clamp ke 0 = Comply);5,12;Comply
202605;TREG 4;KALTIMTARA;BONTANG;STT;create;48,00;CustomerAssign;bima_customerassign_date tersedia (durasi negatif di-clamp ke 0 = Comply);48,22;Not Comply
202605;TREG 4;KALSELTENG;SAMPIT;KPB;migrate;24,00;CustomerAssign;bima_customerassign_date tersedia (durasi negatif di-clamp ke 0 = Comply);0,00;Comply
202605;TREG 2;BANTEN;RANGKAS-PANDEGLANG;RKS;migrate;24,00;CustomerAssign;bima_customerassign_date tersedia (durasi negatif di-clamp ke 0 = Comply);0,00;Comply
202605;TREG 2;JAKARTA OUTER;JAKTIM;CWA;migrate;24,00;CustomerAssign;bima_customerassign_date tersedia (durasi negatif di-clamp ke 0 = Comply);5,54;Comply
202605;TREG 4;KALTIMTARA;SAMARINDA;SEM;migrate;24,00;CustomerAssign;bima_customerassign_date tersedia (durasi negatif di-clamp ke 0 = Comply);101,60;Not Comply
202605;TREG 2;BANTEN;PASAR BARU;TAN;migrate;24,00;CustomerAssign;bima_customerassign_date tersedia (durasi negatif di-clamp ke 0 = Comply);29,68;Not Comply
202605;TREG 3;SEMARANG JATENG UTARA;SEMARANG;MJP;migrate;24,00;CustomerAssign;bima_customerassign_date tersedia (durasi negatif di-clamp ke 0 = Comply);0,00;Comply
202605;TREG 3;SEMARANG JATENG UTARA;UNGARAN;UNR;migrate;24,00;CustomerAssign;bima_customerassign_date tersedia (durasi negatif di-clamp ke 0 = Comply);0,00;Comply
202605;TREG 2;JAKARTA CENTRUM;JAKUT;CIL;create;48,00;CustomerAssign;bima_customerassign_date tersedia (durasi negatif di-clamp ke 0 = Comply);5,80;Comply
202605;TREG 3;SURAMADU;SURABAYA UTARA;KRP;migrate;24,00;CustomerAssign;bima_customerassign_date tersedia (durasi negatif di-clamp ke 0 = Comply);29,80;Not Comply
202605;TREG 3;YOGYA JATENG SELATAN;PURWOKERTO;PWT;migrate;24,00;CustomerAssign;bima_customerassign_date tersedia (durasi negatif di-clamp ke 0 = Comply);0,00;Comply
202605;TREG 1;SUMBAR JAMBI;BUKIT TINGGI;BSO;migrate;24,00;CustomerAssign;bima_customerassign_date tersedia (durasi negatif di-clamp ke 0 = Comply);0,00;Comply
202605;TREG 3;JATIM TIMUR;PANDAAN;PGE;migrate;24,00;CustomerAssign;bima_customerassign_date tersedia (durasi negatif di-clamp ke 0 = Comply);1,01;Comply
202605;TREG 4;KALTIMTARA;SAMARINDA;SMR;create;48,00;CustomerAssign;bima_customerassign_date tersedia (durasi negatif di-clamp ke 0 = Comply);0,00;Comply
202605;TREG 3;SOLO JATENG TIMUR;SRAGEN;KAR;migrate;24,00;CustomerAssign;bima_customerassign_date tersedia (durasi negatif di-clamp ke 0 = Comply);49,12;Not Comply
202605;TREG 3;JATIM TIMUR;SIDOARJO;SDA;create;48,00;CustomerAssign;bima_customerassign_date tersedia (durasi negatif di-clamp ke 0 = Comply);0,00;Comply
202605;TREG 1;RIAU;RIKEP;BTC;migrate;24,00;CustomerAssign;bima_customerassign_date tersedia (durasi negatif di-clamp ke 0 = Comply);6,21;Comply
202605;TREG 2;BANDUNG;BANDUNG BARAT;RJW;migrate;24,00;CustomerAssign;bima_customerassign_date tersedia (durasi negatif di-clamp ke 0 = Comply);30,25;Not Comply
202605;TREG 3;YOGYA JATENG SELATAN;YOGYAKARTA;KEN;migrate;24,00;CustomerAssign;bima_customerassign_date tersedia (durasi negatif di-clamp ke 0 = Comply);47,30;Not Comply
202605;TREG 3;YOGYA JATENG SELATAN;CILACAP;GML;migrate;24,00;CustomerAssign;bima_customerassign_date tersedia (durasi negatif di-clamp ke 0 = Comply);214,37;Not Comply
202605;TREG 3;JATIM BARAT;MALANG;SWJ;create;48,00;CustomerAssign;bima_customerassign_date tersedia (durasi negatif di-clamp ke 0 = Comply);49,45;Not Comply
202605;TREG 3;YOGYA JATENG SELATAN;YOGYAKARTA;PGR;create;48,00;CustomerAssign;bima_customerassign_date tersedia (durasi negatif di-clamp ke 0 = Comply);20,47;Comply
202605;TREG 2;BANTEN;PASAR BARU;CKL;create;48,00;CustomerAssign;bima_customerassign_date tersedia (durasi negatif di-clamp ke 0 = Comply);78,59;Not Comply
202605;TREG 2;BANTEN;PASAR BARU;TAN;create;48,00;CustomerAssign;bima_customerassign_date tersedia (durasi negatif di-clamp ke 0 = Comply);30,60;Comply
202605;TREG 3;YOGYA JATENG SELATAN;YOGYAKARTA;KBU;create;48,00;CustomerAssign;bima_customerassign_date tersedia (durasi negatif di-clamp ke 0 = Comply);0,00;Comply
202605;TREG 4;KALBAR;MEMPAWAH;MPW;migrate;24,00;CustomerAssign;bima_customerassign_date tersedia (durasi negatif di-clamp ke 0 = Comply);169,79;Not Comply
202605;TREG 2;PRIANGAN BARAT;CIBINONG;CBI;migrate;24,00;CustomerAssign;bima_customerassign_date tersedia (durasi negatif di-clamp ke 0 = Comply);193,80;Not Comply
202605;TREG 2;BANDUNG;PADALARANG;LEM;migrate;24,00;CustomerAssign;bima_customerassign_date tersedia (durasi negatif di-clamp ke 0 = Comply);1,84;Comply
202605;TREG 1;LAMPUNG BENGKULU;BENGKULU;BNC;migrate;24,00;CustomerAssign;bima_customerassign_date tersedia (durasi negatif di-clamp ke 0 = Comply);145,88;Not Comply
202605;TREG 1;ACEH;MEULABOH;TTN;migrate;24,00;CustomerAssign;bima_customerassign_date tersedia (durasi negatif di-clamp ke 0 = Comply);1,98;Comply
202605;TREG 1;LAMPUNG BENGKULU;BENGKULU;MNA;migrate;24,00;CustomerAssign;bima_customerassign_date tersedia (durasi negatif di-clamp ke 0 = Comply);192,03;Not Comply
202605;TREG 5;PAPUA;ABEPURA;ABE;migrate;24,00;CustomerAssign;bima_customerassign_date tersedia (durasi negatif di-clamp ke 0 = Comply);55,04;Not Comply
202605;TREG 1;ACEH;ACEH;BNA;create;48,00;CustomerAssign;bima_customerassign_date tersedia (durasi negatif di-clamp ke 0 = Comply);79,10;Not Comply
202605;TREG 2;BEKASI KARAWANG;BEKASI;PDE;migrate;24,00;CustomerAssign;bima_customerassign_date tersedia (durasi negatif di-clamp ke 0 = Comply);7,10;Comply
202605;TREG 3;YOGYA JATENG SELATAN;YOGYAKARTA;KEN;migrate;24,00;CustomerAssign;bima_customerassign_date tersedia (durasi negatif di-clamp ke 0 = Comply);24,19;Not Comply
202605;TREG 2;PRIANGAN BARAT;SUKABUMI;SKB;create;48,00;CustomerAssign;bima_customerassign_date tersedia (durasi negatif di-clamp ke 0 = Comply);31,20;Comply
202605;TREG 3;SEMARANG JATENG UTARA;SEMARANG;JHR;create;48,00;CustomerAssign;bima_customerassign_date tersedia (durasi negatif di-clamp ke 0 = Comply);0,00;Comply
202605;TREG 2;BANDUNG;PADALARANG;CSA;migrate;24,00;CustomerAssign;bima_customerassign_date tersedia (durasi negatif di-clamp ke 0 = Comply);26,23;Not Comply
202605;TREG 1;SUMUT;MEDAN;PDB;migrate;24,00;CustomerAssign;bima_customerassign_date tersedia (durasi negatif di-clamp ke 0 = Comply);127,25;Not Comply
202605;TREG 2;JAKARTA INNER;JAKBAR;MRY;migrate;24,00;CustomerAssign;bima_customerassign_date tersedia (durasi negatif di-clamp ke 0 = Comply);0,00;Comply
202605;TREG 2;JAKARTA OUTER;JAKTIM;GAN;migrate;24,00;CustomerAssign;bima_customerassign_date tersedia (durasi negatif di-clamp ke 0 = Comply);7,32;Comply
202605;TREG 2;BANTEN;PASAR BARU;GDS;create;48,00;CustomerAssign;bima_customerassign_date tersedia (durasi negatif di-clamp ke 0 = Comply);7,34;Comply
202605;TREG 2;JAKARTA CENTRUM;JAKUT;MKR;migrate;24,00;CustomerAssign;bima_customerassign_date tersedia (durasi negatif di-clamp ke 0 = Comply);2,47;Comply
202605;TREG 3;YOGYA JATENG SELATAN;PURWOKERTO;PWT;migrate;24,00;CustomerAssign;bima_customerassign_date tersedia (durasi negatif di-clamp ke 0 = Comply);0,00;Comply
202605;TREG 1;RIAU;TANJUNGBALAI KARIMUN;TBK;migrate;24,00;CustomerAssign;bima_customerassign_date tersedia (durasi negatif di-clamp ke 0 = Comply);0,00;Comply
202605;TREG 3;SURAMADU;SURABAYA UTARA;KRP;migrate;24,00;CustomerAssign;bima_customerassign_date tersedia (durasi negatif di-clamp ke 0 = Comply);218,81;Not Comply
202605;TREG 2;PRIANGAN BARAT;CIBINONG;CBI;migrate;24,00;CustomerAssign;bima_customerassign_date tersedia (durasi negatif di-clamp ke 0 = Comply);2,83;Comply
202605;TREG 2;JAKARTA CENTRUM;JAKUT;PDM;create;48,00;CustomerAssign;bima_customerassign_date tersedia (durasi negatif di-clamp ke 0 = Comply);7,85;Comply
202605;TREG 3;YOGYA JATENG SELATAN;PURWOKERTO;BYM;create;48,00;CustomerAssign;bima_customerassign_date tersedia (durasi negatif di-clamp ke 0 = Comply);50,87;Not Comply
202605;TREG 4;KALTIMTARA;MELAK;SBR;migrate;24,00;CustomerAssign;bima_customerassign_date tersedia (durasi negatif di-clamp ke 0 = Comply);0,00;Comply
202605;TREG 4;KALSELTENG;BATULICIN;STI;migrate;24,00;CustomerAssign;bima_customerassign_date tersedia (durasi negatif di-clamp ke 0 = Comply);0,00;Comply
202605;TREG 4;KALTIMTARA;BONTANG;BOT;migrate;24,00;CustomerAssign;bima_customerassign_date tersedia (durasi negatif di-clamp ke 0 = Comply);0,00;Comply
202605;TREG 1;RIAU;DUMAI;DUM;migrate;24,00;CustomerAssign;bima_customerassign_date tersedia (durasi negatif di-clamp ke 0 = Comply);2,97;Comply
202605;TREG 2;BEKASI KARAWANG;KARAWANG;KRW;create;48,00;CustomerAssign;bima_customerassign_date tersedia (durasi negatif di-clamp ke 0 = Comply);49,00;Not Comply
202605;TREG 3;YOGYA JATENG SELATAN;YOGYAKARTA;KEN;create;48,00;CustomerAssign;bima_customerassign_date tersedia (durasi negatif di-clamp ke 0 = Comply);0,00;Comply
202605;TREG 3;YOGYA JATENG SELATAN;TEMANGGUNG;TEM;migrate;24,00;CustomerAssign;bima_customerassign_date tersedia (durasi negatif di-clamp ke 0 = Comply);0,00;Comply
202605;TREG 4;KALSELTENG;PANGKALAN BUN;PBU;migrate;24,00;CustomerAssign;bima_customerassign_date tersedia (durasi negatif di-clamp ke 0 = Comply);0,00;Comply
202605;TREG 3;BALI;DENPASAR SELATAN;JBR;migrate;24,00;CustomerAssign;bima_customerassign_date tersedia (durasi negatif di-clamp ke 0 = Comply);27,17;Not Comply
202605;TREG 2;BANTEN;CIPUTAT;CPA;migrate;24,00;CustomerAssign;bima_customerassign_date tersedia (durasi negatif di-clamp ke 0 = Comply);0,00;Comply
202605;TREG 2;BANDUNG;BANDUNG;BDK;create;48,00;CustomerAssign;bima_customerassign_date tersedia (durasi negatif di-clamp ke 0 = Comply);3,28;Comply
202605;TREG 4;KALTIMTARA;TARAKAN;TRK;create;48,00;CustomerAssign;bima_customerassign_date tersedia (durasi negatif di-clamp ke 0 = Comply);73,29;Not Comply
202605;TREG 3;JATIM TIMUR;SIDOARJO;SDA;migrate;24,00;CustomerAssign;bima_customerassign_date tersedia (durasi negatif di-clamp ke 0 = Comply);0,00;Comply
202605;TREG 1;SUMBAR JAMBI;MUARA BUNGO;BKO;create;48,00;CustomerAssign;bima_customerassign_date tersedia (durasi negatif di-clamp ke 0 = Comply);32,33;Comply
202605;TREG 2;JAKARTA INNER;JAKBAR;MRY;migrate;24,00;CustomerAssign;bima_customerassign_date tersedia (durasi negatif di-clamp ke 0 = Comply);25,37;Not Comply
202605;TREG 3;BALI;GIANYAR;APR;migrate;24,00;CustomerAssign;bima_customerassign_date tersedia (durasi negatif di-clamp ke 0 = Comply);56,37;Not Comply
202605;TREG 2;BANDUNG;SUMEDANG;UBR;create;48,00;CustomerAssign;bima_customerassign_date tersedia (durasi negatif di-clamp ke 0 = Comply);0,00;Comply
202605;TREG 3;YOGYA JATENG SELATAN;YOGYAKARTA;KGD;migrate;24,00;CustomerAssign;bima_customerassign_date tersedia (durasi negatif di-clamp ke 0 = Comply);47,42;Not Comply
202605;TREG 4;BALIKPAPAN;TANAHGROGOT;TNG;migrate;24,00;CustomerAssign;bima_customerassign_date tersedia (durasi negatif di-clamp ke 0 = Comply);0,00;Comply
202605;TREG 4;KALTIMTARA;BULUNGAN BERAU;TRD;migrate;24,00;CustomerAssign;bima_customerassign_date tersedia (durasi negatif di-clamp ke 0 = Comply);0,00;Comply
202605;TREG 4;BALIKPAPAN;BALIKPAPAN;BRU;migrate;24,00;CustomerAssign;bima_customerassign_date tersedia (durasi negatif di-clamp ke 0 = Comply);0,00;Comply
202605;TREG 4;KALTIMTARA;SAMARINDA;SMR;migrate;24,00;CustomerAssign;bima_customerassign_date tersedia (durasi negatif di-clamp ke 0 = Comply);0,00;Comply
202605;TREG 2;JAKARTA OUTER;JAKSEL;PSM;migrate;24,00;CustomerAssign;bima_customerassign_date tersedia (durasi negatif di-clamp ke 0 = Comply);0,00;Comply
202605;TREG 5;SULBAGSEL;MAROS;PKN;create;48,00;CustomerAssign;bima_customerassign_date tersedia (durasi negatif di-clamp ke 0 = Comply);0,00;Comply
202605;TREG 3;SURAMADU;SURABAYA UTARA;LKI;create;48,00;CustomerAssign;bima_customerassign_date tersedia (durasi negatif di-clamp ke 0 = Comply);97,72;Not Comply
202605;TREG 1;SUMUT;MEDAN;PDB;migrate;24,00;CustomerAssign;bima_customerassign_date tersedia (durasi negatif di-clamp ke 0 = Comply);3,74;Comply
202605;TREG 4;KALSELTENG;PANGKALAN BUN;PBU;migrate;24,00;CustomerAssign;bima_customerassign_date tersedia (durasi negatif di-clamp ke 0 = Comply);152,79;Not Comply
202605;TREG 1;RIAU;RIDAR;PBB;migrate;24,00;CustomerAssign;bima_customerassign_date tersedia (durasi negatif di-clamp ke 0 = Comply);0,00;Comply
202605;TREG 3;BALI;DENPASAR UTARA;UBN;migrate;24,00;CustomerAssign;bima_customerassign_date tersedia (durasi negatif di-clamp ke 0 = Comply);8,99;Comply
202605;TREG 2;JAKARTA CENTRUM;JAKPUS;GBC;migrate;24,00;CustomerAssign;bima_customerassign_date tersedia (durasi negatif di-clamp ke 0 = Comply);2,09;Comply
202605;TREG 1;SUMUT;MEDAN;TMU;create;48,00;CustomerAssign;bima_customerassign_date tersedia (durasi negatif di-clamp ke 0 = Comply);4,11;Comply
202605;TREG 1;RIAU;BANGKINANG;PKR;migrate;24,00;CustomerAssign;bima_customerassign_date tersedia (durasi negatif di-clamp ke 0 = Comply);0,00;Comply
202605;TREG 4;KALTIMTARA;TARAKAN;TRK;migrate;24,00;CustomerAssign;bima_customerassign_date tersedia (durasi negatif di-clamp ke 0 = Comply);0,00;Comply
202605;TREG 2;BEKASI KARAWANG;CIKARANG;JBB;create;48,00;CustomerAssign;bima_customerassign_date tersedia (durasi negatif di-clamp ke 0 = Comply);4,23;Comply
202605;TREG 3;SOLO JATENG TIMUR;SOLO;KRT;migrate;24,00;CustomerAssign;bima_customerassign_date tersedia (durasi negatif di-clamp ke 0 = Comply);0,00;Comply
202605;TREG 2;BEKASI KARAWANG;BEKASI;PKY;create;48,00;CustomerAssign;bima_customerassign_date tersedia (durasi negatif di-clamp ke 0 = Comply);0,00;Comply
202605;TREG 1;SUMUT;MEDAN;DLT;create;48,00;CustomerAssign;bima_customerassign_date tersedia (durasi negatif di-clamp ke 0 = Comply);28,46;Comply
202605;TREG 3;JATIM TIMUR;SIDOARJO;SPJ;create;48,00;CustomerAssign;bima_customerassign_date tersedia (durasi negatif di-clamp ke 0 = Comply);2,48;Comply
202605;TREG 1;LAMPUNG BENGKULU;LAMPUNG;KDT;migrate;24,00;CustomerAssign;bima_customerassign_date tersedia (durasi negatif di-clamp ke 0 = Comply);0,00;Comply
202605;TREG 5;SUMALUT;BITUNG;BIT;migrate;24,00;CustomerAssign;bima_customerassign_date tersedia (durasi negatif di-clamp ke 0 = Comply);0,00;Comply
202605;TREG 4;KALTIMTARA;SAMARINDA;LMP;create;48,00;CustomerAssign;bima_customerassign_date tersedia (durasi negatif di-clamp ke 0 = Comply);0,00;Comply
202605;TREG 4;KALSELTENG;PALANGKARAYA;KSO;migrate;24,00;CustomerAssign;bima_customerassign_date tersedia (durasi negatif di-clamp ke 0 = Comply);105,54;Not Comply
202605;TREG 4;KALTIMTARA;MELAK;TGG;migrate;24,00;CustomerAssign;bima_customerassign_date tersedia (durasi negatif di-clamp ke 0 = Comply);26,63;Not Comply
202605;TREG 2;PRIANGAN BARAT;DEPOK;PCM;migrate;24,00;CustomerAssign;bima_customerassign_date tersedia (durasi negatif di-clamp ke 0 = Comply);0,00;Comply
202605;TREG 4;BALIKPAPAN;BALIKPAPAN;BRU;migrate;24,00;CustomerAssign;bima_customerassign_date tersedia (durasi negatif di-clamp ke 0 = Comply);0,00;Comply
202605;TREG 4;BALIKPAPAN;TANAHGROGOT;TNG;migrate;24,00;CustomerAssign;bima_customerassign_date tersedia (durasi negatif di-clamp ke 0 = Comply);0,00;Comply
202605;TREG 2;BANTEN;CIPUTAT;CPA;create;48,00;CustomerAssign;bima_customerassign_date tersedia (durasi negatif di-clamp ke 0 = Comply);0,00;Comply
202605;TREG 4;KALTIMTARA;BONTANG;BOT;migrate;24,00;CustomerAssign;bima_customerassign_date tersedia (durasi negatif di-clamp ke 0 = Comply);0,00;Comply
202605;TREG 4;BALIKPAPAN;BALIKPAPAN;KTB;migrate;24,00;CustomerAssign;bima_customerassign_date tersedia (durasi negatif di-clamp ke 0 = Comply);50,80;Not Comply
202605;TREG 4;KALSELTENG;BANJARMASIN;KYG;create;48,00;CustomerAssign;bima_customerassign_date tersedia (durasi negatif di-clamp ke 0 = Comply);0,00;Comply
202605;TREG 2;BANDUNG;SUMEDANG;CJA;create;48,00;CustomerAssign;bima_customerassign_date tersedia (durasi negatif di-clamp ke 0 = Comply);2,85;Comply
202605;TREG 4;KALSELTENG;BATULICIN;BLC;migrate;24,00;CustomerAssign;bima_customerassign_date tersedia (durasi negatif di-clamp ke 0 = Comply);9,96;Comply
202605;TREG 2;JAKARTA CENTRUM;JAKUT;MRD;create;48,00;CustomerAssign;bima_customerassign_date tersedia (durasi negatif di-clamp ke 0 = Comply);0,00;Comply
202605;TREG 3;SURAMADU;MADURA;PME;migrate;24,00;CustomerAssign;bima_customerassign_date tersedia (durasi negatif di-clamp ke 0 = Comply);4,13;Comply
202605;TREG 4;BALIKPAPAN;TANAHGROGOT;TNG;migrate;24,00;CustomerAssign;bima_customerassign_date tersedia (durasi negatif di-clamp ke 0 = Comply);0,00;Comply
202605;TREG 3;SURAMADU;SURABAYA SELATAN;TPO;migrate;24,00;CustomerAssign;bima_customerassign_date tersedia (durasi negatif di-clamp ke 0 = Comply);0,00;Comply
202605;TREG 2;JAKARTA OUTER;JAKTIM;PGG;create;48,00;CustomerAssign;bima_customerassign_date tersedia (durasi negatif di-clamp ke 0 = Comply);29,39;Comply
202605;TREG 2;BEKASI KARAWANG;CIKARANG;BGG;migrate;24,00;CustomerAssign;bima_customerassign_date tersedia (durasi negatif di-clamp ke 0 = Comply);5,52;Comply
202605;TREG 4;BALIKPAPAN;BALIKPAPAN;BRU;create;48,00;CustomerAssign;bima_customerassign_date tersedia (durasi negatif di-clamp ke 0 = Comply);58,55;Not Comply
202605;TREG 2;PRIANGAN TIMUR;BANJAR;PAX;migrate;24,00;CustomerAssign;bima_customerassign_date tersedia (durasi negatif di-clamp ke 0 = Comply);5,59;Comply
202605;TREG 5;SULBAGSEL;MAKASSAR;BAL;migrate;24,00;PI;bima_customerassign_date kosong → pakai orca_pi_date (durasi negatif di-clamp ke 0 = Comply);2.381,91;Not Comply
202605;TREG 3;SURAMADU;SURABAYA SELATAN;JGR;create;48,00;CustomerAssign;bima_customerassign_date tersedia (durasi negatif di-clamp ke 0 = Comply);5,61;Comply
202605;TREG 3;SEMARANG JATENG UTARA;SEMARANG;MJP;migrate;24,00;CustomerAssign;bima_customerassign_date tersedia (durasi negatif di-clamp ke 0 = Comply);0,00;Comply
202605;TREG 2;BANDUNG;BANDUNG BARAT;CMI;migrate;24,00;CustomerAssign;bima_customerassign_date tersedia (durasi negatif di-clamp ke 0 = Comply);10,65;Comply
202605;TREG 3;YOGYA JATENG SELATAN;YOGYAKARTA;KGD;migrate;24,00;CustomerAssign;bima_customerassign_date tersedia (durasi negatif di-clamp ke 0 = Comply);0,00;Comply
202605;TREG 2;BANDUNG;BANDUNG;BDK;migrate;24,00;CustomerAssign;bima_customerassign_date tersedia (durasi negatif di-clamp ke 0 = Comply);10,74;Comply
202605;TREG 3;JATIM BARAT;MALANG;SGS;create;48,00;CustomerAssign;bima_customerassign_date tersedia (durasi negatif di-clamp ke 0 = Comply);0,00;Comply
202605;TREG 4;KALSELTENG;BANJARBARU;BBR;migrate;24,00;CustomerAssign;bima_customerassign_date tersedia (durasi negatif di-clamp ke 0 = Comply);0,00;Comply
202605;TREG 3;BALI;DENPASAR CENTRUM;SAU;migrate;24,00;CustomerAssign;bima_customerassign_date tersedia (durasi negatif di-clamp ke 0 = Comply);0,00;Comply
202605;TREG 4;KALTIMTARA;BULUNGAN BERAU;TSL;migrate;24,00;CustomerAssign;bima_customerassign_date tersedia (durasi negatif di-clamp ke 0 = Comply);0,00;Comply
202605;TREG 2;BANTEN;BANTEN;SEG;migrate;24,00;CustomerAssign;bima_customerassign_date tersedia (durasi negatif di-clamp ke 0 = Comply);514,97;Not Comply
202605;TREG 4;BALIKPAPAN;TANAHGROGOT;MJW;migrate;24,00;CustomerAssign;bima_customerassign_date tersedia (durasi negatif di-clamp ke 0 = Comply);154,99;Not Comply
202605;TREG 4;BALIKPAPAN;BALIKPAPAN;GSA;migrate;24,00;CustomerAssign;bima_customerassign_date tersedia (durasi negatif di-clamp ke 0 = Comply);4,11;Comply
202605;TREG 2;BANDUNG;BANDUNG BARAT;CMI;migrate;24,00;CustomerAssign;bima_customerassign_date tersedia (durasi negatif di-clamp ke 0 = Comply);6,14;Comply
202605;TREG 2;JAKARTA OUTER;JAKSEL;TBE;migrate;24,00;CustomerAssign;bima_customerassign_date tersedia (durasi negatif di-clamp ke 0 = Comply);54,15;Not Comply
202605;TREG 4;BALIKPAPAN;BALIKPAPAN;GSA;create;48,00;CustomerAssign;bima_customerassign_date tersedia (durasi negatif di-clamp ke 0 = Comply);4,16;Comply
202605;TREG 2;BANTEN;CIPUTAT;CPA;migrate;24,00;CustomerAssign;bima_customerassign_date tersedia (durasi negatif di-clamp ke 0 = Comply);0,00;Comply
202605;TREG 4;BALIKPAPAN;BALIKPAPAN;GSA;migrate;24,00;CustomerAssign;bima_customerassign_date tersedia (durasi negatif di-clamp ke 0 = Comply);0,00;Comply
202605;TREG 2;BANTEN;CIPUTAT;CPA;create;48,00;CustomerAssign;bima_customerassign_date tersedia (durasi negatif di-clamp ke 0 = Comply);0,00;Comply
202605;TREG 3;SURAMADU;SURABAYA SELATAN;GBG;create;48,00;CustomerAssign;bima_customerassign_date tersedia (durasi negatif di-clamp ke 0 = Comply);107,65;Not Comply
202605;TREG 2;JAKARTA OUTER;JAKTIM;PGG;migrate;24,00;CustomerAssign;bima_customerassign_date tersedia (durasi negatif di-clamp ke 0 = Comply);11,69;Comply
202605;TREG 2;BANTEN;RANGKAS-PANDEGLANG;RKS;migrate;24,00;CustomerAssign;bima_customerassign_date tersedia (durasi negatif di-clamp ke 0 = Comply);78,83;Not Comply
202605;TREG 2;JAKARTA OUTER;JAKTIM;PGG;migrate;24,00;CustomerAssign;bima_customerassign_date tersedia (durasi negatif di-clamp ke 0 = Comply);30,84;Not Comply
202605;TREG 2;JAKARTA OUTER;JAKTIM;PGG;migrate;24,00;CustomerAssign;bima_customerassign_date tersedia (durasi negatif di-clamp ke 0 = Comply);0,00;Comply
202605;TREG 3;SURAMADU;GRESIK;GSK;migrate;24,00;CustomerAssign;bima_customerassign_date tersedia (durasi negatif di-clamp ke 0 = Comply);54,94;Not Comply
202605;TREG 3;SURAMADU;SURABAYA UTARA;KRP;migrate;24,00;CustomerAssign;bima_customerassign_date tersedia (durasi negatif di-clamp ke 0 = Comply);0,00;Comply
202605;TREG 1;SUMBAGSEL;SUMSEL;SGB;create;48,00;CustomerAssign;bima_customerassign_date tersedia (durasi negatif di-clamp ke 0 = Comply);0,00;Comply
202605;TREG 2;JAKARTA OUTER;JAKSEL;BIN;migrate;24,00;CustomerAssign;bima_customerassign_date tersedia (durasi negatif di-clamp ke 0 = Comply);0,00;Comply
202605;TREG 5;SULBAGTENG;MARISA;MRS;migrate;24,00;CustomerAssign;bima_customerassign_date tersedia (durasi negatif di-clamp ke 0 = Comply);0,00;Comply
202605;TREG 2;PRIANGAN BARAT;DEPOK;DEP;migrate;24,00;CustomerAssign;bima_customerassign_date tersedia (durasi negatif di-clamp ke 0 = Comply);29,10;Not Comply
202605;TREG 3;SOLO JATENG TIMUR;KUDUS;KUD;migrate;24,00;CustomerAssign;bima_customerassign_date tersedia (durasi negatif di-clamp ke 0 = Comply);36,15;Not Comply
202605;TREG 1;SUMUT;MEDAN;CTD;create;48,00;CustomerAssign;bima_customerassign_date tersedia (durasi negatif di-clamp ke 0 = Comply);0,00;Comply
202605;TREG 2;BANTEN;CIPUTAT;CPA;create;48,00;CustomerAssign;bima_customerassign_date tersedia (durasi negatif di-clamp ke 0 = Comply);31,16;Comply
202605;TREG 3;JATIM TIMUR;PASURUAN;PSN;migrate;24,00;CustomerAssign;bima_customerassign_date tersedia (durasi negatif di-clamp ke 0 = Comply);12,20;Comply
202605;TREG 2;BANDUNG;BANDUNG;TRG;migrate;24,00;CustomerAssign;bima_customerassign_date tersedia (durasi negatif di-clamp ke 0 = Comply);5,22;Comply
202605;TREG 5;SULBAGSEL;MAKASSAR;TMA;migrate;24,00;CustomerAssign;bima_customerassign_date tersedia (durasi negatif di-clamp ke 0 = Comply);103,25;Not Comply
202605;TREG 2;JAKARTA INNER;JAKBAR;PLM;migrate;24,00;CustomerAssign;bima_customerassign_date tersedia (durasi negatif di-clamp ke 0 = Comply);12,32;Comply
202605;TREG 2;BANDUNG;BANDUNG BARAT;RJW;migrate;24,00;CustomerAssign;bima_customerassign_date tersedia (durasi negatif di-clamp ke 0 = Comply);5,39;Comply
202605;TREG 1;RIAU;INDRAGIRI;TAK;migrate;24,00;CustomerAssign;bima_customerassign_date tersedia (durasi negatif di-clamp ke 0 = Comply);511,44;Not Comply
202605;TREG 2;BANTEN;LENGKONG;SRP;migrate;24,00;CustomerAssign;bima_customerassign_date tersedia (durasi negatif di-clamp ke 0 = Comply);0,00;Comply
202605;TREG 1;SUMUT;MEDAN;SKI;migrate;24,00;CustomerAssign;bima_customerassign_date tersedia (durasi negatif di-clamp ke 0 = Comply);36,47;Not Comply
202605;TREG 2;BANTEN;CIPUTAT;PKU;migrate;24,00;CustomerAssign;bima_customerassign_date tersedia (durasi negatif di-clamp ke 0 = Comply);0,00;Comply
202605;TREG 2;JAKARTA INNER;JAKBAR;JIA;migrate;24,00;CustomerAssign;bima_customerassign_date tersedia (durasi negatif di-clamp ke 0 = Comply);53,56;Not Comply
202605;TREG 3;JATIM TIMUR;SIDOARJO;SDA;create;48,00;CustomerAssign;bima_customerassign_date tersedia (durasi negatif di-clamp ke 0 = Comply);0,00;Comply
202605;TREG 2;BEKASI KARAWANG;BEKASI;KLB;migrate;24,00;CustomerAssign;bima_customerassign_date tersedia (durasi negatif di-clamp ke 0 = Comply);29,77;Not Comply
202605;TREG 1;SUMBAR JAMBI;JAMBI;KOA;create;48,00;CustomerAssign;bima_customerassign_date tersedia (durasi negatif di-clamp ke 0 = Comply);0,00;Comply
202605;TREG 5;SULBAGTENG;GORONTALO;LBT;migrate;24,00;CustomerAssign;bima_customerassign_date tersedia (durasi negatif di-clamp ke 0 = Comply);6,01;Comply
202605;TREG 2;BANDUNG;SUMEDANG;CJA;migrate;24,00;CustomerAssign;bima_customerassign_date tersedia (durasi negatif di-clamp ke 0 = Comply);13,14;Comply
202605;TREG 2;JAKARTA OUTER;JAKSEL;CPE;create;48,00;CustomerAssign;bima_customerassign_date tersedia (durasi negatif di-clamp ke 0 = Comply);0,00;Comply
202605;TREG 1;LAMPUNG BENGKULU;BENGKULU;PDW;migrate;24,00;CustomerAssign;bima_customerassign_date tersedia (durasi negatif di-clamp ke 0 = Comply);78,22;Not Comply
202605;TREG 2;JAKARTA OUTER;JAKSEL;KBY;migrate;24,00;PI;bima_customerassign_date kosong → pakai orca_pi_date (durasi negatif di-clamp ke 0 = Comply);144,42;Not Comply
202605;TREG 2;BANTEN;PASAR BARU;CPD;migrate;24,00;CustomerAssign;bima_customerassign_date tersedia (durasi negatif di-clamp ke 0 = Comply);6,32;Comply
202605;TREG 2;JAKARTA OUTER;JAKTIM;PGG;migrate;24,00;CustomerAssign;bima_customerassign_date tersedia (durasi negatif di-clamp ke 0 = Comply);56,34;Not Comply
202605;TREG 2;BEKASI KARAWANG;BEKASI;PDE;migrate;24,00;CustomerAssign;bima_customerassign_date tersedia (durasi negatif di-clamp ke 0 = Comply);32,38;Not Comply
202605;TREG 1;SUMBAGSEL;SUMSEL;PGC;create;48,00;CustomerAssign;bima_customerassign_date tersedia (durasi negatif di-clamp ke 0 = Comply);30,80;Comply
202605;TREG 3;NUSA TENGGARA;NTB;MTR;migrate;24,00;CustomerAssign;bima_customerassign_date tersedia (durasi negatif di-clamp ke 0 = Comply);0,00;Comply
202605;TREG 1;RIAU;BANGKINANG;BKN;migrate;24,00;CustomerAssign;bima_customerassign_date tersedia (durasi negatif di-clamp ke 0 = Comply);6,91;Comply
202605;TREG 2;JAKARTA OUTER;JAKTIM;KRG;migrate;24,00;CustomerAssign;bima_customerassign_date tersedia (durasi negatif di-clamp ke 0 = Comply);295,06;Not Comply
202605;TREG 3;JATIM TIMUR;SIDOARJO;GDA;migrate;24,00;CustomerAssign;bima_customerassign_date tersedia (durasi negatif di-clamp ke 0 = Comply);7,09;Comply
202605;TREG 2;PRIANGAN BARAT;KUJANG;PAR;create;48,00;CustomerAssign;bima_customerassign_date tersedia (durasi negatif di-clamp ke 0 = Comply);0,00;Comply
202605;TREG 2;BANTEN;PASAR BARU;TAN;migrate;24,00;CustomerAssign;bima_customerassign_date tersedia (durasi negatif di-clamp ke 0 = Comply);7,19;Comply
202605;TREG 2;BANTEN;CIPUTAT;CLD;migrate;24,00;CustomerAssign;bima_customerassign_date tersedia (durasi negatif di-clamp ke 0 = Comply);103,26;Not Comply
202605;TREG 2;JAKARTA OUTER;JAKTIM;GAN;create;48,00;CustomerAssign;bima_customerassign_date tersedia (durasi negatif di-clamp ke 0 = Comply);0,00;Comply
202605;TREG 2;BANTEN;CIPUTAT;CPA;migrate;24,00;CustomerAssign;bima_customerassign_date tersedia (durasi negatif di-clamp ke 0 = Comply);18,82;Comply
202605;TREG 2;BANTEN;CIPUTAT;CPA;migrate;24,00;CustomerAssign;bima_customerassign_date tersedia (durasi negatif di-clamp ke 0 = Comply);186,82;Not Comply
202605;TREG 4;KALSELTENG;BANJARMASIN;ULI;create;48,00;CustomerAssign;bima_customerassign_date tersedia (durasi negatif di-clamp ke 0 = Comply);0,00;Comply
202605;TREG 2;PRIANGAN BARAT;CIBINONG;CBI;migrate;24,00;CustomerAssign;bima_customerassign_date tersedia (durasi negatif di-clamp ke 0 = Comply);67,84;Not Comply
202605;TREG 1;LAMPUNG BENGKULU;METRO;MET;migrate;24,00;CustomerAssign;bima_customerassign_date tersedia (durasi negatif di-clamp ke 0 = Comply);44,04;Not Comply
202605;TREG 2;PRIANGAN BARAT;CIBINONG;BJD;migrate;24,00;CustomerAssign;bima_customerassign_date tersedia (durasi negatif di-clamp ke 0 = Comply);20,23;Comply
202605;TREG 4;KALTIMTARA;TARAKAN;JWT;migrate;24,00;CustomerAssign;bima_customerassign_date tersedia (durasi negatif di-clamp ke 0 = Comply);66,40;Not Comply
202605;TREG 1;ACEH;LHOKSEUMAWE;SLG;create;48,00;CustomerAssign;bima_customerassign_date tersedia (durasi negatif di-clamp ke 0 = Comply);40,49;Comply
202605;TREG 2;PRIANGAN BARAT;KUJANG;PAR;migrate;24,00;CustomerAssign;bima_customerassign_date tersedia (durasi negatif di-clamp ke 0 = Comply);90,77;Not Comply
202605;TREG 1;RIAU;TANJUNG PINANG;KMS;migrate;24,00;CustomerAssign;bima_customerassign_date tersedia (durasi negatif di-clamp ke 0 = Comply);306,80;Not Comply
202605;TREG 1;ACEH;ACEH;BNA;migrate;24,00;CustomerAssign;bima_customerassign_date tersedia (durasi negatif di-clamp ke 0 = Comply);265,87;Not Comply
202605;TREG 5;SULBAGSEL;PARE-PARE;PIN;migrate;24,00;CustomerAssign;bima_customerassign_date tersedia (durasi negatif di-clamp ke 0 = Comply);0,00;Comply
202605;TREG 1;ACEH;ACEH;SAB;migrate;24,00;CustomerAssign;bima_customerassign_date tersedia (durasi negatif di-clamp ke 0 = Comply);0,00;Comply
202605;TREG 2;BANTEN;LENGKONG;LGK;migrate;24,00;CustomerAssign;bima_customerassign_date tersedia (durasi negatif di-clamp ke 0 = Comply);0,00;Comply
202605;TREG 2;BANDUNG;SUMEDANG;UBR;migrate;24,00;CustomerAssign;bima_customerassign_date tersedia (durasi negatif di-clamp ke 0 = Comply);0,00;Comply
202605;TREG 5;PAPUA;MERAUKE;MRK;migrate;24,00;CustomerAssign;bima_customerassign_date tersedia (durasi negatif di-clamp ke 0 = Comply);67,34;Not Comply
202605;TREG 3;YOGYA JATENG SELATAN;SLEMAN;PKM;create;48,00;CustomerAssign;bima_customerassign_date tersedia (durasi negatif di-clamp ke 0 = Comply);47,38;Comply
202605;TREG 4;KALSELTENG;BANJARBARU;LUL;migrate;24,00;CustomerAssign;bima_customerassign_date tersedia (durasi negatif di-clamp ke 0 = Comply);163,58;Not Comply
202605;TREG 4;BALIKPAPAN;BALIKPAPAN;BRU;migrate;24,00;CustomerAssign;bima_customerassign_date tersedia (durasi negatif di-clamp ke 0 = Comply);67,85;Not Comply
202605;TREG 4;KALTIMTARA;BONTANG;LKT;create;48,00;CustomerAssign;bima_customerassign_date tersedia (durasi negatif di-clamp ke 0 = Comply);2,90;Comply
202605;TREG 1;RIAU;RIKEP;LBJ;migrate;24,00;CustomerAssign;bima_customerassign_date tersedia (durasi negatif di-clamp ke 0 = Comply);0,00;Comply
202605;TREG 3;JATIM BARAT;MALANG;BLB;create;48,00;CustomerAssign;bima_customerassign_date tersedia (durasi negatif di-clamp ke 0 = Comply);3,10;Comply
202605;TREG 1;RIAU;BANGKINANG;ARK;create;48,00;CustomerAssign;bima_customerassign_date tersedia (durasi negatif di-clamp ke 0 = Comply);18,29;Comply
202605;TREG 4;KALSELTENG;PALANGKARAYA;KKP;migrate;24,00;CustomerAssign;bima_customerassign_date tersedia (durasi negatif di-clamp ke 0 = Comply);99,30;Not Comply
202605;TREG 2;BANDUNG;SUMEDANG;SMD;migrate;24,00;CustomerAssign;bima_customerassign_date tersedia (durasi negatif di-clamp ke 0 = Comply);0,00;Comply
202605;TREG 2;JAKARTA OUTER;JAKTIM;CWA;migrate;24,00;CustomerAssign;bima_customerassign_date tersedia (durasi negatif di-clamp ke 0 = Comply);3,40;Comply
202605;TREG 3;SEMARANG JATENG UTARA;UNGARAN;UNR;create;48,00;CustomerAssign;bima_customerassign_date tersedia (durasi negatif di-clamp ke 0 = Comply);0,00;Comply
202605;TREG 4;KALBAR;PONTIANAK;PTK;migrate;24,00;CustomerAssign;bima_customerassign_date tersedia (durasi negatif di-clamp ke 0 = Comply);0,00;Comply
202605;TREG 3;JATIM TIMUR;PASURUAN;PSN;create;48,00;CustomerAssign;bima_customerassign_date tersedia (durasi negatif di-clamp ke 0 = Comply);0,00;Comply
202605;TREG 5;SULBAGSEL;MAKASSAR;PNK;migrate;24,00;CustomerAssign;bima_customerassign_date tersedia (durasi negatif di-clamp ke 0 = Comply);0,00;Comply
202605;TREG 3;JATIM BARAT;MALANG;MLG;migrate;24,00;CustomerAssign;bima_customerassign_date tersedia (durasi negatif di-clamp ke 0 = Comply);0,00;Comply
202605;TREG 2;JAKARTA OUTER;JAKSEL;JAG;migrate;24,00;CustomerAssign;bima_customerassign_date tersedia (durasi negatif di-clamp ke 0 = Comply);3,83;Comply
202605;TREG 1;SUMUT;MEDAN;PUB;migrate;24,00;CustomerAssign;bima_customerassign_date tersedia (durasi negatif di-clamp ke 0 = Comply);94,91;Not Comply
202605;TREG 2;JAKARTA CENTRUM;JAKUT;KTX;create;48,00;CustomerAssign;bima_customerassign_date tersedia (durasi negatif di-clamp ke 0 = Comply);0,00;Comply
202605;TREG 2;JAKARTA OUTER;JAKSEL;CPE;create;48,00;CustomerAssign;bima_customerassign_date tersedia (durasi negatif di-clamp ke 0 = Comply);0,00;Comply
202605;TREG 4;KALTIMTARA;TARAKAN;TRK;migrate;24,00;CustomerAssign;bima_customerassign_date tersedia (durasi negatif di-clamp ke 0 = Comply);47,13;Not Comply
202605;TREG 4;KALTIMTARA;SAMARINDA;SMR;create;48,00;CustomerAssign;bima_customerassign_date tersedia (durasi negatif di-clamp ke 0 = Comply);4,22;Comply
202605;TREG 2;JAKARTA CENTRUM;JAKPUS;CPP;migrate;24,00;CustomerAssign;bima_customerassign_date tersedia (durasi negatif di-clamp ke 0 = Comply);0,00;Comply
202605;TREG 2;BANDUNG;SUMEDANG;UBR;create;48,00;CustomerAssign;bima_customerassign_date tersedia (durasi negatif di-clamp ke 0 = Comply);0,00;Comply
202605;TREG 2;JAKARTA INNER;JAKBAR;MRY;create;48,00;CustomerAssign;bima_customerassign_date tersedia (durasi negatif di-clamp ke 0 = Comply);0,00;Comply
202605;TREG 4;KALTIMTARA;TARAKAN;TRK;migrate;24,00;CustomerAssign;bima_customerassign_date tersedia (durasi negatif di-clamp ke 0 = Comply);119,56;Not Comply
202605;TREG 2;JAKARTA OUTER;JAKTIM;GAN;migrate;24,00;CustomerAssign;bima_customerassign_date tersedia (durasi negatif di-clamp ke 0 = Comply);4,62;Comply
202605;TREG 3;SEMARANG JATENG UTARA;UNGARAN;UNR;migrate;24,00;CustomerAssign;bima_customerassign_date tersedia (durasi negatif di-clamp ke 0 = Comply);0,00;Comply
202605;TREG 4;KALSELTENG;BANJARBARU;BBR;migrate;24,00;CustomerAssign;bima_customerassign_date tersedia (durasi negatif di-clamp ke 0 = Comply);0,00;Comply
202605;TREG 4;KALSELTENG;PALANGKARAYA;PLK;migrate;24,00;CustomerAssign;bima_customerassign_date tersedia (durasi negatif di-clamp ke 0 = Comply);0,00;Comply
202605;TREG 4;KALSELTENG;BANJARBARU;BBR;migrate;24,00;CustomerAssign;bima_customerassign_date tersedia (durasi negatif di-clamp ke 0 = Comply);0,00;Comply
202605;TREG 3;SOLO JATENG TIMUR;KLATEN;DLG;migrate;24,00;CustomerAssign;bima_customerassign_date tersedia (durasi negatif di-clamp ke 0 = Comply);4,91;Comply
202605;TREG 4;KALTIMTARA;BONTANG;BOT;migrate;24,00;CustomerAssign;bima_customerassign_date tersedia (durasi negatif di-clamp ke 0 = Comply);0,00;Comply
202605;TREG 2;PRIANGAN BARAT;KUJANG;BOO;migrate;24,00;CustomerAssign;bima_customerassign_date tersedia (durasi negatif di-clamp ke 0 = Comply);52,98;Not Comply
202605;TREG 4;KALSELTENG;BANJARBARU;BBR;migrate;24,00;CustomerAssign;bima_customerassign_date tersedia (durasi negatif di-clamp ke 0 = Comply);0,00;Comply
202605;TREG 4;BALIKPAPAN;BALIKPAPAN;BRU;migrate;24,00;CustomerAssign;bima_customerassign_date tersedia (durasi negatif di-clamp ke 0 = Comply);0,00;Comply
202605;TREG 2;JAKARTA CENTRUM;JAKPUS;CPP;migrate;24,00;CustomerAssign;bima_customerassign_date tersedia (durasi negatif di-clamp ke 0 = Comply);0,21;Comply
202605;TREG 3;SEMARANG JATENG UTARA;SEMARANG;SMC;migrate;24,00;CustomerAssign;bima_customerassign_date tersedia (durasi negatif di-clamp ke 0 = Comply);22,22;Comply
202605;TREG 2;PRIANGAN BARAT;DEPOK;DEP;migrate;24,00;CustomerAssign;bima_customerassign_date tersedia (durasi negatif di-clamp ke 0 = Comply);29,26;Not Comply
202605;TREG 2;JAKARTA CENTRUM;JAKPUS;CPP;migrate;24,00;CustomerAssign;bima_customerassign_date tersedia (durasi negatif di-clamp ke 0 = Comply);0,28;Comply
202605;TREG 5;PAPUA BARAT;SORONG;SON;migrate;24,00;CustomerAssign;bima_customerassign_date tersedia (durasi negatif di-clamp ke 0 = Comply);216,29;Not Comply
202605;TREG 1;SUMUT;MEDAN;SKI;create;48,00;CustomerAssign;bima_customerassign_date tersedia (durasi negatif di-clamp ke 0 = Comply);5,35;Comply
202605;TREG 2;JAKARTA INNER;JAKBAR;SLP;migrate;24,00;CustomerAssign;bima_customerassign_date tersedia (durasi negatif di-clamp ke 0 = Comply);24,35;Not Comply
202605;TREG 2;JAKARTA OUTER;JAKSEL;JAG;migrate;24,00;CustomerAssign;bima_customerassign_date tersedia (durasi negatif di-clamp ke 0 = Comply);5,42;Comply
202605;TREG 4;KALSELTENG;BANJARMASIN;ULI;create;48,00;CustomerAssign;bima_customerassign_date tersedia (durasi negatif di-clamp ke 0 = Comply);0,00;Comply
202605;TREG 4;BALIKPAPAN;BALIKPAPAN;GSA;create;48,00;CustomerAssign;bima_customerassign_date tersedia (durasi negatif di-clamp ke 0 = Comply);0,00;Comply
202605;TREG 2;PRIANGAN BARAT;CIBINONG;CBI;migrate;24,00;CustomerAssign;bima_customerassign_date tersedia (durasi negatif di-clamp ke 0 = Comply);5,52;Comply
202605;TREG 2;BANDUNG;BANDUNG;TLE;create;48,00;CustomerAssign;bima_customerassign_date tersedia (durasi negatif di-clamp ke 0 = Comply);22,68;Comply
202605;TREG 3;SOLO JATENG TIMUR;SOLO;KRT;migrate;24,00;CustomerAssign;bima_customerassign_date tersedia (durasi negatif di-clamp ke 0 = Comply);0,00;Comply
202605;TREG 2;BEKASI KARAWANG;PURWAKARTA;CKP;migrate;24,00;CustomerAssign;bima_customerassign_date tersedia (durasi negatif di-clamp ke 0 = Comply);0,00;Comply
202605;TREG 2;PRIANGAN TIMUR;INDRAMAYU;JTB;create;48,00;CustomerAssign;bima_customerassign_date tersedia (durasi negatif di-clamp ke 0 = Comply);77,80;Not Comply
202605;TREG 2;JAKARTA OUTER;JAKSEL;BIN;create;48,00;CustomerAssign;bima_customerassign_date tersedia (durasi negatif di-clamp ke 0 = Comply);0,83;Comply
202605;TREG 4;KALBAR;SINGKAWANG;SNW;migrate;24,00;CustomerAssign;bima_customerassign_date tersedia (durasi negatif di-clamp ke 0 = Comply);0,00;Comply
202605;TREG 1;SUMUT;MEDAN;CTD;migrate;24,00;CustomerAssign;bima_customerassign_date tersedia (durasi negatif di-clamp ke 0 = Comply);0,91;Comply
202605;TREG 4;KALTIMTARA;BONTANG;STT;migrate;24,00;CustomerAssign;bima_customerassign_date tersedia (durasi negatif di-clamp ke 0 = Comply);0,00;Comply
202605;TREG 1;SUMUT;MEDAN;MDC;migrate;24,00;CustomerAssign;bima_customerassign_date tersedia (durasi negatif di-clamp ke 0 = Comply);94,97;Not Comply
202605;TREG 2;PRIANGAN TIMUR;INDRAMAYU;IMY;migrate;24,00;CustomerAssign;bima_customerassign_date tersedia (durasi negatif di-clamp ke 0 = Comply);119,02;Not Comply
202605;TREG 1;SUMUT;MEDAN;DLT;create;48,00;CustomerAssign;bima_customerassign_date tersedia (durasi negatif di-clamp ke 0 = Comply);71,02;Not Comply
202605;TREG 4;KALTIMTARA;BONTANG;BOT;create;48,00;CustomerAssign;bima_customerassign_date tersedia (durasi negatif di-clamp ke 0 = Comply);0,00;Comply
202605;TREG 3;SURAMADU;SURABAYA UTARA;LKI;create;48,00;CustomerAssign;bima_customerassign_date tersedia (durasi negatif di-clamp ke 0 = Comply);0,00;Comply
202605;TREG 2;PRIANGAN TIMUR;GARUT;GRU;migrate;24,00;CustomerAssign;bima_customerassign_date tersedia (durasi negatif di-clamp ke 0 = Comply);270,13;Not Comply
202605;TREG 2;PRIANGAN BARAT;SENTUL;PMU;migrate;24,00;CustomerAssign;bima_customerassign_date tersedia (durasi negatif di-clamp ke 0 = Comply);1,13;Comply
202605;TREG 2;JAKARTA CENTRUM;JAKUT;MKR;migrate;24,00;CustomerAssign;bima_customerassign_date tersedia (durasi negatif di-clamp ke 0 = Comply);25,16;Not Comply
202605;TREG 4;KALSELTENG;TANJUNG TABALONG;PGN;migrate;24,00;CustomerAssign;bima_customerassign_date tersedia (durasi negatif di-clamp ke 0 = Comply);49,17;Not Comply
202605;TREG 3;YOGYA JATENG SELATAN;YOGYAKARTA;KEN;migrate;24,00;CustomerAssign;bima_customerassign_date tersedia (durasi negatif di-clamp ke 0 = Comply);30,18;Not Comply
202605;TREG 2;PRIANGAN BARAT;DEPOK;SKJ;migrate;24,00;CustomerAssign;bima_customerassign_date tersedia (durasi negatif di-clamp ke 0 = Comply);23,22;Comply
202605;TREG 2;JAKARTA OUTER;JAKSEL;KAL;migrate;24,00;CustomerAssign;bima_customerassign_date tersedia (durasi negatif di-clamp ke 0 = Comply);0,00;Comply
202605;TREG 3;YOGYA JATENG SELATAN;YOGYAKARTA;KBU;create;48,00;CustomerAssign;bima_customerassign_date tersedia (durasi negatif di-clamp ke 0 = Comply);0,00;Comply
202605;TREG 3;YOGYA JATENG SELATAN;PURWOKERTO;PWT;migrate;24,00;CustomerAssign;bima_customerassign_date tersedia (durasi negatif di-clamp ke 0 = Comply);0,00;Comply
202605;TREG 5;SULBAGSEL;PARE-PARE;PRE;migrate;24,00;CustomerAssign;bima_customerassign_date tersedia (durasi negatif di-clamp ke 0 = Comply);0,00;Comply
202605;TREG 2;PRIANGAN BARAT;CIANJUR;CJR;create;48,00;CustomerAssign;bima_customerassign_date tersedia (durasi negatif di-clamp ke 0 = Comply);0,00;Comply
202605;TREG 4;KALTIMTARA;MELAK;TGG;migrate;24,00;CustomerAssign;bima_customerassign_date tersedia (durasi negatif di-clamp ke 0 = Comply);0,00;Comply
202605;TREG 1;RIAU;BANGKINANG;UBT;migrate;24,00;CustomerAssign;bima_customerassign_date tersedia (durasi negatif di-clamp ke 0 = Comply);73,58;Not Comply
202605;TREG 3;YOGYA JATENG SELATAN;PURBALINGGA;PBG;migrate;24,00;CustomerAssign;bima_customerassign_date tersedia (durasi negatif di-clamp ke 0 = Comply);222,79;Not Comply
202605;TREG 3;JATIM BARAT;NGANJUK;NJK;migrate;24,00;CustomerAssign;bima_customerassign_date tersedia (durasi negatif di-clamp ke 0 = Comply);0,00;Comply
202605;TREG 5;SULBAGSEL;KENDARI;MDG;migrate;24,00;CustomerAssign;bima_customerassign_date tersedia (durasi negatif di-clamp ke 0 = Comply);56,85;Not Comply
202605;TREG 3;SEMARANG JATENG UTARA;SEMARANG;SMT;migrate;24,00;CustomerAssign;bima_customerassign_date tersedia (durasi negatif di-clamp ke 0 = Comply);0,00;Comply
202605;TREG 2;BANTEN;LENGKONG;LGK;migrate;24,00;CustomerAssign;bima_customerassign_date tersedia (durasi negatif di-clamp ke 0 = Comply);0,00;Comply
202605;TREG 4;KALSELTENG;BANJARBARU;BBR;migrate;24,00;CustomerAssign;bima_customerassign_date tersedia (durasi negatif di-clamp ke 0 = Comply);0,00;Comply
202605;TREG 2;PRIANGAN BARAT;CIANJUR;CJR;create;48,00;CustomerAssign;bima_customerassign_date tersedia (durasi negatif di-clamp ke 0 = Comply);2,15;Comply
202605;TREG 2;JAKARTA OUTER;JAKTIM;PDK;create;48,00;CustomerAssign;bima_customerassign_date tersedia (durasi negatif di-clamp ke 0 = Comply);0,27;Comply
202605;TREG 4;KALBAR;SINGKAWANG;SMB;migrate;24,00;CustomerAssign;bima_customerassign_date tersedia (durasi negatif di-clamp ke 0 = Comply);0,00;Comply
202605;TREG 3;SOLO JATENG TIMUR;WONOGIRI;JSO;migrate;24,00;CustomerAssign;bima_customerassign_date tersedia (durasi negatif di-clamp ke 0 = Comply);2,29;Comply
202605;TREG 1;RIAU;RIKEP;SKN;create;48,00;CustomerAssign;bima_customerassign_date tersedia (durasi negatif di-clamp ke 0 = Comply);0,00;Comply
202605;TREG 3;NUSA TENGGARA;NTB;GER;migrate;24,00;CustomerAssign;bima_customerassign_date tersedia (durasi negatif di-clamp ke 0 = Comply);0,00;Comply
202605;TREG 3;SURAMADU;SURABAYA UTARA;KNN;create;48,00;CustomerAssign;bima_customerassign_date tersedia (durasi negatif di-clamp ke 0 = Comply);0,00;Comply
202605;TREG 4;KALSELTENG;BANJARBARU;LUL;migrate;24,00;CustomerAssign;bima_customerassign_date tersedia (durasi negatif di-clamp ke 0 = Comply);74,38;Not Comply
202605;TREG 4;KALSELTENG;BATULICIN;STI;migrate;24,00;CustomerAssign;bima_customerassign_date tersedia (durasi negatif di-clamp ke 0 = Comply);0,00;Comply
202605;TREG 4;BALIKPAPAN;BALIKPAPAN;GSA;migrate;24,00;CustomerAssign;bima_customerassign_date tersedia (durasi negatif di-clamp ke 0 = Comply);79,48;Not Comply
202605;TREG 1;ACEH;MEULABOH;MBO;migrate;24,00;CustomerAssign;bima_customerassign_date tersedia (durasi negatif di-clamp ke 0 = Comply);26,58;Not Comply
202605;TREG 2;BANTEN;CIKUPA;CSK;create;48,00;CustomerAssign;bima_customerassign_date tersedia (durasi negatif di-clamp ke 0 = Comply);2,59;Comply
202605;TREG 2;BANTEN;LENGKONG;SRP;migrate;24,00;CustomerAssign;bima_customerassign_date tersedia (durasi negatif di-clamp ke 0 = Comply);2,78;Comply
202605;TREG 2;PRIANGAN BARAT;SENTUL;CWI;migrate;24,00;CustomerAssign;bima_customerassign_date tersedia (durasi negatif di-clamp ke 0 = Comply);144,79;Not Comply
202605;TREG 1;RIAU;RIKEP;BTC;migrate;24,00;CustomerAssign;bima_customerassign_date tersedia (durasi negatif di-clamp ke 0 = Comply);7,84;Comply
202605;TREG 4;BALIKPAPAN;BALIKPAPAN;BRU;migrate;24,00;CustomerAssign;bima_customerassign_date tersedia (durasi negatif di-clamp ke 0 = Comply);0,00;Comply
202605;TREG 3;SEMARANG JATENG UTARA;SLAWI;SLW;migrate;24,00;CustomerAssign;bima_customerassign_date tersedia (durasi negatif di-clamp ke 0 = Comply);74,94;Not Comply
202605;TREG 1;SUMUT;MEDAN;PUB;migrate;24,00;CustomerAssign;bima_customerassign_date tersedia (durasi negatif di-clamp ke 0 = Comply);7,96;Comply
202605;TREG 2;BANTEN;CILEGON;CLG;migrate;24,00;CustomerAssign;bima_customerassign_date tersedia (durasi negatif di-clamp ke 0 = Comply);122,97;Not Comply
202605;TREG 4;KALSELTENG;SAMPIT;SAI;migrate;24,00;CustomerAssign;bima_customerassign_date tersedia (durasi negatif di-clamp ke 0 = Comply);0,00;Comply
202605;TREG 2;JAKARTA OUTER;JAKTIM;KLD;create;48,00;CustomerAssign;bima_customerassign_date tersedia (durasi negatif di-clamp ke 0 = Comply);1,03;Comply
202605;TREG 3;BALI;DENPASAR SELATAN;JBR;create;48,00;CustomerAssign;bima_customerassign_date tersedia (durasi negatif di-clamp ke 0 = Comply);97,05;Not Comply
202605;TREG 1;SUMBAR JAMBI;JAMBI;MND;migrate;24,00;CustomerAssign;bima_customerassign_date tersedia (durasi negatif di-clamp ke 0 = Comply);3,07;Comply
202605;TREG 2;PRIANGAN BARAT;KUJANG;DMG;migrate;24,00;CustomerAssign;bima_customerassign_date tersedia (durasi negatif di-clamp ke 0 = Comply);0,00;Comply
202605;TREG 3;YOGYA JATENG SELATAN;BANTUL;BTL;create;48,00;CustomerAssign;bima_customerassign_date tersedia (durasi negatif di-clamp ke 0 = Comply);8,13;Comply
202605;TREG 3;JATIM TIMUR;SIDOARJO;SDA;create;48,00;CustomerAssign;bima_customerassign_date tersedia (durasi negatif di-clamp ke 0 = Comply);0,00;Comply
202605;TREG 4;KALTIMTARA;BULUNGAN BERAU;TRD;migrate;24,00;CustomerAssign;bima_customerassign_date tersedia (durasi negatif di-clamp ke 0 = Comply);0,00;Comply
202605;TREG 3;YOGYA JATENG SELATAN;PURBALINGGA;PBG;migrate;24,00;CustomerAssign;bima_customerassign_date tersedia (durasi negatif di-clamp ke 0 = Comply);0,00;Comply
202605;TREG 1;RIAU;RIDAR;PBB;migrate;24,00;CustomerAssign;bima_customerassign_date tersedia (durasi negatif di-clamp ke 0 = Comply);0,00;Comply
202605;TREG 2;BEKASI KARAWANG;BEKASI;BEK;migrate;24,00;CustomerAssign;bima_customerassign_date tersedia (durasi negatif di-clamp ke 0 = Comply);3,20;Comply
202605;TREG 3;JATIM TIMUR;MOJOKERTO;MRT;migrate;24,00;CustomerAssign;bima_customerassign_date tersedia (durasi negatif di-clamp ke 0 = Comply);3,23;Comply
202605;TREG 2;PRIANGAN TIMUR;INDRAMAYU;LSR;migrate;24,00;CustomerAssign;bima_customerassign_date tersedia (durasi negatif di-clamp ke 0 = Comply);128,26;Not Comply
202605;TREG 1;ACEH;ACEH;BNN;migrate;24,00;CustomerAssign;bima_customerassign_date tersedia (durasi negatif di-clamp ke 0 = Comply);97,29;Not Comply
202605;TREG 1;ACEH;ACEH;SGI;migrate;24,00;CustomerAssign;bima_customerassign_date tersedia (durasi negatif di-clamp ke 0 = Comply);0,00;Comply
202605;TREG 2;BEKASI KARAWANG;BEKASI;PDE;migrate;24,00;CustomerAssign;bima_customerassign_date tersedia (durasi negatif di-clamp ke 0 = Comply);1,29;Comply
202605;TREG 1;SUMUT;MEDAN;CTD;migrate;24,00;CustomerAssign;bima_customerassign_date tersedia (durasi negatif di-clamp ke 0 = Comply);25,31;Not Comply
202605;TREG 1;ACEH;ACEH;LTM;migrate;24,00;CustomerAssign;bima_customerassign_date tersedia (durasi negatif di-clamp ke 0 = Comply);176,33;Not Comply
202605;TREG 5;SULBAGSEL;MAKASSAR;TMA;migrate;24,00;CustomerAssign;bima_customerassign_date tersedia (durasi negatif di-clamp ke 0 = Comply);0,00;Comply
202605;TREG 2;BEKASI KARAWANG;BEKASI;PDE;migrate;24,00;CustomerAssign;bima_customerassign_date tersedia (durasi negatif di-clamp ke 0 = Comply);1,37;Comply
202605;TREG 4;KALTIMTARA;SAMARINDA;PLL;migrate;24,00;CustomerAssign;bima_customerassign_date tersedia (durasi negatif di-clamp ke 0 = Comply);0,00;Comply
202605;TREG 2;JAKARTA OUTER;JAKSEL;CPE;migrate;24,00;CustomerAssign;bima_customerassign_date tersedia (durasi negatif di-clamp ke 0 = Comply);3,48;Comply
202605;TREG 3;YOGYA JATENG SELATAN;SLEMAN;GOD;migrate;24,00;CustomerAssign;bima_customerassign_date tersedia (durasi negatif di-clamp ke 0 = Comply);0,00;Comply
202605;TREG 4;BALIKPAPAN;BALIKPAPAN;KTB;migrate;24,00;CustomerAssign;bima_customerassign_date tersedia (durasi negatif di-clamp ke 0 = Comply);0,00;Comply
202605;TREG 3;SURAMADU;SURABAYA SELATAN;IJK;migrate;24,00;CustomerAssign;bima_customerassign_date tersedia (durasi negatif di-clamp ke 0 = Comply);0,00;Comply
202605;TREG 4;BALIKPAPAN;BALIKPAPAN;BRU;migrate;24,00;CustomerAssign;bima_customerassign_date tersedia (durasi negatif di-clamp ke 0 = Comply);1,60;Comply
202605;TREG 2;JAKARTA OUTER;JAKTIM;JTN;migrate;24,00;CustomerAssign;bima_customerassign_date tersedia (durasi negatif di-clamp ke 0 = Comply);8,60;Comply
202605;TREG 2;PRIANGAN BARAT;CIBADAK;CCR;migrate;24,00;CustomerAssign;bima_customerassign_date tersedia (durasi negatif di-clamp ke 0 = Comply);32,64;Not Comply
202605;TREG 1;SUMBAR JAMBI;BUKIT TINGGI;HRU;migrate;24,00;CustomerAssign;bima_customerassign_date tersedia (durasi negatif di-clamp ke 0 = Comply);1,70;Comply
202605;TREG 4;KALTIMTARA;SAMARINDA;SMR;migrate;24,00;CustomerAssign;bima_customerassign_date tersedia (durasi negatif di-clamp ke 0 = Comply);195,76;Not Comply
202605;TREG 2;JAKARTA CENTRUM;JAKUT;MKR;migrate;24,00;CustomerAssign;bima_customerassign_date tersedia (durasi negatif di-clamp ke 0 = Comply);27,76;Not Comply
202605;TREG 2;JAKARTA OUTER;JAKTIM;KLD;create;48,00;CustomerAssign;bima_customerassign_date tersedia (durasi negatif di-clamp ke 0 = Comply);0,00;Comply
202605;TREG 2;JAKARTA CENTRUM;JAKPUS;CPP;migrate;24,00;CustomerAssign;bima_customerassign_date tersedia (durasi negatif di-clamp ke 0 = Comply);1,78;Comply
202605;TREG 2;PRIANGAN BARAT;KUJANG;SPL;create;48,00;CustomerAssign;bima_customerassign_date tersedia (durasi negatif di-clamp ke 0 = Comply);0,00;Comply
202605;TREG 4;BALIKPAPAN;BALIKPAPAN;KTB;migrate;24,00;PI;bima_customerassign_date kosong → pakai orca_pi_date (durasi negatif di-clamp ke 0 = Comply);26,34;Not Comply
202605;TREG 2;PRIANGAN TIMUR;CIREBON;CBN;migrate;24,00;CustomerAssign;bima_customerassign_date tersedia (durasi negatif di-clamp ke 0 = Comply);80,82;Not Comply
202605;TREG 3;SEMARANG JATENG UTARA;SALATIGA;SLI;create;48,00;CustomerAssign;bima_customerassign_date tersedia (durasi negatif di-clamp ke 0 = Comply);0,00;Comply
202605;TREG 2;JAKARTA OUTER;JAKSEL;CPE;migrate;24,00;CustomerAssign;bima_customerassign_date tersedia (durasi negatif di-clamp ke 0 = Comply);0,00;Comply
202605;TREG 4;BALIKPAPAN;BALIKPAPAN;BRU;migrate;24,00;CustomerAssign;bima_customerassign_date tersedia (durasi negatif di-clamp ke 0 = Comply);123,95;Not Comply
202605;TREG 5;SULBAGTENG;GORONTALO;GTL;migrate;24,00;CustomerAssign;bima_customerassign_date tersedia (durasi negatif di-clamp ke 0 = Comply);8,97;Comply
202605;TREG 2;JAKARTA INNER;JAKBAR;CKG;migrate;24,00;CustomerAssign;bima_customerassign_date tersedia (durasi negatif di-clamp ke 0 = Comply);1,98;Comply
202605;TREG 2;JAKARTA INNER;JAKBAR;PLM;migrate;24,00;CustomerAssign;bima_customerassign_date tersedia (durasi negatif di-clamp ke 0 = Comply);25,99;Not Comply
202605;TREG 2;JAKARTA INNER;JAKBAR;CKG;create;48,00;CustomerAssign;bima_customerassign_date tersedia (durasi negatif di-clamp ke 0 = Comply);2,00;Comply
202605;TREG 4;KALTIMTARA;MELAK;SBR;migrate;24,00;CustomerAssign;bima_customerassign_date tersedia (durasi negatif di-clamp ke 0 = Comply);4,03;Comply
202605;TREG 2;BANDUNG;BANDUNG;BDK;create;48,00;CustomerAssign;bima_customerassign_date tersedia (durasi negatif di-clamp ke 0 = Comply);124,05;Not Comply
202605;TREG 4;BALIKPAPAN;BALIKPAPAN;BAM;migrate;24,00;CustomerAssign;bima_customerassign_date tersedia (durasi negatif di-clamp ke 0 = Comply);74,05;Not Comply
202605;TREG 2;BEKASI KARAWANG;CIKARANG;CIK;migrate;24,00;CustomerAssign;bima_customerassign_date tersedia (durasi negatif di-clamp ke 0 = Comply);57,07;Not Comply
202605;TREG 2;PRIANGAN TIMUR;CIREBON;PRD;create;48,00;CustomerAssign;bima_customerassign_date tersedia (durasi negatif di-clamp ke 0 = Comply);4,21;Comply
202605;TREG 3;BALI;DENPASAR SELATAN;BNO;create;48,00;CustomerAssign;bima_customerassign_date tersedia (durasi negatif di-clamp ke 0 = Comply);0,00;Comply
202605;TREG 3;JATIM BARAT;MALANG;BRG;create;48,00;CustomerAssign;bima_customerassign_date tersedia (durasi negatif di-clamp ke 0 = Comply);0,00;Comply
202605;TREG 5;SULBAGSEL;GOWA;SUG;migrate;24,00;CustomerAssign;bima_customerassign_date tersedia (durasi negatif di-clamp ke 0 = Comply);177,32;Not Comply
202605;TREG 1;SUMUT;MEDAN;SPM;migrate;24,00;CustomerAssign;bima_customerassign_date tersedia (durasi negatif di-clamp ke 0 = Comply);0,00;Comply
202605;TREG 4;KALTIMTARA;BONTANG;BOT;migrate;24,00;CustomerAssign;bima_customerassign_date tersedia (durasi negatif di-clamp ke 0 = Comply);2,34;Comply
202605;TREG 5;SULBAGSEL;GOWA;SUG;migrate;24,00;CustomerAssign;bima_customerassign_date tersedia (durasi negatif di-clamp ke 0 = Comply);9,34;Comply
202605;TREG 2;BEKASI KARAWANG;CIKARANG;BGG;migrate;24,00;CustomerAssign;bima_customerassign_date tersedia (durasi negatif di-clamp ke 0 = Comply);4,36;Comply
202605;TREG 3;BALI;DENPASAR CENTRUM;TOP;create;48,00;CustomerAssign;bima_customerassign_date tersedia (durasi negatif di-clamp ke 0 = Comply);153,38;Not Comply
202605;TREG 1;SUMUT;MEDAN;PUB;create;48,00;CustomerAssign;bima_customerassign_date tersedia (durasi negatif di-clamp ke 0 = Comply);52,42;Not Comply
202605;TREG 2;BEKASI KARAWANG;CIKARANG;BGG;create;48,00;CustomerAssign;bima_customerassign_date tersedia (durasi negatif di-clamp ke 0 = Comply);0,00;Comply
202605;TREG 5;SULBAGSEL;MAKASSAR;PNK;migrate;24,00;CustomerAssign;bima_customerassign_date tersedia (durasi negatif di-clamp ke 0 = Comply);50,62;Not Comply
202605;TREG 3;SURAMADU;SURABAYA SELATAN;JGR;create;48,00;CustomerAssign;bima_customerassign_date tersedia (durasi negatif di-clamp ke 0 = Comply);0,00;Comply
202605;TREG 5;SULBAGSEL;MAKASSAR;PNK;migrate;24,00;CustomerAssign;bima_customerassign_date tersedia (durasi negatif di-clamp ke 0 = Comply);122,67;Not Comply
202605;TREG 1;LAMPUNG BENGKULU;LAMPUNG;TJK;migrate;24,00;CustomerAssign;bima_customerassign_date tersedia (durasi negatif di-clamp ke 0 = Comply);57,78;Not Comply
202605;TREG 4;BALIKPAPAN;BALIKPAPAN;BRU;create;48,00;CustomerAssign;bima_customerassign_date tersedia (durasi negatif di-clamp ke 0 = Comply);9,81;Comply
202605;TREG 2;JAKARTA OUTER;JAKSEL;JAG;create;48,00;CustomerAssign;bima_customerassign_date tersedia (durasi negatif di-clamp ke 0 = Comply);4,84;Comply
202605;TREG 3;SEMARANG JATENG UTARA;SEMARANG;SMT;migrate;24,00;CustomerAssign;bima_customerassign_date tersedia (durasi negatif di-clamp ke 0 = Comply);0,00;Comply
202605;TREG 1;RIAU;BANGKINANG;PWG;migrate;24,00;CustomerAssign;bima_customerassign_date tersedia (durasi negatif di-clamp ke 0 = Comply);196,92;Not Comply
202605;TREG 3;SURAMADU;SURABAYA UTARA;MGO;migrate;24,00;CustomerAssign;bima_customerassign_date tersedia (durasi negatif di-clamp ke 0 = Comply);5,04;Comply
202605;TREG 2;JAKARTA OUTER;JAKSEL;KBY;create;48,00;CustomerAssign;bima_customerassign_date tersedia (durasi negatif di-clamp ke 0 = Comply);3,08;Comply
202605;TREG 5;SULBAGSEL;KENDARI;MDG;migrate;24,00;CustomerAssign;bima_customerassign_date tersedia (durasi negatif di-clamp ke 0 = Comply);25,10;Not Comply
202605;TREG 2;JAKARTA INNER;JAKBAR;CKG;migrate;24,00;CustomerAssign;bima_customerassign_date tersedia (durasi negatif di-clamp ke 0 = Comply);3,15;Comply
202605;TREG 1;SUMUT;LUBUK PAKAM;TJR;migrate;24,00;CustomerAssign;bima_customerassign_date tersedia (durasi negatif di-clamp ke 0 = Comply);3,16;Comply
202605;TREG 2;BANTEN;CIPUTAT;CLD;create;48,00;CustomerAssign;bima_customerassign_date tersedia (durasi negatif di-clamp ke 0 = Comply);0,00;Comply
202605;TREG 3;BALI;DENPASAR CENTRUM;SWI;migrate;24,00;CustomerAssign;bima_customerassign_date tersedia (durasi negatif di-clamp ke 0 = Comply);0,00;Comply
202605;TREG 2;JAKARTA CENTRUM;JAKUT;MKR;migrate;24,00;CustomerAssign;bima_customerassign_date tersedia (durasi negatif di-clamp ke 0 = Comply);0,00;Comply
202605;TREG 4;KALTIMTARA;NUNUKAN;NNK;migrate;24,00;CustomerAssign;bima_customerassign_date tersedia (durasi negatif di-clamp ke 0 = Comply);0,00;Comply
202605;TREG 2;BEKASI KARAWANG;SUBANG;SUB;create;48,00;CustomerAssign;bima_customerassign_date tersedia (durasi negatif di-clamp ke 0 = Comply);0,00;Comply
202605;TREG 2;JAKARTA CENTRUM;JAKUT;KTZ;migrate;24,00;CustomerAssign;bima_customerassign_date tersedia (durasi negatif di-clamp ke 0 = Comply);0,00;Comply
202605;TREG 2;PRIANGAN TIMUR;CIREBON;CBN;migrate;24,00;CustomerAssign;bima_customerassign_date tersedia (durasi negatif di-clamp ke 0 = Comply);51,28;Not Comply
202605;TREG 4;BALIKPAPAN;BALIKPAPAN;MGG;migrate;24,00;CustomerAssign;bima_customerassign_date tersedia (durasi negatif di-clamp ke 0 = Comply);29,32;Not Comply
202605;TREG 1;RIAU;RIDAR;PBB;migrate;24,00;CustomerAssign;bima_customerassign_date tersedia (durasi negatif di-clamp ke 0 = Comply);32,36;Not Comply
202605;TREG 3;SURAMADU;SURABAYA SELATAN;DMO;migrate;24,00;CustomerAssign;bima_customerassign_date tersedia (durasi negatif di-clamp ke 0 = Comply);10,47;Comply
202605;TREG 2;JAKARTA CENTRUM;JAKPUS;KMY;migrate;24,00;CustomerAssign;bima_customerassign_date tersedia (durasi negatif di-clamp ke 0 = Comply);0,00;Comply
202605;TREG 2;BANTEN;BANTEN;CRS;create;48,00;CustomerAssign;bima_customerassign_date tersedia (durasi negatif di-clamp ke 0 = Comply);0,00;Comply
202605;TREG 2;BEKASI KARAWANG;BEKASI;PDE;migrate;24,00;CustomerAssign;bima_customerassign_date tersedia (durasi negatif di-clamp ke 0 = Comply);51,62;Not Comply
202605;TREG 1;SUMBAR JAMBI;BUKIT TINGGI;PYK;migrate;24,00;CustomerAssign;bima_customerassign_date tersedia (durasi negatif di-clamp ke 0 = Comply);0,00;Comply
202605;TREG 2;PRIANGAN TIMUR;CIREBON;CBN;migrate;24,00;CustomerAssign;bima_customerassign_date tersedia (durasi negatif di-clamp ke 0 = Comply);0,00;Comply
202605;TREG 1;LAMPUNG BENGKULU;LAMPUNG;SPS;migrate;24,00;CustomerAssign;bima_customerassign_date tersedia (durasi negatif di-clamp ke 0 = Comply);10,74;Comply
202605;TREG 2;JAKARTA OUTER;JAKSEL;KBY;create;48,00;CustomerAssign;bima_customerassign_date tersedia (durasi negatif di-clamp ke 0 = Comply);3,87;Comply
202605;TREG 5;SUMALUT;TERNATE;TNT;migrate;24,00;CustomerAssign;bima_customerassign_date tersedia (durasi negatif di-clamp ke 0 = Comply);10,91;Comply
202605;TREG 1;RIAU;BANGKINANG;ARK;migrate;24,00;CustomerAssign;bima_customerassign_date tersedia (durasi negatif di-clamp ke 0 = Comply);100,96;Not Comply
202605;TREG 4;BALIKPAPAN;BALIKPAPAN;BRU;create;48,00;CustomerAssign;bima_customerassign_date tersedia (durasi negatif di-clamp ke 0 = Comply);6,00;Comply
202605;TREG 2;JAKARTA INNER;JAKBAR;CKG;migrate;24,00;CustomerAssign;bima_customerassign_date tersedia (durasi negatif di-clamp ke 0 = Comply);0,00;Comply
202605;TREG 2;JAKARTA OUTER;JAKSEL;KBY;migrate;24,00;CustomerAssign;bima_customerassign_date tersedia (durasi negatif di-clamp ke 0 = Comply);0,00;Comply
202605;TREG 5;SULBAGSEL;MAKASSAR;MAT;migrate;24,00;CustomerAssign;bima_customerassign_date tersedia (durasi negatif di-clamp ke 0 = Comply);508,19;Not Comply
202605;TREG 5;SULBAGSEL;MAKASSAR;PNK;migrate;24,00;CustomerAssign;bima_customerassign_date tersedia (durasi negatif di-clamp ke 0 = Comply);0,00;Comply
202605;TREG 5;SULBAGSEL;MAKASSAR;BAL;migrate;24,00;CustomerAssign;bima_customerassign_date tersedia (durasi negatif di-clamp ke 0 = Comply);3.462,26;Not Comply
202605;TREG 4;BALIKPAPAN;BALIKPAPAN;BRU;migrate;24,00;CustomerAssign;bima_customerassign_date tersedia (durasi negatif di-clamp ke 0 = Comply);0,00;Comply
202605;TREG 1;SUMBAR JAMBI;SUMBAR;LBY;migrate;24,00;CustomerAssign;bima_customerassign_date tersedia (durasi negatif di-clamp ke 0 = Comply);275,27;Not Comply
202605;TREG 2;JAKARTA CENTRUM;JAKPUS;CPP;create;48,00;CustomerAssign;bima_customerassign_date tersedia (durasi negatif di-clamp ke 0 = Comply);0,00;Comply
202605;TREG 2;JAKARTA INNER;JAKBAR;MRY;create;48,00;CustomerAssign;bima_customerassign_date tersedia (durasi negatif di-clamp ke 0 = Comply);0,00;Comply
202605;TREG 5;SUMALUT;BITUNG;BIT;migrate;24,00;CustomerAssign;bima_customerassign_date tersedia (durasi negatif di-clamp ke 0 = Comply);0,00;Comply
202605;TREG 2;BEKASI KARAWANG;BEKASI;PDE;migrate;24,00;CustomerAssign;bima_customerassign_date tersedia (durasi negatif di-clamp ke 0 = Comply);76,83;Not Comply
202605;TREG 2;BANTEN;CIPUTAT;CPA;migrate;24,00;CustomerAssign;bima_customerassign_date tersedia (durasi negatif di-clamp ke 0 = Comply);4,86;Comply
202605;TREG 2;JAKARTA CENTRUM;JAKUT;MKR;migrate;24,00;CustomerAssign;bima_customerassign_date tersedia (durasi negatif di-clamp ke 0 = Comply);0,00;Comply
202605;TREG 2;BANTEN;CIPUTAT;SRH;migrate;24,00;CustomerAssign;bima_customerassign_date tersedia (durasi negatif di-clamp ke 0 = Comply);52,92;Not Comply
202605;TREG 2;BANTEN;CIPUTAT;CPA;migrate;24,00;CustomerAssign;bima_customerassign_date tersedia (durasi negatif di-clamp ke 0 = Comply);0,00;Comply
202605;TREG 3;SURAMADU;SURABAYA SELATAN;MYR;create;48,00;CustomerAssign;bima_customerassign_date tersedia (durasi negatif di-clamp ke 0 = Comply);0,00;Comply
202605;TREG 5;PAPUA;SENTANI;SNI;migrate;24,00;CustomerAssign;bima_customerassign_date tersedia (durasi negatif di-clamp ke 0 = Comply);101,17;Not Comply
202605;TREG 2;BANTEN;BANTEN;SEG;migrate;24,00;CustomerAssign;bima_customerassign_date tersedia (durasi negatif di-clamp ke 0 = Comply);0,00;Comply
202605;TREG 5;PAPUA;SENTANI;SNI;migrate;24,00;CustomerAssign;bima_customerassign_date tersedia (durasi negatif di-clamp ke 0 = Comply);319,26;Not Comply
202605;TREG 2;JAKARTA CENTRUM;JAKUT;TPR;migrate;24,00;CustomerAssign;bima_customerassign_date tersedia (durasi negatif di-clamp ke 0 = Comply);0,00;Comply
202605;TREG 1;RIAU;BANGKINANG;RBI;create;48,00;CustomerAssign;bima_customerassign_date tersedia (durasi negatif di-clamp ke 0 = Comply);348,43;Not Comply
202605;TREG 2;JAKARTA OUTER;JAKTIM;KRG;migrate;24,00;CustomerAssign;bima_customerassign_date tersedia (durasi negatif di-clamp ke 0 = Comply);84,52;Not Comply
202605;TREG 1;RIAU;RIDAR;PBB;migrate;24,00;CustomerAssign;bima_customerassign_date tersedia (durasi negatif di-clamp ke 0 = Comply);10,59;Comply
202605;TREG 2;BEKASI KARAWANG;BEKASI;PDE;create;48,00;CustomerAssign;bima_customerassign_date tersedia (durasi negatif di-clamp ke 0 = Comply);0,00;Comply
202605;TREG 1;RIAU;DUMAI;BAS;migrate;24,00;CustomerAssign;bima_customerassign_date tersedia (durasi negatif di-clamp ke 0 = Comply);12,71;Comply
202605;TREG 1;SUMBAR JAMBI;SOLOK;SLK;migrate;24,00;CustomerAssign;bima_customerassign_date tersedia (durasi negatif di-clamp ke 0 = Comply);0,00;Comply
202605;TREG 5;SULBAGSEL;SITOR;RPN;create;48,00;CustomerAssign;bima_customerassign_date tersedia (durasi negatif di-clamp ke 0 = Comply);221,78;Not Comply
202605;TREG 3;JATIM BARAT;MALANG;BLB;migrate;24,00;CustomerAssign;bima_customerassign_date tersedia (durasi negatif di-clamp ke 0 = Comply);12,96;Comply
202605;TREG 3;JATIM BARAT;KEPANJEN;KEP;migrate;24,00;CustomerAssign;bima_customerassign_date tersedia (durasi negatif di-clamp ke 0 = Comply);8,00;Comply
202605;TREG 2;JAKARTA OUTER;JAKTIM;PDK;migrate;24,00;CustomerAssign;bima_customerassign_date tersedia (durasi negatif di-clamp ke 0 = Comply);6,02;Comply
202605;TREG 2;BANDUNG;BANDUNG;BDK;create;48,00;CustomerAssign;bima_customerassign_date tersedia (durasi negatif di-clamp ke 0 = Comply);0,00;Comply
202605;TREG 2;JAKARTA OUTER;JAKTIM;PDK;migrate;24,00;CustomerAssign;bima_customerassign_date tersedia (durasi negatif di-clamp ke 0 = Comply);13,06;Comply
202605;TREG 5;SULBAGSEL;PARE-PARE;PRE;migrate;24,00;CustomerAssign;bima_customerassign_date tersedia (durasi negatif di-clamp ke 0 = Comply);9,11;Comply
202605;TREG 5;SULBAGSEL;PALOPO;SRK;migrate;24,00;CustomerAssign;bima_customerassign_date tersedia (durasi negatif di-clamp ke 0 = Comply);0,00;Comply
202605;TREG 5;SULBAGSEL;PARE-PARE;PRE;migrate;24,00;CustomerAssign;bima_customerassign_date tersedia (durasi negatif di-clamp ke 0 = Comply);101,17;Not Comply
202605;TREG 2;BEKASI KARAWANG;BEKASI;PDE;migrate;24,00;CustomerAssign;bima_customerassign_date tersedia (durasi negatif di-clamp ke 0 = Comply);318,35;Not Comply
202605;TREG 2;PRIANGAN BARAT;CIBINONG;CBI;migrate;24,00;CustomerAssign;bima_customerassign_date tersedia (durasi negatif di-clamp ke 0 = Comply);6,38;Comply
202605;TREG 2;BANTEN;CIKUPA;CKA;migrate;24,00;CustomerAssign;bima_customerassign_date tersedia (durasi negatif di-clamp ke 0 = Comply);80,51;Not Comply
202605;TREG 2;BANDUNG;SOREANG;RCK;migrate;24,00;CustomerAssign;bima_customerassign_date tersedia (durasi negatif di-clamp ke 0 = Comply);0,00;Comply
202605;TREG 2;JAKARTA OUTER;JAKTIM;KRG;migrate;24,00;CustomerAssign;bima_customerassign_date tersedia (durasi negatif di-clamp ke 0 = Comply);969,74;Not Comply
202605;TREG 3;SURAMADU;BANGKALAN;BKL;migrate;24,00;CustomerAssign;bima_customerassign_date tersedia (durasi negatif di-clamp ke 0 = Comply);259,27;Not Comply
202605;TREG 3;SURAMADU;SURABAYA SELATAN;DMO;migrate;24,00;CustomerAssign;bima_customerassign_date tersedia (durasi negatif di-clamp ke 0 = Comply);17,32;Comply
202605;TREG 3;SURAMADU;SURABAYA SELATAN;MYR;migrate;24,00;CustomerAssign;bima_customerassign_date tersedia (durasi negatif di-clamp ke 0 = Comply);0,00;Comply
202605;TREG 2;JAKARTA OUTER;JAKTIM;KRG;migrate;24,00;CustomerAssign;bima_customerassign_date tersedia (durasi negatif di-clamp ke 0 = Comply);240,51;Not Comply
202605;TREG 5;SULBAGSEL;PALOPO;MAS;migrate;24,00;CustomerAssign;bima_customerassign_date tersedia (durasi negatif di-clamp ke 0 = Comply);144,55;Not Comply
202605;TREG 4;KALTIMTARA;TARAKAN;TAJ;migrate;24,00;CustomerAssign;bima_customerassign_date tersedia (durasi negatif di-clamp ke 0 = Comply);43,72;Not Comply
202605;TREG 2;JAKARTA OUTER;JAKTIM;PDK;migrate;24,00;CustomerAssign;bima_customerassign_date tersedia (durasi negatif di-clamp ke 0 = Comply);257,76;Not Comply
202605;TREG 1;RIAU;RIDAR;PBB;migrate;24,00;CustomerAssign;bima_customerassign_date tersedia (durasi negatif di-clamp ke 0 = Comply);24,79;Not Comply
202605;TREG 3;SURAMADU;SURABAYA SELATAN;DMO;migrate;24,00;CustomerAssign;bima_customerassign_date tersedia (durasi negatif di-clamp ke 0 = Comply);120,93;Not Comply
202605;TREG 2;PRIANGAN TIMUR;GARUT;GRU;migrate;24,00;CustomerAssign;bima_customerassign_date tersedia (durasi negatif di-clamp ke 0 = Comply);0,00;Comply
202605;TREG 3;YOGYA JATENG SELATAN;MUNTILAN;SWT;migrate;24,00;CustomerAssign;bima_customerassign_date tersedia (durasi negatif di-clamp ke 0 = Comply);116,48;Not Comply
202605;TREG 4;KALTIMTARA;TARAKAN;TRK;migrate;24,00;CustomerAssign;bima_customerassign_date tersedia (durasi negatif di-clamp ke 0 = Comply);68,79;Not Comply
202605;TREG 5;SULBAGSEL;MAKASSAR;PNK;migrate;24,00;CustomerAssign;bima_customerassign_date tersedia (durasi negatif di-clamp ke 0 = Comply);234,93;Not Comply
202605;TREG 5;SULBAGSEL;MAKASSAR;PNK;migrate;24,00;CustomerAssign;bima_customerassign_date tersedia (durasi negatif di-clamp ke 0 = Comply);42,94;Not Comply
202605;TREG 5;SULBAGSEL;MAKASSAR;TMA;migrate;24,00;CustomerAssign;bima_customerassign_date tersedia (durasi negatif di-clamp ke 0 = Comply);217,96;Not Comply
202605;TREG 4;KALSELTENG;TANJUNG TABALONG;TJL;migrate;24,00;CustomerAssign;bima_customerassign_date tersedia (durasi negatif di-clamp ke 0 = Comply);0,00;Comply
202605;TREG 5;SULBAGSEL;MAKASSAR;MAT;migrate;24,00;CustomerAssign;bima_customerassign_date tersedia (durasi negatif di-clamp ke 0 = Comply);261,07;Not Comply
202605;TREG 3;YOGYA JATENG SELATAN;SLEMAN;SMN;create;48,00;CustomerAssign;bima_customerassign_date tersedia (durasi negatif di-clamp ke 0 = Comply);1,18;Comply
202605;TREG 5;SULBAGSEL;BANTAENG;JNP;migrate;24,00;CustomerAssign;bima_customerassign_date tersedia (durasi negatif di-clamp ke 0 = Comply);19,23;Comply
202605;TREG 5;SULBAGSEL;MAROS;SUD;migrate;24,00;CustomerAssign;bima_customerassign_date tersedia (durasi negatif di-clamp ke 0 = Comply);0,00;Comply
202605;TREG 5;SULBAGSEL;MAKASSAR;PNK;migrate;24,00;CustomerAssign;bima_customerassign_date tersedia (durasi negatif di-clamp ke 0 = Comply);19,30;Comply
202605;TREG 1;SUMBAR JAMBI;BUKIT TINGGI;BKT;migrate;24,00;CustomerAssign;bima_customerassign_date tersedia (durasi negatif di-clamp ke 0 = Comply);0,00;Comply
202605;TREG 4;BALIKPAPAN;TANAHGROGOT;TNG;migrate;24,00;CustomerAssign;bima_customerassign_date tersedia (durasi negatif di-clamp ke 0 = Comply);0,00;Comply
202605;TREG 2;BANDUNG;SUMEDANG;CJA;create;48,00;CustomerAssign;bima_customerassign_date tersedia (durasi negatif di-clamp ke 0 = Comply);3,00;Comply
202605;TREG 3;YOGYA JATENG SELATAN;WONOSOBO;WOS;migrate;24,00;CustomerAssign;bima_customerassign_date tersedia (durasi negatif di-clamp ke 0 = Comply);20,19;Comply
202605;TREG 3;JATIM TIMUR;JOMBANG;JOM;migrate;24,00;CustomerAssign;bima_customerassign_date tersedia (durasi negatif di-clamp ke 0 = Comply);0,00;Comply
202605;TREG 4;KALTIMTARA;SAMARINDA;LOB;create;48,00;CustomerAssign;bima_customerassign_date tersedia (durasi negatif di-clamp ke 0 = Comply);0,00;Comply
202605;TREG 4;KALSELTENG;BANJARMASIN;BJM;migrate;24,00;CustomerAssign;bima_customerassign_date tersedia (durasi negatif di-clamp ke 0 = Comply);0,00;Comply
202605;TREG 5;SULBAGSEL;PALOPO;PLP;migrate;24,00;CustomerAssign;bima_customerassign_date tersedia (durasi negatif di-clamp ke 0 = Comply);0,00;Comply
202605;TREG 4;KALSELTENG;TANJUNG TABALONG;PGN;migrate;24,00;CustomerAssign;bima_customerassign_date tersedia (durasi negatif di-clamp ke 0 = Comply);27,63;Not Comply
202605;TREG 1;SUMBAR JAMBI;JAMBI;PAP;create;48,00;CustomerAssign;bima_customerassign_date tersedia (durasi negatif di-clamp ke 0 = Comply);3,64;Comply
202605;TREG 2;PRIANGAN BARAT;SENTUL;CRI;migrate;24,00;CustomerAssign;bima_customerassign_date tersedia (durasi negatif di-clamp ke 0 = Comply);20,69;Comply
202605;TREG 4;KALSELTENG;BANJARBARU;BBR;create;48,00;CustomerAssign;bima_customerassign_date tersedia (durasi negatif di-clamp ke 0 = Comply);0,00;Comply
202605;TREG 2;JAKARTA OUTER;JAKSEL;BIN;create;48,00;CustomerAssign;bima_customerassign_date tersedia (durasi negatif di-clamp ke 0 = Comply);0,00;Comply
202605;TREG 2;JAKARTA OUTER;JAKSEL;PSM;create;48,00;CustomerAssign;bima_customerassign_date tersedia (durasi negatif di-clamp ke 0 = Comply);0,00;Comply
202605;TREG 4;KALSELTENG;BATULICIN;STI;migrate;24,00;CustomerAssign;bima_customerassign_date tersedia (durasi negatif di-clamp ke 0 = Comply);28,14;Not Comply
202605;TREG 4;KALSELTENG;BANJARMASIN;BJM;create;48,00;CustomerAssign;bima_customerassign_date tersedia (durasi negatif di-clamp ke 0 = Comply);0,00;Comply
202605;TREG 2;PRIANGAN BARAT;DEPOK;DEP;create;48,00;CustomerAssign;bima_customerassign_date tersedia (durasi negatif di-clamp ke 0 = Comply);4,27;Comply
202605;TREG 2;PRIANGAN BARAT;KUJANG;PAG;create;48,00;CustomerAssign;bima_customerassign_date tersedia (durasi negatif di-clamp ke 0 = Comply);0,00;Comply
202605;TREG 3;JATIM TIMUR;PASURUAN;PSN;migrate;24,00;CustomerAssign;bima_customerassign_date tersedia (durasi negatif di-clamp ke 0 = Comply);23,62;Comply
202605;TREG 3;YOGYA JATENG SELATAN;YOGYAKARTA;PGR;migrate;24,00;CustomerAssign;bima_customerassign_date tersedia (durasi negatif di-clamp ke 0 = Comply);0,00;Comply
202605;TREG 5;SUMALUT;MASOHI;MSH;migrate;24,00;CustomerAssign;bima_customerassign_date tersedia (durasi negatif di-clamp ke 0 = Comply);26,66;Not Comply
202605;TREG 3;YOGYA JATENG SELATAN;YOGYAKARTA;PGR;migrate;24,00;CustomerAssign;bima_customerassign_date tersedia (durasi negatif di-clamp ke 0 = Comply);2,68;Comply
202605;TREG 1;ACEH;MEULABOH;MBO;migrate;24,00;CustomerAssign;bima_customerassign_date tersedia (durasi negatif di-clamp ke 0 = Comply);45,74;Not Comply
202605;TREG 2;JAKARTA CENTRUM;JAKPUS;CID;migrate;24,00;CustomerAssign;bima_customerassign_date tersedia (durasi negatif di-clamp ke 0 = Comply);0,00;Comply
202605;TREG 3;JATIM TIMUR;PANDAAN;PWS;create;48,00;CustomerAssign;bima_customerassign_date tersedia (durasi negatif di-clamp ke 0 = Comply);0,00;Comply
202605;TREG 5;SULBAGSEL;SITOR;SID;migrate;24,00;CustomerAssign;bima_customerassign_date tersedia (durasi negatif di-clamp ke 0 = Comply);4,81;Comply
202605;TREG 4;KALSELTENG;TANJUNG TABALONG;BRI;migrate;24,00;CustomerAssign;bima_customerassign_date tersedia (durasi negatif di-clamp ke 0 = Comply);0,00;Comply
202605;TREG 4;BALIKPAPAN;TANAHGROGOT;PNJ;migrate;24,00;CustomerAssign;bima_customerassign_date tersedia (durasi negatif di-clamp ke 0 = Comply);118,07;Not Comply
202605;TREG 4;KALBAR;PONTIANAK;SRD;create;48,00;CustomerAssign;bima_customerassign_date tersedia (durasi negatif di-clamp ke 0 = Comply);0,00;Comply
202605;TREG 1;RIAU;RIDAR;PBB;migrate;24,00;CustomerAssign;bima_customerassign_date tersedia (durasi negatif di-clamp ke 0 = Comply);120,34;Not Comply
202605;TREG 2;BANDUNG;BANDUNG BARAT;RJW;migrate;24,00;CustomerAssign;bima_customerassign_date tersedia (durasi negatif di-clamp ke 0 = Comply);5,39;Comply
202605;TREG 3;BALI;DENPASAR UTARA;UBN;migrate;24,00;CustomerAssign;bima_customerassign_date tersedia (durasi negatif di-clamp ke 0 = Comply);53,44;Not Comply
202605;TREG 3;YOGYA JATENG SELATAN;BANJARNEGARA;BJR;migrate;24,00;CustomerAssign;bima_customerassign_date tersedia (durasi negatif di-clamp ke 0 = Comply);0,00;Comply
202605;TREG 3;SURAMADU;SURABAYA UTARA;TNS;migrate;24,00;CustomerAssign;bima_customerassign_date tersedia (durasi negatif di-clamp ke 0 = Comply);94,49;Not Comply
202605;TREG 2;BANDUNG;BANDUNG;LBG;migrate;24,00;CustomerAssign;bima_customerassign_date tersedia (durasi negatif di-clamp ke 0 = Comply);142,56;Not Comply
202605;TREG 3;SEMARANG JATENG UTARA;SEMARANG;MJP;migrate;24,00;CustomerAssign;bima_customerassign_date tersedia (durasi negatif di-clamp ke 0 = Comply);0,00;Comply
202605;TREG 3;BALI;DENPASAR CENTRUM;SWI;create;48,00;CustomerAssign;bima_customerassign_date tersedia (durasi negatif di-clamp ke 0 = Comply);0,00;Comply
202605;TREG 5;SULBAGSEL;PALOPO;PLP;migrate;24,00;CustomerAssign;bima_customerassign_date tersedia (durasi negatif di-clamp ke 0 = Comply);28,74;Not Comply
202605;TREG 4;KALTIMTARA;SAMARINDA;SMR;migrate;24,00;CustomerAssign;bima_customerassign_date tersedia (durasi negatif di-clamp ke 0 = Comply);23,75;Comply
202605;TREG 4;KALSELTENG;PANGKALAN BUN;PBU;migrate;24,00;CustomerAssign;bima_customerassign_date tersedia (durasi negatif di-clamp ke 0 = Comply);0,00;Comply
202605;TREG 1;SUMUT;MEDAN;CTD;migrate;24,00;CustomerAssign;bima_customerassign_date tersedia (durasi negatif di-clamp ke 0 = Comply);1,87;Comply
202605;TREG 3;YOGYA JATENG SELATAN;MUNTILAN;MUN;migrate;24,00;CustomerAssign;bima_customerassign_date tersedia (durasi negatif di-clamp ke 0 = Comply);0,00;Comply
202605;TREG 3;JATIM TIMUR;PANDAAN;GEM;migrate;24,00;CustomerAssign;bima_customerassign_date tersedia (durasi negatif di-clamp ke 0 = Comply);23,89;Comply
202605;TREG 4;KALSELTENG;PALANGKARAYA;PLK;migrate;24,00;CustomerAssign;bima_customerassign_date tersedia (durasi negatif di-clamp ke 0 = Comply);0,00;Comply
202605;TREG 3;JATIM TIMUR;SIDOARJO;SDA;migrate;24,00;CustomerAssign;bima_customerassign_date tersedia (durasi negatif di-clamp ke 0 = Comply);0,00;Comply
202605;TREG 2;BANTEN;CIPUTAT;PDR;create;48,00;CustomerAssign;bima_customerassign_date tersedia (durasi negatif di-clamp ke 0 = Comply);5,11;Comply
202605;TREG 3;SEMARANG JATENG UTARA;KENDAL;KDL;migrate;24,00;CustomerAssign;bima_customerassign_date tersedia (durasi negatif di-clamp ke 0 = Comply);0,13;Comply
202605;TREG 4;KALSELTENG;TANJUNG TABALONG;TJL;migrate;24,00;CustomerAssign;bima_customerassign_date tersedia (durasi negatif di-clamp ke 0 = Comply);0,00;Comply
202605;TREG 1;SUMBAR JAMBI;SUMBAR;KJI;migrate;24,00;CustomerAssign;bima_customerassign_date tersedia (durasi negatif di-clamp ke 0 = Comply);0,28;Comply
202605;TREG 4;KALSELTENG;PALANGKARAYA;KSO;create;48,00;CustomerAssign;bima_customerassign_date tersedia (durasi negatif di-clamp ke 0 = Comply);314,30;Not Comply
202605;TREG 2;JAKARTA INNER;JAKBAR;CKG;create;48,00;CustomerAssign;bima_customerassign_date tersedia (durasi negatif di-clamp ke 0 = Comply);0,35;Comply
202605;TREG 2;PRIANGAN BARAT;SUKABUMI;CMO;create;48,00;CustomerAssign;bima_customerassign_date tersedia (durasi negatif di-clamp ke 0 = Comply);0,00;Comply
202605;TREG 4;KALTIMTARA;MELAK;SBR;migrate;24,00;CustomerAssign;bima_customerassign_date tersedia (durasi negatif di-clamp ke 0 = Comply);50,46;Not Comply
202605;TREG 2;JAKARTA OUTER;JAKTIM;CWA;migrate;24,00;CustomerAssign;bima_customerassign_date tersedia (durasi negatif di-clamp ke 0 = Comply);0,00;Comply
202605;TREG 4;KALSELTENG;BANJARMASIN;ULI;migrate;24,00;CustomerAssign;bima_customerassign_date tersedia (durasi negatif di-clamp ke 0 = Comply);0,00;Comply
202605;TREG 3;SURAMADU;SURABAYA UTARA;MGO;migrate;24,00;CustomerAssign;bima_customerassign_date tersedia (durasi negatif di-clamp ke 0 = Comply);31,55;Not Comply
202605;TREG 3;JATIM BARAT;BLITAR;BLR;migrate;24,00;CustomerAssign;bima_customerassign_date tersedia (durasi negatif di-clamp ke 0 = Comply);7,56;Comply
202605;TREG 2;BEKASI KARAWANG;CIKARANG;BGG;migrate;24,00;CustomerAssign;bima_customerassign_date tersedia (durasi negatif di-clamp ke 0 = Comply);74,61;Not Comply
202605;TREG 2;BANDUNG;SOREANG;SOR;migrate;24,00;CustomerAssign;bima_customerassign_date tersedia (durasi negatif di-clamp ke 0 = Comply);2,63;Comply
202605;TREG 2;JAKARTA OUTER;JAKTIM;GAN;migrate;24,00;CustomerAssign;bima_customerassign_date tersedia (durasi negatif di-clamp ke 0 = Comply);0,00;Comply
202605;TREG 2;BEKASI KARAWANG;KARAWANG;KRW;create;48,00;CustomerAssign;bima_customerassign_date tersedia (durasi negatif di-clamp ke 0 = Comply);0,00;Comply
202605;TREG 3;YOGYA JATENG SELATAN;SLEMAN;PKM;create;48,00;CustomerAssign;bima_customerassign_date tersedia (durasi negatif di-clamp ke 0 = Comply);0,00;Comply
202605;TREG 4;KALSELTENG;PALANGKARAYA;KKP;migrate;24,00;CustomerAssign;bima_customerassign_date tersedia (durasi negatif di-clamp ke 0 = Comply);0,78;Comply
202605;TREG 4;KALTIMTARA;SAMARINDA;SEM;create;48,00;CustomerAssign;bima_customerassign_date tersedia (durasi negatif di-clamp ke 0 = Comply);0,00;Comply
202605;TREG 3;BALI;TABANAN;TBN;migrate;24,00;CustomerAssign;bima_customerassign_date tersedia (durasi negatif di-clamp ke 0 = Comply);0,00;Comply
202605;TREG 4;KALSELTENG;BANJARMASIN;BJM;create;48,00;CustomerAssign;bima_customerassign_date tersedia (durasi negatif di-clamp ke 0 = Comply);0,00;Comply
202605;TREG 4;KALBAR;PONTIANAK;PTK;migrate;24,00;CustomerAssign;bima_customerassign_date tersedia (durasi negatif di-clamp ke 0 = Comply);0,00;Comply
202605;TREG 4;KALSELTENG;TANJUNG TABALONG;BRI;migrate;24,00;CustomerAssign;bima_customerassign_date tersedia (durasi negatif di-clamp ke 0 = Comply);0,00;Comply
202605;TREG 2;BEKASI KARAWANG;BEKASI;KLB;migrate;24,00;CustomerAssign;bima_customerassign_date tersedia (durasi negatif di-clamp ke 0 = Comply);0,00;Comply
202605;TREG 1;ACEH;ACEH;LTM;migrate;24,00;CustomerAssign;bima_customerassign_date tersedia (durasi negatif di-clamp ke 0 = Comply);367,91;Not Comply
202605;TREG 3;SEMARANG JATENG UTARA;PEKALONGAN;PKL;migrate;24,00;CustomerAssign;bima_customerassign_date tersedia (durasi negatif di-clamp ke 0 = Comply);31,96;Not Comply
202605;TREG 5;SULBAGSEL;MAROS;PKN;migrate;24,00;CustomerAssign;bima_customerassign_date tersedia (durasi negatif di-clamp ke 0 = Comply);170,97;Not Comply
202605;TREG 2;JAKARTA INNER;JAKBAR;KSB;migrate;24,00;CustomerAssign;bima_customerassign_date tersedia (durasi negatif di-clamp ke 0 = Comply);31,97;Not Comply
202605;TREG 4;KALSELTENG;SAMPIT;SAI;migrate;24,00;CustomerAssign;bima_customerassign_date tersedia (durasi negatif di-clamp ke 0 = Comply);0,00;Comply
202605;TREG 1;RIAU;RIDAR;PBB;migrate;24,00;CustomerAssign;bima_customerassign_date tersedia (durasi negatif di-clamp ke 0 = Comply);0,00;Comply
202605;TREG 2;PRIANGAN BARAT;SENTUL;KHL;create;48,00;CustomerAssign;bima_customerassign_date tersedia (durasi negatif di-clamp ke 0 = Comply);8,18;Comply
202605;TREG 1;LAMPUNG BENGKULU;BENGKULU;BNC;migrate;24,00;CustomerAssign;bima_customerassign_date tersedia (durasi negatif di-clamp ke 0 = Comply);104,28;Not Comply
202605;TREG 4;KALSELTENG;TANJUNG TABALONG;AMT;migrate;24,00;CustomerAssign;bima_customerassign_date tersedia (durasi negatif di-clamp ke 0 = Comply);0,00;Comply
202605;TREG 2;JAKARTA CENTRUM;JAKUT;STR;migrate;24,00;CustomerAssign;bima_customerassign_date tersedia (durasi negatif di-clamp ke 0 = Comply);0,00;Comply
202605;TREG 2;JAKARTA OUTER;JAKSEL;PSM;create;48,00;CustomerAssign;bima_customerassign_date tersedia (durasi negatif di-clamp ke 0 = Comply);8,44;Comply
202605;TREG 2;JAKARTA CENTRUM;JAKUT;TPR;migrate;24,00;CustomerAssign;bima_customerassign_date tersedia (durasi negatif di-clamp ke 0 = Comply);1,65;Comply
202605;TREG 2;JAKARTA OUTER;JAKTIM;RMG;migrate;24,00;CustomerAssign;bima_customerassign_date tersedia (durasi negatif di-clamp ke 0 = Comply);27,65;Not Comply
202605;TREG 2;JAKARTA CENTRUM;JAKUT;CIL;migrate;24,00;CustomerAssign;bima_customerassign_date tersedia (durasi negatif di-clamp ke 0 = Comply);0,00;Comply
202605;TREG 3;BALI;DENPASAR UTARA;UBN;create;48,00;CustomerAssign;bima_customerassign_date tersedia (durasi negatif di-clamp ke 0 = Comply);25,73;Comply
202605;TREG 3;YOGYA JATENG SELATAN;CILACAP;CLC;migrate;24,00;CustomerAssign;bima_customerassign_date tersedia (durasi negatif di-clamp ke 0 = Comply);218,74;Not Comply
202605;TREG 4;BALIKPAPAN;BALIKPAPAN;BAM;migrate;24,00;CustomerAssign;bima_customerassign_date tersedia (durasi negatif di-clamp ke 0 = Comply);1,79;Comply
202605;TREG 4;BALIKPAPAN;BALIKPAPAN;BRU;migrate;24,00;CustomerAssign;bima_customerassign_date tersedia (durasi negatif di-clamp ke 0 = Comply);0,00;Comply
202605;TREG 4;KALSELTENG;BANJARBARU;BBR;create;48,00;CustomerAssign;bima_customerassign_date tersedia (durasi negatif di-clamp ke 0 = Comply);0,00;Comply
202605;TREG 3;YOGYA JATENG SELATAN;YOGYAKARTA;PGR;create;48,00;CustomerAssign;bima_customerassign_date tersedia (durasi negatif di-clamp ke 0 = Comply);0,00;Comply
202605;TREG 2;JAKARTA OUTER;JAKTIM;PGB;migrate;24,00;CustomerAssign;bima_customerassign_date tersedia (durasi negatif di-clamp ke 0 = Comply);0,00;Comply
202605;TREG 4;KALBAR;PONTIANAK;SRD;create;48,00;CustomerAssign;bima_customerassign_date tersedia (durasi negatif di-clamp ke 0 = Comply);0,00;Comply
202605;TREG 2;BANDUNG;SUMEDANG;UBR;migrate;24,00;CustomerAssign;bima_customerassign_date tersedia (durasi negatif di-clamp ke 0 = Comply);28,01;Not Comply
202605;TREG 2;BANTEN;LENGKONG;LKG;migrate;24,00;CustomerAssign;bima_customerassign_date tersedia (durasi negatif di-clamp ke 0 = Comply);9,01;Comply
202605;TREG 3;BALI;DENPASAR UTARA;UBN;migrate;24,00;CustomerAssign;bima_customerassign_date tersedia (durasi negatif di-clamp ke 0 = Comply);28,11;Not Comply
202605;TREG 3;SEMARANG JATENG UTARA;UNGARAN;UNR;migrate;24,00;CustomerAssign;bima_customerassign_date tersedia (durasi negatif di-clamp ke 0 = Comply);0,00;Comply
202605;TREG 3;JATIM TIMUR;BANYUWANGI;MCR;create;48,00;CustomerAssign;bima_customerassign_date tersedia (durasi negatif di-clamp ke 0 = Comply);0,00;Comply
202605;TREG 4;BALIKPAPAN;TANAHGROGOT;TNG;migrate;24,00;CustomerAssign;bima_customerassign_date tersedia (durasi negatif di-clamp ke 0 = Comply);0,00;Comply
202605;TREG 4;BALIKPAPAN;TANAHGROGOT;TNG;create;48,00;CustomerAssign;bima_customerassign_date tersedia (durasi negatif di-clamp ke 0 = Comply);0,00;Comply
202605;TREG 4;BALIKPAPAN;BALIKPAPAN;GSA;migrate;24,00;CustomerAssign;bima_customerassign_date tersedia (durasi negatif di-clamp ke 0 = Comply);0,00;Comply
202605;TREG 2;PRIANGAN BARAT;KUJANG;DMG;migrate;24,00;CustomerAssign;bima_customerassign_date tersedia (durasi negatif di-clamp ke 0 = Comply);0,00;Comply
202605;TREG 2;PRIANGAN BARAT;DEPOK;CNE;create;48,00;CustomerAssign;bima_customerassign_date tersedia (durasi negatif di-clamp ke 0 = Comply);76,41;Not Comply
202605;TREG 2;PRIANGAN BARAT;KUJANG;PAR;migrate;24,00;CustomerAssign;bima_customerassign_date tersedia (durasi negatif di-clamp ke 0 = Comply);172,42;Not Comply
202605;TREG 5;SULBAGSEL;MAKASSAR;ANT;migrate;24,00;CustomerAssign;bima_customerassign_date tersedia (durasi negatif di-clamp ke 0 = Comply);273,52;Not Comply
202605;TREG 3;JATIM TIMUR;JEMBER;KBS;create;48,00;CustomerAssign;bima_customerassign_date tersedia (durasi negatif di-clamp ke 0 = Comply);0,00;Comply
202605;TREG 5;SULBAGSEL;MAROS;SUD;migrate;24,00;CustomerAssign;bima_customerassign_date tersedia (durasi negatif di-clamp ke 0 = Comply);105,65;Not Comply
202605;TREG 2;JAKARTA OUTER;JAKTIM;PGG;migrate;24,00;CustomerAssign;bima_customerassign_date tersedia (durasi negatif di-clamp ke 0 = Comply);0,00;Comply
202605;TREG 5;SULBAGSEL;MAROS;SUD;migrate;24,00;CustomerAssign;bima_customerassign_date tersedia (durasi negatif di-clamp ke 0 = Comply);170,67;Not Comply
202605;TREG 5;SULBAGSEL;MAKASSAR;BAL;migrate;24,00;CustomerAssign;bima_customerassign_date tersedia (durasi negatif di-clamp ke 0 = Comply);316,68;Not Comply
202605;TREG 2;PRIANGAN BARAT;KUJANG;SPL;migrate;24,00;CustomerAssign;bima_customerassign_date tersedia (durasi negatif di-clamp ke 0 = Comply);28,71;Not Comply
202605;TREG 2;PRIANGAN BARAT;KUJANG;SPL;migrate;24,00;CustomerAssign;bima_customerassign_date tersedia (durasi negatif di-clamp ke 0 = Comply);2,75;Comply
202605;TREG 2;PRIANGAN BARAT;DEPOK;DEP;migrate;24,00;CustomerAssign;bima_customerassign_date tersedia (durasi negatif di-clamp ke 0 = Comply);0,00;Comply
202605;TREG 4;KALTIMTARA;BULUNGAN BERAU;LNN;create;48,00;CustomerAssign;bima_customerassign_date tersedia (durasi negatif di-clamp ke 0 = Comply);0,00;Comply
202605;TREG 4;BALIKPAPAN;BALIKPAPAN;BRU;migrate;24,00;CustomerAssign;bima_customerassign_date tersedia (durasi negatif di-clamp ke 0 = Comply);0,00;Comply
202605;TREG 4;KALTIMTARA;TARAKAN;TRK;create;48,00;CustomerAssign;bima_customerassign_date tersedia (durasi negatif di-clamp ke 0 = Comply);0,00;Comply
202605;TREG 3;BALI;DENPASAR UTARA;UBN;create;48,00;CustomerAssign;bima_customerassign_date tersedia (durasi negatif di-clamp ke 0 = Comply);4,84;Comply
202605;TREG 2;JAKARTA OUTER;JAKTIM;GAN;create;48,00;CustomerAssign;bima_customerassign_date tersedia (durasi negatif di-clamp ke 0 = Comply);268,91;Not Comply
202605;TREG 2;JAKARTA OUTER;JAKSEL;JAG;migrate;24,00;CustomerAssign;bima_customerassign_date tersedia (durasi negatif di-clamp ke 0 = Comply);2,92;Comply
202605;TREG 5;SULBAGSEL;KENDARI;MDG;create;48,00;CustomerAssign;bima_customerassign_date tersedia (durasi negatif di-clamp ke 0 = Comply);0,00;Comply
202605;TREG 3;SEMARANG JATENG UTARA;BATANG;BTG;migrate;24,00;CustomerAssign;bima_customerassign_date tersedia (durasi negatif di-clamp ke 0 = Comply);26,98;Not Comply
202605;TREG 3;SEMARANG JATENG UTARA;PEKALONGAN;PKL;migrate;24,00;CustomerAssign;bima_customerassign_date tersedia (durasi negatif di-clamp ke 0 = Comply);53,03;Not Comply
202605;TREG 3;SEMARANG JATENG UTARA;BATANG;BTG;migrate;24,00;CustomerAssign;bima_customerassign_date tersedia (durasi negatif di-clamp ke 0 = Comply);147,06;Not Comply
202605;TREG 2;BANDUNG;BANDUNG BARAT;RJW;migrate;24,00;CustomerAssign;bima_customerassign_date tersedia (durasi negatif di-clamp ke 0 = Comply);5,06;Comply
202605;TREG 2;JAKARTA OUTER;JAKTIM;KRG;create;48,00;CustomerAssign;bima_customerassign_date tersedia (durasi negatif di-clamp ke 0 = Comply);3,10;Comply
202605;TREG 2;JAKARTA OUTER;JAKSEL;BIN;migrate;24,00;CustomerAssign;bima_customerassign_date tersedia (durasi negatif di-clamp ke 0 = Comply);0,00;Comply
202605;TREG 2;BANTEN;CIPUTAT;CPA;create;48,00;CustomerAssign;bima_customerassign_date tersedia (durasi negatif di-clamp ke 0 = Comply);0,00;Comply
202605;TREG 2;JAKARTA OUTER;JAKSEL;BIN;migrate;24,00;CustomerAssign;bima_customerassign_date tersedia (durasi negatif di-clamp ke 0 = Comply);10,21;Comply
202605;TREG 5;SULBAGSEL;MAKASSAR;PNK;create;48,00;CustomerAssign;bima_customerassign_date tersedia (durasi negatif di-clamp ke 0 = Comply);0,00;Comply
202605;TREG 3;SURAMADU;SURABAYA SELATAN;JGR;create;48,00;CustomerAssign;bima_customerassign_date tersedia (durasi negatif di-clamp ke 0 = Comply);3,31;Comply
202605;TREG 3;SURAMADU;LAMONGAN;LMG;create;48,00;CustomerAssign;bima_customerassign_date tersedia (durasi negatif di-clamp ke 0 = Comply);29,52;Comply
202605;TREG 4;KALTIMTARA;BULUNGAN BERAU;TSL;migrate;24,00;CustomerAssign;bima_customerassign_date tersedia (durasi negatif di-clamp ke 0 = Comply);0,00;Comply
202605;TREG 2;BANDUNG;SUMEDANG;CJA;create;48,00;CustomerAssign;bima_customerassign_date tersedia (durasi negatif di-clamp ke 0 = Comply);0,00;Comply
202605;TREG 1;SUMUT;MEDAN;TMU;create;48,00;CustomerAssign;bima_customerassign_date tersedia (durasi negatif di-clamp ke 0 = Comply);10,61;Comply
202605;TREG 3;JATIM TIMUR;PASURUAN;PSN;migrate;24,00;CustomerAssign;bima_customerassign_date tersedia (durasi negatif di-clamp ke 0 = Comply);0,00;Comply
202605;TREG 3;SEMARANG JATENG UTARA;PEKALONGAN;PKL;migrate;24,00;CustomerAssign;bima_customerassign_date tersedia (durasi negatif di-clamp ke 0 = Comply);101,70;Not Comply
202605;TREG 1;SUMBAR JAMBI;SOLOK;TWI;migrate;24,00;CustomerAssign;bima_customerassign_date tersedia (durasi negatif di-clamp ke 0 = Comply);34,71;Not Comply
202605;TREG 4;BALIKPAPAN;BALIKPAPAN;MGG;migrate;24,00;CustomerAssign;bima_customerassign_date tersedia (durasi negatif di-clamp ke 0 = Comply);3,80;Comply
202605;TREG 1;RIAU;RIDAR;PBB;migrate;24,00;CustomerAssign;bima_customerassign_date tersedia (durasi negatif di-clamp ke 0 = Comply);8,82;Comply
202605;TREG 3;YOGYA JATENG SELATAN;YOGYAKARTA;KBU;migrate;24,00;CustomerAssign;bima_customerassign_date tersedia (durasi negatif di-clamp ke 0 = Comply);0,00;Comply
202605;TREG 1;RIAU;BANGKINANG;ARK;migrate;24,00;CustomerAssign;bima_customerassign_date tersedia (durasi negatif di-clamp ke 0 = Comply);25,84;Not Comply
202605;TREG 2;PRIANGAN BARAT;DEPOK;DEP;migrate;24,00;CustomerAssign;bima_customerassign_date tersedia (durasi negatif di-clamp ke 0 = Comply);29,91;Not Comply
202605;TREG 1;RIAU;DUMAI;BAS;migrate;24,00;CustomerAssign;bima_customerassign_date tersedia (durasi negatif di-clamp ke 0 = Comply);6,11;Comply
202605;TREG 2;PRIANGAN BARAT;CIBINONG;CBI;create;48,00;CustomerAssign;bima_customerassign_date tersedia (durasi negatif di-clamp ke 0 = Comply);0,00;Comply
202605;TREG 2;BEKASI KARAWANG;SUBANG;SUB;migrate;24,00;CustomerAssign;bima_customerassign_date tersedia (durasi negatif di-clamp ke 0 = Comply);0,00;Comply
202605;TREG 1;ACEH;MEULABOH;MBO;migrate;24,00;CustomerAssign;bima_customerassign_date tersedia (durasi negatif di-clamp ke 0 = Comply);6,42;Comply
202605;TREG 1;ACEH;ACEH;DAR;migrate;24,00;CustomerAssign;bima_customerassign_date tersedia (durasi negatif di-clamp ke 0 = Comply);6,45;Comply
202605;TREG 2;BEKASI KARAWANG;PURWAKARTA;CKP;migrate;24,00;CustomerAssign;bima_customerassign_date tersedia (durasi negatif di-clamp ke 0 = Comply);4,45;Comply
202605;TREG 1;ACEH;ACEH;LTM;create;48,00;CustomerAssign;bima_customerassign_date tersedia (durasi negatif di-clamp ke 0 = Comply);28,48;Comply
202605;TREG 1;RIAU;BANGKINANG;UBT;migrate;24,00;CustomerAssign;bima_customerassign_date tersedia (durasi negatif di-clamp ke 0 = Comply);246,55;Not Comply
202605;TREG 2;JAKARTA OUTER;JAKTIM;GAN;migrate;24,00;CustomerAssign;bima_customerassign_date tersedia (durasi negatif di-clamp ke 0 = Comply);6,58;Comply
202605;TREG 2;JAKARTA INNER;JAKBAR;MRY;create;48,00;CustomerAssign;bima_customerassign_date tersedia (durasi negatif di-clamp ke 0 = Comply);35,72;Comply
202605;TREG 3;SEMARANG JATENG UTARA;SEMARANG;SMT;migrate;24,00;CustomerAssign;bima_customerassign_date tersedia (durasi negatif di-clamp ke 0 = Comply);52,74;Not Comply
202605;TREG 2;JAKARTA OUTER;JAKTIM;KRG;migrate;24,00;CustomerAssign;bima_customerassign_date tersedia (durasi negatif di-clamp ke 0 = Comply);683,78;Not Comply
202605;TREG 4;KALTIMTARA;TARAKAN;TRK;create;48,00;CustomerAssign;bima_customerassign_date tersedia (durasi negatif di-clamp ke 0 = Comply);52,86;Not Comply
202605;TREG 2;BEKASI KARAWANG;CIKARANG;BGG;migrate;24,00;CustomerAssign;bima_customerassign_date tersedia (durasi negatif di-clamp ke 0 = Comply);7,03;Comply
202605;TREG 5;SUMALUT;MENADO;MDO;migrate;24,00;CustomerAssign;bima_customerassign_date tersedia (durasi negatif di-clamp ke 0 = Comply);0,00;Comply
202605;TREG 2;BANTEN;CIPUTAT;CLD;migrate;24,00;CustomerAssign;bima_customerassign_date tersedia (durasi negatif di-clamp ke 0 = Comply);0,00;Comply
202605;TREG 2;BEKASI KARAWANG;CIKARANG;BGG;migrate;24,00;CustomerAssign;bima_customerassign_date tersedia (durasi negatif di-clamp ke 0 = Comply);0,00;Comply
202605;TREG 2;BANTEN;CIKUPA;CKA;create;48,00;CustomerAssign;bima_customerassign_date tersedia (durasi negatif di-clamp ke 0 = Comply);0,00;Comply
202605;TREG 3;BALI;DENPASAR SELATAN;BNO;create;48,00;CustomerAssign;bima_customerassign_date tersedia (durasi negatif di-clamp ke 0 = Comply);36,23;Comply
202605;TREG 3;JATIM TIMUR;LUMAJANG;LMJ;migrate;24,00;CustomerAssign;bima_customerassign_date tersedia (durasi negatif di-clamp ke 0 = Comply);7,25;Comply
202605;TREG 4;KALBAR;KETAPANG;KTP;migrate;24,00;CustomerAssign;bima_customerassign_date tersedia (durasi negatif di-clamp ke 0 = Comply);7,28;Comply
202605;TREG 4;KALTIMTARA;TARAKAN;TRK;migrate;24,00;CustomerAssign;bima_customerassign_date tersedia (durasi negatif di-clamp ke 0 = Comply);0,00;Comply
202605;TREG 4;KALTIMTARA;TARAKAN;TRK;migrate;24,00;CustomerAssign;bima_customerassign_date tersedia (durasi negatif di-clamp ke 0 = Comply);5,47;Comply
202605;TREG 4;KALTIMTARA;TARAKAN;TRK;migrate;24,00;CustomerAssign;bima_customerassign_date tersedia (durasi negatif di-clamp ke 0 = Comply);0,00;Comply
202605;TREG 3;SOLO JATENG TIMUR;KLATEN;KLX;migrate;24,00;CustomerAssign;bima_customerassign_date tersedia (durasi negatif di-clamp ke 0 = Comply);8,80;Comply
202605;TREG 3;SOLO JATENG TIMUR;SOLO;GLD;migrate;24,00;CustomerAssign;bima_customerassign_date tersedia (durasi negatif di-clamp ke 0 = Comply);7,82;Comply
202605;TREG 3;BALI;DENPASAR UTARA;UBN;migrate;24,00;CustomerAssign;bima_customerassign_date tersedia (durasi negatif di-clamp ke 0 = Comply);7,83;Comply
202605;TREG 2;JAKARTA OUTER;JAKTIM;KLD;migrate;24,00;CustomerAssign;bima_customerassign_date tersedia (durasi negatif di-clamp ke 0 = Comply);0,00;Comply
202605;TREG 2;BANTEN;CIPUTAT;SRH;migrate;24,00;CustomerAssign;bima_customerassign_date tersedia (durasi negatif di-clamp ke 0 = Comply);5,95;Comply
202605;TREG 5;SULBAGSEL;GOWA;SUG;migrate;24,00;CustomerAssign;bima_customerassign_date tersedia (durasi negatif di-clamp ke 0 = Comply);109,18;Not Comply
202605;TREG 2;JAKARTA OUTER;JAKSEL;TBE;migrate;24,00;CustomerAssign;bima_customerassign_date tersedia (durasi negatif di-clamp ke 0 = Comply);13,37;Comply
202605;TREG 3;SOLO JATENG TIMUR;SOLO;KRT;migrate;24,00;CustomerAssign;bima_customerassign_date tersedia (durasi negatif di-clamp ke 0 = Comply);0,00;Comply
202605;TREG 3;SURAMADU;SURABAYA SELATAN;DMO;create;48,00;CustomerAssign;bima_customerassign_date tersedia (durasi negatif di-clamp ke 0 = Comply);6,80;Comply
202605;TREG 2;JAKARTA CENTRUM;JAKUT;TPR;create;48,00;CustomerAssign;bima_customerassign_date tersedia (durasi negatif di-clamp ke 0 = Comply);0,00;Comply
202605;TREG 2;JAKARTA OUTER;JAKSEL;TBE;migrate;24,00;CustomerAssign;bima_customerassign_date tersedia (durasi negatif di-clamp ke 0 = Comply);0,00;Comply
202605;TREG 1;RIAU;DUMAI;DRI;migrate;24,00;CustomerAssign;bima_customerassign_date tersedia (durasi negatif di-clamp ke 0 = Comply);206,61;Not Comply
202605;TREG 2;PRIANGAN TIMUR;TASIKMALAYA;TSM;migrate;24,00;CustomerAssign;bima_customerassign_date tersedia (durasi negatif di-clamp ke 0 = Comply);0,00;Comply
202605;TREG 5;PAPUA;JAYAPURA;JAP;migrate;24,00;CustomerAssign;bima_customerassign_date tersedia (durasi negatif di-clamp ke 0 = Comply);0,00;Comply
202605;TREG 5;PAPUA;BIAK;BIA;migrate;24,00;CustomerAssign;bima_customerassign_date tersedia (durasi negatif di-clamp ke 0 = Comply);66,29;Not Comply
202605;TREG 2;JAKARTA OUTER;JAKTIM;RMG;migrate;24,00;CustomerAssign;bima_customerassign_date tersedia (durasi negatif di-clamp ke 0 = Comply);65,14;Not Comply
202605;TREG 4;BALIKPAPAN;TANAHGROGOT;KRO;migrate;24,00;CustomerAssign;bima_customerassign_date tersedia (durasi negatif di-clamp ke 0 = Comply);24,45;Not Comply
202605;TREG 4;KALBAR;SINGKAWANG;SNW;migrate;24,00;CustomerAssign;bima_customerassign_date tersedia (durasi negatif di-clamp ke 0 = Comply);0,00;Comply
202605;TREG 5;SULBAGSEL;GOWA;SUG;migrate;24,00;CustomerAssign;bima_customerassign_date tersedia (durasi negatif di-clamp ke 0 = Comply);504,77;Not Comply
202605;TREG 5;SULBAGSEL;MAKASSAR;MAT;migrate;24,00;CustomerAssign;bima_customerassign_date tersedia (durasi negatif di-clamp ke 0 = Comply);0,00;Comply
202605;TREG 3;SURAMADU;SURABAYA UTARA;MGO;create;48,00;CustomerAssign;bima_customerassign_date tersedia (durasi negatif di-clamp ke 0 = Comply);0,90;Comply
202605;TREG 3;SURAMADU;MADURA;SPG;create;48,00;CustomerAssign;bima_customerassign_date tersedia (durasi negatif di-clamp ke 0 = Comply);0,00;Comply
202605;TREG 3;NUSA TENGGARA;NTB;MTR;migrate;24,00;CustomerAssign;bima_customerassign_date tersedia (durasi negatif di-clamp ke 0 = Comply);0,00;Comply
202605;TREG 2;JAKARTA INNER;JAKBAR;CKG;migrate;24,00;CustomerAssign;bima_customerassign_date tersedia (durasi negatif di-clamp ke 0 = Comply);0,00;Comply
202605;TREG 4;BALIKPAPAN;BALIKPAPAN;BRU;migrate;24,00;CustomerAssign;bima_customerassign_date tersedia (durasi negatif di-clamp ke 0 = Comply);24,95;Not Comply
202605;TREG 5;SULBAGSEL;KOLAKA;KKA;migrate;24,00;CustomerAssign;bima_customerassign_date tersedia (durasi negatif di-clamp ke 0 = Comply);0,00;Comply
202605;TREG 4;KALBAR;PONTIANAK;PTK;migrate;24,00;CustomerAssign;bima_customerassign_date tersedia (durasi negatif di-clamp ke 0 = Comply);0,00;Comply
202605;TREG 4;KALTIMTARA;MELAK;TGG;migrate;24,00;CustomerAssign;bima_customerassign_date tersedia (durasi negatif di-clamp ke 0 = Comply);26,02;Not Comply
202605;TREG 4;KALSELTENG;BANJARBARU;MTP;migrate;24,00;CustomerAssign;bima_customerassign_date tersedia (durasi negatif di-clamp ke 0 = Comply);21,11;Comply
202605;TREG 2;PRIANGAN BARAT;KUJANG;PAR;migrate;24,00;CustomerAssign;bima_customerassign_date tersedia (durasi negatif di-clamp ke 0 = Comply);146,31;Not Comply
202605;TREG 2;BANDUNG;BANDUNG;LBG;create;48,00;CustomerAssign;bima_customerassign_date tersedia (durasi negatif di-clamp ke 0 = Comply);2,35;Comply
202605;TREG 4;KALTIMTARA;BULUNGAN BERAU;TRD;migrate;24,00;CustomerAssign;bima_customerassign_date tersedia (durasi negatif di-clamp ke 0 = Comply);0,00;Comply
202605;TREG 2;BANTEN;CIPUTAT;CPA;migrate;24,00;CustomerAssign;bima_customerassign_date tersedia (durasi negatif di-clamp ke 0 = Comply);0,00;Comply
202605;TREG 3;JATIM BARAT;MALANG;BRG;migrate;24,00;CustomerAssign;bima_customerassign_date tersedia (durasi negatif di-clamp ke 0 = Comply);20,32;Comply
202605;TREG 2;BANTEN;CIPUTAT;CPA;create;48,00;CustomerAssign;bima_customerassign_date tersedia (durasi negatif di-clamp ke 0 = Comply);0,00;Comply
202605;TREG 2;BANTEN;CIPUTAT;CLD;migrate;24,00;CustomerAssign;bima_customerassign_date tersedia (durasi negatif di-clamp ke 0 = Comply);22,48;Comply
202605;TREG 1;RIAU;RIKEP;NGS;create;48,00;CustomerAssign;bima_customerassign_date tersedia (durasi negatif di-clamp ke 0 = Comply);46,49;Comply
202605;TREG 1;RIAU;DUMAI;DUM;migrate;24,00;CustomerAssign;bima_customerassign_date tersedia (durasi negatif di-clamp ke 0 = Comply);142,57;Not Comply
202605;TREG 1;RIAU;INDRAGIRI;TBH;migrate;24,00;CustomerAssign;bima_customerassign_date tersedia (durasi negatif di-clamp ke 0 = Comply);44,59;Not Comply
202605;TREG 3;YOGYA JATENG SELATAN;YOGYAKARTA;KBU;create;48,00;CustomerAssign;bima_customerassign_date tersedia (durasi negatif di-clamp ke 0 = Comply);44,63;Comply
202605;TREG 3;JATIM BARAT;TUBAN;MRR;migrate;24,00;CustomerAssign;bima_customerassign_date tersedia (durasi negatif di-clamp ke 0 = Comply);147,65;Not Comply
202605;TREG 3;SURAMADU;SURABAYA UTARA;LKI;create;48,00;CustomerAssign;bima_customerassign_date tersedia (durasi negatif di-clamp ke 0 = Comply);75,78;Not Comply
202605;TREG 1;RIAU;BANGKINANG;PKR;migrate;24,00;CustomerAssign;bima_customerassign_date tersedia (durasi negatif di-clamp ke 0 = Comply);0,00;Comply
202605;TREG 3;YOGYA JATENG SELATAN;BANTUL;WNS;create;48,00;CustomerAssign;bima_customerassign_date tersedia (durasi negatif di-clamp ke 0 = Comply);0,00;Comply
202605;TREG 4;KALSELTENG;MUARA TEWEH;MTW;migrate;24,00;CustomerAssign;bima_customerassign_date tersedia (durasi negatif di-clamp ke 0 = Comply);0,00;Comply
202605;TREG 4;KALSELTENG;SAMPIT;SAI;migrate;24,00;CustomerAssign;bima_customerassign_date tersedia (durasi negatif di-clamp ke 0 = Comply);0,00;Comply
202605;TREG 5;PAPUA BARAT;TIMIKA;TIM;migrate;24,00;CustomerAssign;bima_customerassign_date tersedia (durasi negatif di-clamp ke 0 = Comply);20,96;Comply
202605;TREG 2;BANTEN;CIPUTAT;PKU;create;48,00;CustomerAssign;bima_customerassign_date tersedia (durasi negatif di-clamp ke 0 = Comply);0,00;Comply
202605;TREG 4;KALBAR;SANGGAU;BDO;migrate;24,00;CustomerAssign;bima_customerassign_date tersedia (durasi negatif di-clamp ke 0 = Comply);719,08;Not Comply
202605;TREG 2;JAKARTA INNER;JAKBAR;KSB;create;48,00;CustomerAssign;bima_customerassign_date tersedia (durasi negatif di-clamp ke 0 = Comply);23,08;Comply
202605;TREG 4;KALSELTENG;TANJUNG TABALONG;KDG;migrate;24,00;CustomerAssign;bima_customerassign_date tersedia (durasi negatif di-clamp ke 0 = Comply);0,00;Comply
202605;TREG 2;JAKARTA INNER;JAKBAR;PLM;create;48,00;CustomerAssign;bima_customerassign_date tersedia (durasi negatif di-clamp ke 0 = Comply);0,00;Comply
202605;TREG 2;JAKARTA CENTRUM;JAKUT;TPR;migrate;24,00;CustomerAssign;bima_customerassign_date tersedia (durasi negatif di-clamp ke 0 = Comply);0,00;Comply
202605;TREG 2;JAKARTA OUTER;JAKTIM;RMG;migrate;24,00;CustomerAssign;bima_customerassign_date tersedia (durasi negatif di-clamp ke 0 = Comply);0,00;Comply
202605;TREG 2;BANDUNG;BANDUNG BARAT;CMI;migrate;24,00;CustomerAssign;bima_customerassign_date tersedia (durasi negatif di-clamp ke 0 = Comply);52,56;Not Comply
202605;TREG 4;BALIKPAPAN;BALIKPAPAN;GSA;migrate;24,00;CustomerAssign;bima_customerassign_date tersedia (durasi negatif di-clamp ke 0 = Comply);0,00;Comply
202605;TREG 5;SUMALUT;MENADO;PIK;migrate;24,00;CustomerAssign;bima_customerassign_date tersedia (durasi negatif di-clamp ke 0 = Comply);196,72;Not Comply
202605;TREG 3;SOLO JATENG TIMUR;SOLO;KRT;migrate;24,00;CustomerAssign;bima_customerassign_date tersedia (durasi negatif di-clamp ke 0 = Comply);0,00;Comply
202605;TREG 3;SOLO JATENG TIMUR;SOLO;SOP;migrate;24,00;CustomerAssign;bima_customerassign_date tersedia (durasi negatif di-clamp ke 0 = Comply);0,00;Comply
202605;TREG 5;SUMALUT;BITUNG;AMD;migrate;24,00;CustomerAssign;bima_customerassign_date tersedia (durasi negatif di-clamp ke 0 = Comply);22,85;Comply
202605;TREG 3;NUSA TENGGARA;NTB;GER;migrate;24,00;CustomerAssign;bima_customerassign_date tersedia (durasi negatif di-clamp ke 0 = Comply);4,89;Comply
202605;TREG 3;SURAMADU;SURABAYA UTARA;KPS;migrate;24,00;CustomerAssign;bima_customerassign_date tersedia (durasi negatif di-clamp ke 0 = Comply);44,01;Not Comply
202605;TREG 1;SUMBAR JAMBI;SUMBAR;SIE;migrate;24,00;CustomerAssign;bima_customerassign_date tersedia (durasi negatif di-clamp ke 0 = Comply);5,07;Comply
202605;TREG 5;SULBAGSEL;KOLAKA;KKA;migrate;24,00;CustomerAssign;bima_customerassign_date tersedia (durasi negatif di-clamp ke 0 = Comply);149,09;Not Comply
202605;TREG 4;KALSELTENG;SAMPIT;SAI;migrate;24,00;CustomerAssign;bima_customerassign_date tersedia (durasi negatif di-clamp ke 0 = Comply);0,00;Comply
202605;TREG 3;SEMARANG JATENG UTARA;UNGARAN;UNR;migrate;24,00;CustomerAssign;bima_customerassign_date tersedia (durasi negatif di-clamp ke 0 = Comply);0,00;Comply
202605;TREG 2;BANTEN;BANTEN;CKD;migrate;24,00;CustomerAssign;bima_customerassign_date tersedia (durasi negatif di-clamp ke 0 = Comply);0,00;Comply
202605;TREG 4;KALSELTENG;TANJUNG TABALONG;KDG;migrate;24,00;CustomerAssign;bima_customerassign_date tersedia (durasi negatif di-clamp ke 0 = Comply);0,00;Comply
202605;TREG 4;KALSELTENG;TANJUNG TABALONG;TJL;migrate;24,00;CustomerAssign;bima_customerassign_date tersedia (durasi negatif di-clamp ke 0 = Comply);0,00;Comply
202605;TREG 4;KALSELTENG;TANJUNG TABALONG;BRI;migrate;24,00;CustomerAssign;bima_customerassign_date tersedia (durasi negatif di-clamp ke 0 = Comply);0,00;Comply
202605;TREG 5;SULBAGSEL;KENDARI;KDR;migrate;24,00;CustomerAssign;bima_customerassign_date tersedia (durasi negatif di-clamp ke 0 = Comply);190,73;Not Comply
202605;TREG 2;PRIANGAN BARAT;DEPOK;SKJ;migrate;24,00;CustomerAssign;bima_customerassign_date tersedia (durasi negatif di-clamp ke 0 = Comply);0,00;Comply
202605;TREG 2;JAKARTA OUTER;JAKSEL;KAL;migrate;24,00;CustomerAssign;bima_customerassign_date tersedia (durasi negatif di-clamp ke 0 = Comply);77,80;Not Comply
202605;TREG 5;SULBAGSEL;KENDARI;MDG;migrate;24,00;CustomerAssign;bima_customerassign_date tersedia (durasi negatif di-clamp ke 0 = Comply);142,82;Not Comply
202605;TREG 2;BEKASI KARAWANG;CIKARANG;LMA;create;48,00;CustomerAssign;bima_customerassign_date tersedia (durasi negatif di-clamp ke 0 = Comply);96,85;Not Comply
202605;TREG 4;BALIKPAPAN;BALIKPAPAN;BRU;migrate;24,00;CustomerAssign;bima_customerassign_date tersedia (durasi negatif di-clamp ke 0 = Comply);0,00;Comply
202605;TREG 4;KALSELTENG;BATULICIN;KPL;migrate;24,00;CustomerAssign;bima_customerassign_date tersedia (durasi negatif di-clamp ke 0 = Comply);0,00;Comply
202605;TREG 4;KALTIMTARA;BONTANG;BOT;migrate;24,00;CustomerAssign;bima_customerassign_date tersedia (durasi negatif di-clamp ke 0 = Comply);1,05;Comply
202605;TREG 3;YOGYA JATENG SELATAN;YOGYAKARTA;PGR;create;48,00;CustomerAssign;bima_customerassign_date tersedia (durasi negatif di-clamp ke 0 = Comply);1,21;Comply
202605;TREG 2;BANDUNG;BANDUNG BARAT;NJG;migrate;24,00;CustomerAssign;bima_customerassign_date tersedia (durasi negatif di-clamp ke 0 = Comply);25,25;Not Comply
202605;TREG 2;JAKARTA OUTER;JAKSEL;CPE;create;48,00;CustomerAssign;bima_customerassign_date tersedia (durasi negatif di-clamp ke 0 = Comply);6,52;Comply
202605;TREG 2;BANDUNG;BANDUNG;DGO;migrate;24,00;CustomerAssign;bima_customerassign_date tersedia (durasi negatif di-clamp ke 0 = Comply);0,00;Comply
202605;TREG 5;PAPUA BARAT;TIMIKA;TIM;migrate;24,00;CustomerAssign;bima_customerassign_date tersedia (durasi negatif di-clamp ke 0 = Comply);0,00;Comply
202605;TREG 4;KALTIMTARA;TARAKAN;TRK;migrate;24,00;CustomerAssign;bima_customerassign_date tersedia (durasi negatif di-clamp ke 0 = Comply);25,75;Not Comply
202605;TREG 3;SURAMADU;SURABAYA UTARA;KRP;create;48,00;CustomerAssign;bima_customerassign_date tersedia (durasi negatif di-clamp ke 0 = Comply);0,00;Comply
202605;TREG 4;BALIKPAPAN;BALIKPAPAN;BAM;create;48,00;CustomerAssign;bima_customerassign_date tersedia (durasi negatif di-clamp ke 0 = Comply);30,79;Comply
202605;TREG 2;BANTEN;LENGKONG;LGK;create;48,00;CustomerAssign;bima_customerassign_date tersedia (durasi negatif di-clamp ke 0 = Comply);6,79;Comply
202605;TREG 3;SURAMADU;SURABAYA UTARA;MGO;migrate;24,00;CustomerAssign;bima_customerassign_date tersedia (durasi negatif di-clamp ke 0 = Comply);0,00;Comply
202605;TREG 2;JAKARTA OUTER;JAKSEL;PSM;create;48,00;CustomerAssign;bima_customerassign_date tersedia (durasi negatif di-clamp ke 0 = Comply);2,05;Comply
202605;TREG 4;BALIKPAPAN;BALIKPAPAN;BAM;create;48,00;CustomerAssign;bima_customerassign_date tersedia (durasi negatif di-clamp ke 0 = Comply);0,00;Comply
202605;TREG 2;BEKASI KARAWANG;BEKASI;PDE;create;48,00;CustomerAssign;bima_customerassign_date tersedia (durasi negatif di-clamp ke 0 = Comply);2,16;Comply
202605;TREG 3;SEMARANG JATENG UTARA;PEMALANG;PML;create;48,00;CustomerAssign;bima_customerassign_date tersedia (durasi negatif di-clamp ke 0 = Comply);50,16;Not Comply
202605;TREG 2;JAKARTA CENTRUM;JAKPUS;CPP;create;48,00;CustomerAssign;bima_customerassign_date tersedia (durasi negatif di-clamp ke 0 = Comply);50,21;Not Comply
202605;TREG 1;RIAU;BANGKINANG;ARK;create;48,00;CustomerAssign;bima_customerassign_date tersedia (durasi negatif di-clamp ke 0 = Comply);0,00;Comply
202605;TREG 5;SUMALUT;MINAHASA;TMH;migrate;24,00;CustomerAssign;bima_customerassign_date tersedia (durasi negatif di-clamp ke 0 = Comply);170,29;Not Comply
202605;TREG 3;JATIM BARAT;MALANG;KLJ;migrate;24,00;CustomerAssign;bima_customerassign_date tersedia (durasi negatif di-clamp ke 0 = Comply);0,00;Comply
202605;TREG 2;PRIANGAN BARAT;SUKABUMI;SKB;migrate;24,00;CustomerAssign;bima_customerassign_date tersedia (durasi negatif di-clamp ke 0 = Comply);72,48;Not Comply
202605;TREG 3;SURAMADU;SURABAYA SELATAN;TPO;migrate;24,00;CustomerAssign;bima_customerassign_date tersedia (durasi negatif di-clamp ke 0 = Comply);0,00;Comply
202605;TREG 4;BALIKPAPAN;BALIKPAPAN;BRU;migrate;24,00;CustomerAssign;bima_customerassign_date tersedia (durasi negatif di-clamp ke 0 = Comply);55,58;Not Comply
202605;TREG 2;JAKARTA OUTER;JAKTIM;JTN;create;48,00;CustomerAssign;bima_customerassign_date tersedia (durasi negatif di-clamp ke 0 = Comply);0,00;Comply
202605;TREG 2;BANTEN;CIPUTAT;CPA;migrate;24,00;CustomerAssign;bima_customerassign_date tersedia (durasi negatif di-clamp ke 0 = Comply);31,73;Not Comply
202605;TREG 5;SUMALUT;AMBON;ABO;create;48,00;CustomerAssign;bima_customerassign_date tersedia (durasi negatif di-clamp ke 0 = Comply);0,00;Comply
202605;TREG 2;JAKARTA CENTRUM;JAKUT;TPR;migrate;24,00;CustomerAssign;bima_customerassign_date tersedia (durasi negatif di-clamp ke 0 = Comply);0,00;Comply
202605;TREG 2;JAKARTA INNER;JAKBAR;SLP;migrate;24,00;CustomerAssign;bima_customerassign_date tersedia (durasi negatif di-clamp ke 0 = Comply);79,88;Not Comply
202605;TREG 1;RIAU;BANGKINANG;ARK;migrate;24,00;CustomerAssign;bima_customerassign_date tersedia (durasi negatif di-clamp ke 0 = Comply);6,09;Comply
202605;TREG 4;KALBAR;PONTIANAK;SRY;create;48,00;CustomerAssign;bima_customerassign_date tersedia (durasi negatif di-clamp ke 0 = Comply);32,16;Comply
202605;TREG 2;PRIANGAN TIMUR;TASIKMALAYA;TSM;create;48,00;CustomerAssign;bima_customerassign_date tersedia (durasi negatif di-clamp ke 0 = Comply);49,18;Not Comply
202605;TREG 4;KALTIMTARA;MELAK;SBR;migrate;24,00;CustomerAssign;bima_customerassign_date tersedia (durasi negatif di-clamp ke 0 = Comply);3,22;Comply
202605;TREG 2;BANTEN;LENGKONG;LKG;migrate;24,00;CustomerAssign;bima_customerassign_date tersedia (durasi negatif di-clamp ke 0 = Comply);56,26;Not Comply
202605;TREG 2;JAKARTA OUTER;JAKSEL;TBE;create;48,00;CustomerAssign;bima_customerassign_date tersedia (durasi negatif di-clamp ke 0 = Comply);3,37;Comply
202605;TREG 3;YOGYA JATENG SELATAN;CILACAP;MAO;migrate;24,00;CustomerAssign;bima_customerassign_date tersedia (durasi negatif di-clamp ke 0 = Comply);289,40;Not Comply
202605;TREG 5;SULBAGSEL;MAKASSAR;ANT;create;48,00;CustomerAssign;bima_customerassign_date tersedia (durasi negatif di-clamp ke 0 = Comply);0,00;Comply
202605;TREG 2;BANTEN;LENGKONG;LKG;migrate;24,00;CustomerAssign;bima_customerassign_date tersedia (durasi negatif di-clamp ke 0 = Comply);32,47;Not Comply
202605;TREG 3;SURAMADU;LAMONGAN;BDG;migrate;24,00;CustomerAssign;bima_customerassign_date tersedia (durasi negatif di-clamp ke 0 = Comply);51,55;Not Comply
202605;TREG 4;BALIKPAPAN;BALIKPAPAN;BRU;create;48,00;CustomerAssign;bima_customerassign_date tersedia (durasi negatif di-clamp ke 0 = Comply);0,00;Comply
202605;TREG 4;KALTIMTARA;SAMARINDA;LOB;create;48,00;CustomerAssign;bima_customerassign_date tersedia (durasi negatif di-clamp ke 0 = Comply);1,56;Comply
202605;TREG 4;KALSELTENG;TANJUNG TABALONG;RTA;migrate;24,00;CustomerAssign;bima_customerassign_date tersedia (durasi negatif di-clamp ke 0 = Comply);128,65;Not Comply
202605;TREG 2;JAKARTA OUTER;JAKTIM;PDK;create;48,00;CustomerAssign;bima_customerassign_date tersedia (durasi negatif di-clamp ke 0 = Comply);0,00;Comply
202605;TREG 3;SEMARANG JATENG UTARA;SEMARANG;MJE;create;48,00;CustomerAssign;bima_customerassign_date tersedia (durasi negatif di-clamp ke 0 = Comply);0,00;Comply
202605;TREG 2;JAKARTA INNER;JAKBAR;SMI;migrate;24,00;CustomerAssign;bima_customerassign_date tersedia (durasi negatif di-clamp ke 0 = Comply);27,95;Not Comply
202605;TREG 2;BANTEN;CIPUTAT;CLD;create;48,00;CustomerAssign;bima_customerassign_date tersedia (durasi negatif di-clamp ke 0 = Comply);8,96;Comply
202605;TREG 2;BANDUNG;BANDUNG;GGK;create;48,00;CustomerAssign;bima_customerassign_date tersedia (durasi negatif di-clamp ke 0 = Comply);1,99;Comply
202605;TREG 2;BANDUNG;BANDUNG;TRG;migrate;24,00;CustomerAssign;bima_customerassign_date tersedia (durasi negatif di-clamp ke 0 = Comply);0,00;Comply
202605;TREG 1;ACEH;ACEH;LTM;create;48,00;CustomerAssign;bima_customerassign_date tersedia (durasi negatif di-clamp ke 0 = Comply);33,07;Comply
202605;TREG 4;BALIKPAPAN;BALIKPAPAN;BRU;migrate;24,00;CustomerAssign;bima_customerassign_date tersedia (durasi negatif di-clamp ke 0 = Comply);0,00;Comply
202605;TREG 2;BEKASI KARAWANG;KARAWANG;TLJ;migrate;24,00;CustomerAssign;bima_customerassign_date tersedia (durasi negatif di-clamp ke 0 = Comply);2,24;Comply
202605;TREG 3;SURAMADU;SURABAYA UTARA;BBE;migrate;24,00;CustomerAssign;bima_customerassign_date tersedia (durasi negatif di-clamp ke 0 = Comply);50,24;Not Comply
202605;TREG 5;PAPUA;ABEPURA;ABE;migrate;24,00;CustomerAssign;bima_customerassign_date tersedia (durasi negatif di-clamp ke 0 = Comply);0,00;Comply
202605;TREG 2;BANDUNG;BANDUNG;GGK;create;48,00;CustomerAssign;bima_customerassign_date tersedia (durasi negatif di-clamp ke 0 = Comply);0,00;Comply
202605;TREG 2;JAKARTA CENTRUM;JAKUT;CIL;migrate;24,00;CustomerAssign;bima_customerassign_date tersedia (durasi negatif di-clamp ke 0 = Comply);0,00;Comply
202605;TREG 4;BALIKPAPAN;BALIKPAPAN;BAM;create;48,00;CustomerAssign;bima_customerassign_date tersedia (durasi negatif di-clamp ke 0 = Comply);0,00;Comply
202605;TREG 2;JAKARTA OUTER;JAKSEL;KBY;migrate;24,00;CustomerAssign;bima_customerassign_date tersedia (durasi negatif di-clamp ke 0 = Comply);33,48;Not Comply
202605;TREG 3;SURAMADU;SURABAYA SELATAN;MYR;create;48,00;CustomerAssign;bima_customerassign_date tersedia (durasi negatif di-clamp ke 0 = Comply);0,00;Comply
202605;TREG 2;BEKASI KARAWANG;BEKASI;PKY;create;48,00;CustomerAssign;bima_customerassign_date tersedia (durasi negatif di-clamp ke 0 = Comply);4,57;Comply
202605;TREG 5;SULBAGSEL;BAU-BAU;BBU;migrate;24,00;CustomerAssign;bima_customerassign_date tersedia (durasi negatif di-clamp ke 0 = Comply);9,58;Comply
202605;TREG 4;KALTIMTARA;TARAKAN;TRK;migrate;24,00;CustomerAssign;bima_customerassign_date tersedia (durasi negatif di-clamp ke 0 = Comply);76,66;Not Comply
202605;TREG 2;BEKASI KARAWANG;CIKARANG;SMH;create;48,00;CustomerAssign;bima_customerassign_date tersedia (durasi negatif di-clamp ke 0 = Comply);28,82;Comply
202605;TREG 1;ACEH;LANGSA;KSG;migrate;24,00;CustomerAssign;bima_customerassign_date tersedia (durasi negatif di-clamp ke 0 = Comply);0,00;Comply
202605;TREG 3;SURAMADU;SURABAYA SELATAN;WRU;create;48,00;CustomerAssign;bima_customerassign_date tersedia (durasi negatif di-clamp ke 0 = Comply);10,00;Comply
202605;TREG 3;SEMARANG JATENG UTARA;UNGARAN;BWE;migrate;24,00;CustomerAssign;bima_customerassign_date tersedia (durasi negatif di-clamp ke 0 = Comply);5,02;Comply
202605;TREG 3;BALI;DENPASAR UTARA;UBN;migrate;24,00;CustomerAssign;bima_customerassign_date tersedia (durasi negatif di-clamp ke 0 = Comply);5,33;Comply
202605;TREG 3;SURAMADU;SURABAYA UTARA;KJR;create;48,00;CustomerAssign;bima_customerassign_date tersedia (durasi negatif di-clamp ke 0 = Comply);0,00;Comply
202605;TREG 4;KALTIMTARA;TARAKAN;JWT;create;48,00;CustomerAssign;bima_customerassign_date tersedia (durasi negatif di-clamp ke 0 = Comply);77,37;Not Comply
202605;TREG 2;JAKARTA OUTER;JAKSEL;TBE;create;48,00;CustomerAssign;bima_customerassign_date tersedia (durasi negatif di-clamp ke 0 = Comply);0,00;Comply
202605;TREG 3;SOLO JATENG TIMUR;SOLO;KRT;migrate;24,00;CustomerAssign;bima_customerassign_date tersedia (durasi negatif di-clamp ke 0 = Comply);459,44;Not Comply
202605;TREG 2;JAKARTA INNER;JAKBAR;SLP;migrate;24,00;CustomerAssign;bima_customerassign_date tersedia (durasi negatif di-clamp ke 0 = Comply);3,45;Comply
202605;TREG 4;KALSELTENG;BANJARBARU;MTP;migrate;24,00;CustomerAssign;bima_customerassign_date tersedia (durasi negatif di-clamp ke 0 = Comply);5,48;Comply
202605;TREG 1;SUMBAR JAMBI;SOLOK;SLK;migrate;24,00;CustomerAssign;bima_customerassign_date tersedia (durasi negatif di-clamp ke 0 = Comply);5,62;Comply
202605;TREG 1;SUMBAR JAMBI;JAMBI;PAP;create;48,00;CustomerAssign;bima_customerassign_date tersedia (durasi negatif di-clamp ke 0 = Comply);27,64;Comply
202605;TREG 1;SUMBAR JAMBI;BUKIT TINGGI;PYK;migrate;24,00;CustomerAssign;bima_customerassign_date tersedia (durasi negatif di-clamp ke 0 = Comply);10,86;Comply
202605;TREG 4;BALIKPAPAN;BALIKPAPAN;KTB;migrate;24,00;CustomerAssign;bima_customerassign_date tersedia (durasi negatif di-clamp ke 0 = Comply);82,86;Not Comply
202605;TREG 2;BEKASI KARAWANG;CIKARANG;CIB;create;48,00;CustomerAssign;bima_customerassign_date tersedia (durasi negatif di-clamp ke 0 = Comply);6,06;Comply
202605;TREG 1;SUMUT;MEDAN;SKI;migrate;24,00;CustomerAssign;bima_customerassign_date tersedia (durasi negatif di-clamp ke 0 = Comply);6,09;Comply
202605;TREG 4;KALBAR;SINGKAWANG;SNW;migrate;24,00;CustomerAssign;bima_customerassign_date tersedia (durasi negatif di-clamp ke 0 = Comply);0,00;Comply
202605;TREG 1;RIAU;BANGKINANG;ARK;migrate;24,00;CustomerAssign;bima_customerassign_date tersedia (durasi negatif di-clamp ke 0 = Comply);0,00;Comply
202605;TREG 3;JATIM BARAT;MALANG;BLB;migrate;24,00;CustomerAssign;bima_customerassign_date tersedia (durasi negatif di-clamp ke 0 = Comply);11,88;Comply
202605;TREG 2;BEKASI KARAWANG;BEKASI;KRA;migrate;24,00;CustomerAssign;bima_customerassign_date tersedia (durasi negatif di-clamp ke 0 = Comply);30,93;Not Comply
202605;TREG 2;BANTEN;CIPUTAT;CLD;migrate;24,00;CustomerAssign;bima_customerassign_date tersedia (durasi negatif di-clamp ke 0 = Comply);0,00;Comply
202605;TREG 2;PRIANGAN TIMUR;CIREBON;AWN;migrate;24,00;CustomerAssign;bima_customerassign_date tersedia (durasi negatif di-clamp ke 0 = Comply);53,46;Not Comply
202605;TREG 3;BALI;DENPASAR UTARA;SMY;migrate;24,00;CustomerAssign;bima_customerassign_date tersedia (durasi negatif di-clamp ke 0 = Comply);0,00;Comply
202605;TREG 1;RIAU;RIKEP;SLU;migrate;24,00;CustomerAssign;bima_customerassign_date tersedia (durasi negatif di-clamp ke 0 = Comply);0,00;Comply
202605;TREG 1;SUMBAR JAMBI;BUKIT TINGGI;HRU;create;48,00;CustomerAssign;bima_customerassign_date tersedia (durasi negatif di-clamp ke 0 = Comply);0,00;Comply
202605;TREG 1;SUMUT;MEDAN;SPM;migrate;24,00;CustomerAssign;bima_customerassign_date tersedia (durasi negatif di-clamp ke 0 = Comply);8,12;Comply
202605;TREG 3;SURAMADU;SURABAYA SELATAN;MYR;migrate;24,00;CustomerAssign;bima_customerassign_date tersedia (durasi negatif di-clamp ke 0 = Comply);0,00;Comply
202605;TREG 3;SOLO JATENG TIMUR;SOLO;MSO;create;48,00;CustomerAssign;bima_customerassign_date tersedia (durasi negatif di-clamp ke 0 = Comply);0,00;Comply
202605;TREG 2;BANTEN;LENGKONG;CUG;create;48,00;CustomerAssign;bima_customerassign_date tersedia (durasi negatif di-clamp ke 0 = Comply);6,75;Comply
202605;TREG 2;BEKASI KARAWANG;BEKASI;BEK;create;48,00;CustomerAssign;bima_customerassign_date tersedia (durasi negatif di-clamp ke 0 = Comply);152,77;Not Comply
202605;TREG 2;BANDUNG;BANDUNG;TLE;migrate;24,00;CustomerAssign;bima_customerassign_date tersedia (durasi negatif di-clamp ke 0 = Comply);199,46;Not Comply
202605;TREG 2;BANDUNG;PADALARANG;BTJ;migrate;24,00;CustomerAssign;bima_customerassign_date tersedia (durasi negatif di-clamp ke 0 = Comply);176,43;Not Comply
202605;TREG 1;SUMUT;MEDAN;SPM;migrate;24,00;CustomerAssign;bima_customerassign_date tersedia (durasi negatif di-clamp ke 0 = Comply);0,00;Comply
202605;TREG 5;PAPUA BARAT;NABIRE;NAB;migrate;24,00;CustomerAssign;bima_customerassign_date tersedia (durasi negatif di-clamp ke 0 = Comply);282,41;Not Comply
202605;TREG 5;SULBAGSEL;MAROS;SUD;migrate;24,00;CustomerAssign;bima_customerassign_date tersedia (durasi negatif di-clamp ke 0 = Comply);307,78;Not Comply
202605;TREG 4;KALSELTENG;TANJUNG TABALONG;RTA;migrate;24,00;CustomerAssign;bima_customerassign_date tersedia (durasi negatif di-clamp ke 0 = Comply);505,02;Not Comply
202605;TREG 3;YOGYA JATENG SELATAN;MAGELANG;MGE;create;48,00;CustomerAssign;bima_customerassign_date tersedia (durasi negatif di-clamp ke 0 = Comply);44,17;Comply
202605;TREG 4;KALSELTENG;MUARA TEWEH;MTW;migrate;24,00;CustomerAssign;bima_customerassign_date tersedia (durasi negatif di-clamp ke 0 = Comply);18,33;Comply
202605;TREG 5;SULBAGSEL;KENDARI;MDG;migrate;24,00;CustomerAssign;bima_customerassign_date tersedia (durasi negatif di-clamp ke 0 = Comply);25,46;Not Comply
202605;TREG 5;SULBAGSEL;MAKASSAR;ANT;migrate;24,00;CustomerAssign;bima_customerassign_date tersedia (durasi negatif di-clamp ke 0 = Comply);0,00;Comply
202605;TREG 4;KALTIMTARA;TARAKAN;TRK;migrate;24,00;CustomerAssign;bima_customerassign_date tersedia (durasi negatif di-clamp ke 0 = Comply);20,62;Comply
202605;TREG 5;SULBAGSEL;BONE;WTP;migrate;24,00;CustomerAssign;bima_customerassign_date tersedia (durasi negatif di-clamp ke 0 = Comply);476,63;Not Comply
202605;TREG 2;BANTEN;LENGKONG;SRP;migrate;24,00;CustomerAssign;bima_customerassign_date tersedia (durasi negatif di-clamp ke 0 = Comply);0,00;Comply
202605;TREG 5;SULBAGSEL;KENDARI;MDG;migrate;24,00;CustomerAssign;bima_customerassign_date tersedia (durasi negatif di-clamp ke 0 = Comply);0,00;Comply
202605;TREG 5;SUMALUT;MASOHI;MSH;migrate;24,00;CustomerAssign;bima_customerassign_date tersedia (durasi negatif di-clamp ke 0 = Comply);43,04;Not Comply
202605;TREG 4;KALSELTENG;BANJARBARU;LUL;migrate;24,00;CustomerAssign;bima_customerassign_date tersedia (durasi negatif di-clamp ke 0 = Comply);0,00;Comply
202605;TREG 2;BEKASI KARAWANG;BEKASI;PDE;create;48,00;CustomerAssign;bima_customerassign_date tersedia (durasi negatif di-clamp ke 0 = Comply);67,27;Not Comply
202605;TREG 4;KALTIMTARA;SAMARINDA;PAA;create;48,00;CustomerAssign;bima_customerassign_date tersedia (durasi negatif di-clamp ke 0 = Comply);0,00;Comply
202605;TREG 1;SUMUT;MEDAN;MDC;migrate;24,00;CustomerAssign;bima_customerassign_date tersedia (durasi negatif di-clamp ke 0 = Comply);45,38;Not Comply
202605;TREG 1;RIAU;RIDAR;PBB;create;48,00;CustomerAssign;bima_customerassign_date tersedia (durasi negatif di-clamp ke 0 = Comply);91,55;Not Comply
202605;TREG 2;PRIANGAN BARAT;KUJANG;BOO;migrate;24,00;CustomerAssign;bima_customerassign_date tersedia (durasi negatif di-clamp ke 0 = Comply);20,57;Comply
202605;TREG 4;KALSELTENG;PALANGKARAYA;PLK;create;48,00;CustomerAssign;bima_customerassign_date tersedia (durasi negatif di-clamp ke 0 = Comply);24,74;Comply
202605;TREG 5;SULBAGSEL;GOWA;SUG;create;48,00;CustomerAssign;bima_customerassign_date tersedia (durasi negatif di-clamp ke 0 = Comply);74,74;Not Comply
202605;TREG 3;JATIM TIMUR;PASURUAN;PSN;migrate;24,00;CustomerAssign;bima_customerassign_date tersedia (durasi negatif di-clamp ke 0 = Comply);0,00;Comply
202605;TREG 4;KALTIMTARA;SAMARINDA;SMR;create;48,00;CustomerAssign;bima_customerassign_date tersedia (durasi negatif di-clamp ke 0 = Comply);3,01;Comply
202605;TREG 5;SULBAGSEL;MAKASSAR;PNK;create;48,00;CustomerAssign;bima_customerassign_date tersedia (durasi negatif di-clamp ke 0 = Comply);3,04;Comply
202605;TREG 3;SEMARANG JATENG UTARA;UNGARAN;UNR;migrate;24,00;CustomerAssign;bima_customerassign_date tersedia (durasi negatif di-clamp ke 0 = Comply);0,00;Comply
202605;TREG 2;BEKASI KARAWANG;BEKASI;KLB;migrate;24,00;CustomerAssign;bima_customerassign_date tersedia (durasi negatif di-clamp ke 0 = Comply);0,00;Comply
202605;TREG 1;SUMUT;MEDAN;SKI;create;48,00;CustomerAssign;bima_customerassign_date tersedia (durasi negatif di-clamp ke 0 = Comply);0,00;Comply
202605;TREG 5;SULBAGSEL;PARE-PARE;PRE;migrate;24,00;CustomerAssign;bima_customerassign_date tersedia (durasi negatif di-clamp ke 0 = Comply);0,00;Comply
202605;TREG 1;ACEH;LANGSA;KTN;migrate;24,00;CustomerAssign;bima_customerassign_date tersedia (durasi negatif di-clamp ke 0 = Comply);51,97;Not Comply
202605;TREG 2;JAKARTA CENTRUM;JAKPUS;CID;migrate;24,00;CustomerAssign;bima_customerassign_date tersedia (durasi negatif di-clamp ke 0 = Comply);0,00;Comply
202605;TREG 4;KALTIMTARA;MELAK;TGG;migrate;24,00;CustomerAssign;bima_customerassign_date tersedia (durasi negatif di-clamp ke 0 = Comply);0,00;Comply
202605;TREG 1;SUMUT;SUMUT;PMS;create;48,00;CustomerAssign;bima_customerassign_date tersedia (durasi negatif di-clamp ke 0 = Comply);0,00;Comply
202605;TREG 2;PRIANGAN BARAT;CIBINONG;GPI;migrate;24,00;CustomerAssign;bima_customerassign_date tersedia (durasi negatif di-clamp ke 0 = Comply);23,31;Comply
202605;TREG 2;JAKARTA OUTER;JAKSEL;KAL;migrate;24,00;CustomerAssign;bima_customerassign_date tersedia (durasi negatif di-clamp ke 0 = Comply);4,37;Comply
202605;TREG 1;SUMUT;SIBOLGA;SBG;migrate;24,00;CustomerAssign;bima_customerassign_date tersedia (durasi negatif di-clamp ke 0 = Comply);23,41;Comply
202605;TREG 2;JAKARTA OUTER;JAKSEL;PSM;migrate;24,00;CustomerAssign;bima_customerassign_date tersedia (durasi negatif di-clamp ke 0 = Comply);0,00;Comply
202605;TREG 2;JAKARTA CENTRUM;JAKPUS;GBC;migrate;24,00;CustomerAssign;bima_customerassign_date tersedia (durasi negatif di-clamp ke 0 = Comply);340,61;Not Comply
202605;TREG 3;SOLO JATENG TIMUR;JEPARA;BAN;migrate;24,00;CustomerAssign;bima_customerassign_date tersedia (durasi negatif di-clamp ke 0 = Comply);0,00;Comply
202605;TREG 4;KALSELTENG;BANJARMASIN;ULI;create;48,00;CustomerAssign;bima_customerassign_date tersedia (durasi negatif di-clamp ke 0 = Comply);0,00;Comply
202605;TREG 1;SUMUT;SUMUT;RBM;create;48,00;CustomerAssign;bima_customerassign_date tersedia (durasi negatif di-clamp ke 0 = Comply);0,00;Comply
202605;TREG 2;BANDUNG;BANDUNG BARAT;CMI;create;48,00;CustomerAssign;bima_customerassign_date tersedia (durasi negatif di-clamp ke 0 = Comply);0,00;Comply
202605;TREG 1;SUMBAR JAMBI;MUARA BUNGO;SPN;migrate;24,00;CustomerAssign;bima_customerassign_date tersedia (durasi negatif di-clamp ke 0 = Comply);77,33;Not Comply
202605;TREG 1;ACEH;LHOKSEUMAWE;LSM;migrate;24,00;CustomerAssign;bima_customerassign_date tersedia (durasi negatif di-clamp ke 0 = Comply);0,00;Comply
202605;TREG 4;KALSELTENG;PANGKALAN BUN;KMI;migrate;24,00;CustomerAssign;bima_customerassign_date tersedia (durasi negatif di-clamp ke 0 = Comply);504,66;Not Comply
202605;TREG 4;KALTIMTARA;NUNUKAN;NNK;create;48,00;CustomerAssign;bima_customerassign_date tersedia (durasi negatif di-clamp ke 0 = Comply);0,00;Comply
202605;TREG 5;SULBAGTENG;GORONTALO;GTL;migrate;24,00;CustomerAssign;bima_customerassign_date tersedia (durasi negatif di-clamp ke 0 = Comply);0,94;Comply
202605;TREG 3;JATIM BARAT;MALANG;BLB;create;48,00;CustomerAssign;bima_customerassign_date tersedia (durasi negatif di-clamp ke 0 = Comply);46,96;Comply
202605;TREG 1;LAMPUNG BENGKULU;MUKO-MUKO;MKO;migrate;24,00;CustomerAssign;bima_customerassign_date tersedia (durasi negatif di-clamp ke 0 = Comply);94,98;Not Comply
202605;TREG 3;SOLO JATENG TIMUR;SOLO;KTO;migrate;24,00;CustomerAssign;bima_customerassign_date tersedia (durasi negatif di-clamp ke 0 = Comply);78,01;Not Comply
202605;TREG 2;PRIANGAN TIMUR;GARUT;GRU;migrate;24,00;CustomerAssign;bima_customerassign_date tersedia (durasi negatif di-clamp ke 0 = Comply);6,10;Comply
202605;TREG 2;JAKARTA OUTER;JAKSEL;BIN;create;48,00;CustomerAssign;bima_customerassign_date tersedia (durasi negatif di-clamp ke 0 = Comply);311,10;Not Comply
202605;TREG 3;YOGYA JATENG SELATAN;WONOSOBO;WOS;migrate;24,00;CustomerAssign;bima_customerassign_date tersedia (durasi negatif di-clamp ke 0 = Comply);1,27;Comply
202605;TREG 5;SUMALUT;MENADO;BAH;create;48,00;CustomerAssign;bima_customerassign_date tersedia (durasi negatif di-clamp ke 0 = Comply);0,00;Comply
202605;TREG 2;JAKARTA INNER;JAKBAR;TGA;migrate;24,00;CustomerAssign;bima_customerassign_date tersedia (durasi negatif di-clamp ke 0 = Comply);193,35;Not Comply
202605;TREG 2;JAKARTA INNER;JAKBAR;SMI;migrate;24,00;CustomerAssign;bima_customerassign_date tersedia (durasi negatif di-clamp ke 0 = Comply);49,42;Not Comply
202605;TREG 2;BANDUNG;BANDUNG BARAT;RJW;migrate;24,00;CustomerAssign;bima_customerassign_date tersedia (durasi negatif di-clamp ke 0 = Comply);0,00;Comply
202605;TREG 3;YOGYA JATENG SELATAN;SLEMAN;KLS;migrate;24,00;CustomerAssign;bima_customerassign_date tersedia (durasi negatif di-clamp ke 0 = Comply);23,53;Comply
202605;TREG 4;KALTIMTARA;BULUNGAN BERAU;TRD;migrate;24,00;CustomerAssign;bima_customerassign_date tersedia (durasi negatif di-clamp ke 0 = Comply);0,00;Comply
202605;TREG 2;BANTEN;PASAR BARU;CPD;migrate;24,00;CustomerAssign;bima_customerassign_date tersedia (durasi negatif di-clamp ke 0 = Comply);1,69;Comply
202605;TREG 2;BANTEN;CIKUPA;CKA;migrate;24,00;CustomerAssign;bima_customerassign_date tersedia (durasi negatif di-clamp ke 0 = Comply);1,69;Comply
202605;TREG 4;KALTIMTARA;MELAK;SBR;migrate;24,00;CustomerAssign;bima_customerassign_date tersedia (durasi negatif di-clamp ke 0 = Comply);0,00;Comply
202605;TREG 5;SUMALUT;MINAHASA;TDN;migrate;24,00;CustomerAssign;bima_customerassign_date tersedia (durasi negatif di-clamp ke 0 = Comply);49,80;Not Comply
202605;TREG 2;JAKARTA CENTRUM;JAKUT;TPR;migrate;24,00;CustomerAssign;bima_customerassign_date tersedia (durasi negatif di-clamp ke 0 = Comply);6,81;Comply
202605;TREG 1;SUMBAR JAMBI;SUMBAR;ULK;create;48,00;CustomerAssign;bima_customerassign_date tersedia (durasi negatif di-clamp ke 0 = Comply);54,86;Not Comply
202605;TREG 3;SEMARANG JATENG UTARA;BREBES;TTL;migrate;24,00;CustomerAssign;bima_customerassign_date tersedia (durasi negatif di-clamp ke 0 = Comply);50,08;Not Comply
202605;TREG 5;PAPUA;MERAUKE;MRK;migrate;24,00;CustomerAssign;bima_customerassign_date tersedia (durasi negatif di-clamp ke 0 = Comply);50,08;Not Comply
202605;TREG 3;NUSA TENGGARA;NTB;MTR;create;48,00;CustomerAssign;bima_customerassign_date tersedia (durasi negatif di-clamp ke 0 = Comply);6,09;Comply
202605;TREG 1;SUMBAR JAMBI;MUARA BUNGO;MAB;create;48,00;CustomerAssign;bima_customerassign_date tersedia (durasi negatif di-clamp ke 0 = Comply);96,11;Not Comply
202605;TREG 5;PAPUA BARAT;TIMIKA;TIM;migrate;24,00;CustomerAssign;bima_customerassign_date tersedia (durasi negatif di-clamp ke 0 = Comply);0,00;Comply
202605;TREG 2;BANDUNG;SUMEDANG;TAS;create;48,00;CustomerAssign;bima_customerassign_date tersedia (durasi negatif di-clamp ke 0 = Comply);0,00;Comply
202605;TREG 4;KALTIMTARA;SAMARINDA;SEM;migrate;24,00;CustomerAssign;bima_customerassign_date tersedia (durasi negatif di-clamp ke 0 = Comply);0,00;Comply
202605;TREG 4;KALBAR;PONTIANAK;SRD;migrate;24,00;CustomerAssign;bima_customerassign_date tersedia (durasi negatif di-clamp ke 0 = Comply);0,00;Comply
202605;TREG 4;KALBAR;SANGGAU;NGG;migrate;24,00;CustomerAssign;bima_customerassign_date tersedia (durasi negatif di-clamp ke 0 = Comply);170,35;Not Comply
202605;TREG 2;JAKARTA CENTRUM;JAKUT;KTX;create;48,00;CustomerAssign;bima_customerassign_date tersedia (durasi negatif di-clamp ke 0 = Comply);0,38;Comply
202605;TREG 1;SUMBAR JAMBI;SUMBAR;LBY;create;48,00;CustomerAssign;bima_customerassign_date tersedia (durasi negatif di-clamp ke 0 = Comply);74,44;Not Comply
202605;TREG 5;SUMALUT;MENADO;MDO;migrate;24,00;CustomerAssign;bima_customerassign_date tersedia (durasi negatif di-clamp ke 0 = Comply);0,47;Comply
202605;TREG 4;KALTIMTARA;SAMARINDA;LOB;migrate;24,00;CustomerAssign;bima_customerassign_date tersedia (durasi negatif di-clamp ke 0 = Comply);127,51;Not Comply
202605;TREG 1;RIAU;INDRAGIRI;RGT;create;48,00;CustomerAssign;bima_customerassign_date tersedia (durasi negatif di-clamp ke 0 = Comply);98,56;Not Comply
202605;TREG 2;BANTEN;CIPUTAT;CPA;migrate;24,00;CustomerAssign;bima_customerassign_date tersedia (durasi negatif di-clamp ke 0 = Comply);0,00;Comply
202605;TREG 2;JAKARTA OUTER;JAKTIM;GAN;create;48,00;CustomerAssign;bima_customerassign_date tersedia (durasi negatif di-clamp ke 0 = Comply);2,59;Comply
202605;TREG 2;BEKASI KARAWANG;BEKASI;TAR;migrate;24,00;CustomerAssign;bima_customerassign_date tersedia (durasi negatif di-clamp ke 0 = Comply);72,71;Not Comply
202605;TREG 3;BALI;DENPASAR SELATAN;JBR;migrate;24,00;CustomerAssign;bima_customerassign_date tersedia (durasi negatif di-clamp ke 0 = Comply);0,00;Comply
202605;TREG 2;JAKARTA INNER;JAKBAR;KDY;create;48,00;CustomerAssign;bima_customerassign_date tersedia (durasi negatif di-clamp ke 0 = Comply);0,71;Comply
202605;TREG 2;JAKARTA OUTER;JAKSEL;KAL;create;48,00;CustomerAssign;bima_customerassign_date tersedia (durasi negatif di-clamp ke 0 = Comply);0,00;Comply
202605;TREG 1;SUMBAR JAMBI;SOLOK;LUG;migrate;24,00;CustomerAssign;bima_customerassign_date tersedia (durasi negatif di-clamp ke 0 = Comply);7,79;Comply
202605;TREG 5;SULBAGSEL;MAROS;SUD;migrate;24,00;CustomerAssign;bima_customerassign_date tersedia (durasi negatif di-clamp ke 0 = Comply);223,82;Not Comply
202605;TREG 3;JATIM BARAT;BATU;KPO;migrate;24,00;CustomerAssign;bima_customerassign_date tersedia (durasi negatif di-clamp ke 0 = Comply);2,85;Comply
202605;TREG 2;BEKASI KARAWANG;CIKARANG;BGG;migrate;24,00;CustomerAssign;bima_customerassign_date tersedia (durasi negatif di-clamp ke 0 = Comply);7,92;Comply
202605;TREG 4;KALSELTENG;SAMPIT;SAI;migrate;24,00;CustomerAssign;bima_customerassign_date tersedia (durasi negatif di-clamp ke 0 = Comply);0,00;Comply
202605;TREG 4;KALSELTENG;MUARA TEWEH;BNT;migrate;24,00;CustomerAssign;bima_customerassign_date tersedia (durasi negatif di-clamp ke 0 = Comply);75,05;Not Comply
202605;TREG 2;JAKARTA INNER;JAKBAR;MRY;migrate;24,00;CustomerAssign;bima_customerassign_date tersedia (durasi negatif di-clamp ke 0 = Comply);0,00;Comply
202605;TREG 2;BEKASI KARAWANG;KARAWANG;KLI;migrate;24,00;CustomerAssign;bima_customerassign_date tersedia (durasi negatif di-clamp ke 0 = Comply);51,10;Not Comply
202605;TREG 4;KALSELTENG;BANJARMASIN;ULI;migrate;24,00;CustomerAssign;bima_customerassign_date tersedia (durasi negatif di-clamp ke 0 = Comply);27,15;Not Comply
202605;TREG 3;SEMARANG JATENG UTARA;SEMARANG;JHR;migrate;24,00;CustomerAssign;bima_customerassign_date tersedia (durasi negatif di-clamp ke 0 = Comply);0,00;Comply
202605;TREG 4;BALIKPAPAN;BALIKPAPAN;BRU;migrate;24,00;CustomerAssign;bima_customerassign_date tersedia (durasi negatif di-clamp ke 0 = Comply);51,30;Not Comply
202605;TREG 4;KALSELTENG;MUARA TEWEH;MTW;migrate;24,00;CustomerAssign;bima_customerassign_date tersedia (durasi negatif di-clamp ke 0 = Comply);0,00;Comply
202605;TREG 2;JAKARTA OUTER;JAKSEL;PSM;create;48,00;CustomerAssign;bima_customerassign_date tersedia (durasi negatif di-clamp ke 0 = Comply);0,00;Comply
202605;TREG 2;JAKARTA OUTER;JAKSEL;BIN;migrate;24,00;CustomerAssign;bima_customerassign_date tersedia (durasi negatif di-clamp ke 0 = Comply);0,00;Comply
202605;TREG 1;SUMUT;MEDAN;SKI;migrate;24,00;CustomerAssign;bima_customerassign_date tersedia (durasi negatif di-clamp ke 0 = Comply);3,44;Comply
202605;TREG 4;KALTIMTARA;SAMARINDA;LOB;create;48,00;CustomerAssign;bima_customerassign_date tersedia (durasi negatif di-clamp ke 0 = Comply);0,00;Comply
202605;TREG 3;SURAMADU;SURABAYA SELATAN;WRU;create;48,00;CustomerAssign;bima_customerassign_date tersedia (durasi negatif di-clamp ke 0 = Comply);0,00;Comply
202605;TREG 2;BEKASI KARAWANG;CIKARANG;SMH;migrate;24,00;CustomerAssign;bima_customerassign_date tersedia (durasi negatif di-clamp ke 0 = Comply);49,69;Not Comply
202605;TREG 2;JAKARTA CENTRUM;JAKUT;TPR;migrate;24,00;CustomerAssign;bima_customerassign_date tersedia (durasi negatif di-clamp ke 0 = Comply);8,78;Comply
202605;TREG 2;BANTEN;PASAR BARU;SPT;create;48,00;CustomerAssign;bima_customerassign_date tersedia (durasi negatif di-clamp ke 0 = Comply);8,88;Comply
202605;TREG 1;RIAU;DUMAI;DRI;migrate;24,00;CustomerAssign;bima_customerassign_date tersedia (durasi negatif di-clamp ke 0 = Comply);0,00;Comply
202605;TREG 3;NUSA TENGGARA;NTB;MTR;migrate;24,00;CustomerAssign;bima_customerassign_date tersedia (durasi negatif di-clamp ke 0 = Comply);33,08;Not Comply
202605;TREG 2;JAKARTA OUTER;JAKTIM;KRG;migrate;24,00;CustomerAssign;bima_customerassign_date tersedia (durasi negatif di-clamp ke 0 = Comply);129,14;Not Comply
202605;TREG 3;NUSA TENGGARA;NTB;MTR;migrate;24,00;CustomerAssign;bima_customerassign_date tersedia (durasi negatif di-clamp ke 0 = Comply);220,15;Not Comply
202605;TREG 2;BANDUNG;SUMEDANG;UBR;create;48,00;CustomerAssign;bima_customerassign_date tersedia (durasi negatif di-clamp ke 0 = Comply);2,15;Comply
202605;TREG 2;BANDUNG;PADALARANG;PDL;migrate;24,00;CustomerAssign;bima_customerassign_date tersedia (durasi negatif di-clamp ke 0 = Comply);9,22;Comply
202605;TREG 5;SUMALUT;AMBON;PAO;migrate;24,00;CustomerAssign;bima_customerassign_date tersedia (durasi negatif di-clamp ke 0 = Comply);148,26;Not Comply
202605;TREG 1;SUMBAR JAMBI;SUMBAR;BDT;create;48,00;CustomerAssign;bima_customerassign_date tersedia (durasi negatif di-clamp ke 0 = Comply);74,29;Not Comply
202605;TREG 1;RIAU;RIKEP;BTC;migrate;24,00;CustomerAssign;bima_customerassign_date tersedia (durasi negatif di-clamp ke 0 = Comply);2,31;Comply
202605;TREG 4;KALSELTENG;BANJARBARU;LUL;create;48,00;CustomerAssign;bima_customerassign_date tersedia (durasi negatif di-clamp ke 0 = Comply);4,36;Comply
202605;TREG 3;YOGYA JATENG SELATAN;PURBALINGGA;PBG;migrate;24,00;CustomerAssign;bima_customerassign_date tersedia (durasi negatif di-clamp ke 0 = Comply);0,00;Comply
202605;TREG 2;JAKARTA OUTER;JAKSEL;TBE;migrate;24,00;CustomerAssign;bima_customerassign_date tersedia (durasi negatif di-clamp ke 0 = Comply);4,55;Comply
202605;TREG 3;BALI;DENPASAR UTARA;UBN;migrate;24,00;CustomerAssign;bima_customerassign_date tersedia (durasi negatif di-clamp ke 0 = Comply);0,00;Comply
202605;TREG 3;YOGYA JATENG SELATAN;YOGYAKARTA;PGR;migrate;24,00;CustomerAssign;bima_customerassign_date tersedia (durasi negatif di-clamp ke 0 = Comply);26,69;Not Comply
202605;TREG 1;SUMUT;MEDAN;TTG;create;48,00;CustomerAssign;bima_customerassign_date tersedia (durasi negatif di-clamp ke 0 = Comply);50,71;Not Comply
202605;TREG 2;JAKARTA OUTER;JAKSEL;KAL;migrate;24,00;CustomerAssign;bima_customerassign_date tersedia (durasi negatif di-clamp ke 0 = Comply);74,79;Not Comply
202605;TREG 2;BEKASI KARAWANG;CIKARANG;CIB;migrate;24,00;CustomerAssign;bima_customerassign_date tersedia (durasi negatif di-clamp ke 0 = Comply);2,81;Comply
202605;TREG 2;JAKARTA OUTER;JAKSEL;BIN;create;48,00;CustomerAssign;bima_customerassign_date tersedia (durasi negatif di-clamp ke 0 = Comply);9,88;Comply
202605;TREG 3;SURAMADU;SURABAYA SELATAN;MYR;migrate;24,00;CustomerAssign;bima_customerassign_date tersedia (durasi negatif di-clamp ke 0 = Comply);0,00;Comply
202605;TREG 2;BEKASI KARAWANG;CIKARANG;TBL;create;48,00;CustomerAssign;bima_customerassign_date tersedia (durasi negatif di-clamp ke 0 = Comply);9,94;Comply
202605;TREG 2;BANTEN;CIPUTAT;CPA;migrate;24,00;CustomerAssign;bima_customerassign_date tersedia (durasi negatif di-clamp ke 0 = Comply);82,01;Not Comply
202605;TREG 3;JATIM TIMUR;TANGGUL;KNO;migrate;24,00;CustomerAssign;bima_customerassign_date tersedia (durasi negatif di-clamp ke 0 = Comply);53,05;Not Comply
202605;TREG 3;SOLO JATENG TIMUR;BLORA;CEP;migrate;24,00;CustomerAssign;bima_customerassign_date tersedia (durasi negatif di-clamp ke 0 = Comply);29,05;Not Comply
202605;TREG 3;BALI;DENPASAR UTARA;MMN;migrate;24,00;CustomerAssign;bima_customerassign_date tersedia (durasi negatif di-clamp ke 0 = Comply);0,00;Comply
202605;TREG 2;BANDUNG;SUMEDANG;UBR;migrate;24,00;CustomerAssign;bima_customerassign_date tersedia (durasi negatif di-clamp ke 0 = Comply);0,00;Comply
202605;TREG 2;BANTEN;PASAR BARU;CPD;migrate;24,00;CustomerAssign;bima_customerassign_date tersedia (durasi negatif di-clamp ke 0 = Comply);0,00;Comply
202605;TREG 4;BALIKPAPAN;BALIKPAPAN;GSA;create;48,00;CustomerAssign;bima_customerassign_date tersedia (durasi negatif di-clamp ke 0 = Comply);27,32;Comply
202605;TREG 1;SUMBAGSEL;SUMSEL;SGB;create;48,00;CustomerAssign;bima_customerassign_date tersedia (durasi negatif di-clamp ke 0 = Comply);51,44;Not Comply
202605;TREG 1;SUMUT;MEDAN;TMU;migrate;24,00;CustomerAssign;bima_customerassign_date tersedia (durasi negatif di-clamp ke 0 = Comply);10,60;Comply
202605;TREG 3;SEMARANG JATENG UTARA;SEMARANG;MJP;create;48,00;CustomerAssign;bima_customerassign_date tersedia (durasi negatif di-clamp ke 0 = Comply);0,00;Comply
202605;TREG 4;KALTIMTARA;TARAKAN;JWT;migrate;24,00;CustomerAssign;bima_customerassign_date tersedia (durasi negatif di-clamp ke 0 = Comply);0,00;Comply
202605;TREG 2;BEKASI KARAWANG;BEKASI;KLB;migrate;24,00;CustomerAssign;bima_customerassign_date tersedia (durasi negatif di-clamp ke 0 = Comply);0,00;Comply
202605;TREG 2;JAKARTA OUTER;JAKTIM;RMG;migrate;24,00;CustomerAssign;bima_customerassign_date tersedia (durasi negatif di-clamp ke 0 = Comply);106,79;Not Comply
202605;TREG 3;JATIM BARAT;MALANG;BLB;create;48,00;CustomerAssign;bima_customerassign_date tersedia (durasi negatif di-clamp ke 0 = Comply);29,82;Comply
202605;TREG 3;YOGYA JATENG SELATAN;YOGYAKARTA;KGD;migrate;24,00;CustomerAssign;bima_customerassign_date tersedia (durasi negatif di-clamp ke 0 = Comply);581,89;Not Comply
202605;TREG 1;ACEH;LHOKSEUMAWE;GEU;create;48,00;CustomerAssign;bima_customerassign_date tersedia (durasi negatif di-clamp ke 0 = Comply);0,00;Comply
202605;TREG 2;JAKARTA OUTER;JAKTIM;RMG;migrate;24,00;CustomerAssign;bima_customerassign_date tersedia (durasi negatif di-clamp ke 0 = Comply);0,00;Comply
202605;TREG 2;JAKARTA OUTER;JAKSEL;KBY;migrate;24,00;CustomerAssign;bima_customerassign_date tersedia (durasi negatif di-clamp ke 0 = Comply);0,00;Comply
202605;TREG 3;SURAMADU;SURABAYA UTARA;KNN;migrate;24,00;CustomerAssign;bima_customerassign_date tersedia (durasi negatif di-clamp ke 0 = Comply);6,25;Comply
202605;TREG 2;BANTEN;LENGKONG;SRP;migrate;24,00;CustomerAssign;bima_customerassign_date tersedia (durasi negatif di-clamp ke 0 = Comply);4,25;Comply
202605;TREG 4;KALSELTENG;BANJARBARU;BBR;migrate;24,00;CustomerAssign;bima_customerassign_date tersedia (durasi negatif di-clamp ke 0 = Comply);4,38;Comply
202605;TREG 2;BANTEN;CIPUTAT;CPA;migrate;24,00;CustomerAssign;bima_customerassign_date tersedia (durasi negatif di-clamp ke 0 = Comply);30,41;Not Comply
202605;TREG 2;BEKASI KARAWANG;BEKASI;PDE;migrate;24,00;CustomerAssign;bima_customerassign_date tersedia (durasi negatif di-clamp ke 0 = Comply);0,00;Comply
202605;TREG 2;BANDUNG;SUMEDANG;CJA;create;48,00;CustomerAssign;bima_customerassign_date tersedia (durasi negatif di-clamp ke 0 = Comply);0,00;Comply
202605;TREG 2;JAKARTA INNER;JAKBAR;PLM;migrate;24,00;CustomerAssign;bima_customerassign_date tersedia (durasi negatif di-clamp ke 0 = Comply);35,53;Not Comply
202605;TREG 3;JATIM BARAT;NGANJUK;NJK;migrate;24,00;CustomerAssign;bima_customerassign_date tersedia (durasi negatif di-clamp ke 0 = Comply);0,00;Comply
202605;TREG 5;SULBAGTENG;GORONTALO;GTL;migrate;24,00;CustomerAssign;bima_customerassign_date tersedia (durasi negatif di-clamp ke 0 = Comply);6,70;Comply
202605;TREG 1;ACEH;LHOKSEUMAWE;LSM;migrate;24,00;CustomerAssign;bima_customerassign_date tersedia (durasi negatif di-clamp ke 0 = Comply);5,75;Comply
202605;TREG 2;PRIANGAN BARAT;DEPOK;CNE;migrate;24,00;CustomerAssign;bima_customerassign_date tersedia (durasi negatif di-clamp ke 0 = Comply);0,00;Comply
202605;TREG 3;JATIM TIMUR;LUMAJANG;LMJ;migrate;24,00;CustomerAssign;bima_customerassign_date tersedia (durasi negatif di-clamp ke 0 = Comply);7,17;Comply
202605;TREG 3;SURAMADU;SURABAYA UTARA;LKI;migrate;24,00;CustomerAssign;bima_customerassign_date tersedia (durasi negatif di-clamp ke 0 = Comply);127,18;Not Comply
202605;TREG 3;SEMARANG JATENG UTARA;BREBES;BKA;migrate;24,00;CustomerAssign;bima_customerassign_date tersedia (durasi negatif di-clamp ke 0 = Comply);199,24;Not Comply
202605;TREG 3;SURAMADU;SURABAYA UTARA;KJR;migrate;24,00;CustomerAssign;bima_customerassign_date tersedia (durasi negatif di-clamp ke 0 = Comply);60,28;Not Comply
202605;TREG 1;RIAU;RIDAR;PBB;create;48,00;CustomerAssign;bima_customerassign_date tersedia (durasi negatif di-clamp ke 0 = Comply);0,00;Comply
202605;TREG 2;BEKASI KARAWANG;BEKASI;KLB;create;48,00;CustomerAssign;bima_customerassign_date tersedia (durasi negatif di-clamp ke 0 = Comply);0,00;Comply
202605;TREG 2;BEKASI KARAWANG;BEKASI;PKY;migrate;24,00;CustomerAssign;bima_customerassign_date tersedia (durasi negatif di-clamp ke 0 = Comply);0,00;Comply
202605;TREG 2;BANTEN;LENGKONG;SRP;migrate;24,00;CustomerAssign;bima_customerassign_date tersedia (durasi negatif di-clamp ke 0 = Comply);416,89;Not Comply
202605;TREG 2;BANDUNG;BANDUNG;LBG;migrate;24,00;CustomerAssign;bima_customerassign_date tersedia (durasi negatif di-clamp ke 0 = Comply);9,74;Comply
202605;TREG 3;BALI;SINGARAJA;SGR;migrate;24,00;CustomerAssign;bima_customerassign_date tersedia (durasi negatif di-clamp ke 0 = Comply);230,77;Not Comply
202605;TREG 3;SURAMADU;SURABAYA SELATAN;JGR;migrate;24,00;CustomerAssign;bima_customerassign_date tersedia (durasi negatif di-clamp ke 0 = Comply);0,00;Comply
202605;TREG 5;PAPUA;ABEPURA;ABE;migrate;24,00;CustomerAssign;bima_customerassign_date tersedia (durasi negatif di-clamp ke 0 = Comply);0,00;Comply
202605;TREG 4;KALTIMTARA;BONTANG;BOT;migrate;24,00;CustomerAssign;bima_customerassign_date tersedia (durasi negatif di-clamp ke 0 = Comply);376,79;Not Comply
202605;TREG 3;NUSA TENGGARA;SUMBAWA;SBW;migrate;24,00;CustomerAssign;bima_customerassign_date tersedia (durasi negatif di-clamp ke 0 = Comply);282,97;Not Comply
202605;TREG 3;SURAMADU;GRESIK;GSK;migrate;24,00;CustomerAssign;bima_customerassign_date tersedia (durasi negatif di-clamp ke 0 = Comply);46,00;Not Comply
202605;TREG 4;KALTIMTARA;TARAKAN;TRK;migrate;24,00;CustomerAssign;bima_customerassign_date tersedia (durasi negatif di-clamp ke 0 = Comply);19,45;Comply
202605;TREG 2;PRIANGAN BARAT;KUJANG;PAR;migrate;24,00;CustomerAssign;bima_customerassign_date tersedia (durasi negatif di-clamp ke 0 = Comply);0,00;Comply
202605;TREG 2;PRIANGAN BARAT;CIBINONG;BJD;migrate;24,00;CustomerAssign;bima_customerassign_date tersedia (durasi negatif di-clamp ke 0 = Comply);0,00;Comply
202605;TREG 4;KALTIMTARA;BULUNGAN BERAU;TSL;migrate;24,00;CustomerAssign;bima_customerassign_date tersedia (durasi negatif di-clamp ke 0 = Comply);0,00;Comply
202605;TREG 2;PRIANGAN BARAT;KUJANG;SPL;migrate;24,00;CustomerAssign;bima_customerassign_date tersedia (durasi negatif di-clamp ke 0 = Comply);0,99;Comply
202605;TREG 3;NUSA TENGGARA;NTB;MTR;migrate;24,00;CustomerAssign;bima_customerassign_date tersedia (durasi negatif di-clamp ke 0 = Comply);0,00;Comply
202605;TREG 1;SUMBAR JAMBI;BUKIT TINGGI;PYK;migrate;24,00;CustomerAssign;bima_customerassign_date tersedia (durasi negatif di-clamp ke 0 = Comply);354,14;Not Comply
202605;TREG 4;KALTIMTARA;TARAKAN;JWT;migrate;24,00;CustomerAssign;bima_customerassign_date tersedia (durasi negatif di-clamp ke 0 = Comply);0,00;Comply
202605;TREG 5;SULBAGSEL;SITOR;SID;migrate;24,00;CustomerAssign;bima_customerassign_date tersedia (durasi negatif di-clamp ke 0 = Comply);49,46;Not Comply
202605;TREG 3;SEMARANG JATENG UTARA;UNGARAN;ABR;migrate;24,00;CustomerAssign;bima_customerassign_date tersedia (durasi negatif di-clamp ke 0 = Comply);49,66;Not Comply
202605;TREG 4;KALTIMTARA;SAMARINDA;LOB;create;48,00;CustomerAssign;bima_customerassign_date tersedia (durasi negatif di-clamp ke 0 = Comply);0,00;Comply
202605;TREG 5;SULBAGTENG;MARISA;ISM;migrate;24,00;CustomerAssign;bima_customerassign_date tersedia (durasi negatif di-clamp ke 0 = Comply);2,40;Comply
202605;TREG 4;KALTIMTARA;BONTANG;BOT;migrate;24,00;CustomerAssign;bima_customerassign_date tersedia (durasi negatif di-clamp ke 0 = Comply);68,00;Not Comply
202605;TREG 1;RIAU;RIKEP;PNI;migrate;24,00;CustomerAssign;bima_customerassign_date tersedia (durasi negatif di-clamp ke 0 = Comply);68,07;Not Comply
202605;TREG 3;JATIM TIMUR;JEMBER;KBS;create;48,00;CustomerAssign;bima_customerassign_date tersedia (durasi negatif di-clamp ke 0 = Comply);20,13;Comply
202605;TREG 4;BALIKPAPAN;BALIKPAPAN;BRU;migrate;24,00;CustomerAssign;bima_customerassign_date tersedia (durasi negatif di-clamp ke 0 = Comply);0,00;Comply
202605;TREG 4;BALIKPAPAN;BALIKPAPAN;BRU;migrate;24,00;CustomerAssign;bima_customerassign_date tersedia (durasi negatif di-clamp ke 0 = Comply);3,36;Comply
202605;TREG 2;PRIANGAN BARAT;CIBINONG;CLS;migrate;24,00;CustomerAssign;bima_customerassign_date tersedia (durasi negatif di-clamp ke 0 = Comply);166,47;Not Comply
202605;TREG 4;KALTIMTARA;SAMARINDA;LOB;create;48,00;CustomerAssign;bima_customerassign_date tersedia (durasi negatif di-clamp ke 0 = Comply);116,98;Not Comply
202605;TREG 4;BALIKPAPAN;TANAHGROGOT;TNG;migrate;24,00;CustomerAssign;bima_customerassign_date tersedia (durasi negatif di-clamp ke 0 = Comply);0,00;Comply
202605;TREG 2;PRIANGAN BARAT;SENTUL;KHL;create;48,00;CustomerAssign;bima_customerassign_date tersedia (durasi negatif di-clamp ke 0 = Comply);0,00;Comply
202605;TREG 4;KALSELTENG;BANJARBARU;BBR;migrate;24,00;CustomerAssign;bima_customerassign_date tersedia (durasi negatif di-clamp ke 0 = Comply);0,00;Comply
202605;TREG 2;JAKARTA OUTER;JAKSEL;KBY;migrate;24,00;CustomerAssign;bima_customerassign_date tersedia (durasi negatif di-clamp ke 0 = Comply);0,00;Comply
202605;TREG 2;BANDUNG;BANDUNG BARAT;RJW;create;48,00;CustomerAssign;bima_customerassign_date tersedia (durasi negatif di-clamp ke 0 = Comply);4,38;Comply
202605;TREG 2;JAKARTA CENTRUM;JAKPUS;CPP;migrate;24,00;CustomerAssign;bima_customerassign_date tersedia (durasi negatif di-clamp ke 0 = Comply);0,00;Comply
202605;TREG 3;YOGYA JATENG SELATAN;BANTUL;BTL;create;48,00;CustomerAssign;bima_customerassign_date tersedia (durasi negatif di-clamp ke 0 = Comply);0,00;Comply
202605;TREG 2;JAKARTA INNER;JAKBAR;MRY;migrate;24,00;CustomerAssign;bima_customerassign_date tersedia (durasi negatif di-clamp ke 0 = Comply);0,00;Comply
202605;TREG 3;SEMARANG JATENG UTARA;SEMARANG;BMK;migrate;24,00;CustomerAssign;bima_customerassign_date tersedia (durasi negatif di-clamp ke 0 = Comply);21,69;Comply
202605;TREG 2;JAKARTA OUTER;JAKSEL;TBE;create;48,00;CustomerAssign;bima_customerassign_date tersedia (durasi negatif di-clamp ke 0 = Comply);21,70;Comply
202605;TREG 3;BALI;SINGARAJA;SGR;migrate;24,00;CustomerAssign;bima_customerassign_date tersedia (durasi negatif di-clamp ke 0 = Comply);0,00;Comply
202605;TREG 2;JAKARTA CENTRUM;JAKUT;MKR;migrate;24,00;CustomerAssign;bima_customerassign_date tersedia (durasi negatif di-clamp ke 0 = Comply);21,80;Comply
202605;TREG 4;KALSELTENG;PALANGKARAYA;PYM;create;48,00;CustomerAssign;bima_customerassign_date tersedia (durasi negatif di-clamp ke 0 = Comply);0,00;Comply
202605;TREG 1;RIAU;RIKEP;LBJ;create;48,00;CustomerAssign;bima_customerassign_date tersedia (durasi negatif di-clamp ke 0 = Comply);28,92;Comply
202605;TREG 3;SEMARANG JATENG UTARA;SEMARANG;MKG;create;48,00;CustomerAssign;bima_customerassign_date tersedia (durasi negatif di-clamp ke 0 = Comply);0,00;Comply
202605;TREG 2;PRIANGAN BARAT;KUJANG;PAG;migrate;24,00;CustomerAssign;bima_customerassign_date tersedia (durasi negatif di-clamp ke 0 = Comply);45,98;Not Comply
202605;TREG 2;JAKARTA CENTRUM;JAKPUS;GBC;create;48,00;CustomerAssign;bima_customerassign_date tersedia (durasi negatif di-clamp ke 0 = Comply);70,00;Not Comply
202605;TREG 2;JAKARTA OUTER;JAKTIM;RMG;create;48,00;CustomerAssign;bima_customerassign_date tersedia (durasi negatif di-clamp ke 0 = Comply);29,00;Comply
202605;TREG 2;JAKARTA CENTRUM;JAKPUS;CID;migrate;24,00;CustomerAssign;bima_customerassign_date tersedia (durasi negatif di-clamp ke 0 = Comply);5,00;Comply
202605;TREG 4;KALTIMTARA;TARAKAN;TRK;migrate;24,00;CustomerAssign;bima_customerassign_date tersedia (durasi negatif di-clamp ke 0 = Comply);0,00;Comply
202605;TREG 2;PRIANGAN BARAT;CIBINONG;CLS;migrate;24,00;CustomerAssign;bima_customerassign_date tersedia (durasi negatif di-clamp ke 0 = Comply);46,08;Not Comply
202605;TREG 4;KALTIMTARA;BONTANG;BOT;migrate;24,00;CustomerAssign;bima_customerassign_date tersedia (durasi negatif di-clamp ke 0 = Comply);0,12;Comply
202605;TREG 1;SUMUT;MEDAN;CTD;create;48,00;CustomerAssign;bima_customerassign_date tersedia (durasi negatif di-clamp ke 0 = Comply);0,00;Comply
202605;TREG 2;BANDUNG;SOREANG;CWD;migrate;24,00;CustomerAssign;bima_customerassign_date tersedia (durasi negatif di-clamp ke 0 = Comply);0,00;Comply
202605;TREG 3;SURAMADU;SURABAYA UTARA;KNN;create;48,00;CustomerAssign;bima_customerassign_date tersedia (durasi negatif di-clamp ke 0 = Comply);0,00;Comply
202605;TREG 2;PRIANGAN BARAT;DEPOK;DEP;migrate;24,00;CustomerAssign;bima_customerassign_date tersedia (durasi negatif di-clamp ke 0 = Comply);29,39;Not Comply
202605;TREG 2;BANDUNG;SUMEDANG;CJA;migrate;24,00;CustomerAssign;bima_customerassign_date tersedia (durasi negatif di-clamp ke 0 = Comply);0,00;Comply
202605;TREG 2;BANDUNG;SUMEDANG;CJA;migrate;24,00;CustomerAssign;bima_customerassign_date tersedia (durasi negatif di-clamp ke 0 = Comply);0,00;Comply
202605;TREG 2;BANDUNG;SUMEDANG;UBR;migrate;24,00;CustomerAssign;bima_customerassign_date tersedia (durasi negatif di-clamp ke 0 = Comply);0,00;Comply
202605;TREG 3;BALI;DENPASAR UTARA;UBN;migrate;24,00;CustomerAssign;bima_customerassign_date tersedia (durasi negatif di-clamp ke 0 = Comply);118,75;Not Comply
202605;TREG 2;BANDUNG;SUMEDANG;UBR;migrate;24,00;CustomerAssign;bima_customerassign_date tersedia (durasi negatif di-clamp ke 0 = Comply);0,00;Comply
202605;TREG 5;SULBAGTENG;GORONTALO;GTL;migrate;24,00;CustomerAssign;bima_customerassign_date tersedia (durasi negatif di-clamp ke 0 = Comply);29,90;Not Comply
202605;TREG 3;SURAMADU;GRESIK;CRM;create;48,00;CustomerAssign;bima_customerassign_date tersedia (durasi negatif di-clamp ke 0 = Comply);0,00;Comply
202605;TREG 2;JAKARTA OUTER;JAKTIM;GAN;migrate;24,00;CustomerAssign;bima_customerassign_date tersedia (durasi negatif di-clamp ke 0 = Comply);0,00;Comply
202605;TREG 3;BALI;DENPASAR UTARA;UBN;migrate;24,00;CustomerAssign;bima_customerassign_date tersedia (durasi negatif di-clamp ke 0 = Comply);25,10;Not Comply
202605;TREG 2;BEKASI KARAWANG;PURWAKARTA;PWK;migrate;24,00;CustomerAssign;bima_customerassign_date tersedia (durasi negatif di-clamp ke 0 = Comply);0,00;Comply
202605;TREG 2;JAKARTA CENTRUM;JAKUT;TPR;migrate;24,00;CustomerAssign;bima_customerassign_date tersedia (durasi negatif di-clamp ke 0 = Comply);121,40;Not Comply
202605;TREG 5;SULBAGTENG;LUWUK;LWU;migrate;24,00;CustomerAssign;bima_customerassign_date tersedia (durasi negatif di-clamp ke 0 = Comply);241,44;Not Comply
202605;TREG 5;SULBAGTENG;GORONTALO;GTL;migrate;24,00;CustomerAssign;bima_customerassign_date tersedia (durasi negatif di-clamp ke 0 = Comply);6,50;Comply
202605;TREG 3;YOGYA JATENG SELATAN;YOGYAKARTA;PGR;create;48,00;CustomerAssign;bima_customerassign_date tersedia (durasi negatif di-clamp ke 0 = Comply);0,00;Comply
202605;TREG 3;SEMARANG JATENG UTARA;TEGAL;TEG;migrate;24,00;CustomerAssign;bima_customerassign_date tersedia (durasi negatif di-clamp ke 0 = Comply);47,56;Not Comply
202605;TREG 4;BALIKPAPAN;BALIKPAPAN;MGG;migrate;24,00;CustomerAssign;bima_customerassign_date tersedia (durasi negatif di-clamp ke 0 = Comply);1,61;Comply
202605;TREG 3;BALI;DENPASAR CENTRUM;TOP;create;48,00;CustomerAssign;bima_customerassign_date tersedia (durasi negatif di-clamp ke 0 = Comply);1,64;Comply
202605;TREG 4;KALSELTENG;BANJARBARU;LUL;migrate;24,00;CustomerAssign;bima_customerassign_date tersedia (durasi negatif di-clamp ke 0 = Comply);0,00;Comply
202605;TREG 4;KALTIMTARA;BULUNGAN BERAU;TRD;migrate;24,00;CustomerAssign;bima_customerassign_date tersedia (durasi negatif di-clamp ke 0 = Comply);1,91;Comply
202605;TREG 2;JAKARTA OUTER;JAKTIM;PDK;migrate;24,00;CustomerAssign;bima_customerassign_date tersedia (durasi negatif di-clamp ke 0 = Comply);73,97;Not Comply
202605;TREG 2;JAKARTA OUTER;JAKTIM;CWA;create;48,00;CustomerAssign;bima_customerassign_date tersedia (durasi negatif di-clamp ke 0 = Comply);2,06;Comply
202605;TREG 3;YOGYA JATENG SELATAN;PURWOKERTO;PWT;create;48,00;CustomerAssign;bima_customerassign_date tersedia (durasi negatif di-clamp ke 0 = Comply);0,00;Comply
202605;TREG 1;SUMUT;MEDAN;TJM;migrate;24,00;CustomerAssign;bima_customerassign_date tersedia (durasi negatif di-clamp ke 0 = Comply);0,00;Comply
202605;TREG 5;PAPUA;SENTANI;SNI;migrate;24,00;CustomerAssign;bima_customerassign_date tersedia (durasi negatif di-clamp ke 0 = Comply);79,12;Not Comply
202605;TREG 4;KALTIMTARA;BONTANG;LKT;create;48,00;CustomerAssign;bima_customerassign_date tersedia (durasi negatif di-clamp ke 0 = Comply);2,21;Comply
202605;TREG 2;JAKARTA CENTRUM;JAKUT;TPR;migrate;24,00;CustomerAssign;bima_customerassign_date tersedia (durasi negatif di-clamp ke 0 = Comply);0,22;Comply
202605;TREG 3;SURAMADU;SURABAYA SELATAN;DMO;create;48,00;CustomerAssign;bima_customerassign_date tersedia (durasi negatif di-clamp ke 0 = Comply);0,00;Comply
202605;TREG 4;KALTIMTARA;MELAK;TGG;migrate;24,00;CustomerAssign;bima_customerassign_date tersedia (durasi negatif di-clamp ke 0 = Comply);0,34;Comply
202605;TREG 3;SEMARANG JATENG UTARA;SLAWI;SLW;migrate;24,00;CustomerAssign;bima_customerassign_date tersedia (durasi negatif di-clamp ke 0 = Comply);2,38;Comply
202605;TREG 2;JAKARTA OUTER;JAKTIM;CWA;migrate;24,00;CustomerAssign;bima_customerassign_date tersedia (durasi negatif di-clamp ke 0 = Comply);2,40;Comply
202605;TREG 4;KALSELTENG;BATULICIN;KPL;migrate;24,00;CustomerAssign;bima_customerassign_date tersedia (durasi negatif di-clamp ke 0 = Comply);31,46;Not Comply
202605;TREG 1;RIAU;RIKEP;BTC;create;48,00;CustomerAssign;bima_customerassign_date tersedia (durasi negatif di-clamp ke 0 = Comply);0,00;Comply
202605;TREG 2;BEKASI KARAWANG;CIKARANG;CIB;migrate;24,00;CustomerAssign;bima_customerassign_date tersedia (durasi negatif di-clamp ke 0 = Comply);2,64;Comply
202605;TREG 2;BEKASI KARAWANG;CIKARANG;CIB;create;48,00;CustomerAssign;bima_customerassign_date tersedia (durasi negatif di-clamp ke 0 = Comply);0,00;Comply
202605;TREG 3;SEMARANG JATENG UTARA;TEGAL;TEG;create;48,00;CustomerAssign;bima_customerassign_date tersedia (durasi negatif di-clamp ke 0 = Comply);266,73;Not Comply
202605;TREG 2;PRIANGAN BARAT;CIBINONG;CBI;migrate;24,00;CustomerAssign;bima_customerassign_date tersedia (durasi negatif di-clamp ke 0 = Comply);0,00;Comply
202605;TREG 3;BALI;DENPASAR SELATAN;JBR;create;48,00;CustomerAssign;bima_customerassign_date tersedia (durasi negatif di-clamp ke 0 = Comply);0,00;Comply
202605;TREG 2;BANDUNG;SUMEDANG;UBR;migrate;24,00;CustomerAssign;bima_customerassign_date tersedia (durasi negatif di-clamp ke 0 = Comply);0,00;Comply
202605;TREG 2;JAKARTA OUTER;JAKSEL;KAL;migrate;24,00;CustomerAssign;bima_customerassign_date tersedia (durasi negatif di-clamp ke 0 = Comply);0,84;Comply
202605;TREG 2;BANTEN;PASAR BARU;CPD;create;48,00;CustomerAssign;bima_customerassign_date tersedia (durasi negatif di-clamp ke 0 = Comply);7,89;Comply
202605;TREG 3;JATIM TIMUR;SIDOARJO;SDA;create;48,00;CustomerAssign;bima_customerassign_date tersedia (durasi negatif di-clamp ke 0 = Comply);0,00;Comply
202605;TREG 4;KALTIMTARA;BONTANG;BOT;migrate;24,00;CustomerAssign;bima_customerassign_date tersedia (durasi negatif di-clamp ke 0 = Comply);0,00;Comply
202605;TREG 2;PRIANGAN BARAT;CIBINONG;JGL;create;48,00;CustomerAssign;bima_customerassign_date tersedia (durasi negatif di-clamp ke 0 = Comply);1,07;Comply
202605;TREG 3;BALI;DENPASAR UTARA;UBN;create;48,00;CustomerAssign;bima_customerassign_date tersedia (durasi negatif di-clamp ke 0 = Comply);0,00;Comply
202605;TREG 3;YOGYA JATENG SELATAN;KEBUMEN;KTW;create;48,00;CustomerAssign;bima_customerassign_date tersedia (durasi negatif di-clamp ke 0 = Comply);0,00;Comply
202605;TREG 4;KALTIMTARA;TARAKAN;JWT;create;48,00;CustomerAssign;bima_customerassign_date tersedia (durasi negatif di-clamp ke 0 = Comply);0,00;Comply
202605;TREG 3;JATIM BARAT;MALANG;SGS;migrate;24,00;CustomerAssign;bima_customerassign_date tersedia (durasi negatif di-clamp ke 0 = Comply);3,15;Comply
202605;TREG 2;PRIANGAN BARAT;DEPOK;DEP;migrate;24,00;CustomerAssign;bima_customerassign_date tersedia (durasi negatif di-clamp ke 0 = Comply);123,35;Not Comply
202605;TREG 2;BANTEN;CIPUTAT;PKU;migrate;24,00;CustomerAssign;bima_customerassign_date tersedia (durasi negatif di-clamp ke 0 = Comply);0,00;Comply
202605;TREG 2;PRIANGAN BARAT;DEPOK;DEP;create;48,00;CustomerAssign;bima_customerassign_date tersedia (durasi negatif di-clamp ke 0 = Comply);0,00;Comply
202605;TREG 2;BANTEN;CIPUTAT;CPA;migrate;24,00;CustomerAssign;bima_customerassign_date tersedia (durasi negatif di-clamp ke 0 = Comply);0,00;Comply
202605;TREG 4;KALTIMTARA;TARAKAN;TRK;migrate;24,00;CustomerAssign;bima_customerassign_date tersedia (durasi negatif di-clamp ke 0 = Comply);8,65;Comply
202605;TREG 2;JAKARTA OUTER;JAKTIM;GAN;migrate;24,00;CustomerAssign;bima_customerassign_date tersedia (durasi negatif di-clamp ke 0 = Comply);1,73;Comply
202605;TREG 3;YOGYA JATENG SELATAN;BANTUL;WTS;migrate;24,00;CustomerAssign;bima_customerassign_date tersedia (durasi negatif di-clamp ke 0 = Comply);7,98;Comply
202605;TREG 2;BANTEN;CIPUTAT;CPA;migrate;24,00;CustomerAssign;bima_customerassign_date tersedia (durasi negatif di-clamp ke 0 = Comply);0,00;Comply
202605;TREG 1;SUMUT;MEDAN;PRT;migrate;24,00;CustomerAssign;bima_customerassign_date tersedia (durasi negatif di-clamp ke 0 = Comply);0,00;Comply
202605;TREG 1;RIAU;BANGKINANG;UBT;migrate;24,00;CustomerAssign;bima_customerassign_date tersedia (durasi negatif di-clamp ke 0 = Comply);0,00;Comply
202605;TREG 1;ACEH;LHOKSEUMAWE;BIR;create;48,00;CustomerAssign;bima_customerassign_date tersedia (durasi negatif di-clamp ke 0 = Comply);0,00;Comply
202605;TREG 4;KALSELTENG;TANJUNG TABALONG;AMT;migrate;24,00;CustomerAssign;bima_customerassign_date tersedia (durasi negatif di-clamp ke 0 = Comply);0,00;Comply
202605;TREG 2;PRIANGAN BARAT;CIBINONG;CLS;create;48,00;CustomerAssign;bima_customerassign_date tersedia (durasi negatif di-clamp ke 0 = Comply);4,18;Comply
202605;TREG 3;YOGYA JATENG SELATAN;MAGELANG;MTY;migrate;24,00;CustomerAssign;bima_customerassign_date tersedia (durasi negatif di-clamp ke 0 = Comply);28,27;Not Comply
202605;TREG 5;SULBAGSEL;SITOR;RTP;migrate;24,00;CustomerAssign;bima_customerassign_date tersedia (durasi negatif di-clamp ke 0 = Comply);0,00;Comply
202605;TREG 2;PRIANGAN BARAT;KUJANG;BOO;create;48,00;CustomerAssign;bima_customerassign_date tersedia (durasi negatif di-clamp ke 0 = Comply);28,43;Comply
202605;TREG 2;BEKASI KARAWANG;BEKASI;PKY;migrate;24,00;CustomerAssign;bima_customerassign_date tersedia (durasi negatif di-clamp ke 0 = Comply);0,00;Comply
202605;TREG 3;SURAMADU;SURABAYA UTARA;MGO;migrate;24,00;CustomerAssign;bima_customerassign_date tersedia (durasi negatif di-clamp ke 0 = Comply);0,00;Comply
202605;TREG 2;JAKARTA CENTRUM;JAKUT;KTZ;create;48,00;CustomerAssign;bima_customerassign_date tersedia (durasi negatif di-clamp ke 0 = Comply);50,63;Not Comply
202605;TREG 3;JATIM TIMUR;SIDOARJO;GDA;create;48,00;CustomerAssign;bima_customerassign_date tersedia (durasi negatif di-clamp ke 0 = Comply);28,67;Comply
202605;TREG 1;ACEH;ACEH;SAB;migrate;24,00;CustomerAssign;bima_customerassign_date tersedia (durasi negatif di-clamp ke 0 = Comply);76,73;Not Comply
202605;TREG 1;LAMPUNG BENGKULU;LAMPUNG;KDT;create;48,00;CustomerAssign;bima_customerassign_date tersedia (durasi negatif di-clamp ke 0 = Comply);0,00;Comply
202605;TREG 2;JAKARTA OUTER;JAKTIM;KRG;migrate;24,00;CustomerAssign;bima_customerassign_date tersedia (durasi negatif di-clamp ke 0 = Comply);9,79;Comply
202605;TREG 3;JATIM BARAT;MALANG;MLG;create;48,00;CustomerAssign;bima_customerassign_date tersedia (durasi negatif di-clamp ke 0 = Comply);9,82;Comply
202605;TREG 4;KALSELTENG;BATULICIN;PLE;migrate;24,00;CustomerAssign;bima_customerassign_date tersedia (durasi negatif di-clamp ke 0 = Comply);0,00;Comply
202605;TREG 3;BALI;DENPASAR CENTRUM;SWI;migrate;24,00;CustomerAssign;bima_customerassign_date tersedia (durasi negatif di-clamp ke 0 = Comply);34,14;Not Comply
202605;TREG 2;BANTEN;CIPUTAT;CLD;create;48,00;CustomerAssign;bima_customerassign_date tersedia (durasi negatif di-clamp ke 0 = Comply);5,17;Comply
202605;TREG 2;PRIANGAN BARAT;DEPOK;DEP;migrate;24,00;CustomerAssign;bima_customerassign_date tersedia (durasi negatif di-clamp ke 0 = Comply);0,00;Comply
202605;TREG 5;SULBAGSEL;MAKASSAR;TMA;migrate;24,00;CustomerAssign;bima_customerassign_date tersedia (durasi negatif di-clamp ke 0 = Comply);0,00;Comply
202605;TREG 3;SEMARANG JATENG UTARA;BATANG;BTG;migrate;24,00;CustomerAssign;bima_customerassign_date tersedia (durasi negatif di-clamp ke 0 = Comply);0,00;Comply
202605;TREG 2;PRIANGAN TIMUR;MAJALENGKA;KAD;create;48,00;CustomerAssign;bima_customerassign_date tersedia (durasi negatif di-clamp ke 0 = Comply);10,43;Comply
202605;TREG 1;SUMUT;LUBUK PAKAM;TJR;migrate;24,00;CustomerAssign;bima_customerassign_date tersedia (durasi negatif di-clamp ke 0 = Comply);3,44;Comply
202605;TREG 2;JAKARTA OUTER;JAKTIM;PGG;migrate;24,00;CustomerAssign;bima_customerassign_date tersedia (durasi negatif di-clamp ke 0 = Comply);0,00;Comply
202605;TREG 2;PRIANGAN BARAT;KUJANG;SPL;migrate;24,00;CustomerAssign;bima_customerassign_date tersedia (durasi negatif di-clamp ke 0 = Comply);51,48;Not Comply
202605;TREG 2;PRIANGAN BARAT;CIBADAK;PLR;migrate;24,00;CustomerAssign;bima_customerassign_date tersedia (durasi negatif di-clamp ke 0 = Comply);5,51;Comply
202605;TREG 2;PRIANGAN BARAT;KUJANG;SPL;migrate;24,00;CustomerAssign;bima_customerassign_date tersedia (durasi negatif di-clamp ke 0 = Comply);34,55;Not Comply
202605;TREG 3;BALI;DENPASAR UTARA;SMY;migrate;24,00;CustomerAssign;bima_customerassign_date tersedia (durasi negatif di-clamp ke 0 = Comply);0,00;Comply
202605;TREG 2;BEKASI KARAWANG;CIKARANG;SUE;create;48,00;CustomerAssign;bima_customerassign_date tersedia (durasi negatif di-clamp ke 0 = Comply);0,00;Comply
202605;TREG 4;KALSELTENG;MUARA TEWEH;BNT;migrate;24,00;CustomerAssign;bima_customerassign_date tersedia (durasi negatif di-clamp ke 0 = Comply);123,97;Not Comply
202605;TREG 2;PRIANGAN TIMUR;BANJAR;BNJ;migrate;24,00;CustomerAssign;bima_customerassign_date tersedia (durasi negatif di-clamp ke 0 = Comply);0,00;Comply
202605;TREG 4;KALSELTENG;BATULICIN;BLC;migrate;24,00;CustomerAssign;bima_customerassign_date tersedia (durasi negatif di-clamp ke 0 = Comply);0,00;Comply
202605;TREG 4;KALSELTENG;BANJARBARU;LUL;migrate;24,00;CustomerAssign;bima_customerassign_date tersedia (durasi negatif di-clamp ke 0 = Comply);6,07;Comply
202605;TREG 2;JAKARTA CENTRUM;JAKUT;TPR;migrate;24,00;CustomerAssign;bima_customerassign_date tersedia (durasi negatif di-clamp ke 0 = Comply);0,00;Comply
202605;TREG 2;JAKARTA OUTER;JAKSEL;KBY;migrate;24,00;CustomerAssign;bima_customerassign_date tersedia (durasi negatif di-clamp ke 0 = Comply);0,00;Comply
202605;TREG 1;RIAU;DUMAI;BAG;migrate;24,00;CustomerAssign;bima_customerassign_date tersedia (durasi negatif di-clamp ke 0 = Comply);172,14;Not Comply
202605;TREG 1;RIAU;DUMAI;DUM;migrate;24,00;CustomerAssign;bima_customerassign_date tersedia (durasi negatif di-clamp ke 0 = Comply);4,14;Comply
202605;TREG 1;RIAU;BANGKINANG;UBT;migrate;24,00;CustomerAssign;bima_customerassign_date tersedia (durasi negatif di-clamp ke 0 = Comply);107,16;Not Comply
202605;TREG 1;RIAU;RIDAR;PBB;migrate;24,00;CustomerAssign;bima_customerassign_date tersedia (durasi negatif di-clamp ke 0 = Comply);4,33;Comply
202605;TREG 1;SUMBAR JAMBI;SUMBAR;LBY;migrate;24,00;CustomerAssign;bima_customerassign_date tersedia (durasi negatif di-clamp ke 0 = Comply);59,38;Not Comply
202605;TREG 2;JAKARTA OUTER;JAKSEL;BIN;create;48,00;CustomerAssign;bima_customerassign_date tersedia (durasi negatif di-clamp ke 0 = Comply);0,00;Comply
202605;TREG 2;JAKARTA INNER;JAKBAR;SLP;migrate;24,00;CustomerAssign;bima_customerassign_date tersedia (durasi negatif di-clamp ke 0 = Comply);11,43;Comply
202605;TREG 2;JAKARTA INNER;JAKBAR;PLM;migrate;24,00;CustomerAssign;bima_customerassign_date tersedia (durasi negatif di-clamp ke 0 = Comply);28,47;Not Comply
202605;TREG 2;BANDUNG;BANDUNG BARAT;RJW;migrate;24,00;CustomerAssign;bima_customerassign_date tersedia (durasi negatif di-clamp ke 0 = Comply);0,00;Comply
202605;TREG 5;SULBAGSEL;PALOPO;PLP;migrate;24,00;CustomerAssign;bima_customerassign_date tersedia (durasi negatif di-clamp ke 0 = Comply);0,00;Comply
202605;TREG 2;JAKARTA OUTER;JAKTIM;KRG;migrate;24,00;CustomerAssign;bima_customerassign_date tersedia (durasi negatif di-clamp ke 0 = Comply);196,80;Not Comply
202605;TREG 2;JAKARTA CENTRUM;JAKPUS;KMY;migrate;24,00;CustomerAssign;bima_customerassign_date tersedia (durasi negatif di-clamp ke 0 = Comply);6,81;Comply
202605;TREG 3;SURAMADU;SURABAYA SELATAN;DMO;create;48,00;CustomerAssign;bima_customerassign_date tersedia (durasi negatif di-clamp ke 0 = Comply);0,00;Comply
202605;TREG 2;BANTEN;CIPUTAT;CPA;migrate;24,00;CustomerAssign;bima_customerassign_date tersedia (durasi negatif di-clamp ke 0 = Comply);4,89;Comply
202605;TREG 2;BANTEN;LENGKONG;LKG;migrate;24,00;CustomerAssign;bima_customerassign_date tersedia (durasi negatif di-clamp ke 0 = Comply);30,98;Not Comply
202605;TREG 2;PRIANGAN BARAT;DEPOK;DEP;migrate;24,00;CustomerAssign;bima_customerassign_date tersedia (durasi negatif di-clamp ke 0 = Comply);31,15;Not Comply
202605;TREG 1;RIAU;RIDAR;PBB;migrate;24,00;CustomerAssign;bima_customerassign_date tersedia (durasi negatif di-clamp ke 0 = Comply);149,33;Not Comply
202605;TREG 2;PRIANGAN BARAT;DEPOK;DEP;migrate;24,00;CustomerAssign;bima_customerassign_date tersedia (durasi negatif di-clamp ke 0 = Comply);0,00;Comply
202605;TREG 2;PRIANGAN BARAT;DEPOK;DEP;migrate;24,00;CustomerAssign;bima_customerassign_date tersedia (durasi negatif di-clamp ke 0 = Comply);0,00;Comply
202605;TREG 2;BANDUNG;SUMEDANG;CJA;create;48,00;CustomerAssign;bima_customerassign_date tersedia (durasi negatif di-clamp ke 0 = Comply);0,00;Comply
202605;TREG 2;BANTEN;LENGKONG;SRP;migrate;24,00;CustomerAssign;bima_customerassign_date tersedia (durasi negatif di-clamp ke 0 = Comply);0,00;Comply
202605;TREG 2;PRIANGAN BARAT;CIBINONG;CBI;migrate;24,00;CustomerAssign;bima_customerassign_date tersedia (durasi negatif di-clamp ke 0 = Comply);12,97;Comply
202605;TREG 2;JAKARTA INNER;JAKBAR;TGA;migrate;24,00;CustomerAssign;bima_customerassign_date tersedia (durasi negatif di-clamp ke 0 = Comply);0,00;Comply
202605;TREG 2;BANTEN;CIPUTAT;CLD;create;48,00;CustomerAssign;bima_customerassign_date tersedia (durasi negatif di-clamp ke 0 = Comply);8,25;Comply
202605;TREG 1;SUMBAR JAMBI;SUMBAR;SIE;create;48,00;CustomerAssign;bima_customerassign_date tersedia (durasi negatif di-clamp ke 0 = Comply);6,25;Comply
202605;TREG 2;BEKASI KARAWANG;BEKASI;PDE;migrate;24,00;CustomerAssign;bima_customerassign_date tersedia (durasi negatif di-clamp ke 0 = Comply);438,34;Not Comply
202605;TREG 2;BANDUNG;BANDUNG BARAT;RJW;migrate;24,00;CustomerAssign;bima_customerassign_date tersedia (durasi negatif di-clamp ke 0 = Comply);6,81;Comply
202605;TREG 3;SURAMADU;SURABAYA SELATAN;WRU;create;48,00;CustomerAssign;bima_customerassign_date tersedia (durasi negatif di-clamp ke 0 = Comply);0,00;Comply
202605;TREG 3;SURAMADU;SURABAYA SELATAN;RKT;create;48,00;CustomerAssign;bima_customerassign_date tersedia (durasi negatif di-clamp ke 0 = Comply);55,52;Not Comply
202605;TREG 5;SULBAGTENG;PALU;PLA;migrate;24,00;CustomerAssign;bima_customerassign_date tersedia (durasi negatif di-clamp ke 0 = Comply);304,43;Not Comply
202605;TREG 5;SULBAGTENG;PALU;PLA;migrate;24,00;CustomerAssign;bima_customerassign_date tersedia (durasi negatif di-clamp ke 0 = Comply);138,46;Not Comply
202605;TREG 4;KALTIMTARA;BONTANG;BOT;migrate;24,00;CustomerAssign;bima_customerassign_date tersedia (durasi negatif di-clamp ke 0 = Comply);426,86;Not Comply
202605;TREG 3;JATIM BARAT;MALANG;BLB;migrate;24,00;CustomerAssign;bima_customerassign_date tersedia (durasi negatif di-clamp ke 0 = Comply);17,43;Comply
202605;TREG 3;JATIM TIMUR;SIDOARJO;SDN;migrate;24,00;CustomerAssign;bima_customerassign_date tersedia (durasi negatif di-clamp ke 0 = Comply);19,70;Comply
202605;TREG 5;SULBAGTENG;PALU;PLB;migrate;24,00;CustomerAssign;bima_customerassign_date tersedia (durasi negatif di-clamp ke 0 = Comply);187,70;Not Comply
202605;TREG 1;SUMBAGSEL;BABEL;JBS;migrate;24,00;CustomerAssign;bima_customerassign_date tersedia (durasi negatif di-clamp ke 0 = Comply);217,05;Not Comply
202605;TREG 3;SOLO JATENG TIMUR;BLORA;BLO;migrate;24,00;CustomerAssign;bima_customerassign_date tersedia (durasi negatif di-clamp ke 0 = Comply);0,00;Comply
202605;TREG 4;KALTIMTARA;TARAKAN;TRK;migrate;24,00;CustomerAssign;bima_customerassign_date tersedia (durasi negatif di-clamp ke 0 = Comply);0,00;Comply
202605;TREG 4;KALSELTENG;MUARA TEWEH;MTW;migrate;24,00;CustomerAssign;bima_customerassign_date tersedia (durasi negatif di-clamp ke 0 = Comply);139,74;Not Comply
202605;TREG 2;BEKASI KARAWANG;BEKASI;KLB;create;48,00;CustomerAssign;bima_customerassign_date tersedia (durasi negatif di-clamp ke 0 = Comply);0,00;Comply
202605;TREG 3;YOGYA JATENG SELATAN;BANTUL;BTL;create;48,00;CustomerAssign;bima_customerassign_date tersedia (durasi negatif di-clamp ke 0 = Comply);331,99;Not Comply
202605;TREG 2;BEKASI KARAWANG;BEKASI;BBL;create;48,00;CustomerAssign;bima_customerassign_date tersedia (durasi negatif di-clamp ke 0 = Comply);0,00;Comply
202605;TREG 2;BEKASI KARAWANG;PURWAKARTA;PLD;create;48,00;CustomerAssign;bima_customerassign_date tersedia (durasi negatif di-clamp ke 0 = Comply);0,00;Comply
202605;TREG 1;RIAU;DUMAI;DUM;migrate;24,00;CustomerAssign;bima_customerassign_date tersedia (durasi negatif di-clamp ke 0 = Comply);20,93;Comply
202605;TREG 1;SUMBAR JAMBI;SOLOK;SLK;migrate;24,00;CustomerAssign;bima_customerassign_date tersedia (durasi negatif di-clamp ke 0 = Comply);3,95;Comply
202605;TREG 2;BEKASI KARAWANG;KARAWANG;KLI;migrate;24,00;CustomerAssign;bima_customerassign_date tersedia (durasi negatif di-clamp ke 0 = Comply);28,08;Not Comply
202605;TREG 3;JATIM TIMUR;SIDOARJO;SDA;migrate;24,00;CustomerAssign;bima_customerassign_date tersedia (durasi negatif di-clamp ke 0 = Comply);0,00;Comply
202605;TREG 2;PRIANGAN BARAT;DEPOK;CSL;create;48,00;CustomerAssign;bima_customerassign_date tersedia (durasi negatif di-clamp ke 0 = Comply);100,12;Not Comply
202605;TREG 2;JAKARTA OUTER;JAKSEL;CPE;create;48,00;CustomerAssign;bima_customerassign_date tersedia (durasi negatif di-clamp ke 0 = Comply);28,19;Comply
202605;TREG 2;BANTEN;LENGKONG;SRP;migrate;24,00;CustomerAssign;bima_customerassign_date tersedia (durasi negatif di-clamp ke 0 = Comply);0,00;Comply
202605;TREG 4;KALTIMTARA;SAMARINDA;LMP;create;48,00;CustomerAssign;bima_customerassign_date tersedia (durasi negatif di-clamp ke 0 = Comply);4,58;Comply
202605;TREG 2;JAKARTA CENTRUM;JAKUT;TPR;migrate;24,00;CustomerAssign;bima_customerassign_date tersedia (durasi negatif di-clamp ke 0 = Comply);0,00;Comply
202605;TREG 4;KALTIMTARA;SAMARINDA;SEM;migrate;24,00;CustomerAssign;bima_customerassign_date tersedia (durasi negatif di-clamp ke 0 = Comply);0,00;Comply
202605;TREG 3;JATIM BARAT;KEDIRI;KDI;create;48,00;CustomerAssign;bima_customerassign_date tersedia (durasi negatif di-clamp ke 0 = Comply);168,05;Not Comply
202605;TREG 5;SULBAGSEL;KENDARI;MDG;migrate;24,00;CustomerAssign;bima_customerassign_date tersedia (durasi negatif di-clamp ke 0 = Comply);0,00;Comply
202605;TREG 2;BANDUNG;SUMEDANG;UBR;create;48,00;CustomerAssign;bima_customerassign_date tersedia (durasi negatif di-clamp ke 0 = Comply);0,00;Comply
202605;TREG 2;BANDUNG;PADALARANG;CSA;create;48,00;CustomerAssign;bima_customerassign_date tersedia (durasi negatif di-clamp ke 0 = Comply);0,00;Comply
202605;TREG 2;JAKARTA OUTER;JAKTIM;KRG;migrate;24,00;CustomerAssign;bima_customerassign_date tersedia (durasi negatif di-clamp ke 0 = Comply);22,45;Comply
202605;TREG 2;PRIANGAN BARAT;SENTUL;KHL;migrate;24,00;CustomerAssign;bima_customerassign_date tersedia (durasi negatif di-clamp ke 0 = Comply);23,07;Comply
202605;TREG 2;PRIANGAN TIMUR;CIREBON;CBN;create;48,00;CustomerAssign;bima_customerassign_date tersedia (durasi negatif di-clamp ke 0 = Comply);0,00;Comply
202605;TREG 4;KALTIMTARA;SAMARINDA;LMP;migrate;24,00;CustomerAssign;bima_customerassign_date tersedia (durasi negatif di-clamp ke 0 = Comply);6,53;Comply
202605;TREG 2;JAKARTA OUTER;JAKTIM;KLD;migrate;24,00;CustomerAssign;bima_customerassign_date tersedia (durasi negatif di-clamp ke 0 = Comply);0,00;Comply
202605;TREG 2;JAKARTA OUTER;JAKTIM;GAN;migrate;24,00;CustomerAssign;bima_customerassign_date tersedia (durasi negatif di-clamp ke 0 = Comply);0,00;Comply
202605;TREG 3;SURAMADU;SURABAYA SELATAN;WRU;migrate;24,00;CustomerAssign;bima_customerassign_date tersedia (durasi negatif di-clamp ke 0 = Comply);0,00;Comply
202605;TREG 3;YOGYA JATENG SELATAN;YOGYAKARTA;KEN;create;48,00;CustomerAssign;bima_customerassign_date tersedia (durasi negatif di-clamp ke 0 = Comply);0,00;Comply
202605;TREG 2;BANTEN;CIPUTAT;PKU;create;48,00;CustomerAssign;bima_customerassign_date tersedia (durasi negatif di-clamp ke 0 = Comply);0,00;Comply
202605;TREG 2;BANDUNG;BANDUNG BARAT;CMI;migrate;24,00;CustomerAssign;bima_customerassign_date tersedia (durasi negatif di-clamp ke 0 = Comply);26,06;Not Comply
202605;TREG 2;BANTEN;CIPUTAT;PDR;migrate;24,00;CustomerAssign;bima_customerassign_date tersedia (durasi negatif di-clamp ke 0 = Comply);24,07;Not Comply
202605;TREG 2;BEKASI KARAWANG;BEKASI;PDE;migrate;24,00;CustomerAssign;bima_customerassign_date tersedia (durasi negatif di-clamp ke 0 = Comply);2,18;Comply
202605;TREG 1;RIAU;BANGKINANG;SAK;migrate;24,00;CustomerAssign;bima_customerassign_date tersedia (durasi negatif di-clamp ke 0 = Comply);146,37;Not Comply
202605;TREG 4;KALSELTENG;TANJUNG TABALONG;KDG;migrate;24,00;CustomerAssign;bima_customerassign_date tersedia (durasi negatif di-clamp ke 0 = Comply);7,62;Comply
202605;TREG 4;KALTIMTARA;BONTANG;LKT;migrate;24,00;CustomerAssign;bima_customerassign_date tersedia (durasi negatif di-clamp ke 0 = Comply);0,00;Comply
202605;TREG 1;SUMBAR JAMBI;JAMBI;KOA;migrate;24,00;CustomerAssign;bima_customerassign_date tersedia (durasi negatif di-clamp ke 0 = Comply);24,66;Not Comply
202605;TREG 1;RIAU;RIKEP;NGS;migrate;24,00;CustomerAssign;bima_customerassign_date tersedia (durasi negatif di-clamp ke 0 = Comply);26,78;Not Comply
202605;TREG 4;BALIKPAPAN;BALIKPAPAN;GSA;migrate;24,00;CustomerAssign;bima_customerassign_date tersedia (durasi negatif di-clamp ke 0 = Comply);0,81;Comply
202605;TREG 4;KALTIMTARA;BONTANG;KOB;migrate;24,00;CustomerAssign;bima_customerassign_date tersedia (durasi negatif di-clamp ke 0 = Comply);24,88;Not Comply
202605;TREG 2;BANDUNG;SUMEDANG;UBR;migrate;24,00;CustomerAssign;bima_customerassign_date tersedia (durasi negatif di-clamp ke 0 = Comply);3,10;Comply
202605;TREG 3;YOGYA JATENG SELATAN;PURWOREJO;PWJ;migrate;24,00;CustomerAssign;bima_customerassign_date tersedia (durasi negatif di-clamp ke 0 = Comply);0,00;Comply
202605;TREG 5;PAPUA BARAT;FAK FAK;FFA;migrate;24,00;CustomerAssign;bima_customerassign_date tersedia (durasi negatif di-clamp ke 0 = Comply);272,39;Not Comply
202605;TREG 2;JAKARTA INNER;JAKBAR;CKG;migrate;24,00;CustomerAssign;bima_customerassign_date tersedia (durasi negatif di-clamp ke 0 = Comply);320,42;Not Comply
202605;TREG 3;SOLO JATENG TIMUR;SOLO;KRT;create;48,00;CustomerAssign;bima_customerassign_date tersedia (durasi negatif di-clamp ke 0 = Comply);0,00;Comply
202605;TREG 2;JAKARTA CENTRUM;JAKUT;STR;migrate;24,00;CustomerAssign;bima_customerassign_date tersedia (durasi negatif di-clamp ke 0 = Comply);3,48;Comply
202605;TREG 3;YOGYA JATENG SELATAN;YOGYAKARTA;KEN;create;48,00;CustomerAssign;bima_customerassign_date tersedia (durasi negatif di-clamp ke 0 = Comply);50,50;Not Comply
202605;TREG 4;KALSELTENG;BANJARMASIN;KYG;migrate;24,00;CustomerAssign;bima_customerassign_date tersedia (durasi negatif di-clamp ke 0 = Comply);25,61;Not Comply
202605;TREG 3;YOGYA JATENG SELATAN;YOGYAKARTA;KEN;migrate;24,00;CustomerAssign;bima_customerassign_date tersedia (durasi negatif di-clamp ke 0 = Comply);25,62;Not Comply
202605;TREG 2;BEKASI KARAWANG;CIKARANG;BGG;create;48,00;CustomerAssign;bima_customerassign_date tersedia (durasi negatif di-clamp ke 0 = Comply);8,69;Comply
202605;TREG 2;PRIANGAN BARAT;CIBINONG;CBI;create;48,00;CustomerAssign;bima_customerassign_date tersedia (durasi negatif di-clamp ke 0 = Comply);8,71;Comply
202605;TREG 4;KALTIMTARA;BONTANG;STT;migrate;24,00;CustomerAssign;bima_customerassign_date tersedia (durasi negatif di-clamp ke 0 = Comply);27,81;Not Comply
202605;TREG 3;BALI;DENPASAR SELATAN;JBR;migrate;24,00;CustomerAssign;bima_customerassign_date tersedia (durasi negatif di-clamp ke 0 = Comply);49,83;Not Comply
202605;TREG 1;SUMUT;KISARAN;TJB;migrate;24,00;CustomerAssign;bima_customerassign_date tersedia (durasi negatif di-clamp ke 0 = Comply);80,86;Not Comply
202605;TREG 3;JATIM BARAT;MALANG;SWJ;migrate;24,00;CustomerAssign;bima_customerassign_date tersedia (durasi negatif di-clamp ke 0 = Comply);32,90;Not Comply
202605;TREG 5;SULBAGSEL;KOLAKA;PMA;migrate;24,00;CustomerAssign;bima_customerassign_date tersedia (durasi negatif di-clamp ke 0 = Comply);319,07;Not Comply
202605;TREG 4;KALTIMTARA;TARAKAN;TRK;migrate;24,00;CustomerAssign;bima_customerassign_date tersedia (durasi negatif di-clamp ke 0 = Comply);0,00;Comply
202605;TREG 2;JAKARTA OUTER;JAKSEL;TBE;create;48,00;CustomerAssign;bima_customerassign_date tersedia (durasi negatif di-clamp ke 0 = Comply);26,23;Comply
202605;TREG 3;SURAMADU;SURABAYA UTARA;TNS;migrate;24,00;CustomerAssign;bima_customerassign_date tersedia (durasi negatif di-clamp ke 0 = Comply);9,46;Comply
202605;TREG 3;YOGYA JATENG SELATAN;YOGYAKARTA;PGR;migrate;24,00;CustomerAssign;bima_customerassign_date tersedia (durasi negatif di-clamp ke 0 = Comply);0,00;Comply
202605;TREG 5;SULBAGSEL;MAKASSAR;MAT;migrate;24,00;CustomerAssign;bima_customerassign_date tersedia (durasi negatif di-clamp ke 0 = Comply);26,64;Not Comply
202605;TREG 2;BEKASI KARAWANG;BEKASI;KLB;migrate;24,00;CustomerAssign;bima_customerassign_date tersedia (durasi negatif di-clamp ke 0 = Comply);0,00;Comply
202605;TREG 4;KALBAR;MEMPAWAH;STA;create;48,00;CustomerAssign;bima_customerassign_date tersedia (durasi negatif di-clamp ke 0 = Comply);0,00;Comply
202605;TREG 2;PRIANGAN TIMUR;GARUT;GRU;create;48,00;CustomerAssign;bima_customerassign_date tersedia (durasi negatif di-clamp ke 0 = Comply);0,00;Comply
202605;TREG 2;JAKARTA INNER;JAKBAR;TGA;migrate;24,00;CustomerAssign;bima_customerassign_date tersedia (durasi negatif di-clamp ke 0 = Comply);0,00;Comply
202605;TREG 2;PRIANGAN TIMUR;TASIKMALAYA;TSM;create;48,00;CustomerAssign;bima_customerassign_date tersedia (durasi negatif di-clamp ke 0 = Comply);34,67;Comply
202605;TREG 2;BEKASI KARAWANG;BEKASI;BEK;migrate;24,00;CustomerAssign;bima_customerassign_date tersedia (durasi negatif di-clamp ke 0 = Comply);29,76;Not Comply
202605;TREG 2;JAKARTA INNER;JAKBAR;TGA;migrate;24,00;CustomerAssign;bima_customerassign_date tersedia (durasi negatif di-clamp ke 0 = Comply);418,92;Not Comply
202605;TREG 3;SURAMADU;SURABAYA SELATAN;RKT;migrate;24,00;CustomerAssign;bima_customerassign_date tersedia (durasi negatif di-clamp ke 0 = Comply);29,96;Not Comply
202605;TREG 1;RIAU;RIKEP;PNI;migrate;24,00;CustomerAssign;bima_customerassign_date tersedia (durasi negatif di-clamp ke 0 = Comply);10,98;Comply
202605;TREG 3;JATIM BARAT;MALANG;KLJ;migrate;24,00;CustomerAssign;bima_customerassign_date tersedia (durasi negatif di-clamp ke 0 = Comply);0,00;Comply
202605;TREG 4;KALTIMTARA;TARAKAN;TRK;migrate;24,00;CustomerAssign;bima_customerassign_date tersedia (durasi negatif di-clamp ke 0 = Comply);28,12;Not Comply
202605;TREG 3;SURAMADU;SUMENEP;BAB;migrate;24,00;CustomerAssign;bima_customerassign_date tersedia (durasi negatif di-clamp ke 0 = Comply);83,54;Not Comply
202605;TREG 2;BEKASI KARAWANG;CIKARANG;BGG;migrate;24,00;CustomerAssign;bima_customerassign_date tersedia (durasi negatif di-clamp ke 0 = Comply);0,00;Comply
202605;TREG 2;BANTEN;LENGKONG;LGK;migrate;24,00;CustomerAssign;bima_customerassign_date tersedia (durasi negatif di-clamp ke 0 = Comply);0,00;Comply
202605;TREG 4;KALSELTENG;PALANGKARAYA;PYM;migrate;24,00;CustomerAssign;bima_customerassign_date tersedia (durasi negatif di-clamp ke 0 = Comply);561,94;Not Comply
202605;TREG 2;BEKASI KARAWANG;BEKASI;KRA;migrate;24,00;CustomerAssign;bima_customerassign_date tersedia (durasi negatif di-clamp ke 0 = Comply);31,56;Not Comply
202605;TREG 2;JAKARTA OUTER;JAKTIM;KLD;migrate;24,00;CustomerAssign;bima_customerassign_date tersedia (durasi negatif di-clamp ke 0 = Comply);132,64;Not Comply
202605;TREG 3;JATIM BARAT;KEDIRI;KDI;migrate;24,00;CustomerAssign;bima_customerassign_date tersedia (durasi negatif di-clamp ke 0 = Comply);30,17;Not Comply
202605;TREG 2;BEKASI KARAWANG;BEKASI;KRA;migrate;24,00;CustomerAssign;bima_customerassign_date tersedia (durasi negatif di-clamp ke 0 = Comply);8,44;Comply
202605;TREG 2;BANTEN;PASAR BARU;CKL;migrate;24,00;CustomerAssign;bima_customerassign_date tersedia (durasi negatif di-clamp ke 0 = Comply);6,45;Comply
202605;TREG 2;PRIANGAN BARAT;KUJANG;PAG;migrate;24,00;CustomerAssign;bima_customerassign_date tersedia (durasi negatif di-clamp ke 0 = Comply);37,58;Not Comply
202605;TREG 1;SUMUT;SUMUT;PMY;migrate;24,00;CustomerAssign;bima_customerassign_date tersedia (durasi negatif di-clamp ke 0 = Comply);0,00;Comply
202605;TREG 2;JAKARTA INNER;JAKBAR;CKG;migrate;24,00;CustomerAssign;bima_customerassign_date tersedia (durasi negatif di-clamp ke 0 = Comply);17,67;Comply
202605;TREG 2;PRIANGAN TIMUR;GARUT;KDN;migrate;24,00;CustomerAssign;bima_customerassign_date tersedia (durasi negatif di-clamp ke 0 = Comply);0,00;Comply
202605;TREG 1;SUMUT;MEDAN;MDC;migrate;24,00;CustomerAssign;bima_customerassign_date tersedia (durasi negatif di-clamp ke 0 = Comply);42,14;Not Comply
202605;TREG 2;PRIANGAN BARAT;DEPOK;PCM;migrate;24,00;CustomerAssign;bima_customerassign_date tersedia (durasi negatif di-clamp ke 0 = Comply);67,15;Not Comply
202605;TREG 2;PRIANGAN BARAT;DEPOK;DEP;migrate;24,00;CustomerAssign;bima_customerassign_date tersedia (durasi negatif di-clamp ke 0 = Comply);237,15;Not Comply
202605;TREG 1;SUMUT;MEDAN;MDC;create;48,00;CustomerAssign;bima_customerassign_date tersedia (durasi negatif di-clamp ke 0 = Comply);26,25;Comply
202605;TREG 1;SUMUT;MEDAN;SKI;migrate;24,00;CustomerAssign;bima_customerassign_date tersedia (durasi negatif di-clamp ke 0 = Comply);0,00;Comply
202605;TREG 1;SUMBAGSEL;BABEL;TBI;migrate;24,00;CustomerAssign;bima_customerassign_date tersedia (durasi negatif di-clamp ke 0 = Comply);458,49;Not Comply
202605;TREG 1;SUMUT;BINJAI;BJI;migrate;24,00;CustomerAssign;bima_customerassign_date tersedia (durasi negatif di-clamp ke 0 = Comply);45,63;Not Comply
202605;TREG 2;JAKARTA CENTRUM;JAKPUS;CPP;migrate;24,00;CustomerAssign;bima_customerassign_date tersedia (durasi negatif di-clamp ke 0 = Comply);21,66;Comply
202605;TREG 1;LAMPUNG BENGKULU;LAMPUNG;TJK;migrate;24,00;CustomerAssign;bima_customerassign_date tersedia (durasi negatif di-clamp ke 0 = Comply);43,73;Not Comply
202605;TREG 2;JAKARTA OUTER;JAKSEL;BIN;create;48,00;CustomerAssign;bima_customerassign_date tersedia (durasi negatif di-clamp ke 0 = Comply);2,85;Comply
202605;TREG 1;RIAU;TANJUNGBALAI KARIMUN;TBK;migrate;24,00;CustomerAssign;bima_customerassign_date tersedia (durasi negatif di-clamp ke 0 = Comply);26,91;Not Comply
202605;TREG 1;LAMPUNG BENGKULU;LAMPUNG;KDT;migrate;24,00;CustomerAssign;bima_customerassign_date tersedia (durasi negatif di-clamp ke 0 = Comply);22,05;Comply
202605;TREG 2;BEKASI KARAWANG;BEKASI;TAR;create;48,00;CustomerAssign;bima_customerassign_date tersedia (durasi negatif di-clamp ke 0 = Comply);46,16;Comply
202605;TREG 1;ACEH;MEULABOH;MBO;create;48,00;CustomerAssign;bima_customerassign_date tersedia (durasi negatif di-clamp ke 0 = Comply);22,16;Comply
202605;TREG 4;KALTIMTARA;SAMARINDA;LOB;migrate;24,00;CustomerAssign;bima_customerassign_date tersedia (durasi negatif di-clamp ke 0 = Comply);0,00;Comply
202605;TREG 4;KALTIMTARA;MELAK;SBR;migrate;24,00;CustomerAssign;bima_customerassign_date tersedia (durasi negatif di-clamp ke 0 = Comply);243,59;Not Comply
202605;TREG 3;NUSA TENGGARA;NTB;MTR;migrate;24,00;CustomerAssign;bima_customerassign_date tersedia (durasi negatif di-clamp ke 0 = Comply);0,00;Comply
202605;TREG 1;SUMUT;MEDAN;SPM;migrate;24,00;CustomerAssign;bima_customerassign_date tersedia (durasi negatif di-clamp ke 0 = Comply);0,00;Comply
202605;TREG 2;BANTEN;PASAR BARU;TAN;create;48,00;CustomerAssign;bima_customerassign_date tersedia (durasi negatif di-clamp ke 0 = Comply);3,78;Comply
202605;TREG 1;RIAU;RIKEP;SKN;create;48,00;CustomerAssign;bima_customerassign_date tersedia (durasi negatif di-clamp ke 0 = Comply);0,00;Comply
202605;TREG 3;YOGYA JATENG SELATAN;YOGYAKARTA;KGD;migrate;24,00;CustomerAssign;bima_customerassign_date tersedia (durasi negatif di-clamp ke 0 = Comply);187,00;Not Comply
202605;TREG 2;BANTEN;CIPUTAT;PKU;migrate;24,00;CustomerAssign;bima_customerassign_date tersedia (durasi negatif di-clamp ke 0 = Comply);0,00;Comply
202605;TREG 2;BEKASI KARAWANG;BEKASI;KLB;create;48,00;CustomerAssign;bima_customerassign_date tersedia (durasi negatif di-clamp ke 0 = Comply);0,00;Comply
202605;TREG 1;RIAU;DUMAI;DUM;migrate;24,00;CustomerAssign;bima_customerassign_date tersedia (durasi negatif di-clamp ke 0 = Comply);52,10;Not Comply
202605;TREG 3;JATIM BARAT;KEDIRI;MJT;migrate;24,00;CustomerAssign;bima_customerassign_date tersedia (durasi negatif di-clamp ke 0 = Comply);45,13;Not Comply
202605;TREG 4;KALTIMTARA;SAMARINDA;LOB;create;48,00;CustomerAssign;bima_customerassign_date tersedia (durasi negatif di-clamp ke 0 = Comply);47,16;Comply
202605;TREG 2;PRIANGAN BARAT;DEPOK;SKJ;migrate;24,00;CustomerAssign;bima_customerassign_date tersedia (durasi negatif di-clamp ke 0 = Comply);0,00;Comply
202605;TREG 5;SULBAGSEL;MAKASSAR;PNK;migrate;24,00;CustomerAssign;bima_customerassign_date tersedia (durasi negatif di-clamp ke 0 = Comply);76,45;Not Comply
202605;TREG 5;PAPUA;ABEPURA;ABE;migrate;24,00;CustomerAssign;bima_customerassign_date tersedia (durasi negatif di-clamp ke 0 = Comply);23,49;Comply
202605;TREG 2;JAKARTA INNER;JAKBAR;PLM;create;48,00;CustomerAssign;bima_customerassign_date tersedia (durasi negatif di-clamp ke 0 = Comply);76,64;Not Comply
202605;TREG 5;SULBAGSEL;KENDARI;MDG;migrate;24,00;CustomerAssign;bima_customerassign_date tersedia (durasi negatif di-clamp ke 0 = Comply);0,00;Comply
202605;TREG 2;JAKARTA OUTER;JAKTIM;KLD;create;48,00;CustomerAssign;bima_customerassign_date tersedia (durasi negatif di-clamp ke 0 = Comply);0,00;Comply
202605;TREG 2;BEKASI KARAWANG;PURWAKARTA;CKP;migrate;24,00;CustomerAssign;bima_customerassign_date tersedia (durasi negatif di-clamp ke 0 = Comply);5,36;Comply
202605;TREG 3;JATIM BARAT;BOJONEGORO;BJN;migrate;24,00;CustomerAssign;bima_customerassign_date tersedia (durasi negatif di-clamp ke 0 = Comply);0,00;Comply
202605;TREG 4;KALBAR;SANGGAU;NGG;migrate;24,00;CustomerAssign;bima_customerassign_date tersedia (durasi negatif di-clamp ke 0 = Comply);0,00;Comply
202605;TREG 1;SUMUT;MEDAN;TJM;migrate;24,00;CustomerAssign;bima_customerassign_date tersedia (durasi negatif di-clamp ke 0 = Comply);0,00;Comply
202605;TREG 2;JAKARTA CENTRUM;JAKPUS;CID;migrate;24,00;CustomerAssign;bima_customerassign_date tersedia (durasi negatif di-clamp ke 0 = Comply);5,59;Comply
202605;TREG 2;PRIANGAN TIMUR;CIREBON;CBN;create;48,00;CustomerAssign;bima_customerassign_date tersedia (durasi negatif di-clamp ke 0 = Comply);0,00;Comply
202605;TREG 4;KALSELTENG;TANJUNG TABALONG;TJL;migrate;24,00;CustomerAssign;bima_customerassign_date tersedia (durasi negatif di-clamp ke 0 = Comply);5,82;Comply
202605;TREG 5;SULBAGSEL;MAKASSAR;ANT;migrate;24,00;CustomerAssign;bima_customerassign_date tersedia (durasi negatif di-clamp ke 0 = Comply);0,00;Comply
202605;TREG 4;BALIKPAPAN;BALIKPAPAN;GSA;migrate;24,00;CustomerAssign;bima_customerassign_date tersedia (durasi negatif di-clamp ke 0 = Comply);5,85;Comply
202605;TREG 3;YOGYA JATENG SELATAN;YOGYAKARTA;KEN;migrate;24,00;CustomerAssign;bima_customerassign_date tersedia (durasi negatif di-clamp ke 0 = Comply);0,00;Comply
202605;TREG 1;RIAU;RIKEP;DGS;create;48,00;CustomerAssign;bima_customerassign_date tersedia (durasi negatif di-clamp ke 0 = Comply);78,05;Not Comply
202605;TREG 2;JAKARTA OUTER;JAKTIM;GAN;migrate;24,00;CustomerAssign;bima_customerassign_date tersedia (durasi negatif di-clamp ke 0 = Comply);1,13;Comply
202605;TREG 2;JAKARTA CENTRUM;JAKUT;CIL;migrate;24,00;CustomerAssign;bima_customerassign_date tersedia (durasi negatif di-clamp ke 0 = Comply);0,00;Comply
202605;TREG 2;JAKARTA OUTER;JAKTIM;KLD;migrate;24,00;CustomerAssign;bima_customerassign_date tersedia (durasi negatif di-clamp ke 0 = Comply);6,18;Comply
202605;TREG 3;SURAMADU;SURABAYA UTARA;TNS;migrate;24,00;CustomerAssign;bima_customerassign_date tersedia (durasi negatif di-clamp ke 0 = Comply);0,00;Comply
202605;TREG 1;ACEH;ACEH;BNA;migrate;24,00;CustomerAssign;bima_customerassign_date tersedia (durasi negatif di-clamp ke 0 = Comply);462,24;Not Comply
202605;TREG 5;SULBAGSEL;KENDARI;MDG;migrate;24,00;CustomerAssign;bima_customerassign_date tersedia (durasi negatif di-clamp ke 0 = Comply);7,25;Comply
202605;TREG 1;SUMUT;KISARAN;KIS;migrate;24,00;CustomerAssign;bima_customerassign_date tersedia (durasi negatif di-clamp ke 0 = Comply);6,37;Comply
202605;TREG 3;SEMARANG JATENG UTARA;BREBES;BKA;migrate;24,00;CustomerAssign;bima_customerassign_date tersedia (durasi negatif di-clamp ke 0 = Comply);0,00;Comply
202605;TREG 5;PAPUA BARAT;MANOKWARI;MWR;migrate;24,00;CustomerAssign;bima_customerassign_date tersedia (durasi negatif di-clamp ke 0 = Comply);54,44;Not Comply
202605;TREG 3;SURAMADU;SURABAYA SELATAN;MYR;migrate;24,00;CustomerAssign;bima_customerassign_date tersedia (durasi negatif di-clamp ke 0 = Comply);25,56;Not Comply
202605;TREG 2;JAKARTA INNER;JAKBAR;KSB;migrate;24,00;CustomerAssign;bima_customerassign_date tersedia (durasi negatif di-clamp ke 0 = Comply);318,62;Not Comply
202605;TREG 3;SURAMADU;SURABAYA SELATAN;GBG;create;48,00;CustomerAssign;bima_customerassign_date tersedia (durasi negatif di-clamp ke 0 = Comply);174,74;Not Comply
202605;TREG 4;KALTIMTARA;SAMARINDA;SGK;migrate;24,00;CustomerAssign;bima_customerassign_date tersedia (durasi negatif di-clamp ke 0 = Comply);0,00;Comply
202605;TREG 3;YOGYA JATENG SELATAN;SLEMAN;PKM;create;48,00;CustomerAssign;bima_customerassign_date tersedia (durasi negatif di-clamp ke 0 = Comply);4,85;Comply
202605;TREG 4;KALSELTENG;BANJARMASIN;KYG;migrate;24,00;CustomerAssign;bima_customerassign_date tersedia (durasi negatif di-clamp ke 0 = Comply);0,00;Comply
202605;TREG 3;SEMARANG JATENG UTARA;TEGAL;MGN;migrate;24,00;CustomerAssign;bima_customerassign_date tersedia (durasi negatif di-clamp ke 0 = Comply);246,97;Not Comply
202605;TREG 3;SURAMADU;SURABAYA SELATAN;MYR;migrate;24,00;CustomerAssign;bima_customerassign_date tersedia (durasi negatif di-clamp ke 0 = Comply);26,04;Not Comply
202605;TREG 2;PRIANGAN BARAT;CIBINONG;JGL;migrate;24,00;CustomerAssign;bima_customerassign_date tersedia (durasi negatif di-clamp ke 0 = Comply);151,07;Not Comply
202605;TREG 3;SOLO JATENG TIMUR;JEPARA;PEC;migrate;24,00;CustomerAssign;bima_customerassign_date tersedia (durasi negatif di-clamp ke 0 = Comply);48,09;Not Comply
202605;TREG 2;PRIANGAN BARAT;DEPOK;DEP;migrate;24,00;CustomerAssign;bima_customerassign_date tersedia (durasi negatif di-clamp ke 0 = Comply);0,00;Comply
202605;TREG 2;BANTEN;LENGKONG;LGK;migrate;24,00;CustomerAssign;bima_customerassign_date tersedia (durasi negatif di-clamp ke 0 = Comply);48,20;Not Comply
202605;TREG 2;BEKASI KARAWANG;CIKARANG;BGG;create;48,00;CustomerAssign;bima_customerassign_date tersedia (durasi negatif di-clamp ke 0 = Comply);0,00;Comply
202605;TREG 3;SURAMADU;GRESIK;GSK;migrate;24,00;CustomerAssign;bima_customerassign_date tersedia (durasi negatif di-clamp ke 0 = Comply);26,27;Not Comply
202605;TREG 3;SEMARANG JATENG UTARA;PEKALONGAN;PKL;migrate;24,00;CustomerAssign;bima_customerassign_date tersedia (durasi negatif di-clamp ke 0 = Comply);31,30;Not Comply
202605;TREG 4;BALIKPAPAN;BALIKPAPAN;KJN;create;48,00;CustomerAssign;bima_customerassign_date tersedia (durasi negatif di-clamp ke 0 = Comply);50,34;Not Comply
202605;TREG 5;SULBAGSEL;KENDARI;MDG;migrate;24,00;CustomerAssign;bima_customerassign_date tersedia (durasi negatif di-clamp ke 0 = Comply);0,00;Comply
202605;TREG 3;SURAMADU;SURABAYA SELATAN;TPO;migrate;24,00;CustomerAssign;bima_customerassign_date tersedia (durasi negatif di-clamp ke 0 = Comply);0,00;Comply
202605;TREG 2;JAKARTA CENTRUM;JAKPUS;GBC;create;48,00;CustomerAssign;bima_customerassign_date tersedia (durasi negatif di-clamp ke 0 = Comply);0,00;Comply
202605;TREG 4;KALTIMTARA;SAMARINDA;SEM;create;48,00;CustomerAssign;bima_customerassign_date tersedia (durasi negatif di-clamp ke 0 = Comply);0,00;Comply
202605;TREG 1;RIAU;BANGKINANG;PKR;migrate;24,00;CustomerAssign;bima_customerassign_date tersedia (durasi negatif di-clamp ke 0 = Comply);48,68;Not Comply
202605;TREG 3;JATIM TIMUR;SIDOARJO;KRN;migrate;24,00;CustomerAssign;bima_customerassign_date tersedia (durasi negatif di-clamp ke 0 = Comply);31,70;Not Comply
202605;TREG 2;BEKASI KARAWANG;PURWAKARTA;PWK;migrate;24,00;CustomerAssign;bima_customerassign_date tersedia (durasi negatif di-clamp ke 0 = Comply);0,77;Comply
202605;TREG 4;KALSELTENG;BANJARMASIN;KYG;migrate;24,00;CustomerAssign;bima_customerassign_date tersedia (durasi negatif di-clamp ke 0 = Comply);0,00;Comply
202605;TREG 5;SULBAGSEL;PALOPO;MAS;migrate;24,00;CustomerAssign;bima_customerassign_date tersedia (durasi negatif di-clamp ke 0 = Comply);0,00;Comply
202605;TREG 2;PRIANGAN TIMUR;CIREBON;CBN;migrate;24,00;CustomerAssign;bima_customerassign_date tersedia (durasi negatif di-clamp ke 0 = Comply);0,00;Comply
202605;TREG 1;ACEH;ACEH;DAR;migrate;24,00;CustomerAssign;bima_customerassign_date tersedia (durasi negatif di-clamp ke 0 = Comply);266,95;Not Comply
202605;TREG 4;KALTIMTARA;MELAK;SBR;create;48,00;CustomerAssign;bima_customerassign_date tersedia (durasi negatif di-clamp ke 0 = Comply);0,00;Comply
202605;TREG 3;JATIM BARAT;KEPANJEN;SBP;create;48,00;CustomerAssign;bima_customerassign_date tersedia (durasi negatif di-clamp ke 0 = Comply);0,00;Comply
202605;TREG 3;SURAMADU;SURABAYA UTARA;KNN;migrate;24,00;CustomerAssign;bima_customerassign_date tersedia (durasi negatif di-clamp ke 0 = Comply);27,07;Not Comply
202605;TREG 5;SULBAGSEL;PARE-PARE;PIN;migrate;24,00;CustomerAssign;bima_customerassign_date tersedia (durasi negatif di-clamp ke 0 = Comply);0,00;Comply
202605;TREG 3;SEMARANG JATENG UTARA;SLAWI;BLU;create;48,00;CustomerAssign;bima_customerassign_date tersedia (durasi negatif di-clamp ke 0 = Comply);0,00;Comply
202605;TREG 4;KALSELTENG;BANJARMASIN;ULI;migrate;24,00;CustomerAssign;bima_customerassign_date tersedia (durasi negatif di-clamp ke 0 = Comply);1,20;Comply
202605;TREG 4;KALTIMTARA;SAMARINDA;LOB;migrate;24,00;CustomerAssign;bima_customerassign_date tersedia (durasi negatif di-clamp ke 0 = Comply);3,24;Comply
202605;TREG 2;JAKARTA INNER;JAKBAR;SLP;migrate;24,00;CustomerAssign;bima_customerassign_date tersedia (durasi negatif di-clamp ke 0 = Comply);49,46;Not Comply
202605;TREG 3;SEMARANG JATENG UTARA;UNGARAN;UNR;create;48,00;CustomerAssign;bima_customerassign_date tersedia (durasi negatif di-clamp ke 0 = Comply);0,00;Comply
202605;TREG 4;KALTIMTARA;BONTANG;BOT;migrate;24,00;CustomerAssign;bima_customerassign_date tersedia (durasi negatif di-clamp ke 0 = Comply);0,00;Comply
202605;TREG 1;SUMUT;MEDAN;SPM;create;48,00;CustomerAssign;bima_customerassign_date tersedia (durasi negatif di-clamp ke 0 = Comply);481,51;Not Comply
202605;TREG 4;BALIKPAPAN;TANAHGROGOT;TNG;migrate;24,00;CustomerAssign;bima_customerassign_date tersedia (durasi negatif di-clamp ke 0 = Comply);217,54;Not Comply
202605;TREG 2;JAKARTA OUTER;JAKTIM;PDK;create;48,00;CustomerAssign;bima_customerassign_date tersedia (durasi negatif di-clamp ke 0 = Comply);0,00;Comply
202605;TREG 2;BEKASI KARAWANG;CIKARANG;JBB;migrate;24,00;CustomerAssign;bima_customerassign_date tersedia (durasi negatif di-clamp ke 0 = Comply);1,69;Comply
202605;TREG 2;BEKASI KARAWANG;BEKASI;PKY;migrate;24,00;CustomerAssign;bima_customerassign_date tersedia (durasi negatif di-clamp ke 0 = Comply);8,76;Comply
202605;TREG 4;KALBAR;PONTIANAK;SAO;migrate;24,00;CustomerAssign;bima_customerassign_date tersedia (durasi negatif di-clamp ke 0 = Comply);1,82;Comply
202605;TREG 1;SUMUT;MEDAN;CTD;migrate;24,00;CustomerAssign;bima_customerassign_date tersedia (durasi negatif di-clamp ke 0 = Comply);0,00;Comply
202605;TREG 3;SEMARANG JATENG UTARA;TEGAL;TEG;migrate;24,00;CustomerAssign;bima_customerassign_date tersedia (durasi negatif di-clamp ke 0 = Comply);104,86;Not Comply
202605;TREG 2;BEKASI KARAWANG;CIKARANG;BGG;migrate;24,00;CustomerAssign;bima_customerassign_date tersedia (durasi negatif di-clamp ke 0 = Comply);0,00;Comply
202605;TREG 2;BANDUNG;BANDUNG BARAT;CMI;create;48,00;CustomerAssign;bima_customerassign_date tersedia (durasi negatif di-clamp ke 0 = Comply);0,00;Comply
202605;TREG 2;JAKARTA OUTER;JAKTIM;JTN;create;48,00;CustomerAssign;bima_customerassign_date tersedia (durasi negatif di-clamp ke 0 = Comply);1,96;Comply
202605;TREG 4;KALTIMTARA;TARAKAN;JWT;create;48,00;CustomerAssign;bima_customerassign_date tersedia (durasi negatif di-clamp ke 0 = Comply);0,00;Comply
202605;TREG 2;PRIANGAN BARAT;SUKABUMI;SKB;migrate;24,00;CustomerAssign;bima_customerassign_date tersedia (durasi negatif di-clamp ke 0 = Comply);52,08;Not Comply
202605;TREG 4;BALIKPAPAN;TANAHGROGOT;TNG;migrate;24,00;CustomerAssign;bima_customerassign_date tersedia (durasi negatif di-clamp ke 0 = Comply);50,13;Not Comply
202605;TREG 4;KALSELTENG;BATULICIN;PLE;migrate;24,00;CustomerAssign;bima_customerassign_date tersedia (durasi negatif di-clamp ke 0 = Comply);0,00;Comply
202605;TREG 3;SEMARANG JATENG UTARA;SEMARANG;MJP;migrate;24,00;CustomerAssign;bima_customerassign_date tersedia (durasi negatif di-clamp ke 0 = Comply);0,00;Comply
202605;TREG 2;PRIANGAN BARAT;KUJANG;BOO;create;48,00;CustomerAssign;bima_customerassign_date tersedia (durasi negatif di-clamp ke 0 = Comply);0,00;Comply
202605;TREG 4;KALBAR;SINTANG;NPN;migrate;24,00;CustomerAssign;bima_customerassign_date tersedia (durasi negatif di-clamp ke 0 = Comply);105,31;Not Comply
202605;TREG 2;BEKASI KARAWANG;BEKASI;KLB;migrate;24,00;CustomerAssign;bima_customerassign_date tersedia (durasi negatif di-clamp ke 0 = Comply);0,00;Comply
202605;TREG 2;BANDUNG;BANDUNG;BDK;migrate;24,00;CustomerAssign;bima_customerassign_date tersedia (durasi negatif di-clamp ke 0 = Comply);28,42;Not Comply
202605;TREG 4;KALTIMTARA;SAMARINDA;SEM;create;48,00;CustomerAssign;bima_customerassign_date tersedia (durasi negatif di-clamp ke 0 = Comply);0,00;Comply
202605;TREG 2;BEKASI KARAWANG;BEKASI;TAR;create;48,00;CustomerAssign;bima_customerassign_date tersedia (durasi negatif di-clamp ke 0 = Comply);0,00;Comply
202605;TREG 1;RIAU;RIKEP;SLU;migrate;24,00;CustomerAssign;bima_customerassign_date tersedia (durasi negatif di-clamp ke 0 = Comply);9,55;Comply
202605;TREG 4;BALIKPAPAN;BALIKPAPAN;GSA;create;48,00;CustomerAssign;bima_customerassign_date tersedia (durasi negatif di-clamp ke 0 = Comply);0,00;Comply
202605;TREG 3;YOGYA JATENG SELATAN;YOGYAKARTA;KEN;create;48,00;CustomerAssign;bima_customerassign_date tersedia (durasi negatif di-clamp ke 0 = Comply);0,00;Comply
202605;TREG 4;KALSELTENG;PALANGKARAYA;PLK;create;48,00;CustomerAssign;bima_customerassign_date tersedia (durasi negatif di-clamp ke 0 = Comply);0,00;Comply
202605;TREG 1;RIAU;TANJUNGBALAI KARIMUN;TJT;migrate;24,00;CustomerAssign;bima_customerassign_date tersedia (durasi negatif di-clamp ke 0 = Comply);57,59;Not Comply
202605;TREG 2;BANDUNG;SOREANG;BJA;create;48,00;CustomerAssign;bima_customerassign_date tersedia (durasi negatif di-clamp ke 0 = Comply);0,00;Comply
202605;TREG 1;ACEH;LHOKSEUMAWE;LSM;migrate;24,00;CustomerAssign;bima_customerassign_date tersedia (durasi negatif di-clamp ke 0 = Comply);81,66;Not Comply
202605;TREG 2;PRIANGAN BARAT;CIBINONG;CLS;migrate;24,00;CustomerAssign;bima_customerassign_date tersedia (durasi negatif di-clamp ke 0 = Comply);0,00;Comply
202605;TREG 3;YOGYA JATENG SELATAN;YOGYAKARTA;KGD;create;48,00;CustomerAssign;bima_customerassign_date tersedia (durasi negatif di-clamp ke 0 = Comply);9,73;Comply
202605;TREG 2;BANTEN;LENGKONG;CUG;migrate;24,00;CustomerAssign;bima_customerassign_date tersedia (durasi negatif di-clamp ke 0 = Comply);9,78;Comply
202605;TREG 3;SEMARANG JATENG UTARA;SEMARANG;MJP;migrate;24,00;CustomerAssign;bima_customerassign_date tersedia (durasi negatif di-clamp ke 0 = Comply);0,00;Comply
202605;TREG 4;KALTIMTARA;MELAK;TGG;migrate;24,00;CustomerAssign;bima_customerassign_date tersedia (durasi negatif di-clamp ke 0 = Comply);0,00;Comply
202605;TREG 2;JAKARTA CENTRUM;JAKUT;KLG;create;48,00;CustomerAssign;bima_customerassign_date tersedia (durasi negatif di-clamp ke 0 = Comply);9,96;Comply
202605;TREG 2;BANDUNG;SUMEDANG;CJA;create;48,00;CustomerAssign;bima_customerassign_date tersedia (durasi negatif di-clamp ke 0 = Comply);0,00;Comply
202605;TREG 4;KALSELTENG;BANJARMASIN;ULI;migrate;24,00;CustomerAssign;bima_customerassign_date tersedia (durasi negatif di-clamp ke 0 = Comply);0,00;Comply
202605;TREG 3;SURAMADU;SURABAYA SELATAN;GBG;migrate;24,00;CustomerAssign;bima_customerassign_date tersedia (durasi negatif di-clamp ke 0 = Comply);5,04;Comply
202605;TREG 2;JAKARTA OUTER;JAKSEL;CPE;create;48,00;CustomerAssign;bima_customerassign_date tersedia (durasi negatif di-clamp ke 0 = Comply);0,00;Comply
202605;TREG 3;SEMARANG JATENG UTARA;SEMARANG;SMC;create;48,00;CustomerAssign;bima_customerassign_date tersedia (durasi negatif di-clamp ke 0 = Comply);0,00;Comply
202605;TREG 5;SULBAGSEL;GOWA;SUG;create;48,00;CustomerAssign;bima_customerassign_date tersedia (durasi negatif di-clamp ke 0 = Comply);0,00;Comply
202605;TREG 2;JAKARTA INNER;JAKBAR;CKG;migrate;24,00;CustomerAssign;bima_customerassign_date tersedia (durasi negatif di-clamp ke 0 = Comply);435,33;Not Comply
202605;TREG 1;RIAU;RIDAR;PBB;migrate;24,00;CustomerAssign;bima_customerassign_date tersedia (durasi negatif di-clamp ke 0 = Comply);171,43;Not Comply
202605;TREG 5;PAPUA;BIAK;SRU;create;48,00;CustomerAssign;bima_customerassign_date tersedia (durasi negatif di-clamp ke 0 = Comply);0,00;Comply
202605;TREG 2;PRIANGAN BARAT;CIBINONG;CLS;migrate;24,00;CustomerAssign;bima_customerassign_date tersedia (durasi negatif di-clamp ke 0 = Comply);82,44;Not Comply
202605;TREG 3;SURAMADU;SURABAYA UTARA;KRP;migrate;24,00;CustomerAssign;bima_customerassign_date tersedia (durasi negatif di-clamp ke 0 = Comply);5,47;Comply
202605;TREG 4;KALTIMTARA;BULUNGAN BERAU;TRD;migrate;24,00;CustomerAssign;bima_customerassign_date tersedia (durasi negatif di-clamp ke 0 = Comply);0,00;Comply
202605;TREG 1;RIAU;DUMAI;DRI;migrate;24,00;CustomerAssign;bima_customerassign_date tersedia (durasi negatif di-clamp ke 0 = Comply);75,66;Not Comply
202605;TREG 4;BALIKPAPAN;BALIKPAPAN;BRU;create;48,00;CustomerAssign;bima_customerassign_date tersedia (durasi negatif di-clamp ke 0 = Comply);0,00;Comply
202605;TREG 2;JAKARTA CENTRUM;JAKUT;TPR;migrate;24,00;CustomerAssign;bima_customerassign_date tersedia (durasi negatif di-clamp ke 0 = Comply);0,00;Comply
202605;TREG 2;PRIANGAN BARAT;KUJANG;BOO;migrate;24,00;CustomerAssign;bima_customerassign_date tersedia (durasi negatif di-clamp ke 0 = Comply);34,94;Not Comply
202605;TREG 2;BEKASI KARAWANG;BEKASI;PKY;create;48,00;CustomerAssign;bima_customerassign_date tersedia (durasi negatif di-clamp ke 0 = Comply);77,97;Not Comply
202605;TREG 4;KALSELTENG;BANJARMASIN;ULI;migrate;24,00;CustomerAssign;bima_customerassign_date tersedia (durasi negatif di-clamp ke 0 = Comply);0,00;Comply
202605;TREG 2;PRIANGAN TIMUR;GARUT;GRU;migrate;24,00;CustomerAssign;bima_customerassign_date tersedia (durasi negatif di-clamp ke 0 = Comply);0,00;Comply
202605;TREG 3;SOLO JATENG TIMUR;SOLO;KRT;migrate;24,00;CustomerAssign;bima_customerassign_date tersedia (durasi negatif di-clamp ke 0 = Comply);0,00;Comply
202605;TREG 2;JAKARTA CENTRUM;JAKUT;MKR;migrate;24,00;CustomerAssign;bima_customerassign_date tersedia (durasi negatif di-clamp ke 0 = Comply);0,00;Comply
202605;TREG 2;PRIANGAN BARAT;DEPOK;SKJ;migrate;24,00;CustomerAssign;bima_customerassign_date tersedia (durasi negatif di-clamp ke 0 = Comply);0,00;Comply
202605;TREG 5;PAPUA;SENTANI;SNI;migrate;24,00;CustomerAssign;bima_customerassign_date tersedia (durasi negatif di-clamp ke 0 = Comply);148,34;Not Comply
202605;TREG 5;SULBAGSEL;MAROS;SUD;migrate;24,00;CustomerAssign;bima_customerassign_date tersedia (durasi negatif di-clamp ke 0 = Comply);30,37;Not Comply
202605;TREG 5;PAPUA BARAT;SORONG;SON;migrate;24,00;CustomerAssign;bima_customerassign_date tersedia (durasi negatif di-clamp ke 0 = Comply);0,00;Comply
202605;TREG 3;JATIM BARAT;MALANG;BLB;migrate;24,00;CustomerAssign;bima_customerassign_date tersedia (durasi negatif di-clamp ke 0 = Comply);0,00;Comply
202605;TREG 3;JATIM BARAT;BATU;KPO;migrate;24,00;CustomerAssign;bima_customerassign_date tersedia (durasi negatif di-clamp ke 0 = Comply);0,00;Comply
202605;TREG 3;BALI;DENPASAR UTARA;UBN;migrate;24,00;CustomerAssign;bima_customerassign_date tersedia (durasi negatif di-clamp ke 0 = Comply);0,00;Comply
202605;TREG 3;BALI;DENPASAR SELATAN;JBR;migrate;24,00;CustomerAssign;bima_customerassign_date tersedia (durasi negatif di-clamp ke 0 = Comply);6,68;Comply
202605;TREG 2;JAKARTA CENTRUM;JAKUT;TPR;migrate;24,00;CustomerAssign;bima_customerassign_date tersedia (durasi negatif di-clamp ke 0 = Comply);11,72;Comply
202605;TREG 2;JAKARTA OUTER;JAKTIM;PGB;migrate;24,00;CustomerAssign;bima_customerassign_date tersedia (durasi negatif di-clamp ke 0 = Comply);28,75;Not Comply
202605;TREG 1;SUMBAR JAMBI;SUMBAR;PDC;migrate;24,00;CustomerAssign;bima_customerassign_date tersedia (durasi negatif di-clamp ke 0 = Comply);4,78;Comply
202605;TREG 3;SURAMADU;SURABAYA SELATAN;JGR;migrate;24,00;CustomerAssign;bima_customerassign_date tersedia (durasi negatif di-clamp ke 0 = Comply);11,90;Comply
202605;TREG 2;BANDUNG;SUMEDANG;UBR;migrate;24,00;CustomerAssign;bima_customerassign_date tersedia (durasi negatif di-clamp ke 0 = Comply);0,00;Comply
202605;TREG 1;RIAU;RIKEP;BTC;migrate;24,00;CustomerAssign;bima_customerassign_date tersedia (durasi negatif di-clamp ke 0 = Comply);12,07;Comply
202605;TREG 3;SURAMADU;SURABAYA SELATAN;WRU;create;48,00;CustomerAssign;bima_customerassign_date tersedia (durasi negatif di-clamp ke 0 = Comply);0,00;Comply
202605;TREG 2;JAKARTA OUTER;JAKSEL;KBY;migrate;24,00;CustomerAssign;bima_customerassign_date tersedia (durasi negatif di-clamp ke 0 = Comply);7,17;Comply
202605;TREG 2;JAKARTA OUTER;JAKSEL;BIN;migrate;24,00;PI;bima_customerassign_date kosong → pakai orca_pi_date (durasi negatif di-clamp ke 0 = Comply);333,92;Not Comply
202605;TREG 3;JATIM TIMUR;SIDOARJO;GDA;migrate;24,00;CustomerAssign;bima_customerassign_date tersedia (durasi negatif di-clamp ke 0 = Comply);5,25;Comply
202605;TREG 2;PRIANGAN BARAT;CIANJUR;CJR;create;48,00;CustomerAssign;bima_customerassign_date tersedia (durasi negatif di-clamp ke 0 = Comply);0,00;Comply
202605;TREG 1;SUMUT;MEDAN;PDB;migrate;24,00;CustomerAssign;bima_customerassign_date tersedia (durasi negatif di-clamp ke 0 = Comply);0,00;Comply
202605;TREG 3;JATIM TIMUR;LUMAJANG;LMJ;migrate;24,00;CustomerAssign;bima_customerassign_date tersedia (durasi negatif di-clamp ke 0 = Comply);5,50;Comply
202605;TREG 5;SULBAGSEL;MAROS;SUD;migrate;24,00;CustomerAssign;bima_customerassign_date tersedia (durasi negatif di-clamp ke 0 = Comply);7,53;Comply
202605;TREG 5;SULBAGSEL;BANTAENG;JNP;migrate;24,00;CustomerAssign;bima_customerassign_date tersedia (durasi negatif di-clamp ke 0 = Comply);36,54;Not Comply
202605;TREG 1;SUMUT;SUMUT;PMS;migrate;24,00;CustomerAssign;bima_customerassign_date tersedia (durasi negatif di-clamp ke 0 = Comply);31,63;Not Comply
202605;TREG 3;SURAMADU;GRESIK;SDY;migrate;24,00;CustomerAssign;bima_customerassign_date tersedia (durasi negatif di-clamp ke 0 = Comply);79,69;Not Comply
202605;TREG 2;JAKARTA OUTER;JAKTIM;KLD;migrate;24,00;CustomerAssign;bima_customerassign_date tersedia (durasi negatif di-clamp ke 0 = Comply);245,72;Not Comply
202605;TREG 2;JAKARTA CENTRUM;JAKPUS;CPP;migrate;24,00;CustomerAssign;bima_customerassign_date tersedia (durasi negatif di-clamp ke 0 = Comply);0,00;Comply
202605;TREG 1;SUMBAR JAMBI;MUARA BUNGO;SPN;migrate;24,00;CustomerAssign;bima_customerassign_date tersedia (durasi negatif di-clamp ke 0 = Comply);0,00;Comply
202605;TREG 5;SULBAGSEL;BANTAENG;BLK;migrate;24,00;CustomerAssign;bima_customerassign_date tersedia (durasi negatif di-clamp ke 0 = Comply);109,11;Not Comply
202605;TREG 2;JAKARTA OUTER;JAKTIM;GAN;migrate;24,00;CustomerAssign;bima_customerassign_date tersedia (durasi negatif di-clamp ke 0 = Comply);0,00;Comply
202605;TREG 3;JATIM TIMUR;SIDOARJO;SDA;migrate;24,00;CustomerAssign;bima_customerassign_date tersedia (durasi negatif di-clamp ke 0 = Comply);6,29;Comply
202605;TREG 3;JATIM TIMUR;SIDOARJO;SDA;migrate;24,00;CustomerAssign;bima_customerassign_date tersedia (durasi negatif di-clamp ke 0 = Comply);8,31;Comply
202605;TREG 1;SUMBAR JAMBI;JAMBI;JMB;migrate;24,00;CustomerAssign;bima_customerassign_date tersedia (durasi negatif di-clamp ke 0 = Comply);133,32;Not Comply
202605;TREG 3;SURAMADU;GRESIK;KDE;migrate;24,00;CustomerAssign;bima_customerassign_date tersedia (durasi negatif di-clamp ke 0 = Comply);128,41;Not Comply
202605;TREG 2;BEKASI KARAWANG;BEKASI;BBL;migrate;24,00;CustomerAssign;bima_customerassign_date tersedia (durasi negatif di-clamp ke 0 = Comply);0,00;Comply
202605;TREG 1;SUMUT;MEDAN;SPM;migrate;24,00;CustomerAssign;bima_customerassign_date tersedia (durasi negatif di-clamp ke 0 = Comply);80,94;Not Comply
202605;TREG 3;JATIM TIMUR;SIDOARJO;SDA;create;48,00;CustomerAssign;bima_customerassign_date tersedia (durasi negatif di-clamp ke 0 = Comply);0,00;Comply
202605;TREG 2;JAKARTA CENTRUM;JAKPUS;CID;migrate;24,00;CustomerAssign;bima_customerassign_date tersedia (durasi negatif di-clamp ke 0 = Comply);0,00;Comply
202605;TREG 3;SURAMADU;GRESIK;GSK;migrate;24,00;CustomerAssign;bima_customerassign_date tersedia (durasi negatif di-clamp ke 0 = Comply);32,02;Not Comply
202605;TREG 5;SUMALUT;AMBON;ABO;migrate;24,00;CustomerAssign;bima_customerassign_date tersedia (durasi negatif di-clamp ke 0 = Comply);0,00;Comply
202605;TREG 5;SUMALUT;TERNATE;TNT;migrate;24,00;CustomerAssign;bima_customerassign_date tersedia (durasi negatif di-clamp ke 0 = Comply);0,00;Comply
202605;TREG 3;SURAMADU;SURABAYA UTARA;BBE;migrate;24,00;CustomerAssign;bima_customerassign_date tersedia (durasi negatif di-clamp ke 0 = Comply);0,36;Comply
202605;TREG 2;BANDUNG;PADALARANG;PDL;migrate;24,00;CustomerAssign;bima_customerassign_date tersedia (durasi negatif di-clamp ke 0 = Comply);0,00;Comply
202605;TREG 4;KALTIMTARA;TARAKAN;JWT;migrate;24,00;CustomerAssign;bima_customerassign_date tersedia (durasi negatif di-clamp ke 0 = Comply);0,00;Comply
202605;TREG 2;JAKARTA INNER;JAKBAR;SMI;migrate;24,00;CustomerAssign;bima_customerassign_date tersedia (durasi negatif di-clamp ke 0 = Comply);67,64;Not Comply
202605;TREG 3;JATIM TIMUR;JOMBANG;POS;create;48,00;CustomerAssign;bima_customerassign_date tersedia (durasi negatif di-clamp ke 0 = Comply);0,67;Comply
202605;TREG 1;ACEH;MEULABOH;MBO;migrate;24,00;CustomerAssign;bima_customerassign_date tersedia (durasi negatif di-clamp ke 0 = Comply);19,68;Comply
202605;TREG 1;ACEH;ACEH;LBR;migrate;24,00;CustomerAssign;bima_customerassign_date tersedia (durasi negatif di-clamp ke 0 = Comply);24,73;Not Comply
202605;TREG 1;SUMBAGSEL;BELITUNG;TJN;migrate;24,00;CustomerAssign;bima_customerassign_date tersedia (durasi negatif di-clamp ke 0 = Comply);0,00;Comply
202605;TREG 5;SULBAGTENG;LUWUK;LWU;migrate;24,00;CustomerAssign;bima_customerassign_date tersedia (durasi negatif di-clamp ke 0 = Comply);42,30;Not Comply
202605;TREG 4;KALTIMTARA;NUNUKAN;NNK;migrate;24,00;CustomerAssign;bima_customerassign_date tersedia (durasi negatif di-clamp ke 0 = Comply);0,00;Comply
202605;TREG 4;KALTIMTARA;SAMARINDA;SMR;migrate;24,00;CustomerAssign;bima_customerassign_date tersedia (durasi negatif di-clamp ke 0 = Comply);20,53;Comply
202605;TREG 2;BEKASI KARAWANG;BEKASI;PKY;migrate;24,00;CustomerAssign;bima_customerassign_date tersedia (durasi negatif di-clamp ke 0 = Comply);18,60;Comply
202605;TREG 1;SUMUT;BINJAI;BJI;migrate;24,00;CustomerAssign;bima_customerassign_date tersedia (durasi negatif di-clamp ke 0 = Comply);260,60;Not Comply
202605;TREG 4;KALSELTENG;PALANGKARAYA;KKP;migrate;24,00;CustomerAssign;bima_customerassign_date tersedia (durasi negatif di-clamp ke 0 = Comply);0,00;Comply
202605;TREG 4;KALTIMTARA;SAMARINDA;LOB;create;48,00;CustomerAssign;bima_customerassign_date tersedia (durasi negatif di-clamp ke 0 = Comply);19,04;Comply
202605;TREG 1;SUMBAGSEL;BELITUNG;TJN;migrate;24,00;CustomerAssign;bima_customerassign_date tersedia (durasi negatif di-clamp ke 0 = Comply);2,12;Comply
202605;TREG 1;SUMBAR JAMBI;JAMBI;TTJ;migrate;24,00;CustomerAssign;bima_customerassign_date tersedia (durasi negatif di-clamp ke 0 = Comply);501,15;Not Comply
202605;TREG 3;YOGYA JATENG SELATAN;BANJARNEGARA;BJR;migrate;24,00;CustomerAssign;bima_customerassign_date tersedia (durasi negatif di-clamp ke 0 = Comply);405,16;Not Comply
202605;TREG 5;SUMALUT;AMBON;ABO;create;48,00;CustomerAssign;bima_customerassign_date tersedia (durasi negatif di-clamp ke 0 = Comply);0,00;Comply
202605;TREG 4;KALSELTENG;BANJARBARU;BBR;migrate;24,00;CustomerAssign;bima_customerassign_date tersedia (durasi negatif di-clamp ke 0 = Comply);2,31;Comply
202605;TREG 4;KALSELTENG;TANJUNG TABALONG;TJL;migrate;24,00;CustomerAssign;bima_customerassign_date tersedia (durasi negatif di-clamp ke 0 = Comply);0,00;Comply
202605;TREG 4;KALSELTENG;BANJARBARU;BBR;migrate;24,00;CustomerAssign;bima_customerassign_date tersedia (durasi negatif di-clamp ke 0 = Comply);0,00;Comply
202605;TREG 3;SEMARANG JATENG UTARA;SEMARANG;BMK;migrate;24,00;CustomerAssign;bima_customerassign_date tersedia (durasi negatif di-clamp ke 0 = Comply);74,55;Not Comply
202605;TREG 2;BEKASI KARAWANG;BEKASI;BEK;create;48,00;CustomerAssign;bima_customerassign_date tersedia (durasi negatif di-clamp ke 0 = Comply);67,84;Not Comply
202605;TREG 4;KALTIMTARA;SAMARINDA;SMR;migrate;24,00;CustomerAssign;bima_customerassign_date tersedia (durasi negatif di-clamp ke 0 = Comply);0,00;Comply
202605;TREG 3;YOGYA JATENG SELATAN;YOGYAKARTA;PGR;migrate;24,00;CustomerAssign;bima_customerassign_date tersedia (durasi negatif di-clamp ke 0 = Comply);0,00;Comply
202605;TREG 4;KALSELTENG;SAMPIT;SAI;migrate;24,00;CustomerAssign;bima_customerassign_date tersedia (durasi negatif di-clamp ke 0 = Comply);0,00;Comply
202605;TREG 4;KALTIMTARA;SAMARINDA;PLL;create;48,00;CustomerAssign;bima_customerassign_date tersedia (durasi negatif di-clamp ke 0 = Comply);0,00;Comply
202605;TREG 3;SURAMADU;SURABAYA SELATAN;JGR;migrate;24,00;CustomerAssign;bima_customerassign_date tersedia (durasi negatif di-clamp ke 0 = Comply);0,00;Comply
202605;TREG 1;SUMUT;MEDAN;TTG;migrate;24,00;CustomerAssign;bima_customerassign_date tersedia (durasi negatif di-clamp ke 0 = Comply);0,00;Comply
202605;TREG 5;SULBAGTENG;MARISA;MRS;migrate;24,00;CustomerAssign;bima_customerassign_date tersedia (durasi negatif di-clamp ke 0 = Comply);94,52;Not Comply
202605;TREG 4;KALTIMTARA;MELAK;SBR;migrate;24,00;CustomerAssign;bima_customerassign_date tersedia (durasi negatif di-clamp ke 0 = Comply);0,00;Comply
202605;TREG 1;RIAU;TANJUNG PINANG;KMS;migrate;24,00;CustomerAssign;bima_customerassign_date tersedia (durasi negatif di-clamp ke 0 = Comply);22,62;Comply
202605;TREG 3;JATIM TIMUR;SIDOARJO;GDA;create;48,00;CustomerAssign;bima_customerassign_date tersedia (durasi negatif di-clamp ke 0 = Comply);3,69;Comply
202605;TREG 4;KALSELTENG;BANJARMASIN;ULI;create;48,00;CustomerAssign;bima_customerassign_date tersedia (durasi negatif di-clamp ke 0 = Comply);0,00;Comply
202605;TREG 4;KALBAR;PONTIANAK;SAO;migrate;24,00;CustomerAssign;bima_customerassign_date tersedia (durasi negatif di-clamp ke 0 = Comply);27,77;Not Comply
202605;TREG 4;KALBAR;PONTIANAK;SRY;migrate;24,00;CustomerAssign;bima_customerassign_date tersedia (durasi negatif di-clamp ke 0 = Comply);123,82;Not Comply
202605;TREG 2;PRIANGAN BARAT;DEPOK;CNE;migrate;24,00;CustomerAssign;bima_customerassign_date tersedia (durasi negatif di-clamp ke 0 = Comply);52,09;Not Comply
202605;TREG 2;JAKARTA INNER;JAKBAR;CKG;migrate;24,00;CustomerAssign;bima_customerassign_date tersedia (durasi negatif di-clamp ke 0 = Comply);23,24;Comply
202605;TREG 2;PRIANGAN TIMUR;TASIKMALAYA;TSM;migrate;24,00;CustomerAssign;bima_customerassign_date tersedia (durasi negatif di-clamp ke 0 = Comply);167,48;Not Comply
202605;TREG 1;SUMUT;MEDAN;PUB;migrate;24,00;CustomerAssign;bima_customerassign_date tersedia (durasi negatif di-clamp ke 0 = Comply);0,00;Comply
202605;TREG 2;BANTEN;LENGKONG;SRP;create;48,00;CustomerAssign;bima_customerassign_date tersedia (durasi negatif di-clamp ke 0 = Comply);0,00;Comply
202605;TREG 3;JATIM TIMUR;MOJOKERTO;MRT;create;48,00;CustomerAssign;bima_customerassign_date tersedia (durasi negatif di-clamp ke 0 = Comply);0,00;Comply
202605;TREG 4;KALSELTENG;TANJUNG TABALONG;TJL;create;48,00;CustomerAssign;bima_customerassign_date tersedia (durasi negatif di-clamp ke 0 = Comply);0,00;Comply
202605;TREG 2;JAKARTA CENTRUM;JAKUT;STR;create;48,00;CustomerAssign;bima_customerassign_date tersedia (durasi negatif di-clamp ke 0 = Comply);0,00;Comply
202605;TREG 2;BEKASI KARAWANG;BEKASI;PDE;create;48,00;CustomerAssign;bima_customerassign_date tersedia (durasi negatif di-clamp ke 0 = Comply);0,00;Comply
202605;TREG 2;BANDUNG;SOREANG;SOR;create;48,00;CustomerAssign;bima_customerassign_date tersedia (durasi negatif di-clamp ke 0 = Comply);0,00;Comply
202605;TREG 4;KALTIMTARA;BONTANG;BOT;migrate;24,00;CustomerAssign;bima_customerassign_date tersedia (durasi negatif di-clamp ke 0 = Comply);0,05;Comply
202605;TREG 2;JAKARTA OUTER;JAKTIM;PDK;migrate;24,00;CustomerAssign;bima_customerassign_date tersedia (durasi negatif di-clamp ke 0 = Comply);53,16;Not Comply
202605;TREG 3;BALI;DENPASAR CENTRUM;KLM;migrate;24,00;CustomerAssign;bima_customerassign_date tersedia (durasi negatif di-clamp ke 0 = Comply);0,00;Comply
202605;TREG 2;JAKARTA INNER;JAKBAR;PLM;migrate;24,00;CustomerAssign;bima_customerassign_date tersedia (durasi negatif di-clamp ke 0 = Comply);5,25;Comply
202605;TREG 4;KALSELTENG;TANJUNG TABALONG;PGN;migrate;24,00;CustomerAssign;bima_customerassign_date tersedia (durasi negatif di-clamp ke 0 = Comply);0,00;Comply
202605;TREG 4;BALIKPAPAN;BALIKPAPAN;BRU;migrate;24,00;CustomerAssign;bima_customerassign_date tersedia (durasi negatif di-clamp ke 0 = Comply);29,31;Not Comply
202605;TREG 3;SURAMADU;SURABAYA UTARA;BBE;migrate;24,00;CustomerAssign;bima_customerassign_date tersedia (durasi negatif di-clamp ke 0 = Comply);149,31;Not Comply
202605;TREG 4;BALIKPAPAN;BALIKPAPAN;BRU;migrate;24,00;CustomerAssign;bima_customerassign_date tersedia (durasi negatif di-clamp ke 0 = Comply);24,34;Not Comply
202605;TREG 3;JATIM BARAT;MALANG;BLB;create;48,00;CustomerAssign;bima_customerassign_date tersedia (durasi negatif di-clamp ke 0 = Comply);0,00;Comply
202605;TREG 3;YOGYA JATENG SELATAN;BANJARNEGARA;BJR;migrate;24,00;CustomerAssign;bima_customerassign_date tersedia (durasi negatif di-clamp ke 0 = Comply);0,00;Comply
202605;TREG 2;BANDUNG;BANDUNG BARAT;NJG;migrate;24,00;CustomerAssign;bima_customerassign_date tersedia (durasi negatif di-clamp ke 0 = Comply);0,00;Comply
202605;TREG 4;KALSELTENG;PANGKALAN BUN;PBU;migrate;24,00;CustomerAssign;bima_customerassign_date tersedia (durasi negatif di-clamp ke 0 = Comply);125,41;Not Comply
202605;TREG 4;BALIKPAPAN;BALIKPAPAN;GSA;migrate;24,00;CustomerAssign;bima_customerassign_date tersedia (durasi negatif di-clamp ke 0 = Comply);0,00;Comply
202605;TREG 4;KALBAR;PONTIANAK;SRD;create;48,00;CustomerAssign;bima_customerassign_date tersedia (durasi negatif di-clamp ke 0 = Comply);0,00;Comply
202605;TREG 3;BALI;DENPASAR CENTRUM;KLM;migrate;24,00;CustomerAssign;bima_customerassign_date tersedia (durasi negatif di-clamp ke 0 = Comply);5,59;Comply
202605;TREG 1;RIAU;BANGKINANG;PKR;migrate;24,00;CustomerAssign;bima_customerassign_date tersedia (durasi negatif di-clamp ke 0 = Comply);53,73;Not Comply
202605;TREG 1;RIAU;RIKEP;SKN;create;48,00;CustomerAssign;bima_customerassign_date tersedia (durasi negatif di-clamp ke 0 = Comply);120,79;Not Comply
202605;TREG 4;KALSELTENG;BANJARMASIN;ULI;migrate;24,00;CustomerAssign;bima_customerassign_date tersedia (durasi negatif di-clamp ke 0 = Comply);1,10;Comply
202605;TREG 4;BALIKPAPAN;BALIKPAPAN;GSA;migrate;24,00;CustomerAssign;bima_customerassign_date tersedia (durasi negatif di-clamp ke 0 = Comply);23,27;Comply
202605;TREG 4;BALIKPAPAN;BALIKPAPAN;GSA;migrate;24,00;CustomerAssign;bima_customerassign_date tersedia (durasi negatif di-clamp ke 0 = Comply);0,00;Comply
202605;TREG 3;SOLO JATENG TIMUR;SOLO;KRT;migrate;24,00;CustomerAssign;bima_customerassign_date tersedia (durasi negatif di-clamp ke 0 = Comply);0,00;Comply
202605;TREG 5;SULBAGTENG;PALU;PLA;migrate;24,00;CustomerAssign;bima_customerassign_date tersedia (durasi negatif di-clamp ke 0 = Comply);118,38;Not Comply
202605;TREG 2;PRIANGAN BARAT;KUJANG;CJU;create;48,00;CustomerAssign;bima_customerassign_date tersedia (durasi negatif di-clamp ke 0 = Comply);23,40;Comply
202605;TREG 3;SOLO JATENG TIMUR;SOLO;SLO;migrate;24,00;CustomerAssign;bima_customerassign_date tersedia (durasi negatif di-clamp ke 0 = Comply);23,40;Comply
202605;TREG 1;SUMUT;MEDAN;SKI;migrate;24,00;CustomerAssign;bima_customerassign_date tersedia (durasi negatif di-clamp ke 0 = Comply);23,44;Comply
202605;TREG 2;JAKARTA INNER;JAKBAR;SLP;migrate;24,00;CustomerAssign;bima_customerassign_date tersedia (durasi negatif di-clamp ke 0 = Comply);6,48;Comply
202605;TREG 3;BALI;DENPASAR CENTRUM;KLM;create;48,00;CustomerAssign;bima_customerassign_date tersedia (durasi negatif di-clamp ke 0 = Comply);23,50;Comply
202605;TREG 3;SURAMADU;LAMONGAN;LMG;migrate;24,00;CustomerAssign;bima_customerassign_date tersedia (durasi negatif di-clamp ke 0 = Comply);73,60;Not Comply
202605;TREG 3;SOLO JATENG TIMUR;SOLO;GLD;migrate;24,00;CustomerAssign;bima_customerassign_date tersedia (durasi negatif di-clamp ke 0 = Comply);0,00;Comply
202605;TREG 3;SURAMADU;SURABAYA SELATAN;MYR;migrate;24,00;CustomerAssign;bima_customerassign_date tersedia (durasi negatif di-clamp ke 0 = Comply);0,00;Comply
202605;TREG 3;JATIM BARAT;MALANG;SGS;create;48,00;CustomerAssign;bima_customerassign_date tersedia (durasi negatif di-clamp ke 0 = Comply);47,70;Comply
202605;TREG 2;BANDUNG;SUMEDANG;CJA;migrate;24,00;CustomerAssign;bima_customerassign_date tersedia (durasi negatif di-clamp ke 0 = Comply);23,73;Comply
202605;TREG 3;YOGYA JATENG SELATAN;YOGYAKARTA;KBU;migrate;24,00;CustomerAssign;bima_customerassign_date tersedia (durasi negatif di-clamp ke 0 = Comply);0,00;Comply
202605;TREG 3;SOLO JATENG TIMUR;SOLO;KRT;migrate;24,00;CustomerAssign;bima_customerassign_date tersedia (durasi negatif di-clamp ke 0 = Comply);0,00;Comply
202605;TREG 3;SOLO JATENG TIMUR;SOLO;SLO;migrate;24,00;CustomerAssign;bima_customerassign_date tersedia (durasi negatif di-clamp ke 0 = Comply);0,00;Comply
202605;TREG 2;PRIANGAN BARAT;CIBINONG;CLS;migrate;24,00;CustomerAssign;bima_customerassign_date tersedia (durasi negatif di-clamp ke 0 = Comply);25,79;Not Comply
202605;TREG 1;SUMUT;LUBUK PAKAM;GLG;migrate;24,00;CustomerAssign;bima_customerassign_date tersedia (durasi negatif di-clamp ke 0 = Comply);73,85;Not Comply
202605;TREG 5;SULBAGSEL;BANTAENG;SLY;migrate;24,00;CustomerAssign;bima_customerassign_date tersedia (durasi negatif di-clamp ke 0 = Comply);265,94;Not Comply
202605;TREG 4;BALIKPAPAN;BALIKPAPAN;GSA;create;48,00;CustomerAssign;bima_customerassign_date tersedia (durasi negatif di-clamp ke 0 = Comply);2,01;Comply
202605;TREG 3;SEMARANG JATENG UTARA;KENDAL;KDL;migrate;24,00;CustomerAssign;bima_customerassign_date tersedia (durasi negatif di-clamp ke 0 = Comply);144,02;Not Comply
202605;TREG 4;KALTIMTARA;SAMARINDA;SMR;migrate;24,00;CustomerAssign;bima_customerassign_date tersedia (durasi negatif di-clamp ke 0 = Comply);0,00;Comply
202605;TREG 3;JATIM TIMUR;JEMBER;JER;create;48,00;CustomerAssign;bima_customerassign_date tersedia (durasi negatif di-clamp ke 0 = Comply);0,00;Comply
202605;TREG 2;PRIANGAN BARAT;CIBINONG;CBI;migrate;24,00;CustomerAssign;bima_customerassign_date tersedia (durasi negatif di-clamp ke 0 = Comply);98,09;Not Comply
202605;TREG 4;KALTIMTARA;SAMARINDA;LMP;migrate;24,00;CustomerAssign;bima_customerassign_date tersedia (durasi negatif di-clamp ke 0 = Comply);2,22;Comply
202605;TREG 2;PRIANGAN BARAT;DEPOK;SKJ;migrate;24,00;CustomerAssign;bima_customerassign_date tersedia (durasi negatif di-clamp ke 0 = Comply);0,23;Comply
202605;TREG 2;PRIANGAN BARAT;KUJANG;BOO;create;48,00;CustomerAssign;bima_customerassign_date tersedia (durasi negatif di-clamp ke 0 = Comply);7,28;Comply
202605;TREG 4;KALSELTENG;TANJUNG TABALONG;TJL;migrate;24,00;CustomerAssign;bima_customerassign_date tersedia (durasi negatif di-clamp ke 0 = Comply);48,39;Not Comply
202605;TREG 1;RIAU;RIKEP;SKN;create;48,00;CustomerAssign;bima_customerassign_date tersedia (durasi negatif di-clamp ke 0 = Comply);0,00;Comply
202605;TREG 3;JATIM BARAT;MALANG;BLB;migrate;24,00;CustomerAssign;bima_customerassign_date tersedia (durasi negatif di-clamp ke 0 = Comply);2,56;Comply
202605;TREG 4;BALIKPAPAN;BALIKPAPAN;BRU;create;48,00;CustomerAssign;bima_customerassign_date tersedia (durasi negatif di-clamp ke 0 = Comply);7,68;Comply
202605;TREG 3;YOGYA JATENG SELATAN;KEBUMEN;KBM;migrate;24,00;CustomerAssign;bima_customerassign_date tersedia (durasi negatif di-clamp ke 0 = Comply);0,00;Comply
202605;TREG 3;YOGYA JATENG SELATAN;WONOSOBO;WOS;migrate;24,00;CustomerAssign;bima_customerassign_date tersedia (durasi negatif di-clamp ke 0 = Comply);24,73;Not Comply
202605;TREG 4;BALIKPAPAN;BALIKPAPAN;BRU;create;48,00;CustomerAssign;bima_customerassign_date tersedia (durasi negatif di-clamp ke 0 = Comply);0,00;Comply
202605;TREG 3;JATIM BARAT;MALANG;GDG;migrate;24,00;CustomerAssign;bima_customerassign_date tersedia (durasi negatif di-clamp ke 0 = Comply);0,00;Comply
202605;TREG 3;SEMARANG JATENG UTARA;SEMARANG;BMK;create;48,00;CustomerAssign;bima_customerassign_date tersedia (durasi negatif di-clamp ke 0 = Comply);0,00;Comply
202605;TREG 5;SULBAGSEL;MAKASSAR;TMA;create;48,00;CustomerAssign;bima_customerassign_date tersedia (durasi negatif di-clamp ke 0 = Comply);0,00;Comply
202605;TREG 3;SEMARANG JATENG UTARA;SEMARANG;SMC;migrate;24,00;CustomerAssign;bima_customerassign_date tersedia (durasi negatif di-clamp ke 0 = Comply);0,00;Comply
202605;TREG 1;RIAU;INDRAGIRI;RGT;migrate;24,00;CustomerAssign;bima_customerassign_date tersedia (durasi negatif di-clamp ke 0 = Comply);127,97;Not Comply
202605;TREG 4;KALSELTENG;BANJARMASIN;KYG;migrate;24,00;CustomerAssign;bima_customerassign_date tersedia (durasi negatif di-clamp ke 0 = Comply);8,09;Comply
202605;TREG 3;BALI;DENPASAR SELATAN;NSD;create;48,00;CustomerAssign;bima_customerassign_date tersedia (durasi negatif di-clamp ke 0 = Comply);27,09;Comply
202605;TREG 3;BALI;DENPASAR CENTRUM;TOP;migrate;24,00;CustomerAssign;bima_customerassign_date tersedia (durasi negatif di-clamp ke 0 = Comply);0,00;Comply
202605;TREG 2;BANDUNG;BANDUNG;GGK;migrate;24,00;CustomerAssign;bima_customerassign_date tersedia (durasi negatif di-clamp ke 0 = Comply);97,21;Not Comply
202605;TREG 2;PRIANGAN BARAT;KUJANG;PAG;migrate;24,00;CustomerAssign;bima_customerassign_date tersedia (durasi negatif di-clamp ke 0 = Comply);56,24;Not Comply
202605;TREG 3;SEMARANG JATENG UTARA;KENDAL;KDL;migrate;24,00;CustomerAssign;bima_customerassign_date tersedia (durasi negatif di-clamp ke 0 = Comply);193,28;Not Comply
202605;TREG 2;JAKARTA INNER;JAKBAR;PLM;migrate;24,00;CustomerAssign;bima_customerassign_date tersedia (durasi negatif di-clamp ke 0 = Comply);3,37;Comply
202605;TREG 4;KALTIMTARA;SAMARINDA;SMR;migrate;24,00;CustomerAssign;bima_customerassign_date tersedia (durasi negatif di-clamp ke 0 = Comply);0,00;Comply
202605;TREG 5;SULBAGSEL;SITOR;SKG;migrate;24,00;CustomerAssign;bima_customerassign_date tersedia (durasi negatif di-clamp ke 0 = Comply);0,00;Comply
202605;TREG 2;BANDUNG;SUMEDANG;TAS;migrate;24,00;CustomerAssign;bima_customerassign_date tersedia (durasi negatif di-clamp ke 0 = Comply);0,00;Comply
202605;TREG 2;PRIANGAN BARAT;DEPOK;DEP;migrate;24,00;CustomerAssign;bima_customerassign_date tersedia (durasi negatif di-clamp ke 0 = Comply);0,00;Comply
202605;TREG 3;SEMARANG JATENG UTARA;PEMALANG;PML;migrate;24,00;CustomerAssign;bima_customerassign_date tersedia (durasi negatif di-clamp ke 0 = Comply);0,00;Comply
202605;TREG 3;BALI;DENPASAR SELATAN;JBR;migrate;24,00;CustomerAssign;bima_customerassign_date tersedia (durasi negatif di-clamp ke 0 = Comply);25,63;Not Comply
202605;TREG 3;SOLO JATENG TIMUR;SOLO;KTO;migrate;24,00;CustomerAssign;bima_customerassign_date tersedia (durasi negatif di-clamp ke 0 = Comply);0,00;Comply
202605;TREG 2;BEKASI KARAWANG;CIKARANG;BGG;migrate;24,00;CustomerAssign;bima_customerassign_date tersedia (durasi negatif di-clamp ke 0 = Comply);8,79;Comply
202605;TREG 2;JAKARTA INNER;JAKBAR;SMI;create;48,00;CustomerAssign;bima_customerassign_date tersedia (durasi negatif di-clamp ke 0 = Comply);1,91;Comply
202605;TREG 1;SUMUT;MEDAN;TJM;create;48,00;CustomerAssign;bima_customerassign_date tersedia (durasi negatif di-clamp ke 0 = Comply);49,91;Not Comply
202605;TREG 2;JAKARTA CENTRUM;JAKUT;MKR;migrate;24,00;CustomerAssign;bima_customerassign_date tersedia (durasi negatif di-clamp ke 0 = Comply);0,00;Comply
202605;TREG 1;SUMUT;MEDAN;CTD;create;48,00;CustomerAssign;bima_customerassign_date tersedia (durasi negatif di-clamp ke 0 = Comply);248,97;Not Comply
202605;TREG 2;JAKARTA CENTRUM;JAKUT;CIL;migrate;24,00;CustomerAssign;bima_customerassign_date tersedia (durasi negatif di-clamp ke 0 = Comply);9,00;Comply
202605;TREG 4;KALSELTENG;BANJARMASIN;KYG;migrate;24,00;CustomerAssign;bima_customerassign_date tersedia (durasi negatif di-clamp ke 0 = Comply);0,00;Comply
202605;TREG 2;JAKARTA CENTRUM;JAKUT;PDM;create;48,00;CustomerAssign;bima_customerassign_date tersedia (durasi negatif di-clamp ke 0 = Comply);2,16;Comply
202605;TREG 3;BALI;DENPASAR CENTRUM;KLM;create;48,00;CustomerAssign;bima_customerassign_date tersedia (durasi negatif di-clamp ke 0 = Comply);0,00;Comply
202605;TREG 1;RIAU;RIKEP;PNI;create;48,00;CustomerAssign;bima_customerassign_date tersedia (durasi negatif di-clamp ke 0 = Comply);4,21;Comply
202605;TREG 3;SEMARANG JATENG UTARA;SLAWI;BLU;migrate;24,00;CustomerAssign;bima_customerassign_date tersedia (durasi negatif di-clamp ke 0 = Comply);2,22;Comply
202605;TREG 3;SEMARANG JATENG UTARA;BREBES;BRB;migrate;24,00;CustomerAssign;bima_customerassign_date tersedia (durasi negatif di-clamp ke 0 = Comply);0,00;Comply
202605;TREG 3;SURAMADU;SURABAYA SELATAN;DMO;migrate;24,00;CustomerAssign;bima_customerassign_date tersedia (durasi negatif di-clamp ke 0 = Comply);74,31;Not Comply
202605;TREG 2;JAKARTA OUTER;JAKSEL;JAG;migrate;24,00;CustomerAssign;bima_customerassign_date tersedia (durasi negatif di-clamp ke 0 = Comply);0,00;Comply
202605;TREG 1;SUMUT;LUBUK PAKAM;LBP;migrate;24,00;CustomerAssign;bima_customerassign_date tersedia (durasi negatif di-clamp ke 0 = Comply);2,31;Comply
202605;TREG 3;YOGYA JATENG SELATAN;SLEMAN;SMN;migrate;24,00;CustomerAssign;bima_customerassign_date tersedia (durasi negatif di-clamp ke 0 = Comply);79,34;Not Comply
202605;TREG 3;SEMARANG JATENG UTARA;TEGAL;TEG;create;48,00;CustomerAssign;bima_customerassign_date tersedia (durasi negatif di-clamp ke 0 = Comply);0,00;Comply
202605;TREG 5;SULBAGSEL;BANTAENG;JNP;migrate;24,00;CustomerAssign;bima_customerassign_date tersedia (durasi negatif di-clamp ke 0 = Comply);388,48;Not Comply
202605;TREG 1;SUMBAGSEL;SUMSEL;BKS;migrate;24,00;CustomerAssign;bima_customerassign_date tersedia (durasi negatif di-clamp ke 0 = Comply);0,00;Comply
202605;TREG 3;SEMARANG JATENG UTARA;TEGAL;TEG;migrate;24,00;CustomerAssign;bima_customerassign_date tersedia (durasi negatif di-clamp ke 0 = Comply);122,60;Not Comply
202605;TREG 3;SURAMADU;GRESIK;KDE;migrate;24,00;CustomerAssign;bima_customerassign_date tersedia (durasi negatif di-clamp ke 0 = Comply);50,63;Not Comply
202605;TREG 3;SURAMADU;SURABAYA SELATAN;GBG;create;48,00;CustomerAssign;bima_customerassign_date tersedia (durasi negatif di-clamp ke 0 = Comply);2,75;Comply
202605;TREG 3;SEMARANG JATENG UTARA;SALATIGA;SLI;migrate;24,00;CustomerAssign;bima_customerassign_date tersedia (durasi negatif di-clamp ke 0 = Comply);0,00;Comply
202605;TREG 4;BALIKPAPAN;TANAHGROGOT;MJW;migrate;24,00;CustomerAssign;bima_customerassign_date tersedia (durasi negatif di-clamp ke 0 = Comply);0,00;Comply
202605;TREG 2;JAKARTA OUTER;JAKTIM;GAN;create;48,00;CustomerAssign;bima_customerassign_date tersedia (durasi negatif di-clamp ke 0 = Comply);0,00;Comply
202605;TREG 4;BALIKPAPAN;BALIKPAPAN;GSA;migrate;24,00;CustomerAssign;bima_customerassign_date tersedia (durasi negatif di-clamp ke 0 = Comply);33,93;Not Comply
202605;TREG 4;KALTIMTARA;BONTANG;BOT;migrate;24,00;CustomerAssign;bima_customerassign_date tersedia (durasi negatif di-clamp ke 0 = Comply);0,00;Comply
202605;TREG 3;SURAMADU;SURABAYA UTARA;KNN;migrate;24,00;CustomerAssign;bima_customerassign_date tersedia (durasi negatif di-clamp ke 0 = Comply);0,00;Comply
202605;TREG 3;SURAMADU;SURABAYA SELATAN;MYR;migrate;24,00;CustomerAssign;bima_customerassign_date tersedia (durasi negatif di-clamp ke 0 = Comply);28,97;Not Comply
202605;TREG 2;BANTEN;LENGKONG;LGK;migrate;24,00;CustomerAssign;bima_customerassign_date tersedia (durasi negatif di-clamp ke 0 = Comply);0,00;Comply
202605;TREG 3;SURAMADU;SURABAYA UTARA;KBL;migrate;24,00;CustomerAssign;bima_customerassign_date tersedia (durasi negatif di-clamp ke 0 = Comply);99,00;Not Comply
202605;TREG 2;BANTEN;CIPUTAT;PKU;migrate;24,00;CustomerAssign;bima_customerassign_date tersedia (durasi negatif di-clamp ke 0 = Comply);0,00;Comply
202605;TREG 4;KALTIMTARA;BONTANG;STT;migrate;24,00;CustomerAssign;bima_customerassign_date tersedia (durasi negatif di-clamp ke 0 = Comply);298,02;Not Comply
202605;TREG 2;JAKARTA INNER;JAKBAR;PLM;migrate;24,00;CustomerAssign;bima_customerassign_date tersedia (durasi negatif di-clamp ke 0 = Comply);250,03;Not Comply
202605;TREG 2;BANDUNG;PADALARANG;CLL;migrate;24,00;CustomerAssign;bima_customerassign_date tersedia (durasi negatif di-clamp ke 0 = Comply);221,04;Not Comply
202605;TREG 4;KALTIMTARA;BONTANG;BOT;migrate;24,00;CustomerAssign;bima_customerassign_date tersedia (durasi negatif di-clamp ke 0 = Comply);171,07;Not Comply
202605;TREG 4;KALSELTENG;SAMPIT;SAI;migrate;24,00;CustomerAssign;bima_customerassign_date tersedia (durasi negatif di-clamp ke 0 = Comply);0,00;Comply
202605;TREG 5;SULBAGSEL;KENDARI;MDG;migrate;24,00;CustomerAssign;bima_customerassign_date tersedia (durasi negatif di-clamp ke 0 = Comply);0,00;Comply
202605;TREG 3;JATIM TIMUR;SIDOARJO;SDA;migrate;24,00;CustomerAssign;bima_customerassign_date tersedia (durasi negatif di-clamp ke 0 = Comply);169,10;Not Comply
202605;TREG 2;JAKARTA OUTER;JAKTIM;JTN;create;48,00;CustomerAssign;bima_customerassign_date tersedia (durasi negatif di-clamp ke 0 = Comply);10,10;Comply
202605;TREG 3;BALI;SINGARAJA;SGR;migrate;24,00;CustomerAssign;bima_customerassign_date tersedia (durasi negatif di-clamp ke 0 = Comply);154,11;Not Comply
202605;TREG 1;SUMUT;SUMUT;PMS;migrate;24,00;CustomerAssign;bima_customerassign_date tersedia (durasi negatif di-clamp ke 0 = Comply);147,11;Not Comply
202605;TREG 2;JAKARTA INNER;JAKBAR;MRY;create;48,00;CustomerAssign;bima_customerassign_date tersedia (durasi negatif di-clamp ke 0 = Comply);34,14;Comply
202605;TREG 3;SOLO JATENG TIMUR;JEPARA;BAN;migrate;24,00;CustomerAssign;bima_customerassign_date tersedia (durasi negatif di-clamp ke 0 = Comply);0,00;Comply
202605;TREG 3;JATIM BARAT;KEDIRI;KDI;create;48,00;CustomerAssign;bima_customerassign_date tersedia (durasi negatif di-clamp ke 0 = Comply);29,15;Comply
202605;TREG 3;BALI;DENPASAR UTARA;MMN;migrate;24,00;CustomerAssign;bima_customerassign_date tersedia (durasi negatif di-clamp ke 0 = Comply);0,00;Comply
202605;TREG 3;JATIM TIMUR;PANDAAN;BEJ;migrate;24,00;CustomerAssign;bima_customerassign_date tersedia (durasi negatif di-clamp ke 0 = Comply);0,00;Comply
202605;TREG 2;PRIANGAN TIMUR;KUNINGAN;KNG;create;48,00;CustomerAssign;bima_customerassign_date tersedia (durasi negatif di-clamp ke 0 = Comply);3,19;Comply
202605;TREG 4;KALSELTENG;BANJARBARU;BBR;migrate;24,00;CustomerAssign;bima_customerassign_date tersedia (durasi negatif di-clamp ke 0 = Comply);0,00;Comply
202605;TREG 2;JAKARTA OUTER;JAKSEL;CPE;create;48,00;CustomerAssign;bima_customerassign_date tersedia (durasi negatif di-clamp ke 0 = Comply);34,19;Comply
202605;TREG 3;SURAMADU;SURABAYA SELATAN;JGR;migrate;24,00;CustomerAssign;bima_customerassign_date tersedia (durasi negatif di-clamp ke 0 = Comply);10,30;Comply
202605;TREG 4;KALTIMTARA;SAMARINDA;LOB;migrate;24,00;CustomerAssign;bima_customerassign_date tersedia (durasi negatif di-clamp ke 0 = Comply);0,00;Comply
202605;TREG 2;JAKARTA OUTER;JAKTIM;GAN;migrate;24,00;CustomerAssign;bima_customerassign_date tersedia (durasi negatif di-clamp ke 0 = Comply);0,00;Comply
202605;TREG 2;BEKASI KARAWANG;KARAWANG;KLI;create;48,00;CustomerAssign;bima_customerassign_date tersedia (durasi negatif di-clamp ke 0 = Comply);10,43;Comply
202605;TREG 3;YOGYA JATENG SELATAN;YOGYAKARTA;PGR;migrate;24,00;CustomerAssign;bima_customerassign_date tersedia (durasi negatif di-clamp ke 0 = Comply);0,00;Comply
202605;TREG 2;BANTEN;LENGKONG;LGK;migrate;24,00;CustomerAssign;bima_customerassign_date tersedia (durasi negatif di-clamp ke 0 = Comply);5,51;Comply
202605;TREG 2;JAKARTA OUTER;JAKTIM;PGB;migrate;24,00;CustomerAssign;bima_customerassign_date tersedia (durasi negatif di-clamp ke 0 = Comply);0,00;Comply
202605;TREG 1;RIAU;TANJUNG PINANG;RAI;migrate;24,00;CustomerAssign;bima_customerassign_date tersedia (durasi negatif di-clamp ke 0 = Comply);5,58;Comply
202605;TREG 2;JAKARTA OUTER;JAKSEL;PSM;migrate;24,00;CustomerAssign;bima_customerassign_date tersedia (durasi negatif di-clamp ke 0 = Comply);3,58;Comply
202605;TREG 2;JAKARTA OUTER;JAKTIM;PSR;migrate;24,00;CustomerAssign;bima_customerassign_date tersedia (durasi negatif di-clamp ke 0 = Comply);0,00;Comply
202605;TREG 5;SULBAGTENG;GORONTALO;GTL;migrate;24,00;CustomerAssign;bima_customerassign_date tersedia (durasi negatif di-clamp ke 0 = Comply);0,00;Comply
202605;TREG 3;YOGYA JATENG SELATAN;SLEMAN;PKM;migrate;24,00;CustomerAssign;bima_customerassign_date tersedia (durasi negatif di-clamp ke 0 = Comply);0,00;Comply
202605;TREG 2;JAKARTA OUTER;JAKTIM;PSR;create;48,00;CustomerAssign;bima_customerassign_date tersedia (durasi negatif di-clamp ke 0 = Comply);3,85;Comply
202605;TREG 2;JAKARTA OUTER;JAKSEL;KAL;migrate;24,00;CustomerAssign;bima_customerassign_date tersedia (durasi negatif di-clamp ke 0 = Comply);5,89;Comply
202605;TREG 3;BALI;DENPASAR UTARA;SMY;create;48,00;CustomerAssign;bima_customerassign_date tersedia (durasi negatif di-clamp ke 0 = Comply);0,00;Comply
202605;TREG 1;SUMUT;MEDAN;SPM;migrate;24,00;CustomerAssign;bima_customerassign_date tersedia (durasi negatif di-clamp ke 0 = Comply);4,01;Comply
202605;TREG 4;KALBAR;PONTIANAK;PTK;migrate;24,00;CustomerAssign;bima_customerassign_date tersedia (durasi negatif di-clamp ke 0 = Comply);30,06;Not Comply
202605;TREG 1;ACEH;LANGSA;IDI;migrate;24,00;CustomerAssign;bima_customerassign_date tersedia (durasi negatif di-clamp ke 0 = Comply);11,09;Comply
202605;TREG 2;JAKARTA OUTER;JAKTIM;PGG;create;48,00;CustomerAssign;bima_customerassign_date tersedia (durasi negatif di-clamp ke 0 = Comply);0,00;Comply
202605;TREG 2;BEKASI KARAWANG;BEKASI;KLB;migrate;24,00;CustomerAssign;bima_customerassign_date tersedia (durasi negatif di-clamp ke 0 = Comply);0,00;Comply
202605;TREG 5;SULBAGSEL;GOWA;SUG;migrate;24,00;CustomerAssign;bima_customerassign_date tersedia (durasi negatif di-clamp ke 0 = Comply);294,27;Not Comply
202605;TREG 3;JATIM BARAT;BATU;KPO;migrate;24,00;CustomerAssign;bima_customerassign_date tersedia (durasi negatif di-clamp ke 0 = Comply);0,00;Comply
202605;TREG 3;YOGYA JATENG SELATAN;SLEMAN;SMN;migrate;24,00;CustomerAssign;bima_customerassign_date tersedia (durasi negatif di-clamp ke 0 = Comply);0,00;Comply
202605;TREG 1;RIAU;RIKEP;LBJ;migrate;24,00;CustomerAssign;bima_customerassign_date tersedia (durasi negatif di-clamp ke 0 = Comply);78,38;Not Comply
202605;TREG 1;RIAU;RIKEP;SLU;migrate;24,00;CustomerAssign;bima_customerassign_date tersedia (durasi negatif di-clamp ke 0 = Comply);0,00;Comply
202605;TREG 2;PRIANGAN BARAT;CIBINONG;CBI;migrate;24,00;CustomerAssign;bima_customerassign_date tersedia (durasi negatif di-clamp ke 0 = Comply);0,00;Comply
202605;TREG 1;RIAU;RIKEP;BTC;migrate;24,00;CustomerAssign;bima_customerassign_date tersedia (durasi negatif di-clamp ke 0 = Comply);0,00;Comply
202605;TREG 3;YOGYA JATENG SELATAN;SLEMAN;SMN;migrate;24,00;CustomerAssign;bima_customerassign_date tersedia (durasi negatif di-clamp ke 0 = Comply);0,00;Comply
202605;TREG 4;BALIKPAPAN;TANAHGROGOT;MJW;migrate;24,00;CustomerAssign;bima_customerassign_date tersedia (durasi negatif di-clamp ke 0 = Comply);131,49;Not Comply
202605;TREG 3;BALI;DENPASAR UTARA;UBN;migrate;24,00;CustomerAssign;bima_customerassign_date tersedia (durasi negatif di-clamp ke 0 = Comply);0,00;Comply
202605;TREG 2;PRIANGAN TIMUR;SINGAPARNA;SPA;migrate;24,00;CustomerAssign;bima_customerassign_date tersedia (durasi negatif di-clamp ke 0 = Comply);0,00;Comply
202605;TREG 4;KALSELTENG;MUARA TEWEH;PRC;migrate;24,00;CustomerAssign;bima_customerassign_date tersedia (durasi negatif di-clamp ke 0 = Comply);0,00;Comply
202605;TREG 4;KALSELTENG;BANJARBARU;LUL;migrate;24,00;CustomerAssign;bima_customerassign_date tersedia (durasi negatif di-clamp ke 0 = Comply);0,00;Comply
202605;TREG 4;KALBAR;MEMPAWAH;STA;migrate;24,00;CustomerAssign;bima_customerassign_date tersedia (durasi negatif di-clamp ke 0 = Comply);371,76;Not Comply
202605;TREG 2;BANDUNG;BANDUNG;LBG;migrate;24,00;CustomerAssign;bima_customerassign_date tersedia (durasi negatif di-clamp ke 0 = Comply);4,91;Comply
202605;TREG 1;SUMBAR JAMBI;JAMBI;PAP;create;48,00;CustomerAssign;bima_customerassign_date tersedia (durasi negatif di-clamp ke 0 = Comply);0,00;Comply
202605;TREG 3;SURAMADU;GRESIK;GSK;migrate;24,00;CustomerAssign;bima_customerassign_date tersedia (durasi negatif di-clamp ke 0 = Comply);0,00;Comply
202605;TREG 1;ACEH;LANGSA;KSG;create;48,00;CustomerAssign;bima_customerassign_date tersedia (durasi negatif di-clamp ke 0 = Comply);0,00;Comply
202605;TREG 1;RIAU;TANJUNG PINANG;KMS;create;48,00;CustomerAssign;bima_customerassign_date tersedia (durasi negatif di-clamp ke 0 = Comply);12,39;Comply
202605;TREG 1;SUMBAR JAMBI;MUARA BUNGO;SRJ;migrate;24,00;CustomerAssign;bima_customerassign_date tersedia (durasi negatif di-clamp ke 0 = Comply);12,40;Comply
202605;TREG 1;ACEH;MEULABOH;MBO;migrate;24,00;CustomerAssign;bima_customerassign_date tersedia (durasi negatif di-clamp ke 0 = Comply);252,72;Not Comply
202605;TREG 2;BEKASI KARAWANG;BEKASI;BEK;migrate;24,00;CustomerAssign;bima_customerassign_date tersedia (durasi negatif di-clamp ke 0 = Comply);0,00;Comply
202605;TREG 2;BANTEN;CIPUTAT;PKU;migrate;24,00;CustomerAssign;bima_customerassign_date tersedia (durasi negatif di-clamp ke 0 = Comply);0,00;Comply
202605;TREG 2;BANTEN;CILEGON;BJO;migrate;24,00;CustomerAssign;bima_customerassign_date tersedia (durasi negatif di-clamp ke 0 = Comply);132,90;Not Comply
202605;TREG 2;JAKARTA INNER;JAKBAR;CKG;migrate;24,00;CustomerAssign;bima_customerassign_date tersedia (durasi negatif di-clamp ke 0 = Comply);0,00;Comply
202605;TREG 2;PRIANGAN BARAT;DEPOK;PCM;migrate;24,00;CustomerAssign;bima_customerassign_date tersedia (durasi negatif di-clamp ke 0 = Comply);80,25;Not Comply
202605;TREG 1;RIAU;RIDAR;PBB;migrate;24,00;CustomerAssign;bima_customerassign_date tersedia (durasi negatif di-clamp ke 0 = Comply);0,00;Comply
202605;TREG 3;JATIM TIMUR;SIDOARJO;SDA;migrate;24,00;CustomerAssign;bima_customerassign_date tersedia (durasi negatif di-clamp ke 0 = Comply);0,00;Comply
202605;TREG 1;RIAU;RIDAR;PBB;migrate;24,00;CustomerAssign;bima_customerassign_date tersedia (durasi negatif di-clamp ke 0 = Comply);0,00;Comply
202605;TREG 1;SUMBAR JAMBI;BUKIT TINGGI;PYK;migrate;24,00;CustomerAssign;bima_customerassign_date tersedia (durasi negatif di-clamp ke 0 = Comply);103,17;Not Comply
202605;TREG 3;SOLO JATENG TIMUR;SOLO;MSO;create;48,00;CustomerAssign;bima_customerassign_date tersedia (durasi negatif di-clamp ke 0 = Comply);0,00;Comply
202605;TREG 1;RIAU;RIDAR;PBB;migrate;24,00;CustomerAssign;bima_customerassign_date tersedia (durasi negatif di-clamp ke 0 = Comply);423,22;Not Comply
202605;TREG 4;KALTIMTARA;TARAKAN;TRK;migrate;24,00;CustomerAssign;bima_customerassign_date tersedia (durasi negatif di-clamp ke 0 = Comply);0,00;Comply
202605;TREG 3;JATIM BARAT;MALANG;SWJ;migrate;24,00;CustomerAssign;bima_customerassign_date tersedia (durasi negatif di-clamp ke 0 = Comply);0,00;Comply
202605;TREG 4;KALTIMTARA;TARAKAN;TRK;migrate;24,00;CustomerAssign;bima_customerassign_date tersedia (durasi negatif di-clamp ke 0 = Comply);16,15;Comply
202605;TREG 2;BANTEN;CIPUTAT;CPA;migrate;24,00;CustomerAssign;bima_customerassign_date tersedia (durasi negatif di-clamp ke 0 = Comply);0,00;Comply
202605;TREG 4;KALTIMTARA;SAMARINDA;SEP;migrate;24,00;CustomerAssign;bima_customerassign_date tersedia (durasi negatif di-clamp ke 0 = Comply);88,96;Not Comply
202605;TREG 5;SULBAGSEL;PALOPO;PLP;migrate;24,00;CustomerAssign;bima_customerassign_date tersedia (durasi negatif di-clamp ke 0 = Comply);287,23;Not Comply
202605;TREG 4;KALSELTENG;BATULICIN;KPL;migrate;24,00;CustomerAssign;bima_customerassign_date tersedia (durasi negatif di-clamp ke 0 = Comply);0,00;Comply
202605;TREG 1;SUMBAR JAMBI;BUKIT TINGGI;BKT;migrate;24,00;CustomerAssign;bima_customerassign_date tersedia (durasi negatif di-clamp ke 0 = Comply);0,00;Comply
202605;TREG 3;SOLO JATENG TIMUR;SRAGEN;TWM;migrate;24,00;CustomerAssign;bima_customerassign_date tersedia (durasi negatif di-clamp ke 0 = Comply);17,62;Comply
202605;TREG 2;JAKARTA OUTER;JAKTIM;KRG;migrate;24,00;CustomerAssign;bima_customerassign_date tersedia (durasi negatif di-clamp ke 0 = Comply);120,87;Not Comply
202605;TREG 2;JAKARTA CENTRUM;JAKPUS;CPP;migrate;24,00;CustomerAssign;bima_customerassign_date tersedia (durasi negatif di-clamp ke 0 = Comply);0,00;Comply
202605;TREG 2;PRIANGAN BARAT;DEPOK;SKJ;create;48,00;CustomerAssign;bima_customerassign_date tersedia (durasi negatif di-clamp ke 0 = Comply);0,00;Comply
202605;TREG 2;BEKASI KARAWANG;BEKASI;KRA;migrate;24,00;CustomerAssign;bima_customerassign_date tersedia (durasi negatif di-clamp ke 0 = Comply);0,00;Comply
202605;TREG 2;BEKASI KARAWANG;BEKASI;KRA;migrate;24,00;CustomerAssign;bima_customerassign_date tersedia (durasi negatif di-clamp ke 0 = Comply);114,17;Not Comply
202605;TREG 4;KALTIMTARA;TARAKAN;TAJ;create;48,00;CustomerAssign;bima_customerassign_date tersedia (durasi negatif di-clamp ke 0 = Comply);1,35;Comply
202605;TREG 5;SULBAGSEL;PALOPO;PLP;migrate;24,00;CustomerAssign;bima_customerassign_date tersedia (durasi negatif di-clamp ke 0 = Comply);0,00;Comply
202605;TREG 4;KALTIMTARA;TARAKAN;JWT;create;48,00;CustomerAssign;bima_customerassign_date tersedia (durasi negatif di-clamp ke 0 = Comply);0,00;Comply
202605;TREG 2;JAKARTA CENTRUM;JAKPUS;CID;migrate;24,00;CustomerAssign;bima_customerassign_date tersedia (durasi negatif di-clamp ke 0 = Comply);74,17;Not Comply
202605;TREG 4;KALTIMTARA;NUNUKAN;NNK;migrate;24,00;CustomerAssign;bima_customerassign_date tersedia (durasi negatif di-clamp ke 0 = Comply);21,49;Comply
202605;TREG 3;SURAMADU;SURABAYA UTARA;KJR;migrate;24,00;CustomerAssign;bima_customerassign_date tersedia (durasi negatif di-clamp ke 0 = Comply);50,73;Not Comply
202605;TREG 5;SUMALUT;KOTAMOBAGO;AMR;migrate;24,00;CustomerAssign;bima_customerassign_date tersedia (durasi negatif di-clamp ke 0 = Comply);0,00;Comply
202605;TREG 5;SULBAGSEL;KENDARI;MDG;migrate;24,00;CustomerAssign;bima_customerassign_date tersedia (durasi negatif di-clamp ke 0 = Comply);0,00;Comply
202605;TREG 5;SULBAGTENG;PALU;PLB;migrate;24,00;CustomerAssign;bima_customerassign_date tersedia (durasi negatif di-clamp ke 0 = Comply);573,98;Not Comply
202605;TREG 4;KALTIMTARA;MELAK;TGG;migrate;24,00;CustomerAssign;bima_customerassign_date tersedia (durasi negatif di-clamp ke 0 = Comply);22,09;Comply
202605;TREG 3;SURAMADU;SURABAYA SELATAN;DMO;migrate;24,00;CustomerAssign;bima_customerassign_date tersedia (durasi negatif di-clamp ke 0 = Comply);0,00;Comply
202605;TREG 3;JATIM BARAT;MALANG;BLB;migrate;24,00;CustomerAssign;bima_customerassign_date tersedia (durasi negatif di-clamp ke 0 = Comply);3,39;Comply
202605;TREG 4;KALTIMTARA;SAMARINDA;PLL;migrate;24,00;CustomerAssign;bima_customerassign_date tersedia (durasi negatif di-clamp ke 0 = Comply);0,00;Comply
202605;TREG 4;KALTIMTARA;SAMARINDA;TMD;create;48,00;CustomerAssign;bima_customerassign_date tersedia (durasi negatif di-clamp ke 0 = Comply);0,00;Comply
202605;TREG 4;KALTIMTARA;SAMARINDA;SMR;migrate;24,00;CustomerAssign;bima_customerassign_date tersedia (durasi negatif di-clamp ke 0 = Comply);22,80;Comply
202605;TREG 4;KALTIMTARA;SAMARINDA;SMR;create;48,00;CustomerAssign;bima_customerassign_date tersedia (durasi negatif di-clamp ke 0 = Comply);0,00;Comply
202605;TREG 3;JATIM TIMUR;SIDOARJO;SDA;create;48,00;CustomerAssign;bima_customerassign_date tersedia (durasi negatif di-clamp ke 0 = Comply);0,00;Comply
202605;TREG 4;KALTIMTARA;MELAK;SBR;migrate;24,00;CustomerAssign;bima_customerassign_date tersedia (durasi negatif di-clamp ke 0 = Comply);28,42;Not Comply
202605;TREG 2;BANTEN;CILEGON;CLG;migrate;24,00;CustomerAssign;bima_customerassign_date tersedia (durasi negatif di-clamp ke 0 = Comply);0,00;Comply
202605;TREG 3;SEMARANG JATENG UTARA;PEMALANG;PML;migrate;24,00;CustomerAssign;bima_customerassign_date tersedia (durasi negatif di-clamp ke 0 = Comply);0,00;Comply
202605;TREG 4;KALSELTENG;PALANGKARAYA;PLK;migrate;24,00;CustomerAssign;bima_customerassign_date tersedia (durasi negatif di-clamp ke 0 = Comply);0,00;Comply
202605;TREG 5;SULBAGSEL;MAROS;SUD;create;48,00;CustomerAssign;bima_customerassign_date tersedia (durasi negatif di-clamp ke 0 = Comply);0,00;Comply
202605;TREG 5;SULBAGTENG;PALU;PLB;migrate;24,00;CustomerAssign;bima_customerassign_date tersedia (durasi negatif di-clamp ke 0 = Comply);165,15;Not Comply
202605;TREG 3;YOGYA JATENG SELATAN;YOGYAKARTA;KEN;create;48,00;CustomerAssign;bima_customerassign_date tersedia (durasi negatif di-clamp ke 0 = Comply);0,00;Comply
202605;TREG 2;BANTEN;PASAR BARU;CPD;migrate;24,00;CustomerAssign;bima_customerassign_date tersedia (durasi negatif di-clamp ke 0 = Comply);0,00;Comply
202605;TREG 3;JATIM BARAT;KEPANJEN;TUR;migrate;24,00;CustomerAssign;bima_customerassign_date tersedia (durasi negatif di-clamp ke 0 = Comply);0,00;Comply
202605;TREG 4;KALSELTENG;BANJARMASIN;BJM;migrate;24,00;CustomerAssign;bima_customerassign_date tersedia (durasi negatif di-clamp ke 0 = Comply);0,00;Comply
202605;TREG 4;KALSELTENG;PALANGKARAYA;PLK;migrate;24,00;CustomerAssign;bima_customerassign_date tersedia (durasi negatif di-clamp ke 0 = Comply);0,00;Comply
202605;TREG 5;SULBAGSEL;MAKASSAR;MAT;create;48,00;CustomerAssign;bima_customerassign_date tersedia (durasi negatif di-clamp ke 0 = Comply);0,00;Comply
202605;TREG 2;BANDUNG;SUMEDANG;CJA;migrate;24,00;CustomerAssign;bima_customerassign_date tersedia (durasi negatif di-clamp ke 0 = Comply);5,43;Comply
202605;TREG 1;SUMUT;MEDAN;PDB;create;48,00;CustomerAssign;bima_customerassign_date tersedia (durasi negatif di-clamp ke 0 = Comply);0,00;Comply
202605;TREG 3;SOLO JATENG TIMUR;SOLO;KRT;migrate;24,00;CustomerAssign;bima_customerassign_date tersedia (durasi negatif di-clamp ke 0 = Comply);0,00;Comply
202605;TREG 1;SUMUT;SUMUT;RBM;create;48,00;CustomerAssign;bima_customerassign_date tersedia (durasi negatif di-clamp ke 0 = Comply);0,00;Comply
202605;TREG 1;RIAU;RIKEP;SKN;create;48,00;CustomerAssign;bima_customerassign_date tersedia (durasi negatif di-clamp ke 0 = Comply);150,07;Not Comply
202605;TREG 2;PRIANGAN BARAT;CIBINONG;CLS;create;48,00;CustomerAssign;bima_customerassign_date tersedia (durasi negatif di-clamp ke 0 = Comply);6,15;Comply
202605;TREG 2;JAKARTA OUTER;JAKTIM;JTN;migrate;24,00;CustomerAssign;bima_customerassign_date tersedia (durasi negatif di-clamp ke 0 = Comply);0,00;Comply
202605;TREG 3;SEMARANG JATENG UTARA;SEMARANG;MJP;migrate;24,00;CustomerAssign;bima_customerassign_date tersedia (durasi negatif di-clamp ke 0 = Comply);0,00;Comply
202605;TREG 3;JATIM BARAT;MALANG;BLB;migrate;24,00;CustomerAssign;bima_customerassign_date tersedia (durasi negatif di-clamp ke 0 = Comply);6,31;Comply
202605;TREG 3;SEMARANG JATENG UTARA;PEMALANG;RDD;migrate;24,00;CustomerAssign;bima_customerassign_date tersedia (durasi negatif di-clamp ke 0 = Comply);1,32;Comply
202605;TREG 5;SULBAGSEL;KENDARI;MDG;create;48,00;CustomerAssign;bima_customerassign_date tersedia (durasi negatif di-clamp ke 0 = Comply);0,00;Comply
202605;TREG 3;YOGYA JATENG SELATAN;YOGYAKARTA;KBU;create;48,00;CustomerAssign;bima_customerassign_date tersedia (durasi negatif di-clamp ke 0 = Comply);0,00;Comply
202605;TREG 4;KALSELTENG;MUARA TEWEH;MTW;migrate;24,00;CustomerAssign;bima_customerassign_date tersedia (durasi negatif di-clamp ke 0 = Comply);0,00;Comply
202605;TREG 3;YOGYA JATENG SELATAN;SLEMAN;GOD;migrate;24,00;CustomerAssign;bima_customerassign_date tersedia (durasi negatif di-clamp ke 0 = Comply);0,00;Comply
202605;TREG 4;KALSELTENG;BANJARBARU;BBR;create;48,00;CustomerAssign;bima_customerassign_date tersedia (durasi negatif di-clamp ke 0 = Comply);0,00;Comply
202605;TREG 5;SULBAGSEL;PARE-PARE;PRE;migrate;24,00;CustomerAssign;bima_customerassign_date tersedia (durasi negatif di-clamp ke 0 = Comply);28,67;Not Comply
202605;TREG 4;KALSELTENG;PALANGKARAYA;KKP;migrate;24,00;CustomerAssign;bima_customerassign_date tersedia (durasi negatif di-clamp ke 0 = Comply);1,74;Comply
202605;TREG 3;YOGYA JATENG SELATAN;TEMANGGUNG;TEM;migrate;24,00;CustomerAssign;bima_customerassign_date tersedia (durasi negatif di-clamp ke 0 = Comply);0,00;Comply
202605;TREG 5;SULBAGSEL;MAMUJU;PLW;migrate;24,00;CustomerAssign;bima_customerassign_date tersedia (durasi negatif di-clamp ke 0 = Comply);0,00;Comply
202605;TREG 2;JAKARTA OUTER;JAKSEL;BIN;migrate;24,00;CustomerAssign;bima_customerassign_date tersedia (durasi negatif di-clamp ke 0 = Comply);7,08;Comply
202605;TREG 2;JAKARTA INNER;JAKBAR;CKG;migrate;24,00;CustomerAssign;bima_customerassign_date tersedia (durasi negatif di-clamp ke 0 = Comply);7,22;Comply
202605;TREG 2;JAKARTA OUTER;JAKSEL;TBE;migrate;24,00;CustomerAssign;bima_customerassign_date tersedia (durasi negatif di-clamp ke 0 = Comply);0,00;Comply
202605;TREG 2;BANDUNG;SUMEDANG;CJA;migrate;24,00;CustomerAssign;bima_customerassign_date tersedia (durasi negatif di-clamp ke 0 = Comply);7,26;Comply
202605;TREG 2;BANDUNG;SOREANG;BJA;migrate;24,00;CustomerAssign;bima_customerassign_date tersedia (durasi negatif di-clamp ke 0 = Comply);26,27;Not Comply
202605;TREG 4;KALSELTENG;TANJUNG TABALONG;BRI;migrate;24,00;CustomerAssign;bima_customerassign_date tersedia (durasi negatif di-clamp ke 0 = Comply);0,00;Comply
202605;TREG 1;RIAU;INDRAGIRI;TBH;migrate;24,00;CustomerAssign;bima_customerassign_date tersedia (durasi negatif di-clamp ke 0 = Comply);26,31;Not Comply
202605;TREG 2;BANDUNG;SUMEDANG;CJA;create;48,00;CustomerAssign;bima_customerassign_date tersedia (durasi negatif di-clamp ke 0 = Comply);0,38;Comply
202605;TREG 4;KALTIMTARA;BULUNGAN BERAU;TRD;migrate;24,00;CustomerAssign;bima_customerassign_date tersedia (durasi negatif di-clamp ke 0 = Comply);0,00;Comply
202605;TREG 2;JAKARTA CENTRUM;JAKUT;TPR;create;48,00;CustomerAssign;bima_customerassign_date tersedia (durasi negatif di-clamp ke 0 = Comply);0,00;Comply
202605;TREG 4;KALBAR;PONTIANAK;PTK;create;48,00;CustomerAssign;bima_customerassign_date tersedia (durasi negatif di-clamp ke 0 = Comply);0,41;Comply
202605;TREG 2;JAKARTA CENTRUM;JAKPUS;CID;migrate;24,00;CustomerAssign;bima_customerassign_date tersedia (durasi negatif di-clamp ke 0 = Comply);0,00;Comply
202605;TREG 1;SUMUT;MEDAN;TMU;create;48,00;CustomerAssign;bima_customerassign_date tersedia (durasi negatif di-clamp ke 0 = Comply);0,00;Comply
202605;TREG 3;SURAMADU;BANGKALAN;KML;create;48,00;CustomerAssign;bima_customerassign_date tersedia (durasi negatif di-clamp ke 0 = Comply);0,00;Comply
202605;TREG 1;SUMBAR JAMBI;BUKIT TINGGI;BKT;migrate;24,00;CustomerAssign;bima_customerassign_date tersedia (durasi negatif di-clamp ke 0 = Comply);26,47;Not Comply
202605;TREG 1;SUMUT;MEDAN;TMU;migrate;24,00;CustomerAssign;bima_customerassign_date tersedia (durasi negatif di-clamp ke 0 = Comply);7,47;Comply
202605;TREG 2;BEKASI KARAWANG;BEKASI;PKY;migrate;24,00;CustomerAssign;bima_customerassign_date tersedia (durasi negatif di-clamp ke 0 = Comply);26,48;Not Comply
202605;TREG 4;KALTIMTARA;SAMARINDA;SGK;migrate;24,00;CustomerAssign;bima_customerassign_date tersedia (durasi negatif di-clamp ke 0 = Comply);0,00;Comply
202605;TREG 4;BALIKPAPAN;BALIKPAPAN;GSA;migrate;24,00;CustomerAssign;bima_customerassign_date tersedia (durasi negatif di-clamp ke 0 = Comply);7,53;Comply
202605;TREG 2;BANTEN;CIPUTAT;CPA;create;48,00;CustomerAssign;bima_customerassign_date tersedia (durasi negatif di-clamp ke 0 = Comply);24,60;Comply
202605;TREG 2;BANDUNG;SOREANG;MJY;migrate;24,00;CustomerAssign;bima_customerassign_date tersedia (durasi negatif di-clamp ke 0 = Comply);0,66;Comply
202605;TREG 3;BALI;TABANAN;TBN;create;48,00;CustomerAssign;bima_customerassign_date tersedia (durasi negatif di-clamp ke 0 = Comply);7,73;Comply
202605;TREG 1;RIAU;BANGKINANG;ARK;migrate;24,00;CustomerAssign;bima_customerassign_date tersedia (durasi negatif di-clamp ke 0 = Comply);49,81;Not Comply
202605;TREG 3;SEMARANG JATENG UTARA;SLAWI;BLU;migrate;24,00;CustomerAssign;bima_customerassign_date tersedia (durasi negatif di-clamp ke 0 = Comply);0,00;Comply
202605;TREG 2;BANTEN;CILEGON;BJO;migrate;24,00;CustomerAssign;bima_customerassign_date tersedia (durasi negatif di-clamp ke 0 = Comply);626,94;Not Comply
202605;TREG 3;SEMARANG JATENG UTARA;SALATIGA;SLI;migrate;24,00;CustomerAssign;bima_customerassign_date tersedia (durasi negatif di-clamp ke 0 = Comply);0,00;Comply
202605;TREG 2;JAKARTA OUTER;JAKSEL;BIN;migrate;24,00;CustomerAssign;bima_customerassign_date tersedia (durasi negatif di-clamp ke 0 = Comply);0,00;Comply
202605;TREG 4;KALTIMTARA;SAMARINDA;LOB;create;48,00;CustomerAssign;bima_customerassign_date tersedia (durasi negatif di-clamp ke 0 = Comply);97,10;Not Comply
202605;TREG 2;BANTEN;CIPUTAT;CLD;create;48,00;CustomerAssign;bima_customerassign_date tersedia (durasi negatif di-clamp ke 0 = Comply);0,00;Comply
202605;TREG 4;KALTIMTARA;TARAKAN;JWT;create;48,00;CustomerAssign;bima_customerassign_date tersedia (durasi negatif di-clamp ke 0 = Comply);0,00;Comply
202605;TREG 1;RIAU;RIKEP;BTC;create;48,00;CustomerAssign;bima_customerassign_date tersedia (durasi negatif di-clamp ke 0 = Comply);176,17;Not Comply
202605;TREG 3;YOGYA JATENG SELATAN;PURBALINGGA;PBG;migrate;24,00;CustomerAssign;bima_customerassign_date tersedia (durasi negatif di-clamp ke 0 = Comply);99,25;Not Comply
202605;TREG 3;SEMARANG JATENG UTARA;SALATIGA;SLI;migrate;24,00;CustomerAssign;bima_customerassign_date tersedia (durasi negatif di-clamp ke 0 = Comply);0,00;Comply
202605;TREG 4;KALSELTENG;BANJARMASIN;ULI;migrate;24,00;CustomerAssign;bima_customerassign_date tersedia (durasi negatif di-clamp ke 0 = Comply);0,00;Comply
202605;TREG 4;KALTIMTARA;TARAKAN;TAJ;create;48,00;CustomerAssign;bima_customerassign_date tersedia (durasi negatif di-clamp ke 0 = Comply);0,00;Comply
202605;TREG 2;JAKARTA INNER;JAKBAR;JIA;create;48,00;CustomerAssign;bima_customerassign_date tersedia (durasi negatif di-clamp ke 0 = Comply);241,41;Not Comply
202605;TREG 3;YOGYA JATENG SELATAN;PURBALINGGA;PBG;migrate;24,00;CustomerAssign;bima_customerassign_date tersedia (durasi negatif di-clamp ke 0 = Comply);0,00;Comply
202605;TREG 4;BALIKPAPAN;BALIKPAPAN;BRU;create;48,00;CustomerAssign;bima_customerassign_date tersedia (durasi negatif di-clamp ke 0 = Comply);8,44;Comply
202605;TREG 2;JAKARTA INNER;JAKBAR;MRY;create;48,00;CustomerAssign;bima_customerassign_date tersedia (durasi negatif di-clamp ke 0 = Comply);0,00;Comply
202605;TREG 4;KALTIMTARA;SAMARINDA;SMR;create;48,00;CustomerAssign;bima_customerassign_date tersedia (durasi negatif di-clamp ke 0 = Comply);1,67;Comply
202605;TREG 3;YOGYA JATENG SELATAN;SLEMAN;KLS;create;48,00;CustomerAssign;bima_customerassign_date tersedia (durasi negatif di-clamp ke 0 = Comply);0,00;Comply
202605;TREG 3;YOGYA JATENG SELATAN;CILACAP;KRY;migrate;24,00;CustomerAssign;bima_customerassign_date tersedia (durasi negatif di-clamp ke 0 = Comply);128,70;Not Comply
202605;TREG 4;KALSELTENG;PANGKALAN BUN;PBU;migrate;24,00;CustomerAssign;bima_customerassign_date tersedia (durasi negatif di-clamp ke 0 = Comply);363,75;Not Comply
202605;TREG 3;SURAMADU;SURABAYA UTARA;KNN;create;48,00;CustomerAssign;bima_customerassign_date tersedia (durasi negatif di-clamp ke 0 = Comply);27,76;Comply
202605;TREG 3;YOGYA JATENG SELATAN;BANTUL;BTL;migrate;24,00;CustomerAssign;bima_customerassign_date tersedia (durasi negatif di-clamp ke 0 = Comply);0,00;Comply
202605;TREG 1;SUMUT;SIBOLGA;SBG;migrate;24,00;CustomerAssign;bima_customerassign_date tersedia (durasi negatif di-clamp ke 0 = Comply);0,00;Comply
202605;TREG 2;BANTEN;CIPUTAT;CLD;migrate;24,00;CustomerAssign;bima_customerassign_date tersedia (durasi negatif di-clamp ke 0 = Comply);80,82;Not Comply
202605;TREG 4;BALIKPAPAN;BALIKPAPAN;BAM;create;48,00;CustomerAssign;bima_customerassign_date tersedia (durasi negatif di-clamp ke 0 = Comply);0,00;Comply
202605;TREG 1;RIAU;RIKEP;SLU;migrate;24,00;CustomerAssign;bima_customerassign_date tersedia (durasi negatif di-clamp ke 0 = Comply);0,00;Comply
202605;TREG 2;PRIANGAN BARAT;DEPOK;SKJ;migrate;24,00;CustomerAssign;bima_customerassign_date tersedia (durasi negatif di-clamp ke 0 = Comply);73,98;Not Comply
202605;TREG 1;RIAU;RIKEP;SLU;migrate;24,00;CustomerAssign;bima_customerassign_date tersedia (durasi negatif di-clamp ke 0 = Comply);0,00;Comply
202605;TREG 1;LAMPUNG BENGKULU;METRO;MET;migrate;24,00;CustomerAssign;bima_customerassign_date tersedia (durasi negatif di-clamp ke 0 = Comply);33,03;Not Comply
202605;TREG 3;SURAMADU;SURABAYA UTARA;LKI;migrate;24,00;CustomerAssign;bima_customerassign_date tersedia (durasi negatif di-clamp ke 0 = Comply);122,03;Not Comply
202605;TREG 4;KALSELTENG;PANGKALAN BUN;PBU;migrate;24,00;CustomerAssign;bima_customerassign_date tersedia (durasi negatif di-clamp ke 0 = Comply);28,03;Not Comply
202605;TREG 1;RIAU;RIKEP;LBJ;create;48,00;CustomerAssign;bima_customerassign_date tersedia (durasi negatif di-clamp ke 0 = Comply);0,00;Comply
202605;TREG 3;YOGYA JATENG SELATAN;PURBALINGGA;PBG;migrate;24,00;CustomerAssign;bima_customerassign_date tersedia (durasi negatif di-clamp ke 0 = Comply);28,06;Not Comply
202605;TREG 5;SULBAGSEL;SITOR;MAK;migrate;24,00;CustomerAssign;bima_customerassign_date tersedia (durasi negatif di-clamp ke 0 = Comply);0,00;Comply
202605;TREG 1;SUMUT;LUBUK PAKAM;TJR;migrate;24,00;CustomerAssign;bima_customerassign_date tersedia (durasi negatif di-clamp ke 0 = Comply);0,00;Comply
202605;TREG 1;SUMBAR JAMBI;SUMBAR;ULK;create;48,00;CustomerAssign;bima_customerassign_date tersedia (durasi negatif di-clamp ke 0 = Comply);0,00;Comply
202605;TREG 3;SURAMADU;SURABAYA UTARA;KBL;migrate;24,00;CustomerAssign;bima_customerassign_date tersedia (durasi negatif di-clamp ke 0 = Comply);0,00;Comply
202605;TREG 1;SUMBAR JAMBI;SUMBAR;TLB;migrate;24,00;CustomerAssign;bima_customerassign_date tersedia (durasi negatif di-clamp ke 0 = Comply);0,00;Comply
202605;TREG 3;JATIM BARAT;KEDIRI;PAE;migrate;24,00;CustomerAssign;bima_customerassign_date tersedia (durasi negatif di-clamp ke 0 = Comply);33,53;Not Comply
202605;TREG 2;BANTEN;PASAR BARU;SPT;migrate;24,00;CustomerAssign;bima_customerassign_date tersedia (durasi negatif di-clamp ke 0 = Comply);33,61;Not Comply
202605;TREG 3;YOGYA JATENG SELATAN;YOGYAKARTA;PGR;create;48,00;CustomerAssign;bima_customerassign_date tersedia (durasi negatif di-clamp ke 0 = Comply);0,00;Comply
202605;TREG 4;KALSELTENG;BANJARMASIN;ULI;migrate;24,00;CustomerAssign;bima_customerassign_date tersedia (durasi negatif di-clamp ke 0 = Comply);0,00;Comply
202605;TREG 1;RIAU;RIKEP;NGS;migrate;24,00;CustomerAssign;bima_customerassign_date tersedia (durasi negatif di-clamp ke 0 = Comply);172,75;Not Comply
202605;TREG 5;PAPUA;SENTANI;SNI;migrate;24,00;CustomerAssign;bima_customerassign_date tersedia (durasi negatif di-clamp ke 0 = Comply);0,00;Comply
202605;TREG 3;SURAMADU;SURABAYA UTARA;KJR;migrate;24,00;CustomerAssign;bima_customerassign_date tersedia (durasi negatif di-clamp ke 0 = Comply);4,86;Comply
202605;TREG 4;KALTIMTARA;BONTANG;BOT;migrate;24,00;CustomerAssign;bima_customerassign_date tersedia (durasi negatif di-clamp ke 0 = Comply);0,00;Comply
202605;TREG 2;PRIANGAN BARAT;CIBINONG;CBI;migrate;24,00;CustomerAssign;bima_customerassign_date tersedia (durasi negatif di-clamp ke 0 = Comply);9,99;Comply
202605;TREG 3;JATIM TIMUR;PANDAAN;PDA;create;48,00;CustomerAssign;bima_customerassign_date tersedia (durasi negatif di-clamp ke 0 = Comply);0,00;Comply
202605;TREG 5;SULBAGTENG;PALU;PLB;create;48,00;CustomerAssign;bima_customerassign_date tersedia (durasi negatif di-clamp ke 0 = Comply);28,14;Comply
202605;TREG 4;KALSELTENG;TANJUNG TABALONG;RTA;migrate;24,00;CustomerAssign;bima_customerassign_date tersedia (durasi negatif di-clamp ke 0 = Comply);0,00;Comply
202605;TREG 4;KALTIMTARA;BULUNGAN BERAU;LNN;migrate;24,00;CustomerAssign;bima_customerassign_date tersedia (durasi negatif di-clamp ke 0 = Comply);0,00;Comply
202605;TREG 4;KALSELTENG;BATULICIN;STI;migrate;24,00;CustomerAssign;bima_customerassign_date tersedia (durasi negatif di-clamp ke 0 = Comply);0,00;Comply
202605;TREG 2;JAKARTA OUTER;JAKTIM;KLD;migrate;24,00;CustomerAssign;bima_customerassign_date tersedia (durasi negatif di-clamp ke 0 = Comply);0,00;Comply
202605;TREG 5;SULBAGSEL;PALOPO;MAS;migrate;24,00;CustomerAssign;bima_customerassign_date tersedia (durasi negatif di-clamp ke 0 = Comply);58,41;Not Comply
202605;TREG 2;BANTEN;PASAR BARU;PSK;migrate;24,00;CustomerAssign;bima_customerassign_date tersedia (durasi negatif di-clamp ke 0 = Comply);0,00;Comply
202605;TREG 2;BANTEN;CIPUTAT;CLD;migrate;24,00;CustomerAssign;bima_customerassign_date tersedia (durasi negatif di-clamp ke 0 = Comply);51,57;Not Comply
202605;TREG 2;JAKARTA OUTER;JAKTIM;CWA;migrate;24,00;CustomerAssign;bima_customerassign_date tersedia (durasi negatif di-clamp ke 0 = Comply);3,75;Comply
202605;TREG 3;SURAMADU;GRESIK;GSK;migrate;24,00;CustomerAssign;bima_customerassign_date tersedia (durasi negatif di-clamp ke 0 = Comply);0,00;Comply
202605;TREG 1;RIAU;RIKEP;NGS;migrate;24,00;CustomerAssign;bima_customerassign_date tersedia (durasi negatif di-clamp ke 0 = Comply);27,80;Not Comply
202605;TREG 5;SULBAGSEL;PARE-PARE;PIN;create;48,00;CustomerAssign;bima_customerassign_date tersedia (durasi negatif di-clamp ke 0 = Comply);0,00;Comply
202605;TREG 1;SUMBAR JAMBI;SOLOK;LUG;migrate;24,00;CustomerAssign;bima_customerassign_date tersedia (durasi negatif di-clamp ke 0 = Comply);34,94;Not Comply
202605;TREG 2;PRIANGAN BARAT;DEPOK;SKJ;migrate;24,00;CustomerAssign;bima_customerassign_date tersedia (durasi negatif di-clamp ke 0 = Comply);106,96;Not Comply
202605;TREG 3;BALI;DENPASAR CENTRUM;KLM;migrate;24,00;CustomerAssign;bima_customerassign_date tersedia (durasi negatif di-clamp ke 0 = Comply);0,00;Comply
202605;TREG 5;PAPUA;BIAK;BIA;migrate;24,00;CustomerAssign;bima_customerassign_date tersedia (durasi negatif di-clamp ke 0 = Comply);0,00;Comply
202605;TREG 4;KALSELTENG;BANJARMASIN;ULI;migrate;24,00;CustomerAssign;bima_customerassign_date tersedia (durasi negatif di-clamp ke 0 = Comply);0,00;Comply
202605;TREG 2;JAKARTA OUTER;JAKTIM;CWA;migrate;24,00;CustomerAssign;bima_customerassign_date tersedia (durasi negatif di-clamp ke 0 = Comply);28,15;Not Comply
202605;TREG 4;KALSELTENG;MUARA TEWEH;MTW;migrate;24,00;CustomerAssign;bima_customerassign_date tersedia (durasi negatif di-clamp ke 0 = Comply);11,18;Comply
202605;TREG 2;JAKARTA CENTRUM;JAKPUS;KMY;migrate;24,00;CustomerAssign;bima_customerassign_date tersedia (durasi negatif di-clamp ke 0 = Comply);0,00;Comply
202605;TREG 5;SULBAGTENG;GORONTALO;LBT;migrate;24,00;CustomerAssign;bima_customerassign_date tersedia (durasi negatif di-clamp ke 0 = Comply);0,00;Comply
202605;TREG 4;KALSELTENG;SAMPIT;KPB;migrate;24,00;CustomerAssign;bima_customerassign_date tersedia (durasi negatif di-clamp ke 0 = Comply);174,35;Not Comply
202605;TREG 4;KALSELTENG;PANGKALAN BUN;PBU;migrate;24,00;CustomerAssign;bima_customerassign_date tersedia (durasi negatif di-clamp ke 0 = Comply);0,00;Comply
202605;TREG 2;JAKARTA INNER;JAKBAR;PLM;create;48,00;CustomerAssign;bima_customerassign_date tersedia (durasi negatif di-clamp ke 0 = Comply);4,44;Comply
202605;TREG 1;RIAU;DUMAI;DRI;migrate;24,00;CustomerAssign;bima_customerassign_date tersedia (durasi negatif di-clamp ke 0 = Comply);438,45;Not Comply
202605;TREG 2;JAKARTA OUTER;JAKTIM;KRG;migrate;24,00;CustomerAssign;bima_customerassign_date tersedia (durasi negatif di-clamp ke 0 = Comply);179,48;Not Comply
202605;TREG 2;BANTEN;CIPUTAT;CLD;migrate;24,00;CustomerAssign;bima_customerassign_date tersedia (durasi negatif di-clamp ke 0 = Comply);59,54;Not Comply
202605;TREG 2;JAKARTA OUTER;JAKTIM;JTN;create;48,00;CustomerAssign;bima_customerassign_date tersedia (durasi negatif di-clamp ke 0 = Comply);6,54;Comply
202605;TREG 5;SULBAGTENG;PALU;PLB;create;48,00;CustomerAssign;bima_customerassign_date tersedia (durasi negatif di-clamp ke 0 = Comply);0,00;Comply
202605;TREG 2;BANTEN;PASAR BARU;SPT;migrate;24,00;CustomerAssign;bima_customerassign_date tersedia (durasi negatif di-clamp ke 0 = Comply);0,00;Comply
202605;TREG 3;YOGYA JATENG SELATAN;SLEMAN;PKM;create;48,00;CustomerAssign;bima_customerassign_date tersedia (durasi negatif di-clamp ke 0 = Comply);11,70;Comply
202605;TREG 2;BANDUNG;SOREANG;RCK;create;48,00;CustomerAssign;bima_customerassign_date tersedia (durasi negatif di-clamp ke 0 = Comply);0,00;Comply
202605;TREG 2;BANTEN;LENGKONG;LGK;create;48,00;CustomerAssign;bima_customerassign_date tersedia (durasi negatif di-clamp ke 0 = Comply);0,00;Comply
202605;TREG 5;SULBAGSEL;BANTAENG;BLK;create;48,00;CustomerAssign;bima_customerassign_date tersedia (durasi negatif di-clamp ke 0 = Comply);0,00;Comply
202605;TREG 2;JAKARTA OUTER;JAKTIM;PSR;migrate;24,00;CustomerAssign;bima_customerassign_date tersedia (durasi negatif di-clamp ke 0 = Comply);0,00;Comply
202605;TREG 2;BANTEN;PASAR BARU;PSK;migrate;24,00;CustomerAssign;bima_customerassign_date tersedia (durasi negatif di-clamp ke 0 = Comply);0,00;Comply
202605;TREG 2;BEKASI KARAWANG;CIKARANG;CIB;migrate;24,00;CustomerAssign;bima_customerassign_date tersedia (durasi negatif di-clamp ke 0 = Comply);0,00;Comply
202605;TREG 2;BANTEN;LENGKONG;SRP;migrate;24,00;CustomerAssign;bima_customerassign_date tersedia (durasi negatif di-clamp ke 0 = Comply);12,54;Comply
202605;TREG 1;RIAU;RIKEP;BTC;migrate;24,00;CustomerAssign;bima_customerassign_date tersedia (durasi negatif di-clamp ke 0 = Comply);103,72;Not Comply
202605;TREG 2;BANTEN;CIPUTAT;CLD;create;48,00;CustomerAssign;bima_customerassign_date tersedia (durasi negatif di-clamp ke 0 = Comply);7,99;Comply
202605;TREG 2;BANTEN;CIPUTAT;CPA;migrate;24,00;CustomerAssign;bima_customerassign_date tersedia (durasi negatif di-clamp ke 0 = Comply);0,00;Comply
202605;TREG 2;BEKASI KARAWANG;KARAWANG;TLJ;migrate;24,00;CustomerAssign;bima_customerassign_date tersedia (durasi negatif di-clamp ke 0 = Comply);6,48;Comply
202605;TREG 1;SUMBAR JAMBI;SOLOK;SLK;migrate;24,00;CustomerAssign;bima_customerassign_date tersedia (durasi negatif di-clamp ke 0 = Comply);0,00;Comply
202605;TREG 2;BEKASI KARAWANG;SUBANG;SUB;migrate;24,00;CustomerAssign;bima_customerassign_date tersedia (durasi negatif di-clamp ke 0 = Comply);0,00;Comply
202605;TREG 4;KALSELTENG;BATULICIN;KPL;migrate;24,00;CustomerAssign;bima_customerassign_date tersedia (durasi negatif di-clamp ke 0 = Comply);0,00;Comply
202605;TREG 5;SULBAGSEL;SITOR;RTP;migrate;24,00;CustomerAssign;bima_customerassign_date tersedia (durasi negatif di-clamp ke 0 = Comply);0,00;Comply
202605;TREG 3;JATIM BARAT;TULUNG AGUNG;TUL;migrate;24,00;CustomerAssign;bima_customerassign_date tersedia (durasi negatif di-clamp ke 0 = Comply);41,19;Not Comply
202605;TREG 2;JAKARTA INNER;JAKBAR;CKG;migrate;24,00;CustomerAssign;bima_customerassign_date tersedia (durasi negatif di-clamp ke 0 = Comply);0,00;Comply
202605;TREG 5;SULBAGSEL;MAMUJU;MAM;migrate;24,00;CustomerAssign;bima_customerassign_date tersedia (durasi negatif di-clamp ke 0 = Comply);0,00;Comply
202605;TREG 1;ACEH;MEULABOH;MBO;migrate;24,00;CustomerAssign;bima_customerassign_date tersedia (durasi negatif di-clamp ke 0 = Comply);43,43;Not Comply
202605;TREG 2;BEKASI KARAWANG;CIKARANG;BGG;migrate;24,00;CustomerAssign;bima_customerassign_date tersedia (durasi negatif di-clamp ke 0 = Comply);0,63;Comply
202605;TREG 5;SULBAGSEL;BANTAENG;BLK;migrate;24,00;CustomerAssign;bima_customerassign_date tersedia (durasi negatif di-clamp ke 0 = Comply);480,65;Not Comply
202605;TREG 5;SULBAGSEL;MAKASSAR;MAT;migrate;24,00;CustomerAssign;bima_customerassign_date tersedia (durasi negatif di-clamp ke 0 = Comply);96,68;Not Comply
202605;TREG 5;SULBAGSEL;SITOR;SID;migrate;24,00;CustomerAssign;bima_customerassign_date tersedia (durasi negatif di-clamp ke 0 = Comply);0,00;Comply
202605;TREG 2;BANTEN;LENGKONG;CUG;migrate;24,00;CustomerAssign;bima_customerassign_date tersedia (durasi negatif di-clamp ke 0 = Comply);0,00;Comply
202605;TREG 5;SULBAGSEL;PALOPO;PLP;migrate;24,00;CustomerAssign;bima_customerassign_date tersedia (durasi negatif di-clamp ke 0 = Comply);0,00;Comply
202605;TREG 2;BANDUNG;SOREANG;BJA;migrate;24,00;CustomerAssign;bima_customerassign_date tersedia (durasi negatif di-clamp ke 0 = Comply);0,79;Comply
202605;TREG 3;SOLO JATENG TIMUR;WONOGIRI;WNG;create;48,00;CustomerAssign;bima_customerassign_date tersedia (durasi negatif di-clamp ke 0 = Comply);1,27;Comply
202605;TREG 2;BEKASI KARAWANG;CIKARANG;TBL;migrate;24,00;CustomerAssign;bima_customerassign_date tersedia (durasi negatif di-clamp ke 0 = Comply);0,00;Comply
202605;TREG 3;YOGYA JATENG SELATAN;TEMANGGUNG;PRN;migrate;24,00;CustomerAssign;bima_customerassign_date tersedia (durasi negatif di-clamp ke 0 = Comply);116,78;Not Comply
202605;TREG 1;ACEH;ACEH;LBR;migrate;24,00;CustomerAssign;bima_customerassign_date tersedia (durasi negatif di-clamp ke 0 = Comply);68,88;Not Comply
202605;TREG 4;KALSELTENG;BATULICIN;STI;migrate;24,00;CustomerAssign;bima_customerassign_date tersedia (durasi negatif di-clamp ke 0 = Comply);0,00;Comply
202605;TREG 5;SULBAGSEL;KENDARI;MDG;create;48,00;CustomerAssign;bima_customerassign_date tersedia (durasi negatif di-clamp ke 0 = Comply);0,00;Comply
202605;TREG 4;KALSELTENG;TANJUNG TABALONG;AMT;migrate;24,00;CustomerAssign;bima_customerassign_date tersedia (durasi negatif di-clamp ke 0 = Comply);21,28;Comply
202605;TREG 4;KALBAR;SINGKAWANG;SNW;migrate;24,00;CustomerAssign;bima_customerassign_date tersedia (durasi negatif di-clamp ke 0 = Comply);48,41;Not Comply
202605;TREG 3;NUSA TENGGARA;NTT;KPN;migrate;24,00;CustomerAssign;bima_customerassign_date tersedia (durasi negatif di-clamp ke 0 = Comply);0,00;Comply
202605;TREG 2;JAKARTA OUTER;JAKSEL;JAG;migrate;24,00;CustomerAssign;bima_customerassign_date tersedia (durasi negatif di-clamp ke 0 = Comply);26,72;Not Comply
202605;TREG 2;BANDUNG;SUMEDANG;UBR;migrate;24,00;CustomerAssign;bima_customerassign_date tersedia (durasi negatif di-clamp ke 0 = Comply);0,00;Comply
202605;TREG 1;LAMPUNG BENGKULU;LAMPUNG;LKP;create;48,00;CustomerAssign;bima_customerassign_date tersedia (durasi negatif di-clamp ke 0 = Comply);0,00;Comply
202605;TREG 3;JATIM TIMUR;PANDAAN;PWS;migrate;24,00;CustomerAssign;bima_customerassign_date tersedia (durasi negatif di-clamp ke 0 = Comply);0,00;Comply
202605;TREG 4;KALSELTENG;BANJARBARU;BBR;migrate;24,00;CustomerAssign;bima_customerassign_date tersedia (durasi negatif di-clamp ke 0 = Comply);0,00;Comply
202605;TREG 4;KALSELTENG;BANJARBARU;BBR;migrate;24,00;CustomerAssign;bima_customerassign_date tersedia (durasi negatif di-clamp ke 0 = Comply);0,00;Comply
202605;TREG 5;SULBAGSEL;PALOPO;MAS;migrate;24,00;CustomerAssign;bima_customerassign_date tersedia (durasi negatif di-clamp ke 0 = Comply);0,00;Comply
202605;TREG 4;KALSELTENG;PANGKALAN BUN;PBU;migrate;24,00;CustomerAssign;bima_customerassign_date tersedia (durasi negatif di-clamp ke 0 = Comply);0,00;Comply
202605;TREG 1;LAMPUNG BENGKULU;BENGKULU;BNC;migrate;24,00;CustomerAssign;bima_customerassign_date tersedia (durasi negatif di-clamp ke 0 = Comply);0,00;Comply
202605;TREG 3;JATIM TIMUR;JEMBER;KLT;migrate;24,00;CustomerAssign;bima_customerassign_date tersedia (durasi negatif di-clamp ke 0 = Comply);142,35;Not Comply
202605;TREG 3;JATIM BARAT;BOJONEGORO;BJN;migrate;24,00;CustomerAssign;bima_customerassign_date tersedia (durasi negatif di-clamp ke 0 = Comply);3,38;Comply
202605;TREG 3;SURAMADU;SURABAYA UTARA;KNN;create;48,00;CustomerAssign;bima_customerassign_date tersedia (durasi negatif di-clamp ke 0 = Comply);51,63;Not Comply
202605;TREG 4;KALTIMTARA;BONTANG;STT;migrate;24,00;CustomerAssign;bima_customerassign_date tersedia (durasi negatif di-clamp ke 0 = Comply);3,69;Comply
202605;TREG 5;SULBAGSEL;MAROS;SUD;create;48,00;CustomerAssign;bima_customerassign_date tersedia (durasi negatif di-clamp ke 0 = Comply);0,00;Comply
202605;TREG 3;SURAMADU;SURABAYA SELATAN;WRU;create;48,00;CustomerAssign;bima_customerassign_date tersedia (durasi negatif di-clamp ke 0 = Comply);0,00;Comply
202605;TREG 2;BANDUNG;BANDUNG BARAT;RJW;migrate;24,00;CustomerAssign;bima_customerassign_date tersedia (durasi negatif di-clamp ke 0 = Comply);0,00;Comply
202605;TREG 1;LAMPUNG BENGKULU;PRINGSEWU;PRW;migrate;24,00;CustomerAssign;bima_customerassign_date tersedia (durasi negatif di-clamp ke 0 = Comply);23,04;Comply
202605;TREG 3;JATIM BARAT;NGANJUK;NJK;migrate;24,00;CustomerAssign;bima_customerassign_date tersedia (durasi negatif di-clamp ke 0 = Comply);0,00;Comply
202605;TREG 4;KALSELTENG;TANJUNG TABALONG;TJL;migrate;24,00;CustomerAssign;bima_customerassign_date tersedia (durasi negatif di-clamp ke 0 = Comply);0,00;Comply
202605;TREG 4;KALSELTENG;TANJUNG TABALONG;TJL;migrate;24,00;CustomerAssign;bima_customerassign_date tersedia (durasi negatif di-clamp ke 0 = Comply);0,00;Comply
202605;TREG 1;RIAU;INDRAGIRI;TAK;migrate;24,00;CustomerAssign;bima_customerassign_date tersedia (durasi negatif di-clamp ke 0 = Comply);309,48;Not Comply
202605;TREG 2;BANDUNG;SUMEDANG;CJA;create;48,00;CustomerAssign;bima_customerassign_date tersedia (durasi negatif di-clamp ke 0 = Comply);0,00;Comply
202605;TREG 4;KALTIMTARA;SAMARINDA;SMR;create;48,00;CustomerAssign;bima_customerassign_date tersedia (durasi negatif di-clamp ke 0 = Comply);0,00;Comply
202605;TREG 1;RIAU;RIDAR;PBB;migrate;24,00;CustomerAssign;bima_customerassign_date tersedia (durasi negatif di-clamp ke 0 = Comply);4,96;Comply
202605;TREG 4;KALSELTENG;BATULICIN;KPL;migrate;24,00;CustomerAssign;bima_customerassign_date tersedia (durasi negatif di-clamp ke 0 = Comply);0,00;Comply
202605;TREG 3;SURAMADU;SURABAYA UTARA;KBL;create;48,00;CustomerAssign;bima_customerassign_date tersedia (durasi negatif di-clamp ke 0 = Comply);0,00;Comply
202605;TREG 2;JAKARTA OUTER;JAKTIM;JTN;migrate;24,00;CustomerAssign;bima_customerassign_date tersedia (durasi negatif di-clamp ke 0 = Comply);0,00;Comply
202605;TREG 4;KALTIMTARA;BONTANG;BOT;migrate;24,00;CustomerAssign;bima_customerassign_date tersedia (durasi negatif di-clamp ke 0 = Comply);0,00;Comply
202605;TREG 4;KALSELTENG;MUARA TEWEH;BNT;migrate;24,00;CustomerAssign;bima_customerassign_date tersedia (durasi negatif di-clamp ke 0 = Comply);0,00;Comply
202605;TREG 4;KALSELTENG;PALANGKARAYA;PLK;migrate;24,00;CustomerAssign;bima_customerassign_date tersedia (durasi negatif di-clamp ke 0 = Comply);125,72;Not Comply
202605;TREG 4;KALSELTENG;BANJARBARU;BBR;migrate;24,00;CustomerAssign;bima_customerassign_date tersedia (durasi negatif di-clamp ke 0 = Comply);5,96;Comply
202605;TREG 4;BALIKPAPAN;BALIKPAPAN;GSA;migrate;24,00;CustomerAssign;bima_customerassign_date tersedia (durasi negatif di-clamp ke 0 = Comply);0,98;Comply
202605;TREG 1;SUMUT;MEDAN;SKI;create;48,00;CustomerAssign;bima_customerassign_date tersedia (durasi negatif di-clamp ke 0 = Comply);0,00;Comply
202605;TREG 3;JATIM BARAT;MALANG;BLB;migrate;24,00;CustomerAssign;bima_customerassign_date tersedia (durasi negatif di-clamp ke 0 = Comply);0,00;Comply
202605;TREG 3;SEMARANG JATENG UTARA;KENDAL;KDL;migrate;24,00;CustomerAssign;bima_customerassign_date tersedia (durasi negatif di-clamp ke 0 = Comply);0,00;Comply
202605;TREG 2;PRIANGAN BARAT;KUJANG;SPL;migrate;24,00;CustomerAssign;bima_customerassign_date tersedia (durasi negatif di-clamp ke 0 = Comply);198,27;Not Comply
202605;TREG 4;KALTIMTARA;SAMARINDA;SMR;create;48,00;CustomerAssign;bima_customerassign_date tersedia (durasi negatif di-clamp ke 0 = Comply);0,00;Comply
202605;TREG 1;RIAU;BANGKINANG;BKN;migrate;24,00;CustomerAssign;bima_customerassign_date tersedia (durasi negatif di-clamp ke 0 = Comply);0,00;Comply
202605;TREG 2;PRIANGAN BARAT;KUJANG;CPS;create;48,00;CustomerAssign;bima_customerassign_date tersedia (durasi negatif di-clamp ke 0 = Comply);0,00;Comply
202605;TREG 2;PRIANGAN BARAT;CIBINONG;CBI;create;48,00;CustomerAssign;bima_customerassign_date tersedia (durasi negatif di-clamp ke 0 = Comply);6,47;Comply
202605;TREG 3;YOGYA JATENG SELATAN;CILACAP;CLC;create;48,00;CustomerAssign;bima_customerassign_date tersedia (durasi negatif di-clamp ke 0 = Comply);670,59;Not Comply
202605;TREG 1;SUMUT;MEDAN;SKI;migrate;24,00;CustomerAssign;bima_customerassign_date tersedia (durasi negatif di-clamp ke 0 = Comply);23,60;Comply
202605;TREG 1;RIAU;RIDAR;PBB;migrate;24,00;CustomerAssign;bima_customerassign_date tersedia (durasi negatif di-clamp ke 0 = Comply);0,00;Comply
202605;TREG 2;BANTEN;PASAR BARU;CPD;migrate;24,00;CustomerAssign;bima_customerassign_date tersedia (durasi negatif di-clamp ke 0 = Comply);0,00;Comply
202605;TREG 2;PRIANGAN BARAT;CIBINONG;TJH;migrate;24,00;CustomerAssign;bima_customerassign_date tersedia (durasi negatif di-clamp ke 0 = Comply);49,80;Not Comply
202605;TREG 2;PRIANGAN TIMUR;INDRAMAYU;IMY;migrate;24,00;CustomerAssign;bima_customerassign_date tersedia (durasi negatif di-clamp ke 0 = Comply);246,88;Not Comply
202605;TREG 3;JATIM TIMUR;TANGGUL;BUG;migrate;24,00;CustomerAssign;bima_customerassign_date tersedia (durasi negatif di-clamp ke 0 = Comply);25,88;Not Comply
202605;TREG 3;JATIM BARAT;BLITAR;WGI;migrate;24,00;CustomerAssign;bima_customerassign_date tersedia (durasi negatif di-clamp ke 0 = Comply);71,97;Not Comply
202605;TREG 3;SURAMADU;SURABAYA SELATAN;JGR;create;48,00;CustomerAssign;bima_customerassign_date tersedia (durasi negatif di-clamp ke 0 = Comply);0,04;Comply
202605;TREG 3;YOGYA JATENG SELATAN;MAGELANG;MGE;migrate;24,00;CustomerAssign;bima_customerassign_date tersedia (durasi negatif di-clamp ke 0 = Comply);0,00;Comply
202605;TREG 3;YOGYA JATENG SELATAN;SLEMAN;PKM;migrate;24,00;CustomerAssign;bima_customerassign_date tersedia (durasi negatif di-clamp ke 0 = Comply);127,21;Not Comply
202605;TREG 4;KALTIMTARA;SAMARINDA;PAA;migrate;24,00;CustomerAssign;bima_customerassign_date tersedia (durasi negatif di-clamp ke 0 = Comply);0,00;Comply
202605;TREG 2;JAKARTA OUTER;JAKTIM;KLD;migrate;24,00;CustomerAssign;bima_customerassign_date tersedia (durasi negatif di-clamp ke 0 = Comply);2,28;Comply
202605;TREG 2;BANTEN;CIPUTAT;PKU;create;48,00;CustomerAssign;bima_customerassign_date tersedia (durasi negatif di-clamp ke 0 = Comply);0,00;Comply
202605;TREG 2;JAKARTA CENTRUM;JAKUT;KLG;migrate;24,00;CustomerAssign;bima_customerassign_date tersedia (durasi negatif di-clamp ke 0 = Comply);0,00;Comply
202605;TREG 2;BEKASI KARAWANG;CIKARANG;CIB;migrate;24,00;CustomerAssign;bima_customerassign_date tersedia (durasi negatif di-clamp ke 0 = Comply);0,00;Comply
202605;TREG 1;RIAU;DUMAI;DUM;migrate;24,00;CustomerAssign;bima_customerassign_date tersedia (durasi negatif di-clamp ke 0 = Comply);48,57;Not Comply
202605;TREG 2;BANTEN;CILEGON;MER;create;48,00;CustomerAssign;bima_customerassign_date tersedia (durasi negatif di-clamp ke 0 = Comply);0,60;Comply
202605;TREG 3;SOLO JATENG TIMUR;KLATEN;BYL;migrate;24,00;CustomerAssign;bima_customerassign_date tersedia (durasi negatif di-clamp ke 0 = Comply);0,00;Comply
202605;TREG 4;KALTIMTARA;SAMARINDA;TMD;create;48,00;CustomerAssign;bima_customerassign_date tersedia (durasi negatif di-clamp ke 0 = Comply);2,80;Comply
202605;TREG 3;JATIM BARAT;KEDIRI;KDI;migrate;24,00;CustomerAssign;bima_customerassign_date tersedia (durasi negatif di-clamp ke 0 = Comply);2,88;Comply
202605;TREG 3;SURAMADU;SURABAYA UTARA;TNS;create;48,00;CustomerAssign;bima_customerassign_date tersedia (durasi negatif di-clamp ke 0 = Comply);0,00;Comply
202605;TREG 4;BALIKPAPAN;BALIKPAPAN;BRU;create;48,00;CustomerAssign;bima_customerassign_date tersedia (durasi negatif di-clamp ke 0 = Comply);2,91;Comply
202605;TREG 3;JATIM BARAT;NGANJUK;NJK;migrate;24,00;CustomerAssign;bima_customerassign_date tersedia (durasi negatif di-clamp ke 0 = Comply);0,00;Comply
202605;TREG 3;JATIM BARAT;NGANJUK;PRB;migrate;24,00;CustomerAssign;bima_customerassign_date tersedia (durasi negatif di-clamp ke 0 = Comply);24,94;Not Comply
202605;TREG 4;KALSELTENG;BATULICIN;BLC;migrate;24,00;CustomerAssign;bima_customerassign_date tersedia (durasi negatif di-clamp ke 0 = Comply);0,00;Comply
202605;TREG 3;SOLO JATENG TIMUR;SOLO;KRT;migrate;24,00;CustomerAssign;bima_customerassign_date tersedia (durasi negatif di-clamp ke 0 = Comply);0,00;Comply
202605;TREG 4;KALTIMTARA;BONTANG;STT;migrate;24,00;CustomerAssign;bima_customerassign_date tersedia (durasi negatif di-clamp ke 0 = Comply);0,00;Comply
202605;TREG 1;RIAU;BANGKINANG;ARK;migrate;24,00;CustomerAssign;bima_customerassign_date tersedia (durasi negatif di-clamp ke 0 = Comply);28,16;Not Comply
202605;TREG 1;RIAU;RIDAR;BKR;create;48,00;CustomerAssign;bima_customerassign_date tersedia (durasi negatif di-clamp ke 0 = Comply);0,00;Comply
202605;TREG 1;RIAU;TANJUNGBALAI KARIMUN;TBK;migrate;24,00;CustomerAssign;bima_customerassign_date tersedia (durasi negatif di-clamp ke 0 = Comply);0,00;Comply
202605;TREG 3;YOGYA JATENG SELATAN;CILACAP;GML;migrate;24,00;CustomerAssign;bima_customerassign_date tersedia (durasi negatif di-clamp ke 0 = Comply);0,00;Comply
202605;TREG 2;BANDUNG;SUMEDANG;UBR;create;48,00;CustomerAssign;bima_customerassign_date tersedia (durasi negatif di-clamp ke 0 = Comply);0,00;Comply
202605;TREG 2;BANTEN;CILEGON;SAM;create;48,00;CustomerAssign;bima_customerassign_date tersedia (durasi negatif di-clamp ke 0 = Comply);25,20;Comply
202605;TREG 1;SUMBAR JAMBI;JAMBI;KOA;create;48,00;CustomerAssign;bima_customerassign_date tersedia (durasi negatif di-clamp ke 0 = Comply);32,21;Comply
202605;TREG 3;BALI;DENPASAR UTARA;MMN;migrate;24,00;CustomerAssign;bima_customerassign_date tersedia (durasi negatif di-clamp ke 0 = Comply);963,23;Not Comply
202605;TREG 3;SOLO JATENG TIMUR;KLATEN;KLX;migrate;24,00;CustomerAssign;bima_customerassign_date tersedia (durasi negatif di-clamp ke 0 = Comply);0,00;Comply
202605;TREG 5;SULBAGSEL;GOWA;SUG;create;48,00;CustomerAssign;bima_customerassign_date tersedia (durasi negatif di-clamp ke 0 = Comply);0,00;Comply
202605;TREG 2;JAKARTA OUTER;JAKSEL;KBY;create;48,00;CustomerAssign;bima_customerassign_date tersedia (durasi negatif di-clamp ke 0 = Comply);1,34;Comply
202605;TREG 2;PRIANGAN TIMUR;CIAMIS;CMS;migrate;24,00;CustomerAssign;bima_customerassign_date tersedia (durasi negatif di-clamp ke 0 = Comply);73,49;Not Comply
202605;TREG 3;YOGYA JATENG SELATAN;CILACAP;CLC;migrate;24,00;CustomerAssign;bima_customerassign_date tersedia (durasi negatif di-clamp ke 0 = Comply);0,00;Comply
202605;TREG 1;RIAU;TANJUNG PINANG;RAI;migrate;24,00;CustomerAssign;bima_customerassign_date tersedia (durasi negatif di-clamp ke 0 = Comply);25,51;Not Comply
202605;TREG 1;RIAU;BANGKINANG;ARK;migrate;24,00;CustomerAssign;bima_customerassign_date tersedia (durasi negatif di-clamp ke 0 = Comply);102,59;Not Comply
202605;TREG 2;PRIANGAN TIMUR;TASIKMALAYA;TSM;migrate;24,00;CustomerAssign;bima_customerassign_date tersedia (durasi negatif di-clamp ke 0 = Comply);32,63;Not Comply
202605;TREG 2;JAKARTA OUTER;JAKSEL;KBY;migrate;24,00;CustomerAssign;bima_customerassign_date tersedia (durasi negatif di-clamp ke 0 = Comply);0,00;Comply
202605;TREG 4;KALTIMTARA;TARAKAN;TRK;migrate;24,00;CustomerAssign;bima_customerassign_date tersedia (durasi negatif di-clamp ke 0 = Comply);0,00;Comply
202605;TREG 4;KALSELTENG;BANJARBARU;BBR;migrate;24,00;CustomerAssign;bima_customerassign_date tersedia (durasi negatif di-clamp ke 0 = Comply);0,00;Comply
202605;TREG 3;JATIM TIMUR;MOJOKERTO;MRT;migrate;24,00;CustomerAssign;bima_customerassign_date tersedia (durasi negatif di-clamp ke 0 = Comply);0,00;Comply
202605;TREG 3;SURAMADU;SURABAYA UTARA;TNS;create;48,00;CustomerAssign;bima_customerassign_date tersedia (durasi negatif di-clamp ke 0 = Comply);0,00;Comply
202605;TREG 1;SUMBAR JAMBI;SUMBAR;PRS;migrate;24,00;CustomerAssign;bima_customerassign_date tersedia (durasi negatif di-clamp ke 0 = Comply);0,00;Comply
202605;TREG 4;KALSELTENG;BANJARMASIN;ULI;create;48,00;CustomerAssign;bima_customerassign_date tersedia (durasi negatif di-clamp ke 0 = Comply);4,12;Comply
202605;TREG 2;BANTEN;CIKUPA;CSK;create;48,00;CustomerAssign;bima_customerassign_date tersedia (durasi negatif di-clamp ke 0 = Comply);50,13;Not Comply
202605;TREG 1;ACEH;ACEH;SGI;migrate;24,00;CustomerAssign;bima_customerassign_date tersedia (durasi negatif di-clamp ke 0 = Comply);0,00;Comply
202605;TREG 2;BANTEN;CIPUTAT;CPA;create;48,00;CustomerAssign;bima_customerassign_date tersedia (durasi negatif di-clamp ke 0 = Comply);9,27;Comply
202605;TREG 1;SUMBAR JAMBI;JAMBI;JMB;migrate;24,00;CustomerAssign;bima_customerassign_date tersedia (durasi negatif di-clamp ke 0 = Comply);0,00;Comply
202605;TREG 1;SUMUT;MEDAN;SKI;create;48,00;CustomerAssign;bima_customerassign_date tersedia (durasi negatif di-clamp ke 0 = Comply);2,46;Comply
202605;TREG 3;JATIM BARAT;BOJONEGORO;BJN;migrate;24,00;CustomerAssign;bima_customerassign_date tersedia (durasi negatif di-clamp ke 0 = Comply);0,00;Comply
202605;TREG 2;JAKARTA OUTER;JAKTIM;CWA;migrate;24,00;CustomerAssign;bima_customerassign_date tersedia (durasi negatif di-clamp ke 0 = Comply);2,55;Comply
202605;TREG 3;JATIM BARAT;MALANG;BLB;create;48,00;CustomerAssign;bima_customerassign_date tersedia (durasi negatif di-clamp ke 0 = Comply);0,00;Comply
202605;TREG 5;SULBAGSEL;MAKASSAR;BAL;create;48,00;CustomerAssign;bima_customerassign_date tersedia (durasi negatif di-clamp ke 0 = Comply);0,00;Comply
202605;TREG 3;JATIM TIMUR;JEMBER;KBS;create;48,00;CustomerAssign;bima_customerassign_date tersedia (durasi negatif di-clamp ke 0 = Comply);0,00;Comply
202605;TREG 2;PRIANGAN BARAT;CIBINONG;GPI;migrate;24,00;CustomerAssign;bima_customerassign_date tersedia (durasi negatif di-clamp ke 0 = Comply);2,82;Comply
202605;TREG 1;RIAU;RIKEP;SLU;migrate;24,00;CustomerAssign;bima_customerassign_date tersedia (durasi negatif di-clamp ke 0 = Comply);0,00;Comply
202605;TREG 2;PRIANGAN BARAT;DEPOK;SKJ;migrate;24,00;CustomerAssign;bima_customerassign_date tersedia (durasi negatif di-clamp ke 0 = Comply);2,89;Comply
202605;TREG 3;SURAMADU;SURABAYA SELATAN;MYR;migrate;24,00;CustomerAssign;bima_customerassign_date tersedia (durasi negatif di-clamp ke 0 = Comply);0,00;Comply
202605;TREG 1;SUMUT;MEDAN;CTD;migrate;24,00;CustomerAssign;bima_customerassign_date tersedia (durasi negatif di-clamp ke 0 = Comply);3,05;Comply
202605;TREG 3;SEMARANG JATENG UTARA;BATANG;BTG;migrate;24,00;CustomerAssign;bima_customerassign_date tersedia (durasi negatif di-clamp ke 0 = Comply);10,05;Comply
202605;TREG 1;SUMUT;MEDAN;CTD;migrate;24,00;CustomerAssign;bima_customerassign_date tersedia (durasi negatif di-clamp ke 0 = Comply);0,00;Comply
202605;TREG 2;JAKARTA OUTER;JAKSEL;BIN;migrate;24,00;CustomerAssign;bima_customerassign_date tersedia (durasi negatif di-clamp ke 0 = Comply);0,00;Comply
202605;TREG 3;YOGYA JATENG SELATAN;YOGYAKARTA;KEN;migrate;24,00;CustomerAssign;bima_customerassign_date tersedia (durasi negatif di-clamp ke 0 = Comply);53,17;Not Comply
202605;TREG 2;BEKASI KARAWANG;BEKASI;PDE;create;48,00;CustomerAssign;bima_customerassign_date tersedia (durasi negatif di-clamp ke 0 = Comply);5,25;Comply
202605;TREG 2;JAKARTA INNER;JAKBAR;KSB;create;48,00;CustomerAssign;bima_customerassign_date tersedia (durasi negatif di-clamp ke 0 = Comply);3,27;Comply
202605;TREG 2;BANDUNG;BANDUNG;BDK;create;48,00;CustomerAssign;bima_customerassign_date tersedia (durasi negatif di-clamp ke 0 = Comply);0,00;Comply
202605;TREG 2;PRIANGAN BARAT;KUJANG;BOO;migrate;24,00;CustomerAssign;bima_customerassign_date tersedia (durasi negatif di-clamp ke 0 = Comply);148,29;Not Comply
202605;TREG 5;SULBAGSEL;PARE-PARE;PRE;migrate;24,00;CustomerAssign;bima_customerassign_date tersedia (durasi negatif di-clamp ke 0 = Comply);0,00;Comply
202605;TREG 4;KALTIMTARA;BULUNGAN BERAU;TSL;migrate;24,00;CustomerAssign;bima_customerassign_date tersedia (durasi negatif di-clamp ke 0 = Comply);0,00;Comply
202605;TREG 4;KALTIMTARA;BULUNGAN BERAU;TBY;migrate;24,00;CustomerAssign;bima_customerassign_date tersedia (durasi negatif di-clamp ke 0 = Comply);0,00;Comply
202605;TREG 3;JATIM BARAT;BLITAR;BLR;migrate;24,00;CustomerAssign;bima_customerassign_date tersedia (durasi negatif di-clamp ke 0 = Comply);3,44;Comply
202605;TREG 2;BANDUNG;PADALARANG;PDL;migrate;24,00;CustomerAssign;bima_customerassign_date tersedia (durasi negatif di-clamp ke 0 = Comply);34,58;Not Comply
202605;TREG 3;BALI;DENPASAR UTARA;MMN;create;48,00;CustomerAssign;bima_customerassign_date tersedia (durasi negatif di-clamp ke 0 = Comply);0,00;Comply
202605;TREG 2;JAKARTA INNER;JAKBAR;SLP;migrate;24,00;CustomerAssign;bima_customerassign_date tersedia (durasi negatif di-clamp ke 0 = Comply);10,65;Comply
202605;TREG 3;SURAMADU;SURABAYA SELATAN;RKT;migrate;24,00;CustomerAssign;bima_customerassign_date tersedia (durasi negatif di-clamp ke 0 = Comply);0,00;Comply
202605;TREG 2;BANTEN;CIPUTAT;CPA;migrate;24,00;CustomerAssign;bima_customerassign_date tersedia (durasi negatif di-clamp ke 0 = Comply);0,00;Comply
202605;TREG 2;PRIANGAN BARAT;KUJANG;PAR;migrate;24,00;CustomerAssign;bima_customerassign_date tersedia (durasi negatif di-clamp ke 0 = Comply);53,91;Not Comply
202605;TREG 4;BALIKPAPAN;TANAHGROGOT;TNG;migrate;24,00;CustomerAssign;bima_customerassign_date tersedia (durasi negatif di-clamp ke 0 = Comply);0,00;Comply
202605;TREG 4;KALBAR;PONTIANAK;PTK;migrate;24,00;CustomerAssign;bima_customerassign_date tersedia (durasi negatif di-clamp ke 0 = Comply);2,98;Comply
202605;TREG 2;BEKASI KARAWANG;PURWAKARTA;PWK;migrate;24,00;CustomerAssign;bima_customerassign_date tersedia (durasi negatif di-clamp ke 0 = Comply);0,00;Comply
202605;TREG 2;BANDUNG;SOREANG;BJA;migrate;24,00;CustomerAssign;bima_customerassign_date tersedia (durasi negatif di-clamp ke 0 = Comply);11,07;Comply
202605;TREG 2;BEKASI KARAWANG;PURWAKARTA;PWK;migrate;24,00;CustomerAssign;bima_customerassign_date tersedia (durasi negatif di-clamp ke 0 = Comply);0,00;Comply
202605;TREG 1;RIAU;RIKEP;PNI;create;48,00;CustomerAssign;bima_customerassign_date tersedia (durasi negatif di-clamp ke 0 = Comply);11,15;Comply
202605;TREG 3;JATIM TIMUR;PROBOLINGGO;PBL;migrate;24,00;CustomerAssign;bima_customerassign_date tersedia (durasi negatif di-clamp ke 0 = Comply);0,00;Comply
202605;TREG 5;SULBAGSEL;BONE;SIN;migrate;24,00;CustomerAssign;bima_customerassign_date tersedia (durasi negatif di-clamp ke 0 = Comply);342,24;Not Comply
202605;TREG 5;SULBAGSEL;GOWA;SUG;create;48,00;CustomerAssign;bima_customerassign_date tersedia (durasi negatif di-clamp ke 0 = Comply);0,00;Comply
202605;TREG 2;PRIANGAN TIMUR;CIREBON;AWN;migrate;24,00;CustomerAssign;bima_customerassign_date tersedia (durasi negatif di-clamp ke 0 = Comply);0,00;Comply
202605;TREG 5;SULBAGTENG;POSO;APN;migrate;24,00;CustomerAssign;bima_customerassign_date tersedia (durasi negatif di-clamp ke 0 = Comply);59,30;Not Comply
202605;TREG 4;KALSELTENG;BATULICIN;PLE;migrate;24,00;CustomerAssign;bima_customerassign_date tersedia (durasi negatif di-clamp ke 0 = Comply);678,32;Not Comply
202605;TREG 2;PRIANGAN TIMUR;MAJALENGKA;CKI;migrate;24,00;CustomerAssign;bima_customerassign_date tersedia (durasi negatif di-clamp ke 0 = Comply);0,00;Comply
202605;TREG 4;KALSELTENG;BANJARMASIN;ULI;migrate;24,00;CustomerAssign;bima_customerassign_date tersedia (durasi negatif di-clamp ke 0 = Comply);0,00;Comply
202605;TREG 2;JAKARTA CENTRUM;JAKUT;MKR;migrate;24,00;CustomerAssign;bima_customerassign_date tersedia (durasi negatif di-clamp ke 0 = Comply);4,47;Comply
202605;TREG 5;SULBAGSEL;MAKASSAR;TMA;migrate;24,00;CustomerAssign;bima_customerassign_date tersedia (durasi negatif di-clamp ke 0 = Comply);0,00;Comply
202605;TREG 4;KALSELTENG;BATULICIN;STI;migrate;24,00;CustomerAssign;bima_customerassign_date tersedia (durasi negatif di-clamp ke 0 = Comply);0,00;Comply
202605;TREG 4;KALSELTENG;BANJARMASIN;GMB;migrate;24,00;CustomerAssign;bima_customerassign_date tersedia (durasi negatif di-clamp ke 0 = Comply);0,00;Comply
202605;TREG 4;KALSELTENG;BATULICIN;BLC;migrate;24,00;CustomerAssign;bima_customerassign_date tersedia (durasi negatif di-clamp ke 0 = Comply);35,62;Not Comply
202605;TREG 4;BALIKPAPAN;BALIKPAPAN;GSA;migrate;24,00;CustomerAssign;bima_customerassign_date tersedia (durasi negatif di-clamp ke 0 = Comply);4,63;Comply
202605;TREG 4;BALIKPAPAN;BALIKPAPAN;GSA;migrate;24,00;CustomerAssign;bima_customerassign_date tersedia (durasi negatif di-clamp ke 0 = Comply);0,00;Comply
202605;TREG 1;RIAU;RIKEP;BTC;create;48,00;CustomerAssign;bima_customerassign_date tersedia (durasi negatif di-clamp ke 0 = Comply);0,00;Comply
202605;TREG 4;KALSELTENG;BATULICIN;KPL;migrate;24,00;CustomerAssign;bima_customerassign_date tersedia (durasi negatif di-clamp ke 0 = Comply);54,79;Not Comply
202605;TREG 3;SURAMADU;SURABAYA SELATAN;DMO;migrate;24,00;CustomerAssign;bima_customerassign_date tersedia (durasi negatif di-clamp ke 0 = Comply);0,00;Comply
202605;TREG 1;SUMBAR JAMBI;BUKIT TINGGI;PYK;create;48,00;CustomerAssign;bima_customerassign_date tersedia (durasi negatif di-clamp ke 0 = Comply);0,00;Comply
202605;TREG 1;RIAU;RIKEP;BTC;migrate;24,00;CustomerAssign;bima_customerassign_date tersedia (durasi negatif di-clamp ke 0 = Comply);0,00;Comply
202605;TREG 2;JAKARTA CENTRUM;JAKUT;MKR;migrate;24,00;CustomerAssign;bima_customerassign_date tersedia (durasi negatif di-clamp ke 0 = Comply);5,09;Comply
202605;TREG 2;BEKASI KARAWANG;BEKASI;KLB;migrate;24,00;CustomerAssign;bima_customerassign_date tersedia (durasi negatif di-clamp ke 0 = Comply);0,00;Comply
202605;TREG 1;RIAU;RIDAR;PBB;migrate;24,00;CustomerAssign;bima_customerassign_date tersedia (durasi negatif di-clamp ke 0 = Comply);0,00;Comply
202605;TREG 3;JATIM TIMUR;SIDOARJO;SDA;migrate;24,00;CustomerAssign;bima_customerassign_date tersedia (durasi negatif di-clamp ke 0 = Comply);0,00;Comply
202605;TREG 3;SEMARANG JATENG UTARA;PEKALONGAN;PKL;migrate;24,00;CustomerAssign;bima_customerassign_date tersedia (durasi negatif di-clamp ke 0 = Comply);180,30;Not Comply
202605;TREG 2;JAKARTA OUTER;JAKTIM;JTN;migrate;24,00;CustomerAssign;bima_customerassign_date tersedia (durasi negatif di-clamp ke 0 = Comply);125,32;Not Comply
202605;TREG 3;SURAMADU;SURABAYA UTARA;TNS;migrate;24,00;CustomerAssign;bima_customerassign_date tersedia (durasi negatif di-clamp ke 0 = Comply);0,00;Comply
202605;TREG 2;JAKARTA INNER;JAKBAR;CKG;migrate;24,00;CustomerAssign;bima_customerassign_date tersedia (durasi negatif di-clamp ke 0 = Comply);0,00;Comply
202605;TREG 1;RIAU;RIDAR;PBB;create;48,00;CustomerAssign;bima_customerassign_date tersedia (durasi negatif di-clamp ke 0 = Comply);0,00;Comply
202605;TREG 1;SUMBAR JAMBI;BUKIT TINGGI;PYK;migrate;24,00;CustomerAssign;bima_customerassign_date tersedia (durasi negatif di-clamp ke 0 = Comply);0,00;Comply
202605;TREG 2;JAKARTA CENTRUM;JAKUT;TPR;migrate;24,00;CustomerAssign;bima_customerassign_date tersedia (durasi negatif di-clamp ke 0 = Comply);0,00;Comply
202605;TREG 2;BANDUNG;SOREANG;RCK;migrate;24,00;CustomerAssign;bima_customerassign_date tersedia (durasi negatif di-clamp ke 0 = Comply);12,84;Comply
202605;TREG 3;JATIM BARAT;MALANG;KLJ;migrate;24,00;CustomerAssign;bima_customerassign_date tersedia (durasi negatif di-clamp ke 0 = Comply);0,00;Comply
202605;TREG 2;JAKARTA OUTER;JAKSEL;TBE;migrate;24,00;CustomerAssign;bima_customerassign_date tersedia (durasi negatif di-clamp ke 0 = Comply);5,90;Comply
202605;TREG 3;BALI;DENPASAR UTARA;UBN;migrate;24,00;CustomerAssign;bima_customerassign_date tersedia (durasi negatif di-clamp ke 0 = Comply);29,91;Not Comply
202605;TREG 3;SURAMADU;SURABAYA UTARA;BBE;create;48,00;CustomerAssign;bima_customerassign_date tersedia (durasi negatif di-clamp ke 0 = Comply);31,93;Comply
202605;TREG 1;RIAU;BANGKINANG;RBI;create;48,00;CustomerAssign;bima_customerassign_date tersedia (durasi negatif di-clamp ke 0 = Comply);60,94;Not Comply
202605;TREG 2;JAKARTA OUTER;JAKSEL;BIN;migrate;24,00;CustomerAssign;bima_customerassign_date tersedia (durasi negatif di-clamp ke 0 = Comply);0,00;Comply
202605;TREG 3;SURAMADU;SURABAYA SELATAN;DMO;migrate;24,00;CustomerAssign;bima_customerassign_date tersedia (durasi negatif di-clamp ke 0 = Comply);0,00;Comply
202605;TREG 2;BANTEN;LENGKONG;SRP;migrate;24,00;CustomerAssign;bima_customerassign_date tersedia (durasi negatif di-clamp ke 0 = Comply);0,00;Comply
202605;TREG 5;SULBAGSEL;SITOR;SKG;migrate;24,00;CustomerAssign;bima_customerassign_date tersedia (durasi negatif di-clamp ke 0 = Comply);30,25;Not Comply
202605;TREG 2;BANDUNG;SUMEDANG;UBR;migrate;24,00;CustomerAssign;bima_customerassign_date tersedia (durasi negatif di-clamp ke 0 = Comply);0,00;Comply
202605;TREG 2;BANTEN;LENGKONG;SRP;create;48,00;CustomerAssign;bima_customerassign_date tersedia (durasi negatif di-clamp ke 0 = Comply);13,66;Comply
202605;TREG 2;JAKARTA OUTER;JAKTIM;KRG;migrate;24,00;CustomerAssign;bima_customerassign_date tersedia (durasi negatif di-clamp ke 0 = Comply);14,09;Comply
202605;TREG 1;ACEH;LHOKSEUMAWE;BIR;migrate;24,00;CustomerAssign;bima_customerassign_date tersedia (durasi negatif di-clamp ke 0 = Comply);295,50;Not Comply
202605;TREG 1;RIAU;DUMAI;DRI;migrate;24,00;CustomerAssign;bima_customerassign_date tersedia (durasi negatif di-clamp ke 0 = Comply);57,60;Not Comply
202605;TREG 1;RIAU;RIDAR;PBB;migrate;24,00;CustomerAssign;bima_customerassign_date tersedia (durasi negatif di-clamp ke 0 = Comply);0,00;Comply
202605;TREG 3;JATIM TIMUR;JEMBER;JER;migrate;24,00;CustomerAssign;bima_customerassign_date tersedia (durasi negatif di-clamp ke 0 = Comply);31,81;Not Comply
202605;TREG 1;SUMBAR JAMBI;BUKIT TINGGI;BKT;migrate;24,00;CustomerAssign;bima_customerassign_date tersedia (durasi negatif di-clamp ke 0 = Comply);10,06;Comply
202605;TREG 5;SULBAGTENG;GORONTALO;GTL;migrate;24,00;CustomerAssign;bima_customerassign_date tersedia (durasi negatif di-clamp ke 0 = Comply);0,00;Comply
202605;TREG 4;KALTIMTARA;BULUNGAN BERAU;TSL;migrate;24,00;CustomerAssign;bima_customerassign_date tersedia (durasi negatif di-clamp ke 0 = Comply);0,00;Comply
202605;TREG 2;BANDUNG;SOREANG;CCL;migrate;24,00;CustomerAssign;bima_customerassign_date tersedia (durasi negatif di-clamp ke 0 = Comply);19,56;Comply
202605;TREG 1;SUMBAGSEL;BABEL;JBS;migrate;24,00;CustomerAssign;bima_customerassign_date tersedia (durasi negatif di-clamp ke 0 = Comply);283,62;Not Comply
202605;TREG 3;SURAMADU;BANGKALAN;KML;migrate;24,00;CustomerAssign;bima_customerassign_date tersedia (durasi negatif di-clamp ke 0 = Comply);0,00;Comply
202605;TREG 5;SULBAGTENG;PALU;PLB;migrate;24,00;CustomerAssign;bima_customerassign_date tersedia (durasi negatif di-clamp ke 0 = Comply);17,98;Comply
202605;TREG 3;SURAMADU;LAMONGAN;LMG;migrate;24,00;CustomerAssign;bima_customerassign_date tersedia (durasi negatif di-clamp ke 0 = Comply);0,00;Comply
202605;TREG 2;PRIANGAN TIMUR;GARUT;GRU;migrate;24,00;CustomerAssign;bima_customerassign_date tersedia (durasi negatif di-clamp ke 0 = Comply);0,00;Comply
202605;TREG 2;BANTEN;CIPUTAT;PKU;migrate;24,00;CustomerAssign;bima_customerassign_date tersedia (durasi negatif di-clamp ke 0 = Comply);68,79;Not Comply
202605;TREG 1;RIAU;BANGKINANG;PKR;migrate;24,00;CustomerAssign;bima_customerassign_date tersedia (durasi negatif di-clamp ke 0 = Comply);0,00;Comply
202605;TREG 4;KALTIMTARA;BULUNGAN BERAU;TBY;migrate;24,00;CustomerAssign;bima_customerassign_date tersedia (durasi negatif di-clamp ke 0 = Comply);0,00;Comply
202605;TREG 4;KALSELTENG;BANJARMASIN;BJM;create;48,00;CustomerAssign;bima_customerassign_date tersedia (durasi negatif di-clamp ke 0 = Comply);0,00;Comply
202605;TREG 1;SUMBAGSEL;BABEL;PGP;migrate;24,00;CustomerAssign;bima_customerassign_date tersedia (durasi negatif di-clamp ke 0 = Comply);0,00;Comply
202605;TREG 3;YOGYA JATENG SELATAN;PURWOKERTO;PWT;create;48,00;CustomerAssign;bima_customerassign_date tersedia (durasi negatif di-clamp ke 0 = Comply);0,00;Comply
202605;TREG 3;YOGYA JATENG SELATAN;PURWOKERTO;PWT;migrate;24,00;CustomerAssign;bima_customerassign_date tersedia (durasi negatif di-clamp ke 0 = Comply);50,21;Not Comply
202605;TREG 5;SULBAGSEL;MAMUJU;PLW;migrate;24,00;CustomerAssign;bima_customerassign_date tersedia (durasi negatif di-clamp ke 0 = Comply);0,00;Comply
202605;TREG 3;JATIM BARAT;MALANG;SWJ;migrate;24,00;CustomerAssign;bima_customerassign_date tersedia (durasi negatif di-clamp ke 0 = Comply);22,33;Comply
202605;TREG 1;RIAU;RIDAR;BKR;create;48,00;CustomerAssign;bima_customerassign_date tersedia (durasi negatif di-clamp ke 0 = Comply);0,00;Comply
202605;TREG 3;SEMARANG JATENG UTARA;PEMALANG;PML;migrate;24,00;CustomerAssign;bima_customerassign_date tersedia (durasi negatif di-clamp ke 0 = Comply);0,00;Comply
202605;TREG 2;PRIANGAN BARAT;KUJANG;SPL;create;48,00;CustomerAssign;bima_customerassign_date tersedia (durasi negatif di-clamp ke 0 = Comply);0,00;Comply
202605;TREG 3;YOGYA JATENG SELATAN;MAGELANG;MGE;migrate;24,00;CustomerAssign;bima_customerassign_date tersedia (durasi negatif di-clamp ke 0 = Comply);22,68;Comply
202605;TREG 1;SUMBAR JAMBI;JAMBI;MND;migrate;24,00;CustomerAssign;bima_customerassign_date tersedia (durasi negatif di-clamp ke 0 = Comply);22,70;Comply
202605;TREG 2;BEKASI KARAWANG;BEKASI;KLB;migrate;24,00;CustomerAssign;bima_customerassign_date tersedia (durasi negatif di-clamp ke 0 = Comply);0,00;Comply
202605;TREG 1;SUMUT;LUBUK PAKAM;TJR;create;48,00;CustomerAssign;bima_customerassign_date tersedia (durasi negatif di-clamp ke 0 = Comply);3,90;Comply
202605;TREG 4;KALTIMTARA;BONTANG;BOT;migrate;24,00;CustomerAssign;bima_customerassign_date tersedia (durasi negatif di-clamp ke 0 = Comply);0,00;Comply
202605;TREG 2;BANDUNG;BANDUNG;LBG;create;48,00;CustomerAssign;bima_customerassign_date tersedia (durasi negatif di-clamp ke 0 = Comply);4,40;Comply
202605;TREG 3;BALI;DENPASAR SELATAN;JBR;migrate;24,00;CustomerAssign;bima_customerassign_date tersedia (durasi negatif di-clamp ke 0 = Comply);21,58;Comply
202605;TREG 4;KALSELTENG;BANJARBARU;BBR;migrate;24,00;CustomerAssign;bima_customerassign_date tersedia (durasi negatif di-clamp ke 0 = Comply);0,00;Comply
202605;TREG 2;BEKASI KARAWANG;BEKASI;PKY;create;48,00;CustomerAssign;bima_customerassign_date tersedia (durasi negatif di-clamp ke 0 = Comply);0,00;Comply
202605;TREG 3;BALI;DENPASAR UTARA;MMN;migrate;24,00;CustomerAssign;bima_customerassign_date tersedia (durasi negatif di-clamp ke 0 = Comply);287,71;Not Comply
202605;TREG 5;SUMALUT;BITUNG;KAU;create;48,00;CustomerAssign;bima_customerassign_date tersedia (durasi negatif di-clamp ke 0 = Comply);0,00;Comply
202605;TREG 2;PRIANGAN BARAT;CIBINONG;CBI;create;48,00;CustomerAssign;bima_customerassign_date tersedia (durasi negatif di-clamp ke 0 = Comply);0,00;Comply
202605;TREG 5;SUMALUT;TUAL;SML;migrate;24,00;CustomerAssign;bima_customerassign_date tersedia (durasi negatif di-clamp ke 0 = Comply);0,00;Comply
202605;TREG 4;KALSELTENG;BANJARBARU;LUL;migrate;24,00;CustomerAssign;bima_customerassign_date tersedia (durasi negatif di-clamp ke 0 = Comply);0,00;Comply
202605;TREG 4;KALSELTENG;BANJARBARU;BBR;migrate;24,00;CustomerAssign;bima_customerassign_date tersedia (durasi negatif di-clamp ke 0 = Comply);0,00;Comply
202605;TREG 5;PAPUA;MERAUKE;MRK;migrate;24,00;CustomerAssign;bima_customerassign_date tersedia (durasi negatif di-clamp ke 0 = Comply);139,01;Not Comply
202605;TREG 4;KALSELTENG;BANJARBARU;LUL;migrate;24,00;CustomerAssign;bima_customerassign_date tersedia (durasi negatif di-clamp ke 0 = Comply);0,00;Comply
202605;TREG 1;RIAU;RIDAR;PBB;migrate;24,00;CustomerAssign;bima_customerassign_date tersedia (durasi negatif di-clamp ke 0 = Comply);0,00;Comply
202605;TREG 4;KALSELTENG;TANJUNG TABALONG;TJL;migrate;24,00;CustomerAssign;bima_customerassign_date tersedia (durasi negatif di-clamp ke 0 = Comply);0,00;Comply
202605;TREG 1;SUMUT;MEDAN;TTG;migrate;24,00;CustomerAssign;bima_customerassign_date tersedia (durasi negatif di-clamp ke 0 = Comply);24,67;Not Comply
202605;TREG 3;SEMARANG JATENG UTARA;TEGAL;TEG;migrate;24,00;CustomerAssign;bima_customerassign_date tersedia (durasi negatif di-clamp ke 0 = Comply);0,00;Comply
202605;TREG 3;SEMARANG JATENG UTARA;PEKALONGAN;PKL;migrate;24,00;CustomerAssign;bima_customerassign_date tersedia (durasi negatif di-clamp ke 0 = Comply);94,76;Not Comply
202605;TREG 3;SEMARANG JATENG UTARA;PEKALONGAN;PKL;migrate;24,00;CustomerAssign;bima_customerassign_date tersedia (durasi negatif di-clamp ke 0 = Comply);144,77;Not Comply
202605;TREG 4;KALTIMTARA;BONTANG;BOT;migrate;24,00;CustomerAssign;bima_customerassign_date tersedia (durasi negatif di-clamp ke 0 = Comply);0,00;Comply
202605;TREG 2;JAKARTA OUTER;JAKTIM;PSR;create;48,00;CustomerAssign;bima_customerassign_date tersedia (durasi negatif di-clamp ke 0 = Comply);0,00;Comply
202605;TREG 2;JAKARTA INNER;JAKBAR;SLP;migrate;24,00;CustomerAssign;bima_customerassign_date tersedia (durasi negatif di-clamp ke 0 = Comply);6,06;Comply
202605;TREG 4;KALBAR;PONTIANAK;PTK;migrate;24,00;CustomerAssign;bima_customerassign_date tersedia (durasi negatif di-clamp ke 0 = Comply);0,00;Comply
202605;TREG 2;BANDUNG;SUMEDANG;UBR;migrate;24,00;CustomerAssign;bima_customerassign_date tersedia (durasi negatif di-clamp ke 0 = Comply);49,26;Not Comply
202605;TREG 2;BANTEN;LENGKONG;LGK;migrate;24,00;CustomerAssign;bima_customerassign_date tersedia (durasi negatif di-clamp ke 0 = Comply);47,27;Not Comply
202605;TREG 3;NUSA TENGGARA;NTB;MTR;migrate;24,00;CustomerAssign;bima_customerassign_date tersedia (durasi negatif di-clamp ke 0 = Comply);0,00;Comply
202605;TREG 1;SUMUT;LUBUK PAKAM;LBP;create;48,00;CustomerAssign;bima_customerassign_date tersedia (durasi negatif di-clamp ke 0 = Comply);1,29;Comply
202605;TREG 3;SOLO JATENG TIMUR;SOLO;KTO;create;48,00;CustomerAssign;bima_customerassign_date tersedia (durasi negatif di-clamp ke 0 = Comply);0,00;Comply
202605;TREG 4;KALSELTENG;BANJARMASIN;KYG;migrate;24,00;CustomerAssign;bima_customerassign_date tersedia (durasi negatif di-clamp ke 0 = Comply);359,39;Not Comply
202605;TREG 4;KALSELTENG;PANGKALAN BUN;PBU;create;48,00;CustomerAssign;bima_customerassign_date tersedia (durasi negatif di-clamp ke 0 = Comply);0,00;Comply
202605;TREG 2;BANTEN;CIPUTAT;CLD;create;48,00;CustomerAssign;bima_customerassign_date tersedia (durasi negatif di-clamp ke 0 = Comply);0,00;Comply
202605;TREG 3;YOGYA JATENG SELATAN;PURWOKERTO;PWT;migrate;24,00;CustomerAssign;bima_customerassign_date tersedia (durasi negatif di-clamp ke 0 = Comply);47,52;Not Comply
202605;TREG 5;SUMALUT;BITUNG;BIT;migrate;24,00;CustomerAssign;bima_customerassign_date tersedia (durasi negatif di-clamp ke 0 = Comply);0,00;Comply
202605;TREG 3;SURAMADU;SURABAYA SELATAN;MYR;migrate;24,00;CustomerAssign;bima_customerassign_date tersedia (durasi negatif di-clamp ke 0 = Comply);174,56;Not Comply
202605;TREG 2;JAKARTA OUTER;JAKSEL;CPE;migrate;24,00;CustomerAssign;bima_customerassign_date tersedia (durasi negatif di-clamp ke 0 = Comply);0,00;Comply
202605;TREG 1;LAMPUNG BENGKULU;LAMPUNG;KDT;create;48,00;CustomerAssign;bima_customerassign_date tersedia (durasi negatif di-clamp ke 0 = Comply);30,69;Comply
202605;TREG 2;JAKARTA OUTER;JAKTIM;KRG;migrate;24,00;CustomerAssign;bima_customerassign_date tersedia (durasi negatif di-clamp ke 0 = Comply);0,00;Comply
202605;TREG 3;NUSA TENGGARA;NTB;MTR;migrate;24,00;CustomerAssign;bima_customerassign_date tersedia (durasi negatif di-clamp ke 0 = Comply);0,00;Comply
202605;TREG 4;KALSELTENG;PALANGKARAYA;PLK;migrate;24,00;CustomerAssign;bima_customerassign_date tersedia (durasi negatif di-clamp ke 0 = Comply);0,00;Comply
202605;TREG 5;SULBAGSEL;KOLAKA;UNH;migrate;24,00;CustomerAssign;bima_customerassign_date tersedia (durasi negatif di-clamp ke 0 = Comply);0,00;Comply
202605;TREG 3;JATIM TIMUR;SIBO;SIT;migrate;24,00;CustomerAssign;bima_customerassign_date tersedia (durasi negatif di-clamp ke 0 = Comply);7,14;Comply
202605;TREG 3;SEMARANG JATENG UTARA;TEGAL;TEG;migrate;24,00;CustomerAssign;bima_customerassign_date tersedia (durasi negatif di-clamp ke 0 = Comply);0,00;Comply
202605;TREG 3;SEMARANG JATENG UTARA;SLAWI;ADW;migrate;24,00;CustomerAssign;bima_customerassign_date tersedia (durasi negatif di-clamp ke 0 = Comply);0,00;Comply
202605;TREG 2;BANDUNG;BANDUNG BARAT;RJW;migrate;24,00;CustomerAssign;bima_customerassign_date tersedia (durasi negatif di-clamp ke 0 = Comply);0,00;Comply
202605;TREG 4;KALSELTENG;TANJUNG TABALONG;KDG;migrate;24,00;CustomerAssign;bima_customerassign_date tersedia (durasi negatif di-clamp ke 0 = Comply);0,00;Comply
202605;TREG 2;BEKASI KARAWANG;BEKASI;PDE;migrate;24,00;CustomerAssign;bima_customerassign_date tersedia (durasi negatif di-clamp ke 0 = Comply);98,39;Not Comply
202605;TREG 2;JAKARTA OUTER;JAKTIM;GAN;migrate;24,00;CustomerAssign;bima_customerassign_date tersedia (durasi negatif di-clamp ke 0 = Comply);271,42;Not Comply
202605;TREG 3;SOLO JATENG TIMUR;SRAGEN;SRG;migrate;24,00;CustomerAssign;bima_customerassign_date tersedia (durasi negatif di-clamp ke 0 = Comply);194,51;Not Comply
202605;TREG 2;BANDUNG;SUMEDANG;UBR;migrate;24,00;CustomerAssign;bima_customerassign_date tersedia (durasi negatif di-clamp ke 0 = Comply);7,52;Comply
202605;TREG 2;PRIANGAN TIMUR;SINGAPARNA;SPA;migrate;24,00;CustomerAssign;bima_customerassign_date tersedia (durasi negatif di-clamp ke 0 = Comply);0,00;Comply
202605;TREG 5;SULBAGSEL;SITOR;SKG;migrate;24,00;CustomerAssign;bima_customerassign_date tersedia (durasi negatif di-clamp ke 0 = Comply);0,00;Comply
202605;TREG 2;BANDUNG;SUMEDANG;CJA;migrate;24,00;CustomerAssign;bima_customerassign_date tersedia (durasi negatif di-clamp ke 0 = Comply);0,75;Comply
202605;TREG 3;BALI;DENPASAR CENTRUM;KLM;create;48,00;CustomerAssign;bima_customerassign_date tersedia (durasi negatif di-clamp ke 0 = Comply);7,82;Comply
202605;TREG 3;YOGYA JATENG SELATAN;YOGYAKARTA;PGR;migrate;24,00;CustomerAssign;bima_customerassign_date tersedia (durasi negatif di-clamp ke 0 = Comply);0,00;Comply
202605;TREG 5;SULBAGSEL;KOLAKA;KKA;create;48,00;CustomerAssign;bima_customerassign_date tersedia (durasi negatif di-clamp ke 0 = Comply);0,00;Comply
202605;TREG 3;SEMARANG JATENG UTARA;PEKALONGAN;PKL;migrate;24,00;CustomerAssign;bima_customerassign_date tersedia (durasi negatif di-clamp ke 0 = Comply);80,00;Not Comply
202605;TREG 2;BANDUNG;BANDUNG BARAT;CMI;migrate;24,00;CustomerAssign;bima_customerassign_date tersedia (durasi negatif di-clamp ke 0 = Comply);1,02;Comply
202605;TREG 2;JAKARTA OUTER;JAKTIM;KRG;create;48,00;CustomerAssign;bima_customerassign_date tersedia (durasi negatif di-clamp ke 0 = Comply);8,03;Comply
202605;TREG 2;JAKARTA OUTER;JAKTIM;PGG;migrate;24,00;CustomerAssign;bima_customerassign_date tersedia (durasi negatif di-clamp ke 0 = Comply);3,04;Comply
202605;TREG 5;SULBAGSEL;PARE-PARE;PRE;migrate;24,00;CustomerAssign;bima_customerassign_date tersedia (durasi negatif di-clamp ke 0 = Comply);26,15;Not Comply
202605;TREG 4;KALTIMTARA;SAMARINDA;SMR;migrate;24,00;CustomerAssign;bima_customerassign_date tersedia (durasi negatif di-clamp ke 0 = Comply);1,19;Comply
202605;TREG 4;BALIKPAPAN;BALIKPAPAN;GSA;migrate;24,00;CustomerAssign;bima_customerassign_date tersedia (durasi negatif di-clamp ke 0 = Comply);1,31;Comply
202605;TREG 1;RIAU;TANJUNG PINANG;KMS;migrate;24,00;CustomerAssign;bima_customerassign_date tersedia (durasi negatif di-clamp ke 0 = Comply);8,39;Comply
202605;TREG 3;NUSA TENGGARA;NTB;SGG;migrate;24,00;CustomerAssign;bima_customerassign_date tersedia (durasi negatif di-clamp ke 0 = Comply);296,41;Not Comply
202605;TREG 3;SOLO JATENG TIMUR;SOLO;KRT;create;48,00;CustomerAssign;bima_customerassign_date tersedia (durasi negatif di-clamp ke 0 = Comply);0,00;Comply
202605;TREG 2;JAKARTA OUTER;JAKSEL;CPE;migrate;24,00;CustomerAssign;bima_customerassign_date tersedia (durasi negatif di-clamp ke 0 = Comply);3,47;Comply
202605;TREG 1;SUMUT;MEDAN;TJM;migrate;24,00;CustomerAssign;bima_customerassign_date tersedia (durasi negatif di-clamp ke 0 = Comply);0,00;Comply
202605;TREG 4;KALSELTENG;BANJARBARU;BBR;migrate;24,00;CustomerAssign;bima_customerassign_date tersedia (durasi negatif di-clamp ke 0 = Comply);0,00;Comply
202605;TREG 1;LAMPUNG BENGKULU;BENGKULU;BNC;create;48,00;CustomerAssign;bima_customerassign_date tersedia (durasi negatif di-clamp ke 0 = Comply);6,62;Comply
202605;TREG 2;JAKARTA OUTER;JAKSEL;CPE;create;48,00;CustomerAssign;bima_customerassign_date tersedia (durasi negatif di-clamp ke 0 = Comply);0,00;Comply
202605;TREG 1;RIAU;INDRAGIRI;TBH;migrate;24,00;CustomerAssign;bima_customerassign_date tersedia (durasi negatif di-clamp ke 0 = Comply);0,00;Comply
202605;TREG 2;PRIANGAN TIMUR;TASIKMALAYA;TSM;migrate;24,00;CustomerAssign;bima_customerassign_date tersedia (durasi negatif di-clamp ke 0 = Comply);0,00;Comply
202605;TREG 2;BEKASI KARAWANG;KARAWANG;KLI;migrate;24,00;CustomerAssign;bima_customerassign_date tersedia (durasi negatif di-clamp ke 0 = Comply);27,76;Not Comply
202605;TREG 2;JAKARTA OUTER;JAKTIM;KRG;create;48,00;CustomerAssign;bima_customerassign_date tersedia (durasi negatif di-clamp ke 0 = Comply);152,82;Not Comply
202605;TREG 1;LAMPUNG BENGKULU;BENGKULU;BNC;migrate;24,00;CustomerAssign;bima_customerassign_date tersedia (durasi negatif di-clamp ke 0 = Comply);80,84;Not Comply
202605;TREG 3;SURAMADU;SURABAYA SELATAN;DMO;create;48,00;CustomerAssign;bima_customerassign_date tersedia (durasi negatif di-clamp ke 0 = Comply);0,00;Comply
202605;TREG 1;SUMUT;MEDAN;PUB;migrate;24,00;CustomerAssign;bima_customerassign_date tersedia (durasi negatif di-clamp ke 0 = Comply);556,19;Not Comply
202605;TREG 5;SUMALUT;HALMAHERA UTARA;TOB;migrate;24,00;CustomerAssign;bima_customerassign_date tersedia (durasi negatif di-clamp ke 0 = Comply);0,00;Comply
202605;TREG 4;KALSELTENG;BATULICIN;STI;migrate;24,00;CustomerAssign;bima_customerassign_date tersedia (durasi negatif di-clamp ke 0 = Comply);0,00;Comply
202605;TREG 3;SEMARANG JATENG UTARA;SEMARANG;BMK;migrate;24,00;CustomerAssign;bima_customerassign_date tersedia (durasi negatif di-clamp ke 0 = Comply);0,00;Comply
202605;TREG 2;BANTEN;CIKUPA;BLJ;migrate;24,00;CustomerAssign;bima_customerassign_date tersedia (durasi negatif di-clamp ke 0 = Comply);81,35;Not Comply
202605;TREG 2;BANDUNG;BANDUNG;DGO;create;48,00;CustomerAssign;bima_customerassign_date tersedia (durasi negatif di-clamp ke 0 = Comply);0,00;Comply
202605;TREG 2;PRIANGAN TIMUR;CIREBON;CBN;create;48,00;CustomerAssign;bima_customerassign_date tersedia (durasi negatif di-clamp ke 0 = Comply);9,39;Comply
202605;TREG 2;JAKARTA INNER;JAKBAR;CKG;migrate;24,00;CustomerAssign;bima_customerassign_date tersedia (durasi negatif di-clamp ke 0 = Comply);0,00;Comply
202605;TREG 4;KALSELTENG;BATULICIN;KPL;migrate;24,00;CustomerAssign;bima_customerassign_date tersedia (durasi negatif di-clamp ke 0 = Comply);0,00;Comply
202605;TREG 2;PRIANGAN BARAT;DEPOK;CNE;migrate;24,00;CustomerAssign;bima_customerassign_date tersedia (durasi negatif di-clamp ke 0 = Comply);0,00;Comply
202605;TREG 4;BALIKPAPAN;BALIKPAPAN;BRU;migrate;24,00;CustomerAssign;bima_customerassign_date tersedia (durasi negatif di-clamp ke 0 = Comply);0,00;Comply
202605;TREG 4;BALIKPAPAN;BALIKPAPAN;BAM;migrate;24,00;CustomerAssign;bima_customerassign_date tersedia (durasi negatif di-clamp ke 0 = Comply);0,00;Comply
202605;TREG 4;BALIKPAPAN;TANAHGROGOT;TNG;migrate;24,00;CustomerAssign;bima_customerassign_date tersedia (durasi negatif di-clamp ke 0 = Comply);74,74;Not Comply
202605;TREG 1;SUMUT;BINJAI;PBD;migrate;24,00;CustomerAssign;bima_customerassign_date tersedia (durasi negatif di-clamp ke 0 = Comply);33,87;Not Comply
202605;TREG 2;JAKARTA INNER;JAKBAR;CKG;migrate;24,00;CustomerAssign;bima_customerassign_date tersedia (durasi negatif di-clamp ke 0 = Comply);9,94;Comply
202605;TREG 1;SUMUT;BINJAI;STB;migrate;24,00;CustomerAssign;bima_customerassign_date tersedia (durasi negatif di-clamp ke 0 = Comply);81,96;Not Comply
202605;TREG 3;YOGYA JATENG SELATAN;SLEMAN;SMN;create;48,00;CustomerAssign;bima_customerassign_date tersedia (durasi negatif di-clamp ke 0 = Comply);7,97;Comply
202605;TREG 4;BALIKPAPAN;BALIKPAPAN;GSA;migrate;24,00;CustomerAssign;bima_customerassign_date tersedia (durasi negatif di-clamp ke 0 = Comply);81,98;Not Comply
202605;TREG 3;SEMARANG JATENG UTARA;BREBES;BRB;migrate;24,00;CustomerAssign;bima_customerassign_date tersedia (durasi negatif di-clamp ke 0 = Comply);0,00;Comply
202605;TREG 1;RIAU;DUMAI;DRI;migrate;24,00;CustomerAssign;bima_customerassign_date tersedia (durasi negatif di-clamp ke 0 = Comply);0,00;Comply
202605;TREG 4;KALSELTENG;BANJARMASIN;KYG;create;48,00;CustomerAssign;bima_customerassign_date tersedia (durasi negatif di-clamp ke 0 = Comply);0,00;Comply
202605;TREG 3;YOGYA JATENG SELATAN;YOGYAKARTA;KGD;create;48,00;CustomerAssign;bima_customerassign_date tersedia (durasi negatif di-clamp ke 0 = Comply);0,00;Comply
202605;TREG 4;BALIKPAPAN;BALIKPAPAN;MGG;migrate;24,00;CustomerAssign;bima_customerassign_date tersedia (durasi negatif di-clamp ke 0 = Comply);0,00;Comply
202605;TREG 2;BEKASI KARAWANG;KARAWANG;KLI;migrate;24,00;CustomerAssign;bima_customerassign_date tersedia (durasi negatif di-clamp ke 0 = Comply);0,00;Comply
202605;TREG 3;YOGYA JATENG SELATAN;YOGYAKARTA;PGR;migrate;24,00;CustomerAssign;bima_customerassign_date tersedia (durasi negatif di-clamp ke 0 = Comply);24,55;Not Comply
202605;TREG 3;SURAMADU;SURABAYA UTARA;KNN;migrate;24,00;CustomerAssign;bima_customerassign_date tersedia (durasi negatif di-clamp ke 0 = Comply);27,56;Not Comply
202605;TREG 2;PRIANGAN BARAT;DEPOK;DEP;migrate;24,00;CustomerAssign;bima_customerassign_date tersedia (durasi negatif di-clamp ke 0 = Comply);0,00;Comply
202605;TREG 3;SURAMADU;SURABAYA SELATAN;TPO;migrate;24,00;CustomerAssign;bima_customerassign_date tersedia (durasi negatif di-clamp ke 0 = Comply);0,00;Comply
202605;TREG 1;RIAU;RIKEP;NGS;migrate;24,00;CustomerAssign;bima_customerassign_date tersedia (durasi negatif di-clamp ke 0 = Comply);125,69;Not Comply
202605;TREG 1;RIAU;INDRAGIRI;TAK;migrate;24,00;CustomerAssign;bima_customerassign_date tersedia (durasi negatif di-clamp ke 0 = Comply);3,85;Comply
202605;TREG 2;JAKARTA OUTER;JAKSEL;PSM;migrate;24,00;CustomerAssign;bima_customerassign_date tersedia (durasi negatif di-clamp ke 0 = Comply);0,00;Comply
202605;TREG 3;BALI;GIANYAR;APR;create;48,00;CustomerAssign;bima_customerassign_date tersedia (durasi negatif di-clamp ke 0 = Comply);0,00;Comply
202605;TREG 5;PAPUA;JAYAPURA;JAP;migrate;24,00;CustomerAssign;bima_customerassign_date tersedia (durasi negatif di-clamp ke 0 = Comply);0,00;Comply
202605;TREG 3;BALI;DENPASAR SELATAN;JBR;migrate;24,00;CustomerAssign;bima_customerassign_date tersedia (durasi negatif di-clamp ke 0 = Comply);30,46;Not Comply
202605;TREG 2;PRIANGAN BARAT;DEPOK;DEP;migrate;24,00;CustomerAssign;bima_customerassign_date tersedia (durasi negatif di-clamp ke 0 = Comply);0,00;Comply
202605;TREG 3;JATIM TIMUR;PASURUAN;PSN;migrate;24,00;CustomerAssign;bima_customerassign_date tersedia (durasi negatif di-clamp ke 0 = Comply);11,63;Comply
202605;TREG 2;JAKARTA OUTER;JAKSEL;CPE;migrate;24,00;CustomerAssign;bima_customerassign_date tersedia (durasi negatif di-clamp ke 0 = Comply);0,00;Comply
202605;TREG 4;KALTIMTARA;BULUNGAN BERAU;TBY;migrate;24,00;CustomerAssign;bima_customerassign_date tersedia (durasi negatif di-clamp ke 0 = Comply);0,00;Comply
202605;TREG 2;BANDUNG;BANDUNG;LBG;migrate;24,00;CustomerAssign;bima_customerassign_date tersedia (durasi negatif di-clamp ke 0 = Comply);0,00;Comply
202605;TREG 4;KALSELTENG;PALANGKARAYA;KKP;migrate;24,00;CustomerAssign;bima_customerassign_date tersedia (durasi negatif di-clamp ke 0 = Comply);7,06;Comply
202605;TREG 2;BEKASI KARAWANG;BEKASI;PKY;migrate;24,00;CustomerAssign;bima_customerassign_date tersedia (durasi negatif di-clamp ke 0 = Comply);0,00;Comply
202605;TREG 2;JAKARTA OUTER;JAKTIM;PSR;create;48,00;CustomerAssign;bima_customerassign_date tersedia (durasi negatif di-clamp ke 0 = Comply);0,00;Comply
202605;TREG 2;BANTEN;CIPUTAT;PKU;migrate;24,00;CustomerAssign;bima_customerassign_date tersedia (durasi negatif di-clamp ke 0 = Comply);103,12;Not Comply
202605;TREG 1;SUMUT;KISARAN;TBT;migrate;24,00;CustomerAssign;bima_customerassign_date tersedia (durasi negatif di-clamp ke 0 = Comply);0,00;Comply
202605;TREG 3;BALI;DENPASAR UTARA;UBN;create;48,00;CustomerAssign;bima_customerassign_date tersedia (durasi negatif di-clamp ke 0 = Comply);0,00;Comply
202605;TREG 4;KALBAR;SANGGAU;SGU;migrate;24,00;CustomerAssign;bima_customerassign_date tersedia (durasi negatif di-clamp ke 0 = Comply);0,00;Comply
202605;TREG 4;KALBAR;SINTANG;STG;migrate;24,00;CustomerAssign;bima_customerassign_date tersedia (durasi negatif di-clamp ke 0 = Comply);0,00;Comply
202605;TREG 2;BANTEN;LENGKONG;SRP;create;48,00;CustomerAssign;bima_customerassign_date tersedia (durasi negatif di-clamp ke 0 = Comply);0,00;Comply
202605;TREG 3;SURAMADU;GRESIK;GSK;migrate;24,00;CustomerAssign;bima_customerassign_date tersedia (durasi negatif di-clamp ke 0 = Comply);0,00;Comply
202605;TREG 5;PAPUA;ABEPURA;ABE;create;48,00;CustomerAssign;bima_customerassign_date tersedia (durasi negatif di-clamp ke 0 = Comply);0,00;Comply
202605;TREG 3;JATIM BARAT;NGANJUK;NJK;migrate;24,00;CustomerAssign;bima_customerassign_date tersedia (durasi negatif di-clamp ke 0 = Comply);6,01;Comply
202605;TREG 2;BANTEN;LENGKONG;SRP;create;48,00;CustomerAssign;bima_customerassign_date tersedia (durasi negatif di-clamp ke 0 = Comply);6,33;Comply
202605;TREG 5;SULBAGSEL;PALOPO;PLP;migrate;24,00;CustomerAssign;bima_customerassign_date tersedia (durasi negatif di-clamp ke 0 = Comply);13,48;Comply
202605;TREG 3;JATIM TIMUR;JEMBER;KBS;migrate;24,00;CustomerAssign;bima_customerassign_date tersedia (durasi negatif di-clamp ke 0 = Comply);0,00;Comply
202605;TREG 5;SULBAGSEL;PALOPO;PLP;migrate;24,00;CustomerAssign;bima_customerassign_date tersedia (durasi negatif di-clamp ke 0 = Comply);0,00;Comply
202605;TREG 5;SULBAGSEL;PALOPO;PLP;migrate;24,00;CustomerAssign;bima_customerassign_date tersedia (durasi negatif di-clamp ke 0 = Comply);11,51;Comply
202605;TREG 5;SULBAGSEL;PALOPO;PLP;migrate;24,00;CustomerAssign;bima_customerassign_date tersedia (durasi negatif di-clamp ke 0 = Comply);0,00;Comply
202605;TREG 3;SURAMADU;SURABAYA SELATAN;TPO;migrate;24,00;CustomerAssign;bima_customerassign_date tersedia (durasi negatif di-clamp ke 0 = Comply);0,00;Comply
202605;TREG 1;RIAU;TANJUNG PINANG;KMS;migrate;24,00;CustomerAssign;bima_customerassign_date tersedia (durasi negatif di-clamp ke 0 = Comply);13,66;Comply
202605;TREG 1;RIAU;RIKEP;SLU;migrate;24,00;CustomerAssign;bima_customerassign_date tersedia (durasi negatif di-clamp ke 0 = Comply);0,00;Comply
202605;TREG 3;JATIM TIMUR;SIBO;BOW;migrate;24,00;CustomerAssign;bima_customerassign_date tersedia (durasi negatif di-clamp ke 0 = Comply);0,00;Comply
202605;TREG 3;JATIM TIMUR;TANGGUL;BUG;create;48,00;CustomerAssign;bima_customerassign_date tersedia (durasi negatif di-clamp ke 0 = Comply);7,71;Comply
202605;TREG 4;KALTIMTARA;SAMARINDA;TMD;create;48,00;CustomerAssign;bima_customerassign_date tersedia (durasi negatif di-clamp ke 0 = Comply);0,00;Comply
202605;TREG 4;KALTIMTARA;TARAKAN;TAJ;migrate;24,00;CustomerAssign;bima_customerassign_date tersedia (durasi negatif di-clamp ke 0 = Comply);0,29;Comply
202605;TREG 3;SOLO JATENG TIMUR;SOLO;MSO;migrate;24,00;CustomerAssign;bima_customerassign_date tersedia (durasi negatif di-clamp ke 0 = Comply);0,00;Comply
202605;TREG 3;SOLO JATENG TIMUR;KLATEN;BYL;migrate;24,00;CustomerAssign;bima_customerassign_date tersedia (durasi negatif di-clamp ke 0 = Comply);17,39;Comply
202605;TREG 3;YOGYA JATENG SELATAN;PURWOKERTO;PWT;migrate;24,00;CustomerAssign;bima_customerassign_date tersedia (durasi negatif di-clamp ke 0 = Comply);94,58;Not Comply
202605;TREG 2;BANTEN;PASAR BARU;CPD;migrate;24,00;CustomerAssign;bima_customerassign_date tersedia (durasi negatif di-clamp ke 0 = Comply);15,61;Comply
202605;TREG 2;PRIANGAN TIMUR;GARUT;GRU;migrate;24,00;CustomerAssign;bima_customerassign_date tersedia (durasi negatif di-clamp ke 0 = Comply);43,89;Not Comply
202605;TREG 2;PRIANGAN TIMUR;CIREBON;CBN;migrate;24,00;CustomerAssign;bima_customerassign_date tersedia (durasi negatif di-clamp ke 0 = Comply);0,00;Comply
202605;TREG 5;SULBAGSEL;MAMUJU;MAM;migrate;24,00;CustomerAssign;bima_customerassign_date tersedia (durasi negatif di-clamp ke 0 = Comply);92,06;Not Comply
202605;TREG 1;SUMUT;SUMUT;PMS;migrate;24,00;CustomerAssign;bima_customerassign_date tersedia (durasi negatif di-clamp ke 0 = Comply);1,62;Comply
202605;TREG 4;KALTIMTARA;BULUNGAN BERAU;TLA;migrate;24,00;CustomerAssign;bima_customerassign_date tersedia (durasi negatif di-clamp ke 0 = Comply);25,63;Not Comply
202605;TREG 3;SURAMADU;SURABAYA SELATAN;RKT;migrate;24,00;CustomerAssign;bima_customerassign_date tersedia (durasi negatif di-clamp ke 0 = Comply);18,84;Comply
202605;TREG 2;JAKARTA OUTER;JAKTIM;PGG;migrate;24,00;CustomerAssign;bima_customerassign_date tersedia (durasi negatif di-clamp ke 0 = Comply);26,16;Not Comply
202605;TREG 4;KALSELTENG;BANJARBARU;LUL;create;48,00;CustomerAssign;bima_customerassign_date tersedia (durasi negatif di-clamp ke 0 = Comply);0,00;Comply
202605;TREG 1;SUMUT;MEDAN;PDB;migrate;24,00;CustomerAssign;bima_customerassign_date tersedia (durasi negatif di-clamp ke 0 = Comply);0,00;Comply
202605;TREG 3;SURAMADU;SURABAYA SELATAN;GBG;migrate;24,00;CustomerAssign;bima_customerassign_date tersedia (durasi negatif di-clamp ke 0 = Comply);0,00;Comply
202605;TREG 5;SULBAGSEL;MAROS;SUD;create;48,00;CustomerAssign;bima_customerassign_date tersedia (durasi negatif di-clamp ke 0 = Comply);141,67;Not Comply
202605;TREG 4;KALSELTENG;TANJUNG TABALONG;BRI;migrate;24,00;CustomerAssign;bima_customerassign_date tersedia (durasi negatif di-clamp ke 0 = Comply);0,00;Comply
202605;TREG 3;SOLO JATENG TIMUR;KLATEN;DLG;migrate;24,00;CustomerAssign;bima_customerassign_date tersedia (durasi negatif di-clamp ke 0 = Comply);187,71;Not Comply
202605;TREG 2;BANDUNG;SUMEDANG;CJA;migrate;24,00;CustomerAssign;bima_customerassign_date tersedia (durasi negatif di-clamp ke 0 = Comply);20,16;Comply
202605;TREG 4;KALSELTENG;BANJARMASIN;KYG;create;48,00;CustomerAssign;bima_customerassign_date tersedia (durasi negatif di-clamp ke 0 = Comply);0,00;Comply
202605;TREG 4;KALTIMTARA;MELAK;SBR;migrate;24,00;CustomerAssign;bima_customerassign_date tersedia (durasi negatif di-clamp ke 0 = Comply);0,00;Comply
202605;TREG 4;BALIKPAPAN;TANAHGROGOT;PNJ;migrate;24,00;CustomerAssign;bima_customerassign_date tersedia (durasi negatif di-clamp ke 0 = Comply);0,00;Comply
202605;TREG 2;BANTEN;LENGKONG;LGK;migrate;24,00;CustomerAssign;bima_customerassign_date tersedia (durasi negatif di-clamp ke 0 = Comply);0,00;Comply
202605;TREG 1;SUMBAR JAMBI;BUKIT TINGGI;PYK;migrate;24,00;CustomerAssign;bima_customerassign_date tersedia (durasi negatif di-clamp ke 0 = Comply);238,49;Not Comply
202605;TREG 4;KALTIMTARA;SAMARINDA;SMR;create;48,00;CustomerAssign;bima_customerassign_date tersedia (durasi negatif di-clamp ke 0 = Comply);3,62;Comply
202605;TREG 4;BALIKPAPAN;BALIKPAPAN;BRU;migrate;24,00;CustomerAssign;bima_customerassign_date tersedia (durasi negatif di-clamp ke 0 = Comply);3,88;Comply
202605;TREG 3;YOGYA JATENG SELATAN;YOGYAKARTA;KEN;migrate;24,00;CustomerAssign;bima_customerassign_date tersedia (durasi negatif di-clamp ke 0 = Comply);0,00;Comply
202605;TREG 5;PAPUA BARAT;TIMIKA;TIM;migrate;24,00;CustomerAssign;bima_customerassign_date tersedia (durasi negatif di-clamp ke 0 = Comply);21,07;Comply
202605;TREG 2;BANDUNG;BANDUNG;LBG;create;48,00;CustomerAssign;bima_customerassign_date tersedia (durasi negatif di-clamp ke 0 = Comply);0,00;Comply
202605;TREG 2;BANTEN;LENGKONG;SRP;migrate;24,00;CustomerAssign;bima_customerassign_date tersedia (durasi negatif di-clamp ke 0 = Comply);0,00;Comply
202605;TREG 3;JATIM BARAT;KEDIRI;KDI;create;48,00;CustomerAssign;bima_customerassign_date tersedia (durasi negatif di-clamp ke 0 = Comply);4,15;Comply
202605;TREG 4;KALTIMTARA;BULUNGAN BERAU;TBY;migrate;24,00;CustomerAssign;bima_customerassign_date tersedia (durasi negatif di-clamp ke 0 = Comply);0,00;Comply
202605;TREG 3;YOGYA JATENG SELATAN;YOGYAKARTA;KEN;create;48,00;CustomerAssign;bima_customerassign_date tersedia (durasi negatif di-clamp ke 0 = Comply);0,00;Comply
202605;TREG 3;JATIM TIMUR;PANDAAN;GEM;create;48,00;CustomerAssign;bima_customerassign_date tersedia (durasi negatif di-clamp ke 0 = Comply);4,26;Comply
202605;TREG 2;BANTEN;PASAR BARU;CKL;migrate;24,00;CustomerAssign;bima_customerassign_date tersedia (durasi negatif di-clamp ke 0 = Comply);0,00;Comply
202605;TREG 5;SULBAGSEL;MAKASSAR;PNK;create;48,00;CustomerAssign;bima_customerassign_date tersedia (durasi negatif di-clamp ke 0 = Comply);0,00;Comply
202605;TREG 4;KALBAR;PONTIANAK;SRD;create;48,00;CustomerAssign;bima_customerassign_date tersedia (durasi negatif di-clamp ke 0 = Comply);0,00;Comply
202605;TREG 3;YOGYA JATENG SELATAN;PURWOKERTO;PWT;migrate;24,00;CustomerAssign;bima_customerassign_date tersedia (durasi negatif di-clamp ke 0 = Comply);0,00;Comply
202605;TREG 2;JAKARTA OUTER;JAKSEL;KBY;migrate;24,00;CustomerAssign;bima_customerassign_date tersedia (durasi negatif di-clamp ke 0 = Comply);0,00;Comply
202605;TREG 5;PAPUA BARAT;SORONG;SON;migrate;24,00;CustomerAssign;bima_customerassign_date tersedia (durasi negatif di-clamp ke 0 = Comply);48,03;Not Comply
202605;TREG 2;JAKARTA OUTER;JAKSEL;PSM;migrate;24,00;CustomerAssign;bima_customerassign_date tersedia (durasi negatif di-clamp ke 0 = Comply);0,07;Comply
202605;TREG 2;JAKARTA CENTRUM;JAKPUS;CID;migrate;24,00;CustomerAssign;bima_customerassign_date tersedia (durasi negatif di-clamp ke 0 = Comply);5,07;Comply
202605;TREG 4;KALSELTENG;TANJUNG TABALONG;TJL;migrate;24,00;CustomerAssign;bima_customerassign_date tersedia (durasi negatif di-clamp ke 0 = Comply);0,00;Comply
202605;TREG 4;KALSELTENG;TANJUNG TABALONG;PGN;migrate;24,00;CustomerAssign;bima_customerassign_date tersedia (durasi negatif di-clamp ke 0 = Comply);0,00;Comply
202605;TREG 2;JAKARTA OUTER;JAKSEL;PSM;migrate;24,00;CustomerAssign;bima_customerassign_date tersedia (durasi negatif di-clamp ke 0 = Comply);0,00;Comply
202605;TREG 2;BANDUNG;SUMEDANG;CJA;create;48,00;CustomerAssign;bima_customerassign_date tersedia (durasi negatif di-clamp ke 0 = Comply);0,00;Comply
202605;TREG 4;KALSELTENG;TANJUNG TABALONG;RTA;migrate;24,00;CustomerAssign;bima_customerassign_date tersedia (durasi negatif di-clamp ke 0 = Comply);197,14;Not Comply
202605;TREG 5;SULBAGSEL;GOWA;SUG;create;48,00;CustomerAssign;bima_customerassign_date tersedia (durasi negatif di-clamp ke 0 = Comply);46,16;Comply
202605;TREG 2;JAKARTA OUTER;JAKTIM;CWA;create;48,00;CustomerAssign;bima_customerassign_date tersedia (durasi negatif di-clamp ke 0 = Comply);0,30;Comply
202605;TREG 3;SURAMADU;SURABAYA SELATAN;MYR;migrate;24,00;CustomerAssign;bima_customerassign_date tersedia (durasi negatif di-clamp ke 0 = Comply);0,00;Comply
202605;TREG 3;YOGYA JATENG SELATAN;YOGYAKARTA;PGR;migrate;24,00;CustomerAssign;bima_customerassign_date tersedia (durasi negatif di-clamp ke 0 = Comply);0,00;Comply
202605;TREG 3;SURAMADU;SURABAYA SELATAN;JGR;migrate;24,00;CustomerAssign;bima_customerassign_date tersedia (durasi negatif di-clamp ke 0 = Comply);5,51;Comply
202605;TREG 4;KALSELTENG;TANJUNG TABALONG;TJL;create;48,00;CustomerAssign;bima_customerassign_date tersedia (durasi negatif di-clamp ke 0 = Comply);149,53;Not Comply
202605;TREG 2;BANDUNG;SOREANG;MJY;migrate;24,00;CustomerAssign;bima_customerassign_date tersedia (durasi negatif di-clamp ke 0 = Comply);0,00;Comply
202605;TREG 2;JAKARTA OUTER;JAKTIM;GAN;migrate;24,00;CustomerAssign;bima_customerassign_date tersedia (durasi negatif di-clamp ke 0 = Comply);22,60;Comply
202605;TREG 2;BANDUNG;PADALARANG;PDL;migrate;24,00;CustomerAssign;bima_customerassign_date tersedia (durasi negatif di-clamp ke 0 = Comply);168,67;Not Comply
202605;TREG 4;KALTIMTARA;TARAKAN;JWT;migrate;24,00;CustomerAssign;bima_customerassign_date tersedia (durasi negatif di-clamp ke 0 = Comply);0,00;Comply
202605;TREG 3;SURAMADU;SURABAYA UTARA;KNN;migrate;24,00;CustomerAssign;bima_customerassign_date tersedia (durasi negatif di-clamp ke 0 = Comply);0,00;Comply
202605;TREG 4;KALSELTENG;BANJARBARU;BBR;migrate;24,00;CustomerAssign;bima_customerassign_date tersedia (durasi negatif di-clamp ke 0 = Comply);0,00;Comply
202605;TREG 2;JAKARTA OUTER;JAKSEL;KBY;migrate;24,00;CustomerAssign;bima_customerassign_date tersedia (durasi negatif di-clamp ke 0 = Comply);0,00;Comply
202605;TREG 5;SULBAGSEL;MAKASSAR;PNK;migrate;24,00;CustomerAssign;bima_customerassign_date tersedia (durasi negatif di-clamp ke 0 = Comply);22,84;Comply
202605;TREG 2;BANDUNG;BANDUNG;GGK;create;48,00;CustomerAssign;bima_customerassign_date tersedia (durasi negatif di-clamp ke 0 = Comply);0,00;Comply
202605;TREG 4;KALSELTENG;TANJUNG TABALONG;PGN;migrate;24,00;CustomerAssign;bima_customerassign_date tersedia (durasi negatif di-clamp ke 0 = Comply);126,01;Not Comply
202605;TREG 2;BANDUNG;BANDUNG BARAT;RJW;migrate;24,00;CustomerAssign;bima_customerassign_date tersedia (durasi negatif di-clamp ke 0 = Comply);0,00;Comply
202605;TREG 4;KALBAR;SINGKAWANG;BKY;migrate;24,00;CustomerAssign;bima_customerassign_date tersedia (durasi negatif di-clamp ke 0 = Comply);414,22;Not Comply
202605;TREG 3;SOLO JATENG TIMUR;SOLO;MSO;migrate;24,00;CustomerAssign;bima_customerassign_date tersedia (durasi negatif di-clamp ke 0 = Comply);0,00;Comply
202605;TREG 2;JAKARTA OUTER;JAKTIM;KRG;create;48,00;CustomerAssign;bima_customerassign_date tersedia (durasi negatif di-clamp ke 0 = Comply);6,38;Comply
202605;TREG 2;JAKARTA OUTER;JAKSEL;KAL;migrate;24,00;CustomerAssign;bima_customerassign_date tersedia (durasi negatif di-clamp ke 0 = Comply);30,39;Not Comply
202605;TREG 4;BALIKPAPAN;TANAHGROGOT;TNG;migrate;24,00;CustomerAssign;bima_customerassign_date tersedia (durasi negatif di-clamp ke 0 = Comply);0,00;Comply
202605;TREG 2;BANTEN;BANTEN;CRS;migrate;24,00;CustomerAssign;bima_customerassign_date tersedia (durasi negatif di-clamp ke 0 = Comply);6,49;Comply
202605;TREG 2;BEKASI KARAWANG;KARAWANG;KLI;migrate;24,00;CustomerAssign;bima_customerassign_date tersedia (durasi negatif di-clamp ke 0 = Comply);6,53;Comply
202605;TREG 3;JATIM BARAT;KEDIRI;NDL;migrate;24,00;CustomerAssign;bima_customerassign_date tersedia (durasi negatif di-clamp ke 0 = Comply);23,53;Comply
202605;TREG 3;JATIM BARAT;NGANJUK;NJK;migrate;24,00;CustomerAssign;bima_customerassign_date tersedia (durasi negatif di-clamp ke 0 = Comply);1,54;Comply
202605;TREG 2;JAKARTA OUTER;JAKSEL;CPE;create;48,00;CustomerAssign;bima_customerassign_date tersedia (durasi negatif di-clamp ke 0 = Comply);6,56;Comply
202605;TREG 5;SULBAGSEL;KENDARI;KDR;migrate;24,00;CustomerAssign;bima_customerassign_date tersedia (durasi negatif di-clamp ke 0 = Comply);1,57;Comply
202605;TREG 3;SURAMADU;SURABAYA UTARA;BBE;create;48,00;CustomerAssign;bima_customerassign_date tersedia (durasi negatif di-clamp ke 0 = Comply);28,59;Comply
202605;TREG 2;BANDUNG;BANDUNG;TRG;migrate;24,00;CustomerAssign;bima_customerassign_date tersedia (durasi negatif di-clamp ke 0 = Comply);0,00;Comply
202605;TREG 2;PRIANGAN TIMUR;INDRAMAYU;KRM;migrate;24,00;CustomerAssign;bima_customerassign_date tersedia (durasi negatif di-clamp ke 0 = Comply);30,71;Not Comply
202605;TREG 2;JAKARTA OUTER;JAKSEL;CPE;migrate;24,00;CustomerAssign;bima_customerassign_date tersedia (durasi negatif di-clamp ke 0 = Comply);6,72;Comply
202605;TREG 4;KALSELTENG;TANJUNG TABALONG;TJL;migrate;24,00;CustomerAssign;bima_customerassign_date tersedia (durasi negatif di-clamp ke 0 = Comply);0,00;Comply
202605;TREG 1;RIAU;TANJUNG PINANG;KMS;migrate;24,00;CustomerAssign;bima_customerassign_date tersedia (durasi negatif di-clamp ke 0 = Comply);1,94;Comply
202605;TREG 4;KALBAR;PONTIANAK;PTK;migrate;24,00;CustomerAssign;bima_customerassign_date tersedia (durasi negatif di-clamp ke 0 = Comply);575,96;Not Comply
202605;TREG 2;PRIANGAN BARAT;CIBINONG;CBI;migrate;24,00;CustomerAssign;bima_customerassign_date tersedia (durasi negatif di-clamp ke 0 = Comply);0,00;Comply
202605;TREG 4;BALIKPAPAN;BALIKPAPAN;BRU;migrate;24,00;CustomerAssign;bima_customerassign_date tersedia (durasi negatif di-clamp ke 0 = Comply);0,00;Comply
202605;TREG 2;JAKARTA OUTER;JAKSEL;KAL;migrate;24,00;CustomerAssign;bima_customerassign_date tersedia (durasi negatif di-clamp ke 0 = Comply);7,10;Comply
202605;TREG 2;PRIANGAN BARAT;CIBINONG;CBI;create;48,00;CustomerAssign;bima_customerassign_date tersedia (durasi negatif di-clamp ke 0 = Comply);26,12;Comply
202605;TREG 3;SOLO JATENG TIMUR;SOLO;KRT;create;48,00;CustomerAssign;bima_customerassign_date tersedia (durasi negatif di-clamp ke 0 = Comply);0,00;Comply
202605;TREG 2;BANTEN;PASAR BARU;TAN;create;48,00;CustomerAssign;bima_customerassign_date tersedia (durasi negatif di-clamp ke 0 = Comply);0,23;Comply
202605;TREG 2;BANTEN;PASAR BARU;CKL;create;48,00;CustomerAssign;bima_customerassign_date tersedia (durasi negatif di-clamp ke 0 = Comply);7,56;Comply
202605;TREG 3;SURAMADU;SURABAYA SELATAN;DMO;create;48,00;CustomerAssign;bima_customerassign_date tersedia (durasi negatif di-clamp ke 0 = Comply);0,00;Comply
202605;TREG 2;JAKARTA INNER;JAKBAR;CKG;create;48,00;CustomerAssign;bima_customerassign_date tersedia (durasi negatif di-clamp ke 0 = Comply);98,63;Not Comply
202605;TREG 4;KALTIMTARA;SAMARINDA;LOB;create;48,00;CustomerAssign;bima_customerassign_date tersedia (durasi negatif di-clamp ke 0 = Comply);0,73;Comply
202605;TREG 3;SURAMADU;SURABAYA UTARA;KNN;create;48,00;CustomerAssign;bima_customerassign_date tersedia (durasi negatif di-clamp ke 0 = Comply);408,75;Not Comply
202605;TREG 3;SEMARANG JATENG UTARA;SEMARANG;SMC;create;48,00;CustomerAssign;bima_customerassign_date tersedia (durasi negatif di-clamp ke 0 = Comply);0,00;Comply
202605;TREG 3;BALI;DENPASAR CENTRUM;KLM;migrate;24,00;CustomerAssign;bima_customerassign_date tersedia (durasi negatif di-clamp ke 0 = Comply);55,78;Not Comply
202605;TREG 2;BEKASI KARAWANG;KARAWANG;WDS;create;48,00;CustomerAssign;bima_customerassign_date tersedia (durasi negatif di-clamp ke 0 = Comply);7,88;Comply
202605;TREG 4;BALIKPAPAN;BALIKPAPAN;BRU;migrate;24,00;CustomerAssign;bima_customerassign_date tersedia (durasi negatif di-clamp ke 0 = Comply);0,00;Comply
202605;TREG 2;BANTEN;LENGKONG;SRP;create;48,00;CustomerAssign;bima_customerassign_date tersedia (durasi negatif di-clamp ke 0 = Comply);0,00;Comply
202605;TREG 3;SEMARANG JATENG UTARA;SEMARANG;SSL;migrate;24,00;CustomerAssign;bima_customerassign_date tersedia (durasi negatif di-clamp ke 0 = Comply);0,00;Comply
202605;TREG 5;SULBAGSEL;MAMUJU;MMS;migrate;24,00;CustomerAssign;bima_customerassign_date tersedia (durasi negatif di-clamp ke 0 = Comply);367,96;Not Comply
202605;TREG 2;BANTEN;CIKUPA;TGR;migrate;24,00;CustomerAssign;bima_customerassign_date tersedia (durasi negatif di-clamp ke 0 = Comply);151,99;Not Comply
202605;TREG 1;RIAU;RIKEP;BTC;migrate;24,00;CustomerAssign;bima_customerassign_date tersedia (durasi negatif di-clamp ke 0 = Comply);27,09;Not Comply
202605;TREG 4;KALTIMTARA;SAMARINDA;TMD;create;48,00;CustomerAssign;bima_customerassign_date tersedia (durasi negatif di-clamp ke 0 = Comply);3,10;Comply
202605;TREG 2;BANTEN;LENGKONG;LGK;migrate;24,00;CustomerAssign;bima_customerassign_date tersedia (durasi negatif di-clamp ke 0 = Comply);3,15;Comply
202605;TREG 5;SULBAGSEL;MAMUJU;MAM;migrate;24,00;CustomerAssign;bima_customerassign_date tersedia (durasi negatif di-clamp ke 0 = Comply);0,00;Comply
202605;TREG 2;BEKASI KARAWANG;BEKASI;BEK;create;48,00;CustomerAssign;bima_customerassign_date tersedia (durasi negatif di-clamp ke 0 = Comply);3,32;Comply
202605;TREG 1;RIAU;RIDAR;PBB;create;48,00;CustomerAssign;bima_customerassign_date tersedia (durasi negatif di-clamp ke 0 = Comply);97,38;Not Comply
202605;TREG 2;JAKARTA OUTER;JAKSEL;BIN;create;48,00;CustomerAssign;bima_customerassign_date tersedia (durasi negatif di-clamp ke 0 = Comply);0,00;Comply
202605;TREG 3;SEMARANG JATENG UTARA;SEMARANG;BMK;migrate;24,00;CustomerAssign;bima_customerassign_date tersedia (durasi negatif di-clamp ke 0 = Comply);0,00;Comply
202605;TREG 4;KALSELTENG;TANJUNG TABALONG;KDG;migrate;24,00;CustomerAssign;bima_customerassign_date tersedia (durasi negatif di-clamp ke 0 = Comply);0,00;Comply
202605;TREG 3;SOLO JATENG TIMUR;SRAGEN;TWM;migrate;24,00;CustomerAssign;bima_customerassign_date tersedia (durasi negatif di-clamp ke 0 = Comply);0,00;Comply
202605;TREG 4;KALSELTENG;BANJARMASIN;KYG;migrate;24,00;CustomerAssign;bima_customerassign_date tersedia (durasi negatif di-clamp ke 0 = Comply);3,59;Comply
202605;TREG 3;SOLO JATENG TIMUR;SRAGEN;SRG;migrate;24,00;CustomerAssign;bima_customerassign_date tersedia (durasi negatif di-clamp ke 0 = Comply);0,00;Comply
202605;TREG 3;JATIM BARAT;BATU;BTU;migrate;24,00;CustomerAssign;bima_customerassign_date tersedia (durasi negatif di-clamp ke 0 = Comply);3,82;Comply
202605;TREG 2;JAKARTA OUTER;JAKTIM;KRG;create;48,00;CustomerAssign;bima_customerassign_date tersedia (durasi negatif di-clamp ke 0 = Comply);56,87;Not Comply
202605;TREG 5;SULBAGSEL;KENDARI;MDG;create;48,00;CustomerAssign;bima_customerassign_date tersedia (durasi negatif di-clamp ke 0 = Comply);53,88;Not Comply
202605;TREG 3;JATIM BARAT;MADIUN;MNZ;migrate;24,00;CustomerAssign;bima_customerassign_date tersedia (durasi negatif di-clamp ke 0 = Comply);0,00;Comply
202605;TREG 2;BEKASI KARAWANG;BEKASI;PDE;migrate;24,00;CustomerAssign;bima_customerassign_date tersedia (durasi negatif di-clamp ke 0 = Comply);1.209,14;Not Comply
202605;TREG 5;PAPUA;ABEPURA;WAE;migrate;24,00;CustomerAssign;bima_customerassign_date tersedia (durasi negatif di-clamp ke 0 = Comply);0,00;Comply
202605;TREG 2;BEKASI KARAWANG;BEKASI;PDE;migrate;24,00;CustomerAssign;bima_customerassign_date tersedia (durasi negatif di-clamp ke 0 = Comply);0,00;Comply
202605;TREG 2;PRIANGAN BARAT;KUJANG;BOO;create;48,00;CustomerAssign;bima_customerassign_date tersedia (durasi negatif di-clamp ke 0 = Comply);0,00;Comply
202605;TREG 3;SURAMADU;SURABAYA SELATAN;MYR;migrate;24,00;CustomerAssign;bima_customerassign_date tersedia (durasi negatif di-clamp ke 0 = Comply);0,00;Comply
202605;TREG 3;JATIM BARAT;KEPANJEN;PGK;migrate;24,00;CustomerAssign;bima_customerassign_date tersedia (durasi negatif di-clamp ke 0 = Comply);0,00;Comply
202605;TREG 3;YOGYA JATENG SELATAN;SLEMAN;PKM;create;48,00;CustomerAssign;bima_customerassign_date tersedia (durasi negatif di-clamp ke 0 = Comply);4,32;Comply
202605;TREG 5;SULBAGSEL;GOWA;SUG;create;48,00;CustomerAssign;bima_customerassign_date tersedia (durasi negatif di-clamp ke 0 = Comply);2,38;Comply
202605;TREG 2;PRIANGAN BARAT;CIBINONG;CLS;create;48,00;CustomerAssign;bima_customerassign_date tersedia (durasi negatif di-clamp ke 0 = Comply);0,00;Comply
202605;TREG 5;SULBAGTENG;GORONTALO;TLG;migrate;24,00;CustomerAssign;bima_customerassign_date tersedia (durasi negatif di-clamp ke 0 = Comply);28,43;Not Comply
202605;TREG 2;JAKARTA CENTRUM;JAKPUS;GBC;migrate;24,00;CustomerAssign;bima_customerassign_date tersedia (durasi negatif di-clamp ke 0 = Comply);0,00;Comply
202605;TREG 2;JAKARTA OUTER;JAKSEL;KMG;create;48,00;CustomerAssign;bima_customerassign_date tersedia (durasi negatif di-clamp ke 0 = Comply);0,00;Comply
202605;TREG 2;JAKARTA OUTER;JAKTIM;RMG;create;48,00;CustomerAssign;bima_customerassign_date tersedia (durasi negatif di-clamp ke 0 = Comply);0,00;Comply
202605;TREG 2;BANTEN;LENGKONG;SRP;create;48,00;CustomerAssign;bima_customerassign_date tersedia (durasi negatif di-clamp ke 0 = Comply);76,74;Not Comply
202605;TREG 2;JAKARTA CENTRUM;JAKPUS;KMY;create;48,00;CustomerAssign;bima_customerassign_date tersedia (durasi negatif di-clamp ke 0 = Comply);4,77;Comply
202605;TREG 2;PRIANGAN BARAT;DEPOK;DEP;create;48,00;CustomerAssign;bima_customerassign_date tersedia (durasi negatif di-clamp ke 0 = Comply);0,00;Comply
202605;TREG 2;BANTEN;PASAR BARU;TAN;migrate;24,00;CustomerAssign;bima_customerassign_date tersedia (durasi negatif di-clamp ke 0 = Comply);9,99;Comply
202605;TREG 1;RIAU;RIKEP;BTC;create;48,00;CustomerAssign;bima_customerassign_date tersedia (durasi negatif di-clamp ke 0 = Comply);10,02;Comply
202605;TREG 1;RIAU;RIKEP;BTC;migrate;24,00;CustomerAssign;bima_customerassign_date tersedia (durasi negatif di-clamp ke 0 = Comply);5,04;Comply
202605;TREG 4;BALIKPAPAN;BALIKPAPAN;BRU;migrate;24,00;CustomerAssign;bima_customerassign_date tersedia (durasi negatif di-clamp ke 0 = Comply);27,07;Not Comply
202605;TREG 3;SURAMADU;SURABAYA SELATAN;JGR;migrate;24,00;CustomerAssign;bima_customerassign_date tersedia (durasi negatif di-clamp ke 0 = Comply);0,00;Comply
202605;TREG 2;JAKARTA OUTER;JAKSEL;KMG;create;48,00;CustomerAssign;bima_customerassign_date tersedia (durasi negatif di-clamp ke 0 = Comply);0,00;Comply
202605;TREG 2;JAKARTA CENTRUM;JAKUT;KTX;create;48,00;CustomerAssign;bima_customerassign_date tersedia (durasi negatif di-clamp ke 0 = Comply);10,22;Comply
202605;TREG 3;BALI;DENPASAR CENTRUM;KLM;create;48,00;CustomerAssign;bima_customerassign_date tersedia (durasi negatif di-clamp ke 0 = Comply);130,23;Not Comply
202605;TREG 2;BEKASI KARAWANG;BEKASI;PDE;migrate;24,00;CustomerAssign;bima_customerassign_date tersedia (durasi negatif di-clamp ke 0 = Comply);27,25;Not Comply
202605;TREG 2;JAKARTA OUTER;JAKTIM;KRG;create;48,00;CustomerAssign;bima_customerassign_date tersedia (durasi negatif di-clamp ke 0 = Comply);123,32;Not Comply
202605;TREG 2;PRIANGAN BARAT;DEPOK;DEP;create;48,00;CustomerAssign;bima_customerassign_date tersedia (durasi negatif di-clamp ke 0 = Comply);0,00;Comply
202605;TREG 2;PRIANGAN BARAT;SENTUL;KHL;migrate;24,00;CustomerAssign;bima_customerassign_date tersedia (durasi negatif di-clamp ke 0 = Comply);3,39;Comply
202605;TREG 4;KALTIMTARA;NUNUKAN;MLN;migrate;24,00;CustomerAssign;bima_customerassign_date tersedia (durasi negatif di-clamp ke 0 = Comply);0,00;Comply
202605;TREG 2;JAKARTA INNER;JAKBAR;CKG;create;48,00;CustomerAssign;bima_customerassign_date tersedia (durasi negatif di-clamp ke 0 = Comply);0,00;Comply
202605;TREG 3;SURAMADU;LAMONGAN;SDD;create;48,00;CustomerAssign;bima_customerassign_date tersedia (durasi negatif di-clamp ke 0 = Comply);173,44;Not Comply
202605;TREG 3;SURAMADU;SURABAYA UTARA;TNS;migrate;24,00;CustomerAssign;bima_customerassign_date tersedia (durasi negatif di-clamp ke 0 = Comply);0,00;Comply
202605;TREG 2;JAKARTA OUTER;JAKTIM;GAN;create;48,00;CustomerAssign;bima_customerassign_date tersedia (durasi negatif di-clamp ke 0 = Comply);0,00;Comply
202605;TREG 4;BALIKPAPAN;BALIKPAPAN;GSA;migrate;24,00;CustomerAssign;bima_customerassign_date tersedia (durasi negatif di-clamp ke 0 = Comply);28,03;Not Comply
202605;TREG 3;BALI;DENPASAR UTARA;UBN;migrate;24,00;CustomerAssign;bima_customerassign_date tersedia (durasi negatif di-clamp ke 0 = Comply);0,00;Comply
202605;TREG 1;SUMBAR JAMBI;BUKIT TINGGI;BSO;create;48,00;CustomerAssign;bima_customerassign_date tersedia (durasi negatif di-clamp ke 0 = Comply);0,00;Comply
202605;TREG 4;KALTIMTARA;BULUNGAN BERAU;TSL;migrate;24,00;CustomerAssign;bima_customerassign_date tersedia (durasi negatif di-clamp ke 0 = Comply);0,00;Comply
202605;TREG 5;SULBAGSEL;PALOPO;PLP;migrate;24,00;CustomerAssign;bima_customerassign_date tersedia (durasi negatif di-clamp ke 0 = Comply);52,41;Not Comply
202605;TREG 2;BANDUNG;BANDUNG;HGM;create;48,00;CustomerAssign;bima_customerassign_date tersedia (durasi negatif di-clamp ke 0 = Comply);52,44;Not Comply
202605;TREG 4;BALIKPAPAN;BALIKPAPAN;BRU;migrate;24,00;CustomerAssign;bima_customerassign_date tersedia (durasi negatif di-clamp ke 0 = Comply);0,00;Comply
202605;TREG 2;JAKARTA INNER;JAKBAR;TGA;migrate;24,00;CustomerAssign;bima_customerassign_date tersedia (durasi negatif di-clamp ke 0 = Comply);0,00;Comply
202605;TREG 2;BANDUNG;BANDUNG BARAT;CMI;migrate;24,00;CustomerAssign;bima_customerassign_date tersedia (durasi negatif di-clamp ke 0 = Comply);0,00;Comply
202605;TREG 1;RIAU;RIDAR;PBB;create;48,00;CustomerAssign;bima_customerassign_date tersedia (durasi negatif di-clamp ke 0 = Comply);0,00;Comply
202605;TREG 2;JAKARTA OUTER;JAKSEL;JAG;migrate;24,00;CustomerAssign;bima_customerassign_date tersedia (durasi negatif di-clamp ke 0 = Comply);11,61;Comply
202605;TREG 2;JAKARTA INNER;JAKBAR;PLM;migrate;24,00;CustomerAssign;bima_customerassign_date tersedia (durasi negatif di-clamp ke 0 = Comply);0,00;Comply
202605;TREG 1;RIAU;BANGKINANG;ARK;migrate;24,00;CustomerAssign;bima_customerassign_date tersedia (durasi negatif di-clamp ke 0 = Comply);197,67;Not Comply
202605;TREG 1;RIAU;BANGKINANG;PKR;migrate;24,00;CustomerAssign;bima_customerassign_date tersedia (durasi negatif di-clamp ke 0 = Comply);0,00;Comply
202605;TREG 2;PRIANGAN BARAT;DEPOK;DEP;migrate;24,00;CustomerAssign;bima_customerassign_date tersedia (durasi negatif di-clamp ke 0 = Comply);0,00;Comply
202605;TREG 2;PRIANGAN BARAT;KUJANG;DMG;migrate;24,00;CustomerAssign;bima_customerassign_date tersedia (durasi negatif di-clamp ke 0 = Comply);0,00;Comply
202605;TREG 3;SURAMADU;SURABAYA UTARA;KBL;migrate;24,00;CustomerAssign;bima_customerassign_date tersedia (durasi negatif di-clamp ke 0 = Comply);0,00;Comply
202605;TREG 1;RIAU;DUMAI;DRI;migrate;24,00;CustomerAssign;bima_customerassign_date tersedia (durasi negatif di-clamp ke 0 = Comply);0,00;Comply
202605;TREG 3;JATIM BARAT;KEDIRI;KDI;migrate;24,00;CustomerAssign;bima_customerassign_date tersedia (durasi negatif di-clamp ke 0 = Comply);12,13;Comply
202605;TREG 2;BANTEN;LENGKONG;SRP;migrate;24,00;CustomerAssign;bima_customerassign_date tersedia (durasi negatif di-clamp ke 0 = Comply);0,00;Comply
202605;TREG 5;SULBAGSEL;MAMUJU;MAM;migrate;24,00;CustomerAssign;bima_customerassign_date tersedia (durasi negatif di-clamp ke 0 = Comply);413,52;Not Comply
202605;TREG 2;PRIANGAN BARAT;DEPOK;PCM;migrate;24,00;CustomerAssign;bima_customerassign_date tersedia (durasi negatif di-clamp ke 0 = Comply);0,00;Comply
202605;TREG 2;BANTEN;PASAR BARU;CKL;create;48,00;CustomerAssign;bima_customerassign_date tersedia (durasi negatif di-clamp ke 0 = Comply);7,76;Comply
202605;TREG 5;SUMALUT;TERNATE;TNT;migrate;24,00;CustomerAssign;bima_customerassign_date tersedia (durasi negatif di-clamp ke 0 = Comply);180,76;Not Comply
202605;TREG 2;BEKASI KARAWANG;BEKASI;PKY;migrate;24,00;CustomerAssign;bima_customerassign_date tersedia (durasi negatif di-clamp ke 0 = Comply);0,00;Comply
202605;TREG 3;BALI;DENPASAR CENTRUM;SWI;migrate;24,00;CustomerAssign;bima_customerassign_date tersedia (durasi negatif di-clamp ke 0 = Comply);0,00;Comply
202605;TREG 2;BEKASI KARAWANG;PURWAKARTA;CKP;create;48,00;CustomerAssign;bima_customerassign_date tersedia (durasi negatif di-clamp ke 0 = Comply);0,00;Comply
202605;TREG 3;JATIM TIMUR;JOMBANG;POS;create;48,00;CustomerAssign;bima_customerassign_date tersedia (durasi negatif di-clamp ke 0 = Comply);0,00;Comply
202605;TREG 2;BANDUNG;SUMEDANG;CJA;migrate;24,00;CustomerAssign;bima_customerassign_date tersedia (durasi negatif di-clamp ke 0 = Comply);0,00;Comply
202605;TREG 2;BEKASI KARAWANG;BEKASI;KLB;create;48,00;CustomerAssign;bima_customerassign_date tersedia (durasi negatif di-clamp ke 0 = Comply);0,00;Comply
202605;TREG 5;SUMALUT;MINAHASA;TMH;migrate;24,00;CustomerAssign;bima_customerassign_date tersedia (durasi negatif di-clamp ke 0 = Comply);541,78;Not Comply
202605;TREG 3;SURAMADU;SURABAYA SELATAN;TPO;migrate;24,00;CustomerAssign;bima_customerassign_date tersedia (durasi negatif di-clamp ke 0 = Comply);0,00;Comply
202605;TREG 4;KALSELTENG;BATULICIN;BLC;migrate;24,00;CustomerAssign;bima_customerassign_date tersedia (durasi negatif di-clamp ke 0 = Comply);14,14;Comply
202605;TREG 2;BEKASI KARAWANG;BEKASI;KRA;create;48,00;CustomerAssign;bima_customerassign_date tersedia (durasi negatif di-clamp ke 0 = Comply);15,09;Comply
202605;TREG 1;RIAU;RIKEP;NGS;migrate;24,00;CustomerAssign;bima_customerassign_date tersedia (durasi negatif di-clamp ke 0 = Comply);0,00;Comply
202605;TREG 3;SOLO JATENG TIMUR;SOLO;SOP;migrate;24,00;CustomerAssign;bima_customerassign_date tersedia (durasi negatif di-clamp ke 0 = Comply);0,00;Comply
202605;TREG 2;BEKASI KARAWANG;BEKASI;KRA;migrate;24,00;CustomerAssign;bima_customerassign_date tersedia (durasi negatif di-clamp ke 0 = Comply);18,01;Comply
202605;TREG 4;KALSELTENG;MUARA TEWEH;TML;migrate;24,00;CustomerAssign;bima_customerassign_date tersedia (durasi negatif di-clamp ke 0 = Comply);577,31;Not Comply
202605;TREG 4;KALTIMTARA;MELAK;SBR;migrate;24,00;CustomerAssign;bima_customerassign_date tersedia (durasi negatif di-clamp ke 0 = Comply);164,40;Not Comply
202605;TREG 3;JATIM TIMUR;SIDOARJO;GDA;create;48,00;CustomerAssign;bima_customerassign_date tersedia (durasi negatif di-clamp ke 0 = Comply);0,00;Comply
202605;TREG 4;BALIKPAPAN;BALIKPAPAN;BRU;create;48,00;CustomerAssign;bima_customerassign_date tersedia (durasi negatif di-clamp ke 0 = Comply);0,00;Comply
202605;TREG 2;JAKARTA INNER;JAKBAR;PLM;migrate;24,00;CustomerAssign;bima_customerassign_date tersedia (durasi negatif di-clamp ke 0 = Comply);20,69;Comply
202605;TREG 4;KALSELTENG;MUARA TEWEH;MTW;migrate;24,00;CustomerAssign;bima_customerassign_date tersedia (durasi negatif di-clamp ke 0 = Comply);0,00;Comply
202605;TREG 1;ACEH;LHOKSEUMAWE;LSM;migrate;24,00;CustomerAssign;bima_customerassign_date tersedia (durasi negatif di-clamp ke 0 = Comply);21,90;Comply
202605;TREG 4;KALSELTENG;BATULICIN;PGT;migrate;24,00;CustomerAssign;bima_customerassign_date tersedia (durasi negatif di-clamp ke 0 = Comply);0,00;Comply
202605;TREG 4;KALSELTENG;TANJUNG TABALONG;AMT;migrate;24,00;CustomerAssign;bima_customerassign_date tersedia (durasi negatif di-clamp ke 0 = Comply);0,00;Comply
202605;TREG 4;KALTIMTARA;SAMARINDA;LOB;migrate;24,00;CustomerAssign;bima_customerassign_date tersedia (durasi negatif di-clamp ke 0 = Comply);0,00;Comply
202605;TREG 3;SOLO JATENG TIMUR;SOLO;KRT;create;48,00;CustomerAssign;bima_customerassign_date tersedia (durasi negatif di-clamp ke 0 = Comply);0,00;Comply
202605;TREG 2;PRIANGAN BARAT;KUJANG;LWL;migrate;24,00;CustomerAssign;bima_customerassign_date tersedia (durasi negatif di-clamp ke 0 = Comply);51,67;Not Comply
202605;TREG 2;PRIANGAN BARAT;CIBINONG;CSN;create;48,00;CustomerAssign;bima_customerassign_date tersedia (durasi negatif di-clamp ke 0 = Comply);0,00;Comply
202605;TREG 2;BANDUNG;SUMEDANG;UBR;migrate;24,00;CustomerAssign;bima_customerassign_date tersedia (durasi negatif di-clamp ke 0 = Comply);21,16;Comply
202605;TREG 2;BANDUNG;SUMEDANG;CJA;create;48,00;CustomerAssign;bima_customerassign_date tersedia (durasi negatif di-clamp ke 0 = Comply);4,21;Comply
202605;TREG 3;YOGYA JATENG SELATAN;PURWOKERTO;SUK;create;48,00;CustomerAssign;bima_customerassign_date tersedia (durasi negatif di-clamp ke 0 = Comply);0,00;Comply
202605;TREG 4;KALSELTENG;MUARA TEWEH;MTW;migrate;24,00;CustomerAssign;bima_customerassign_date tersedia (durasi negatif di-clamp ke 0 = Comply);0,00;Comply
202605;TREG 3;YOGYA JATENG SELATAN;KEBUMEN;KBM;create;48,00;CustomerAssign;bima_customerassign_date tersedia (durasi negatif di-clamp ke 0 = Comply);0,00;Comply
202605;TREG 4;KALTIMTARA;BONTANG;STT;migrate;24,00;CustomerAssign;bima_customerassign_date tersedia (durasi negatif di-clamp ke 0 = Comply);47,85;Not Comply
202605;TREG 4;KALSELTENG;MUARA TEWEH;BNT;migrate;24,00;CustomerAssign;bima_customerassign_date tersedia (durasi negatif di-clamp ke 0 = Comply);0,00;Comply
202605;TREG 2;BANTEN;PASAR BARU;CPD;create;48,00;CustomerAssign;bima_customerassign_date tersedia (durasi negatif di-clamp ke 0 = Comply);4,97;Comply
202605;TREG 2;JAKARTA CENTRUM;JAKUT;CIL;migrate;24,00;CustomerAssign;bima_customerassign_date tersedia (durasi negatif di-clamp ke 0 = Comply);0,00;Comply
202605;TREG 2;BEKASI KARAWANG;PURWAKARTA;PWK;create;48,00;CustomerAssign;bima_customerassign_date tersedia (durasi negatif di-clamp ke 0 = Comply);22,00;Comply
202605;TREG 4;KALSELTENG;TANJUNG TABALONG;TJL;migrate;24,00;CustomerAssign;bima_customerassign_date tersedia (durasi negatif di-clamp ke 0 = Comply);0,00;Comply
202605;TREG 2;JAKARTA CENTRUM;JAKPUS;CID;migrate;24,00;CustomerAssign;bima_customerassign_date tersedia (durasi negatif di-clamp ke 0 = Comply);0,23;Comply
202605;TREG 2;BEKASI KARAWANG;BEKASI;PKY;create;48,00;CustomerAssign;bima_customerassign_date tersedia (durasi negatif di-clamp ke 0 = Comply);0,00;Comply
202605;TREG 1;SUMUT;MEDAN;CTD;migrate;24,00;CustomerAssign;bima_customerassign_date tersedia (durasi negatif di-clamp ke 0 = Comply);0,31;Comply
202605;TREG 2;JAKARTA CENTRUM;JAKUT;CIL;create;48,00;CustomerAssign;bima_customerassign_date tersedia (durasi negatif di-clamp ke 0 = Comply);22,37;Comply
202605;TREG 3;JATIM BARAT;BATU;BTU;migrate;24,00;CustomerAssign;bima_customerassign_date tersedia (durasi negatif di-clamp ke 0 = Comply);0,00;Comply
202605;TREG 2;BANDUNG;SUMEDANG;UBR;migrate;24,00;CustomerAssign;bima_customerassign_date tersedia (durasi negatif di-clamp ke 0 = Comply);29,46;Not Comply
202605;TREG 2;JAKARTA OUTER;JAKTIM;JTN;create;48,00;CustomerAssign;bima_customerassign_date tersedia (durasi negatif di-clamp ke 0 = Comply);29,59;Comply
202605;TREG 3;JATIM BARAT;MALANG;KLJ;migrate;24,00;CustomerAssign;bima_customerassign_date tersedia (durasi negatif di-clamp ke 0 = Comply);0,61;Comply
202605;TREG 4;BALIKPAPAN;TANAHGROGOT;TNG;migrate;24,00;CustomerAssign;bima_customerassign_date tersedia (durasi negatif di-clamp ke 0 = Comply);101,64;Not Comply
202605;TREG 2;JAKARTA OUTER;JAKSEL;JAG;migrate;24,00;PI;bima_customerassign_date kosong → pakai orca_pi_date (durasi negatif di-clamp ke 0 = Comply);23,45;Comply
202605;TREG 4;KALTIMTARA;SAMARINDA;LOB;migrate;24,00;CustomerAssign;bima_customerassign_date tersedia (durasi negatif di-clamp ke 0 = Comply);0,00;Comply
202605;TREG 3;JATIM TIMUR;SIDOARJO;GDA;migrate;24,00;CustomerAssign;bima_customerassign_date tersedia (durasi negatif di-clamp ke 0 = Comply);53,80;Not Comply
202605;TREG 1;RIAU;RIKEP;SLU;migrate;24,00;CustomerAssign;bima_customerassign_date tersedia (durasi negatif di-clamp ke 0 = Comply);0,00;Comply
202605;TREG 2;BEKASI KARAWANG;BEKASI;PDE;migrate;24,00;CustomerAssign;bima_customerassign_date tersedia (durasi negatif di-clamp ke 0 = Comply);47,19;Not Comply
202605;TREG 5;SUMALUT;KOTAMOBAGO;KTG;migrate;24,00;CustomerAssign;bima_customerassign_date tersedia (durasi negatif di-clamp ke 0 = Comply);21,20;Comply
202605;TREG 5;SUMALUT;MINAHASA;TDN;create;48,00;CustomerAssign;bima_customerassign_date tersedia (durasi negatif di-clamp ke 0 = Comply);49,26;Not Comply
202605;TREG 2;JAKARTA OUTER;JAKTIM;JTN;migrate;24,00;CustomerAssign;bima_customerassign_date tersedia (durasi negatif di-clamp ke 0 = Comply);0,00;Comply
202605;TREG 4;BALIKPAPAN;BALIKPAPAN;BRU;migrate;24,00;CustomerAssign;bima_customerassign_date tersedia (durasi negatif di-clamp ke 0 = Comply);0,00;Comply
202605;TREG 1;SUMUT;LUBUK PAKAM;LBP;migrate;24,00;CustomerAssign;bima_customerassign_date tersedia (durasi negatif di-clamp ke 0 = Comply);25,61;Not Comply
202605;TREG 1;LAMPUNG BENGKULU;LAMPUNG;KDT;create;48,00;CustomerAssign;bima_customerassign_date tersedia (durasi negatif di-clamp ke 0 = Comply);0,00;Comply
202605;TREG 3;SURAMADU;SURABAYA UTARA;KNN;migrate;24,00;CustomerAssign;bima_customerassign_date tersedia (durasi negatif di-clamp ke 0 = Comply);25,87;Not Comply
202605;TREG 2;JAKARTA OUTER;JAKTIM;KRG;create;48,00;CustomerAssign;bima_customerassign_date tersedia (durasi negatif di-clamp ke 0 = Comply);6,87;Comply
202605;TREG 2;JAKARTA OUTER;JAKTIM;CWA;create;48,00;CustomerAssign;bima_customerassign_date tersedia (durasi negatif di-clamp ke 0 = Comply);1,92;Comply
202605;TREG 3;BALI;DENPASAR CENTRUM;KLM;create;48,00;CustomerAssign;bima_customerassign_date tersedia (durasi negatif di-clamp ke 0 = Comply);23,94;Comply
202605;TREG 4;KALSELTENG;BATULICIN;STI;create;48,00;CustomerAssign;bima_customerassign_date tersedia (durasi negatif di-clamp ke 0 = Comply);0,00;Comply
202605;TREG 3;SURAMADU;SURABAYA UTARA;KJR;migrate;24,00;CustomerAssign;bima_customerassign_date tersedia (durasi negatif di-clamp ke 0 = Comply);0,00;Comply
202605;TREG 5;PAPUA;JAYAPURA;JAP;migrate;24,00;CustomerAssign;bima_customerassign_date tersedia (durasi negatif di-clamp ke 0 = Comply);0,00;Comply
202605;TREG 2;JAKARTA OUTER;JAKTIM;CWA;migrate;24,00;CustomerAssign;bima_customerassign_date tersedia (durasi negatif di-clamp ke 0 = Comply);0,00;Comply
202605;TREG 4;BALIKPAPAN;BALIKPAPAN;BRU;migrate;24,00;CustomerAssign;bima_customerassign_date tersedia (durasi negatif di-clamp ke 0 = Comply);0,00;Comply
202605;TREG 4;BALIKPAPAN;BALIKPAPAN;BRU;migrate;24,00;CustomerAssign;bima_customerassign_date tersedia (durasi negatif di-clamp ke 0 = Comply);0,00;Comply
202605;TREG 3;YOGYA JATENG SELATAN;WONOSOBO;WOS;migrate;24,00;CustomerAssign;bima_customerassign_date tersedia (durasi negatif di-clamp ke 0 = Comply);48,45;Not Comply
202605;TREG 3;JATIM TIMUR;PROBOLINGGO;PBL;migrate;24,00;CustomerAssign;bima_customerassign_date tersedia (durasi negatif di-clamp ke 0 = Comply);31,46;Not Comply
202605;TREG 2;JAKARTA CENTRUM;JAKUT;STR;migrate;24,00;CustomerAssign;bima_customerassign_date tersedia (durasi negatif di-clamp ke 0 = Comply);0,00;Comply
202605;TREG 5;SULBAGSEL;KENDARI;MDG;create;48,00;CustomerAssign;bima_customerassign_date tersedia (durasi negatif di-clamp ke 0 = Comply);0,00;Comply
202605;TREG 1;RIAU;BANGKINANG;PKR;migrate;24,00;CustomerAssign;bima_customerassign_date tersedia (durasi negatif di-clamp ke 0 = Comply);7,55;Comply
202605;TREG 1;SUMUT;SUMUT;PMS;migrate;24,00;CustomerAssign;bima_customerassign_date tersedia (durasi negatif di-clamp ke 0 = Comply);0,00;Comply
202605;TREG 3;YOGYA JATENG SELATAN;YOGYAKARTA;PGR;migrate;24,00;CustomerAssign;bima_customerassign_date tersedia (durasi negatif di-clamp ke 0 = Comply);0,00;Comply
202605;TREG 2;BANDUNG;SOREANG;BJA;create;48,00;CustomerAssign;bima_customerassign_date tersedia (durasi negatif di-clamp ke 0 = Comply);24,78;Comply
202605;TREG 3;BALI;DENPASAR UTARA;MMN;migrate;24,00;CustomerAssign;bima_customerassign_date tersedia (durasi negatif di-clamp ke 0 = Comply);506,93;Not Comply
202605;TREG 2;BANTEN;CIPUTAT;CPA;migrate;24,00;CustomerAssign;bima_customerassign_date tersedia (durasi negatif di-clamp ke 0 = Comply);175,99;Not Comply
202605;TREG 4;KALBAR;KETAPANG;KTP;migrate;24,00;CustomerAssign;bima_customerassign_date tersedia (durasi negatif di-clamp ke 0 = Comply);97,00;Not Comply
202605;TREG 1;SUMBAR JAMBI;BUKIT TINGGI;SPE;migrate;24,00;CustomerAssign;bima_customerassign_date tersedia (durasi negatif di-clamp ke 0 = Comply);3,04;Comply
202605;TREG 3;SURAMADU;SURABAYA SELATAN;MYR;migrate;24,00;CustomerAssign;bima_customerassign_date tersedia (durasi negatif di-clamp ke 0 = Comply);121,08;Not Comply
202605;TREG 1;ACEH;LHOKSEUMAWE;TKN;migrate;24,00;CustomerAssign;bima_customerassign_date tersedia (durasi negatif di-clamp ke 0 = Comply);27,21;Not Comply
202605;TREG 4;BALIKPAPAN;BALIKPAPAN;BRU;migrate;24,00;CustomerAssign;bima_customerassign_date tersedia (durasi negatif di-clamp ke 0 = Comply);0,00;Comply
202605;TREG 4;KALTIMTARA;MELAK;TGG;migrate;24,00;CustomerAssign;bima_customerassign_date tersedia (durasi negatif di-clamp ke 0 = Comply);0,00;Comply
202605;TREG 1;RIAU;TANJUNG PINANG;DBS;migrate;24,00;CustomerAssign;bima_customerassign_date tersedia (durasi negatif di-clamp ke 0 = Comply);8,70;Comply
202605;TREG 3;BALI;DENPASAR UTARA;UBN;migrate;24,00;CustomerAssign;bima_customerassign_date tersedia (durasi negatif di-clamp ke 0 = Comply);0,00;Comply
202605;TREG 5;SULBAGSEL;PALOPO;PLP;migrate;24,00;CustomerAssign;bima_customerassign_date tersedia (durasi negatif di-clamp ke 0 = Comply);0,00;Comply
202605;TREG 2;JAKARTA OUTER;JAKTIM;GAN;create;48,00;CustomerAssign;bima_customerassign_date tersedia (durasi negatif di-clamp ke 0 = Comply);3,88;Comply
202605;TREG 4;KALTIMTARA;TARAKAN;TRK;migrate;24,00;CustomerAssign;bima_customerassign_date tersedia (durasi negatif di-clamp ke 0 = Comply);0,00;Comply
202605;TREG 1;SUMBAR JAMBI;SOLOK;SLA;migrate;24,00;CustomerAssign;bima_customerassign_date tersedia (durasi negatif di-clamp ke 0 = Comply);393,02;Not Comply
202605;TREG 2;JAKARTA OUTER;JAKSEL;TBE;migrate;24,00;CustomerAssign;bima_customerassign_date tersedia (durasi negatif di-clamp ke 0 = Comply);0,00;Comply
202605;TREG 4;KALSELTENG;BANJARMASIN;BJM;migrate;24,00;CustomerAssign;bima_customerassign_date tersedia (durasi negatif di-clamp ke 0 = Comply);0,00;Comply
202605;TREG 4;KALSELTENG;BATULICIN;KPL;migrate;24,00;CustomerAssign;bima_customerassign_date tersedia (durasi negatif di-clamp ke 0 = Comply);50,31;Not Comply
202605;TREG 4;BALIKPAPAN;BALIKPAPAN;GSA;migrate;24,00;CustomerAssign;bima_customerassign_date tersedia (durasi negatif di-clamp ke 0 = Comply);4,31;Comply
202605;TREG 2;JAKARTA OUTER;JAKSEL;JAG;migrate;24,00;CustomerAssign;bima_customerassign_date tersedia (durasi negatif di-clamp ke 0 = Comply);0,00;Comply
202605;TREG 2;JAKARTA OUTER;JAKSEL;JAG;create;48,00;CustomerAssign;bima_customerassign_date tersedia (durasi negatif di-clamp ke 0 = Comply);0,00;Comply
202605;TREG 2;BANTEN;PASAR BARU;TAN;create;48,00;CustomerAssign;bima_customerassign_date tersedia (durasi negatif di-clamp ke 0 = Comply);34,07;Comply
202605;TREG 3;YOGYA JATENG SELATAN;SLEMAN;SMN;migrate;24,00;CustomerAssign;bima_customerassign_date tersedia (durasi negatif di-clamp ke 0 = Comply);0,00;Comply
202605;TREG 2;JAKARTA OUTER;JAKSEL;TBE;migrate;24,00;CustomerAssign;bima_customerassign_date tersedia (durasi negatif di-clamp ke 0 = Comply);0,00;Comply
202605;TREG 4;KALTIMTARA;TARAKAN;TRK;migrate;24,00;CustomerAssign;bima_customerassign_date tersedia (durasi negatif di-clamp ke 0 = Comply);0,00;Comply
202605;TREG 3;SURAMADU;SURABAYA UTARA;KPS;migrate;24,00;CustomerAssign;bima_customerassign_date tersedia (durasi negatif di-clamp ke 0 = Comply);121,89;Not Comply
202605;TREG 4;BALIKPAPAN;TANAHGROGOT;MJW;migrate;24,00;CustomerAssign;bima_customerassign_date tersedia (durasi negatif di-clamp ke 0 = Comply);51,93;Not Comply
202605;TREG 2;JAKARTA OUTER;JAKTIM;KLD;migrate;24,00;CustomerAssign;bima_customerassign_date tersedia (durasi negatif di-clamp ke 0 = Comply);11,01;Comply
202605;TREG 2;JAKARTA INNER;JAKBAR;PLM;migrate;24,00;CustomerAssign;bima_customerassign_date tersedia (durasi negatif di-clamp ke 0 = Comply);4,12;Comply
202605;TREG 2;JAKARTA INNER;JAKBAR;CKG;migrate;24,00;CustomerAssign;bima_customerassign_date tersedia (durasi negatif di-clamp ke 0 = Comply);0,00;Comply
202605;TREG 4;BALIKPAPAN;TANAHGROGOT;MJW;migrate;24,00;CustomerAssign;bima_customerassign_date tersedia (durasi negatif di-clamp ke 0 = Comply);0,00;Comply
202605;TREG 1;RIAU;RIDAR;PBB;migrate;24,00;CustomerAssign;bima_customerassign_date tersedia (durasi negatif di-clamp ke 0 = Comply);0,00;Comply
202605;TREG 3;YOGYA JATENG SELATAN;SLEMAN;GOD;create;48,00;CustomerAssign;bima_customerassign_date tersedia (durasi negatif di-clamp ke 0 = Comply);0,00;Comply
202605;TREG 4;BALIKPAPAN;TANAHGROGOT;MJW;migrate;24,00;CustomerAssign;bima_customerassign_date tersedia (durasi negatif di-clamp ke 0 = Comply);251,59;Not Comply
202605;TREG 1;RIAU;RIKEP;BTC;migrate;24,00;CustomerAssign;bima_customerassign_date tersedia (durasi negatif di-clamp ke 0 = Comply);0,00;Comply
202605;TREG 4;KALTIMTARA;NUNUKAN;NNK;migrate;24,00;CustomerAssign;bima_customerassign_date tersedia (durasi negatif di-clamp ke 0 = Comply);0,00;Comply
202605;TREG 3;SURAMADU;SURABAYA SELATAN;JGR;create;48,00;CustomerAssign;bima_customerassign_date tersedia (durasi negatif di-clamp ke 0 = Comply);0,00;Comply
202605;TREG 1;RIAU;TANJUNG PINANG;RAI;migrate;24,00;CustomerAssign;bima_customerassign_date tersedia (durasi negatif di-clamp ke 0 = Comply);6,79;Comply
202605;TREG 4;BALIKPAPAN;TANAHGROGOT;MJW;migrate;24,00;CustomerAssign;bima_customerassign_date tersedia (durasi negatif di-clamp ke 0 = Comply);4,91;Comply
202605;TREG 2;PRIANGAN BARAT;DEPOK;SKJ;migrate;24,00;CustomerAssign;bima_customerassign_date tersedia (durasi negatif di-clamp ke 0 = Comply);28,96;Not Comply
202605;TREG 2;JAKARTA CENTRUM;JAKPUS;CID;migrate;24,00;CustomerAssign;bima_customerassign_date tersedia (durasi negatif di-clamp ke 0 = Comply);0,00;Comply
202605;TREG 1;RIAU;RIKEP;SLU;migrate;24,00;CustomerAssign;bima_customerassign_date tersedia (durasi negatif di-clamp ke 0 = Comply);0,00;Comply
202605;TREG 4;BALIKPAPAN;TANAHGROGOT;MJW;migrate;24,00;CustomerAssign;bima_customerassign_date tersedia (durasi negatif di-clamp ke 0 = Comply);79,06;Not Comply
202605;TREG 4;BALIKPAPAN;TANAHGROGOT;MJW;migrate;24,00;CustomerAssign;bima_customerassign_date tersedia (durasi negatif di-clamp ke 0 = Comply);108,09;Not Comply
202605;TREG 2;JAKARTA OUTER;JAKTIM;PGB;migrate;24,00;CustomerAssign;bima_customerassign_date tersedia (durasi negatif di-clamp ke 0 = Comply);7,12;Comply
202605;TREG 2;JAKARTA OUTER;JAKTIM;KRG;migrate;24,00;CustomerAssign;bima_customerassign_date tersedia (durasi negatif di-clamp ke 0 = Comply);0,00;Comply
202605;TREG 3;JATIM TIMUR;SIDOARJO;SDN;create;48,00;CustomerAssign;bima_customerassign_date tersedia (durasi negatif di-clamp ke 0 = Comply);0,00;Comply
202605;TREG 4;KALBAR;SINGKAWANG;SNW;migrate;24,00;CustomerAssign;bima_customerassign_date tersedia (durasi negatif di-clamp ke 0 = Comply);28,49;Not Comply
202605;TREG 2;PRIANGAN BARAT;KUJANG;SPL;migrate;24,00;CustomerAssign;bima_customerassign_date tersedia (durasi negatif di-clamp ke 0 = Comply);0,00;Comply
202605;TREG 1;SUMUT;BINJAI;BJI;migrate;24,00;CustomerAssign;bima_customerassign_date tersedia (durasi negatif di-clamp ke 0 = Comply);661,22;Not Comply
202605;TREG 2;PRIANGAN BARAT;DEPOK;DEP;migrate;24,00;CustomerAssign;bima_customerassign_date tersedia (durasi negatif di-clamp ke 0 = Comply);0,00;Comply
202605;TREG 2;JAKARTA OUTER;JAKTIM;PGG;create;48,00;CustomerAssign;bima_customerassign_date tersedia (durasi negatif di-clamp ke 0 = Comply);6,22;Comply
202605;TREG 2;JAKARTA OUTER;JAKTIM;JTN;migrate;24,00;CustomerAssign;bima_customerassign_date tersedia (durasi negatif di-clamp ke 0 = Comply);6,34;Comply
202605;TREG 1;SUMBAR JAMBI;SOLOK;SJJ;migrate;24,00;CustomerAssign;bima_customerassign_date tersedia (durasi negatif di-clamp ke 0 = Comply);133,92;Not Comply
202605;TREG 1;SUMBAR JAMBI;BUKIT TINGGI;HRU;migrate;24,00;CustomerAssign;bima_customerassign_date tersedia (durasi negatif di-clamp ke 0 = Comply);7,45;Comply
202605;TREG 1;SUMBAR JAMBI;BUKIT TINGGI;BKT;migrate;24,00;CustomerAssign;bima_customerassign_date tersedia (durasi negatif di-clamp ke 0 = Comply);0,00;Comply
202605;TREG 3;YOGYA JATENG SELATAN;PURWOREJO;PWJ;create;48,00;CustomerAssign;bima_customerassign_date tersedia (durasi negatif di-clamp ke 0 = Comply);0,00;Comply
202605;TREG 1;SUMBAGSEL;PRABUMULIH;PBM;migrate;24,00;CustomerAssign;bima_customerassign_date tersedia (durasi negatif di-clamp ke 0 = Comply);47,93;Not Comply
202605;TREG 3;BALI;SINGARAJA;SGR;migrate;24,00;CustomerAssign;bima_customerassign_date tersedia (durasi negatif di-clamp ke 0 = Comply);24,30;Not Comply
202605;TREG 4;KALSELTENG;PALANGKARAYA;PLK;migrate;24,00;CustomerAssign;bima_customerassign_date tersedia (durasi negatif di-clamp ke 0 = Comply);0,38;Comply
202605;TREG 4;KALTIMTARA;BONTANG;BOT;migrate;24,00;CustomerAssign;bima_customerassign_date tersedia (durasi negatif di-clamp ke 0 = Comply);17,53;Comply
202605;TREG 2;PRIANGAN BARAT;DEPOK;CNE;migrate;24,00;CustomerAssign;bima_customerassign_date tersedia (durasi negatif di-clamp ke 0 = Comply);72,63;Not Comply
202605;TREG 1;SUMBAGSEL;BELITUNG;TJN;migrate;24,00;CustomerAssign;bima_customerassign_date tersedia (durasi negatif di-clamp ke 0 = Comply);0,00;Comply
202605;TREG 5;SULBAGTENG;LUWUK;LWU;migrate;24,00;CustomerAssign;bima_customerassign_date tersedia (durasi negatif di-clamp ke 0 = Comply);88,88;Not Comply
202605;TREG 5;SULBAGTENG;PALU;PGI;migrate;24,00;CustomerAssign;bima_customerassign_date tersedia (durasi negatif di-clamp ke 0 = Comply);42,92;Not Comply
202605;TREG 3;JATIM BARAT;KEDIRI;KDI;migrate;24,00;CustomerAssign;bima_customerassign_date tersedia (durasi negatif di-clamp ke 0 = Comply);43,95;Not Comply
202605;TREG 4;KALTIMTARA;SAMARINDA;MBD;migrate;24,00;CustomerAssign;bima_customerassign_date tersedia (durasi negatif di-clamp ke 0 = Comply);18,13;Comply
202605;TREG 5;SULBAGTENG;PALU;TWL;migrate;24,00;CustomerAssign;bima_customerassign_date tersedia (durasi negatif di-clamp ke 0 = Comply);69,20;Not Comply
202605;TREG 5;SULBAGTENG;PALU;PLA;migrate;24,00;CustomerAssign;bima_customerassign_date tersedia (durasi negatif di-clamp ke 0 = Comply);44,32;Not Comply
202605;TREG 5;SULBAGTENG;PALU;PLA;migrate;24,00;CustomerAssign;bima_customerassign_date tersedia (durasi negatif di-clamp ke 0 = Comply);0,00;Comply
202605;TREG 1;RIAU;INDRAGIRI;TBH;migrate;24,00;CustomerAssign;bima_customerassign_date tersedia (durasi negatif di-clamp ke 0 = Comply);193,41;Not Comply
202605;TREG 5;SULBAGTENG;PALU;PLA;migrate;24,00;CustomerAssign;bima_customerassign_date tersedia (durasi negatif di-clamp ke 0 = Comply);65,43;Not Comply
202605;TREG 4;KALSELTENG;BANJARMASIN;BJM;migrate;24,00;CustomerAssign;bima_customerassign_date tersedia (durasi negatif di-clamp ke 0 = Comply);0,00;Comply
202605;TREG 5;SULBAGTENG;PALU;PLB;migrate;24,00;CustomerAssign;bima_customerassign_date tersedia (durasi negatif di-clamp ke 0 = Comply);20,58;Comply
202605;TREG 2;BANTEN;PASAR BARU;CPD;migrate;24,00;CustomerAssign;bima_customerassign_date tersedia (durasi negatif di-clamp ke 0 = Comply);64,63;Not Comply
202605;TREG 1;ACEH;ACEH;LTM;migrate;24,00;CustomerAssign;bima_customerassign_date tersedia (durasi negatif di-clamp ke 0 = Comply);169,67;Not Comply
202605;TREG 4;KALTIMTARA;BONTANG;BLN;migrate;24,00;CustomerAssign;bima_customerassign_date tersedia (durasi negatif di-clamp ke 0 = Comply);69,18;Not Comply
202605;TREG 2;BANTEN;BANTEN;SEG;create;48,00;CustomerAssign;bima_customerassign_date tersedia (durasi negatif di-clamp ke 0 = Comply);0,00;Comply
202605;TREG 1;SUMUT;MEDAN;DLT;migrate;24,00;CustomerAssign;bima_customerassign_date tersedia (durasi negatif di-clamp ke 0 = Comply);0,00;Comply
202605;TREG 2;PRIANGAN BARAT;KUJANG;DMG;create;48,00;CustomerAssign;bima_customerassign_date tersedia (durasi negatif di-clamp ke 0 = Comply);3,04;Comply
202605;TREG 4;KALTIMTARA;BULUNGAN BERAU;TSL;migrate;24,00;CustomerAssign;bima_customerassign_date tersedia (durasi negatif di-clamp ke 0 = Comply);0,00;Comply
202605;TREG 1;SUMBAR JAMBI;SUMBAR;BDT;create;48,00;CustomerAssign;bima_customerassign_date tersedia (durasi negatif di-clamp ke 0 = Comply);0,00;Comply
202605;TREG 3;YOGYA JATENG SELATAN;YOGYAKARTA;PGR;create;48,00;CustomerAssign;bima_customerassign_date tersedia (durasi negatif di-clamp ke 0 = Comply);0,00;Comply
202605;TREG 2;BEKASI KARAWANG;BEKASI;PKY;create;48,00;CustomerAssign;bima_customerassign_date tersedia (durasi negatif di-clamp ke 0 = Comply);0,00;Comply
202605;TREG 4;KALTIMTARA;BULUNGAN BERAU;TBY;create;48,00;CustomerAssign;bima_customerassign_date tersedia (durasi negatif di-clamp ke 0 = Comply);0,00;Comply
202605;TREG 1;ACEH;LANGSA;LGS;migrate;24,00;CustomerAssign;bima_customerassign_date tersedia (durasi negatif di-clamp ke 0 = Comply);310,76;Not Comply
202605;TREG 2;JAKARTA INNER;JAKBAR;TGA;create;48,00;CustomerAssign;bima_customerassign_date tersedia (durasi negatif di-clamp ke 0 = Comply);22,95;Comply
202605;TREG 2;BANTEN;CIPUTAT;CPA;migrate;24,00;CustomerAssign;bima_customerassign_date tersedia (durasi negatif di-clamp ke 0 = Comply);0,00;Comply
202605;TREG 2;BANDUNG;SUMEDANG;CJA;create;48,00;CustomerAssign;bima_customerassign_date tersedia (durasi negatif di-clamp ke 0 = Comply);27,98;Comply
202605;TREG 2;BANDUNG;BANDUNG;BDK;migrate;24,00;CustomerAssign;bima_customerassign_date tersedia (durasi negatif di-clamp ke 0 = Comply);196,01;Not Comply
202605;TREG 1;RIAU;BANGKINANG;RBI;migrate;24,00;CustomerAssign;bima_customerassign_date tersedia (durasi negatif di-clamp ke 0 = Comply);21,18;Comply
202605;TREG 2;JAKARTA OUTER;JAKSEL;KBY;create;48,00;CustomerAssign;bima_customerassign_date tersedia (durasi negatif di-clamp ke 0 = Comply);0,00;Comply
202605;TREG 3;YOGYA JATENG SELATAN;YOGYAKARTA;KBU;create;48,00;CustomerAssign;bima_customerassign_date tersedia (durasi negatif di-clamp ke 0 = Comply);0,00;Comply
202605;TREG 1;SUMUT;MEDAN;TJM;migrate;24,00;CustomerAssign;bima_customerassign_date tersedia (durasi negatif di-clamp ke 0 = Comply);0,00;Comply
202605;TREG 4;KALBAR;PONTIANAK;JAW;migrate;24,00;CustomerAssign;bima_customerassign_date tersedia (durasi negatif di-clamp ke 0 = Comply);117,48;Not Comply
202605;TREG 1;RIAU;BANGKINANG;PKR;migrate;24,00;CustomerAssign;bima_customerassign_date tersedia (durasi negatif di-clamp ke 0 = Comply);0,00;Comply
202605;TREG 1;RIAU;RIKEP;BTC;migrate;24,00;CustomerAssign;bima_customerassign_date tersedia (durasi negatif di-clamp ke 0 = Comply);0,00;Comply
202605;TREG 3;JATIM BARAT;MALANG;BLB;create;48,00;CustomerAssign;bima_customerassign_date tersedia (durasi negatif di-clamp ke 0 = Comply);0,00;Comply
202605;TREG 2;BANTEN;CIPUTAT;CPA;migrate;24,00;CustomerAssign;bima_customerassign_date tersedia (durasi negatif di-clamp ke 0 = Comply);0,00;Comply
202605;TREG 2;JAKARTA INNER;JAKBAR;CKG;migrate;24,00;CustomerAssign;bima_customerassign_date tersedia (durasi negatif di-clamp ke 0 = Comply);21,94;Comply
202605;TREG 2;JAKARTA OUTER;JAKTIM;JTN;create;48,00;CustomerAssign;bima_customerassign_date tersedia (durasi negatif di-clamp ke 0 = Comply);4,99;Comply
202605;TREG 2;JAKARTA CENTRUM;JAKPUS;CPP;migrate;24,00;CustomerAssign;bima_customerassign_date tersedia (durasi negatif di-clamp ke 0 = Comply);0,00;Comply
202605;TREG 5;SULBAGSEL;MAROS;SUD;create;48,00;CustomerAssign;bima_customerassign_date tersedia (durasi negatif di-clamp ke 0 = Comply);0,00;Comply
202605;TREG 2;BEKASI KARAWANG;BEKASI;KRA;create;48,00;CustomerAssign;bima_customerassign_date tersedia (durasi negatif di-clamp ke 0 = Comply);5,11;Comply
202605;TREG 1;RIAU;DUMAI;DUM;migrate;24,00;CustomerAssign;bima_customerassign_date tersedia (durasi negatif di-clamp ke 0 = Comply);94,18;Not Comply
202605;TREG 1;SUMUT;MEDAN;SKI;create;48,00;CustomerAssign;bima_customerassign_date tersedia (durasi negatif di-clamp ke 0 = Comply);46,21;Comply
202605;TREG 3;SOLO JATENG TIMUR;BLORA;BLO;migrate;24,00;CustomerAssign;bima_customerassign_date tersedia (durasi negatif di-clamp ke 0 = Comply);48,43;Not Comply
202605;TREG 4;BALIKPAPAN;BALIKPAPAN;BRU;migrate;24,00;CustomerAssign;bima_customerassign_date tersedia (durasi negatif di-clamp ke 0 = Comply);0,00;Comply
202605;TREG 3;SOLO JATENG TIMUR;SOLO;KTO;migrate;24,00;CustomerAssign;bima_customerassign_date tersedia (durasi negatif di-clamp ke 0 = Comply);0,00;Comply
202605;TREG 2;PRIANGAN BARAT;CIBINONG;CLS;create;48,00;CustomerAssign;bima_customerassign_date tersedia (durasi negatif di-clamp ke 0 = Comply);0,00;Comply
202605;TREG 2;PRIANGAN BARAT;CIBINONG;BJD;create;48,00;CustomerAssign;bima_customerassign_date tersedia (durasi negatif di-clamp ke 0 = Comply);5,59;Comply
202605;TREG 3;SOLO JATENG TIMUR;KLATEN;BYL;migrate;24,00;CustomerAssign;bima_customerassign_date tersedia (durasi negatif di-clamp ke 0 = Comply);1.157,62;Not Comply
202605;TREG 3;YOGYA JATENG SELATAN;PURWOKERTO;PWT;migrate;24,00;CustomerAssign;bima_customerassign_date tersedia (durasi negatif di-clamp ke 0 = Comply);0,00;Comply
202605;TREG 1;RIAU;RIKEP;SLU;migrate;24,00;CustomerAssign;bima_customerassign_date tersedia (durasi negatif di-clamp ke 0 = Comply);0,00;Comply
202605;TREG 2;BANDUNG;PADALARANG;PDL;migrate;24,00;CustomerAssign;bima_customerassign_date tersedia (durasi negatif di-clamp ke 0 = Comply);0,00;Comply
202605;TREG 5;SUMALUT;BITUNG;KAU;create;48,00;CustomerAssign;bima_customerassign_date tersedia (durasi negatif di-clamp ke 0 = Comply);5,11;Comply
202605;TREG 2;BANTEN;PASAR BARU;CPD;create;48,00;CustomerAssign;bima_customerassign_date tersedia (durasi negatif di-clamp ke 0 = Comply);49,16;Not Comply
202605;TREG 4;KALTIMTARA;SAMARINDA;LOB;create;48,00;CustomerAssign;bima_customerassign_date tersedia (durasi negatif di-clamp ke 0 = Comply);49,23;Not Comply
202605;TREG 1;RIAU;INDRAGIRI;RGT;migrate;24,00;CustomerAssign;bima_customerassign_date tersedia (durasi negatif di-clamp ke 0 = Comply);0,00;Comply
202605;TREG 1;LAMPUNG BENGKULU;LAMPUNG;TJK;migrate;24,00;CustomerAssign;bima_customerassign_date tersedia (durasi negatif di-clamp ke 0 = Comply);30,26;Not Comply
202605;TREG 4;KALTIMTARA;BONTANG;BOT;migrate;24,00;CustomerAssign;bima_customerassign_date tersedia (durasi negatif di-clamp ke 0 = Comply);0,00;Comply
202605;TREG 3;JATIM TIMUR;SIDOARJO;GDA;migrate;24,00;CustomerAssign;bima_customerassign_date tersedia (durasi negatif di-clamp ke 0 = Comply);0,00;Comply
202605;TREG 3;BALI;TABANAN;TBN;migrate;24,00;CustomerAssign;bima_customerassign_date tersedia (durasi negatif di-clamp ke 0 = Comply);1,45;Comply
202605;TREG 2;JAKARTA CENTRUM;JAKUT;CIL;create;48,00;CustomerAssign;bima_customerassign_date tersedia (durasi negatif di-clamp ke 0 = Comply);0,00;Comply
202605;TREG 3;SOLO JATENG TIMUR;SOLO;KTO;create;48,00;CustomerAssign;bima_customerassign_date tersedia (durasi negatif di-clamp ke 0 = Comply);0,00;Comply
202605;TREG 4;KALSELTENG;BANJARBARU;LUL;migrate;24,00;CustomerAssign;bima_customerassign_date tersedia (durasi negatif di-clamp ke 0 = Comply);0,75;Comply
202605;TREG 1;SUMBAR JAMBI;JAMBI;MBN;migrate;24,00;CustomerAssign;bima_customerassign_date tersedia (durasi negatif di-clamp ke 0 = Comply);0,00;Comply
202605;TREG 4;KALBAR;MEMPAWAH;STA;create;48,00;CustomerAssign;bima_customerassign_date tersedia (durasi negatif di-clamp ke 0 = Comply);0,00;Comply
202605;TREG 2;BANDUNG;SOREANG;RCK;migrate;24,00;PI;bima_customerassign_date kosong → pakai orca_pi_date (durasi negatif di-clamp ke 0 = Comply);5,39;Comply
202605;TREG 4;KALTIMTARA;TARAKAN;TRK;create;48,00;CustomerAssign;bima_customerassign_date tersedia (durasi negatif di-clamp ke 0 = Comply);0,00;Comply
202605;TREG 3;YOGYA JATENG SELATAN;YOGYAKARTA;PGR;migrate;24,00;CustomerAssign;bima_customerassign_date tersedia (durasi negatif di-clamp ke 0 = Comply);0,00;Comply
202605;TREG 1;SUMUT;MEDAN;SPM;migrate;24,00;CustomerAssign;bima_customerassign_date tersedia (durasi negatif di-clamp ke 0 = Comply);0,00;Comply
202605;TREG 2;JAKARTA OUTER;JAKSEL;CPE;migrate;24,00;CustomerAssign;bima_customerassign_date tersedia (durasi negatif di-clamp ke 0 = Comply);0,00;Comply
202605;TREG 2;JAKARTA INNER;JAKBAR;MRY;create;48,00;CustomerAssign;bima_customerassign_date tersedia (durasi negatif di-clamp ke 0 = Comply);0,00;Comply
202605;TREG 2;BANDUNG;BANDUNG;TLE;create;48,00;CustomerAssign;bima_customerassign_date tersedia (durasi negatif di-clamp ke 0 = Comply);0,02;Comply
202605;TREG 4;KALTIMTARA;SAMARINDA;MBD;migrate;24,00;CustomerAssign;bima_customerassign_date tersedia (durasi negatif di-clamp ke 0 = Comply);24,06;Not Comply
202605;TREG 2;JAKARTA OUTER;JAKTIM;PGG;migrate;24,00;CustomerAssign;bima_customerassign_date tersedia (durasi negatif di-clamp ke 0 = Comply);0,14;Comply
202605;TREG 3;SURAMADU;SURABAYA UTARA;KJR;migrate;24,00;CustomerAssign;bima_customerassign_date tersedia (durasi negatif di-clamp ke 0 = Comply);0,00;Comply
202605;TREG 4;KALBAR;SINTANG;PUT;migrate;24,00;CustomerAssign;bima_customerassign_date tersedia (durasi negatif di-clamp ke 0 = Comply);48,21;Not Comply
202605;TREG 4;KALSELTENG;TANJUNG TABALONG;TJL;migrate;24,00;CustomerAssign;bima_customerassign_date tersedia (durasi negatif di-clamp ke 0 = Comply);0,00;Comply
202605;TREG 2;JAKARTA OUTER;JAKTIM;KRG;migrate;24,00;CustomerAssign;bima_customerassign_date tersedia (durasi negatif di-clamp ke 0 = Comply);26,22;Not Comply
202605;TREG 1;ACEH;LHOKSEUMAWE;LSK;migrate;24,00;CustomerAssign;bima_customerassign_date tersedia (durasi negatif di-clamp ke 0 = Comply);218,24;Not Comply
202605;TREG 3;SEMARANG JATENG UTARA;PEKALONGAN;PKL;migrate;24,00;CustomerAssign;bima_customerassign_date tersedia (durasi negatif di-clamp ke 0 = Comply);151,28;Not Comply
202605;TREG 2;BANDUNG;SUMEDANG;UBR;migrate;24,00;CustomerAssign;bima_customerassign_date tersedia (durasi negatif di-clamp ke 0 = Comply);0,00;Comply
202605;TREG 2;JAKARTA CENTRUM;JAKUT;TPR;create;48,00;CustomerAssign;bima_customerassign_date tersedia (durasi negatif di-clamp ke 0 = Comply);0,00;Comply
202605;TREG 2;JAKARTA INNER;JAKBAR;CKG;migrate;24,00;CustomerAssign;bima_customerassign_date tersedia (durasi negatif di-clamp ke 0 = Comply);0,00;Comply
202605;TREG 4;KALSELTENG;TANJUNG TABALONG;KDG;migrate;24,00;CustomerAssign;bima_customerassign_date tersedia (durasi negatif di-clamp ke 0 = Comply);0,00;Comply
202605;TREG 3;JATIM TIMUR;PROBOLINGGO;PBL;migrate;24,00;CustomerAssign;bima_customerassign_date tersedia (durasi negatif di-clamp ke 0 = Comply);2,66;Comply
202605;TREG 2;BEKASI KARAWANG;CIKARANG;CIB;migrate;24,00;CustomerAssign;bima_customerassign_date tersedia (durasi negatif di-clamp ke 0 = Comply);50,68;Not Comply
202605;TREG 1;SUMUT;MEDAN;PUB;create;48,00;CustomerAssign;bima_customerassign_date tersedia (durasi negatif di-clamp ke 0 = Comply);0,71;Comply
202605;TREG 2;BANDUNG;BANDUNG;BDK;migrate;24,00;CustomerAssign;bima_customerassign_date tersedia (durasi negatif di-clamp ke 0 = Comply);26,88;Not Comply
202605;TREG 3;SURAMADU;SURABAYA UTARA;KNN;migrate;24,00;CustomerAssign;bima_customerassign_date tersedia (durasi negatif di-clamp ke 0 = Comply);0,00;Comply
202605;TREG 4;KALTIMTARA;SAMARINDA;LMP;create;48,00;CustomerAssign;bima_customerassign_date tersedia (durasi negatif di-clamp ke 0 = Comply);55,91;Not Comply
202605;TREG 3;YOGYA JATENG SELATAN;PURWOKERTO;PWT;migrate;24,00;CustomerAssign;bima_customerassign_date tersedia (durasi negatif di-clamp ke 0 = Comply);0,00;Comply
202605;TREG 2;JAKARTA INNER;JAKBAR;CKG;migrate;24,00;CustomerAssign;bima_customerassign_date tersedia (durasi negatif di-clamp ke 0 = Comply);0,00;Comply
202605;TREG 2;PRIANGAN BARAT;CIANJUR;CJR;migrate;24,00;CustomerAssign;bima_customerassign_date tersedia (durasi negatif di-clamp ke 0 = Comply);51,07;Not Comply
202605;TREG 2;JAKARTA INNER;JAKBAR;SMI;migrate;24,00;CustomerAssign;bima_customerassign_date tersedia (durasi negatif di-clamp ke 0 = Comply);51,11;Not Comply
202605;TREG 2;BANTEN;PASAR BARU;CPD;migrate;24,00;CustomerAssign;bima_customerassign_date tersedia (durasi negatif di-clamp ke 0 = Comply);0,00;Comply
202605;TREG 2;BANTEN;CIPUTAT;CPA;migrate;24,00;CustomerAssign;bima_customerassign_date tersedia (durasi negatif di-clamp ke 0 = Comply);0,00;Comply
202605;TREG 2;JAKARTA INNER;JAKBAR;MRY;create;48,00;CustomerAssign;bima_customerassign_date tersedia (durasi negatif di-clamp ke 0 = Comply);8,16;Comply
202605;TREG 3;YOGYA JATENG SELATAN;MAGELANG;MGE;migrate;24,00;CustomerAssign;bima_customerassign_date tersedia (durasi negatif di-clamp ke 0 = Comply);27,20;Not Comply
202605;TREG 3;SURAMADU;SURABAYA UTARA;KNN;migrate;24,00;CustomerAssign;bima_customerassign_date tersedia (durasi negatif di-clamp ke 0 = Comply);0,00;Comply
202605;TREG 2;BANTEN;CILEGON;CLG;migrate;24,00;CustomerAssign;bima_customerassign_date tersedia (durasi negatif di-clamp ke 0 = Comply);3,23;Comply
202605;TREG 3;YOGYA JATENG SELATAN;SLEMAN;PKM;migrate;24,00;CustomerAssign;bima_customerassign_date tersedia (durasi negatif di-clamp ke 0 = Comply);5,24;Comply
202605;TREG 3;JATIM TIMUR;SIDOARJO;GDA;migrate;24,00;CustomerAssign;bima_customerassign_date tersedia (durasi negatif di-clamp ke 0 = Comply);0,00;Comply
202605;TREG 2;BANDUNG;PADALARANG;CLL;migrate;24,00;CustomerAssign;bima_customerassign_date tersedia (durasi negatif di-clamp ke 0 = Comply);1,28;Comply
202605;TREG 1;SUMUT;RANTAU PRAPAT;RAP;migrate;24,00;CustomerAssign;bima_customerassign_date tersedia (durasi negatif di-clamp ke 0 = Comply);0,00;Comply
202605;TREG 2;JAKARTA OUTER;JAKTIM;CWA;migrate;24,00;CustomerAssign;bima_customerassign_date tersedia (durasi negatif di-clamp ke 0 = Comply);8,39;Comply
202605;TREG 1;SUMUT;SIBOLGA;TRT;migrate;24,00;CustomerAssign;bima_customerassign_date tersedia (durasi negatif di-clamp ke 0 = Comply);217,42;Not Comply
202605;TREG 2;BANDUNG;BANDUNG;CCD;create;48,00;CustomerAssign;bima_customerassign_date tersedia (durasi negatif di-clamp ke 0 = Comply);1,47;Comply
202605;TREG 4;BALIKPAPAN;BALIKPAPAN;BRU;migrate;24,00;CustomerAssign;bima_customerassign_date tersedia (durasi negatif di-clamp ke 0 = Comply);0,00;Comply
202605;TREG 2;JAKARTA OUTER;JAKSEL;CPE;migrate;24,00;CustomerAssign;bima_customerassign_date tersedia (durasi negatif di-clamp ke 0 = Comply);51,54;Not Comply
202605;TREG 3;SURAMADU;SURABAYA UTARA;KPS;migrate;24,00;CustomerAssign;bima_customerassign_date tersedia (durasi negatif di-clamp ke 0 = Comply);6,55;Comply
202605;TREG 2;BEKASI KARAWANG;BEKASI;KLB;migrate;24,00;CustomerAssign;bima_customerassign_date tersedia (durasi negatif di-clamp ke 0 = Comply);0,00;Comply
202605;TREG 3;JATIM BARAT;KEPANJEN;KEP;migrate;24,00;CustomerAssign;bima_customerassign_date tersedia (durasi negatif di-clamp ke 0 = Comply);3,60;Comply
202605;TREG 2;BANTEN;CIPUTAT;CLD;migrate;24,00;CustomerAssign;bima_customerassign_date tersedia (durasi negatif di-clamp ke 0 = Comply);32,60;Not Comply
202605;TREG 4;KALTIMTARA;BULUNGAN BERAU;TRD;migrate;24,00;CustomerAssign;bima_customerassign_date tersedia (durasi negatif di-clamp ke 0 = Comply);0,00;Comply
202605;TREG 4;KALSELTENG;PALANGKARAYA;KKN;migrate;24,00;CustomerAssign;bima_customerassign_date tersedia (durasi negatif di-clamp ke 0 = Comply);0,00;Comply
202605;TREG 3;JATIM TIMUR;SIDOARJO;GDA;create;48,00;CustomerAssign;bima_customerassign_date tersedia (durasi negatif di-clamp ke 0 = Comply);3,74;Comply
202605;TREG 3;SEMARANG JATENG UTARA;BREBES;BKA;migrate;24,00;CustomerAssign;bima_customerassign_date tersedia (durasi negatif di-clamp ke 0 = Comply);0,00;Comply
202605;TREG 3;BALI;TABANAN;TBN;migrate;24,00;CustomerAssign;bima_customerassign_date tersedia (durasi negatif di-clamp ke 0 = Comply);0,00;Comply
202605;TREG 1;ACEH;LHOKSEUMAWE;BIR;migrate;24,00;CustomerAssign;bima_customerassign_date tersedia (durasi negatif di-clamp ke 0 = Comply);313,81;Not Comply
202605;TREG 4;KALSELTENG;SAMPIT;SAI;migrate;24,00;CustomerAssign;bima_customerassign_date tersedia (durasi negatif di-clamp ke 0 = Comply);0,00;Comply
202605;TREG 4;KALSELTENG;PANGKALAN BUN;PBU;migrate;24,00;CustomerAssign;bima_customerassign_date tersedia (durasi negatif di-clamp ke 0 = Comply);104,95;Not Comply
202605;TREG 4;BALIKPAPAN;BALIKPAPAN;GSA;migrate;24,00;CustomerAssign;bima_customerassign_date tersedia (durasi negatif di-clamp ke 0 = Comply);51,95;Not Comply
202605;TREG 4;KALSELTENG;SAMPIT;SAI;migrate;24,00;CustomerAssign;bima_customerassign_date tersedia (durasi negatif di-clamp ke 0 = Comply);0,00;Comply
202605;TREG 3;JATIM BARAT;MALANG;PKS;migrate;24,00;CustomerAssign;bima_customerassign_date tersedia (durasi negatif di-clamp ke 0 = Comply);2,01;Comply
202605;TREG 5;SULBAGSEL;MAKASSAR;MAT;create;48,00;CustomerAssign;bima_customerassign_date tersedia (durasi negatif di-clamp ke 0 = Comply);0,00;Comply
202605;TREG 2;BANTEN;CIKUPA;TGR;create;48,00;CustomerAssign;bima_customerassign_date tersedia (durasi negatif di-clamp ke 0 = Comply);52,02;Not Comply
202605;TREG 3;SURAMADU;SURABAYA SELATAN;TPO;migrate;24,00;CustomerAssign;bima_customerassign_date tersedia (durasi negatif di-clamp ke 0 = Comply);0,00;Comply
202605;TREG 3;JATIM BARAT;BATU;BTU;migrate;24,00;CustomerAssign;bima_customerassign_date tersedia (durasi negatif di-clamp ke 0 = Comply);0,00;Comply
202605;TREG 4;BALIKPAPAN;BALIKPAPAN;BAM;migrate;24,00;CustomerAssign;bima_customerassign_date tersedia (durasi negatif di-clamp ke 0 = Comply);50,04;Not Comply
202605;TREG 1;SUMUT;MEDAN;SPM;migrate;24,00;CustomerAssign;bima_customerassign_date tersedia (durasi negatif di-clamp ke 0 = Comply);4,04;Comply
202605;TREG 4;KALSELTENG;BANJARBARU;BBR;migrate;24,00;CustomerAssign;bima_customerassign_date tersedia (durasi negatif di-clamp ke 0 = Comply);0,00;Comply
202605;TREG 2;JAKARTA OUTER;JAKTIM;GAN;migrate;24,00;CustomerAssign;bima_customerassign_date tersedia (durasi negatif di-clamp ke 0 = Comply);297,06;Not Comply
202605;TREG 2;BEKASI KARAWANG;BEKASI;PDE;create;48,00;CustomerAssign;bima_customerassign_date tersedia (durasi negatif di-clamp ke 0 = Comply);50,06;Not Comply
202605;TREG 2;PRIANGAN BARAT;SENTUL;CWI;migrate;24,00;CustomerAssign;bima_customerassign_date tersedia (durasi negatif di-clamp ke 0 = Comply);0,00;Comply
202605;TREG 4;KALSELTENG;BATULICIN;STI;migrate;24,00;CustomerAssign;bima_customerassign_date tersedia (durasi negatif di-clamp ke 0 = Comply);0,00;Comply
202605;TREG 2;PRIANGAN BARAT;DEPOK;DEP;migrate;24,00;CustomerAssign;bima_customerassign_date tersedia (durasi negatif di-clamp ke 0 = Comply);0,00;Comply
202605;TREG 3;BALI;DENPASAR CENTRUM;SAU;create;48,00;CustomerAssign;bima_customerassign_date tersedia (durasi negatif di-clamp ke 0 = Comply);0,00;Comply
202605;TREG 2;BEKASI KARAWANG;BEKASI;KRA;create;48,00;CustomerAssign;bima_customerassign_date tersedia (durasi negatif di-clamp ke 0 = Comply);9,13;Comply
202605;TREG 2;PRIANGAN BARAT;DEPOK;DEP;migrate;24,00;CustomerAssign;bima_customerassign_date tersedia (durasi negatif di-clamp ke 0 = Comply);28,14;Not Comply
202605;TREG 2;BEKASI KARAWANG;CIKARANG;SUE;migrate;24,00;CustomerAssign;bima_customerassign_date tersedia (durasi negatif di-clamp ke 0 = Comply);153,19;Not Comply
202605;TREG 2;JAKARTA OUTER;JAKSEL;JAG;migrate;24,00;CustomerAssign;bima_customerassign_date tersedia (durasi negatif di-clamp ke 0 = Comply);0,00;Comply
202605;TREG 3;YOGYA JATENG SELATAN;BANTUL;BTL;create;48,00;CustomerAssign;bima_customerassign_date tersedia (durasi negatif di-clamp ke 0 = Comply);0,00;Comply
202605;TREG 1;SUMBAGSEL;PRABUMULIH;KAG;create;48,00;CustomerAssign;bima_customerassign_date tersedia (durasi negatif di-clamp ke 0 = Comply);52,34;Not Comply
202605;TREG 2;BANDUNG;PADALARANG;PDL;migrate;24,00;CustomerAssign;bima_customerassign_date tersedia (durasi negatif di-clamp ke 0 = Comply);105,34;Not Comply
202605;TREG 5;SULBAGSEL;MAKASSAR;TMA;migrate;24,00;CustomerAssign;bima_customerassign_date tersedia (durasi negatif di-clamp ke 0 = Comply);0,00;Comply
202605;TREG 3;YOGYA JATENG SELATAN;YOGYAKARTA;PGR;migrate;24,00;CustomerAssign;bima_customerassign_date tersedia (durasi negatif di-clamp ke 0 = Comply);0,00;Comply
202605;TREG 5;SUMALUT;BITUNG;AMD;create;48,00;CustomerAssign;bima_customerassign_date tersedia (durasi negatif di-clamp ke 0 = Comply);0,00;Comply
202605;TREG 5;SULBAGSEL;KOLAKA;KKA;migrate;24,00;CustomerAssign;bima_customerassign_date tersedia (durasi negatif di-clamp ke 0 = Comply);0,00;Comply
202605;TREG 3;SURAMADU;SURABAYA SELATAN;MYR;migrate;24,00;CustomerAssign;bima_customerassign_date tersedia (durasi negatif di-clamp ke 0 = Comply);0,00;Comply
202605;TREG 4;KALBAR;PONTIANAK;SRD;migrate;24,00;CustomerAssign;bima_customerassign_date tersedia (durasi negatif di-clamp ke 0 = Comply);9,60;Comply
202605;TREG 3;SEMARANG JATENG UTARA;SEMARANG;SSL;migrate;24,00;CustomerAssign;bima_customerassign_date tersedia (durasi negatif di-clamp ke 0 = Comply);50,61;Not Comply
202605;TREG 4;KALSELTENG;PALANGKARAYA;KKP;migrate;24,00;CustomerAssign;bima_customerassign_date tersedia (durasi negatif di-clamp ke 0 = Comply);0,00;Comply
202605;TREG 4;KALTIMTARA;BONTANG;BOT;migrate;24,00;CustomerAssign;bima_customerassign_date tersedia (durasi negatif di-clamp ke 0 = Comply);0,00;Comply
202605;TREG 4;KALTIMTARA;TARAKAN;TRK;migrate;24,00;CustomerAssign;bima_customerassign_date tersedia (durasi negatif di-clamp ke 0 = Comply);0,00;Comply
202605;TREG 1;RIAU;RIKEP;LBJ;migrate;24,00;CustomerAssign;bima_customerassign_date tersedia (durasi negatif di-clamp ke 0 = Comply);98,86;Not Comply
202605;TREG 4;BALIKPAPAN;BALIKPAPAN;BRU;migrate;24,00;CustomerAssign;bima_customerassign_date tersedia (durasi negatif di-clamp ke 0 = Comply);0,00;Comply
202605;TREG 4;BALIKPAPAN;BALIKPAPAN;GSA;create;48,00;CustomerAssign;bima_customerassign_date tersedia (durasi negatif di-clamp ke 0 = Comply);27,04;Comply
202605;TREG 2;BANTEN;CIKUPA;BLJ;migrate;24,00;CustomerAssign;bima_customerassign_date tersedia (durasi negatif di-clamp ke 0 = Comply);3,07;Comply
202605;TREG 5;SUMALUT;KOTAMOBAGO;TUT;migrate;24,00;CustomerAssign;bima_customerassign_date tersedia (durasi negatif di-clamp ke 0 = Comply);0,00;Comply
202605;TREG 4;KALSELTENG;BANJARBARU;BBR;migrate;24,00;CustomerAssign;bima_customerassign_date tersedia (durasi negatif di-clamp ke 0 = Comply);0,00;Comply
202605;TREG 3;SOLO JATENG TIMUR;KUDUS;KUD;migrate;24,00;CustomerAssign;bima_customerassign_date tersedia (durasi negatif di-clamp ke 0 = Comply);315,21;Not Comply
202605;TREG 1;LAMPUNG BENGKULU;PRINGSEWU;PRW;migrate;24,00;CustomerAssign;bima_customerassign_date tersedia (durasi negatif di-clamp ke 0 = Comply);53,24;Not Comply
202605;TREG 3;YOGYA JATENG SELATAN;YOGYAKARTA;KBU;create;48,00;CustomerAssign;bima_customerassign_date tersedia (durasi negatif di-clamp ke 0 = Comply);3,29;Comply
202605;TREG 3;YOGYA JATENG SELATAN;PURWOKERTO;PWT;migrate;24,00;CustomerAssign;bima_customerassign_date tersedia (durasi negatif di-clamp ke 0 = Comply);0,00;Comply
202605;TREG 2;JAKARTA OUTER;JAKTIM;PGB;migrate;24,00;CustomerAssign;bima_customerassign_date tersedia (durasi negatif di-clamp ke 0 = Comply);0,00;Comply
202605;TREG 2;BANTEN;RANGKAS-PANDEGLANG;RKS;migrate;24,00;CustomerAssign;bima_customerassign_date tersedia (durasi negatif di-clamp ke 0 = Comply);267,35;Not Comply
202605;TREG 3;NUSA TENGGARA;NTT;KPN;migrate;24,00;CustomerAssign;bima_customerassign_date tersedia (durasi negatif di-clamp ke 0 = Comply);0,00;Comply
202605;TREG 3;JATIM BARAT;MALANG;BRG;migrate;24,00;CustomerAssign;bima_customerassign_date tersedia (durasi negatif di-clamp ke 0 = Comply);53,50;Not Comply
202605;TREG 2;BEKASI KARAWANG;CIKARANG;CIB;create;48,00;CustomerAssign;bima_customerassign_date tersedia (durasi negatif di-clamp ke 0 = Comply);0,00;Comply
202605;TREG 2;JAKARTA OUTER;JAKSEL;BIN;migrate;24,00;CustomerAssign;bima_customerassign_date tersedia (durasi negatif di-clamp ke 0 = Comply);0,00;Comply
202605;TREG 1;SUMUT;MEDAN;CTD;migrate;24,00;CustomerAssign;bima_customerassign_date tersedia (durasi negatif di-clamp ke 0 = Comply);77,56;Not Comply
202605;TREG 2;PRIANGAN BARAT;DEPOK;CNE;create;48,00;CustomerAssign;bima_customerassign_date tersedia (durasi negatif di-clamp ke 0 = Comply);5,57;Comply
202605;TREG 2;BEKASI KARAWANG;BEKASI;PDE;migrate;24,00;CustomerAssign;bima_customerassign_date tersedia (durasi negatif di-clamp ke 0 = Comply);317,62;Not Comply
202605;TREG 2;PRIANGAN BARAT;DEPOK;SKJ;migrate;24,00;CustomerAssign;bima_customerassign_date tersedia (durasi negatif di-clamp ke 0 = Comply);0,00;Comply
202605;TREG 2;JAKARTA OUTER;JAKTIM;KRG;create;48,00;CustomerAssign;bima_customerassign_date tersedia (durasi negatif di-clamp ke 0 = Comply);5,69;Comply
202605;TREG 1;RIAU;TANJUNG PINANG;KMS;migrate;24,00;CustomerAssign;bima_customerassign_date tersedia (durasi negatif di-clamp ke 0 = Comply);10,77;Comply
202605;TREG 2;BANDUNG;SUMEDANG;UBR;migrate;24,00;CustomerAssign;bima_customerassign_date tersedia (durasi negatif di-clamp ke 0 = Comply);0,00;Comply
202605;TREG 2;JAKARTA OUTER;JAKTIM;GAN;create;48,00;CustomerAssign;bima_customerassign_date tersedia (durasi negatif di-clamp ke 0 = Comply);291,78;Not Comply
202605;TREG 3;JATIM BARAT;BATU;KPO;create;48,00;CustomerAssign;bima_customerassign_date tersedia (durasi negatif di-clamp ke 0 = Comply);0,00;Comply
202605;TREG 3;JATIM TIMUR;SIBO;BOW;migrate;24,00;CustomerAssign;bima_customerassign_date tersedia (durasi negatif di-clamp ke 0 = Comply);0,00;Comply
202605;TREG 1;SUMUT;SIBOLGA;GST;create;48,00;CustomerAssign;bima_customerassign_date tersedia (durasi negatif di-clamp ke 0 = Comply);5,91;Comply
202605;TREG 5;SULBAGTENG;PALU;PLA;migrate;24,00;CustomerAssign;bima_customerassign_date tersedia (durasi negatif di-clamp ke 0 = Comply);26,96;Not Comply
202605;TREG 3;SURAMADU;SURABAYA SELATAN;JGR;migrate;24,00;CustomerAssign;bima_customerassign_date tersedia (durasi negatif di-clamp ke 0 = Comply);5,97;Comply
202605;TREG 3;BALI;DENPASAR CENTRUM;TOP;create;48,00;CustomerAssign;bima_customerassign_date tersedia (durasi negatif di-clamp ke 0 = Comply);0,00;Comply
202605;TREG 2;JAKARTA OUTER;JAKTIM;KLD;migrate;24,00;CustomerAssign;bima_customerassign_date tersedia (durasi negatif di-clamp ke 0 = Comply);0,00;Comply
202605;TREG 3;SEMARANG JATENG UTARA;SEMARANG;SMT;migrate;24,00;CustomerAssign;bima_customerassign_date tersedia (durasi negatif di-clamp ke 0 = Comply);0,00;Comply
202605;TREG 2;BANTEN;PASAR BARU;CPD;create;48,00;CustomerAssign;bima_customerassign_date tersedia (durasi negatif di-clamp ke 0 = Comply);0,00;Comply
202605;TREG 2;BANTEN;LENGKONG;LGK;create;48,00;CustomerAssign;bima_customerassign_date tersedia (durasi negatif di-clamp ke 0 = Comply);0,00;Comply
202605;TREG 4;KALSELTENG;BANJARMASIN;ULI;migrate;24,00;CustomerAssign;bima_customerassign_date tersedia (durasi negatif di-clamp ke 0 = Comply);0,00;Comply
202605;TREG 4;KALSELTENG;BATULICIN;BLC;migrate;24,00;CustomerAssign;bima_customerassign_date tersedia (durasi negatif di-clamp ke 0 = Comply);0,00;Comply
202605;TREG 2;JAKARTA INNER;JAKBAR;CKG;migrate;24,00;CustomerAssign;bima_customerassign_date tersedia (durasi negatif di-clamp ke 0 = Comply);0,00;Comply
202605;TREG 3;SOLO JATENG TIMUR;PATI;PAT;migrate;24,00;CustomerAssign;bima_customerassign_date tersedia (durasi negatif di-clamp ke 0 = Comply);0,00;Comply
202605;TREG 2;BEKASI KARAWANG;BEKASI;PDE;migrate;24,00;CustomerAssign;bima_customerassign_date tersedia (durasi negatif di-clamp ke 0 = Comply);0,00;Comply
202605;TREG 3;SURAMADU;SURABAYA UTARA;KJR;migrate;24,00;CustomerAssign;bima_customerassign_date tersedia (durasi negatif di-clamp ke 0 = Comply);52,68;Not Comply
202605;TREG 4;KALTIMTARA;TARAKAN;TRK;migrate;24,00;CustomerAssign;bima_customerassign_date tersedia (durasi negatif di-clamp ke 0 = Comply);0,00;Comply
202605;TREG 2;JAKARTA INNER;JAKBAR;MRY;migrate;24,00;CustomerAssign;bima_customerassign_date tersedia (durasi negatif di-clamp ke 0 = Comply);0,00;Comply
202605;TREG 2;JAKARTA CENTRUM;JAKPUS;CID;migrate;24,00;CustomerAssign;bima_customerassign_date tersedia (durasi negatif di-clamp ke 0 = Comply);0,00;Comply
202605;TREG 3;SOLO JATENG TIMUR;KLATEN;BYL;create;48,00;CustomerAssign;bima_customerassign_date tersedia (durasi negatif di-clamp ke 0 = Comply);0,00;Comply
202605;TREG 5;PAPUA;BIAK;BIA;migrate;24,00;CustomerAssign;bima_customerassign_date tersedia (durasi negatif di-clamp ke 0 = Comply);676,00;Not Comply
202605;TREG 5;SULBAGSEL;PALOPO;SRK;migrate;24,00;CustomerAssign;bima_customerassign_date tersedia (durasi negatif di-clamp ke 0 = Comply);108,02;Not Comply
202605;TREG 2;JAKARTA INNER;JAKBAR;CKG;migrate;24,00;CustomerAssign;bima_customerassign_date tersedia (durasi negatif di-clamp ke 0 = Comply);0,00;Comply
202605;TREG 2;JAKARTA CENTRUM;JAKUT;PDM;migrate;24,00;CustomerAssign;bima_customerassign_date tersedia (durasi negatif di-clamp ke 0 = Comply);0,00;Comply
202605;TREG 2;JAKARTA OUTER;JAKSEL;TBE;migrate;24,00;CustomerAssign;bima_customerassign_date tersedia (durasi negatif di-clamp ke 0 = Comply);55,21;Not Comply
202605;TREG 1;SUMUT;MEDAN;SKI;migrate;24,00;CustomerAssign;bima_customerassign_date tersedia (durasi negatif di-clamp ke 0 = Comply);0,00;Comply
202605;TREG 2;BANDUNG;PADALARANG;PDL;migrate;24,00;CustomerAssign;bima_customerassign_date tersedia (durasi negatif di-clamp ke 0 = Comply);0,00;Comply
202605;TREG 2;BANTEN;CIPUTAT;CLD;migrate;24,00;CustomerAssign;bima_customerassign_date tersedia (durasi negatif di-clamp ke 0 = Comply);55,42;Not Comply
202605;TREG 2;BEKASI KARAWANG;PURWAKARTA;PWK;migrate;24,00;CustomerAssign;bima_customerassign_date tersedia (durasi negatif di-clamp ke 0 = Comply);0,00;Comply
202605;TREG 3;JATIM BARAT;MALANG;SWJ;migrate;24,00;CustomerAssign;bima_customerassign_date tersedia (durasi negatif di-clamp ke 0 = Comply);5,50;Comply
202605;TREG 1;RIAU;BANGKINANG;RBI;migrate;24,00;CustomerAssign;bima_customerassign_date tersedia (durasi negatif di-clamp ke 0 = Comply);0,00;Comply
202605;TREG 3;SOLO JATENG TIMUR;KLATEN;KLX;migrate;24,00;CustomerAssign;bima_customerassign_date tersedia (durasi negatif di-clamp ke 0 = Comply);32,71;Not Comply
202605;TREG 2;JAKARTA INNER;JAKBAR;CKG;migrate;24,00;CustomerAssign;bima_customerassign_date tersedia (durasi negatif di-clamp ke 0 = Comply);36,90;Not Comply
202605;TREG 2;BEKASI KARAWANG;BEKASI;KLB;migrate;24,00;CustomerAssign;bima_customerassign_date tersedia (durasi negatif di-clamp ke 0 = Comply);0,00;Comply
202605;TREG 1;SUMUT;LUBUK PAKAM;LBP;migrate;24,00;CustomerAssign;bima_customerassign_date tersedia (durasi negatif di-clamp ke 0 = Comply);80,28;Not Comply
202605;TREG 2;BANTEN;LENGKONG;CUG;create;48,00;CustomerAssign;bima_customerassign_date tersedia (durasi negatif di-clamp ke 0 = Comply);0,00;Comply
202605;TREG 1;SUMBAR JAMBI;SUMBAR;PRS;create;48,00;CustomerAssign;bima_customerassign_date tersedia (durasi negatif di-clamp ke 0 = Comply);8,55;Comply
202605;TREG 2;PRIANGAN TIMUR;KUNINGAN;SDU;migrate;24,00;CustomerAssign;bima_customerassign_date tersedia (durasi negatif di-clamp ke 0 = Comply);246,61;Not Comply
202605;TREG 2;JAKARTA OUTER;JAKTIM;PGG;migrate;24,00;CustomerAssign;bima_customerassign_date tersedia (durasi negatif di-clamp ke 0 = Comply);0,00;Comply
202605;TREG 3;JATIM TIMUR;SIDOARJO;GDA;migrate;24,00;CustomerAssign;bima_customerassign_date tersedia (durasi negatif di-clamp ke 0 = Comply);0,00;Comply
202605;TREG 2;JAKARTA OUTER;JAKTIM;PGG;create;48,00;CustomerAssign;bima_customerassign_date tersedia (durasi negatif di-clamp ke 0 = Comply);0,00;Comply
202605;TREG 2;BANTEN;LENGKONG;SRP;create;48,00;CustomerAssign;bima_customerassign_date tersedia (durasi negatif di-clamp ke 0 = Comply);0,00;Comply
202605;TREG 2;BEKASI KARAWANG;BEKASI;BBL;create;48,00;CustomerAssign;bima_customerassign_date tersedia (durasi negatif di-clamp ke 0 = Comply);0,00;Comply
202605;TREG 2;PRIANGAN TIMUR;CIREBON;CBN;migrate;24,00;CustomerAssign;bima_customerassign_date tersedia (durasi negatif di-clamp ke 0 = Comply);64,49;Not Comply
202605;TREG 5;SUMALUT;AMBON;PAO;migrate;24,00;CustomerAssign;bima_customerassign_date tersedia (durasi negatif di-clamp ke 0 = Comply);19,07;Comply
202605;TREG 5;SUMALUT;TUAL;TUA;migrate;24,00;CustomerAssign;bima_customerassign_date tersedia (durasi negatif di-clamp ke 0 = Comply);118,11;Not Comply
202605;TREG 5;SULBAGSEL;MAKASSAR;PNK;migrate;24,00;CustomerAssign;bima_customerassign_date tersedia (durasi negatif di-clamp ke 0 = Comply);0,00;Comply
202605;TREG 2;BANTEN;CILEGON;CLG;migrate;24,00;CustomerAssign;bima_customerassign_date tersedia (durasi negatif di-clamp ke 0 = Comply);48,32;Not Comply
202605;TREG 2;BANTEN;LENGKONG;SRP;migrate;24,00;CustomerAssign;bima_customerassign_date tersedia (durasi negatif di-clamp ke 0 = Comply);0,00;Comply
202605;TREG 1;SUMBAR JAMBI;MUARA BUNGO;SRJ;migrate;24,00;CustomerAssign;bima_customerassign_date tersedia (durasi negatif di-clamp ke 0 = Comply);113,49;Not Comply
202605;TREG 2;PRIANGAN BARAT;KUJANG;PAR;migrate;24,00;CustomerAssign;bima_customerassign_date tersedia (durasi negatif di-clamp ke 0 = Comply);0,00;Comply
202605;TREG 2;PRIANGAN BARAT;KUJANG;BOO;migrate;24,00;CustomerAssign;bima_customerassign_date tersedia (durasi negatif di-clamp ke 0 = Comply);20,50;Comply
202605;TREG 5;SUMALUT;TERNATE;TNT;migrate;24,00;CustomerAssign;bima_customerassign_date tersedia (durasi negatif di-clamp ke 0 = Comply);0,00;Comply
202605;TREG 1;SUMUT;MEDAN;SKI;create;48,00;CustomerAssign;bima_customerassign_date tersedia (durasi negatif di-clamp ke 0 = Comply);1,63;Comply
202605;TREG 1;ACEH;ACEH;LTM;create;48,00;CustomerAssign;bima_customerassign_date tersedia (durasi negatif di-clamp ke 0 = Comply);0,00;Comply
202605;TREG 2;BANTEN;PASAR BARU;CKL;create;48,00;CustomerAssign;bima_customerassign_date tersedia (durasi negatif di-clamp ke 0 = Comply);289,74;Not Comply
202605;TREG 1;ACEH;LHOKSEUMAWE;SLG;migrate;24,00;CustomerAssign;bima_customerassign_date tersedia (durasi negatif di-clamp ke 0 = Comply);40,92;Not Comply
202605;TREG 4;KALTIMTARA;SAMARINDA;LOB;migrate;24,00;CustomerAssign;bima_customerassign_date tersedia (durasi negatif di-clamp ke 0 = Comply);0,00;Comply
202605;TREG 4;KALTIMTARA;BONTANG;BOT;create;48,00;CustomerAssign;bima_customerassign_date tersedia (durasi negatif di-clamp ke 0 = Comply);0,00;Comply
202605;TREG 4;KALBAR;PONTIANAK;JAW;migrate;24,00;CustomerAssign;bima_customerassign_date tersedia (durasi negatif di-clamp ke 0 = Comply);0,00;Comply
202605;TREG 3;SURAMADU;SURABAYA UTARA;KLN;migrate;24,00;CustomerAssign;bima_customerassign_date tersedia (durasi negatif di-clamp ke 0 = Comply);0,00;Comply
202605;TREG 5;SULBAGSEL;GOWA;SUG;create;48,00;CustomerAssign;bima_customerassign_date tersedia (durasi negatif di-clamp ke 0 = Comply);0,00;Comply
202605;TREG 2;JAKARTA CENTRUM;JAKUT;KLG;migrate;24,00;CustomerAssign;bima_customerassign_date tersedia (durasi negatif di-clamp ke 0 = Comply);0,00;Comply
202605;TREG 2;PRIANGAN BARAT;CIBINONG;BJD;create;48,00;CustomerAssign;bima_customerassign_date tersedia (durasi negatif di-clamp ke 0 = Comply);0,00;Comply
202605;TREG 4;KALTIMTARA;BONTANG;STT;migrate;24,00;CustomerAssign;bima_customerassign_date tersedia (durasi negatif di-clamp ke 0 = Comply);645,89;Not Comply
202605;TREG 5;SULBAGTENG;PALU;PLB;create;48,00;CustomerAssign;bima_customerassign_date tersedia (durasi negatif di-clamp ke 0 = Comply);0,00;Comply
202605;TREG 4;KALSELTENG;BANJARMASIN;GMB;create;48,00;CustomerAssign;bima_customerassign_date tersedia (durasi negatif di-clamp ke 0 = Comply);0,00;Comply
202605;TREG 5;SUMALUT;MENADO;MDO;migrate;24,00;CustomerAssign;bima_customerassign_date tersedia (durasi negatif di-clamp ke 0 = Comply);0,00;Comply
202605;TREG 2;BANDUNG;SUMEDANG;UBR;create;48,00;CustomerAssign;bima_customerassign_date tersedia (durasi negatif di-clamp ke 0 = Comply);3,27;Comply
202605;TREG 1;RIAU;RIKEP;BTC;create;48,00;CustomerAssign;bima_customerassign_date tersedia (durasi negatif di-clamp ke 0 = Comply);20,28;Comply
202605;TREG 3;SOLO JATENG TIMUR;SOLO;KRT;migrate;24,00;CustomerAssign;bima_customerassign_date tersedia (durasi negatif di-clamp ke 0 = Comply);0,00;Comply
202605;TREG 4;KALSELTENG;TANJUNG TABALONG;BRI;migrate;24,00;CustomerAssign;bima_customerassign_date tersedia (durasi negatif di-clamp ke 0 = Comply);3,33;Comply
202605;TREG 2;BEKASI KARAWANG;KARAWANG;TLJ;migrate;24,00;CustomerAssign;bima_customerassign_date tersedia (durasi negatif di-clamp ke 0 = Comply);3,39;Comply
202605;TREG 2;JAKARTA OUTER;JAKTIM;GAN;migrate;24,00;CustomerAssign;bima_customerassign_date tersedia (durasi negatif di-clamp ke 0 = Comply);147,51;Not Comply
202605;TREG 4;KALSELTENG;PALANGKARAYA;PLK;migrate;24,00;CustomerAssign;bima_customerassign_date tersedia (durasi negatif di-clamp ke 0 = Comply);0,00;Comply
202605;TREG 2;PRIANGAN TIMUR;BANJAR;BJS;create;48,00;CustomerAssign;bima_customerassign_date tersedia (durasi negatif di-clamp ke 0 = Comply);3,70;Comply
202605;TREG 5;SULBAGSEL;KOLAKA;KKA;create;48,00;CustomerAssign;bima_customerassign_date tersedia (durasi negatif di-clamp ke 0 = Comply);0,00;Comply
202605;TREG 1;SUMBAGSEL;SUMSEL;PGC;migrate;24,00;CustomerAssign;bima_customerassign_date tersedia (durasi negatif di-clamp ke 0 = Comply);99,78;Not Comply
202605;TREG 3;SURAMADU;SURABAYA UTARA;KNN;create;48,00;CustomerAssign;bima_customerassign_date tersedia (durasi negatif di-clamp ke 0 = Comply);0,00;Comply
202605;TREG 1;SUMUT;MEDAN;SPM;migrate;24,00;CustomerAssign;bima_customerassign_date tersedia (durasi negatif di-clamp ke 0 = Comply);0,00;Comply
202605;TREG 1;RIAU;RIKEP;LBJ;create;48,00;CustomerAssign;bima_customerassign_date tersedia (durasi negatif di-clamp ke 0 = Comply);0,00;Comply
202605;TREG 5;SULBAGSEL;BAU-BAU;BBU;migrate;24,00;CustomerAssign;bima_customerassign_date tersedia (durasi negatif di-clamp ke 0 = Comply);0,00;Comply
202605;TREG 4;KALTIMTARA;SAMARINDA;LOB;migrate;24,00;CustomerAssign;bima_customerassign_date tersedia (durasi negatif di-clamp ke 0 = Comply);0,00;Comply
202605;TREG 4;KALSELTENG;BANJARBARU;BBR;create;48,00;CustomerAssign;bima_customerassign_date tersedia (durasi negatif di-clamp ke 0 = Comply);0,00;Comply
202605;TREG 4;KALSELTENG;BANJARMASIN;BJM;migrate;24,00;CustomerAssign;bima_customerassign_date tersedia (durasi negatif di-clamp ke 0 = Comply);0,00;Comply
202605;TREG 5;SULBAGSEL;MAKASSAR;MAT;migrate;24,00;CustomerAssign;bima_customerassign_date tersedia (durasi negatif di-clamp ke 0 = Comply);141,41;Not Comply
202605;TREG 5;SULBAGSEL;MAKASSAR;PNK;create;48,00;CustomerAssign;bima_customerassign_date tersedia (durasi negatif di-clamp ke 0 = Comply);0,00;Comply
202605;TREG 4;KALSELTENG;PANGKALAN BUN;PBU;migrate;24,00;CustomerAssign;bima_customerassign_date tersedia (durasi negatif di-clamp ke 0 = Comply);2,58;Comply
202605;TREG 2;JAKARTA OUTER;JAKTIM;KRG;create;48,00;CustomerAssign;bima_customerassign_date tersedia (durasi negatif di-clamp ke 0 = Comply);0,00;Comply
202605;TREG 1;RIAU;INDRAGIRI;PMB;migrate;24,00;CustomerAssign;bima_customerassign_date tersedia (durasi negatif di-clamp ke 0 = Comply);0,00;Comply
202605;TREG 3;JATIM BARAT;KEDIRI;MJT;create;48,00;CustomerAssign;bima_customerassign_date tersedia (durasi negatif di-clamp ke 0 = Comply);0,00;Comply
202605;TREG 3;SOLO JATENG TIMUR;SRAGEN;KAR;migrate;24,00;CustomerAssign;bima_customerassign_date tersedia (durasi negatif di-clamp ke 0 = Comply);45,71;Not Comply
202605;TREG 3;SOLO JATENG TIMUR;SOLO;KTO;migrate;24,00;CustomerAssign;bima_customerassign_date tersedia (durasi negatif di-clamp ke 0 = Comply);0,00;Comply
202605;TREG 3;SOLO JATENG TIMUR;SOLO;KRT;migrate;24,00;CustomerAssign;bima_customerassign_date tersedia (durasi negatif di-clamp ke 0 = Comply);0,00;Comply
202605;TREG 5;SULBAGSEL;PALOPO;PLP;migrate;24,00;CustomerAssign;bima_customerassign_date tersedia (durasi negatif di-clamp ke 0 = Comply);0,00;Comply
202605;TREG 4;KALBAR;SINTANG;PUT;migrate;24,00;CustomerAssign;bima_customerassign_date tersedia (durasi negatif di-clamp ke 0 = Comply);120,01;Not Comply
202605;TREG 4;KALTIMTARA;BONTANG;LKT;migrate;24,00;CustomerAssign;bima_customerassign_date tersedia (durasi negatif di-clamp ke 0 = Comply);0,00;Comply
202605;TREG 3;SOLO JATENG TIMUR;KLATEN;KLX;migrate;24,00;CustomerAssign;bima_customerassign_date tersedia (durasi negatif di-clamp ke 0 = Comply);0,00;Comply
202605;TREG 5;SULBAGSEL;MAMUJU;MAM;create;48,00;CustomerAssign;bima_customerassign_date tersedia (durasi negatif di-clamp ke 0 = Comply);0,00;Comply
202605;TREG 3;YOGYA JATENG SELATAN;KEBUMEN;KBM;migrate;24,00;CustomerAssign;bima_customerassign_date tersedia (durasi negatif di-clamp ke 0 = Comply);0,00;Comply
202605;TREG 3;YOGYA JATENG SELATAN;YOGYAKARTA;PGR;create;48,00;CustomerAssign;bima_customerassign_date tersedia (durasi negatif di-clamp ke 0 = Comply);0,00;Comply
202605;TREG 1;RIAU;DUMAI;DRI;migrate;24,00;CustomerAssign;bima_customerassign_date tersedia (durasi negatif di-clamp ke 0 = Comply);101,22;Not Comply
202605;TREG 1;LAMPUNG BENGKULU;BENGKULU;BNC;migrate;24,00;CustomerAssign;bima_customerassign_date tersedia (durasi negatif di-clamp ke 0 = Comply);0,00;Comply
202605;TREG 4;KALBAR;SINTANG;NPN;migrate;24,00;CustomerAssign;bima_customerassign_date tersedia (durasi negatif di-clamp ke 0 = Comply);101,32;Not Comply
202605;TREG 2;JAKARTA OUTER;JAKSEL;TBE;migrate;24,00;CustomerAssign;bima_customerassign_date tersedia (durasi negatif di-clamp ke 0 = Comply);5,43;Comply
202605;TREG 2;JAKARTA OUTER;JAKSEL;JAG;migrate;24,00;CustomerAssign;bima_customerassign_date tersedia (durasi negatif di-clamp ke 0 = Comply);0,00;Comply
202605;TREG 2;BANDUNG;SOREANG;RCK;create;48,00;CustomerAssign;bima_customerassign_date tersedia (durasi negatif di-clamp ke 0 = Comply);5,62;Comply
202605;TREG 2;JAKARTA CENTRUM;JAKPUS;CPP;migrate;24,00;CustomerAssign;bima_customerassign_date tersedia (durasi negatif di-clamp ke 0 = Comply);0,00;Comply
202605;TREG 3;SEMARANG JATENG UTARA;SEMARANG;SMT;create;48,00;CustomerAssign;bima_customerassign_date tersedia (durasi negatif di-clamp ke 0 = Comply);0,00;Comply
202605;TREG 3;JATIM BARAT;PONOROGO;SMO;migrate;24,00;CustomerAssign;bima_customerassign_date tersedia (durasi negatif di-clamp ke 0 = Comply);168,85;Not Comply
202605;TREG 2;JAKARTA CENTRUM;JAKPUS;CPP;migrate;24,00;CustomerAssign;bima_customerassign_date tersedia (durasi negatif di-clamp ke 0 = Comply);0,00;Comply
202605;TREG 4;KALSELTENG;BANJARBARU;BBR;create;48,00;CustomerAssign;bima_customerassign_date tersedia (durasi negatif di-clamp ke 0 = Comply);0,00;Comply
202605;TREG 3;SOLO JATENG TIMUR;SOLO;GLD;create;48,00;CustomerAssign;bima_customerassign_date tersedia (durasi negatif di-clamp ke 0 = Comply);1,13;Comply
202605;TREG 4;KALSELTENG;TANJUNG TABALONG;RTA;migrate;24,00;CustomerAssign;bima_customerassign_date tersedia (durasi negatif di-clamp ke 0 = Comply);0,00;Comply
202605;TREG 2;JAKARTA OUTER;JAKTIM;CWA;create;48,00;CustomerAssign;bima_customerassign_date tersedia (durasi negatif di-clamp ke 0 = Comply);0,00;Comply
202605;TREG 4;KALSELTENG;TANJUNG TABALONG;TJL;migrate;24,00;CustomerAssign;bima_customerassign_date tersedia (durasi negatif di-clamp ke 0 = Comply);0,00;Comply
202605;TREG 3;YOGYA JATENG SELATAN;YOGYAKARTA;PGR;migrate;24,00;CustomerAssign;bima_customerassign_date tersedia (durasi negatif di-clamp ke 0 = Comply);0,00;Comply
202605;TREG 2;JAKARTA INNER;JAKBAR;SLP;create;48,00;CustomerAssign;bima_customerassign_date tersedia (durasi negatif di-clamp ke 0 = Comply);0,00;Comply
202605;TREG 3;SEMARANG JATENG UTARA;SEMARANG;MJP;migrate;24,00;CustomerAssign;bima_customerassign_date tersedia (durasi negatif di-clamp ke 0 = Comply);1,48;Comply
202605;TREG 2;JAKARTA OUTER;JAKTIM;CWA;migrate;24,00;CustomerAssign;bima_customerassign_date tersedia (durasi negatif di-clamp ke 0 = Comply);0,00;Comply
202605;TREG 4;KALSELTENG;BANJARMASIN;KYG;create;48,00;CustomerAssign;bima_customerassign_date tersedia (durasi negatif di-clamp ke 0 = Comply);0,00;Comply
202605;TREG 2;BEKASI KARAWANG;BEKASI;BEK;migrate;24,00;CustomerAssign;bima_customerassign_date tersedia (durasi negatif di-clamp ke 0 = Comply);0,00;Comply
202605;TREG 3;SEMARANG JATENG UTARA;PEKALONGAN;PKL;migrate;24,00;CustomerAssign;bima_customerassign_date tersedia (durasi negatif di-clamp ke 0 = Comply);73,72;Not Comply
202605;TREG 2;JAKARTA OUTER;JAKSEL;JAG;create;48,00;CustomerAssign;bima_customerassign_date tersedia (durasi negatif di-clamp ke 0 = Comply);30,77;Comply
202605;TREG 2;JAKARTA OUTER;JAKTIM;PSR;migrate;24,00;CustomerAssign;bima_customerassign_date tersedia (durasi negatif di-clamp ke 0 = Comply);1,83;Comply
202605;TREG 2;JAKARTA CENTRUM;JAKPUS;CID;migrate;24,00;CustomerAssign;bima_customerassign_date tersedia (durasi negatif di-clamp ke 0 = Comply);0,00;Comply
202605;TREG 3;SURAMADU;SURABAYA SELATAN;GBG;create;48,00;CustomerAssign;bima_customerassign_date tersedia (durasi negatif di-clamp ke 0 = Comply);0,00;Comply
202605;TREG 3;YOGYA JATENG SELATAN;YOGYAKARTA;BBS;create;48,00;CustomerAssign;bima_customerassign_date tersedia (durasi negatif di-clamp ke 0 = Comply);0,00;Comply
202605;TREG 3;BALI;DENPASAR CENTRUM;KLM;create;48,00;CustomerAssign;bima_customerassign_date tersedia (durasi negatif di-clamp ke 0 = Comply);7,05;Comply
202605;TREG 2;BEKASI KARAWANG;KARAWANG;KRW;migrate;24,00;CustomerAssign;bima_customerassign_date tersedia (durasi negatif di-clamp ke 0 = Comply);0,00;Comply
202605;TREG 3;SURAMADU;SURABAYA UTARA;KNN;create;48,00;CustomerAssign;bima_customerassign_date tersedia (durasi negatif di-clamp ke 0 = Comply);0,00;Comply
202605;TREG 2;PRIANGAN BARAT;DEPOK;SKJ;create;48,00;CustomerAssign;bima_customerassign_date tersedia (durasi negatif di-clamp ke 0 = Comply);0,00;Comply
202605;TREG 5;SULBAGTENG;GORONTALO;GTL;migrate;24,00;CustomerAssign;bima_customerassign_date tersedia (durasi negatif di-clamp ke 0 = Comply);0,32;Comply
202605;TREG 2;JAKARTA OUTER;JAKSEL;BIN;migrate;24,00;CustomerAssign;bima_customerassign_date tersedia (durasi negatif di-clamp ke 0 = Comply);0,00;Comply
202605;TREG 2;PRIANGAN BARAT;KUJANG;SPL;create;48,00;CustomerAssign;bima_customerassign_date tersedia (durasi negatif di-clamp ke 0 = Comply);0,00;Comply
202605;TREG 4;KALTIMTARA;SAMARINDA;SEM;migrate;24,00;CustomerAssign;bima_customerassign_date tersedia (durasi negatif di-clamp ke 0 = Comply);0,00;Comply
202605;TREG 4;KALTIMTARA;TARAKAN;TRK;migrate;24,00;CustomerAssign;bima_customerassign_date tersedia (durasi negatif di-clamp ke 0 = Comply);7,51;Comply
202605;TREG 2;JAKARTA CENTRUM;JAKUT;TPR;migrate;24,00;CustomerAssign;bima_customerassign_date tersedia (durasi negatif di-clamp ke 0 = Comply);2,60;Comply
202605;TREG 1;SUMBAGSEL;PRABUMULIH;PBM;migrate;24,00;CustomerAssign;bima_customerassign_date tersedia (durasi negatif di-clamp ke 0 = Comply);72,67;Not Comply
202605;TREG 2;BEKASI KARAWANG;PURWAKARTA;PWK;migrate;24,00;CustomerAssign;bima_customerassign_date tersedia (durasi negatif di-clamp ke 0 = Comply);0,00;Comply
202605;TREG 3;NUSA TENGGARA;NTB;MTR;migrate;24,00;CustomerAssign;bima_customerassign_date tersedia (durasi negatif di-clamp ke 0 = Comply);218,73;Not Comply
202605;TREG 3;SEMARANG JATENG UTARA;KENDAL;KDL;migrate;24,00;CustomerAssign;bima_customerassign_date tersedia (durasi negatif di-clamp ke 0 = Comply);0,00;Comply
202605;TREG 1;LAMPUNG BENGKULU;LAMPUNG;TJK;migrate;24,00;CustomerAssign;bima_customerassign_date tersedia (durasi negatif di-clamp ke 0 = Comply);0,00;Comply
202605;TREG 2;BANTEN;CIKUPA;BLJ;migrate;24,00;CustomerAssign;bima_customerassign_date tersedia (durasi negatif di-clamp ke 0 = Comply);0,00;Comply
202605;TREG 2;JAKARTA OUTER;JAKTIM;PDK;migrate;24,00;CustomerAssign;bima_customerassign_date tersedia (durasi negatif di-clamp ke 0 = Comply);51,03;Not Comply
202605;TREG 5;SULBAGSEL;GOWA;SUG;migrate;24,00;CustomerAssign;bima_customerassign_date tersedia (durasi negatif di-clamp ke 0 = Comply);0,00;Comply
202605;TREG 2;JAKARTA CENTRUM;JAKUT;TPR;migrate;24,00;CustomerAssign;bima_customerassign_date tersedia (durasi negatif di-clamp ke 0 = Comply);1,17;Comply
202605;TREG 1;SUMBAGSEL;BABEL;KBO;migrate;24,00;CustomerAssign;bima_customerassign_date tersedia (durasi negatif di-clamp ke 0 = Comply);171,21;Not Comply
202605;TREG 3;YOGYA JATENG SELATAN;PURBALINGGA;PBG;migrate;24,00;CustomerAssign;bima_customerassign_date tersedia (durasi negatif di-clamp ke 0 = Comply);0,00;Comply
202605;TREG 4;KALSELTENG;BANJARBARU;LUL;migrate;24,00;CustomerAssign;bima_customerassign_date tersedia (durasi negatif di-clamp ke 0 = Comply);0,00;Comply
202605;TREG 4;BALIKPAPAN;BALIKPAPAN;BRU;migrate;24,00;CustomerAssign;bima_customerassign_date tersedia (durasi negatif di-clamp ke 0 = Comply);80,28;Not Comply
202605;TREG 3;YOGYA JATENG SELATAN;YOGYAKARTA;PGR;create;48,00;CustomerAssign;bima_customerassign_date tersedia (durasi negatif di-clamp ke 0 = Comply);0,00;Comply
202605;TREG 1;SUMUT;MEDAN;MDC;create;48,00;CustomerAssign;bima_customerassign_date tersedia (durasi negatif di-clamp ke 0 = Comply);0,00;Comply
202605;TREG 1;RIAU;BANGKINANG;ARK;migrate;24,00;CustomerAssign;bima_customerassign_date tersedia (durasi negatif di-clamp ke 0 = Comply);0,00;Comply
202605;TREG 4;KALSELTENG;PALANGKARAYA;PYM;migrate;24,00;CustomerAssign;bima_customerassign_date tersedia (durasi negatif di-clamp ke 0 = Comply);56,46;Not Comply
202605;TREG 2;BANDUNG;SOREANG;SOR;migrate;24,00;CustomerAssign;bima_customerassign_date tersedia (durasi negatif di-clamp ke 0 = Comply);0,00;Comply
202605;TREG 2;JAKARTA OUTER;JAKSEL;PSM;migrate;24,00;CustomerAssign;bima_customerassign_date tersedia (durasi negatif di-clamp ke 0 = Comply);0,00;Comply
202605;TREG 4;KALSELTENG;PALANGKARAYA;PLK;migrate;24,00;CustomerAssign;bima_customerassign_date tersedia (durasi negatif di-clamp ke 0 = Comply);0,00;Comply
202605;TREG 3;YOGYA JATENG SELATAN;PURBALINGGA;PBG;migrate;24,00;CustomerAssign;bima_customerassign_date tersedia (durasi negatif di-clamp ke 0 = Comply);53,54;Not Comply
202605;TREG 4;KALTIMTARA;BONTANG;STT;migrate;24,00;CustomerAssign;bima_customerassign_date tersedia (durasi negatif di-clamp ke 0 = Comply);32,55;Not Comply
202605;TREG 4;KALSELTENG;PALANGKARAYA;PLK;migrate;24,00;CustomerAssign;bima_customerassign_date tersedia (durasi negatif di-clamp ke 0 = Comply);0,00;Comply
202605;TREG 4;BALIKPAPAN;BALIKPAPAN;BAM;create;48,00;CustomerAssign;bima_customerassign_date tersedia (durasi negatif di-clamp ke 0 = Comply);3,57;Comply
202605;TREG 3;SOLO JATENG TIMUR;SOLO;KRT;create;48,00;CustomerAssign;bima_customerassign_date tersedia (durasi negatif di-clamp ke 0 = Comply);0,00;Comply
202605;TREG 4;KALTIMTARA;TARAKAN;TRK;migrate;24,00;CustomerAssign;bima_customerassign_date tersedia (durasi negatif di-clamp ke 0 = Comply);0,00;Comply
202605;TREG 4;KALSELTENG;SAMPIT;SAI;migrate;24,00;CustomerAssign;bima_customerassign_date tersedia (durasi negatif di-clamp ke 0 = Comply);0,00;Comply
202605;TREG 2;BANDUNG;SOREANG;MJY;migrate;24,00;CustomerAssign;bima_customerassign_date tersedia (durasi negatif di-clamp ke 0 = Comply);1,75;Comply
202605;TREG 5;SULBAGSEL;GOWA;SUG;create;48,00;CustomerAssign;bima_customerassign_date tersedia (durasi negatif di-clamp ke 0 = Comply);195,75;Not Comply
202605;TREG 1;SUMUT;MEDAN;PUB;migrate;24,00;CustomerAssign;bima_customerassign_date tersedia (durasi negatif di-clamp ke 0 = Comply);0,00;Comply
202605;TREG 4;KALBAR;SINGKAWANG;SNW;migrate;24,00;CustomerAssign;bima_customerassign_date tersedia (durasi negatif di-clamp ke 0 = Comply);3,80;Comply
202605;TREG 1;SUMUT;KISARAN;TJB;migrate;24,00;CustomerAssign;bima_customerassign_date tersedia (durasi negatif di-clamp ke 0 = Comply);0,00;Comply
202605;TREG 2;BEKASI KARAWANG;PURWAKARTA;PWK;migrate;24,00;CustomerAssign;bima_customerassign_date tersedia (durasi negatif di-clamp ke 0 = Comply);25,83;Not Comply
202605;TREG 2;BANDUNG;SOREANG;SOR;migrate;24,00;CustomerAssign;bima_customerassign_date tersedia (durasi negatif di-clamp ke 0 = Comply);0,00;Comply
202605;TREG 2;JAKARTA OUTER;JAKTIM;KRG;create;48,00;CustomerAssign;bima_customerassign_date tersedia (durasi negatif di-clamp ke 0 = Comply);80,88;Not Comply
202605;TREG 2;PRIANGAN TIMUR;KUNINGAN;KNG;migrate;24,00;CustomerAssign;bima_customerassign_date tersedia (durasi negatif di-clamp ke 0 = Comply);0,00;Comply
202605;TREG 1;SUMUT;MEDAN;PUB;create;48,00;CustomerAssign;bima_customerassign_date tersedia (durasi negatif di-clamp ke 0 = Comply);0,00;Comply
202605;TREG 2;PRIANGAN TIMUR;KUNINGAN;PAB;migrate;24,00;CustomerAssign;bima_customerassign_date tersedia (durasi negatif di-clamp ke 0 = Comply);28,12;Not Comply
202605;TREG 2;JAKARTA INNER;JAKBAR;SLP;migrate;24,00;CustomerAssign;bima_customerassign_date tersedia (durasi negatif di-clamp ke 0 = Comply);57,12;Not Comply
202605;TREG 1;SUMUT;MEDAN;PDB;migrate;24,00;CustomerAssign;bima_customerassign_date tersedia (durasi negatif di-clamp ke 0 = Comply);0,00;Comply
202605;TREG 3;JATIM TIMUR;PASURUAN;PSN;create;48,00;CustomerAssign;bima_customerassign_date tersedia (durasi negatif di-clamp ke 0 = Comply);0,00;Comply
202605;TREG 3;BALI;DENPASAR SELATAN;JBR;migrate;24,00;CustomerAssign;bima_customerassign_date tersedia (durasi negatif di-clamp ke 0 = Comply);0,00;Comply
202605;TREG 4;KALSELTENG;PALANGKARAYA;KSO;migrate;24,00;CustomerAssign;bima_customerassign_date tersedia (durasi negatif di-clamp ke 0 = Comply);0,00;Comply
202605;TREG 1;SUMUT;MEDAN;MDC;migrate;24,00;CustomerAssign;bima_customerassign_date tersedia (durasi negatif di-clamp ke 0 = Comply);0,00;Comply
202605;TREG 4;KALSELTENG;MUARA TEWEH;MTW;migrate;24,00;CustomerAssign;bima_customerassign_date tersedia (durasi negatif di-clamp ke 0 = Comply);0,00;Comply
202605;TREG 4;KALSELTENG;BANJARMASIN;GMB;create;48,00;CustomerAssign;bima_customerassign_date tersedia (durasi negatif di-clamp ke 0 = Comply);0,00;Comply
202605;TREG 2;JAKARTA OUTER;JAKTIM;KLD;migrate;24,00;CustomerAssign;bima_customerassign_date tersedia (durasi negatif di-clamp ke 0 = Comply);4,46;Comply
202605;TREG 4;KALTIMTARA;BONTANG;BOT;migrate;24,00;CustomerAssign;bima_customerassign_date tersedia (durasi negatif di-clamp ke 0 = Comply);0,00;Comply
202605;TREG 2;PRIANGAN BARAT;CIBINONG;JGL;migrate;24,00;CustomerAssign;bima_customerassign_date tersedia (durasi negatif di-clamp ke 0 = Comply);9,49;Comply
202605;TREG 5;SUMALUT;AMBON;PAO;create;48,00;CustomerAssign;bima_customerassign_date tersedia (durasi negatif di-clamp ke 0 = Comply);0,00;Comply
202605;TREG 3;YOGYA JATENG SELATAN;MAGELANG;MGE;migrate;24,00;CustomerAssign;bima_customerassign_date tersedia (durasi negatif di-clamp ke 0 = Comply);26,56;Not Comply
202605;TREG 1;RIAU;BANGKINANG;ARK;create;48,00;CustomerAssign;bima_customerassign_date tersedia (durasi negatif di-clamp ke 0 = Comply);0,62;Comply
202605;TREG 1;SUMUT;RANTAU PRAPAT;ANR;migrate;24,00;CustomerAssign;bima_customerassign_date tersedia (durasi negatif di-clamp ke 0 = Comply);0,00;Comply
202605;TREG 4;KALTIMTARA;BONTANG;STT;migrate;24,00;CustomerAssign;bima_customerassign_date tersedia (durasi negatif di-clamp ke 0 = Comply);2,68;Comply
202605;TREG 2;JAKARTA INNER;JAKBAR;CKG;migrate;24,00;CustomerAssign;bima_customerassign_date tersedia (durasi negatif di-clamp ke 0 = Comply);0,00;Comply
202605;TREG 3;SURAMADU;SURABAYA SELATAN;IJK;create;48,00;CustomerAssign;bima_customerassign_date tersedia (durasi negatif di-clamp ke 0 = Comply);4,95;Comply
202605;TREG 1;SUMUT;MEDAN;PUB;create;48,00;CustomerAssign;bima_customerassign_date tersedia (durasi negatif di-clamp ke 0 = Comply);0,00;Comply
202605;TREG 2;JAKARTA INNER;JAKBAR;CKG;create;48,00;CustomerAssign;bima_customerassign_date tersedia (durasi negatif di-clamp ke 0 = Comply);27,01;Comply
202605;TREG 2;PRIANGAN BARAT;DEPOK;DEP;migrate;24,00;CustomerAssign;bima_customerassign_date tersedia (durasi negatif di-clamp ke 0 = Comply);123,04;Not Comply
202605;TREG 2;BANTEN;LENGKONG;LKG;create;48,00;CustomerAssign;bima_customerassign_date tersedia (durasi negatif di-clamp ke 0 = Comply);78,15;Not Comply
202605;TREG 3;JATIM BARAT;MALANG;BLB;migrate;24,00;CustomerAssign;bima_customerassign_date tersedia (durasi negatif di-clamp ke 0 = Comply);3,19;Comply
202605;TREG 3;JATIM BARAT;KEPANJEN;GDI;migrate;24,00;CustomerAssign;bima_customerassign_date tersedia (durasi negatif di-clamp ke 0 = Comply);58,26;Not Comply
202605;TREG 2;JAKARTA OUTER;JAKTIM;PDK;migrate;24,00;CustomerAssign;bima_customerassign_date tersedia (durasi negatif di-clamp ke 0 = Comply);0,00;Comply
202605;TREG 2;BANDUNG;SUMEDANG;CJA;migrate;24,00;CustomerAssign;bima_customerassign_date tersedia (durasi negatif di-clamp ke 0 = Comply);0,00;Comply
202605;TREG 3;BALI;DENPASAR CENTRUM;KLM;create;48,00;CustomerAssign;bima_customerassign_date tersedia (durasi negatif di-clamp ke 0 = Comply);0,00;Comply
202605;TREG 5;SUMALUT;MENADO;BAH;migrate;24,00;CustomerAssign;bima_customerassign_date tersedia (durasi negatif di-clamp ke 0 = Comply);0,00;Comply
202605;TREG 2;JAKARTA INNER;JAKBAR;SMI;migrate;24,00;CustomerAssign;bima_customerassign_date tersedia (durasi negatif di-clamp ke 0 = Comply);82,55;Not Comply
202605;TREG 2;BEKASI KARAWANG;BEKASI;KRA;migrate;24,00;CustomerAssign;bima_customerassign_date tersedia (durasi negatif di-clamp ke 0 = Comply);5,64;Comply
202605;TREG 3;SURAMADU;SURABAYA SELATAN;RKT;create;48,00;CustomerAssign;bima_customerassign_date tersedia (durasi negatif di-clamp ke 0 = Comply);0,00;Comply
202605;TREG 2;BANTEN;BANTEN;SEG;migrate;24,00;CustomerAssign;bima_customerassign_date tersedia (durasi negatif di-clamp ke 0 = Comply);293,71;Not Comply
202605;TREG 2;BANTEN;CIPUTAT;CPA;migrate;24,00;CustomerAssign;bima_customerassign_date tersedia (durasi negatif di-clamp ke 0 = Comply);0,00;Comply
202605;TREG 1;RIAU;BANGKINANG;BKN;migrate;24,00;CustomerAssign;bima_customerassign_date tersedia (durasi negatif di-clamp ke 0 = Comply);195,82;Not Comply
202605;TREG 3;BALI;DENPASAR CENTRUM;TOP;create;48,00;CustomerAssign;bima_customerassign_date tersedia (durasi negatif di-clamp ke 0 = Comply);3,86;Comply
202605;TREG 4;BALIKPAPAN;BALIKPAPAN;GSA;migrate;24,00;CustomerAssign;bima_customerassign_date tersedia (durasi negatif di-clamp ke 0 = Comply);3,87;Comply
202605;TREG 4;KALTIMTARA;BULUNGAN BERAU;TSL;migrate;24,00;CustomerAssign;bima_customerassign_date tersedia (durasi negatif di-clamp ke 0 = Comply);0,00;Comply
202605;TREG 3;YOGYA JATENG SELATAN;SLEMAN;SMN;migrate;24,00;CustomerAssign;bima_customerassign_date tersedia (durasi negatif di-clamp ke 0 = Comply);0,00;Comply
202605;TREG 1;RIAU;DUMAI;DUM;migrate;24,00;CustomerAssign;bima_customerassign_date tersedia (durasi negatif di-clamp ke 0 = Comply);148,06;Not Comply
202605;TREG 1;SUMBAR JAMBI;JAMBI;KOA;create;48,00;CustomerAssign;bima_customerassign_date tersedia (durasi negatif di-clamp ke 0 = Comply);0,00;Comply
202605;TREG 4;KALSELTENG;BANJARMASIN;ULI;migrate;24,00;CustomerAssign;bima_customerassign_date tersedia (durasi negatif di-clamp ke 0 = Comply);0,00;Comply
202605;TREG 4;BALIKPAPAN;BALIKPAPAN;GSA;migrate;24,00;CustomerAssign;bima_customerassign_date tersedia (durasi negatif di-clamp ke 0 = Comply);0,00;Comply
202605;TREG 2;BANDUNG;BANDUNG BARAT;NJG;migrate;24,00;CustomerAssign;bima_customerassign_date tersedia (durasi negatif di-clamp ke 0 = Comply);0,00;Comply
202605;TREG 2;BEKASI KARAWANG;SUBANG;KIA;migrate;24,00;CustomerAssign;bima_customerassign_date tersedia (durasi negatif di-clamp ke 0 = Comply);0,00;Comply
202605;TREG 4;KALTIMTARA;TARAKAN;TRK;migrate;24,00;CustomerAssign;bima_customerassign_date tersedia (durasi negatif di-clamp ke 0 = Comply);0,00;Comply
202605;TREG 4;KALTIMTARA;TARAKAN;TRK;migrate;24,00;CustomerAssign;bima_customerassign_date tersedia (durasi negatif di-clamp ke 0 = Comply);0,00;Comply
202605;TREG 1;SUMBAR JAMBI;JAMBI;JMB;migrate;24,00;CustomerAssign;bima_customerassign_date tersedia (durasi negatif di-clamp ke 0 = Comply);172,56;Not Comply
202605;TREG 1;SUMBAR JAMBI;BUKIT TINGGI;HRU;migrate;24,00;CustomerAssign;bima_customerassign_date tersedia (durasi negatif di-clamp ke 0 = Comply);0,00;Comply
202605;TREG 4;KALTIMTARA;NUNUKAN;NNK;migrate;24,00;CustomerAssign;bima_customerassign_date tersedia (durasi negatif di-clamp ke 0 = Comply);0,00;Comply
202605;TREG 3;JATIM TIMUR;SIBO;SIT;migrate;24,00;CustomerAssign;bima_customerassign_date tersedia (durasi negatif di-clamp ke 0 = Comply);4,73;Comply
202605;TREG 1;ACEH;LANGSA;KSG;migrate;24,00;CustomerAssign;bima_customerassign_date tersedia (durasi negatif di-clamp ke 0 = Comply);0,00;Comply
202605;TREG 3;BALI;TABANAN;TBN;create;48,00;CustomerAssign;bima_customerassign_date tersedia (durasi negatif di-clamp ke 0 = Comply);0,00;Comply
202605;TREG 5;PAPUA;ABEPURA;ABE;create;48,00;CustomerAssign;bima_customerassign_date tersedia (durasi negatif di-clamp ke 0 = Comply);0,00;Comply
202605;TREG 4;BALIKPAPAN;TANAHGROGOT;MJW;migrate;24,00;CustomerAssign;bima_customerassign_date tersedia (durasi negatif di-clamp ke 0 = Comply);0,00;Comply
202605;TREG 1;ACEH;ACEH;LTM;create;48,00;CustomerAssign;bima_customerassign_date tersedia (durasi negatif di-clamp ke 0 = Comply);0,00;Comply
202605;TREG 1;RIAU;RIDAR;BKR;migrate;24,00;CustomerAssign;bima_customerassign_date tersedia (durasi negatif di-clamp ke 0 = Comply);204,39;Not Comply
202605;TREG 3;JATIM TIMUR;SIDOARJO;GDA;migrate;24,00;CustomerAssign;bima_customerassign_date tersedia (durasi negatif di-clamp ke 0 = Comply);0,00;Comply
202605;TREG 5;SULBAGSEL;PARE-PARE;PIN;migrate;24,00;CustomerAssign;bima_customerassign_date tersedia (durasi negatif di-clamp ke 0 = Comply);0,00;Comply
202605;TREG 5;SULBAGSEL;MAROS;SUD;migrate;24,00;CustomerAssign;bima_customerassign_date tersedia (durasi negatif di-clamp ke 0 = Comply);0,00;Comply
202605;TREG 2;PRIANGAN BARAT;KUJANG;BOO;migrate;24,00;CustomerAssign;bima_customerassign_date tersedia (durasi negatif di-clamp ke 0 = Comply);0,00;Comply
202605;TREG 5;SULBAGSEL;MAKASSAR;PNK;create;48,00;CustomerAssign;bima_customerassign_date tersedia (durasi negatif di-clamp ke 0 = Comply);31,78;Comply
202605;TREG 2;BANTEN;CIPUTAT;CPA;create;48,00;CustomerAssign;bima_customerassign_date tersedia (durasi negatif di-clamp ke 0 = Comply);0,00;Comply
202605;TREG 2;JAKARTA OUTER;JAKTIM;JTN;migrate;24,00;CustomerAssign;bima_customerassign_date tersedia (durasi negatif di-clamp ke 0 = Comply);0,00;Comply
202605;TREG 2;BANTEN;CILEGON;CWN;migrate;24,00;CustomerAssign;bima_customerassign_date tersedia (durasi negatif di-clamp ke 0 = Comply);0,00;Comply
202605;TREG 3;SURAMADU;SURABAYA SELATAN;RKT;create;48,00;CustomerAssign;bima_customerassign_date tersedia (durasi negatif di-clamp ke 0 = Comply);0,00;Comply
202605;TREG 3;JATIM TIMUR;JEMBER;JER;migrate;24,00;CustomerAssign;bima_customerassign_date tersedia (durasi negatif di-clamp ke 0 = Comply);32,57;Not Comply
202605;TREG 2;PRIANGAN BARAT;CIANJUR;CJR;migrate;24,00;CustomerAssign;bima_customerassign_date tersedia (durasi negatif di-clamp ke 0 = Comply);0,00;Comply
202605;TREG 2;PRIANGAN BARAT;SUKABUMI;SKB;migrate;24,00;CustomerAssign;bima_customerassign_date tersedia (durasi negatif di-clamp ke 0 = Comply);0,00;Comply
202605;TREG 2;BANDUNG;BANDUNG BARAT;NJG;migrate;24,00;CustomerAssign;bima_customerassign_date tersedia (durasi negatif di-clamp ke 0 = Comply);37,68;Not Comply
202605;TREG 1;SUMUT;BINJAI;STB;migrate;24,00;CustomerAssign;bima_customerassign_date tersedia (durasi negatif di-clamp ke 0 = Comply);0,00;Comply
202605;TREG 2;BANTEN;CIPUTAT;CLD;migrate;24,00;CustomerAssign;bima_customerassign_date tersedia (durasi negatif di-clamp ke 0 = Comply);8,95;Comply
202605;TREG 5;PAPUA;ABEPURA;ABE;migrate;24,00;CustomerAssign;bima_customerassign_date tersedia (durasi negatif di-clamp ke 0 = Comply);0,00;Comply
202605;TREG 1;SUMBAR JAMBI;SOLOK;SLK;migrate;24,00;CustomerAssign;bima_customerassign_date tersedia (durasi negatif di-clamp ke 0 = Comply);0,00;Comply
202605;TREG 3;JATIM TIMUR;SIDOARJO;SDA;migrate;24,00;CustomerAssign;bima_customerassign_date tersedia (durasi negatif di-clamp ke 0 = Comply);0,00;Comply
202605;TREG 3;JATIM TIMUR;SIDOARJO;SDA;migrate;24,00;CustomerAssign;bima_customerassign_date tersedia (durasi negatif di-clamp ke 0 = Comply);0,00;Comply
202605;TREG 3;BALI;TABANAN;TBN;migrate;24,00;CustomerAssign;bima_customerassign_date tersedia (durasi negatif di-clamp ke 0 = Comply);82,58;Not Comply
202605;TREG 2;BANDUNG;SUMEDANG;CJA;migrate;24,00;CustomerAssign;bima_customerassign_date tersedia (durasi negatif di-clamp ke 0 = Comply);0,00;Comply
202605;TREG 2;BANDUNG;SUMEDANG;CJA;migrate;24,00;CustomerAssign;bima_customerassign_date tersedia (durasi negatif di-clamp ke 0 = Comply);64,65;Not Comply
202605;TREG 1;SUMBAR JAMBI;SOLOK;SLK;migrate;24,00;CustomerAssign;bima_customerassign_date tersedia (durasi negatif di-clamp ke 0 = Comply);0,00;Comply
202605;TREG 1;SUMBAR JAMBI;SUMBAR;PRS;migrate;24,00;CustomerAssign;bima_customerassign_date tersedia (durasi negatif di-clamp ke 0 = Comply);36,55;Not Comply
202605;TREG 3;JATIM TIMUR;PROBOLINGGO;KRZ;migrate;24,00;CustomerAssign;bima_customerassign_date tersedia (durasi negatif di-clamp ke 0 = Comply);17,35;Comply
202605;TREG 5;SULBAGSEL;MAMUJU;MAM;migrate;24,00;CustomerAssign;bima_customerassign_date tersedia (durasi negatif di-clamp ke 0 = Comply);0,00;Comply
202605;TREG 5;SULBAGSEL;PARE-PARE;PRE;migrate;24,00;CustomerAssign;bima_customerassign_date tersedia (durasi negatif di-clamp ke 0 = Comply);0,00;Comply
202605;TREG 4;KALTIMTARA;TARAKAN;JWT;migrate;24,00;CustomerAssign;bima_customerassign_date tersedia (durasi negatif di-clamp ke 0 = Comply);0,00;Comply
202605;TREG 2;BEKASI KARAWANG;PURWAKARTA;CKP;migrate;24,00;CustomerAssign;bima_customerassign_date tersedia (durasi negatif di-clamp ke 0 = Comply);0,00;Comply
202605;TREG 3;BALI;DENPASAR CENTRUM;SAU;migrate;24,00;CustomerAssign;bima_customerassign_date tersedia (durasi negatif di-clamp ke 0 = Comply);0,00;Comply
202605;TREG 2;JAKARTA OUTER;JAKTIM;KLD;migrate;24,00;CustomerAssign;bima_customerassign_date tersedia (durasi negatif di-clamp ke 0 = Comply);188,97;Not Comply
202605;TREG 2;BANTEN;CIPUTAT;PKU;create;48,00;CustomerAssign;bima_customerassign_date tersedia (durasi negatif di-clamp ke 0 = Comply);0,00;Comply
202605;TREG 2;BANTEN;LENGKONG;LKG;migrate;24,00;CustomerAssign;bima_customerassign_date tersedia (durasi negatif di-clamp ke 0 = Comply);22,38;Comply
202605;TREG 3;SURAMADU;SURABAYA SELATAN;DMO;create;48,00;CustomerAssign;bima_customerassign_date tersedia (durasi negatif di-clamp ke 0 = Comply);0,00;Comply
202605;TREG 3;JATIM BARAT;TUBAN;TNZ;migrate;24,00;CustomerAssign;bima_customerassign_date tersedia (durasi negatif di-clamp ke 0 = Comply);0,00;Comply
202605;TREG 5;SULBAGSEL;SITOR;SKG;migrate;24,00;CustomerAssign;bima_customerassign_date tersedia (durasi negatif di-clamp ke 0 = Comply);93,62;Not Comply
202605;TREG 2;BANDUNG;PADALARANG;BTJ;migrate;24,00;CustomerAssign;bima_customerassign_date tersedia (durasi negatif di-clamp ke 0 = Comply);116,70;Not Comply
202605;TREG 5;SUMALUT;MENADO;BAH;migrate;24,00;CustomerAssign;bima_customerassign_date tersedia (durasi negatif di-clamp ke 0 = Comply);0,00;Comply
202605;TREG 2;PRIANGAN BARAT;DEPOK;CSL;create;48,00;CustomerAssign;bima_customerassign_date tersedia (durasi negatif di-clamp ke 0 = Comply);0,00;Comply
202605;TREG 3;YOGYA JATENG SELATAN;MUNTILAN;MUN;migrate;24,00;CustomerAssign;bima_customerassign_date tersedia (durasi negatif di-clamp ke 0 = Comply);0,00;Comply
202605;TREG 2;JAKARTA INNER;JAKBAR;PLM;migrate;24,00;CustomerAssign;bima_customerassign_date tersedia (durasi negatif di-clamp ke 0 = Comply);28,50;Not Comply
202605;TREG 4;KALBAR;SANGGAU;SGU;migrate;24,00;CustomerAssign;bima_customerassign_date tersedia (durasi negatif di-clamp ke 0 = Comply);167,60;Not Comply
202605;TREG 2;BANTEN;CIPUTAT;PDR;create;48,00;CustomerAssign;bima_customerassign_date tersedia (durasi negatif di-clamp ke 0 = Comply);2,60;Comply
202605;TREG 2;JAKARTA INNER;JAKBAR;SMI;migrate;24,00;CustomerAssign;bima_customerassign_date tersedia (durasi negatif di-clamp ke 0 = Comply);532,62;Not Comply
202605;TREG 3;SURAMADU;SURABAYA UTARA;KNN;create;48,00;CustomerAssign;bima_customerassign_date tersedia (durasi negatif di-clamp ke 0 = Comply);0,00;Comply
202605;TREG 3;SURAMADU;SURABAYA UTARA;KJR;migrate;24,00;CustomerAssign;bima_customerassign_date tersedia (durasi negatif di-clamp ke 0 = Comply);0,00;Comply
202605;TREG 1;RIAU;DUMAI;DUM;migrate;24,00;CustomerAssign;bima_customerassign_date tersedia (durasi negatif di-clamp ke 0 = Comply);23,85;Comply
202605;TREG 3;SURAMADU;SURABAYA UTARA;KLN;migrate;24,00;CustomerAssign;bima_customerassign_date tersedia (durasi negatif di-clamp ke 0 = Comply);0,00;Comply
202605;TREG 4;KALTIMTARA;SAMARINDA;SEM;migrate;24,00;CustomerAssign;bima_customerassign_date tersedia (durasi negatif di-clamp ke 0 = Comply);0,00;Comply
202605;TREG 2;JAKARTA CENTRUM;JAKUT;TPR;migrate;24,00;CustomerAssign;bima_customerassign_date tersedia (durasi negatif di-clamp ke 0 = Comply);0,18;Comply
202605;TREG 2;BANTEN;CIKUPA;TGR;migrate;24,00;CustomerAssign;bima_customerassign_date tersedia (durasi negatif di-clamp ke 0 = Comply);5,29;Comply
202605;TREG 4;KALTIMTARA;SAMARINDA;LOB;migrate;24,00;CustomerAssign;bima_customerassign_date tersedia (durasi negatif di-clamp ke 0 = Comply);53,33;Not Comply
202605;TREG 2;BANTEN;RANGKAS-PANDEGLANG;RKS;migrate;24,00;CustomerAssign;bima_customerassign_date tersedia (durasi negatif di-clamp ke 0 = Comply);29,37;Not Comply
202605;TREG 1;LAMPUNG BENGKULU;BENGKULU;BNC;migrate;24,00;CustomerAssign;bima_customerassign_date tersedia (durasi negatif di-clamp ke 0 = Comply);456,49;Not Comply
202605;TREG 1;LAMPUNG BENGKULU;BENGKULU;MNA;migrate;24,00;CustomerAssign;bima_customerassign_date tersedia (durasi negatif di-clamp ke 0 = Comply);216,60;Not Comply
202605;TREG 1;RIAU;BANGKINANG;ARK;migrate;24,00;CustomerAssign;bima_customerassign_date tersedia (durasi negatif di-clamp ke 0 = Comply);212,63;Not Comply
202605;TREG 5;SULBAGSEL;KENDARI;MDG;migrate;24,00;CustomerAssign;bima_customerassign_date tersedia (durasi negatif di-clamp ke 0 = Comply);0,00;Comply
202605;TREG 4;KALSELTENG;PALANGKARAYA;PLK;create;48,00;CustomerAssign;bima_customerassign_date tersedia (durasi negatif di-clamp ke 0 = Comply);0,00;Comply
202605;TREG 2;PRIANGAN BARAT;DEPOK;DEP;migrate;24,00;CustomerAssign;bima_customerassign_date tersedia (durasi negatif di-clamp ke 0 = Comply);5,75;Comply
202605;TREG 3;BALI;DENPASAR UTARA;UBN;migrate;24,00;CustomerAssign;bima_customerassign_date tersedia (durasi negatif di-clamp ke 0 = Comply);24,84;Not Comply
202605;TREG 1;ACEH;ACEH;LTM;migrate;24,00;CustomerAssign;bima_customerassign_date tersedia (durasi negatif di-clamp ke 0 = Comply);190,93;Not Comply
202605;TREG 4;KALSELTENG;PALANGKARAYA;PLK;migrate;24,00;CustomerAssign;bima_customerassign_date tersedia (durasi negatif di-clamp ke 0 = Comply);0,00;Comply
202605;TREG 2;JAKARTA OUTER;JAKSEL;JAG;migrate;24,00;CustomerAssign;bima_customerassign_date tersedia (durasi negatif di-clamp ke 0 = Comply);145,20;Not Comply
202605;TREG 2;BEKASI KARAWANG;BEKASI;BEK;migrate;24,00;CustomerAssign;bima_customerassign_date tersedia (durasi negatif di-clamp ke 0 = Comply);0,00;Comply
202605;TREG 3;JATIM BARAT;PONOROGO;PON;migrate;24,00;CustomerAssign;bima_customerassign_date tersedia (durasi negatif di-clamp ke 0 = Comply);30,32;Not Comply
202605;TREG 2;PRIANGAN BARAT;CIBINONG;GPI;create;48,00;CustomerAssign;bima_customerassign_date tersedia (durasi negatif di-clamp ke 0 = Comply);0,00;Comply
202605;TREG 4;KALSELTENG;BANJARBARU;BBR;migrate;24,00;CustomerAssign;bima_customerassign_date tersedia (durasi negatif di-clamp ke 0 = Comply);6,65;Comply
202605;TREG 3;SURAMADU;SURABAYA UTARA;BBE;create;48,00;CustomerAssign;bima_customerassign_date tersedia (durasi negatif di-clamp ke 0 = Comply);0,00;Comply
202605;TREG 2;BEKASI KARAWANG;CIKARANG;CIB;migrate;24,00;CustomerAssign;bima_customerassign_date tersedia (durasi negatif di-clamp ke 0 = Comply);0,13;Comply
202605;TREG 2;BANTEN;CIPUTAT;CPA;create;48,00;CustomerAssign;bima_customerassign_date tersedia (durasi negatif di-clamp ke 0 = Comply);2,25;Comply
202605;TREG 4;KALSELTENG;TANJUNG TABALONG;KDG;migrate;24,00;CustomerAssign;bima_customerassign_date tersedia (durasi negatif di-clamp ke 0 = Comply);0,00;Comply
202605;TREG 3;SEMARANG JATENG UTARA;SEMARANG;GNK;create;48,00;CustomerAssign;bima_customerassign_date tersedia (durasi negatif di-clamp ke 0 = Comply);0,00;Comply
202605;TREG 2;BEKASI KARAWANG;BEKASI;BBL;create;48,00;CustomerAssign;bima_customerassign_date tersedia (durasi negatif di-clamp ke 0 = Comply);0,00;Comply
202605;TREG 3;SOLO JATENG TIMUR;SOLO;KRT;migrate;24,00;CustomerAssign;bima_customerassign_date tersedia (durasi negatif di-clamp ke 0 = Comply);0,00;Comply
202605;TREG 3;JATIM BARAT;TUBAN;TNZ;create;48,00;CustomerAssign;bima_customerassign_date tersedia (durasi negatif di-clamp ke 0 = Comply);0,00;Comply
202605;TREG 2;PRIANGAN BARAT;CIBINONG;CLS;migrate;24,00;CustomerAssign;bima_customerassign_date tersedia (durasi negatif di-clamp ke 0 = Comply);0,00;Comply
202605;TREG 1;RIAU;RIKEP;DGS;create;48,00;CustomerAssign;bima_customerassign_date tersedia (durasi negatif di-clamp ke 0 = Comply);0,95;Comply
202605;TREG 2;BANDUNG;BANDUNG;TRG;migrate;24,00;CustomerAssign;bima_customerassign_date tersedia (durasi negatif di-clamp ke 0 = Comply);0,00;Comply
202605;TREG 3;SOLO JATENG TIMUR;SOLO;KRT;create;48,00;CustomerAssign;bima_customerassign_date tersedia (durasi negatif di-clamp ke 0 = Comply);0,00;Comply
202605;TREG 4;KALTIMTARA;TARAKAN;TRK;migrate;24,00;CustomerAssign;bima_customerassign_date tersedia (durasi negatif di-clamp ke 0 = Comply);0,00;Comply
202605;TREG 2;JAKARTA INNER;JAKBAR;SMI;create;48,00;CustomerAssign;bima_customerassign_date tersedia (durasi negatif di-clamp ke 0 = Comply);1,18;Comply
202605;TREG 5;SULBAGSEL;BAU-BAU;BBU;migrate;24,00;CustomerAssign;bima_customerassign_date tersedia (durasi negatif di-clamp ke 0 = Comply);0,00;Comply
202605;TREG 2;PRIANGAN BARAT;DEPOK;DEP;migrate;24,00;CustomerAssign;bima_customerassign_date tersedia (durasi negatif di-clamp ke 0 = Comply);0,00;Comply
202605;TREG 2;JAKARTA OUTER;JAKTIM;GAN;create;48,00;CustomerAssign;bima_customerassign_date tersedia (durasi negatif di-clamp ke 0 = Comply);0,00;Comply
202605;TREG 3;YOGYA JATENG SELATAN;MUNTILAN;MUN;migrate;24,00;CustomerAssign;bima_customerassign_date tersedia (durasi negatif di-clamp ke 0 = Comply);0,00;Comply
202605;TREG 1;SUMUT;MEDAN;CTD;migrate;24,00;CustomerAssign;bima_customerassign_date tersedia (durasi negatif di-clamp ke 0 = Comply);4,38;Comply
202605;TREG 1;SUMBAR JAMBI;BUKIT TINGGI;PYK;migrate;24,00;CustomerAssign;bima_customerassign_date tersedia (durasi negatif di-clamp ke 0 = Comply);0,00;Comply
202605;TREG 1;SUMUT;PADANG SIDEMPUAN;PSP;migrate;24,00;CustomerAssign;bima_customerassign_date tersedia (durasi negatif di-clamp ke 0 = Comply);129,55;Not Comply
202605;TREG 4;KALTIMTARA;BULUNGAN BERAU;TRD;migrate;24,00;CustomerAssign;bima_customerassign_date tersedia (durasi negatif di-clamp ke 0 = Comply);0,00;Comply
202605;TREG 2;BANDUNG;BANDUNG BARAT;CMI;migrate;24,00;CustomerAssign;bima_customerassign_date tersedia (durasi negatif di-clamp ke 0 = Comply);0,00;Comply
202605;TREG 2;JAKARTA INNER;JAKBAR;CKG;create;48,00;CustomerAssign;bima_customerassign_date tersedia (durasi negatif di-clamp ke 0 = Comply);0,00;Comply
202605;TREG 1;SUMBAR JAMBI;SUMBAR;PDC;migrate;24,00;CustomerAssign;bima_customerassign_date tersedia (durasi negatif di-clamp ke 0 = Comply);0,00;Comply
202605;TREG 2;PRIANGAN BARAT;SINDANGLAYA;SDL;migrate;24,00;CustomerAssign;bima_customerassign_date tersedia (durasi negatif di-clamp ke 0 = Comply);2,86;Comply
202605;TREG 2;BEKASI KARAWANG;BEKASI;KLB;migrate;24,00;CustomerAssign;bima_customerassign_date tersedia (durasi negatif di-clamp ke 0 = Comply);0,00;Comply
202605;TREG 4;KALSELTENG;BATULICIN;BLC;migrate;24,00;CustomerAssign;bima_customerassign_date tersedia (durasi negatif di-clamp ke 0 = Comply);0,00;Comply
202605;TREG 1;RIAU;BANGKINANG;ARK;migrate;24,00;CustomerAssign;bima_customerassign_date tersedia (durasi negatif di-clamp ke 0 = Comply);54,03;Not Comply
202605;TREG 5;PAPUA;BIAK;BIA;migrate;24,00;CustomerAssign;bima_customerassign_date tersedia (durasi negatif di-clamp ke 0 = Comply);0,00;Comply
202605;TREG 1;SUMBAR JAMBI;BUKIT TINGGI;BSO;create;48,00;CustomerAssign;bima_customerassign_date tersedia (durasi negatif di-clamp ke 0 = Comply);34,31;Comply
202605;TREG 2;JAKARTA OUTER;JAKTIM;KLD;create;48,00;CustomerAssign;bima_customerassign_date tersedia (durasi negatif di-clamp ke 0 = Comply);29,34;Comply
202605;TREG 4;KALTIMTARA;NUNUKAN;MLN;migrate;24,00;CustomerAssign;bima_customerassign_date tersedia (durasi negatif di-clamp ke 0 = Comply);0,00;Comply
202605;TREG 4;KALTIMTARA;NUNUKAN;MLN;migrate;24,00;CustomerAssign;bima_customerassign_date tersedia (durasi negatif di-clamp ke 0 = Comply);0,00;Comply
202605;TREG 2;JAKARTA INNER;JAKBAR;CKG;migrate;24,00;CustomerAssign;bima_customerassign_date tersedia (durasi negatif di-clamp ke 0 = Comply);0,00;Comply
202605;TREG 1;ACEH;ACEH;DAR;create;48,00;CustomerAssign;bima_customerassign_date tersedia (durasi negatif di-clamp ke 0 = Comply);27,74;Comply
202605;TREG 2;JAKARTA INNER;JAKBAR;PLM;migrate;24,00;CustomerAssign;bima_customerassign_date tersedia (durasi negatif di-clamp ke 0 = Comply);0,00;Comply
202605;TREG 1;RIAU;RIKEP;BTC;migrate;24,00;CustomerAssign;bima_customerassign_date tersedia (durasi negatif di-clamp ke 0 = Comply);11,04;Comply
202605;TREG 3;YOGYA JATENG SELATAN;YOGYAKARTA;PGR;create;48,00;CustomerAssign;bima_customerassign_date tersedia (durasi negatif di-clamp ke 0 = Comply);97,13;Not Comply
202605;TREG 1;SUMUT;MEDAN;CTD;migrate;24,00;CustomerAssign;bima_customerassign_date tersedia (durasi negatif di-clamp ke 0 = Comply);4,25;Comply
202605;TREG 2;JAKARTA OUTER;JAKTIM;GAN;migrate;24,00;CustomerAssign;bima_customerassign_date tersedia (durasi negatif di-clamp ke 0 = Comply);11,28;Comply
202605;TREG 1;RIAU;BANGKINANG;ARK;migrate;24,00;CustomerAssign;bima_customerassign_date tersedia (durasi negatif di-clamp ke 0 = Comply);124,36;Not Comply
202605;TREG 4;BALIKPAPAN;TANAHGROGOT;TNG;migrate;24,00;CustomerAssign;bima_customerassign_date tersedia (durasi negatif di-clamp ke 0 = Comply);0,00;Comply
202605;TREG 1;RIAU;DUMAI;DUM;migrate;24,00;CustomerAssign;bima_customerassign_date tersedia (durasi negatif di-clamp ke 0 = Comply);28,61;Not Comply
202605;TREG 5;SULBAGSEL;PALOPO;SRK;migrate;24,00;CustomerAssign;bima_customerassign_date tersedia (durasi negatif di-clamp ke 0 = Comply);489,88;Not Comply
202605;TREG 3;JATIM BARAT;PONOROGO;PON;migrate;24,00;CustomerAssign;bima_customerassign_date tersedia (durasi negatif di-clamp ke 0 = Comply);0,00;Comply
202605;TREG 3;YOGYA JATENG SELATAN;YOGYAKARTA;PGR;migrate;24,00;CustomerAssign;bima_customerassign_date tersedia (durasi negatif di-clamp ke 0 = Comply);1,89;Comply
202605;TREG 1;SUMUT;MEDAN;PDB;migrate;24,00;CustomerAssign;bima_customerassign_date tersedia (durasi negatif di-clamp ke 0 = Comply);0,00;Comply
202605;TREG 5;SUMALUT;AMBON;PAO;create;48,00;CustomerAssign;bima_customerassign_date tersedia (durasi negatif di-clamp ke 0 = Comply);0,00;Comply
202605;TREG 5;SULBAGSEL;SITOR;MAK;migrate;24,00;CustomerAssign;bima_customerassign_date tersedia (durasi negatif di-clamp ke 0 = Comply);53,32;Not Comply
202605;TREG 1;SUMUT;KISARAN;KIS;migrate;24,00;CustomerAssign;bima_customerassign_date tersedia (durasi negatif di-clamp ke 0 = Comply);0,00;Comply
202605;TREG 2;BEKASI KARAWANG;BEKASI;KLB;create;48,00;CustomerAssign;bima_customerassign_date tersedia (durasi negatif di-clamp ke 0 = Comply);0,00;Comply
202605;TREG 1;RIAU;RIKEP;BTC;migrate;24,00;CustomerAssign;bima_customerassign_date tersedia (durasi negatif di-clamp ke 0 = Comply);29,73;Not Comply
202605;TREG 2;JAKARTA OUTER;JAKSEL;PSM;create;48,00;CustomerAssign;bima_customerassign_date tersedia (durasi negatif di-clamp ke 0 = Comply);0,00;Comply
202605;TREG 2;BANDUNG;SOREANG;RCK;migrate;24,00;CustomerAssign;bima_customerassign_date tersedia (durasi negatif di-clamp ke 0 = Comply);0,00;Comply
202605;TREG 2;JAKARTA CENTRUM;JAKPUS;CID;migrate;24,00;CustomerAssign;bima_customerassign_date tersedia (durasi negatif di-clamp ke 0 = Comply);0,00;Comply
202605;TREG 2;BANTEN;PASAR BARU;CPD;migrate;24,00;CustomerAssign;bima_customerassign_date tersedia (durasi negatif di-clamp ke 0 = Comply);0,00;Comply
202605;TREG 2;BEKASI KARAWANG;CIKARANG;CIB;migrate;24,00;CustomerAssign;bima_customerassign_date tersedia (durasi negatif di-clamp ke 0 = Comply);0,00;Comply
202605;TREG 3;JATIM BARAT;BLITAR;WGI;migrate;24,00;CustomerAssign;bima_customerassign_date tersedia (durasi negatif di-clamp ke 0 = Comply);32,57;Not Comply
202605;TREG 1;SUMBAR JAMBI;BUKIT TINGGI;PPJ;migrate;24,00;CustomerAssign;bima_customerassign_date tersedia (durasi negatif di-clamp ke 0 = Comply);102,74;Not Comply
202605;TREG 4;KALTIMTARA;NUNUKAN;NNK;migrate;24,00;CustomerAssign;bima_customerassign_date tersedia (durasi negatif di-clamp ke 0 = Comply);306,90;Not Comply
202605;TREG 4;KALTIMTARA;SAMARINDA;SMR;migrate;24,00;CustomerAssign;bima_customerassign_date tersedia (durasi negatif di-clamp ke 0 = Comply);41,26;Not Comply
202605;TREG 3;BALI;TABANAN;TBN;create;48,00;CustomerAssign;bima_customerassign_date tersedia (durasi negatif di-clamp ke 0 = Comply);288,27;Not Comply
202605;TREG 1;SUMBAGSEL;BATU RAJA;BTA;create;48,00;CustomerAssign;bima_customerassign_date tersedia (durasi negatif di-clamp ke 0 = Comply);42,60;Comply
202605;TREG 2;BANTEN;RANGKAS-PANDEGLANG;PDG;migrate;24,00;CustomerAssign;bima_customerassign_date tersedia (durasi negatif di-clamp ke 0 = Comply);25,68;Not Comply
202605;TREG 5;SULBAGSEL;MAROS;SUD;migrate;24,00;CustomerAssign;bima_customerassign_date tersedia (durasi negatif di-clamp ke 0 = Comply);282,84;Not Comply
202605;TREG 1;SUMBAGSEL;BABEL;PGP;migrate;24,00;CustomerAssign;bima_customerassign_date tersedia (durasi negatif di-clamp ke 0 = Comply);0,00;Comply
202605;TREG 5;SULBAGSEL;MAKASSAR;MAT;create;48,00;CustomerAssign;bima_customerassign_date tersedia (durasi negatif di-clamp ke 0 = Comply);19,06;Comply
202605;TREG 4;KALSELTENG;TANJUNG TABALONG;BRI;migrate;24,00;CustomerAssign;bima_customerassign_date tersedia (durasi negatif di-clamp ke 0 = Comply);26,60;Not Comply
202605;TREG 2;BANDUNG;SUMEDANG;CJA;migrate;24,00;CustomerAssign;bima_customerassign_date tersedia (durasi negatif di-clamp ke 0 = Comply);0,00;Comply
202605;TREG 1;RIAU;RIKEP;BTC;create;48,00;CustomerAssign;bima_customerassign_date tersedia (durasi negatif di-clamp ke 0 = Comply);26,89;Comply
202605;TREG 2;JAKARTA CENTRUM;JAKPUS;CID;migrate;24,00;CustomerAssign;bima_customerassign_date tersedia (durasi negatif di-clamp ke 0 = Comply);0,00;Comply
202605;TREG 3;YOGYA JATENG SELATAN;YOGYAKARTA;PGR;create;48,00;CustomerAssign;bima_customerassign_date tersedia (durasi negatif di-clamp ke 0 = Comply);184,96;Not Comply
202605;TREG 1;RIAU;RIDAR;PBB;create;48,00;CustomerAssign;bima_customerassign_date tersedia (durasi negatif di-clamp ke 0 = Comply);0,00;Comply
202605;TREG 2;PRIANGAN BARAT;CIBINONG;CBI;create;48,00;CustomerAssign;bima_customerassign_date tersedia (durasi negatif di-clamp ke 0 = Comply);3,21;Comply
202605;TREG 1;ACEH;ACEH;LBR;migrate;24,00;CustomerAssign;bima_customerassign_date tersedia (durasi negatif di-clamp ke 0 = Comply);22,29;Comply
202605;TREG 2;JAKARTA OUTER;JAKTIM;KLD;migrate;24,00;CustomerAssign;bima_customerassign_date tersedia (durasi negatif di-clamp ke 0 = Comply);99,35;Not Comply
202605;TREG 4;KALTIMTARA;BULUNGAN BERAU;TBY;migrate;24,00;CustomerAssign;bima_customerassign_date tersedia (durasi negatif di-clamp ke 0 = Comply);0,00;Comply
202605;TREG 3;YOGYA JATENG SELATAN;YOGYAKARTA;BBS;create;48,00;CustomerAssign;bima_customerassign_date tersedia (durasi negatif di-clamp ke 0 = Comply);139,47;Not Comply
202605;TREG 1;SUMBAGSEL;BELITUNG;TJN;migrate;24,00;CustomerAssign;bima_customerassign_date tersedia (durasi negatif di-clamp ke 0 = Comply);0,00;Comply
202605;TREG 3;JATIM BARAT;MALANG;MLG;migrate;24,00;CustomerAssign;bima_customerassign_date tersedia (durasi negatif di-clamp ke 0 = Comply);0,00;Comply
202605;TREG 4;KALSELTENG;BANJARBARU;BBR;migrate;24,00;CustomerAssign;bima_customerassign_date tersedia (durasi negatif di-clamp ke 0 = Comply);0,00;Comply
202605;TREG 4;KALBAR;SINGKAWANG;SNW;migrate;24,00;CustomerAssign;bima_customerassign_date tersedia (durasi negatif di-clamp ke 0 = Comply);147,75;Not Comply
202605;TREG 2;BANDUNG;SOREANG;SOR;create;48,00;CustomerAssign;bima_customerassign_date tersedia (durasi negatif di-clamp ke 0 = Comply);3,83;Comply
202605;TREG 4;KALSELTENG;BANJARBARU;BBR;migrate;24,00;CustomerAssign;bima_customerassign_date tersedia (durasi negatif di-clamp ke 0 = Comply);0,00;Comply
202605;TREG 3;YOGYA JATENG SELATAN;YOGYAKARTA;BBS;migrate;24,00;CustomerAssign;bima_customerassign_date tersedia (durasi negatif di-clamp ke 0 = Comply);22,91;Comply
202605;TREG 1;SUMUT;LUBUK PAKAM;LBP;migrate;24,00;CustomerAssign;bima_customerassign_date tersedia (durasi negatif di-clamp ke 0 = Comply);0,00;Comply
202605;TREG 1;RIAU;RIKEP;LBJ;migrate;24,00;CustomerAssign;bima_customerassign_date tersedia (durasi negatif di-clamp ke 0 = Comply);0,00;Comply
202605;TREG 4;BALIKPAPAN;BALIKPAPAN;BAM;migrate;24,00;CustomerAssign;bima_customerassign_date tersedia (durasi negatif di-clamp ke 0 = Comply);0,00;Comply
202605;TREG 2;JAKARTA INNER;JAKBAR;PLM;create;48,00;CustomerAssign;bima_customerassign_date tersedia (durasi negatif di-clamp ke 0 = Comply);0,00;Comply
202605;TREG 4;KALTIMTARA;BONTANG;BOT;migrate;24,00;CustomerAssign;bima_customerassign_date tersedia (durasi negatif di-clamp ke 0 = Comply);0,00;Comply
202605;TREG 3;JATIM BARAT;MALANG;BLB;create;48,00;CustomerAssign;bima_customerassign_date tersedia (durasi negatif di-clamp ke 0 = Comply);21,37;Comply
202605;TREG 2;JAKARTA CENTRUM;JAKPUS;CID;migrate;24,00;CustomerAssign;bima_customerassign_date tersedia (durasi negatif di-clamp ke 0 = Comply);0,00;Comply
202605;TREG 1;SUMBAR JAMBI;SUMBAR;LBY;migrate;24,00;CustomerAssign;bima_customerassign_date tersedia (durasi negatif di-clamp ke 0 = Comply);21,77;Comply
202605;TREG 3;SEMARANG JATENG UTARA;SEMARANG;SMT;migrate;24,00;CustomerAssign;bima_customerassign_date tersedia (durasi negatif di-clamp ke 0 = Comply);0,00;Comply
202605;TREG 2;JAKARTA OUTER;JAKTIM;KRG;migrate;24,00;CustomerAssign;bima_customerassign_date tersedia (durasi negatif di-clamp ke 0 = Comply);71,97;Not Comply
202605;TREG 3;YOGYA JATENG SELATAN;PURWOKERTO;BYM;create;48,00;CustomerAssign;bima_customerassign_date tersedia (durasi negatif di-clamp ke 0 = Comply);0,00;Comply
202605;TREG 2;JAKARTA OUTER;JAKSEL;KBY;migrate;24,00;CustomerAssign;bima_customerassign_date tersedia (durasi negatif di-clamp ke 0 = Comply);0,00;Comply
202605;TREG 5;SULBAGTENG;GORONTALO;GTL;migrate;24,00;CustomerAssign;bima_customerassign_date tersedia (durasi negatif di-clamp ke 0 = Comply);46,27;Not Comply
202605;TREG 3;JATIM BARAT;MALANG;MLG;migrate;24,00;CustomerAssign;bima_customerassign_date tersedia (durasi negatif di-clamp ke 0 = Comply);29,27;Not Comply
202605;TREG 2;JAKARTA CENTRUM;JAKPUS;CPP;migrate;24,00;CustomerAssign;bima_customerassign_date tersedia (durasi negatif di-clamp ke 0 = Comply);0,33;Comply
202605;TREG 3;BALI;DENPASAR UTARA;UBN;create;48,00;CustomerAssign;bima_customerassign_date tersedia (durasi negatif di-clamp ke 0 = Comply);0,00;Comply
202605;TREG 2;BEKASI KARAWANG;BEKASI;KRA;create;48,00;CustomerAssign;bima_customerassign_date tersedia (durasi negatif di-clamp ke 0 = Comply);5,36;Comply
202605;TREG 3;YOGYA JATENG SELATAN;KEBUMEN;KBM;migrate;24,00;PI;bima_customerassign_date kosong → pakai orca_pi_date (durasi negatif di-clamp ke 0 = Comply);2.901,26;Not Comply
202605;TREG 3;SURAMADU;SURABAYA SELATAN;TPO;migrate;24,00;CustomerAssign;bima_customerassign_date tersedia (durasi negatif di-clamp ke 0 = Comply);0,00;Comply
202605;TREG 3;JATIM BARAT;KEDIRI;MJT;migrate;24,00;CustomerAssign;bima_customerassign_date tersedia (durasi negatif di-clamp ke 0 = Comply);24,66;Not Comply
202605;TREG 3;YOGYA JATENG SELATAN;YOGYAKARTA;KBU;create;48,00;CustomerAssign;bima_customerassign_date tersedia (durasi negatif di-clamp ke 0 = Comply);0,00;Comply
202605;TREG 2;BEKASI KARAWANG;CIKARANG;CIB;migrate;24,00;CustomerAssign;bima_customerassign_date tersedia (durasi negatif di-clamp ke 0 = Comply);0,00;Comply
202605;TREG 2;JAKARTA OUTER;JAKSEL;KAL;migrate;24,00;CustomerAssign;bima_customerassign_date tersedia (durasi negatif di-clamp ke 0 = Comply);0,00;Comply
202605;TREG 4;BALIKPAPAN;BALIKPAPAN;BRU;migrate;24,00;CustomerAssign;bima_customerassign_date tersedia (durasi negatif di-clamp ke 0 = Comply);0,00;Comply
202605;TREG 2;BEKASI KARAWANG;CIKARANG;BGG;migrate;24,00;CustomerAssign;bima_customerassign_date tersedia (durasi negatif di-clamp ke 0 = Comply);0,00;Comply
202605;TREG 2;BANDUNG;SOREANG;CCL;migrate;24,00;CustomerAssign;bima_customerassign_date tersedia (durasi negatif di-clamp ke 0 = Comply);1,18;Comply
202605;TREG 3;YOGYA JATENG SELATAN;YOGYAKARTA;BBS;create;48,00;CustomerAssign;bima_customerassign_date tersedia (durasi negatif di-clamp ke 0 = Comply);0,00;Comply
202605;TREG 2;BANTEN;BANTEN;CRS;migrate;24,00;CustomerAssign;bima_customerassign_date tersedia (durasi negatif di-clamp ke 0 = Comply);6,23;Comply
202605;TREG 3;SURAMADU;SURABAYA UTARA;KNN;create;48,00;CustomerAssign;bima_customerassign_date tersedia (durasi negatif di-clamp ke 0 = Comply);49,24;Not Comply
202605;TREG 2;JAKARTA CENTRUM;JAKPUS;CPP;migrate;24,00;CustomerAssign;bima_customerassign_date tersedia (durasi negatif di-clamp ke 0 = Comply);6,27;Comply
202605;TREG 2;JAKARTA INNER;JAKBAR;MRY;migrate;24,00;CustomerAssign;bima_customerassign_date tersedia (durasi negatif di-clamp ke 0 = Comply);0,00;Comply
202605;TREG 2;JAKARTA INNER;JAKBAR;KDY;migrate;24,00;CustomerAssign;bima_customerassign_date tersedia (durasi negatif di-clamp ke 0 = Comply);6,34;Comply
202605;TREG 4;KALTIMTARA;MELAK;SBR;migrate;24,00;CustomerAssign;bima_customerassign_date tersedia (durasi negatif di-clamp ke 0 = Comply);6,39;Comply
202605;TREG 5;SUMALUT;MENADO;PIK;migrate;24,00;CustomerAssign;bima_customerassign_date tersedia (durasi negatif di-clamp ke 0 = Comply);6,39;Comply
202605;TREG 2;JAKARTA INNER;JAKBAR;PLM;create;48,00;CustomerAssign;bima_customerassign_date tersedia (durasi negatif di-clamp ke 0 = Comply);25,42;Comply
202605;TREG 2;BANDUNG;SOREANG;CWD;migrate;24,00;CustomerAssign;bima_customerassign_date tersedia (durasi negatif di-clamp ke 0 = Comply);0,00;Comply
202605;TREG 5;SULBAGSEL;GOWA;SUG;migrate;24,00;CustomerAssign;bima_customerassign_date tersedia (durasi negatif di-clamp ke 0 = Comply);0,00;Comply
202605;TREG 3;JATIM BARAT;BOJONEGORO;BJN;create;48,00;CustomerAssign;bima_customerassign_date tersedia (durasi negatif di-clamp ke 0 = Comply);0,00;Comply
202605;TREG 1;RIAU;RIDAR;PBB;migrate;24,00;CustomerAssign;bima_customerassign_date tersedia (durasi negatif di-clamp ke 0 = Comply);0,00;Comply
202605;TREG 3;SOLO JATENG TIMUR;SOLO;SLO;migrate;24,00;CustomerAssign;bima_customerassign_date tersedia (durasi negatif di-clamp ke 0 = Comply);71,82;Not Comply
202605;TREG 2;BEKASI KARAWANG;BEKASI;BBL;create;48,00;CustomerAssign;bima_customerassign_date tersedia (durasi negatif di-clamp ke 0 = Comply);6,88;Comply
202605;TREG 3;YOGYA JATENG SELATAN;KEBUMEN;GOM;migrate;24,00;CustomerAssign;bima_customerassign_date tersedia (durasi negatif di-clamp ke 0 = Comply);0,00;Comply
202605;TREG 3;SOLO JATENG TIMUR;SOLO;KRT;create;48,00;CustomerAssign;bima_customerassign_date tersedia (durasi negatif di-clamp ke 0 = Comply);2,10;Comply
202605;TREG 2;JAKARTA OUTER;JAKTIM;KRG;migrate;24,00;CustomerAssign;bima_customerassign_date tersedia (durasi negatif di-clamp ke 0 = Comply);7,22;Comply
202605;TREG 2;JAKARTA OUTER;JAKTIM;KRG;migrate;24,00;CustomerAssign;bima_customerassign_date tersedia (durasi negatif di-clamp ke 0 = Comply);0,23;Comply
202605;TREG 3;SOLO JATENG TIMUR;SOLO;BKG;create;48,00;CustomerAssign;bima_customerassign_date tersedia (durasi negatif di-clamp ke 0 = Comply);0,00;Comply
202605;TREG 2;JAKARTA OUTER;JAKTIM;JTN;migrate;24,00;CustomerAssign;bima_customerassign_date tersedia (durasi negatif di-clamp ke 0 = Comply);2,26;Comply
202605;TREG 2;BEKASI KARAWANG;BEKASI;PKY;create;48,00;CustomerAssign;bima_customerassign_date tersedia (durasi negatif di-clamp ke 0 = Comply);0,00;Comply
202605;TREG 3;JATIM BARAT;MALANG;SWJ;migrate;24,00;CustomerAssign;bima_customerassign_date tersedia (durasi negatif di-clamp ke 0 = Comply);0,00;Comply
202605;TREG 5;SUMALUT;AMBON;PAO;create;48,00;CustomerAssign;bima_customerassign_date tersedia (durasi negatif di-clamp ke 0 = Comply);0,00;Comply
202605;TREG 3;JATIM BARAT;KEDIRI;MJT;migrate;24,00;CustomerAssign;bima_customerassign_date tersedia (durasi negatif di-clamp ke 0 = Comply);7,34;Comply
202605;TREG 2;JAKARTA INNER;JAKBAR;SMI;create;48,00;CustomerAssign;bima_customerassign_date tersedia (durasi negatif di-clamp ke 0 = Comply);74,39;Not Comply
202605;TREG 3;SURAMADU;SURABAYA UTARA;MGO;migrate;24,00;CustomerAssign;bima_customerassign_date tersedia (durasi negatif di-clamp ke 0 = Comply);0,00;Comply
202605;TREG 4;KALTIMTARA;BONTANG;BOT;migrate;24,00;CustomerAssign;bima_customerassign_date tersedia (durasi negatif di-clamp ke 0 = Comply);0,00;Comply
202605;TREG 2;BANDUNG;BANDUNG;TRG;migrate;24,00;CustomerAssign;bima_customerassign_date tersedia (durasi negatif di-clamp ke 0 = Comply);0,66;Comply
202605;TREG 3;BALI;DENPASAR UTARA;MMN;migrate;24,00;CustomerAssign;bima_customerassign_date tersedia (durasi negatif di-clamp ke 0 = Comply);0,00;Comply
202605;TREG 2;JAKARTA INNER;JAKBAR;KDY;create;48,00;CustomerAssign;bima_customerassign_date tersedia (durasi negatif di-clamp ke 0 = Comply);74,75;Not Comply
202605;TREG 2;PRIANGAN BARAT;CIBINONG;CBI;migrate;24,00;CustomerAssign;bima_customerassign_date tersedia (durasi negatif di-clamp ke 0 = Comply);79,77;Not Comply
202605;TREG 3;BALI;DENPASAR UTARA;MMN;migrate;24,00;CustomerAssign;bima_customerassign_date tersedia (durasi negatif di-clamp ke 0 = Comply);0,00;Comply
202605;TREG 2;BANDUNG;SOREANG;BJA;migrate;24,00;CustomerAssign;bima_customerassign_date tersedia (durasi negatif di-clamp ke 0 = Comply);2,82;Comply
202605;TREG 1;SUMBAR JAMBI;SUMBAR;PDC;create;48,00;CustomerAssign;bima_customerassign_date tersedia (durasi negatif di-clamp ke 0 = Comply);0,00;Comply
202605;TREG 3;JATIM TIMUR;JEMBER;KBS;migrate;24,00;CustomerAssign;bima_customerassign_date tersedia (durasi negatif di-clamp ke 0 = Comply);0,00;Comply
202605;TREG 2;JAKARTA CENTRUM;JAKPUS;CPP;migrate;24,00;CustomerAssign;bima_customerassign_date tersedia (durasi negatif di-clamp ke 0 = Comply);1,12;Comply
202605;TREG 2;JAKARTA INNER;JAKBAR;KDY;migrate;24,00;CustomerAssign;bima_customerassign_date tersedia (durasi negatif di-clamp ke 0 = Comply);3,15;Comply
202605;TREG 5;SUMALUT;AMBON;ABO;create;48,00;CustomerAssign;bima_customerassign_date tersedia (durasi negatif di-clamp ke 0 = Comply);0,00;Comply
202605;TREG 2;BANTEN;PASAR BARU;GDS;create;48,00;CustomerAssign;bima_customerassign_date tersedia (durasi negatif di-clamp ke 0 = Comply);97,20;Not Comply
202605;TREG 2;BANTEN;BANTEN;SEG;migrate;24,00;CustomerAssign;bima_customerassign_date tersedia (durasi negatif di-clamp ke 0 = Comply);0,00;Comply
202605;TREG 1;RIAU;RIDAR;PBB;migrate;24,00;CustomerAssign;bima_customerassign_date tersedia (durasi negatif di-clamp ke 0 = Comply);0,00;Comply
202605;TREG 1;RIAU;RIKEP;LBJ;migrate;24,00;CustomerAssign;bima_customerassign_date tersedia (durasi negatif di-clamp ke 0 = Comply);0,00;Comply
202605;TREG 2;BANDUNG;BANDUNG;BDK;migrate;24,00;CustomerAssign;bima_customerassign_date tersedia (durasi negatif di-clamp ke 0 = Comply);0,00;Comply
202605;TREG 1;RIAU;RIKEP;SLU;migrate;24,00;CustomerAssign;bima_customerassign_date tersedia (durasi negatif di-clamp ke 0 = Comply);0,00;Comply
202605;TREG 2;PRIANGAN TIMUR;TASIKMALAYA;TSM;migrate;24,00;CustomerAssign;bima_customerassign_date tersedia (durasi negatif di-clamp ke 0 = Comply);193,62;Not Comply
202605;TREG 2;BEKASI KARAWANG;BEKASI;PKY;migrate;24,00;CustomerAssign;bima_customerassign_date tersedia (durasi negatif di-clamp ke 0 = Comply);3,64;Comply
202605;TREG 2;JAKARTA OUTER;JAKSEL;CPE;migrate;24,00;CustomerAssign;bima_customerassign_date tersedia (durasi negatif di-clamp ke 0 = Comply);0,00;Comply
202605;TREG 2;BEKASI KARAWANG;BEKASI;PDE;migrate;24,00;CustomerAssign;bima_customerassign_date tersedia (durasi negatif di-clamp ke 0 = Comply);25,69;Not Comply
202605;TREG 2;BANTEN;LENGKONG;SRP;migrate;24,00;CustomerAssign;bima_customerassign_date tersedia (durasi negatif di-clamp ke 0 = Comply);8,72;Comply
202605;TREG 4;KALTIMTARA;SAMARINDA;LOB;migrate;24,00;CustomerAssign;bima_customerassign_date tersedia (durasi negatif di-clamp ke 0 = Comply);1,79;Comply
202605;TREG 3;JATIM TIMUR;SIDOARJO;GDA;create;48,00;CustomerAssign;bima_customerassign_date tersedia (durasi negatif di-clamp ke 0 = Comply);3,81;Comply
202605;TREG 2;JAKARTA CENTRUM;JAKUT;TPR;migrate;24,00;CustomerAssign;bima_customerassign_date tersedia (durasi negatif di-clamp ke 0 = Comply);3,86;Comply
202605;TREG 1;SUMBAR JAMBI;BUKIT TINGGI;PYK;migrate;24,00;CustomerAssign;bima_customerassign_date tersedia (durasi negatif di-clamp ke 0 = Comply);0,00;Comply
202605;TREG 1;SUMUT;SUMUT;PMS;create;48,00;CustomerAssign;bima_customerassign_date tersedia (durasi negatif di-clamp ke 0 = Comply);27,94;Comply
202605;TREG 2;BEKASI KARAWANG;BEKASI;BEK;create;48,00;CustomerAssign;bima_customerassign_date tersedia (durasi negatif di-clamp ke 0 = Comply);8,94;Comply
202605;TREG 2;PRIANGAN BARAT;CIBINONG;CSN;create;48,00;CustomerAssign;bima_customerassign_date tersedia (durasi negatif di-clamp ke 0 = Comply);0,00;Comply
202605;TREG 2;JAKARTA OUTER;JAKTIM;CWA;migrate;24,00;CustomerAssign;bima_customerassign_date tersedia (durasi negatif di-clamp ke 0 = Comply);0,00;Comply
202605;TREG 2;JAKARTA OUTER;JAKTIM;CWA;create;48,00;CustomerAssign;bima_customerassign_date tersedia (durasi negatif di-clamp ke 0 = Comply);0,00;Comply
202605;TREG 4;KALSELTENG;BANJARBARU;MTP;migrate;24,00;CustomerAssign;bima_customerassign_date tersedia (durasi negatif di-clamp ke 0 = Comply);2,19;Comply
202605;TREG 2;BANDUNG;BANDUNG;GGK;create;48,00;CustomerAssign;bima_customerassign_date tersedia (durasi negatif di-clamp ke 0 = Comply);0,00;Comply
202605;TREG 3;SURAMADU;SURABAYA UTARA;TNS;migrate;24,00;CustomerAssign;bima_customerassign_date tersedia (durasi negatif di-clamp ke 0 = Comply);0,00;Comply
202605;TREG 2;PRIANGAN BARAT;SENTUL;KHL;migrate;24,00;CustomerAssign;bima_customerassign_date tersedia (durasi negatif di-clamp ke 0 = Comply);4,29;Comply
202605;TREG 2;JAKARTA CENTRUM;JAKUT;STR;migrate;24,00;CustomerAssign;bima_customerassign_date tersedia (durasi negatif di-clamp ke 0 = Comply);0,00;Comply
202605;TREG 2;JAKARTA CENTRUM;JAKPUS;KMY;create;48,00;CustomerAssign;bima_customerassign_date tersedia (durasi negatif di-clamp ke 0 = Comply);4,35;Comply
202605;TREG 2;JAKARTA CENTRUM;JAKUT;STR;migrate;24,00;CustomerAssign;bima_customerassign_date tersedia (durasi negatif di-clamp ke 0 = Comply);26,38;Not Comply
202605;TREG 2;BANTEN;CIPUTAT;CPA;migrate;24,00;CustomerAssign;bima_customerassign_date tersedia (durasi negatif di-clamp ke 0 = Comply);0,00;Comply
202605;TREG 2;BANTEN;LENGKONG;LKG;create;48,00;CustomerAssign;bima_customerassign_date tersedia (durasi negatif di-clamp ke 0 = Comply);0,00;Comply
202605;TREG 2;JAKARTA CENTRUM;JAKUT;KLG;migrate;24,00;CustomerAssign;bima_customerassign_date tersedia (durasi negatif di-clamp ke 0 = Comply);0,00;Comply
202605;TREG 3;YOGYA JATENG SELATAN;SLEMAN;GOD;migrate;24,00;CustomerAssign;bima_customerassign_date tersedia (durasi negatif di-clamp ke 0 = Comply);0,00;Comply
202605;TREG 2;JAKARTA OUTER;JAKTIM;GAN;migrate;24,00;CustomerAssign;bima_customerassign_date tersedia (durasi negatif di-clamp ke 0 = Comply);0,00;Comply
202605;TREG 2;PRIANGAN BARAT;CIBINONG;CBI;create;48,00;CustomerAssign;bima_customerassign_date tersedia (durasi negatif di-clamp ke 0 = Comply);0,00;Comply
202605;TREG 3;JATIM BARAT;KEDIRI;PAE;migrate;24,00;CustomerAssign;bima_customerassign_date tersedia (durasi negatif di-clamp ke 0 = Comply);0,00;Comply
202605;TREG 3;JATIM BARAT;PONOROGO;PNZ;migrate;24,00;CustomerAssign;bima_customerassign_date tersedia (durasi negatif di-clamp ke 0 = Comply);74,68;Not Comply
202605;TREG 1;RIAU;BANGKINANG;ARK;migrate;24,00;CustomerAssign;bima_customerassign_date tersedia (durasi negatif di-clamp ke 0 = Comply);50,69;Not Comply
202605;TREG 1;RIAU;BANGKINANG;ARK;migrate;24,00;CustomerAssign;bima_customerassign_date tersedia (durasi negatif di-clamp ke 0 = Comply);360,76;Not Comply
202605;TREG 5;SULBAGSEL;GOWA;SUG;create;48,00;CustomerAssign;bima_customerassign_date tersedia (durasi negatif di-clamp ke 0 = Comply);0,00;Comply
202605;TREG 4;KALTIMTARA;MELAK;TGG;migrate;24,00;CustomerAssign;bima_customerassign_date tersedia (durasi negatif di-clamp ke 0 = Comply);2,89;Comply
202605;TREG 2;BEKASI KARAWANG;BEKASI;KRA;migrate;24,00;CustomerAssign;bima_customerassign_date tersedia (durasi negatif di-clamp ke 0 = Comply);2,97;Comply
202605;TREG 4;KALSELTENG;BANJARMASIN;BJM;migrate;24,00;CustomerAssign;bima_customerassign_date tersedia (durasi negatif di-clamp ke 0 = Comply);0,00;Comply
202605;TREG 1;SUMUT;MEDAN;TJM;migrate;24,00;CustomerAssign;bima_customerassign_date tersedia (durasi negatif di-clamp ke 0 = Comply);5,12;Comply
202605;TREG 2;JAKARTA CENTRUM;JAKUT;KLG;create;48,00;CustomerAssign;bima_customerassign_date tersedia (durasi negatif di-clamp ke 0 = Comply);5,15;Comply
202605;TREG 3;BALI;DENPASAR UTARA;UBN;migrate;24,00;CustomerAssign;bima_customerassign_date tersedia (durasi negatif di-clamp ke 0 = Comply);10,18;Comply
202605;TREG 2;JAKARTA OUTER;JAKSEL;BIN;migrate;24,00;CustomerAssign;bima_customerassign_date tersedia (durasi negatif di-clamp ke 0 = Comply);29,22;Not Comply
202605;TREG 2;BEKASI KARAWANG;BEKASI;PKY;create;48,00;CustomerAssign;bima_customerassign_date tersedia (durasi negatif di-clamp ke 0 = Comply);0,00;Comply
202605;TREG 3;SURAMADU;SURABAYA SELATAN;IJK;create;48,00;CustomerAssign;bima_customerassign_date tersedia (durasi negatif di-clamp ke 0 = Comply);3,32;Comply
202605;TREG 2;BEKASI KARAWANG;CIKARANG;BGG;migrate;24,00;CustomerAssign;bima_customerassign_date tersedia (durasi negatif di-clamp ke 0 = Comply);5,34;Comply
202605;TREG 3;SURAMADU;SURABAYA SELATAN;MYR;migrate;24,00;CustomerAssign;bima_customerassign_date tersedia (durasi negatif di-clamp ke 0 = Comply);0,00;Comply
202605;TREG 2;BEKASI KARAWANG;BEKASI;KRA;migrate;24,00;CustomerAssign;bima_customerassign_date tersedia (durasi negatif di-clamp ke 0 = Comply);3,55;Comply
202605;TREG 4;KALTIMTARA;TARAKAN;TRK;migrate;24,00;CustomerAssign;bima_customerassign_date tersedia (durasi negatif di-clamp ke 0 = Comply);0,00;Comply
202605;TREG 3;BALI;DENPASAR SELATAN;BNO;create;48,00;CustomerAssign;bima_customerassign_date tersedia (durasi negatif di-clamp ke 0 = Comply);82,70;Not Comply
202605;TREG 3;JATIM TIMUR;LUMAJANG;LMJ;migrate;24,00;CustomerAssign;bima_customerassign_date tersedia (durasi negatif di-clamp ke 0 = Comply);0,00;Comply
202605;TREG 2;BANDUNG;SUMEDANG;CJA;migrate;24,00;CustomerAssign;bima_customerassign_date tersedia (durasi negatif di-clamp ke 0 = Comply);10,74;Comply
202605;TREG 1;SUMUT;BINJAI;BJI;create;48,00;CustomerAssign;bima_customerassign_date tersedia (durasi negatif di-clamp ke 0 = Comply);5,76;Comply
202605;TREG 2;PRIANGAN TIMUR;TASIKMALAYA;TSM;migrate;24,00;CustomerAssign;bima_customerassign_date tersedia (durasi negatif di-clamp ke 0 = Comply);0,00;Comply
202605;TREG 1;RIAU;BANGKINANG;ARK;migrate;24,00;CustomerAssign;bima_customerassign_date tersedia (durasi negatif di-clamp ke 0 = Comply);57,98;Not Comply
202605;TREG 3;SEMARANG JATENG UTARA;SEMARANG;BMK;migrate;24,00;CustomerAssign;bima_customerassign_date tersedia (durasi negatif di-clamp ke 0 = Comply);0,00;Comply
202605;TREG 2;JAKARTA INNER;JAKBAR;PLM;migrate;24,00;CustomerAssign;bima_customerassign_date tersedia (durasi negatif di-clamp ke 0 = Comply);0,00;Comply
202605;TREG 3;SURAMADU;SURABAYA UTARA;KPS;create;48,00;CustomerAssign;bima_customerassign_date tersedia (durasi negatif di-clamp ke 0 = Comply);0,00;Comply
202605;TREG 2;BANDUNG;BANDUNG;BDK;migrate;24,00;CustomerAssign;bima_customerassign_date tersedia (durasi negatif di-clamp ke 0 = Comply);76,53;Not Comply
202605;TREG 2;JAKARTA OUTER;JAKSEL;KAL;migrate;24,00;CustomerAssign;bima_customerassign_date tersedia (durasi negatif di-clamp ke 0 = Comply);11,69;Comply
202605;TREG 2;BANTEN;PASAR BARU;TAN;create;48,00;CustomerAssign;bima_customerassign_date tersedia (durasi negatif di-clamp ke 0 = Comply);4,72;Comply
202605;TREG 1;RIAU;RIKEP;BTC;migrate;24,00;CustomerAssign;bima_customerassign_date tersedia (durasi negatif di-clamp ke 0 = Comply);11,76;Comply
202605;TREG 2;JAKARTA OUTER;JAKSEL;PSM;migrate;24,00;CustomerAssign;bima_customerassign_date tersedia (durasi negatif di-clamp ke 0 = Comply);0,00;Comply
202605;TREG 1;SUMUT;SIBOLGA;PND;migrate;24,00;CustomerAssign;bima_customerassign_date tersedia (durasi negatif di-clamp ke 0 = Comply);0,00;Comply
202605;TREG 2;BEKASI KARAWANG;KARAWANG;KRW;migrate;24,00;CustomerAssign;bima_customerassign_date tersedia (durasi negatif di-clamp ke 0 = Comply);0,00;Comply
202605;TREG 2;JAKARTA OUTER;JAKTIM;KLD;migrate;24,00;CustomerAssign;bima_customerassign_date tersedia (durasi negatif di-clamp ke 0 = Comply);12,08;Comply
202605;TREG 1;SUMUT;SUMUT;RBM;migrate;24,00;CustomerAssign;bima_customerassign_date tersedia (durasi negatif di-clamp ke 0 = Comply);7,13;Comply
202605;TREG 2;JAKARTA OUTER;JAKSEL;BIN;migrate;24,00;CustomerAssign;bima_customerassign_date tersedia (durasi negatif di-clamp ke 0 = Comply);0,00;Comply
202605;TREG 3;JATIM BARAT;BOJONEGORO;BJN;migrate;24,00;CustomerAssign;bima_customerassign_date tersedia (durasi negatif di-clamp ke 0 = Comply);0,00;Comply
202605;TREG 2;JAKARTA OUTER;JAKSEL;CPE;migrate;24,00;CustomerAssign;bima_customerassign_date tersedia (durasi negatif di-clamp ke 0 = Comply);0,00;Comply
202605;TREG 4;KALBAR;SANGGAU;BDO;migrate;24,00;CustomerAssign;bima_customerassign_date tersedia (durasi negatif di-clamp ke 0 = Comply);199,68;Not Comply
202605;TREG 2;BANTEN;LENGKONG;CUG;migrate;24,00;CustomerAssign;bima_customerassign_date tersedia (durasi negatif di-clamp ke 0 = Comply);0,00;Comply
202605;TREG 2;PRIANGAN TIMUR;INDRAMAYU;JTB;migrate;24,00;CustomerAssign;bima_customerassign_date tersedia (durasi negatif di-clamp ke 0 = Comply);0,00;Comply
202605;TREG 3;SURAMADU;MADURA;PME;migrate;24,00;CustomerAssign;bima_customerassign_date tersedia (durasi negatif di-clamp ke 0 = Comply);0,00;Comply
202605;TREG 1;RIAU;RIDAR;BKR;migrate;24,00;CustomerAssign;bima_customerassign_date tersedia (durasi negatif di-clamp ke 0 = Comply);54,76;Not Comply
202605;TREG 1;SUMBAR JAMBI;BUKIT TINGGI;PPJ;migrate;24,00;CustomerAssign;bima_customerassign_date tersedia (durasi negatif di-clamp ke 0 = Comply);56,02;Not Comply
202605;TREG 5;SUMALUT;AMBON;ABO;migrate;24,00;CustomerAssign;bima_customerassign_date tersedia (durasi negatif di-clamp ke 0 = Comply);69,20;Not Comply
202605;TREG 2;JAKARTA INNER;JAKBAR;PLM;migrate;24,00;CustomerAssign;bima_customerassign_date tersedia (durasi negatif di-clamp ke 0 = Comply);17,23;Comply
202605;TREG 2;BANTEN;CIPUTAT;CLD;migrate;24,00;CustomerAssign;bima_customerassign_date tersedia (durasi negatif di-clamp ke 0 = Comply);0,00;Comply
202605;TREG 2;BANTEN;CIPUTAT;CPA;migrate;24,00;CustomerAssign;bima_customerassign_date tersedia (durasi negatif di-clamp ke 0 = Comply);48,94;Not Comply
202605;TREG 1;SUMBAGSEL;BABEL;PGP;migrate;24,00;CustomerAssign;bima_customerassign_date tersedia (durasi negatif di-clamp ke 0 = Comply);116,08;Not Comply
202605;TREG 5;SULBAGSEL;MAKASSAR;TMA;migrate;24,00;CustomerAssign;bima_customerassign_date tersedia (durasi negatif di-clamp ke 0 = Comply);0,00;Comply
202605;TREG 5;PAPUA BARAT;TIMIKA;TIM;migrate;24,00;CustomerAssign;bima_customerassign_date tersedia (durasi negatif di-clamp ke 0 = Comply);0,00;Comply
202605;TREG 2;JAKARTA OUTER;JAKSEL;BIN;migrate;24,00;CustomerAssign;bima_customerassign_date tersedia (durasi negatif di-clamp ke 0 = Comply);0,00;Comply
202605;TREG 4;KALTIMTARA;SAMARINDA;LOB;migrate;24,00;CustomerAssign;bima_customerassign_date tersedia (durasi negatif di-clamp ke 0 = Comply);1,85;Comply
202605;TREG 1;SUMBAR JAMBI;JAMBI;JMB;migrate;24,00;CustomerAssign;bima_customerassign_date tersedia (durasi negatif di-clamp ke 0 = Comply);50,20;Not Comply
202605;TREG 2;JAKARTA CENTRUM;JAKPUS;GBC;migrate;24,00;CustomerAssign;bima_customerassign_date tersedia (durasi negatif di-clamp ke 0 = Comply);67,25;Not Comply
202605;TREG 5;PAPUA BARAT;SORONG;SON;migrate;24,00;CustomerAssign;bima_customerassign_date tersedia (durasi negatif di-clamp ke 0 = Comply);26,26;Not Comply
202605;TREG 2;BANTEN;LENGKONG;SRP;migrate;24,00;CustomerAssign;bima_customerassign_date tersedia (durasi negatif di-clamp ke 0 = Comply);0,00;Comply
202605;TREG 3;SEMARANG JATENG UTARA;UNGARAN;UNR;create;48,00;CustomerAssign;bima_customerassign_date tersedia (durasi negatif di-clamp ke 0 = Comply);19,40;Comply
202605;TREG 3;SURAMADU;GRESIK;CRM;create;48,00;CustomerAssign;bima_customerassign_date tersedia (durasi negatif di-clamp ke 0 = Comply);26,54;Comply
202605;TREG 4;KALSELTENG;TANJUNG TABALONG;AMT;migrate;24,00;CustomerAssign;bima_customerassign_date tersedia (durasi negatif di-clamp ke 0 = Comply);0,00;Comply
202605;TREG 3;YOGYA JATENG SELATAN;SLEMAN;SMN;create;48,00;CustomerAssign;bima_customerassign_date tersedia (durasi negatif di-clamp ke 0 = Comply);1,59;Comply
202605;TREG 2;PRIANGAN BARAT;KUJANG;BOO;migrate;24,00;CustomerAssign;bima_customerassign_date tersedia (durasi negatif di-clamp ke 0 = Comply);122,98;Not Comply
202605;TREG 1;RIAU;RIKEP;LBJ;create;48,00;CustomerAssign;bima_customerassign_date tersedia (durasi negatif di-clamp ke 0 = Comply);0,00;Comply
202605;TREG 4;KALSELTENG;TANJUNG TABALONG;TJL;migrate;24,00;CustomerAssign;bima_customerassign_date tersedia (durasi negatif di-clamp ke 0 = Comply);164,08;Not Comply
202605;TREG 1;RIAU;TANJUNGBALAI KARIMUN;TBK;create;48,00;CustomerAssign;bima_customerassign_date tersedia (durasi negatif di-clamp ke 0 = Comply);22,13;Comply
202605;TREG 1;RIAU;RIKEP;LBJ;migrate;24,00;CustomerAssign;bima_customerassign_date tersedia (durasi negatif di-clamp ke 0 = Comply);0,00;Comply
202605;TREG 1;RIAU;RIKEP;LBJ;migrate;24,00;CustomerAssign;bima_customerassign_date tersedia (durasi negatif di-clamp ke 0 = Comply);0,00;Comply
202605;TREG 2;PRIANGAN BARAT;DEPOK;SKJ;create;48,00;CustomerAssign;bima_customerassign_date tersedia (durasi negatif di-clamp ke 0 = Comply);0,00;Comply
202605;TREG 4;BALIKPAPAN;BALIKPAPAN;BRU;migrate;24,00;CustomerAssign;bima_customerassign_date tersedia (durasi negatif di-clamp ke 0 = Comply);0,00;Comply
202605;TREG 2;BANDUNG;SUMEDANG;CJA;create;48,00;CustomerAssign;bima_customerassign_date tersedia (durasi negatif di-clamp ke 0 = Comply);0,00;Comply
202605;TREG 3;JATIM BARAT;KEDIRI;KDI;create;48,00;CustomerAssign;bima_customerassign_date tersedia (durasi negatif di-clamp ke 0 = Comply);3,97;Comply
202605;TREG 3;SURAMADU;SURABAYA UTARA;TNS;create;48,00;CustomerAssign;bima_customerassign_date tersedia (durasi negatif di-clamp ke 0 = Comply);0,00;Comply
202605;TREG 2;JAKARTA OUTER;JAKSEL;KAL;migrate;24,00;CustomerAssign;bima_customerassign_date tersedia (durasi negatif di-clamp ke 0 = Comply);0,00;Comply
202605;TREG 4;KALTIMTARA;SAMARINDA;LOB;migrate;24,00;CustomerAssign;bima_customerassign_date tersedia (durasi negatif di-clamp ke 0 = Comply);0,00;Comply
202605;TREG 4;KALSELTENG;TANJUNG TABALONG;RTA;migrate;24,00;CustomerAssign;bima_customerassign_date tersedia (durasi negatif di-clamp ke 0 = Comply);0,00;Comply
202605;TREG 3;JATIM BARAT;MALANG;KLJ;migrate;24,00;CustomerAssign;bima_customerassign_date tersedia (durasi negatif di-clamp ke 0 = Comply);0,00;Comply
202605;TREG 3;YOGYA JATENG SELATAN;MAGELANG;MTY;create;48,00;CustomerAssign;bima_customerassign_date tersedia (durasi negatif di-clamp ke 0 = Comply);71,55;Not Comply
202605;TREG 5;SULBAGTENG;PALU;PLA;create;48,00;CustomerAssign;bima_customerassign_date tersedia (durasi negatif di-clamp ke 0 = Comply);0,62;Comply
202605;TREG 2;JAKARTA CENTRUM;JAKUT;TPR;create;48,00;CustomerAssign;bima_customerassign_date tersedia (durasi negatif di-clamp ke 0 = Comply);52,71;Not Comply
202605;TREG 3;YOGYA JATENG SELATAN;YOGYAKARTA;KGD;migrate;24,00;CustomerAssign;bima_customerassign_date tersedia (durasi negatif di-clamp ke 0 = Comply);43,89;Not Comply
202605;TREG 2;BANDUNG;PADALARANG;BTJ;migrate;24,00;CustomerAssign;bima_customerassign_date tersedia (durasi negatif di-clamp ke 0 = Comply);0,00;Comply
202605;TREG 4;KALTIMTARA;BULUNGAN BERAU;TSL;migrate;24,00;CustomerAssign;bima_customerassign_date tersedia (durasi negatif di-clamp ke 0 = Comply);1,03;Comply
202605;TREG 2;PRIANGAN BARAT;KUJANG;CSE;migrate;24,00;CustomerAssign;bima_customerassign_date tersedia (durasi negatif di-clamp ke 0 = Comply);24,12;Not Comply
202605;TREG 3;JATIM BARAT;BLITAR;BLR;migrate;24,00;CustomerAssign;bima_customerassign_date tersedia (durasi negatif di-clamp ke 0 = Comply);5,17;Comply
202605;TREG 2;BANDUNG;SUMEDANG;UBR;migrate;24,00;CustomerAssign;bima_customerassign_date tersedia (durasi negatif di-clamp ke 0 = Comply);0,00;Comply
202605;TREG 2;BANDUNG;SUMEDANG;UBR;migrate;24,00;CustomerAssign;bima_customerassign_date tersedia (durasi negatif di-clamp ke 0 = Comply);0,00;Comply
202605;TREG 4;KALTIMTARA;SAMARINDA;LOB;migrate;24,00;CustomerAssign;bima_customerassign_date tersedia (durasi negatif di-clamp ke 0 = Comply);0,47;Comply
202605;TREG 2;JAKARTA CENTRUM;JAKUT;TPR;migrate;24,00;CustomerAssign;bima_customerassign_date tersedia (durasi negatif di-clamp ke 0 = Comply);5,62;Comply
202605;TREG 4;KALBAR;SANGGAU;SGU;migrate;24,00;CustomerAssign;bima_customerassign_date tersedia (durasi negatif di-clamp ke 0 = Comply);190,73;Not Comply
202605;TREG 3;SURAMADU;SURABAYA UTARA;KJR;create;48,00;CustomerAssign;bima_customerassign_date tersedia (durasi negatif di-clamp ke 0 = Comply);0,00;Comply
202605;TREG 2;JAKARTA OUTER;JAKTIM;KRG;migrate;24,00;CustomerAssign;bima_customerassign_date tersedia (durasi negatif di-clamp ke 0 = Comply);0,75;Comply
202605;TREG 2;PRIANGAN BARAT;DEPOK;SKJ;create;48,00;CustomerAssign;bima_customerassign_date tersedia (durasi negatif di-clamp ke 0 = Comply);0,00;Comply
202605;TREG 2;JAKARTA OUTER;JAKSEL;KBY;create;48,00;CustomerAssign;bima_customerassign_date tersedia (durasi negatif di-clamp ke 0 = Comply);46,84;Comply
202605;TREG 4;KALSELTENG;PANGKALAN BUN;PBU;migrate;24,00;CustomerAssign;bima_customerassign_date tersedia (durasi negatif di-clamp ke 0 = Comply);0,00;Comply
202605;TREG 2;BANTEN;PASAR BARU;SPT;migrate;24,00;CustomerAssign;bima_customerassign_date tersedia (durasi negatif di-clamp ke 0 = Comply);413,96;Not Comply
202605;TREG 3;YOGYA JATENG SELATAN;CILACAP;MAO;migrate;24,00;CustomerAssign;bima_customerassign_date tersedia (durasi negatif di-clamp ke 0 = Comply);0,00;Comply
202605;TREG 3;YOGYA JATENG SELATAN;MAGELANG;MTY;migrate;24,00;CustomerAssign;bima_customerassign_date tersedia (durasi negatif di-clamp ke 0 = Comply);29,99;Not Comply
202605;TREG 2;BEKASI KARAWANG;CIKARANG;CIB;migrate;24,00;CustomerAssign;bima_customerassign_date tersedia (durasi negatif di-clamp ke 0 = Comply);0,00;Comply
202605;TREG 2;BANTEN;CIPUTAT;CLD;create;48,00;CustomerAssign;bima_customerassign_date tersedia (durasi negatif di-clamp ke 0 = Comply);0,00;Comply
202605;TREG 3;SURAMADU;SURABAYA SELATAN;TPO;migrate;24,00;CustomerAssign;bima_customerassign_date tersedia (durasi negatif di-clamp ke 0 = Comply);0,00;Comply
202605;TREG 3;YOGYA JATENG SELATAN;KEBUMEN;KBM;create;48,00;CustomerAssign;bima_customerassign_date tersedia (durasi negatif di-clamp ke 0 = Comply);0,00;Comply
202605;TREG 1;RIAU;RIKEP;BTC;migrate;24,00;CustomerAssign;bima_customerassign_date tersedia (durasi negatif di-clamp ke 0 = Comply);25,12;Not Comply
202605;TREG 4;KALSELTENG;TANJUNG TABALONG;RTA;migrate;24,00;CustomerAssign;bima_customerassign_date tersedia (durasi negatif di-clamp ke 0 = Comply);1,14;Comply
202605;TREG 2;JAKARTA OUTER;JAKSEL;KAL;migrate;24,00;CustomerAssign;bima_customerassign_date tersedia (durasi negatif di-clamp ke 0 = Comply);0,00;Comply
202605;TREG 3;YOGYA JATENG SELATAN;YOGYAKARTA;KEN;create;48,00;CustomerAssign;bima_customerassign_date tersedia (durasi negatif di-clamp ke 0 = Comply);479,18;Not Comply
202605;TREG 3;BALI;DENPASAR SELATAN;KUT;create;48,00;CustomerAssign;bima_customerassign_date tersedia (durasi negatif di-clamp ke 0 = Comply);0,00;Comply
202605;TREG 4;KALSELTENG;BATULICIN;BLC;migrate;24,00;CustomerAssign;bima_customerassign_date tersedia (durasi negatif di-clamp ke 0 = Comply);6,25;Comply
202605;TREG 4;KALTIMTARA;BONTANG;BOT;migrate;24,00;CustomerAssign;bima_customerassign_date tersedia (durasi negatif di-clamp ke 0 = Comply);0,00;Comply
202605;TREG 2;BANDUNG;BANDUNG;LBG;create;48,00;CustomerAssign;bima_customerassign_date tersedia (durasi negatif di-clamp ke 0 = Comply);0,00;Comply
202605;TREG 2;JAKARTA OUTER;JAKTIM;KRG;create;48,00;CustomerAssign;bima_customerassign_date tersedia (durasi negatif di-clamp ke 0 = Comply);47,40;Comply
202605;TREG 4;KALTIMTARA;SAMARINDA;AGN;migrate;24,00;CustomerAssign;bima_customerassign_date tersedia (durasi negatif di-clamp ke 0 = Comply);0,00;Comply
202605;TREG 1;RIAU;BANGKINANG;ARK;migrate;24,00;CustomerAssign;bima_customerassign_date tersedia (durasi negatif di-clamp ke 0 = Comply);23,53;Comply
202605;TREG 2;BANTEN;LENGKONG;LGK;create;48,00;CustomerAssign;bima_customerassign_date tersedia (durasi negatif di-clamp ke 0 = Comply);6,68;Comply
202605;TREG 3;JATIM TIMUR;SIDOARJO;SDA;create;48,00;CustomerAssign;bima_customerassign_date tersedia (durasi negatif di-clamp ke 0 = Comply);0,00;Comply
202605;TREG 1;SUMUT;MEDAN;PUB;create;48,00;CustomerAssign;bima_customerassign_date tersedia (durasi negatif di-clamp ke 0 = Comply);0,00;Comply
202605;TREG 2;BEKASI KARAWANG;CIKARANG;TBL;create;48,00;CustomerAssign;bima_customerassign_date tersedia (durasi negatif di-clamp ke 0 = Comply);1,79;Comply
202605;TREG 2;BANDUNG;BANDUNG;DGO;create;48,00;CustomerAssign;bima_customerassign_date tersedia (durasi negatif di-clamp ke 0 = Comply);6,82;Comply
202605;TREG 2;JAKARTA CENTRUM;JAKPUS;GBC;migrate;24,00;CustomerAssign;bima_customerassign_date tersedia (durasi negatif di-clamp ke 0 = Comply);6,87;Comply
202605;TREG 2;BEKASI KARAWANG;KARAWANG;TLJ;migrate;24,00;CustomerAssign;bima_customerassign_date tersedia (durasi negatif di-clamp ke 0 = Comply);0,00;Comply
202605;TREG 4;KALSELTENG;TANJUNG TABALONG;PGN;create;48,00;CustomerAssign;bima_customerassign_date tersedia (durasi negatif di-clamp ke 0 = Comply);0,00;Comply
202605;TREG 1;ACEH;ACEH;LBR;create;48,00;CustomerAssign;bima_customerassign_date tersedia (durasi negatif di-clamp ke 0 = Comply);1,91;Comply
202605;TREG 2;JAKARTA CENTRUM;JAKUT;TPR;migrate;24,00;CustomerAssign;bima_customerassign_date tersedia (durasi negatif di-clamp ke 0 = Comply);0,00;Comply
202605;TREG 3;SURAMADU;SURABAYA SELATAN;WRU;migrate;24,00;CustomerAssign;bima_customerassign_date tersedia (durasi negatif di-clamp ke 0 = Comply);0,00;Comply
202605;TREG 3;JATIM BARAT;MALANG;SWJ;migrate;24,00;CustomerAssign;bima_customerassign_date tersedia (durasi negatif di-clamp ke 0 = Comply);2,02;Comply
202605;TREG 3;SOLO JATENG TIMUR;SOLO;KRT;migrate;24,00;CustomerAssign;bima_customerassign_date tersedia (durasi negatif di-clamp ke 0 = Comply);0,00;Comply
202605;TREG 2;BANDUNG;BANDUNG BARAT;CMI;migrate;24,00;CustomerAssign;bima_customerassign_date tersedia (durasi negatif di-clamp ke 0 = Comply);0,29;Comply
202605;TREG 5;SUMALUT;TERNATE;LBH;migrate;24,00;CustomerAssign;bima_customerassign_date tersedia (durasi negatif di-clamp ke 0 = Comply);0,00;Comply
202605;TREG 2;BEKASI KARAWANG;BEKASI;KLB;migrate;24,00;CustomerAssign;bima_customerassign_date tersedia (durasi negatif di-clamp ke 0 = Comply);0,00;Comply
202605;TREG 2;BEKASI KARAWANG;BEKASI;BEK;migrate;24,00;CustomerAssign;bima_customerassign_date tersedia (durasi negatif di-clamp ke 0 = Comply);0,00;Comply
202605;TREG 2;BEKASI KARAWANG;CIKARANG;CIB;create;48,00;CustomerAssign;bima_customerassign_date tersedia (durasi negatif di-clamp ke 0 = Comply);0,00;Comply
202605;TREG 2;JAKARTA INNER;JAKBAR;CKG;migrate;24,00;CustomerAssign;bima_customerassign_date tersedia (durasi negatif di-clamp ke 0 = Comply);7,51;Comply
202605;TREG 3;NUSA TENGGARA;MAUMERE;END;migrate;24,00;CustomerAssign;bima_customerassign_date tersedia (durasi negatif di-clamp ke 0 = Comply);222,52;Not Comply
202605;TREG 2;JAKARTA OUTER;JAKSEL;CPE;migrate;24,00;CustomerAssign;bima_customerassign_date tersedia (durasi negatif di-clamp ke 0 = Comply);2,62;Comply
202605;TREG 2;JAKARTA OUTER;JAKTIM;RMG;migrate;24,00;CustomerAssign;bima_customerassign_date tersedia (durasi negatif di-clamp ke 0 = Comply);0,00;Comply
202605;TREG 1;RIAU;RIKEP;LBJ;migrate;24,00;CustomerAssign;bima_customerassign_date tersedia (durasi negatif di-clamp ke 0 = Comply);55,72;Not Comply
202605;TREG 2;BEKASI KARAWANG;PURWAKARTA;PWK;migrate;24,00;CustomerAssign;bima_customerassign_date tersedia (durasi negatif di-clamp ke 0 = Comply);0,00;Comply
202605;TREG 2;PRIANGAN BARAT;SUKABUMI;SKB;create;48,00;CustomerAssign;bima_customerassign_date tersedia (durasi negatif di-clamp ke 0 = Comply);0,00;Comply
202605;TREG 1;ACEH;ACEH;BNA;migrate;24,00;CustomerAssign;bima_customerassign_date tersedia (durasi negatif di-clamp ke 0 = Comply);0,00;Comply
202605;TREG 3;SOLO JATENG TIMUR;SOLO;KTO;migrate;24,00;CustomerAssign;bima_customerassign_date tersedia (durasi negatif di-clamp ke 0 = Comply);0,00;Comply
202605;TREG 3;BALI;DENPASAR SELATAN;JBR;create;48,00;CustomerAssign;bima_customerassign_date tersedia (durasi negatif di-clamp ke 0 = Comply);0,00;Comply
202605;TREG 4;KALSELTENG;TANJUNG TABALONG;RTA;migrate;24,00;CustomerAssign;bima_customerassign_date tersedia (durasi negatif di-clamp ke 0 = Comply);2,96;Comply
202605;TREG 2;BANDUNG;BANDUNG;TRG;migrate;24,00;CustomerAssign;bima_customerassign_date tersedia (durasi negatif di-clamp ke 0 = Comply);98,98;Not Comply
202605;TREG 2;BEKASI KARAWANG;CIKARANG;BGG;migrate;24,00;CustomerAssign;bima_customerassign_date tersedia (durasi negatif di-clamp ke 0 = Comply);146,98;Not Comply
202605;TREG 2;BANDUNG;SOREANG;RCK;create;48,00;CustomerAssign;bima_customerassign_date tersedia (durasi negatif di-clamp ke 0 = Comply);1,06;Comply
202605;TREG 2;JAKARTA INNER;JAKBAR;MRY;create;48,00;CustomerAssign;bima_customerassign_date tersedia (durasi negatif di-clamp ke 0 = Comply);8,12;Comply
202605;TREG 2;JAKARTA OUTER;JAKSEL;BIN;migrate;24,00;CustomerAssign;bima_customerassign_date tersedia (durasi negatif di-clamp ke 0 = Comply);0,00;Comply
202605;TREG 1;ACEH;ACEH;SGI;create;48,00;CustomerAssign;bima_customerassign_date tersedia (durasi negatif di-clamp ke 0 = Comply);0,00;Comply
202605;TREG 4;KALSELTENG;TANJUNG TABALONG;TJL;migrate;24,00;CustomerAssign;bima_customerassign_date tersedia (durasi negatif di-clamp ke 0 = Comply);51,25;Not Comply
202605;TREG 2;PRIANGAN BARAT;SENTUL;KHL;migrate;24,00;CustomerAssign;bima_customerassign_date tersedia (durasi negatif di-clamp ke 0 = Comply);1,28;Comply
202605;TREG 3;YOGYA JATENG SELATAN;YOGYAKARTA;PGR;migrate;24,00;CustomerAssign;bima_customerassign_date tersedia (durasi negatif di-clamp ke 0 = Comply);0,00;Comply
202605;TREG 3;JATIM BARAT;BLITAR;WGI;migrate;24,00;CustomerAssign;bima_customerassign_date tersedia (durasi negatif di-clamp ke 0 = Comply);0,00;Comply
202605;TREG 1;SUMUT;SUMUT;PMS;migrate;24,00;CustomerAssign;bima_customerassign_date tersedia (durasi negatif di-clamp ke 0 = Comply);25,43;Not Comply
202605;TREG 2;BEKASI KARAWANG;BEKASI;BEK;create;48,00;CustomerAssign;bima_customerassign_date tersedia (durasi negatif di-clamp ke 0 = Comply);0,00;Comply
202605;TREG 4;KALSELTENG;BANJARMASIN;BJM;migrate;24,00;CustomerAssign;bima_customerassign_date tersedia (durasi negatif di-clamp ke 0 = Comply);123,52;Not Comply
202605;TREG 3;JATIM BARAT;PONOROGO;PON;migrate;24,00;CustomerAssign;bima_customerassign_date tersedia (durasi negatif di-clamp ke 0 = Comply);1,55;Comply
202605;TREG 4;KALSELTENG;TANJUNG TABALONG;AMT;migrate;24,00;CustomerAssign;bima_customerassign_date tersedia (durasi negatif di-clamp ke 0 = Comply);0,00;Comply
202605;TREG 3;NUSA TENGGARA;NTT;KPN;migrate;24,00;CustomerAssign;bima_customerassign_date tersedia (durasi negatif di-clamp ke 0 = Comply);2.667,56;Not Comply
202605;TREG 1;SUMUT;MEDAN;MDC;migrate;24,00;CustomerAssign;bima_customerassign_date tersedia (durasi negatif di-clamp ke 0 = Comply);0,00;Comply
202605;TREG 3;YOGYA JATENG SELATAN;YOGYAKARTA;PGR;create;48,00;CustomerAssign;bima_customerassign_date tersedia (durasi negatif di-clamp ke 0 = Comply);0,00;Comply
202605;TREG 4;KALTIMTARA;BULUNGAN BERAU;TSL;migrate;24,00;CustomerAssign;bima_customerassign_date tersedia (durasi negatif di-clamp ke 0 = Comply);0,00;Comply
202605;TREG 2;BEKASI KARAWANG;BEKASI;PDE;migrate;24,00;CustomerAssign;bima_customerassign_date tersedia (durasi negatif di-clamp ke 0 = Comply);27,74;Not Comply
202605;TREG 1;RIAU;RIKEP;BTC;migrate;24,00;CustomerAssign;bima_customerassign_date tersedia (durasi negatif di-clamp ke 0 = Comply);1,84;Comply
202605;TREG 3;BALI;DENPASAR UTARA;UBN;migrate;24,00;CustomerAssign;bima_customerassign_date tersedia (durasi negatif di-clamp ke 0 = Comply);1,86;Comply
202605;TREG 2;JAKARTA OUTER;JAKSEL;CPE;create;48,00;CustomerAssign;bima_customerassign_date tersedia (durasi negatif di-clamp ke 0 = Comply);0,00;Comply
202605;TREG 3;JATIM TIMUR;PANDAAN;PDA;migrate;24,00;CustomerAssign;bima_customerassign_date tersedia (durasi negatif di-clamp ke 0 = Comply);0,00;Comply
202605;TREG 3;YOGYA JATENG SELATAN;SLEMAN;GOD;create;48,00;CustomerAssign;bima_customerassign_date tersedia (durasi negatif di-clamp ke 0 = Comply);0,00;Comply
202605;TREG 2;PRIANGAN BARAT;DEPOK;DEP;create;48,00;CustomerAssign;bima_customerassign_date tersedia (durasi negatif di-clamp ke 0 = Comply);0,00;Comply
202605;TREG 3;SURAMADU;SURABAYA SELATAN;MYR;migrate;24,00;CustomerAssign;bima_customerassign_date tersedia (durasi negatif di-clamp ke 0 = Comply);0,00;Comply
202605;TREG 2;PRIANGAN BARAT;DEPOK;DEP;migrate;24,00;CustomerAssign;bima_customerassign_date tersedia (durasi negatif di-clamp ke 0 = Comply);4,32;Comply
202605;TREG 2;BEKASI KARAWANG;BEKASI;PKY;migrate;24,00;CustomerAssign;bima_customerassign_date tersedia (durasi negatif di-clamp ke 0 = Comply);28,34;Not Comply
202605;TREG 4;KALSELTENG;BANJARBARU;LUL;create;48,00;CustomerAssign;bima_customerassign_date tersedia (durasi negatif di-clamp ke 0 = Comply);0,00;Comply
202605;TREG 5;SULBAGTENG;PALU;PLA;create;48,00;CustomerAssign;bima_customerassign_date tersedia (durasi negatif di-clamp ke 0 = Comply);147,57;Not Comply
202605;TREG 2;BANDUNG;BANDUNG;TLE;migrate;24,00;CustomerAssign;bima_customerassign_date tersedia (durasi negatif di-clamp ke 0 = Comply);0,00;Comply
202605;TREG 2;BEKASI KARAWANG;BEKASI;BEK;migrate;24,00;CustomerAssign;bima_customerassign_date tersedia (durasi negatif di-clamp ke 0 = Comply);4,62;Comply
202605;TREG 1;RIAU;BANGKINANG;PKR;migrate;24,00;CustomerAssign;bima_customerassign_date tersedia (durasi negatif di-clamp ke 0 = Comply);148,73;Not Comply
202605;TREG 2;JAKARTA OUTER;JAKSEL;KAL;create;48,00;CustomerAssign;bima_customerassign_date tersedia (durasi negatif di-clamp ke 0 = Comply);2,74;Comply
202605;TREG 2;BANDUNG;SUMEDANG;CJA;migrate;24,00;CustomerAssign;bima_customerassign_date tersedia (durasi negatif di-clamp ke 0 = Comply);2,77;Comply
202605;TREG 4;KALSELTENG;BANJARMASIN;ULI;migrate;24,00;CustomerAssign;bima_customerassign_date tersedia (durasi negatif di-clamp ke 0 = Comply);2,78;Comply
202605;TREG 2;BANTEN;LENGKONG;LKG;migrate;24,00;CustomerAssign;bima_customerassign_date tersedia (durasi negatif di-clamp ke 0 = Comply);50,81;Not Comply
202605;TREG 2;BANTEN;PASAR BARU;CKL;create;48,00;CustomerAssign;bima_customerassign_date tersedia (durasi negatif di-clamp ke 0 = Comply);0,00;Comply
202605;TREG 2;BEKASI KARAWANG;BEKASI;KLB;migrate;24,00;CustomerAssign;bima_customerassign_date tersedia (durasi negatif di-clamp ke 0 = Comply);0,00;Comply
202605;TREG 3;SEMARANG JATENG UTARA;UNGARAN;UNR;migrate;24,00;CustomerAssign;bima_customerassign_date tersedia (durasi negatif di-clamp ke 0 = Comply);0,00;Comply
202605;TREG 3;SEMARANG JATENG UTARA;SLAWI;SLW;create;48,00;CustomerAssign;bima_customerassign_date tersedia (durasi negatif di-clamp ke 0 = Comply);33,85;Comply
202605;TREG 3;YOGYA JATENG SELATAN;SLEMAN;SMN;create;48,00;CustomerAssign;bima_customerassign_date tersedia (durasi negatif di-clamp ke 0 = Comply);0,00;Comply
202605;TREG 2;BEKASI KARAWANG;BEKASI;KLB;migrate;24,00;CustomerAssign;bima_customerassign_date tersedia (durasi negatif di-clamp ke 0 = Comply);33,88;Not Comply
202605;TREG 1;RIAU;DUMAI;DUM;migrate;24,00;CustomerAssign;bima_customerassign_date tersedia (durasi negatif di-clamp ke 0 = Comply);2,93;Comply
202605;TREG 2;PRIANGAN BARAT;DEPOK;DEP;create;48,00;CustomerAssign;bima_customerassign_date tersedia (durasi negatif di-clamp ke 0 = Comply);0,00;Comply
202605;TREG 4;KALSELTENG;BANJARBARU;BBR;migrate;24,00;CustomerAssign;bima_customerassign_date tersedia (durasi negatif di-clamp ke 0 = Comply);0,00;Comply
202605;TREG 2;BANDUNG;SOREANG;BJA;migrate;24,00;CustomerAssign;bima_customerassign_date tersedia (durasi negatif di-clamp ke 0 = Comply);0,00;Comply
202605;TREG 3;SEMARANG JATENG UTARA;TEGAL;TEG;migrate;24,00;CustomerAssign;bima_customerassign_date tersedia (durasi negatif di-clamp ke 0 = Comply);58,11;Not Comply
202605;TREG 4;KALTIMTARA;BULUNGAN BERAU;TSL;migrate;24,00;CustomerAssign;bima_customerassign_date tersedia (durasi negatif di-clamp ke 0 = Comply);0,00;Comply
202605;TREG 4;KALSELTENG;BANJARMASIN;BJM;migrate;24,00;CustomerAssign;bima_customerassign_date tersedia (durasi negatif di-clamp ke 0 = Comply);3,12;Comply
202605;TREG 3;SEMARANG JATENG UTARA;PEKALONGAN;PKL;migrate;24,00;CustomerAssign;bima_customerassign_date tersedia (durasi negatif di-clamp ke 0 = Comply);77,12;Not Comply
202605;TREG 4;KALTIMTARA;BULUNGAN BERAU;LNN;migrate;24,00;CustomerAssign;bima_customerassign_date tersedia (durasi negatif di-clamp ke 0 = Comply);0,00;Comply
202605;TREG 2;BEKASI KARAWANG;BEKASI;PDE;migrate;24,00;CustomerAssign;bima_customerassign_date tersedia (durasi negatif di-clamp ke 0 = Comply);0,00;Comply
202605;TREG 1;RIAU;RIKEP;SLU;create;48,00;CustomerAssign;bima_customerassign_date tersedia (durasi negatif di-clamp ke 0 = Comply);51,38;Not Comply
202605;TREG 2;BEKASI KARAWANG;BEKASI;PKY;migrate;24,00;CustomerAssign;bima_customerassign_date tersedia (durasi negatif di-clamp ke 0 = Comply);5,41;Comply
202605;TREG 3;JATIM TIMUR;BANYUWANGI;BWG;create;48,00;CustomerAssign;bima_customerassign_date tersedia (durasi negatif di-clamp ke 0 = Comply);0,00;Comply
202605;TREG 3;JATIM BARAT;PONOROGO;PON;migrate;24,00;CustomerAssign;bima_customerassign_date tersedia (durasi negatif di-clamp ke 0 = Comply);34,49;Not Comply
202605;TREG 3;SEMARANG JATENG UTARA;PEKALONGAN;PKL;migrate;24,00;CustomerAssign;bima_customerassign_date tersedia (durasi negatif di-clamp ke 0 = Comply);53,51;Not Comply
202605;TREG 2;PRIANGAN BARAT;DEPOK;DEP;create;48,00;CustomerAssign;bima_customerassign_date tersedia (durasi negatif di-clamp ke 0 = Comply);0,00;Comply
202605;TREG 3;BALI;DENPASAR CENTRUM;KLM;create;48,00;CustomerAssign;bima_customerassign_date tersedia (durasi negatif di-clamp ke 0 = Comply);27,53;Comply
202605;TREG 3;SURAMADU;SURABAYA SELATAN;TPO;migrate;24,00;CustomerAssign;bima_customerassign_date tersedia (durasi negatif di-clamp ke 0 = Comply);0,00;Comply
202605;TREG 3;JATIM BARAT;NGANJUK;GON;migrate;24,00;CustomerAssign;bima_customerassign_date tersedia (durasi negatif di-clamp ke 0 = Comply);0,00;Comply
202605;TREG 4;BALIKPAPAN;BALIKPAPAN;GSA;migrate;24,00;CustomerAssign;bima_customerassign_date tersedia (durasi negatif di-clamp ke 0 = Comply);0,00;Comply
202605;TREG 3;JATIM TIMUR;SIDOARJO;SDN;create;48,00;CustomerAssign;bima_customerassign_date tersedia (durasi negatif di-clamp ke 0 = Comply);27,66;Comply
202605;TREG 3;YOGYA JATENG SELATAN;YOGYAKARTA;PGR;migrate;24,00;CustomerAssign;bima_customerassign_date tersedia (durasi negatif di-clamp ke 0 = Comply);71,78;Not Comply
202605;TREG 4;BALIKPAPAN;BALIKPAPAN;GSA;migrate;24,00;CustomerAssign;bima_customerassign_date tersedia (durasi negatif di-clamp ke 0 = Comply);0,00;Comply
202605;TREG 2;BANDUNG;SUMEDANG;UBR;migrate;24,00;CustomerAssign;bima_customerassign_date tersedia (durasi negatif di-clamp ke 0 = Comply);0,00;Comply
202605;TREG 5;SUMALUT;MENADO;MDO;migrate;24,00;CustomerAssign;bima_customerassign_date tersedia (durasi negatif di-clamp ke 0 = Comply);0,00;Comply
202605;TREG 2;JAKARTA CENTRUM;JAKPUS;CPP;migrate;24,00;CustomerAssign;bima_customerassign_date tersedia (durasi negatif di-clamp ke 0 = Comply);3,99;Comply
202605;TREG 3;SOLO JATENG TIMUR;SOLO;KRT;create;48,00;CustomerAssign;bima_customerassign_date tersedia (durasi negatif di-clamp ke 0 = Comply);0,00;Comply
202605;TREG 3;SURAMADU;GRESIK;KDE;migrate;24,00;CustomerAssign;bima_customerassign_date tersedia (durasi negatif di-clamp ke 0 = Comply);146,00;Not Comply
202605;TREG 2;BEKASI KARAWANG;CIKARANG;CIB;migrate;24,00;CustomerAssign;bima_customerassign_date tersedia (durasi negatif di-clamp ke 0 = Comply);0,00;Comply
202605;TREG 4;KALTIMTARA;MELAK;MLA;migrate;24,00;CustomerAssign;bima_customerassign_date tersedia (durasi negatif di-clamp ke 0 = Comply);0,00;Comply
202605;TREG 4;BALIKPAPAN;BALIKPAPAN;BRU;migrate;24,00;CustomerAssign;bima_customerassign_date tersedia (durasi negatif di-clamp ke 0 = Comply);4,15;Comply
202605;TREG 2;BEKASI KARAWANG;CIKARANG;BGG;create;48,00;CustomerAssign;bima_customerassign_date tersedia (durasi negatif di-clamp ke 0 = Comply);0,00;Comply
202605;TREG 3;JATIM TIMUR;SIDOARJO;SDA;create;48,00;CustomerAssign;bima_customerassign_date tersedia (durasi negatif di-clamp ke 0 = Comply);0,00;Comply
202605;TREG 1;SUMBAR JAMBI;SOLOK;TLN;create;48,00;CustomerAssign;bima_customerassign_date tersedia (durasi negatif di-clamp ke 0 = Comply);0,00;Comply
202605;TREG 3;SOLO JATENG TIMUR;SOLO;SOP;migrate;24,00;CustomerAssign;bima_customerassign_date tersedia (durasi negatif di-clamp ke 0 = Comply);9,28;Comply
202605;TREG 1;RIAU;BANGKINANG;PKR;migrate;24,00;CustomerAssign;bima_customerassign_date tersedia (durasi negatif di-clamp ke 0 = Comply);0,00;Comply
202605;TREG 2;JAKARTA CENTRUM;JAKUT;TPR;migrate;24,00;CustomerAssign;bima_customerassign_date tersedia (durasi negatif di-clamp ke 0 = Comply);6,39;Comply
202605;TREG 4;KALSELTENG;SAMPIT;SAI;create;48,00;CustomerAssign;bima_customerassign_date tersedia (durasi negatif di-clamp ke 0 = Comply);0,00;Comply
202605;TREG 3;JATIM BARAT;BLITAR;BLR;migrate;24,00;CustomerAssign;bima_customerassign_date tersedia (durasi negatif di-clamp ke 0 = Comply);6,43;Comply
202605;TREG 2;BEKASI KARAWANG;KARAWANG;KRW;migrate;24,00;CustomerAssign;bima_customerassign_date tersedia (durasi negatif di-clamp ke 0 = Comply);0,00;Comply
202605;TREG 2;BEKASI KARAWANG;BEKASI;BEK;migrate;24,00;CustomerAssign;bima_customerassign_date tersedia (durasi negatif di-clamp ke 0 = Comply);6,61;Comply
202605;TREG 1;SUMBAR JAMBI;SOLOK;MLH;migrate;24,00;CustomerAssign;bima_customerassign_date tersedia (durasi negatif di-clamp ke 0 = Comply);0,00;Comply
202605;TREG 4;BALIKPAPAN;BALIKPAPAN;KTB;migrate;24,00;CustomerAssign;bima_customerassign_date tersedia (durasi negatif di-clamp ke 0 = Comply);6,73;Comply
202605;TREG 3;JATIM TIMUR;PANDAAN;PDA;migrate;24,00;CustomerAssign;bima_customerassign_date tersedia (durasi negatif di-clamp ke 0 = Comply);0,00;Comply
202605;TREG 4;BALIKPAPAN;BALIKPAPAN;BRU;migrate;24,00;CustomerAssign;bima_customerassign_date tersedia (durasi negatif di-clamp ke 0 = Comply);0,00;Comply
202605;TREG 4;BALIKPAPAN;TANAHGROGOT;MJW;migrate;24,00;CustomerAssign;bima_customerassign_date tersedia (durasi negatif di-clamp ke 0 = Comply);0,00;Comply
202605;TREG 2;BEKASI KARAWANG;BEKASI;BEK;create;48,00;CustomerAssign;bima_customerassign_date tersedia (durasi negatif di-clamp ke 0 = Comply);4,81;Comply
202605;TREG 4;KALBAR;SINGKAWANG;RBA;create;48,00;CustomerAssign;bima_customerassign_date tersedia (durasi negatif di-clamp ke 0 = Comply);0,00;Comply
202605;TREG 3;JATIM TIMUR;JOMBANG;JOM;migrate;24,00;CustomerAssign;bima_customerassign_date tersedia (durasi negatif di-clamp ke 0 = Comply);0,00;Comply
202605;TREG 2;BEKASI KARAWANG;BEKASI;TAR;migrate;24,00;CustomerAssign;bima_customerassign_date tersedia (durasi negatif di-clamp ke 0 = Comply);5,02;Comply
202605;TREG 3;SOLO JATENG TIMUR;SOLO;KTO;migrate;24,00;CustomerAssign;bima_customerassign_date tersedia (durasi negatif di-clamp ke 0 = Comply);0,00;Comply
202605;TREG 1;SUMBAR JAMBI;JAMBI;JMI;migrate;24,00;CustomerAssign;bima_customerassign_date tersedia (durasi negatif di-clamp ke 0 = Comply);0,00;Comply
202605;TREG 3;SURAMADU;SURABAYA SELATAN;JGR;migrate;24,00;CustomerAssign;bima_customerassign_date tersedia (durasi negatif di-clamp ke 0 = Comply);0,00;Comply
202605;TREG 2;BANTEN;CIPUTAT;CPA;migrate;24,00;CustomerAssign;bima_customerassign_date tersedia (durasi negatif di-clamp ke 0 = Comply);132,66;Not Comply
202605;TREG 2;PRIANGAN BARAT;DEPOK;DEP;migrate;24,00;CustomerAssign;bima_customerassign_date tersedia (durasi negatif di-clamp ke 0 = Comply);0,00;Comply
202605;TREG 1;SUMBAR JAMBI;SUMBAR;PDC;create;48,00;CustomerAssign;bima_customerassign_date tersedia (durasi negatif di-clamp ke 0 = Comply);0,00;Comply
202605;TREG 3;JATIM TIMUR;JOMBANG;JOM;migrate;24,00;CustomerAssign;bima_customerassign_date tersedia (durasi negatif di-clamp ke 0 = Comply);5,76;Comply
202605;TREG 2;JAKARTA INNER;JAKBAR;KDY;migrate;24,00;CustomerAssign;bima_customerassign_date tersedia (durasi negatif di-clamp ke 0 = Comply);12,79;Comply
202605;TREG 3;JATIM TIMUR;JEMBER;JER;migrate;24,00;CustomerAssign;bima_customerassign_date tersedia (durasi negatif di-clamp ke 0 = Comply);0,00;Comply
202605;TREG 2;PRIANGAN BARAT;KUJANG;PAG;migrate;24,00;CustomerAssign;bima_customerassign_date tersedia (durasi negatif di-clamp ke 0 = Comply);56,09;Not Comply
202605;TREG 3;YOGYA JATENG SELATAN;SLEMAN;SMN;migrate;24,00;CustomerAssign;bima_customerassign_date tersedia (durasi negatif di-clamp ke 0 = Comply);222,09;Not Comply
202605;TREG 3;SOLO JATENG TIMUR;KLATEN;KLX;migrate;24,00;CustomerAssign;bima_customerassign_date tersedia (durasi negatif di-clamp ke 0 = Comply);390,09;Not Comply
202605;TREG 3;SEMARANG JATENG UTARA;SEMARANG;BMK;migrate;24,00;CustomerAssign;bima_customerassign_date tersedia (durasi negatif di-clamp ke 0 = Comply);464,09;Not Comply
202605;TREG 3;SEMARANG JATENG UTARA;SEMARANG;GNK;migrate;24,00;CustomerAssign;bima_customerassign_date tersedia (durasi negatif di-clamp ke 0 = Comply);30,09;Not Comply
202605;TREG 2;PRIANGAN BARAT;CIANJUR;CJR;migrate;24,00;CustomerAssign;bima_customerassign_date tersedia (durasi negatif di-clamp ke 0 = Comply);8,49;Comply
202605;TREG 3;JATIM TIMUR;PASURUAN;PSN;migrate;24,00;CustomerAssign;bima_customerassign_date tersedia (durasi negatif di-clamp ke 0 = Comply);6,49;Comply
202605;TREG 2;BANTEN;CIKUPA;CKA;migrate;24,00;CustomerAssign;bima_customerassign_date tersedia (durasi negatif di-clamp ke 0 = Comply);0,00;Comply
202605;TREG 5;SULBAGSEL;PALOPO;PLP;migrate;24,00;CustomerAssign;bima_customerassign_date tersedia (durasi negatif di-clamp ke 0 = Comply);11,77;Comply
202605;TREG 2;BANDUNG;PADALARANG;PDL;migrate;24,00;CustomerAssign;bima_customerassign_date tersedia (durasi negatif di-clamp ke 0 = Comply);0,00;Comply
202605;TREG 5;SULBAGSEL;SITOR;SID;migrate;24,00;CustomerAssign;bima_customerassign_date tersedia (durasi negatif di-clamp ke 0 = Comply);128,78;Not Comply
202605;TREG 5;SULBAGSEL;MAKASSAR;PNK;create;48,00;CustomerAssign;bima_customerassign_date tersedia (durasi negatif di-clamp ke 0 = Comply);0,00;Comply
202605;TREG 1;RIAU;RIKEP;BTC;migrate;24,00;CustomerAssign;bima_customerassign_date tersedia (durasi negatif di-clamp ke 0 = Comply);7,06;Comply
202605;TREG 3;JATIM TIMUR;JOMBANG;POS;migrate;24,00;CustomerAssign;bima_customerassign_date tersedia (durasi negatif di-clamp ke 0 = Comply);0,00;Comply
202605;TREG 1;SUMUT;KISARAN;TJB;migrate;24,00;CustomerAssign;bima_customerassign_date tersedia (durasi negatif di-clamp ke 0 = Comply);53,64;Not Comply
202605;TREG 4;KALSELTENG;TANJUNG TABALONG;BRI;migrate;24,00;CustomerAssign;bima_customerassign_date tersedia (durasi negatif di-clamp ke 0 = Comply);18,13;Comply
202605;TREG 4;KALTIMTARA;BONTANG;STT;create;48,00;CustomerAssign;bima_customerassign_date tersedia (durasi negatif di-clamp ke 0 = Comply);18,44;Comply
202605;TREG 4;KALTIMTARA;BULUNGAN BERAU;TRD;migrate;24,00;CustomerAssign;bima_customerassign_date tersedia (durasi negatif di-clamp ke 0 = Comply);0,00;Comply
202605;TREG 3;SURAMADU;SURABAYA UTARA;BBE;migrate;24,00;CustomerAssign;bima_customerassign_date tersedia (durasi negatif di-clamp ke 0 = Comply);40,82;Not Comply
202605;TREG 4;KALTIMTARA;BULUNGAN BERAU;TRD;migrate;24,00;CustomerAssign;bima_customerassign_date tersedia (durasi negatif di-clamp ke 0 = Comply);0,00;Comply
202605;TREG 5;SUMALUT;AMBON;ABO;migrate;24,00;CustomerAssign;bima_customerassign_date tersedia (durasi negatif di-clamp ke 0 = Comply);0,00;Comply
202605;TREG 2;BANTEN;CIPUTAT;CPA;migrate;24,00;CustomerAssign;bima_customerassign_date tersedia (durasi negatif di-clamp ke 0 = Comply);0,00;Comply
202605;TREG 2;JAKARTA INNER;JAKBAR;PLM;migrate;24,00;CustomerAssign;bima_customerassign_date tersedia (durasi negatif di-clamp ke 0 = Comply);42,37;Not Comply
202605;TREG 4;KALTIMTARA;BONTANG;BOT;migrate;24,00;CustomerAssign;bima_customerassign_date tersedia (durasi negatif di-clamp ke 0 = Comply);0,00;Comply
202605;TREG 1;ACEH;ACEH;BNA;migrate;24,00;CustomerAssign;bima_customerassign_date tersedia (durasi negatif di-clamp ke 0 = Comply);0,00;Comply
202605;TREG 1;RIAU;RIKEP;LBJ;migrate;24,00;CustomerAssign;bima_customerassign_date tersedia (durasi negatif di-clamp ke 0 = Comply);0,00;Comply
202605;TREG 1;SUMUT;MEDAN;SPM;create;48,00;CustomerAssign;bima_customerassign_date tersedia (durasi negatif di-clamp ke 0 = Comply);0,00;Comply
202605;TREG 4;KALTIMTARA;TARAKAN;TRK;create;48,00;CustomerAssign;bima_customerassign_date tersedia (durasi negatif di-clamp ke 0 = Comply);0,00;Comply
202605;TREG 4;KALTIMTARA;BONTANG;BOT;migrate;24,00;CustomerAssign;bima_customerassign_date tersedia (durasi negatif di-clamp ke 0 = Comply);0,00;Comply
202605;TREG 3;BALI;DENPASAR UTARA;SMY;migrate;24,00;CustomerAssign;bima_customerassign_date tersedia (durasi negatif di-clamp ke 0 = Comply);122,59;Not Comply
202605;TREG 1;ACEH;LHOKSEUMAWE;TKN;migrate;24,00;CustomerAssign;bima_customerassign_date tersedia (durasi negatif di-clamp ke 0 = Comply);506,83;Not Comply
202605;TREG 2;PRIANGAN BARAT;CIBINONG;CLS;migrate;24,00;CustomerAssign;bima_customerassign_date tersedia (durasi negatif di-clamp ke 0 = Comply);2,87;Comply
202605;TREG 1;RIAU;RIKEP;BTC;migrate;24,00;CustomerAssign;bima_customerassign_date tersedia (durasi negatif di-clamp ke 0 = Comply);26,92;Not Comply
202605;TREG 4;KALSELTENG;BANJARMASIN;KYG;create;48,00;CustomerAssign;bima_customerassign_date tersedia (durasi negatif di-clamp ke 0 = Comply);0,00;Comply
202605;TREG 4;KALSELTENG;BANJARMASIN;ULI;create;48,00;CustomerAssign;bima_customerassign_date tersedia (durasi negatif di-clamp ke 0 = Comply);0,00;Comply
202605;TREG 2;JAKARTA OUTER;JAKTIM;PDK;migrate;24,00;CustomerAssign;bima_customerassign_date tersedia (durasi negatif di-clamp ke 0 = Comply);20,08;Comply
202605;TREG 4;KALSELTENG;BANJARBARU;MTP;create;48,00;CustomerAssign;bima_customerassign_date tersedia (durasi negatif di-clamp ke 0 = Comply);3,13;Comply
202605;TREG 1;SUMUT;MEDAN;PDB;create;48,00;CustomerAssign;bima_customerassign_date tersedia (durasi negatif di-clamp ke 0 = Comply);3,20;Comply
202605;TREG 4;KALSELTENG;BANJARMASIN;KYG;migrate;24,00;CustomerAssign;bima_customerassign_date tersedia (durasi negatif di-clamp ke 0 = Comply);0,00;Comply
202605;TREG 4;KALTIMTARA;BULUNGAN BERAU;TSL;migrate;24,00;CustomerAssign;bima_customerassign_date tersedia (durasi negatif di-clamp ke 0 = Comply);0,00;Comply
202605;TREG 5;SULBAGSEL;SITOR;RTP;create;48,00;CustomerAssign;bima_customerassign_date tersedia (durasi negatif di-clamp ke 0 = Comply);0,00;Comply
202605;TREG 2;JAKARTA CENTRUM;JAKPUS;CPP;migrate;24,00;CustomerAssign;bima_customerassign_date tersedia (durasi negatif di-clamp ke 0 = Comply);267,39;Not Comply
202605;TREG 3;NUSA TENGGARA;ATAMBUA;KLH;create;48,00;CustomerAssign;bima_customerassign_date tersedia (durasi negatif di-clamp ke 0 = Comply);164,47;Not Comply
202605;TREG 1;RIAU;RIKEP;BTC;migrate;24,00;CustomerAssign;bima_customerassign_date tersedia (durasi negatif di-clamp ke 0 = Comply);0,00;Comply
202605;TREG 4;KALTIMTARA;TARAKAN;JWT;create;48,00;CustomerAssign;bima_customerassign_date tersedia (durasi negatif di-clamp ke 0 = Comply);0,00;Comply
202605;TREG 2;BANTEN;PASAR BARU;CPD;create;48,00;CustomerAssign;bima_customerassign_date tersedia (durasi negatif di-clamp ke 0 = Comply);3,73;Comply
202605;TREG 3;SEMARANG JATENG UTARA;SEMARANG;MJE;migrate;24,00;CustomerAssign;bima_customerassign_date tersedia (durasi negatif di-clamp ke 0 = Comply);0,00;Comply
202605;TREG 4;KALTIMTARA;SAMARINDA;SMR;create;48,00;CustomerAssign;bima_customerassign_date tersedia (durasi negatif di-clamp ke 0 = Comply);0,00;Comply
202605;TREG 2;JAKARTA INNER;JAKBAR;KDY;create;48,00;CustomerAssign;bima_customerassign_date tersedia (durasi negatif di-clamp ke 0 = Comply);0,00;Comply
202605;TREG 1;RIAU;RIDAR;PBB;migrate;24,00;CustomerAssign;bima_customerassign_date tersedia (durasi negatif di-clamp ke 0 = Comply);0,00;Comply
202605;TREG 2;BEKASI KARAWANG;BEKASI;BEK;migrate;24,00;CustomerAssign;bima_customerassign_date tersedia (durasi negatif di-clamp ke 0 = Comply);0,00;Comply
202605;TREG 1;RIAU;DUMAI;DUM;migrate;24,00;CustomerAssign;bima_customerassign_date tersedia (durasi negatif di-clamp ke 0 = Comply);68,98;Not Comply
202605;TREG 2;PRIANGAN BARAT;KUJANG;SPL;create;48,00;CustomerAssign;bima_customerassign_date tersedia (durasi negatif di-clamp ke 0 = Comply);0,00;Comply
202605;TREG 2;BEKASI KARAWANG;CIKARANG;BGG;create;48,00;CustomerAssign;bima_customerassign_date tersedia (durasi negatif di-clamp ke 0 = Comply);0,00;Comply
202605;TREG 3;YOGYA JATENG SELATAN;YOGYAKARTA;KEN;create;48,00;CustomerAssign;bima_customerassign_date tersedia (durasi negatif di-clamp ke 0 = Comply);2,17;Comply
202605;TREG 2;JAKARTA OUTER;JAKTIM;PDK;create;48,00;CustomerAssign;bima_customerassign_date tersedia (durasi negatif di-clamp ke 0 = Comply);0,00;Comply
202605;TREG 2;BANTEN;RANGKAS-PANDEGLANG;RKS;migrate;24,00;CustomerAssign;bima_customerassign_date tersedia (durasi negatif di-clamp ke 0 = Comply);0,00;Comply
202605;TREG 2;BANTEN;PASAR BARU;CPD;migrate;24,00;CustomerAssign;bima_customerassign_date tersedia (durasi negatif di-clamp ke 0 = Comply);28,17;Not Comply
202605;TREG 4;KALTIMTARA;SAMARINDA;SEM;migrate;24,00;CustomerAssign;bima_customerassign_date tersedia (durasi negatif di-clamp ke 0 = Comply);0,00;Comply
202605;TREG 2;JAKARTA OUTER;JAKTIM;CWA;migrate;24,00;CustomerAssign;bima_customerassign_date tersedia (durasi negatif di-clamp ke 0 = Comply);4,22;Comply
202605;TREG 2;JAKARTA CENTRUM;JAKPUS;CID;migrate;24,00;CustomerAssign;bima_customerassign_date tersedia (durasi negatif di-clamp ke 0 = Comply);4,26;Comply
202605;TREG 4;KALSELTENG;PALANGKARAYA;PLK;migrate;24,00;CustomerAssign;bima_customerassign_date tersedia (durasi negatif di-clamp ke 0 = Comply);52,49;Not Comply
202605;TREG 2;PRIANGAN BARAT;DEPOK;SKJ;create;48,00;CustomerAssign;bima_customerassign_date tersedia (durasi negatif di-clamp ke 0 = Comply);23,53;Comply
202605;TREG 3;JATIM BARAT;KEDIRI;MJT;migrate;24,00;CustomerAssign;bima_customerassign_date tersedia (durasi negatif di-clamp ke 0 = Comply);47,53;Not Comply
202605;TREG 4;KALTIMTARA;SAMARINDA;SMR;migrate;24,00;CustomerAssign;bima_customerassign_date tersedia (durasi negatif di-clamp ke 0 = Comply);28,61;Not Comply
202605;TREG 2;JAKARTA OUTER;JAKTIM;GAN;create;48,00;CustomerAssign;bima_customerassign_date tersedia (durasi negatif di-clamp ke 0 = Comply);4,62;Comply
202605;TREG 4;BALIKPAPAN;BALIKPAPAN;GSA;create;48,00;CustomerAssign;bima_customerassign_date tersedia (durasi negatif di-clamp ke 0 = Comply);4,76;Comply
202605;TREG 2;BANDUNG;BANDUNG;GGK;migrate;24,00;CustomerAssign;bima_customerassign_date tersedia (durasi negatif di-clamp ke 0 = Comply);0,00;Comply
202605;TREG 4;KALSELTENG;BANJARMASIN;ULI;create;48,00;CustomerAssign;bima_customerassign_date tersedia (durasi negatif di-clamp ke 0 = Comply);0,00;Comply
202605;TREG 3;YOGYA JATENG SELATAN;PURWOKERTO;SUK;create;48,00;CustomerAssign;bima_customerassign_date tersedia (durasi negatif di-clamp ke 0 = Comply);0,00;Comply
202605;TREG 3;SEMARANG JATENG UTARA;SEMARANG;MJP;migrate;24,00;CustomerAssign;bima_customerassign_date tersedia (durasi negatif di-clamp ke 0 = Comply);0,00;Comply
202605;TREG 2;BEKASI KARAWANG;PURWAKARTA;CKP;migrate;24,00;CustomerAssign;bima_customerassign_date tersedia (durasi negatif di-clamp ke 0 = Comply);0,08;Comply
202605;TREG 2;PRIANGAN BARAT;DEPOK;DEP;migrate;24,00;CustomerAssign;bima_customerassign_date tersedia (durasi negatif di-clamp ke 0 = Comply);0,00;Comply
202605;TREG 5;SULBAGSEL;MAROS;SUD;migrate;24,00;CustomerAssign;bima_customerassign_date tersedia (durasi negatif di-clamp ke 0 = Comply);74,25;Not Comply
202605;TREG 4;KALSELTENG;PANGKALAN BUN;PBU;migrate;24,00;CustomerAssign;bima_customerassign_date tersedia (durasi negatif di-clamp ke 0 = Comply);0,00;Comply
202605;TREG 4;KALSELTENG;TANJUNG TABALONG;TJL;migrate;24,00;CustomerAssign;bima_customerassign_date tersedia (durasi negatif di-clamp ke 0 = Comply);0,00;Comply
202605;TREG 1;SUMBAR JAMBI;SUMBAR;LBY;migrate;24,00;CustomerAssign;bima_customerassign_date tersedia (durasi negatif di-clamp ke 0 = Comply);46,30;Not Comply
202605;TREG 4;KALBAR;PONTIANAK;SRY;migrate;24,00;CustomerAssign;bima_customerassign_date tersedia (durasi negatif di-clamp ke 0 = Comply);24,30;Not Comply
202605;TREG 4;KALSELTENG;MUARA TEWEH;MTW;migrate;24,00;CustomerAssign;bima_customerassign_date tersedia (durasi negatif di-clamp ke 0 = Comply);5,32;Comply
202605;TREG 4;KALSELTENG;BANJARBARU;BBR;migrate;24,00;CustomerAssign;bima_customerassign_date tersedia (durasi negatif di-clamp ke 0 = Comply);0,00;Comply
202605;TREG 3;BALI;DENPASAR SELATAN;JBR;create;48,00;CustomerAssign;bima_customerassign_date tersedia (durasi negatif di-clamp ke 0 = Comply);0,00;Comply
202605;TREG 3;YOGYA JATENG SELATAN;BANTUL;BTL;create;48,00;CustomerAssign;bima_customerassign_date tersedia (durasi negatif di-clamp ke 0 = Comply);52,42;Not Comply
202605;TREG 3;SOLO JATENG TIMUR;SOLO;KRT;create;48,00;CustomerAssign;bima_customerassign_date tersedia (durasi negatif di-clamp ke 0 = Comply);0,00;Comply
202605;TREG 2;PRIANGAN BARAT;CIBINONG;BJD;create;48,00;CustomerAssign;bima_customerassign_date tersedia (durasi negatif di-clamp ke 0 = Comply);0,00;Comply
202605;TREG 2;BEKASI KARAWANG;KARAWANG;TLJ;create;48,00;CustomerAssign;bima_customerassign_date tersedia (durasi negatif di-clamp ke 0 = Comply);0,00;Comply
202605;TREG 3;SURAMADU;SURABAYA UTARA;KBL;migrate;24,00;CustomerAssign;bima_customerassign_date tersedia (durasi negatif di-clamp ke 0 = Comply);0,00;Comply
202605;TREG 2;JAKARTA INNER;JAKBAR;CKG;migrate;24,00;CustomerAssign;bima_customerassign_date tersedia (durasi negatif di-clamp ke 0 = Comply);0,00;Comply
202605;TREG 3;SURAMADU;SURABAYA UTARA;KNN;create;48,00;CustomerAssign;bima_customerassign_date tersedia (durasi negatif di-clamp ke 0 = Comply);0,52;Comply
202605;TREG 4;KALSELTENG;SAMPIT;SAI;migrate;24,00;CustomerAssign;bima_customerassign_date tersedia (durasi negatif di-clamp ke 0 = Comply);0,00;Comply
202605;TREG 2;JAKARTA OUTER;JAKTIM;PSR;migrate;24,00;CustomerAssign;bima_customerassign_date tersedia (durasi negatif di-clamp ke 0 = Comply);53,57;Not Comply
202605;TREG 2;PRIANGAN TIMUR;BANJAR;BNJ;migrate;24,00;CustomerAssign;bima_customerassign_date tersedia (durasi negatif di-clamp ke 0 = Comply);0,00;Comply
202605;TREG 3;YOGYA JATENG SELATAN;YOGYAKARTA;KEN;create;48,00;CustomerAssign;bima_customerassign_date tersedia (durasi negatif di-clamp ke 0 = Comply);0,00;Comply
202605;TREG 4;KALTIMTARA;BONTANG;STT;migrate;24,00;CustomerAssign;bima_customerassign_date tersedia (durasi negatif di-clamp ke 0 = Comply);0,64;Comply
202605;TREG 2;BEKASI KARAWANG;CIKARANG;BGG;create;48,00;CustomerAssign;bima_customerassign_date tersedia (durasi negatif di-clamp ke 0 = Comply);0,00;Comply
202605;TREG 3;YOGYA JATENG SELATAN;YOGYAKARTA;PGR;migrate;24,00;CustomerAssign;bima_customerassign_date tersedia (durasi negatif di-clamp ke 0 = Comply);0,00;Comply
202605;TREG 2;PRIANGAN BARAT;KUJANG;SPL;create;48,00;CustomerAssign;bima_customerassign_date tersedia (durasi negatif di-clamp ke 0 = Comply);0,00;Comply
202605;TREG 2;JAKARTA OUTER;JAKSEL;CPE;create;48,00;CustomerAssign;bima_customerassign_date tersedia (durasi negatif di-clamp ke 0 = Comply);0,00;Comply
202605;TREG 3;BALI;DENPASAR UTARA;UBN;create;48,00;CustomerAssign;bima_customerassign_date tersedia (durasi negatif di-clamp ke 0 = Comply);0,00;Comply
202605;TREG 4;KALSELTENG;PALANGKARAYA;PLK;migrate;24,00;CustomerAssign;bima_customerassign_date tersedia (durasi negatif di-clamp ke 0 = Comply);0,00;Comply
202605;TREG 2;BEKASI KARAWANG;BEKASI;PDE;migrate;24,00;CustomerAssign;bima_customerassign_date tersedia (durasi negatif di-clamp ke 0 = Comply);0,00;Comply
202605;TREG 2;BEKASI KARAWANG;BEKASI;KRA;create;48,00;CustomerAssign;bima_customerassign_date tersedia (durasi negatif di-clamp ke 0 = Comply);30,08;Comply
202605;TREG 2;BANDUNG;PADALARANG;PDL;migrate;24,00;CustomerAssign;bima_customerassign_date tersedia (durasi negatif di-clamp ke 0 = Comply);1,17;Comply
202605;TREG 2;JAKARTA OUTER;JAKTIM;KRG;create;48,00;CustomerAssign;bima_customerassign_date tersedia (durasi negatif di-clamp ke 0 = Comply);0,00;Comply
202605;TREG 4;KALSELTENG;TANJUNG TABALONG;TJL;migrate;24,00;CustomerAssign;bima_customerassign_date tersedia (durasi negatif di-clamp ke 0 = Comply);0,00;Comply
202605;TREG 4;KALSELTENG;TANJUNG TABALONG;BRI;migrate;24,00;CustomerAssign;bima_customerassign_date tersedia (durasi negatif di-clamp ke 0 = Comply);30,21;Not Comply
202605;TREG 5;SULBAGSEL;PARE-PARE;PRE;migrate;24,00;CustomerAssign;bima_customerassign_date tersedia (durasi negatif di-clamp ke 0 = Comply);2,25;Comply
202605;TREG 2;BANTEN;PASAR BARU;CPD;migrate;24,00;CustomerAssign;bima_customerassign_date tersedia (durasi negatif di-clamp ke 0 = Comply);6,34;Comply
202605;TREG 2;BANDUNG;BANDUNG;TRG;migrate;24,00;CustomerAssign;bima_customerassign_date tersedia (durasi negatif di-clamp ke 0 = Comply);0,00;Comply
202605;TREG 2;JAKARTA OUTER;JAKTIM;GAN;migrate;24,00;CustomerAssign;bima_customerassign_date tersedia (durasi negatif di-clamp ke 0 = Comply);23,36;Comply
202605;TREG 2;JAKARTA OUTER;JAKTIM;KRG;migrate;24,00;CustomerAssign;bima_customerassign_date tersedia (durasi negatif di-clamp ke 0 = Comply);1,43;Comply
202605;TREG 1;RIAU;RIKEP;DGS;create;48,00;CustomerAssign;bima_customerassign_date tersedia (durasi negatif di-clamp ke 0 = Comply);1,53;Comply
202605;TREG 2;PRIANGAN BARAT;KUJANG;SPL;create;48,00;CustomerAssign;bima_customerassign_date tersedia (durasi negatif di-clamp ke 0 = Comply);0,00;Comply
202605;TREG 3;JATIM TIMUR;SIBO;SIT;migrate;24,00;CustomerAssign;bima_customerassign_date tersedia (durasi negatif di-clamp ke 0 = Comply);0,00;Comply
202605;TREG 4;KALSELTENG;BANJARMASIN;KYG;migrate;24,00;CustomerAssign;bima_customerassign_date tersedia (durasi negatif di-clamp ke 0 = Comply);78,65;Not Comply
202605;TREG 3;SURAMADU;SURABAYA UTARA;KBL;migrate;24,00;CustomerAssign;bima_customerassign_date tersedia (durasi negatif di-clamp ke 0 = Comply);0,00;Comply
202605;TREG 3;SURAMADU;SURABAYA UTARA;MGO;migrate;24,00;CustomerAssign;bima_customerassign_date tersedia (durasi negatif di-clamp ke 0 = Comply);0,00;Comply
202605;TREG 1;LAMPUNG BENGKULU;LAMPUNG;TJK;migrate;24,00;CustomerAssign;bima_customerassign_date tersedia (durasi negatif di-clamp ke 0 = Comply);239,66;Not Comply
202605;TREG 5;SULBAGSEL;GOWA;SUG;migrate;24,00;CustomerAssign;bima_customerassign_date tersedia (durasi negatif di-clamp ke 0 = Comply);6,67;Comply
202605;TREG 5;SULBAGSEL;MAROS;PKN;migrate;24,00;CustomerAssign;bima_customerassign_date tersedia (durasi negatif di-clamp ke 0 = Comply);0,00;Comply
202605;TREG 3;SEMARANG JATENG UTARA;UNGARAN;BWE;migrate;24,00;CustomerAssign;bima_customerassign_date tersedia (durasi negatif di-clamp ke 0 = Comply);78,79;Not Comply
202605;TREG 5;SULBAGSEL;PALOPO;MLL;create;48,00;CustomerAssign;bima_customerassign_date tersedia (durasi negatif di-clamp ke 0 = Comply);100,82;Not Comply
202605;TREG 3;SOLO JATENG TIMUR;SOLO;KRT;migrate;24,00;CustomerAssign;bima_customerassign_date tersedia (durasi negatif di-clamp ke 0 = Comply);0,00;Comply
202605;TREG 2;BANDUNG;SUMEDANG;UBR;migrate;24,00;CustomerAssign;bima_customerassign_date tersedia (durasi negatif di-clamp ke 0 = Comply);6,91;Comply
202605;TREG 4;KALSELTENG;BANJARBARU;LUL;migrate;24,00;CustomerAssign;bima_customerassign_date tersedia (durasi negatif di-clamp ke 0 = Comply);0,00;Comply
202605;TREG 2;BEKASI KARAWANG;BEKASI;PKY;create;48,00;CustomerAssign;bima_customerassign_date tersedia (durasi negatif di-clamp ke 0 = Comply);0,00;Comply
202605;TREG 4;KALSELTENG;TANJUNG TABALONG;RTA;migrate;24,00;CustomerAssign;bima_customerassign_date tersedia (durasi negatif di-clamp ke 0 = Comply);26,03;Not Comply
202605;TREG 3;SEMARANG JATENG UTARA;SEMARANG;BMK;migrate;24,00;CustomerAssign;bima_customerassign_date tersedia (durasi negatif di-clamp ke 0 = Comply);2,03;Comply
202605;TREG 2;PRIANGAN TIMUR;MAJALENGKA;RGA;create;48,00;CustomerAssign;bima_customerassign_date tersedia (durasi negatif di-clamp ke 0 = Comply);0,00;Comply
202605;TREG 3;SOLO JATENG TIMUR;SOLO;KRT;migrate;24,00;CustomerAssign;bima_customerassign_date tersedia (durasi negatif di-clamp ke 0 = Comply);0,00;Comply
202605;TREG 3;BALI;DENPASAR CENTRUM;KLM;migrate;24,00;CustomerAssign;bima_customerassign_date tersedia (durasi negatif di-clamp ke 0 = Comply);2,08;Comply
202605;TREG 2;BEKASI KARAWANG;BEKASI;BEK;create;48,00;CustomerAssign;bima_customerassign_date tersedia (durasi negatif di-clamp ke 0 = Comply);2,10;Comply
202605;TREG 3;BALI;DENPASAR CENTRUM;KLM;migrate;24,00;CustomerAssign;bima_customerassign_date tersedia (durasi negatif di-clamp ke 0 = Comply);31,11;Not Comply
202605;TREG 3;SEMARANG JATENG UTARA;SEMARANG;MJP;migrate;24,00;CustomerAssign;bima_customerassign_date tersedia (durasi negatif di-clamp ke 0 = Comply);0,00;Comply
202605;TREG 4;KALTIMTARA;BONTANG;BLN;migrate;24,00;CustomerAssign;bima_customerassign_date tersedia (durasi negatif di-clamp ke 0 = Comply);768,21;Not Comply
202605;TREG 3;JATIM TIMUR;MOJOKERTO;NGI;migrate;24,00;CustomerAssign;bima_customerassign_date tersedia (durasi negatif di-clamp ke 0 = Comply);0,00;Comply
202605;TREG 3;JATIM BARAT;MALANG;BLB;create;48,00;CustomerAssign;bima_customerassign_date tersedia (durasi negatif di-clamp ke 0 = Comply);7,26;Comply
202605;TREG 3;SURAMADU;MADURA;SPG;migrate;24,00;CustomerAssign;bima_customerassign_date tersedia (durasi negatif di-clamp ke 0 = Comply);48,28;Not Comply
202605;TREG 1;SUMBAGSEL;SUMSEL;SGB;create;48,00;CustomerAssign;bima_customerassign_date tersedia (durasi negatif di-clamp ke 0 = Comply);24,31;Comply
202605;TREG 2;JAKARTA OUTER;JAKSEL;PSM;migrate;24,00;CustomerAssign;bima_customerassign_date tersedia (durasi negatif di-clamp ke 0 = Comply);2,32;Comply
202605;TREG 5;SULBAGSEL;PALOPO;SRK;migrate;24,00;CustomerAssign;bima_customerassign_date tersedia (durasi negatif di-clamp ke 0 = Comply);0,00;Comply
202605;TREG 4;KALSELTENG;BANJARMASIN;ULI;migrate;24,00;CustomerAssign;bima_customerassign_date tersedia (durasi negatif di-clamp ke 0 = Comply);2,53;Comply
202605;TREG 2;JAKARTA OUTER;JAKTIM;RMG;migrate;24,00;CustomerAssign;bima_customerassign_date tersedia (durasi negatif di-clamp ke 0 = Comply);0,00;Comply
202605;TREG 4;KALSELTENG;BANJARMASIN;BJM;migrate;24,00;CustomerAssign;bima_customerassign_date tersedia (durasi negatif di-clamp ke 0 = Comply);98,56;Not Comply
202605;TREG 1;RIAU;RIDAR;PBB;migrate;24,00;CustomerAssign;bima_customerassign_date tersedia (durasi negatif di-clamp ke 0 = Comply);0,00;Comply
202605;TREG 3;SURAMADU;SURABAYA UTARA;KLN;migrate;24,00;CustomerAssign;bima_customerassign_date tersedia (durasi negatif di-clamp ke 0 = Comply);31,70;Not Comply
202605;TREG 4;KALSELTENG;TANJUNG TABALONG;TJL;migrate;24,00;CustomerAssign;bima_customerassign_date tersedia (durasi negatif di-clamp ke 0 = Comply);0,00;Comply
202605;TREG 2;JAKARTA OUTER;JAKTIM;CWA;create;48,00;CustomerAssign;bima_customerassign_date tersedia (durasi negatif di-clamp ke 0 = Comply);0,74;Comply
202605;TREG 2;JAKARTA OUTER;JAKTIM;PDK;migrate;24,00;CustomerAssign;bima_customerassign_date tersedia (durasi negatif di-clamp ke 0 = Comply);290,75;Not Comply
202605;TREG 3;SURAMADU;SURABAYA SELATAN;JGR;migrate;24,00;CustomerAssign;bima_customerassign_date tersedia (durasi negatif di-clamp ke 0 = Comply);2,82;Comply
202605;TREG 4;KALSELTENG;MUARA TEWEH;MTW;migrate;24,00;CustomerAssign;bima_customerassign_date tersedia (durasi negatif di-clamp ke 0 = Comply);7,82;Comply
202605;TREG 3;YOGYA JATENG SELATAN;SLEMAN;KLS;create;48,00;CustomerAssign;bima_customerassign_date tersedia (durasi negatif di-clamp ke 0 = Comply);7,92;Comply
202605;TREG 2;BANTEN;BANTEN;SEG;migrate;24,00;CustomerAssign;bima_customerassign_date tersedia (durasi negatif di-clamp ke 0 = Comply);0,00;Comply
202605;TREG 1;RIAU;TANJUNG PINANG;KMS;migrate;24,00;CustomerAssign;bima_customerassign_date tersedia (durasi negatif di-clamp ke 0 = Comply);3,06;Comply
202605;TREG 4;KALTIMTARA;BONTANG;STT;migrate;24,00;CustomerAssign;bima_customerassign_date tersedia (durasi negatif di-clamp ke 0 = Comply);147,07;Not Comply
202605;TREG 3;BALI;DENPASAR CENTRUM;SWI;migrate;24,00;CustomerAssign;bima_customerassign_date tersedia (durasi negatif di-clamp ke 0 = Comply);75,12;Not Comply
202605;TREG 3;SEMARANG JATENG UTARA;SEMARANG;BMK;migrate;24,00;CustomerAssign;bima_customerassign_date tersedia (durasi negatif di-clamp ke 0 = Comply);51,14;Not Comply
202605;TREG 3;BALI;DENPASAR UTARA;MMN;migrate;24,00;CustomerAssign;bima_customerassign_date tersedia (durasi negatif di-clamp ke 0 = Comply);0,00;Comply
202605;TREG 2;BEKASI KARAWANG;BEKASI;KRA;create;48,00;CustomerAssign;bima_customerassign_date tersedia (durasi negatif di-clamp ke 0 = Comply);3,21;Comply
202605;TREG 2;BEKASI KARAWANG;CIKARANG;CIB;migrate;24,00;CustomerAssign;bima_customerassign_date tersedia (durasi negatif di-clamp ke 0 = Comply);8,22;Comply
202605;TREG 3;YOGYA JATENG SELATAN;YOGYAKARTA;KBU;migrate;24,00;CustomerAssign;bima_customerassign_date tersedia (durasi negatif di-clamp ke 0 = Comply);0,00;Comply
202605;TREG 2;JAKARTA OUTER;JAKTIM;KLD;create;48,00;CustomerAssign;bima_customerassign_date tersedia (durasi negatif di-clamp ke 0 = Comply);8,28;Comply
202605;TREG 2;PRIANGAN BARAT;KUJANG;PAR;create;48,00;CustomerAssign;bima_customerassign_date tersedia (durasi negatif di-clamp ke 0 = Comply);0,00;Comply
202605;TREG 2;JAKARTA OUTER;JAKTIM;PGG;migrate;24,00;CustomerAssign;bima_customerassign_date tersedia (durasi negatif di-clamp ke 0 = Comply);3,36;Comply
202605;TREG 2;BEKASI KARAWANG;BEKASI;BEK;create;48,00;CustomerAssign;bima_customerassign_date tersedia (durasi negatif di-clamp ke 0 = Comply);313,41;Not Comply
202605;TREG 2;JAKARTA INNER;JAKBAR;SLP;create;48,00;CustomerAssign;bima_customerassign_date tersedia (durasi negatif di-clamp ke 0 = Comply);32,43;Comply
202605;TREG 2;BEKASI KARAWANG;BEKASI;TAR;create;48,00;CustomerAssign;bima_customerassign_date tersedia (durasi negatif di-clamp ke 0 = Comply);123,44;Not Comply
202605;TREG 2;JAKARTA OUTER;JAKTIM;JTN;migrate;24,00;CustomerAssign;bima_customerassign_date tersedia (durasi negatif di-clamp ke 0 = Comply);1,52;Comply
202605;TREG 3;SOLO JATENG TIMUR;SRAGEN;KAR;migrate;24,00;CustomerAssign;bima_customerassign_date tersedia (durasi negatif di-clamp ke 0 = Comply);75,52;Not Comply
202605;TREG 3;YOGYA JATENG SELATAN;YOGYAKARTA;KGD;migrate;24,00;CustomerAssign;bima_customerassign_date tersedia (durasi negatif di-clamp ke 0 = Comply);32,54;Not Comply
202605;TREG 1;RIAU;DUMAI;SLJ;migrate;24,00;CustomerAssign;bima_customerassign_date tersedia (durasi negatif di-clamp ke 0 = Comply);8,54;Comply
202605;TREG 2;JAKARTA OUTER;JAKTIM;KRG;migrate;24,00;CustomerAssign;bima_customerassign_date tersedia (durasi negatif di-clamp ke 0 = Comply);51,57;Not Comply
202605;TREG 1;RIAU;BANGKINANG;ARK;migrate;24,00;CustomerAssign;bima_customerassign_date tersedia (durasi negatif di-clamp ke 0 = Comply);25,58;Not Comply
202605;TREG 3;SEMARANG JATENG UTARA;SEMARANG;SMT;migrate;24,00;CustomerAssign;bima_customerassign_date tersedia (durasi negatif di-clamp ke 0 = Comply);0,00;Comply
202605;TREG 3;YOGYA JATENG SELATAN;YOGYAKARTA;BBS;create;48,00;CustomerAssign;bima_customerassign_date tersedia (durasi negatif di-clamp ke 0 = Comply);80,60;Not Comply
202605;TREG 1;SUMBAR JAMBI;SUMBAR;KJI;create;48,00;CustomerAssign;bima_customerassign_date tersedia (durasi negatif di-clamp ke 0 = Comply);3,61;Comply
202605;TREG 2;BEKASI KARAWANG;PURWAKARTA;PWK;migrate;24,00;CustomerAssign;bima_customerassign_date tersedia (durasi negatif di-clamp ke 0 = Comply);0,00;Comply
202605;TREG 3;SEMARANG JATENG UTARA;SEMARANG;SMT;create;48,00;CustomerAssign;bima_customerassign_date tersedia (durasi negatif di-clamp ke 0 = Comply);0,00;Comply
202605;TREG 4;KALTIMTARA;BONTANG;BOT;migrate;24,00;CustomerAssign;bima_customerassign_date tersedia (durasi negatif di-clamp ke 0 = Comply);0,00;Comply
202605;TREG 2;BANDUNG;SUMEDANG;SMD;migrate;24,00;CustomerAssign;bima_customerassign_date tersedia (durasi negatif di-clamp ke 0 = Comply);0,00;Comply
202605;TREG 2;BEKASI KARAWANG;BEKASI;PDE;migrate;24,00;CustomerAssign;bima_customerassign_date tersedia (durasi negatif di-clamp ke 0 = Comply);8,77;Comply
202605;TREG 3;SOLO JATENG TIMUR;SOLO;KRT;migrate;24,00;CustomerAssign;bima_customerassign_date tersedia (durasi negatif di-clamp ke 0 = Comply);0,00;Comply
202605;TREG 3;YOGYA JATENG SELATAN;YOGYAKARTA;KBU;create;48,00;CustomerAssign;bima_customerassign_date tersedia (durasi negatif di-clamp ke 0 = Comply);0,00;Comply
202605;TREG 1;SUMUT;MEDAN;CTD;create;48,00;CustomerAssign;bima_customerassign_date tersedia (durasi negatif di-clamp ke 0 = Comply);1,84;Comply
202605;TREG 4;KALSELTENG;SAMPIT;SAI;migrate;24,00;CustomerAssign;bima_customerassign_date tersedia (durasi negatif di-clamp ke 0 = Comply);0,00;Comply
202605;TREG 2;JAKARTA INNER;JAKBAR;PLM;create;48,00;CustomerAssign;bima_customerassign_date tersedia (durasi negatif di-clamp ke 0 = Comply);8,86;Comply
202605;TREG 3;YOGYA JATENG SELATAN;YOGYAKARTA;KEN;create;48,00;CustomerAssign;bima_customerassign_date tersedia (durasi negatif di-clamp ke 0 = Comply);0,00;Comply
202605;TREG 3;SEMARANG JATENG UTARA;PEMALANG;PML;migrate;24,00;CustomerAssign;bima_customerassign_date tersedia (durasi negatif di-clamp ke 0 = Comply);0,00;Comply
202605;TREG 2;JAKARTA CENTRUM;JAKPUS;GBI;migrate;24,00;CustomerAssign;bima_customerassign_date tersedia (durasi negatif di-clamp ke 0 = Comply);33,03;Not Comply
202605;TREG 2;JAKARTA OUTER;JAKTIM;KLD;create;48,00;CustomerAssign;bima_customerassign_date tersedia (durasi negatif di-clamp ke 0 = Comply);28,04;Comply
202605;TREG 2;PRIANGAN BARAT;DEPOK;DEP;migrate;24,00;CustomerAssign;bima_customerassign_date tersedia (durasi negatif di-clamp ke 0 = Comply);0,00;Comply
202605;TREG 4;KALSELTENG;SAMPIT;SAI;migrate;24,00;CustomerAssign;bima_customerassign_date tersedia (durasi negatif di-clamp ke 0 = Comply);0,00;Comply
202605;TREG 3;BALI;SINGARAJA;SGR;migrate;24,00;CustomerAssign;bima_customerassign_date tersedia (durasi negatif di-clamp ke 0 = Comply);2,10;Comply
202605;TREG 2;PRIANGAN BARAT;CIBADAK;CCR;migrate;24,00;CustomerAssign;bima_customerassign_date tersedia (durasi negatif di-clamp ke 0 = Comply);33,17;Not Comply
202605;TREG 2;PRIANGAN BARAT;KUJANG;BOO;migrate;24,00;CustomerAssign;bima_customerassign_date tersedia (durasi negatif di-clamp ke 0 = Comply);146,21;Not Comply
202605;TREG 2;PRIANGAN BARAT;CIBINONG;CSN;migrate;24,00;CustomerAssign;bima_customerassign_date tersedia (durasi negatif di-clamp ke 0 = Comply);0,00;Comply
202605;TREG 1;RIAU;RIKEP;BTC;migrate;24,00;CustomerAssign;bima_customerassign_date tersedia (durasi negatif di-clamp ke 0 = Comply);0,00;Comply
202605;TREG 1;RIAU;TANJUNG PINANG;DBS;migrate;24,00;CustomerAssign;bima_customerassign_date tersedia (durasi negatif di-clamp ke 0 = Comply);9,44;Comply
202605;TREG 4;KALTIMTARA;TARAKAN;TAJ;create;48,00;CustomerAssign;bima_customerassign_date tersedia (durasi negatif di-clamp ke 0 = Comply);26,59;Comply
202605;TREG 3;SURAMADU;SURABAYA SELATAN;GBG;create;48,00;CustomerAssign;bima_customerassign_date tersedia (durasi negatif di-clamp ke 0 = Comply);0,00;Comply
202605;TREG 2;JAKARTA OUTER;JAKTIM;RMG;migrate;24,00;CustomerAssign;bima_customerassign_date tersedia (durasi negatif di-clamp ke 0 = Comply);0,00;Comply
202605;TREG 3;SEMARANG JATENG UTARA;SEMARANG;MJE;migrate;24,00;CustomerAssign;bima_customerassign_date tersedia (durasi negatif di-clamp ke 0 = Comply);0,00;Comply
202605;TREG 2;JAKARTA OUTER;JAKTIM;KRG;migrate;24,00;CustomerAssign;bima_customerassign_date tersedia (durasi negatif di-clamp ke 0 = Comply);33,71;Not Comply
202605;TREG 2;JAKARTA OUTER;JAKTIM;KRG;create;48,00;CustomerAssign;bima_customerassign_date tersedia (durasi negatif di-clamp ke 0 = Comply);26,72;Comply
202605;TREG 2;JAKARTA OUTER;JAKSEL;KAL;create;48,00;CustomerAssign;bima_customerassign_date tersedia (durasi negatif di-clamp ke 0 = Comply);33,91;Comply
202605;TREG 2;BANTEN;PASAR BARU;CPD;create;48,00;CustomerAssign;bima_customerassign_date tersedia (durasi negatif di-clamp ke 0 = Comply);9,94;Comply
202605;TREG 3;SURAMADU;SURABAYA UTARA;KBL;migrate;24,00;CustomerAssign;bima_customerassign_date tersedia (durasi negatif di-clamp ke 0 = Comply);0,96;Comply
202605;TREG 1;RIAU;RIKEP;SLU;migrate;24,00;CustomerAssign;bima_customerassign_date tersedia (durasi negatif di-clamp ke 0 = Comply);9,98;Comply
202605;TREG 2;BANTEN;PASAR BARU;PSK;migrate;24,00;CustomerAssign;bima_customerassign_date tersedia (durasi negatif di-clamp ke 0 = Comply);146,98;Not Comply
202605;TREG 3;SEMARANG JATENG UTARA;SEMARANG;MJP;create;48,00;CustomerAssign;bima_customerassign_date tersedia (durasi negatif di-clamp ke 0 = Comply);0,00;Comply
202605;TREG 3;SURAMADU;SURABAYA UTARA;KPS;migrate;24,00;CustomerAssign;bima_customerassign_date tersedia (durasi negatif di-clamp ke 0 = Comply);73,02;Not Comply
202605;TREG 2;JAKARTA OUTER;JAKSEL;CPE;migrate;24,00;CustomerAssign;bima_customerassign_date tersedia (durasi negatif di-clamp ke 0 = Comply);5,04;Comply
202605;TREG 4;KALTIMTARA;BONTANG;STT;migrate;24,00;CustomerAssign;bima_customerassign_date tersedia (durasi negatif di-clamp ke 0 = Comply);0,00;Comply
202605;TREG 2;PRIANGAN BARAT;CIBINONG;CSN;create;48,00;CustomerAssign;bima_customerassign_date tersedia (durasi negatif di-clamp ke 0 = Comply);0,00;Comply
202605;TREG 4;KALTIMTARA;BULUNGAN BERAU;TRD;migrate;24,00;CustomerAssign;bima_customerassign_date tersedia (durasi negatif di-clamp ke 0 = Comply);3,19;Comply
202605;TREG 2;BEKASI KARAWANG;BEKASI;PKY;migrate;24,00;CustomerAssign;bima_customerassign_date tersedia (durasi negatif di-clamp ke 0 = Comply);34,19;Not Comply
202605;TREG 2;BANDUNG;PADALARANG;PDL;migrate;24,00;CustomerAssign;bima_customerassign_date tersedia (durasi negatif di-clamp ke 0 = Comply);10,19;Comply
202605;TREG 1;RIAU;BANGKINANG;ARK;create;48,00;CustomerAssign;bima_customerassign_date tersedia (durasi negatif di-clamp ke 0 = Comply);3,21;Comply
202605;TREG 1;SUMBAR JAMBI;BUKIT TINGGI;PPJ;migrate;24,00;CustomerAssign;bima_customerassign_date tersedia (durasi negatif di-clamp ke 0 = Comply);1.203,49;Not Comply
202605;TREG 4;KALSELTENG;TANJUNG TABALONG;RTA;migrate;24,00;CustomerAssign;bima_customerassign_date tersedia (durasi negatif di-clamp ke 0 = Comply);29,68;Not Comply
202605;TREG 2;JAKARTA OUTER;JAKSEL;KBY;migrate;24,00;CustomerAssign;bima_customerassign_date tersedia (durasi negatif di-clamp ke 0 = Comply);10,75;Comply
202605;TREG 4;BALIKPAPAN;TANAHGROGOT;MJW;migrate;24,00;CustomerAssign;bima_customerassign_date tersedia (durasi negatif di-clamp ke 0 = Comply);0,00;Comply
202605;TREG 2;BANTEN;PASAR BARU;CKL;create;48,00;CustomerAssign;bima_customerassign_date tersedia (durasi negatif di-clamp ke 0 = Comply);0,00;Comply
202605;TREG 5;SULBAGSEL;MAKASSAR;BAL;migrate;24,00;CustomerAssign;bima_customerassign_date tersedia (durasi negatif di-clamp ke 0 = Comply);5,86;Comply
202605;TREG 5;SULBAGSEL;MAKASSAR;MAT;migrate;24,00;CustomerAssign;bima_customerassign_date tersedia (durasi negatif di-clamp ke 0 = Comply);27,87;Not Comply
202605;TREG 3;SEMARANG JATENG UTARA;SEMARANG;SMT;migrate;24,00;CustomerAssign;bima_customerassign_date tersedia (durasi negatif di-clamp ke 0 = Comply);0,00;Comply
202605;TREG 2;BEKASI KARAWANG;BEKASI;PKY;create;48,00;CustomerAssign;bima_customerassign_date tersedia (durasi negatif di-clamp ke 0 = Comply);0,00;Comply
202605;TREG 2;JAKARTA INNER;JAKBAR;CKG;migrate;24,00;CustomerAssign;bima_customerassign_date tersedia (durasi negatif di-clamp ke 0 = Comply);0,00;Comply
202605;TREG 2;BEKASI KARAWANG;CIKARANG;JBB;migrate;24,00;CustomerAssign;bima_customerassign_date tersedia (durasi negatif di-clamp ke 0 = Comply);582,08;Not Comply
202605;TREG 3;JATIM BARAT;BATU;BTU;migrate;24,00;CustomerAssign;bima_customerassign_date tersedia (durasi negatif di-clamp ke 0 = Comply);0,00;Comply
202605;TREG 3;YOGYA JATENG SELATAN;BANTUL;BTL;migrate;24,00;CustomerAssign;bima_customerassign_date tersedia (durasi negatif di-clamp ke 0 = Comply);4,21;Comply
202605;TREG 2;JAKARTA OUTER;JAKSEL;TBE;migrate;24,00;CustomerAssign;bima_customerassign_date tersedia (durasi negatif di-clamp ke 0 = Comply);0,00;Comply
202605;TREG 2;BANTEN;CIPUTAT;CPA;migrate;24,00;CustomerAssign;bima_customerassign_date tersedia (durasi negatif di-clamp ke 0 = Comply);11,30;Comply
202605;TREG 3;BALI;DENPASAR SELATAN;JBR;migrate;24,00;CustomerAssign;bima_customerassign_date tersedia (durasi negatif di-clamp ke 0 = Comply);0,00;Comply
202605;TREG 2;BANTEN;CIPUTAT;CLD;create;48,00;CustomerAssign;bima_customerassign_date tersedia (durasi negatif di-clamp ke 0 = Comply);0,00;Comply
202605;TREG 3;JATIM TIMUR;PANDAAN;PDA;migrate;24,00;CustomerAssign;bima_customerassign_date tersedia (durasi negatif di-clamp ke 0 = Comply);0,00;Comply
202605;TREG 3;JATIM BARAT;BATU;KPO;create;48,00;CustomerAssign;bima_customerassign_date tersedia (durasi negatif di-clamp ke 0 = Comply);0,00;Comply
202605;TREG 2;JAKARTA INNER;JAKBAR;PLM;migrate;24,00;CustomerAssign;bima_customerassign_date tersedia (durasi negatif di-clamp ke 0 = Comply);35,42;Not Comply
202605;TREG 2;BANDUNG;BANDUNG;DGO;create;48,00;CustomerAssign;bima_customerassign_date tersedia (durasi negatif di-clamp ke 0 = Comply);76,63;Not Comply
202605;TREG 2;BEKASI KARAWANG;BEKASI;PDE;migrate;24,00;CustomerAssign;bima_customerassign_date tersedia (durasi negatif di-clamp ke 0 = Comply);0,00;Comply
202605;TREG 5;PAPUA;JAYAPURA;JPB;migrate;24,00;CustomerAssign;bima_customerassign_date tersedia (durasi negatif di-clamp ke 0 = Comply);0,00;Comply
202605;TREG 3;BALI;DENPASAR CENTRUM;KLM;create;48,00;CustomerAssign;bima_customerassign_date tersedia (durasi negatif di-clamp ke 0 = Comply);78,82;Not Comply
202605;TREG 2;BEKASI KARAWANG;CIKARANG;SUE;create;48,00;CustomerAssign;bima_customerassign_date tersedia (durasi negatif di-clamp ke 0 = Comply);76,85;Not Comply
202605;TREG 5;PAPUA;JAYAPURA;JAP;migrate;24,00;CustomerAssign;bima_customerassign_date tersedia (durasi negatif di-clamp ke 0 = Comply);0,00;Comply
202605;TREG 2;PRIANGAN BARAT;KUJANG;BOO;migrate;24,00;CustomerAssign;bima_customerassign_date tersedia (durasi negatif di-clamp ke 0 = Comply);52,94;Not Comply
202605;TREG 1;RIAU;BANGKINANG;ARK;migrate;24,00;CustomerAssign;bima_customerassign_date tersedia (durasi negatif di-clamp ke 0 = Comply);223,95;Not Comply
202605;TREG 3;SURAMADU;SURABAYA UTARA;BBE;create;48,00;CustomerAssign;bima_customerassign_date tersedia (durasi negatif di-clamp ke 0 = Comply);7,01;Comply
202605;TREG 2;BEKASI KARAWANG;BEKASI;PDE;migrate;24,00;CustomerAssign;bima_customerassign_date tersedia (durasi negatif di-clamp ke 0 = Comply);29,01;Not Comply
202605;TREG 2;PRIANGAN BARAT;KUJANG;SPL;migrate;24,00;CustomerAssign;bima_customerassign_date tersedia (durasi negatif di-clamp ke 0 = Comply);29,04;Not Comply
202605;TREG 3;JATIM BARAT;BOJONEGORO;PAD;migrate;24,00;CustomerAssign;bima_customerassign_date tersedia (durasi negatif di-clamp ke 0 = Comply);5,09;Comply
202605;TREG 2;JAKARTA CENTRUM;JAKPUS;GBC;migrate;24,00;CustomerAssign;bima_customerassign_date tersedia (durasi negatif di-clamp ke 0 = Comply);7,19;Comply
202605;TREG 2;JAKARTA INNER;JAKBAR;CKG;migrate;24,00;CustomerAssign;bima_customerassign_date tersedia (durasi negatif di-clamp ke 0 = Comply);29,30;Not Comply
202605;TREG 1;RIAU;RIKEP;BTC;migrate;24,00;CustomerAssign;bima_customerassign_date tersedia (durasi negatif di-clamp ke 0 = Comply);79,34;Not Comply
202605;TREG 2;PRIANGAN TIMUR;TASIKMALAYA;TSM;migrate;24,00;CustomerAssign;bima_customerassign_date tersedia (durasi negatif di-clamp ke 0 = Comply);0,00;Comply
202605;TREG 1;RIAU;RIKEP;BTC;migrate;24,00;CustomerAssign;bima_customerassign_date tersedia (durasi negatif di-clamp ke 0 = Comply);0,00;Comply
202605;TREG 3;BALI;GIANYAR;UBU;migrate;24,00;CustomerAssign;bima_customerassign_date tersedia (durasi negatif di-clamp ke 0 = Comply);221,65;Not Comply
202605;TREG 1;RIAU;RIKEP;BTC;migrate;24,00;CustomerAssign;bima_customerassign_date tersedia (durasi negatif di-clamp ke 0 = Comply);0,00;Comply
202605;TREG 3;BALI;DENPASAR SELATAN;JBR;create;48,00;CustomerAssign;bima_customerassign_date tersedia (durasi negatif di-clamp ke 0 = Comply);0,00;Comply
202605;TREG 3;BALI;DENPASAR UTARA;UBN;migrate;24,00;CustomerAssign;bima_customerassign_date tersedia (durasi negatif di-clamp ke 0 = Comply);53,81;Not Comply
202605;TREG 5;SULBAGSEL;MAKASSAR;MAT;create;48,00;CustomerAssign;bima_customerassign_date tersedia (durasi negatif di-clamp ke 0 = Comply);0,00;Comply
202605;TREG 3;JATIM TIMUR;LUMAJANG;LMJ;create;48,00;CustomerAssign;bima_customerassign_date tersedia (durasi negatif di-clamp ke 0 = Comply);109,03;Not Comply
202605;TREG 1;RIAU;BANGKINANG;PWG;migrate;24,00;CustomerAssign;bima_customerassign_date tersedia (durasi negatif di-clamp ke 0 = Comply);0,00;Comply
202605;TREG 5;SULBAGTENG;PALU;PLB;create;48,00;CustomerAssign;bima_customerassign_date tersedia (durasi negatif di-clamp ke 0 = Comply);0,00;Comply
202605;TREG 2;BEKASI KARAWANG;BEKASI;KLB;migrate;24,00;CustomerAssign;bima_customerassign_date tersedia (durasi negatif di-clamp ke 0 = Comply);0,00;Comply
202605;TREG 3;JATIM TIMUR;PANDAAN;PDA;migrate;24,00;CustomerAssign;bima_customerassign_date tersedia (durasi negatif di-clamp ke 0 = Comply);0,00;Comply
202605;TREG 3;SURAMADU;SURABAYA SELATAN;MYR;migrate;24,00;CustomerAssign;bima_customerassign_date tersedia (durasi negatif di-clamp ke 0 = Comply);0,00;Comply
202605;TREG 2;BANTEN;LENGKONG;LKG;create;48,00;CustomerAssign;bima_customerassign_date tersedia (durasi negatif di-clamp ke 0 = Comply);8,23;Comply
202605;TREG 2;BANTEN;CIKUPA;CKA;migrate;24,00;CustomerAssign;bima_customerassign_date tersedia (durasi negatif di-clamp ke 0 = Comply);0,00;Comply
202605;TREG 2;PRIANGAN BARAT;KUJANG;PAG;migrate;24,00;CustomerAssign;bima_customerassign_date tersedia (durasi negatif di-clamp ke 0 = Comply);176,29;Not Comply
202605;TREG 2;JAKARTA OUTER;JAKTIM;KLD;migrate;24,00;CustomerAssign;bima_customerassign_date tersedia (durasi negatif di-clamp ke 0 = Comply);8,61;Comply
202605;TREG 2;BEKASI KARAWANG;CIKARANG;CIK;migrate;24,00;CustomerAssign;bima_customerassign_date tersedia (durasi negatif di-clamp ke 0 = Comply);0,00;Comply
202605;TREG 2;PRIANGAN BARAT;KUJANG;BOO;create;48,00;CustomerAssign;bima_customerassign_date tersedia (durasi negatif di-clamp ke 0 = Comply);6,78;Comply
202605;TREG 1;RIAU;RIKEP;BTC;migrate;24,00;CustomerAssign;bima_customerassign_date tersedia (durasi negatif di-clamp ke 0 = Comply);0,00;Comply
202605;TREG 2;BANDUNG;BANDUNG;LBG;create;48,00;CustomerAssign;bima_customerassign_date tersedia (durasi negatif di-clamp ke 0 = Comply);9,66;Comply
202605;TREG 1;SUMBAR JAMBI;SUMBAR;PDC;migrate;24,00;CustomerAssign;bima_customerassign_date tersedia (durasi negatif di-clamp ke 0 = Comply);0,00;Comply
202605;TREG 3;JATIM BARAT;TULUNG AGUNG;TRE;migrate;24,00;CustomerAssign;bima_customerassign_date tersedia (durasi negatif di-clamp ke 0 = Comply);9,96;Comply
202605;TREG 3;SURAMADU;SURABAYA SELATAN;JGR;migrate;24,00;CustomerAssign;bima_customerassign_date tersedia (durasi negatif di-clamp ke 0 = Comply);0,00;Comply
202605;TREG 4;BALIKPAPAN;TANAHGROGOT;MJW;migrate;24,00;CustomerAssign;bima_customerassign_date tersedia (durasi negatif di-clamp ke 0 = Comply);0,00;Comply
202605;TREG 1;LAMPUNG BENGKULU;LAMPUNG;KDT;migrate;24,00;CustomerAssign;bima_customerassign_date tersedia (durasi negatif di-clamp ke 0 = Comply);0,00;Comply
202605;TREG 3;BALI;DENPASAR UTARA;MMN;migrate;24,00;CustomerAssign;bima_customerassign_date tersedia (durasi negatif di-clamp ke 0 = Comply);65,66;Not Comply
202605;TREG 4;KALSELTENG;BATULICIN;BLC;migrate;24,00;CustomerAssign;bima_customerassign_date tersedia (durasi negatif di-clamp ke 0 = Comply);0,78;Comply
202605;TREG 2;BEKASI KARAWANG;PURWAKARTA;PWK;migrate;24,00;CustomerAssign;bima_customerassign_date tersedia (durasi negatif di-clamp ke 0 = Comply);0,00;Comply
202605;TREG 2;BANTEN;LENGKONG;SRP;create;48,00;CustomerAssign;bima_customerassign_date tersedia (durasi negatif di-clamp ke 0 = Comply);0,00;Comply
202605;TREG 4;KALTIMTARA;BONTANG;STT;migrate;24,00;CustomerAssign;bima_customerassign_date tersedia (durasi negatif di-clamp ke 0 = Comply);97,38;Not Comply
202605;TREG 4;KALSELTENG;TANJUNG TABALONG;PGN;create;48,00;CustomerAssign;bima_customerassign_date tersedia (durasi negatif di-clamp ke 0 = Comply);42,99;Comply
202605;TREG 4;KALTIMTARA;SAMARINDA;LMP;migrate;24,00;CustomerAssign;bima_customerassign_date tersedia (durasi negatif di-clamp ke 0 = Comply);26,25;Not Comply
202605;TREG 4;KALTIMTARA;SAMARINDA;SEM;create;48,00;CustomerAssign;bima_customerassign_date tersedia (durasi negatif di-clamp ke 0 = Comply);2,28;Comply
202605;TREG 4;KALTIMTARA;SAMARINDA;SMR;create;48,00;CustomerAssign;bima_customerassign_date tersedia (durasi negatif di-clamp ke 0 = Comply);69,36;Not Comply
202605;TREG 4;KALSELTENG;PANGKALAN BUN;PBU;migrate;24,00;CustomerAssign;bima_customerassign_date tersedia (durasi negatif di-clamp ke 0 = Comply);0,00;Comply
202605;TREG 3;JATIM BARAT;KEDIRI;MJT;migrate;24,00;CustomerAssign;bima_customerassign_date tersedia (durasi negatif di-clamp ke 0 = Comply);21,96;Comply
202605;TREG 5;SULBAGSEL;BONE;WTP;migrate;24,00;CustomerAssign;bima_customerassign_date tersedia (durasi negatif di-clamp ke 0 = Comply);310,06;Not Comply
202605;TREG 4;KALSELTENG;TANJUNG TABALONG;TJL;migrate;24,00;CustomerAssign;bima_customerassign_date tersedia (durasi negatif di-clamp ke 0 = Comply);51,12;Not Comply
202605;TREG 1;SUMBAGSEL;PRABUMULIH;PBM;migrate;24,00;CustomerAssign;bima_customerassign_date tersedia (durasi negatif di-clamp ke 0 = Comply);22,14;Comply
202605;TREG 1;SUMBAGSEL;SUMSEL;TLK;create;48,00;CustomerAssign;bima_customerassign_date tersedia (durasi negatif di-clamp ke 0 = Comply);0,00;Comply
202605;TREG 3;NUSA TENGGARA;BIMA;TET;migrate;24,00;CustomerAssign;bima_customerassign_date tersedia (durasi negatif di-clamp ke 0 = Comply);430,48;Not Comply
202605;TREG 1;RIAU;RIKEP;LBJ;migrate;24,00;CustomerAssign;bima_customerassign_date tersedia (durasi negatif di-clamp ke 0 = Comply);0,00;Comply
202605;TREG 2;BANDUNG;PADALARANG;PDL;create;48,00;CustomerAssign;bima_customerassign_date tersedia (durasi negatif di-clamp ke 0 = Comply);3,68;Comply
202605;TREG 2;JAKARTA OUTER;JAKTIM;PGG;create;48,00;CustomerAssign;bima_customerassign_date tersedia (durasi negatif di-clamp ke 0 = Comply);22,82;Comply
202605;TREG 4;KALTIMTARA;SAMARINDA;LMP;create;48,00;CustomerAssign;bima_customerassign_date tersedia (durasi negatif di-clamp ke 0 = Comply);0,00;Comply
202605;TREG 2;JAKARTA INNER;JAKBAR;PLM;migrate;24,00;CustomerAssign;bima_customerassign_date tersedia (durasi negatif di-clamp ke 0 = Comply);4,12;Comply
202605;TREG 4;KALTIMTARA;SAMARINDA;LMP;create;48,00;CustomerAssign;bima_customerassign_date tersedia (durasi negatif di-clamp ke 0 = Comply);45,27;Comply
202605;TREG 1;RIAU;RIKEP;SKN;migrate;24,00;CustomerAssign;bima_customerassign_date tersedia (durasi negatif di-clamp ke 0 = Comply);45,29;Not Comply
202605;TREG 3;SEMARANG JATENG UTARA;SEMARANG;BOJ;migrate;24,00;CustomerAssign;bima_customerassign_date tersedia (durasi negatif di-clamp ke 0 = Comply);21,31;Comply
202605;TREG 4;KALSELTENG;PALANGKARAYA;KKN;migrate;24,00;CustomerAssign;bima_customerassign_date tersedia (durasi negatif di-clamp ke 0 = Comply);23,47;Comply
202605;TREG 4;KALSELTENG;BANJARBARU;BBR;migrate;24,00;CustomerAssign;bima_customerassign_date tersedia (durasi negatif di-clamp ke 0 = Comply);0,00;Comply
202605;TREG 2;BEKASI KARAWANG;BEKASI;KRA;create;48,00;CustomerAssign;bima_customerassign_date tersedia (durasi negatif di-clamp ke 0 = Comply);0,00;Comply
202605;TREG 2;JAKARTA CENTRUM;JAKPUS;CPP;create;48,00;CustomerAssign;bima_customerassign_date tersedia (durasi negatif di-clamp ke 0 = Comply);21,59;Comply
202605;TREG 4;KALSELTENG;BANJARMASIN;GMB;create;48,00;CustomerAssign;bima_customerassign_date tersedia (durasi negatif di-clamp ke 0 = Comply);0,00;Comply
202605;TREG 3;BALI;DENPASAR SELATAN;BNO;create;48,00;CustomerAssign;bima_customerassign_date tersedia (durasi negatif di-clamp ke 0 = Comply);0,00;Comply
202605;TREG 3;YOGYA JATENG SELATAN;SLEMAN;GOD;create;48,00;CustomerAssign;bima_customerassign_date tersedia (durasi negatif di-clamp ke 0 = Comply);25,63;Comply
202605;TREG 2;JAKARTA CENTRUM;JAKUT;CIL;migrate;24,00;CustomerAssign;bima_customerassign_date tersedia (durasi negatif di-clamp ke 0 = Comply);0,00;Comply
202605;TREG 4;KALTIMTARA;SAMARINDA;SGK;create;48,00;CustomerAssign;bima_customerassign_date tersedia (durasi negatif di-clamp ke 0 = Comply);0,00;Comply
202605;TREG 3;SEMARANG JATENG UTARA;PEMALANG;PML;migrate;24,00;CustomerAssign;bima_customerassign_date tersedia (durasi negatif di-clamp ke 0 = Comply);0,00;Comply
202605;TREG 2;JAKARTA OUTER;JAKSEL;KBY;migrate;24,00;CustomerAssign;bima_customerassign_date tersedia (durasi negatif di-clamp ke 0 = Comply);0,00;Comply
202605;TREG 3;JATIM BARAT;MALANG;KLJ;migrate;24,00;CustomerAssign;bima_customerassign_date tersedia (durasi negatif di-clamp ke 0 = Comply);0,00;Comply
202605;TREG 5;SULBAGTENG;PALU;PLA;create;48,00;CustomerAssign;bima_customerassign_date tersedia (durasi negatif di-clamp ke 0 = Comply);0,00;Comply
202605;TREG 2;BANTEN;LENGKONG;CUG;migrate;24,00;CustomerAssign;bima_customerassign_date tersedia (durasi negatif di-clamp ke 0 = Comply);0,00;Comply
202605;TREG 2;JAKARTA OUTER;JAKSEL;KBY;migrate;24,00;CustomerAssign;bima_customerassign_date tersedia (durasi negatif di-clamp ke 0 = Comply);28,90;Not Comply
202605;TREG 4;KALBAR;PONTIANAK;PTK;migrate;24,00;CustomerAssign;bima_customerassign_date tersedia (durasi negatif di-clamp ke 0 = Comply);45,91;Not Comply
202605;TREG 4;KALBAR;SANGGAU;SGU;migrate;24,00;CustomerAssign;bima_customerassign_date tersedia (durasi negatif di-clamp ke 0 = Comply);124,92;Not Comply
202605;TREG 3;SURAMADU;SURABAYA UTARA;KPS;create;48,00;CustomerAssign;bima_customerassign_date tersedia (durasi negatif di-clamp ke 0 = Comply);2,95;Comply
202605;TREG 2;JAKARTA OUTER;JAKSEL;JAG;create;48,00;CustomerAssign;bima_customerassign_date tersedia (durasi negatif di-clamp ke 0 = Comply);0,00;Comply
202605;TREG 2;BANDUNG;SUMEDANG;CJA;migrate;24,00;CustomerAssign;bima_customerassign_date tersedia (durasi negatif di-clamp ke 0 = Comply);22,06;Comply
202605;TREG 4;KALTIMTARA;TARAKAN;TRK;migrate;24,00;CustomerAssign;bima_customerassign_date tersedia (durasi negatif di-clamp ke 0 = Comply);0,00;Comply
202605;TREG 4;BALIKPAPAN;TANAHGROGOT;TNG;migrate;24,00;CustomerAssign;bima_customerassign_date tersedia (durasi negatif di-clamp ke 0 = Comply);214,22;Not Comply
202605;TREG 4;KALTIMTARA;SAMARINDA;LOB;migrate;24,00;CustomerAssign;bima_customerassign_date tersedia (durasi negatif di-clamp ke 0 = Comply);293,24;Not Comply
202605;TREG 2;BANDUNG;SUMEDANG;CJA;migrate;24,00;CustomerAssign;bima_customerassign_date tersedia (durasi negatif di-clamp ke 0 = Comply);24,26;Not Comply
202605;TREG 4;KALTIMTARA;SAMARINDA;PAA;migrate;24,00;CustomerAssign;bima_customerassign_date tersedia (durasi negatif di-clamp ke 0 = Comply);0,00;Comply
202605;TREG 4;KALTIMTARA;BONTANG;STT;migrate;24,00;CustomerAssign;bima_customerassign_date tersedia (durasi negatif di-clamp ke 0 = Comply);72,33;Not Comply
202605;TREG 2;BEKASI KARAWANG;BEKASI;PDE;create;48,00;CustomerAssign;bima_customerassign_date tersedia (durasi negatif di-clamp ke 0 = Comply);5,35;Comply
202605;TREG 3;YOGYA JATENG SELATAN;BANJARNEGARA;BJR;create;48,00;CustomerAssign;bima_customerassign_date tersedia (durasi negatif di-clamp ke 0 = Comply);0,00;Comply
202605;TREG 2;JAKARTA OUTER;JAKTIM;PDK;migrate;24,00;CustomerAssign;bima_customerassign_date tersedia (durasi negatif di-clamp ke 0 = Comply);48,44;Not Comply
202605;TREG 2;BEKASI KARAWANG;BEKASI;PDE;migrate;24,00;CustomerAssign;bima_customerassign_date tersedia (durasi negatif di-clamp ke 0 = Comply);24,51;Not Comply
202605;TREG 4;KALTIMTARA;BONTANG;STT;migrate;24,00;CustomerAssign;bima_customerassign_date tersedia (durasi negatif di-clamp ke 0 = Comply);101,56;Not Comply
202605;TREG 2;BANDUNG;SUMEDANG;UBR;migrate;24,00;CustomerAssign;bima_customerassign_date tersedia (durasi negatif di-clamp ke 0 = Comply);0,57;Comply
202605;TREG 4;KALSELTENG;PALANGKARAYA;PLK;migrate;24,00;CustomerAssign;bima_customerassign_date tersedia (durasi negatif di-clamp ke 0 = Comply);0,00;Comply
202605;TREG 1;SUMUT;MEDAN;TJM;migrate;24,00;CustomerAssign;bima_customerassign_date tersedia (durasi negatif di-clamp ke 0 = Comply);0,00;Comply
202605;TREG 5;SULBAGSEL;MAKASSAR;BAL;migrate;24,00;CustomerAssign;bima_customerassign_date tersedia (durasi negatif di-clamp ke 0 = Comply);293,63;Not Comply
202605;TREG 3;SURAMADU;SURABAYA UTARA;KLN;migrate;24,00;CustomerAssign;bima_customerassign_date tersedia (durasi negatif di-clamp ke 0 = Comply);238,75;Not Comply
202605;TREG 3;YOGYA JATENG SELATAN;YOGYAKARTA;PGR;create;48,00;CustomerAssign;bima_customerassign_date tersedia (durasi negatif di-clamp ke 0 = Comply);0,00;Comply
202605;TREG 2;BEKASI KARAWANG;BEKASI;PKY;create;48,00;CustomerAssign;bima_customerassign_date tersedia (durasi negatif di-clamp ke 0 = Comply);0,00;Comply
202605;TREG 3;BALI;DENPASAR UTARA;UBN;migrate;24,00;CustomerAssign;bima_customerassign_date tersedia (durasi negatif di-clamp ke 0 = Comply);5,96;Comply
202605;TREG 3;YOGYA JATENG SELATAN;PURBALINGGA;PBG;migrate;24,00;CustomerAssign;bima_customerassign_date tersedia (durasi negatif di-clamp ke 0 = Comply);0,00;Comply
202605;TREG 2;JAKARTA INNER;JAKBAR;CKG;create;48,00;CustomerAssign;bima_customerassign_date tersedia (durasi negatif di-clamp ke 0 = Comply);1,03;Comply
202605;TREG 3;YOGYA JATENG SELATAN;BANTUL;BTL;create;48,00;CustomerAssign;bima_customerassign_date tersedia (durasi negatif di-clamp ke 0 = Comply);0,00;Comply
202605;TREG 1;SUMBAR JAMBI;SUMBAR;ULK;create;48,00;CustomerAssign;bima_customerassign_date tersedia (durasi negatif di-clamp ke 0 = Comply);6,09;Comply
202605;TREG 3;JATIM TIMUR;SIDOARJO;SDA;migrate;24,00;CustomerAssign;bima_customerassign_date tersedia (durasi negatif di-clamp ke 0 = Comply);0,00;Comply
202605;TREG 2;BEKASI KARAWANG;BEKASI;BBL;migrate;24,00;CustomerAssign;bima_customerassign_date tersedia (durasi negatif di-clamp ke 0 = Comply);0,00;Comply
202605;TREG 2;JAKARTA INNER;JAKBAR;MRY;create;48,00;CustomerAssign;bima_customerassign_date tersedia (durasi negatif di-clamp ke 0 = Comply);54,32;Not Comply
202605;TREG 2;BEKASI KARAWANG;KARAWANG;KLI;create;48,00;CustomerAssign;bima_customerassign_date tersedia (durasi negatif di-clamp ke 0 = Comply);1,40;Comply
202605;TREG 1;RIAU;BANGKINANG;RBI;migrate;24,00;CustomerAssign;bima_customerassign_date tersedia (durasi negatif di-clamp ke 0 = Comply);0,00;Comply
202605;TREG 3;SURAMADU;SURABAYA SELATAN;WRU;migrate;24,00;CustomerAssign;bima_customerassign_date tersedia (durasi negatif di-clamp ke 0 = Comply);0,00;Comply
202605;TREG 2;JAKARTA CENTRUM;JAKUT;CIL;create;48,00;CustomerAssign;bima_customerassign_date tersedia (durasi negatif di-clamp ke 0 = Comply);0,00;Comply
202605;TREG 3;SURAMADU;SURABAYA SELATAN;GBG;create;48,00;CustomerAssign;bima_customerassign_date tersedia (durasi negatif di-clamp ke 0 = Comply);25,55;Comply
202605;TREG 2;PRIANGAN BARAT;DEPOK;SKJ;migrate;24,00;CustomerAssign;bima_customerassign_date tersedia (durasi negatif di-clamp ke 0 = Comply);97,55;Not Comply
202605;TREG 2;PRIANGAN BARAT;DEPOK;SKJ;create;48,00;CustomerAssign;bima_customerassign_date tersedia (durasi negatif di-clamp ke 0 = Comply);23,64;Comply
202605;TREG 3;BALI;DENPASAR CENTRUM;KLM;create;48,00;CustomerAssign;bima_customerassign_date tersedia (durasi negatif di-clamp ke 0 = Comply);1.199,90;Not Comply
202605;TREG 2;JAKARTA CENTRUM;JAKUT;STR;create;48,00;CustomerAssign;bima_customerassign_date tersedia (durasi negatif di-clamp ke 0 = Comply);0,00;Comply
202605;TREG 2;JAKARTA OUTER;JAKSEL;JAG;create;48,00;CustomerAssign;bima_customerassign_date tersedia (durasi negatif di-clamp ke 0 = Comply);0,00;Comply
202605;TREG 5;SULBAGSEL;KENDARI;KDR;migrate;24,00;CustomerAssign;bima_customerassign_date tersedia (durasi negatif di-clamp ke 0 = Comply);0,00;Comply
202605;TREG 2;BANTEN;LENGKONG;LKG;migrate;24,00;CustomerAssign;bima_customerassign_date tersedia (durasi negatif di-clamp ke 0 = Comply);7,03;Comply
202605;TREG 5;SUMALUT;MENADO;MDO;create;48,00;CustomerAssign;bima_customerassign_date tersedia (durasi negatif di-clamp ke 0 = Comply);0,00;Comply
202605;TREG 2;JAKARTA OUTER;JAKTIM;GAN;create;48,00;CustomerAssign;bima_customerassign_date tersedia (durasi negatif di-clamp ke 0 = Comply);103,15;Not Comply
202605;TREG 3;SOLO JATENG TIMUR;SOLO;KTO;create;48,00;CustomerAssign;bima_customerassign_date tersedia (durasi negatif di-clamp ke 0 = Comply);0,00;Comply
202605;TREG 2;PRIANGAN TIMUR;CIREBON;CBN;create;48,00;CustomerAssign;bima_customerassign_date tersedia (durasi negatif di-clamp ke 0 = Comply);7,38;Comply
202605;TREG 3;SOLO JATENG TIMUR;SOLO;KTO;migrate;24,00;CustomerAssign;bima_customerassign_date tersedia (durasi negatif di-clamp ke 0 = Comply);0,43;Comply
202605;TREG 3;SOLO JATENG TIMUR;SOLO;GLD;migrate;24,00;CustomerAssign;bima_customerassign_date tersedia (durasi negatif di-clamp ke 0 = Comply);31,45;Not Comply
202605;TREG 2;JAKARTA OUTER;JAKSEL;CPE;migrate;24,00;CustomerAssign;bima_customerassign_date tersedia (durasi negatif di-clamp ke 0 = Comply);0,54;Comply
202605;TREG 1;RIAU;RIDAR;PBB;migrate;24,00;CustomerAssign;bima_customerassign_date tersedia (durasi negatif di-clamp ke 0 = Comply);0,00;Comply
202605;TREG 2;PRIANGAN BARAT;KUJANG;PAG;migrate;24,00;CustomerAssign;bima_customerassign_date tersedia (durasi negatif di-clamp ke 0 = Comply);26,60;Not Comply
202605;TREG 2;JAKARTA CENTRUM;JAKUT;TPR;migrate;24,00;CustomerAssign;bima_customerassign_date tersedia (durasi negatif di-clamp ke 0 = Comply);7,62;Comply
202605;TREG 2;BANTEN;BANTEN;SEG;migrate;24,00;CustomerAssign;bima_customerassign_date tersedia (durasi negatif di-clamp ke 0 = Comply);192,63;Not Comply
202605;TREG 3;YOGYA JATENG SELATAN;SLEMAN;KLS;migrate;24,00;CustomerAssign;bima_customerassign_date tersedia (durasi negatif di-clamp ke 0 = Comply);0,00;Comply
202605;TREG 2;JAKARTA OUTER;JAKSEL;KBY;migrate;24,00;CustomerAssign;bima_customerassign_date tersedia (durasi negatif di-clamp ke 0 = Comply);0,67;Comply
202605;TREG 3;BALI;DENPASAR UTARA;UBN;migrate;24,00;CustomerAssign;bima_customerassign_date tersedia (durasi negatif di-clamp ke 0 = Comply);31,70;Not Comply
202605;TREG 2;PRIANGAN BARAT;SENTUL;CSR;migrate;24,00;CustomerAssign;bima_customerassign_date tersedia (durasi negatif di-clamp ke 0 = Comply);2,75;Comply
202605;TREG 2;JAKARTA OUTER;JAKTIM;KLD;migrate;24,00;CustomerAssign;bima_customerassign_date tersedia (durasi negatif di-clamp ke 0 = Comply);7,76;Comply
202605;TREG 3;SEMARANG JATENG UTARA;UNGARAN;UNR;migrate;24,00;CustomerAssign;bima_customerassign_date tersedia (durasi negatif di-clamp ke 0 = Comply);2,77;Comply
202605;TREG 1;SUMUT;SIBOLGA;SBG;migrate;24,00;CustomerAssign;bima_customerassign_date tersedia (durasi negatif di-clamp ke 0 = Comply);31,79;Not Comply
202605;TREG 1;SUMUT;PADANG SIDEMPUAN;PSP;migrate;24,00;CustomerAssign;bima_customerassign_date tersedia (durasi negatif di-clamp ke 0 = Comply);288,79;Not Comply
202605;TREG 2;JAKARTA OUTER;JAKSEL;JAG;migrate;24,00;CustomerAssign;bima_customerassign_date tersedia (durasi negatif di-clamp ke 0 = Comply);26,79;Not Comply
202605;TREG 2;BANTEN;CIPUTAT;CLD;migrate;24,00;CustomerAssign;bima_customerassign_date tersedia (durasi negatif di-clamp ke 0 = Comply);31,80;Not Comply
202605;TREG 3;SURAMADU;GRESIK;GSK;migrate;24,00;CustomerAssign;bima_customerassign_date tersedia (durasi negatif di-clamp ke 0 = Comply);53,87;Not Comply
202605;TREG 2;BANTEN;LENGKONG;LKG;migrate;24,00;CustomerAssign;bima_customerassign_date tersedia (durasi negatif di-clamp ke 0 = Comply);0,00;Comply
202605;TREG 2;BANDUNG;PADALARANG;LEM;create;48,00;CustomerAssign;bima_customerassign_date tersedia (durasi negatif di-clamp ke 0 = Comply);0,00;Comply
202605;TREG 2;BEKASI KARAWANG;CIKARANG;SUE;create;48,00;CustomerAssign;bima_customerassign_date tersedia (durasi negatif di-clamp ke 0 = Comply);3,00;Comply
202605;TREG 2;BANDUNG;SOREANG;BJA;migrate;24,00;CustomerAssign;bima_customerassign_date tersedia (durasi negatif di-clamp ke 0 = Comply);8,06;Comply
202605;TREG 2;JAKARTA INNER;JAKBAR;MRY;create;48,00;CustomerAssign;bima_customerassign_date tersedia (durasi negatif di-clamp ke 0 = Comply);1,07;Comply
202605;TREG 2;JAKARTA INNER;JAKBAR;KDY;create;48,00;CustomerAssign;bima_customerassign_date tersedia (durasi negatif di-clamp ke 0 = Comply);0,00;Comply
202605;TREG 5;SULBAGSEL;PALOPO;PLP;migrate;24,00;CustomerAssign;bima_customerassign_date tersedia (durasi negatif di-clamp ke 0 = Comply);50,12;Not Comply
202605;TREG 1;LAMPUNG BENGKULU;LAMPUNG;KDT;create;48,00;CustomerAssign;bima_customerassign_date tersedia (durasi negatif di-clamp ke 0 = Comply);3,17;Comply
202605;TREG 2;BANTEN;LENGKONG;LKG;migrate;24,00;CustomerAssign;bima_customerassign_date tersedia (durasi negatif di-clamp ke 0 = Comply);3,49;Comply
202605;TREG 2;PRIANGAN TIMUR;INDRAMAYU;IMY;migrate;24,00;CustomerAssign;bima_customerassign_date tersedia (durasi negatif di-clamp ke 0 = Comply);25,53;Not Comply
202605;TREG 2;BANTEN;LENGKONG;CUG;migrate;24,00;CustomerAssign;bima_customerassign_date tersedia (durasi negatif di-clamp ke 0 = Comply);27,58;Not Comply
202605;TREG 3;JATIM BARAT;BATU;BTU;migrate;24,00;CustomerAssign;bima_customerassign_date tersedia (durasi negatif di-clamp ke 0 = Comply);0,00;Comply
202605;TREG 2;PRIANGAN BARAT;DEPOK;CSL;create;48,00;CustomerAssign;bima_customerassign_date tersedia (durasi negatif di-clamp ke 0 = Comply);3,70;Comply
202605;TREG 5;SULBAGSEL;KOLAKA;KKA;migrate;24,00;CustomerAssign;bima_customerassign_date tersedia (durasi negatif di-clamp ke 0 = Comply);30,72;Not Comply
202605;TREG 2;BANTEN;PASAR BARU;CPD;create;48,00;CustomerAssign;bima_customerassign_date tersedia (durasi negatif di-clamp ke 0 = Comply);8,73;Comply
202605;TREG 1;SUMBAR JAMBI;SUMBAR;PDC;migrate;24,00;CustomerAssign;bima_customerassign_date tersedia (durasi negatif di-clamp ke 0 = Comply);0,00;Comply
202605;TREG 2;JAKARTA OUTER;JAKSEL;KBY;migrate;24,00;CustomerAssign;bima_customerassign_date tersedia (durasi negatif di-clamp ke 0 = Comply);0,00;Comply
202605;TREG 4;KALSELTENG;BANJARMASIN;ULI;migrate;24,00;CustomerAssign;bima_customerassign_date tersedia (durasi negatif di-clamp ke 0 = Comply);0,00;Comply
202605;TREG 3;JATIM TIMUR;MOJOKERTO;MRT;create;48,00;CustomerAssign;bima_customerassign_date tersedia (durasi negatif di-clamp ke 0 = Comply);3,93;Comply
202605;TREG 1;LAMPUNG BENGKULU;LAMPUNG;KDT;migrate;24,00;CustomerAssign;bima_customerassign_date tersedia (durasi negatif di-clamp ke 0 = Comply);27,96;Not Comply
202605;TREG 1;LAMPUNG BENGKULU;LAMPUNG;TJK;migrate;24,00;CustomerAssign;bima_customerassign_date tersedia (durasi negatif di-clamp ke 0 = Comply);0,00;Comply
202605;TREG 3;JATIM TIMUR;MOJOKERTO;MRT;create;48,00;CustomerAssign;bima_customerassign_date tersedia (durasi negatif di-clamp ke 0 = Comply);0,00;Comply
202605;TREG 2;PRIANGAN BARAT;KUJANG;JSA;create;48,00;CustomerAssign;bima_customerassign_date tersedia (durasi negatif di-clamp ke 0 = Comply);0,00;Comply
202605;TREG 2;JAKARTA OUTER;JAKTIM;PGB;migrate;24,00;CustomerAssign;bima_customerassign_date tersedia (durasi negatif di-clamp ke 0 = Comply);50,34;Not Comply
202605;TREG 3;SEMARANG JATENG UTARA;SEMARANG;MJP;migrate;24,00;CustomerAssign;bima_customerassign_date tersedia (durasi negatif di-clamp ke 0 = Comply);0,00;Comply
202605;TREG 3;SURAMADU;SURABAYA UTARA;KJR;migrate;24,00;CustomerAssign;bima_customerassign_date tersedia (durasi negatif di-clamp ke 0 = Comply);26,40;Not Comply
202605;TREG 2;JAKARTA OUTER;JAKTIM;RMG;migrate;24,00;CustomerAssign;bima_customerassign_date tersedia (durasi negatif di-clamp ke 0 = Comply);0,00;Comply
202605;TREG 2;BANDUNG;SUMEDANG;CJA;migrate;24,00;CustomerAssign;bima_customerassign_date tersedia (durasi negatif di-clamp ke 0 = Comply);9,44;Comply
202605;TREG 1;SUMBAGSEL;LUBUK LINGGAU;PGA;create;48,00;CustomerAssign;bima_customerassign_date tersedia (durasi negatif di-clamp ke 0 = Comply);321,52;Not Comply
202605;TREG 2;JAKARTA CENTRUM;JAKUT;TPR;create;48,00;CustomerAssign;bima_customerassign_date tersedia (durasi negatif di-clamp ke 0 = Comply);0,00;Comply
202605;TREG 3;SURAMADU;LAMONGAN;LMG;migrate;24,00;CustomerAssign;bima_customerassign_date tersedia (durasi negatif di-clamp ke 0 = Comply);31,58;Not Comply
202605;TREG 3;YOGYA JATENG SELATAN;YOGYAKARTA;KBU;migrate;24,00;CustomerAssign;bima_customerassign_date tersedia (durasi negatif di-clamp ke 0 = Comply);0,00;Comply
202605;TREG 2;JAKARTA OUTER;JAKTIM;KRG;create;48,00;CustomerAssign;bima_customerassign_date tersedia (durasi negatif di-clamp ke 0 = Comply);9,62;Comply
202605;TREG 2;BANTEN;PASAR BARU;TAN;migrate;24,00;CustomerAssign;bima_customerassign_date tersedia (durasi negatif di-clamp ke 0 = Comply);4,67;Comply
202605;TREG 2;JAKARTA OUTER;JAKTIM;KLD;migrate;24,00;CustomerAssign;bima_customerassign_date tersedia (durasi negatif di-clamp ke 0 = Comply);9,71;Comply
202605;TREG 2;BEKASI KARAWANG;BEKASI;KRA;migrate;24,00;CustomerAssign;bima_customerassign_date tersedia (durasi negatif di-clamp ke 0 = Comply);0,00;Comply
202605;TREG 2;JAKARTA OUTER;JAKTIM;JTN;migrate;24,00;CustomerAssign;bima_customerassign_date tersedia (durasi negatif di-clamp ke 0 = Comply);0,00;Comply
202605;TREG 2;PRIANGAN BARAT;KUJANG;BOO;create;48,00;CustomerAssign;bima_customerassign_date tersedia (durasi negatif di-clamp ke 0 = Comply);33,82;Comply
202605;TREG 2;BEKASI KARAWANG;BEKASI;KLB;create;48,00;CustomerAssign;bima_customerassign_date tersedia (durasi negatif di-clamp ke 0 = Comply);0,00;Comply
202605;TREG 3;SEMARANG JATENG UTARA;SEMARANG;MJP;migrate;24,00;CustomerAssign;bima_customerassign_date tersedia (durasi negatif di-clamp ke 0 = Comply);0,00;Comply
202605;TREG 1;SUMBAR JAMBI;BUKIT TINGGI;SPE;migrate;24,00;CustomerAssign;bima_customerassign_date tersedia (durasi negatif di-clamp ke 0 = Comply);10,06;Comply
202605;TREG 3;JATIM BARAT;BATU;KPO;migrate;24,00;CustomerAssign;bima_customerassign_date tersedia (durasi negatif di-clamp ke 0 = Comply);3,13;Comply
202605;TREG 2;BANTEN;CIPUTAT;PKU;migrate;24,00;CustomerAssign;bima_customerassign_date tersedia (durasi negatif di-clamp ke 0 = Comply);0,00;Comply
202605;TREG 3;JATIM TIMUR;BANYUWANGI;BWG;migrate;24,00;CustomerAssign;bima_customerassign_date tersedia (durasi negatif di-clamp ke 0 = Comply);5,28;Comply
202605;TREG 2;BEKASI KARAWANG;BEKASI;PKY;migrate;24,00;CustomerAssign;bima_customerassign_date tersedia (durasi negatif di-clamp ke 0 = Comply);82,48;Not Comply
202605;TREG 2;BEKASI KARAWANG;BEKASI;PKY;migrate;24,00;CustomerAssign;bima_customerassign_date tersedia (durasi negatif di-clamp ke 0 = Comply);34,55;Not Comply
202605;TREG 3;SURAMADU;BANGKALAN;KML;create;48,00;CustomerAssign;bima_customerassign_date tersedia (durasi negatif di-clamp ke 0 = Comply);0,00;Comply
202605;TREG 4;KALBAR;PONTIANAK;SRY;migrate;24,00;CustomerAssign;bima_customerassign_date tersedia (durasi negatif di-clamp ke 0 = Comply);53,64;Not Comply
202605;TREG 2;JAKARTA OUTER;JAKSEL;JAG;migrate;24,00;CustomerAssign;bima_customerassign_date tersedia (durasi negatif di-clamp ke 0 = Comply);0,00;Comply
202605;TREG 2;BANDUNG;SUMEDANG;UBR;migrate;24,00;CustomerAssign;bima_customerassign_date tersedia (durasi negatif di-clamp ke 0 = Comply);0,00;Comply
202605;TREG 3;JATIM TIMUR;SIDOARJO;SPJ;migrate;24,00;CustomerAssign;bima_customerassign_date tersedia (durasi negatif di-clamp ke 0 = Comply);27,78;Not Comply
202605;TREG 3;SURAMADU;LAMONGAN;LMG;migrate;24,00;CustomerAssign;bima_customerassign_date tersedia (durasi negatif di-clamp ke 0 = Comply);80,89;Not Comply
202605;TREG 4;KALTIMTARA;TARAKAN;TRK;migrate;24,00;CustomerAssign;bima_customerassign_date tersedia (durasi negatif di-clamp ke 0 = Comply);0,00;Comply
202605;TREG 2;BANTEN;LENGKONG;SRP;migrate;24,00;CustomerAssign;bima_customerassign_date tersedia (durasi negatif di-clamp ke 0 = Comply);29,96;Not Comply
202605;TREG 2;PRIANGAN BARAT;DEPOK;SKJ;create;48,00;CustomerAssign;bima_customerassign_date tersedia (durasi negatif di-clamp ke 0 = Comply);4,08;Comply
202605;TREG 2;PRIANGAN BARAT;SENTUL;KHL;migrate;24,00;CustomerAssign;bima_customerassign_date tersedia (durasi negatif di-clamp ke 0 = Comply);59,14;Not Comply
202605;TREG 2;BEKASI KARAWANG;BEKASI;PKY;migrate;24,00;CustomerAssign;bima_customerassign_date tersedia (durasi negatif di-clamp ke 0 = Comply);6,15;Comply
202605;TREG 2;PRIANGAN BARAT;DEPOK;DEP;migrate;24,00;CustomerAssign;bima_customerassign_date tersedia (durasi negatif di-clamp ke 0 = Comply);0,00;Comply
202605;TREG 2;BEKASI KARAWANG;BEKASI;PKY;migrate;24,00;CustomerAssign;bima_customerassign_date tersedia (durasi negatif di-clamp ke 0 = Comply);59,18;Not Comply
202605;TREG 2;JAKARTA OUTER;JAKSEL;KAL;migrate;24,00;CustomerAssign;bima_customerassign_date tersedia (durasi negatif di-clamp ke 0 = Comply);0,00;Comply
202605;TREG 4;KALTIMTARA;BULUNGAN BERAU;TBY;create;48,00;CustomerAssign;bima_customerassign_date tersedia (durasi negatif di-clamp ke 0 = Comply);0,00;Comply
202605;TREG 2;BANTEN;BANTEN;CKD;migrate;24,00;CustomerAssign;bima_customerassign_date tersedia (durasi negatif di-clamp ke 0 = Comply);54,35;Not Comply
202605;TREG 2;JAKARTA OUTER;JAKTIM;GAN;migrate;24,00;CustomerAssign;bima_customerassign_date tersedia (durasi negatif di-clamp ke 0 = Comply);11,40;Comply
202605;TREG 5;SULBAGSEL;PALOPO;PLP;migrate;24,00;CustomerAssign;bima_customerassign_date tersedia (durasi negatif di-clamp ke 0 = Comply);59,46;Not Comply
202605;TREG 2;JAKARTA OUTER;JAKTIM;KRG;migrate;24,00;CustomerAssign;bima_customerassign_date tersedia (durasi negatif di-clamp ke 0 = Comply);371,49;Not Comply
202605;TREG 5;SULBAGSEL;SITOR;ENR;migrate;24,00;CustomerAssign;bima_customerassign_date tersedia (durasi negatif di-clamp ke 0 = Comply);198,53;Not Comply
202605;TREG 2;BANTEN;PASAR BARU;PSK;migrate;24,00;CustomerAssign;bima_customerassign_date tersedia (durasi negatif di-clamp ke 0 = Comply);35,57;Not Comply
202605;TREG 1;SUMUT;MEDAN;CTD;migrate;24,00;CustomerAssign;bima_customerassign_date tersedia (durasi negatif di-clamp ke 0 = Comply);0,00;Comply
202605;TREG 3;BALI;DENPASAR CENTRUM;KLM;migrate;24,00;CustomerAssign;bima_customerassign_date tersedia (durasi negatif di-clamp ke 0 = Comply);6,74;Comply
202605;TREG 2;JAKARTA INNER;JAKBAR;MRY;migrate;24,00;CustomerAssign;bima_customerassign_date tersedia (durasi negatif di-clamp ke 0 = Comply);0,00;Comply
202605;TREG 2;JAKARTA CENTRUM;JAKPUS;GBI;migrate;24,00;CustomerAssign;bima_customerassign_date tersedia (durasi negatif di-clamp ke 0 = Comply);6,87;Comply
202605;TREG 2;BEKASI KARAWANG;BEKASI;PKY;migrate;24,00;CustomerAssign;bima_customerassign_date tersedia (durasi negatif di-clamp ke 0 = Comply);6,87;Comply
202605;TREG 2;JAKARTA OUTER;JAKTIM;JTN;migrate;24,00;CustomerAssign;bima_customerassign_date tersedia (durasi negatif di-clamp ke 0 = Comply);6,99;Comply
202605;TREG 4;KALSELTENG;TANJUNG TABALONG;BRI;migrate;24,00;CustomerAssign;bima_customerassign_date tersedia (durasi negatif di-clamp ke 0 = Comply);12,02;Comply
202605;TREG 3;SURAMADU;SURABAYA SELATAN;MYR;migrate;24,00;CustomerAssign;bima_customerassign_date tersedia (durasi negatif di-clamp ke 0 = Comply);0,00;Comply
202605;TREG 2;BANTEN;CIPUTAT;CLD;migrate;24,00;CustomerAssign;bima_customerassign_date tersedia (durasi negatif di-clamp ke 0 = Comply);0,00;Comply
202605;TREG 1;RIAU;BANGKINANG;PKR;migrate;24,00;CustomerAssign;bima_customerassign_date tersedia (durasi negatif di-clamp ke 0 = Comply);60,17;Not Comply
202605;TREG 3;SOLO JATENG TIMUR;PATI;PAT;migrate;24,00;CustomerAssign;bima_customerassign_date tersedia (durasi negatif di-clamp ke 0 = Comply);7,24;Comply
202605;TREG 3;BALI;DENPASAR SELATAN;KUT;migrate;24,00;CustomerAssign;bima_customerassign_date tersedia (durasi negatif di-clamp ke 0 = Comply);7,25;Comply
202605;TREG 2;BANDUNG;BANDUNG;LBG;migrate;24,00;CustomerAssign;bima_customerassign_date tersedia (durasi negatif di-clamp ke 0 = Comply);0,00;Comply
202605;TREG 2;BANTEN;PASAR BARU;TAN;migrate;24,00;CustomerAssign;bima_customerassign_date tersedia (durasi negatif di-clamp ke 0 = Comply);0,00;Comply
202605;TREG 2;BANTEN;CIPUTAT;CLD;migrate;24,00;CustomerAssign;bima_customerassign_date tersedia (durasi negatif di-clamp ke 0 = Comply);0,00;Comply
202605;TREG 2;JAKARTA OUTER;JAKTIM;CWA;migrate;24,00;CustomerAssign;bima_customerassign_date tersedia (durasi negatif di-clamp ke 0 = Comply);6,30;Comply
202605;TREG 2;JAKARTA CENTRUM;JAKPUS;CPP;migrate;24,00;CustomerAssign;bima_customerassign_date tersedia (durasi negatif di-clamp ke 0 = Comply);0,00;Comply
202605;TREG 3;BALI;DENPASAR CENTRUM;KLM;migrate;24,00;CustomerAssign;bima_customerassign_date tersedia (durasi negatif di-clamp ke 0 = Comply);61,78;Not Comply
202605;TREG 2;PRIANGAN BARAT;DEPOK;PCM;create;48,00;CustomerAssign;bima_customerassign_date tersedia (durasi negatif di-clamp ke 0 = Comply);8,80;Comply
202605;TREG 2;JAKARTA OUTER;JAKSEL;KAL;create;48,00;CustomerAssign;bima_customerassign_date tersedia (durasi negatif di-clamp ke 0 = Comply);0,00;Comply
