Periode;Area;Witel;Branch;STO;Order_ID;Flag_Exclude;SLA_Status;Duration_Hours
202609;AREA 1;SUMBAGUT;WESTERN MEDAN;MKL;AOk426063009485334054dd20;1;Anomaly;
202609;AREA 4;SULAWESI;KENDARI;MDG;AOi4260630071035772576580;0;Anomaly;
202609;AREA 1;SUMBAGUT;CENTRAL MEDAN;SKI;AOk4260630050031043a4dff0;0;Anomaly;
202609;AREA 4;MALUKU DAN PAPUA;SORONG;SON;AOi42607010934368253735e0;1;Anomaly;
202609;AREA 3;BALI NUSRA;MATARAM;MTR;AOk4260701074117820429ae0;1;Anomaly;
202609;AREA 3;JATIM;SURABAYA;JGR;AOi426063003064442774f400;0;Anomaly;
202609;AREA 2;CENTRAL JABOTABEK;NORTHERN JAKARTA;TPR;AOb026063009255164589e940;1;Anomaly;
202609;AREA 1;SUMBAGTENG;PADANG;TLB;AOi1260630054214854141ad0;1;Anomaly;
202609;AREA 2;WESTERN JABOTABEK;TANGERANG;CPA;AOs32606300936164788819d0;0;Anomaly;
202609;AREA 2;EASTERN JABOTABEK;KARAWANG;SUE;AOs32607010829166490dbd60;1;Anomaly;
202609;AREA 4;SULAWESI;MANADO;LAN;AOi42607010245069090990f0;1;Anomaly;
202609;AREA 2;CENTRAL JABOTABEK;NORTHERN JAKARTA;CIL;AOi4260630114846002ac9990;0;Anomaly;
202609;AREA 4;KALIMANTAN;BALIKPAPAN;KTB;AOs32606301041575820c01b0;0;Anomaly;
202609;AREA 1;SUMBAGTENG;BATAM;BTC;AOi4260701081430749a73640;1;Anomaly;
202609;AREA 4;MALUKU DAN PAPUA;AMBON;ABO;AOk4260701104915581419540;1;Anomaly;
202609;AREA 1;SUMBAGUT;PEMATANG SIANTAR;BLG;AOi426070101373274990f280;0;Anomaly;
202609;AREA 3;JATENG-DIY;SURAKARTA;MSO;AOk4260701115001074ad4f30;1;Anomaly;
202609;AREA 3;BALI NUSRA;KUPANG;BEN;AOi4260630095352134c4c7f0;0;Anomaly;
202609;AREA 3;JATIM;SURABAYA;MGO;AOk42606300251100625d96f0;1;Anomaly;
202609;AREA 4;KALIMANTAN;BANJARMASIN;RTA;AOk42606291021302541d0f30;1;Anomaly;
202609;AREA 4;SULAWESI;MANADO;LAN;AOi42606290601302738992b0;0;Anomaly;
202609;AREA 4;KALIMANTAN;SAMARINDA;STT;AOk4260701092759033978650;0;Anomaly;
202609;AREA 4;SULAWESI;MAKASSAR;PKN;AOi426062907580223316e900;1;Anomaly;
202609;AREA 3;JATENG-DIY;PURWOKERTO;GML;AOi42606290710565524d1430;0;Anomaly;
202609;AREA 4;SULAWESI;MANADO;TNT;AOs3260701014730306d53b80;1;Anomaly;
202609;AREA 1;SUMBAGUT;BANDA ACEH;MBO;AOi42607010759138224625b0;1;Anomaly;
202609;AREA 1;SUMBAGUT;CENTRAL MEDAN;TJR;AOs3260701121732591a79420;1;Anomaly;
202609;AREA 2;EASTERN JABOTABEK;BOGOR;TJO;AOi4260701124704941506480;0;Anomaly;
202609;AREA 3;JATENG-DIY;PEKALONGAN;KDW;AOi4260701122911285cb1710;0;Anomaly;
202609;AREA 2;JABAR;BANDUNG;CJA;AOi426070109563412658b640;1;Anomaly;
202609;AREA 4;KALIMANTAN;BALIKPAPAN;MJW;AOk4260630092429564cdc6d0;0;Anomaly;
202609;AREA 1;SUMBAGTENG;BUKIT TINGGI;UGD;AOi4260701043550774792040;0;Anomaly;
202609;AREA 1;SUMBAGSEL;BENGKULU;AGR;AOi42607011212330839d8580;1;Anomaly;
202609;AREA 1;SUMBAGUT;CENTRAL MEDAN;MDC;AOi4260701104919211a0be50;1;Anomaly;
202609;AREA 1;SUMBAGSEL;PANGKAL PINANG;MGR;AOi4260702043922196f7a740;1;Anomaly;
202609;AREA 1;SUMBAGUT;RANTAU PRAPAT;RAP;AOi4260702014133520dc3670;1;Anomaly;
202609;AREA 2;EASTERN JABOTABEK;KARAWANG;SUE;AOi12607011217220805797b0;1;Anomaly;
202609;AREA 2;CENTRAL JABOTABEK;SOUTHERN JAKARTA;KRG;AOi42606260722332315ed9e0;1;Anomaly;
202609;AREA 1;SUMBAGTENG;BATAM;BTC;AOi426070212351669631f4d0;1;Anomaly;
202609;AREA 2;EASTERN JABOTABEK;BEKASI;SKJ;AOi4260702114819353c9bc00;1;Anomaly;
202609;AREA 4;SULAWESI;PALU;PLA;PDAk426062910453381958f2d0;1;Anomaly;
202609;AREA 1;SUMBAGSEL;LAMPUNG;MGA;AOi4260630015044902b05f10;1;Anomaly;
202609;AREA 1;SUMBAGUT;CENTRAL MEDAN;CTD;AOi426070107313860643e7d0;0;Anomaly;
202609;AREA 3;BALI NUSRA;DENPASAR;KLM;AOi4260701063703371a07300;1;Anomaly;
202609;AREA 4;SULAWESI;BONE;BTN;AOi426070101532383044bca0;1;Anomaly;
202609;AREA 1;SUMBAGUT;CENTRAL MEDAN;CTD;AOi42606300254557917893d0;0;Anomaly;
202609;AREA 3;BALI NUSRA;DENPASAR;SAU;AOi12606300817000237da5e0;1;Anomaly;
202609;AREA 2;WESTERN JABOTABEK;SERANG;LGK;AOi12606300813039405353b0;0;Anomaly;
202609;AREA 3;JATENG-DIY;SEMARANG;BOJ;AOk42607021212191690789c0;1;Anomaly;
202609;AREA 4;KALIMANTAN;SAMARINDA;STT;AOi12606290302345667d95f0;1;Anomaly;
202609;AREA 4;SULAWESI;MAKASSAR;ANT;AOk4260701032647064af23c0;0;Anomaly;
202609;AREA 1;SUMBAGUT;CENTRAL MEDAN;DLT;AOi4260701101229712b2b350;1;Anomaly;
202609;AREA 1;SUMBAGUT;RANTAU PRAPAT;ANR;AOi4260701115956287e6f8d0;1;Anomaly;
202609;AREA 1;SUMBAGUT;CENTRAL MEDAN;TMU;AOk4260630060735249cb7520;0;Anomaly;
202609;AREA 4;KALIMANTAN;BALIKPAPAN;MGG;PDAk4260630041055959b39410;0;Anomaly;
202609;AREA 1;SUMBAGUT;CENTRAL MEDAN;TJR;AOi4260701050936210ab5420;0;Anomaly;
202609;AREA 3;JATENG-DIY;SEMARANG;JWN;AOi4260701124307841803910;1;Anomaly;
202609;AREA 4;KALIMANTAN;SAMARINDA;SBR;AOi426070101171412405c4f0;0;Anomaly;
202609;AREA 4;SULAWESI;BONE;CGI;AOi4260702090256876c44d80;0;Anomaly;
202609;AREA 2;JABAR;SOREANG;BJA;AOs3260703020721038496100;1;Anomaly;
202609;AREA 4;SULAWESI;KENDARI;BBU;AOk4260630041436791d93460;0;Anomaly;
202609;AREA 2;EASTERN JABOTABEK;BEKASI;PKY;AOi42607021051002949323f0;1;Anomaly;
202609;AREA 3;BALI NUSRA;KUPANG;KPN;AOi4260701102131514416360;0;Anomaly;
202609;AREA 4;SULAWESI;KENDARI;MDG;AOk4260701024541900a57d00;1;Anomaly;
202609;AREA 1;SUMBAGSEL;LAMPUNG;TKB;AOs32607010102164676056d0;0;Anomaly;
202609;AREA 2;WESTERN JABOTABEK;TANGERANG;PDR;AOk4260702112908080624020;1;Anomaly;
202609;AREA 2;JABAR;CIREBON;IMY;AOk42607031014155624510e0;1;Anomaly;
202609;AREA 3;JATENG-DIY;YOGYAKARTA;KBU;AOs3260630070239192ed2b80;1;Anomaly;
202609;AREA 4;SULAWESI;PALU;LWU;AOi4260701123425999e732b0;0;Anomaly;
202609;AREA 3;BALI NUSRA;MATARAM;BIM;AOk4260701023845877e256c0;0;Anomaly;
202609;AREA 3;BALI NUSRA;MATARAM;SBW;AOi4260702052211176640e60;1;Anomaly;
202609;AREA 4;SULAWESI;MANADO;SFI;AOi426070311464366428cdf0;1;Anomaly;
202609;AREA 4;SULAWESI;KENDARI;KKA;AOs3260701102808636ea6d20;0;Anomaly;
202609;AREA 3;JATIM;SURABAYA;MGO;AOi4260702010130248191650;1;Anomaly;
202609;AREA 3;JATIM;SURABAYA;PME;AOi42607021149414012acd00;1;Anomaly;
202609;AREA 1;SUMBAGTENG;BATAM;LBJ;AOi12607010107357590e35f0;1;Anomaly;
202609;AREA 2;JABAR;CIREBON;JCG;AOi4260702051749457a05230;1;Anomaly;
202609;AREA 4;KALIMANTAN;BALIKPAPAN;TGG;AOi4260630041129441c08ce0;0;Anomaly;
202609;AREA 2;WESTERN JABOTABEK;TANGERANG;CLD;AOi4260701053828990236b00;0;Anomaly;
202609;AREA 2;CENTRAL JABOTABEK;NORTHERN JAKARTA;TGA;AOs3260630102155748735b90;1;Anomaly;
202609;AREA 2;WESTERN JABOTABEK;SERANG;PSK;AOi42607020835068019fe7f0;1;Anomaly;
202609;AREA 2;CENTRAL JABOTABEK;NORTHERN JAKARTA;TGA;AOs3260630102155748735b90;1;Anomaly;
202609;AREA 2;CENTRAL JABOTABEK;SOUTHERN JAKARTA;BIN;AOs32607030806375550179e0;0;Anomaly;
202609;AREA 4;SULAWESI;GORONTALO;KWD;AOi42607021003509885ad380;1;Anomaly;
202609;AREA 3;JATENG-DIY;SURAKARTA;KTO;AOi4260628052800834492d90;1;Anomaly;
202609;AREA 1;SUMBAGUT;PEMATANG SIANTAR;TBT;PDAk426070201263943046f5f0;0;Anomaly;
202609;AREA 3;JATIM;SIDOARJO;TPO;AOi42607010936476924c9160;1;Anomaly;
202609;AREA 3;JATENG-DIY;SEMARANG;SMT;AOk4260702015323972c222d0;0;Anomaly;
202609;AREA 1;SUMBAGTENG;BUKIT TINGGI;PDJ;AOi42607010118511294574c0;0;Anomaly;
202609;AREA 1;SUMBAGSEL;PALEMBANG;PDT;AOi4260703034131582e84c40;1;Anomaly;
202609;AREA 4;SULAWESI;MAKASSAR;MAR;AOi12607010307444875e9f20;0;Anomaly;
202609;AREA 1;SUMBAGUT;BANDA ACEH;DAR;AOk4260702114222951d1fd40;0;Anomaly;
202609;AREA 1;SUMBAGSEL;PANGKAL PINANG;PGP;AOi42607031022013326263f0;0;Anomaly;
202609;AREA 1;SUMBAGSEL;LAMPUNG;KDT;AOi42607010553384915ca840;1;Anomaly;
202609;AREA 1;SUMBAGSEL;LAMPUNG;LAM;AOi42607020251577930fa500;1;Anomaly;
202609;AREA 1;SUMBAGUT;RANTAU PRAPAT;ANR;AOi426070312185328689de70;1;Anomaly;
202609;AREA 1;SUMBAGUT;CENTRAL MEDAN;SKI;AOk4260630050031043a4dff0;0;Anomaly;
202609;AREA 2;JABAR;BANDUNG;CMI;AOi426070205050221998d2d0;1;Anomaly;
202609;AREA 4;SULAWESI;MANADO;SFI;AOi4260702102853660367e70;1;Anomaly;
202609;AREA 4;SULAWESI;MAKASSAR;TMA;AOk4260702102623996a7b950;1;Anomaly;
202609;AREA 4;SULAWESI;PARE-PARE;MAJ;AOk426063002053183689d6a0;1;Anomaly;
202609;AREA 3;JATIM;SURABAYA;JGR;AOi1260704104822904e280f0;0;Comply;-15,03
202609;AREA 1;SUMBAGTENG;PEKANBARU;RBI;AOi4260703082712801ac5af0;1;Anomaly;
202609;AREA 1;SUMBAGSEL;LAMPUNG;TJK;AOi1260703073703423d57060;1;Anomaly;
202609;AREA 2;JABAR;BANDUNG;LBG;AOi42607020255286405a3870;1;Anomaly;
202609;AREA 2;CENTRAL JABOTABEK;SOUTHERN JAKARTA;KAL;AOi126062908594054658d280;0;Anomaly;
202609;AREA 2;CENTRAL JABOTABEK;SOUTHERN JAKARTA;KLD;AOi426070301232209044ab20;0;Anomaly;
202609;AREA 1;SUMBAGUT;CENTRAL MEDAN;TJR;AOi4260701030659028bed960;0;Anomaly;
202609;AREA 4;KALIMANTAN;SAMARINDA;SBR;AOs3260702080414763e98070;0;Anomaly;
202609;AREA 1;SUMBAGUT;PEMATANG SIANTAR;SDK;AOi4260701095845652146910;0;Anomaly;
202609;AREA 3;BALI NUSRA;MATARAM;SAP;AOs3260630045435498e01160;0;Anomaly;
202609;AREA 2;CENTRAL JABOTABEK;NORTHERN JAKARTA;TPR;AOi12607030906350086341a0;0;Anomaly;
202609;AREA 1;SUMBAGSEL;BENGKULU;LLG;AOi4260703104958384956390;1;Anomaly;
202609;AREA 1;SUMBAGTENG;BATAM;LBJ;AOi4260630084306952d037d0;1;Anomaly;
202609;AREA 2;CENTRAL JABOTABEK;NORTHERN JAKARTA;MRY;AOi426070410225450755f580;1;Anomaly;
202609;AREA 2;EASTERN JABOTABEK;BEKASI;BEK;AOi4260704115006149144220;1;Anomaly;
202609;AREA 1;SUMBAGTENG;BATAM;SLU;AOi4260702092853350dd7690;0;Anomaly;
202609;AREA 2;EASTERN JABOTABEK;BOGOR;JGL;AOi426063006212449976e700;0;Anomaly;
202609;AREA 3;JATIM;MALANG;MLG;AOi4260701025719145fb0640;0;Anomaly;
202609;AREA 2;EASTERN JABOTABEK;BOGOR;TJO;AOi42607030314170839dd630;0;Comply;-1,19
202609;AREA 1;SUMBAGSEL;PALEMBANG;BKS;AOi1260703114724212695ff0;0;Anomaly;
202609;AREA 2;EASTERN JABOTABEK;BEKASI;KLB;AOi42607040259134046b9d20;1;Anomaly;
202609;AREA 1;SUMBAGSEL;JAMBI;MAB;AOi4260702095513820aaa490;1;Anomaly;
202609;AREA 1;SUMBAGSEL;JAMBI;MAB;AOi42607041146167006163e0;0;Anomaly;
202609;AREA 3;JATENG-DIY;PURWOKERTO;GML;AOi1260703110458286ae6d90;1;Anomaly;
202609;AREA 1;SUMBAGTENG;BATAM;LBJ;AOs3260704053047025764460;1;Anomaly;
202609;AREA 4;KALIMANTAN;TARAKAN;JWT;AOi4260704114837095128e60;0;Anomaly;
202609;AREA 1;SUMBAGSEL;BENGKULU;LLG;AOi426063011004314408d0e0;1;Anomaly;
202609;AREA 1;SUMBAGUT;PADANG SIDEMPUAN;GST;AOi426070308502902765ba80;1;Anomaly;
202609;AREA 4;KALIMANTAN;BANJARMASIN;BBR;AOi1260701045835664904740;1;Anomaly;
202609;AREA 1;SUMBAGTENG;DUMAI;DRI;AOi4260630050851877892f50;1;Anomaly;
202609;AREA 3;JATIM;MALANG;MLG;AOi4260701025719145fb0640;1;Anomaly;
202609;AREA 1;SUMBAGUT;PADANG SIDEMPUAN;SBG;AOs32607040122576070afeb0;0;Anomaly;
202609;AREA 3;BALI NUSRA;DENPASAR;KLM;AOk426070407582005106d5a0;1;Anomaly;
202609;AREA 4;SULAWESI;MANADO;LAN;AOs32607021223048820d7dd0;1;Anomaly;
202609;AREA 3;BALI NUSRA;DENPASAR;JBR;AOi4260702085745251766860;1;Anomaly;
202609;AREA 2;WESTERN JABOTABEK;TANGERANG;CPA;AOi4260704022117532422a90;0;Anomaly;
202609;AREA 2;WESTERN JABOTABEK;SERANG;CKA;AOk4260701111327206b7d480;0;Anomaly;
202609;AREA 4;KALIMANTAN;BALIKPAPAN;TGG;AOi4260630110141176bc4860;1;Anomaly;
202609;AREA 1;SUMBAGUT;RANTAU PRAPAT;KIS;AOk42607020147553566e47a0;1;Anomaly;-23,77
202609;AREA 3;BALI NUSRA;FLORES;RTE;AOi42607010826009563c6c60;0;Anomaly;
202609;AREA 4;KALIMANTAN;BALIKPAPAN;MGG;AOb0260626011637164a3c170;0;Anomaly;
202609;AREA 3;JATENG-DIY;SEMARANG;BDN;AOi4260702012552050084280;1;Anomaly;
202609;AREA 2;CENTRAL JABOTABEK;SOUTHERN JAKARTA;KBY;AOs3260704101145363185af0;1;Anomaly;
202609;AREA 1;SUMBAGUT;CENTRAL MEDAN;CTD;AOi42607020155109323d3fd0;0;Anomaly;
202609;AREA 2;EASTERN JABOTABEK;BEKASI;DEP;AOs3260703032159873c8eab0;1;Anomaly;
202609;AREA 4;KALIMANTAN;PANGKALAN BUN;KWN;AOi42606251051108333ebf10;0;Anomaly;
202609;AREA 2;WESTERN JABOTABEK;TANGERANG;SRP;AOi426070409080540985c790;0;Anomaly;
202609;AREA 1;SUMBAGTENG;PADANG;SGD;AOi42607040323282520c3fd0;0;Anomaly;
202609;AREA 2;WESTERN JABOTABEK;SERANG;CKA;AOi42607031221593171a1620;0;Anomaly;
202609;AREA 4;SULAWESI;KENDARI;MDG;AOi4260704110228805a15450;0;Anomaly;
202609;AREA 4;SULAWESI;MAKASSAR;BAR;AOi426070102504987500b280;0;Anomaly;
202609;AREA 1;SUMBAGSEL;PALEMBANG;SGB;AOi42607020937336796bbab0;1;Anomaly;
202609;AREA 4;KALIMANTAN;SAMARINDA;LOB;AOi42607021211594987f6720;0;Anomaly;
202609;AREA 1;SUMBAGTENG;PADANG;SGD;AOi4260702034053714c8df80;0;Anomaly;
202609;AREA 1;SUMBAGSEL;PALEMBANG;PBM;AOi12607040555019013dfb60;0;Anomaly;
202609;AREA 4;SULAWESI;MAKASSAR;ANT;PDAk4260702050822415779400;1;Anomaly;
202609;AREA 1;SUMBAGSEL;PANGKAL PINANG;PGP;AOi42607030331125096aade0;0;Anomaly;
202609;AREA 4;MALUKU DAN PAPUA;AMBON;ABO;AOk4260701102920350e95d10;1;Anomaly;
202609;AREA 2;CENTRAL JABOTABEK;SOUTHERN JAKARTA;RMG;AOi4260705032902032bab100;0;Anomaly;
202609;AREA 3;JATIM;SURABAYA;JGR;AOi1260628053954667d1ad80;1;Anomaly;-14,95
202609;AREA 1;SUMBAGTENG;DUMAI;PPN;AOi4260702074137237dbe480;0;Anomaly;
202609;AREA 3;JATIM;MALANG;KPO;AOk4260703021312094d296f0;0;Anomaly;
202609;AREA 4;SULAWESI;MANADO;AMR;AOi4260702060607686c584a0;1;Anomaly;
202609;AREA 3;JATENG-DIY;SEMARANG;MJP;AOi426070101412209467d030;1;Anomaly;
202609;AREA 3;JATIM;SURABAYA;KPS;AOk4260704100159310cea500;0;Comply;-19,62
202609;AREA 4;KALIMANTAN;BALIKPAPAN;TGG;AOi4260630041129441c08ce0;1;Anomaly;25,64
202609;AREA 3;JATIM;SURABAYA;MYR;AOi4260705032334623d32f00;1;Anomaly;
202609;AREA 1;SUMBAGUT;CENTRAL MEDAN;SPM;AOi126070211044685927d510;0;Anomaly;
202609;AREA 4;SULAWESI;MANADO;AMR;AOi1260704053936381766b40;1;Anomaly;
202609;AREA 3;JATIM;LAMONGAN;KDE;AOi426070401595790609b990;1;Anomaly;
202609;AREA 3;JATIM;SURABAYA;MYR;AOi426062912234335322d980;1;Anomaly;
202609;AREA 3;JATIM;SURABAYA;MYR;AOi42606300615008722f5290;1;Anomaly;
202609;AREA 1;SUMBAGTENG;DUMAI;DUM;AOi4260630024355198902e60;1;Anomaly;
202609;AREA 3;BALI NUSRA;KUPANG;OSP;AOi4260703072232204fec990;0;Anomaly;
202609;AREA 2;JABAR;SOREANG;RCK;AOk42607021123066515bd9e0;1;Anomaly;
202609;AREA 4;KALIMANTAN;PALANGKARAYA;BNT;AOi426070303393183466f960;1;Anomaly;
202609;AREA 4;KALIMANTAN;BANJARMASIN;BJM;AOi4260701090722076b58560;0;Anomaly;
202609;AREA 2;CENTRAL JABOTABEK;NORTHERN JAKARTA;MRY;AOi4260701100457496005af0;1;Anomaly;
202609;AREA 1;SUMBAGSEL;BENGKULU;CRP;AOi4260703085411419e74350;0;Anomaly;
202609;AREA 3;JATENG-DIY;PURWOKERTO;CLC;PDAk4260629102812052a725b0;1;Anomaly;-27,15
202609;AREA 1;SUMBAGSEL;PALEMBANG;PLJ;AOi4260703033933632b1cd60;1;Anomaly;
202609;AREA 3;BALI NUSRA;MATARAM;MBG;AOi426070402493365900aa40;0;Anomaly;
202609;AREA 2;CENTRAL JABOTABEK;SOUTHERN JAKARTA;BIN;AOb0260701122125184879960;1;Anomaly;-22,56
202609;AREA 2;CENTRAL JABOTABEK;NORTHERN JAKARTA;MKR;AOi4260630054530720503b00;1;Anomaly;
202609;AREA 4;SULAWESI;PALU;PGI;AOi426070401175439853a890;0;Anomaly;
202609;AREA 1;SUMBAGSEL;BENGKULU;PDP;AOi4260629014255747aaef20;1;Anomaly;
202609;AREA 4;SULAWESI;PALU;PGI;AOi42607020329508754fc920;1;Anomaly;
202609;AREA 4;SULAWESI;KENDARI;KKA;AOs3260701102808636ea6d20;0;Anomaly;
202609;AREA 4;SULAWESI;PALU;PSO;AOk4260702082532084c9f430;1;Anomaly;
202609;AREA 4;SULAWESI;MAKASSAR;MAT;AOk42607020201233752c0700;1;Anomaly;
202609;AREA 1;SUMBAGSEL;BENGKULU;CRP;AOi4260703084117065a16ea0;0;Anomaly;
202609;AREA 4;KALIMANTAN;BALIKPAPAN;SEP;AOi42607030618457347cad30;1;Anomaly;
202609;AREA 1;SUMBAGUT;WESTERN MEDAN;TJP;AOi1260701052551572b9b3f0;0;Anomaly;
202609;AREA 4;SULAWESI;MANADO;BIT;AOk42607010123251358803d0;1;Anomaly;
202609;AREA 1;SUMBAGTENG;BUKIT TINGGI;PAM;AOi4260704122605143812570;1;Anomaly;
202609;AREA 3;BALI NUSRA;DENPASAR;UBN;AOs3260701064924043ed58f0;0;Anomaly;
202609;AREA 1;SUMBAGTENG;DUMAI;DUM;AOi4260701081706260548360;0;Anomaly;
202609;AREA 4;MALUKU DAN PAPUA;JAYAPURA;JAP;AOi426070412512602698b970;1;Anomaly;
202609;AREA 1;SUMBAGUT;CENTRAL MEDAN;CTD;AOk426070412420867928c8d0;0;Comply;-43,49
202609;AREA 4;SULAWESI;PARE-PARE;MAJ;AOi4260703124218542484b30;1;Anomaly;
202609;AREA 4;SULAWESI;BONE;SIN;AOi1260628085448796d14e30;1;Anomaly;-22,34
202609;AREA 2;JABAR;BANDUNG;CJA;AOi4260703052336847a59a40;1;Anomaly;
202609;AREA 4;SULAWESI;PALU;LWU;AOi4260701123425999e732b0;1;Anomaly;
202609;AREA 1;SUMBAGUT;CENTRAL MEDAN;PDB;AOk4260702103806066973940;0;Anomaly;
202609;AREA 2;JABAR;BANDUNG;NJG;AOi4260703013007236a3c0e0;0;Anomaly;
202609;AREA 1;SUMBAGUT;CENTRAL MEDAN;PUB;AOi12606300847291741a5bc0;0;Anomaly;
202609;AREA 4;KALIMANTAN;PANGKALAN BUN;LMD;AOi42606250428460746a6260;0;Anomaly;
202609;AREA 4;SULAWESI;PARE-PARE;SRK;AOs3260701055112051517b80;1;Anomaly;
202609;AREA 2;JABAR;TASIKMALAYA;TSM;AOi42606290836110325f7a30;1;Anomaly;
202609;AREA 1;SUMBAGSEL;PANGKAL PINANG;SLT;AOi4260704102430164214c50;0;Anomaly;
202609;AREA 4;SULAWESI;MANADO;SFI;AOi4260705025550567c5e780;1;Anomaly;
202609;AREA 4;KALIMANTAN;PALANGKARAYA;PLK;AOk42607031254362213d5340;0;Comply;-2,15
202609;AREA 3;JATENG-DIY;SURAKARTA;SRG;AOs3260704013549164681b30;0;Anomaly;
202609;AREA 2;JABAR;BANDUNG;CJA;AOi426070110365447664c130;1;Anomaly;
202609;AREA 4;KALIMANTAN;PONTIANAK;PTK;AOi4260704113934586236a00;1;Anomaly;
202609;AREA 3;JATIM;SURABAYA;JGR;AOi1260704104822904e280f0;0;Anomaly;
202609;AREA 1;SUMBAGUT;WESTERN MEDAN;LGS;AOi426070503563316497dc40;0;Not Comply;5,24
202609;AREA 2;CENTRAL JABOTABEK;SOUTHERN JAKARTA;PDK;AOs326070411124207441b3b0;1;Anomaly;-35,30
202609;AREA 3;JATENG-DIY;SEMARANG;JHR;AOi42607020205566961d1020;0;Anomaly;
202609;AREA 2;CENTRAL JABOTABEK;SOUTHERN JAKARTA;KAL;AOs326070504435251312de00;0;Anomaly;
202609;AREA 2;JABAR;TASIKMALAYA;TSM;AOi42606290836110325f7a30;1;Anomaly;
202609;AREA 3;JATENG-DIY;SEMARANG;WLR;AOi42607061242557647e61a0;1;Anomaly;
202609;AREA 1;SUMBAGSEL;LAMPUNG;KDT;AOi42607040729281378f2610;1;Anomaly;
202609;AREA 4;SULAWESI;BONE;SKG;AOi42607010626141045db110;1;Anomaly;
202609;AREA 1;SUMBAGUT;BANDA ACEH;KFR;AOi4260630090632696c95aa0;0;Anomaly;
202609;AREA 1;SUMBAGSEL;PANGKAL PINANG;PGP;AOi4260703102731142156f30;1;Anomaly;
202609;AREA 4;KALIMANTAN;BALIKPAPAN;GSA;AOi4260704065007897c61000;0;Anomaly;
202609;AREA 1;SUMBAGTENG;DUMAI;UBT;AOi426070102185125194bdd0;1;Anomaly;
202609;AREA 2;JABAR;TASIKMALAYA;BNJ;AOi426070105370880502f010;1;Anomaly;
202609;AREA 1;SUMBAGTENG;BUKIT TINGGI;BKT;AOk42607061101485335afb80;0;Anomaly;
202609;AREA 4;MALUKU DAN PAPUA;AMBON;ABO;AOi1260705090945573133870;1;Anomaly;
202609;AREA 4;SULAWESI;PARE-PARE;PRE;AOk4260706100502262c374d0;1;Anomaly;
202609;AREA 1;SUMBAGSEL;PANGKAL PINANG;SLT;AOi4260705123216388658620;0;Anomaly;
202609;AREA 2;EASTERN JABOTABEK;KARAWANG;JBB;AOi426070205205232571b590;1;Anomaly;
202609;AREA 4;KALIMANTAN;TARAKAN;TRK;AOi4260705120656258b54e10;1;Anomaly;
202609;AREA 4;SULAWESI;PALU;PLA;AOi4260706101413858dfaed0;0;Anomaly;
202609;AREA 3;BALI NUSRA;MATARAM;SWE;AOi42607010555138967cd3e0;1;Anomaly;
202609;AREA 1;SUMBAGUT;WESTERN MEDAN;BJI;AOi42607010301450507b56f0;0;Anomaly;
202609;AREA 3;BALI NUSRA;KUPANG;WGP;AOi426062703024835908b680;1;Anomaly;
202609;AREA 4;SULAWESI;MANADO;MDO;AOi4260705011642999928c30;1;Anomaly;
202609;AREA 1;SUMBAGSEL;PANGKAL PINANG;PGP;AOi4260703011723563bc9f50;1;Anomaly;
202609;AREA 4;SULAWESI;MANADO;BAH;AOi12607051140425955d2c60;1;Anomaly;217,00
202609;AREA 2;JABAR;BANDUNG;BDK;AOi4260702024604836512450;1;Anomaly;
202609;AREA 3;JATENG-DIY;PURWOKERTO;AJB;AOi4260703113530742103730;1;Anomaly;
202609;AREA 4;KALIMANTAN;PONTIANAK;STA;AOi4260703043604997570ba0;0;Anomaly;
202609;AREA 4;SULAWESI;KENDARI;MDG;AOi4260704110228805a15450;0;Anomaly;
202609;AREA 1;SUMBAGUT;PADANG SIDEMPUAN;SBG;AOi426070403092437920d490;1;Anomaly;
202609;AREA 1;SUMBAGTENG;BUKIT TINGGI;BSK;AOi426070612263652914ae70;0;Anomaly;
202609;AREA 3;BALI NUSRA;MATARAM;SGG;AOi4260703110615880a6dd10;1;Anomaly;
202609;AREA 3;BALI NUSRA;DENPASAR;KUT;AOi42607060208425918512f0;1;Anomaly;
202609;AREA 1;SUMBAGTENG;PEKANBARU;ARK;AOi4260704074643334515c50;1;Anomaly;
202609;AREA 1;SUMBAGSEL;JAMBI;MAB;AOi4260704082032939347890;1;Anomaly;
202609;AREA 4;SULAWESI;MANADO;PIK;AOk4260703074729073120070;0;Anomaly;
202609;AREA 1;SUMBAGTENG;PEKANBARU;PBB;AOs3260706121540711d95ba0;1;Anomaly;
202609;AREA 3;JATIM;SURABAYA;KNN;AOi4260704111125971186ee0;1;Anomaly;
202609;AREA 3;JATENG-DIY;PEKALONGAN;KDW;AOi4260707080312533149f40;0;Anomaly;
202609;AREA 3;JATIM;SIDOARJO;TPO;AOk426070302354848614bfe0;1;Anomaly;
202609;AREA 4;SULAWESI;BONE;SIN;AOi1260628085448796d14e30;1;Anomaly;
202609;AREA 1;SUMBAGTENG;PADANG;PDC;AOi4260706125302644764070;0;Anomaly;
202609;AREA 3;JATENG-DIY;SEMARANG;JPR;AOi42607020639174369e3e80;0;Anomaly;
202609;AREA 3;JATIM;SURABAYA;KPS;AOi42607051243236014f1a30;1;Anomaly;
202609;AREA 1;SUMBAGSEL;PANGKAL PINANG;PGP;AOi4260706092625310364260;0;Anomaly;
202609;AREA 4;SULAWESI;MANADO;BIT;AOi1260703033309481c05920;1;Anomaly;174,24
202609;AREA 4;KALIMANTAN;PALANGKARAYA;PRC;AOi1260704073346436419080;0;Anomaly;
202609;AREA 1;SUMBAGSEL;JAMBI;BKO;AOi4260702045623741e79370;1;Anomaly;
202609;AREA 2;EASTERN JABOTABEK;KARAWANG;CIB;AOs32607060344538066ddef0;1;Anomaly;
202609;AREA 4;KALIMANTAN;BANJARMASIN;GMB;AOi4260702092241956abb860;1;Anomaly;
202609;AREA 4;SULAWESI;PARE-PARE;MAS;AOb0260706060523466b7d060;0;Comply;-24,55
202609;AREA 1;SUMBAGUT;PEMATANG SIANTAR;BST;AOi4260702092439743e77c40;0;Anomaly;
202609;AREA 1;SUMBAGSEL;PANGKAL PINANG;PGP;AOi4260703021837879764150;0;Comply;-3,44
202609;AREA 3;JATIM;SURABAYA;JGR;AOi1260704104822904e280f0;1;Anomaly;-40,85
202609;AREA 1;SUMBAGSEL;PANGKAL PINANG;PGP;AOi4260703055930991617ba0;0;Anomaly;
202609;AREA 1;SUMBAGSEL;JAMBI;MAB;AOi42607041146167006163e0;1;Anomaly;
202609;AREA 1;SUMBAGTENG;PEKANBARU;RBI;AOi426070511050685142d710;1;Anomaly;
202609;AREA 3;JATIM;SURABAYA;DMO;AOi42607040907497319b4520;1;Anomaly;
202609;AREA 1;SUMBAGUT;BANDA ACEH;LBR;AOs32607050220590811b9ad0;1;Anomaly;
202609;AREA 4;KALIMANTAN;PONTIANAK;SPY;AOi4260702113916102a9b6a0;1;Anomaly;
202609;AREA 3;JATIM;SURABAYA;DMO;AOi426070512225323970d7c0;1;Anomaly;-0,57
202609;AREA 4;KALIMANTAN;PONTIANAK;SAO;AOi1260706095704626696080;0;Not Comply;101,77
202609;AREA 2;CENTRAL JABOTABEK;SOUTHERN JAKARTA;JAG;AOk4260625043817666eba030;1;Anomaly;
202609;AREA 3;JATENG-DIY;YOGYAKARTA;PGR;AOi4260707120445214ef0590;0;Anomaly;
202609;AREA 2;WESTERN JABOTABEK;SERANG;PSK;AOs3260702083719744ba9a00;1;Anomaly;
202609;AREA 2;CENTRAL JABOTABEK;SOUTHERN JAKARTA;PDK;AOs3260630111349572663110;0;Comply;-22,86
202609;AREA 4;KALIMANTAN;BANJARMASIN;LUL;AOk4260707012429887ea4000;0;Anomaly;
202609;AREA 4;SULAWESI;PARE-PARE;MMS;AOs3260701125255039ed9fb0;1;Anomaly;
202609;AREA 1;SUMBAGSEL;PALEMBANG;PGC;AOi42607030703419045ee440;0;Anomaly;
202609;AREA 1;SUMBAGUT;BANDA ACEH;BPD;AOs32607050725001230c97f0;0;Comply;-0,20
202609;AREA 3;BALI NUSRA;DENPASAR;SWI;AOk4260701085441352644c40;1;Anomaly;
202609;AREA 3;BALI NUSRA;DENPASAR;UBN;AOi4260706102452505c08d50;1;Anomaly;
202609;AREA 4;SULAWESI;BONE;SIN;AOi426070307533071801c710;1;Anomaly;
202609;AREA 4;SULAWESI;KENDARI;UNH;AOi4260703035201315afb900;1;Anomaly;25,91
202609;AREA 4;SULAWESI;PALU;LWU;AOi4260630010220714ff72e0;0;Anomaly;
202609;AREA 4;MALUKU DAN PAPUA;JAYAPURA;BIA;AOi4260704074638404974b90;0;Anomaly;
202609;AREA 4;KALIMANTAN;TARAKAN;TRK;AOi4260705112611827fe2b30;0;Anomaly;
202609;AREA 1;SUMBAGSEL;BENGKULU;AGR;AOi4260704072413443bfced0;1;Anomaly;
202609;AREA 4;SULAWESI;KENDARI;MDG;AOi4260702091101369c6a650;0;Anomaly;
202609;AREA 4;SULAWESI;KENDARI;MDG;AOi426070101342731388e7b0;1;Anomaly;
202609;AREA 2;EASTERN JABOTABEK;BOGOR;PAG;AOb026070105495963188f890;0;Anomaly;
202609;AREA 1;SUMBAGTENG;PADANG;PDC;AOi42607011013572343dec50;0;Anomaly;
202609;AREA 3;JATENG-DIY;MAGELANG;PWJ;AOi4260706063839461976f20;0;Anomaly;
202609;AREA 3;JATENG-DIY;SURAKARTA;PWB;AOi4260707113506695878d80;1;Anomaly;
202609;AREA 1;SUMBAGUT;CENTRAL MEDAN;CTD;AOi12607060908318674cd190;1;Anomaly;-49,29
202609;AREA 1;SUMBAGUT;CENTRAL MEDAN;PUB;AOi4260704093236934b75700;0;Anomaly;
202609;AREA 1;SUMBAGTENG;BUKIT TINGGI;KNL;AOi4260706015906109107560;1;Anomaly;
202609;AREA 1;SUMBAGUT;CENTRAL MEDAN;TTG;AOi42607021143172882f1fd0;0;Anomaly;
202609;AREA 1;SUMBAGSEL;PANGKAL PINANG;KBO;AOi426070401014321325f000;1;Anomaly;
202609;AREA 1;SUMBAGUT;WESTERN MEDAN;LSM;AOk4260706101341585450130;0;Anomaly;
202609;AREA 3;JATENG-DIY;PEKALONGAN;PKL;AOi42607050129541820b5bb0;0;Anomaly;
202609;AREA 4;KALIMANTAN;BANJARMASIN;BRI;AOi426070608383185099c050;0;Anomaly;
202609;AREA 3;JATENG-DIY;PEKALONGAN;BLU;AOi4260705121741970ac4770;1;Anomaly;
202609;AREA 4;SULAWESI;MAKASSAR;SUG;AOi4260701112114243eb7c70;0;Anomaly;
202609;AREA 2;CENTRAL JABOTABEK;SOUTHERN JAKARTA;KAL;PDAk42607020351509097eb680;0;Anomaly;
202609;AREA 1;SUMBAGTENG;BUKIT TINGGI;BKT;AOi4260704031251296610910;0;Anomaly;
202609;AREA 3;JATIM;JEMBER;GEN;AOi1260707020637288b5c8b0;1;Anomaly;
202609;AREA 3;JATENG-DIY;PEKALONGAN;TEG;PDAk4260630024312525f78c50;1;Anomaly;
202609;AREA 4;KALIMANTAN;PONTIANAK;NGG;AOi4260703044914425656810;0;Anomaly;
202609;AREA 1;SUMBAGTENG;PADANG;SGD;AOi426070204221518646fd80;1;Anomaly;
202609;AREA 1;SUMBAGTENG;PADANG;LBY;AOi4260705114129382d546b0;0;Anomaly;
202609;AREA 1;SUMBAGTENG;BUKIT TINGGI;KNL;AOi4260703114838387249170;0;Anomaly;
202609;AREA 3;BALI NUSRA;DENPASAR;KLM;PDAk42607030238494378c3740;0;Anomaly;
202609;AREA 4;KALIMANTAN;TARAKAN;LNN;AOi12607050642508810b4b00;1;Anomaly;-1,87
202609;AREA 2;EASTERN JABOTABEK;BOGOR;CLS;AOs3260702071849534e5aeb0;0;Anomaly;
202609;AREA 3;BALI NUSRA;DENPASAR;TBN;AOi4260707031753683e01c60;0;Anomaly;
202609;AREA 3;JATIM;LAMONGAN;SDY;AOi4260703013156186d61bd0;1;Anomaly;
202609;AREA 1;SUMBAGTENG;PADANG;SGD;AOi42607040323282520c3fd0;1;Anomaly;
202609;AREA 2;JABAR;CIREBON;CLI;AOk4260703013058908427bf0;0;Comply;-36,26
202609;AREA 4;KALIMANTAN;SAMARINDA;STT;AOi42607060614154931c4790;0;Anomaly;
202609;AREA 2;CENTRAL JABOTABEK;SOUTHERN JAKARTA;KRG;AOs3260701013301476ad0aa0;1;Anomaly;-35,57
202609;AREA 2;WESTERN JABOTABEK;SERANG;SPT;AOs32607041239511692163b0;0;Anomaly;
202609;AREA 4;SULAWESI;MANADO;LAN;AOi42607070359540525d7010;1;Anomaly;
202609;AREA 3;JATENG-DIY;SURAKARTA;GBU;AOs32607050353474546501e0;1;Anomaly;
202609;AREA 1;SUMBAGSEL;BENGKULU;BNC;AOk42607031201310233b3870;0;Anomaly;
202609;AREA 2;CENTRAL JABOTABEK;SOUTHERN JAKARTA;CPP;AOs3260701055634209020f90;1;Anomaly;
202609;AREA 2;CENTRAL JABOTABEK;NORTHERN JAKARTA;PLM;AOi4260707034348729386370;1;Anomaly;
202609;AREA 2;CENTRAL JABOTABEK;NORTHERN JAKARTA;SLP;AOi4260704083249351c8b850;0;Anomaly;
202609;AREA 1;SUMBAGUT;WESTERN MEDAN;STB;AOi4260704050157624967170;0;Anomaly;
202609;AREA 1;SUMBAGUT;PEMATANG SIANTAR;TBT;AOk4260706121449892526e10;0;Anomaly;
202609;AREA 2;EASTERN JABOTABEK;BEKASI;DEP;AOs3260707045320345df2a60;0;Anomaly;
202609;AREA 3;JATIM;MADIUN;PON;AOs3260707125137948e59300;1;Anomaly;
202609;AREA 4;KALIMANTAN;BALIKPAPAN;BRU;AOs32607071006573164978a0;0;Anomaly;
202609;AREA 4;SULAWESI;PARE-PARE;PRE;AOi4260707050419199882860;0;Anomaly;
202609;AREA 1;SUMBAGSEL;PALEMBANG;TAM;AOi426070605023387589f190;1;Anomaly;
202609;AREA 2;EASTERN JABOTABEK;BEKASI;PKY;AOi4260704121313497d1abb0;0;Anomaly;
202609;AREA 4;SULAWESI;MANADO;TNT;AOs3260707043925890a305d0;0;Anomaly;
202609;AREA 1;SUMBAGSEL;PANGKAL PINANG;TJN;AOi4260701124451463222870;0;Comply;-39,73
202609;AREA 2;EASTERN JABOTABEK;BOGOR;CLS;AOs3260707113830599b94530;0;Anomaly;
202609;AREA 4;SULAWESI;MANADO;BIT;AOi4260707012546557fd73e0;1;Anomaly;
202609;AREA 3;BALI NUSRA;DENPASAR;UBN;PDAk426070509425992543a2d0;1;Anomaly;
202609;AREA 4;KALIMANTAN;TARAKAN;TRK;AOi4260703053214389006100;0;Anomaly;
202609;AREA 1;SUMBAGTENG;PEKANBARU;AMK;AOi4260630113456445f9edc0;1;Anomaly;
202609;AREA 3;JATIM;SURABAYA;BKL;AOs3260701012838983e659b0;1;Anomaly;
202609;AREA 1;SUMBAGSEL;LAMPUNG;MET;AOi12607071053338853f6e40;1;Anomaly;
202609;AREA 4;KALIMANTAN;SAMARINDA;LOB;PDAk426070706492110859b6a0;1;Anomaly;
202609;AREA 1;SUMBAGTENG;BATAM;LBJ;AOi12607010107357590e35f0;1;Anomaly;
202609;AREA 1;SUMBAGTENG;DUMAI;DUM;AOi426063002135020387eaf0;1;Anomaly;
202609;AREA 4;SULAWESI;BONE;WTP;AOi42607080753121788d76c0;1;Anomaly;
202609;AREA 1;SUMBAGSEL;PANGKAL PINANG;PGP;AOk4260707043824195e34d60;1;Anomaly;
202609;AREA 4;MALUKU DAN PAPUA;AMBON;MSH;AOk4260706120459248bfc7f0;1;Anomaly;
202609;AREA 2;JABAR;CIREBON;SDU;AOs3260707045225649505990;1;Anomaly;-3,93
202609;AREA 1;SUMBAGTENG;PADANG;SGD;AOi4260702034053714c8df80;0;Anomaly;
202609;AREA 3;JATENG-DIY;SEMARANG;WLR;AOi42607030116390281ef190;1;Anomaly;
202609;AREA 4;MALUKU DAN PAPUA;JAYAPURA;ABE;AOi4260702044717266f5f6a0;0;Anomaly;
202609;AREA 3;BALI NUSRA;DENPASAR;MMN;AOi42607071251140869b5a00;1;Anomaly;
202609;AREA 2;WESTERN JABOTABEK;SERANG;LGK;AOs3260707122054320675440;0;Anomaly;
202609;AREA 4;SULAWESI;PALU;PLA;PDAk426070510242088478afa0;1;Anomaly;
202609;AREA 4;KALIMANTAN;SAMARINDA;BOT;PDAk426070603443885471fd70;0;Anomaly;
202609;AREA 4;SULAWESI;PALU;TLY;AOi4260701075102423bbcf00;0;Anomaly;
202609;AREA 4;MALUKU DAN PAPUA;TIMIKA;MRK;AOi4260701082628017403bc0;1;Anomaly;
202609;AREA 4;MALUKU DAN PAPUA;SORONG;FFA;AOs32607080211025700a3530;1;Anomaly;
202609;AREA 2;WESTERN JABOTABEK;TANGERANG;CLD;AOi12607080456290147de220;0;Anomaly;
202609;AREA 1;SUMBAGUT;WESTERN MEDAN;LGS;AOi42606300514028923bbc20;0;Anomaly;
202609;AREA 2;CENTRAL JABOTABEK;NORTHERN JAKARTA;MRY;AOk4260701102829464856c60;1;Anomaly;
202609;AREA 4;KALIMANTAN;PALANGKARAYA;KKP;AOi4260705073640521523e70;0;Anomaly;
202609;AREA 4;SULAWESI;KENDARI;MDG;AOk4260706104505082cb1e00;1;Anomaly;-46,23
202609;AREA 3;JATIM;SIDOARJO;TPO;AOi4260706061842709967a90;1;Anomaly;
202609;AREA 2;CENTRAL JABOTABEK;SOUTHERN JAKARTA;JTN;AOs3260708024138355ec5230;0;Anomaly;
202609;AREA 4;KALIMANTAN;TARAKAN;TAJ;AOi4260708044004324fe0f50;0;Anomaly;
202609;AREA 4;KALIMANTAN;PONTIANAK;SAO;AOi4260703110628873a9a100;0;Anomaly;
202609;AREA 3;JATIM;SURABAYA;KNN;AOi42607030747454425c13b0;1;Anomaly;0,02
202609;AREA 3;BALI NUSRA;DENPASAR;LVN;AOi42607070950209670e7230;1;Anomaly;
202609;AREA 3;JATENG-DIY;SEMARANG;PEC;AOi4260704024958815969d80;0;Comply;-41,23
202609;AREA 2;JABAR;BANDUNG;TRG;AOi42607081208184543cdc50;1;Anomaly;
202609;AREA 4;KALIMANTAN;SAMARINDA;SMR;AOi1260706084700770dc37e0;1;Anomaly;
202609;AREA 3;JATIM;LAMONGAN;SMJ;AOi42606300240483200a8310;1;Anomaly;
202609;AREA 4;KALIMANTAN;BANJARMASIN;LUL;AOi4260706103510224e65600;0;Anomaly;
202609;AREA 1;SUMBAGTENG;BUKIT TINGGI;BKT;AOi426070203022839721a510;1;Anomaly;
202609;AREA 1;SUMBAGTENG;DUMAI;BKN;AOi42607070658545424219e0;1;Anomaly;
202609;AREA 1;SUMBAGUT;CENTRAL MEDAN;TTG;AOi42607060149121325b6370;0;Anomaly;
202609;AREA 4;KALIMANTAN;TARAKAN;TLA;AOk4260702092643406bd7260;0;Anomaly;
202609;AREA 4;MALUKU DAN PAPUA;AMBON;ABO;AOi42607050746036379946d0;1;Anomaly;
202609;AREA 1;SUMBAGSEL;BENGKULU;MUA;AOi4260705101734620fc2d80;0;Anomaly;
202609;AREA 3;JATIM;LAMONGAN;BJN;AOi42607050953257156d2270;1;Anomaly;
202609;AREA 1;SUMBAGTENG;PADANG;SLK;AOi4260705120533596533620;0;Comply;-71,65
202609;AREA 3;JATENG-DIY;PURWOKERTO;MAO;AOi426070605473629663e120;1;Anomaly;
202609;AREA 1;SUMBAGSEL;JAMBI;TTJ;AOi42607070320572473a9410;1;Anomaly;
202609;AREA 2;CENTRAL JABOTABEK;NORTHERN JAKARTA;MRY;AOi4260702125230510a2f080;1;Anomaly;
202609;AREA 3;JATIM;SURABAYA;TNS;AOi4260708020650124dd5ff0;1;Anomaly;
202609;AREA 4;MALUKU DAN PAPUA;JAYAPURA;SRM;AOi4260701104212171a6fe90;0;Anomaly;
202609;AREA 4;KALIMANTAN;PALANGKARAYA;PRC;AOi42607010902458410c42b0;0;Anomaly;
202609;AREA 2;CENTRAL JABOTABEK;NORTHERN JAKARTA;MRY;AOi1260704013041325d7aaa0;1;Anomaly;
202609;AREA 3;JATIM;SURABAYA;KBL;AOi4260708090610047787f20;1;Anomaly;
202609;AREA 1;SUMBAGUT;WESTERN MEDAN;KSG;AOi126070508305268057b650;1;Anomaly;
202609;AREA 1;SUMBAGUT;CENTRAL MEDAN;PUB;AOs3260708085521627f4fd70;0;Anomaly;
202609;AREA 1;SUMBAGTENG;PADANG;SGD;AOi42607060209063496d6230;1;Anomaly;
202609;AREA 1;SUMBAGTENG;PADANG;TWI;AOi4260704115133827482710;1;Anomaly;
202609;AREA 3;JATENG-DIY;YOGYAKARTA;SMN;PDAk426062711552057043f590;1;Anomaly;
202609;AREA 3;JATENG-DIY;SEMARANG;KDL;AOi4260702055005517326170;1;Anomaly;
202609;AREA 1;SUMBAGTENG;PEKANBARU;AMK;AOi426070702493638252dcd0;1;Anomaly;
202609;AREA 2;JABAR;TASIKMALAYA;KDN;AOi426070902064774741d400;1;Anomaly;
202609;AREA 3;JATENG-DIY;PURWOKERTO;PWT;AOs32607080837504518be4e0;1;Anomaly;
202609;AREA 2;CENTRAL JABOTABEK;NORTHERN JAKARTA;MRY;AOi4260701100457496005af0;1;Anomaly;
202609;AREA 1;SUMBAGUT;BANDA ACEH;SAB;AOk42606300338415834db020;0;Anomaly;
202609;AREA 1;SUMBAGUT;PEMATANG SIANTAR;PRR;AOi4260625032227805dc4ef0;1;Anomaly;
202609;AREA 3;JATIM;MADIUN;KDI;AOi4260707083820836e7fae0;1;Anomaly;
202609;AREA 1;SUMBAGSEL;BENGKULU;KPH;AOi42607061041289114cfb40;0;Anomaly;
202609;AREA 3;JATIM;SIDOARJO;MOJ;AOi426070903203920019c240;0;Anomaly;
202609;AREA 1;SUMBAGSEL;LAMPUNG;MET;AOi12607071053338853f6e40;1;Anomaly;
202609;AREA 1;SUMBAGUT;BANDA ACEH;BNN;AOi12607061046230506f1640;1;Anomaly;
202609;AREA 1;SUMBAGUT;CENTRAL MEDAN;SPM;AOi1260701021024523cb9020;1;Anomaly;
202609;AREA 4;KALIMANTAN;BALIKPAPAN;KTB;PDAk4260706082332854b59fc0;0;Anomaly;
202609;AREA 4;SULAWESI;MANADO;AMR;AOi426070207484794749e5f0;1;Anomaly;
202609;AREA 3;BALI NUSRA;MATARAM;SAP;AOs3260630045435498e01160;0;Anomaly;
202609;AREA 1;SUMBAGTENG;PADANG;SUN;AOi4260702074644497207e00;1;Anomaly;
202609;AREA 4;SULAWESI;MAKASSAR;JNP;AOi4260704080110966f7c390;1;Anomaly;
202609;AREA 4;KALIMANTAN;PONTIANAK;NGG;AOi4260702082330548f6d360;0;Anomaly;
202609;AREA 3;BALI NUSRA;MATARAM;SWE;AOi4260708012703965e21c50;0;Anomaly;
202609;AREA 2;CENTRAL JABOTABEK;NORTHERN JAKARTA;SMI;AOi4260707024112837202e90;1;Anomaly;
202609;AREA 4;KALIMANTAN;BALIKPAPAN;SEP;AOi4260629010239762497770;0;Anomaly;
202609;AREA 4;SULAWESI;PARE-PARE;SRK;AOi4260703100846663019710;1;Anomaly;
202609;AREA 4;KALIMANTAN;BANJARMASIN;KYG;AOi4260703081203077c29310;1;Anomaly;
202609;AREA 3;BALI NUSRA;MATARAM;TET;AOi4260708024802837edefe0;0;Anomaly;
202609;AREA 1;SUMBAGSEL;PALEMBANG;KAG;AOi4260708043038207387830;1;Anomaly;
202609;AREA 1;SUMBAGUT;BANDA ACEH;DAR;AOi42607060428433816a3340;0;Anomaly;
202609;AREA 3;JATIM;SURABAYA;TNS;AOi42607060438476869eeb70;1;Anomaly;
202609;AREA 1;SUMBAGSEL;LAMPUNG;TJK;AOi426062002334466216db70;1;Anomaly;
202609;AREA 4;MALUKU DAN PAPUA;AMBON;DOB;AOi4260706102913062e87310;0;Anomaly;
202609;AREA 3;BALI NUSRA;MATARAM;GER;AOi4260706122210090462bd0;0;Anomaly;
202609;AREA 1;SUMBAGUT;BANDA ACEH;TKN;AOi42607020408196293a2d10;0;Anomaly;
202609;AREA 1;SUMBAGSEL;PALEMBANG;TAM;AOi4260707112036802a6dec0;1;Anomaly;
202609;AREA 1;SUMBAGUT;CENTRAL MEDAN;CTD;AOi4260707013750395808da0;0;Anomaly;
202609;AREA 1;SUMBAGSEL;LAMPUNG;KLR;AOi42607011154370873d7d30;1;Anomaly;
202609;AREA 3;BALI NUSRA;DENPASAR;MMN;AOk4260708085523980993e00;0;Anomaly;
202609;AREA 3;JATIM;SURABAYA;MGO;AOi4260708121256246284c50;0;Anomaly;
202609;AREA 3;JATENG-DIY;YOGYAKARTA;KEN;AOi426070810180282271f7b0;1;Anomaly;
202609;AREA 1;SUMBAGTENG;BATAM;LBJ;AOi42607010207119568f1570;1;Anomaly;
202609;AREA 1;SUMBAGUT;BANDA ACEH;CAG;AOi42607031207145442fd040;0;Anomaly;
202609;AREA 1;SUMBAGTENG;PADANG;TRS;AOk4260401022430536b73410;0;Anomaly;
202609;AREA 1;SUMBAGUT;PADANG SIDEMPUAN;PSP;AOi4260706080825305a033f0;0;Anomaly;
202609;AREA 3;JATENG-DIY;MAGELANG;WTS;AOk42607080812444702862f0;1;Anomaly;
202609;AREA 4;MALUKU DAN PAPUA;AMBON;TUA;AOk4260702073005323f10f50;1;Anomaly;
202609;AREA 3;BALI NUSRA;DENPASAR;UBN;AOi4260630043707944077760;1;Anomaly;
202609;AREA 1;SUMBAGUT;BANDA ACEH;JRM;AOi42606300846046040e99e0;0;Anomaly;
202609;AREA 1;SUMBAGTENG;BATAM;LBJ;AOi12607010107357590e35f0;0;Anomaly;
202609;AREA 3;JATIM;SURABAYA;JGR;AOi1260704104822904e280f0;1;Anomaly;-15,14
202609;AREA 4;MALUKU DAN PAPUA;AMBON;ABO;AOk426070707551412264b200;1;Anomaly;
202609;AREA 2;CENTRAL JABOTABEK;SOUTHERN JAKARTA;PGB;AOs326070704393736906e2e0;0;Anomaly;
202609;AREA 3;JATENG-DIY;YOGYAKARTA;KGD;PDAk426070912565680123ff00;1;Anomaly;
202609;AREA 1;SUMBAGUT;PEMATANG SIANTAR;BST;AOi4260704121732193eab9d0;0;Anomaly;
202609;AREA 1;SUMBAGTENG;PEKANBARU;AMK;AOi426070704480122618e000;1;Anomaly;
202609;AREA 3;JATENG-DIY;PURWOKERTO;CLC;AOi4260629021657203f2d200;1;Anomaly;
202609;AREA 3;JATIM;SURABAYA;PME;AOi42607021149414012acd00;0;Anomaly;
202609;AREA 3;JATENG-DIY;SEMARANG;SLI;PDAk4260707013049297966550;1;Anomaly;
202609;AREA 4;KALIMANTAN;PALANGKARAYA;PRC;AOi42607040255366407438e0;1;Anomaly;
202609;AREA 2;WESTERN JABOTABEK;SERANG;LGK;AOk4260704112502359b15e40;0;Anomaly;
202609;AREA 3;JATENG-DIY;SEMARANG;ABR;AOi42607020907517820ca200;1;Anomaly;
202609;AREA 3;JATIM;LAMONGAN;GSK;AOi4260705081638350684f10;0;Anomaly;
202609;AREA 1;SUMBAGTENG;PADANG;KJI;AOi4260706082050966e652e0;1;Anomaly;
202609;AREA 4;SULAWESI;GORONTALO;MRS;AOi4260708073039150981320;0;Anomaly;
202609;AREA 2;JABAR;BANDUNG;CMI;AOi426070709104304894d730;1;Anomaly;
202609;AREA 4;SULAWESI;PALU;PLA;AOi4260706101413858dfaed0;1;Anomaly;
202609;AREA 3;BALI NUSRA;FLORES;MMR;AOi42607010922377381185d0;0;Comply;-16,95
202609;AREA 4;SULAWESI;PALU;BKU;AOi4260705084348691906130;1;Anomaly;
202609;AREA 1;SUMBAGUT;BANDA ACEH;TKN;AOi42607060716013867a4ee0;1;Anomaly;
202609;AREA 1;SUMBAGUT;RANTAU PRAPAT;RAP;AOi4260709054247470ada710;1;Anomaly;
202609;AREA 4;KALIMANTAN;PANGKALAN BUN;KKY;AOi42606130754585090379f0;0;Anomaly;
202609;AREA 1;SUMBAGSEL;BENGKULU;SPP;AOi4260709064848121896e90;1;Anomaly;
202609;AREA 1;SUMBAGTENG;BATAM;BTC;PDAk42606201243361848cd5e0;1;Anomaly;
202609;AREA 4;KALIMANTAN;BANJARMASIN;PGN;AOi4260705081402431b08870;1;Anomaly;
202609;AREA 1;SUMBAGTENG;BATAM;BTC;AOs3260704025728999504cb0;1;Anomaly;
202609;AREA 1;SUMBAGSEL;PALEMBANG;TAM;AOi4260709114259540e9ce00;1;Anomaly;
202609;AREA 4;KALIMANTAN;PONTIANAK;SPY;AOi4260702113916102a9b6a0;1;Anomaly;
202609;AREA 4;SULAWESI;MANADO;BIT;AOi426070503422397351fae0;0;Anomaly;
202609;AREA 1;SUMBAGUT;CENTRAL MEDAN;PDB;AOi42607051213013561539b0;1;Anomaly;
202609;AREA 1;SUMBAGSEL;PALEMBANG;MPA;AOi4260705082002985755010;1;Anomaly;
202609;AREA 4;KALIMANTAN;PANGKALAN BUN;KTP;AOi426070708080512796a6c0;1;Anomaly;
202609;AREA 4;KALIMANTAN;SAMARINDA;BOT;PDAk426070603443885471fd70;1;Anomaly;
202609;AREA 1;SUMBAGUT;PEMATANG SIANTAR;LBK;AOi12607071054420090c2120;1;Anomaly;
202609;AREA 1;SUMBAGSEL;PALEMBANG;BKS;AOi1260703114724212695ff0;0;Anomaly;
202609;AREA 2;WESTERN JABOTABEK;TANGERANG;TAN;AOb02607091159245841c8510;1;Anomaly;
202609;AREA 1;SUMBAGTENG;BUKIT TINGGI;KNL;AOi426070411112894507a8e0;1;Anomaly;
202609;AREA 3;BALI NUSRA;FLORES;RTE;AOi4260630100418757bbdde0;0;Anomaly;
202609;AREA 4;MALUKU DAN PAPUA;SORONG;SON;AOi4260707112411107a9a340;1;Anomaly;
202609;AREA 1;SUMBAGUT;RANTAU PRAPAT;RAP;AOi426071012212784334bba0;0;Anomaly;
202609;AREA 1;SUMBAGUT;WESTERN MEDAN;BJI;AOi4260702025505552f199d0;0;Anomaly;
202609;AREA 4;SULAWESI;PALU;PLA;AOi4260706101413858dfaed0;1;Anomaly;
202609;AREA 3;BALI NUSRA;FLORES;LWB;AOi42606230535460179954d0;1;Anomaly;
202609;AREA 4;SULAWESI;MANADO;MDO;AOi1260705033543947c0e0f0;0;Anomaly;
202609;AREA 3;JATIM;SURABAYA;JGR;AOk426070711313382091b930;1;Anomaly;2,39
202609;AREA 1;SUMBAGTENG;PEKANBARU;ARK;PDAk42607061040031579a2590;1;Anomaly;
202609;AREA 1;SUMBAGTENG;PADANG;SLK;AOi4260705120533596533620;1;Anomaly;
202609;AREA 4;KALIMANTAN;BANJARMASIN;KIP;AOi4260702122848139079a10;0;Anomaly;
202609;AREA 1;SUMBAGTENG;PEKANBARU;ARK;AOi426070709352654059e410;0;Anomaly;
202609;AREA 1;SUMBAGSEL;PANGKAL PINANG;PGP;AOi42607030145444449755b0;0;Anomaly;
202609;AREA 4;KALIMANTAN;PONTIANAK;STA;AOi4260709114300596377300;0;Anomaly;
202609;AREA 1;SUMBAGSEL;PANGKAL PINANG;PGP;AOi42607030253322214a5f40;1;Anomaly;
202609;AREA 2;CENTRAL JABOTABEK;NORTHERN JAKARTA;STR;AOi1260706104344464b42d90;0;Comply;-19,87
202609;AREA 1;SUMBAGUT;WESTERN MEDAN;BJI;AOi42607060954022981cc840;0;Anomaly;
202609;AREA 3;JATIM;SIDOARJO;SDA;AOi4260708122906911ebd4c0;0;Comply;2,47
202609;AREA 3;BALI NUSRA;KUPANG;OSP;AOi4260702125626536a73970;1;Anomaly;
202609;AREA 4;KALIMANTAN;BANJARMASIN;BBR;AOi42607081122590764bd430;1;Anomaly;
202609;AREA 4;SULAWESI;MANADO;SFI;AOs3260707082046596450040;0;Anomaly;
202609;AREA 3;JATIM;SURABAYA;JGR;AOi1260704104822904e280f0;1;Anomaly;-22,42
202609;AREA 4;SULAWESI;PALU;PLB;AOs3260704044408083078320;1;Anomaly;
202609;AREA 1;SUMBAGUT;PEMATANG SIANTAR;PER;AOi426062912335025087a730;0;Anomaly;
202609;AREA 1;SUMBAGTENG;BATAM;TPI;AOk426070102101369281ab90;0;Anomaly;
202609;AREA 1;SUMBAGSEL;PALEMBANG;BKS;AOi4260708024213552190060;1;Anomaly;
202609;AREA 2;WESTERN JABOTABEK;SERANG;PSU;AOi42607061232593074d4ff0;0;Anomaly;
202609;AREA 4;SULAWESI;PALU;LWU;AOi4260701123425999e732b0;0;Anomaly;
202609;AREA 1;SUMBAGUT;RANTAU PRAPAT;ANR;AOi42607070915435585d28c0;1;Anomaly;
202609;AREA 4;SULAWESI;PALU;TWL;AOk426070703304029023f220;1;Anomaly;
202609;AREA 2;JABAR;BANDUNG;CMI;AOs3260708075237488915350;1;Anomaly;
202609;AREA 1;SUMBAGUT;CENTRAL MEDAN;TJM;AOi42607010849476563375a0;0;Comply;-139,72
202609;AREA 4;SULAWESI;MANADO;KTG;AOb0260707021942422aa78c0;0;Anomaly;
202609;AREA 1;SUMBAGTENG;BUKIT TINGGI;BKT;AOk4260703115041502444740;1;Anomaly;
202609;AREA 1;SUMBAGTENG;BUKIT TINGGI;PAM;AOi4260706012829581406d10;1;Anomaly;
202609;AREA 4;SULAWESI;KENDARI;MDG;AOi12607051013192475b4980;1;Anomaly;
202609;AREA 1;SUMBAGTENG;BATAM;LBJ;AOi42607091245189656d32b0;1;Anomaly;
202609;AREA 4;KALIMANTAN;PONTIANAK;SAO;AOi4260709075004446a77890;0;Anomaly;
202609;AREA 3;BALI NUSRA;DENPASAR;UBU;AOi42607070639477635b5e20;0;Anomaly;
202609;AREA 1;SUMBAGTENG;DUMAI;DUM;AOi4260703094600688c9f4f0;1;Anomaly;
202609;AREA 2;EASTERN JABOTABEK;KARAWANG;CIB;AOs32607110830274280ba200;1;Anomaly;
202609;AREA 1;SUMBAGTENG;DUMAI;UBT;AOi426071004433368787ba00;1;Anomaly;
202609;AREA 4;SULAWESI;MANADO;TMH;AOi426062910541970891e820;0;Anomaly;
202609;AREA 1;SUMBAGTENG;DUMAI;UBT;AOs3260709092915203540600;0;Anomaly;
202609;AREA 2;JABAR;TASIKMALAYA;TSM;AOi4260710011942642e5a490;0;Anomaly;
202609;AREA 1;SUMBAGSEL;LAMPUNG;LAM;AOi4260702061113140e344c0;1;Anomaly;
202609;AREA 4;KALIMANTAN;BANJARMASIN;LUL;AOi426070212391504792eea0;0;Comply;-47,45
202609;AREA 3;BALI NUSRA;MATARAM;SAP;AOs3260630045435498e01160;0;Anomaly;
202609;AREA 1;SUMBAGSEL;LAMPUNG;MET;AOi12607071053338853f6e40;1;Anomaly;
202609;AREA 1;SUMBAGSEL;LAMPUNG;KLA;AOi4260706063548613bf22d0;1;Anomaly;
202609;AREA 2;JABAR;BANDUNG;LEM;AOi4260705055742062086190;1;Anomaly;
202609;AREA 1;SUMBAGTENG;BUKIT TINGGI;PUK;AOi426070802581348911ad60;0;Anomaly;
202609;AREA 3;JATIM;LAMONGAN;KDE;AOi4260708115148235ade460;0;Anomaly;
202609;AREA 2;JABAR;BANDUNG;LEM;AOi42607060742225273467b0;1;Anomaly;-45,77
202609;AREA 1;SUMBAGSEL;PANGKAL PINANG;JBS;AOi42607010959295783b5050;1;Anomaly;
202609;AREA 3;JATENG-DIY;PURWOKERTO;GML;AOi42607060537223712e72e0;0;Anomaly;
202609;AREA 1;SUMBAGUT;PEMATANG SIANTAR;SDK;AOi426070810565753627c440;0;Anomaly;
202609;AREA 1;SUMBAGSEL;JAMBI;MAB;AOi4260706022032840ca2090;1;Anomaly;
202609;AREA 2;JABAR;SOREANG;BJA;AOi4260704033812644cd9910;1;Anomaly;-19,91
202609;AREA 3;JATIM;SURABAYA;SPG;AOi4260702042932578a4b380;1;Anomaly;
202609;AREA 1;SUMBAGSEL;BENGKULU;TMO;AOi4260710104953690bf1220;1;Anomaly;
202609;AREA 4;KALIMANTAN;PONTIANAK;STG;AOi4260707021501949b97ff0;1;Anomaly;50,66
202609;AREA 3;BALI NUSRA;DENPASAR;KUT;AOi4260707030154452887180;1;Anomaly;
202609;AREA 1;SUMBAGSEL;JAMBI;MAB;AOi42607050745006129e0730;1;Anomaly;
202609;AREA 1;SUMBAGTENG;BATAM;SLU;AOi4260703093856838150f30;1;Anomaly;
202609;AREA 4;KALIMANTAN;BANJARMASIN;BBR;AOi42607081122590764bd430;0;Anomaly;
202609;AREA 3;JATENG-DIY;SURAKARTA;KTO;AOi4260706123841120462e40;1;Anomaly;
202609;AREA 4;MALUKU DAN PAPUA;AMBON;ABO;AOi42606300641126800e3a70;1;Anomaly;
202609;AREA 1;SUMBAGSEL;BENGKULU;PGA;AOs32607050318426343eb1d0;0;Anomaly;
202609;AREA 4;KALIMANTAN;BANJARMASIN;ULI;AOi4260708121009366948c50;1;Anomaly;
202609;AREA 1;SUMBAGTENG;DUMAI;BAS;AOs3260709102527176b3eff0;1;Anomaly;
202609;AREA 2;EASTERN JABOTABEK;BOGOR;SKB;AOi4260701054023171f21c40;0;Anomaly;
202609;AREA 3;JATENG-DIY;YOGYAKARTA;KBU;AOk4260707050134100d4cd10;1;Anomaly;
202609;AREA 3;JATIM;MALANG;SWJ;AOi4260711103634645a6b7a0;1;Anomaly;
202609;AREA 2;JABAR;BANDUNG;CBE;AOi1260709044215445f0c910;1;Anomaly;
202609;AREA 3;JATENG-DIY;PURWOKERTO;PWT;AOi42607021208590952543f0;1;Anomaly;
202609;AREA 1;SUMBAGSEL;LAMPUNG;GDT;AOi42607080523190998d4f60;1;Anomaly;
202609;AREA 3;JATENG-DIY;PEKALONGAN;BLU;AOi42607111033534186aa010;1;Anomaly;
202609;AREA 4;SULAWESI;PALU;TOL;AOi4260707061151210670580;1;Anomaly;
202609;AREA 1;SUMBAGTENG;PEKANBARU;ARK;AOi4260710061949210422d80;0;Anomaly;
202609;AREA 2;EASTERN JABOTABEK;BOGOR;CSR;AOi4260711091913261d585d0;0;Anomaly;
202609;AREA 2;EASTERN JABOTABEK;KARAWANG;BGG;AOs32607050920527778066c0;1;Anomaly;
202609;AREA 2;CENTRAL JABOTABEK;NORTHERN JAKARTA;MRY;AOi1260630103700793fabd90;1;Anomaly;
202609;AREA 1;SUMBAGTENG;DUMAI;UBT;AOi42607050204028667b7b60;1;Anomaly;
202609;AREA 3;JATENG-DIY;YOGYAKARTA;GOD;AOs32607111212223525245d0;1;Anomaly;
202609;AREA 2;JABAR;TASIKMALAYA;CMS;AOi4260705111521362222610;0;Comply;-48,14
202609;AREA 1;SUMBAGUT;CENTRAL MEDAN;TMU;AOi4260704110418276cfae90;0;Anomaly;
202609;AREA 1;SUMBAGSEL;BENGKULU;CRP;AOi42606170742084461cc8b0;0;Anomaly;
202609;AREA 1;SUMBAGUT;CENTRAL MEDAN;TMU;AOi4260703103643226c25e70;0;Anomaly;
202609;AREA 4;SULAWESI;PARE-PARE;PLP;AOk42607090301301168c94d0;1;Anomaly;
202609;AREA 1;SUMBAGSEL;PANGKAL PINANG;TBI;AOi42607090353195895d1360;1;Anomaly;
202609;AREA 4;KALIMANTAN;PONTIANAK;STA;AOi42607090104488830828f0;0;Anomaly;
202609;AREA 2;CENTRAL JABOTABEK;NORTHERN JAKARTA;KDY;AOi4260705115530212ea42f0;1;Anomaly;
202609;AREA 4;KALIMANTAN;SAMARINDA;STT;AOi42607090907574193c74a0;0;Anomaly;
202609;AREA 1;SUMBAGSEL;PALEMBANG;IDL;AOs32607090711223119c05f0;1;Anomaly;
202609;AREA 2;CENTRAL JABOTABEK;NORTHERN JAKARTA;PDM;AOi4260711050609834b22a80;0;Anomaly;
202609;AREA 4;MALUKU DAN PAPUA;JAYAPURA;SNI;AOb0260706111519789f0a290;1;Anomaly;
202609;AREA 3;JATENG-DIY;SEMARANG;MJP;AOi42606300814032425af660;1;Anomaly;
202609;AREA 4;SULAWESI;MANADO;MDO;AOi42607020110213782a7520;0;Anomaly;
202609;AREA 2;CENTRAL JABOTABEK;NORTHERN JAKARTA;PDM;AOi4260711050609834b22a80;0;Anomaly;
202609;AREA 3;BALI NUSRA;DENPASAR;TOP;AOi4260708035858199c756f0;0;Anomaly;
202609;AREA 3;JATENG-DIY;PURWOKERTO;GML;AOi4260709061701417373350;1;Anomaly;
202609;AREA 4;MALUKU DAN PAPUA;SORONG;SON;AOi426070804330479991ac20;1;Anomaly;
202609;AREA 2;WESTERN JABOTABEK;TANGERANG;SRP;AOs326071102374702320d080;0;Comply;-50,85
202609;AREA 3;BALI NUSRA;MATARAM;DMP;AOk4260702012025064850310;0;Anomaly;
202609;AREA 4;KALIMANTAN;TARAKAN;JWT;AOi4260706060634710ce1e50;1;Anomaly;
202609;AREA 1;SUMBAGUT;WESTERN MEDAN;LGS;AOi4260705010142567cedc70;0;Anomaly;
202609;AREA 4;KALIMANTAN;PANGKALAN BUN;KTP;AOi42607070939174965fc4d0;0;Anomaly;
202609;AREA 1;SUMBAGSEL;PALEMBANG;SKY;AOi4260709042248999d8b150;1;Anomaly;
202609;AREA 4;KALIMANTAN;TARAKAN;TAJ;AOi4260708014424456bbb6a0;0;Anomaly;
202609;AREA 2;CENTRAL JABOTABEK;NORTHERN JAKARTA;MRY;AOi4260703114432508441230;1;Anomaly;
202609;AREA 1;SUMBAGSEL;LAMPUNG;LKP;AOi426070106245855734ccb0;1;Anomaly;
202609;AREA 1;SUMBAGSEL;LAMPUNG;BKM;AOi4260710014447576076710;1;Anomaly;
202609;AREA 3;JATENG-DIY;PEKALONGAN;PML;AOi4260706072841191364d00;0;Anomaly;
202609;AREA 1;SUMBAGUT;WESTERN MEDAN;KSG;AOi4260708022344302901b10;0;Anomaly;
202609;AREA 2;JABAR;BANDUNG;CBE;AOi1260709044215445f0c910;1;Anomaly;
202609;AREA 1;SUMBAGSEL;BENGKULU;LHT;AOi42607050522509416b8930;0;Anomaly;
202609;AREA 4;KALIMANTAN;BANJARMASIN;TJL;AOi426063010075807983caf0;1;Anomaly;
202609;AREA 3;BALI NUSRA;MATARAM;DMP;AOi4260702054447659cd0670;0;Anomaly;
202609;AREA 2;JABAR;CIREBON;BON;AOi42607040138072589b3880;1;Anomaly;
202609;AREA 3;BALI NUSRA;DENPASAR;UBU;AOi4260630065041526107f10;1;Anomaly;
202609;AREA 4;KALIMANTAN;BALIKPAPAN;MLA;AOi126070506514318559b770;0;Anomaly;-17,99
202609;AREA 1;SUMBAGUT;WESTERN MEDAN;LGS;AOk42607081143590160f18a0;0;Anomaly;
202609;AREA 2;JABAR;BANDUNG;NJG;AOi4260710035309170ce7d90;1;Anomaly;-23,77
202609;AREA 3;JATENG-DIY;YOGYAKARTA;BTL;AOi4260709095233466784290;0;Anomaly;
202609;AREA 4;SULAWESI;PALU;PLB;AOi42607051030256320d16f0;1;Anomaly;
202609;AREA 4;KALIMANTAN;SAMARINDA;SMR;AOs3260711020342904ef7cf0;1;Anomaly;
202609;AREA 2;WESTERN JABOTABEK;TANGERANG;CPD;AOs32607080458141496c8920;1;Anomaly;
202609;AREA 3;JATENG-DIY;YOGYAKARTA;GOD;AOk426070702390256429b190;0;Anomaly;
202609;AREA 4;KALIMANTAN;PANGKALAN BUN;KTP;AOi4260707032803993470740;0;Anomaly;
202609;AREA 2;JABAR;BANDUNG;LBG;AOi4260705103158718f170e0;0;Anomaly;
202609;AREA 4;SULAWESI;PALU;TOL;AOi42607070106026989ff030;0;Anomaly;
202609;AREA 4;SULAWESI;PALU;PLA;AOi4260706101413858dfaed0;1;Anomaly;
202609;AREA 3;JATIM;SURABAYA;TNS;AOi4260703072606551fd2740;1;Anomaly;
202609;AREA 1;SUMBAGUT;BANDA ACEH;BNA;AOs3260709111548747f986b0;0;Anomaly;
202609;AREA 2;JABAR;SOREANG;SOR;AOi4260708091829340c7a5e0;0;Anomaly;
202609;AREA 1;SUMBAGSEL;PANGKAL PINANG;KBO;AOi4260706010643507c75160;1;Anomaly;
202609;AREA 2;WESTERN JABOTABEK;TANGERANG;SRP;AOs32607110657590602c8650;1;Anomaly;
202609;AREA 3;JATENG-DIY;PEKALONGAN;KDW;AOi4260707055252445b3aa40;0;Anomaly;
202609;AREA 3;BALI NUSRA;MATARAM;BIM;AOi42607010547190406c6be0;0;Anomaly;
202609;AREA 4;KALIMANTAN;TARAKAN;TAJ;AOi4260630082531919400540;0;Anomaly;
202609;AREA 1;SUMBAGUT;CENTRAL MEDAN;PUB;AOi1260710010445752208a70;1;Anomaly;
202609;AREA 1;SUMBAGSEL;LAMPUNG;KDT;AOi42607080936400769d2b00;0;Anomaly;
202609;AREA 3;JATIM;SURABAYA;SPG;AOi4260702042932578a4b380;0;Anomaly;
202609;AREA 2;JABAR;BANDUNG;CCD;AOi42607011127472190e23d0;0;Anomaly;
202609;AREA 4;SULAWESI;MANADO;JLL;AOi42607121227144799b96b0;1;Anomaly;
202609;AREA 3;JATIM;SIDOARJO;TUN;AOi4260710042716259301010;0;Anomaly;
202609;AREA 2;JABAR;BANDUNG;CJA;AOi4260709101913173562fd0;1;Anomaly;
202609;AREA 4;SULAWESI;MANADO;AMD;AOs3260710121139337419b70;0;Anomaly;
202609;AREA 4;SULAWESI;KENDARI;MDG;AOk4260706104505082cb1e00;0;Anomaly;
202609;AREA 2;EASTERN JABOTABEK;KARAWANG;BGG;AOs32607050920527778066c0;1;Anomaly;
202609;AREA 4;KALIMANTAN;PALANGKARAYA;PRC;AOb0260706073438056f58d30;1;Anomaly;
202609;AREA 3;JATIM;LAMONGAN;CRM;AOi4260710074321567c0e940;1;Anomaly;
202609;AREA 1;SUMBAGUT;WESTERN MEDAN;STB;AOi4260704050157624967170;1;Anomaly;
202609;AREA 1;SUMBAGUT;CENTRAL MEDAN;PUB;AOi4260711080334645dfa390;0;Anomaly;
202609;AREA 3;JATENG-DIY;SURAKARTA;KRT;AOi4260711095458653bb6a70;1;Anomaly;
202609;AREA 3;JATIM;MADIUN;NDL;AOi1260711081816059f9a400;0;Anomaly;
202609;AREA 4;KALIMANTAN;PANGKALAN BUN;KTP;AOi4260707033323024804560;0;Anomaly;
202609;AREA 3;JATENG-DIY;SEMARANG;MJP;AOi42606300814032425af660;1;Anomaly;
202609;AREA 4;SULAWESI;KENDARI;KKA;AOi4260706074854845f313f0;1;Anomaly;
202609;AREA 1;SUMBAGUT;PADANG SIDEMPUAN;PND;AOi4260710125233826d53180;0;Anomaly;
202609;AREA 4;MALUKU DAN PAPUA;JAYAPURA;ABE;AOs326070904401328649d020;0;Anomaly;
202609;AREA 4;KALIMANTAN;TARAKAN;TRK;AOi4260704085729233d7d200;0;Anomaly;
202609;AREA 4;SULAWESI;MAKASSAR;SUG;AOk426070111185385947e090;0;Anomaly;
202609;AREA 1;SUMBAGTENG;PEKANBARU;PKR;AOk42607100925392325f6470;1;Anomaly;
202609;AREA 1;SUMBAGSEL;JAMBI;BKO;AOi42607010312462282d3bc0;1;Anomaly;
202609;AREA 2;WESTERN JABOTABEK;SERANG;SEG;AOi4260711103559707387850;1;Anomaly;
202609;AREA 1;SUMBAGUT;CENTRAL MEDAN;CTD;AOi4260712034243214f1cb80;0;Anomaly;
202609;AREA 2;CENTRAL JABOTABEK;NORTHERN JAKARTA;KTX;AOi42607070845180036e5450;1;Anomaly;
202609;AREA 2;WESTERN JABOTABEK;SERANG;CUG;AOi4260711022349844363c40;0;Anomaly;
202609;AREA 2;JABAR;SOREANG;BJA;AOi426071207241479763e580;1;Anomaly;
202609;AREA 3;JATIM;SURABAYA;LKI;AOs3260710075237340b57470;0;Anomaly;
202609;AREA 2;WESTERN JABOTABEK;TANGERANG;CLD;AOi1260707112515200366d10;0;Comply;-22,43
202609;AREA 1;SUMBAGSEL;BENGKULU;TIS;AOi4260710095815206542240;1;Anomaly;
202609;AREA 1;SUMBAGSEL;PALEMBANG;BKS;AOk4260712025838097c9a1c0;0;Anomaly;
202609;AREA 3;BALI NUSRA;FLORES;KLH;AOk4260703074604404e0d570;0;Comply;-2,61
202609;AREA 4;KALIMANTAN;SAMARINDA;LKT;AOi426071003120257696cea0;1;Anomaly;
202609;AREA 4;KALIMANTAN;PANGKALAN BUN;SUA;AOi4260707031719844b4ea70;0;Anomaly;
202609;AREA 3;BALI NUSRA;MATARAM;SIL;AOi42607101250394300dab30;0;Anomaly;
202609;AREA 4;SULAWESI;PALU;PLB;AOi4260709054034579b628d0;1;Anomaly;
202609;AREA 4;SULAWESI;MAKASSAR;TMA;AOs3260709114437511196df0;0;Comply;-3,63
202609;AREA 4;SULAWESI;PALU;PGM;AOi42607030117193207243b0;1;Anomaly;
202609;AREA 1;SUMBAGTENG;DUMAI;UBT;AOi42607050204028667b7b60;0;Anomaly;
202609;AREA 1;SUMBAGSEL;BENGKULU;MUA;AOi4260701092413973983cf0;1;Anomaly;
202609;AREA 1;SUMBAGTENG;DUMAI;DUM;AOi42607041013589174987f0;0;Anomaly;
202609;AREA 4;SULAWESI;KENDARI;UNH;AOi42607041051235229cffe0;0;Anomaly;
202609;AREA 3;JATIM;JEMBER;PBL;AOi4260708073308048a9f730;0;Anomaly;
202609;AREA 4;MALUKU DAN PAPUA;AMBON;SML;AOi4260710111303473deea90;1;Anomaly;
202609;AREA 4;MALUKU DAN PAPUA;SORONG;SON;AOi42607030122014307bfc40;0;Anomaly;
202609;AREA 2;WESTERN JABOTABEK;SERANG;CKA;AOb0260709035016981a53ee0;0;Anomaly;
202609;AREA 2;JABAR;SOREANG;BJA;AOi4260709092832053487500;1;Anomaly;
202609;AREA 2;JABAR;BANDUNG;LBG;AOk42607061024047166263e0;0;Not Comply;76,59
202609;AREA 1;SUMBAGSEL;LAMPUNG;KBI;AOi4260710102003114aac100;0;Anomaly;
202609;AREA 3;JATENG-DIY;PURWOKERTO;PWT;AOi4260705083601881a8adb0;1;Anomaly;
202609;AREA 1;SUMBAGUT;RANTAU PRAPAT;RAP;AOi4260709054247470ada710;0;Anomaly;
202609;AREA 4;SULAWESI;PALU;TOL;AOi42607070106026989ff030;1;Anomaly;
202609;AREA 4;SULAWESI;PARE-PARE;PLP;AOi426070704104252094c9e0;0;Anomaly;
202609;AREA 2;CENTRAL JABOTABEK;NORTHERN JAKARTA;PLM;AOi4260630104447880436560;0;Anomaly;
202609;AREA 4;KALIMANTAN;TARAKAN;TRK;AOk4260709084417753ca9090;0;Anomaly;
202609;AREA 4;MALUKU DAN PAPUA;JAYAPURA;ABE;AOi4260629014031126547520;0;Anomaly;
202609;AREA 2;JABAR;BANDUNG;UBR;AOi4260706091627989dc17f0;0;Anomaly;
202609;AREA 2;JABAR;BANDUNG;CJA;AOi426070902542894734ec70;1;Anomaly;
202609;AREA 1;SUMBAGUT;RANTAU PRAPAT;ANR;AOi42607070915435585d28c0;0;Comply;2,20
202609;AREA 1;SUMBAGUT;WESTERN MEDAN;LSM;AOk426070711234254171bf20;0;Anomaly;
202609;AREA 4;SULAWESI;MAKASSAR;SUD;AOi4260630031144471967fd0;0;Anomaly;
202609;AREA 1;SUMBAGSEL;PALEMBANG;SKY;AOi4260709042248999d8b150;1;Anomaly;
202609;AREA 4;KALIMANTAN;TARAKAN;TRK;AOi42607011114328697e9640;0;Anomaly;
202609;AREA 1;SUMBAGSEL;LAMPUNG;KBI;AOi4260708014903519115e50;0;Anomaly;
202609;AREA 1;SUMBAGSEL;JAMBI;TTJ;AOi4260711111136776f96c40;1;Anomaly;
202609;AREA 1;SUMBAGUT;WESTERN MEDAN;PGL;AOi4260711095510157231eb0;0;Anomaly;
202609;AREA 1;SUMBAGTENG;DUMAI;BKN;AOi4260701124558286bc32b0;1;Anomaly;-118,08
202609;AREA 1;SUMBAGTENG;PEKANBARU;PBB;AOi42607080423233543f3430;1;Anomaly;
202609;AREA 3;JATIM;SURABAYA;TNS;AOs32607010305014403470d0;0;Anomaly;
202609;AREA 3;BALI NUSRA;MATARAM;MTR;AOi426070609025109780aee0;0;Anomaly;
202609;AREA 1;SUMBAGTENG;DUMAI;DUM;AOi4260701063938529582af0;1;Anomaly;
202609;AREA 3;BALI NUSRA;KUPANG;KPN;AOi426070811425085158b900;0;Anomaly;
202609;AREA 3;BALI NUSRA;DENPASAR;KLM;AOi4260701063703371a07300;1;Anomaly;
202609;AREA 3;BALI NUSRA;KUPANG;KPN;AOi42607110250320952636d0;1;Anomaly;
202609;AREA 1;SUMBAGUT;PEMATANG SIANTAR;BST;AOi4260702092439743e77c40;0;Anomaly;
202609;AREA 4;SULAWESI;KENDARI;KKA;AOk4260711093001129cb0ae0;1;Anomaly;
202609;AREA 4;KALIMANTAN;SAMARINDA;STT;AOi42607060614154931c4790;0;Anomaly;
202609;AREA 2;WESTERN JABOTABEK;TANGERANG;CPA;AOi4260704053712751e28e00;1;Anomaly;
202609;AREA 1;SUMBAGSEL;JAMBI;SPN;AOi4260708085736673840580;1;Anomaly;
202609;AREA 4;KALIMANTAN;TARAKAN;TAJ;AOk426071001392614575afa0;0;Anomaly;
202609;AREA 2;JABAR;BANDUNG;HGM;AOk4260704114521673507c20;1;Anomaly;
202609;AREA 1;SUMBAGTENG;BATAM;SKN;AOi4260711044534741021ff0;1;Anomaly;
202609;AREA 4;MALUKU DAN PAPUA;AMBON;PAO;AOi4260710081726031386cd0;1;Anomaly;-26,62
202609;AREA 1;SUMBAGUT;BANDA ACEH;SNA;AOi426070112481841300bc40;0;Anomaly;
202609;AREA 4;SULAWESI;MANADO;TMH;AOi426062910541970891e820;1;Anomaly;
202609;AREA 3;JATIM;SIDOARJO;SDA;AOs3260711084421156431b90;0;Anomaly;
202609;AREA 2;CENTRAL JABOTABEK;SOUTHERN JAKARTA;TBE;AOk42607121228477875e10a0;1;Anomaly;-44,38
202609;AREA 4;SULAWESI;MAKASSAR;TMA;AOk4260703114517601f25200;1;Anomaly;
202609;AREA 4;SULAWESI;BONE;SLY;AOk42607080926143541b4870;1;Anomaly;
202609;AREA 1;SUMBAGTENG;BATAM;SLU;AOk426071205524245387a6b0;1;Anomaly;
202609;AREA 4;SULAWESI;PALU;PLB;AOi42607080203170764eead0;1;Anomaly;
202609;AREA 3;JATENG-DIY;SURAKARTA;KTO;AOk42607080147584919480d0;1;Anomaly;
202609;AREA 2;JABAR;SOREANG;SOR;AOi4260701120450205d9dff0;1;Anomaly;
202609;AREA 4;SULAWESI;KENDARI;LSS;AOi42607120117535945a5420;1;Anomaly;
202609;AREA 3;JATENG-DIY;PEKALONGAN;BDY;AOi4260629042550671960a30;1;Anomaly;
202609;AREA 3;BALI NUSRA;FLORES;RTE;AOi4260630100418757bbdde0;0;Anomaly;
202609;AREA 3;BALI NUSRA;DENPASAR;KUT;AOi4260707030154452887180;1;Anomaly;-51,05
202609;AREA 2;JABAR;BANDUNG;TRG;AOk42607090331258989031a0;1;Anomaly;
202609;AREA 4;MALUKU DAN PAPUA;AMBON;PAO;AOi42607111036227376972a0;1;Anomaly;
202609;AREA 3;JATENG-DIY;SURAKARTA;KTO;AOi4260711064757237e40350;1;Anomaly;
202609;AREA 4;SULAWESI;KENDARI;MDG;AOk4260706104505082cb1e00;1;Anomaly;
202609;AREA 4;SULAWESI;MANADO;SFI;AOk42607030735034863a5ac0;1;Anomaly;
202609;AREA 3;JATIM;SIDOARJO;MRT;AOi4260701092352036b45ca0;0;Anomaly;
202609;AREA 4;KALIMANTAN;SAMARINDA;STT;AOi4260711020537010aa53b0;1;Anomaly;
202609;AREA 1;SUMBAGUT;BANDA ACEH;TTN;AOi426071008064164386ae70;0;Anomaly;
202609;AREA 3;JATIM;SURABAYA;JGR;AOi1260704104822904e280f0;1;Anomaly;-14,51
202609;AREA 4;SULAWESI;MANADO;AMD;AOi426070812405414581e220;1;Anomaly;
202609;AREA 4;KALIMANTAN;PONTIANAK;SAO;AOi4260711114538387aa0220;1;Anomaly;
202609;AREA 1;SUMBAGSEL;JAMBI;TTJ;AOi426070701202179769ee50;1;Anomaly;
202609;AREA 3;JATIM;SURABAYA;MYR;AOs3260712115830476659340;1;Anomaly;
202609;AREA 4;KALIMANTAN;PONTIANAK;SAO;AOi4260705015443808769cd0;0;Anomaly;
202609;AREA 2;CENTRAL JABOTABEK;NORTHERN JAKARTA;TPR;AOi12607041144035061beae0;0;Anomaly;
202609;AREA 1;SUMBAGTENG;DUMAI;DRI;AOi42607080829096185bf500;0;Anomaly;
202609;AREA 1;SUMBAGTENG;PADANG;LIM;AOi1260712124700211cad990;1;Anomaly;
202609;AREA 1;SUMBAGTENG;BATAM;SKN;AOi42607071256177839dfdd0;1;Anomaly;
202609;AREA 2;EASTERN JABOTABEK;KARAWANG;BGG;AOi42607081002383240bd690;1;Anomaly;
202609;AREA 2;EASTERN JABOTABEK;BEKASI;KRA;AOi4260703105112135eafe70;1;Anomaly;
202609;AREA 1;SUMBAGUT;BANDA ACEH;SKL;AOi4260708091855948ea80f0;0;Anomaly;
202609;AREA 1;SUMBAGUT;CENTRAL MEDAN;TMU;AOi42607100204305882835f0;1;Anomaly;
202609;AREA 2;CENTRAL JABOTABEK;NORTHERN JAKARTA;TPR;AOi12607041144035061beae0;1;Anomaly;
202609;AREA 4;SULAWESI;PALU;PLA;AOi4260709063302226ed3830;0;Anomaly;
202609;AREA 1;SUMBAGSEL;BENGKULU;PGA;AOs32607050318426343eb1d0;1;Anomaly;
202609;AREA 4;SULAWESI;GORONTALO;GTL;AOi42607010559269127e7260;1;Anomaly;
202609;AREA 4;SULAWESI;PARE-PARE;MAS;AOi4260704090857835caa300;0;Anomaly;
202609;AREA 4;KALIMANTAN;BANJARMASIN;ULI;AOi426071010151135983a680;1;Anomaly;
202609;AREA 1;SUMBAGUT;PEMATANG SIANTAR;TBT;AOi4260708110233855b38d40;0;Anomaly;
202609;AREA 3;JATENG-DIY;SEMARANG;JPR;AOi42607020639174369e3e80;1;Anomaly;
202609;AREA 3;BALI NUSRA;DENPASAR;UBN;AOs32607101011392293f1ef0;0;Anomaly;
202609;AREA 1;SUMBAGUT;RANTAU PRAPAT;ANR;AOi4260709034841384d55e00;0;Anomaly;
202609;AREA 3;BALI NUSRA;MATARAM;SBW;AOk42607011034566218807a0;0;Anomaly;
202609;AREA 1;SUMBAGSEL;PANGKAL PINANG;PGP;AOi4260703011723563bc9f50;1;Anomaly;
202609;AREA 2;JABAR;BANDUNG;RJW;AOi4260706052640368993170;0;Anomaly;
202609;AREA 4;KALIMANTAN;BANJARMASIN;TJL;AOi426063010075807983caf0;1;Anomaly;
202609;AREA 3;JATIM;MALANG;KLJ;AOi12607131121476997ba8e0;1;Anomaly;
202609;AREA 1;SUMBAGUT;CENTRAL MEDAN;TJM;PDAk4260709120316690f4ee00;0;Anomaly;
202609;AREA 1;SUMBAGTENG;PADANG;SLK;AOi4260713090009129720660;1;Anomaly;
202609;AREA 3;BALI NUSRA;KUPANG;ATB;AOs3260630070829544ded1f0;0;Anomaly;
202609;AREA 1;SUMBAGUT;PEMATANG SIANTAR;SDK;AOi4260703112956307c780b0;0;Anomaly;
202609;AREA 3;JATIM;SURABAYA;KBL;AOi126071204385080695aed0;0;Anomaly;
202609;AREA 2;CENTRAL JABOTABEK;SOUTHERN JAKARTA;KBY;PDAk42607020944515807a0d10;0;Anomaly;
202609;AREA 4;KALIMANTAN;BALIKPAPAN;BTK;AOi4260703095835367627270;0;Anomaly;
202609;AREA 1;SUMBAGSEL;LAMPUNG;WJA;AOs3260703124727921cafcc0;1;Anomaly;
202609;AREA 1;SUMBAGTENG;PADANG;SRT;AOi42607110858255915eeee0;0;Anomaly;
202609;AREA 1;SUMBAGUT;RANTAU PRAPAT;ANR;AOi42607070915435585d28c0;1;Anomaly;
202609;AREA 1;SUMBAGUT;RANTAU PRAPAT;ANR;AOi4260709080747651e4caf0;0;Comply;-26,32
202609;AREA 4;KALIMANTAN;BANJARMASIN;MTP;AOi4260711093344166dda160;0;Anomaly;
202609;AREA 4;SULAWESI;BONE;BLK;AOi4260702064203385471890;1;Anomaly;5,09
202609;AREA 4;MALUKU DAN PAPUA;JAYAPURA;SNI;AOi126071012462115663e8b0;0;Anomaly;
202609;AREA 4;SULAWESI;PALU;PLA;AOi4260709023904240ad2a40;1;Anomaly;
202609;AREA 3;BALI NUSRA;MATARAM;SAP;AOs3260630045435498e01160;1;Anomaly;
202609;AREA 4;SULAWESI;MANADO;AMD;PDAk42607011126581162b2cb0;1;Anomaly;
202609;AREA 1;SUMBAGTENG;PADANG;TWI;AOi4260704115133827482710;1;Anomaly;-2,38
202609;AREA 1;SUMBAGSEL;LAMPUNG;KBI;AOi4260709015807302abe8d0;0;Anomaly;
202609;AREA 1;SUMBAGUT;CENTRAL MEDAN;CTD;AOi4260711064049649199710;0;Anomaly;
202609;AREA 1;SUMBAGTENG;BATAM;TUB;AOi42607131220571664b1680;1;Anomaly;
202609;AREA 3;BALI NUSRA;MATARAM;MTR;PDAk4260628064953657abf680;1;Anomaly;
202609;AREA 1;SUMBAGUT;CENTRAL MEDAN;TMU;AOk4260703120825250cfe770;0;Comply;-28,53
202609;AREA 2;WESTERN JABOTABEK;SERANG;TGR;AOi126071407053304643a330;0;Anomaly;
202609;AREA 3;BALI NUSRA;KUPANG;KPN;AOi42607030321165530fbc30;0;Anomaly;
202609;AREA 4;KALIMANTAN;SAMARINDA;SBR;AOk42607080238130783d7b50;1;Anomaly;-22,18
202609;AREA 1;SUMBAGUT;WESTERN MEDAN;PRL;AOi42607070413390503281d0;0;Anomaly;
202609;AREA 4;SULAWESI;KENDARI;MDG;AOi42607070102307912303e0;1;Anomaly;
202609;AREA 3;BALI NUSRA;KUPANG;OSP;AOi4260702041546126d65410;1;Anomaly;
202609;AREA 4;SULAWESI;MAKASSAR;PNK;AOb0260710043527646153760;1;Anomaly;
202609;AREA 1;SUMBAGTENG;PADANG;PDS;AOi4260708121655548345300;1;Anomaly;
202609;AREA 2;JABAR;BANDUNG;UBR;AOi4260702014638209c52b40;0;Anomaly;
202609;AREA 3;JATENG-DIY;MAGELANG;SWT;AOi4260705034220808c9b840;0;Anomaly;
202609;AREA 4;SULAWESI;PALU;LWU;AOi426070304090750486ed30;0;Anomaly;
202609;AREA 3;JATENG-DIY;YOGYAKARTA;BBS;AOi12607081030379988904e0;0;Anomaly;
202609;AREA 4;MALUKU DAN PAPUA;AMBON;TUA;AOk426070901591713382d0f0;1;Anomaly;
202609;AREA 2;JABAR;BANDUNG;BTJ;AOi4260702114753719418f20;1;Anomaly;
202609;AREA 1;SUMBAGTENG;BATAM;SLU;AOi4260712115317705328280;1;Anomaly;
202609;AREA 1;SUMBAGTENG;PEKANBARU;ARK;AOi4260708125109532624840;1;Anomaly;
202609;AREA 4;KALIMANTAN;BALIKPAPAN;MBD;AOi42607070342310217479f0;1;Anomaly;
202609;AREA 1;SUMBAGUT;BANDA ACEH;BNA;AOi4260713110202113d0fd50;0;Anomaly;
202609;AREA 4;KALIMANTAN;BALIKPAPAN;TNG;AOi1260713100623482468690;1;Anomaly;
202609;AREA 3;JATIM;SIDOARJO;SDA;PDAk4260713073821630b80d40;0;Comply;-20,22
202609;AREA 1;SUMBAGSEL;BENGKULU;MKO;AOi426070807573754419b970;1;Anomaly;
202609;AREA 3;JATENG-DIY;SURAKARTA;MSO;AOk4260701115001074ad4f30;1;Anomaly;
202609;AREA 4;KALIMANTAN;PONTIANAK;STG;AOi4260702053931597db8030;0;Anomaly;
202609;AREA 3;BALI NUSRA;FLORES;RTE;AOi4260704062637454289780;0;Anomaly;
202609;AREA 4;KALIMANTAN;PANGKALAN BUN;SAI;AOi426071112102096240f050;0;Comply;-19,52
202609;AREA 2;CENTRAL JABOTABEK;NORTHERN JAKARTA;CKG;AOi126070905184004394e890;1;Anomaly;-92,25
202609;AREA 3;BALI NUSRA;FLORES;LRT;AOi426071105035663538f9e0;0;Anomaly;
202609;AREA 4;SULAWESI;GORONTALO;GTL;AOi426070805293864147fec0;1;Anomaly;
202609;AREA 2;JABAR;TASIKMALAYA;WNR;AOi42607061225325383340d0;1;Anomaly;
202609;AREA 3;JATENG-DIY;SEMARANG;DMA;AOk42607101120140787863d0;0;Comply;-18,99
202609;AREA 4;KALIMANTAN;PONTIANAK;SGU;AOk426071010405419848bee0;0;Anomaly;
202609;AREA 3;JATENG-DIY;SURAKARTA;RDB;AOs3260712061150712d3cb50;0;Anomaly;
202609;AREA 1;SUMBAGUT;PEMATANG SIANTAR;LBK;AOi4260701104930491ef7560;0;Anomaly;
202609;AREA 1;SUMBAGUT;CENTRAL MEDAN;TJR;AOi4260710063726546f3e660;0;Anomaly;
202609;AREA 4;SULAWESI;KENDARI;MDG;AOi4260713084020011432f30;0;Anomaly;
202609;AREA 3;BALI NUSRA;DENPASAR;GIN;AOi4260707074643275858080;0;Anomaly;
202609;AREA 2;EASTERN JABOTABEK;BOGOR;SKB;AOi4260710064721208ded800;1;Anomaly;
202609;AREA 3;JATENG-DIY;YOGYAKARTA;PKM;PDAk4260708122121683c54840;1;Anomaly;
202609;AREA 4;SULAWESI;KENDARI;UNH;AOi4260704080517110990980;1;Anomaly;
202609;AREA 3;JATIM;SIDOARJO;SDA;AOi4260704082934689ceeb70;0;Comply;-18,38
202609;AREA 1;SUMBAGTENG;DUMAI;DUM;AOi4260701081706260548360;1;Anomaly;
202609;AREA 3;JATIM;MALANG;BLB;AOs32607131212253020296c0;1;Anomaly;
202609;AREA 1;SUMBAGTENG;PEKANBARU;PKR;AOk42607100925392325f6470;0;Anomaly;
202609;AREA 2;EASTERN JABOTABEK;BOGOR;PAG;AOs3260713082919814566d80;1;Anomaly;
202609;AREA 2;CENTRAL JABOTABEK;NORTHERN JAKARTA;TGA;AOi4260708100543727c26e50;1;Anomaly;
202609;AREA 3;JATENG-DIY;SURAKARTA;PEN;AOi4260705124412073d1a4b0;1;Anomaly;
202609;AREA 4;KALIMANTAN;PONTIANAK;MPW;AOi4260630110847219920800;0;Anomaly;
202609;AREA 3;BALI NUSRA;DENPASAR;UBN;AOk42607021028406914faa70;1;Anomaly;
202609;AREA 2;JABAR;BANDUNG;LBG;AOi4260709124104492145340;0;Anomaly;
202609;AREA 4;KALIMANTAN;BALIKPAPAN;MLA;AOi126070506514318559b770;1;Anomaly;
202609;AREA 2;EASTERN JABOTABEK;KARAWANG;CIB;AOs32607110830274280ba200;1;Anomaly;
202609;AREA 1;SUMBAGTENG;PADANG;BDT;AOs3260713093606799dc0b30;1;Anomaly;
202609;AREA 1;SUMBAGSEL;PALEMBANG;TLK;AOi4260708122856516951b90;1;Anomaly;
202609;AREA 2;CENTRAL JABOTABEK;SOUTHERN JAKARTA;TBE;AOs3260714085455906999ea0;0;Anomaly;
202609;AREA 2;JABAR;CIREBON;KNG;AOs326071411330699859d610;0;Anomaly;
202609;AREA 4;KALIMANTAN;BALIKPAPAN;LIK;AOi426070812530362015d900;1;Anomaly;
202609;AREA 3;JATIM;SURABAYA;KNN;AOi1260701060401056d3a290;1;Anomaly;
202609;AREA 4;KALIMANTAN;BALIKPAPAN;BRU;AOi12607110258069649522c0;0;Anomaly;
202609;AREA 4;KALIMANTAN;BALIKPAPAN;PNJ;AOi4260701103147543ae06b0;1;Anomaly;
202609;AREA 4;MALUKU DAN PAPUA;SORONG;SON;AOi4260713112154583157a20;1;Anomaly;
202609;AREA 3;BALI NUSRA;DENPASAR;NGR;AOi42606270445599395d3c20;1;Anomaly;
202609;AREA 1;SUMBAGUT;PEMATANG SIANTAR;PMY;AOi4260713082024663a35850;0;Anomaly;
202609;AREA 1;SUMBAGTENG;PADANG;BDT;AOi1260701082909790026340;1;Anomaly;
202609;AREA 4;MALUKU DAN PAPUA;AMBON;TUA;AOk426070610045672802e1b0;1;Anomaly;
202609;AREA 4;SULAWESI;PARE-PARE;PLP;AOi42607061022402255c2e40;0;Anomaly;
202609;AREA 1;SUMBAGTENG;BUKIT TINGGI;PDJ;AOi42607040106281024a2f60;1;Anomaly;
202609;AREA 4;KALIMANTAN;PALANGKARAYA;MTW;AOk42607030234411568822e0;1;Anomaly;4,08
202609;AREA 2;JABAR;BANDUNG;CJA;AOi42607041225576293acdf0;1;Anomaly;
202609;AREA 1;SUMBAGUT;CENTRAL MEDAN;TJR;AOi4260705084222117572a00;1;Anomaly;
202609;AREA 2;JABAR;BANDUNG;LBG;AOi426071105473659798e060;0;Anomaly;
202609;AREA 1;SUMBAGTENG;PEKANBARU;ARK;AOi4260703041759663829ef0;1;Anomaly;
202609;AREA 2;EASTERN JABOTABEK;BEKASI;PDE;AOi126071412042772097d7f0;0;Anomaly;
202609;AREA 3;JATIM;SURABAYA;TNS;AOs326071209153314325f7d0;0;Comply;-21,59
202609;AREA 3;JATENG-DIY;PURWOKERTO;CLC;AOi4260711074259192ef98b0;1;Anomaly;
202609;AREA 1;SUMBAGTENG;BATAM;DBS;AOi4260706115616206947a70;1;Anomaly;
202609;AREA 2;WESTERN JABOTABEK;TANGERANG;CPD;AOs32607130626147066083f0;0;Anomaly;
202609;AREA 2;CENTRAL JABOTABEK;SOUTHERN JAKARTA;BIN;AOi426070204205193259bce0;1;Anomaly;
202609;AREA 3;JATIM;SURABAYA;LKI;AOi1260706051525410984610;1;Anomaly;
202609;AREA 1;SUMBAGUT;BANDA ACEH;LNO;AOi4260709032007572481e10;0;Anomaly;
202609;AREA 3;JATIM;SURABAYA;MYR;AOi4260705032334623d32f00;1;Anomaly;
202609;AREA 1;SUMBAGSEL;JAMBI;JMI;AOi42607121119190112f3150;0;Anomaly;
202609;AREA 4;SULAWESI;MANADO;LAN;AOi4260709110059603a65670;1;Anomaly;
202609;AREA 3;JATENG-DIY;SURAKARTA;KTO;PDAk4260703010747931ff8d60;1;Anomaly;
202609;AREA 1;SUMBAGUT;PEMATANG SIANTAR;PMY;AOi4260709120634510670d60;0;Anomaly;
202609;AREA 1;SUMBAGUT;CENTRAL MEDAN;CTD;AOi4260704024818131e91090;1;Anomaly;
202609;AREA 4;SULAWESI;MANADO;LAN;AOs326070107333319061e7b0;0;Anomaly;
202609;AREA 3;BALI NUSRA;KUPANG;OSP;AOi4260703072232204fec990;1;Anomaly;
202609;AREA 4;SULAWESI;MANADO;TOB;AOk42606300110585114e7b40;1;Anomaly;3,94
202609;AREA 2;JABAR;CIREBON;SUB;AOi4260710094032774574150;0;Anomaly;
202609;AREA 3;JATIM;SURABAYA;KNN;AOi426070108221391095b4c0;0;Anomaly;
202609;AREA 3;BALI NUSRA;DENPASAR;TOP;AOi426070911415738992bd10;0;Anomaly;
202609;AREA 4;SULAWESI;KENDARI;MDG;AOi126071205514949434ad90;0;Anomaly;
202609;AREA 1;SUMBAGTENG;PADANG;SUN;AOi4260701090721991580b90;1;Anomaly;
202609;AREA 4;KALIMANTAN;TARAKAN;TLA;AOi426070304312687395ebd0;0;Anomaly;
202609;AREA 2;WESTERN JABOTABEK;SERANG;CKA;AOs3260702124526714852090;1;Anomaly;
202609;AREA 3;BALI NUSRA;KUPANG;KPN;AOi42607100113215482f5c30;1;Anomaly;
202609;AREA 2;JABAR;CIREBON;CBN;AOi4260708093933035c5b320;1;Anomaly;
202609;AREA 4;KALIMANTAN;BALIKPAPAN;SEP;AOi4260701101819803fed5d0;0;Anomaly;
202609;AREA 1;SUMBAGSEL;LAMPUNG;TGP;AOi4260713040835057566020;0;Anomaly;
202609;AREA 3;BALI NUSRA;MATARAM;DMP;AOi426070609551906936d4e0;0;Anomaly;
202609;AREA 3;JATIM;SURABAYA;KNN;AOi12607120743015065e6f80;1;Anomaly;
202609;AREA 4;SULAWESI;MAKASSAR;SUD;AOi4260630031144471967fd0;0;Anomaly;
202609;AREA 4;KALIMANTAN;PONTIANAK;SNW;AOi4260630041238940361a30;1;Anomaly;
202609;AREA 1;SUMBAGTENG;PEKANBARU;MIS;AOi4260707033744444e89b80;1;Anomaly;
202609;AREA 4;MALUKU DAN PAPUA;SORONG;MWR;AOi4260713052454279ab2bf0;0;Anomaly;
202609;AREA 4;SULAWESI;KENDARI;PMA;AOs3260626035346893467e00;0;Anomaly;
202609;AREA 2;JABAR;SOREANG;SOR;AOi4260707122043873df0670;1;Anomaly;
202609;AREA 1;SUMBAGUT;CENTRAL MEDAN;CTD;AOi4260704024818131e91090;1;Anomaly;
202609;AREA 4;SULAWESI;KENDARI;MDG;AOk4260706104505082cb1e00;0;Anomaly;
202609;AREA 2;JABAR;TASIKMALAYA;BNJ;AOi4260710021505616c148d0;1;Anomaly;
202609;AREA 4;SULAWESI;PALU;PGM;AOi42607030117193207243b0;0;Anomaly;
202609;AREA 2;CENTRAL JABOTABEK;SOUTHERN JAKARTA;CWA;AOs3260711094343862f189c0;1;Anomaly;
202609;AREA 4;KALIMANTAN;PANGKALAN BUN;KTP;AOi4260628043533684eb2d60;1;Anomaly;
202609;AREA 4;MALUKU DAN PAPUA;SORONG;FFA;AOs32607080211025700a3530;0;Anomaly;
202609;AREA 1;SUMBAGSEL;BENGKULU;LLG;AOi4260709032602096d78d10;1;Anomaly;
202609;AREA 3;JATENG-DIY;MAGELANG;MUN;AOi4260710043127475d463a0;1;Anomaly;
202609;AREA 1;SUMBAGTENG;BUKIT TINGGI;PAM;AOi4260711040224586bf0700;0;Anomaly;
202609;AREA 4;SULAWESI;PARE-PARE;PLP;AOs3260710114753421b376c0;0;Anomaly;
202609;AREA 3;JATENG-DIY;SURAKARTA;KTO;AOi4260703015649880d03f40;1;Anomaly;
202609;AREA 1;SUMBAGSEL;LAMPUNG;KDT;AOi4260714122230242104ec0;1;Anomaly;
202609;AREA 3;JATIM;SURABAYA;KPS;AOi4260708084255735b16590;1;Anomaly;
202609;AREA 3;JATENG-DIY;SURAKARTA;KTO;AOs3260712122342041586c10;1;Anomaly;
202609;AREA 4;KALIMANTAN;PONTIANAK;BKY;AOk4260709020628487b24460;1;Anomaly;
202609;AREA 1;SUMBAGSEL;JAMBI;BKO;AOi4260627112725097bb8400;1;Anomaly;
202609;AREA 1;SUMBAGTENG;DUMAI;BGU;AOi42607070205413998818d0;0;Anomaly;
202609;AREA 3;BALI NUSRA;DENPASAR;KLM;AOs32607021153175314f1f00;1;Anomaly;
202609;AREA 3;JATENG-DIY;SEMARANG;WLR;AOi42607061242557647e61a0;1;Anomaly;
202609;AREA 1;SUMBAGSEL;PALEMBANG;SKY;AOi4260709042248999d8b150;1;Anomaly;
202609;AREA 1;SUMBAGUT;WESTERN MEDAN;LSM;AOi42607060117390430ca8f0;0;Anomaly;
202609;AREA 4;KALIMANTAN;PONTIANAK;SAO;AOi4260705015443808769cd0;1;Anomaly;
202609;AREA 3;JATENG-DIY;MAGELANG;MUN;AOi1260708125156435390d60;1;Anomaly;
202609;AREA 3;BALI NUSRA;KUPANG;TNA;AOi4260710011430812696370;1;Anomaly;
202609;AREA 3;BALI NUSRA;KUPANG;ATB;AOi4260708021932571f154a0;0;Anomaly;
202609;AREA 1;SUMBAGUT;PEMATANG SIANTAR;TBT;AOi42607081138573079dbdf0;0;Anomaly;
202609;AREA 4;KALIMANTAN;SAMARINDA;SMR;AOi4260707022347353f65ad0;1;Anomaly;
202609;AREA 4;SULAWESI;KENDARI;KKA;AOk4260713111443948688560;0;Anomaly;
202609;AREA 1;SUMBAGSEL;LAMPUNG;KDT;AOs32607040655078116633a0;1;Anomaly;
202609;AREA 2;EASTERN JABOTABEK;KARAWANG;TAR;AOs3260711053033398fb8b00;1;Anomaly;
202609;AREA 2;EASTERN JABOTABEK;BOGOR;SKB;AOi426070110503927729dcc0;0;Comply;-19,80
202609;AREA 2;WESTERN JABOTABEK;TANGERANG;LKG;AOi1260711062816912550590;0;Anomaly;
202609;AREA 1;SUMBAGTENG;DUMAI;BGU;AOi42607110532346845a0370;1;Anomaly;
202609;AREA 2;JABAR;TASIKMALAYA;CKJ;AOi4260708035714073edda10;1;Anomaly;-11,72
202609;AREA 4;SULAWESI;KENDARI;KKA;AOk42607140926063582ff9a0;1;Anomaly;-0,55
202609;AREA 3;JATIM;SURABAYA;MYR;PDAk4260711105810433bf96a0;1;Anomaly;
202609;AREA 2;CENTRAL JABOTABEK;NORTHERN JAKARTA;PDM;AOs326071310304401035a820;0;Anomaly;
202609;AREA 4;SULAWESI;PALU;PLA;AOi4260714053731515b93b00;0;Anomaly;
202609;AREA 4;KALIMANTAN;PONTIANAK;SED;AOi4260712033002027466b10;1;Anomaly;
202609;AREA 2;JABAR;CIREBON;CBN;AOk426070804445737291fba0;0;Anomaly;
202609;AREA 2;JABAR;TASIKMALAYA;MLB;AOi4260630024309305864e80;0;Anomaly;
202609;AREA 3;JATIM;MALANG;BLB;AOs3260710120449868c0e240;1;Anomaly;
202609;AREA 4;SULAWESI;MANADO;LAN;AOi42607070637545005b6cd0;1;Anomaly;
202609;AREA 3;BALI NUSRA;MATARAM;SGG;AOi42607050649364068877e0;0;Anomaly;
202609;AREA 3;JATIM;SIDOARJO;TPO;AOi4260713121443191ef6a50;1;Anomaly;
202609;AREA 3;JATIM;JEMBER;PBL;AOi4260714030345267606fe0;1;Anomaly;
202609;AREA 3;JATENG-DIY;YOGYAKARTA;PKM;AOi42607060423335536a4930;1;Anomaly;
202609;AREA 2;EASTERN JABOTABEK;BEKASI;PKY;AOi42607070154215508e7b10;0;Anomaly;
202609;AREA 2;JABAR;BANDUNG;RJW;AOi4260628091638503a68710;1;Anomaly;
202609;AREA 1;SUMBAGTENG;DUMAI;TAK;AOi4260707021019730aff8c0;0;Anomaly;
202609;AREA 4;SULAWESI;GORONTALO;MRS;AOi4260709084630156125400;1;Anomaly;
202609;AREA 4;SULAWESI;PALU;PLA;AOi4260711122642327370660;1;Anomaly;
202609;AREA 4;MALUKU DAN PAPUA;AMBON;PAO;AOi42607090311518778fd7f0;1;Anomaly;
202609;AREA 4;KALIMANTAN;TARAKAN;TRK;AOi42607140755544240c8840;1;Anomaly;
202609;AREA 2;EASTERN JABOTABEK;BEKASI;DEP;AOk4260708052618190e85b00;0;Anomaly;
202609;AREA 2;CENTRAL JABOTABEK;SOUTHERN JAKARTA;KBY;AOs3260714125531840a83a80;0;Anomaly;
202609;AREA 3;JATENG-DIY;SURAKARTA;KTO;AOi4260708062039725e232b0;1;Anomaly;
202609;AREA 2;EASTERN JABOTABEK;KARAWANG;PWK;AOi12607110557314665fa860;0;Anomaly;
202609;AREA 1;SUMBAGTENG;PEKANBARU;PKR;AOi4260710023911268683c10;1;Anomaly;
202609;AREA 2;JABAR;TASIKMALAYA;PMP;AOi4260709030913557c20dd0;1;Anomaly;
202609;AREA 1;SUMBAGUT;CENTRAL MEDAN;TJR;AOi4260714012654027ac2de0;0;Anomaly;
202609;AREA 4;KALIMANTAN;SAMARINDA;LMP;AOi4260709065056556ab1e90;0;Anomaly;
202609;AREA 4;SULAWESI;MANADO;KTG;AOi4260713103626682510f30;0;Anomaly;
202609;AREA 1;SUMBAGTENG;PADANG;PDC;PDAk4260704101342001774780;0;Anomaly;
202609;AREA 3;JATIM;SURABAYA;MGO;AOi4260715080421572098190;0;Anomaly;
202609;AREA 4;SULAWESI;KENDARI;MDG;AOi4260709044338416ed3d90;1;Anomaly;-49,22
202609;AREA 4;KALIMANTAN;SAMARINDA;LMP;AOi4260701061001860ef28a0;1;Anomaly;
202609;AREA 1;SUMBAGTENG;DUMAI;UBT;AOs32607141010111036b92a0;1;Anomaly;
202609;AREA 4;KALIMANTAN;PONTIANAK;BKY;AOs326071303060741513cd50;1;Anomaly;
202609;AREA 1;SUMBAGTENG;BATAM;BTC;AOi1260715104105782b12400;1;Anomaly;
202609;AREA 3;JATIM;MALANG;TMP;AOi42607011130555546c0120;0;Anomaly;
202609;AREA 2;WESTERN JABOTABEK;TANGERANG;LKG;AOs3260709092536400b0b960;0;Anomaly;
202609;AREA 2;JABAR;BANDUNG;RJW;AOi4260702090953780c67140;1;Anomaly;
202609;AREA 1;SUMBAGUT;BANDA ACEH;LOA;AOi42607140857411651cd490;0;Anomaly;
202609;AREA 1;SUMBAGUT;BANDA ACEH;LBR;AOi4260710024508153c82530;0;Anomaly;
202609;AREA 3;BALI NUSRA;KUPANG;KPN;AOi4260710031449763735730;0;Anomaly;
202609;AREA 4;SULAWESI;MANADO;LAN;AOi426071008394675523fbc0;0;Anomaly;
202609;AREA 1;SUMBAGUT;PEMATANG SIANTAR;PMY;AOi4260709120634510670d60;0;Anomaly;
202609;AREA 4;KALIMANTAN;PONTIANAK;SRY;AOi1260708105759662053f70;1;Anomaly;
202609;AREA 2;EASTERN JABOTABEK;BEKASI;PDE;AOi1260706023650339ac1c10;0;Anomaly;
202609;AREA 1;SUMBAGSEL;PALEMBANG;SGB;AOi42607020937336796bbab0;0;Anomaly;
202609;AREA 2;JABAR;SOREANG;SOR;AOs32607020853448874512a0;1;Anomaly;-15,03
202609;AREA 4;KALIMANTAN;PONTIANAK;STA;AOi4260630125019240b43430;1;Anomaly;
202609;AREA 4;KALIMANTAN;TARAKAN;TRK;AOi42607030737162807667b0;0;Anomaly;
202609;AREA 2;JABAR;BANDUNG;CJA;AOi426071405265625284d9b0;1;Anomaly;
202609;AREA 4;KALIMANTAN;PONTIANAK;RBA;AOi4260715110232158383620;1;Anomaly;
202609;AREA 1;SUMBAGSEL;PALEMBANG;MUB;AOi4260712114401420997040;1;Anomaly;
202609;AREA 4;KALIMANTAN;PANGKALAN BUN;KTP;AOi12606300158099357cae30;1;Anomaly;
202609;AREA 1;SUMBAGSEL;PALEMBANG;TLK;PDAk4260709111347236d19e50;0;Anomaly;
202609;AREA 1;SUMBAGTENG;BUKIT TINGGI;KMN;AOi4260715025127878b3ae60;1;Anomaly;
202609;AREA 4;SULAWESI;MAKASSAR;BAL;AOk42607151130337867a1440;0;Anomaly;
202609;AREA 4;KALIMANTAN;PONTIANAK;JAW;AOi12607010854419125a7090;1;Anomaly;
202609;AREA 4;SULAWESI;MANADO;TNT;AOi42607141117545660e2f60;1;Anomaly;
202609;AREA 4;KALIMANTAN;PANGKALAN BUN;NPN;AOk42607010248377022b51f0;1;Anomaly;
202609;AREA 4;MALUKU DAN PAPUA;SORONG;FFA;AOs3260703024329492168460;1;Anomaly;
202609;AREA 4;KALIMANTAN;BALIKPAPAN;TSN;AOi4260703094226757fe48f0;1;Anomaly;
202609;AREA 3;BALI NUSRA;DENPASAR;KUT;AOi4260714102050717251e30;1;Anomaly;
202609;AREA 3;BALI NUSRA;MATARAM;TET;AOi426071010393598716ab80;0;Anomaly;
202609;AREA 1;SUMBAGSEL;LAMPUNG;KDT;AOi4260714124232374de3e50;1;Anomaly;
202609;AREA 4;SULAWESI;KENDARI;MDG;AOk4260706104505082cb1e00;0;Anomaly;
202609;AREA 2;EASTERN JABOTABEK;KARAWANG;JBB;PDAk42607110714411765272f0;0;Anomaly;
202609;AREA 4;KALIMANTAN;BALIKPAPAN;MLA;AOs3260707082956495e2ac30;1;Anomaly;
202609;AREA 2;EASTERN JABOTABEK;KARAWANG;TAR;AOs3260707083713528ce5820;0;Anomaly;
202609;AREA 1;SUMBAGTENG;PEKANBARU;PKR;AOi426070510502237153c920;0;Anomaly;
202609;AREA 4;SULAWESI;KENDARI;KKA;AOk4260713093531937d36400;0;Anomaly;
202609;AREA 1;SUMBAGUT;CENTRAL MEDAN;MDC;AOs3260709035407909d34360;0;Anomaly;
202609;AREA 1;SUMBAGTENG;PADANG;BLS;AOi4260703115705421d15910;0;Anomaly;
202609;AREA 4;MALUKU DAN PAPUA;AMBON;TUA;AOk4260702073005323f10f50;1;Anomaly;
202609;AREA 1;SUMBAGSEL;BENGKULU;LHT;AOi42607040656523612a9db0;1;Anomaly;
202609;AREA 2;JABAR;BANDUNG;BDK;PDAk4260707075859679728d70;1;Anomaly;
202609;AREA 1;SUMBAGTENG;BUKIT TINGGI;KNL;AOi42607090417463531e13f0;1;Anomaly;
202609;AREA 1;SUMBAGTENG;DUMAI;DUM;AOi4260706102001772cb9530;1;Anomaly;
202609;AREA 3;JATIM;MALANG;TUR;AOi42607091143105710f6e90;0;Anomaly;
202609;AREA 4;KALIMANTAN;PONTIANAK;ANJ;AOi42607071240337416921d0;0;Anomaly;
202609;AREA 2;CENTRAL JABOTABEK;NORTHERN JAKARTA;KLG;AOs3260708041256587790460;1;Anomaly;
202609;AREA 4;SULAWESI;MANADO;LAN;AOi426071001281544579f980;1;Anomaly;
202609;AREA 2;JABAR;BANDUNG;LBG;AOi4260714112130708c9d0d0;1;Anomaly;
202609;AREA 3;BALI NUSRA;DENPASAR;KLM;AOi4260713121513333b19ed0;1;Anomaly;
202609;AREA 4;MALUKU DAN PAPUA;JAYAPURA;SNI;AOb0260709051720039e5ec80;0;Anomaly;
202609;AREA 3;JATENG-DIY;SURAKARTA;KTO;PDAk4260630110852581fb1020;1;Anomaly;
202609;AREA 1;SUMBAGUT;RANTAU PRAPAT;KIS;AOk4260710020051051afa340;0;Anomaly;
202609;AREA 2;JABAR;BANDUNG;LBG;AOs3260714121047555175660;1;Anomaly;
202609;AREA 4;MALUKU DAN PAPUA;JAYAPURA;SNI;PDAk426071406530224857c3a0;0;Anomaly;
202609;AREA 4;MALUKU DAN PAPUA;AMBON;ABO;AOi4260711020414315ead440;0;Anomaly;
202609;AREA 3;BALI NUSRA;MATARAM;SWE;AOs32607100738408147153a0;0;Comply;0,82
202609;AREA 3;BALI NUSRA;DENPASAR;UBN;AOi426070402410955245ed10;0;Anomaly;
202609;AREA 2;WESTERN JABOTABEK;SERANG;CKA;AOb0260709035016981a53ee0;1;Anomaly;
202609;AREA 3;JATENG-DIY;PURWOKERTO;SDJ;AOi4260704071130223f91090;1;Anomaly;
202609;AREA 3;JATENG-DIY;SURAKARTA;KRT;AOi4260706063653069a51fc0;0;Anomaly;
202609;AREA 3;JATENG-DIY;SEMARANG;KDL;AOi426071011073004703c640;1;Anomaly;
202609;AREA 4;KALIMANTAN;PONTIANAK;SAO;AOi4260705015443808769cd0;1;Anomaly;
202609;AREA 4;KALIMANTAN;SAMARINDA;SEM;AOi4260709112710361b72110;1;Anomaly;
202609;AREA 3;BALI NUSRA;DENPASAR;UBN;AOi4260706044548919b2ebe0;0;Anomaly;
202609;AREA 4;MALUKU DAN PAPUA;AMBON;TUA;AOk4260713095232637b2c790;1;Anomaly;
202609;AREA 4;SULAWESI;MANADO;PIK;AOi4260702090956525b4b890;0;Anomaly;
202609;AREA 1;SUMBAGSEL;LAMPUNG;KDT;AOi4260701125934766136550;1;Anomaly;
202609;AREA 4;KALIMANTAN;TARAKAN;JWT;PDAk4260706022647958475760;0;Anomaly;
202609;AREA 3;BALI NUSRA;DENPASAR;SWI;AOi4260710072451129b8a130;0;Anomaly;
202609;AREA 3;JATENG-DIY;YOGYAKARTA;PGR;PDAk42607081154228206129b0;1;Anomaly;
202609;AREA 1;SUMBAGSEL;PANGKAL PINANG;MGR;AOi426070510543597113cdb0;1;Anomaly;
202609;AREA 3;JATIM;SURABAYA;MYR;AOk4260629104406976d5c270;1;Anomaly;
202609;AREA 2;EASTERN JABOTABEK;KARAWANG;BGG;AOs32607050920527778066c0;1;Anomaly;2,84
202609;AREA 4;SULAWESI;MAKASSAR;SUG;AOi42607080509219914e1d10;1;Anomaly;
202609;AREA 1;SUMBAGSEL;LAMPUNG;TJK;AOk4260702030436286a28810;0;Anomaly;
202609;AREA 2;WESTERN JABOTABEK;SERANG;CUG;AOi42607100531141064dc700;1;Anomaly;
202609;AREA 4;SULAWESI;GORONTALO;MRS;AOk42607131059286498c8a20;1;Anomaly;
202609;AREA 1;SUMBAGTENG;BUKIT TINGGI;LBS;AOi4260705071814191b1e360;1;Anomaly;
202609;AREA 4;SULAWESI;KENDARI;LSS;AOi4260715092709992db2f90;1;Anomaly;
202609;AREA 1;SUMBAGTENG;DUMAI;DUM;AOi4260709023849273aaf900;1;Anomaly;
202609;AREA 1;SUMBAGSEL;JAMBI;MAB;AOi42607080429351962f5450;0;Anomaly;
202609;AREA 4;KALIMANTAN;PANGKALAN BUN;LMD;AOi4260711053552274d4cef0;1;Anomaly;
202609;AREA 2;JABAR;TASIKMALAYA;BNJ;AOi4260714070405894a8f190;1;Anomaly;
202609;AREA 3;JATIM;MALANG;KLJ;AOi426071301105086679b9d0;1;Anomaly;
202609;AREA 1;SUMBAGTENG;PEKANBARU;ARK;AOi4260702103810321291590;1;Anomaly;
202609;AREA 4;MALUKU DAN PAPUA;AMBON;PAO;AOi4260709110907287bd9ac0;1;Anomaly;
202609;AREA 1;SUMBAGUT;WESTERN MEDAN;KSG;AOi4260701014515458bec670;0;Comply;-19,08
202609;AREA 4;KALIMANTAN;TARAKAN;TRK;AOs3260711045455136892e30;0;Comply;-1,35
202609;AREA 3;JATENG-DIY;PEKALONGAN;PML;AOi4260705050244438ee5de0;1;Anomaly;
202609;AREA 4;KALIMANTAN;PANGKALAN BUN;KTP;AOi4260714044107741e75670;1;Anomaly;
202609;AREA 2;WESTERN JABOTABEK;SERANG;RJG;AOs32607151059195240521d0;1;Anomaly;
202609;AREA 3;JATIM;MADIUN;MJT;AOi42607131105492105038a0;0;Anomaly;
202609;AREA 3;JATIM;SURABAYA;KBL;AOi42607030502222846c8790;1;Anomaly;
202609;AREA 4;SULAWESI;PALU;BKU;AOs3260705060722050991610;1;Anomaly;
202609;AREA 2;JABAR;BANDUNG;PDL;AOi42607020154298257b7740;1;Anomaly;
202609;AREA 1;SUMBAGUT;RANTAU PRAPAT;RAP;AOi4260715011429151ab0720;0;Anomaly;
202609;AREA 2;CENTRAL JABOTABEK;NORTHERN JAKARTA;KDY;AOi12607161008079768d8f10;0;Anomaly;
202609;AREA 2;CENTRAL JABOTABEK;NORTHERN JAKARTA;CKG;AOi4260701111029304e56250;1;Anomaly;
202609;AREA 4;SULAWESI;KENDARI;LSS;AOi426070911473529524b3c0;1;Anomaly;
202609;AREA 4;KALIMANTAN;PONTIANAK;SAO;AOi4260705015443808769cd0;1;Anomaly;
202609;AREA 4;SULAWESI;MANADO;MDO;AOi4260714104823845744970;0;Anomaly;
202609;AREA 3;BALI NUSRA;DENPASAR;SGR;AOi4260702023456403392dc0;1;Anomaly;
202609;AREA 1;SUMBAGUT;PEMATANG SIANTAR;PMY;AOi4260712083851528edd8a0;0;Anomaly;
202609;AREA 3;JATIM;SURABAYA;MYR;AOi1260708025721168f02210;1;Anomaly;
202609;AREA 3;BALI NUSRA;DENPASAR;SGR;PDAk426071312295917805e670;1;Anomaly;
202609;AREA 1;SUMBAGTENG;BUKIT TINGGI;PAM;AOi126071512502773262b010;1;Anomaly;
202609;AREA 1;SUMBAGUT;RANTAU PRAPAT;ANR;AOi4260701115956287e6f8d0;0;Anomaly;
202609;AREA 3;JATIM;SURABAYA;JGR;AOi4260705022400048b65080;1;Anomaly;
202609;AREA 1;SUMBAGTENG;BATAM;LBJ;AOk4260704084911568441b80;1;Anomaly;-0,47
202609;AREA 1;SUMBAGUT;PADANG SIDEMPUAN;SBG;AOi42607150213407127b6d30;1;Anomaly;
202609;AREA 3;JATIM;SURABAYA;MYR;AOi4260715041039758327f30;1;Anomaly;
202609;AREA 1;SUMBAGTENG;DUMAI;PPN;AOi126071105555488841c760;1;Anomaly;
202609;AREA 2;EASTERN JABOTABEK;KARAWANG;BGG;PDAk4260713114248132a63eb0;1;Anomaly;
202609;AREA 2;WESTERN JABOTABEK;SERANG;SPT;PDAk4260710084033119931bf0;1;Anomaly;
202609;AREA 4;KALIMANTAN;PALANGKARAYA;KKN;AOs32607110108523736f3a20;0;Anomaly;
202609;AREA 2;JABAR;BANDUNG;CJA;AOi4260713041145864b16d40;1;Anomaly;
202609;AREA 1;SUMBAGTENG;PADANG;PDC;PDAk4260710105431471cc0e70;1;Anomaly;
202609;AREA 2;EASTERN JABOTABEK;BOGOR;LWL;AOi426071603184998842cb60;1;Anomaly;
202609;AREA 4;KALIMANTAN;PONTIANAK;PUT;AOi4260712125114491ac3270;0;Anomaly;
202609;AREA 3;JATENG-DIY;PURWOKERTO;GML;AOi426070304103477115ca80;1;Anomaly;
202609;AREA 3;JATENG-DIY;PEKALONGAN;PKL;AOi4260704094615551cc26f0;0;Anomaly;
202609;AREA 1;SUMBAGSEL;PANGKAL PINANG;PGP;AOi126070910212715314b910;0;Anomaly;
202609;AREA 1;SUMBAGTENG;BATAM;LBJ;AOi42607010207119568f1570;1;Anomaly;
202609;AREA 2;CENTRAL JABOTABEK;NORTHERN JAKARTA;CKG;AOi1260710122230070a06f40;1;Anomaly;
202609;AREA 2;JABAR;BANDUNG;CMI;AOs3260628063808992e86770;1;Anomaly;
202609;AREA 1;SUMBAGTENG;BATAM;LBJ;AOi42607141117479527576b0;1;Anomaly;
202609;AREA 1;SUMBAGTENG;BUKIT TINGGI;TKU;AOi4260707015327592276f20;0;Anomaly;
202609;AREA 2;WESTERN JABOTABEK;TANGERANG;CPA;AOi1260715092758664206680;0;Anomaly;
202609;AREA 3;JATIM;SURABAYA;MYR;AOi4260715041039758327f30;1;Anomaly;
202609;AREA 4;KALIMANTAN;PALANGKARAYA;PRC;AOb0260706073438056f58d30;1;Anomaly;
202609;AREA 1;SUMBAGTENG;BATAM;LBJ;AOk426071305052883623b030;1;Anomaly;
202609;AREA 4;SULAWESI;MAKASSAR;PNK;AOi4260716035915737366d40;1;Anomaly;
202609;AREA 2;WESTERN JABOTABEK;SERANG;LGK;AOk4260709030359280242f30;1;Anomaly;
202609;AREA 1;SUMBAGSEL;PANGKAL PINANG;PGP;AOi1260704090436371c744d0;0;Anomaly;
202609;AREA 4;SULAWESI;MANADO;SFI;AOs3260707082046596450040;1;Anomaly;
202609;AREA 1;SUMBAGTENG;DUMAI;BKN;AOi4260707124927174e6e4c0;0;Anomaly;
202609;AREA 1;SUMBAGUT;PADANG SIDEMPUAN;SIP;AOs3260715055443970177110;0;Anomaly;-20,50
202609;AREA 3;JATIM;SURABAYA;BKL;AOi4260713114343329353e60;0;Anomaly;
202609;AREA 2;WESTERN JABOTABEK;TANGERANG;CPA;AOi12607160317405448d9b00;1;Anomaly;
202609;AREA 1;SUMBAGSEL;LAMPUNG;TJK;AOi4260710080010568d58d40;1;Anomaly;
202609;AREA 1;SUMBAGUT;RANTAU PRAPAT;ANP;AOs3260709103742545e873b0;0;Anomaly;
202609;AREA 4;MALUKU DAN PAPUA;JAYAPURA;SNI;AOb0260709051720039e5ec80;0;Anomaly;
202609;AREA 1;SUMBAGSEL;PALEMBANG;PGC;AOi4260715011919852c4a770;0;Anomaly;
202609;AREA 4;SULAWESI;KENDARI;RAH;AOi4260621024439621a87980;0;Anomaly;
202609;AREA 1;SUMBAGSEL;PANGKAL PINANG;PGP;AOi4260705123949951852030;0;Anomaly;
202609;AREA 1;SUMBAGSEL;PANGKAL PINANG;PGP;AOi4260715042059821f803b0;1;Anomaly;
202609;AREA 3;BALI NUSRA;DENPASAR;JBR;AOi42607131104489261c5650;0;Anomaly;
202609;AREA 3;JATIM;SURABAYA;KNN;AOi1260701060401056d3a290;1;Anomaly;
202609;AREA 1;SUMBAGTENG;BATAM;LBJ;AOi42607050948164135aa630;1;Anomaly;
202609;AREA 4;KALIMANTAN;PANGKALAN BUN;KTP;AOi42607140437549974cf750;0;Anomaly;-142,31
202609;AREA 1;SUMBAGTENG;DUMAI;BGU;AOi42607110237096007a8ce0;1;Anomaly;
202609;AREA 4;SULAWESI;PALU;PGI;AOi42607130700423248a5510;1;Anomaly;
202609;AREA 1;SUMBAGUT;PADANG SIDEMPUAN;SBG;AOi4260710101955792c2c4c0;0;Anomaly;
202609;AREA 1;SUMBAGSEL;BENGKULU;LHT;AOs3260710095128241578d70;1;Anomaly;
202609;AREA 1;SUMBAGUT;RANTAU PRAPAT;RAP;AOi42607141119152330d39a0;0;Anomaly;
202609;AREA 1;SUMBAGSEL;PALEMBANG;PLJ;AOi4260712023940427c49fd0;0;Anomaly;
202609;AREA 1;SUMBAGSEL;PALEMBANG;SKY;AOi4260709042248999d8b150;1;Anomaly;
202609;AREA 3;JATENG-DIY;PURWOKERTO;GML;AOi42607060537223712e72e0;0;Anomaly;
202609;AREA 1;SUMBAGUT;PEMATANG SIANTAR;KBJ;AOi4260715030931891baa0c0;0;Anomaly;
202609;AREA 3;BALI NUSRA;KUPANG;WGP;AOi4260708115257633062de0;1;Anomaly;
202609;AREA 4;MALUKU DAN PAPUA;AMBON;PAO;AOi42607090311518778fd7f0;1;Anomaly;
202609;AREA 1;SUMBAGUT;CENTRAL MEDAN;SPM;AOi1260701021024523cb9020;1;Anomaly;
202609;AREA 4;KALIMANTAN;SAMARINDA;LMP;AOi4260709065056556ab1e90;1;Anomaly;
202609;AREA 3;JATENG-DIY;SEMARANG;RBN;AOi426070707554742422d640;1;Anomaly;
202609;AREA 2;EASTERN JABOTABEK;KARAWANG;BGG;AOs3260706010211434a0b9e0;1;Anomaly;
202609;AREA 4;SULAWESI;MAKASSAR;SUG;AOi4260702081433277a8ef80;0;Anomaly;
202609;AREA 3;BALI NUSRA;DENPASAR;UBU;AOi42607081051585299d04a0;0;Anomaly;
202609;AREA 4;KALIMANTAN;BANJARMASIN;KPL;AOi42607051124438723e6fa0;0;Anomaly;
202609;AREA 1;SUMBAGTENG;PEKANBARU;RGT;AOi4260710060613119ef0ce0;0;Anomaly;
202609;AREA 4;MALUKU DAN PAPUA;AMBON;SML;AOi426071312461749420d810;0;Anomaly;
202609;AREA 2;JABAR;TASIKMALAYA;BNJ;AOi4260714070405894a8f190;1;Anomaly;
202609;AREA 3;JATENG-DIY;YOGYAKARTA;KGD;AOi4260715033125389a732e0;1;Anomaly;
202609;AREA 1;SUMBAGUT;PADANG SIDEMPUAN;PSP;AOi426071402592599433c360;0;Anomaly;
202609;AREA 1;SUMBAGSEL;LAMPUNG;TGP;AOi4260713040835057566020;1;Anomaly;
202609;AREA 1;SUMBAGSEL;LAMPUNG;KLR;AOi4260626074412839d998f0;1;Anomaly;
202609;AREA 3;BALI NUSRA;KUPANG;KPN;AOi42607080140233802a76c0;1;Anomaly;
202609;AREA 1;SUMBAGTENG;BATAM;LBJ;AOi4260712052214906384420;1;Anomaly;
202609;AREA 4;KALIMANTAN;BANJARMASIN;BBR;AOi426071106251386393d540;0;Anomaly;
202609;AREA 3;BALI NUSRA;FLORES;KLH;AOk4260709032312084e945b0;1;Anomaly;-0,24
202609;AREA 2;EASTERN JABOTABEK;BOGOR;CWI;AOk42607100921494725e6fe0;0;Anomaly;
202609;AREA 1;SUMBAGTENG;BATAM;BTC;AOi42607011257196773f3960;1;Anomaly;
202609;AREA 1;SUMBAGTENG;PADANG;BLS;AOi4260708110000313140920;0;Comply;2,02
202609;AREA 4;MALUKU DAN PAPUA;AMBON;ABO;AOs3260708012409892433b20;1;Anomaly;
202609;AREA 4;KALIMANTAN;BANJARMASIN;BLC;AOi4260714011919362652380;1;Anomaly;
202609;AREA 3;JATENG-DIY;SEMARANG;SLI;PDAk4260710025341005ab92b0;1;Anomaly;
202609;AREA 4;SULAWESI;KENDARI;BBU;AOi4260715011315086ebde20;0;Anomaly;
202609;AREA 1;SUMBAGSEL;BENGKULU;BNC;AOi4260703083745496681e30;0;Anomaly;
202609;AREA 2;WESTERN JABOTABEK;TANGERANG;LKG;AOk4260713043013593a78020;0;Anomaly;
202609;AREA 1;SUMBAGTENG;DUMAI;DRI;AOi42607060223222358a9140;1;Anomaly;
202609;AREA 2;JABAR;BANDUNG;LBG;AOi42607100706120667714f0;1;Anomaly;
202609;AREA 4;KALIMANTAN;SAMARINDA;SBR;AOi42607020932078009e67a0;0;Anomaly;
202609;AREA 4;KALIMANTAN;PANGKALAN BUN;KTP;AOi4260707033323024804560;0;Anomaly;
202609;AREA 3;BALI NUSRA;MATARAM;MTR;AOi426071010240342842ddc0;0;Anomaly;
202609;AREA 3;BALI NUSRA;DENPASAR;SAU;AOi4260715093905695a7c290;1;Anomaly;
202609;AREA 1;SUMBAGTENG;PEKANBARU;AMK;AOi4260708093452295fc5a70;1;Anomaly;2,01
202609;AREA 4;MALUKU DAN PAPUA;AMBON;PAO;AOi4260710081726031386cd0;1;Anomaly;
202609;AREA 4;MALUKU DAN PAPUA;AMBON;PAO;AOi42607090311518778fd7f0;1;Anomaly;
202609;AREA 1;SUMBAGTENG;PADANG;PDC;AOi4260711014304138e9c2b0;1;Anomaly;
202609;AREA 2;CENTRAL JABOTABEK;NORTHERN JAKARTA;TPR;AOk42607080159510038ad530;0;Anomaly;
202609;AREA 1;SUMBAGTENG;PEKANBARU;AMK;AOi42607131140003671f5710;1;Anomaly;
202609;AREA 1;SUMBAGTENG;BUKIT TINGGI;PAM;AOi4260708090946853240ca0;0;Anomaly;
202609;AREA 4;KALIMANTAN;BANJARMASIN;ULI;AOi426071010151135983a680;1;Anomaly;
202609;AREA 2;JABAR;BANDUNG;PDL;AOi4260709085023052b41ea0;1;Anomaly;
202609;AREA 1;SUMBAGUT;PADANG SIDEMPUAN;PSP;AOi426071402592599433c360;1;Anomaly;
202609;AREA 2;WESTERN JABOTABEK;TANGERANG;CPD;AOb0260714070440058058fc0;1;Anomaly;
202609;AREA 3;JATENG-DIY;PURWOKERTO;BJR;AOi4260713060212869b89590;1;Anomaly;
202609;AREA 4;SULAWESI;MANADO;SFI;AOs326062806510018072f9a0;1;Anomaly;
202609;AREA 3;JATENG-DIY;SURAKARTA;PEN;AOi4260710100602969341ba0;1;Anomaly;
202609;AREA 3;JATIM;MALANG;TUR;AOi42607091143105710f6e90;0;Anomaly;
202609;AREA 1;SUMBAGUT;BANDA ACEH;LBR;AOi4260710024508153c82530;0;Anomaly;
202609;AREA 3;JATENG-DIY;SEMARANG;KUD;AOi42607161129082817b51f0;0;Anomaly;
202609;AREA 1;SUMBAGUT;BANDA ACEH;LOA;AOi42607060311270017d0e00;1;Anomaly;
202609;AREA 3;JATIM;SIDOARJO;MJS;AOs3260709112507963cab6a0;0;Anomaly;
202609;AREA 3;JATENG-DIY;SURAKARTA;KLX;AOi4260716081218947cf5030;1;Anomaly;
202609;AREA 2;WESTERN JABOTABEK;TANGERANG;SRP;AOs326071609211955999c770;1;Anomaly;
202609;AREA 3;JATENG-DIY;SURAKARTA;SRG;AOs32607160633375946e9350;0;Anomaly;
202609;AREA 1;SUMBAGTENG;PEKANBARU;PWG;AOi4260707090607294f901c0;0;Anomaly;
202609;AREA 2;CENTRAL JABOTABEK;NORTHERN JAKARTA;TGA;AOk4260715125927970df30c0;1;Anomaly;
202609;AREA 3;JATENG-DIY;SURAKARTA;WRO;AOi4260703032613105288020;1;Anomaly;
202609;AREA 2;EASTERN JABOTABEK;KARAWANG;BBL;AOi12607140631144416b6930;1;Anomaly;
202609;AREA 4;SULAWESI;MANADO;MDO;AOs3260713120916163948360;1;Anomaly;
202609;AREA 2;EASTERN JABOTABEK;BOGOR;SKB;AOi4260709020923964604290;1;Anomaly;
202609;AREA 4;MALUKU DAN PAPUA;SORONG;KIN;AOk4260714073050791c99390;0;Comply;-6,49
202609;AREA 3;BALI NUSRA;DENPASAR;UBN;AOi4260717063742133acacb0;1;Anomaly;
202609;AREA 1;SUMBAGSEL;LAMPUNG;KBI;AOi4260709081229918219de0;1;Anomaly;
202609;AREA 3;JATIM;SURABAYA;SPG;AOi42607100415321148d7f60;0;Anomaly;
202609;AREA 3;JATENG-DIY;SEMARANG;SLI;AOs3260704015518887cb6670;1;Anomaly;
202609;AREA 3;JATIM;SURABAYA;GBG;AOk42607170647052854bd430;0;Anomaly;
202609;AREA 2;CENTRAL JABOTABEK;SOUTHERN JAKARTA;KBY;AOi1260712103835951665560;0;Anomaly;
202609;AREA 2;CENTRAL JABOTABEK;NORTHERN JAKARTA;SLP;PDAk42607061130093487dd020;0;Anomaly;
202609;AREA 3;JATENG-DIY;SEMARANG;MJP;AOk4260703020220434f97290;1;Anomaly;
202609;AREA 1;SUMBAGTENG;PADANG;SLK;AOs32607170448211824b5490;0;Anomaly;
202609;AREA 4;MALUKU DAN PAPUA;SORONG;TMB;AOi4260701025441139bf7dd0;1;Anomaly;
202609;AREA 4;SULAWESI;BONE;BTN;AOi4260705064130896551d10;1;Anomaly;-22,58
202609;AREA 3;BALI NUSRA;DENPASAR;TBN;AOi4260712090554157b352f0;0;Anomaly;
202609;AREA 3;JATIM;SURABAYA;IJK;AOi42607070959477131e2560;1;Anomaly;
202609;AREA 4;MALUKU DAN PAPUA;AMBON;ABO;AOi4260702093522977c79040;0;Anomaly;
202609;AREA 1;SUMBAGUT;PEMATANG SIANTAR;PMY;AOi4260712083851528edd8a0;0;Anomaly;
202609;AREA 3;BALI NUSRA;DENPASAR;KLM;AOi426070908122466684bab0;0;Anomaly;
202609;AREA 2;JABAR;BANDUNG;LBG;AOi42607130712481752c3020;1;Anomaly;
202609;AREA 1;SUMBAGSEL;JAMBI;BKO;AOi42607030330037514283a0;1;Anomaly;
202609;AREA 1;SUMBAGTENG;DUMAI;BKN;AOi4260703042804598a59bd0;1;Anomaly;
202609;AREA 3;BALI NUSRA;DENPASAR;SAU;AOi4260710083850452abc890;1;Anomaly;
202609;AREA 2;WESTERN JABOTABEK;SERANG;LBU;AOi1260713073332128ace2c0;1;Anomaly;
202609;AREA 1;SUMBAGUT;WESTERN MEDAN;LGS;AOk42607010120406018c30e0;0;Anomaly;
202609;AREA 4;SULAWESI;GORONTALO;LBT;AOi42607010445076837b78a0;1;Anomaly;
202609;AREA 1;SUMBAGUT;RANTAU PRAPAT;ANR;AOi4260716113446242a100a0;0;Anomaly;
202609;AREA 1;SUMBAGTENG;DUMAI;BKN;AOi42607150124548928ea6c0;1;Anomaly;
202609;AREA 1;SUMBAGTENG;DUMAI;BKN;AOi4260717094851039c2a3d0;0;Anomaly;
202609;AREA 4;MALUKU DAN PAPUA;SORONG;MWR;AOi42607120516246456ed640;1;Anomaly;
202609;AREA 4;KALIMANTAN;BALIKPAPAN;TGG;AOi4260710010022897320510;0;Anomaly;
202609;AREA 4;KALIMANTAN;PONTIANAK;SPY;AOi42607090333178663b7e10;0;Anomaly;
202609;AREA 3;JATIM;SURABAYA;MYR;AOi1260708025721168f02210;1;Anomaly;
202609;AREA 4;SULAWESI;PARE-PARE;MAM;AOi4260703103031174fdb050;1;Anomaly;
202609;AREA 4;KALIMANTAN;BALIKPAPAN;MBD;AOi42607150215461843f7a90;0;Anomaly;
202609;AREA 4;KALIMANTAN;PONTIANAK;STG;AOi42607140512488676072c0;1;Anomaly;
202609;AREA 4;MALUKU DAN PAPUA;SORONG;SON;AOi42607070336008343b8d10;0;Anomaly;
202609;AREA 4;KALIMANTAN;PANGKALAN BUN;SAI;AOi4260623083907464a2a990;1;Anomaly;
202609;AREA 4;MALUKU DAN PAPUA;SORONG;NAB;AOi42607071145221494c6b50;1;Anomaly;
202609;AREA 2;CENTRAL JABOTABEK;NORTHERN JAKARTA;TGA;AOi42607020626200052cb3f0;1;Anomaly;
202609;AREA 4;MALUKU DAN PAPUA;AMBON;ABO;AOi42607140521312654cbdc0;0;Anomaly;
202609;AREA 1;SUMBAGSEL;LAMPUNG;KBI;AOi4260714072242079203d50;0;Anomaly;
202609;AREA 3;JATENG-DIY;SURAKARTA;SOP;AOi4260708061104833700430;1;Anomaly;
202609;AREA 4;SULAWESI;PALU;PLW;AOi42607071033439730be130;0;Anomaly;
202609;AREA 1;SUMBAGTENG;PADANG;KJI;AOi426070812013828763dd80;1;Anomaly;
202609;AREA 3;JATIM;SURABAYA;DMO;AOk426071511463082985d7e0;1;Anomaly;
202609;AREA 4;KALIMANTAN;PONTIANAK;SNW;AOi4260701112712727953220;0;Anomaly;
202609;AREA 4;SULAWESI;PARE-PARE;MAS;AOi4260702081449174a172a0;1;Anomaly;
202609;AREA 4;SULAWESI;PARE-PARE;PRE;AOi4260717035429429c6f620;0;Anomaly;
202609;AREA 1;SUMBAGUT;CENTRAL MEDAN;TMU;AOi4260709101105398c00120;1;Anomaly;
202609;AREA 2;WESTERN JABOTABEK;TANGERANG;PKU;PDAk4260702050228285c7fdc0;0;Anomaly;
202609;AREA 1;SUMBAGTENG;BATAM;DGS;AOi42607111227437391154e0;0;Anomaly;
202609;AREA 2;CENTRAL JABOTABEK;SOUTHERN JAKARTA;JAG;AOi1260703101030582031940;0;Comply;-26,74
202609;AREA 1;SUMBAGUT;CENTRAL MEDAN;TMU;AOi42607090131522313c6a80;0;Anomaly;
202609;AREA 3;JATIM;SURABAYA;MYR;AOi426062912234335322d980;0;Anomaly;
202609;AREA 4;SULAWESI;PALU;TOL;AOi4260715044619805abec60;1;Anomaly;
202609;AREA 1;SUMBAGUT;WESTERN MEDAN;LGS;AOi426070110093940789e2c0;0;Anomaly;
202609;AREA 1;SUMBAGSEL;LAMPUNG;KBI;AOi42607020414345658bede0;0;Anomaly;
202609;AREA 4;SULAWESI;MAKASSAR;SUG;AOi12607021032283105e9af0;1;Anomaly;
202609;AREA 2;CENTRAL JABOTABEK;NORTHERN JAKARTA;KDY;AOi4260716083954402bf6080;1;Anomaly;
202609;AREA 1;SUMBAGSEL;BENGKULU;MKO;AOi4260710115722022fcedb0;1;Anomaly;
202609;AREA 1;SUMBAGSEL;LAMPUNG;KLA;AOi4260703021446752030770;1;Anomaly;
202609;AREA 3;BALI NUSRA;FLORES;END;AOk4260630023237831d02be0;1;Anomaly;
202609;AREA 4;SULAWESI;MAKASSAR;SUG;AOi42607080509219914e1d10;1;Anomaly;
202609;AREA 1;SUMBAGUT;BANDA ACEH;LBR;AOi4260716043537181c9be30;0;Anomaly;
202609;AREA 4;SULAWESI;MAKASSAR;SUG;AOi4260709050852764c6c2a0;1;Anomaly;
202609;AREA 2;WESTERN JABOTABEK;SERANG;TGR;AOs3260714102138566b87250;1;Anomaly;0,13
202609;AREA 1;SUMBAGSEL;LAMPUNG;KLR;AOi4260626074412839d998f0;1;Anomaly;
202609;AREA 4;SULAWESI;MAKASSAR;SUG;AOi4260701064925785145ae0;1;Anomaly;
202609;AREA 4;KALIMANTAN;PONTIANAK;BKY;AOk4260709020628487b24460;0;Anomaly;52,76
202609;AREA 1;SUMBAGSEL;PANGKAL PINANG;PGP;AOi4260715100253313a3cec0;0;Anomaly;
202609;AREA 4;SULAWESI;MAKASSAR;SUG;AOi4260706124110355cd5fc0;1;Anomaly;
202609;AREA 1;SUMBAGTENG;DUMAI;DRI;AOi426071509230264494b2e0;1;Anomaly;
202609;AREA 3;JATIM;MALANG;KPO;AOi4260706120113620e03170;0;Anomaly;
202609;AREA 3;BALI NUSRA;DENPASAR;JBR;AOi42607130236297705b9cb0;0;Anomaly;
202609;AREA 1;SUMBAGTENG;DUMAI;BKN;AOi4260717121640457876fc0;0;Anomaly;
202609;AREA 1;SUMBAGTENG;DUMAI;BKN;AOi42607170426006773d6520;0;Anomaly;
202609;AREA 1;SUMBAGUT;CENTRAL MEDAN;DLT;AOi12607161024406883d4fb0;0;Anomaly;
202609;AREA 2;JABAR;BANDUNG;CKW;AOi4260711032025599931de0;1;Anomaly;
202609;AREA 3;BALI NUSRA;MATARAM;TET;AOi42607090239540743b3d60;0;Anomaly;
202609;AREA 4;KALIMANTAN;PONTIANAK;PMK;AOi4260709023650830505aa0;0;Anomaly;
202609;AREA 2;JABAR;BANDUNG;LBG;AOi42607011203459322538d0;0;Anomaly;
202609;AREA 4;KALIMANTAN;PALANGKARAYA;KKN;AOi4260710082826066b5fe10;0;Anomaly;
202609;AREA 1;SUMBAGTENG;DUMAI;DUM;AOi42607010845158165c90f0;1;Anomaly;
202609;AREA 4;SULAWESI;MAKASSAR;PNK;AOi126071505504124891d9a0;0;Anomaly;
202609;AREA 3;JATIM;LAMONGAN;GSK;AOi4260716072423049246570;1;Anomaly;
202609;AREA 2;CENTRAL JABOTABEK;SOUTHERN JAKARTA;JTN;AOs3260717042458435b8ad50;1;Anomaly;
202609;AREA 1;SUMBAGSEL;PALEMBANG;PBM;AOi12607171157286557c9c80;0;Anomaly;
202609;AREA 4;KALIMANTAN;SAMARINDA;BLN;AOi4260701071103613b009c0;1;Anomaly;
202609;AREA 1;SUMBAGUT;CENTRAL MEDAN;PUB;AOi4260710031631210745300;1;Anomaly;
202609;AREA 4;SULAWESI;KENDARI;KKA;AOk42607140926063582ff9a0;1;Anomaly;
202609;AREA 4;SULAWESI;MAKASSAR;SUG;AOi4260715061349527d54180;1;Anomaly;
202609;AREA 4;KALIMANTAN;PANGKALAN BUN;PBU;AOb0260713115020426992630;0;Anomaly;
202609;AREA 3;JATIM;LAMONGAN;CRM;AOi42607150643444414352f0;1;Anomaly;
202609;AREA 1;SUMBAGSEL;LAMPUNG;KBI;AOi12607171136103235c89b0;1;Anomaly;
202609;AREA 4;MALUKU DAN PAPUA;SORONG;SON;AOi4260711113610696d67b00;1;Anomaly;
202609;AREA 2;WESTERN JABOTABEK;SERANG;CKA;AOi426070302204706026c230;0;Anomaly;
202609;AREA 2;WESTERN JABOTABEK;TANGERANG;TAN;AOs32607181151597352b61a0;0;Anomaly;
202609;AREA 3;JATENG-DIY;YOGYAKARTA;KBU;AOk4260717021613793873380;1;Anomaly;
202609;AREA 4;KALIMANTAN;PANGKALAN BUN;HNU;AOi4260704111033051e87e30;1;Anomaly;
202609;AREA 1;SUMBAGTENG;BATAM;SLU;AOi4260703073050102addb90;1;Anomaly;
202609;AREA 3;JATENG-DIY;PEKALONGAN;PKL;AOi4260704094615551cc26f0;0;Anomaly;
202609;AREA 2;CENTRAL JABOTABEK;SOUTHERN JAKARTA;PSR;AOi4260717112639444d3f270;1;Anomaly;
202609;AREA 1;SUMBAGTENG;PEKANBARU;PBB;AOk4260702020620769fb22a0;1;Anomaly;
202609;AREA 3;BALI NUSRA;DENPASAR;SWI;AOi4260710072451129b8a130;1;Anomaly;
202609;AREA 4;SULAWESI;KENDARI;KDR;AOi426062103344908074cb00;1;Anomaly;
202609;AREA 2;CENTRAL JABOTABEK;NORTHERN JAKARTA;PLM;AOi126071711294033045b350;1;Anomaly;
202609;AREA 3;JATENG-DIY;YOGYAKARTA;BBS;AOk426070609542035871d540;1;Anomaly;
202609;AREA 4;KALIMANTAN;BANJARMASIN;PGT;AOs3260711075111352481830;0;Anomaly;
202609;AREA 2;JABAR;BANDUNG;LBG;AOi4260707024903549dbae90;0;Anomaly;
202609;AREA 4;SULAWESI;MANADO;LOL;AOi426071404461594087feb0;1;Anomaly;-39,44
202609;AREA 3;BALI NUSRA;MATARAM;GER;AOi4260716052816649596140;0;Anomaly;
202609;AREA 1;SUMBAGSEL;BENGKULU;CRP;AOi42606170742084461cc8b0;0;Anomaly;
202609;AREA 1;SUMBAGUT;PADANG SIDEMPUAN;SBG;AOi4260708040137478ffe550;0;Anomaly;
202609;AREA 1;SUMBAGTENG;PEKANBARU;PBB;AOi42607020140220806aac40;1;Anomaly;
202609;AREA 3;JATENG-DIY;YOGYAKARTA;KBU;AOk4260717021613793873380;1;Anomaly;
202609;AREA 4;KALIMANTAN;PALANGKARAYA;KSO;AOi4260715120209818771cc0;0;Anomaly;
202609;AREA 4;SULAWESI;PALU;PLA;AOi4260717042811016cea880;0;Anomaly;
202609;AREA 2;JABAR;CIREBON;CBN;AOk4260708120131994466a70;0;Anomaly;
202609;AREA 1;SUMBAGSEL;BENGKULU;SPP;AOi4260713045307912259fd0;1;Anomaly;
202609;AREA 1;SUMBAGSEL;PANGKAL PINANG;TJN;AOi4260711063923911049440;0;Anomaly;
202609;AREA 1;SUMBAGSEL;JAMBI;SPN;AOi4260715025328037f28090;1;Anomaly;
202609;AREA 1;SUMBAGTENG;BATAM;LBJ;AOk4260704084911568441b80;0;Comply;-25,08
202609;AREA 3;JATIM;SURABAYA;MGO;AOi426070609253417020d9b0;1;Anomaly;
202609;AREA 1;SUMBAGUT;CENTRAL MEDAN;PUB;AOk4260716104002977b34c30;1;Anomaly;-16,85
202609;AREA 3;BALI NUSRA;MATARAM;PRY;AOi426070604231055420b520;0;Anomaly;
202609;AREA 2;JABAR;BANDUNG;BDK;AOi126070710533624116f790;0;Comply;-21,50
202609;AREA 4;SULAWESI;MANADO;TNT;AOi42607141030477177b66c0;1;Anomaly;
202609;AREA 1;SUMBAGSEL;LAMPUNG;MET;AOi42607060910578477a5dd0;1;Anomaly;
202609;AREA 3;JATENG-DIY;YOGYAKARTA;KGD;PDAk42607091056180769683b0;1;Anomaly;
202609;AREA 3;BALI NUSRA;DENPASAR;TBN;AOi42607070545068244a4ff0;1;Anomaly;
202609;AREA 1;SUMBAGUT;PEMATANG SIANTAR;PMS;AOi42607020915263745a1a60;0;Anomaly;
202609;AREA 2;CENTRAL JABOTABEK;NORTHERN JAKARTA;PDM;AOi4260711050609834b22a80;1;Anomaly;
202609;AREA 4;KALIMANTAN;PONTIANAK;JAW;AOi4260713073945844c7da00;0;Anomaly;
202609;AREA 4;MALUKU DAN PAPUA;SORONG;SON;AOi4260715011020962c13910;1;Anomaly;
202609;AREA 4;MALUKU DAN PAPUA;JAYAPURA;ABE;AOi4260713010200435c7b810;0;Anomaly;
202609;AREA 4;MALUKU DAN PAPUA;AMBON;ABO;AOi4260717122559642657de0;0;Anomaly;
202609;AREA 4;KALIMANTAN;TARAKAN;TRK;AOi4260705112611827fe2b30;0;Anomaly;
202609;AREA 4;MALUKU DAN PAPUA;JAYAPURA;JAP;AOi42607090526539432fb1b0;0;Anomaly;
202609;AREA 4;KALIMANTAN;BANJARMASIN;BJM;AOi4260717013410519ac47b0;1;Anomaly;
202609;AREA 3;JATIM;SURABAYA;MYR;AOi426062912234335322d980;1;Anomaly;-23,14
202609;AREA 2;JABAR;SOREANG;TAS;AOi4260714063912919639490;0;Anomaly;
202609;AREA 1;SUMBAGSEL;JAMBI;BKO;AOi4260701115107374e6fca0;1;Anomaly;
202609;AREA 3;JATIM;MALANG;GDI;AOb026070207230270954b790;0;Comply;-20,26
202609;AREA 1;SUMBAGSEL;LAMPUNG;KBI;AOi4260704033858062bd6e50;0;Anomaly;
202609;AREA 4;KALIMANTAN;PALANGKARAYA;BNT;AOi4260718030512820cffca0;0;Anomaly;
202609;AREA 1;SUMBAGSEL;LAMPUNG;TJK;AOi42607110855021196f4220;1;Anomaly;
202609;AREA 2;WESTERN JABOTABEK;TANGERANG;CLD;AOi42607161002263986682c0;1;Anomaly;
202609;AREA 4;SULAWESI;MAKASSAR;TMA;AOi4260715094354375a6fc40;1;Anomaly;
202609;AREA 1;SUMBAGTENG;BUKIT TINGGI;PAM;AOi4260705015901459adeea0;1;Anomaly;
202609;AREA 1;SUMBAGUT;CENTRAL MEDAN;CTD;AOi42607151050127550c4070;1;Anomaly;
202609;AREA 2;JABAR;BANDUNG;RJW;AOi4260718022915794de0460;1;Anomaly;
202609;AREA 3;BALI NUSRA;DENPASAR;UBN;AOi1260710084011530821020;0;Anomaly;
202609;AREA 4;MALUKU DAN PAPUA;AMBON;PAO;AOi42607090311518778fd7f0;1;Anomaly;
202609;AREA 4;KALIMANTAN;SAMARINDA;SBR;AOi42607100211440597e7990;1;Anomaly;
202609;AREA 1;SUMBAGTENG;DUMAI;DUM;AOi4260717025855221ba5800;1;Anomaly;
202609;AREA 1;SUMBAGSEL;PANGKAL PINANG;TJN;AOi4260703061813102d2d870;1;Anomaly;
202609;AREA 2;CENTRAL JABOTABEK;NORTHERN JAKARTA;PLM;AOi126071711294033045b350;0;Anomaly;
202609;AREA 2;CENTRAL JABOTABEK;NORTHERN JAKARTA;TPR;AOi4260707010429398f20790;0;Anomaly;
202609;AREA 2;WESTERN JABOTABEK;TANGERANG;CPA;AOi42607050120267725d6150;1;Anomaly;
202609;AREA 4;KALIMANTAN;PONTIANAK;SNW;AOi1260717103928886e3fdc0;1;Anomaly;
202609;AREA 4;KALIMANTAN;PONTIANAK;ANJ;AOi42607071141322595f3f10;1;Anomaly;
202609;AREA 1;SUMBAGTENG;BUKIT TINGGI;NRS;AOi426070210494190060aa00;1;Anomaly;
202609;AREA 1;SUMBAGSEL;LAMPUNG;KLA;AOi4260703021446752030770;1;Anomaly;
202609;AREA 4;KALIMANTAN;PONTIANAK;STA;AOi42607010800457473da240;0;Anomaly;
202609;AREA 1;SUMBAGTENG;BATAM;SLU;AOi4260706093720851cf5d50;1;Anomaly;
202609;AREA 4;KALIMANTAN;PANGKALAN BUN;KTP;AOi4260706013604491a8b3e0;1;Anomaly;
202609;AREA 4;KALIMANTAN;TARAKAN;JWT;AOi4260718103001534fe2ae0;0;Anomaly;
202609;AREA 2;JABAR;TASIKMALAYA;BNJ;AOi4260702113731196a88060;1;Anomaly;
202609;AREA 3;JATIM;SURABAYA;BKL;AOi4260707112736329196f90;0;Anomaly;
202609;AREA 1;SUMBAGUT;PEMATANG SIANTAR;RBM;AOi42607100333441915689d0;0;Anomaly;
202609;AREA 2;JABAR;BANDUNG;PDL;AOk4260710013507630a086a0;0;Anomaly;
202609;AREA 1;SUMBAGSEL;JAMBI;BKO;AOi4260707011957062564910;1;Anomaly;
202609;AREA 2;EASTERN JABOTABEK;KARAWANG;BGG;AOi4260712104105084045b70;1;Anomaly;
202609;AREA 1;SUMBAGTENG;PADANG;KJI;PDAk4260708050004879596d50;1;Anomaly;
202609;AREA 1;SUMBAGSEL;PALEMBANG;PLJ;AOi4260709044625720517bf0;1;Anomaly;
202609;AREA 1;SUMBAGTENG;PADANG;TLB;AOi4260709035408148ca9260;1;Anomaly;
202609;AREA 3;JATENG-DIY;YOGYAKARTA;KBU;AOk4260717021613793873380;1;Anomaly;
202609;AREA 4;KALIMANTAN;PONTIANAK;MPW;AOi4260707091401423503f20;1;Anomaly;
202609;AREA 2;EASTERN JABOTABEK;KARAWANG;WDS;AOi4260702053255410ff6b90;0;Anomaly;
202609;AREA 1;SUMBAGTENG;BUKIT TINGGI;LBB;AOi4260712063441322b82c90;1;Anomaly;
202609;AREA 4;SULAWESI;BONE;WTP;AOi12607141209508131e8700;0;Anomaly;
202609;AREA 4;SULAWESI;GORONTALO;MRS;AOi4260708073039150981320;1;Anomaly;
202609;AREA 1;SUMBAGSEL;BENGKULU;LLG;AOi1260708065144038b26570;1;Anomaly;-23,69
202609;AREA 1;SUMBAGTENG;BUKIT TINGGI;PRS;AOi4260705022512779e01df0;1;Anomaly;2,64
202609;AREA 2;JABAR;TASIKMALAYA;TSM;AOi42607060153526380ecc70;0;Anomaly;
202609;AREA 2;WESTERN JABOTABEK;TANGERANG;TAN;AOs32607181151597352b61a0;1;Anomaly;
202609;AREA 1;SUMBAGTENG;PADANG;BGS;AOi4260704121218607f42f40;1;Anomaly;
202609;AREA 4;SULAWESI;KENDARI;BBU;AOi4260702115450604a31b20;0;Anomaly;
202609;AREA 4;SULAWESI;MAKASSAR;PNK;AOi12607160746238185a35a0;1;Anomaly;
202609;AREA 1;SUMBAGUT;CENTRAL MEDAN;PDB;AOs326070510204550706d030;0;Anomaly;
202609;AREA 2;EASTERN JABOTABEK;BEKASI;KLB;AOs32607190947160741ef3e0;1;Anomaly;
202609;AREA 2;JABAR;BANDUNG;LBG;AOi4260709092320180a208c0;1;Anomaly;
202609;AREA 4;KALIMANTAN;TARAKAN;LNN;AOi4260714095151255937f20;0;Anomaly;
202609;AREA 4;KALIMANTAN;PONTIANAK;SRD;AOi426070204014593166aa20;0;Anomaly;
202609;AREA 2;CENTRAL JABOTABEK;NORTHERN JAKARTA;KDY;AOi42607191238147864bcab0;1;Anomaly;
202609;AREA 2;CENTRAL JABOTABEK;NORTHERN JAKARTA;MRY;AOi4260628072628115637780;0;Anomaly;
202609;AREA 4;SULAWESI;MAKASSAR;TKA;AOi4260717124912171ef7230;1;Anomaly;
202609;AREA 3;JATIM;MADIUN;WKU;AOi42607170915441452e2ac0;1;Anomaly;
202609;AREA 1;SUMBAGSEL;PALEMBANG;KAG;AOi4260709074056066dedf80;1;Anomaly;
202609;AREA 2;EASTERN JABOTABEK;BOGOR;SPL;AOi42607160645239737c5000;1;Anomaly;
202609;AREA 1;SUMBAGSEL;PALEMBANG;TAM;AOi4260718012224660d81140;1;Anomaly;
202609;AREA 1;SUMBAGSEL;PANGKAL PINANG;TBI;AOi42607010141508361cd600;1;Anomaly;
202609;AREA 3;BALI NUSRA;DENPASAR;NGR;AOi4260710073142469924e50;1;Anomaly;
202609;AREA 4;KALIMANTAN;BALIKPAPAN;GSA;AOi4260709064923372d85ac0;0;Anomaly;
202609;AREA 1;SUMBAGTENG;PEKANBARU;AMK;AOi4260717020326114ece0c0;1;Anomaly;
202609;AREA 2;CENTRAL JABOTABEK;SOUTHERN JAKARTA;BIN;AOi4260708022110855372870;1;Anomaly;
202609;AREA 1;SUMBAGUT;CENTRAL MEDAN;TJR;AOi4260712060434667530a50;1;Anomaly;
202609;AREA 3;JATIM;SURABAYA;KJR;AOk4260715085158414095f00;0;Anomaly;
202609;AREA 3;JATIM;SURABAYA;KJR;AOi4260711105634748163fd0;0;Anomaly;
202609;AREA 4;KALIMANTAN;SAMARINDA;STT;AOi4260709125658943090020;1;Anomaly;
202609;AREA 3;JATENG-DIY;SEMARANG;SLI;AOi42607110949571968275e0;1;Anomaly;
202609;AREA 3;JATIM;SURABAYA;BEA;AOi4260702084934381dd2930;0;Anomaly;
202609;AREA 1;SUMBAGTENG;BUKIT TINGGI;SCC;AOi426071310572692832be70;0;Anomaly;
202609;AREA 3;BALI NUSRA;FLORES;KLH;AOi4260706020358393173e50;0;Anomaly;
202609;AREA 2;WESTERN JABOTABEK;TANGERANG;CPA;AOi42607050120267725d6150;1;Anomaly;
202609;AREA 3;BALI NUSRA;MATARAM;MTR;AOi4260702025544370937390;1;Anomaly;
202609;AREA 4;KALIMANTAN;BALIKPAPAN;GSA;PDAk4260709064234887444d60;1;Anomaly;
202609;AREA 3;JATENG-DIY;YOGYAKARTA;PKM;AOi4260718101728201c5db70;0;Anomaly;
202609;AREA 3;BALI NUSRA;KUPANG;KEF;AOi426062911432468636e320;1;Anomaly;
202609;AREA 1;SUMBAGSEL;PANGKAL PINANG;JBS;AOi4260715114144204635820;1;Anomaly;
202609;AREA 3;BALI NUSRA;MATARAM;MTR;AOi42607140335290679d8ee0;0;Anomaly;
202609;AREA 4;KALIMANTAN;SAMARINDA;KOB;AOi42606300755431397e4130;1;Anomaly;
202609;AREA 3;JATENG-DIY;PEKALONGAN;PKL;AOi42607160518324634f4240;0;Anomaly;
202609;AREA 3;JATIM;SIDOARJO;GRA;AOi426071902504144722ac20;1;Anomaly;
202609;AREA 4;KALIMANTAN;PONTIANAK;SGU;AOk42607130250518149014f0;1;Anomaly;
202609;AREA 2;WESTERN JABOTABEK;TANGERANG;LKG;AOk4260713043013593a78020;0;Anomaly;
202609;AREA 3;BALI NUSRA;DENPASAR;UBU;AOk4260709094446767800d70;1;Anomaly;
202609;AREA 1;SUMBAGSEL;JAMBI;MND;AOs3260718120928718122d10;0;Anomaly;
202609;AREA 4;SULAWESI;PALU;PLB;AOi42607160705297263e0580;0;Anomaly;
202609;AREA 4;KALIMANTAN;BANJARMASIN;KPL;AOi42607180408523066ccc80;0;Comply;-51,19
202609;AREA 3;BALI NUSRA;KUPANG;KPN;AOi4260702021350566c13f90;0;Anomaly;
202609;AREA 1;SUMBAGSEL;PANGKAL PINANG;JBS;AOi4260719100555321ff17b0;1;Anomaly;
202609;AREA 3;BALI NUSRA;KUPANG;BEN;AOs3260715063544762f1bf30;1;Anomaly;
202609;AREA 3;JATENG-DIY;SEMARANG;KUD;AOs3260711010456030a1e5e0;1;Anomaly;
202609;AREA 4;MALUKU DAN PAPUA;SORONG;FFA;AOi4260715104049823ef6ac0;1;Anomaly;-2,32
202609;AREA 4;SULAWESI;MANADO;TNT;AOi42607170645286964ac6f0;1;Anomaly;
202609;AREA 4;MALUKU DAN PAPUA;TIMIKA;TIM;AOi426071711242109236fe10;1;Anomaly;
202609;AREA 1;SUMBAGTENG;BUKIT TINGGI;SPE;AOi426070202254281437ee50;1;Anomaly;
202609;AREA 1;SUMBAGTENG;DUMAI;DRI;AOi42607080813165912378e0;1;Anomaly;
202609;AREA 4;KALIMANTAN;BALIKPAPAN;MGG;AOi426071705044160805feb0;0;Anomaly;
202609;AREA 1;SUMBAGSEL;PALEMBANG;PGC;AOk4260714033559974af2420;0;Anomaly;
202609;AREA 1;SUMBAGSEL;LAMPUNG;BKM;AOi4260708112506264f153c0;1;Anomaly;
202609;AREA 1;SUMBAGSEL;BENGKULU;CRP;AOi426071410444852995e820;0;Anomaly;
202609;AREA 3;JATIM;SIDOARJO;MRT;PDAk4260715094916999ea4500;1;Anomaly;
202609;AREA 2;WESTERN JABOTABEK;TANGERANG;CLD;AOs3260715120032906edfef0;1;Anomaly;
202609;AREA 3;BALI NUSRA;DENPASAR;BNO;AOi4260706100747466841460;1;Anomaly;
202609;AREA 1;SUMBAGTENG;PEKANBARU;BKR;AOi4260707100627069fb6410;0;Anomaly;
202609;AREA 1;SUMBAGUT;CENTRAL MEDAN;TTG;AOi426070610564016361f940;1;Anomaly;
202609;AREA 4;KALIMANTAN;PONTIANAK;ANJ;AOi4260702070311851d45d20;0;Anomaly;
202609;AREA 4;KALIMANTAN;PONTIANAK;SGU;AOi426071109183453573d2b0;1;Anomaly;
202609;AREA 4;KALIMANTAN;TARAKAN;TAJ;AOi4260707010601338c08600;0;Anomaly;
202609;AREA 4;KALIMANTAN;BALIKPAPAN;BAM;AOk4260718094956739b39630;0;Comply;-48,19
202609;AREA 1;SUMBAGUT;RANTAU PRAPAT;RAP;AOi42607160633198125a2240;1;Anomaly;
202609;AREA 3;BALI NUSRA;DENPASAR;TBN;AOi42607070545068244a4ff0;1;Anomaly;
202609;AREA 1;SUMBAGUT;WESTERN MEDAN;LSK;AOi4260715105632368b1dc70;0;Anomaly;
202609;AREA 1;SUMBAGUT;BANDA ACEH;SUS;AOi426071912573455014acc0;0;Anomaly;
202609;AREA 4;KALIMANTAN;TARAKAN;JWT;PDAk4260706022647958475760;0;Anomaly;
202609;AREA 4;SULAWESI;PARE-PARE;MAS;AOi4260702081449174a172a0;1;Anomaly;
202609;AREA 2;EASTERN JABOTABEK;BEKASI;KRA;AOs3260708101832380d75210;1;Anomaly;
202609;AREA 1;SUMBAGSEL;JAMBI;SPN;AOi4260716024017305371f40;1;Anomaly;
202609;AREA 3;JATENG-DIY;YOGYAKARTA;KEN;AOk426071709491470267e430;1;Anomaly;
202609;AREA 1;SUMBAGTENG;DUMAI;BGU;AOk4260706112412025cb1420;1;Anomaly;
202609;AREA 4;SULAWESI;BONE;SID;AOs3260717010737003410f40;1;Anomaly;
202609;AREA 1;SUMBAGSEL;PALEMBANG;IDL;AOi4260709112853516804450;1;Anomaly;
202609;AREA 3;JATENG-DIY;PEKALONGAN;PKL;AOi4260714095019337e24290;1;Anomaly;
202609;AREA 1;SUMBAGUT;PADANG SIDEMPUAN;SBG;AOi42607150258156861532c0;0;Anomaly;
202609;AREA 1;SUMBAGSEL;BENGKULU;PGA;AOi42607130304562381bae40;1;Anomaly;
202609;AREA 3;BALI NUSRA;MATARAM;SBW;AOi426071307081747941ff30;1;Anomaly;
202609;AREA 2;CENTRAL JABOTABEK;NORTHERN JAKARTA;CKG;AOi126070306572248568a470;1;Anomaly;-66,50
202609;AREA 1;SUMBAGTENG;BUKIT TINGGI;LBB;AOi4260713095428392a6df50;0;Anomaly;
202609;AREA 3;BALI NUSRA;DENPASAR;NGR;AOi426070708021224147aab0;1;Anomaly;
202609;AREA 4;SULAWESI;PALU;PGI;AOi4260715015146910a90230;1;Anomaly;
202609;AREA 4;SULAWESI;KENDARI;KKA;AOi4260706074854845f313f0;0;Anomaly;
202609;AREA 3;JATIM;MADIUN;SBI;AOi4260710011036211f6bff0;0;Anomaly;
202609;AREA 4;KALIMANTAN;PONTIANAK;ANJ;AOi4260703021423323036820;1;Anomaly;
202609;AREA 3;JATENG-DIY;SEMARANG;BMK;PDAk4260714041725211dcecb0;1;Anomaly;
202609;AREA 3;BALI NUSRA;MATARAM;DMP;AOi42607080605142922ea950;0;Anomaly;
202609;AREA 4;KALIMANTAN;PONTIANAK;SAO;AOk4260715044842110a24db0;0;Anomaly;
202609;AREA 1;SUMBAGSEL;LAMPUNG;KLA;AOi426070711115204354b780;1;Anomaly;
202609;AREA 1;SUMBAGSEL;PALEMBANG;BKS;AOi12607150517201645837b0;0;Anomaly;
202609;AREA 4;SULAWESI;PALU;PLA;AOk4260709090637534ba0c80;1;Anomaly;
202609;AREA 1;SUMBAGSEL;LAMPUNG;TJK;AOi4260702091633426cb16c0;0;Anomaly;
202609;AREA 4;KALIMANTAN;PONTIANAK;STA;AOi426071204174707900c790;1;Anomaly;
202609;AREA 1;SUMBAGTENG;DUMAI;BKN;AOi4260703035103335b77300;1;Anomaly;
202609;AREA 3;JATENG-DIY;PURWOKERTO;CLC;AOi42607170452549067ba450;1;Anomaly;
202609;AREA 3;JATENG-DIY;MAGELANG;MGE;AOi4260705063348110b92480;1;Anomaly;
202609;AREA 4;SULAWESI;PALU;LWU;AOi4260709025430951095fb0;1;Anomaly;
202609;AREA 3;BALI NUSRA;FLORES;LRT;AOk4260706014537343a1ca10;0;Comply;-23,65
202609;AREA 3;JATENG-DIY;PURWOKERTO;MAN;AOi426072010111177442af10;1;Anomaly;
202609;AREA 3;JATENG-DIY;PURWOKERTO;SDJ;AOi426070712242890282c570;1;Anomaly;
202609;AREA 2;JABAR;TASIKMALAYA;KNU;AOi42607151248226403878c0;0;Anomaly;
202609;AREA 1;SUMBAGTENG;DUMAI;DRI;AOi1260713100707190fe4c30;1;Anomaly;
202609;AREA 1;SUMBAGSEL;PANGKAL PINANG;TJN;AOk4260630010852062989f20;0;Anomaly;
202609;AREA 4;SULAWESI;MANADO;TOB;AOi42607150937318494f77e0;1;Anomaly;
202609;AREA 3;JATIM;MADIUN;TRE;AOi4260716090247774e42ff0;1;Anomaly;
202609;AREA 1;SUMBAGUT;RANTAU PRAPAT;RAP;AOi4260707042100199cd5130;0;Anomaly;
202609;AREA 3;BALI NUSRA;DENPASAR;KLM;AOi4260717044459403d593e0;0;Anomaly;
202609;AREA 4;SULAWESI;MANADO;AMR;AOi4260710025445413b37b50;1;Anomaly;
202609;AREA 1;SUMBAGUT;RANTAU PRAPAT;KPI;AOi4260708095922869dde9b0;1;Anomaly;
202609;AREA 4;KALIMANTAN;PONTIANAK;JAW;AOi4260715060127614d747b0;1;Anomaly;
202609;AREA 4;SULAWESI;MANADO;KTG;AOi4260718062212627ff9940;1;Anomaly;
202609;AREA 1;SUMBAGSEL;PALEMBANG;PLJ;AOi4260715051837147332090;1;Anomaly;
202609;AREA 1;SUMBAGUT;CENTRAL MEDAN;TMU;AOi4260715061157778f483a0;1;Anomaly;
202609;AREA 3;BALI NUSRA;FLORES;END;AOk4260709021911078b52cf0;1;Anomaly;
202609;AREA 3;JATENG-DIY;MAGELANG;PWJ;AOk4260714045539102271630;0;Anomaly;
202609;AREA 2;JABAR;CIREBON;CBN;AOs3260718070432994d817b0;0;Anomaly;
202609;AREA 4;KALIMANTAN;TARAKAN;TAJ;AOi4260707115903430547500;0;Comply;1,41
202609;AREA 1;SUMBAGSEL;PANGKAL PINANG;PGP;AOi4260703104954495fc3a90;0;Anomaly;
202609;AREA 3;JATENG-DIY;PURWOKERTO;CLC;AOi4260712065054411cf0450;0;Anomaly;
202609;AREA 1;SUMBAGTENG;PADANG;SGD;AOi4260714042944572ca4800;1;Anomaly;
202609;AREA 4;SULAWESI;PALU;LWU;AOi426070304090750486ed30;1;Anomaly;
202609;AREA 1;SUMBAGSEL;LAMPUNG;KDT;AOi4260714104944850220fa0;1;Anomaly;
202609;AREA 1;SUMBAGSEL;LAMPUNG;TJK;AOi4260720090040158bdbf10;1;Anomaly;
202609;AREA 4;SULAWESI;KENDARI;KDR;AOi4260713074738800629330;0;Anomaly;
202609;AREA 4;SULAWESI;PALU;BKU;AOi426071607315318409b750;1;Anomaly;
202609;AREA 4;KALIMANTAN;PONTIANAK;STA;AOk42607130453376947a7890;1;Anomaly;
202609;AREA 1;SUMBAGUT;PEMATANG SIANTAR;PRR;AOs32607030748109653dc1b0;0;Anomaly;-25,27
202609;AREA 4;SULAWESI;KENDARI;MDG;AOi4260717032830596d58850;0;Anomaly;
202609;AREA 1;SUMBAGUT;CENTRAL MEDAN;PUB;AOs3260713100715716dcc680;1;Anomaly;
202609;AREA 1;SUMBAGUT;RANTAU PRAPAT;KPI;AOk426071409555382560bb20;0;Anomaly;
202609;AREA 4;SULAWESI;MANADO;AMR;AOi4260701083159743c911c0;0;Anomaly;
202609;AREA 4;KALIMANTAN;SAMARINDA;LOB;AOs3260711124745320f28500;1;Anomaly;
202609;AREA 1;SUMBAGUT;RANTAU PRAPAT;RAP;AOk42607151147247599d1150;0;Anomaly;
202609;AREA 4;KALIMANTAN;BANJARMASIN;KYG;AOi4260715013138262507720;0;Anomaly;
202609;AREA 4;SULAWESI;MANADO;KTG;AOs3260719102959133a2eb80;1;Anomaly;
202609;AREA 4;KALIMANTAN;TARAKAN;TAJ;AOi42607061159212792d0550;0;Anomaly;
202609;AREA 1;SUMBAGTENG;PEKANBARU;ARK;AOi42607041023473876f56f0;0;Anomaly;
202609;AREA 1;SUMBAGUT;RANTAU PRAPAT;RAP;AOk42607151029378242550d0;0;Anomaly;
202609;AREA 3;JATENG-DIY;SURAKARTA;KRT;AOk426071403551843099e400;1;Anomaly;
202609;AREA 1;SUMBAGSEL;PANGKAL PINANG;JBS;AOi4260707103005535846760;1;Anomaly;
202609;AREA 1;SUMBAGSEL;PALEMBANG;TLK;AOs3260709094441035d08ed0;1;Anomaly;
202609;AREA 3;JATENG-DIY;YOGYAKARTA;KEN;AOk426071709491470267e430;1;Anomaly;
202609;AREA 1;SUMBAGTENG;PADANG;SGD;AOi426062912185050611c030;1;Anomaly;
202609;AREA 1;SUMBAGUT;PEMATANG SIANTAR;SDK;AOi426070810565753627c440;1;Anomaly;
202609;AREA 2;CENTRAL JABOTABEK;NORTHERN JAKARTA;PLM;AOk4260713040425775f5de20;1;Anomaly;
202609;AREA 3;BALI NUSRA;FLORES;KLH;AOk4260714095343400ecb0f0;0;Anomaly;
202609;AREA 1;SUMBAGSEL;PALEMBANG;PBM;AOb02607201053301997bddc0;1;Anomaly;
202609;AREA 4;SULAWESI;MAKASSAR;TMA;AOi4260630091342683494e60;1;Anomaly;-0,34
202609;AREA 3;BALI NUSRA;DENPASAR;JBR;AOi4260703100507349f038a0;1;Anomaly;
202609;AREA 2;JABAR;CIREBON;CBN;AOk426070804445737291fba0;1;Anomaly;
202609;AREA 4;KALIMANTAN;PALANGKARAYA;PLK;AOi42607140248432573e7d60;1;Anomaly;
202609;AREA 2;WESTERN JABOTABEK;SERANG;SPT;AOi42607071233558018294d0;0;Anomaly;
202609;AREA 2;EASTERN JABOTABEK;BEKASI;CNE;PDAk4260701114344791c00720;0;Anomaly;
202609;AREA 2;JABAR;SOREANG;SOR;AOi42607180515578873bb860;1;Anomaly;
202609;AREA 4;SULAWESI;KENDARI;UNH;AOi4260707042441965f5d390;1;Anomaly;
202609;AREA 1;SUMBAGSEL;PALEMBANG;MEM;AOi42607200217072807e4ad0;1;Anomaly;
202609;AREA 4;KALIMANTAN;PONTIANAK;SNW;AOi4260709090442035031f30;1;Anomaly;
202609;AREA 3;JATIM;SURABAYA;MGO;AOi4260719114836910a12970;1;Anomaly;
202609;AREA 2;JABAR;BANDUNG;CJA;AOi426071405265625284d9b0;1;Anomaly;
202609;AREA 2;EASTERN JABOTABEK;BOGOR;SPL;AOi12607170941468789d9350;1;Anomaly;
202609;AREA 3;BALI NUSRA;KUPANG;BEN;AOi4260717032926802d30ac0;0;Anomaly;
202609;AREA 1;SUMBAGTENG;PEKANBARU;TJT;AOk4260702042909442667000;1;Anomaly;
202609;AREA 4;KALIMANTAN;BANJARMASIN;BBR;AOi4260711080145465671750;0;Anomaly;
202609;AREA 1;SUMBAGUT;PADANG SIDEMPUAN;TRT;AOi4260716090528315158bd0;0;Anomaly;
202609;AREA 1;SUMBAGUT;CENTRAL MEDAN;SPM;AOi12607161019013716741d0;1;Anomaly;-70,37
202609;AREA 3;JATIM;SURABAYA;KLN;AOi42607160825177669e7390;1;Anomaly;
202609;AREA 1;SUMBAGUT;WESTERN MEDAN;TJP;AOi42607140751454099b8730;0;Anomaly;
202609;AREA 1;SUMBAGUT;BANDA ACEH;LTM;AOs3260710073126900c13550;1;Anomaly;
202609;AREA 2;EASTERN JABOTABEK;BEKASI;KLB;AOs326071408302324889d8b0;1;Anomaly;
202609;AREA 4;KALIMANTAN;TARAKAN;TRK;AOi42607170147244610fb270;0;Anomaly;
202609;AREA 1;SUMBAGSEL;JAMBI;MBN;AOi42607101126193515d68c0;1;Anomaly;
202609;AREA 3;JATIM;SIDOARJO;PGE;AOi1260720123235569fe6c90;0;Anomaly;
202609;AREA 2;EASTERN JABOTABEK;BOGOR;SPL;AOi12607160125476860442a0;0;Anomaly;
202609;AREA 4;SULAWESI;MAKASSAR;MAT;AOk42607020201233752c0700;1;Anomaly;
202609;AREA 2;WESTERN JABOTABEK;SERANG;KSB;AOi42607160924563011f82f0;1;Anomaly;
202609;AREA 3;JATENG-DIY;PEKALONGAN;TEG;AOk4260702112648190218bc0;0;Anomaly;
202609;AREA 4;SULAWESI;MAKASSAR;SUG;AOk42607150221024770388c0;1;Anomaly;
202609;AREA 4;SULAWESI;PALU;PLB;AOk4260710020717767db45c0;0;Anomaly;
202609;AREA 1;SUMBAGTENG;PEKANBARU;ARK;AOi426071805261392257ef70;0;Anomaly;
202609;AREA 3;JATIM;SURABAYA;RKT;AOs32607110352161561059e0;1;Anomaly;
202609;AREA 4;SULAWESI;MANADO;KTG;AOk42607090201376397f4020;0;Anomaly;
202609;AREA 4;MALUKU DAN PAPUA;SORONG;SON;AOk4260716111319005d2d340;1;Anomaly;
202609;AREA 3;JATIM;LAMONGAN;GSK;AOi426070912513968509b600;1;Anomaly;
202609;AREA 3;JATIM;SURABAYA;BEA;AOi4260702031333930f46330;0;Anomaly;
202609;AREA 4;SULAWESI;MANADO;LAN;AOs32607090109281788ddb70;1;Anomaly;
202609;AREA 4;SULAWESI;PALU;BKU;AOi4260708114704495983f00;1;Anomaly;
202609;AREA 4;KALIMANTAN;PANGKALAN BUN;PEA;AOi42607040911153648a1560;0;Anomaly;
202609;AREA 2;JABAR;BANDUNG;LBG;AOk426071711213562740c5c0;0;Anomaly;
202609;AREA 3;JATENG-DIY;PEKALONGAN;PML;AOi426070901384848781aee0;1;Anomaly;
202609;AREA 1;SUMBAGTENG;PADANG;SLK;AOi42607161241431838cc530;1;Anomaly;
202609;AREA 4;SULAWESI;KENDARI;KKA;AOi4260701091729941419190;0;Anomaly;
202609;AREA 3;BALI NUSRA;KUPANG;KEF;AOi4260707114933021318630;0;Anomaly;
202609;AREA 1;SUMBAGUT;PADANG SIDEMPUAN;GST;AOi4260720033728501c73650;0;Anomaly;
202609;AREA 2;JABAR;BANDUNG;UBR;AOi4260704073534197533760;0;Comply;-21,05
202609;AREA 1;SUMBAGUT;PADANG SIDEMPUAN;GST;AOi426070308502902765ba80;1;Anomaly;
202609;AREA 1;SUMBAGSEL;PANGKAL PINANG;PGP;AOi4260713072214995bd6270;0;Anomaly;
202609;AREA 3;BALI NUSRA;DENPASAR;UBN;AOs326071011314909289ef40;1;Anomaly;
202609;AREA 3;BALI NUSRA;MATARAM;MTR;AOi42607040907253061599b0;0;Anomaly;
202609;AREA 2;JABAR;TASIKMALAYA;PAX;AOi4260712031229305784670;0;Anomaly;
202609;AREA 3;JATENG-DIY;SURAKARTA;SLO;AOi4260717070517859d39b90;1;Anomaly;
202609;AREA 4;SULAWESI;MAKASSAR;SUD;AOi4260714022749664b35680;0;Anomaly;
202609;AREA 1;SUMBAGTENG;PADANG;LIM;AOs3260708112715993cdaf90;1;Anomaly;-4,59
202609;AREA 2;JABAR;BANDUNG;SDL;AOi42607020140350881b0050;1;Anomaly;
202609;AREA 4;SULAWESI;PARE-PARE;PKA;AOk4260714023442376a7c7f0;0;Anomaly;
202609;AREA 1;SUMBAGSEL;PALEMBANG;PLJ;AOi4260715051837147332090;1;Anomaly;
202609;AREA 1;SUMBAGTENG;DUMAI;DRI;AOi4260707011505770f1c310;1;Anomaly;
202609;AREA 4;MALUKU DAN PAPUA;AMBON;ABO;AOk426070707551412264b200;1;Anomaly;
202609;AREA 1;SUMBAGUT;WESTERN MEDAN;BJI;AOk426062411551924245f310;0;Anomaly;
202609;AREA 4;SULAWESI;PARE-PARE;PRE;AOk4260715024515399f0bec0;1;Anomaly;
202609;AREA 4;SULAWESI;PALU;PLB;AOi42607120156304252f50c0;1;Anomaly;
202609;AREA 1;SUMBAGUT;CENTRAL MEDAN;CTD;AOi4260712034243214f1cb80;0;Anomaly;
202609;AREA 4;KALIMANTAN;PONTIANAK;STG;AOi4260718090714260960ca0;1;Anomaly;
202609;AREA 4;KALIMANTAN;SAMARINDA;LMP;AOi42607180304252733f7cd0;0;Anomaly;
202609;AREA 3;JATENG-DIY;PEKALONGAN;SLW;AOi4260716013520204773f10;1;Anomaly;
202609;AREA 4;SULAWESI;MAKASSAR;PNK;AOi42607150247508380f9cc0;0;Anomaly;
202609;AREA 1;SUMBAGSEL;PALEMBANG;PLJ;AOi42607110233133792639a0;1;Anomaly;
202609;AREA 3;BALI NUSRA;MATARAM;MTR;AOi426071510384055458e1d0;0;Anomaly;
202609;AREA 4;KALIMANTAN;SAMARINDA;SBR;AOi4260706111647981e032d0;0;Anomaly;
202609;AREA 1;SUMBAGUT;CENTRAL MEDAN;CTD;AOi42607161114321630696d0;0;Anomaly;
202609;AREA 2;CENTRAL JABOTABEK;NORTHERN JAKARTA;PDM;AOk426072004074685860d8c0;0;Anomaly;
202609;AREA 1;SUMBAGUT;CENTRAL MEDAN;MDC;AOi4260706094332080e29ce0;0;Anomaly;
202609;AREA 3;JATENG-DIY;PEKALONGAN;CMA;AOi4260713110310528457520;1;Anomaly;
202609;AREA 4;SULAWESI;MANADO;KTG;AOi42607201113192640d3ed0;0;Anomaly;
202609;AREA 4;SULAWESI;MANADO;BAH;AOs3260720093909930e99690;1;Anomaly;
202609;AREA 1;SUMBAGTENG;BATAM;PNI;AOi426071707263285167f100;0;Anomaly;
202609;AREA 3;JATENG-DIY;SURAKARTA;MSO;AOk4260630031620776997210;0;Anomaly;
202609;AREA 4;SULAWESI;KENDARI;KKA;AOk4260715112435246696f50;1;Anomaly;6,19
202609;AREA 2;WESTERN JABOTABEK;TANGERANG;LKG;AOk4260713043013593a78020;0;Anomaly;
202609;AREA 2;CENTRAL JABOTABEK;NORTHERN JAKARTA;TPR;AOi42607090354509177d5fa0;0;Anomaly;
202609;AREA 4;SULAWESI;PALU;LWU;AOk426072011234740494c3f0;1;Anomaly;
202609;AREA 1;SUMBAGTENG;BATAM;DGS;AOi42607111227437391154e0;1;Anomaly;
202609;AREA 2;WESTERN JABOTABEK;TANGERANG;LKG;AOs3260711034422263c683a0;1;Anomaly;
202609;AREA 1;SUMBAGTENG;BUKIT TINGGI;BKT;AOk4260703115041502444740;0;Anomaly;
202609;AREA 1;SUMBAGUT;CENTRAL MEDAN;SPM;AOk42607071231082665f7be0;0;Anomaly;
202609;AREA 3;JATENG-DIY;SEMARANG;PEC;AOi426072012390209035dd00;1;Anomaly;-21,16
202609;AREA 4;KALIMANTAN;PONTIANAK;PTK;AOk42607171100367598bf3f0;1;Anomaly;
202609;AREA 3;BALI NUSRA;DENPASAR;SMA;AOi42607060242366643eaa70;1;Anomaly;
202609;AREA 3;BALI NUSRA;DENPASAR;SGR;AOi42607180916509817b2920;0;Anomaly;
202609;AREA 4;SULAWESI;PALU;BKU;AOi4260714111648562454540;0;Anomaly;
202609;AREA 3;JATENG-DIY;PURWOKERTO;GML;AOi4260719122623878883570;1;Anomaly;
202609;AREA 4;MALUKU DAN PAPUA;AMBON;PAO;AOi4260710081726031386cd0;1;Anomaly;
202609;AREA 3;BALI NUSRA;MATARAM;SBW;AOi426071409543543670fce0;0;Anomaly;
202609;AREA 3;JATIM;LAMONGAN;BCR;AOi4260718053121837b161c0;1;Anomaly;
202609;AREA 1;SUMBAGUT;WESTERN MEDAN;KSG;AOb0260716014940442348270;0;Anomaly;
202609;AREA 2;CENTRAL JABOTABEK;NORTHERN JAKARTA;SLP;AOk426071111092291427f280;1;Anomaly;
202609;AREA 4;KALIMANTAN;SAMARINDA;PLL;AOi4260715064202021cdbde0;1;Anomaly;
202609;AREA 3;BALI NUSRA;DENPASAR;JBR;AOi42607190200597516cde10;1;Anomaly;
202609;AREA 2;EASTERN JABOTABEK;BEKASI;KRA;AOi426070211434977383f2d0;0;Anomaly;
202609;AREA 2;JABAR;BANDUNG;TRG;AOi1260711063255422442a10;1;Anomaly;-15,53
202609;AREA 4;KALIMANTAN;PONTIANAK;STG;AOi42607190831001164d3cd0;0;Anomaly;
202609;AREA 2;JABAR;BANDUNG;PDL;AOk4260715011411213d28f60;1;Anomaly;
202609;AREA 4;SULAWESI;MANADO;AMD;AOi1260720093949074e1eec0;1;Anomaly;
202609;AREA 2;CENTRAL JABOTABEK;NORTHERN JAKARTA;MKR;AOs326070402151470091f800;1;Anomaly;
202609;AREA 4;MALUKU DAN PAPUA;AMBON;PAO;AOi4260710080645815a2c630;1;Anomaly;
202609;AREA 1;SUMBAGUT;CENTRAL MEDAN;TMU;AOi426070611065713091f220;0;Anomaly;
202609;AREA 3;JATIM;MALANG;KBN;AOs32607201137168008330e0;0;Anomaly;
202609;AREA 3;BALI NUSRA;DENPASAR;TOP;AOi42607140141540210d6990;1;Anomaly;
202609;AREA 1;SUMBAGUT;RANTAU PRAPAT;ANP;AOi42607010755529802f21f0;0;Anomaly;
202609;AREA 2;JABAR;SOREANG;SMD;AOi4260706015041872e7f270;1;Anomaly;
202609;AREA 4;SULAWESI;KENDARI;BBU;AOi42607031043180738d14b0;0;Anomaly;
202609;AREA 4;KALIMANTAN;TARAKAN;TRK;AOi4260708122458444e6d0d0;0;Anomaly;
202609;AREA 3;JATENG-DIY;SURAKARTA;KTO;AOk4260706083836998604c00;0;Anomaly;
202609;AREA 2;EASTERN JABOTABEK;BOGOR;CLS;PDAk42607080949324724fbf20;1;Anomaly;
202609;AREA 1;SUMBAGUT;RANTAU PRAPAT;RAP;AOk4260716094344007248290;0;Anomaly;
202609;AREA 1;SUMBAGTENG;DUMAI;PPN;AOi426070911260709649b8c0;1;Anomaly;
202609;AREA 4;KALIMANTAN;PONTIANAK;STG;AOi42607020436440825d1d00;0;Anomaly;
202609;AREA 4;MALUKU DAN PAPUA;TIMIKA;TIM;AOi42607171237270746cf490;1;Anomaly;
202609;AREA 2;JABAR;BANDUNG;CCD;AOi426070309323219103fa50;1;Anomaly;
202609;AREA 4;KALIMANTAN;PALANGKARAYA;KKP;AOi4260713122725036bae720;0;Anomaly;
202609;AREA 1;SUMBAGSEL;PALEMBANG;MPA;AOi4260718083142883b01580;1;Anomaly;
202609;AREA 1;SUMBAGUT;CENTRAL MEDAN;TMU;AOi4260720021408653becb40;1;Anomaly;
202609;AREA 2;WESTERN JABOTABEK;TANGERANG;CPA;AOi1260709081227865605940;0;Anomaly;
202609;AREA 2;JABAR;BANDUNG;CJG;AOi42607170544094786be300;0;Anomaly;
202609;AREA 4;KALIMANTAN;PONTIANAK;STG;AOi4260706090327636268460;1;Anomaly;
202609;AREA 1;SUMBAGTENG;DUMAI;DRI;AOi4260710095659229f88830;1;Anomaly;
202609;AREA 4;KALIMANTAN;BALIKPAPAN;SKU;AOi42607090555583347c0ad0;1;Anomaly;
202609;AREA 4;SULAWESI;KENDARI;UNH;AOi4260720080119871538b80;1;Anomaly;-20,46
202609;AREA 1;SUMBAGUT;WESTERN MEDAN;BJI;AOi42607120851392567e2e90;0;Anomaly;
202609;AREA 2;JABAR;TASIKMALAYA;TSM;AOi4260711064953760cfedf0;0;Anomaly;
202609;AREA 1;SUMBAGTENG;BUKIT TINGGI;KYT;AOi4260719111703619b09260;1;Anomaly;
202609;AREA 3;JATIM;SURABAYA;KJR;AOi426071110114501402b250;1;Anomaly;
202609;AREA 3;BALI NUSRA;FLORES;LBO;AOs3260720083109298934490;1;Anomaly;
202609;AREA 1;SUMBAGSEL;PALEMBANG;BKS;AOi4260705110628187519250;1;Anomaly;
202609;AREA 4;KALIMANTAN;TARAKAN;TAJ;AOi4260720123540340f73bb0;0;Anomaly;
202609;AREA 2;JABAR;TASIKMALAYA;TSM;AOk426072008441479781ee40;1;Anomaly;
202609;AREA 4;KALIMANTAN;PONTIANAK;RBA;AOi1260717071552965a66450;1;Anomaly;
202609;AREA 1;SUMBAGTENG;BUKIT TINGGI;LBB;AOi4260713091033174108990;1;Anomaly;
202609;AREA 1;SUMBAGTENG;BUKIT TINGGI;PAM;AOs32607151211068089c0f10;1;Anomaly;
202609;AREA 4;MALUKU DAN PAPUA;SORONG;MWR;AOi42607050239494386bec20;0;Anomaly;
202609;AREA 1;SUMBAGSEL;PALEMBANG;PGC;AOi42607200507002129be810;0;Anomaly;
202609;AREA 1;SUMBAGSEL;PANGKAL PINANG;JBS;AOi4260710111304914e12d30;1;Anomaly;
202609;AREA 4;KALIMANTAN;PONTIANAK;ANJ;AOi42607071141322595f3f10;1;Anomaly;
202609;AREA 3;BALI NUSRA;DENPASAR;JBR;AOi4260716122440603b0f4e0;0;Anomaly;
202609;AREA 3;JATENG-DIY;SEMARANG;MJP;AOi426070204082065626ec30;1;Anomaly;
202609;AREA 1;SUMBAGSEL;PANGKAL PINANG;TJN;AOi42607210520287428c0db0;1;Anomaly;
202609;AREA 2;CENTRAL JABOTABEK;NORTHERN JAKARTA;KLG;AOk42607080929299915ad900;1;Anomaly;-28,79
202609;AREA 2;JABAR;SOREANG;MJY;AOi4260702124514755f30ec0;0;Anomaly;
202609;AREA 3;JATENG-DIY;YOGYAKARTA;WNS;AOi4260706012208286fff0d0;1;Anomaly;
202609;AREA 3;JATIM;SURABAYA;MYR;AOi4260717081228682598b30;0;Comply;-30,56
202609;AREA 3;JATIM;SURABAYA;MYR;AOi42607150114109550b93e0;0;Anomaly;
202609;AREA 4;KALIMANTAN;SAMARINDA;PAA;AOi42607020905478905732e0;0;Anomaly;
202609;AREA 2;JABAR;BANDUNG;LBG;AOi4260701012233953ed4780;1;Anomaly;336,32
202609;AREA 4;MALUKU DAN PAPUA;JAYAPURA;JAP;AOi4260716040944046a01d70;0;Anomaly;
202609;AREA 2;JABAR;BANDUNG;CJA;AOi42607080938240970d0c90;0;Anomaly;
202609;AREA 1;SUMBAGTENG;BUKIT TINGGI;PUK;AOi4260717103811334dc47c0;0;Not Comply;3,77
202609;AREA 3;BALI NUSRA;MATARAM;MTR;AOi4260703042131968bb8fd0;1;Anomaly;-101,74
202609;AREA 4;SULAWESI;PALU;PLA;AOk4260709090637534ba0c80;1;Anomaly;
202609;AREA 4;MALUKU DAN PAPUA;AMBON;ABO;AOi42607150846084215ae290;0;Anomaly;
202609;AREA 1;SUMBAGUT;CENTRAL MEDAN;SPM;AOi12607161019013716741d0;0;Anomaly;
202609;AREA 4;KALIMANTAN;PONTIANAK;BIG;AOk4260714013607479522570;1;Anomaly;
202609;AREA 4;KALIMANTAN;TARAKAN;TRK;AOi42607071107297032d3780;0;Anomaly;
202609;AREA 1;SUMBAGUT;PADANG SIDEMPUAN;SBG;AOk42607210938363775d31d0;0;Anomaly;
202609;AREA 1;SUMBAGSEL;LAMPUNG;KLA;AOi1260720073027752c9dc90;1;Anomaly;
202609;AREA 1;SUMBAGTENG;DUMAI;BGU;AOi42607151028532399a4030;1;Anomaly;
202609;AREA 1;SUMBAGUT;PEMATANG SIANTAR;IDA;AOi42607151147393270edf60;0;Anomaly;
202609;AREA 1;SUMBAGSEL;LAMPUNG;TJK;AOs3260705012421592ac5820;1;Anomaly;
202609;AREA 2;EASTERN JABOTABEK;KARAWANG;TLJ;AOi12607101011582891635a0;0;Comply;-1,59
202609;AREA 4;MALUKU DAN PAPUA;TIMIKA;KUK;AOi4260720085149234fbd730;1;Anomaly;
202609;AREA 1;SUMBAGUT;CENTRAL MEDAN;CTD;AOi426071610185943446b0a0;0;Anomaly;
202609;AREA 1;SUMBAGTENG;PADANG;KJI;AOk42607081041450224d2230;0;Comply;-21,12
202609;AREA 3;JATIM;SIDOARJO;SDA;AOi4260716050654866da8030;0;Anomaly;
202609;AREA 4;SULAWESI;KENDARI;KDR;AOi4260719122906343d0ecf0;1;Anomaly;
202609;AREA 4;SULAWESI;KENDARI;MDG;AOi42607090407561395a88b0;0;Anomaly;
202609;AREA 1;SUMBAGUT;CENTRAL MEDAN;PDB;AOi42607060645162462202a0;1;Anomaly;
202609;AREA 2;CENTRAL JABOTABEK;SOUTHERN JAKARTA;RMG;AOi4260719035748862850d70;1;Anomaly;
202609;AREA 1;SUMBAGUT;PEMATANG SIANTAR;SDK;AOi12607110133195491f23e0;0;Anomaly;
202609;AREA 2;CENTRAL JABOTABEK;NORTHERN JAKARTA;MKR;AOs3260715100449724d3eaa0;1;Anomaly;
202609;AREA 1;SUMBAGUT;PEMATANG SIANTAR;PDN;AOi4260714104325251e546a0;0;Anomaly;
202609;AREA 4;SULAWESI;PALU;PLA;AOi4260712063621178b44b20;1;Anomaly;
202609;AREA 1;SUMBAGUT;CENTRAL MEDAN;TMU;AOs3260720031206230fa61f0;0;Anomaly;
202609;AREA 1;SUMBAGSEL;LAMPUNG;LAM;AOi4260701014845141006f50;1;Anomaly;
202609;AREA 3;BALI NUSRA;DENPASAR;SGR;AOi426071512322504697bfc0;0;Anomaly;
202609;AREA 3;BALI NUSRA;DENPASAR;UBN;AOi1260716011736311bd5af0;0;Anomaly;
202609;AREA 1;SUMBAGTENG;DUMAI;BGU;AOi4260715070536809284240;1;Anomaly;
202609;AREA 2;CENTRAL JABOTABEK;NORTHERN JAKARTA;CKG;AOs3260705082510378b51440;1;Anomaly;
202609;AREA 1;SUMBAGTENG;PADANG;SUN;AOi426070905433251644b460;1;Anomaly;
202609;AREA 1;SUMBAGUT;WESTERN MEDAN;LGS;AOi426070503563316497dc40;0;Anomaly;
202609;AREA 1;SUMBAGSEL;LAMPUNG;MGA;AOi42607090916316587f2910;0;Anomaly;
202609;AREA 3;JATIM;SURABAYA;KPS;AOi4260711081438645142660;1;Anomaly;-42,17
202609;AREA 3;JATENG-DIY;SEMARANG;UNR;AOi4260706105903722180a70;1;Anomaly;
202609;AREA 1;SUMBAGTENG;PEKANBARU;SLJ;AOi1260720095521629005440;1;Anomaly;
202609;AREA 1;SUMBAGUT;WESTERN MEDAN;BJI;AOi42607010301450507b56f0;0;Anomaly;
202609;AREA 4;SULAWESI;MAKASSAR;ANT;AOk4260720013906237eefd50;0;Anomaly;
202609;AREA 1;SUMBAGTENG;BUKIT TINGGI;NRS;AOi42607191253060599fa3f0;0;Anomaly;
202609;AREA 2;JABAR;CIREBON;CBN;AOk426070804445737291fba0;1;Anomaly;
202609;AREA 1;SUMBAGTENG;PADANG;BDT;AOi4260706014013523909f50;1;Anomaly;
202609;AREA 1;SUMBAGSEL;LAMPUNG;MET;AOi42607180935193708a0130;1;Anomaly;
202609;AREA 3;BALI NUSRA;FLORES;END;AOi426070802310423215acc0;0;Anomaly;
202609;AREA 2;WESTERN JABOTABEK;TANGERANG;LKG;AOi126071808312773914cb50;0;Anomaly;
202609;AREA 1;SUMBAGTENG;DUMAI;TAK;AOi12607171032229175aa650;1;Anomaly;
202609;AREA 1;SUMBAGTENG;PADANG;BGS;AOi42607011103027230a7660;1;Anomaly;
202609;AREA 1;SUMBAGTENG;DUMAI;BKN;AOi42607080438140720ac500;1;Anomaly;
202609;AREA 3;JATIM;SURABAYA;KPS;AOi4260702091153247bc8b90;0;Anomaly;
202609;AREA 2;EASTERN JABOTABEK;KARAWANG;KRW;AOi4260717045027013a374c0;1;Anomaly;
202609;AREA 1;SUMBAGTENG;PADANG;SGD;AOi42607040323282520c3fd0;1;Anomaly;
202609;AREA 1;SUMBAGTENG;PEKANBARU;ARK;AOi42607110140188367c28a0;1;Anomaly;
202609;AREA 4;MALUKU DAN PAPUA;JAYAPURA;SNI;AOk4260715010132529d0a3f0;0;Anomaly;
202609;AREA 1;SUMBAGSEL;JAMBI;RBB;AOk42607061018469607bcfd0;1;Anomaly;
202609;AREA 1;SUMBAGUT;WESTERN MEDAN;KSG;AOb0260716014940442348270;0;Anomaly;
202609;AREA 3;JATIM;SURABAYA;MYR;AOk4260717044820509905bf0;0;Anomaly;
202609;AREA 4;KALIMANTAN;PONTIANAK;SGU;AOk42607130250518149014f0;1;Anomaly;
202609;AREA 3;BALI NUSRA;DENPASAR;CDS;AOi42607140510099098b32c0;1;Anomaly;
202609;AREA 3;JATIM;SURABAYA;KJR;AOi4260702025425662f23c70;0;Anomaly;
202609;AREA 3;BALI NUSRA;MATARAM;MTR;AOi12607100400441641c57c0;1;Anomaly;-109,49
202609;AREA 3;JATENG-DIY;SURAKARTA;GLD;AOi4260720101154925f0b280;1;Anomaly;
202609;AREA 3;BALI NUSRA;DENPASAR;JBR;AOi4260718085315804ad3670;0;Anomaly;
202609;AREA 1;SUMBAGUT;PADANG SIDEMPUAN;PSP;AOi42607150154542537d08d0;0;Anomaly;
202609;AREA 1;SUMBAGUT;CENTRAL MEDAN;PDB;AOi4260714082040145c98830;0;Anomaly;
202609;AREA 3;BALI NUSRA;DENPASAR;SGR;AOi4260717041903473172330;1;Anomaly;
202609;AREA 1;SUMBAGTENG;PADANG;SLK;AOi4260711010421679b74550;1;Anomaly;
202609;AREA 2;JABAR;BANDUNG;BDK;AOi426072106453595066a960;1;Anomaly;
202609;AREA 3;JATENG-DIY;SURAKARTA;KTO;AOi4260710020718518ae5fc0;1;Anomaly;
202609;AREA 2;WESTERN JABOTABEK;TANGERANG;CPA;AOi4260711032456844f16da0;0;Anomaly;
202609;AREA 4;SULAWESI;KENDARI;KDR;AOi4260713074738800629330;0;Anomaly;
202609;AREA 1;SUMBAGSEL;BENGKULU;TMO;AOi4260709011223833f3ede0;0;Anomaly;
202609;AREA 1;SUMBAGTENG;PEKANBARU;ARK;AOi4260716075018040b31f50;0;Anomaly;
202609;AREA 2;EASTERN JABOTABEK;BEKASI;DEP;AOi126072104204386235c1b0;1;Anomaly;
202609;AREA 2;WESTERN JABOTABEK;TANGERANG;SRP;AOs3260721040544553a3ec40;1;Anomaly;
202609;AREA 1;SUMBAGSEL;BENGKULU;LHT;AOi4260711123352184d9edc0;0;Anomaly;
202609;AREA 3;JATENG-DIY;SEMARANG;GNK;AOi1260706044827776943d20;1;Anomaly;-45,41
202609;AREA 4;SULAWESI;PALU;PLB;AOi4260711023409864ee6700;0;Anomaly;
202609;AREA 1;SUMBAGUT;BANDA ACEH;BIR;AOi4260702084130273fe9f90;0;Anomaly;
202609;AREA 4;SULAWESI;PALU;PLB;AOi4260714082342511e87190;1;Anomaly;
202609;AREA 1;SUMBAGTENG;PEKANBARU;SLJ;AOi1260720095521629005440;1;Anomaly;
202609;AREA 2;CENTRAL JABOTABEK;NORTHERN JAKARTA;MKR;AOs326072103142215424afd0;1;Anomaly;
202609;AREA 3;BALI NUSRA;MATARAM;MTR;AOi4260720105723005868aa0;1;Anomaly;
202609;AREA 2;EASTERN JABOTABEK;BOGOR;PAR;AOi4260715113516044f68b00;0;Anomaly;
202609;AREA 4;KALIMANTAN;PONTIANAK;STA;AOi4260717025937833a5b590;0;Anomaly;
202609;AREA 2;JABAR;BANDUNG;LBG;AOi4260714075037045d2f520;0;Anomaly;
202609;AREA 1;SUMBAGTENG;PEKANBARU;BKR;AOi426071711062195241e930;1;Anomaly;
202609;AREA 3;BALI NUSRA;DENPASAR;SWI;AOs32607200646359473d7fb0;1;Anomaly;
202609;AREA 1;SUMBAGUT;RANTAU PRAPAT;RAP;AOi42607201208217782899f0;0;Anomaly;
202609;AREA 3;JATENG-DIY;SEMARANG;MJP;PDAk4260707011155765fba870;1;Anomaly;
202609;AREA 2;JABAR;SOREANG;CWD;AOi42607211203556983e75c0;1;Anomaly;-12,41
202609;AREA 4;MALUKU DAN PAPUA;SORONG;SON;AOi4260704070901626d8cd80;0;Anomaly;
202609;AREA 3;JATIM;SURABAYA;ARB;AOi4260720032515270795f80;0;Anomaly;
202609;AREA 2;JABAR;TASIKMALAYA;CKJ;AOi42607070405573271b9250;0;Anomaly;
202609;AREA 3;JATENG-DIY;MAGELANG;MUN;AOi426063007182460620f4b0;0;Anomaly;
202609;AREA 1;SUMBAGTENG;PADANG;LIM;AOi426072105184750124f720;1;Anomaly;
202609;AREA 1;SUMBAGTENG;DUMAI;DUM;AOi4260720024708260fd26e0;0;Anomaly;-76,83
202609;AREA 2;JABAR;TASIKMALAYA;GRU;AOs32607010836045748226f0;1;Anomaly;
202609;AREA 4;SULAWESI;KENDARI;LSS;AOi42607200401543387e9e50;1;Anomaly;
202609;AREA 2;JABAR;BANDUNG;LBG;AOi4260722112331216cfa9b0;1;Anomaly;-40,75
202609;AREA 4;KALIMANTAN;TARAKAN;TRK;AOi42607170147244610fb270;0;Anomaly;
202609;AREA 1;SUMBAGTENG;BATAM;BTC;AOi126072211562067189b700;1;Anomaly;
202609;AREA 3;JATIM;SURABAYA;KPS;AOi1260721042037018511030;1;Anomaly;-50,71
202609;AREA 1;SUMBAGTENG;BATAM;SLU;AOi4260701100200552d06930;1;Anomaly;
202609;AREA 1;SUMBAGUT;CENTRAL MEDAN;MDC;AOi426071404183183798d1e0;0;Anomaly;
202609;AREA 2;EASTERN JABOTABEK;BOGOR;DMG;AOi126071011233934319df70;0;Anomaly;
202609;AREA 3;BALI NUSRA;MATARAM;SBW;AOi4260722060305512118600;1;Anomaly;
202609;AREA 1;SUMBAGTENG;BUKIT TINGGI;SIR;AOi42607200724430880ec9a0;1;Anomaly;
202609;AREA 1;SUMBAGTENG;PEKANBARU;BKR;PDAk4260721124628627130d80;1;Anomaly;
202609;AREA 2;CENTRAL JABOTABEK;NORTHERN JAKARTA;MRY;AOk4260715045956370fd5e50;1;Anomaly;
202609;AREA 2;WESTERN JABOTABEK;TANGERANG;PKU;AOi4260711053539786037950;1;Anomaly;
202609;AREA 2;JABAR;BANDUNG;GGK;AOi1260709111934359f6a2b0;1;Anomaly;
202609;AREA 1;SUMBAGUT;PEMATANG SIANTAR;BLG;AOi42607211102113267afac0;0;Anomaly;
202609;AREA 1;SUMBAGUT;WESTERN MEDAN;LGS;AOs3260719125657674e61c60;0;Anomaly;
202609;AREA 1;SUMBAGUT;PEMATANG SIANTAR;TBT;AOi4260716060108443a38ee0;0;Anomaly;
202609;AREA 3;JATENG-DIY;PURWOKERTO;BJR;AOs3260721121309646eb3c60;1;Anomaly;
202609;AREA 3;BALI NUSRA;DENPASAR;SRR;AOi4260707114045564553db0;1;Anomaly;
202609;AREA 3;JATIM;MALANG;LWG;AOi426071307581009450b240;0;Comply;-23,60
202609;AREA 3;JATENG-DIY;SURAKARTA;MSO;AOk4260630031620776997210;1;Anomaly;
202609;AREA 2;CENTRAL JABOTABEK;SOUTHERN JAKARTA;JTN;AOi426070410511893039abb0;1;Anomaly;
202609;AREA 1;SUMBAGUT;WESTERN MEDAN;LSM;AOi42607060406397417d23a0;1;Anomaly;
202609;AREA 4;KALIMANTAN;SAMARINDA;PAA;PDAk4260721075649205780460;1;Anomaly;-2,02
202609;AREA 2;CENTRAL JABOTABEK;NORTHERN JAKARTA;KTZ;AOi12607110302422393c6d60;0;Comply;-23,71
202609;AREA 4;KALIMANTAN;TARAKAN;JWT;AOi4260706060634710ce1e50;0;Anomaly;
202609;AREA 3;JATIM;SURABAYA;BKL;AOi4260708115855303d63790;0;Anomaly;
202609;AREA 4;KALIMANTAN;PANGKALAN BUN;KKU;AOi4260715032806972bd3f10;1;Anomaly;
202609;AREA 3;JATIM;SIDOARJO;WRU;AOi1260712095251226032780;1;Anomaly;-23,35
202609;AREA 4;KALIMANTAN;PONTIANAK;PTK;AOk4260722111710076ba2890;1;Anomaly;-2,62
202609;AREA 3;BALI NUSRA;DENPASAR;NGR;AOi42607081118070106d0b00;1;Anomaly;
202609;AREA 3;JATIM;SIDOARJO;SDA;AOi4260701125345138a8d180;0;Anomaly;
202609;AREA 3;BALI NUSRA;DENPASAR;LVN;AOi426071309360759832b0a0;0;Anomaly;
202609;AREA 3;JATENG-DIY;PEKALONGAN;PML;AOk4260714041017872160d50;0;Comply;-0,12
202609;AREA 1;SUMBAGUT;WESTERN MEDAN;LGS;AOk42607010120406018c30e0;0;Anomaly;
202609;AREA 4;SULAWESI;MAKASSAR;PNK;AOs32607150946480890144c0;1;Anomaly;
202609;AREA 3;BALI NUSRA;FLORES;RTE;AOi4260720095057091cebd10;0;Anomaly;
202609;AREA 4;SULAWESI;PALU;PLB;AOi42607080203170764eead0;1;Anomaly;
202609;AREA 1;SUMBAGUT;PADANG SIDEMPUAN;SBG;AOi4260715121309216ea4200;0;Anomaly;
202609;AREA 3;JATENG-DIY;SEMARANG;JHR;AOi4260708052338672e407e0;0;Anomaly;
202609;AREA 3;BALI NUSRA;FLORES;MMR;AOi4260715113238490713070;0;Anomaly;
202609;AREA 2;WESTERN JABOTABEK;TANGERANG;LKG;AOs326072012303072902e600;0;Anomaly;
202609;AREA 4;MALUKU DAN PAPUA;SORONG;MWR;AOi4260722114347113bb6a70;1;Anomaly;
202609;AREA 4;MALUKU DAN PAPUA;SORONG;SON;AOi4260702030546579cb2de0;0;Anomaly;
202609;AREA 4;KALIMANTAN;BANJARMASIN;TJL;AOi4260711095446829135e70;0;Comply;-23,82
202609;AREA 3;BALI NUSRA;DENPASAR;UBU;AOi4260714033926687cc5c00;1;Anomaly;
202609;AREA 2;JABAR;BANDUNG;BDK;AOi4260714104428772cb8db0;0;Anomaly;
202609;AREA 3;JATIM;SURABAYA;SMP;AOi42607010826319779992d0;1;Anomaly;
202609;AREA 1;SUMBAGUT;RANTAU PRAPAT;RAP;AOi4260717034213412562f80;0;Anomaly;
202609;AREA 2;WESTERN JABOTABEK;TANGERANG;CPA;AOi4260721012843685611ab0;0;Anomaly;
202609;AREA 3;JATENG-DIY;SEMARANG;LSE;AOi1260717115834284ffa790;0;Anomaly;
202609;AREA 4;SULAWESI;PALU;PLA;AOi126072007281702585ff60;0;Anomaly;
202609;AREA 1;SUMBAGUT;RANTAU PRAPAT;RAP;AOk4260707111811393872df0;0;Anomaly;
202609;AREA 3;JATENG-DIY;SURAKARTA;SRG;PDAk42606270211540626619f0;0;Anomaly;
202609;AREA 3;JATENG-DIY;YOGYAKARTA;KEN;PDAk42607101116533286be650;1;Anomaly;
202609;AREA 1;SUMBAGUT;WESTERN MEDAN;LSM;AOi42606300512371576e82a0;0;Anomaly;
202609;AREA 4;KALIMANTAN;PONTIANAK;SGU;AOi426071109183453573d2b0;1;Anomaly;
202609;AREA 1;SUMBAGTENG;DUMAI;TAK;AOi4260722105529895438c40;1;Anomaly;
202609;AREA 4;MALUKU DAN PAPUA;SORONG;SON;AOi4260706052538758b318b0;1;Anomaly;
202609;AREA 2;WESTERN JABOTABEK;TANGERANG;CPA;AOb0260709014511434cd4170;0;Anomaly;
202609;AREA 1;SUMBAGSEL;LAMPUNG;KDT;AOi4260716060609049f21a90;1;Anomaly;
202609;AREA 1;SUMBAGUT;BANDA ACEH;BIR;AOi4260712121440754fb40e0;0;Anomaly;
202609;AREA 4;SULAWESI;PALU;BKU;AOi4260707122735394aca180;1;Anomaly;
202609;AREA 4;SULAWESI;GORONTALO;MRS;AOi126070902110146741a9f0;1;Anomaly;
202609;AREA 3;JATENG-DIY;SURAKARTA;PEN;AOi4260630075910068040450;1;Anomaly;
202609;AREA 1;SUMBAGSEL;BENGKULU;CRP;AOi4260719013339763845a60;0;Anomaly;
202609;AREA 2;JABAR;BANDUNG;LBG;AOi42607020255286405a3870;1;Anomaly;
202609;AREA 2;EASTERN JABOTABEK;KARAWANG;DNI;AOi426070110473322964b610;1;Anomaly;
202609;AREA 3;JATENG-DIY;SURAKARTA;KLX;AOi4260701094009498e46f10;0;Comply;-22,29
202609;AREA 2;JABAR;BANDUNG;LBG;AOk4260629112209579c46fb0;0;Comply;-45,86
202609;AREA 3;JATIM;MADIUN;SMO;AOi4260718124151307f2bae0;1;Anomaly;
202609;AREA 4;SULAWESI;PALU;PLB;AOi1260708100440453d1b250;0;Anomaly;
202609;AREA 3;BALI NUSRA;MATARAM;TET;AOi42607080728073140972d0;1;Anomaly;
202609;AREA 4;KALIMANTAN;PALANGKARAYA;KRI;AOi42607180552450951f7c20;0;Anomaly;
202609;AREA 4;SULAWESI;MANADO;MDO;AOs3260716083758512deea40;0;Anomaly;
202609;AREA 3;JATENG-DIY;PURWOKERTO;SDJ;AOi4260711105655710346050;0;Comply;-19,59
202609;AREA 1;SUMBAGUT;PADANG SIDEMPUAN;SBG;AOi4260721025950881a17e30;1;Anomaly;
202609;AREA 3;JATIM;SURABAYA;JGR;AOk42607200725273506245d0;1;Anomaly;
202609;AREA 2;EASTERN JABOTABEK;KARAWANG;JBB;AOi4260715022143593bb76e0;0;Comply;0,67
202609;AREA 3;JATENG-DIY;SEMARANG;KUD;AOi4260720120547560250ff0;1;Anomaly;
202609;AREA 4;KALIMANTAN;SAMARINDA;SBR;AOi4260719102027783819a30;1;Anomaly;
202609;AREA 1;SUMBAGTENG;PADANG;SJJ;AOi42607020707311859d6e50;1;Anomaly;
202609;AREA 4;SULAWESI;KENDARI;BBU;AOi42607171205452334172f0;0;Anomaly;
202609;AREA 1;SUMBAGUT;PADANG SIDEMPUAN;SIB;AOi4260714014007030a33690;0;Anomaly;
202609;AREA 4;KALIMANTAN;BANJARMASIN;KYG;AOi4260718015721527d93c80;1;Anomaly;
202609;AREA 2;JABAR;BANDUNG;CJR;AOi42607061150336384b1ff0;1;Anomaly;
202609;AREA 4;SULAWESI;MAKASSAR;SUG;AOi4260706124110355cd5fc0;1;Anomaly;
202609;AREA 1;SUMBAGTENG;BUKIT TINGGI;SIR;AOi42607180336577069ca740;0;Anomaly;
202609;AREA 4;KALIMANTAN;PONTIANAK;PTK;AOs3260714030825955a88980;0;Anomaly;
202609;AREA 1;SUMBAGTENG;PADANG;SGD;AOi4260713115543498827200;1;Anomaly;
202609;AREA 3;JATIM;LAMONGAN;BBE;AOi1260710084217501111030;1;Anomaly;-16,40
202609;AREA 4;SULAWESI;MAKASSAR;SUD;AOi42607211211244015bffd0;1;Anomaly;
202609;AREA 4;KALIMANTAN;PONTIANAK;STG;AOk4260720110639039272a60;1;Anomaly;
202609;AREA 1;SUMBAGTENG;DUMAI;PPN;AOi4260721091459880d8b010;1;Anomaly;
202609;AREA 4;MALUKU DAN PAPUA;JAYAPURA;ABE;AOk42607220738331418c45e0;1;Anomaly;
202609;AREA 3;JATENG-DIY;PEKALONGAN;TEG;AOi42606261132463343d56f0;1;Anomaly;
202609;AREA 3;JATENG-DIY;PEKALONGAN;ADW;AOi4260714034521464673a50;0;Anomaly;
202609;AREA 3;JATENG-DIY;PEKALONGAN;PKL;AOi42607210925084987a49c0;0;Anomaly;
202609;AREA 3;JATIM;SURABAYA;TNS;AOi4260710081628510066590;0;Anomaly;
202609;AREA 3;JATENG-DIY;SEMARANG;KUD;AOi42607180924464929cf730;0;Anomaly;
202609;AREA 3;JATENG-DIY;PEKALONGAN;PBG;AOi4260721092304039f92910;0;Anomaly;
202609;AREA 2;WESTERN JABOTABEK;SERANG;SEG;AOs3260721095408711ecd3a0;0;Anomaly;
202609;AREA 4;SULAWESI;KENDARI;BBU;AOk4260723092735972430150;0;Anomaly;
202609;AREA 4;KALIMANTAN;TARAKAN;TRK;AOi42607221147151746ee630;0;Anomaly;
202609;AREA 4;MALUKU DAN PAPUA;AMBON;TUA;AOi4260717120958201dc8a70;1;Anomaly;
202609;AREA 1;SUMBAGUT;WESTERN MEDAN;KSG;AOi426070204282768322b9a0;0;Anomaly;
202609;AREA 4;KALIMANTAN;PONTIANAK;SNW;AOi1260702104219007f58800;1;Anomaly;
202609;AREA 3;JATIM;MALANG;MLG;AOi1260721045426551b82cc0;1;Anomaly;
202609;AREA 4;MALUKU DAN PAPUA;AMBON;ABO;AOk426070707551412264b200;1;Anomaly;
202609;AREA 3;JATIM;MADIUN;PNG;AOk4260708035305601e253c0;0;Comply;-12,27
202609;AREA 4;KALIMANTAN;BANJARMASIN;KDG;AOi4260630072621301c4d8f0;0;Anomaly;
202609;AREA 4;KALIMANTAN;TARAKAN;TRK;AOi4260708023847998688160;0;Anomaly;
202609;AREA 1;SUMBAGTENG;BATAM;LBJ;AOi4260703071444319c091f0;1;Anomaly;
202609;AREA 4;SULAWESI;MANADO;LAN;AOi426071008394675523fbc0;1;Anomaly;
202609;AREA 4;SULAWESI;GORONTALO;ISM;AOi12607210537485532aaaf0;1;Anomaly;
202609;AREA 4;SULAWESI;PALU;LWU;AOi4260720123726692e46700;1;Anomaly;
202609;AREA 4;KALIMANTAN;PANGKALAN BUN;PEA;AOi42607040902531689706d0;1;Anomaly;
202609;AREA 4;SULAWESI;MAKASSAR;SUD;AOi42607021023269530af9b0;1;Anomaly;
202609;AREA 4;SULAWESI;KENDARI;MDG;AOi4260717062155827640d30;1;Anomaly;
202609;AREA 1;SUMBAGTENG;BUKIT TINGGI;LBB;AOi42607190326222949e6490;0;Anomaly;
202609;AREA 4;KALIMANTAN;BANJARMASIN;ULI;AOi426071712433549447a800;1;Anomaly;
202609;AREA 2;JABAR;BANDUNG;BDK;AOi4260712122553874f45cd0;1;Anomaly;
202609;AREA 2;JABAR;BANDUNG;CLL;AOs3260719064604635643c90;0;Anomaly;
202609;AREA 4;MALUKU DAN PAPUA;SORONG;SON;AOi4260630012918626d7ae10;0;Anomaly;
202609;AREA 1;SUMBAGSEL;BENGKULU;MUA;AOi4260630090842211b41f50;0;Anomaly;
202609;AREA 4;KALIMANTAN;SAMARINDA;LKT;AOi42607110612579837a6280;0;Anomaly;
202609;AREA 4;SULAWESI;KENDARI;KKA;AOk4260713095843287d8c220;1;Anomaly;-2,91
202609;AREA 1;SUMBAGTENG;BUKIT TINGGI;SIU;AOi42607220125394865d7780;0;Anomaly;
202609;AREA 1;SUMBAGSEL;PANGKAL PINANG;KBO;AOi42607101238230129650b0;1;Anomaly;
202609;AREA 1;SUMBAGSEL;PANGKAL PINANG;BYU;AOi1260720014915781806aa0;1;Anomaly;
202609;AREA 4;KALIMANTAN;BANJARMASIN;ULI;AOi4260723012031965c65f50;1;Anomaly;
202609;AREA 3;JATIM;LAMONGAN;KDE;AOi426071503470046304bd40;0;Anomaly;
202609;AREA 4;SULAWESI;PARE-PARE;MLL;AOi42607220646354009aa800;1;Anomaly;-6,16
202609;AREA 1;SUMBAGUT;WESTERN MEDAN;LGS;AOi4260720092237875d282c0;0;Anomaly;
202609;AREA 4;KALIMANTAN;PALANGKARAYA;PLK;AOi42607160621528154a0ae0;0;Comply;1,93
202609;AREA 2;JABAR;BANDUNG;UBR;AOi426072101095351927a330;1;Anomaly;
202609;AREA 3;JATIM;LAMONGAN;CRM;AOi42607150612399746c11f0;0;Anomaly;
202609;AREA 2;WESTERN JABOTABEK;TANGERANG;CLD;AOi12607230225422824af7e0;1;Anomaly;
202609;AREA 1;SUMBAGTENG;PADANG;SGD;AOi42607161217507293435c0;1;Anomaly;
202609;AREA 4;KALIMANTAN;PALANGKARAYA;MTW;AOi4260722021007027929ca0;1;Anomaly;
202609;AREA 1;SUMBAGTENG;PADANG;PDC;AOs326072203570277914c4c0;1;Anomaly;
202609;AREA 3;BALI NUSRA;FLORES;RTE;AOk4260722091348657627190;0;Comply;-28,01
202609;AREA 3;JATENG-DIY;SURAKARTA;SOP;AOb02607110420057451c4e10;1;Anomaly;
202609;AREA 2;JABAR;BANDUNG;TLE;AOi42607141119575009fcbb0;1;Anomaly;
202609;AREA 4;KALIMANTAN;BALIKPAPAN;MLA;AOi4260714111231218688030;1;Anomaly;
202609;AREA 1;SUMBAGUT;WESTERN MEDAN;KGH;AOi4260722012813771e5a250;1;Anomaly;
202609;AREA 1;SUMBAGSEL;PALEMBANG;BKS;AOi42607220847156746a4080;1;Anomaly;
202609;AREA 2;JABAR;BANDUNG;TLE;AOi42607220130198865cabe0;1;Anomaly;
202609;AREA 1;SUMBAGSEL;PALEMBANG;BKS;AOi4260705110628187519250;1;Anomaly;
202609;AREA 4;SULAWESI;MANADO;GLL;AOi42607070744167198d8680;1;Anomaly;
202609;AREA 1;SUMBAGTENG;BUKIT TINGGI;SIU;AOi4260715051213787099940;1;Anomaly;
202609;AREA 4;MALUKU DAN PAPUA;TIMIKA;MRK;AOk4260720022624783f134c0;0;Anomaly;
202609;AREA 3;BALI NUSRA;KUPANG;ATB;AOs3260630070829544ded1f0;1;Anomaly;
202609;AREA 3;JATENG-DIY;PEKALONGAN;PML;AOi426070901384848781aee0;0;Anomaly;
202609;AREA 2;JABAR;BANDUNG;LBG;AOk42607061024047166263e0;0;Anomaly;
202609;AREA 1;SUMBAGSEL;PANGKAL PINANG;TBI;AOi4260712041733159cb1f30;1;Anomaly;
202609;AREA 4;KALIMANTAN;PANGKALAN BUN;LMD;AOi4260716100650348fddb40;0;Anomaly;
202609;AREA 3;JATIM;SIDOARJO;GEM;AOi4260712041724371eb5370;0;Anomaly;
202609;AREA 3;JATIM;SURABAYA;KBL;AOi426070808073322608e090;0;Comply;-0,20
202609;AREA 2;EASTERN JABOTABEK;BOGOR;GPI;AOi4260718020237480dbd760;0;Anomaly;
202609;AREA 4;KALIMANTAN;BALIKPAPAN;TGG;AOi426072109553729679f610;0;Anomaly;
202609;AREA 1;SUMBAGSEL;PANGKAL PINANG;KBO;AOi4260711114836613d5ba10;1;Anomaly;
202609;AREA 2;WESTERN JABOTABEK;TANGERANG;PKU;AOs3260703092522233a9eaf0;0;Anomaly;
202609;AREA 2;CENTRAL JABOTABEK;NORTHERN JAKARTA;MRY;AOi42607170149523956ab290;1;Anomaly;
202609;AREA 4;KALIMANTAN;TARAKAN;TRK;AOi42607220952099844aff60;0;Anomaly;
202609;AREA 4;SULAWESI;KENDARI;MDG;AOi4260704110228805a15450;0;Anomaly;
202609;AREA 1;SUMBAGTENG;BATAM;LBJ;AOi4260706121139627fc0790;1;Anomaly;
202609;AREA 1;SUMBAGUT;WESTERN MEDAN;LGS;AOi42607200210363105bf340;0;Anomaly;
202609;AREA 1;SUMBAGSEL;JAMBI;BKO;AOi42607031137488557defb0;1;Anomaly;
202609;AREA 1;SUMBAGUT;RANTAU PRAPAT;KPI;AOi4260720045537679b09b70;0;Anomaly;
202609;AREA 3;JATIM;MALANG;KLJ;AOk4260721105043285d24a00;1;Anomaly;
202609;AREA 2;JABAR;CIREBON;SUB;AOi426072110424971307bad0;1;Anomaly;
202609;AREA 2;JABAR;CIREBON;CKC;AOi4260710062920814ff8210;1;Anomaly;
202609;AREA 4;MALUKU DAN PAPUA;JAYAPURA;ABE;AOi426071310074902861f680;1;Anomaly;
202609;AREA 1;SUMBAGUT;CENTRAL MEDAN;SKI;AOi4260722020604400e120c0;0;Anomaly;
202609;AREA 2;CENTRAL JABOTABEK;SOUTHERN JAKARTA;KBY;AOi42607200554317638b4ce0;0;Anomaly;
202609;AREA 3;BALI NUSRA;DENPASAR;UBN;AOi42607030755257499e0d00;0;Anomaly;
202609;AREA 2;JABAR;TASIKMALAYA;BNJ;AOi4260706100917408573040;1;Anomaly;
202609;AREA 1;SUMBAGTENG;PADANG;ULK;AOi426071705521723260b1c0;0;Anomaly;
202609;AREA 4;KALIMANTAN;PALANGKARAYA;BNT;AOk4260702111518894fde720;0;Anomaly;
202609;AREA 3;BALI NUSRA;DENPASAR;SRR;AOi42606291051317598c6750;0;Anomaly;
202609;AREA 2;JABAR;BANDUNG;LBG;AOk42607200237087327e18a0;1;Anomaly;
202609;AREA 4;SULAWESI;PALU;PLA;AOi4260723021210508edfb00;0;Anomaly;
202609;AREA 2;JABAR;TASIKMALAYA;GRU;AOi4260701041553983f29130;1;Anomaly;
202609;AREA 2;JABAR;SOREANG;SMD;AOi4260706015041872e7f270;1;Anomaly;
202609;AREA 3;JATENG-DIY;SEMARANG;GNK;AOk42607110256574616da7b0;1;Anomaly;
202609;AREA 4;KALIMANTAN;PONTIANAK;SGU;AOi426071109183453573d2b0;1;Anomaly;
202609;AREA 3;JATENG-DIY;PEKALONGAN;BRB;AOi12607210146314596771c0;1;Anomaly;-1,67
202609;AREA 2;EASTERN JABOTABEK;KARAWANG;SUE;AOi4260718065447845c26520;1;Anomaly;
202609;AREA 4;KALIMANTAN;TARAKAN;TRK;AOi4260704045211294e471c0;1;Anomaly;
202609;AREA 1;SUMBAGSEL;LAMPUNG;KDT;AOi4260720040528318884160;1;Anomaly;
202609;AREA 3;BALI NUSRA;DENPASAR;SAU;AOi4260709030210618d86ea0;1;Anomaly;
202609;AREA 3;JATENG-DIY;SURAKARTA;PEN;AOi4260716100546192cf8bd0;1;Anomaly;
202609;AREA 3;JATENG-DIY;SURAKARTA;MSO;AOk42606291141102180f7af0;1;Anomaly;
202609;AREA 3;JATENG-DIY;SEMARANG;DMA;AOi42607220511580241b8b70;0;Anomaly;
202609;AREA 4;SULAWESI;PALU;PLA;AOi42607221120425656a3dd0;1;Anomaly;
202609;AREA 4;KALIMANTAN;PONTIANAK;ANJ;AOi42607170750290720b2f70;1;Anomaly;
202609;AREA 1;SUMBAGSEL;BENGKULU;AGR;AOi4260711022439305ac8c20;1;Anomaly;
202609;AREA 2;WESTERN JABOTABEK;SERANG;LGK;AOi12607121123171065eb1b0;1;Anomaly;
202609;AREA 4;KALIMANTAN;BALIKPAPAN;MJW;AOi42607060923379498c8b70;1;Anomaly;
202609;AREA 1;SUMBAGSEL;LAMPUNG;KDT;AOi426071011400203566ccb0;0;Anomaly;
202609;AREA 2;EASTERN JABOTABEK;BOGOR;JGL;AOb02607030349145161ef2b0;1;Anomaly;
202609;AREA 2;CENTRAL JABOTABEK;SOUTHERN JAKARTA;KRG;AOi426070610513457209e5f0;0;Anomaly;
202609;AREA 4;KALIMANTAN;BALIKPAPAN;MBD;AOi1260708092558989d801d0;0;Anomaly;
202609;AREA 3;BALI NUSRA;DENPASAR;TBN;AOi4260719092930557de75a0;1;Anomaly;
202609;AREA 1;SUMBAGSEL;BENGKULU;AGR;AOi426072205390280253f7b0;1;Anomaly;
202609;AREA 3;JATIM;SIDOARJO;SPJ;AOi4260715063805800146840;0;Anomaly;
202609;AREA 3;BALI NUSRA;DENPASAR;KLM;AOk42607230331436810085b0;1;Anomaly;
202609;AREA 2;CENTRAL JABOTABEK;SOUTHERN JAKARTA;KRG;AOi426070610513457209e5f0;1;Anomaly;
202609;AREA 1;SUMBAGUT;CENTRAL MEDAN;CTD;AOi4260705101833498b7ab60;0;Anomaly;
202609;AREA 1;SUMBAGUT;CENTRAL MEDAN;GLG;AOi42607190744200300dbc40;0;Anomaly;
202609;AREA 4;KALIMANTAN;TARAKAN;TAJ;AOi42607220419591825e0780;0;Anomaly;
202609;AREA 3;BALI NUSRA;MATARAM;DMP;AOi4260713051259332712ef0;0;Anomaly;
202609;AREA 1;SUMBAGSEL;BENGKULU;AGR;AOi42607081240367250d4cd0;1;Anomaly;
202609;AREA 4;SULAWESI;KENDARI;KKA;AOi42607220648451314ddb30;0;Anomaly;
202609;AREA 3;BALI NUSRA;DENPASAR;MMN;AOs3260723082625249a8b290;1;Anomaly;
202609;AREA 2;EASTERN JABOTABEK;BOGOR;SKB;AOi4260719074859442e879a0;0;Anomaly;
202609;AREA 3;JATIM;SURABAYA;TNS;AOi42607051131337549b77f0;0;Comply;-13,87
202609;AREA 4;SULAWESI;MAKASSAR;TKA;AOi4260723094336518bd5d50;1;Anomaly;
202609;AREA 4;SULAWESI;MAKASSAR;TKA;AOi4260710110614976b29d70;1;Anomaly;
202609;AREA 4;MALUKU DAN PAPUA;SORONG;MWR;AOi426070610504944494f590;1;Anomaly;
202609;AREA 4;SULAWESI;MAKASSAR;TKA;AOi4260710111929191892570;1;Anomaly;
202609;AREA 4;KALIMANTAN;PONTIANAK;SPY;AOi426071510024079492d2f0;0;Anomaly;
202609;AREA 4;SULAWESI;MANADO;MDO;AOi1260721082801094c85b70;0;Anomaly;
202609;AREA 1;SUMBAGTENG;DUMAI;DUM;AOi42607140915279784163d0;1;Anomaly;
202609;AREA 2;WESTERN JABOTABEK;SERANG;BRS;AOb0260721013058364bcb1a0;1;Anomaly;
202609;AREA 4;SULAWESI;MANADO;PIK;AOs3260707045337029bf2510;1;Anomaly;
202609;AREA 1;SUMBAGUT;CENTRAL MEDAN;CTD;AOi1260718072020209d1f370;0;Anomaly;
202609;AREA 3;JATIM;SIDOARJO;SPJ;AOi426071303441634508ae40;0;Anomaly;
202609;AREA 1;SUMBAGTENG;BUKIT TINGGI;TKU;AOi4260720054433355acaca0;1;Anomaly;
202609;AREA 3;BALI NUSRA;MATARAM;DMP;AOi4260720124500121b831f0;0;Anomaly;
202609;AREA 1;SUMBAGTENG;PEKANBARU;ARK;AOs3260722073636061394ef0;1;Anomaly;-92,84
202609;AREA 1;SUMBAGUT;CENTRAL MEDAN;MDC;AOb0260702123927093ffb410;0;Anomaly;
202609;AREA 2;CENTRAL JABOTABEK;SOUTHERN JAKARTA;KRG;AOb0260720082929730125bf0;1;Anomaly;
202609;AREA 3;BALI NUSRA;DENPASAR;TBN;AOi426070907374380475bb30;1;Anomaly;
202609;AREA 1;SUMBAGTENG;BUKIT TINGGI;SUP;AOi42607060905187894b42c0;1;Anomaly;
202609;AREA 1;SUMBAGSEL;BENGKULU;TSS;AOi4260701110341694531960;1;Anomaly;
202609;AREA 3;JATENG-DIY;MAGELANG;MGE;AOi4260708090046538d51600;1;Anomaly;
202609;AREA 4;MALUKU DAN PAPUA;TIMIKA;MRK;AOi42607221211421873dd100;0;Anomaly;
202609;AREA 4;KALIMANTAN;PONTIANAK;STA;AOi1260716093253431602900;1;Anomaly;-44,68
202609;AREA 1;SUMBAGUT;PADANG SIDEMPUAN;PND;AOi4260708115756715fc24a0;0;Anomaly;
202609;AREA 1;SUMBAGSEL;JAMBI;PAP;AOi4260710021317694ac16b0;0;Comply;2,85
202609;AREA 2;EASTERN JABOTABEK;BOGOR;PPG;AOs326070211221082302ecc0;1;Anomaly;
202609;AREA 1;SUMBAGSEL;BENGKULU;PGA;AOi4260715101433118454300;1;Anomaly;
202609;AREA 3;JATENG-DIY;SEMARANG;MJP;AOk4260703020220434f97290;1;Anomaly;
202609;AREA 3;BALI NUSRA;KUPANG;KPN;AOs3260716111959409a79610;1;Anomaly;
202609;AREA 4;KALIMANTAN;SAMARINDA;SBR;AOi42607080448245692a87b0;0;Anomaly;
202609;AREA 4;KALIMANTAN;SAMARINDA;SBR;AOi42607131230170469634e0;0;Anomaly;
202609;AREA 1;SUMBAGUT;BANDA ACEH;DAR;AOi4260702014956637610510;0;Anomaly;
202609;AREA 4;SULAWESI;KENDARI;MDG;AOi426071703201071790f860;1;Anomaly;
202609;AREA 1;SUMBAGUT;BANDA ACEH;LTM;AOi426070612214475849da80;1;Anomaly;
202609;AREA 2;CENTRAL JABOTABEK;NORTHERN JAKARTA;MKR;AOi4260707050923363171220;1;Anomaly;
202609;AREA 3;JATENG-DIY;SURAKARTA;KLX;AOi426072010121585453bf20;1;Anomaly;
202609;AREA 4;KALIMANTAN;BANJARMASIN;AMT;AOi4260714111156055ba8d00;1;Anomaly;
202609;AREA 1;SUMBAGUT;WESTERN MEDAN;TJP;AOi42607020211510357f6d10;0;Anomaly;
202609;AREA 1;SUMBAGUT;BANDA ACEH;LBR;AOs32607050220590811b9ad0;0;Anomaly;
202609;AREA 4;KALIMANTAN;PONTIANAK;BDO;AOi42607180316006717f0d00;1;Anomaly;
202609;AREA 3;JATENG-DIY;SURAKARTA;KLX;AOi1260724094953935e64840;1;Anomaly;
202609;AREA 1;SUMBAGTENG;BUKIT TINGGI;PRS;AOi42607060856589898baf10;1;Anomaly;
202609;AREA 3;JATIM;SURABAYA;DMO;AOi4260720065658626453170;1;Anomaly;
202609;AREA 3;JATIM;SIDOARJO;GEM;AOs326070106384458314edd0;0;Anomaly;
202609;AREA 1;SUMBAGSEL;BENGKULU;MKO;AOi42607151130488761d15f0;1;Anomaly;
202609;AREA 4;SULAWESI;MAKASSAR;MAT;AOi42607230948031158b08b0;1;Anomaly;
202609;AREA 1;SUMBAGSEL;PANGKAL PINANG;PGP;AOi42607241104069707fb0f0;1;Anomaly;
202609;AREA 2;JABAR;CIREBON;AWN;AOi4260701090037678a1f360;0;Anomaly;
202609;AREA 4;SULAWESI;KENDARI;KDR;AOi4260722075055375be22b0;1;Anomaly;
202609;AREA 3;BALI NUSRA;FLORES;RTE;AOi4260720095057091cebd10;0;Anomaly;
202609;AREA 4;KALIMANTAN;PANGKALAN BUN;PBU;AOi42606280706152337d9780;0;Anomaly;
202609;AREA 2;WESTERN JABOTABEK;TANGERANG;PKU;PDAk4260707023518582e46000;0;Anomaly;
202609;AREA 3;JATIM;LAMONGAN;GSK;AOi42607190728512697387c0;1;Anomaly;
202609;AREA 1;SUMBAGTENG;PADANG;BDT;AOi4260720015430627bf2bd0;0;Anomaly;
202609;AREA 2;WESTERN JABOTABEK;SERANG;KMT;PDAk4260717100033299d55bf0;1;Anomaly;
202609;AREA 1;SUMBAGTENG;PADANG;LBY;AOi4260717064108920610a40;1;Anomaly;
202609;AREA 4;KALIMANTAN;PONTIANAK;ANJ;AOi42607181144069823c53b0;0;Anomaly;
202609;AREA 1;SUMBAGUT;WESTERN MEDAN;LGS;AOi42607210325174259b98f0;0;Anomaly;
202609;AREA 2;JABAR;CIREBON;CBN;AOi4260722111253466547730;1;Anomaly;
202609;AREA 1;SUMBAGTENG;BUKIT TINGGI;LBB;AOi426072309133767955e4f0;0;Anomaly;
202609;AREA 4;KALIMANTAN;BALIKPAPAN;MJW;AOi42607060631269338001b0;1;Anomaly;
202609;AREA 1;SUMBAGTENG;DUMAI;DUM;AOi426070107334769808d020;1;Anomaly;
202609;AREA 3;BALI NUSRA;MATARAM;TET;AOi4260719090759049159800;0;Anomaly;
202609;AREA 4;KALIMANTAN;SAMARINDA;SEM;AOi4260722101611887045db0;1;Anomaly;
202609;AREA 3;BALI NUSRA;DENPASAR;SWI;AOi4260701092740665599140;0;Anomaly;
202609;AREA 3;JATENG-DIY;SURAKARTA;SRG;PDAk42606270211540626619f0;1;Anomaly;-5,10
202609;AREA 4;KALIMANTAN;PONTIANAK;SPY;AOi42607060200363439e6410;1;Anomaly;
202609;AREA 3;JATIM;SURABAYA;JGR;AOi4260720024457961e49670;0;Anomaly;
202609;AREA 4;KALIMANTAN;BANJARMASIN;MTP;AOi4260715035640211f00570;1;Anomaly;
202609;AREA 2;CENTRAL JABOTABEK;NORTHERN JAKARTA;KLG;AOb0260720124328572821b10;1;Anomaly;
202609;AREA 4;KALIMANTAN;BANJARMASIN;ULI;PDAk4260722095421781862600;1;Anomaly;
202609;AREA 4;KALIMANTAN;PONTIANAK;STA;AOi1260716093253431602900;1;Anomaly;
202609;AREA 1;SUMBAGTENG;BUKIT TINGGI;PAM;AOi4260702104943288cb7590;0;Anomaly;
202609;AREA 3;BALI NUSRA;DENPASAR;SAU;AOi426070212463360483c580;1;Anomaly;
202609;AREA 2;CENTRAL JABOTABEK;NORTHERN JAKARTA;KLG;AOi12607230646075856c51a0;1;Anomaly;
202609;AREA 2;EASTERN JABOTABEK;BOGOR;CSE;AOi42607060119365272982a0;0;Anomaly;
202609;AREA 4;SULAWESI;KENDARI;MDG;AOi12607051013192475b4980;0;Anomaly;
202609;AREA 4;KALIMANTAN;SAMARINDA;STT;AOi4260630012524015f78480;1;Anomaly;
202609;AREA 4;KALIMANTAN;BALIKPAPAN;BRU;AOs32607060745305400cb180;0;Anomaly;
202609;AREA 3;JATIM;SURABAYA;TNS;AOi426071909160497297d180;1;Anomaly;
202609;AREA 2;WESTERN JABOTABEK;SERANG;CKA;AOi4260724025248324c23f90;0;Anomaly;
202609;AREA 3;JATENG-DIY;PEKALONGAN;PBG;AOi4260722033031606b43e00;1;Anomaly;
202609;AREA 4;KALIMANTAN;PONTIANAK;STA;AOi426071608002191642ab80;0;Anomaly;
202609;AREA 4;KALIMANTAN;PONTIANAK;ANJ;AOi4260713023355390c60170;1;Anomaly;
202609;AREA 1;SUMBAGTENG;BUKIT TINGGI;LBB;AOi426071902145514985d310;1;Anomaly;
202609;AREA 1;SUMBAGSEL;JAMBI;MAB;AOi426070310165577243f220;1;Anomaly;
202609;AREA 2;CENTRAL JABOTABEK;SOUTHERN JAKARTA;KRG;AOi1260704072339447e3c9b0;0;Anomaly;
202609;AREA 3;JATENG-DIY;SEMARANG;TAY;AOi1260721060352775597f70;1;Anomaly;-22,70
202609;AREA 1;SUMBAGTENG;BATAM;BTC;AOk4260722054713894e46930;0;Anomaly;
202609;AREA 1;SUMBAGTENG;PEKANBARU;PKR;AOi1260723123921386d61ef0;0;Anomaly;
202609;AREA 3;JATENG-DIY;YOGYAKARTA;PGR;AOk42607231126275700f6c90;1;Anomaly;
202609;AREA 2;EASTERN JABOTABEK;BEKASI;PDE;AOi4260724020655772808380;0;Anomaly;
202609;AREA 4;KALIMANTAN;BANJARMASIN;BJM;AOi12607020208102695506d0;1;Anomaly;
202609;AREA 1;SUMBAGSEL;BENGKULU;AGR;AOi4260721104921656bd8aa0;0;Anomaly;
202609;AREA 3;JATIM;SURABAYA;WRP;AOi42607221124220270202b0;0;Anomaly;
202609;AREA 1;SUMBAGSEL;LAMPUNG;MGA;AOi4260722112700313dbee70;1;Anomaly;
202609;AREA 4;SULAWESI;MAKASSAR;TMA;AOi4260630091342683494e60;1;Anomaly;
202609;AREA 3;BALI NUSRA;DENPASAR;UBN;AOi4260722081749862b54be0;0;Anomaly;
202609;AREA 4;SULAWESI;MAKASSAR;SUG;AOi4260717015056391189290;1;Anomaly;
202609;AREA 4;MALUKU DAN PAPUA;SORONG;MWR;AOi426072108172099779ad20;1;Anomaly;-3,83
202609;AREA 4;KALIMANTAN;PONTIANAK;ANJ;AOi4260715081039599229770;1;Anomaly;
202609;AREA 4;SULAWESI;KENDARI;BBU;AOk42607230845144076cfd50;0;Anomaly;
202609;AREA 3;JATENG-DIY;SEMARANG;MJP;AOi4260630074316556858770;1;Anomaly;
202609;AREA 1;SUMBAGUT;PEMATANG SIANTAR;BST;AOi4260714021630265d7e160;0;Anomaly;
202609;AREA 1;SUMBAGTENG;BUKIT TINGGI;LBB;AOi42607030756255555f40e0;1;Anomaly;
202609;AREA 4;KALIMANTAN;TARAKAN;TRK;AOi4260721010932819e881b0;1;Anomaly;
202609;AREA 1;SUMBAGUT;CENTRAL MEDAN;TJM;PDAk4260717065411699a70570;0;Anomaly;
202609;AREA 3;BALI NUSRA;DENPASAR;NGR;AOi426070812040515723c100;1;Anomaly;
202609;AREA 3;BALI NUSRA;MATARAM;MTR;AOi42607070936348863bec60;0;Anomaly;
202609;AREA 4;SULAWESI;MANADO;PIK;AOs3260707045337029bf2510;1;Anomaly;
202609;AREA 4;KALIMANTAN;PANGKALAN BUN;LMD;AOi4260714075337250c656b0;1;Anomaly;
202609;AREA 3;JATENG-DIY;SEMARANG;PEC;AOi4260721073113051c7ac00;1;Anomaly;2,86
202609;AREA 1;SUMBAGUT;BANDA ACEH;DAR;AOi4260703041309003e62bb0;0;Anomaly;
202609;AREA 3;JATIM;LAMONGAN;LMG;AOi42607180948223072836b0;1;Anomaly;
202609;AREA 4;KALIMANTAN;SAMARINDA;LOB;AOi4260719083402770f37a60;0;Anomaly;
202609;AREA 3;JATENG-DIY;MAGELANG;MGE;AOi4260703091428325b58db0;0;Anomaly;
202609;AREA 2;CENTRAL JABOTABEK;NORTHERN JAKARTA;PDM;AOk426072004074685860d8c0;0;Anomaly;
202609;AREA 2;JABAR;TASIKMALAYA;LAG;AOi4260716042158554d3f3a0;1;Anomaly;11,85
202609;AREA 2;EASTERN JABOTABEK;KARAWANG;BGG;AOi4260713110545018d0e090;1;Anomaly;
202609;AREA 3;JATENG-DIY;SURAKARTA;GBU;AOi4260715122753306b24e90;1;Anomaly;
202609;AREA 4;KALIMANTAN;TARAKAN;TAJ;AOi4260714064006923fe9610;0;Anomaly;
202609;AREA 2;JABAR;BANDUNG;LBG;AOk42607201202398983eeb20;1;Anomaly;-49,12
202609;AREA 1;SUMBAGUT;WESTERN MEDAN;KSG;AOk426063007500645605ae10;0;Anomaly;
202609;AREA 2;JABAR;BANDUNG;RJW;AOi4260628091638503a68710;1;Anomaly;
202609;AREA 4;KALIMANTAN;BANJARMASIN;ULI;AOk42607131054338270954f0;0;Anomaly;
202609;AREA 1;SUMBAGSEL;PANGKAL PINANG;TJN;AOi426071701144862815d380;0;Anomaly;
202609;AREA 4;SULAWESI;GORONTALO;KWD;AOi4260701122305020cc12a0;1;Anomaly;
202609;AREA 4;MALUKU DAN PAPUA;SORONG;SON;AOi4260721062704324874850;1;Anomaly;
202609;AREA 4;KALIMANTAN;SAMARINDA;LMP;AOs3260724121902579deed90;0;Anomaly;
202609;AREA 2;EASTERN JABOTABEK;KARAWANG;BGG;AOi42607220110264028e0a90;1;Anomaly;
202609;AREA 3;JATENG-DIY;YOGYAKARTA;KGD;AOi12607091037343079bf1c0;1;Anomaly;
202609;AREA 1;SUMBAGUT;WESTERN MEDAN;KGH;AOi4260722030841258c181d0;0;Anomaly;
202609;AREA 3;BALI NUSRA;KUPANG;KPN;AOi4260706105409513a00d90;1;Anomaly;
202609;AREA 1;SUMBAGUT;WESTERN MEDAN;LSM;AOk42607181046090471b9df0;0;Anomaly;
202609;AREA 1;SUMBAGSEL;LAMPUNG;KBI;AOi426071304360247709f2e0;0;Anomaly;
202609;AREA 2;JABAR;TASIKMALAYA;KNU;AOi4260723041845878de9080;0;Anomaly;
202609;AREA 4;SULAWESI;PALU;BKU;AOi4260709092736337103f90;1;Anomaly;
202609;AREA 1;SUMBAGTENG;PEKANBARU;PBB;AOi426070207190320059c450;1;Anomaly;
202609;AREA 1;SUMBAGUT;RANTAU PRAPAT;KPI;AOk426071409555382560bb20;0;Anomaly;
202609;AREA 1;SUMBAGTENG;BUKIT TINGGI;NRS;AOi4260722111656900b07e10;0;Anomaly;
202609;AREA 4;KALIMANTAN;PONTIANAK;SRY;AOi4260630101839953d7d800;0;Anomaly;
202609;AREA 3;BALI NUSRA;KUPANG;ATB;AOi4260703120303246b8a780;0;Anomaly;
202609;AREA 1;SUMBAGUT;CENTRAL MEDAN;MDC;AOi42607031103088436510f0;0;Anomaly;
202609;AREA 1;SUMBAGSEL;PALEMBANG;PGC;AOi1260723102147804bf9c10;1;Anomaly;
202609;AREA 3;BALI NUSRA;KUPANG;WKB;AOi426072103374726219f160;0;Anomaly;
202609;AREA 4;MALUKU DAN PAPUA;AMBON;PAO;AOi4260716052454027c18d20;1;Anomaly;
202609;AREA 2;CENTRAL JABOTABEK;NORTHERN JAKARTA;MRY;AOi4260707063000282d1d610;1;Anomaly;
202609;AREA 1;SUMBAGSEL;JAMBI;BKO;AOi42607220342056839ba8d0;1;Anomaly;
202609;AREA 4;MALUKU DAN PAPUA;AMBON;ABO;AOi42607010929424680adec0;1;Anomaly;
202609;AREA 1;SUMBAGUT;CENTRAL MEDAN;SPM;AOi4260719020423705169a00;0;Anomaly;
202609;AREA 1;SUMBAGTENG;PEKANBARU;PBB;AOi4260718092502652c9a290;1;Anomaly;
202609;AREA 3;BALI NUSRA;DENPASAR;TOP;AOi4260722094100888444c00;0;Anomaly;
202609;AREA 1;SUMBAGUT;RANTAU PRAPAT;NGB;AOi4260721071021925943f00;0;Anomaly;
202609;AREA 2;JABAR;TASIKMALAYA;PMP;AOi4260720024337731fa07e0;1;Anomaly;
202609;AREA 4;KALIMANTAN;PONTIANAK;ANJ;AOi42607170750290720b2f70;1;Anomaly;
202609;AREA 3;BALI NUSRA;MATARAM;MTR;AOi42607240713200865be560;1;Anomaly;
202609;AREA 1;SUMBAGTENG;BUKIT TINGGI;PAM;AOi4260721072205579c5f310;0;Not Comply;51,84
202609;AREA 4;MALUKU DAN PAPUA;AMBON;ABO;AOk426070707551412264b200;1;Anomaly;
202609;AREA 2;WESTERN JABOTABEK;TANGERANG;PDR;AOi42607230859594574e9d20;1;Anomaly;
202609;AREA 2;JABAR;BANDUNG;LBG;AOi4260723105940670ef1530;0;Anomaly;
202609;AREA 4;KALIMANTAN;SAMARINDA;BLN;AOi4260724061047782b7e1a0;0;Anomaly;
202609;AREA 1;SUMBAGUT;CENTRAL MEDAN;TJM;AOi4260703054047433db3b30;1;Anomaly;
202609;AREA 3;BALI NUSRA;KUPANG;KPN;AOi1260717093624533dba510;1;Anomaly;
202609;AREA 2;WESTERN JABOTABEK;SERANG;CLG;AOi4260722044412031dc35b0;1;Anomaly;
202609;AREA 4;MALUKU DAN PAPUA;SORONG;SON;AOi4260707101132083806830;0;Anomaly;
202609;AREA 3;JATENG-DIY;PURWOKERTO;GML;AOi4260630090849572f271c0;0;Anomaly;
202609;AREA 4;MALUKU DAN PAPUA;SORONG;SON;AOi4260707063648375c1c1d0;1;Anomaly;
202609;AREA 3;JATENG-DIY;PEKALONGAN;PBG;AOk4260723035618678b72e80;0;Anomaly;
202609;AREA 1;SUMBAGSEL;PANGKAL PINANG;PGP;AOi4260713072214995bd6270;1;Anomaly;
202609;AREA 1;SUMBAGTENG;DUMAI;BKN;AOi4260702114305743152fb0;1;Anomaly;
202609;AREA 2;WESTERN JABOTABEK;TANGERANG;TAN;AOk42607210853559831d2610;0;Anomaly;
202609;AREA 1;SUMBAGTENG;DUMAI;PPN;AOi4260629042816958ad3970;1;Anomaly;
202609;AREA 3;BALI NUSRA;MATARAM;MTR;AOs326072508394924709cfa0;1;Anomaly;
202609;AREA 3;BALI NUSRA;MATARAM;SGG;AOi4260720072156247a48d20;0;Anomaly;
202609;AREA 2;JABAR;BANDUNG;BTJ;AOi4260721085411611f5ef50;1;Anomaly;
202609;AREA 2;JABAR;CIREBON;SDU;AOi4260723033112476448f90;1;Anomaly;
202609;AREA 4;SULAWESI;KENDARI;MDG;AOi4260716042426076681190;0;Anomaly;
202609;AREA 4;SULAWESI;MAKASSAR;PNK;AOi1260701051505330066c20;1;Anomaly;-71,01
202609;AREA 1;SUMBAGUT;WESTERN MEDAN;KUL;AOs3260720082353190c88a90;0;Anomaly;
202609;AREA 4;SULAWESI;MANADO;KTG;AOi1260716041955843ff7ed0;0;Comply;-67,04
202609;AREA 4;KALIMANTAN;PANGKALAN BUN;KTP;AOi42607080616433333f11a0;0;Anomaly;
202609;AREA 1;SUMBAGUT;WESTERN MEDAN;KGH;AOi1260714114611640b49d10;0;Comply;1,75
202609;AREA 1;SUMBAGUT;CENTRAL MEDAN;DLT;AOi426072205340680476bac0;0;Anomaly;
202609;AREA 4;MALUKU DAN PAPUA;SORONG;SON;AOi1260709094426382c5b160;1;Anomaly;
202609;AREA 3;JATIM;SURABAYA;KNN;AOi42607200238097002012f0;0;Anomaly;
202609;AREA 3;JATENG-DIY;SEMARANG;MJP;AOi4260630074316556858770;1;Anomaly;
202609;AREA 4;KALIMANTAN;SAMARINDA;SBR;AOi42607150309542468d1630;0;Anomaly;
202609;AREA 4;MALUKU DAN PAPUA;SORONG;SON;AOi4260714031227617d05060;1;Anomaly;
202609;AREA 3;BALI NUSRA;FLORES;MMR;AOi4260724020717557bdb240;1;Anomaly;
202609;AREA 3;JATIM;MALANG;KBN;AOs32607151037497386e1ae0;1;Anomaly;
202609;AREA 4;KALIMANTAN;PONTIANAK;JAW;AOi4260714024428190ccdc60;1;Anomaly;
202609;AREA 1;SUMBAGUT;CENTRAL MEDAN;TJR;AOi4260712115454826c0b150;0;Anomaly;
202609;AREA 3;BALI NUSRA;KUPANG;OSP;AOi4260723090002873a5f020;1;Anomaly;
202609;AREA 2;EASTERN JABOTABEK;BEKASI;SKJ;AOi4260725103640108734c30;1;Anomaly;
202609;AREA 4;KALIMANTAN;PONTIANAK;SRY;AOi4260715124010741df6ab0;1;Anomaly;
202609;AREA 3;JATENG-DIY;PEKALONGAN;BKA;AOi42607240640094420c9af0;1;Anomaly;
202609;AREA 4;SULAWESI;MANADO;TOB;AOi1260707033542572c37550;1;Anomaly;
202609;AREA 4;KALIMANTAN;TARAKAN;TRK;AOi426071902021823550c940;0;Anomaly;
202609;AREA 4;MALUKU DAN PAPUA;SORONG;SON;AOi42607181139314034e2280;1;Anomaly;-102,86
202609;AREA 1;SUMBAGUT;CENTRAL MEDAN;LBP;AOi1260719034613939382a60;0;Anomaly;
202609;AREA 4;KALIMANTAN;PALANGKARAYA;MTW;AOi4260701095823938d12770;1;Anomaly;
202609;AREA 1;SUMBAGUT;PADANG SIDEMPUAN;SBG;AOi42607060407426333381e0;0;Anomaly;
202609;AREA 1;SUMBAGUT;CENTRAL MEDAN;PUB;AOi12606300847291741a5bc0;0;Comply;-1,67
202609;AREA 4;MALUKU DAN PAPUA;SORONG;SON;AOi4260719085238150ed1010;1;Anomaly;
202609;AREA 4;SULAWESI;BONE;SKG;AOb0260723030219625c64360;0;Anomaly;
202609;AREA 1;SUMBAGUT;CENTRAL MEDAN;LBP;AOi4260702034743573f34c50;0;Anomaly;
202609;AREA 3;JATIM;SURABAYA;TNS;AOi426071909160497297d180;0;Anomaly;
202609;AREA 2;WESTERN JABOTABEK;SERANG;PDG;AOi426070710252045558d650;1;Anomaly;
202609;AREA 2;JABAR;BANDUNG;RJW;AOi4260718103653467358510;1;Anomaly;
202609;AREA 3;JATENG-DIY;SEMARANG;SKR;AOi4260716051043655256190;1;Anomaly;0,15
202609;AREA 2;JABAR;CIREBON;SUB;AOi4260722090913967a5e510;0;Anomaly;
202609;AREA 4;SULAWESI;PARE-PARE;MAS;AOi4260720100335585466890;1;Anomaly;
202609;AREA 4;SULAWESI;MANADO;BIT;AOi4260725120436956bc2ff0;1;Anomaly;
202609;AREA 2;JABAR;BANDUNG;GGK;AOi4260705091520714cb21f0;1;Anomaly;
202609;AREA 1;SUMBAGSEL;BENGKULU;LHT;AOk42607200931310626d4ce0;0;Anomaly;
202609;AREA 1;SUMBAGUT;PEMATANG SIANTAR;PSA;AOi4260722050432875835080;1;Anomaly;
202609;AREA 1;SUMBAGTENG;PEKANBARU;ARK;AOi4260705095955180e4ead0;1;Anomaly;
202609;AREA 3;JATIM;MALANG;PKS;AOi126062909212665168c010;0;Anomaly;
202609;AREA 2;CENTRAL JABOTABEK;SOUTHERN JAKARTA;PGG;AOi42607121006240298bca90;0;Anomaly;
202609;AREA 2;JABAR;SOREANG;CWD;AOi4260724044853158995340;1;Anomaly;
202609;AREA 1;SUMBAGTENG;BATAM;PNI;AOi42607090118452445e8360;1;Anomaly;
202609;AREA 1;SUMBAGTENG;PEKANBARU;MIS;AOi4260706083018014dd22d0;0;Anomaly;
202609;AREA 2;JABAR;BANDUNG;CJA;AOk4260723033119714add6c0;1;Anomaly;
202609;AREA 1;SUMBAGSEL;JAMBI;TTJ;AOi42607250946313039ae530;1;Anomaly;
202609;AREA 3;JATIM;LAMONGAN;GSK;AOi426070408132260859b170;1;Anomaly;
202609;AREA 4;KALIMANTAN;PONTIANAK;BDO;AOi42607180316006717f0d00;1;Anomaly;
202609;AREA 3;JATENG-DIY;PURWOKERTO;CLC;AOi426070612023800410a240;0;Anomaly;
202609;AREA 3;JATIM;SURABAYA;KPS;AOi42607020412280703b82a0;1;Anomaly;
202609;AREA 4;SULAWESI;MAKASSAR;TMA;AOs3260709114437511196df0;1;Anomaly;
202609;AREA 1;SUMBAGUT;WESTERN MEDAN;LGS;AOi42607200210363105bf340;1;Anomaly;
202609;AREA 3;BALI NUSRA;DENPASAR;KUT;AOi4260711112826003affe60;1;Anomaly;-0,30
202609;AREA 2;JABAR;CIREBON;PGD;AOi4260721101056443e351e0;0;Anomaly;
202609;AREA 4;KALIMANTAN;BANJARMASIN;TJL;AOi426070409393271767cb40;1;Anomaly;
202609;AREA 1;SUMBAGSEL;PALEMBANG;PGC;AOi1260723102147804bf9c10;1;Anomaly;
202609;AREA 3;BALI NUSRA;DENPASAR;NGR;AOi4260720112343610907d90;0;Anomaly;
202609;AREA 1;SUMBAGTENG;PEKANBARU;PKR;AOi42607220126152212c3a10;0;Anomaly;
202609;AREA 3;BALI NUSRA;KUPANG;KPN;AOi1260717093624533dba510;0;Anomaly;
202609;AREA 3;JATENG-DIY;PEKALONGAN;PML;AOi4260718080012615389530;0;Anomaly;
202609;AREA 4;SULAWESI;BONE;BLK;AOi4260629040438305c15c00;1;Anomaly;
202609;AREA 3;BALI NUSRA;KUPANG;SOE;AOi426071407080978764c120;0;Anomaly;
202609;AREA 3;JATIM;SURABAYA;BKL;AOk4260630034314540b49970;0;Anomaly;
202609;AREA 2;JABAR;TASIKMALAYA;LAG;AOi12607160834259962b9820;1;Anomaly;
202609;AREA 3;JATIM;MALANG;LDY;AOi12607251116514676b0b50;0;Anomaly;
202609;AREA 4;SULAWESI;MANADO;MDO;AOk426071508175292825fd10;1;Anomaly;
202609;AREA 4;SULAWESI;KENDARI;KDR;AOi4260713074738800629330;0;Anomaly;
202609;AREA 2;EASTERN JABOTABEK;BOGOR;BOO;AOi42607110121126215eed60;0;Anomaly;
202609;AREA 4;SULAWESI;PALU;PLA;AOi42607081128367175f4bb0;0;Anomaly;
202609;AREA 3;JATENG-DIY;MAGELANG;GOM;AOi4260722101605584c20bc0;1;Anomaly;
202609;AREA 3;JATIM;SURABAYA;KPS;AOi426070311290758412fee0;1;Anomaly;
202609;AREA 3;BALI NUSRA;DENPASAR;KLM;AOi4260721015150065619bc0;0;Anomaly;
202609;AREA 4;SULAWESI;PALU;PLB;AOi4260723025451104ab4110;0;Anomaly;
202609;AREA 1;SUMBAGUT;RANTAU PRAPAT;RAP;AOi42607120936549901aac30;0;Anomaly;
202609;AREA 2;JABAR;TASIKMALAYA;MLB;AOi4260716051211039fc1240;1;Anomaly;
202609;AREA 1;SUMBAGSEL;LAMPUNG;KDT;AOi4260701125934766136550;1;Anomaly;
202609;AREA 3;JATIM;SIDOARJO;GDA;PDAk4260724073919340c900e0;1;Anomaly;
202609;AREA 2;CENTRAL JABOTABEK;NORTHERN JAKARTA;KTX;AOk4260702040450153028620;0;Anomaly;
202609;AREA 1;SUMBAGUT;RANTAU PRAPAT;KPI;AOi4260701040529900412ea0;0;Anomaly;-67,20
202609;AREA 2;EASTERN JABOTABEK;BOGOR;CKB;AOi4260701121951760939a20;0;Anomaly;
202609;AREA 4;KALIMANTAN;TARAKAN;TRK;AOi42607221005232351ad0f0;0;Anomaly;
202609;AREA 3;JATIM;SURABAYA;JGR;AOi42607221052564566b9e80;1;Anomaly;
202609;AREA 3;JATIM;MALANG;BLR;AOi4260724101202433b89410;0;Anomaly;
202609;AREA 3;JATENG-DIY;SEMARANG;BMK;AOi4260701065751998b65880;0;Anomaly;
202609;AREA 1;SUMBAGUT;CENTRAL MEDAN;TMU;AOi426072404482578702bd00;1;Anomaly;-97,90
202609;AREA 3;BALI NUSRA;MATARAM;MTR;AOi42607190951554455c3de0;0;Anomaly;
202609;AREA 3;JATENG-DIY;PURWOKERTO;CLC;AOi4260706084112258927990;0;Anomaly;
202609;AREA 1;SUMBAGUT;CENTRAL MEDAN;CTD;AOi42607100219052562be9e0;1;Anomaly;
202609;AREA 3;JATIM;SURABAYA;KPS;AOi4260706024334603c077c0;1;Anomaly;
202609;AREA 4;KALIMANTAN;PANGKALAN BUN;KTP;AOi4260702101849925a3e2b0;1;Anomaly;
202609;AREA 1;SUMBAGSEL;JAMBI;SRJ;AOi4260722081223067ff5cb0;1;Anomaly;
202609;AREA 3;JATIM;SURABAYA;SMP;AOi42607170201079695674d0;1;Anomaly;-0,76
202609;AREA 1;SUMBAGTENG;PEKANBARU;PBB;AOk426070312062837135a410;0;Anomaly;
202609;AREA 2;CENTRAL JABOTABEK;NORTHERN JAKARTA;CKG;AOi42607231126065180d4490;1;Anomaly;
202609;AREA 4;KALIMANTAN;PONTIANAK;ANJ;AOi4260722014511450729470;0;Anomaly;
202609;AREA 1;SUMBAGTENG;PADANG;KJI;AOi12607020858232436c9a80;1;Anomaly;
202609;AREA 1;SUMBAGUT;CENTRAL MEDAN;LBP;AOi4260719011204632a719c0;0;Anomaly;
202609;AREA 1;SUMBAGSEL;BENGKULU;PGA;AOi42607130304562381bae40;1;Anomaly;
202609;AREA 4;KALIMANTAN;SAMARINDA;LOB;AOi426070102383566066c920;0;Anomaly;
202609;AREA 1;SUMBAGTENG;DUMAI;UBT;AOi4260710094519218123ee0;1;Anomaly;
202609;AREA 4;KALIMANTAN;PONTIANAK;SRY;AOi426072202343715280cae0;0;Anomaly;
202609;AREA 1;SUMBAGUT;WESTERN MEDAN;LGS;AOi4260714073744322315920;0;Anomaly;
202609;AREA 4;MALUKU DAN PAPUA;TIMIKA;MRK;AOk4260720022624783f134c0;1;Anomaly;
202609;AREA 2;EASTERN JABOTABEK;BEKASI;KRA;AOi126072209523574018bde0;1;Anomaly;
202609;AREA 4;MALUKU DAN PAPUA;SORONG;SON;AOi4260717034632542ad7440;0;Anomaly;
202609;AREA 4;SULAWESI;BONE;BLK;AOi4260706052359170653bc0;0;Comply;-15,26
202609;AREA 1;SUMBAGTENG;DUMAI;DRI;AOi42607231058390221853a0;1;Anomaly;
202609;AREA 4;SULAWESI;PALU;TOL;AOi4260707061151210670580;1;Anomaly;
202609;AREA 4;SULAWESI;MAKASSAR;MAT;AOi426072510565632343a550;1;Anomaly;
202609;AREA 4;KALIMANTAN;PANGKALAN BUN;KTP;AOi4260720092145375121130;1;Anomaly;
202609;AREA 2;CENTRAL JABOTABEK;SOUTHERN JAKARTA;GAN;AOs326072312055484551d8c0;0;Anomaly;
202609;AREA 4;SULAWESI;KENDARI;MDG;AOi4260705113836903cd09a0;0;Anomaly;
202609;AREA 1;SUMBAGSEL;BENGKULU;AGR;AOi42607230521520307868e0;1;Anomaly;
202609;AREA 1;SUMBAGUT;PADANG SIDEMPUAN;PND;AOi4260720044927455ad16d0;0;Anomaly;
202609;AREA 3;JATIM;SURABAYA;JGR;AOi4260724042250808240b60;1;Anomaly;
202609;AREA 4;KALIMANTAN;BANJARMASIN;PGT;AOs3260711075111352481830;0;Comply;-47,58
202609;AREA 2;CENTRAL JABOTABEK;NORTHERN JAKARTA;SLP;AOi42607160346205861383b0;0;Anomaly;
202609;AREA 4;SULAWESI;KENDARI;MDG;AOi426072402242232043e670;0;Anomaly;
202609;AREA 3;JATENG-DIY;YOGYAKARTA;PGR;AOi4260702054025472470950;0;Comply;-17,36
202609;AREA 4;SULAWESI;PARE-PARE;PRE;AOi42607081125195799aac20;0;Anomaly;
202609;AREA 3;JATENG-DIY;SURAKARTA;SRG;PDAk42606270211540626619f0;1;Anomaly;
202609;AREA 1;SUMBAGUT;PADANG SIDEMPUAN;GST;AOs3260702072647501e6b4a0;0;Anomaly;
202609;AREA 3;BALI NUSRA;MATARAM;SBW;AOi1260703035548462224860;1;Anomaly;-40,10
202609;AREA 4;KALIMANTAN;BANJARMASIN;MTP;AOi426070612004855665d4b0;0;Anomaly;
202609;AREA 3;JATENG-DIY;SURAKARTA;DLG;AOi4260708111759468dee430;1;Anomaly;
202609;AREA 1;SUMBAGUT;RANTAU PRAPAT;RAP;AOi4260724052657168667d00;1;Anomaly;
202609;AREA 3;JATIM;SURABAYA;BKL;AOi42607030800405606c6c50;0;Anomaly;
202609;AREA 1;SUMBAGTENG;BUKIT TINGGI;BKT;AOi4260702114137017a10d20;1;Anomaly;
202609;AREA 4;KALIMANTAN;TARAKAN;TRD;AOi426072510393462285e0c0;0;Anomaly;
202609;AREA 2;CENTRAL JABOTABEK;SOUTHERN JAKARTA;RMG;AOi426071312142788709ecb0;0;Anomaly;
202609;AREA 3;JATENG-DIY;PURWOKERTO;SUK;AOi42607241024099281378d0;1;Anomaly;
202609;AREA 4;SULAWESI;MANADO;PIK;AOi4260706111410157df0b40;1;Anomaly;
202609;AREA 4;KALIMANTAN;SAMARINDA;BOT;AOi42607230117043525d7c20;0;Anomaly;
202609;AREA 2;JABAR;BANDUNG;LBG;AOi42607231217444802ba310;0;Anomaly;
202609;AREA 3;JATENG-DIY;PURWOKERTO;KLP;AOi426072609390834661cb30;0;Anomaly;
202609;AREA 2;JABAR;BANDUNG;RJW;AOk4260706114402133e347f0;1;Anomaly;
202609;AREA 1;SUMBAGUT;CENTRAL MEDAN;LBP;AOi4260719011204632a719c0;1;Anomaly;
202609;AREA 3;JATENG-DIY;YOGYAKARTA;PGR;AOi426070912400884067ab90;1;Anomaly;
202609;AREA 2;CENTRAL JABOTABEK;NORTHERN JAKARTA;MRY;AOi42607111216288882bb580;1;Anomaly;
202609;AREA 2;CENTRAL JABOTABEK;SOUTHERN JAKARTA;BIN;AOi42607180822040539f7e80;0;Anomaly;
202609;AREA 1;SUMBAGSEL;LAMPUNG;KOT;AOi4260721111323987c9db90;1;Anomaly;
202609;AREA 2;WESTERN JABOTABEK;SERANG;RKS;AOs3260720093525081f65090;0;Anomaly;
202609;AREA 1;SUMBAGTENG;BATAM;KMS;AOs3260706035857808640310;1;Anomaly;
202609;AREA 2;JABAR;BANDUNG;BTJ;AOi4260726122308515e48a40;1;Anomaly;
202609;AREA 1;SUMBAGUT;RANTAU PRAPAT;KPI;AOi4260721061630686037370;0;Anomaly;
202609;AREA 1;SUMBAGSEL;JAMBI;BKO;AOi4260722095555296a47360;0;Anomaly;
202609;AREA 2;JABAR;BANDUNG;TRG;AOi42607240707295187597a0;1;Anomaly;
202609;AREA 4;KALIMANTAN;PONTIANAK;RBA;AOi426072408562672825cbb0;1;Anomaly;
202609;AREA 2;CENTRAL JABOTABEK;SOUTHERN JAKARTA;PSR;AOs326072608154349571c460;1;Anomaly;
202609;AREA 3;JATIM;SIDOARJO;SPJ;AOi4260724102041289ea6c80;1;Anomaly;
202609;AREA 1;SUMBAGTENG;DUMAI;DUM;AOi426063002135020387eaf0;1;Anomaly;
202609;AREA 2;WESTERN JABOTABEK;SERANG;TGR;AOb026072501330789130eb40;0;Anomaly;
202609;AREA 2;JABAR;BANDUNG;CLL;AOs3260719064604635643c90;1;Anomaly;
202609;AREA 4;SULAWESI;GORONTALO;MRS;AOi4260630071618904e3d930;0;Anomaly;
202609;AREA 3;JATIM;SURABAYA;JGR;AOi126070812514492750d3a0;0;Anomaly;
202609;AREA 4;SULAWESI;MAKASSAR;PNK;AOi126071110462539349e2d0;1;Anomaly;
202609;AREA 3;JATIM;LAMONGAN;CRM;AOi426072507474404438fd40;1;Anomaly;
202609;AREA 2;JABAR;BANDUNG;RJW;AOi4260716094929000ab42d0;1;Anomaly;
202609;AREA 2;CENTRAL JABOTABEK;SOUTHERN JAKARTA;GBC;AOi4260726125816075abad40;0;Anomaly;
202609;AREA 1;SUMBAGTENG;DUMAI;BKN;AOi4260718085646564878210;0;Anomaly;
202609;AREA 1;SUMBAGUT;CENTRAL MEDAN;CTD;AOi4260702122225640d667a0;0;Anomaly;
202609;AREA 1;SUMBAGTENG;DUMAI;DUM;AOi4260722062748194b6cba0;1;Anomaly;
202609;AREA 2;JABAR;BANDUNG;CJA;AOi426071207240747948fa50;1;Anomaly;
202609;AREA 3;JATENG-DIY;MAGELANG;PWJ;AOi4260709030634720afd840;0;Anomaly;
202609;AREA 3;JATIM;SURABAYA;MYR;PDAk42607191038500095355a0;1;Anomaly;
202609;AREA 4;SULAWESI;MANADO;KTG;AOi426072612014873774b0d0;0;Anomaly;
202609;AREA 3;JATIM;JEMBER;KBS;AOi4260701064124524f23a10;0;Anomaly;
202609;AREA 2;JABAR;BANDUNG;UBR;AOk4260706123811271049380;0;Comply;-22,54
202609;AREA 1;SUMBAGTENG;DUMAI;BKN;AOi42607071015151478efc30;0;Anomaly;
202609;AREA 4;KALIMANTAN;SAMARINDA;PAA;PDAk4260721075649205780460;1;Anomaly;-3,25
202609;AREA 4;SULAWESI;MANADO;BIT;AOi42607020250513162a58d0;1;Anomaly;
202609;AREA 4;MALUKU DAN PAPUA;SORONG;SON;AOi4260716062910467eefb20;0;Anomaly;
202609;AREA 2;JABAR;BANDUNG;BDK;AOi12607231242281299a6a20;1;Anomaly;-18,92
202609;AREA 4;KALIMANTAN;PONTIANAK;MPW;AOi4260724054113526e8e5c0;1;Anomaly;
202609;AREA 4;KALIMANTAN;SAMARINDA;SBR;AOs32607161134047280c1ed0;0;Anomaly;
202609;AREA 4;MALUKU DAN PAPUA;TIMIKA;KUK;AOi4260707024845538e6e340;0;Anomaly;
202609;AREA 3;BALI NUSRA;DENPASAR;UBN;AOi42607160948353469663e0;0;Anomaly;
202609;AREA 4;SULAWESI;MAKASSAR;PNK;AOk426070709451056562d870;0;Anomaly;
202609;AREA 3;JATIM;LAMONGAN;RGL;AOi42607010455434024db9c0;1;Anomaly;
202609;AREA 4;KALIMANTAN;PANGKALAN BUN;KKU;AOi4260715032806972bd3f10;1;Anomaly;
202609;AREA 4;KALIMANTAN;BALIKPAPAN;KTB;PDAk4260706081423628c5e540;1;Anomaly;
202609;AREA 1;SUMBAGUT;WESTERN MEDAN;LSM;AOk426070711234254171bf20;0;Anomaly;
202609;AREA 3;BALI NUSRA;DENPASAR;MMN;AOi426072411443876886e770;1;Anomaly;
202609;AREA 2;JABAR;SOREANG;CKI;AOi42607221033291344c53b0;1;Anomaly;
202609;AREA 3;BALI NUSRA;DENPASAR;SRR;AOi42606291051317598c6750;1;Anomaly;
202609;AREA 4;SULAWESI;MANADO;TMH;AOk42607080831230752191e0;0;Anomaly;
202609;AREA 4;KALIMANTAN;SAMARINDA;SBR;AOi42607140808294345daf50;0;Anomaly;
202609;AREA 1;SUMBAGSEL;JAMBI;BKO;AOi426070801583979828ffe0;1;Anomaly;
202609;AREA 1;SUMBAGTENG;BUKIT TINGGI;PPJ;AOi1260720025914140aadee0;1;Anomaly;
202609;AREA 1;SUMBAGTENG;DUMAI;DRI;AOi4260720092230762608a60;1;Anomaly;
202609;AREA 1;SUMBAGUT;BANDA ACEH;DAR;PDAk4260710094713703102400;1;Anomaly;
202609;AREA 3;BALI NUSRA;DENPASAR;KLM;AOs32607021153175314f1f00;0;Anomaly;
202609;AREA 3;JATIM;SURABAYA;MYR;AOi4260706112408926867880;1;Anomaly;-42,91
202609;AREA 1;SUMBAGTENG;BATAM;BTC;AOi12607010209185769cc6c0;1;Anomaly;
202609;AREA 4;KALIMANTAN;BALIKPAPAN;TGG;AOi4260714120111384164990;1;Anomaly;
202609;AREA 3;BALI NUSRA;DENPASAR;TPS;AOi42607061007171584f4ef0;0;Anomaly;
202609;AREA 4;SULAWESI;PALU;PLA;AOi4260723071328778d28e40;0;Anomaly;
202609;AREA 3;BALI NUSRA;MATARAM;MTR;AOi42607090913491567027e0;0;Comply;-72,94
202609;AREA 2;JABAR;CIREBON;SDU;AOi4260719065556644701920;0;Anomaly;
202609;AREA 2;JABAR;CIREBON;SDU;AOi4260723033112476448f90;1;Anomaly;
202609;AREA 3;JATIM;MALANG;TUR;AOi4260717105528109d82990;0;Anomaly;
202609;AREA 1;SUMBAGSEL;PALEMBANG;MUD;AOi4260724101633034e8f5d0;1;Anomaly;
202609;AREA 4;KALIMANTAN;SAMARINDA;SMR;AOi4260718021201986ee8e80;0;Anomaly;
202609;AREA 4;KALIMANTAN;PONTIANAK;PTK;AOi4260720031444079776190;0;Anomaly;
202609;AREA 1;SUMBAGUT;CENTRAL MEDAN;CTD;AOi42607100219052562be9e0;0;Anomaly;
202609;AREA 3;JATENG-DIY;PEKALONGAN;KDW;PDAk426072105425436814f790;0;Anomaly;
202609;AREA 2;JABAR;BANDUNG;RJW;AOi4260718103653467358510;1;Anomaly;
202609;AREA 3;BALI NUSRA;DENPASAR;CDS;AOi42606210451184300f7e80;1;Anomaly;
202609;AREA 3;BALI NUSRA;DENPASAR;BNO;AOi4260702110342242588060;1;Anomaly;
202609;AREA 4;KALIMANTAN;PONTIANAK;STG;AOi4260701090231783089540;0;Anomaly;
202609;AREA 3;JATIM;SIDOARJO;MIP;AOi4260704014828640c31d70;0;Comply;-3,12
202609;AREA 3;JATENG-DIY;YOGYAKARTA;WNS;AOi42607240934311436accb0;1;Anomaly;
202609;AREA 2;WESTERN JABOTABEK;TANGERANG;TAN;AOs3260724030951386179870;1;Anomaly;
202609;AREA 3;JATIM;SURABAYA;SPG;AOi426070304394267789d9d0;0;Anomaly;
202609;AREA 4;MALUKU DAN PAPUA;JAYAPURA;JAP;AOi426072303461915131c750;0;Anomaly;
202609;AREA 4;SULAWESI;GORONTALO;TLG;AOk4260706075626597421990;0;Comply;0,24
202609;AREA 3;JATENG-DIY;SEMARANG;BMK;AOi4260718094215311b8c0d0;0;Anomaly;
202609;AREA 1;SUMBAGTENG;DUMAI;TAK;AOi4260709040631753e1ddd0;1;Anomaly;
202609;AREA 4;MALUKU DAN PAPUA;JAYAPURA;WAE;AOk4260721025859699f4fd10;0;Anomaly;
202609;AREA 4;KALIMANTAN;PONTIANAK;STG;AOi4260716042435784a77270;1;Anomaly;
202609;AREA 4;KALIMANTAN;TARAKAN;LNN;AOk426072401503667161bca0;0;Anomaly;
202609;AREA 1;SUMBAGTENG;BATAM;KMS;AOk426071508514216991f7c0;1;Anomaly;
202609;AREA 3;JATENG-DIY;PURWOKERTO;PWT;AOi12607261028239400ac690;1;Anomaly;
202609;AREA 2;JABAR;CIREBON;CBN;AOk42607171032003738b1740;0;Anomaly;
202609;AREA 1;SUMBAGUT;PEMATANG SIANTAR;PSA;AOi426072511065403570eb90;0;Anomaly;
202609;AREA 4;KALIMANTAN;PONTIANAK;SRY;AOi426070909165139834af00;0;Anomaly;
202609;AREA 4;MALUKU DAN PAPUA;SORONG;SON;AOi4260702030546579cb2de0;1;Anomaly;
202609;AREA 2;JABAR;TASIKMALAYA;CIW;AOi4260719063638490919be0;1;Anomaly;-0,38
202609;AREA 1;SUMBAGUT;WESTERN MEDAN;TJP;AOi42607140751454099b8730;0;Anomaly;
202609;AREA 2;JABAR;BANDUNG;LBG;AOk42607061024047166263e0;1;Anomaly;
202609;AREA 2;JABAR;BANDUNG;LBG;AOi4260718100928757b8a040;0;Anomaly;
202609;AREA 1;SUMBAGTENG;BATAM;TPI;AOi426072512413792475b2c0;1;Anomaly;
202609;AREA 2;JABAR;BANDUNG;RJW;AOi4260726113700166e9ab30;0;Anomaly;
202609;AREA 1;SUMBAGTENG;BATAM;KMS;AOs3260721102233370f2c1a0;1;Anomaly;
202609;AREA 2;JABAR;BANDUNG;BDK;AOi4260725110224727a5a5c0;1;Anomaly;
202609;AREA 3;JATENG-DIY;MAGELANG;MGE;AOk4260708022735887a99250;1;Anomaly;
202609;AREA 1;SUMBAGUT;CENTRAL MEDAN;MDC;AOi4260724075406086d8c8b0;0;Anomaly;
202609;AREA 4;KALIMANTAN;PANGKALAN BUN;LMD;AOi426071509142023945c630;1;Anomaly;
202609;AREA 4;KALIMANTAN;BALIKPAPAN;BAM;AOk42607130909262122d0ff0;0;Anomaly;
202609;AREA 4;KALIMANTAN;PALANGKARAYA;MTW;AOi4260722021007027929ca0;1;Anomaly;
202609;AREA 4;KALIMANTAN;PONTIANAK;SNW;AOi4260722024705786441c40;0;Anomaly;
202609;AREA 2;CENTRAL JABOTABEK;SOUTHERN JAKARTA;CPE;AOi42607260743585710ab6c0;0;Anomaly;
202609;AREA 3;JATIM;MADIUN;JGO;AOi4260724011741668c0dbb0;1;Anomaly;
202609;AREA 4;KALIMANTAN;BANJARMASIN;PLE;AOi426071210353970309ed50;1;Anomaly;
202609;AREA 4;MALUKU DAN PAPUA;SORONG;MWR;AOk4260713075614478b7e2b0;0;Anomaly;
202609;AREA 4;SULAWESI;MAKASSAR;MAT;AOi4260712082639739783e60;0;Anomaly;
202609;AREA 3;JATIM;SURABAYA;MYR;AOi4260702092106944d3f590;0;Anomaly;
202609;AREA 2;WESTERN JABOTABEK;TANGERANG;CPA;AOi4260722125204738414490;0;Anomaly;
202609;AREA 1;SUMBAGTENG;DUMAI;BGU;AOi4260719125646932180070;0;Anomaly;
202609;AREA 4;SULAWESI;PALU;PLB;AOi42607191146223890da530;0;Anomaly;
202609;AREA 3;JATENG-DIY;PURWOKERTO;GML;AOi42607220705320736d06b0;0;Anomaly;
202609;AREA 3;JATENG-DIY;SURAKARTA;PWB;AOk4260722011358279501500;1;Anomaly;
202609;AREA 1;SUMBAGTENG;DUMAI;DRI;AOi4260702111609159c86c60;1;Anomaly;
202609;AREA 1;SUMBAGUT;RANTAU PRAPAT;KPI;AOi4260708095922869dde9b0;1;Anomaly;
202609;AREA 4;MALUKU DAN PAPUA;JAYAPURA;SNI;AOk4260724085534221006b20;1;Anomaly;-95,65
202609;AREA 4;KALIMANTAN;TARAKAN;TPE;AOi426072008245786507dc00;0;Anomaly;
202609;AREA 3;BALI NUSRA;DENPASAR;KLM;AOi4260711105318084da6dc0;1;Anomaly;
202609;AREA 4;SULAWESI;MAKASSAR;TKA;AOi4260717084813153524e50;0;Anomaly;
202609;AREA 3;BALI NUSRA;DENPASAR;SGR;AOi4260718065632561ce17c0;0;Anomaly;
202609;AREA 4;MALUKU DAN PAPUA;AMBON;PAO;AOi426070202465005301b560;1;Anomaly;
202609;AREA 2;CENTRAL JABOTABEK;SOUTHERN JAKARTA;PGG;AOs32607251111400232e6510;0;Anomaly;
202609;AREA 3;BALI NUSRA;DENPASAR;NGR;AOi42607110554263375d66e0;1;Anomaly;
202609;AREA 3;BALI NUSRA;DENPASAR;KLM;PDAk42607070525271282d1ef0;1;Anomaly;
202609;AREA 4;KALIMANTAN;PONTIANAK;JAW;AOi4260720114308554696160;1;Anomaly;
202609;AREA 1;SUMBAGSEL;PANGKAL PINANG;PGP;AOi42607240143522523311b0;0;Anomaly;
202609;AREA 3;JATIM;JEMBER;PBL;AOi4260701123233573dde020;0;Anomaly;
202609;AREA 4;SULAWESI;KENDARI;KDR;AOi4260721113540166233f40;0;Anomaly;
202609;AREA 3;JATENG-DIY;SEMARANG;GNK;AOi4260723070851960a4f820;1;Anomaly;
202609;AREA 4;MALUKU DAN PAPUA;AMBON;PAO;AOi42607090311518778fd7f0;1;Anomaly;
202609;AREA 3;JATIM;SIDOARJO;WRU;AOs3260705114544236d51100;0;Anomaly;
202609;AREA 3;JATIM;SIDOARJO;SPJ;AOi4260714085353693dc9690;0;Anomaly;
202609;AREA 4;KALIMANTAN;PONTIANAK;PTK;AOi4260717023125122159530;0;Anomaly;
202609;AREA 4;MALUKU DAN PAPUA;AMBON;MSH;AOi4260706111923129c26de0;1;Anomaly;
202609;AREA 3;BALI NUSRA;MATARAM;BIM;AOi42607230200415522be670;0;Anomaly;
202609;AREA 3;JATENG-DIY;MAGELANG;MGE;AOi4260713065628876191cf0;1;Anomaly;
202609;AREA 3;JATIM;JEMBER;PBL;AOi42607181022464839deb10;0;Anomaly;
202609;AREA 3;JATIM;SIDOARJO;SPJ;AOi4260724090800679217c80;0;Anomaly;
202609;AREA 1;SUMBAGTENG;PADANG;SGD;AOi4260724105711923049ec0;1;Anomaly;
202609;AREA 1;SUMBAGUT;WESTERN MEDAN;KGH;AOi4260722030841258c181d0;0;Anomaly;
202609;AREA 3;JATIM;SIDOARJO;SPJ;AOi42607220929518828b1b20;0;Anomaly;
202609;AREA 3;BALI NUSRA;DENPASAR;NSD;AOi42607050830530546f1ca0;0;Anomaly;
202609;AREA 4;KALIMANTAN;BALIKPAPAN;BRU;PDAk426070408011610305e300;1;Anomaly;17,56
202609;AREA 4;MALUKU DAN PAPUA;TIMIKA;TIM;AOi4260709121438444edb5a0;0;Anomaly;
202609;AREA 1;SUMBAGTENG;PEKANBARU;RGT;AOk42607211210149685ea420;1;Anomaly;
202609;AREA 4;MALUKU DAN PAPUA;JAYAPURA;SRU;AOi42607180841271286c65f0;0;Comply;-12,46
202609;AREA 2;EASTERN JABOTABEK;BEKASI;SKJ;AOi42607060333509874bd560;1;Anomaly;
202609;AREA 2;WESTERN JABOTABEK;TANGERANG;CPA;AOs32607210344485831df490;0;Anomaly;
202609;AREA 1;SUMBAGUT;CENTRAL MEDAN;CTD;AOi4260723122801099885920;1;Anomaly;
202609;AREA 4;KALIMANTAN;SAMARINDA;SBR;AOi4260718101211581d01e00;0;Anomaly;
202609;AREA 4;SULAWESI;KENDARI;MDG;AOs3260723080455040b4fae0;0;Comply;-48,34
202609;AREA 4;SULAWESI;PALU;PLA;AOs3260724014624643b16a50;0;Anomaly;
202609;AREA 1;SUMBAGUT;CENTRAL MEDAN;TJM;AOi1260726064157864c259f0;0;Anomaly;
202609;AREA 4;MALUKU DAN PAPUA;SORONG;SON;AOi4260715081741591b70240;0;Anomaly;
202609;AREA 3;JATENG-DIY;SURAKARTA;BYL;AOi4260724055958647daeb40;1;Anomaly;
202609;AREA 1;SUMBAGUT;CENTRAL MEDAN;PDB;AOi42607241203303710d6f00;1;Anomaly;
202609;AREA 3;JATENG-DIY;SURAKARTA;KRT;AOi4260711014206391f393d0;1;Anomaly;
202609;AREA 1;SUMBAGUT;WESTERN MEDAN;KGH;AOi42607140236335936afe30;0;Anomaly;
202609;AREA 1;SUMBAGUT;CENTRAL MEDAN;TJM;AOk4260727032744619982b70;1;Anomaly;
202609;AREA 2;JABAR;BANDUNG;BDK;AOi426071008465232200ef20;1;Anomaly;
202609;AREA 4;KALIMANTAN;PONTIANAK;SRD;AOi42607250651443511c9800;1;Anomaly;
202609;AREA 3;BALI NUSRA;DENPASAR;JBR;AOi4260703093343353f32730;0;Anomaly;
202609;AREA 1;SUMBAGSEL;PALEMBANG;BKS;AOk4260712025838097c9a1c0;1;Anomaly;
202609;AREA 1;SUMBAGTENG;BATAM;SLU;AOi4260707115028564aed9c0;1;Anomaly;
202609;AREA 1;SUMBAGUT;PEMATANG SIANTAR;SDK;AOi4260701105223214ce7700;0;Anomaly;
202609;AREA 1;SUMBAGTENG;DUMAI;BGU;AOs3260719015918222b262c0;0;Anomaly;
202609;AREA 4;SULAWESI;GORONTALO;MRS;AOi4260708120552317b9bfa0;0;Anomaly;
202609;AREA 3;BALI NUSRA;DENPASAR;GIN;AOi4260720011303956528530;1;Anomaly;
202609;AREA 1;SUMBAGUT;PADANG SIDEMPUAN;PSP;AOk4260717023702933a56ba0;0;Anomaly;
202609;AREA 3;JATIM;SIDOARJO;SPJ;AOi4260711113751783d02500;0;Anomaly;
202609;AREA 3;JATENG-DIY;SEMARANG;KDL;AOi4260725061521096f39110;1;Anomaly;
202609;AREA 1;SUMBAGSEL;PANGKAL PINANG;PGP;AOi42607220120070042d7790;1;Anomaly;
202609;AREA 3;JATIM;SURABAYA;KBL;AOi426072612575853540fe90;1;Anomaly;
202609;AREA 1;SUMBAGUT;PEMATANG SIANTAR;PMS;AOi42607241243481881e0240;0;Anomaly;
202609;AREA 1;SUMBAGTENG;BUKIT TINGGI;PYK;AOi4260721102128153e28bc0;1;Anomaly;
202609;AREA 3;BALI NUSRA;DENPASAR;BNO;AOi426071911172423920c380;0;Anomaly;
202609;AREA 3;BALI NUSRA;MATARAM;MTR;AOi426072611404337698c470;1;Anomaly;
202609;AREA 1;SUMBAGSEL;LAMPUNG;TJK;AOi42607180240130943b01c0;0;Anomaly;
202609;AREA 3;JATENG-DIY;YOGYAKARTA;KBU;AOi42607060201370866f8af0;1;Anomaly;
202609;AREA 2;WESTERN JABOTABEK;TANGERANG;SRP;AOi4260727120526612d107e0;0;Anomaly;
202609;AREA 1;SUMBAGSEL;BENGKULU;CRP;AOi4260727040253198736110;0;Anomaly;
202609;AREA 2;CENTRAL JABOTABEK;NORTHERN JAKARTA;CKG;AOs3260721035833262d6ee90;1;Anomaly;
202609;AREA 2;CENTRAL JABOTABEK;NORTHERN JAKARTA;CKG;AOs3260724074014610c02e20;1;Anomaly;
202609;AREA 3;JATENG-DIY;PEKALONGAN;SBA;AOi4260630061525749e870a0;1;Anomaly;
202609;AREA 4;SULAWESI;GORONTALO;TLG;AOi1260718111337447a7e380;1;Anomaly;
202609;AREA 2;WESTERN JABOTABEK;TANGERANG;PDR;AOi4260711052335568dbeda0;1;Anomaly;
202609;AREA 2;JABAR;TASIKMALAYA;TSM;AOk42607200947266602dbe70;0;Anomaly;
202609;AREA 4;MALUKU DAN PAPUA;AMBON;PAO;AOi426062908405989019f5e0;1;Anomaly;
202609;AREA 4;SULAWESI;MAKASSAR;PKN;AOi426072501505421342c130;1;Anomaly;
202609;AREA 4;KALIMANTAN;PALANGKARAYA;KKN;AOi4260720031809704033b20;0;Anomaly;
202609;AREA 4;KALIMANTAN;BALIKPAPAN;MLA;AOs32606270323444025f3dc0;1;Anomaly;
202609;AREA 2;EASTERN JABOTABEK;BOGOR;PMU;AOi1260724101113551fd2710;0;Anomaly;
202609;AREA 3;JATENG-DIY;SEMARANG;JPR;AOi42607170142556598d96f0;0;Anomaly;
202609;AREA 2;WESTERN JABOTABEK;TANGERANG;PKU;AOi426072204434691611b190;0;Anomaly;
202609;AREA 4;MALUKU DAN PAPUA;SORONG;SON;AOi4260702030546579cb2de0;1;Anomaly;
202609;AREA 4;SULAWESI;MANADO;BAH;AOi4260720121514912fd9480;0;Anomaly;
202609;AREA 3;JATIM;SURABAYA;MYR;PDAk4260630054331136a46610;0;Anomaly;
202609;AREA 3;JATIM;MADIUN;PNG;AOk4260708035305601e253c0;0;Comply;-23,78
202609;AREA 4;SULAWESI;MAKASSAR;ANT;AOi4260724015252900430180;1;Anomaly;
202609;AREA 4;KALIMANTAN;SAMARINDA;BLN;AOi4260703110518505c21ed0;1;Anomaly;
202609;AREA 4;KALIMANTAN;PALANGKARAYA;KKP;AOk426072109124873142ab20;1;Anomaly;31,67
202609;AREA 1;SUMBAGUT;CENTRAL MEDAN;PUB;AOi426071504412969595e090;0;Anomaly;
202609;AREA 4;SULAWESI;PALU;PLA;AOi4260723071328778d28e40;0;Anomaly;
202609;AREA 4;SULAWESI;PARE-PARE;PRE;AOi42606151207072061d4e20;0;Anomaly;
202609;AREA 2;CENTRAL JABOTABEK;SOUTHERN JAKARTA;JTN;PDAk426072108290127917e010;0;Anomaly;
202609;AREA 4;KALIMANTAN;PANGKALAN BUN;SAI;AOi4260721090410723a25700;1;Anomaly;
202609;AREA 3;JATENG-DIY;PURWOKERTO;MAN;AOi4260724114946508d23be0;1;Anomaly;
202609;AREA 3;BALI NUSRA;KUPANG;OSP;AOi42607221124101779c5570;0;Anomaly;
202609;AREA 1;SUMBAGUT;CENTRAL MEDAN;TTG;AOi42607021143172882f1fd0;0;Anomaly;
202609;AREA 4;SULAWESI;MANADO;KTG;AOi42607240159539680f9710;0;Anomaly;
202609;AREA 4;KALIMANTAN;PANGKALAN BUN;SAI;AOi4260723093236851a374b0;1;Anomaly;
202609;AREA 3;JATENG-DIY;PEKALONGAN;PML;AOi426070901384848781aee0;0;Anomaly;
202609;AREA 4;KALIMANTAN;PONTIANAK;PTK;AOs3260713125520561d43160;1;Anomaly;
202609;AREA 1;SUMBAGUT;BANDA ACEH;SGI;AOi4260710080915635234cd0;0;Anomaly;
202609;AREA 3;BALI NUSRA;DENPASAR;MMN;AOi12607220948196134e3860;1;Anomaly;
202609;AREA 2;CENTRAL JABOTABEK;NORTHERN JAKARTA;STR;AOs3260714090844973b27380;1;Anomaly;
202609;AREA 4;MALUKU DAN PAPUA;TIMIKA;MRK;AOi426071301230345602d9d0;1;Anomaly;
202609;AREA 4;SULAWESI;KENDARI;BBU;AOi42607210845577005a9640;0;Anomaly;
202609;AREA 3;JATENG-DIY;PURWOKERTO;PWT;AOk42607161043592434ca220;1;Anomaly;
202609;AREA 1;SUMBAGTENG;PEKANBARU;RBI;AOi1260727010606345698db0;1;Anomaly;
202609;AREA 2;JABAR;CIREBON;PBS;AOi426072712562864310b6a0;0;Anomaly;
202609;AREA 2;CENTRAL JABOTABEK;NORTHERN JAKARTA;PDM;AOk426072004074685860d8c0;1;Anomaly;
202609;AREA 3;BALI NUSRA;KUPANG;TNA;AOi4260727060045992bac1e0;0;Anomaly;
202609;AREA 4;SULAWESI;PARE-PARE;SRK;AOi4260701095026653de3fd0;1;Anomaly;
202609;AREA 4;SULAWESI;KENDARI;MDG;AOi4260705113836903cd09a0;0;Anomaly;
202609;AREA 4;SULAWESI;MAKASSAR;BAL;AOi4260720080758838b9beb0;0;Anomaly;
202609;AREA 1;SUMBAGTENG;DUMAI;BKN;AOi4260702091757680fd2230;0;Anomaly;
202609;AREA 2;JABAR;SOREANG;CKI;AOi42607221033291344c53b0;1;Anomaly;
202609;AREA 3;BALI NUSRA;FLORES;MMR;AOi42607070711006989bd620;0;Comply;-15,62
202609;AREA 4;KALIMANTAN;SAMARINDA;BOT;AOk42607020818058006c1f40;0;Anomaly;
202609;AREA 2;WESTERN JABOTABEK;SERANG;MER;AOb026071409573990668ec90;0;Anomaly;
202609;AREA 2;EASTERN JABOTABEK;BOGOR;SKB;AOi426070110503927729dcc0;0;Comply;-0,18
202609;AREA 3;JATENG-DIY;SURAKARTA;SRG;AOi42607201130504297c28e0;1;Anomaly;
202609;AREA 2;EASTERN JABOTABEK;BOGOR;CLS;AOi4260726022641060687e30;1;Anomaly;
202609;AREA 2;EASTERN JABOTABEK;BOGOR;PMU;AOs3260709103356202d47d30;1;Anomaly;
202609;AREA 2;JABAR;BANDUNG;PDL;AOk42607200430009506fe270;1;Anomaly;
202609;AREA 3;JATENG-DIY;SEMARANG;JHR;AOk42607080344360534f9070;0;Anomaly;
202609;AREA 4;SULAWESI;KENDARI;MDG;AOi42607181121120669c06e0;0;Anomaly;
202609;AREA 4;SULAWESI;MAKASSAR;TKA;AOi42607150113551655658c0;1;Anomaly;
202609;AREA 4;SULAWESI;BONE;BLK;AOi4260720103902911ba0590;1;Anomaly;
202609;AREA 1;SUMBAGUT;WESTERN MEDAN;BJI;AOi4260702025505552f199d0;0;Anomaly;
202609;AREA 3;JATENG-DIY;YOGYAKARTA;SMN;AOk42607080817372445e2e10;1;Anomaly;
202609;AREA 4;KALIMANTAN;PONTIANAK;SNW;AOi42607240144584611939c0;0;Anomaly;
202609;AREA 3;JATENG-DIY;PEKALONGAN;PKL;AOk4260722010852925b5c510;1;Anomaly;8,41
202609;AREA 1;SUMBAGUT;WESTERN MEDAN;BJI;AOi4260703074811997fc8700;0;Anomaly;
202609;AREA 1;SUMBAGUT;RANTAU PRAPAT;ANR;AOi4260706060906943a18b90;0;Anomaly;
202609;AREA 4;SULAWESI;MAKASSAR;TKA;AOi4260630022850441760d10;1;Anomaly;
202609;AREA 3;JATIM;JEMBER;KLT;AOi4260705075953918262060;0;Anomaly;
202609;AREA 2;CENTRAL JABOTABEK;SOUTHERN JAKARTA;JAG;AOs3260726075628341373f90;0;Anomaly;
202609;AREA 4;SULAWESI;GORONTALO;GTL;AOi42607010559269127e7260;0;Anomaly;
202609;AREA 4;SULAWESI;MANADO;BIT;AOi4260727014338591d05e40;1;Anomaly;
202609;AREA 3;JATIM;MALANG;KPO;AOi4260725023913367aea880;1;Anomaly;
202609;AREA 3;JATIM;MALANG;BRG;AOi42607071133181170c62d0;1;Anomaly;
202609;AREA 3;JATIM;SURABAYA;MGO;AOi4260711085609184cdbe00;0;Anomaly;
202609;AREA 4;SULAWESI;MANADO;TNT;AOi42607170522539732bd7d0;0;Anomaly;
202609;AREA 4;SULAWESI;GORONTALO;GTL;AOi4260722091148904ef6ef0;0;Anomaly;
202609;AREA 4;SULAWESI;GORONTALO;TLG;AOi4260713040249015ef8cf0;0;Anomaly;
202609;AREA 1;SUMBAGUT;BANDA ACEH;DAR;AOi4260718105551918f8cb80;1;Anomaly;
202609;AREA 2;WESTERN JABOTABEK;SERANG;LGK;AOi1260709042757331c19f10;1;Anomaly;
202609;AREA 4;SULAWESI;GORONTALO;MRS;AOi126070902110146741a9f0;1;Anomaly;
202609;AREA 1;SUMBAGTENG;DUMAI;BGU;AOi4260719125646932180070;1;Anomaly;
202609;AREA 3;JATIM;SURABAYA;KRP;AOi4260713044625425732d70;1;Anomaly;
202609;AREA 2;CENTRAL JABOTABEK;NORTHERN JAKARTA;SMI;AOk4260713120156986966d70;0;Anomaly;
202609;AREA 1;SUMBAGTENG;DUMAI;DRI;AOi4260710095659229f88830;0;Anomaly;
202609;AREA 3;JATENG-DIY;MAGELANG;SWT;AOi426072102245378154a8b0;1;Anomaly;
202609;AREA 4;SULAWESI;GORONTALO;GTL;AOi4260726015856240882b40;0;Anomaly;
202609;AREA 4;MALUKU DAN PAPUA;TIMIKA;TIM;AOi4260722023543591eab6a0;1;Anomaly;
202609;AREA 1;SUMBAGUT;CENTRAL MEDAN;TJM;AOi1260726064157864c259f0;1;Anomaly;
202609;AREA 1;SUMBAGUT;BANDA ACEH;BNA;AOi42607100225313825b0e70;0;Anomaly;
202609;AREA 4;SULAWESI;MAKASSAR;SUG;AOi4260717040414467b95020;1;Anomaly;
202609;AREA 4;SULAWESI;MAKASSAR;TKA;AOi4260701014723702e259a0;1;Anomaly;
202609;AREA 4;SULAWESI;KENDARI;MDG;AOi4260717062155827640d30;0;Anomaly;
202609;AREA 1;SUMBAGUT;RANTAU PRAPAT;RAP;AOi4260716051716125c20180;0;Anomaly;
202609;AREA 1;SUMBAGUT;CENTRAL MEDAN;SKI;AOk426072309282135716ddc0;1;Anomaly;
202609;AREA 1;SUMBAGTENG;BATAM;BTC;AOi12607010209185769cc6c0;1;Anomaly;
202609;AREA 4;MALUKU DAN PAPUA;SORONG;MWR;AOi4260710122544827dbd3f0;1;Anomaly;
202609;AREA 4;MALUKU DAN PAPUA;TIMIKA;TIM;AOi42607150428206703e5890;1;Anomaly;
202609;AREA 3;JATIM;SURABAYA;MGO;AOi4260715092403412d74ad0;0;Anomaly;
202609;AREA 4;KALIMANTAN;PONTIANAK;SAO;AOi4260703110628873a9a100;1;Anomaly;
202609;AREA 4;MALUKU DAN PAPUA;TIMIKA;MRK;AOi42607110107272354c6ab0;0;Anomaly;
202609;AREA 1;SUMBAGTENG;PEKANBARU;ARK;AOi42607080733290724924d0;1;Anomaly;
202609;AREA 1;SUMBAGTENG;PEKANBARU;BKR;AOi426072209090838182bed0;1;Anomaly;
202609;AREA 3;JATIM;SURABAYA;KPS;AOi4260725061134444211120;1;Anomaly;
202609;AREA 1;SUMBAGTENG;BUKIT TINGGI;SIU;AOi4260713023932157cb8260;1;Anomaly;
202609;AREA 3;JATIM;MALANG;BLR;AOi4260715120850447186a80;1;Anomaly;
202609;AREA 1;SUMBAGUT;BANDA ACEH;LBR;AOi4260723055954907351a40;0;Anomaly;
202609;AREA 4;SULAWESI;PARE-PARE;PRE;AOi4260720042551332e92350;1;Anomaly;
202609;AREA 3;JATENG-DIY;MAGELANG;PWJ;AOi4260715075151447db79f0;1;Anomaly;
202609;AREA 4;KALIMANTAN;SAMARINDA;PAA;AOi426071206471160130f950;0;Anomaly;
202609;AREA 3;BALI NUSRA;FLORES;KLH;AOi4260703093703325884040;0;Anomaly;
202609;AREA 1;SUMBAGTENG;BUKIT TINGGI;LBB;AOi4260701013936444144d20;1;Anomaly;
202609;AREA 3;JATENG-DIY;PEKALONGAN;PKL;AOk4260722010852925b5c510;0;Anomaly;
202609;AREA 3;JATENG-DIY;YOGYAKARTA;WNS;AOi42607240934311436accb0;1;Anomaly;
202609;AREA 2;EASTERN JABOTABEK;KARAWANG;CKP;AOi4260705074817984a2eb30;1;Anomaly;
202609;AREA 4;SULAWESI;PARE-PARE;PRE;AOi4260713075616867d5d2c0;1;Anomaly;
202609;AREA 1;SUMBAGSEL;PANGKAL PINANG;TJN;AOi4260720052838564a04fc0;0;Anomaly;
202609;AREA 2;JABAR;SOREANG;RCK;AOk4260711102502883126930;1;Anomaly;
202609;AREA 1;SUMBAGSEL;PANGKAL PINANG;TJN;AOi4260727040943594ff3690;1;Anomaly;
202609;AREA 2;JABAR;BANDUNG;LBG;AOi4260710021216709e2ef20;0;Anomaly;
202609;AREA 4;SULAWESI;KENDARI;MDG;AOs3260726072121172be18a0;0;Anomaly;
202609;AREA 3;JATIM;SURABAYA;DMO;AOi426072511182466941e020;1;Anomaly;
202609;AREA 4;SULAWESI;KENDARI;KDR;AOi4260706025107121cedb10;0;Anomaly;
202609;AREA 3;JATENG-DIY;SURAKARTA;KRT;AOi4260723120051016b61850;1;Anomaly;
202609;AREA 3;JATENG-DIY;YOGYAKARTA;KBU;AOs3260714083050515602f50;1;Anomaly;
202609;AREA 1;SUMBAGUT;CENTRAL MEDAN;CTD;AOi42607160423202191e5b80;1;Anomaly;
202609;AREA 1;SUMBAGTENG;PEKANBARU;AMK;AOi4260706023819337f4a900;0;Anomaly;
202609;AREA 2;EASTERN JABOTABEK;BEKASI;PDE;AOi4260724104048278147120;1;Anomaly;
202609;AREA 1;SUMBAGUT;WESTERN MEDAN;BJI;AOi42607041059121210ad680;0;Anomaly;
202609;AREA 1;SUMBAGTENG;BUKIT TINGGI;SUP;AOi4260724043633904943dc0;1;Anomaly;
202609;AREA 1;SUMBAGTENG;PEKANBARU;PKR;AOi42607230359579566c91b0;1;Anomaly;
202609;AREA 4;KALIMANTAN;PONTIANAK;STG;AOi4260701090231783089540;1;Anomaly;
202609;AREA 3;BALI NUSRA;MATARAM;DMP;AOi4260720124500121b831f0;1;Anomaly;
202609;AREA 2;EASTERN JABOTABEK;KARAWANG;CIK;AOi42607230355448674d5840;1;Anomaly;-17,46
202609;AREA 4;SULAWESI;KENDARI;KKA;AOi4260728110328714b8fd00;1;Anomaly;
202609;AREA 4;SULAWESI;BONE;SKG;AOk4260727110539146c21430;1;Anomaly;
202609;AREA 1;SUMBAGUT;WESTERN MEDAN;BJI;AOi4260702031228082901da0;0;Anomaly;
202609;AREA 1;SUMBAGUT;CENTRAL MEDAN;PDB;AOi4260726101826261d244a0;0;Anomaly;
202609;AREA 4;KALIMANTAN;BANJARMASIN;STI;AOi426070509332800631d930;1;Anomaly;
202609;AREA 3;JATIM;SIDOARJO;SPJ;AOs32607011000127196cc840;0;Anomaly;
202609;AREA 2;JABAR;BANDUNG;LBG;AOi4260712072236365878f10;1;Anomaly;
202609;AREA 4;KALIMANTAN;PONTIANAK;ANJ;AOi4260715081039599229770;1;Anomaly;
202609;AREA 1;SUMBAGSEL;BENGKULU;AGR;AOi4260720012341186464f90;1;Anomaly;
202609;AREA 2;WESTERN JABOTABEK;SERANG;SEG;AOk4260728112814656ca80a0;0;Anomaly;
202609;AREA 4;MALUKU DAN PAPUA;JAYAPURA;SNI;AOi426072508491459181e7f0;0;Anomaly;
202609;AREA 4;SULAWESI;PALU;PLA;AOi4260722120842745280240;0;Anomaly;
202609;AREA 3;JATIM;MALANG;BNU;AOi42607020640598394bf8c0;0;Anomaly;
202609;AREA 1;SUMBAGTENG;DUMAI;BAS;AOi42607180838238724f3b40;1;Anomaly;
202609;AREA 3;BALI NUSRA;DENPASAR;TOP;AOi42607010617311907b1bf0;1;Anomaly;
202609;AREA 1;SUMBAGTENG;BUKIT TINGGI;PAM;AOi42607180220595960cf450;1;Anomaly;
202609;AREA 4;KALIMANTAN;PONTIANAK;SRY;AOi42607090210223883ca6b0;0;Anomaly;
202609;AREA 2;JABAR;BANDUNG;LBG;AOi42607200743409645cca50;1;Anomaly;
202609;AREA 1;SUMBAGUT;CENTRAL MEDAN;CTD;AOi42607100219052562be9e0;1;Anomaly;
202609;AREA 1;SUMBAGUT;PADANG SIDEMPUAN;PSP;AOk4260717023702933a56ba0;0;Anomaly;
202609;AREA 4;KALIMANTAN;PALANGKARAYA;KRI;AOi42607190332372492c0750;0;Anomaly;
202609;AREA 3;BALI NUSRA;DENPASAR;TOP;AOi42607180109415469e3770;0;Anomaly;
202609;AREA 2;JABAR;SOREANG;SOR;AOi426071208281592965b900;1;Anomaly;
202609;AREA 3;JATENG-DIY;SEMARANG;GNK;AOi1260706044827776943d20;1;Anomaly;
202609;AREA 2;CENTRAL JABOTABEK;NORTHERN JAKARTA;KDY;AOi426071004193557060a220;0;Anomaly;
202609;AREA 3;JATENG-DIY;SEMARANG;KUD;AOi4260701035755438e27460;1;Anomaly;
202609;AREA 1;SUMBAGSEL;PANGKAL PINANG;PGP;AOi4260724092136524c2e2e0;0;Anomaly;
202609;AREA 2;EASTERN JABOTABEK;KARAWANG;JBB;AOi4260705095606555f18320;0;Anomaly;
202609;AREA 4;KALIMANTAN;SAMARINDA;LOB;AOs3260727081305122a45050;1;Anomaly;
202609;AREA 2;EASTERN JABOTABEK;BOGOR;SPL;AOk426072411542334425ab70;0;Anomaly;
202609;AREA 4;SULAWESI;MANADO;MDO;AOi4260720081934361261e20;0;Anomaly;
202609;AREA 3;JATENG-DIY;PURWOKERTO;GML;AOi4260725090158445c89c20;0;Anomaly;
202609;AREA 3;JATIM;SIDOARJO;SDA;AOi4260726100253564aef470;0;Anomaly;
202609;AREA 4;SULAWESI;BONE;WTP;AOi4260728121501435935120;1;Anomaly;
202609;AREA 2;JABAR;BANDUNG;LBG;AOi42607160323314790c5be0;1;Anomaly;
202609;AREA 1;SUMBAGSEL;BENGKULU;PDW;AOi4260728025142866d4a780;0;Anomaly;
202609;AREA 3;JATIM;SIDOARJO;SDA;AOi4260724110136401360d10;1;Anomaly;
202609;AREA 4;SULAWESI;MAKASSAR;TKA;AOi126072602450375522c720;1;Anomaly;
202609;AREA 2;JABAR;TASIKMALAYA;GRU;AOi426072404450979182ce10;1;Anomaly;
202609;AREA 1;SUMBAGUT;CENTRAL MEDAN;TJM;AOi126072803544076880eca0;1;Anomaly;
202609;AREA 1;SUMBAGSEL;BENGKULU;BNC;AOi42607270422128854f5cd0;1;Anomaly;
202609;AREA 3;JATENG-DIY;PEKALONGAN;BBT;AOi4260705092038575735b40;0;Anomaly;
202609;AREA 2;CENTRAL JABOTABEK;NORTHERN JAKARTA;STR;AOi4260709040208624577ae0;0;Anomaly;
202609;AREA 4;KALIMANTAN;SAMARINDA;LOB;AOi4260719083402770f37a60;0;Anomaly;
202609;AREA 4;SULAWESI;MAKASSAR;PNK;AOi4260715063145918980b40;0;Anomaly;
202609;AREA 3;JATIM;SURABAYA;RKT;AOs32606290715523028681d0;0;Comply;-11,58
202609;AREA 4;KALIMANTAN;BANJARMASIN;BLC;AOs3260721075508142cc7140;0;Anomaly;
202609;AREA 3;JATENG-DIY;PURWOKERTO;SDJ;AOi42607170844032885e83b0;0;Anomaly;
202609;AREA 4;KALIMANTAN;PONTIANAK;SAO;AOi4260708064348794beece0;1;Anomaly;
202609;AREA 4;SULAWESI;MANADO;TNT;AOi4260709035450542b92320;1;Anomaly;
202609;AREA 3;BALI NUSRA;KUPANG;OSP;AOi4260716120309512d2bec0;0;Anomaly;
202609;AREA 3;JATENG-DIY;SEMARANG;JWN;AOi42607260328314558af840;1;Anomaly;
202609;AREA 4;SULAWESI;GORONTALO;BUO;AOi4260705055922622d6ba10;1;Anomaly;
202609;AREA 4;SULAWESI;MANADO;TOB;AOi42607150937318494f77e0;0;Anomaly;
202609;AREA 3;BALI NUSRA;MATARAM;MTR;AOi42607240713200865be560;1;Anomaly;
202609;AREA 3;JATENG-DIY;SURAKARTA;PWB;AOi426070101535419238d170;1;Anomaly;
202609;AREA 3;BALI NUSRA;DENPASAR;BLI;AOk4260722042239582c2a730;1;Anomaly;
202609;AREA 1;SUMBAGTENG;DUMAI;DRI;AOi4260720115928961b993b0;1;Anomaly;
202609;AREA 4;KALIMANTAN;PONTIANAK;SAO;AOi4260707110624301284d10;1;Anomaly;
202609;AREA 1;SUMBAGTENG;PADANG;TRS;AOi4260703021600436eede20;1;Anomaly;
202609;AREA 1;SUMBAGTENG;DUMAI;DRI;AOi426071310454780079e640;1;Anomaly;
202609;AREA 1;SUMBAGTENG;PADANG;SLK;AOi4260705090225202196810;1;Anomaly;
202609;AREA 1;SUMBAGTENG;DUMAI;TAK;AOi4260628083558321cfb790;1;Anomaly;
202609;AREA 4;SULAWESI;MANADO;BIT;AOi4260713022525428ecc750;1;Anomaly;
202609;AREA 3;JATENG-DIY;PURWOKERTO;MAN;AOi4260630050129047ada3a0;1;Anomaly;
202609;AREA 4;SULAWESI;MANADO;KTG;AOi4260717124405971d70f50;1;Anomaly;
202609;AREA 3;JATENG-DIY;PEKALONGAN;PKL;AOi42607141250125927bf3b0;1;Anomaly;
202609;AREA 3;BALI NUSRA;DENPASAR;UBN;AOi4260707082334418c66220;1;Anomaly;
202609;AREA 4;KALIMANTAN;PONTIANAK;STG;AOi4260722062214340e66dc0;0;Anomaly;
202609;AREA 4;KALIMANTAN;PONTIANAK;SAO;AOi4260723075202029532990;1;Anomaly;
202609;AREA 3;BALI NUSRA;KUPANG;KPN;AOs32607020328310877e94c0;0;Anomaly;
202609;AREA 1;SUMBAGTENG;DUMAI;BKN;AOi426071605032002943d9f0;0;Anomaly;
202609;AREA 2;WESTERN JABOTABEK;TANGERANG;CLD;AOs3260715120032906edfef0;1;Anomaly;
202609;AREA 1;SUMBAGUT;BANDA ACEH;DAR;PDAk4260710094713703102400;0;Anomaly;
202609;AREA 4;KALIMANTAN;BANJARMASIN;ULI;AOi4260719102959822b896b0;0;Anomaly;
202609;AREA 4;SULAWESI;KENDARI;MDG;AOi4260715110453999968800;0;Anomaly;
202609;AREA 1;SUMBAGUT;PEMATANG SIANTAR;SDK;AOi4260717112546148392680;0;Anomaly;
202609;AREA 1;SUMBAGUT;PEMATANG SIANTAR;SDK;AOi4260723055620067395a90;0;Anomaly;
202609;AREA 3;JATIM;JEMBER;JER;AOi42607280829284324d9e10;0;Anomaly;
202609;AREA 3;JATENG-DIY;SEMARANG;MJP;AOi126072010545686147ad40;1;Anomaly;
202609;AREA 1;SUMBAGSEL;PANGKAL PINANG;PGP;AOi426071209165949471daf0;0;Anomaly;
202609;AREA 4;SULAWESI;MANADO;KTG;AOi4260721010621065e35980;0;Anomaly;
202609;AREA 3;JATIM;SURABAYA;MGO;AOi4260720093051157113f60;0;Anomaly;
202609;AREA 3;JATIM;SURABAYA;GBG;AOi4260717100137885775550;0;Anomaly;
202609;AREA 1;SUMBAGUT;RANTAU PRAPAT;KPI;AOi42607020232033809a90b0;0;Anomaly;
202609;AREA 3;JATENG-DIY;YOGYAKARTA;KEN;AOi4260726022814222f8ea80;1;Anomaly;
202609;AREA 1;SUMBAGSEL;JAMBI;MBN;AOi4260621104312443df06f0;1;Anomaly;
202609;AREA 3;JATIM;JEMBER;ABL;AOi4260719022644394969b30;0;Anomaly;
202609;AREA 3;BALI NUSRA;FLORES;MMR;AOi42607240438346022f13b0;0;Anomaly;
202609;AREA 4;KALIMANTAN;PONTIANAK;PTK;AOi4260720031444079776190;1;Anomaly;
202609;AREA 2;JABAR;CIREBON;AWN;AOi42607220442051651bf060;0;Anomaly;
202609;AREA 4;SULAWESI;MANADO;BAH;AOi1260722101916809b22d80;1;Anomaly;0,76
202609;AREA 3;JATENG-DIY;YOGYAKARTA;PGR;PDAk42607081154228206129b0;1;Anomaly;
202609;AREA 3;JATIM;SIDOARJO;SPJ;AOi4260708065555212da9900;0;Anomaly;
202609;AREA 3;JATENG-DIY;MAGELANG;KBM;AOi4260717040939973dc7410;0;Anomaly;
202609;AREA 2;EASTERN JABOTABEK;BEKASI;KRA;AOi42607080230170253f0600;1;Anomaly;
202609;AREA 2;EASTERN JABOTABEK;BOGOR;SPL;AOk426072704152163273d9d0;1;Anomaly;
202609;AREA 2;JABAR;TASIKMALAYA;PMP;AOi42607060416518300b0d30;1;Anomaly;
202609;AREA 2;JABAR;BANDUNG;RJW;AOi426072004405878688b620;1;Anomaly;
202609;AREA 2;JABAR;BANDUNG;LBG;AOi4260710064302823e96120;0;Anomaly;
202609;AREA 4;SULAWESI;KENDARI;MDG;AOs3260726072121172be18a0;0;Anomaly;
202609;AREA 3;BALI NUSRA;FLORES;MMR;AOi426072908595194560ef10;0;Anomaly;
202609;AREA 4;MALUKU DAN PAPUA;JAYAPURA;SNI;AOi42607141105478356c26b0;0;Comply;-163,96
202609;AREA 2;JABAR;CIREBON;SDU;AOi42607241136079316f4870;0;Anomaly;
202609;AREA 4;MALUKU DAN PAPUA;AMBON;PAO;AOi4260712090340627773090;1;Anomaly;
202609;AREA 4;MALUKU DAN PAPUA;SORONG;MWR;AOi4260725114505278c37a50;1;Anomaly;
202609;AREA 4;SULAWESI;PARE-PARE;MAM;AOi4260721022446760d933e0;0;Comply;-26,03
202609;AREA 4;KALIMANTAN;SAMARINDA;SMR;AOi42607260939464286f7c30;0;Anomaly;
202609;AREA 3;JATIM;LAMONGAN;RGL;AOs3260702025236664e08ff0;1;Anomaly;
202609;AREA 3;JATENG-DIY;SEMARANG;MJP;AOi4260719103903407959b50;1;Anomaly;
202609;AREA 1;SUMBAGTENG;DUMAI;TAK;AOi4260707021019730aff8c0;1;Anomaly;
202609;AREA 4;SULAWESI;PARE-PARE;MAK;AOk4260717013723822782410;1;Anomaly;
202609;AREA 4;KALIMANTAN;SAMARINDA;TMD;AOs32607281256403628febd0;1;Anomaly;
202609;AREA 1;SUMBAGSEL;JAMBI;KOA;AOi426070608474758988d970;1;Anomaly;
202609;AREA 1;SUMBAGUT;RANTAU PRAPAT;ANP;AOi4260719095514920f4dbc0;0;Anomaly;
202609;AREA 4;MALUKU DAN PAPUA;AMBON;DOB;AOi42607271259394018b73f0;1;Anomaly;-18,71
202609;AREA 4;SULAWESI;MAKASSAR;SUG;AOi426072011082929292b6f0;1;Anomaly;
202609;AREA 1;SUMBAGUT;CENTRAL MEDAN;TJM;AOk4260727032744619982b70;1;Anomaly;
202609;AREA 4;MALUKU DAN PAPUA;TIMIKA;TIM;AOi4260722023543591eab6a0;0;Anomaly;
202609;AREA 3;JATIM;SURABAYA;PME;AOi4260714101207474a6a330;1;Anomaly;
202609;AREA 2;JABAR;TASIKMALAYA;KNU;AOi12607210919067590c2370;0;Anomaly;
202609;AREA 2;JABAR;CIREBON;CAS;AOs3260728103647483355850;1;Anomaly;
202609;AREA 3;JATIM;SURABAYA;RKT;AOi42607130547298110c3a40;0;Anomaly;
202609;AREA 4;KALIMANTAN;PANGKALAN BUN;NPN;AOi4260713043850284f4ad90;0;Anomaly;
202609;AREA 1;SUMBAGUT;RANTAU PRAPAT;KPI;AOi42606300444453278660a0;0;Anomaly;
202609;AREA 1;SUMBAGSEL;PANGKAL PINANG;PGP;AOk42607270315294312889a0;0;Anomaly;
202609;AREA 3;JATENG-DIY;SURAKARTA;KTO;AOi426070812393113488f3c0;1;Anomaly;
202609;AREA 4;KALIMANTAN;BALIKPAPAN;TGG;AOi42607140115331823fcd80;0;Anomaly;
202609;AREA 3;JATENG-DIY;SURAKARTA;KRT;AOi426070909535670116d3a0;1;Anomaly;
202609;AREA 3;JATENG-DIY;PURWOKERTO;SDJ;AOi426071002510316158ce70;1;Anomaly;
202609;AREA 4;SULAWESI;PALU;PLA;AOk4260724061803181afe540;1;Anomaly;
202609;AREA 1;SUMBAGUT;BANDA ACEH;SGI;AOi4260702103316665810010;0;Anomaly;
202609;AREA 1;SUMBAGTENG;BUKIT TINGGI;SCC;AOi4260711122230742714090;0;Anomaly;
202609;AREA 3;JATENG-DIY;YOGYAKARTA;WNS;AOi42607240934311436accb0;1;Anomaly;
202609;AREA 4;KALIMANTAN;SAMARINDA;LOB;AOi4260717094932626f7e750;1;Anomaly;
202609;AREA 1;SUMBAGTENG;BUKIT TINGGI;BKT;AOk4260703115041502444740;1;Anomaly;
202609;AREA 2;EASTERN JABOTABEK;KARAWANG;SUE;AOs32607251036521425b2c60;1;Anomaly;
202609;AREA 1;SUMBAGSEL;JAMBI;BKO;AOi42607010556582402ea670;1;Anomaly;
202609;AREA 3;JATIM;MALANG;SGS;AOi42607121042257480c7a70;0;Anomaly;
202609;AREA 4;KALIMANTAN;PONTIANAK;JAW;AOi4260727034712534e1c6b0;1;Anomaly;
202609;AREA 2;JABAR;BANDUNG;LBG;AOk426072205064881543c7b0;0;Anomaly;
202609;AREA 1;SUMBAGUT;BANDA ACEH;TKN;AOi426072212432449265a150;0;Anomaly;
202609;AREA 4;SULAWESI;PALU;PSO;AOi426071109295274203b950;1;Anomaly;
202609;AREA 1;SUMBAGTENG;PEKANBARU;ARK;AOi4260703041759663829ef0;0;Anomaly;
202609;AREA 4;KALIMANTAN;BANJARMASIN;BLC;AOi42607010411116297cd430;0;Anomaly;
202609;AREA 4;SULAWESI;KENDARI;KDR;AOi42607270147450901b9af0;1;Anomaly;
202609;AREA 1;SUMBAGTENG;BATAM;BTC;AOi4260709031023171ce1200;1;Anomaly;
202609;AREA 3;JATIM;SURABAYA;RKT;AOs3260729063432007f1c5b0;0;Anomaly;
202609;AREA 2;JABAR;BANDUNG;LBG;AOi4260717011932309f037b0;1;Anomaly;
202609;AREA 2;WESTERN JABOTABEK;SERANG;LGK;AOs3260728025332131f2a3e0;0;Anomaly;
202609;AREA 3;JATIM;SURABAYA;TNS;PDAk4260727105628420a43a20;0;Anomaly;
202609;AREA 4;SULAWESI;MAKASSAR;MAT;AOi4260721111506972c9b3f0;1;Anomaly;-33,36
202609;AREA 4;KALIMANTAN;PONTIANAK;STG;AOi426072404410900813da50;1;Anomaly;
202609;AREA 1;SUMBAGTENG;BATAM;BLP;AOi42607170933491817b6380;0;Anomaly;
202609;AREA 1;SUMBAGTENG;PADANG;PDC;PDAk4260715124453901fe0710;0;Anomaly;
202609;AREA 4;KALIMANTAN;TARAKAN;TAJ;AOi42607220419591825e0780;1;Anomaly;
202609;AREA 2;WESTERN JABOTABEK;SERANG;CUG;AOi4260701092027854bb3e40;1;Anomaly;-17,83
202609;AREA 1;SUMBAGTENG;DUMAI;TAK;AOi4260716064823262ba8d20;1;Anomaly;
202609;AREA 4;KALIMANTAN;BALIKPAPAN;TNG;AOi1260724125603095d79300;1;Anomaly;
202609;AREA 1;SUMBAGTENG;DUMAI;DRI;AOi4260703094615131434220;1;Anomaly;
202609;AREA 3;JATENG-DIY;SEMARANG;KDL;AOi4260715022129273741dd0;1;Anomaly;
202609;AREA 1;SUMBAGSEL;LAMPUNG;BKM;AOi42607090116398465fd190;1;Anomaly;
202609;AREA 4;SULAWESI;KENDARI;UNH;AOi4260728031156706aa6be0;0;Anomaly;
202609;AREA 2;JABAR;BANDUNG;RJW;AOi4260704050533505e356b0;1;Anomaly;
202609;AREA 1;SUMBAGUT;BANDA ACEH;BIR;AOi1260723104543542b2eda0;0;Anomaly;
202609;AREA 3;JATIM;SURABAYA;JGR;AOi1260704104822904e280f0;1;Anomaly;-11,63
202609;AREA 4;KALIMANTAN;BALIKPAPAN;TNG;AOi42607220453020007e3e10;0;Anomaly;
202609;AREA 4;KALIMANTAN;BANJARMASIN;PLE;AOi4260704092521727bab850;0;Anomaly;
202609;AREA 1;SUMBAGSEL;PANGKAL PINANG;KBO;AOi4260726071311529bc8570;1;Anomaly;
202609;AREA 1;SUMBAGUT;CENTRAL MEDAN;CTD;AOi426072908264775366e150;0;Anomaly;
202609;AREA 1;SUMBAGSEL;JAMBI;KOA;AOs3260713062228920567bf0;0;Anomaly;
202609;AREA 4;KALIMANTAN;PONTIANAK;PTK;AOi4260720031444079776190;1;Anomaly;
202609;AREA 4;KALIMANTAN;PONTIANAK;SNW;AOi4260725031946944749a00;1;Anomaly;
202609;AREA 2;JABAR;BANDUNG;DGO;AOi42607251224016145c9d90;1;Anomaly;
202609;AREA 4;SULAWESI;KENDARI;KDR;AOi4260726053515263687200;0;Anomaly;
202609;AREA 3;JATENG-DIY;PURWOKERTO;GML;AOi4260728024314286874b30;1;Anomaly;
202609;AREA 2;CENTRAL JABOTABEK;SOUTHERN JAKARTA;KBY;AOi4260703082818416f208d0;0;Anomaly;
202609;AREA 3;BALI NUSRA;DENPASAR;MMN;AOi4260726085632921a1a850;1;Anomaly;
202609;AREA 1;SUMBAGSEL;BENGKULU;TMO;AOi42607180257033108f9c40;1;Anomaly;
202609;AREA 2;JABAR;BANDUNG;CKW;AOs326071911190678988fb30;1;Anomaly;-33,58
202609;AREA 3;JATENG-DIY;SEMARANG;LSE;AOi42607151251391697da460;1;Anomaly;
202609;AREA 2;CENTRAL JABOTABEK;SOUTHERN JAKARTA;CPE;AOs326070204462147291a2a0;0;Anomaly;
202609;AREA 4;KALIMANTAN;PONTIANAK;STA;AOi426072503105384696c1d0;1;Anomaly;
202609;AREA 2;CENTRAL JABOTABEK;SOUTHERN JAKARTA;CWA;AOb02607021049371917da9c0;0;Anomaly;
202609;AREA 2;WESTERN JABOTABEK;TANGERANG;SRP;AOi4260728125639830e5bda0;1;Anomaly;
202609;AREA 1;SUMBAGUT;CENTRAL MEDAN;SPM;AOi426072502113853824d820;0;Anomaly;
202609;AREA 4;SULAWESI;MANADO;KTG;AOi4260704084819048837350;1;Anomaly;
202609;AREA 4;SULAWESI;PARE-PARE;PLP;AOi4260727112515472601a00;0;Anomaly;
202609;AREA 3;JATIM;MALANG;KLJ;AOi4260701023205998920660;1;Anomaly;
202609;AREA 1;SUMBAGUT;CENTRAL MEDAN;TJM;AOi426072911593922432a240;1;Anomaly;
202609;AREA 4;SULAWESI;MANADO;MDO;AOs3260725015720747efc360;1;Anomaly;
202609;AREA 2;JABAR;BANDUNG;UBR;AOi426072801261094468da90;0;Anomaly;
202609;AREA 2;JABAR;SOREANG;RCK;AOs3260727073528077338e10;1;Anomaly;
202609;AREA 1;SUMBAGSEL;LAMPUNG;TJK;AOs3260720102324406b3b220;1;Anomaly;
202609;AREA 3;JATENG-DIY;PEKALONGAN;PKL;AOi4260723070204306c46ab0;1;Anomaly;-21,86
202609;AREA 4;SULAWESI;MAKASSAR;TMA;AOi4260724122541835cbdc30;1;Anomaly;
202609;AREA 4;MALUKU DAN PAPUA;TIMIKA;TIM;AOi4260724010941225c7afc0;1;Anomaly;
202609;AREA 2;WESTERN JABOTABEK;SERANG;KMT;AOi42607181106108067bee00;0;Anomaly;
202609;AREA 1;SUMBAGSEL;BENGKULU;PDP;AOi4260703023722339c3dab0;1;Anomaly;0,56
202609;AREA 4;KALIMANTAN;SAMARINDA;STT;AOk42607211208334635c3060;1;Anomaly;
202609;AREA 2;JABAR;BANDUNG;RJW;AOi4260725115052122fb4620;1;Anomaly;
202609;AREA 4;SULAWESI;PARE-PARE;MAM;AOk4260721120033233da6490;1;Anomaly;
202609;AREA 2;JABAR;BANDUNG;CMI;AOk42607211126507940c5910;1;Anomaly;
202609;AREA 4;SULAWESI;KENDARI;MDG;AOi4260717060104137729e50;0;Anomaly;
202609;AREA 3;JATENG-DIY;SEMARANG;LSE;AOi4260706062702857cdc190;0;Anomaly;
202609;AREA 1;SUMBAGTENG;DUMAI;BKN;AOi4260702114305743152fb0;1;Anomaly;
202609;AREA 4;SULAWESI;PALU;BKU;AOi4260715105349713b6c430;0;Anomaly;
202609;AREA 1;SUMBAGTENG;DUMAI;UBT;AOi4260701121931054a09ed0;1;Anomaly;
202609;AREA 1;SUMBAGUT;WESTERN MEDAN;BJI;AOi4260721052923777dcf990;0;Anomaly;
202609;AREA 1;SUMBAGTENG;PADANG;SLK;AOi42607161241431838cc530;1;Anomaly;
202609;AREA 4;KALIMANTAN;SAMARINDA;BOT;AOb02607060926541830e9b40;0;Anomaly;
202609;AREA 4;SULAWESI;GORONTALO;MRS;AOi42607060715419769dd2f0;1;Anomaly;
202609;AREA 4;SULAWESI;PARE-PARE;PKA;AOk4260714034204833aab510;0;Anomaly;
202609;AREA 4;KALIMANTAN;SAMARINDA;LMP;AOi426070501512008479b620;1;Anomaly;
202609;AREA 3;BALI NUSRA;DENPASAR;JBR;AOi42606290321060790bd3c0;0;Anomaly;
202609;AREA 3;JATIM;SIDOARJO;SPJ;AOi4260728125428458efa3f0;0;Anomaly;
202609;AREA 3;BALI NUSRA;MATARAM;BIM;AOi42607280607436450e5a10;1;Anomaly;
202609;AREA 1;SUMBAGUT;CENTRAL MEDAN;CTD;AOi4260713104151391b9f7c0;1;Anomaly;
202609;AREA 3;JATIM;SIDOARJO;SPJ;AOi4260725054649820405a30;0;Anomaly;
202609;AREA 3;BALI NUSRA;DENPASAR;NGR;AOi4260721013814322c8d110;1;Anomaly;
202609;AREA 1;SUMBAGUT;CENTRAL MEDAN;CTD;AOi126072702394144667dea0;1;Anomaly;-18,14
202609;AREA 4;SULAWESI;MAKASSAR;SUD;AOi426072704564637865ccd0;0;Anomaly;
202609;AREA 4;SULAWESI;KENDARI;KDR;AOi4260706025107121cedb10;0;Anomaly;
202609;AREA 3;JATENG-DIY;PURWOKERTO;CLC;AOi42607070522411438617f0;1;Anomaly;
202609;AREA 3;JATIM;SIDOARJO;SPJ;AOi4260707115548297820730;0;Anomaly;
202609;AREA 4;KALIMANTAN;SAMARINDA;SGK;AOi42607160737593697e2730;0;Anomaly;
202609;AREA 2;WESTERN JABOTABEK;SERANG;LGK;AOs32607260844551223b65a0;1;Anomaly;3,54
202609;AREA 4;KALIMANTAN;SAMARINDA;SMR;AOi4260708051548054be1730;0;Anomaly;
202609;AREA 2;EASTERN JABOTABEK;BOGOR;KHL;AOi426072511010597298a8f0;0;Anomaly;
202609;AREA 3;JATENG-DIY;SEMARANG;SMC;AOi4260712093139460796210;1;Anomaly;
202609;AREA 4;SULAWESI;MANADO;KTG;AOi4260719085738473dc4470;1;Anomaly;
202609;AREA 3;JATIM;SURABAYA;BKL;AOi4260724063715320ebdfe0;0;Anomaly;
202609;AREA 2;CENTRAL JABOTABEK;NORTHERN JAKARTA;CKG;AOi4260701071248744ec2e80;1;Anomaly;
202609;AREA 1;SUMBAGSEL;PANGKAL PINANG;PGP;AOk4260706095658184a56f20;0;Anomaly;
202609;AREA 1;SUMBAGUT;PADANG SIDEMPUAN;PSP;AOi4260718100624149a0b880;0;Anomaly;
202609;AREA 3;JATENG-DIY;PEKALONGAN;KDW;AOi42607261006489544abb20;0;Anomaly;
202609;AREA 2;EASTERN JABOTABEK;BOGOR;PPG;AOi42607251146113110ed7d0;0;Anomaly;
202609;AREA 3;JATENG-DIY;SEMARANG;UNR;AOi4260703090552010f29480;1;Anomaly;
202609;AREA 3;BALI NUSRA;DENPASAR;TOP;AOi4260727070604470dad940;1;Anomaly;
202609;AREA 3;BALI NUSRA;MATARAM;MTR;AOi426072309434736683fae0;1;Anomaly;
202609;AREA 4;KALIMANTAN;BANJARMASIN;BJM;AOi4260728114512961065890;0;Anomaly;
202609;AREA 3;BALI NUSRA;MATARAM;MTR;AOi42607130703072994d9880;1;Anomaly;
202609;AREA 4;SULAWESI;GORONTALO;GTL;AOi4260717030442440dcc7e0;0;Anomaly;
202609;AREA 1;SUMBAGSEL;BENGKULU;IPU;AOi4260701044016743d65e40;1;Anomaly;
202609;AREA 2;JABAR;BANDUNG;BTJ;AOi42607141026268552d29f0;1;Anomaly;
202609;AREA 4;KALIMANTAN;SAMARINDA;SBR;AOi426072108484023956d560;1;Anomaly;
202609;AREA 1;SUMBAGTENG;PADANG;TLB;AOi42607110502365116683a0;1;Anomaly;
202609;AREA 4;KALIMANTAN;BALIKPAPAN;MGG;PDAk4260630041055959b39410;1;Anomaly;
202609;AREA 4;SULAWESI;PALU;PLB;AOs3260729051512707f6ae30;1;Anomaly;
202609;AREA 1;SUMBAGUT;CENTRAL MEDAN;PDB;AOi4260718111406162330570;1;Anomaly;
202609;AREA 1;SUMBAGUT;CENTRAL MEDAN;TJR;AOi4260701030659028bed960;0;Anomaly;
202609;AREA 2;JABAR;TASIKMALAYA;PMP;AOi4260727011235044582c80;0;Anomaly;
202609;AREA 4;KALIMANTAN;BALIKPAPAN;TNG;AOi12607260128296377c3040;0;Anomaly;
202609;AREA 4;KALIMANTAN;SAMARINDA;SBR;AOk426071505352707134a380;1;Anomaly;
202609;AREA 4;KALIMANTAN;SAMARINDA;LOB;AOk426070110323713408b970;1;Anomaly;
202609;AREA 4;MALUKU DAN PAPUA;JAYAPURA;JAP;AOk426070808191146530c110;0;Anomaly;
202609;AREA 3;JATIM;MALANG;TUR;AOi4260729122603522ee4b50;0;Anomaly;
202609;AREA 4;KALIMANTAN;PONTIANAK;SEI;AOi4260708023122267811570;1;Anomaly;
202609;AREA 4;KALIMANTAN;BALIKPAPAN;BRU;PDAk42607181133599386e16a0;1;Anomaly;
202609;AREA 3;JATENG-DIY;PURWOKERTO;MAN;AOi4260716080220201396d60;1;Anomaly;
202609;AREA 2;JABAR;CIREBON;CBN;AOi42607210456034952a69e0;1;Anomaly;
202609;AREA 4;KALIMANTAN;BANJARMASIN;KDG;AOk426072808395788514af80;1;Anomaly;
202609;AREA 3;JATENG-DIY;MAGELANG;MUN;AOi12607230936241849f0de0;0;Anomaly;
202609;AREA 3;JATIM;SURABAYA;TNS;AOk4260708012028202226660;0;Not Comply;19,77
202609;AREA 4;SULAWESI;KENDARI;BBU;AOi42607030516104100e6870;0;Anomaly;
202609;AREA 4;KALIMANTAN;PONTIANAK;SAO;AOs3260729021242111744140;1;Anomaly;-21,34
202609;AREA 3;JATENG-DIY;SURAKARTA;SRG;AOi426071807165383006b7b0;1;Anomaly;
202609;AREA 2;JABAR;CIREBON;CKC;AOi4260715095720774eea470;0;Anomaly;
202609;AREA 1;SUMBAGTENG;PEKANBARU;BKR;AOi4260715123520843a426a0;1;Anomaly;
202609;AREA 4;SULAWESI;PALU;PLB;AOi42607231151162797e2be0;0;Anomaly;
202609;AREA 3;JATIM;JEMBER;KBS;AOi4260715094159552a69dd0;0;Anomaly;
202609;AREA 1;SUMBAGUT;BANDA ACEH;KFR;AOi4260715035554567ae1be0;1;Anomaly;
202609;AREA 3;JATIM;SURABAYA;KPS;AOi426070311290758412fee0;1;Anomaly;
202609;AREA 4;MALUKU DAN PAPUA;JAYAPURA;SNI;AOi42607141105478356c26b0;1;Anomaly;-138,34
202609;AREA 4;MALUKU DAN PAPUA;JAYAPURA;SNI;AOk4260710094959382d890d0;0;Anomaly;
202609;AREA 4;KALIMANTAN;PONTIANAK;RBA;AOi4260722102500487b27d60;1;Anomaly;
202609;AREA 4;KALIMANTAN;PONTIANAK;STA;AOi4260727074500768eec880;0;Anomaly;
202609;AREA 3;BALI NUSRA;DENPASAR;MMN;AOi42607120845308218f77a0;1;Anomaly;
202609;AREA 3;BALI NUSRA;DENPASAR;TBN;AOi42607040655472831cba70;1;Anomaly;
202609;AREA 4;MALUKU DAN PAPUA;SORONG;TMB;AOi42607200437140262cbbb0;0;Anomaly;
202609;AREA 3;BALI NUSRA;DENPASAR;MMN;AOi42607090240036442a6670;1;Anomaly;
202609;AREA 4;KALIMANTAN;PONTIANAK;STG;AOi426063010300156688e680;0;Anomaly;
202609;AREA 2;JABAR;BANDUNG;RJW;AOi4260712103220359dd4f30;1;Anomaly;
202609;AREA 4;KALIMANTAN;PALANGKARAYA;PYM;PDAk42607240244416436e6420;0;Anomaly;
202609;AREA 1;SUMBAGSEL;LAMPUNG;TJK;AOi4260728090335480aac8d0;0;Anomaly;
202609;AREA 2;JABAR;BANDUNG;RJW;AOi4260723045541764baaa90;1;Anomaly;
202609;AREA 2;JABAR;BANDUNG;DGO;AOs3260724011028271d4fec0;1;Anomaly;-26,17
202609;AREA 2;CENTRAL JABOTABEK;SOUTHERN JAKARTA;PGG;AOi4260716034137662d69a40;0;Anomaly;
202609;AREA 1;SUMBAGSEL;JAMBI;MND;AOi4260708011721155a3ca40;1;Anomaly;
202609;AREA 3;BALI NUSRA;FLORES;MMR;AOi42607210907104296197b0;1;Anomaly;-16,84
202609;AREA 1;SUMBAGTENG;PADANG;TLB;AOk4260706111556952f06490;1;Anomaly;
202609;AREA 1;SUMBAGTENG;BATAM;SLU;AOi4260719082328081ae54d0;1;Anomaly;
202609;AREA 2;JABAR;BANDUNG;LBG;AOi4260724082916855ccc660;1;Anomaly;
202609;AREA 2;JABAR;BANDUNG;LBG;AOi4260712101153739e75db0;1;Anomaly;
202609;AREA 2;EASTERN JABOTABEK;BEKASI;KLB;AOi1260717012626356d894c0;1;Anomaly;
202609;AREA 3;JATIM;MALANG;BLR;AOi426072601115890693fe50;1;Anomaly;
202609;AREA 4;SULAWESI;PARE-PARE;MAM;AOi1260722122519711c44e90;0;Anomaly;
202609;AREA 4;KALIMANTAN;TARAKAN;SNY;AOi1260705011608084783440;0;Anomaly;
202609;AREA 4;KALIMANTAN;BANJARMASIN;KYG;AOi4260730084653959d0b490;0;Anomaly;
202609;AREA 1;SUMBAGTENG;BUKIT TINGGI;TKU;AOi4260720054433355acaca0;1;Anomaly;
202609;AREA 3;JATENG-DIY;SEMARANG;SLI;AOi426071503394975093cff0;1;Anomaly;
202609;AREA 1;SUMBAGTENG;PEKANBARU;ARK;AOi4260726105135683a7f040;1;Anomaly;
202609;AREA 3;JATIM;SIDOARJO;KRN;AOi4260710094923982b73da0;1;Anomaly;
202609;AREA 1;SUMBAGSEL;JAMBI;SPN;AOi4260701080658549df8640;1;Anomaly;
202609;AREA 2;JABAR;CIREBON;SDU;AOi426072106594421695a1a0;1;Anomaly;
202609;AREA 4;KALIMANTAN;BALIKPAPAN;GSA;AOi4260713011341956986470;1;Anomaly;
202609;AREA 3;JATENG-DIY;YOGYAKARTA;KGD;AOk4260728041547285e74fd0;1;Anomaly;
202609;AREA 1;SUMBAGTENG;PADANG;BDT;AOk42607070836091035e41b0;1;Anomaly;
202609;AREA 2;WESTERN JABOTABEK;SERANG;LBU;AOi4260722113328161b64a40;0;Anomaly;
202609;AREA 3;JATENG-DIY;YOGYAKARTA;GOD;AOi42606260726599966bf5f0;1;Anomaly;
202609;AREA 1;SUMBAGUT;WESTERN MEDAN;TJP;AOi42607140751454099b8730;0;Anomaly;
202609;AREA 4;SULAWESI;MAKASSAR;SUD;AOk42606301130296906c2090;1;Anomaly;
202609;AREA 3;JATENG-DIY;PURWOKERTO;MAN;AOi4260727084613118369060;0;Anomaly;
202609;AREA 4;MALUKU DAN PAPUA;SORONG;SON;AOi1260718083054002f9f5a0;1;Anomaly;
202609;AREA 1;SUMBAGTENG;BATAM;LBJ;AOi4260723030526729201400;1;Anomaly;
202609;AREA 3;JATIM;SURABAYA;KPS;AOi42607250218403427e9160;0;Anomaly;
202609;AREA 1;SUMBAGSEL;PANGKAL PINANG;MGR;AOi4260725053713477991160;1;Anomaly;
202609;AREA 4;SULAWESI;KENDARI;KDR;AOi4260714090130673f88480;0;Anomaly;
202609;AREA 4;KALIMANTAN;SAMARINDA;LMP;AOi4260726074826029a8f2d0;0;Anomaly;
202609;AREA 4;SULAWESI;KENDARI;UNH;AOi4260728031156706aa6be0;0;Anomaly;
202609;AREA 4;KALIMANTAN;PONTIANAK;SAO;AOi42606300226078257c80e0;0;Anomaly;
202609;AREA 4;KALIMANTAN;PONTIANAK;SAO;AOi42607250119179769cb490;0;Anomaly;
202609;AREA 2;JABAR;CIREBON;PRD;AOi426072810111068479e9f0;0;Anomaly;
202609;AREA 1;SUMBAGSEL;JAMBI;TTJ;AOi4260701104636816d39ae0;1;Anomaly;
202609;AREA 3;JATENG-DIY;SEMARANG;UNR;AOi4260723104430161d9d5d0;1;Anomaly;
202609;AREA 1;SUMBAGUT;WESTERN MEDAN;LSM;AOk4260706101341585450130;0;Anomaly;
202609;AREA 2;JABAR;CIREBON;PRD;AOi4260706113807934440460;0;Anomaly;
202609;AREA 4;KALIMANTAN;PANGKALAN BUN;LMD;AOi1260726014927441a33a20;1;Anomaly;
202609;AREA 2;CENTRAL JABOTABEK;NORTHERN JAKARTA;MRY;AOi4260730010639542fa63b0;1;Anomaly;
202609;AREA 1;SUMBAGTENG;PEKANBARU;BKR;AOi4260624081520074cb5590;1;Anomaly;
202609;AREA 1;SUMBAGUT;PADANG SIDEMPUAN;SBG;AOi4260709092429539818d30;1;Anomaly;
202609;AREA 4;KALIMANTAN;BANJARMASIN;BJM;AOi42607120830149880af8f0;1;Anomaly;
202609;AREA 4;KALIMANTAN;BANJARMASIN;TJL;AOk42607041104261834ce5e0;1;Anomaly;
202609;AREA 3;BALI NUSRA;DENPASAR;UBN;AOi4260704022141687155870;0;Anomaly;
202609;AREA 2;EASTERN JABOTABEK;KARAWANG;JBB;AOk4260730051124116639df0;0;Anomaly;
202609;AREA 3;JATIM;SURABAYA;TNS;AOi126072912295426532ab70;0;Anomaly;
202609;AREA 4;SULAWESI;PALU;PSO;AOi4260704100839224745b00;1;Anomaly;
202609;AREA 1;SUMBAGUT;CENTRAL MEDAN;TJM;AOi426072911593922432a240;1;Anomaly;
202609;AREA 2;EASTERN JABOTABEK;BOGOR;CLS;AOi4260720010530450d54b30;1;Anomaly;
202609;AREA 2;WESTERN JABOTABEK;TANGERANG;CPA;AOi12607270308260762a8050;1;Anomaly;
202609;AREA 1;SUMBAGSEL;LAMPUNG;TJK;AOs3260720102324406b3b220;1;Anomaly;
202609;AREA 1;SUMBAGUT;CENTRAL MEDAN;TJR;AOi42607301013570593fa0b0;0;Anomaly;
202609;AREA 1;SUMBAGSEL;PALEMBANG;SBU;AOi1260729055001120519290;1;Anomaly;
202609;AREA 1;SUMBAGTENG;BATAM;LBJ;AOs3260716075527928dde9d0;1;Anomaly;-1,15
202609;AREA 3;BALI NUSRA;DENPASAR;NSD;AOi4260706024841566d2efa0;0;Anomaly;
202609;AREA 4;KALIMANTAN;PANGKALAN BUN;KTP;AOi42607181021093335ee190;1;Anomaly;
202609;AREA 1;SUMBAGTENG;PADANG;SLK;AOs32607300624343642ec630;1;Anomaly;
202609;AREA 3;BALI NUSRA;FLORES;LBO;AOs3260720083109298934490;0;Anomaly;
202609;AREA 3;JATIM;SURABAYA;KPS;AOi4260729031244956f3ed40;1;Anomaly;
202609;AREA 4;SULAWESI;GORONTALO;GTL;AOi42607221019585024cae60;0;Anomaly;
202609;AREA 4;KALIMANTAN;BANJARMASIN;STI;AOi4260725095742630340ef0;0;Comply;-30,07
202609;AREA 4;KALIMANTAN;PONTIANAK;SGU;AOk4260701025028526b0da10;1;Anomaly;
202609;AREA 3;BALI NUSRA;FLORES;KLH;AOi4260703093703325884040;1;Anomaly;
202609;AREA 4;MALUKU DAN PAPUA;SORONG;SON;AOi42607210730581802ef450;0;Anomaly;
202609;AREA 4;KALIMANTAN;BALIKPAPAN;KTB;AOi42607290434539829b7c60;0;Anomaly;
202609;AREA 4;MALUKU DAN PAPUA;SORONG;FFA;AOs3260729081052793e912b0;0;Anomaly;
202609;AREA 4;KALIMANTAN;PONTIANAK;SRY;AOi4260630101839953d7d800;1;Anomaly;
202609;AREA 1;SUMBAGTENG;BUKIT TINGGI;BKT;AOk4260729012225794feeba0;1;Anomaly;
202609;AREA 4;KALIMANTAN;BANJARMASIN;BJM;AOi4260729102759884aa68e0;1;Anomaly;
202609;AREA 1;SUMBAGUT;PEMATANG SIANTAR;PMY;AOi4260726094926752633d20;0;Anomaly;
202609;AREA 1;SUMBAGUT;RANTAU PRAPAT;ANP;AOi4260723110804046487ca0;0;Anomaly;
202609;AREA 3;JATIM;SURABAYA;MGO;AOi4260720093051157113f60;1;Anomaly;
202609;AREA 2;JABAR;TASIKMALAYA;PAX;AOi426070207034112422c840;1;Anomaly;
202609;AREA 3;JATIM;SURABAYA;JGR;AOs3260723123127097dd4cc0;1;Anomaly;
202609;AREA 2;EASTERN JABOTABEK;KARAWANG;PLD;AOi4260716055134808c45f40;1;Anomaly;
202609;AREA 3;JATIM;SURABAYA;JGR;AOb026062803392274392dbd0;0;Anomaly;
202609;AREA 1;SUMBAGTENG;BATAM;SLU;AOi4260710104433334d405d0;1;Anomaly;
202609;AREA 3;BALI NUSRA;MATARAM;SBW;AOi42607260836266675e9cb0;1;Anomaly;
202609;AREA 1;SUMBAGTENG;BUKIT TINGGI;PAM;AOi42607160929532968176f0;1;Anomaly;
202609;AREA 3;JATENG-DIY;SURAKARTA;BRN;AOk42607130152512348c2020;1;Anomaly;-20,74
202609;AREA 1;SUMBAGTENG;BUKIT TINGGI;TAP;AOi42607251011508680bae10;0;Anomaly;
202609;AREA 1;SUMBAGSEL;LAMPUNG;SRW;AOi4260723022119959f32ad0;1;Anomaly;
202609;AREA 2;JABAR;SOREANG;SOR;AOi4260704035313887d40bf0;1;Anomaly;-2,69
202609;AREA 1;SUMBAGUT;BANDA ACEH;LTM;PDAk426072708551916934cf20;0;Anomaly;
202609;AREA 3;BALI NUSRA;FLORES;KLH;AOk42607271117323949f3b20;0;Anomaly;
202609;AREA 1;SUMBAGSEL;JAMBI;MND;AOi4260701080556459e66f60;1;Anomaly;
202609;AREA 1;SUMBAGUT;CENTRAL MEDAN;CTD;AOi426072809395530475d9e0;1;Anomaly;
202609;AREA 4;MALUKU DAN PAPUA;JAYAPURA;JPB;AOi4260701061925494c37d40;0;Anomaly;
202609;AREA 3;JATIM;SURABAYA;KPS;AOi4260728122817467ac7220;1;Anomaly;
202609;AREA 3;JATIM;SURABAYA;MGO;AOi4260706012948762f14b00;1;Anomaly;
202609;AREA 3;JATENG-DIY;PURWOKERTO;GML;AOi4260708022139843115c00;1;Anomaly;
202609;AREA 3;JATENG-DIY;PURWOKERTO;GML;AOk42607091205440597c9c60;0;Comply;-47,60
202609;AREA 2;CENTRAL JABOTABEK;SOUTHERN JAKARTA;PGG;AOi42607031154121886e3ab0;1;Anomaly;
202609;AREA 2;CENTRAL JABOTABEK;NORTHERN JAKARTA;CKG;AOi42607150646524789e0640;1;Anomaly;
202609;AREA 3;JATENG-DIY;PEKALONGAN;KDW;AOi4260707055252445b3aa40;0;Anomaly;
202609;AREA 1;SUMBAGUT;CENTRAL MEDAN;PUB;AOk4260716104002977b34c30;1;Anomaly;
202609;AREA 1;SUMBAGSEL;PALEMBANG;MUD;AOi4260713041836652b3ec10;1;Anomaly;
202609;AREA 4;SULAWESI;MAKASSAR;SUG;AOi4260723125952028af2c80;1;Anomaly;
202609;AREA 1;SUMBAGTENG;BUKIT TINGGI;SPE;AOi426072002324419001f4b0;1;Anomaly;
202609;AREA 1;SUMBAGSEL;PALEMBANG;KTU;AOi12607300611555382f29a0;0;Anomaly;
202609;AREA 3;JATENG-DIY;SEMARANG;SMC;AOi426070801234400575bea0;1;Anomaly;
202609;AREA 1;SUMBAGUT;CENTRAL MEDAN;PUB;AOi42606300241473612390b0;0;Anomaly;
202609;AREA 3;BALI NUSRA;MATARAM;MTR;AOi4260720120135875387650;1;Anomaly;
202609;AREA 2;JABAR;CIREBON;CBN;AOi42607210456034952a69e0;0;Anomaly;
202609;AREA 4;KALIMANTAN;PANGKALAN BUN;KTP;AOi42607220929453057636b0;0;Anomaly;
202609;AREA 4;SULAWESI;BONE;SIN;AOi1260628085448796d14e30;1;Anomaly;-19,83
202609;AREA 1;SUMBAGSEL;LAMPUNG;TKB;AOi4260702065828557476030;0;Anomaly;
202609;AREA 3;BALI NUSRA;DENPASAR;UBU;AOi4260730072601843b7c480;1;Anomaly;
202609;AREA 4;SULAWESI;MAKASSAR;JNP;AOi4260716094721766a64fb0;0;Anomaly;
202609;AREA 4;SULAWESI;KENDARI;PMA;AOs32607291043148019e6cb0;1;Anomaly;
202609;AREA 4;SULAWESI;PARE-PARE;MAM;AOi4260715072736145f8b480;1;Anomaly;
202609;AREA 1;SUMBAGSEL;PALEMBANG;SBU;AOi1260729055001120519290;1;Anomaly;
202609;AREA 1;SUMBAGTENG;DUMAI;BKN;AOi42607200705186043ecab0;1;Anomaly;
202609;AREA 4;MALUKU DAN PAPUA;AMBON;ABO;AOi4260720045302675ac0ea0;1;Anomaly;
202609;AREA 3;JATENG-DIY;SEMARANG;GNK;AOi4260709012230657a72b50;0;Anomaly;
202609;AREA 3;BALI NUSRA;DENPASAR;NGR;AOi4260726041516264c2f550;1;Anomaly;
202609;AREA 4;KALIMANTAN;SAMARINDA;SBR;AOi4260729032231271e4f960;0;Anomaly;
202609;AREA 4;SULAWESI;KENDARI;MDG;AOk426071407154780770d000;0;Comply;-71,49
202609;AREA 1;SUMBAGTENG;BATAM;DGS;AOi42607210418047283fce00;1;Anomaly;
202609;AREA 3;JATIM;SURABAYA;GBG;AOk42607170647052854bd430;0;Anomaly;
202609;AREA 4;SULAWESI;PALU;BKU;AOs3260630092416443797cf0;1;Anomaly;
202609;AREA 2;JABAR;BANDUNG;LBG;AOi4260722093939561147f00;1;Anomaly;
202609;AREA 1;SUMBAGTENG;PADANG;SLK;AOi42607081059486175006a0;1;Anomaly;
202609;AREA 4;KALIMANTAN;SAMARINDA;TMD;PDAk4260729031243323c6e8d0;1;Anomaly;
202609;AREA 3;BALI NUSRA;FLORES;MMR;AOi42607210907104296197b0;0;Anomaly;
202609;AREA 3;JATIM;LAMONGAN;BDG;AOi426071211283668852e8f0;1;Anomaly;
202609;AREA 2;WESTERN JABOTABEK;SERANG;RKS;AOi12607271159590184e4a20;0;Anomaly;
202609;AREA 3;BALI NUSRA;MATARAM;SBW;AOi42607151121191924a10c0;1;Anomaly;
202609;AREA 1;SUMBAGTENG;PADANG;SGD;AOi4260706100504820d31940;1;Anomaly;
202609;AREA 4;SULAWESI;MAKASSAR;SUD;AOs3260730090503920b1aee0;1;Anomaly;
202609;AREA 2;JABAR;TASIKMALAYA;TSM;AOi1260713024422326b866f0;0;Comply;-15,41
202609;AREA 3;BALI NUSRA;DENPASAR;NSD;AOi4260728125140174024d80;1;Anomaly;
202609;AREA 3;BALI NUSRA;DENPASAR;UBN;AOi4260716071844309326db0;0;Anomaly;
202609;AREA 4;KALIMANTAN;SAMARINDA;SMR;AOk42607301051272367bfe40;0;Anomaly;
202609;AREA 1;SUMBAGTENG;BATAM;BTC;AOk4260710114857002228510;0;Anomaly;
202609;AREA 4;SULAWESI;MAKASSAR;SUG;AOk42607210759062777daca0;1;Anomaly;
202609;AREA 4;SULAWESI;MANADO;KTG;AOi426072612014873774b0d0;0;Anomaly;
202609;AREA 1;SUMBAGSEL;PALEMBANG;KTU;AOi42607051016284983c0510;1;Anomaly;
202609;AREA 1;SUMBAGUT;CENTRAL MEDAN;TJR;AOi426071911225611526f270;0;Anomaly;
202609;AREA 2;EASTERN JABOTABEK;BOGOR;CCR;AOk4260724022355722205550;1;Anomaly;
202609;AREA 1;SUMBAGSEL;PALEMBANG;SBU;AOi1260729055001120519290;1;Anomaly;
202609;AREA 2;EASTERN JABOTABEK;BOGOR;CSR;AOi42607100452339970e0740;0;Anomaly;
202609;AREA 1;SUMBAGTENG;PEKANBARU;RGT;AOk42607211210149685ea420;0;Anomaly;
202609;AREA 1;SUMBAGSEL;PANGKAL PINANG;MGR;AOi426073111173862838c0f0;0;Anomaly;
202609;AREA 4;KALIMANTAN;SAMARINDA;STT;AOi426072206182342208f960;0;Anomaly;
202609;AREA 4;KALIMANTAN;PONTIANAK;SAO;AOs3260729021242111744140;1;Anomaly;
202609;AREA 2;CENTRAL JABOTABEK;SOUTHERN JAKARTA;RMG;AOk426071312484856953f510;0;Anomaly;
202609;AREA 4;KALIMANTAN;BALIKPAPAN;SEP;AOs32607280839492773b9b30;1;Anomaly;
202609;AREA 3;JATENG-DIY;PEKALONGAN;BBT;AOi42607030126523267a0760;0;Anomaly;
202609;AREA 1;SUMBAGTENG;BUKIT TINGGI;PAM;AOi42607291254319474a3640;0;Anomaly;
202609;AREA 1;SUMBAGSEL;BENGKULU;LHT;AOi4260706070825170d5eb50;0;Anomaly;
202609;AREA 4;MALUKU DAN PAPUA;TIMIKA;AGT;AOi1260717085606029488e80;1;Anomaly;
202609;AREA 1;SUMBAGUT;RANTAU PRAPAT;KIS;AOi42607100118292485371f0;0;Anomaly;
202609;AREA 3;BALI NUSRA;DENPASAR;UBN;AOi42607040704047445d8300;0;Anomaly;
202609;AREA 3;JATENG-DIY;SEMARANG;GNK;AOi4260723125031322b8ae90;1;Anomaly;
202609;AREA 1;SUMBAGUT;RANTAU PRAPAT;KPI;AOi4260721061630686037370;0;Anomaly;
202609;AREA 1;SUMBAGUT;CENTRAL MEDAN;PDB;AOs32607051137166290965c0;0;Anomaly;
202609;AREA 1;SUMBAGTENG;DUMAI;BGU;AOi4260719125646932180070;1;Anomaly;
202609;AREA 4;MALUKU DAN PAPUA;JAYAPURA;JAP;AOi126073105463174593e120;1;Anomaly;
202609;AREA 2;JABAR;TASIKMALAYA;CKJ;AOi4260722073353402216380;0;Anomaly;
202609;AREA 3;JATIM;SURABAYA;JGR;AOs3260723123127097dd4cc0;1;Anomaly;
202609;AREA 1;SUMBAGSEL;PALEMBANG;PGC;AOi4260717013018168a01990;1;Anomaly;
202609;AREA 4;SULAWESI;MAKASSAR;PNK;AOi126071505504124891d9a0;1;Anomaly;
202609;AREA 1;SUMBAGSEL;PANGKAL PINANG;PGP;AOi42607280602075327ca990;0;Anomaly;
202609;AREA 4;SULAWESI;MAKASSAR;PNK;AOi4260715063145918980b40;1;Anomaly;
202609;AREA 4;SULAWESI;PALU;PLA;AOi4260701121656990795cc0;0;Anomaly;
202609;AREA 4;SULAWESI;MANADO;PIK;AOi1260730075800863211e40;1;Anomaly;
202609;AREA 1;SUMBAGUT;CENTRAL MEDAN;TJR;AOi42607140535391395e5800;0;Anomaly;
202609;AREA 4;KALIMANTAN;PALANGKARAYA;PLK;AOk4260729033300545d4d3b0;0;Anomaly;
202609;AREA 1;SUMBAGTENG;PADANG;SIE;AOi4260702013832680734e10;0;Anomaly;
202609;AREA 1;SUMBAGTENG;PADANG;SJJ;AOi4260715042653233f7a700;1;Anomaly;
202609;AREA 4;SULAWESI;PALU;LWU;AOi426070304090750486ed30;0;Anomaly;
202609;AREA 2;CENTRAL JABOTABEK;NORTHERN JAKARTA;STR;AOi1260710091620661670530;1;Anomaly;
202609;AREA 1;SUMBAGTENG;BUKIT TINGGI;SIU;AOi42607220125394865d7780;0;Anomaly;
202609;AREA 3;JATIM;MADIUN;GUR;AOi4260715113615038b89590;0;Anomaly;
202609;AREA 4;SULAWESI;KENDARI;MDG;AOi42607261037109957f6be0;0;Anomaly;
202609;AREA 4;SULAWESI;KENDARI;MDG;AOi4260724034443873e13db0;0;Anomaly;
202609;AREA 1;SUMBAGSEL;JAMBI;BKO;AOi4260726024450859d7a500;1;Anomaly;
202609;AREA 2;JABAR;CIREBON;SDU;AOi426072106594421695a1a0;0;Anomaly;
202609;AREA 2;JABAR;TASIKMALAYA;BNJ;AOi4260716104526923636b40;0;Anomaly;
202609;AREA 3;BALI NUSRA;MATARAM;MTR;AOk4260701072324876210730;0;Anomaly;
202609;AREA 3;BALI NUSRA;FLORES;MMR;AOi42606301021101427087e0;0;Anomaly;
202609;AREA 1;SUMBAGTENG;BUKIT TINGGI;BSO;AOi4260731114033691473e10;1;Anomaly;
202609;AREA 4;MALUKU DAN PAPUA;JAYAPURA;SNI;AOi4260725123139333cd23b0;0;Anomaly;
202609;AREA 4;KALIMANTAN;PONTIANAK;SGU;AOi4260718043555964c48050;1;Anomaly;
202609;AREA 4;KALIMANTAN;PONTIANAK;PTK;AOi4260729111855935e12e00;1;Anomaly;
202609;AREA 2;CENTRAL JABOTABEK;SOUTHERN JAKARTA;PSM;AOk4260707125628388f10410;0;Anomaly;
202609;AREA 1;SUMBAGTENG;BATAM;BTC;AOk42607281132579013d07f0;1;Anomaly;
202609;AREA 4;KALIMANTAN;PONTIANAK;ANJ;AOi426072712001307533b450;0;Anomaly;
202609;AREA 1;SUMBAGUT;CENTRAL MEDAN;LBP;AOi4260728034638852142a90;0;Anomaly;
202609;AREA 4;SULAWESI;MANADO;PIK;AOi12607250329487729e2870;1;Anomaly;
202609;AREA 2;JABAR;BANDUNG;CCD;AOi42607210938383308197c0;0;Anomaly;
202609;AREA 2;JABAR;BANDUNG;LBG;AOi426070801131572189b4c0;1;Anomaly;
202609;AREA 3;JATIM;JEMBER;LMJ;AOi12607230354526648280e0;1;Anomaly;
202609;AREA 3;JATIM;SURABAYA;KRP;AOi42607270631313692a8d80;1;Anomaly;
202609;AREA 3;BALI NUSRA;DENPASAR;BNO;PDAk4260715042740861cf0b60;0;Anomaly;
202609;AREA 3;BALI NUSRA;DENPASAR;KLM;AOi42607080641583564983f0;1;Anomaly;
202609;AREA 4;SULAWESI;MAKASSAR;SUG;AOi42607210330442407a3d20;1;Anomaly;
202609;AREA 3;BALI NUSRA;KUPANG;KPN;AOi1260717093624533dba510;0;Anomaly;
202609;AREA 1;SUMBAGTENG;BUKIT TINGGI;KNL;AOk4260720100146532a3a060;1;Anomaly;
202609;AREA 2;WESTERN JABOTABEK;SERANG;LGK;AOi1260729104354019bb80b0;1;Anomaly;
202609;AREA 1;SUMBAGUT;PEMATANG SIANTAR;PER;AOi426072309474938532a6c0;1;Anomaly;
202609;AREA 1;SUMBAGTENG;PEKANBARU;ARK;PDAk426062904052410735de70;1;Anomaly;
202609;AREA 4;SULAWESI;MANADO;AMR;AOi42607031227214855e1d80;0;Anomaly;
202609;AREA 4;KALIMANTAN;BALIKPAPAN;BRU;AOi4260731110938654303210;1;Anomaly;
202609;AREA 3;BALI NUSRA;FLORES;MMR;AOi42607260210244803b7880;1;Anomaly;
202609;AREA 2;WESTERN JABOTABEK;SERANG;LGK;AOk42607160729296932797c0;1;Anomaly;
202609;AREA 1;SUMBAGTENG;PEKANBARU;BKR;AOi4260731031402129803d90;1;Anomaly;
202609;AREA 1;SUMBAGSEL;LAMPUNG;MGA;AOi42607230425120429b7060;1;Anomaly;
202609;AREA 2;CENTRAL JABOTABEK;SOUTHERN JAKARTA;CID;AOk4260712034555043fb1dd0;0;Anomaly;
202609;AREA 1;SUMBAGSEL;BENGKULU;MUA;AOi4260727020240982a5aad0;1;Anomaly;
202609;AREA 2;WESTERN JABOTABEK;SERANG;LGK;AOi42607280912191809d9230;0;Anomaly;
202609;AREA 2;CENTRAL JABOTABEK;NORTHERN JAKARTA;STR;AOi4260712010150994e25580;1;Anomaly;
202609;AREA 2;JABAR;CIREBON;PRD;AOi4260720102923936ddb260;1;Anomaly;
202609;AREA 2;CENTRAL JABOTABEK;NORTHERN JAKARTA;SMI;AOi1260722060321473bcf130;1;Anomaly;
202609;AREA 4;SULAWESI;KENDARI;MDG;AOi1260726105348113469380;1;Anomaly;
202609;AREA 3;JATIM;LAMONGAN;BJN;AOi42607021059267086ab8a0;1;Anomaly;
202609;AREA 4;KALIMANTAN;SAMARINDA;STT;AOi426070107234194146ccd0;0;Anomaly;
202609;AREA 1;SUMBAGTENG;BUKIT TINGGI;PPJ;AOs326073006383282773d810;1;Anomaly;
202609;AREA 1;SUMBAGTENG;BATAM;LBJ;AOi42607270944564597fc610;1;Anomaly;
202609;AREA 2;CENTRAL JABOTABEK;NORTHERN JAKARTA;PDM;AOi426072610404812176a770;0;Comply;0,04
202609;AREA 4;SULAWESI;MAKASSAR;BAL;AOs3260706081421478144f90;1;Anomaly;
202609;AREA 3;JATENG-DIY;PURWOKERTO;CLC;AOi42607121115296737c1710;0;Anomaly;
202609;AREA 3;BALI NUSRA;FLORES;MMR;AOk4260717122126963707b60;0;Anomaly;
202609;AREA 2;WESTERN JABOTABEK;TANGERANG;CPA;AOb02607130532404079c5fc0;1;Anomaly;
202609;AREA 3;JATENG-DIY;SURAKARTA;KTO;AOi126072901530143425a870;1;Anomaly;
202609;AREA 1;SUMBAGSEL;LAMPUNG;TJK;AOs3260720102324406b3b220;1;Anomaly;
202609;AREA 4;SULAWESI;MAKASSAR;TKA;AOi4260703011317688214890;1;Anomaly;
202609;AREA 2;EASTERN JABOTABEK;BEKASI;CSL;AOi1260727101625167115ce0;1;Anomaly;
202609;AREA 3;JATIM;SURABAYA;KPS;AOk4260720103428284377870;1;Anomaly;
202609;AREA 4;KALIMANTAN;PONTIANAK;MPW;AOi42607230209198825e8870;0;Anomaly;
202609;AREA 4;MALUKU DAN PAPUA;AMBON;PAO;AOi42607301130027707e26d0;1;Anomaly;
202609;AREA 3;BALI NUSRA;MATARAM;BIM;AOi4260730023132101ba09e0;1;Anomaly;
202609;AREA 3;BALI NUSRA;MATARAM;TET;AOi426072801471857603c3d0;1;Anomaly;
202609;AREA 4;SULAWESI;KENDARI;KDR;AOk4260721122924419c47d80;1;Anomaly;
202609;AREA 1;SUMBAGSEL;PALEMBANG;MUB;AOi4260705080203352373a30;1;Anomaly;
202609;AREA 3;BALI NUSRA;MATARAM;TLW;AOi4260717100715987ff3ae0;0;Comply;-26,07
202609;AREA 3;JATENG-DIY;SEMARANG;MJP;AOi42607210926151075d4220;1;Anomaly;
202609;AREA 2;CENTRAL JABOTABEK;NORTHERN JAKARTA;TGA;AOi42607050356011197fdf00;1;Anomaly;
202609;AREA 3;JATENG-DIY;SEMARANG;SMT;PDAk4260702094318599f16ce0;1;Anomaly;
202609;AREA 4;SULAWESI;KENDARI;MDG;AOk42607270314104805e6410;1;Anomaly;
202609;AREA 4;KALIMANTAN;SAMARINDA;BLN;AOi4260706012528309637d10;0;Anomaly;
202609;AREA 4;KALIMANTAN;PONTIANAK;STA;AOi42607270234366038883a0;1;Anomaly;
202609;AREA 4;SULAWESI;MAKASSAR;PNK;AOi42607290726096100020d0;0;Anomaly;
202609;AREA 4;KALIMANTAN;PONTIANAK;SMB;AOi4260721082247834fb5000;1;Anomaly;
202609;AREA 3;JATIM;MALANG;BLB;AOi4260712070826714f487a0;0;Anomaly;
202609;AREA 2;WESTERN JABOTABEK;TANGERANG;CPA;PDAk4260719034448163450660;1;Anomaly;
202609;AREA 3;JATENG-DIY;PURWOKERTO;GML;AOi42607271056006285f9610;0;Anomaly;
202609;AREA 2;EASTERN JABOTABEK;BEKASI;PKY;AOs32607260151540618926e0;0;Anomaly;
202609;AREA 3;BALI NUSRA;FLORES;MMR;AOi42607100957189271452e0;0;Anomaly;
202609;AREA 1;SUMBAGSEL;LAMPUNG;TKB;AOi4260702065828557476030;0;Anomaly;
202609;AREA 1;SUMBAGTENG;BUKIT TINGGI;SCC;AOb02607071230010922de8c0;1;Anomaly;
202609;AREA 4;MALUKU DAN PAPUA;AMBON;TUA;AOk4260717084059917d84480;1;Anomaly;
202609;AREA 3;JATIM;SURABAYA;JGR;AOs3260723123127097dd4cc0;1;Anomaly;-2,25
202609;AREA 3;JATIM;SURABAYA;SPG;AOk42606300259535028c6190;0;Anomaly;
202609;AREA 3;JATENG-DIY;YOGYAKARTA;WNS;AOi42607120934440972c5ba0;1;Anomaly;
202609;AREA 1;SUMBAGTENG;DUMAI;TAK;AOi4260709040631753e1ddd0;1;Anomaly;
202609;AREA 1;SUMBAGUT;PEMATANG SIANTAR;BLG;AOs32607260919527861787e0;0;Anomaly;
202609;AREA 2;JABAR;BANDUNG;BTJ;AOi42607120728392587fb050;1;Anomaly;
202609;AREA 4;SULAWESI;KENDARI;MDG;AOi4260716042426076681190;1;Anomaly;
202609;AREA 3;BALI NUSRA;MATARAM;GER;AOi42607241154501653df0c0;0;Anomaly;
202609;AREA 1;SUMBAGUT;CENTRAL MEDAN;TTG;AOi4260718081309890b81150;1;Anomaly;
202609;AREA 1;SUMBAGSEL;PANGKAL PINANG;TBI;AOi4260728010634554b5e120;1;Anomaly;
202609;AREA 3;BALI NUSRA;MATARAM;MTR;AOi4260720105723005868aa0;1;Anomaly;
202609;AREA 3;BALI NUSRA;DENPASAR;KLM;AOi4260731100824479f71d30;0;Anomaly;
202609;AREA 1;SUMBAGUT;PEMATANG SIANTAR;KBJ;AOk4260728023033637ebc090;0;Anomaly;
202609;AREA 3;JATIM;SURABAYA;KPS;AOi1260721042037018511030;1;Anomaly;
202609;AREA 2;EASTERN JABOTABEK;KARAWANG;TLJ;AOi4260719031600807e0cc50;0;Anomaly;
202609;AREA 4;KALIMANTAN;PONTIANAK;JAW;AOi42607081051285253a7890;1;Anomaly;
202609;AREA 4;SULAWESI;KENDARI;KKA;AOi4260728083219866791ff0;0;Anomaly;
202609;AREA 1;SUMBAGUT;BANDA ACEH;DAR;AOi4260720012843246ed3560;0;Anomaly;
202609;AREA 4;KALIMANTAN;PONTIANAK;STA;AOi42607270234366038883a0;1;Anomaly;
202609;AREA 3;BALI NUSRA;DENPASAR;SGR;AOi42607100757407595edf80;0;Anomaly;
202609;AREA 4;SULAWESI;KENDARI;MDG;AOi4260724061652722977320;0;Anomaly;
202609;AREA 1;SUMBAGUT;CENTRAL MEDAN;LBP;AOi426071302424460526f920;0;Anomaly;
202609;AREA 2;JABAR;CIREBON;CBN;AOi426072001533564876a010;1;Anomaly;
202609;AREA 4;SULAWESI;MANADO;AMD;AOi426070509453904430ad60;1;Anomaly;
202609;AREA 3;JATIM;SIDOARJO;WRU;AOi42607010254208140b2960;0;Anomaly;
202609;AREA 3;JATENG-DIY;MAGELANG;GOM;AOs32607290416106531f2060;1;Anomaly;
202609;AREA 1;SUMBAGTENG;PADANG;KJI;AOk42607081041450224d2230;0;Anomaly;
202609;AREA 1;SUMBAGTENG;PEKANBARU;TBH;AOk42607130313336597a47e0;1;Anomaly;
202609;AREA 4;SULAWESI;MANADO;THN;AOk42607070153562774a82f0;1;Anomaly;
202609;AREA 4;SULAWESI;MAKASSAR;PNK;AOk42607311111339988133f0;0;Anomaly;
202609;AREA 1;SUMBAGUT;PEMATANG SIANTAR;LBK;AOi4260702114511183bf6a70;0;Anomaly;
202609;AREA 3;JATENG-DIY;SEMARANG;RBN;AOi42607170344242250bc310;1;Anomaly;
202609;AREA 3;JATIM;SURABAYA;JGR;AOi1260704104822904e280f0;1;Anomaly;-18,83
202609;AREA 4;SULAWESI;KENDARI;MDG;AOs3260726072121172be18a0;1;Anomaly;
202609;AREA 1;SUMBAGSEL;BENGKULU;TIS;AOi4260729044702394f48a70;1;Anomaly;
202609;AREA 3;JATIM;MALANG;SWJ;AOk4260730113508911a8fae0;0;Anomaly;
202609;AREA 1;SUMBAGUT;CENTRAL MEDAN;TJM;AOi4260711102912487c06e90;1;Anomaly;
202609;AREA 4;SULAWESI;GORONTALO;GTL;AOk4260711104732855efdc70;0;Anomaly;
202609;AREA 1;SUMBAGUT;CENTRAL MEDAN;TJM;AOi426072911593922432a240;1;Anomaly;
202609;AREA 1;SUMBAGSEL;PALEMBANG;SRO;AOi42607080426165296a90d0;1;Anomaly;
202609;AREA 3;JATENG-DIY;YOGYAKARTA;WNS;AOi42607120934440972c5ba0;1;Anomaly;
202609;AREA 4;SULAWESI;MAKASSAR;MAT;AOi1260717022229862bc3890;1;Anomaly;
202609;AREA 3;JATIM;JEMBER;LMJ;AOi12607230354526648280e0;0;Anomaly;
202609;AREA 4;KALIMANTAN;PALANGKARAYA;KKN;AOi426070102035747469b180;1;Anomaly;
202609;AREA 3;JATENG-DIY;PEKALONGAN;KTM;AOi4260730011917285d3dac0;1;Anomaly;
202609;AREA 1;SUMBAGSEL;LAMPUNG;KDT;PDAk426071512150931534d290;0;Anomaly;
202609;AREA 4;KALIMANTAN;SAMARINDA;SBR;AOi42607251202495950c2510;0;Anomaly;
202609;AREA 4;KALIMANTAN;PONTIANAK;SAO;AOi42607010802287309de8c0;0;Anomaly;
202609;AREA 4;KALIMANTAN;PONTIANAK;JAW;AOi4260713012859954606c90;1;Anomaly;
202609;AREA 1;SUMBAGUT;CENTRAL MEDAN;SPM;AOi4260706124543180526ce0;0;Anomaly;
202609;AREA 1;SUMBAGUT;CENTRAL MEDAN;TJM;AOi4260727033223488443b30;1;Anomaly;
202609;AREA 1;SUMBAGUT;CENTRAL MEDAN;TJM;AOi426072703514452319ea30;1;Anomaly;
202609;AREA 3;JATENG-DIY;YOGYAKARTA;WNS;AOi42607120934440972c5ba0;1;Anomaly;
202609;AREA 3;JATENG-DIY;SEMARANG;SMT;AOi4260731094645891794420;1;Anomaly;0,27
202609;AREA 2;JABAR;SOREANG;SOR;AOi42607021059000765e1270;1;Anomaly;
202609;AREA 3;JATENG-DIY;MAGELANG;TEM;AOk42607251012256984f6da0;1;Anomaly;
202609;AREA 4;SULAWESI;BONE;SIN;AOi4260721032303154c2b790;0;Comply;-0,28
202609;AREA 1;SUMBAGTENG;PADANG;TLB;AOb02607220653080498b4ed0;0;Comply;-13,35
202609;AREA 1;SUMBAGTENG;PADANG;TLN;AOi42607080617285252bef50;0;Anomaly;
202609;AREA 2;JABAR;SOREANG;SOR;AOi4260717012914271268450;1;Anomaly;9,01
202609;AREA 3;BALI NUSRA;DENPASAR;UBN;AOi42607280342038068b96e0;1;Anomaly;
202609;AREA 1;SUMBAGTENG;PADANG;SJJ;AOi4260708023818178aa4a40;1;Anomaly;
202609;AREA 3;JATENG-DIY;SEMARANG;MJE;AOi12607260106431307028a0;1;Anomaly;
202609;AREA 1;SUMBAGUT;CENTRAL MEDAN;SKI;PDAk4260714061551243290090;0;Anomaly;
202609;AREA 2;JABAR;BANDUNG;CCD;AOi4260704104935227eb9f20;1;Anomaly;
202609;AREA 1;SUMBAGUT;CENTRAL MEDAN;TJM;AOi426072911593922432a240;1;Anomaly;
202609;AREA 1;SUMBAGTENG;BATAM;SLU;AOi4260719123439575226cd0;1;Anomaly;
202609;AREA 4;KALIMANTAN;BALIKPAPAN;KTB;AOi42607290434539829b7c60;1;Anomaly;
202609;AREA 4;SULAWESI;KENDARI;UNH;AOi42607060356592901fc960;1;Anomaly;
202609;AREA 4;KALIMANTAN;TARAKAN;TBY;AOi4260703104631095b9be20;0;Anomaly;
202609;AREA 1;SUMBAGTENG;BATAM;BTC;AOi426070712581109260d8b0;0;Anomaly;
202609;AREA 1;SUMBAGUT;WESTERN MEDAN;LGS;AOi4260729081904696991cf0;0;Anomaly;
202609;AREA 4;KALIMANTAN;BALIKPAPAN;MGG;AOs32607101052427514af300;0;Comply;0,29
202609;AREA 2;WESTERN JABOTABEK;TANGERANG;PKU;AOi12607240657440662cca60;1;Anomaly;
202609;AREA 2;EASTERN JABOTABEK;BEKASI;PKY;PDAk4260728095440225101230;0;Comply;-38,71
202609;AREA 4;KALIMANTAN;PANGKALAN BUN;SUA;AOi426070211334637338ea40;1;Anomaly;
202609;AREA 3;BALI NUSRA;DENPASAR;SGR;AOi4260730122546310183540;1;Anomaly;
202609;AREA 2;JABAR;BANDUNG;LBG;AOk4260711115926902e16180;1;Anomaly;
202609;AREA 4;KALIMANTAN;BALIKPAPAN;TGG;AOi426073107474675243c910;0;Anomaly;
202609;AREA 2;CENTRAL JABOTABEK;SOUTHERN JAKARTA;KBY;AOi4260730011303869a89d40;1;Anomaly;
202609;AREA 4;SULAWESI;PALU;KOL;AOs3260627063924066767860;0;Anomaly;
202609;AREA 2;JABAR;SOREANG;SOR;AOi4260731012401855b95ea0;1;Anomaly;
202609;AREA 4;SULAWESI;PALU;DGL;AOs3260728124856750e71920;1;Anomaly;
202609;AREA 2;JABAR;SOREANG;SOR;AOi426071402593624408dcc0;1;Anomaly;
202609;AREA 2;EASTERN JABOTABEK;BOGOR;CLS;AOi42607080424013401d4300;0;Anomaly;
202609;AREA 3;JATIM;MALANG;BLB;AOi42607311242458435c14a0;0;Anomaly;
202609;AREA 1;SUMBAGTENG;PADANG;BGS;AOi4260723030503337da1350;1;Anomaly;
202609;AREA 4;SULAWESI;MAKASSAR;PNK;AOi4260704041244054cc9d90;0;Anomaly;
202609;AREA 3;JATENG-DIY;YOGYAKARTA;GOD;AOi426071508205719310b700;1;Anomaly;
202609;AREA 1;SUMBAGSEL;PALEMBANG;SBU;AOi42607311031060689c23a0;1;Anomaly;
202609;AREA 4;SULAWESI;PALU;KOL;AOi42607150531070618d5e90;1;Anomaly;
202609;AREA 1;SUMBAGTENG;DUMAI;BKN;AOi4260730025822470488860;1;Anomaly;
202609;AREA 1;SUMBAGTENG;BUKIT TINGGI;SPE;AOi426071412344422133dc60;1;Anomaly;
202609;AREA 1;SUMBAGSEL;LAMPUNG;MGA;AOi4260722112700313dbee70;1;Anomaly;
202609;AREA 3;BALI NUSRA;DENPASAR;UBU;AOi4260712114107928bd2d30;1;Anomaly;
202609;AREA 2;WESTERN JABOTABEK;SERANG;RKS;AOi4260710105022552cce250;1;Anomaly;
202609;AREA 1;SUMBAGTENG;PEKANBARU;ARK;AOi42607220238544000c3710;0;Anomaly;
202609;AREA 2;JABAR;BANDUNG;LBG;AOi426071911370310628b850;0;Anomaly;
202609;AREA 2;JABAR;BANDUNG;RJW;AOi4260718073345892e0d910;1;Anomaly;
202609;AREA 1;SUMBAGUT;WESTERN MEDAN;LGS;AOi4260712124422081ff60a0;0;Anomaly;
202609;AREA 3;BALI NUSRA;DENPASAR;UBU;AOi4260722024116496adc4b0;1;Anomaly;
202609;AREA 4;SULAWESI;PARE-PARE;SRK;AOk4260717110037254d325b0;1;Anomaly;
202609;AREA 4;SULAWESI;PALU;BKU;AOi4260709092736337103f90;1;Anomaly;
202609;AREA 4;SULAWESI;PALU;BKU;AOi4260718090335508bbee30;1;Anomaly;
202609;AREA 2;JABAR;BANDUNG;CJA;AOi4260716111757255f2b700;1;Anomaly;-18,10
202609;AREA 1;SUMBAGTENG;PADANG;LBY;AOi4260710125755831801df0;1;Anomaly;
202609;AREA 4;KALIMANTAN;BANJARMASIN;STI;AOi42607260950523920a01f0;0;Anomaly;
202609;AREA 3;BALI NUSRA;DENPASAR;SGR;AOi42607280914111476da770;1;Anomaly;
202609;AREA 4;KALIMANTAN;PONTIANAK;STA;AOi4260727024402428303290;1;Anomaly;
202609;AREA 3;JATIM;SURABAYA;KPS;AOi1260721044218890b7ee10;1;Anomaly;
202609;AREA 3;BALI NUSRA;DENPASAR;NGR;AOk42607130146260833c4ea0;1;Anomaly;
202609;AREA 1;SUMBAGSEL;BENGKULU;PGA;AOi42607250322034880ac8a0;1;Anomaly;
202609;AREA 1;SUMBAGUT;CENTRAL MEDAN;TJM;AOi426072911593922432a240;1;Anomaly;
202609;AREA 2;JABAR;BANDUNG;LBG;AOi4260723030951781791ef0;0;Anomaly;
202609;AREA 4;MALUKU DAN PAPUA;JAYAPURA;SNI;AOi4260722073001799ec36f0;0;Anomaly;
202609;AREA 1;SUMBAGSEL;JAMBI;JMB;PDAk42607061144462770dea50;0;Anomaly;
202609;AREA 2;CENTRAL JABOTABEK;NORTHERN JAKARTA;CKG;AOi12607290325104378a55b0;0;Anomaly;
202609;AREA 3;JATENG-DIY;MAGELANG;PWJ;AOi4260713080138985abc060;0;Anomaly;
202609;AREA 4;KALIMANTAN;PALANGKARAYA;MTW;PDAk426072410563789941bc40;1;Anomaly;
202609;AREA 2;EASTERN JABOTABEK;BOGOR;CPS;AOi4260703113656425793d60;0;Anomaly;
202609;AREA 1;SUMBAGTENG;PADANG;SLK;AOi42607210906086045985d0;1;Anomaly;
202609;AREA 4;MALUKU DAN PAPUA;JAYAPURA;SNI;AOi1260724093247504759670;0;Anomaly;
202609;AREA 3;BALI NUSRA;MATARAM;TET;AOi4260729103107759cae710;1;Anomaly;
202609;AREA 1;SUMBAGSEL;LAMPUNG;LAM;AOi42607020251577930fa500;1;Anomaly;
202609;AREA 2;JABAR;BANDUNG;LBG;AOk42607061024047166263e0;1;Anomaly;
202609;AREA 3;JATIM;SIDOARJO;SDA;AOi42607120120251700fe8f0;0;Anomaly;
202609;AREA 3;BALI NUSRA;DENPASAR;SGR;AOi4260726094859187e68010;1;Anomaly;
202609;AREA 2;WESTERN JABOTABEK;TANGERANG;CLD;AOi4260725100718970baceb0;0;Anomaly;
202609;AREA 4;KALIMANTAN;PALANGKARAYA;MTW;AOi4260722021007027929ca0;1;Anomaly;
202609;AREA 1;SUMBAGUT;CENTRAL MEDAN;PDB;AOi4260726101826261d244a0;1;Anomaly;
202609;AREA 2;CENTRAL JABOTABEK;NORTHERN JAKARTA;KDY;PDAk4260706052508406f8f9c0;1;Anomaly;
202609;AREA 2;JABAR;CIREBON;JBN;AOi4260728095549519e8ecc0;0;Anomaly;
202609;AREA 2;EASTERN JABOTABEK;KARAWANG;BGG;AOi4260723070953502cbd470;1;Anomaly;
202609;AREA 4;SULAWESI;PALU;BKU;AOi42607170145283811e0b90;1;Anomaly;
202609;AREA 4;KALIMANTAN;PONTIANAK;SAO;AOi42607170936008097db350;0;Anomaly;
202609;AREA 1;SUMBAGTENG;PEKANBARU;PWG;AOk42607271058378127aae10;1;Anomaly;
202609;AREA 4;SULAWESI;KENDARI;MDG;AOs3260725091600433b17f50;1;Anomaly;
202609;AREA 4;KALIMANTAN;BALIKPAPAN;KTB;AOi4260705090128949e8efa0;1;Anomaly;-20,57
202609;AREA 1;SUMBAGSEL;PALEMBANG;PBI;AOi42607010515139405eb7b0;1;Anomaly;
202609;AREA 3;BALI NUSRA;DENPASAR;BNO;AOi4260706111043243cdd810;0;Anomaly;
202609;AREA 4;KALIMANTAN;PALANGKARAYA;PYM;AOi4260701103941115875570;1;Anomaly;55,18
202609;AREA 3;JATIM;LAMONGAN;GSK;AOi4260722052100479e65fe0;0;Anomaly;
202609;AREA 1;SUMBAGSEL;JAMBI;JMB;AOi4260716084213850b51620;0;Anomaly;
202609;AREA 3;BALI NUSRA;DENPASAR;BNO;AOi426070207334174237a6c0;1;Anomaly;
202609;AREA 1;SUMBAGSEL;LAMPUNG;BDA;AOi4260702031730410ecedf0;1;Anomaly;
202609;AREA 1;SUMBAGTENG;PEKANBARU;ARK;AOi12607171104262690f2bd0;1;Anomaly;
202609;AREA 2;JABAR;TASIKMALAYA;GRU;AOi4260725110056709d0c2f0;1;Anomaly;
202609;AREA 4;KALIMANTAN;PANGKALAN BUN;KTP;AOi426070805241787014cd80;1;Anomaly;
202609;AREA 2;JABAR;BANDUNG;LEM;AOi42607190956111504b9500;1;Anomaly;
202609;AREA 4;MALUKU DAN PAPUA;SORONG;SON;AOi42607240409138003e2ca0;1;Anomaly;
202609;AREA 4;SULAWESI;BONE;WTG;AOk4260706014636248937f80;0;Comply;-2,05
202609;AREA 3;BALI NUSRA;DENPASAR;TPS;AOi426072307520028127b8b0;1;Anomaly;
202609;AREA 4;SULAWESI;KENDARI;LSS;AOi4260721113242950f8b600;0;Anomaly;
202609;AREA 3;JATIM;SURABAYA;BEA;AOi426072107222974110ba80;0;Anomaly;
202609;AREA 3;JATIM;SURABAYA;MGO;AOi4260722100916758d44ae0;0;Anomaly;
202609;AREA 3;JATIM;SIDOARJO;SDA;AOi42607120120251700fe8f0;0;Anomaly;
202609;AREA 3;JATENG-DIY;PURWOKERTO;BYM;AOi426071904513224626e590;1;Anomaly;
202609;AREA 4;SULAWESI;PALU;BKU;AOi4260707050228462222c70;1;Anomaly;
202609;AREA 3;BALI NUSRA;DENPASAR;MMN;AOi426070211042771007d480;1;Anomaly;
202609;AREA 4;SULAWESI;KENDARI;MDG;AOi4260724061652722977320;0;Anomaly;
202609;AREA 3;BALI NUSRA;MATARAM;SAP;AOs3260630045435498e01160;1;Anomaly;
202609;AREA 1;SUMBAGTENG;BATAM;LBJ;AOi4260722112744196afa670;1;Anomaly;
202609;AREA 1;SUMBAGUT;WESTERN MEDAN;KUL;AOs3260720082353190c88a90;0;Anomaly;
202609;AREA 3;JATENG-DIY;MAGELANG;GOM;AOi4260714010623138921ba0;1;Anomaly;
202609;AREA 2;JABAR;SOREANG;RGA;AOi4260715032243486b52260;0;Comply;-15,79
202609;AREA 4;MALUKU DAN PAPUA;SORONG;TMB;AOi42607110429236087ffca0;1;Anomaly;
202609;AREA 1;SUMBAGSEL;BENGKULU;CRP;AOi42607240803087148f60b0;0;Anomaly;
202609;AREA 4;KALIMANTAN;PONTIANAK;SAO;AOi42607300648557318ac630;1;Anomaly;
202609;AREA 3;JATIM;MALANG;BLB;AOi426071010182103007a020;0;Anomaly;
202609;AREA 4;KALIMANTAN;SAMARINDA;BOT;AOi42607020737580243e0010;0;Anomaly;
202609;AREA 1;SUMBAGSEL;BENGKULU;MKO;AOi4260721074313550daa190;1;Anomaly;
202609;AREA 1;SUMBAGUT;PEMATANG SIANTAR;BLG;AOi4260728082616569f576a0;0;Anomaly;
202609;AREA 3;BALI NUSRA;DENPASAR;TBN;AOi4260710083454648e7d720;0;Anomaly;
202609;AREA 1;SUMBAGUT;WESTERN MEDAN;LSM;AOi4260723114207589567c00;0;Anomaly;
202609;AREA 4;SULAWESI;KENDARI;MDG;AOs3260725091600433b17f50;1;Anomaly;
202609;AREA 3;JATENG-DIY;SEMARANG;JHR;AOi42607140647028382a6bc0;1;Anomaly;
202609;AREA 2;CENTRAL JABOTABEK;SOUTHERN JAKARTA;KRG;AOb0260701102653947ba2290;0;Anomaly;
202609;AREA 2;JABAR;TASIKMALAYA;BNJ;AOi4260726100048159542f40;1;Anomaly;
202609;AREA 2;JABAR;BANDUNG;TGE;AOi4260712073134143662500;1;Anomaly;
202609;AREA 4;KALIMANTAN;BALIKPAPAN;TGG;AOk4260701095334910567090;0;Anomaly;
202609;AREA 3;BALI NUSRA;KUPANG;TNA;AOi42607270850024110da9b0;1;Anomaly;
202609;AREA 4;KALIMANTAN;PANGKALAN BUN;LMD;AOi426072403470503155ce20;1;Anomaly;
202609;AREA 1;SUMBAGUT;CENTRAL MEDAN;CTD;AOi4260706123831808a43320;1;Anomaly;
202609;AREA 1;SUMBAGSEL;PALEMBANG;SBU;AOi42607070458018094d26b0;1;Anomaly;
202609;AREA 2;CENTRAL JABOTABEK;NORTHERN JAKARTA;MRY;AOi4260715093103703845ad0;0;Anomaly;
202609;AREA 1;SUMBAGUT;CENTRAL MEDAN;SPM;AOi426072605072546518f3d0;0;Anomaly;
202609;AREA 4;MALUKU DAN PAPUA;AMBON;SML;AOi4260722055012819a44d40;0;Anomaly;
202609;AREA 4;SULAWESI;PALU;TWL;AOi4260729115142897e38af0;0;Anomaly;
202609;AREA 3;JATENG-DIY;SURAKARTA;SRG;AOi4260704112644193fe4320;1;Anomaly;
202609;AREA 3;JATENG-DIY;SURAKARTA;BLO;AOk4260713103658782df25f0;0;Comply;0,14
202609;AREA 1;SUMBAGSEL;JAMBI;BKO;AOi426072811042297057c5c0;1;Anomaly;
202609;AREA 4;SULAWESI;GORONTALO;MRS;AOi4260707075501845fe8220;1;Anomaly;
202609;AREA 1;SUMBAGUT;CENTRAL MEDAN;SKI;AOk42607270427451530081b0;1;Anomaly;
202609;AREA 2;WESTERN JABOTABEK;SERANG;RKS;AOi4260728102938468044640;0;Anomaly;
202609;AREA 4;KALIMANTAN;SAMARINDA;SBR;AOi42607251202495950c2510;1;Anomaly;
202609;AREA 3;BALI NUSRA;DENPASAR;TOP;AOi12607200234024166ea500;0;Anomaly;
202609;AREA 4;KALIMANTAN;SAMARINDA;SEM;AOi4260729104906887de1b80;0;Anomaly;
202609;AREA 3;BALI NUSRA;DENPASAR;KLM;AOi4260720042201556f26d20;0;Anomaly;
202609;AREA 4;SULAWESI;PALU;PLA;AOi4260727011019596600c10;1;Anomaly;
202609;AREA 2;JABAR;CIREBON;CBN;AOi4260710111951271c827a0;0;Anomaly;
202609;AREA 4;SULAWESI;MAKASSAR;JNP;AOi42607200835233543f3590;1;Anomaly;
202609;AREA 3;BALI NUSRA;DENPASAR;JBR;AOi42607280531028206cf470;0;Anomaly;
202609;AREA 2;JABAR;BANDUNG;DGO;AOi42607151057165393088e0;0;Anomaly;
202609;AREA 4;SULAWESI;KENDARI;KKA;AOi4260706074854845f313f0;0;Anomaly;
202609;AREA 4;SULAWESI;MANADO;AMD;AOk4260702105832617332bc0;0;Anomaly;
202609;AREA 4;SULAWESI;PARE-PARE;MAJ;AOi426070606223321881acb0;1;Anomaly;
202609;AREA 3;JATENG-DIY;SURAKARTA;MSO;AOi42607070413426135ca2e0;0;Anomaly;
202609;AREA 2;EASTERN JABOTABEK;KARAWANG;BGG;AOi426071611413100474a120;1;Anomaly;-13,48
202609;AREA 1;SUMBAGUT;CENTRAL MEDAN;SPM;AOs3260706013803156767320;1;Anomaly;
202609;AREA 1;SUMBAGUT;CENTRAL MEDAN;LBP;AOk42607010359005070b3990;0;Anomaly;
202609;AREA 3;JATENG-DIY;SEMARANG;SMC;AOs3260703075548208b8af60;1;Anomaly;
202609;AREA 1;SUMBAGTENG;PADANG;SGD;AOi4260729095838481ba2f90;1;Anomaly;
202609;AREA 3;JATIM;SURABAYA;MYR;AOi4260706022708588f7cae0;0;Anomaly;
202609;AREA 4;MALUKU DAN PAPUA;SORONG;SON;AOi426070709221695453d4a0;0;Anomaly;
202609;AREA 1;SUMBAGUT;WESTERN MEDAN;KSG;AOi4260701084925481909000;0;Anomaly;
202609;AREA 2;EASTERN JABOTABEK;KARAWANG;SMH;AOs326072307064600013ac60;1;Anomaly;-15,79
202609;AREA 1;SUMBAGSEL;LAMPUNG;KBI;AOi4260724024836700efeb70;1;Anomaly;
202609;AREA 3;JATIM;SURABAYA;KNN;AOi4260721013355092a07c90;0;Anomaly;
202609;AREA 1;SUMBAGTENG;PADANG;BDT;AOi4260719111951546aabaf0;1;Anomaly;0,14
202609;AREA 1;SUMBAGSEL;PALEMBANG;TLK;AOk42607270605246213851f0;1;Anomaly;
202609;AREA 1;SUMBAGUT;CENTRAL MEDAN;TJR;AOi426070802525948164fe70;1;Anomaly;
202609;AREA 1;SUMBAGUT;CENTRAL MEDAN;SPM;AOi12607011023546424c7bb0;1;Anomaly;
202609;AREA 4;SULAWESI;PARE-PARE;PIN;AOi4260722084137709a27b40;0;Anomaly;
202609;AREA 4;SULAWESI;PALU;PSO;AOi426072111101912751f3f0;0;Anomaly;
202609;AREA 4;SULAWESI;GORONTALO;LBT;AOi4260722104830248816e90;0;Anomaly;
202609;AREA 2;CENTRAL JABOTABEK;NORTHERN JAKARTA;MRY;AOi42607041029108568b5cd0;0;Not Comply;3,01
202609;AREA 2;JABAR;BANDUNG;BDK;AOs3260702111015854fb7f60;1;Anomaly;-12,45
202609;AREA 3;JATENG-DIY;SEMARANG;JHR;AOi4260727042205826036b00;1;Anomaly;
202609;AREA 4;SULAWESI;PARE-PARE;MAM;AOi4260716044649953f18290;0;Anomaly;
202609;AREA 1;SUMBAGUT;BANDA ACEH;GEU;AOi4260731034525440f76af0;1;Anomaly;
202609;AREA 4;MALUKU DAN PAPUA;SORONG;NAB;AOi426072602551556848b950;0;Anomaly;
202609;AREA 1;SUMBAGUT;CENTRAL MEDAN;TTG;AOi42607210758037726ab780;0;Anomaly;
202609;AREA 3;BALI NUSRA;DENPASAR;BNO;AOi1260702034232314ea6230;1;Anomaly;
202609;AREA 2;JABAR;BANDUNG;SDL;AOi426071507065353014f670;1;Anomaly;
202609;AREA 2;CENTRAL JABOTABEK;SOUTHERN JAKARTA;BIN;AOi1260727074227634466f40;0;Anomaly;
202609;AREA 2;EASTERN JABOTABEK;BOGOR;CCR;AOi42607170925119111c8260;1;Anomaly;
202609;AREA 4;KALIMANTAN;BANJARMASIN;GMB;AOi4260704043650971374800;0;Anomaly;
202609;AREA 3;BALI NUSRA;DENPASAR;SGR;AOk426072807594092211d290;1;Anomaly;
202609;AREA 3;BALI NUSRA;DENPASAR;TBN;AOi42607240150056583dcba0;1;Anomaly;
202609;AREA 1;SUMBAGUT;RANTAU PRAPAT;RAP;AOi4260710120655271129030;0;Anomaly;
202609;AREA 1;SUMBAGSEL;JAMBI;SPN;AOi42607220155075788f19b0;1;Anomaly;
202609;AREA 1;SUMBAGUT;CENTRAL MEDAN;MDC;AOi1260718022331013b65300;0;Anomaly;
202609;AREA 2;CENTRAL JABOTABEK;NORTHERN JAKARTA;MKR;AOi42607010157091705bb3a0;1;Anomaly;
202609;AREA 3;JATENG-DIY;SURAKARTA;KRT;AOi4260717012628527311290;1;Anomaly;
202609;AREA 1;SUMBAGUT;CENTRAL MEDAN;LBP;AOi4260728034638852142a90;1;Anomaly;
202609;AREA 2;EASTERN JABOTABEK;BEKASI;PDE;AOi42607260219441778008b0;0;Anomaly;
202609;AREA 1;SUMBAGSEL;LAMPUNG;KBI;AOi42607171050510983abda0;1;Anomaly;
202609;AREA 3;BALI NUSRA;MATARAM;SWE;AOb0260725051621074c74370;1;Anomaly;
202609;AREA 1;SUMBAGTENG;PEKANBARU;PKR;AOi4260709010702989f60c80;0;Anomaly;
202609;AREA 4;MALUKU DAN PAPUA;TIMIKA;MRK;AOk4260716102600522fb0cd0;1;Anomaly;46,43
202609;AREA 1;SUMBAGUT;PEMATANG SIANTAR;IDA;AOi42607090931306952247a0;0;Anomaly;
202609;AREA 1;SUMBAGTENG;PEKANBARU;AMK;AOi4260630043508030cfbaf0;1;Anomaly;
202609;AREA 2;JABAR;TASIKMALAYA;GRU;AOi42607180419552914dcbb0;1;Anomaly;
202609;AREA 4;KALIMANTAN;PONTIANAK;SNW;AOi4260722082532599f48a00;0;Not Comply;427,74
202609;AREA 1;SUMBAGSEL;LAMPUNG;LAM;AOi4260701120132911d710e0;1;Anomaly;
202609;AREA 3;JATENG-DIY;PURWOKERTO;BYM;AOi4260715094538117875c20;1;Anomaly;
202609;AREA 2;JABAR;SOREANG;RCK;AOi1260717055544925d81180;1;Anomaly;
202609;AREA 4;SULAWESI;PALU;SNN;AOi42607271233407717d2ce0;1;Anomaly;
202609;AREA 3;JATIM;SURABAYA;KPS;AOi4260728122817467ac7220;0;Anomaly;
202609;AREA 4;KALIMANTAN;PONTIANAK;MPW;AOi42607020100082770a06c0;0;Anomaly;
202609;AREA 4;KALIMANTAN;BALIKPAPAN;SKU;AOi42607050820567212e1620;1;Anomaly;
202609;AREA 3;BALI NUSRA;DENPASAR;UBN;AOi426071312162467295f4c0;0;Anomaly;
202609;AREA 4;SULAWESI;MANADO;LBH;AOi42607091143501889e4e50;0;Anomaly;
202609;AREA 1;SUMBAGTENG;BATAM;SLU;AOi4260720113921160385540;1;Anomaly;-11,11
202609;AREA 2;JABAR;BANDUNG;LBG;AOi42607270524374360ce100;0;Anomaly;
202609;AREA 4;KALIMANTAN;PONTIANAK;ANJ;AOi4260718022105280374e30;1;Anomaly;
202609;AREA 2;EASTERN JABOTABEK;KARAWANG;CIB;AOs3260719053933097d2c8e0;1;Anomaly;
202609;AREA 3;BALI NUSRA;DENPASAR;UBU;AOi426071303553865176ecf0;1;Anomaly;
202609;AREA 3;JATENG-DIY;PURWOKERTO;BYM;AOi426071904513224626e590;0;Anomaly;
202609;AREA 3;JATIM;SURABAYA;KNN;AOi12607060924169051db260;1;Anomaly;
202609;AREA 4;SULAWESI;MAKASSAR;BAL;AOs326072210305228159ed70;1;Anomaly;
202609;AREA 3;BALI NUSRA;DENPASAR;GIN;AOi426071001322386657c400;1;Anomaly;
202609;AREA 4;SULAWESI;KENDARI;KDR;AOk4260721122924419c47d80;1;Anomaly;
202609;AREA 3;BALI NUSRA;FLORES;MMR;AOi42607100957189271452e0;0;Anomaly;
202609;AREA 1;SUMBAGUT;BANDA ACEH;DAR;AOi4260711112940032df41e0;0;Anomaly;
202609;AREA 4;KALIMANTAN;SAMARINDA;SMR;AOi4260702011318599c5b9c0;0;Anomaly;
202609;AREA 1;SUMBAGTENG;BATAM;SKN;AOi42607061034375184749a0;1;Anomaly;
202609;AREA 3;JATENG-DIY;PURWOKERTO;BJR;AOi4260728082701386551570;0;Anomaly;
202609;AREA 4;SULAWESI;GORONTALO;GTL;AOi4260726015856240882b40;1;Anomaly;
202609;AREA 3;BALI NUSRA;DENPASAR;UBU;AOi4260719104028703e4fe10;1;Anomaly;
202609;AREA 1;SUMBAGUT;CENTRAL MEDAN;LBP;AOi4260727082708799e74ad0;1;Anomaly;
202609;AREA 4;KALIMANTAN;BALIKPAPAN;KJN;AOi4260711110159037ab2350;1;Anomaly;28,59
202609;AREA 1;SUMBAGTENG;PEKANBARU;PBB;AOk4260727033932734c2d710;0;Anomaly;
202609;AREA 4;SULAWESI;KENDARI;MDG;AOi4260630115537514f2ab50;0;Anomaly;
202609;AREA 2;CENTRAL JABOTABEK;SOUTHERN JAKARTA;PGB;AOi42607220847545934f0fb0;0;Anomaly;
202609;AREA 1;SUMBAGUT;WESTERN MEDAN;KGH;AOi4260711103030659196b80;0;Anomaly;
202609;AREA 1;SUMBAGUT;RANTAU PRAPAT;KPI;AOi42607021142356243110f0;0;Anomaly;
202609;AREA 2;WESTERN JABOTABEK;TANGERANG;SRP;AOi42607310949351534ce840;1;Anomaly;
202609;AREA 2;JABAR;BANDUNG;CMI;AOi42607090438561232da9f0;1;Anomaly;
202609;AREA 4;SULAWESI;GORONTALO;BUO;AOi4260716081341301041d00;1;Anomaly;
202609;AREA 1;SUMBAGSEL;JAMBI;SPN;AOi4260710070748128f4d200;1;Anomaly;
202609;AREA 3;JATIM;LAMONGAN;SDD;AOk4260713124659163370670;1;Anomaly;-25,47
202609;AREA 4;SULAWESI;MAKASSAR;SUG;AOi4260710125017740558de0;1;Anomaly;
202609;AREA 3;JATENG-DIY;SURAKARTA;BYL;AOi4260727050452366ee8900;1;Anomaly;
202609;AREA 2;EASTERN JABOTABEK;BEKASI;PCM;PDAk4260731030118764a927d0;1;Anomaly;
202609;AREA 4;SULAWESI;BONE;SID;AOi4260727093820008991820;0;Anomaly;
202609;AREA 4;SULAWESI;PARE-PARE;PLP;AOi4260713100410459a9b6d0;0;Anomaly;
202609;AREA 1;SUMBAGTENG;BATAM;KMS;AOi42607200600091586d13d0;1;Anomaly;
202609;AREA 1;SUMBAGSEL;JAMBI;JMB;AOk4260730111224820adc0a0;0;Anomaly;
202609;AREA 1;SUMBAGTENG;PEKANBARU;PBB;PDAk42607130346194378b0050;1;Anomaly;
202609;AREA 1;SUMBAGTENG;PEKANBARU;PBB;AOk4260708111741251493810;1;Anomaly;
202609;AREA 4;MALUKU DAN PAPUA;AMBON;PAO;AOi42607100818373491cf000;1;Anomaly;
202609;AREA 3;JATIM;SIDOARJO;TPO;AOs3260729113347364b71b20;1;Anomaly;
202609;AREA 1;SUMBAGTENG;DUMAI;PPN;AOi42607211212592429813b0;1;Anomaly;
202609;AREA 1;SUMBAGUT;WESTERN MEDAN;KGH;AOi4260724103246446074e60;0;Anomaly;
202609;AREA 4;SULAWESI;PALU;DGL;AOi4260725051531933655310;0;Anomaly;
202609;AREA 4;MALUKU DAN PAPUA;TIMIKA;TIM;AOk4260701060528499688ac0;0;Anomaly;
202609;AREA 4;SULAWESI;PARE-PARE;MAJ;AOi4260702023520927065700;1;Anomaly;
202609;AREA 4;SULAWESI;MANADO;TMH;AOi426072803373745456f270;0;Anomaly;
202609;AREA 1;SUMBAGUT;PEMATANG SIANTAR;PMS;AOi426071112592722035b700;0;Anomaly;
202609;AREA 1;SUMBAGSEL;PANGKAL PINANG;MGR;AOi426073111173862838c0f0;0;Anomaly;
202609;AREA 3;JATENG-DIY;YOGYAKARTA;GOD;AOi4260706033031148ce1830;1;Anomaly;
202609;AREA 1;SUMBAGUT;BANDA ACEH;SGI;AOi4260715041252353a55a00;0;Anomaly;
202609;AREA 4;KALIMANTAN;PONTIANAK;SAO;AOi4260707021506377b58f10;0;Anomaly;
202609;AREA 3;JATENG-DIY;SEMARANG;PEC;AOi42607221042028015f03f0;1;Anomaly;
202609;AREA 3;BALI NUSRA;KUPANG;TNA;AOi4260729031853170b0d270;0;Anomaly;
202609;AREA 1;SUMBAGUT;PADANG SIDEMPUAN;PND;AOk4260713034312813017530;0;Anomaly;
202609;AREA 3;BALI NUSRA;KUPANG;BAA;AOk42607301252232705c3030;1;Anomaly;
202609;AREA 1;SUMBAGTENG;PADANG;BDT;AOi426072607194547534a610;1;Anomaly;
202609;AREA 3;JATENG-DIY;PEKALONGAN;BTG;AOi4260729103602122b39790;0;Anomaly;
202609;AREA 4;KALIMANTAN;TARAKAN;SNY;AOi42607061245358563da0f0;0;Anomaly;
202609;AREA 4;MALUKU DAN PAPUA;AMBON;TUA;AOi4260701023628044b2cbc0;1;Anomaly;
202609;AREA 4;SULAWESI;KENDARI;MDG;AOi42607250218254101b79b0;1;Anomaly;
202609;AREA 3;JATENG-DIY;MAGELANG;MGE;AOi42607251244212546309a0;0;Anomaly;
202609;AREA 4;SULAWESI;KENDARI;MDG;AOi4260724034443873e13db0;1;Anomaly;
202609;AREA 4;KALIMANTAN;BALIKPAPAN;GSA;AOk4260704105701519fb1940;0;Anomaly;
202609;AREA 4;MALUKU DAN PAPUA;JAYAPURA;SNI;AOi4260728023202749b450f0;0;Anomaly;
202609;AREA 1;SUMBAGUT;WESTERN MEDAN;KSG;AOi426071810272079059b920;0;Anomaly;
202609;AREA 4;KALIMANTAN;SAMARINDA;SBR;AOi42607251202495950c2510;0;Anomaly;
202609;AREA 2;JABAR;TASIKMALAYA;BNJ;AOi42607040840489137f9570;1;Anomaly;
202609;AREA 4;KALIMANTAN;TARAKAN;NNK;AOi4260716113303537f9b670;0;Anomaly;
202609;AREA 3;JATIM;SIDOARJO;MOJ;AOi42607311044239977f4e50;1;Anomaly;
202609;AREA 1;SUMBAGUT;CENTRAL MEDAN;PDB;AOs3260718041300985263420;0;Anomaly;
202609;AREA 3;BALI NUSRA;DENPASAR;BLI;AOi4260714040323544c8ee90;1;Anomaly;
202609;AREA 1;SUMBAGSEL;LAMPUNG;KDT;AOi4260725010555876f62040;1;Anomaly;
202609;AREA 3;BALI NUSRA;KUPANG;WGP;AOi4260725011247969b83fe0;0;Anomaly;
202609;AREA 4;MALUKU DAN PAPUA;AMBON;TUA;AOk4260713095232637b2c790;1;Anomaly;
202609;AREA 2;EASTERN JABOTABEK;BOGOR;PPG;AOi4260715061503358938fb0;1;Anomaly;
202609;AREA 3;BALI NUSRA;DENPASAR;UBN;AOi426072611442292481bb30;0;Anomaly;
202609;AREA 3;BALI NUSRA;DENPASAR;KLM;AOi4260630104626407f148b0;0;Anomaly;
202609;AREA 3;JATENG-DIY;PEKALONGAN;PML;AOi426073109224858672be00;0;Anomaly;
202609;AREA 4;KALIMANTAN;BALIKPAPAN;GSA;AOi4260713011341956986470;1;Anomaly;
202609;AREA 1;SUMBAGSEL;LAMPUNG;TJK;AOb0260708125534359e0f360;0;Anomaly;
202609;AREA 4;KALIMANTAN;SAMARINDA;STT;AOi4260728080343134b85c90;0;Anomaly;
202609;AREA 4;KALIMANTAN;PONTIANAK;SNW;AOi4260706085019695d49010;0;Anomaly;
202609;AREA 4;SULAWESI;KENDARI;MDG;AOi42607300226294356ba610;1;Anomaly;
202609;AREA 2;JABAR;SOREANG;MJY;AOi4260721110307749b92270;1;Anomaly;
202609;AREA 4;SULAWESI;KENDARI;PMA;AOb02607281243118204704b0;1;Anomaly;
202609;AREA 3;JATIM;MALANG;BLB;AOi42607271144301172d2430;1;Anomaly;
202609;AREA 3;BALI NUSRA;KUPANG;WGP;AOi426070709410507942e4d0;1;Anomaly;
202609;AREA 3;BALI NUSRA;KUPANG;WGP;AOi4260707095351531e0f430;0;Anomaly;
202609;AREA 1;SUMBAGUT;RANTAU PRAPAT;KPI;AOi4260721081931189fb67d0;0;Anomaly;
202609;AREA 3;JATENG-DIY;MAGELANG;SWT;AOi426072004335786155ada0;1;Anomaly;
202609;AREA 3;BALI NUSRA;KUPANG;WGP;AOi4260706071856086c13900;0;Anomaly;
202609;AREA 3;BALI NUSRA;KUPANG;WGP;AOi4260707084711932280570;1;Anomaly;
202609;AREA 1;SUMBAGUT;WESTERN MEDAN;KUL;AOi4260722023337549f1c6d0;0;Anomaly;
202609;AREA 3;JATENG-DIY;PURWOKERTO;PWT;AOi42607180754484638cea30;0;Anomaly;
202609;AREA 3;JATENG-DIY;YOGYAKARTA;BTL;AOi1260711110335194682a50;1;Anomaly;
202609;AREA 1;SUMBAGSEL;LAMPUNG;KDT;AOi42607061231182685f2290;0;Anomaly;
202609;AREA 4;SULAWESI;GORONTALO;TLG;AOi4260713040249015ef8cf0;1;Anomaly;
202609;AREA 4;KALIMANTAN;PONTIANAK;SGU;AOi4260718043555964c48050;0;Anomaly;
202609;AREA 1;SUMBAGTENG;PEKANBARU;PKR;AOi426072005543529581dd20;1;Anomaly;
202609;AREA 4;KALIMANTAN;PALANGKARAYA;BNT;AOi4260729094131990e98270;0;Anomaly;
202609;AREA 3;JATENG-DIY;SURAKARTA;KRT;AOi42607220837396984db170;0;Anomaly;
202609;AREA 1;SUMBAGSEL;LAMPUNG;TJK;AOi426070911450431552f4d0;0;Anomaly;
202609;AREA 1;SUMBAGUT;PADANG SIDEMPUAN;GST;AOi4260709104721681e8c020;0;Anomaly;
202609;AREA 4;SULAWESI;PALU;DGL;AOi42607090112080692f7810;0;Anomaly;
202609;AREA 4;KALIMANTAN;TARAKAN;TRK;AOi4260730013045382f87c90;0;Anomaly;
202609;AREA 4;SULAWESI;KENDARI;MDG;AOi426071501465250139b480;1;Anomaly;
202609;AREA 4;KALIMANTAN;SAMARINDA;SGK;AOi12607100657186657d6a10;0;Anomaly;
202609;AREA 4;SULAWESI;KENDARI;MDG;AOi42607240130109304ec5c0;0;Anomaly;
202609;AREA 1;SUMBAGTENG;PADANG;KJI;AOk4260713111936479f8b110;0;Anomaly;
202609;AREA 2;CENTRAL JABOTABEK;SOUTHERN JAKARTA;KAL;AOi4260703024306189bca400;0;Anomaly;
202609;AREA 3;JATIM;SIDOARJO;TPO;AOi4260723053027404873720;0;Anomaly;
202609;AREA 4;KALIMANTAN;PONTIANAK;ANJ;AOi42607180239571408ba420;1;Anomaly;
202609;AREA 2;JABAR;SOREANG;BJA;AOi4260731122844987ac0200;1;Anomaly;
202609;AREA 3;JATIM;LAMONGAN;GSK;PDAk4260718082346156b67d70;1;Anomaly;-44,00
202609;AREA 2;JABAR;BANDUNG;UBR;AOi4260712010322598f855c0;0;Anomaly;
202609;AREA 1;SUMBAGUT;CENTRAL MEDAN;PDB;AOs32607051137166290965c0;0;Anomaly;
202609;AREA 1;SUMBAGTENG;PEKANBARU;PBB;AOi4260718115548302278790;1;Anomaly;
202609;AREA 2;WESTERN JABOTABEK;TANGERANG;CPA;AOs3260724040042181bca850;1;Anomaly;
202609;AREA 1;SUMBAGTENG;PEKANBARU;PBB;AOi4260721072051499bd1000;0;Anomaly;
202609;AREA 4;SULAWESI;GORONTALO;GTL;AOk42607270107385715bc770;1;Anomaly;
202609;AREA 3;BALI NUSRA;DENPASAR;UBN;AOi42607180202306912a9ec0;0;Anomaly;
202609;AREA 4;SULAWESI;KENDARI;MDG;AOi4260701030437262dbd760;1;Anomaly;
202609;AREA 1;SUMBAGSEL;JAMBI;KOA;AOi4260711093142673b87670;0;Anomaly;
202609;AREA 2;CENTRAL JABOTABEK;NORTHERN JAKARTA;KLG;AOb02607011129183080e17d0;1;Anomaly;
202609;AREA 1;SUMBAGTENG;BATAM;SKN;AOs3260721053844794d91ca0;1;Anomaly;
202609;AREA 1;SUMBAGUT;WESTERN MEDAN;KSG;PDAk4260725115651135036ed0;1;Anomaly;
202609;AREA 3;BALI NUSRA;MATARAM;DMP;AOi42607230751315187844e0;1;Anomaly;
202609;AREA 4;KALIMANTAN;BANJARMASIN;KDG;AOi42607151038268813dc600;1;Anomaly;
202609;AREA 1;SUMBAGUT;WESTERN MEDAN;BJI;AOi4260702022407535c3c4f0;0;Anomaly;
202609;AREA 4;SULAWESI;MAKASSAR;MAT;AOk426071712501637894e090;0;Anomaly;
202609;AREA 4;SULAWESI;PALU;KOL;AOi4260712035409960e261c0;1;Anomaly;
202609;AREA 4;SULAWESI;KENDARI;BBU;AOi4260726023057900c3ab60;0;Anomaly;
202609;AREA 1;SUMBAGUT;BANDA ACEH;DAR;AOi126071910480763242ecc0;1;Anomaly;
202609;AREA 3;BALI NUSRA;MATARAM;SGG;AOi42607110732519264c9840;1;Anomaly;-20,50
202609;AREA 2;JABAR;BANDUNG;CJR;AOk426071810095875979a020;0;Comply;-23,69
202609;AREA 1;SUMBAGUT;CENTRAL MEDAN;DLT;AOi4260731125357749caf5e0;0;Anomaly;
202609;AREA 2;EASTERN JABOTABEK;BOGOR;CLS;AOs3260729085941156232e30;0;Anomaly;
202609;AREA 4;MALUKU DAN PAPUA;AMBON;TUA;AOi4260730022103684443a80;1;Anomaly;
202609;AREA 4;SULAWESI;KENDARI;MDG;AOk42607301050261958174d0;0;Anomaly;
202609;AREA 1;SUMBAGTENG;PADANG;BGS;AOi42607011103027230a7660;1;Anomaly;
202609;AREA 4;SULAWESI;MANADO;BAH;AOi4260713034826372b49b80;1;Anomaly;
202609;AREA 3;BALI NUSRA;MATARAM;MTR;AOi4260716050936221b8aeb0;1;Anomaly;
202609;AREA 1;SUMBAGUT;CENTRAL MEDAN;SPM;AOi426071603580795560d0d0;0;Anomaly;
202609;AREA 1;SUMBAGTENG;PADANG;ULK;AOk426071012162356722d070;1;Anomaly;
202609;AREA 4;KALIMANTAN;BANJARMASIN;PGT;AOi4260630045544738412420;0;Anomaly;
202609;AREA 1;SUMBAGUT;CENTRAL MEDAN;TMU;AOi4260709101105398c00120;0;Anomaly;
202609;AREA 4;SULAWESI;PALU;LWU;AOi1260725061022665f73720;1;Anomaly;
202609;AREA 2;JABAR;BANDUNG;LBG;AOi42607041049143822cfcf0;1;Anomaly;
202609;AREA 1;SUMBAGTENG;PEKANBARU;PBB;AOi4260705115108812cfd150;1;Anomaly;
202609;AREA 4;KALIMANTAN;PALANGKARAYA;BNT;AOk4260702111518894fde720;1;Anomaly;
202609;AREA 1;SUMBAGTENG;BUKIT TINGGI;PPJ;AOi426071402454685951b040;0;Anomaly;
202609;AREA 3;JATENG-DIY;YOGYAKARTA;PKM;AOk4260721074734378142df0;1;Anomaly;
202609;AREA 3;JATENG-DIY;SEMARANG;JWN;AOi42607260328314558af840;1;Anomaly;
202609;AREA 4;SULAWESI;MANADO;TUT;AOi42607070556313952b9200;0;Anomaly;-27,45
202609;AREA 3;BALI NUSRA;DENPASAR;UBN;AOi42607120806556733ab7a0;0;Anomaly;
202609;AREA 4;KALIMANTAN;PANGKALAN BUN;KTP;AOi4260726054419640941dd0;1;Anomaly;
202609;AREA 1;SUMBAGTENG;BUKIT TINGGI;PYK;AOi4260701085051257b2ccd0;1;Anomaly;
202609;AREA 2;CENTRAL JABOTABEK;NORTHERN JAKARTA;PDM;AOk426072004074685860d8c0;0;Anomaly;
202609;AREA 1;SUMBAGUT;WESTERN MEDAN;STB;AOi426071810344852712e9c0;0;Anomaly;
202609;AREA 2;WESTERN JABOTABEK;SERANG;SEG;AOk4260731095453523e55210;1;Anomaly;
202609;AREA 1;SUMBAGTENG;PADANG;ULK;AOi4260713011026362d8ec70;1;Anomaly;
202609;AREA 4;SULAWESI;KENDARI;BBU;AOi4260716093247691455070;0;Anomaly;
202609;AREA 4;KALIMANTAN;BANJARMASIN;STI;AOi42607260950523920a01f0;0;Anomaly;
202609;AREA 4;MALUKU DAN PAPUA;JAYAPURA;ABE;AOi42607291139551479a7d20;0;Anomaly;
202609;AREA 3;JATENG-DIY;MAGELANG;MGE;AOi12607050641045669ea950;0;Anomaly;
202609;AREA 2;JABAR;BANDUNG;LBG;AOi4260719103928784c893a0;1;Anomaly;
202609;AREA 1;SUMBAGSEL;LAMPUNG;LKP;AOi426070106245855734ccb0;1;Anomaly;
202609;AREA 1;SUMBAGTENG;BUKIT TINGGI;MIN;AOi4260709082340648698300;1;Anomaly;
202609;AREA 1;SUMBAGUT;BANDA ACEH;GEU;AOs3260720033735658acde00;0;Anomaly;
202609;AREA 4;MALUKU DAN PAPUA;SORONG;MWR;AOi42607251144458196e5820;1;Anomaly;
202609;AREA 1;SUMBAGSEL;LAMPUNG;KLR;AOi4260714114810757575690;1;Anomaly;
202609;AREA 3;JATIM;LAMONGAN;SMJ;AOi42607141009044664a9350;1;Anomaly;
202609;AREA 3;BALI NUSRA;MATARAM;BIM;AOi4260722021525356029380;1;Anomaly;
202609;AREA 4;SULAWESI;KENDARI;MDG;AOi42607150220145295fc630;1;Anomaly;
202609;AREA 4;SULAWESI;BONE;WTP;AOi4260725062031054b9cba0;0;Anomaly;
202609;AREA 4;KALIMANTAN;PANGKALAN BUN;PEA;AOi42607040911153648a1560;0;Anomaly;
202609;AREA 3;BALI NUSRA;DENPASAR;NGR;AOi4260726023908219fcce40;1;Anomaly;
202609;AREA 2;JABAR;BANDUNG;GGK;AOi426072502053487048f640;1;Anomaly;
202609;AREA 1;SUMBAGSEL;JAMBI;BKO;AOi42607190223574195cdc70;1;Anomaly;
202609;AREA 3;JATIM;LAMONGAN;GSK;AOi42607060810542848c5e20;1;Anomaly;
202609;AREA 1;SUMBAGTENG;PEKANBARU;ARK;AOi426072202253330001d3c0;1;Anomaly;
202609;AREA 1;SUMBAGTENG;BUKIT TINGGI;LBA;AOi42607100319445088cf4b0;1;Anomaly;
202609;AREA 3;JATIM;JEMBER;BKI;AOi42607251137525479a9cd0;1;Anomaly;
202609;AREA 4;KALIMANTAN;BANJARMASIN;AMT;AOi4260729063959698ea7310;0;Anomaly;
202609;AREA 4;KALIMANTAN;SAMARINDA;STT;AOi42607270717430505d9190;0;Anomaly;
202609;AREA 1;SUMBAGSEL;LAMPUNG;KDT;AOi4260720040528318884160;1;Anomaly;
202609;AREA 4;KALIMANTAN;PALANGKARAYA;PLK;AOs3260712040347345c11e00;0;Comply;-36,01
202609;AREA 1;SUMBAGTENG;PEKANBARU;ARK;AOi42607220258247774e4f80;1;Anomaly;
202609;AREA 3;JATENG-DIY;PEKALONGAN;PKL;AOi42607171057366915a0580;0;Anomaly;
202609;AREA 1;SUMBAGTENG;BUKIT TINGGI;SCC;AOi42607091210168047f26e0;0;Anomaly;
202609;AREA 2;CENTRAL JABOTABEK;SOUTHERN JAKARTA;BIN;AOi4260726023144302fac080;1;Anomaly;
202609;AREA 1;SUMBAGSEL;LAMPUNG;TJK;AOi4260701083913988748250;1;Anomaly;
202609;AREA 1;SUMBAGSEL;JAMBI;BKO;AOi4260725020416306025a50;1;Anomaly;
202609;AREA 4;SULAWESI;PALU;PLB;AOs326071206103684216ded0;1;Anomaly;
202609;AREA 4;SULAWESI;MAKASSAR;JNP;AOi4260704080110966f7c390;1;Anomaly;
202609;AREA 4;SULAWESI;PARE-PARE;MAJ;AOi4260703124218542484b30;1;Anomaly;
202609;AREA 2;WESTERN JABOTABEK;TANGERANG;TAN;AOs32607181151597352b61a0;1;Anomaly;
202609;AREA 4;KALIMANTAN;PALANGKARAYA;MTW;AOi42607070720591894419c0;0;Anomaly;
202609;AREA 4;SULAWESI;PALU;LWU;AOi4260725011740952c846d0;1;Anomaly;
202609;AREA 1;SUMBAGUT;CENTRAL MEDAN;TMU;AOi426070907431966290f330;0;Anomaly;
202609;AREA 3;JATENG-DIY;SEMARANG;KUD;AOi4260727013221110c95060;1;Anomaly;
202609;AREA 1;SUMBAGSEL;JAMBI;TTJ;AOi4260715124036357452790;1;Anomaly;
202609;AREA 4;KALIMANTAN;PONTIANAK;SDR;AOi4260716011001661aca820;0;Anomaly;
202609;AREA 2;CENTRAL JABOTABEK;NORTHERN JAKARTA;PDM;AOi4260723043358733155250;0;Anomaly;
202609;AREA 1;SUMBAGSEL;BENGKULU;PGA;AOi12607260639152263a0de0;0;Anomaly;
202609;AREA 2;CENTRAL JABOTABEK;NORTHERN JAKARTA;TPR;AOi4260712084423430035cf0;1;Anomaly;1,08
202609;AREA 1;SUMBAGUT;RANTAU PRAPAT;RAP;AOi426071511091793651c1d0;0;Anomaly;
202609;AREA 2;CENTRAL JABOTABEK;NORTHERN JAKARTA;MRY;AOi42607161031419764af900;1;Anomaly;13,78
202609;AREA 3;JATIM;SIDOARJO;SDN;AOi42607211003289815da6c0;1;Anomaly;
202609;AREA 4;SULAWESI;PALU;PLB;AOi4260709084014742c74f80;1;Anomaly;
202609;AREA 1;SUMBAGTENG;BUKIT TINGGI;HRU;AOi4260713054449496499240;1;Anomaly;
202609;AREA 1;SUMBAGUT;PADANG SIDEMPUAN;PND;AOi426070601302481724c770;0;Comply;-20,33
202609;AREA 4;SULAWESI;MANADO;SFI;AOi42607310139560625914c0;0;Anomaly;
202609;AREA 2;WESTERN JABOTABEK;SERANG;LGK;AOi4260711110125310cce470;0;Anomaly;
202609;AREA 1;SUMBAGSEL;PALEMBANG;MUD;AOi4260713050457300546d00;1;Anomaly;
202609;AREA 1;SUMBAGTENG;BATAM;SLU;AOi4260726101854225d70f40;1;Anomaly;
202609;AREA 3;JATIM;SURABAYA;BKL;AOi4260722025425946434360;1;Anomaly;
202609;AREA 2;JABAR;BANDUNG;LBG;AOi426072901101984509e3a0;0;Anomaly;
202609;AREA 4;MALUKU DAN PAPUA;AMBON;PAO;AOi42607301130027707e26d0;1;Anomaly;
202609;AREA 1;SUMBAGTENG;BATAM;BTC;AOi426072911114656910bdc0;1;Anomaly;
202609;AREA 3;BALI NUSRA;DENPASAR;GIN;AOi4260704094416657c2e880;1;Anomaly;
202609;AREA 2;JABAR;BANDUNG;TRG;AOk4260710060034049596730;0;Anomaly;
202609;AREA 3;JATENG-DIY;SURAKARTA;KLX;AOi4260708104009282e2e700;1;Anomaly;
202609;AREA 1;SUMBAGUT;BANDA ACEH;LOA;AOi42607140857411651cd490;0;Anomaly;
202609;AREA 3;BALI NUSRA;DENPASAR;SRR;AOi42607280222221274ed240;1;Anomaly;
202609;AREA 4;SULAWESI;KENDARI;MDG;AOs3260725091600433b17f50;1;Anomaly;
202609;AREA 3;BALI NUSRA;MATARAM;SWE;AOi42607030141523555d5d30;1;Anomaly;
202609;AREA 4;SULAWESI;MAKASSAR;PKN;AOi4260701020233971d73680;0;Anomaly;
202609;AREA 2;WESTERN JABOTABEK;SERANG;RKS;AOi42607150432071326fc2d0;0;Anomaly;
202609;AREA 2;CENTRAL JABOTABEK;SOUTHERN JAKARTA;KAL;AOi126072612004768223d690;1;Anomaly;
202609;AREA 4;SULAWESI;MAKASSAR;PNK;AOk42607230337549277f99a0;0;Anomaly;
202609;AREA 4;KALIMANTAN;TARAKAN;TRD;AOi1260715083538854527170;1;Anomaly;
202609;AREA 4;KALIMANTAN;PONTIANAK;SNW;AOk4260721113909436bfd090;0;Anomaly;
202609;AREA 2;CENTRAL JABOTABEK;SOUTHERN JAKARTA;PDK;PDAk4260717082526017156630;1;Anomaly;
202609;AREA 1;SUMBAGSEL;LAMPUNG;TJK;AOi42606300317238412f42e0;0;Anomaly;
202609;AREA 3;BALI NUSRA;KUPANG;TNA;AOi42607270850024110da9b0;0;Comply;-2,92
202609;AREA 2;JABAR;BANDUNG;RJW;AOs3260722085413864a45ea0;1;Anomaly;
202609;AREA 3;JATENG-DIY;PEKALONGAN;SBA;AOi42607110825367320a58d0;0;Anomaly;
202609;AREA 1;SUMBAGTENG;PADANG;TLB;AOi42607140228201145de760;1;Anomaly;
202609;AREA 3;JATIM;MALANG;KPO;AOi4260723063104458ce1710;0;Anomaly;
202609;AREA 3;BALI NUSRA;DENPASAR;UBN;AOi426072401282171268e830;1;Anomaly;
202609;AREA 1;SUMBAGTENG;PADANG;BDT;AOi42607050741128854d76c0;0;Anomaly;
202609;AREA 4;MALUKU DAN PAPUA;SORONG;SON;AOi42607081134008960d5fa0;1;Anomaly;
202609;AREA 4;SULAWESI;MANADO;TNT;AOs32607150406595990798f0;0;Anomaly;
202609;AREA 4;MALUKU DAN PAPUA;SORONG;SON;AOi4260727021724721629750;0;Anomaly;
202609;AREA 2;JABAR;BANDUNG;RJW;AOi4260715075050259d58540;1;Anomaly;
202609;AREA 3;JATIM;SIDOARJO;TPO;AOi42607210424254377f9f70;0;Anomaly;
202609;AREA 3;JATENG-DIY;SURAKARTA;KTO;AOk4260706083836998604c00;1;Anomaly;-69,90
202609;AREA 3;JATIM;SIDOARJO;TPO;AOi426072608432543172c360;1;Anomaly;
202609;AREA 2;JABAR;BANDUNG;RJW;AOi4260720044707469a7b3a0;1;Anomaly;
202609;AREA 3;BALI NUSRA;MATARAM;SGG;AOi42606260804281424b7300;1;Anomaly;
202609;AREA 3;JATENG-DIY;SURAKARTA;TRO;AOk4260703012102407684be0;1;Anomaly;
202609;AREA 3;BALI NUSRA;KUPANG;BEN;AOi4260712024257013782a70;1;Anomaly;
202609;AREA 1;SUMBAGUT;WESTERN MEDAN;BJI;AOi4260702022407535c3c4f0;1;Anomaly;
202609;AREA 1;SUMBAGUT;CENTRAL MEDAN;CTD;AOi426071210203047549d630;0;Anomaly;
202609;AREA 4;KALIMANTAN;SAMARINDA;SBR;AOi426072512230729768e0d0;0;Anomaly;
202609;AREA 3;BALI NUSRA;KUPANG;KPN;AOi4260720094512513174f90;0;Anomaly;
202609;AREA 1;SUMBAGSEL;BENGKULU;SPP;AOi42607061034240639e6e80;1;Anomaly;
202609;AREA 4;SULAWESI;MANADO;TOB;AOi1260707033542572c37550;1;Anomaly;
202609;AREA 1;SUMBAGUT;CENTRAL MEDAN;TMU;AOi42607060845291866f7c30;0;Anomaly;
202609;AREA 3;BALI NUSRA;DENPASAR;SMY;AOi4260707041314090d02e60;0;Anomaly;
202609;AREA 2;JABAR;SOREANG;SMD;AOi4260725064142085092b70;1;Anomaly;
202609;AREA 4;MALUKU DAN PAPUA;AMBON;PAO;AOi42607171132380712b1200;1;Anomaly;
202609;AREA 1;SUMBAGTENG;PADANG;SLK;AOi4260729053049343240cd0;1;Anomaly;
202609;AREA 4;KALIMANTAN;TARAKAN;JWT;PDAk4260706022647958475760;0;Anomaly;
202609;AREA 3;BALI NUSRA;KUPANG;KEF;AOi42607050557462604b8070;1;Anomaly;
202609;AREA 4;KALIMANTAN;PONTIANAK;STA;AOi42607200140364347e92b0;0;Anomaly;
202609;AREA 4;SULAWESI;PARE-PARE;PLP;AOk42607231235174981789f0;0;Anomaly;
202609;AREA 2;WESTERN JABOTABEK;TANGERANG;CPD;AOs32607141002148664d7770;0;Anomaly;
202609;AREA 4;SULAWESI;MANADO;TUT;AOi4260706014506279a015c0;0;Anomaly;
202609;AREA 1;SUMBAGTENG;BUKIT TINGGI;PAM;AOi42607180237391038607a0;1;Anomaly;
202609;AREA 3;JATENG-DIY;PEKALONGAN;RDD;AOi426072804250444642d990;0;Anomaly;
202609;AREA 1;SUMBAGSEL;PALEMBANG;MPA;AOi4260713065830968a8b360;0;Anomaly;
202609;AREA 4;MALUKU DAN PAPUA;AMBON;PAO;AOk4260703083859658713230;1;Anomaly;
202609;AREA 1;SUMBAGTENG;BUKIT TINGGI;PAM;AOi4260702104943288cb7590;1;Anomaly;
202609;AREA 1;SUMBAGTENG;PADANG;PDC;AOi4260630031959281f49dc0;1;Anomaly;
202609;AREA 2;WESTERN JABOTABEK;SERANG;RKS;AOi4260707045055169d49e20;0;Anomaly;
202609;AREA 2;JABAR;BANDUNG;PDL;AOk4260711012624152ed1680;1;Anomaly;
202609;AREA 4;SULAWESI;MAKASSAR;BAR;AOi42607260922352040f2dd0;0;Anomaly;
202609;AREA 2;CENTRAL JABOTABEK;NORTHERN JAKARTA;KDY;AOi4260711060939060af75b0;0;Anomaly;
202609;AREA 1;SUMBAGSEL;LAMPUNG;TJK;AOi42607060855514882e4ae0;0;Anomaly;
202609;AREA 2;JABAR;BANDUNG;TRG;AOi4260721065923717fb27a0;1;Anomaly;2,41
202609;AREA 1;SUMBAGTENG;DUMAI;DRI;AOi4260702111609159c86c60;1;Anomaly;
202609;AREA 4;KALIMANTAN;PANGKALAN BUN;PBU;AOi4260729021812002d5f6f0;0;Anomaly;
202609;AREA 2;EASTERN JABOTABEK;BOGOR;CLS;AOs32607160334459364d3c60;0;Anomaly;
202609;AREA 1;SUMBAGUT;CENTRAL MEDAN;GLG;AOi42607260659470306b0a60;0;Anomaly;
202609;AREA 4;MALUKU DAN PAPUA;AMBON;NML;AOi42607240911336791be720;1;Anomaly;
202609;AREA 3;JATENG-DIY;PURWOKERTO;SDJ;AOi426070404205223005d2f0;0;Anomaly;
202609;AREA 4;SULAWESI;PARE-PARE;MMS;AOi4260724125728613c66830;1;Anomaly;
202609;AREA 2;EASTERN JABOTABEK;BOGOR;TJO;AOi42607030314170839dd630;0;Comply;-0,28
202609;AREA 1;SUMBAGUT;CENTRAL MEDAN;PDB;AOi4260726101826261d244a0;1;Anomaly;
202609;AREA 3;BALI NUSRA;DENPASAR;NSD;AOi4260725032940366e15900;0;Anomaly;
202609;AREA 1;SUMBAGSEL;PANGKAL PINANG;TJN;AOi4260711063923911049440;0;Anomaly;
202609;AREA 2;JABAR;SOREANG;SOR;AOi4260727035657562d8c7b0;1;Anomaly;
202609;AREA 1;SUMBAGTENG;PADANG;BLS;AOi4260721022100683c8b5c0;1;Anomaly;
202609;AREA 1;SUMBAGSEL;LAMPUNG;MET;AOi4260717043845474b82200;1;Anomaly;
202609;AREA 3;JATENG-DIY;YOGYAKARTA;KEN;PDAk426063011510033070d960;0;Anomaly;
202609;AREA 4;SULAWESI;MAKASSAR;PNK;AOi4260725024730884801690;0;Anomaly;
202609;AREA 4;KALIMANTAN;PONTIANAK;STA;AOi4260727024402428303290;1;Anomaly;
202609;AREA 2;JABAR;BANDUNG;LBG;AOi426071511413515661f420;1;Anomaly;
202609;AREA 3;JATIM;SURABAYA;MGO;AOi4260727110512272346910;0;Comply;-17,86
202609;AREA 4;SULAWESI;MAKASSAR;MAT;AOi4260727025841778682660;0;Anomaly;
202609;AREA 4;SULAWESI;KENDARI;MDG;AOi426071612342498499a370;0;Anomaly;
202609;AREA 4;MALUKU DAN PAPUA;JAYAPURA;WAE;AOk4260730105744605c1b000;0;Anomaly;
202609;AREA 4;KALIMANTAN;PANGKALAN BUN;KTP;AOi4260710052948791941dd0;1;Anomaly;
202609;AREA 1;SUMBAGUT;WESTERN MEDAN;KSG;PDAk4260725115651135036ed0;1;Anomaly;
202609;AREA 4;KALIMANTAN;BANJARMASIN;PLE;AOi4260724081749093fff5a0;0;Anomaly;
202609;AREA 1;SUMBAGSEL;LAMPUNG;TJK;AOi42607291241130446c2cc0;1;Anomaly;
202609;AREA 3;JATIM;MALANG;BLB;AOi4260729114219897a9f0f0;1;Anomaly;
202609;AREA 1;SUMBAGTENG;BUKIT TINGGI;SIR;AOi4260706073554467add190;1;Anomaly;
202609;AREA 3;JATIM;SURABAYA;MGO;AOi42607061208374622c9990;1;Anomaly;
202609;AREA 2;EASTERN JABOTABEK;KARAWANG;CIK;AOi4260723020706959828b70;1;Anomaly;-14,44
202609;AREA 4;SULAWESI;PALU;PLA;AOi4260727011019596600c10;1;Anomaly;
202609;AREA 1;SUMBAGTENG;DUMAI;DRI;AOk426070909270709359a8b0;1;Anomaly;
202609;AREA 3;BALI NUSRA;FLORES;LBO;AOk426070610173357696ec90;1;Anomaly;
202609;AREA 1;SUMBAGUT;CENTRAL MEDAN;TJM;AOi426071506381409060cd60;0;Anomaly;
202609;AREA 4;SULAWESI;BONE;WTP;AOi42607010159492475ac3a0;1;Anomaly;
202609;AREA 4;KALIMANTAN;SAMARINDA;LOB;AOi4260702090628426e83220;1;Anomaly;
202609;AREA 4;MALUKU DAN PAPUA;AMBON;ABO;AOi42607250852319490cf2a0;1;Anomaly;
202609;AREA 1;SUMBAGTENG;BATAM;SKN;PDAk42607080307481198c4c20;1;Anomaly;
202609;AREA 1;SUMBAGSEL;LAMPUNG;KDT;AOi4260714122230242104ec0;0;Anomaly;
202609;AREA 4;MALUKU DAN PAPUA;TIMIKA;KUK;PDAk4260701013154475b0dc40;1;Anomaly;
202609;AREA 1;SUMBAGTENG;PADANG;BLS;AOi4260725033530856a67990;0;Anomaly;
202609;AREA 4;KALIMANTAN;SAMARINDA;SMR;AOi4260712124706652f0fcf0;0;Anomaly;
202609;AREA 2;JABAR;BANDUNG;PDL;AOi42607020154298257b7740;1;Anomaly;
202609;AREA 3;BALI NUSRA;DENPASAR;UBN;AOi4260715011513132ff00f0;0;Anomaly;
202609;AREA 1;SUMBAGTENG;BATAM;KMS;AOi4260728045044488245af0;1;Anomaly;
202609;AREA 4;SULAWESI;PALU;PLW;AOb0260706053257281d59ee0;0;Anomaly;
202609;AREA 3;BALI NUSRA;DENPASAR;SGR;AOi4260723052918581e113b0;1;Anomaly;
202609;AREA 2;EASTERN JABOTABEK;BEKASI;KLB;PDAk42607030941538320b2030;0;Comply;-19,58
202609;AREA 3;JATENG-DIY;SURAKARTA;BLO;AOi4260729091858106370630;0;Anomaly;
202609;AREA 4;SULAWESI;MANADO;AMD;AOs3260710121139337419b70;0;Anomaly;
202609;AREA 3;JATENG-DIY;SURAKARTA;KRT;AOi4260714041138608e908f0;1;Anomaly;-46,94
202609;AREA 2;CENTRAL JABOTABEK;NORTHERN JAKARTA;PDM;AOi42607231043026950b1d30;1;Anomaly;
202609;AREA 2;JABAR;BANDUNG;CMI;AOi426072801152487169d610;1;Anomaly;
202609;AREA 1;SUMBAGUT;BANDA ACEH;MBO;AOi42607021003054043f9130;0;Anomaly;
202609;AREA 1;SUMBAGTENG;BUKIT TINGGI;BSK;AOi4260705063908487235830;1;Anomaly;
202609;AREA 1;SUMBAGTENG;PADANG;KJI;AOi4260706082050966e652e0;1;Anomaly;
202609;AREA 2;JABAR;TASIKMALAYA;CKJ;AOi4260722073353402216380;1;Anomaly;
202609;AREA 1;SUMBAGUT;BANDA ACEH;BNN;AOi4260705022014592228080;0;Anomaly;
202609;AREA 2;JABAR;BANDUNG;PDL;PDAk426072611151866505c950;1;Anomaly;
202609;AREA 1;SUMBAGUT;WESTERN MEDAN;LGS;AOi42607241010295813f2330;0;Anomaly;
202609;AREA 1;SUMBAGSEL;LAMPUNG;TJK;AOs3260720102324406b3b220;0;Anomaly;
202609;AREA 4;KALIMANTAN;SAMARINDA;SGK;AOi426070605355953569f050;0;Anomaly;
202609;AREA 4;SULAWESI;KENDARI;UNH;AOi4260726111656221bd7d80;1;Anomaly;
202609;AREA 1;SUMBAGUT;CENTRAL MEDAN;BLW;AOi42607290338552598c7860;0;Anomaly;
202609;AREA 4;SULAWESI;MAKASSAR;SUG;AOi42607290735146778dfe30;0;Anomaly;
202609;AREA 2;JABAR;BANDUNG;UBR;AOi426072011115130878e440;0;Anomaly;
202609;AREA 4;SULAWESI;MANADO;PIK;AOi4260703105915425842e60;0;Not Comply;73,93
202609;AREA 1;SUMBAGUT;WESTERN MEDAN;PTL;AOi426070802105778424c3c0;0;Anomaly;
202609;AREA 3;JATENG-DIY;YOGYAKARTA;GOD;AOi12607040238200360c3e00;1;Anomaly;
202609;AREA 2;JABAR;BANDUNG;UBR;AOi4260715114616459d93160;1;Anomaly;
202609;AREA 1;SUMBAGUT;PEMATANG SIANTAR;PMS;AOi42607230617287747ce1a0;0;Anomaly;
202609;AREA 2;JABAR;BANDUNG;RJW;AOi4260728031438943404f80;1;Anomaly;
202609;AREA 4;KALIMANTAN;PONTIANAK;BKY;AOs3260711120658722b77140;0;Anomaly;
202609;AREA 1;SUMBAGTENG;DUMAI;PPN;AOi42607170239424981aeb10;0;Anomaly;
202609;AREA 1;SUMBAGTENG;BUKIT TINGGI;PAM;AOs3260705040514363b36210;1;Anomaly;204,04
202609;AREA 1;SUMBAGUT;WESTERN MEDAN;LGS;AOi4260718085105400415f80;0;Anomaly;
202609;AREA 1;SUMBAGSEL;BENGKULU;LLG;AOi4260725015004916f56770;1;Anomaly;
202609;AREA 3;JATIM;SURABAYA;KPS;AOi4260715014123879c32880;1;Anomaly;
202609;AREA 3;JATIM;SIDOARJO;MIP;AOi42607070917297438f88d0;0;Anomaly;
202609;AREA 2;CENTRAL JABOTABEK;NORTHERN JAKARTA;PLM;AOi42607231104212356af490;0;Anomaly;
202609;AREA 3;JATIM;MALANG;SGS;AOi4260705093708612134f50;0;Anomaly;
202609;AREA 2;JABAR;BANDUNG;LBG;AOi4260725032256212312040;1;Anomaly;
202609;AREA 2;JABAR;BANDUNG;PDL;AOi4260709085023052b41ea0;1;Anomaly;
202609;AREA 2;JABAR;SOREANG;RCK;AOi4260728033928510d78860;1;Anomaly;
202609;AREA 1;SUMBAGUT;CENTRAL MEDAN;SKI;PDAk4260701074409893da5e40;0;Comply;1,05
202609;AREA 1;SUMBAGTENG;PADANG;KJI;AOi12607020858232436c9a80;0;Anomaly;
202609;AREA 1;SUMBAGUT;PADANG SIDEMPUAN;SBG;AOi42607170423198674fb4e0;1;Anomaly;
202609;AREA 2;JABAR;BANDUNG;UBR;AOi426070906343897366a970;0;Anomaly;
202609;AREA 4;SULAWESI;BONE;SKG;AOi426071209461671887f580;1;Anomaly;
202609;AREA 2;JABAR;BANDUNG;CMI;AOi426071207045816394fdc0;1;Anomaly;
202609;AREA 2;CENTRAL JABOTABEK;NORTHERN JAKARTA;CKG;AOi42607210431348895b1810;1;Anomaly;
202609;AREA 1;SUMBAGUT;BANDA ACEH;BNA;AOi4260725102819001729d60;1;Anomaly;
202609;AREA 1;SUMBAGSEL;PANGKAL PINANG;PGP;AOi4260730034618322414ed0;0;Anomaly;
202609;AREA 1;SUMBAGSEL;JAMBI;MAB;AOi4260708092045060904860;1;Anomaly;
202609;AREA 1;SUMBAGUT;CENTRAL MEDAN;TTG;AOi42607270143468802198f0;0;Anomaly;
202609;AREA 4;MALUKU DAN PAPUA;TIMIKA;KUK;AOi12607261219404698c8b20;1;Anomaly;
202609;AREA 4;MALUKU DAN PAPUA;JAYAPURA;SNI;AOk4260724085534221006b20;0;Anomaly;
202609;AREA 1;SUMBAGTENG;BATAM;BTC;AOk42607240215353323dd8d0;1;Anomaly;
202609;AREA 4;SULAWESI;KENDARI;KDR;AOi42607150455183525a4400;0;Anomaly;
202609;AREA 1;SUMBAGTENG;PEKANBARU;PKR;AOi4260726054015109386950;0;Anomaly;
202609;AREA 1;SUMBAGTENG;BATAM;BTC;AOi4260725031946063bd63f0;0;Anomaly;
202609;AREA 2;EASTERN JABOTABEK;KARAWANG;CIK;AOi4260723020706959828b70;1;Anomaly;1,44
202609;AREA 2;CENTRAL JABOTABEK;NORTHERN JAKARTA;STR;AOi4260715071317692758fc0;1;Anomaly;-37,97
202609;AREA 1;SUMBAGSEL;JAMBI;KTL;AOi4260722042906914178940;1;Anomaly;
202609;AREA 2;EASTERN JABOTABEK;KARAWANG;KLI;AOi4260709092711864073270;1;Anomaly;
202609;AREA 4;SULAWESI;KENDARI;KKA;AOi4260723125712701d98cb0;1;Anomaly;
202609;AREA 4;SULAWESI;PALU;PLA;AOi4260725121611735562f60;1;Anomaly;
202609;AREA 2;WESTERN JABOTABEK;TANGERANG;CLD;AOs3260726031334280f4cf60;0;Anomaly;
202609;AREA 2;JABAR;BANDUNG;BTJ;AOi4260702065856950d2a2d0;1;Anomaly;
202609;AREA 4;KALIMANTAN;PANGKALAN BUN;KTP;AOi4260706013604491a8b3e0;1;Anomaly;
202609;AREA 1;SUMBAGUT;CENTRAL MEDAN;SPM;PDAk42606211133431204bc290;0;Anomaly;
202609;AREA 1;SUMBAGSEL;BENGKULU;TSS;AOi42607220733094105b0a30;1;Anomaly;
202609;AREA 4;SULAWESI;MANADO;LBH;AOi42607300222168034fee90;1;Anomaly;
202609;AREA 4;MALUKU DAN PAPUA;AMBON;PAO;AOi42607200728230038ce350;1;Anomaly;
202609;AREA 4;MALUKU DAN PAPUA;TIMIKA;TIM;AOs32607300434145234483b0;0;Anomaly;
202609;AREA 3;JATENG-DIY;PEKALONGAN;SBA;AOi42606280316129984e6ee0;1;Anomaly;
202609;AREA 1;SUMBAGTENG;PEKANBARU;PKR;AOi4260706044212498d558c0;0;Anomaly;
202609;AREA 3;BALI NUSRA;MATARAM;DMP;AOi4260730124509759020e60;0;Anomaly;
202609;AREA 4;MALUKU DAN PAPUA;SORONG;MWR;AOi4260725114505278c37a50;1;Anomaly;
202609;AREA 3;BALI NUSRA;KUPANG;OSP;AOi426070705413444534ff10;0;Anomaly;
202609;AREA 3;JATENG-DIY;YOGYAKARTA;WNS;AOi4260713104903738c5bee0;1;Anomaly;
202609;AREA 4;KALIMANTAN;PONTIANAK;SRY;AOi4260727075443563710cb0;0;Anomaly;
202609;AREA 3;JATENG-DIY;YOGYAKARTA;KEN;AOi1260714094140517826a10;0;Anomaly;
202609;AREA 4;SULAWESI;MANADO;MDO;AOi42607220153580884573b0;1;Anomaly;
202609;AREA 3;BALI NUSRA;DENPASAR;KLM;AOi4260718081047156077c20;1;Anomaly;
202609;AREA 4;MALUKU DAN PAPUA;AMBON;PAO;AOi4260718092000220de3b80;1;Anomaly;
202609;AREA 2;WESTERN JABOTABEK;SERANG;LGK;AOi1260729093515522f17e10;1;Anomaly;
202609;AREA 4;KALIMANTAN;PONTIANAK;PTK;AOi42607170701101870d99d0;1;Anomaly;
202609;AREA 3;JATIM;LAMONGAN;KDE;AOi42607090253157900679a0;0;Anomaly;
202609;AREA 2;WESTERN JABOTABEK;SERANG;CSK;AOs3260708084258579fe7030;0;Anomaly;
202609;AREA 2;WESTERN JABOTABEK;SERANG;LGK;AOk4260727112322375b3f240;1;Anomaly;
202609;AREA 4;KALIMANTAN;PANGKALAN BUN;SUA;AOi4260707031719844b4ea70;0;Anomaly;
202609;AREA 1;SUMBAGTENG;PADANG;BDT;AOi4260717041430246152620;1;Anomaly;
202609;AREA 1;SUMBAGUT;PEMATANG SIANTAR;DLS;AOi4260713103920351af76e0;0;Anomaly;
202609;AREA 1;SUMBAGTENG;DUMAI;DUM;AOk42607090304532083b9940;1;Anomaly;
202609;AREA 4;SULAWESI;PALU;PLB;AOi126073108454570591eba0;1;Anomaly;
202609;AREA 3;JATIM;MADIUN;NJK;AOi42607291008092777c6690;1;Anomaly;
202609;AREA 3;JATENG-DIY;YOGYAKARTA;KBU;AOi4260727030230057d4caf0;1;Anomaly;
202609;AREA 1;SUMBAGUT;RANTAU PRAPAT;RAP;AOi12607270827115681186f0;0;Anomaly;
202609;AREA 3;BALI NUSRA;KUPANG;KPN;AOi426071509385293102b040;0;Anomaly;
202609;AREA 3;JATENG-DIY;PURWOKERTO;MAN;AOi4260728090049990b5f310;0;Anomaly;
202609;AREA 2;JABAR;BANDUNG;TGE;AOi426071503423124984c290;1;Anomaly;0,78
202609;AREA 2;JABAR;BANDUNG;LBG;AOi4260720015435923f44890;1;Anomaly;
202609;AREA 3;JATENG-DIY;YOGYAKARTA;WNS;AOi426070608374225292a6a0;1;Anomaly;
202609;AREA 1;SUMBAGSEL;LAMPUNG;KDT;AOi4260716060609049f21a90;1;Anomaly;
202609;AREA 1;SUMBAGUT;WESTERN MEDAN;KUL;AOi4260717014631275c33d30;0;Anomaly;
202609;AREA 4;KALIMANTAN;BANJARMASIN;ULI;AOs3260717083951331748620;0;Anomaly;
202609;AREA 4;SULAWESI;KENDARI;MDG;AOi42607180232417695d1b60;0;Anomaly;
202609;AREA 4;KALIMANTAN;PONTIANAK;ANJ;AOi4260718022105280374e30;1;Anomaly;
202609;AREA 4;KALIMANTAN;PONTIANAK;ANJ;AOi42607180239571408ba420;1;Anomaly;
202609;AREA 4;SULAWESI;MANADO;SFI;AOk4260724095458010324580;0;Anomaly;
202609;AREA 3;JATIM;SIDOARJO;SPJ;AOi42607030948364707a4a90;0;Anomaly;
202609;AREA 3;JATENG-DIY;MAGELANG;MUN;AOs3260728092731522000c90;1;Anomaly;
202609;AREA 4;SULAWESI;PALU;DGL;AOi126072702452897709e940;1;Anomaly;
202609;AREA 4;SULAWESI;PARE-PARE;PLP;AOk42607030853113785e7090;1;Anomaly;
202609;AREA 1;SUMBAGSEL;JAMBI;JMB;AOi4260729102829811d2f640;0;Anomaly;
202609;AREA 3;JATENG-DIY;PURWOKERTO;GML;AOi4260704123127649a57300;0;Anomaly;
202609;AREA 1;SUMBAGSEL;PANGKAL PINANG;PGP;PDAk4260626014004920786fb0;1;Anomaly;
202609;AREA 1;SUMBAGTENG;PADANG;SGD;AOi4260730081106481073a40;1;Anomaly;
202609;AREA 3;JATIM;SURABAYA;KNN;PDAk4260723031048249a5eef0;1;Anomaly;
202609;AREA 4;KALIMANTAN;TARAKAN;NNK;AOi426071811521651770b660;0;Anomaly;
202609;AREA 4;KALIMANTAN;TARAKAN;TAJ;AOi426072908592593919f8d0;0;Comply;1,44
202609;AREA 3;JATENG-DIY;PEKALONGAN;PKL;AOk4260722110114869a270c0;0;Anomaly;
202609;AREA 4;KALIMANTAN;PONTIANAK;JAW;AOi4260630090401681f943c0;0;Anomaly;
202609;AREA 4;KALIMANTAN;TARAKAN;TBY;AOi42607280417518515fbb00;0;Anomaly;
202609;AREA 3;BALI NUSRA;FLORES;KLH;AOk426072912441493468d970;0;Comply;-0,54
202609;AREA 1;SUMBAGUT;RANTAU PRAPAT;RAP;AOi4260718083504915fb8950;0;Anomaly;
202609;AREA 4;SULAWESI;KENDARI;KDR;AOi4260715071123217c6d670;0;Anomaly;
202609;AREA 1;SUMBAGUT;CENTRAL MEDAN;TJR;AOi4260701030659028bed960;1;Anomaly;
202609;AREA 2;JABAR;BANDUNG;UBR;AOi426072011115130878e440;1;Anomaly;
202609;AREA 3;JATIM;SURABAYA;GBG;AOi42607161238374138fa1f0;0;Anomaly;
202609;AREA 4;MALUKU DAN PAPUA;AMBON;ABO;AOi42607221251176701076e0;1;Anomaly;
202609;AREA 1;SUMBAGSEL;LAMPUNG;KDT;AOb0260706012921314175340;1;Anomaly;
202609;AREA 1;SUMBAGSEL;LAMPUNG;BKM;AOi42607020236301666ca550;1;Anomaly;
202609;AREA 3;JATENG-DIY;SEMARANG;PAT;AOi42607140320394444c11d0;1;Anomaly;
202609;AREA 1;SUMBAGSEL;LAMPUNG;KOT;AOi426072301065777640cd40;1;Anomaly;
202609;AREA 1;SUMBAGTENG;PADANG;MLH;AOi42606300216469311d8830;1;Anomaly;
202609;AREA 3;BALI NUSRA;MATARAM;MTR;AOi42607190951554455c3de0;1;Anomaly;
202609;AREA 4;KALIMANTAN;PONTIANAK;ANJ;AOi4260702070311851d45d20;1;Anomaly;
202609;AREA 3;JATENG-DIY;SURAKARTA;KRT;AOs3260727125947883fc93e0;0;Anomaly;
202609;AREA 4;KALIMANTAN;SAMARINDA;SBR;AOi42607251202495950c2510;0;Anomaly;
202609;AREA 4;MALUKU DAN PAPUA;SORONG;MWR;AOk4260701084531911bb6f00;0;Anomaly;
202609;AREA 2;WESTERN JABOTABEK;SERANG;LGK;AOi1260729093515522f17e10;0;Anomaly;
202609;AREA 1;SUMBAGSEL;BENGKULU;BTH;AOi4260729125901521094bd0;1;Anomaly;
202609;AREA 1;SUMBAGUT;CENTRAL MEDAN;PDB;AOi426070410433490386d040;0;Anomaly;
202609;AREA 2;JABAR;TASIKMALAYA;TSM;AOi4260703044041778a3c1b0;0;Anomaly;
202609;AREA 1;SUMBAGUT;RANTAU PRAPAT;ANP;AOi1260731125102281d5c680;0;Comply;1,85
202609;AREA 3;BALI NUSRA;DENPASAR;NSD;AOi426072804152071759e890;1;Anomaly;
202609;AREA 2;EASTERN JABOTABEK;BOGOR;PMU;AOi4260727072150064192d90;0;Anomaly;
202609;AREA 4;KALIMANTAN;PANGKALAN BUN;PBU;AOi4260721072226827091610;0;Anomaly;
202609;AREA 1;SUMBAGTENG;PADANG;SLK;AOk42607140209163750d3b70;1;Anomaly;
202609;AREA 4;KALIMANTAN;PANGKALAN BUN;PBU;AOi4260720120619341c656b0;0;Anomaly;
202609;AREA 2;JABAR;BANDUNG;CJA;AOk4260723033119714add6c0;0;Comply;-20,75
202609;AREA 4;KALIMANTAN;TARAKAN;JWT;AOi42607130331441411880c0;1;Anomaly;
202609;AREA 1;SUMBAGTENG;PADANG;KJI;AOi4260706082050966e652e0;1;Anomaly;
202609;AREA 4;SULAWESI;KENDARI;KKA;AOi4260718021732408bd0c60;1;Anomaly;
202609;AREA 2;JABAR;BANDUNG;LBG;AOi4260721030928644e50dd0;1;Anomaly;
202609;AREA 4;MALUKU DAN PAPUA;SORONG;MWR;AOi4260724044743997d2ead0;1;Anomaly;
202609;AREA 3;JATENG-DIY;SEMARANG;SMT;AOs3260716033302196955a90;0;Anomaly;
202609;AREA 1;SUMBAGSEL;LAMPUNG;TGP;AOi4260713040835057566020;1;Anomaly;
202609;AREA 1;SUMBAGSEL;LAMPUNG;TJK;AOi42607060855514882e4ae0;1;Anomaly;
202609;AREA 3;JATENG-DIY;SURAKARTA;BYL;AOi42607090159589975c0300;1;Anomaly;
202609;AREA 4;KALIMANTAN;PONTIANAK;STG;AOk426072111185004737c560;1;Anomaly;
202609;AREA 2;JABAR;SOREANG;CKI;AOi4260727034129647b5d4d0;1;Anomaly;
202609;AREA 3;JATENG-DIY;SURAKARTA;PEN;AOi4260723051252426409f70;1;Anomaly;
202609;AREA 3;JATIM;SURABAYA;TNS;AOi4260718044323116eef2b0;0;Anomaly;
202609;AREA 1;SUMBAGTENG;BUKIT TINGGI;KNL;AOi4260716051642748199500;0;Anomaly;
202609;AREA 1;SUMBAGUT;CENTRAL MEDAN;TTG;AOk4260714062640271281990;0;Anomaly;
202609;AREA 2;CENTRAL JABOTABEK;SOUTHERN JAKARTA;PSR;AOi426072105360695895dd50;1;Anomaly;
202609;AREA 3;BALI NUSRA;DENPASAR;SGR;AOi4260718100445145ed1d90;1;Anomaly;
202609;AREA 3;JATENG-DIY;SURAKARTA;KLX;AOi1260630125248146959b80;1;Anomaly;
202609;AREA 4;KALIMANTAN;SAMARINDA;BOT;AOk42607020317200016bc390;1;Anomaly;
202609;AREA 3;BALI NUSRA;DENPASAR;GIN;AOi4260713053822908c10e30;0;Anomaly;
202609;AREA 3;JATIM;LAMONGAN;PAD;AOi426071906204923069e8d0;1;Anomaly;
202609;AREA 1;SUMBAGSEL;JAMBI;MAB;AOi4260719060611164508b50;0;Anomaly;
202609;AREA 1;SUMBAGUT;PADANG SIDEMPUAN;PSP;AOi426073005441550148f5b0;0;Anomaly;
202609;AREA 1;SUMBAGTENG;PEKANBARU;SYA;AOi42606300352082775e1500;0;Anomaly;
202609;AREA 4;SULAWESI;MAKASSAR;BAR;AOi4260727070328483461c30;0;Anomaly;
202609;AREA 3;BALI NUSRA;DENPASAR;UBU;AOi4260721094847261b9e3d0;1;Anomaly;
202609;AREA 4;KALIMANTAN;BANJARMASIN;STI;AOi42607260950523920a01f0;0;Anomaly;
202609;AREA 4;KALIMANTAN;BANJARMASIN;BJM;AOi4260719104959761d661f0;0;Anomaly;
202609;AREA 2;WESTERN JABOTABEK;TANGERANG;CLD;AOi12607270920289617b0460;1;Anomaly;
202609;AREA 4;KALIMANTAN;SAMARINDA;SMR;AOi4260726092312304e308d0;0;Anomaly;
202609;AREA 1;SUMBAGTENG;PEKANBARU;ARK;AOi42607071128233368190b0;1;Anomaly;
202609;AREA 1;SUMBAGSEL;LAMPUNG;KBI;AOi4260703093756839cb01d0;0;Anomaly;
202609;AREA 2;JABAR;SOREANG;SOR;AOk426072012531839598b2e0;1;Anomaly;
202609;AREA 4;SULAWESI;KENDARI;BBU;AOi1260720012037419304670;0;Anomaly;
202609;AREA 3;BALI NUSRA;KUPANG;KEF;AOk4260710121345542473940;1;Anomaly;
202609;AREA 1;SUMBAGSEL;JAMBI;TTJ;AOi4260711111136776f96c40;1;Anomaly;
202609;AREA 1;SUMBAGSEL;JAMBI;MAB;AOi42607250843377232cf880;1;Anomaly;
202609;AREA 4;SULAWESI;PALU;PSO;AOi4260718065757992f7c790;1;Anomaly;
202609;AREA 1;SUMBAGTENG;BATAM;LBJ;AOi4260724091001344f3ffb0;0;Anomaly;
202609;AREA 3;JATIM;SURABAYA;KJR;AOk4260721124318116d142e0;0;Anomaly;
202609;AREA 3;BALI NUSRA;FLORES;KLH;AOi4260701015726592f33110;1;Anomaly;
202609;AREA 4;KALIMANTAN;TARAKAN;TAJ;AOi426072909304713976d010;0;Anomaly;
202609;AREA 2;JABAR;BANDUNG;LBG;AOi4260727013507785c066f0;0;Anomaly;
202609;AREA 2;JABAR;BANDUNG;LBG;AOi4260725021642480cec550;1;Anomaly;
202609;AREA 4;SULAWESI;MAKASSAR;ANT;AOi42607271213221035d9f70;1;Anomaly;
202609;AREA 1;SUMBAGTENG;PADANG;TLB;AOk426072311092214140ee20;0;Anomaly;
202609;AREA 4;MALUKU DAN PAPUA;SORONG;MWR;AOi42607110539498245d0590;0;Anomaly;
202609;AREA 4;KALIMANTAN;BANJARMASIN;ULI;AOi4260730104417833210910;0;Anomaly;
202609;AREA 1;SUMBAGTENG;PADANG;ULK;AOi1260702095900386107f20;1;Anomaly;
202609;AREA 2;CENTRAL JABOTABEK;NORTHERN JAKARTA;PDM;AOi4260711050609834b22a80;0;Anomaly;
202609;AREA 4;SULAWESI;PALU;BKU;AOi1260717070833976708030;1;Anomaly;
202609;AREA 3;BALI NUSRA;DENPASAR;KLM;AOi42607140126136652ea710;1;Anomaly;
202609;AREA 3;BALI NUSRA;DENPASAR;SRR;AOi4260727060203200cf0da0;1;Anomaly;
202609;AREA 1;SUMBAGTENG;PADANG;ULK;AOi42607040244020194ba300;1;Anomaly;
202609;AREA 1;SUMBAGTENG;DUMAI;BKN;AOi4260726080440404a91ca0;1;Anomaly;
202609;AREA 1;SUMBAGTENG;BUKIT TINGGI;LBA;AOi12607030341458220f4ff0;1;Anomaly;
202609;AREA 2;JABAR;BANDUNG;PDL;AOi4260727061428079fc69c0;1;Anomaly;
202609;AREA 4;KALIMANTAN;PONTIANAK;STA;AOi426073007075476544b3b0;0;Anomaly;
202609;AREA 2;EASTERN JABOTABEK;BEKASI;DEP;AOi4260719040603118292f90;1;Anomaly;
202609;AREA 1;SUMBAGUT;CENTRAL MEDAN;PUB;AOi4260723010206068520500;0;Anomaly;
202609;AREA 2;CENTRAL JABOTABEK;SOUTHERN JAKARTA;CID;AOk4260715114633998a2f9f0;0;Comply;-26,55
202609;AREA 2;JABAR;SOREANG;RCK;AOs326072511414256447d200;1;Anomaly;-22,43
202609;AREA 3;BALI NUSRA;MATARAM;DMP;AOi42607191114577395fd690;0;Anomaly;
202609;AREA 2;CENTRAL JABOTABEK;NORTHERN JAKARTA;MRY;AOi1260704013041325d7aaa0;1;Anomaly;
202609;AREA 1;SUMBAGTENG;BATAM;SLU;AOi4260719022617978a3c8a0;1;Anomaly;
202609;AREA 3;BALI NUSRA;MATARAM;SBW;AOi4260715100548435df0800;1;Anomaly;
202609;AREA 2;CENTRAL JABOTABEK;NORTHERN JAKARTA;MRY;AOi4260701100457496005af0;1;Anomaly;
202609;AREA 3;JATIM;SIDOARJO;SDA;AOs32607310704358671dc860;0;Anomaly;
202609;AREA 3;JATIM;SURABAYA;KPS;AOi1260715110601388cdcbf0;1;Anomaly;
202609;AREA 1;SUMBAGTENG;PEKANBARU;ARK;AOi426072012471396574d1a0;1;Anomaly;
202609;AREA 4;MALUKU DAN PAPUA;SORONG;NAB;AOi426072602551556848b950;1;Anomaly;
202609;AREA 3;JATIM;SURABAYA;KNN;AOi4260702025141966ce7b30;0;Anomaly;
202609;AREA 2;JABAR;BANDUNG;LBG;AOi4260714054908907ebd670;1;Anomaly;
202609;AREA 4;MALUKU DAN PAPUA;JAYAPURA;SRM;AOi426072704084581285e380;0;Anomaly;
202609;AREA 1;SUMBAGUT;WESTERN MEDAN;KUL;AOs3260720082353190c88a90;0;Anomaly;
202609;AREA 3;BALI NUSRA;MATARAM;BIM;AOi4260726083322766d09f60;0;Anomaly;
202609;AREA 3;BALI NUSRA;MATARAM;MTR;AOi42607191238457979c15f0;1;Anomaly;-103,98
202609;AREA 3;BALI NUSRA;DENPASAR;KLM;AOk426072407290918961a140;0;Anomaly;
202609;AREA 1;SUMBAGTENG;BUKIT TINGGI;PAM;AOi426073011414961792fd50;1;Anomaly;
202609;AREA 3;BALI NUSRA;MATARAM;MTR;AOi426070410053649193bf90;1;Anomaly;
202609;AREA 3;JATENG-DIY;PEKALONGAN;ADW;AOi426071008594938697d8c0;0;Anomaly;
202609;AREA 3;BALI NUSRA;MATARAM;MTR;AOi4260712092123391318000;1;Anomaly;
202609;AREA 1;SUMBAGTENG;BUKIT TINGGI;PYK;AOi426072911152425543aee0;1;Anomaly;
202609;AREA 1;SUMBAGUT;CENTRAL MEDAN;SPM;AOi4260721112451698540420;1;Anomaly;
202609;AREA 4;KALIMANTAN;PALANGKARAYA;KRI;AOi42607251107581413b6fd0;0;Anomaly;
202609;AREA 1;SUMBAGSEL;LAMPUNG;KDT;AOi4260725010555876f62040;0;Anomaly;
202609;AREA 3;BALI NUSRA;DENPASAR;TBN;AOi42607060114179486b6ba0;1;Anomaly;
202609;AREA 3;JATIM;MADIUN;PAE;AOi4260720013326752fe6560;0;Anomaly;
202609;AREA 1;SUMBAGTENG;BATAM;BTC;AOi4260729010525169ced0e0;1;Anomaly;
202609;AREA 1;SUMBAGSEL;PALEMBANG;SBU;AOi42607120205137776ecb90;0;Anomaly;
202609;AREA 3;BALI NUSRA;MATARAM;MTR;AOk4260716112322165388530;0;Comply;-144,96
202609;AREA 2;JABAR;BANDUNG;DGO;AOi1260706065739254042d70;1;Anomaly;
202609;AREA 1;SUMBAGTENG;BATAM;KMS;AOi4260725101747418cc3a00;0;Anomaly;
202609;AREA 4;MALUKU DAN PAPUA;AMBON;ABO;AOi42606300641126800e3a70;1;Anomaly;
202609;AREA 4;KALIMANTAN;PONTIANAK;STA;AOi4260705073822805424660;1;Anomaly;
202609;AREA 1;SUMBAGUT;WESTERN MEDAN;KSG;AOi4260707094427050a2d5c0;0;Anomaly;
202609;AREA 4;SULAWESI;PALU;LWU;AOi426070304090750486ed30;1;Anomaly;
202609;AREA 3;BALI NUSRA;DENPASAR;GIN;AOi4260722013150608538e60;1;Anomaly;
202609;AREA 3;JATENG-DIY;MAGELANG;KTA;AOi4260707080213843499680;0;Anomaly;
202609;AREA 4;SULAWESI;PALU;BKU;AOi4260715105349713b6c430;1;Anomaly;
202609;AREA 4;MALUKU DAN PAPUA;SORONG;MWR;AOi42607311237033595403d0;0;Anomaly;
202609;AREA 3;JATENG-DIY;PEKALONGAN;PBG;AOi4260714042231646a86eb0;0;Anomaly;
202609;AREA 1;SUMBAGUT;PADANG SIDEMPUAN;PSP;AOi42607240746207925ee450;0;Anomaly;
202609;AREA 3;BALI NUSRA;DENPASAR;UBU;AOi4260704063700807cbcd50;1;Anomaly;
202609;AREA 2;CENTRAL JABOTABEK;SOUTHERN JAKARTA;PSM;AOs3260708082859280220310;0;Anomaly;
202609;AREA 3;BALI NUSRA;MATARAM;BIM;AOi42607010547190406c6be0;1;Anomaly;
202609;AREA 1;SUMBAGUT;RANTAU PRAPAT;TJB;AOk4260706094454781a62910;0;Comply;-165,52
202609;AREA 1;SUMBAGTENG;PADANG;BGS;AOi4260711011818884c99130;0;Anomaly;
202609;AREA 2;WESTERN JABOTABEK;SERANG;TGR;AOs3260707110524961115f80;1;Anomaly;
202609;AREA 4;MALUKU DAN PAPUA;SORONG;SON;AOi42607210947521315a6070;1;Anomaly;
202609;AREA 4;SULAWESI;KENDARI;MDG;AOi12607200336192314adde0;0;Anomaly;
202609;AREA 2;CENTRAL JABOTABEK;NORTHERN JAKARTA;MKR;AOi42607290350336324c3cb0;1;Anomaly;
202609;AREA 3;JATIM;LAMONGAN;RGL;AOi42607210936292001d1950;1;Anomaly;
202609;AREA 4;KALIMANTAN;BALIKPAPAN;BRU;AOi42607280854466705cf4e0;0;Anomaly;
202609;AREA 3;BALI NUSRA;DENPASAR;UBU;AOi426070310575415851a680;1;Anomaly;
202609;AREA 4;SULAWESI;KENDARI;KKA;AOi4260718120137324a68130;1;Anomaly;
202609;AREA 4;MALUKU DAN PAPUA;AMBON;TUA;AOk42607181004592492637f0;1;Anomaly;
202609;AREA 3;BALI NUSRA;DENPASAR;KUT;AOi42607060208425918512f0;0;Anomaly;
202609;AREA 3;BALI NUSRA;DENPASAR;KLM;AOi4260727081620635b7e4c0;0;Anomaly;
202609;AREA 3;JATENG-DIY;SEMARANG;PEC;AOi42607221042028015f03f0;0;Comply;-0,41
202609;AREA 4;KALIMANTAN;PONTIANAK;STA;AOi4260721110910022edba00;1;Anomaly;
202609;AREA 4;MALUKU DAN PAPUA;JAYAPURA;JAP;AOb0260722125218917bb9200;0;Anomaly;
202609;AREA 4;KALIMANTAN;PONTIANAK;SNW;AOs32607210340352002d1b70;0;Anomaly;
202609;AREA 3;JATENG-DIY;YOGYAKARTA;PGR;AOi42607040207415522a06e0;1;Anomaly;
202609;AREA 4;KALIMANTAN;BANJARMASIN;STI;AOi4260707093619585cc1d20;1;Anomaly;
202609;AREA 3;JATENG-DIY;SEMARANG;DMA;AOi4260721025655821ae70a0;0;Anomaly;
202609;AREA 4;MALUKU DAN PAPUA;SORONG;MWR;AOi4260702042556510748d70;0;Anomaly;
202609;AREA 4;SULAWESI;MANADO;TDN;AOi126070908300887839cd40;1;Anomaly;67,77
202609;AREA 3;JATIM;SURABAYA;BKL;AOi42607040842365803c2670;1;Anomaly;
202609;AREA 3;JATIM;SURABAYA;IJK;AOi4260711113536613114d30;0;Anomaly;
202609;AREA 4;SULAWESI;MAKASSAR;BAR;AOi4260713080056904b5ae50;0;Anomaly;
202609;AREA 1;SUMBAGSEL;PANGKAL PINANG;PGP;AOi42607120837227155beb90;0;Anomaly;
202609;AREA 1;SUMBAGSEL;LAMPUNG;KDT;AOb0260728093316816057040;0;Anomaly;
202609;AREA 2;CENTRAL JABOTABEK;SOUTHERN JAKARTA;KRG;AOs3260721075509831001220;0;Anomaly;
202609;AREA 4;SULAWESI;MAKASSAR;PNK;AOi126071110462539349e2d0;1;Anomaly;
202609;AREA 2;JABAR;BANDUNG;LBG;AOi4260713035607996ade030;0;Anomaly;
202609;AREA 4;KALIMANTAN;BALIKPAPAN;TGG;AOi4260703013622252e93c20;0;Anomaly;
202609;AREA 4;KALIMANTAN;PONTIANAK;BKY;AOs326071303060741513cd50;1;Anomaly;
202609;AREA 1;SUMBAGSEL;JAMBI;BKO;AOi4260716034052224f4bd40;1;Anomaly;
202609;AREA 3;BALI NUSRA;KUPANG;OSP;AOi42607070553224083f9b10;1;Anomaly;
202609;AREA 2;WESTERN JABOTABEK;TANGERANG;TAN;PDAk426070201062105684bd50;1;Anomaly;
202609;AREA 1;SUMBAGTENG;PADANG;SRT;AOi4260723112506085fdbd20;0;Anomaly;
202609;AREA 2;EASTERN JABOTABEK;KARAWANG;JBB;AOi426070101432515205ee30;1;Anomaly;
202609;AREA 1;SUMBAGTENG;BATAM;BTC;AOi42607230621362148b39e0;0;Anomaly;
202609;AREA 1;SUMBAGTENG;PADANG;KJI;AOi4260706082050966e652e0;0;Anomaly;
202609;AREA 1;SUMBAGUT;CENTRAL MEDAN;SPM;AOi4260721112451698540420;0;Anomaly;
202609;AREA 2;JABAR;BANDUNG;LBG;AOi4260713115713766779c50;1;Anomaly;
202609;AREA 3;BALI NUSRA;KUPANG;KEF;AOk4260710121345542473940;1;Anomaly;
202609;AREA 3;BALI NUSRA;MATARAM;KMP;AOi42607200229062619f8990;1;Anomaly;
202609;AREA 3;JATENG-DIY;MAGELANG;MGE;AOi12607050641045669ea950;1;Anomaly;
202609;AREA 2;WESTERN JABOTABEK;TANGERANG;TAN;AOs3260728110335071087dd0;1;Anomaly;
202609;AREA 2;JABAR;BANDUNG;DGO;AOi1260706065739254042d70;1;Anomaly;
202609;AREA 4;KALIMANTAN;PONTIANAK;JAW;AOi4260723015115442ccdc80;0;Anomaly;
202609;AREA 4;SULAWESI;KENDARI;KDR;AOi4260712120144128bfde30;0;Anomaly;
202609;AREA 2;EASTERN JABOTABEK;KARAWANG;BGG;AOi4260716072221559dbfef0;1;Anomaly;
202609;AREA 3;JATENG-DIY;PURWOKERTO;PWT;AOk4260703024713707ebc840;0;Anomaly;
202609;AREA 1;SUMBAGUT;CENTRAL MEDAN;TJM;AOi426072911593922432a240;1;Anomaly;
202609;AREA 1;SUMBAGSEL;LAMPUNG;TJK;AOi42607270550439239cc570;1;Anomaly;
202609;AREA 4;KALIMANTAN;PONTIANAK;SGU;AOk4260701025028526b0da10;1;Anomaly;
202609;AREA 3;JATENG-DIY;YOGYAKARTA;BTL;AOi1260715050235702580100;1;Anomaly;
202609;AREA 3;JATENG-DIY;SURAKARTA;KAR;AOi4260729034800970f99920;1;Anomaly;
202609;AREA 3;BALI NUSRA;DENPASAR;KLM;AOi4260716124338272e674e0;0;Anomaly;
202609;AREA 2;JABAR;SOREANG;KAD;AOk42607280131450721c5840;1;Anomaly;
202609;AREA 2;JABAR;BANDUNG;CJA;AOi4260716120357251fef820;0;Anomaly;
202609;AREA 3;BALI NUSRA;DENPASAR;TOP;AOi4260707030747423b98400;0;Anomaly;
202609;AREA 1;SUMBAGSEL;LAMPUNG;TJK;AOi426073112023762733cb50;0;Anomaly;
202609;AREA 3;JATIM;MALANG;BLB;AOi42607270918066250f0660;0;Anomaly;
202609;AREA 1;SUMBAGTENG;DUMAI;DRI;AOi4260729110616074be8740;1;Anomaly;
202609;AREA 2;JABAR;BANDUNG;PDL;AOi4260703023700875358600;1;Anomaly;
202609;AREA 4;SULAWESI;PALU;PLA;AOi426070111082784040e0e0;1;Anomaly;
202609;AREA 2;CENTRAL JABOTABEK;SOUTHERN JAKARTA;KRG;AOk4260630123408919490560;1;Anomaly;
202609;AREA 1;SUMBAGUT;CENTRAL MEDAN;TJM;AOi4260725021200328f602e0;0;Anomaly;
202609;AREA 1;SUMBAGSEL;PANGKAL PINANG;TJN;AOi42607021057295134b9610;0;Anomaly;
202609;AREA 4;KALIMANTAN;BALIKPAPAN;TGG;AOi4260703013622252e93c20;1;Anomaly;
202609;AREA 1;SUMBAGSEL;JAMBI;BKO;AOi4260715050955562f8d4e0;1;Anomaly;
202609;AREA 1;SUMBAGTENG;DUMAI;BKN;AOi42607200705186043ecab0;1;Anomaly;
202609;AREA 3;JATENG-DIY;MAGELANG;MUN;AOs3260728092731522000c90;1;Anomaly;
202609;AREA 1;SUMBAGUT;CENTRAL MEDAN;SKI;AOi42607030242076052b2550;0;Anomaly;
202609;AREA 4;SULAWESI;MANADO;AMR;AOi42607100314308468e1760;1;Anomaly;
202609;AREA 2;JABAR;BANDUNG;CJA;AOi4260706104002699894480;1;Anomaly;
202609;AREA 1;SUMBAGUT;PADANG SIDEMPUAN;SBG;AOi4260713063330457b4de20;0;Anomaly;
202609;AREA 3;JATENG-DIY;YOGYAKARTA;KGD;AOi42607201047535159aa330;1;Anomaly;
202609;AREA 3;BALI NUSRA;MATARAM;SGG;AOi42607040206171577f2030;0;Anomaly;-19,52
202609;AREA 3;BALI NUSRA;FLORES;LRT;AOk42607101116162089d60c0;0;Comply;-19,79
202609;AREA 1;SUMBAGUT;WESTERN MEDAN;BJI;AOi426073006045607110c870;0;Anomaly;
202609;AREA 2;JABAR;BANDUNG;CJA;AOs3260718031046470ef56f0;0;Anomaly;
202609;AREA 1;SUMBAGUT;WESTERN MEDAN;KUL;AOs3260720082353190c88a90;0;Anomaly;
202609;AREA 4;SULAWESI;PALU;PLA;AOi426071809112743179ea00;0;Anomaly;
202609;AREA 1;SUMBAGUT;PADANG SIDEMPUAN;PSP;AOi4260704113511830224e30;0;Anomaly;
202609;AREA 4;SULAWESI;BONE;CGI;AOi4260726071026735e1a3b0;1;Anomaly;
202609;AREA 1;SUMBAGTENG;PEKANBARU;TBH;AOk4260707102015508f19490;1;Anomaly;
202609;AREA 3;JATENG-DIY;YOGYAKARTA;PGR;AOi4260726082101082e83730;1;Anomaly;
202609;AREA 4;KALIMANTAN;PONTIANAK;BDO;AOi4260723080516744b55220;1;Anomaly;
202609;AREA 4;SULAWESI;PALU;LWU;AOi426071811060957011d500;1;Anomaly;
202609;AREA 1;SUMBAGUT;PADANG SIDEMPUAN;SBG;AOi4260701045144551c7d610;0;Anomaly;
202609;AREA 4;SULAWESI;MAKASSAR;TKA;AOi4260708105518056dca910;0;Anomaly;
202609;AREA 1;SUMBAGSEL;JAMBI;BKO;AOi4260616112525792c2bd40;1;Anomaly;
202609;AREA 1;SUMBAGTENG;BATAM;SKN;AOi42607130939036084700e0;0;Anomaly;
202609;AREA 1;SUMBAGUT;BANDA ACEH;LTM;AOi4260704035641862a888a0;0;Anomaly;
202609;AREA 1;SUMBAGTENG;BATAM;PNI;AOi4260729094914789b9f430;1;Anomaly;
202609;AREA 4;SULAWESI;MAKASSAR;PNK;AOi4260707023313964767150;0;Anomaly;
202609;AREA 3;BALI NUSRA;DENPASAR;UBN;AOi426072703162800540bfa0;0;Anomaly;
202609;AREA 4;KALIMANTAN;PONTIANAK;PUT;AOi426072012045162249e700;1;Anomaly;
202609;AREA 2;JABAR;SOREANG;KAD;AOk42607280131450721c5840;1;Anomaly;
202609;AREA 1;SUMBAGSEL;PALEMBANG;IDL;AOk42607281051519029e7020;1;Anomaly;
202609;AREA 2;JABAR;BANDUNG;TRG;PDAk4260717072716896573a60;0;Anomaly;
202609;AREA 1;SUMBAGUT;PADANG SIDEMPUAN;PND;AOk426070305015800843bcc0;0;Comply;-47,57
202609;AREA 3;JATENG-DIY;SEMARANG;MJP;AOi4260701020746758ff2170;1;Anomaly;
202609;AREA 3;BALI NUSRA;FLORES;MMR;AOi42607210645003154709a0;1;Anomaly;
202609;AREA 1;SUMBAGTENG;DUMAI;DRI;AOi4260718115739148680e70;0;Anomaly;
202609;AREA 1;SUMBAGUT;WESTERN MEDAN;LSM;AOi426070812121828445fdd0;0;Anomaly;
202609;AREA 2;WESTERN JABOTABEK;TANGERANG;CLD;AOi4260729125358226d5a6c0;1;Anomaly;
202609;AREA 3;BALI NUSRA;KUPANG;TNA;AOs32607240813525225db740;0;Anomaly;
202609;AREA 4;KALIMANTAN;PONTIANAK;PUT;AOi42607250133063537c4210;1;Anomaly;
202609;AREA 1;SUMBAGTENG;PADANG;BLS;AOi42607181209019574c1990;1;Anomaly;
202609;AREA 3;JATENG-DIY;SEMARANG;KUD;AOi42607210601371503ccb10;0;Anomaly;
202609;AREA 2;CENTRAL JABOTABEK;SOUTHERN JAKARTA;CID;AOi4260730090236200957060;1;Anomaly;
202609;AREA 2;JABAR;BANDUNG;BDK;AOi4260722091053722446c10;1;Anomaly;
202609;AREA 4;MALUKU DAN PAPUA;SORONG;SON;AOi42607210622515845c0110;1;Anomaly;
202609;AREA 4;MALUKU DAN PAPUA;JAYAPURA;JAP;AOi426072204480417687eea0;1;Anomaly;
202609;AREA 1;SUMBAGTENG;DUMAI;DUM;AOi426070906363407084bec0;1;Anomaly;
202609;AREA 3;BALI NUSRA;DENPASAR;SRR;AOi4260721060726220413ac0;1;Anomaly;
202609;AREA 1;SUMBAGTENG;DUMAI;UBT;AOi4260710094519218123ee0;0;Anomaly;
202609;AREA 1;SUMBAGUT;PEMATANG SIANTAR;PMS;AOi4260722061658774d08880;0;Anomaly;
202609;AREA 3;BALI NUSRA;DENPASAR;SMY;AOi4260707041314090d02e60;1;Anomaly;
202609;AREA 2;JABAR;CIREBON;JBN;AOi4260709104402518faf1d0;0;Anomaly;
202609;AREA 3;BALI NUSRA;DENPASAR;TBN;AOi42607120936374952a14d0;1;Anomaly;
202609;AREA 1;SUMBAGUT;BANDA ACEH;BNA;AOi4260710120054127cbcfc0;0;Anomaly;
202609;AREA 2;JABAR;CIREBON;LSR;AOi126070712140891758f100;1;Anomaly;
202609;AREA 4;MALUKU DAN PAPUA;TIMIKA;KUK;AOk4260701103024589f3d3d0;0;Anomaly;
202609;AREA 2;JABAR;BANDUNG;LBG;AOi4260707111912480b93610;0;Anomaly;
202609;AREA 1;SUMBAGTENG;DUMAI;DUM;AOi4260709071622165dcff60;1;Anomaly;
202609;AREA 4;SULAWESI;KENDARI;KDR;AOi4260705031236087e4c660;1;Anomaly;
202609;AREA 2;JABAR;BANDUNG;DGO;AOi4260720125027424ced270;0;Anomaly;
202609;AREA 4;KALIMANTAN;PONTIANAK;PUT;AOi4260721070004161418840;1;Anomaly;
202609;AREA 1;SUMBAGSEL;PALEMBANG;PLJ;AOi4260710021434611d8d1f0;0;Anomaly;
202609;AREA 4;SULAWESI;MANADO;TNT;AOi4260719090254627b1b9e0;1;Anomaly;
202609;AREA 1;SUMBAGTENG;PEKANBARU;RBI;AOi42607290353358573fe250;0;Anomaly;
202609;AREA 4;SULAWESI;PALU;TOL;AOi42607061142594816d0ca0;1;Anomaly;
202609;AREA 1;SUMBAGSEL;JAMBI;MBN;AOs3260716092907135e06c60;1;Anomaly;
202609;AREA 1;SUMBAGUT;CENTRAL MEDAN;SKI;AOi426071711415325073dd00;0;Anomaly;
202609;AREA 3;JATIM;SIDOARJO;SDA;AOi4260729053106383c85600;0;Anomaly;
202609;AREA 1;SUMBAGUT;CENTRAL MEDAN;TJR;AOi426072806221155434d9b0;0;Anomaly;
202609;AREA 1;SUMBAGTENG;PEKANBARU;MIS;AOi4260706083018014dd22d0;0;Anomaly;
202609;AREA 2;JABAR;SOREANG;SMD;AOk426072111520919643c1b0;1;Anomaly;
202609;AREA 3;BALI NUSRA;DENPASAR;BNO;AOi4260727040427873f25c00;0;Anomaly;
202609;AREA 1;SUMBAGUT;CENTRAL MEDAN;LBP;AOk4260701100554581810880;1;Anomaly;-73,04
202609;AREA 3;JATIM;JEMBER;KKH;AOi4260716110522912325a80;0;Anomaly;
202609;AREA 2;JABAR;BANDUNG;RJW;AOi4260706115344842b0fce0;1;Anomaly;
202609;AREA 1;SUMBAGTENG;PEKANBARU;RBI;AOs32607160522091785aa6b0;0;Anomaly;
202609;AREA 3;JATENG-DIY;SURAKARTA;GLD;AOi42607011022329459f0b40;1;Anomaly;
202609;AREA 1;SUMBAGUT;WESTERN MEDAN;PTL;AOi426070802105778424c3c0;0;Anomaly;
202609;AREA 2;JABAR;TASIKMALAYA;BJS;AOs3260708040508030144920;0;Comply;-15,50
202609;AREA 1;SUMBAGSEL;PANGKAL PINANG;TJN;AOi42607171055420258ad8a0;0;Anomaly;
202609;AREA 4;SULAWESI;MANADO;LAN;AOs3260721070413576799160;1;Anomaly;
202609;AREA 4;MALUKU DAN PAPUA;TIMIKA;TIM;AOi42607010136564747c3250;1;Anomaly;
202609;AREA 4;KALIMANTAN;BANJARMASIN;PGT;AOi4260723083357868007480;1;Anomaly;
202609;AREA 4;KALIMANTAN;BANJARMASIN;BLC;AOi4260725115818326b0fd00;0;Anomaly;
202609;AREA 4;SULAWESI;MAKASSAR;SUD;AOk4260727090826694382540;1;Anomaly;-30,61
202609;AREA 4;KALIMANTAN;PANGKALAN BUN;SAI;AOi4260726064526257874620;1;Anomaly;
202609;AREA 4;KALIMANTAN;PONTIANAK;PTK;AOi42607170701101870d99d0;0;Anomaly;
202609;AREA 4;KALIMANTAN;PALANGKARAYA;PYM;AOi426071712002421634e510;0;Anomaly;
202609;AREA 4;SULAWESI;MAKASSAR;BAR;AOi426072003004362848aa90;0;Anomaly;
202609;AREA 2;EASTERN JABOTABEK;KARAWANG;CIK;AOs32607040813460897ad430;1;Anomaly;
202609;AREA 2;JABAR;SOREANG;KAD;AOk42607280131450721c5840;1;Anomaly;
202609;AREA 3;BALI NUSRA;DENPASAR;TOP;AOi4260720090231364fe8ce0;0;Anomaly;
202609;AREA 2;JABAR;CIREBON;JBN;AOi4260709104402518faf1d0;1;Anomaly;
202609;AREA 3;JATENG-DIY;PURWOKERTO;GML;AOi4260727075258566362100;1;Anomaly;
202609;AREA 1;SUMBAGSEL;BENGKULU;BTH;AOi426070901120456653d6a0;0;Anomaly;
202609;AREA 3;JATENG-DIY;SURAKARTA;SOP;AOi4260715084452311ea7190;1;Anomaly;
202609;AREA 3;JATENG-DIY;PURWOKERTO;CLC;AOi4260709033640888922a80;1;Anomaly;
202609;AREA 3;JATENG-DIY;SEMARANG;BMK;AOi42607091019567635cf020;0;Anomaly;
202609;AREA 3;JATENG-DIY;YOGYAKARTA;KGD;AOi426071508202564865c920;0;Anomaly;
202609;AREA 4;SULAWESI;MAKASSAR;MAT;AOk4260727110608333f87ac0;0;Anomaly;
202609;AREA 1;SUMBAGUT;WESTERN MEDAN;PBD;AOi4260714035900794898f90;0;Anomaly;
202609;AREA 1;SUMBAGUT;CENTRAL MEDAN;SPM;AOi42607300317158706b6a10;0;Anomaly;
202609;AREA 4;MALUKU DAN PAPUA;AMBON;ABO;AOi4260717024507493dd1dd0;0;Anomaly;
202609;AREA 2;CENTRAL JABOTABEK;NORTHERN JAKARTA;CKG;AOs32607301257597258cb530;1;Anomaly;-27,60
202609;AREA 4;SULAWESI;PARE-PARE;MAJ;AOi4260702094845631c12870;0;Anomaly;
202609;AREA 3;JATENG-DIY;YOGYAKARTA;GOD;AOi42607020413157643ddcd0;1;Anomaly;
202609;AREA 1;SUMBAGSEL;PANGKAL PINANG;MGR;AOi426073111173862838c0f0;1;Anomaly;
202609;AREA 1;SUMBAGSEL;PALEMBANG;PLJ;AOi426071310120069591ba20;1;Anomaly;
202609;AREA 3;BALI NUSRA;FLORES;RTE;AOi42607300101411659121d0;0;Anomaly;
202609;AREA 1;SUMBAGTENG;BATAM;KMS;AOi12607261249015963fdf00;1;Anomaly;
202609;AREA 2;EASTERN JABOTABEK;BOGOR;SPL;AOk426072704152163273d9d0;1;Anomaly;
202609;AREA 4;KALIMANTAN;BANJARMASIN;BJM;AOi426070601520442054a3b0;0;Anomaly;
202609;AREA 2;CENTRAL JABOTABEK;NORTHERN JAKARTA;SLP;AOi42607160346205861383b0;0;Anomaly;
202609;AREA 3;BALI NUSRA;KUPANG;WGP;AOi4260702035259988443670;0;Anomaly;
202609;AREA 2;JABAR;BANDUNG;BDK;AOs3260630064332233512450;1;Anomaly;
202609;AREA 2;WESTERN JABOTABEK;SERANG;LGK;AOi4260720032114835db46d0;0;Anomaly;
202609;AREA 1;SUMBAGUT;RANTAU PRAPAT;ANP;AOi1260731125102281d5c680;0;Anomaly;
202609;AREA 3;BALI NUSRA;MATARAM;PRY;AOi42607040844392879199c0;1;Anomaly;
202609;AREA 1;SUMBAGTENG;BATAM;SLU;AOi42607170628583414ca180;0;Anomaly;
202609;AREA 3;JATIM;MALANG;BLB;AOi4260731115325033a207d0;0;Anomaly;
202609;AREA 4;KALIMANTAN;PANGKALAN BUN;NPN;AOi4260713043850284f4ad90;1;Anomaly;
202609;AREA 3;BALI NUSRA;DENPASAR;MMN;AOs3260729080750497930fb0;1;Anomaly;
202609;AREA 1;SUMBAGUT;RANTAU PRAPAT;RAP;AOi42607201242557802c3720;0;Anomaly;
202609;AREA 2;CENTRAL JABOTABEK;NORTHERN JAKARTA;PDM;AOi4260711050609834b22a80;0;Anomaly;
202609;AREA 2;WESTERN JABOTABEK;SERANG;CKD;AOi42607081217155569427c0;1;Anomaly;
202609;AREA 1;SUMBAGUT;CENTRAL MEDAN;PUB;AOi42607270643394759901b0;0;Anomaly;
202609;AREA 4;MALUKU DAN PAPUA;SORONG;FFA;AOi1260723052950512afeb80;0;Anomaly;
202609;AREA 1;SUMBAGSEL;LAMPUNG;KOT;AOi4260724113200934eebcf0;1;Anomaly;
202609;AREA 2;EASTERN JABOTABEK;BEKASI;PDE;AOk4260730052121537ad4230;0;Anomaly;
202609;AREA 4;KALIMANTAN;SAMARINDA;SBR;AOi42607251202495950c2510;1;Anomaly;
202609;AREA 3;BALI NUSRA;DENPASAR;KLM;AOi1260726043912193c46570;1;Anomaly;
202609;AREA 2;JABAR;BANDUNG;RJW;AOi1260722022408580e74440;0;Anomaly;
202609;AREA 4;SULAWESI;PARE-PARE;MAJ;AOi42607020132272597c5040;1;Anomaly;
202609;AREA 3;JATIM;JEMBER;KNO;AOi42607210730293103b4d30;1;Anomaly;
202609;AREA 4;SULAWESI;MANADO;SFI;AOi12607270703283865af450;1;Anomaly;
202609;AREA 4;KALIMANTAN;BANJARMASIN;STI;AOi42607260950523920a01f0;0;Anomaly;
202609;AREA 3;BALI NUSRA;DENPASAR;UBU;AOi4260705084354176221f20;1;Anomaly;
202609;AREA 4;SULAWESI;PALU;TEN;AOi426070405495683004baa0;1;Anomaly;
202609;AREA 3;BALI NUSRA;KUPANG;WKB;AOi42607011136017253c9450;0;Anomaly;
202609;AREA 3;BALI NUSRA;KUPANG;OSP;AOi42607210620396054531d0;0;Anomaly;
202609;AREA 1;SUMBAGSEL;LAMPUNG;BDA;AOi4260710053348342242fe0;1;Anomaly;
202609;AREA 1;SUMBAGUT;RANTAU PRAPAT;RAP;AOi426072806022629344c6e0;0;Anomaly;
202609;AREA 1;SUMBAGTENG;DUMAI;BKN;AOi4260723024200826b2a320;1;Anomaly;
202609;AREA 4;SULAWESI;MANADO;SFI;AOi4260728071851941702f10;0;Anomaly;
202609;AREA 4;SULAWESI;MANADO;TNT;AOk4260713075024359806bb0;0;Anomaly;
202609;AREA 3;JATIM;JEMBER;RGJ;AOi12607270537550244dd2a0;1;Anomaly;
202609;AREA 3;BALI NUSRA;DENPASAR;LVN;AOs3260709113836609110860;0;Anomaly;
202609;AREA 4;SULAWESI;GORONTALO;TLG;AOi42607150952094863f3020;0;Anomaly;
202609;AREA 3;BALI NUSRA;KUPANG;OSP;AOi4260706111622183a18e80;0;Anomaly;
202609;AREA 3;JATENG-DIY;SURAKARTA;BLO;AOi42607280418343922055c0;0;Anomaly;
202609;AREA 2;EASTERN JABOTABEK;KARAWANG;JBB;AOi4260713042743395102940;1;Anomaly;
202609;AREA 3;BALI NUSRA;DENPASAR;UBN;AOi1260630081834742f23d60;0;Anomaly;
202609;AREA 2;JABAR;CIREBON;CBN;AOi4260701103442005abb670;1;Anomaly;
202609;AREA 3;JATENG-DIY;PEKALONGAN;PML;AOs32607040101106108f5cc0;1;Anomaly;
202609;AREA 1;SUMBAGSEL;LAMPUNG;WJA;AOi426070112365816835f4c0;0;Anomaly;
202609;AREA 4;MALUKU DAN PAPUA;SORONG;TMB;AOi426072311290214426ecf0;0;Anomaly;
202609;AREA 4;SULAWESI;PALU;TEN;AOi4260724032215569f88650;1;Anomaly;
202609;AREA 1;SUMBAGTENG;BATAM;PNI;AOi4260718114551884501460;1;Anomaly;
202609;AREA 1;SUMBAGSEL;PANGKAL PINANG;TBI;AOi42607140227133151084d0;1;Anomaly;
202609;AREA 4;SULAWESI;PARE-PARE;MAM;AOi42607181153495816b8c70;0;Anomaly;
202609;AREA 2;CENTRAL JABOTABEK;NORTHERN JAKARTA;KTX;AOi42607070845180036e5450;1;Anomaly;
202609;AREA 2;JABAR;BANDUNG;LBG;AOi42607190136323084d59b0;1;Anomaly;
202609;AREA 1;SUMBAGUT;RANTAU PRAPAT;RAP;AOi4260709054247470ada710;0;Anomaly;
202609;AREA 2;JABAR;BANDUNG;CJA;AOk4260724011617066c75350;1;Anomaly;-45,25
202609;AREA 2;JABAR;CIREBON;PAB;AOi4260702094000197133070;1;Anomaly;
202609;AREA 1;SUMBAGTENG;PADANG;PDC;AOi4260630031959281f49dc0;0;Anomaly;
202609;AREA 4;SULAWESI;KENDARI;KKA;AOi4260721042544514b0c300;0;Anomaly;
202609;AREA 1;SUMBAGTENG;PEKANBARU;TBH;AOi4260719040005265a280e0;1;Anomaly;
202609;AREA 4;SULAWESI;GORONTALO;TLG;AOk4260706075626597421990;0;Comply;-0,42
202609;AREA 1;SUMBAGTENG;PADANG;LUG;AOi426070204144088244b1c0;0;Anomaly;
202609;AREA 3;JATIM;MALANG;BLB;AOi4260731115325033a207d0;0;Anomaly;
202609;AREA 1;SUMBAGSEL;LAMPUNG;LAM;AOi42607040327521732560c0;1;Anomaly;
202609;AREA 1;SUMBAGTENG;DUMAI;DUM;AOi4260719053622432d10120;0;Anomaly;
202609;AREA 1;SUMBAGUT;PADANG SIDEMPUAN;PSP;AOi4260702113846810e94d70;0;Comply;-69,29
202609;AREA 4;MALUKU DAN PAPUA;AMBON;DOB;AOi42607251233337880005e0;0;Anomaly;
202609;AREA 3;BALI NUSRA;DENPASAR;UBU;AOi42607050816172466125d0;1;Anomaly;
202609;AREA 4;SULAWESI;MANADO;TUT;AOi426070208075318585be80;1;Anomaly;
202609;AREA 1;SUMBAGTENG;DUMAI;TAK;AOi4260702125155962295a10;1;Anomaly;
202609;AREA 2;EASTERN JABOTABEK;KARAWANG;TAR;AOi42607290245545566a6140;1;Anomaly;
202609;AREA 1;SUMBAGTENG;DUMAI;DUM;AOi4260701081706260548360;0;Anomaly;
202609;AREA 1;SUMBAGSEL;BENGKULU;LLG;AOi4260722092347661ba4da0;1;Anomaly;
202609;AREA 1;SUMBAGTENG;PEKANBARU;PBB;AOi4260716032647761490340;0;Anomaly;
202609;AREA 1;SUMBAGTENG;PADANG;SUM;AOi4260730110943702364620;1;Anomaly;
202609;AREA 4;MALUKU DAN PAPUA;TIMIKA;TIM;AOi4260724033006343c36950;1;Anomaly;
202609;AREA 4;SULAWESI;MAKASSAR;MAT;AOs32607200929330352d0340;0;Anomaly;
202609;AREA 4;SULAWESI;MANADO;AMD;PDAk42607011126581162b2cb0;1;Anomaly;
202609;AREA 2;EASTERN JABOTABEK;BOGOR;CMO;AOi4260707043714546f3b100;1;Anomaly;
202609;AREA 4;KALIMANTAN;PANGKALAN BUN;NPN;AOi42607270511028093200c0;0;Anomaly;
202609;AREA 1;SUMBAGTENG;BUKIT TINGGI;SPE;AOi4260706030633048f99ba0;1;Anomaly;
202609;AREA 4;KALIMANTAN;PONTIANAK;PUT;AOk42607201036183669fd0b0;0;Anomaly;
202609;AREA 4;SULAWESI;KENDARI;KKA;AOi42607080138596570f1780;0;Anomaly;
202609;AREA 1;SUMBAGTENG;PADANG;PDS;AOi4260722085855519db3c30;1;Anomaly;
202609;AREA 4;KALIMANTAN;BALIKPAPAN;SAN;AOi4260727111240096d65b30;0;Anomaly;
202609;AREA 1;SUMBAGTENG;PEKANBARU;ARK;AOs32607151233222312bcc70;1;Anomaly;
202609;AREA 3;BALI NUSRA;DENPASAR;KLM;AOi426070109260316469a870;1;Anomaly;
202609;AREA 1;SUMBAGUT;PADANG SIDEMPUAN;SBG;AOi1260729104231350f30a80;0;Anomaly;
202609;AREA 1;SUMBAGUT;BANDA ACEH;SUS;AOi42607240725055634ad1a0;1;Anomaly;
202609;AREA 1;SUMBAGTENG;BUKIT TINGGI;SPE;AOi4260716104913880e680e0;0;Anomaly;
202609;AREA 2;JABAR;BANDUNG;BDK;AOi4260716090533276c436b0;1;Anomaly;
202609;AREA 4;KALIMANTAN;PONTIANAK;NGG;AOi4260723111737783ba4570;0;Anomaly;
202609;AREA 1;SUMBAGTENG;PADANG;BDT;AOi426072804345405636aeb0;1;Anomaly;
202609;AREA 1;SUMBAGTENG;BUKIT TINGGI;PUK;AOi4260728012935914808000;0;Anomaly;
202609;AREA 3;JATENG-DIY;MAGELANG;MUN;AOs3260728092731522000c90;1;Anomaly;
202609;AREA 3;JATIM;LAMONGAN;BDG;AOi42607220220017550d1480;1;Anomaly;
202609;AREA 1;SUMBAGTENG;BATAM;BTC;PDAk42607060810549812324c0;1;Anomaly;
202609;AREA 1;SUMBAGUT;BANDA ACEH;BNA;AOs32607091029159077385d0;0;Anomaly;
202609;AREA 1;SUMBAGTENG;BUKIT TINGGI;PAM;AOi4260711040224586bf0700;1;Anomaly;
202609;AREA 2;JABAR;CIREBON;PAB;AOi42607021130162693a3da0;1;Anomaly;-14,33
202609;AREA 4;KALIMANTAN;PONTIANAK;BKY;AOi42607071122515634fade0;1;Anomaly;
202609;AREA 1;SUMBAGUT;BANDA ACEH;DAR;AOi4260720124721027520e20;1;Anomaly;
202609;AREA 2;JABAR;TASIKMALAYA;TSM;AOi42607250859059545b6220;0;Anomaly;
202609;AREA 2;EASTERN JABOTABEK;KARAWANG;TLJ;AOi426071604020540619ccd0;0;Anomaly;
202609;AREA 2;CENTRAL JABOTABEK;NORTHERN JAKARTA;TPR;AOi12607041144035061beae0;1;Anomaly;
202609;AREA 4;KALIMANTAN;PONTIANAK;SAO;AOi4260705015443808769cd0;0;Anomaly;
202609;AREA 4;SULAWESI;MANADO;TMH;AOi12607210604336521c0e70;1;Anomaly;-1,42
202609;AREA 2;CENTRAL JABOTABEK;SOUTHERN JAKARTA;KRG;AOs32607030515574006fa420;1;Anomaly;
202609;AREA 3;BALI NUSRA;DENPASAR;KLM;AOi4260716124338272e674e0;0;Anomaly;
202609;AREA 2;WESTERN JABOTABEK;SERANG;SEG;PDAk4260731123516303e8fc30;1;Anomaly;
202609;AREA 2;CENTRAL JABOTABEK;NORTHERN JAKARTA;CKG;AOi4260720123913426d21930;1;Anomaly;
202609;AREA 4;KALIMANTAN;PONTIANAK;STA;AOi42607220703191782e9b90;1;Anomaly;
202609;AREA 2;CENTRAL JABOTABEK;SOUTHERN JAKARTA;GBI;AOi4260728042224071cb00f0;1;Anomaly;
202609;AREA 4;SULAWESI;PALU;BKU;AOk4260707125933068783ca0;1;Anomaly;
202609;AREA 2;EASTERN JABOTABEK;BEKASI;CSL;AOi426070909470423315c770;1;Anomaly;
202609;AREA 2;JABAR;BANDUNG;LBG;AOi4260721030928644e50dd0;0;Anomaly;
202609;AREA 2;JABAR;BANDUNG;CSA;AOi42607180430461207c3ae0;1;Anomaly;
202609;AREA 4;SULAWESI;PARE-PARE;PIN;AOi4260701021330334050350;0;Anomaly;
202609;AREA 4;KALIMANTAN;PALANGKARAYA;PYM;AOk42607290243310579c5620;1;Anomaly;79,99
202609;AREA 1;SUMBAGUT;BANDA ACEH;DAR;AOi4260714091755416330400;0;Anomaly;
202609;AREA 4;KALIMANTAN;BANJARMASIN;BJM;AOi4260714105530173f81900;1;Anomaly;
202609;AREA 4;KALIMANTAN;PANGKALAN BUN;KTP;AOi4260729064949404e30960;0;Anomaly;
202609;AREA 3;JATIM;SURABAYA;MGO;AOi1260702061751645858680;1;Anomaly;
202609;AREA 2;CENTRAL JABOTABEK;NORTHERN JAKARTA;CKG;AOi4260720123913426d21930;1;Anomaly;
202609;AREA 4;MALUKU DAN PAPUA;JAYAPURA;JAP;AOi42607200853243306f4ed0;0;Anomaly;
202609;AREA 1;SUMBAGSEL;BENGKULU;CRP;AOi4260728120730978046990;1;Anomaly;
202609;AREA 3;BALI NUSRA;MATARAM;MTR;AOi4260703023706894d454b0;0;Comply;-139,79
202609;AREA 3;JATIM;LAMONGAN;DDS;AOi42607010904178089be9e0;1;Anomaly;
202609;AREA 4;MALUKU DAN PAPUA;SORONG;MWR;AOi42607150703459848ee710;0;Anomaly;
202609;AREA 4;SULAWESI;KENDARI;PMA;AOi426070902254443391c8f0;0;Anomaly;
202609;AREA 1;SUMBAGUT;BANDA ACEH;MBO;AOi42607021003054043f9130;1;Anomaly;
202609;AREA 3;BALI NUSRA;KUPANG;WGP;AOi4260725011247969b83fe0;1;Anomaly;
202609;AREA 4;SULAWESI;MANADO;TOB;AOk4260720055406723648610;0;Anomaly;
202609;AREA 3;BALI NUSRA;DENPASAR;APR;AOi42607240156486242c2e10;1;Anomaly;
202609;AREA 4;SULAWESI;PALU;PSO;AOk42607140947515149663e0;1;Anomaly;
202609;AREA 3;JATIM;SURABAYA;KLN;AOi4260717111209088a663f0;1;Anomaly;
202609;AREA 1;SUMBAGSEL;LAMPUNG;BDA;AOi4260724022649156d214f0;1;Anomaly;
202609;AREA 2;WESTERN JABOTABEK;SERANG;LGK;AOk4260727112322375b3f240;1;Anomaly;
202609;AREA 1;SUMBAGSEL;LAMPUNG;MET;AOi4260726083203273caaa30;1;Anomaly;
202609;AREA 2;JABAR;SOREANG;CKI;AOi42607221033291344c53b0;0;Anomaly;
202609;AREA 3;JATENG-DIY;PURWOKERTO;MAN;AOk426071303023868901d640;0;Anomaly;
202609;AREA 2;CENTRAL JABOTABEK;SOUTHERN JAKARTA;PSM;AOi12607251028075704be350;1;Anomaly;
202609;AREA 4;SULAWESI;MAKASSAR;SUD;AOi4260729095428797f09aa0;1;Anomaly;
202609;AREA 4;KALIMANTAN;BALIKPAPAN;TGG;AOi426070411181129895bf90;1;Anomaly;
202609;AREA 3;JATIM;SURABAYA;MYR;AOi4260707025441371f8bb60;0;Anomaly;
202609;AREA 1;SUMBAGUT;WESTERN MEDAN;KSG;AOi42607191039092530a35e0;0;Anomaly;
202609;AREA 1;SUMBAGUT;BANDA ACEH;DAR;AOk4260713045944553d91f80;0;Anomaly;
202609;AREA 4;KALIMANTAN;SAMARINDA;PAA;AOi4260702090716940b2bc90;0;Anomaly;
202609;AREA 1;SUMBAGSEL;BENGKULU;MKO;AOi4260715074303649d8f2d0;1;Anomaly;
202609;AREA 3;JATENG-DIY;YOGYAKARTA;BTL;AOi4260706101641678754000;1;Anomaly;
202609;AREA 1;SUMBAGTENG;PADANG;SGD;AOi4260711121407025994a70;1;Anomaly;
202609;AREA 2;JABAR;BANDUNG;NJG;AOi4260729055804448bd0640;1;Anomaly;
202609;AREA 3;BALI NUSRA;KUPANG;ATB;AOs3260630070829544ded1f0;0;Anomaly;
202609;AREA 4;SULAWESI;MANADO;TNT;AOi12606270236036631d5340;0;Anomaly;
202609;AREA 4;SULAWESI;KENDARI;MDG;AOi426071703201071790f860;0;Anomaly;
202609;AREA 2;CENTRAL JABOTABEK;NORTHERN JAKARTA;MRY;AOs3260626060826726b7c800;0;Anomaly;
202609;AREA 3;BALI NUSRA;DENPASAR;KLM;AOi42607120355181947a80c0;1;Anomaly;
202609;AREA 1;SUMBAGSEL;JAMBI;MAB;AOi42607080717202174a4960;1;Anomaly;
202609;AREA 1;SUMBAGUT;BANDA ACEH;BIR;AOi4260710101745269bd3cc0;0;Anomaly;
202609;AREA 1;SUMBAGSEL;BENGKULU;IPU;AOk42607130415308708f26b0;1;Anomaly;
202609;AREA 3;BALI NUSRA;FLORES;LBO;AOi42607040359042186f50e0;0;Anomaly;
202609;AREA 2;JABAR;BANDUNG;UBR;AOi4260701121447984c48360;0;Anomaly;
202609;AREA 3;BALI NUSRA;KUPANG;TNA;AOi4260715031453935d7cbd0;0;Anomaly;
202609;AREA 4;SULAWESI;MAKASSAR;TMA;AOs32606260603599668d1a10;1;Anomaly;
202609;AREA 3;JATIM;SURABAYA;JGR;AOi4260716073843991011280;1;Anomaly;
202609;AREA 3;BALI NUSRA;MATARAM;DMP;AOi4260713051259332712ef0;1;Anomaly;
202609;AREA 3;BALI NUSRA;DENPASAR;UBU;AOi4260725114514684d551c0;1;Anomaly;
202609;AREA 4;SULAWESI;PALU;BKU;AOi42607130334152553ca450;1;Anomaly;
202609;AREA 1;SUMBAGUT;CENTRAL MEDAN;SPM;AOi4260728025743047d34550;0;Anomaly;
202609;AREA 4;SULAWESI;PARE-PARE;PIN;AOb026062906323961660a780;1;Anomaly;
202609;AREA 1;SUMBAGTENG;DUMAI;BGU;AOi4260724111703974579f40;1;Anomaly;
202609;AREA 3;JATENG-DIY;PURWOKERTO;SDJ;AOi4260730043445582af50a0;0;Anomaly;
202609;AREA 4;KALIMANTAN;PALANGKARAYA;BNT;AOi42607100625499622c8f80;0;Anomaly;
202609;AREA 4;KALIMANTAN;PONTIANAK;SEI;AOi426072210030804309f320;1;Anomaly;
202609;AREA 4;SULAWESI;MAKASSAR;TKA;AOi4260723030109503bb12e0;0;Anomaly;
202609;AREA 1;SUMBAGUT;CENTRAL MEDAN;SKI;AOi4260707112750813c3fc70;0;Comply;-17,96
202609;AREA 2;JABAR;BANDUNG;PDL;AOk42607130245513492d5740;1;Anomaly;
202609;AREA 2;WESTERN JABOTABEK;SERANG;RKS;AOi4260727082319554e06a70;1;Anomaly;
202609;AREA 4;KALIMANTAN;PONTIANAK;PUT;AOi426072412593216567aa70;1;Anomaly;
202609;AREA 3;JATIM;MADIUN;PPR;PDAk4260711091638250136f90;1;Anomaly;
202609;AREA 2;WESTERN JABOTABEK;TANGERANG;CPA;AOb0260709014511434cd4170;1;Anomaly;
202609;AREA 2;CENTRAL JABOTABEK;NORTHERN JAKARTA;CKG;AOb02607271053246465b6cb0;0;Anomaly;
202609;AREA 3;JATENG-DIY;PURWOKERTO;PWT;AOk4260714023240860a9b3f0;1;Anomaly;
202609;AREA 3;BALI NUSRA;MATARAM;MTR;AOi4260630104720378d80e80;0;Anomaly;
202609;AREA 3;JATENG-DIY;PURWOKERTO;BYM;AOi4260715094538117875c20;0;Anomaly;
202609;AREA 1;SUMBAGTENG;PEKANBARU;PKR;AOi4260706044212498d558c0;1;Anomaly;
202609;AREA 4;SULAWESI;MAKASSAR;PNK;AOi4260710075034722a9f4d0;1;Anomaly;
202609;AREA 4;SULAWESI;MAKASSAR;BAR;AOi4260701115501301216ab0;0;Anomaly;
202609;AREA 4;KALIMANTAN;PONTIANAK;STG;AOi426072612353936081c700;0;Anomaly;
202609;AREA 3;JATIM;SURABAYA;GBG;AOi42607130353443863938b0;0;Anomaly;
202609;AREA 3;JATIM;SURABAYA;KPS;AOi42607220822198470ca660;1;Anomaly;
202609;AREA 2;WESTERN JABOTABEK;TANGERANG;LKG;AOk42607280149108712759d0;1;Anomaly;
202609;AREA 1;SUMBAGTENG;PADANG;PDC;AOi4260724095055472e50cc0;1;Anomaly;
202609;AREA 1;SUMBAGUT;CENTRAL MEDAN;PUB;AOi4260726010650483b89ae0;0;Anomaly;
202609;AREA 2;WESTERN JABOTABEK;SERANG;RKS;AOi4260728102938468044640;1;Anomaly;
202609;AREA 2;EASTERN JABOTABEK;KARAWANG;JBB;AOi42607241139164870c6600;1;Anomaly;
202609;AREA 3;BALI NUSRA;DENPASAR;KLM;AOi426070110504117046e9e0;0;Anomaly;
202609;AREA 4;KALIMANTAN;SAMARINDA;LOB;AOi12607150433245480e5950;0;Anomaly;
202609;AREA 4;SULAWESI;MAKASSAR;SUD;AOi4260723081536980c743b0;1;Anomaly;
202609;AREA 3;BALI NUSRA;DENPASAR;UBN;AOs32607091007096278e72d0;1;Anomaly;
202609;AREA 4;SULAWESI;MAKASSAR;TKA;AOi4260630022850441760d10;1;Anomaly;
202609;AREA 4;SULAWESI;PARE-PARE;MAM;AOi42607181153495816b8c70;1;Anomaly;
202609;AREA 4;MALUKU DAN PAPUA;SORONG;BTI;AOi4260728043201497b7c8b0;1;Anomaly;
202609;AREA 1;SUMBAGSEL;PANGKAL PINANG;TJN;AOi426072804173977268cff0;1;Anomaly;
202609;AREA 3;JATIM;LAMONGAN;GSK;AOi4260630122109000b3e2b0;1;Anomaly;
202609;AREA 3;JATIM;MADIUN;NJK;AOi42607291008092777c6690;0;Anomaly;
202609;AREA 2;CENTRAL JABOTABEK;SOUTHERN JAKARTA;KRG;AOi1260722042351505ebdd40;1;Anomaly;
202609;AREA 3;JATENG-DIY;PEKALONGAN;PML;AOi4260727025315707998050;0;Anomaly;
202609;AREA 3;BALI NUSRA;DENPASAR;KLM;AOi4260716124338272e674e0;1;Anomaly;
202609;AREA 3;BALI NUSRA;FLORES;LBO;AOs3260720083109298934490;0;Anomaly;
202609;AREA 3;JATENG-DIY;SEMARANG;MJP;AOi4260701020746758ff2170;1;Anomaly;
202609;AREA 1;SUMBAGSEL;LAMPUNG;TKB;AOi42607230119225100fa4a0;1;Anomaly;
202609;AREA 1;SUMBAGTENG;BUKIT TINGGI;BSK;AOi426070106390090476e430;0;Anomaly;
202609;AREA 1;SUMBAGUT;BANDA ACEH;BPD;AOi426071107170690182ed10;0;Anomaly;
202609;AREA 4;KALIMANTAN;PONTIANAK;STG;AOi426070611093537892a030;0;Anomaly;
202609;AREA 4;SULAWESI;KENDARI;MDG;AOi4260717085802050f5b2d0;1;Anomaly;
202609;AREA 1;SUMBAGUT;PADANG SIDEMPUAN;GST;AOi42607150705163428031d0;0;Anomaly;
202609;AREA 2;CENTRAL JABOTABEK;SOUTHERN JAKARTA;GAN;AOs3260723030003526cebe50;0;Comply;-65,93
202609;AREA 1;SUMBAGUT;CENTRAL MEDAN;SPM;AOi12607161019013716741d0;0;Anomaly;
202609;AREA 1;SUMBAGTENG;DUMAI;BGU;AOi4260726031058055956fc0;1;Anomaly;
202609;AREA 4;SULAWESI;MANADO;MDO;AOi4260726112442240caeed0;1;Anomaly;
202609;AREA 4;MALUKU DAN PAPUA;SORONG;BTI;AOi4260714033133219e151b0;1;Anomaly;
202609;AREA 4;MALUKU DAN PAPUA;SORONG;BTI;AOi4260721045124775b1ea20;1;Anomaly;
202609;AREA 4;MALUKU DAN PAPUA;SORONG;BTI;AOi4260729042436031d7ff90;1;Anomaly;
202609;AREA 4;KALIMANTAN;PONTIANAK;STG;AOi42607280325218599a83d0;0;Anomaly;
202609;AREA 4;SULAWESI;PARE-PARE;MAM;AOi426073001293767918ff90;1;Anomaly;
202609;AREA 3;JATIM;SURABAYA;MYR;AOi4260725053420622cd16f0;1;Anomaly;-21,67
202609;AREA 4;SULAWESI;PALU;KOL;AOs3260627063924066767860;1;Anomaly;
202609;AREA 2;JABAR;SOREANG;BJA;AOi4260713024132814bda670;1;Anomaly;
202609;AREA 1;SUMBAGSEL;LAMPUNG;TKB;AOi4260710030156945c884d0;0;Anomaly;
202609;AREA 3;JATENG-DIY;YOGYAKARTA;SMN;AOi4260720123203771dfc2d0;1;Anomaly;
202609;AREA 2;WESTERN JABOTABEK;SERANG;TGR;AOi42607071036476293d9c40;0;Anomaly;
202609;AREA 3;BALI NUSRA;DENPASAR;SGR;AOi4260721063621482446e70;1;Anomaly;
202609;AREA 2;CENTRAL JABOTABEK;NORTHERN JAKARTA;SMI;AOi1260718075038862c9a600;0;Anomaly;
202609;AREA 4;MALUKU DAN PAPUA;SORONG;BTI;AOi4260707035501229f11310;1;Anomaly;
202609;AREA 4;MALUKU DAN PAPUA;SORONG;MWR;AOi426072303461572672e040;1;Anomaly;380,04
202609;AREA 4;MALUKU DAN PAPUA;SORONG;BTI;AOi4260721032806905bde8b0;1;Anomaly;
202609;AREA 1;SUMBAGSEL;BENGKULU;BNC;AOi4260715043249722582f70;0;Anomaly;
202609;AREA 4;KALIMANTAN;PONTIANAK;SRY;AOi42607101105292310cb990;0;Anomaly;
202609;AREA 3;JATIM;SURABAYA;KPS;AOi4260722094409854f7a370;1;Anomaly;
202609;AREA 4;SULAWESI;MANADO;JLL;AOi4260729085143657b1f6e0;0;Anomaly;
202609;AREA 1;SUMBAGTENG;BATAM;BUM;PDAk4260707054720425fbe910;1;Anomaly;
202609;AREA 1;SUMBAGTENG;BUKIT TINGGI;PUK;AOi42607270317068407035a0;0;Anomaly;
202609;AREA 1;SUMBAGSEL;BENGKULU;CRP;AOi426072507570393924f220;0;Anomaly;
202609;AREA 4;MALUKU DAN PAPUA;SORONG;BTI;AOi4260707040226001f1e3c0;1;Anomaly;
202609;AREA 4;KALIMANTAN;PONTIANAK;SPY;AOi426072308474800826cc90;0;Anomaly;
202609;AREA 3;JATENG-DIY;YOGYAKARTA;KBU;AOs326072209550279895d650;0;Comply;-40,76
202609;AREA 4;KALIMANTAN;SAMARINDA;SEM;AOi4260729084647699fb2cb0;0;Anomaly;
202609;AREA 1;SUMBAGSEL;BENGKULU;BNC;AOi4260709105818732150cb0;1;Anomaly;
202609;AREA 1;SUMBAGUT;BANDA ACEH;LOA;AOi4260725062711997d30540;0;Anomaly;
202609;AREA 4;SULAWESI;PALU;TWL;AOi1260701062600336601600;1;Anomaly;
202609;AREA 3;JATIM;SURABAYA;KPS;AOi4260715014123879c32880;1;Anomaly;
202609;AREA 1;SUMBAGUT;PEMATANG SIANTAR;TBT;AOi4260709115610502eae400;0;Anomaly;
202609;AREA 1;SUMBAGUT;BANDA ACEH;DAR;AOi426072101082247635d0e0;0;Anomaly;
202609;AREA 1;SUMBAGSEL;PANGKAL PINANG;PGP;AOi4260712064034600747a10;0;Anomaly;
202609;AREA 1;SUMBAGSEL;BENGKULU;BNC;AOi426071505004964362a090;0;Anomaly;
202609;AREA 2;CENTRAL JABOTABEK;NORTHERN JAKARTA;MKR;AOs3260727013942487bba3d0;1;Anomaly;
202609;AREA 4;MALUKU DAN PAPUA;SORONG;BTI;AOi4260706050356105b4a100;1;Anomaly;
202609;AREA 2;EASTERN JABOTABEK;KARAWANG;SMH;AOi42607230242050076262d0;1;Anomaly;
202609;AREA 2;EASTERN JABOTABEK;KARAWANG;SMH;AOi4260725011923396fd5000;1;Anomaly;
202609;AREA 3;JATIM;SURABAYA;GBG;AOk42607170647052854bd430;1;Anomaly;
202609;AREA 3;JATENG-DIY;PURWOKERTO;BJR;AOi42607190603194074de0b0;0;Anomaly;
202609;AREA 3;JATENG-DIY;SURAKARTA;SRG;AOi42607290512594741a4c80;1;Anomaly;
202609;AREA 1;SUMBAGTENG;BUKIT TINGGI;PRS;AOi4260727093704847af8660;1;Anomaly;
202609;AREA 3;BALI NUSRA;MATARAM;MTR;AOi4260725045429068133380;0;Anomaly;
202609;AREA 1;SUMBAGTENG;BUKIT TINGGI;SPE;AOi426071502182679248b470;1;Anomaly;
202609;AREA 1;SUMBAGTENG;DUMAI;DRI;AOi4260701112514379507070;1;Anomaly;6,53
202609;AREA 1;SUMBAGUT;CENTRAL MEDAN;LBP;AOi4260710070822781919c10;1;Anomaly;
202609;AREA 4;SULAWESI;MAKASSAR;TKA;AOi1260712111310915c80a00;1;Anomaly;
202609;AREA 4;SULAWESI;MANADO;AMD;AOi42607210541202273f9b90;1;Anomaly;
202609;AREA 2;CENTRAL JABOTABEK;NORTHERN JAKARTA;STR;AOi1260724111822178d97bd0;1;Anomaly;
202609;AREA 4;SULAWESI;PALU;PLB;AOi426071703291563556a4d0;0;Anomaly;
202609;AREA 1;SUMBAGTENG;BATAM;PNI;AOi4260729094914789b9f430;1;Anomaly;
202609;AREA 4;MALUKU DAN PAPUA;TIMIKA;MRK;AOi4260710080930273551000;1;Anomaly;
202609;AREA 4;SULAWESI;MANADO;JLL;AOi426072403164111945fdb0;1;Anomaly;
202609;AREA 1;SUMBAGTENG;BUKIT TINGGI;BKT;AOi4260714015229661fc6540;0;Anomaly;
202609;AREA 4;KALIMANTAN;BANJARMASIN;LUL;AOi4260701012427506cd68e0;0;Anomaly;
202609;AREA 4;MALUKU DAN PAPUA;SORONG;BTI;AOi42607060405388537060b0;1;Anomaly;
202609;AREA 3;JATENG-DIY;PURWOKERTO;CLC;AOi4260714084148474311890;0;Anomaly;
202609;AREA 3;JATENG-DIY;PEKALONGAN;KDW;AOi4260705093238143d65290;0;Anomaly;
202609;AREA 3;BALI NUSRA;DENPASAR;KLM;PDAk42607070525271282d1ef0;1;Anomaly;
202609;AREA 3;BALI NUSRA;DENPASAR;KLM;AOi426072512401697202f2f0;0;Anomaly;
202609;AREA 1;SUMBAGSEL;JAMBI;TTJ;AOi42607131010438699aef30;1;Anomaly;
202609;AREA 3;JATENG-DIY;PEKALONGAN;BLU;AOi42607111033534186aa010;1;Anomaly;
202609;AREA 3;BALI NUSRA;MATARAM;SWE;AOi4260710072033470526e30;1;Anomaly;
202609;AREA 1;SUMBAGTENG;BUKIT TINGGI;PDJ;AOi426070412240326321d420;0;Anomaly;
202609;AREA 3;BALI NUSRA;DENPASAR;UBN;AOi426071806091549291a460;0;Anomaly;
202609;AREA 3;BALI NUSRA;DENPASAR;UBN;AOi4260720101720099a8c150;0;Anomaly;
202609;AREA 4;KALIMANTAN;BALIKPAPAN;SEP;AOi4260711021147249889da0;1;Anomaly;
202609;AREA 4;KALIMANTAN;PONTIANAK;PTK;AOi4260721034018273b08f50;1;Anomaly;
202609;AREA 3;BALI NUSRA;MATARAM;TET;AOi426071010393598716ab80;0;Anomaly;
202609;AREA 1;SUMBAGTENG;BUKIT TINGGI;BSO;AOi4260702010629924b3d3e0;0;Anomaly;
202609;AREA 1;SUMBAGSEL;BENGKULU;CRP;AOi42607220533399669c8fc0;0;Anomaly;
202609;AREA 1;SUMBAGSEL;LAMPUNG;BDU;AOi4260725122759340be0e80;1;Anomaly;
202609;AREA 1;SUMBAGUT;RANTAU PRAPAT;TJB;AOi1260705123206175b58150;0;Anomaly;
202609;AREA 3;BALI NUSRA;DENPASAR;SRR;AOi42606291051317598c6750;0;Anomaly;
202609;AREA 4;MALUKU DAN PAPUA;AMBON;TUA;AOi4260715100528201ab2580;1;Anomaly;
202609;AREA 3;JATIM;MALANG;BRG;AOi426073011162168020f2b0;0;Anomaly;
202609;AREA 1;SUMBAGUT;PEMATANG SIANTAR;PMS;AOi426072208272961871c640;0;Anomaly;
202609;AREA 3;BALI NUSRA;DENPASAR;KLM;AOi42607130605164837810a0;0;Anomaly;
202609;AREA 2;JABAR;BANDUNG;UBR;AOk4260706104137165db7c30;0;Comply;-21,87
202609;AREA 2;CENTRAL JABOTABEK;NORTHERN JAKARTA;PDM;AOi4260711050609834b22a80;0;Anomaly;
202609;AREA 4;SULAWESI;MANADO;MDO;AOi42607141235159784f3fe0;0;Anomaly;
202609;AREA 4;KALIMANTAN;BANJARMASIN;SER;AOi12607120901167563dac50;0;Anomaly;
202609;AREA 3;BALI NUSRA;DENPASAR;UBN;AOi42607290507112410c5f20;1;Anomaly;
202609;AREA 4;SULAWESI;MAKASSAR;ANT;AOk4260723090017963f37d20;0;Anomaly;
202609;AREA 4;KALIMANTAN;PONTIANAK;STA;AOi426071509321294684cc10;0;Anomaly;
202609;AREA 4;SULAWESI;KENDARI;KKA;AOi4260723125712701d98cb0;0;Anomaly;
202609;AREA 1;SUMBAGTENG;BATAM;LBJ;AOi426071506331339194b4d0;0;Anomaly;
202609;AREA 4;SULAWESI;KENDARI;KKA;AOi4260721030838442608e30;0;Anomaly;
202609;AREA 2;EASTERN JABOTABEK;KARAWANG;SMH;AOi42607230242050076262d0;1;Anomaly;
202609;AREA 3;JATIM;SURABAYA;JGR;AOk4260708115045293911de0;0;Anomaly;
202609;AREA 4;MALUKU DAN PAPUA;SORONG;BTI;AOi426072808453682944c630;1;Anomaly;
202609;AREA 1;SUMBAGSEL;PALEMBANG;TAB;AOi42607120913114501240e0;1;Anomaly;
202609;AREA 3;JATIM;SIDOARJO;GEM;AOs3260725125715850517f70;0;Comply;-19,73
202609;AREA 4;KALIMANTAN;SAMARINDA;SMR;AOs326070905005081784fc80;1;Anomaly;
202609;AREA 1;SUMBAGTENG;PEKANBARU;PKR;AOi4260630123105629dc85d0;1;Anomaly;
202609;AREA 2;JABAR;BANDUNG;LBG;AOi42607270245594189a85e0;0;Anomaly;
202609;AREA 3;JATIM;SURABAYA;KPS;AOi42607091113590619496d0;0;Anomaly;
202609;AREA 2;CENTRAL JABOTABEK;NORTHERN JAKARTA;CKG;AOs32607150943369760a4270;1;Anomaly;
202609;AREA 1;SUMBAGUT;CENTRAL MEDAN;SKI;AOk4260725104642391457e90;0;Anomaly;
202609;AREA 1;SUMBAGTENG;BUKIT TINGGI;SIR;AOi42607260231215357aeda0;1;Anomaly;
202609;AREA 1;SUMBAGUT;BANDA ACEH;TKN;AOi426071910401309220c4f0;1;Anomaly;
202609;AREA 1;SUMBAGTENG;PEKANBARU;BKR;AOi4260715060803512adc3b0;1;Anomaly;
202609;AREA 3;JATIM;SIDOARJO;WRU;AOs32607091026290395088c0;0;Anomaly;
202609;AREA 4;KALIMANTAN;SAMARINDA;STT;AOi4260708011829169610210;1;Anomaly;
202609;AREA 4;KALIMANTAN;BANJARMASIN;TJL;AOi4260722073228512a9a8e0;0;Anomaly;
202609;AREA 2;JABAR;BANDUNG;PDL;AOi4260703023700875358600;1;Anomaly;
202609;AREA 4;SULAWESI;PARE-PARE;PLP;AOi4260729102103568028250;0;Anomaly;
202609;AREA 1;SUMBAGTENG;BUKIT TINGGI;PAM;AOi426070203310627588bf80;0;Anomaly;
202609;AREA 1;SUMBAGSEL;JAMBI;MAB;AOi42607290515390216f3ba0;1;Anomaly;
202609;AREA 4;SULAWESI;GORONTALO;ISM;AOi426071306162127176c060;1;Anomaly;
202609;AREA 1;SUMBAGUT;RANTAU PRAPAT;RAP;AOi426072304065208394c7f0;0;Anomaly;
202609;AREA 1;SUMBAGUT;CENTRAL MEDAN;SKI;AOi426071202584285976c810;1;Anomaly;
202609;AREA 3;JATIM;SIDOARJO;MRT;AOi42607021143585495a8a70;0;Comply;-17,25
202609;AREA 4;KALIMANTAN;TARAKAN;TRD;AOi426070105035033145cbe0;0;Anomaly;
202609;AREA 2;WESTERN JABOTABEK;TANGERANG;CPA;AOs3260715100042924de40b0;0;Anomaly;
202609;AREA 2;CENTRAL JABOTABEK;NORTHERN JAKARTA;CKG;AOi4260720123913426d21930;1;Anomaly;
202609;AREA 4;SULAWESI;PARE-PARE;PRE;AOk4260708105850279cc36c0;0;Anomaly;
202609;AREA 2;WESTERN JABOTABEK;SERANG;CRS;AOi426070105281543926b3e0;1;Anomaly;
202609;AREA 4;KALIMANTAN;BANJARMASIN;BBR;AOk4260729112539325b47380;0;Anomaly;
202609;AREA 1;SUMBAGUT;WESTERN MEDAN;KUL;AOi4260724093656771f99d80;0;Anomaly;
202609;AREA 1;SUMBAGUT;WESTERN MEDAN;KUL;AOi42607061008433879804d0;0;Anomaly;
202609;AREA 3;BALI NUSRA;DENPASAR;UBN;AOs32607091007096278e72d0;1;Anomaly;
202609;AREA 4;KALIMANTAN;PANGKALAN BUN;NPN;AOi4260716091323773d51290;0;Anomaly;
202609;AREA 1;SUMBAGSEL;BENGKULU;SPP;AOi4260729111828424276850;1;Anomaly;
202609;AREA 2;EASTERN JABOTABEK;BEKASI;DEP;AOi1260706104007816559230;0;Anomaly;
202609;AREA 3;JATENG-DIY;SURAKARTA;PEN;AOi4260725091049999c579d0;1;Anomaly;
202609;AREA 3;BALI NUSRA;DENPASAR;BLI;AOi4260702074829750ad6860;1;Anomaly;
202609;AREA 4;KALIMANTAN;PONTIANAK;ANJ;AOi4260718093857566b27610;1;Anomaly;
202609;AREA 4;SULAWESI;MANADO;MTA;AOi1260709080901018f64e40;1;Anomaly;
202609;AREA 3;JATIM;SURABAYA;RKT;AOi4260714024943881c575c0;0;Comply;-14,33
202609;AREA 2;JABAR;CIREBON;CBN;AOi12607070101317532dfd40;0;Anomaly;
202609;AREA 2;EASTERN JABOTABEK;BEKASI;KLB;AOi4260724015027348bbf060;1;Anomaly;
202609;AREA 3;BALI NUSRA;FLORES;MMR;AOi426072609404579136fec0;0;Anomaly;
202609;AREA 1;SUMBAGUT;WESTERN MEDAN;LSM;AOi426071203521987155d280;0;Anomaly;
202609;AREA 2;WESTERN JABOTABEK;TANGERANG;SRP;AOi4260704100433461137610;0;Anomaly;
202609;AREA 3;JATIM;MALANG;BLR;AOi4260724101202433b89410;1;Anomaly;
202609;AREA 3;JATENG-DIY;SURAKARTA;WRO;AOi4260703032613105288020;1;Anomaly;
202609;AREA 3;JATENG-DIY;YOGYAKARTA;PGR;PDAk4260717074344642243500;1;Anomaly;
202609;AREA 2;JABAR;CIREBON;PRD;AOi4260710055617120e4c330;0;Anomaly;
202609;AREA 2;EASTERN JABOTABEK;BOGOR;CLS;AOi126070410033754767aac0;1;Anomaly;
202609;AREA 3;JATIM;SURABAYA;JGR;AOi4260707033840548212720;0;Anomaly;
202609;AREA 2;JABAR;SOREANG;RCK;AOk426072004164528324ccd0;1;Anomaly;
202609;AREA 3;JATIM;MADIUN;NJK;AOi42607291008092777c6690;1;Anomaly;
202609;AREA 4;KALIMANTAN;PANGKALAN BUN;PBU;AOi4260703104827138c0a3f0;0;Anomaly;
202609;AREA 1;SUMBAGSEL;PALEMBANG;PDT;AOi42607200900451290ac700;0;Anomaly;
202609;AREA 3;BALI NUSRA;DENPASAR;UBU;AOi4260630065041526107f10;1;Anomaly;
202609;AREA 3;JATIM;SURABAYA;IJK;AOi4260711113536613114d30;0;Anomaly;
202609;AREA 1;SUMBAGSEL;BENGKULU;LLG;AOk42607081055237072406b0;1;Anomaly;
202609;AREA 3;JATENG-DIY;SEMARANG;MJP;AOi4260727055558531e4b050;1;Anomaly;
202609;AREA 1;SUMBAGTENG;DUMAI;BGU;AOi4260701043836741af2120;1;Anomaly;
202609;AREA 4;KALIMANTAN;BALIKPAPAN;BRU;AOi4260727032928746682060;0;Anomaly;
202609;AREA 4;KALIMANTAN;PANGKALAN BUN;KTP;AOi4260729064949404e30960;1;Anomaly;
202609;AREA 4;KALIMANTAN;PONTIANAK;SRY;AOi42607111114458426d8920;1;Anomaly;
202609;AREA 4;MALUKU DAN PAPUA;AMBON;ABO;AOi426070408431363999e0e0;0;Anomaly;
202609;AREA 3;JATENG-DIY;PURWOKERTO;CLC;AOi4260704063549646e4b800;0;Anomaly;
202609;AREA 2;EASTERN JABOTABEK;BEKASI;PKY;AOi1260717060850326a4d130;0;Comply;-11,78
202609;AREA 3;JATENG-DIY;SURAKARTA;MSO;AOk4260708092905760d5a890;1;Anomaly;
202609;AREA 2;JABAR;BANDUNG;CJA;AOs326072907484199267fa60;0;Anomaly;
202609;AREA 3;JATIM;MADIUN;CRB;AOi42607111132026183e5780;1;Anomaly;
202609;AREA 1;SUMBAGTENG;PADANG;SGD;AOi42607261046293587ff480;1;Anomaly;
202609;AREA 3;JATENG-DIY;MAGELANG;PWJ;AOi4260713080138985abc060;0;Anomaly;
202609;AREA 2;JABAR;BANDUNG;LBG;AOi426072402023456220bfa0;1;Anomaly;
202609;AREA 2;CENTRAL JABOTABEK;SOUTHERN JAKARTA;CWA;AOk4260701114917402b59610;0;Anomaly;
202609;AREA 4;SULAWESI;MANADO;BAH;AOi4260713082531191e3e340;0;Anomaly;
202609;AREA 2;WESTERN JABOTABEK;SERANG;CUG;AOi12607260625360520b45a0;1;Anomaly;
202609;AREA 2;JABAR;BANDUNG;CJA;AOi4260701081353047beeed0;0;Anomaly;
202609;AREA 3;JATIM;SURABAYA;ARB;AOi4260714030701411c32a50;0;Anomaly;
202609;AREA 3;BALI NUSRA;DENPASAR;NGR;AOs32607020919559115e54e0;0;Anomaly;
202609;AREA 4;KALIMANTAN;BALIKPAPAN;BAM;AOi4260714013552532b427c0;1;Anomaly;
202609;AREA 2;JABAR;BANDUNG;LBG;AOs326071202275682263f470;1;Anomaly;
202609;AREA 3;JATENG-DIY;PURWOKERTO;SUK;AOi4260724041200979738c60;0;Anomaly;
202609;AREA 4;SULAWESI;GORONTALO;TLG;AOi4260706110711758f61310;0;Anomaly;
202609;AREA 4;KALIMANTAN;BANJARMASIN;RTA;AOi12607130636158914071a0;0;Anomaly;
202609;AREA 2;EASTERN JABOTABEK;BOGOR;CLS;AOi42607061053073869618d0;0;Anomaly;
202609;AREA 2;CENTRAL JABOTABEK;NORTHERN JAKARTA;PDM;AOi42607291213257197f5fc0;1;Anomaly;
202609;AREA 1;SUMBAGTENG;DUMAI;PPN;AOi42607270505464505874b0;1;Anomaly;
202609;AREA 1;SUMBAGUT;CENTRAL MEDAN;LBP;AOi42607150906102589baa00;0;Anomaly;
202609;AREA 1;SUMBAGUT;BANDA ACEH;SMM;AOi42607121110521441ad3b0;1;Anomaly;
202609;AREA 2;EASTERN JABOTABEK;BOGOR;PAR;PDAk4260727031223634809320;1;Anomaly;
202609;AREA 1;SUMBAGTENG;DUMAI;DUM;AOi42607090842148171fd030;1;Anomaly;
202609;AREA 3;BALI NUSRA;FLORES;KLH;AOi4260723060716945834bd0;0;Anomaly;
202609;AREA 4;SULAWESI;KENDARI;KKA;AOk42607060338149157b1940;1;Anomaly;
202609;AREA 4;SULAWESI;MANADO;TOB;AOk4260707110649455e35820;1;Anomaly;
202609;AREA 2;WESTERN JABOTABEK;SERANG;PDG;AOi4260724125935236559d50;0;Anomaly;
202609;AREA 2;CENTRAL JABOTABEK;NORTHERN JAKARTA;KPK;AOk42607230321169780a0940;1;Anomaly;
202609;AREA 4;KALIMANTAN;SAMARINDA;BLN;AOi4260703110518505c21ed0;1;Anomaly;
202609;AREA 3;BALI NUSRA;DENPASAR;UBN;AOi4260721024833567c8a500;0;Anomaly;
202609;AREA 4;SULAWESI;MAKASSAR;PNK;PDAk426071107473789299e010;1;Anomaly;
202609;AREA 3;BALI NUSRA;DENPASAR;UBN;AOi4260720022213911bf9a90;0;Anomaly;
202609;AREA 4;SULAWESI;PALU;PLA;AOi126072007281702585ff60;1;Anomaly;
202609;AREA 4;SULAWESI;KENDARI;MDG;AOi4260703041633330cc2400;0;Anomaly;
202609;AREA 3;JATENG-DIY;PURWOKERTO;PWT;AOi426072809103118518a7f0;0;Anomaly;
202609;AREA 3;BALI NUSRA;KUPANG;OSP;AOi42607031257422766bd4d0;0;Anomaly;
202609;AREA 4;SULAWESI;MAKASSAR;BAL;AOk426071501185449196bc10;0;Anomaly;
202609;AREA 1;SUMBAGSEL;PALEMBANG;MEM;AOi4260701111615693d0c8a0;1;Anomaly;
202609;AREA 3;JATENG-DIY;SEMARANG;SMT;AOi4260706065332095001bc0;1;Anomaly;
202609;AREA 1;SUMBAGSEL;LAMPUNG;BKM;AOi4260723054110749c46b60;0;Anomaly;
202609;AREA 3;JATIM;LAMONGAN;GSK;AOi426070211523572716b6c0;1;Anomaly;-47,03
202609;AREA 4;MALUKU DAN PAPUA;SORONG;BTI;AOi42607130138558929ba160;0;Anomaly;
202609;AREA 3;BALI NUSRA;DENPASAR;UBN;AOi4260717063742133acacb0;0;Anomaly;
202609;AREA 3;JATENG-DIY;SURAKARTA;GBU;AOi4260718095221098df3750;1;Anomaly;
202609;AREA 4;KALIMANTAN;PONTIANAK;BDO;AOi426073006492589581d2f0;1;Anomaly;
202609;AREA 4;MALUKU DAN PAPUA;AMBON;PAO;AOk42607290132577792e7a00;0;Anomaly;
202609;AREA 2;JABAR;CIREBON;CBN;AOi4260701103442005abb670;0;Anomaly;
202609;AREA 3;JATIM;MADIUN;PNZ;AOi4260709025418472b92580;1;Anomaly;
202609;AREA 3;JATENG-DIY;SURAKARTA;GLD;PDAk4260703090223576a66a30;1;Anomaly;-41,41
202609;AREA 3;JATIM;SURABAYA;KPS;AOi42607091113590619496d0;1;Anomaly;
202609;AREA 4;KALIMANTAN;BANJARMASIN;LUL;AOi4260709061621764b84620;0;Anomaly;
202609;AREA 1;SUMBAGUT;WESTERN MEDAN;BJI;AOi4260726092819781fcd210;0;Anomaly;
202609;AREA 1;SUMBAGUT;BANDA ACEH;SKL;AOi4260718102339314d02ac0;0;Anomaly;
202609;AREA 1;SUMBAGTENG;BUKIT TINGGI;LBA;AOi426071202313250645ee20;0;Anomaly;
202609;AREA 3;JATIM;SURABAYA;KJR;AOi4260725035318213801350;0;Anomaly;
202609;AREA 2;JABAR;CIREBON;CKC;AOi426063007333479294ce20;1;Anomaly;
202609;AREA 3;BALI NUSRA;FLORES;MMR;AOi42607201247025080fa350;0;Anomaly;
202609;AREA 3;JATENG-DIY;SURAKARTA;GLD;AOs3260707093137221952630;0;Anomaly;
202609;AREA 4;SULAWESI;KENDARI;MDG;PDAk426072101561471452c5b0;0;Anomaly;
202609;AREA 2;JABAR;CIREBON;CKC;AOi4260725122300287502150;1;Anomaly;
202609;AREA 1;SUMBAGTENG;BUKIT TINGGI;SPE;AOi426070110151630111da20;1;Anomaly;
202609;AREA 4;KALIMANTAN;PONTIANAK;BDO;AOi42607280522242534b63c0;1;Anomaly;
202609;AREA 4;MALUKU DAN PAPUA;JAYAPURA;SNI;AOi426072706033665287b060;0;Anomaly;
202609;AREA 4;SULAWESI;PARE-PARE;RTP;AOi4260702060045260d56000;0;Comply;-48,49
202609;AREA 1;SUMBAGUT;CENTRAL MEDAN;SPM;AOi42606301014561763336d0;0;Anomaly;
202609;AREA 4;MALUKU DAN PAPUA;SORONG;SON;AOi42607140404544340ad080;0;Anomaly;
202609;AREA 2;CENTRAL JABOTABEK;NORTHERN JAKARTA;SMI;AOi1260712050548973b4cbd0;1;Anomaly;
202609;AREA 2;JABAR;BANDUNG;DGO;AOi42607251224016145c9d90;1;Anomaly;
202609;AREA 1;SUMBAGUT;WESTERN MEDAN;KSG;AOi426070204282768322b9a0;0;Anomaly;
202609;AREA 3;JATIM;LAMONGAN;LMG;AOk4260713030633250e5fb00;1;Anomaly;
202609;AREA 2;WESTERN JABOTABEK;SERANG;SEG;AOi42607220424567020c35b0;1;Anomaly;
202609;AREA 3;JATENG-DIY;PEKALONGAN;SLW;AOi4260703111735943dd26f0;0;Anomaly;
202609;AREA 3;JATIM;SURABAYA;JGR;AOi4260706014906834e09f30;1;Anomaly;
202609;AREA 4;SULAWESI;PARE-PARE;PIN;AOi4260718071521598f91e70;0;Comply;-19,05
202609;AREA 4;SULAWESI;MANADO;TDN;AOi126070908300887839cd40;1;Anomaly;
202609;AREA 2;WESTERN JABOTABEK;SERANG;LGK;AOi42607140408389431e0430;0;Anomaly;
202609;AREA 2;JABAR;CIREBON;CKC;AOi4260715105621429b83e80;1;Anomaly;-20,88
202609;AREA 1;SUMBAGUT;CENTRAL MEDAN;TJR;AOk426070808344720557d010;0;Anomaly;
202609;AREA 2;JABAR;CIREBON;CKC;AOi42607291209244344f44d0;1;Anomaly;
202609;AREA 4;SULAWESI;KENDARI;UNH;AOi42607270907274234aab80;1;Anomaly;
202609;AREA 4;MALUKU DAN PAPUA;JAYAPURA;JAP;AOi1260722041054062ed96b0;0;Anomaly;
202609;AREA 1;SUMBAGSEL;LAMPUNG;KOT;AOi42607011038476462323d0;1;Anomaly;
202609;AREA 2;CENTRAL JABOTABEK;NORTHERN JAKARTA;MKR;AOs3260727013942487bba3d0;1;Anomaly;
202609;AREA 4;MALUKU DAN PAPUA;SORONG;SON;AOi4260713021744991213420;0;Anomaly;
202609;AREA 2;WESTERN JABOTABEK;SERANG;BJO;AOi4260708085159020889510;0;Anomaly;
202609;AREA 1;SUMBAGSEL;LAMPUNG;KBI;AOi4260702014429092dbdbe0;0;Anomaly;
202609;AREA 4;SULAWESI;PARE-PARE;MAM;AOi4260718022532623fb9110;1;Anomaly;
202609;AREA 4;SULAWESI;MANADO;TOB;AOk4260722062614685c9e950;1;Anomaly;
202609;AREA 3;BALI NUSRA;DENPASAR;JBR;AOi42607060426097854ee7c0;1;Anomaly;
202609;AREA 1;SUMBAGUT;CENTRAL MEDAN;TJM;AOi42607081241347885f3cc0;0;Anomaly;
202609;AREA 1;SUMBAGUT;WESTERN MEDAN;LSM;AOi4260703113436946175fc0;0;Anomaly;
202609;AREA 2;JABAR;BANDUNG;TLE;AOi4260705091938534b71bf0;1;Anomaly;
202609;AREA 2;EASTERN JABOTABEK;BEKASI;CNE;AOs3260701083528476863b80;1;Anomaly;
202609;AREA 4;KALIMANTAN;BANJARMASIN;RTA;AOi4260703042656476d7abe0;0;Anomaly;
202609;AREA 3;BALI NUSRA;DENPASAR;KLM;AOi42607010915317290c9ef0;1;Anomaly;
202609;AREA 1;SUMBAGUT;BANDA ACEH;BKJ;AOi426070912291590405b0e0;1;Anomaly;
202609;AREA 1;SUMBAGTENG;DUMAI;DRI;AOi4260726105327185743a80;1;Anomaly;
202609;AREA 4;SULAWESI;MANADO;AMR;AOi4260725083828146e65840;1;Anomaly;
202609;AREA 1;SUMBAGTENG;PADANG;PNN;AOk4260713035308187273190;1;Anomaly;
202609;AREA 3;BALI NUSRA;FLORES;KLH;AOi42607201020048573775b0;1;Anomaly;
202609;AREA 3;JATIM;SURABAYA;KLN;AOi4260706073421225dd2d80;1;Anomaly;
202609;AREA 3;JATENG-DIY;SEMARANG;BMK;AOs326070406075077947aa90;1;Anomaly;
202609;AREA 1;SUMBAGUT;BANDA ACEH;SKL;AOi4260709083441851b261a0;0;Anomaly;
202609;AREA 4;KALIMANTAN;PONTIANAK;STA;AOi4260723065654564117df0;1;Anomaly;
202609;AREA 4;MALUKU DAN PAPUA;JAYAPURA;SNI;AOk4260710094959382d890d0;0;Anomaly;
202609;AREA 1;SUMBAGUT;CENTRAL MEDAN;PUB;AOi42607041057432406e7ba0;0;Anomaly;
202609;AREA 1;SUMBAGSEL;LAMPUNG;TJK;AOi4260716125126624b979e0;1;Anomaly;
202609;AREA 4;KALIMANTAN;TARAKAN;SNY;AOi42607070626488270e9720;0;Anomaly;
202609;AREA 3;JATENG-DIY;PURWOKERTO;GML;AOi42607180803358659f4240;0;Anomaly;
202609;AREA 3;BALI NUSRA;MATARAM;SAP;AOi426071805212420644cfb0;1;Anomaly;
202609;AREA 4;KALIMANTAN;TARAKAN;TRK;AOi4260717031700779770500;0;Anomaly;
202609;AREA 2;JABAR;BANDUNG;CKW;AOi4260718071325502d22ba0;1;Anomaly;
202609;AREA 1;SUMBAGUT;WESTERN MEDAN;KGH;AOi42607080216380166b6e40;0;Anomaly;
202609;AREA 4;KALIMANTAN;PANGKALAN BUN;KWN;AOi4260722054727163b25790;0;Comply;-43,04
202609;AREA 2;CENTRAL JABOTABEK;SOUTHERN JAKARTA;KRG;AOs3260630105538681503140;1;Anomaly;-65,10
202609;AREA 2;JABAR;BANDUNG;LBG;AOi4260723105940670ef1530;0;Anomaly;
202609;AREA 1;SUMBAGTENG;PADANG;LBY;AOi42607061250475491940a0;1;Anomaly;
202609;AREA 1;SUMBAGTENG;BUKIT TINGGI;PYK;AOi42607190215436120f1480;1;Anomaly;
202609;AREA 1;SUMBAGTENG;BUKIT TINGGI;PDJ;AOi42607100413094909537f0;1;Anomaly;
202609;AREA 3;JATIM;SURABAYA;DMO;AOi4260702121437425fc6820;1;Anomaly;
202609;AREA 1;SUMBAGSEL;LAMPUNG;MGA;AOi42607121128134283524b0;1;Anomaly;
202609;AREA 4;MALUKU DAN PAPUA;TIMIKA;TIM;AOi426071003062484339a640;1;Anomaly;
202609;AREA 3;BALI NUSRA;MATARAM;MTR;AOi4260720105723005868aa0;1;Anomaly;
202609;AREA 3;JATENG-DIY;SEMARANG;PEC;AOi42607221042028015f03f0;0;Comply;-3,16
202609;AREA 3;JATENG-DIY;PEKALONGAN;KJE;AOi42607180336315599c4ce0;0;Anomaly;
202609;AREA 1;SUMBAGTENG;BUKIT TINGGI;SIU;AOs32607061036535956fe300;1;Anomaly;
202609;AREA 1;SUMBAGTENG;BUKIT TINGGI;PUK;AOi4260712114508151829ba0;1;Anomaly;
202609;AREA 1;SUMBAGUT;PEMATANG SIANTAR;PDN;AOi4260718103432524e5ec80;0;Anomaly;
202609;AREA 2;WESTERN JABOTABEK;SERANG;SEG;AOi426072509443371209d550;1;Anomaly;-18,38
202609;AREA 1;SUMBAGTENG;BUKIT TINGGI;TKU;AOi4260713085627006b971b0;1;Anomaly;
202609;AREA 3;JATIM;SURABAYA;KPS;AOi42607270239182529f9850;1;Anomaly;
202609;AREA 2;CENTRAL JABOTABEK;SOUTHERN JAKARTA;KAL;AOi4260706020518324a72280;0;Anomaly;
202609;AREA 1;SUMBAGUT;BANDA ACEH;LTM;AOi426070203020749669a2c0;1;Anomaly;
202609;AREA 2;CENTRAL JABOTABEK;SOUTHERN JAKARTA;PGG;AOi4260714110129628f7c740;0;Anomaly;
202609;AREA 1;SUMBAGTENG;BUKIT TINGGI;PYK;AOi42607210628353018910b0;0;Anomaly;
202609;AREA 4;KALIMANTAN;TARAKAN;TAJ;AOi426072409265001909c810;0;Anomaly;
202609;AREA 2;CENTRAL JABOTABEK;SOUTHERN JAKARTA;KRG;AOi42607060904165553ee7c0;1;Anomaly;
202609;AREA 4;SULAWESI;PARE-PARE;MAM;AOi42607111023423238f40e0;0;Anomaly;
202609;AREA 3;JATENG-DIY;MAGELANG;WTS;AOi42607240356029491debb0;1;Anomaly;
202609;AREA 1;SUMBAGTENG;BATAM;KMS;AOi426072103010299612a0a0;0;Anomaly;
202609;AREA 1;SUMBAGSEL;PANGKAL PINANG;TJN;AOi4260702054423809682fb0;0;Anomaly;
202609;AREA 2;JABAR;CIREBON;CKC;AOi426072906132710883b7e0;1;Anomaly;
202609;AREA 2;CENTRAL JABOTABEK;NORTHERN JAKARTA;KPK;AOk426071003003270791d1c0;0;Anomaly;
202609;AREA 4;KALIMANTAN;TARAKAN;TRK;AOi42607281232542177580e0;0;Anomaly;
202609;AREA 1;SUMBAGTENG;BUKIT TINGGI;PPJ;AOi1260720025914140aadee0;1;Anomaly;
202609;AREA 1;SUMBAGSEL;JAMBI;TTJ;AOi42607250946313039ae530;1;Anomaly;
202609;AREA 1;SUMBAGUT;PADANG SIDEMPUAN;SBG;AOi4260715121309216ea4200;0;Anomaly;
202609;AREA 1;SUMBAGUT;CENTRAL MEDAN;CTD;AOi426071801193296423f070;0;Anomaly;
202609;AREA 1;SUMBAGTENG;BUKIT TINGGI;PYK;AOs3260730115033361c39570;0;Anomaly;
202609;AREA 1;SUMBAGSEL;PANGKAL PINANG;KBO;AOi4260726020228512da82c0;1;Anomaly;
202609;AREA 1;SUMBAGTENG;BUKIT TINGGI;LBB;AOi42607080831076859d2920;1;Anomaly;
202609;AREA 4;KALIMANTAN;BANJARMASIN;TJL;AOi4260725101127332d45f10;1;Anomaly;-31,46
202609;AREA 1;SUMBAGSEL;JAMBI;SPN;AOi42607170342437301e0760;1;Anomaly;
202609;AREA 4;KALIMANTAN;BANJARMASIN;GMB;AOi426070810135901083a500;0;Anomaly;
202609;AREA 2;CENTRAL JABOTABEK;NORTHERN JAKARTA;TGA;AOi42607081010212905859b0;1;Anomaly;
202609;AREA 3;BALI NUSRA;MATARAM;MTR;AOi4260720034517014f57320;1;Anomaly;
202609;AREA 3;JATENG-DIY;SEMARANG;SMT;AOi426070612363969824a980;0;Comply;-21,51
202609;AREA 2;EASTERN JABOTABEK;BOGOR;SPL;AOi4260729040317298813130;1;Anomaly;
202609;AREA 1;SUMBAGUT;BANDA ACEH;LBR;AOi4260710024508153c82530;1;Anomaly;
202609;AREA 2;CENTRAL JABOTABEK;SOUTHERN JAKARTA;TBE;AOs3260702031939675014270;1;Anomaly;
202609;AREA 1;SUMBAGSEL;LAMPUNG;KDT;AOi4260725010555876f62040;0;Anomaly;
202609;AREA 2;CENTRAL JABOTABEK;NORTHERN JAKARTA;MKR;AOs3260727013942487bba3d0;1;Anomaly;
202609;AREA 4;SULAWESI;MAKASSAR;PNK;AOi42607220551250987971c0;1;Anomaly;
202609;AREA 1;SUMBAGTENG;BUKIT TINGGI;UGD;AOi4260704075524817e947f0;1;Anomaly;
202609;AREA 2;EASTERN JABOTABEK;KARAWANG;KLI;AOi4260717094113367733dc0;1;Anomaly;
202609;AREA 1;SUMBAGSEL;PALEMBANG;PGC;AOk4260731112849438e2d2a0;0;Anomaly;
202609;AREA 1;SUMBAGUT;WESTERN MEDAN;LGS;AOi4260718085105400415f80;0;Anomaly;
202609;AREA 1;SUMBAGUT;CENTRAL MEDAN;PDB;AOi4260726022615554b52ac0;1;Anomaly;
202609;AREA 1;SUMBAGUT;CENTRAL MEDAN;CTD;AOi4260728063659909cfe810;1;Anomaly;
202609;AREA 1;SUMBAGSEL;PANGKAL PINANG;JBS;AOi4260701060217174ac4950;1;Anomaly;
202609;AREA 1;SUMBAGUT;CENTRAL MEDAN;MDC;AOi4260722040639924072650;1;Anomaly;
202609;AREA 2;WESTERN JABOTABEK;TANGERANG;CPD;AOi4260710075958329b82490;0;Anomaly;
202609;AREA 4;SULAWESI;MAKASSAR;SUG;AOi1260704080821772a4d060;1;Anomaly;-73,82
202609;AREA 1;SUMBAGSEL;PANGKAL PINANG;MGR;AOi426071702103787496bc40;1;Anomaly;
202609;AREA 4;MALUKU DAN PAPUA;AMBON;MSH;AOk4260702091337369a2d3e0;1;Anomaly;
202609;AREA 4;KALIMANTAN;BALIKPAPAN;BRU;AOi4260713025132675e674d0;0;Anomaly;
202609;AREA 1;SUMBAGTENG;DUMAI;BKN;AOi4260706072634172297280;1;Anomaly;
202609;AREA 1;SUMBAGTENG;BATAM;LBJ;AOk426072812245373972cf00;0;Anomaly;
202609;AREA 3;BALI NUSRA;DENPASAR;SWI;AOi4260713081440687211e90;0;Anomaly;
202609;AREA 4;KALIMANTAN;PONTIANAK;PTK;AOi42607110430338222a5490;1;Anomaly;
202609;AREA 4;KALIMANTAN;BANJARMASIN;PLE;AOi42607200958462576002c0;0;Anomaly;
202609;AREA 4;MALUKU DAN PAPUA;SORONG;SON;AOi42607210622515845c0110;1;Anomaly;
202609;AREA 3;BALI NUSRA;KUPANG;KEF;AOk42607011049095717933f0;1;Anomaly;
202609;AREA 1;SUMBAGTENG;PADANG;SIE;AOi4260709123144260ffdfc0;0;Anomaly;
202609;AREA 3;BALI NUSRA;MATARAM;MTR;AOi4260713124452024ad6230;1;Anomaly;
202609;AREA 1;SUMBAGTENG;DUMAI;BKN;AOi4260720075505199c49460;1;Anomaly;
202609;AREA 1;SUMBAGUT;CENTRAL MEDAN;GLG;AOi4260721061024102615a30;0;Anomaly;
202609;AREA 1;SUMBAGUT;BANDA ACEH;BNN;AOi426070309461080894fb20;0;Anomaly;
202609;AREA 4;SULAWESI;PALU;PGM;AOi426072109312795457b9b0;0;Anomaly;
202609;AREA 1;SUMBAGTENG;DUMAI;BKN;AOi1260722065452572ec0380;1;Anomaly;
202609;AREA 1;SUMBAGUT;CENTRAL MEDAN;PUB;AOi42607270643394759901b0;1;Anomaly;
202609;AREA 1;SUMBAGUT;CENTRAL MEDAN;BLW;AOi4260703095853320206830;0;Anomaly;
202609;AREA 4;SULAWESI;KENDARI;MDG;AOs3260705123032698dddf10;1;Anomaly;-67,43
202609;AREA 1;SUMBAGUT;BANDA ACEH;TKN;AOi42607230630157141c47c0;0;Anomaly;
202609;AREA 4;SULAWESI;PARE-PARE;MAS;AOi42607290915255700bc330;0;Anomaly;
202609;AREA 4;MALUKU DAN PAPUA;TIMIKA;TIM;AOi4260706090659730986120;0;Anomaly;
202609;AREA 2;CENTRAL JABOTABEK;NORTHERN JAKARTA;PDM;AOi4260711050609834b22a80;0;Anomaly;
202609;AREA 3;JATENG-DIY;SURAKARTA;SLO;AOi426071310583453774d660;1;Anomaly;
202609;AREA 1;SUMBAGSEL;LAMPUNG;TJK;AOs32607021057355897e3880;0;Anomaly;
202609;AREA 2;EASTERN JABOTABEK;KARAWANG;PWK;AOs3260724124943862484cd0;0;Anomaly;
202609;AREA 1;SUMBAGUT;CENTRAL MEDAN;PUB;AOk426070309345178936cf80;0;Anomaly;
202609;AREA 1;SUMBAGUT;PEMATANG SIANTAR;SDK;AOi4260730103106761bf6120;0;Anomaly;
202609;AREA 4;KALIMANTAN;TARAKAN;JWT;AOi4260722122619125d0fc00;0;Anomaly;
202609;AREA 4;SULAWESI;PALU;TOL;AOi42607061142594816d0ca0;0;Anomaly;
202609;AREA 4;KALIMANTAN;BALIKPAPAN;SAN;AOi4260703103924843f3c750;0;Anomaly;
202609;AREA 4;KALIMANTAN;BANJARMASIN;TJL;AOi4260720125438825ab58e0;1;Anomaly;
202609;AREA 1;SUMBAGUT;CENTRAL MEDAN;BLW;AOi4260702023030660ab62e0;0;Anomaly;
202609;AREA 1;SUMBAGUT;CENTRAL MEDAN;TJM;AOk42607100314036896a5160;0;Anomaly;
202609;AREA 3;BALI NUSRA;DENPASAR;SGR;AOi4260711055618379bc32c0;0;Anomaly;
202609;AREA 4;SULAWESI;PALU;PLA;AOi4260709063302226ed3830;1;Anomaly;
202609;AREA 1;SUMBAGTENG;PADANG;TWI;AOi4260704100014796320010;1;Anomaly;
202609;AREA 3;BALI NUSRA;DENPASAR;NSD;AOi426073004291108060fa40;0;Anomaly;
202609;AREA 3;BALI NUSRA;DENPASAR;TBN;AOi4260704024705967adb030;0;Anomaly;
202609;AREA 1;SUMBAGUT;WESTERN MEDAN;PBD;AOi4260714035900794898f90;0;Anomaly;
202609;AREA 3;BALI NUSRA;KUPANG;OSP;AOi4260713043849908c08300;0;Anomaly;
202609;AREA 1;SUMBAGTENG;DUMAI;BKN;AOi426071308321002536f210;1;Anomaly;
202609;AREA 1;SUMBAGSEL;PALEMBANG;SBU;AOi4260720091819916245070;0;Anomaly;
202609;AREA 3;JATIM;SURABAYA;GBG;AOi4260630093833661884df0;1;Anomaly;
202609;AREA 4;SULAWESI;KENDARI;KDR;AOi426062103344908074cb00;1;Anomaly;
202609;AREA 3;BALI NUSRA;DENPASAR;JBR;AOi126063001003490048b020;1;Anomaly;
202609;AREA 4;SULAWESI;PALU;PLB;AOi4260703042148801cdde40;1;Anomaly;
202609;AREA 4;SULAWESI;PARE-PARE;PLP;AOi42607090420012933b9590;0;Anomaly;
202609;AREA 4;KALIMANTAN;PONTIANAK;BDO;AOi42607280522242534b63c0;1;Anomaly;
202609;AREA 4;SULAWESI;KENDARI;BBU;AOb0260705061139180f5da40;1;Anomaly;
202609;AREA 2;JABAR;BANDUNG;LBG;AOi4260720114157827ee3650;0;Anomaly;
202609;AREA 1;SUMBAGTENG;PEKANBARU;PKR;AOs3260630064313278b78940;0;Anomaly;
202609;AREA 4;MALUKU DAN PAPUA;SORONG;KIN;AOi42607290958277554a4930;0;Anomaly;
202609;AREA 1;SUMBAGTENG;BATAM;LBJ;AOi42607150942078198ca570;0;Anomaly;
202609;AREA 1;SUMBAGUT;RANTAU PRAPAT;RAP;AOi426072304065208394c7f0;0;Anomaly;
202609;AREA 1;SUMBAGUT;BANDA ACEH;TKN;AOi42607020413217357d2c50;0;Anomaly;
202609;AREA 3;JATIM;SURABAYA;OMB;AOi4260710092528560c10380;0;Anomaly;
202609;AREA 2;EASTERN JABOTABEK;BOGOR;PAR;AOs3260719102525052140910;0;Anomaly;
202609;AREA 1;SUMBAGTENG;PADANG;TWI;AOi426071405011473368f660;1;Anomaly;
202609;AREA 4;MALUKU DAN PAPUA;AMBON;MSH;AOk42607100836100973af2f0;0;Anomaly;
202609;AREA 2;CENTRAL JABOTABEK;SOUTHERN JAKARTA;BIN;PDAk4260721114652324a52860;1;Anomaly;
202609;AREA 1;SUMBAGUT;RANTAU PRAPAT;PRA;AOi426071609515489947bab0;1;Anomaly;
202609;AREA 4;MALUKU DAN PAPUA;TIMIKA;TIM;AOi12607181042513188bea60;1;Anomaly;
202609;AREA 3;BALI NUSRA;DENPASAR;KLM;AOi4260716124338272e674e0;0;Anomaly;
202609;AREA 4;SULAWESI;PARE-PARE;PLP;AOi4260724125335689069790;1;Anomaly;
202609;AREA 4;SULAWESI;PALU;DGL;AOi4260721095448869e36f90;1;Anomaly;
202609;AREA 3;JATENG-DIY;PEKALONGAN;BTG;AOi4260630071539149ec3d90;0;Anomaly;
202609;AREA 3;JATIM;SURABAYA;BKL;AOi42607020202244957cafc0;0;Anomaly;
202609;AREA 3;JATENG-DIY;PEKALONGAN;TEG;AOi42607200233482629d29e0;0;Anomaly;
202609;AREA 1;SUMBAGTENG;BUKIT TINGGI;LBA;AOi4260723120045798935640;1;Anomaly;
202609;AREA 1;SUMBAGUT;BANDA ACEH;KTN;AOs326071002320381852a1c0;0;Anomaly;
202609;AREA 1;SUMBAGUT;BANDA ACEH;TKN;AOi4260725111240480dcc5b0;0;Anomaly;
202609;AREA 4;MALUKU DAN PAPUA;TIMIKA;TIM;AOi4260722023543591eab6a0;0;Anomaly;
202609;AREA 4;SULAWESI;KENDARI;BBU;AOb0260705061139180f5da40;1;Anomaly;
202609;AREA 1;SUMBAGUT;BANDA ACEH;BNN;AOi4260724054200810aa96b0;0;Anomaly;
202609;AREA 1;SUMBAGUT;CENTRAL MEDAN;TMU;AOi4260707063038281713090;0;Anomaly;
202609;AREA 1;SUMBAGUT;BANDA ACEH;TKN;AOi42607300906119157928c0;0;Anomaly;
202609;AREA 3;JATIM;LAMONGAN;GSK;AOi42607081219135314ca250;0;Anomaly;
202609;AREA 2;JABAR;TASIKMALAYA;GRU;AOi42607281143161775a9dd0;0;Anomaly;
202609;AREA 2;JABAR;BANDUNG;LBG;AOs32607280323250370e6dc0;1;Anomaly;-64,49
202609;AREA 1;SUMBAGUT;BANDA ACEH;TKN;AOi4260723101645172236a30;1;Anomaly;
202609;AREA 3;JATIM;LAMONGAN;GSK;AOi4260715115313878277c00;1;Anomaly;
202609;AREA 1;SUMBAGUT;BANDA ACEH;TKN;AOi4260720085326474e83160;0;Anomaly;
202609;AREA 1;SUMBAGUT;RANTAU PRAPAT;RAP;AOi4260715114001242317e70;0;Anomaly;
202609;AREA 3;JATIM;LAMONGAN;GSK;AOi4260705014038760ca2ea0;0;Anomaly;
202609;AREA 2;JABAR;SOREANG;CWD;AOi4260719013116580fdc460;1;Anomaly;
202609;AREA 3;BALI NUSRA;DENPASAR;NSD;AOi426071810184971629afb0;0;Anomaly;
202609;AREA 3;JATIM;SURABAYA;GBG;AOi42607300125162100b4040;0;Anomaly;
202609;AREA 3;JATIM;LAMONGAN;GSK;AOk42607070835378289db700;0;Anomaly;
202609;AREA 1;SUMBAGSEL;BENGKULU;TSS;AOi4260728040859018051660;1;Anomaly;
202609;AREA 1;SUMBAGTENG;BATAM;BTC;AOk4260710114857002228510;0;Anomaly;
202609;AREA 1;SUMBAGTENG;PADANG;BDT;AOk42607040946020742ba750;1;Anomaly;
202609;AREA 3;JATIM;LAMONGAN;GSK;AOi42607020714202087dd390;0;Anomaly;
202609;AREA 3;BALI NUSRA;KUPANG;OSP;AOi42607210620396054531d0;1;Anomaly;
202609;AREA 3;JATENG-DIY;YOGYAKARTA;BTL;AOi42607290908373243057b0;0;Anomaly;
202609;AREA 1;SUMBAGTENG;BUKIT TINGGI;PYK;AOi42607040437229350b5bf0;1;Anomaly;
202609;AREA 4;KALIMANTAN;TARAKAN;LNN;AOi42607240659193470eadb0;0;Anomaly;
202609;AREA 3;BALI NUSRA;DENPASAR;TBN;AOi42607060957474395d8040;0;Anomaly;
202609;AREA 2;CENTRAL JABOTABEK;NORTHERN JAKARTA;MRY;AOk4260715045956370fd5e50;0;Comply;-18,39
202609;AREA 3;BALI NUSRA;DENPASAR;TBN;AOi4260705113716508926800;0;Anomaly;
202609;AREA 2;EASTERN JABOTABEK;BOGOR;PMU;AOi4260724124606833d6d230;0;Anomaly;
202609;AREA 1;SUMBAGTENG;PEKANBARU;PWG;AOi42607180257560326f63d0;1;Anomaly;
202609;AREA 1;SUMBAGUT;CENTRAL MEDAN;CTD;AOi4260725024432819881c10;0;Anomaly;
202609;AREA 2;EASTERN JABOTABEK;BOGOR;CMO;AOi4260707043714546f3b100;0;Anomaly;
202609;AREA 1;SUMBAGUT;CENTRAL MEDAN;MDC;AOi4260701104919211a0be50;1;Anomaly;
202609;AREA 1;SUMBAGUT;PADANG SIDEMPUAN;SIB;AOi4260706090341839b02fb0;0;Anomaly;
202609;AREA 3;BALI NUSRA;KUPANG;KPN;AOi42607010946485781db370;0;Anomaly;
202609;AREA 2;JABAR;TASIKMALAYA;PMP;AOi4260721121111268ca2cf0;0;Anomaly;
202609;AREA 1;SUMBAGUT;CENTRAL MEDAN;CTD;AOi4260713101746993744680;0;Anomaly;
202609;AREA 3;BALI NUSRA;DENPASAR;SMY;AOs3260701071006709203600;1;Anomaly;
202609;AREA 3;JATIM;SURABAYA;KLN;AOi42607200408276702a2bd0;0;Anomaly;
202609;AREA 1;SUMBAGUT;PEMATANG SIANTAR;LBK;AOi4260706013143119c23560;0;Anomaly;
202609;AREA 3;BALI NUSRA;DENPASAR;SGR;AOi42607021100027453a3590;1;Anomaly;
202609;AREA 4;SULAWESI;PALU;LWU;AOk426070203193046033a340;0;Anomaly;
202609;AREA 4;KALIMANTAN;PONTIANAK;SAO;AOi426070209265843664e2a0;1;Anomaly;
202609;AREA 3;JATIM;LAMONGAN;GSK;AOi426063008244085660e510;0;Anomaly;
202609;AREA 1;SUMBAGTENG;DUMAI;TAK;AOi42607101158534504694a0;1;Anomaly;
202609;AREA 3;JATENG-DIY;SURAKARTA;KTO;AOi4260720105732016521960;1;Anomaly;
202609;AREA 3;JATIM;SURABAYA;GBG;AOi42607040943059942d7a70;1;Anomaly;
202609;AREA 1;SUMBAGUT;WESTERN MEDAN;BJI;AOi4260708081211994030f40;0;Anomaly;
202609;AREA 1;SUMBAGUT;CENTRAL MEDAN;DLT;AOi4260630035031726be1840;1;Anomaly;
202609;AREA 2;CENTRAL JABOTABEK;NORTHERN JAKARTA;PDM;AOi4260723043358733155250;0;Anomaly;
202609;AREA 3;JATIM;SURABAYA;MYR;AOi426070203221272364e530;1;Anomaly;
202609;AREA 1;SUMBAGSEL;JAMBI;TTJ;AOi42607250946313039ae530;1;Anomaly;
202609;AREA 3;BALI NUSRA;MATARAM;MTR;AOk42607230932452006a31a0;1;Anomaly;
202609;AREA 3;JATIM;LAMONGAN;PAD;AOi42607180735059672e2760;1;Anomaly;
202609;AREA 3;JATENG-DIY;PEKALONGAN;PKL;AOi4260723070204306c46ab0;1;Anomaly;
202609;AREA 2;JABAR;BANDUNG;CJA;AOi426072201415835778d9b0;0;Anomaly;
202609;AREA 4;KALIMANTAN;PONTIANAK;SRY;AOi426070709321907628a2a0;0;Anomaly;
202609;AREA 4;SULAWESI;MANADO;AMD;AOi1260720093949074e1eec0;1;Anomaly;
202609;AREA 1;SUMBAGTENG;PEKANBARU;RGT;AOk42607211210149685ea420;1;Anomaly;
202609;AREA 1;SUMBAGTENG;PADANG;SGD;AOi42607090225595585c0600;1;Anomaly;
202609;AREA 4;KALIMANTAN;PALANGKARAYA;TML;AOi426072808290744683e2f0;1;Anomaly;
202609;AREA 3;BALI NUSRA;DENPASAR;KLM;AOi4260706101831199991850;0;Anomaly;
202609;AREA 1;SUMBAGUT;BANDA ACEH;BNA;AOi4260704021125312d98bf0;1;Anomaly;
202609;AREA 2;CENTRAL JABOTABEK;SOUTHERN JAKARTA;PSR;AOi4260711101326549d39eb0;1;Anomaly;-18,00
202609;AREA 1;SUMBAGSEL;PANGKAL PINANG;PGP;AOi4260714084735339f48ff0;0;Comply;0,45
202609;AREA 1;SUMBAGTENG;PADANG;SUM;AOi42607071031590963fcdd0;1;Anomaly;
202609;AREA 4;KALIMANTAN;PONTIANAK;BDO;AOi426073006492589581d2f0;1;Anomaly;
202609;AREA 4;SULAWESI;MANADO;BAH;AOs3260726104322770f369f0;0;Anomaly;
202609;AREA 3;JATIM;LAMONGAN;KDE;AOi4260724035617659b945d0;1;Anomaly;
202609;AREA 4;SULAWESI;MAKASSAR;PNK;PDAk4260715092331854a01c30;1;Anomaly;
202609;AREA 1;SUMBAGUT;CENTRAL MEDAN;SPM;AOi42607260448459755c9c20;0;Anomaly;
202609;AREA 4;KALIMANTAN;BANJARMASIN;SER;AOi12607120901167563dac50;0;Anomaly;
202609;AREA 1;SUMBAGTENG;PADANG;SGD;AOi4260722104715606fbdf90;0;Anomaly;
202609;AREA 1;SUMBAGTENG;BATAM;SLU;AOi4260707115028564aed9c0;1;Anomaly;-34,46
202609;AREA 1;SUMBAGTENG;DUMAI;TAK;AOi4260714065817371fe02b0;0;Anomaly;
202609;AREA 3;BALI NUSRA;DENPASAR;JBR;AOi1260719022336669436af0;1;Anomaly;
202609;AREA 1;SUMBAGSEL;PALEMBANG;PDT;AOi4260717092711765f7e340;1;Anomaly;
202609;AREA 3;BALI NUSRA;MATARAM;MTR;AOi4260720054112596628590;0;Anomaly;
202609;AREA 3;JATENG-DIY;PURWOKERTO;WOS;AOi4260724114507509ee6370;1;Anomaly;
202609;AREA 4;SULAWESI;KENDARI;KKA;AOi4260706074854845f313f0;0;Anomaly;
202609;AREA 2;JABAR;BANDUNG;LBG;AOi4260723105940670ef1530;0;Anomaly;
202609;AREA 2;JABAR;BANDUNG;BDK;AOi4260719071726483f25f60;1;Anomaly;
202609;AREA 2;CENTRAL JABOTABEK;NORTHERN JAKARTA;PDM;AOk426072004074685860d8c0;1;Anomaly;-15,76
202609;AREA 2;JABAR;SOREANG;SOR;AOk42607300504273254c10c0;1;Anomaly;-17,88
202609;AREA 3;JATENG-DIY;SURAKARTA;SRG;AOi4260722033820438af2d50;1;Anomaly;
202609;AREA 2;WESTERN JABOTABEK;SERANG;CKA;AOi42607301013246015f8fa0;0;Anomaly;
202609;AREA 2;EASTERN JABOTABEK;BOGOR;SKB;AOi4260722041713656ada680;1;Anomaly;
202609;AREA 1;SUMBAGUT;CENTRAL MEDAN;CTD;AOi4260704024818131e91090;0;Anomaly;
202609;AREA 3;JATENG-DIY;SEMARANG;MJP;AOi4260706124030677f4eb90;1;Anomaly;
202609;AREA 3;BALI NUSRA;MATARAM;SWE;AOi42607100249342910d64d0;1;Anomaly;
202609;AREA 3;JATIM;SURABAYA;KML;AOi42607030914407176deb50;0;Anomaly;
202609;AREA 3;BALI NUSRA;DENPASAR;JBR;AOi42607290409052088b1430;1;Anomaly;
202609;AREA 2;JABAR;SOREANG;SOR;AOi4260719101743324c48c10;1;Anomaly;
202609;AREA 3;BALI NUSRA;DENPASAR;JBR;AOi42607020521100065f9d10;1;Anomaly;
202609;AREA 4;KALIMANTAN;BALIKPAPAN;GSA;AOi4260712104845945734730;1;Anomaly;
202609;AREA 4;SULAWESI;PALU;PLA;AOi42607221217501110d67e0;1;Anomaly;
202609;AREA 1;SUMBAGTENG;PADANG;LBY;AOi1260707091814596f5f0b0;1;Anomaly;
202609;AREA 3;BALI NUSRA;KUPANG;KPN;AOi126071008493471421ab80;1;Anomaly;
202609;AREA 2;CENTRAL JABOTABEK;SOUTHERN JAKARTA;KAL;AOi4260721044408607bf37a0;1;Anomaly;
202609;AREA 1;SUMBAGUT;CENTRAL MEDAN;TMU;AOk4260703120825250cfe770;0;Anomaly;
202609;AREA 3;BALI NUSRA;DENPASAR;JBR;AOs3260702041026034f5caf0;1;Anomaly;
202609;AREA 4;SULAWESI;MAKASSAR;SUG;AOi126072802535667310e220;1;Anomaly;
202609;AREA 1;SUMBAGTENG;BATAM;PNI;AOi4260729094914789b9f430;1;Anomaly;
202609;AREA 2;JABAR;TASIKMALAYA;GRU;AOk42607041141311396d6560;0;Anomaly;
202609;AREA 2;CENTRAL JABOTABEK;SOUTHERN JAKARTA;KAL;AOi4260714053743923680fc0;1;Anomaly;
202609;AREA 2;JABAR;TASIKMALAYA;SPA;AOk4260730011403048117cc0;0;Anomaly;
202609;AREA 4;KALIMANTAN;BALIKPAPAN;TNG;AOk4260713110541003dae740;0;Anomaly;
202609;AREA 3;BALI NUSRA;MATARAM;MTR;AOi4260724073021055e94ab0;1;Anomaly;
202609;AREA 4;KALIMANTAN;BANJARMASIN;PGN;AOi4260711044450044e14550;1;Anomaly;
202609;AREA 3;JATENG-DIY;MAGELANG;MGE;AOi4260705100044776a88610;1;Anomaly;
202609;AREA 1;SUMBAGSEL;PALEMBANG;MUD;AOi4260715082235055b5ff90;1;Anomaly;
202609;AREA 3;JATIM;SURABAYA;KJR;AOi1260727013707235e88a90;1;Anomaly;-21,45
202609;AREA 1;SUMBAGTENG;PADANG;LBY;AOi426072201102636446fd70;1;Anomaly;
202609;AREA 3;JATIM;LAMONGAN;GSK;AOi4260716064409633c6f960;1;Anomaly;
202609;AREA 3;BALI NUSRA;MATARAM;TET;AOi42607290954409587b4230;1;Anomaly;
202609;AREA 4;KALIMANTAN;TARAKAN;TRD;AOs326071708440870781f320;1;Anomaly;
202609;AREA 4;KALIMANTAN;BANJARMASIN;TJL;AOi426063010075807983caf0;0;Anomaly;
202609;AREA 3;BALI NUSRA;MATARAM;MTR;AOi426071911342584296ca00;0;Anomaly;
202609;AREA 4;KALIMANTAN;BANJARMASIN;MTP;AOi4260723060529464d0a920;1;Anomaly;
202609;AREA 1;SUMBAGSEL;JAMBI;MAB;AOi4260702115002313df0920;1;Anomaly;
202609;AREA 3;BALI NUSRA;DENPASAR;JBR;AOi4260701012537563fc0b70;1;Anomaly;
202609;AREA 1;SUMBAGTENG;BUKIT TINGGI;KMN;AOi4260711112321475711250;0;Anomaly;
202609;AREA 4;KALIMANTAN;SAMARINDA;STT;AOi42607231034309773dea50;1;Anomaly;
202609;AREA 4;SULAWESI;PARE-PARE;PLP;AOi4260713115107097c914b0;0;Anomaly;
202609;AREA 3;JATENG-DIY;SEMARANG;SMT;AOk4260711092938408bc7170;1;Anomaly;
202609;AREA 1;SUMBAGSEL;PALEMBANG;PBM;AOi4260703105616495973c60;1;Anomaly;
202609;AREA 3;JATENG-DIY;PURWOKERTO;AJB;AOi42607220716408802284a0;0;Anomaly;
202609;AREA 3;JATIM;SURABAYA;KPS;AOi4260715014123879c32880;0;Anomaly;
202609;AREA 1;SUMBAGSEL;BENGKULU;MNA;AOi42607051131187256883c0;1;Anomaly;
202609;AREA 4;SULAWESI;GORONTALO;MRS;AOi42607040708521849b7040;1;Anomaly;
202609;AREA 1;SUMBAGSEL;LAMPUNG;KBI;AOi42607220441264463641e0;1;Anomaly;
202609;AREA 2;WESTERN JABOTABEK;TANGERANG;LKG;AOs3260708072752939ceade0;0;Anomaly;
202609;AREA 4;KALIMANTAN;BALIKPAPAN;MGG;AOi126071311314166215e780;1;Anomaly;
202609;AREA 4;KALIMANTAN;PONTIANAK;ANJ;AOi4260707022254227068660;0;Anomaly;
202609;AREA 3;JATENG-DIY;PURWOKERTO;CLC;AOi42607121250177479b4d00;0;Anomaly;
202609;AREA 1;SUMBAGSEL;PALEMBANG;BKS;AOk426063010253971459f180;1;Anomaly;
202609;AREA 4;SULAWESI;GORONTALO;MRS;AOs32607150211537561d16e0;1;Anomaly;0,89
202609;AREA 3;JATIM;JEMBER;BOW;AOi4260702084249019ba6f10;1;Anomaly;
202609;AREA 3;BALI NUSRA;MATARAM;BIM;AOi426072312553013496f580;1;Anomaly;
202609;AREA 2;EASTERN JABOTABEK;BEKASI;PKY;AOk42607080403048354e3530;1;Anomaly;
202609;AREA 3;BALI NUSRA;DENPASAR;TOP;AOi42607010617311907b1bf0;1;Anomaly;
202609;AREA 4;SULAWESI;PALU;KOL;AOi4260710033308655596d30;1;Anomaly;
202609;AREA 3;BALI NUSRA;DENPASAR;KLM;AOi4260718092858255ad6020;0;Anomaly;
202609;AREA 4;SULAWESI;MANADO;KTG;AOi4260705124151389047090;1;Anomaly;
202609;AREA 1;SUMBAGTENG;PADANG;SWL;AOk4260701110146760b5da10;1;Anomaly;
202609;AREA 3;JATENG-DIY;SEMARANG;JHR;AOi4260630062654890af4500;1;Anomaly;
202609;AREA 4;SULAWESI;MAKASSAR;BAL;AOk42607070927161869089a0;1;Anomaly;
202609;AREA 3;BALI NUSRA;DENPASAR;KLM;AOi4260702100326402cdaec0;1;Anomaly;
202609;AREA 2;CENTRAL JABOTABEK;NORTHERN JAKARTA;KTX;AOs32607091117427930b9750;1;Anomaly;
202609;AREA 4;KALIMANTAN;PONTIANAK;SRY;AOi42607300245242642a2b80;1;Anomaly;
202609;AREA 4;SULAWESI;MANADO;MDO;AOi1260721082801094c85b70;0;Anomaly;
202609;AREA 3;JATENG-DIY;MAGELANG;SWT;AOi42607280126378103885f0;0;Anomaly;
202609;AREA 3;JATIM;JEMBER;PBL;AOi4260730120440441ec27f0;0;Anomaly;
202609;AREA 4;KALIMANTAN;BALIKPAPAN;TNG;AOk4260630111947998f92e30;1;Anomaly;
202609;AREA 4;KALIMANTAN;TARAKAN;TRK;AOi4260722070954352213010;0;Anomaly;
202609;AREA 3;JATENG-DIY;MAGELANG;MGE;AOi42607140334330593a0be0;0;Anomaly;
202609;AREA 3;JATIM;SIDOARJO;WRU;AOi42607210512540804cd440;0;Anomaly;
202609;AREA 1;SUMBAGSEL;LAMPUNG;GDT;AOi4260708112746154f1d6e0;0;Anomaly;
202609;AREA 3;BALI NUSRA;DENPASAR;TBN;AOk4260706121546332232120;1;Anomaly;
202609;AREA 3;BALI NUSRA;DENPASAR;SGR;AOi4260723113541328b28e00;0;Anomaly;
202609;AREA 4;MALUKU DAN PAPUA;TIMIKA;TIM;AOi42607030104299179c4b10;1;Anomaly;
202609;AREA 3;JATIM;SURABAYA;KJR;AOi4260630100426890f7cd30;1;Anomaly;
202609;AREA 3;BALI NUSRA;MATARAM;MTR;AOi1260726075016587260eb0;0;Anomaly;
202609;AREA 3;JATENG-DIY;YOGYAKARTA;KLS;AOi4260730124436828e010a0;1;Anomaly;
202609;AREA 3;BALI NUSRA;DENPASAR;JBR;AOk4260720041409252f3d640;1;Anomaly;
202609;AREA 3;JATENG-DIY;SEMARANG;KUD;AOi4260727084629835a83200;0;Anomaly;
202609;AREA 4;KALIMANTAN;TARAKAN;TRD;AOi4260713084747472098e10;1;Anomaly;
202609;AREA 3;JATENG-DIY;SURAKARTA;KRT;AOk4260704092831007bbc520;0;Comply;-68,88
202609;AREA 2;EASTERN JABOTABEK;BOGOR;PAR;AOk4260716095548833117ab0;0;Anomaly;
202609;AREA 4;SULAWESI;PALU;PLA;AOi426070609375614521d9e0;1;Anomaly;
202609;AREA 4;MALUKU DAN PAPUA;SORONG;MWR;AOi426072501443401577a5c0;0;Anomaly;
202609;AREA 1;SUMBAGTENG;BATAM;LBJ;AOi4260718114332970ee7050;1;Anomaly;
202609;AREA 3;JATENG-DIY;PEKALONGAN;PML;AOi42607290838576594b0080;0;Anomaly;
202609;AREA 3;BALI NUSRA;DENPASAR;UBU;AOi42607081051585299d04a0;1;Anomaly;
202609;AREA 1;SUMBAGUT;PADANG SIDEMPUAN;SBG;AOi426071902060810328df40;0;Anomaly;
202609;AREA 1;SUMBAGTENG;PEKANBARU;PBB;AOk4260715010313307ab1bd0;1;Anomaly;
202609;AREA 3;JATENG-DIY;SURAKARTA;KRT;AOi426072811343418387ecf0;0;Anomaly;
202609;AREA 4;KALIMANTAN;TARAKAN;TRD;AOi4260711095707895138c90;1;Anomaly;
202609;AREA 3;BALI NUSRA;MATARAM;BIM;AOi4260714070151408431e60;0;Anomaly;
202609;AREA 3;JATENG-DIY;PEKALONGAN;ADW;AOi42607161215275862bc620;0;Anomaly;
202609;AREA 4;SULAWESI;MANADO;JLL;AOi4260730073314125cd8520;1;Anomaly;
202609;AREA 4;KALIMANTAN;PANGKALAN BUN;KTP;AOi42607300442227454c59f0;1;Anomaly;
202609;AREA 3;BALI NUSRA;DENPASAR;JBR;AOk4260713085127636bef1d0;1;Anomaly;
202609;AREA 4;MALUKU DAN PAPUA;AMBON;SML;AOi4260713113957781130fd0;1;Anomaly;
202609;AREA 2;WESTERN JABOTABEK;TANGERANG;CPA;AOi4260709121316824d8f990;1;Anomaly;
202609;AREA 1;SUMBAGSEL;PALEMBANG;SGB;PDAk4260713093118254a6eb40;1;Anomaly;
202609;AREA 3;BALI NUSRA;KUPANG;KPN;AOi4260714071045479e93250;1;Anomaly;
202609;AREA 1;SUMBAGUT;CENTRAL MEDAN;TJR;AOk4260706014248968b04880;0;Anomaly;
202609;AREA 3;JATENG-DIY;SEMARANG;LSE;AOi42607100240268041707c0;1;Anomaly;
202609;AREA 1;SUMBAGUT;CENTRAL MEDAN;TJR;AOi4260704114948139b059f0;0;Anomaly;
202609;AREA 1;SUMBAGSEL;PANGKAL PINANG;PGP;AOi42607060138562400d39d0;0;Anomaly;
202609;AREA 4;SULAWESI;MAKASSAR;PNK;AOi42607150729172293f1080;1;Anomaly;
202609;AREA 2;EASTERN JABOTABEK;BEKASI;PKY;AOs3260729045200697d47500;0;Anomaly;
202609;AREA 2;JABAR;SOREANG;BJA;AOi4260706093304735cf5490;1;Anomaly;
202609;AREA 4;KALIMANTAN;PONTIANAK;PUT;AOi42607241231109007faee0;0;Anomaly;
202609;AREA 2;CENTRAL JABOTABEK;NORTHERN JAKARTA;KPK;AOk426071003003270791d1c0;0;Anomaly;
202609;AREA 4;SULAWESI;KENDARI;KKA;AOi4260723125712701d98cb0;0;Anomaly;
202609;AREA 2;CENTRAL JABOTABEK;NORTHERN JAKARTA;CKG;AOs3260703081120688001e70;1;Anomaly;
202609;AREA 4;KALIMANTAN;BALIKPAPAN;BRU;AOs3260713123324131a10cb0;0;Anomaly;
202609;AREA 4;SULAWESI;MAKASSAR;BAR;AOi4260627013014353f22a60;0;Anomaly;
202609;AREA 4;SULAWESI;MANADO;TMH;AOs3260719110357761285150;1;Anomaly;
202609;AREA 2;EASTERN JABOTABEK;BOGOR;GPI;AOk4260705081236028a36660;1;Anomaly;
202609;AREA 3;JATIM;SURABAYA;LKI;AOk42607281046126070a1700;0;Anomaly;
202609;AREA 4;SULAWESI;PALU;PLB;AOi4260709110724479a0fab0;0;Anomaly;
202609;AREA 4;KALIMANTAN;PANGKALAN BUN;SAI;AOi426072112271950995ce30;1;Anomaly;
202609;AREA 3;JATIM;JEMBER;BOW;AOi4260702035859827208750;1;Anomaly;
202609;AREA 1;SUMBAGUT;CENTRAL MEDAN;TJR;AOi4260726035155892f1fbc0;0;Anomaly;
202609;AREA 3;JATIM;SIDOARJO;TPO;AOi4260723014404402c53e50;1;Anomaly;
202609;AREA 1;SUMBAGTENG;BATAM;PNI;AOi4260718114551884501460;0;Anomaly;
202609;AREA 3;BALI NUSRA;DENPASAR;JBR;AOi4260703093343353f32730;1;Anomaly;
202609;AREA 1;SUMBAGTENG;PEKANBARU;RGT;AOk42607211210149685ea420;1;Anomaly;
202609;AREA 4;SULAWESI;MANADO;TNT;AOi4260702101726316177560;1;Anomaly;
202609;AREA 1;SUMBAGTENG;PEKANBARU;PKR;AOi42607211200096825c7970;0;Anomaly;
202609;AREA 1;SUMBAGSEL;PALEMBANG;SBU;AOi42607070458018094d26b0;0;Anomaly;
202609;AREA 2;EASTERN JABOTABEK;KARAWANG;BGG;AOi42607010339577560c73e0;0;Anomaly;
202609;AREA 3;JATENG-DIY;SURAKARTA;KLX;AOi1260724094953935e64840;1;Anomaly;
202609;AREA 4;SULAWESI;PALU;SNN;AOi426072111060098409ebd0;1;Anomaly;
202609;AREA 2;JABAR;SOREANG;SOR;AOi426071902540966935c980;1;Anomaly;
202609;AREA 3;JATIM;SURABAYA;KJR;AOi426062902022520645f300;0;Anomaly;
202609;AREA 4;SULAWESI;MAKASSAR;MAT;AOk4260714021916180eeafa0;1;Anomaly;
202609;AREA 4;SULAWESI;MANADO;TNT;AOk42607071021387237072f0;1;Anomaly;
202609;AREA 4;SULAWESI;MAKASSAR;PNK;AOi426071512491470827ed20;1;Anomaly;
202609;AREA 2;WESTERN JABOTABEK;TANGERANG;LKG;AOi126072801344530345e5d0;1;Anomaly;
202609;AREA 4;KALIMANTAN;TARAKAN;TRK;AOi42607040811546530a5fe0;0;Anomaly;
202609;AREA 3;JATIM;SURABAYA;LKI;AOk42607281046126070a1700;1;Anomaly;
202609;AREA 2;CENTRAL JABOTABEK;SOUTHERN JAKARTA;JTN;AOi12606300423064963fa6c0;0;Comply;-34,66
202609;AREA 3;JATENG-DIY;MAGELANG;MGE;AOi42607290557345833a5230;0;Anomaly;
202609;AREA 4;KALIMANTAN;SAMARINDA;SBR;AOi42607310911173436ca5f0;0;Anomaly;
202609;AREA 4;SULAWESI;KENDARI;KKA;AOi42607080138596570f1780;0;Anomaly;
202609;AREA 4;SULAWESI;MAKASSAR;SUG;AOi4260716071804905130620;1;Anomaly;
202609;AREA 4;KALIMANTAN;PONTIANAK;BKY;AOi42607071122515634fade0;1;Anomaly;
202609;AREA 1;SUMBAGSEL;JAMBI;TTJ;AOi426070706585917679f800;1;Anomaly;
202609;AREA 1;SUMBAGSEL;JAMBI;BKO;AOi4260722095555296a47360;1;Anomaly;
202609;AREA 3;BALI NUSRA;DENPASAR;SMA;AOi4260718122509090048a20;1;Anomaly;
202609;AREA 1;SUMBAGUT;BANDA ACEH;DAR;AOi42607091052048002d8960;0;Anomaly;
202609;AREA 4;SULAWESI;GORONTALO;GTL;AOi42607261136490143aeb40;0;Anomaly;
202609;AREA 2;WESTERN JABOTABEK;SERANG;LGK;PDAk426072105083871150bc40;0;Anomaly;
202609;AREA 3;JATENG-DIY;YOGYAKARTA;WNS;AOi4260703072136063462bb0;1;Anomaly;
202609;AREA 3;BALI NUSRA;KUPANG;OSP;AOi42607140120019577a0e20;0;Anomaly;
202609;AREA 4;SULAWESI;KENDARI;KDR;AOi4260702013911663b549c0;0;Anomaly;
202609;AREA 3;JATIM;JEMBER;KKH;AOi4260716091417682e16090;0;Anomaly;
202609;AREA 3;JATIM;LAMONGAN;SDD;AOi4260724121630628781930;1;Anomaly;
202609;AREA 4;SULAWESI;MANADO;TNT;AOi42607141117545660e2f60;1;Anomaly;
202609;AREA 2;JABAR;BANDUNG;DGO;AOi4260723114604846535840;1;Anomaly;
202609;AREA 3;JATENG-DIY;PEKALONGAN;PML;AOi426072001172888727bdd0;0;Anomaly;
202609;AREA 2;JABAR;SOREANG;SOR;AOk426072012531839598b2e0;1;Anomaly;
202609;AREA 3;JATIM;SURABAYA;BKL;AOi4260716121638923527b60;1;Anomaly;
202609;AREA 4;SULAWESI;MANADO;AMD;AOi4260704110529528be8230;0;Anomaly;
202609;AREA 3;BALI NUSRA;DENPASAR;JBR;AOs3260711042834666b53ea0;1;Anomaly;
202609;AREA 3;BALI NUSRA;DENPASAR;JBR;AOi42607060731305161d8c80;1;Anomaly;
202609;AREA 2;CENTRAL JABOTABEK;NORTHERN JAKARTA;CKG;AOi4260729074043938df1e40;1;Anomaly;
202609;AREA 3;JATIM;SURABAYA;KPS;AOi4260710070327208710cd0;1;Anomaly;
202609;AREA 1;SUMBAGSEL;PALEMBANG;PDT;AOi42607200900451290ac700;1;Anomaly;
202609;AREA 1;SUMBAGTENG;BUKIT TINGGI;HRU;AOi4260713054449496499240;1;Anomaly;
202609;AREA 4;SULAWESI;PALU;PLB;AOi42607120920105251cb7d0;1;Anomaly;
202609;AREA 1;SUMBAGTENG;PEKANBARU;RBI;AOi4260722012036637741d30;0;Anomaly;
202609;AREA 3;BALI NUSRA;DENPASAR;GIN;AOi4260709102203005921d60;0;Anomaly;
202609;AREA 3;JATIM;SURABAYA;KNN;AOk4260706055757025b02fa0;0;Anomaly;
202609;AREA 3;BALI NUSRA;DENPASAR;BNO;AOi426073105311702419fcd0;1;Anomaly;
202609;AREA 2;JABAR;TASIKMALAYA;BNJ;AOi4260703061931285e1d860;0;Anomaly;
202609;AREA 3;BALI NUSRA;DENPASAR;BNO;AOk4260706040427515d25550;1;Anomaly;
202609;AREA 2;EASTERN JABOTABEK;BOGOR;STL;AOi12607090130297615e3120;0;Anomaly;
202609;AREA 1;SUMBAGSEL;PANGKAL PINANG;PGP;AOi42607080854275081b2590;0;Anomaly;
202609;AREA 2;EASTERN JABOTABEK;KARAWANG;BGG;AOi4260706084139102b60710;1;Anomaly;
202609;AREA 1;SUMBAGUT;CENTRAL MEDAN;DLT;AOi4260714050342200978360;1;Anomaly;
202609;AREA 4;MALUKU DAN PAPUA;SORONG;SON;AOi4260719011135067cbd480;0;Anomaly;
202609;AREA 4;MALUKU DAN PAPUA;TIMIKA;MRK;AOi4260704074006635665a60;1;Anomaly;
202609;AREA 4;SULAWESI;PALU;PLA;AOi42607221217501110d67e0;1;Anomaly;
202609;AREA 4;KALIMANTAN;SAMARINDA;KOB;AOi4260725094950385ae4e50;0;Anomaly;
202609;AREA 4;SULAWESI;MANADO;BAH;AOi126072101331906750ebb0;0;Anomaly;
202609;AREA 2;JABAR;BANDUNG;DGO;AOi1260731092615156362090;1;Anomaly;-22,08
202609;AREA 4;SULAWESI;MAKASSAR;TMA;AOi4260706074011556c986b0;0;Anomaly;
202609;AREA 3;BALI NUSRA;DENPASAR;JBR;AOi42607020521100065f9d10;0;Anomaly;
202609;AREA 4;MALUKU DAN PAPUA;TIMIKA;TIM;AOb02607201248123882783a0;1;Anomaly;-92,52
202609;AREA 3;JATIM;SURABAYA;SPG;AOi4260707092307788309580;0;Anomaly;
202609;AREA 1;SUMBAGTENG;PADANG;BLS;AOi42607211143049068544f0;1;Anomaly;
202609;AREA 4;KALIMANTAN;TARAKAN;JWT;AOi42607160333113729874b0;0;Comply;-22,38
202609;AREA 4;SULAWESI;MANADO;TDN;AOi42607230122231458ddaf0;1;Anomaly;
202609;AREA 4;SULAWESI;KENDARI;MDG;AOi4260724020141881eef710;1;Anomaly;
202609;AREA 3;JATENG-DIY;PEKALONGAN;SLW;AOk42607201219479233d8be0;0;Comply;0,29
202609;AREA 3;BALI NUSRA;DENPASAR;SMA;AOi42607171008013755f9f70;1;Anomaly;
202609;AREA 3;JATENG-DIY;SURAKARTA;PEN;AOi4260725091049999c579d0;1;Anomaly;
202609;AREA 3;JATENG-DIY;MAGELANG;MGE;AOi42607220804124976251d0;0;Anomaly;
202609;AREA 1;SUMBAGTENG;PADANG;TWI;AOi426072008471251914c050;0;Anomaly;
202609;AREA 1;SUMBAGTENG;PADANG;BDT;AOs3260707125932581340630;1;Anomaly;
202609;AREA 4;SULAWESI;PALU;BGI;AOi42607231054069729a3960;1;Anomaly;
202609;AREA 2;EASTERN JABOTABEK;KARAWANG;KRW;AOi4260710035610200b77140;1;Anomaly;
202609;AREA 1;SUMBAGTENG;BATAM;PNI;AOi426071707263285167f100;0;Anomaly;
202609;AREA 1;SUMBAGTENG;BUKIT TINGGI;SPE;AOi426071701343090884a310;1;Anomaly;
202609;AREA 4;MALUKU DAN PAPUA;SORONG;FFA;AOs3260713021430858d78910;0;Anomaly;
202609;AREA 3;JATIM;SIDOARJO;TPO;AOi1260629084533322bca720;1;Anomaly;
202609;AREA 4;SULAWESI;MANADO;MDO;AOi4260719013805674435710;0;Anomaly;
202609;AREA 3;BALI NUSRA;DENPASAR;MMN;AOk4260708085523980993e00;1;Anomaly;
202609;AREA 1;SUMBAGSEL;JAMBI;MAB;AOi42607270428532973ecbf0;1;Anomaly;
202609;AREA 1;SUMBAGUT;PADANG SIDEMPUAN;PSP;AOs32607301136452613ee960;0;Anomaly;
202609;AREA 1;SUMBAGSEL;LAMPUNG;MET;AOi4260715114659285041d60;1;Anomaly;
202609;AREA 4;SULAWESI;PALU;PLA;AOi4260729035321136e6ff40;0;Anomaly;
202609;AREA 1;SUMBAGTENG;PEKANBARU;BKR;AOi4260630122633431a83a60;1;Anomaly;
202609;AREA 1;SUMBAGUT;RANTAU PRAPAT;RAP;AOi42607031001493677a3670;0;Anomaly;
202609;AREA 4;KALIMANTAN;SAMARINDA;TMD;AOi4260725042846408eeaa00;0;Anomaly;
202609;AREA 2;EASTERN JABOTABEK;BOGOR;CBI;AOk42607140934537996bfd80;1;Anomaly;
202609;AREA 1;SUMBAGSEL;PALEMBANG;BKS;AOs3260720095754967ce25e0;0;Anomaly;
202609;AREA 4;KALIMANTAN;BALIKPAPAN;GSA;AOi4260715075145681bef2c0;0;Not Comply;25,36
202609;AREA 2;WESTERN JABOTABEK;TANGERANG;LKG;AOi426071611250573016f640;0;Anomaly;
202609;AREA 4;SULAWESI;MAKASSAR;SUD;AOi426072802193631441a7f0;1;Anomaly;
202609;AREA 4;SULAWESI;MAKASSAR;PNK;AOi4260711061842054bb91a0;1;Anomaly;
202609;AREA 2;EASTERN JABOTABEK;BOGOR;GPI;AOk4260705081236028a36660;1;Anomaly;
202609;AREA 4;KALIMANTAN;TARAKAN;TRK;AOi426072802173944768e8d0;0;Anomaly;
202609;AREA 2;EASTERN JABOTABEK;BEKASI;PKY;AOs326070602163327849e650;1;Anomaly;
202609;AREA 1;SUMBAGTENG;PEKANBARU;RBI;AOi42607070834146613e9120;1;Anomaly;
202609;AREA 1;SUMBAGSEL;PALEMBANG;SGB;AOi426072302531631937ad60;0;Anomaly;
202609;AREA 3;JATIM;JEMBER;PBL;AOk4260707061416933e17cf0;0;Comply;0,58
202609;AREA 2;WESTERN JABOTABEK;SERANG;LGK;AOi426070810224680531b680;1;Anomaly;
202609;AREA 1;SUMBAGUT;WESTERN MEDAN;KUL;AOi4260723024105799bf43d0;0;Anomaly;
202609;AREA 3;JATIM;SURABAYA;KPS;AOi4260702091153247bc8b90;0;Anomaly;
202609;AREA 2;CENTRAL JABOTABEK;SOUTHERN JAKARTA;KRG;AOi4260723123051796279f50;0;Anomaly;
202609;AREA 3;JATIM;SURABAYA;RKT;AOs3260713010403719cdbc00;1;Anomaly;
202609;AREA 3;JATENG-DIY;SEMARANG;JHR;AOi426072211200243340c4d0;0;Anomaly;
202609;AREA 1;SUMBAGSEL;PALEMBANG;SGB;PDAk4260713093118254a6eb40;0;Anomaly;
202609;AREA 3;JATENG-DIY;SURAKARTA;KLX;AOi4260720110059411a9ed40;1;Anomaly;
202609;AREA 4;SULAWESI;MANADO;SFI;AOi12607170528208543530b0;1;Anomaly;
202609;AREA 2;CENTRAL JABOTABEK;NORTHERN JAKARTA;PDM;AOi4260711050609834b22a80;1;Anomaly;
202609;AREA 1;SUMBAGTENG;BUKIT TINGGI;LBB;AOi4260715081707334c95eb0;0;Anomaly;
202609;AREA 4;KALIMANTAN;PONTIANAK;PTK;AOi4260721034018273b08f50;1;Anomaly;
202609;AREA 4;SULAWESI;PALU;PLB;AOs326071206103684216ded0;1;Anomaly;
202609;AREA 4;SULAWESI;MAKASSAR;TMA;AOb0260727080714888a9ef10;1;Anomaly;
202609;AREA 3;BALI NUSRA;MATARAM;SEL;AOi4260722012534199ce25b0;1;Anomaly;
202609;AREA 1;SUMBAGTENG;DUMAI;DRI;AOi4260707071916698f309a0;1;Anomaly;
202609;AREA 4;SULAWESI;PALU;PLA;AOi42607170240544508ab7a0;1;Anomaly;
202609;AREA 2;JABAR;TASIKMALAYA;TSM;PDAk42607310402430307b6ac0;1;Anomaly;-21,97
202609;AREA 4;SULAWESI;KENDARI;MDG;AOi42607100618344814794e0;0;Anomaly;
202609;AREA 1;SUMBAGTENG;PEKANBARU;RBI;AOs326070904440923858de20;0;Anomaly;
202609;AREA 4;KALIMANTAN;BALIKPAPAN;MBD;AOi4260708091048150e3d9e0;0;Anomaly;
202609;AREA 1;SUMBAGUT;RANTAU PRAPAT;ANP;AOi426073008571576265ebd0;0;Anomaly;
202609;AREA 2;EASTERN JABOTABEK;BOGOR;BOO;AOi4260730092021281cc5870;0;Anomaly;
202609;AREA 3;JATIM;SURABAYA;RKT;AOi4260701024354949670f80;1;Anomaly;
202609;AREA 2;JABAR;SOREANG;CWD;AOs3260719015918382275990;1;Anomaly;-18,79
202609;AREA 4;MALUKU DAN PAPUA;AMBON;ABO;AOi4260701105952008203f90;1;Anomaly;
202609;AREA 4;SULAWESI;PALU;PLB;AOi4260721092704684766c20;1;Anomaly;
202609;AREA 3;BALI NUSRA;DENPASAR;UBN;AOi426072112555121421e780;0;Anomaly;
202609;AREA 4;SULAWESI;PALU;PLB;AOi4260714082342511e87190;1;Anomaly;
202609;AREA 3;BALI NUSRA;KUPANG;KPN;AOi426072208330880104b700;1;Anomaly;
202609;AREA 4;KALIMANTAN;BANJARMASIN;BJM;PDAk4260725095052609aa5f50;1;Anomaly;
202609;AREA 1;SUMBAGTENG;DUMAI;BAS;AOi426072207550190960d7c0;0;Anomaly;
202609;AREA 2;EASTERN JABOTABEK;KARAWANG;CIK;AOi4260704121848244e3e5f0;1;Anomaly;
202609;AREA 1;SUMBAGUT;CENTRAL MEDAN;PDB;AOi1260714033018193ae0de0;1;Anomaly;
202609;AREA 4;SULAWESI;MAKASSAR;SUG;AOi42607091117385907fbd90;1;Anomaly;
202609;AREA 2;JABAR;BANDUNG;BDK;AOi4260703084809102613630;0;Anomaly;
202609;AREA 4;KALIMANTAN;PONTIANAK;JAW;AOi42607220402526552e15f0;1;Anomaly;
202609;AREA 3;JATENG-DIY;PURWOKERTO;BJR;AOi42607190603194074de0b0;0;Anomaly;
202609;AREA 3;BALI NUSRA;FLORES;END;AOi42607041129129501de140;1;Anomaly;
202609;AREA 3;JATIM;JEMBER;KPP;AOi4260703083211485da3630;0;Anomaly;
202609;AREA 4;SULAWESI;MANADO;AMR;AOi4260703084221798fa4a40;0;Anomaly;
202609;AREA 4;KALIMANTAN;BALIKPAPAN;MBD;AOi426070510175231166b2e0;1;Anomaly;0,72
202609;AREA 1;SUMBAGUT;PEMATANG SIANTAR;TBT;AOi42607101126289722814d0;0;Anomaly;
202609;AREA 4;SULAWESI;PALU;BKU;AOk4260707125933068783ca0;1;Anomaly;
202609;AREA 4;KALIMANTAN;TARAKAN;MLN;AOi4260716074822066b7c230;0;Anomaly;
202609;AREA 1;SUMBAGTENG;BUKIT TINGGI;LBB;AOi42607120841256498abf30;0;Anomaly;
202609;AREA 2;JABAR;BANDUNG;LBG;AOi4260717113642086f7baa0;0;Anomaly;
202609;AREA 1;SUMBAGUT;PEMATANG SIANTAR;PMS;AOi42607240329495147816c0;0;Anomaly;
202609;AREA 3;JATENG-DIY;SEMARANG;MJP;AOi4260630074316556858770;1;Anomaly;
202609;AREA 3;JATIM;LAMONGAN;KRK;AOi42607220452414221fa5f0;1;Anomaly;
202609;AREA 1;SUMBAGSEL;LAMPUNG;BKM;AOi1260730104200605b79950;1;Anomaly;
202609;AREA 2;WESTERN JABOTABEK;TANGERANG;CPA;AOi42607240919434707b10f0;0;Anomaly;
202609;AREA 1;SUMBAGSEL;JAMBI;MAB;AOi42607290515390216f3ba0;1;Anomaly;
202609;AREA 4;MALUKU DAN PAPUA;AMBON;ABO;AOi42607010409243395eda70;0;Anomaly;
202609;AREA 4;MALUKU DAN PAPUA;AMBON;ABO;AOk4260701102920350e95d10;0;Anomaly;
202609;AREA 2;JABAR;BANDUNG;CJA;AOi426072201415835778d9b0;0;Anomaly;
202609;AREA 2;JABAR;CIREBON;CBN;AOi4260717044802673fa2890;1;Anomaly;-2,62
202609;AREA 2;JABAR;TASIKMALAYA;MLB;AOi1260721071919242b2c750;0;Anomaly;
202609;AREA 2;JABAR;TASIKMALAYA;KDN;AOi4260702020338580a95720;1;Anomaly;
202609;AREA 3;JATENG-DIY;SEMARANG;WLR;AOi42607061242557647e61a0;1;Anomaly;
202609;AREA 3;JATENG-DIY;YOGYAKARTA;GOD;AOi426072911002983099a900;1;Anomaly;
202609;AREA 2;EASTERN JABOTABEK;KARAWANG;CIK;AOi42607201135288389df860;1;Anomaly;
202609;AREA 2;CENTRAL JABOTABEK;SOUTHERN JAKARTA;BIN;PDAk4260721114652324a52860;1;Anomaly;
202609;AREA 2;JABAR;TASIKMALAYA;PMP;AOi4260718015440294c6aa30;0;Anomaly;
202609;AREA 4;KALIMANTAN;TARAKAN;TAJ;AOi4260707010601338c08600;0;Anomaly;
202609;AREA 1;SUMBAGSEL;PALEMBANG;TLK;AOi1260720073931839ca2c10;1;Anomaly;
202609;AREA 1;SUMBAGTENG;PADANG;SLK;AOi4260704013137419036320;0;Anomaly;
202609;AREA 3;JATENG-DIY;YOGYAKARTA;SMN;AOi42606300407323678fc6b0;1;Anomaly;
202609;AREA 1;SUMBAGUT;PEMATANG SIANTAR;PRR;AOi4260630104923092bebf20;0;Anomaly;
202609;AREA 1;SUMBAGSEL;PALEMBANG;TLK;AOi4260711093140023d65690;1;Anomaly;
202609;AREA 2;WESTERN JABOTABEK;SERANG;BRS;AOi42607111243394375f08e0;1;Anomaly;
202609;AREA 2;JABAR;TASIKMALAYA;TSM;AOi4260703100655371697710;1;Anomaly;
202609;AREA 4;KALIMANTAN;BANJARMASIN;PGN;AOi4260725062956029d8eb20;1;Anomaly;
202609;AREA 2;CENTRAL JABOTABEK;SOUTHERN JAKARTA;PSM;AOs3260726093854710b93070;0;Comply;-32,49
202609;AREA 3;JATIM;MADIUN;PNZ;AOi4260707104820066805fd0;1;Anomaly;
202609;AREA 1;SUMBAGTENG;BATAM;DGS;AOi42607111227437391154e0;0;Anomaly;
202609;AREA 1;SUMBAGTENG;BUKIT TINGGI;LBB;AOk42607100930301667c0ed0;0;Anomaly;
202609;AREA 3;JATIM;SURABAYA;JGR;AOs32607160454456548a4930;1;Anomaly;
202609;AREA 3;JATIM;SURABAYA;JGR;AOi12607180434121255e8ec0;1;Anomaly;-42,98
202609;AREA 2;JABAR;BANDUNG;TGE;AOi42607070249568507da500;0;Anomaly;
202609;AREA 4;MALUKU DAN PAPUA;TIMIKA;MRK;AOi42607091024275721ac420;1;Anomaly;
202609;AREA 2;EASTERN JABOTABEK;KARAWANG;BGG;AOi4260704032030685112890;1;Anomaly;-21,76
202609;AREA 4;KALIMANTAN;BANJARMASIN;KPL;AOi4260703020516272bd4ba0;0;Anomaly;
202609;AREA 3;BALI NUSRA;KUPANG;KEF;AOk4260717100942696dfb750;1;Anomaly;
202609;AREA 4;MALUKU DAN PAPUA;SORONG;SON;AOs32607230554431924009e0;1;Anomaly;
202609;AREA 4;SULAWESI;PALU;BKU;AOi4260715105349713b6c430;1;Anomaly;
202609;AREA 2;CENTRAL JABOTABEK;SOUTHERN JAKARTA;CID;AOi4260705103010379b1a390;1;Anomaly;
202609;AREA 2;EASTERN JABOTABEK;BOGOR;SKB;AOi4260712010725322272010;0;Anomaly;
202609;AREA 3;JATENG-DIY;MAGELANG;SWT;AOi42607270215186596f2d40;0;Anomaly;
202609;AREA 4;SULAWESI;PALU;TLY;AOi4260723123753813dd8b00;1;Anomaly;
202609;AREA 1;SUMBAGUT;BANDA ACEH;LTM;AOi4260706075020367c2fee0;1;Anomaly;
202609;AREA 4;SULAWESI;MANADO;MDO;AOk426071703535173273da90;1;Anomaly;
202609;AREA 3;BALI NUSRA;MATARAM;BIM;AOi42607280910240211cac00;0;Anomaly;
202609;AREA 4;SULAWESI;PALU;TWL;AOi4260708072250214897210;1;Anomaly;
202609;AREA 3;BALI NUSRA;KUPANG;KPN;AOi426072109333328543c7f0;0;Anomaly;
202609;AREA 2;CENTRAL JABOTABEK;NORTHERN JAKARTA;KTX;AOs326070912464881161ba10;0;Anomaly;
202609;AREA 1;SUMBAGTENG;PEKANBARU;SOK;AOi42607310124557055d7490;1;Anomaly;
202609;AREA 2;JABAR;BANDUNG;LBG;AOi4260719103928784c893a0;0;Anomaly;
202609;AREA 2;EASTERN JABOTABEK;BOGOR;BJD;PDAk42607170354044764d8d30;1;Anomaly;-2,63
202609;AREA 4;SULAWESI;MAKASSAR;ANT;AOs326072810583377406c7c0;0;Anomaly;
202609;AREA 4;KALIMANTAN;TARAKAN;TRD;AOi42607211000561729dd420;1;Anomaly;
202609;AREA 3;JATENG-DIY;SEMARANG;MJP;AOi4260719030520716e7cac0;1;Anomaly;
202609;AREA 4;SULAWESI;PARE-PARE;PRE;AOk4260708105850279cc36c0;0;Anomaly;
202609;AREA 3;JATIM;SURABAYA;SMP;AOi42606300955250590f2ca0;1;Anomaly;
202609;AREA 3;BALI NUSRA;DENPASAR;NGR;AOi4260726023908219fcce40;0;Anomaly;
202609;AREA 4;SULAWESI;MAKASSAR;SUD;AOi4260717032637690f1d050;1;Anomaly;
202609;AREA 3;JATENG-DIY;PEKALONGAN;BDY;AOi4260711125719184c7db50;1;Anomaly;
202609;AREA 4;SULAWESI;PALU;PLA;AOi4260727031036969c3dcd0;0;Anomaly;
202609;AREA 4;KALIMANTAN;BANJARMASIN;PGN;AOi426070312305684640f4f0;0;Anomaly;
202609;AREA 3;JATIM;JEMBER;KKH;AOk4260721125841824013e50;0;Anomaly;
202609;AREA 1;SUMBAGTENG;PEKANBARU;PBB;AOi4260723084042459283450;1;Anomaly;
202609;AREA 1;SUMBAGUT;CENTRAL MEDAN;CTD;AOi42607191143545977bb090;0;Anomaly;
202609;AREA 3;JATENG-DIY;YOGYAKARTA;SMN;AOi42607110845115503ae210;1;Anomaly;
202609;AREA 2;EASTERN JABOTABEK;KARAWANG;CIK;AOi4260727125152344fe4a80;1;Anomaly;
202609;AREA 4;MALUKU DAN PAPUA;SORONG;MWR;AOi426071407494700635b850;0;Anomaly;
202609;AREA 4;MALUKU DAN PAPUA;SORONG;TMB;AOi42607140952295072831d0;0;Anomaly;
202609;AREA 2;WESTERN JABOTABEK;TANGERANG;LKG;AOi12607240745118652be510;0;Anomaly;
202609;AREA 1;SUMBAGTENG;PEKANBARU;ARK;PDAk42607030140284805ed030;0;Anomaly;
202609;AREA 1;SUMBAGUT;RANTAU PRAPAT;ANP;AOi42607201254216271d2600;0;Anomaly;-1,77
202609;AREA 4;KALIMANTAN;PALANGKARAYA;KKP;AOi4260701105059343623a30;0;Anomaly;
202609;AREA 3;JATIM;SURABAYA;JGR;AOi426072505041732755d7f0;1;Anomaly;
202609;AREA 3;JATENG-DIY;SURAKARTA;PEN;AOi4260718084716557078000;1;Anomaly;
202609;AREA 3;JATENG-DIY;YOGYAKARTA;KEN;AOi42607171053105158b7800;1;Anomaly;
202609;AREA 1;SUMBAGUT;CENTRAL MEDAN;TJM;AOi4260711050538712208b30;0;Anomaly;
202609;AREA 4;MALUKU DAN PAPUA;TIMIKA;TIM;AOi4260724031144849455d70;1;Anomaly;
202609;AREA 4;KALIMANTAN;BANJARMASIN;BLC;AOi4260730022705700260b20;1;Anomaly;
202609;AREA 4;MALUKU DAN PAPUA;AMBON;TUA;AOi4260701023628044b2cbc0;1;Anomaly;
202609;AREA 1;SUMBAGUT;BANDA ACEH;MRU;AOi42607210523246565082a0;0;Comply;-18,60
202609;AREA 3;BALI NUSRA;DENPASAR;JBR;AOi42607260512079188c7520;1;Anomaly;
202609;AREA 4;MALUKU DAN PAPUA;AMBON;TUA;AOi4260701061310381175a70;1;Anomaly;
202609;AREA 3;JATIM;MALANG;GDG;AOi4260702015035977ff3de0;0;Anomaly;
202609;AREA 4;SULAWESI;MANADO;TNT;AOk42607231007542780dbe60;1;Anomaly;
202609;AREA 4;SULAWESI;MAKASSAR;BAR;AOi42607030638351335f2a20;1;Anomaly;
202609;AREA 2;WESTERN JABOTABEK;SERANG;PDG;AOi4260719115857007d56720;1;Anomaly;
202609;AREA 4;KALIMANTAN;PANGKALAN BUN;PEA;AOi4260702060613191a69850;1;Anomaly;
202609;AREA 1;SUMBAGTENG;PEKANBARU;PBB;AOi4260720012933320953d60;1;Anomaly;
202609;AREA 3;BALI NUSRA;DENPASAR;TOP;AOi4260727092212114542700;0;Anomaly;
202609;AREA 1;SUMBAGTENG;PEKANBARU;BKR;AOi4260726015816829884260;1;Anomaly;
202609;AREA 3;JATENG-DIY;SEMARANG;BMK;AOi4260714082343175c28910;1;Anomaly;
202609;AREA 1;SUMBAGTENG;BATAM;LBJ;AOi42607240310084426e67f0;0;Anomaly;
202609;AREA 1;SUMBAGTENG;PADANG;PDC;AOi4260720094629752885c40;0;Comply;-5,36
202609;AREA 4;SULAWESI;MAKASSAR;PNK;AOi1260708080833420ec0a10;0;Anomaly;
202609;AREA 3;BALI NUSRA;MATARAM;SBW;AOi4260723102920073fbd740;1;Anomaly;
202609;AREA 1;SUMBAGSEL;PALEMBANG;PDT;AOi4260713014009818a1f990;1;Anomaly;
202609;AREA 1;SUMBAGUT;WESTERN MEDAN;TJP;AOi4260716092843102c326b0;0;Anomaly;
202609;AREA 2;WESTERN JABOTABEK;SERANG;KSB;AOi4260724100656992d7c890;0;Anomaly;
202609;AREA 2;JABAR;BANDUNG;BTJ;AOi4260706125515210a5acd0;1;Anomaly;
202609;AREA 4;MALUKU DAN PAPUA;JAYAPURA;ABE;AOk426070104240187624dac0;0;Anomaly;
202609;AREA 4;SULAWESI;KENDARI;KKA;AOi4260724071102185ab6a20;0;Anomaly;
202609;AREA 1;SUMBAGTENG;PADANG;SJJ;AOi4260713123058879937430;1;Anomaly;
202609;AREA 1;SUMBAGUT;CENTRAL MEDAN;GLG;AOi426072902003992336c050;1;Anomaly;
202609;AREA 2;WESTERN JABOTABEK;SERANG;BLJ;AOb02606301159266497423a0;1;Anomaly;
202609;AREA 2;CENTRAL JABOTABEK;NORTHERN JAKARTA;MRY;AOs3260720021346474940fd0;1;Anomaly;
202609;AREA 4;SULAWESI;PALU;TEN;AOi4260710031853033082200;1;Anomaly;
202609;AREA 1;SUMBAGTENG;BUKIT TINGGI;SPE;AOi4260725024754418ac1120;0;Anomaly;
202609;AREA 4;MALUKU DAN PAPUA;AMBON;MSH;AOi426072702141134784c300;1;Anomaly;
202609;AREA 3;BALI NUSRA;MATARAM;BIM;AOi4260713015651251612500;1;Anomaly;
202609;AREA 3;JATIM;LAMONGAN;GSK;AOi42607081208204960bb810;0;Comply;-95,89
202609;AREA 2;JABAR;BANDUNG;RJW;AOi42607191147170705056e0;1;Anomaly;
202609;AREA 3;JATENG-DIY;SEMARANG;SMC;AOk4260721040535849d37260;1;Anomaly;
202609;AREA 3;JATENG-DIY;MAGELANG;MGE;AOi12607050641045669ea950;0;Anomaly;
202609;AREA 1;SUMBAGUT;BANDA ACEH;LBR;AOi42607050254117154be450;0;Anomaly;
202609;AREA 1;SUMBAGUT;CENTRAL MEDAN;TJM;AOi4260727090520528414b50;0;Anomaly;
202609;AREA 1;SUMBAGTENG;PEKANBARU;PBB;AOs326072107373935461f5c0;1;Anomaly;
202609;AREA 3;JATENG-DIY;SEMARANG;GNK;AOi42607190833119590265c0;0;Anomaly;
202609;AREA 1;SUMBAGTENG;DUMAI;TAK;AOi4260704110723285b2cdf0;1;Anomaly;
202609;AREA 4;SULAWESI;MANADO;AMD;AOk4260630012047252211010;0;Anomaly;
202609;AREA 1;SUMBAGSEL;BENGKULU;CRP;AOi4260704041213377077c80;1;Anomaly;
202609;AREA 1;SUMBAGTENG;PADANG;KJI;AOi4260706082050966e652e0;1;Anomaly;
202609;AREA 4;SULAWESI;KENDARI;MDG;AOi126071205514949434ad90;0;Anomaly;
202609;AREA 4;SULAWESI;MAKASSAR;TKA;AOi4260727054357734270250;0;Comply;-0,29
202609;AREA 4;KALIMANTAN;PONTIANAK;STG;AOi126072411280660995b870;0;Not Comply;430,23
202609;AREA 4;MALUKU DAN PAPUA;TIMIKA;TIM;AOi4260721091654777bcfaa0;0;Anomaly;
202609;AREA 2;CENTRAL JABOTABEK;NORTHERN JAKARTA;MRY;AOi426070410225450755f580;1;Anomaly;
202609;AREA 3;BALI NUSRA;DENPASAR;JBR;AOi42607230959347121b5af0;1;Anomaly;
202609;AREA 4;SULAWESI;PALU;PLA;AOi4260707074533073d62c10;1;Anomaly;
202609;AREA 1;SUMBAGSEL;PANGKAL PINANG;MTK;AOi4260727114203001f4ed80;1;Anomaly;
202609;AREA 3;BALI NUSRA;KUPANG;KEF;AOi4260707043447533719240;1;Anomaly;
202609;AREA 3;BALI NUSRA;DENPASAR;JBR;AOi42607060317457223b0a20;1;Anomaly;
202609;AREA 1;SUMBAGTENG;PADANG;SUR;AOi4260714015233108a5b290;1;Anomaly;
202609;AREA 2;CENTRAL JABOTABEK;SOUTHERN JAKARTA;KRG;AOi42607310130389224f8f60;0;Anomaly;
202609;AREA 4;KALIMANTAN;TARAKAN;TRD;AOi4260725120637431fefd30;0;Anomaly;
202609;AREA 1;SUMBAGUT;BANDA ACEH;SMM;AOi42607121110521441ad3b0;0;Anomaly;
202609;AREA 3;JATIM;LAMONGAN;TNZ;AOk4260727092447692b857a0;1;Anomaly;
202609;AREA 1;SUMBAGUT;BANDA ACEH;BNN;AOs3260711115835216135880;0;Anomaly;
202609;AREA 4;SULAWESI;MAKASSAR;TMA;AOi4260720034700679ae4840;1;Anomaly;
202609;AREA 4;KALIMANTAN;TARAKAN;TBY;AOi42607080220005746d4980;0;Anomaly;
202609;AREA 4;KALIMANTAN;PANGKALAN BUN;LMD;AOi426070901393502328b850;1;Anomaly;
202609;AREA 4;MALUKU DAN PAPUA;AMBON;ABO;AOi426072709020308832f1d0;1;Anomaly;
202609;AREA 3;BALI NUSRA;FLORES;MMR;AOk42607270350358659fb8f0;0;Anomaly;
202609;AREA 3;JATIM;LAMONGAN;GSK;AOi4260709090818101bb4e90;1;Anomaly;
202609;AREA 1;SUMBAGSEL;PALEMBANG;PBM;AOk4260718105019953980c20;0;Anomaly;
202609;AREA 3;JATENG-DIY;PEKALONGAN;CMA;AOi4260714032507645a0cb70;1;Anomaly;
202609;AREA 2;CENTRAL JABOTABEK;SOUTHERN JAKARTA;KRG;AOi1260725032905886bd2c60;0;Anomaly;
202609;AREA 4;SULAWESI;BONE;BLK;AOi4260717015643030c2db00;0;Anomaly;
202609;AREA 1;SUMBAGTENG;PEKANBARU;AMK;AOi42607051218265173b9970;1;Anomaly;
202609;AREA 1;SUMBAGSEL;PALEMBANG;BTA;AOi4260718105444816592490;1;Anomaly;
202609;AREA 1;SUMBAGTENG;PADANG;BGS;AOi42607011103027230a7660;0;Anomaly;
202609;AREA 2;WESTERN JABOTABEK;TANGERANG;CKL;AOi42607231044547779111e0;0;Anomaly;
202609;AREA 3;JATENG-DIY;SEMARANG;JPR;AOi42606301013008957bb210;0;Anomaly;
202609;AREA 1;SUMBAGTENG;PADANG;TLB;AOi42607140228201145de760;0;Anomaly;
202609;AREA 4;KALIMANTAN;SAMARINDA;TMD;AOi4260725042846408eeaa00;0;Anomaly;
202609;AREA 1;SUMBAGTENG;PEKANBARU;BKR;AOb0260726024037383a63b80;1;Anomaly;
202609;AREA 1;SUMBAGUT;RANTAU PRAPAT;ANP;AOi1260731125102281d5c680;0;Anomaly;
202609;AREA 1;SUMBAGSEL;LAMPUNG;TJK;AOi4260720042252200370220;1;Anomaly;
202609;AREA 4;MALUKU DAN PAPUA;SORONG;MWR;AOi4260702010649545116e30;1;Anomaly;
202609;AREA 4;KALIMANTAN;PONTIANAK;JAW;AOi42607271202431602ebfd0;1;Anomaly;
202609;AREA 2;JABAR;SOREANG;MJY;AOi4260717044256574d51710;1;Anomaly;-11,91
202609;AREA 2;EASTERN JABOTABEK;KARAWANG;SMH;AOi4260720035605175412610;1;Anomaly;
202609;AREA 3;JATENG-DIY;SURAKARTA;BLO;AOi4260723074003103c6c590;1;Anomaly;
202609;AREA 4;SULAWESI;MAKASSAR;SUD;AOi42607080816059681eb0c0;1;Anomaly;
202609;AREA 1;SUMBAGTENG;PADANG;TWI;AOi42607210733019563d3aa0;1;Anomaly;
202609;AREA 1;SUMBAGSEL;PALEMBANG;PGC;AOi4260727073538782924130;0;Anomaly;
202609;AREA 1;SUMBAGTENG;BUKIT TINGGI;PAM;AOi42607291254319474a3640;1;Anomaly;
202609;AREA 1;SUMBAGUT;CENTRAL MEDAN;SKI;AOi4260724060840283fbd540;0;Anomaly;
202609;AREA 2;CENTRAL JABOTABEK;NORTHERN JAKARTA;CKG;AOi4260623022200390d21470;1;Anomaly;
202609;AREA 1;SUMBAGUT;WESTERN MEDAN;KGH;AOi4260701074608221a22cc0;0;Anomaly;
202609;AREA 3;BALI NUSRA;MATARAM;BIM;PDAk4260629034315260657810;1;Anomaly;
202609;AREA 4;KALIMANTAN;BANJARMASIN;MTP;AOi4260723060529464d0a920;1;Anomaly;
202609;AREA 3;JATIM;SIDOARJO;GDA;AOi42607220250043449b4f70;1;Anomaly;-20,93
202609;AREA 1;SUMBAGTENG;BUKIT TINGGI;HRU;AOi4260713054449496499240;1;Anomaly;
202609;AREA 4;KALIMANTAN;TARAKAN;JWT;AOi42607241018594769546a0;0;Anomaly;
202609;AREA 3;JATIM;SIDOARJO;GDA;AOi42607100913570117ed540;0;Anomaly;
202609;AREA 4;MALUKU DAN PAPUA;SORONG;WMR;AOi42607210704336608f05a0;0;Anomaly;
202609;AREA 1;SUMBAGSEL;PANGKAL PINANG;TJN;AOi42607171055420258ad8a0;0;Anomaly;
202609;AREA 4;SULAWESI;MAKASSAR;TMA;AOi4260703075916730171a90;1;Anomaly;
202609;AREA 1;SUMBAGTENG;BUKIT TINGGI;SIU;AOi4260713033014570600780;0;Anomaly;
202609;AREA 2;WESTERN JABOTABEK;SERANG;LGK;AOs3260709085902917617bb0;0;Comply;-21,61
202609;AREA 2;CENTRAL JABOTABEK;NORTHERN JAKARTA;TPR;AOi426063006341230954bce0;0;Anomaly;
202609;AREA 3;JATENG-DIY;PEKALONGAN;PML;AOk4260703091020431488140;0;Comply;-1,32
202609;AREA 3;JATENG-DIY;PEKALONGAN;PML;AOi426070901384848781aee0;1;Anomaly;
202609;AREA 2;CENTRAL JABOTABEK;SOUTHERN JAKARTA;JAG;AOi4260707031843918401e70;0;Anomaly;
202609;AREA 1;SUMBAGSEL;PANGKAL PINANG;TJN;AOi42607160335005127b6b20;0;Anomaly;
202609;AREA 1;SUMBAGSEL;LAMPUNG;KLA;AOi426072701384194699d1c0;0;Anomaly;
202609;AREA 4;KALIMANTAN;TARAKAN;TRK;AOi42607240517338804f8310;0;Anomaly;
202609;AREA 3;BALI NUSRA;DENPASAR;TOP;AOi4260727100754531fc8fe0;1;Anomaly;
202609;AREA 4;KALIMANTAN;PONTIANAK;STA;AOi4260708072341398b28f50;0;Anomaly;
202609;AREA 1;SUMBAGTENG;PEKANBARU;PMB;AOi4260702124244233883f50;0;Anomaly;
202609;AREA 4;KALIMANTAN;BALIKPAPAN;BRU;PDAk4260704071457942831940;1;Anomaly;
202609;AREA 1;SUMBAGUT;CENTRAL MEDAN;TJR;AOi42607061202164075da4a0;1;Anomaly;
202609;AREA 4;SULAWESI;PALU;KOL;AOi4260712035409960e261c0;1;Anomaly;
202609;AREA 3;JATENG-DIY;SURAKARTA;PEN;AOi4260725091049999c579d0;1;Anomaly;
202609;AREA 1;SUMBAGSEL;PALEMBANG;TLK;AOi1260720073931839ca2c10;0;Anomaly;
202609;AREA 3;JATIM;MALANG;BLB;AOi4260730091441757deaff0;0;Anomaly;
202609;AREA 1;SUMBAGSEL;LAMPUNG;LAM;AOi4260711101521278e00e70;1;Anomaly;
202609;AREA 4;KALIMANTAN;BANJARMASIN;PGN;AOs326062905093186211ad20;1;Anomaly;-6,66
202609;AREA 3;JATENG-DIY;SEMARANG;SSL;AOk4260725111601781f682e0;0;Anomaly;
202609;AREA 4;SULAWESI;MANADO;GLL;AOi4260728024910105bb4230;1;Anomaly;
202609;AREA 1;SUMBAGUT;RANTAU PRAPAT;ANP;AOi426073008571576265ebd0;0;Anomaly;
202609;AREA 4;KALIMANTAN;PALANGKARAYA;PYM;AOi4260701103941115875570;1;Anomaly;
202609;AREA 2;EASTERN JABOTABEK;BOGOR;JGL;AOi42607081259084564bf7b0;0;Anomaly;
202609;AREA 1;SUMBAGUT;RANTAU PRAPAT;RAP;AOi4260716051716125c20180;0;Anomaly;
202609;AREA 1;SUMBAGUT;PEMATANG SIANTAR;PER;AOb0260724065005411854710;0;Anomaly;
202609;AREA 3;JATENG-DIY;PURWOKERTO;GML;AOi4260716072515130f67450;1;Anomaly;
202609;AREA 4;MALUKU DAN PAPUA;SORONG;TMB;AOi426071407304965859ab80;1;Anomaly;
202609;AREA 4;KALIMANTAN;PONTIANAK;SGU;AOk426071010405419848bee0;1;Anomaly;
202609;AREA 2;JABAR;BANDUNG;TGE;AOi42607070249568507da500;1;Anomaly;
202609;AREA 2;CENTRAL JABOTABEK;NORTHERN JAKARTA;PLM;AOi42607250549376197f6a30;0;Anomaly;
202609;AREA 2;WESTERN JABOTABEK;SERANG;LGK;AOk42607250553342650eb5c0;1;Anomaly;
202609;AREA 3;JATIM;SURABAYA;IJK;AOs3260729013828431ea24b0;0;Anomaly;
202609;AREA 1;SUMBAGUT;PEMATANG SIANTAR;RBM;AOi4260727113056619ddfe50;0;Anomaly;
202609;AREA 4;SULAWESI;PALU;PSO;AOi4260718065757992f7c790;1;Anomaly;
202609;AREA 4;KALIMANTAN;TARAKAN;TSL;AOi4260709123920349509b30;0;Anomaly;
202609;AREA 4;KALIMANTAN;PALANGKARAYA;KKP;AOi4260711100525642184540;0;Anomaly;
202609;AREA 4;MALUKU DAN PAPUA;SORONG;MWR;AOi4260722121942771428e80;1;Anomaly;
202609;AREA 4;SULAWESI;MANADO;SFI;AOi4260728071851941702f10;0;Anomaly;
202609;AREA 3;JATENG-DIY;YOGYAKARTA;KGD;PDAk426070912565680123ff00;1;Anomaly;
202609;AREA 2;WESTERN JABOTABEK;SERANG;RJG;AOi426070605483268078b730;0;Comply;-17,78
202609;AREA 1;SUMBAGUT;PEMATANG SIANTAR;BST;AOi4260701113021577f2cfb0;0;Anomaly;
202609;AREA 3;BALI NUSRA;DENPASAR;KLM;AOi42607010915317290c9ef0;1;Anomaly;
202609;AREA 4;KALIMANTAN;PONTIANAK;SAO;AOi4260720014122883f60490;1;Anomaly;
202609;AREA 3;BALI NUSRA;DENPASAR;LVN;AOi42607220323471690ad190;0;Anomaly;
202609;AREA 3;BALI NUSRA;MATARAM;DMP;AOi4260714114848651fc0180;0;Anomaly;
202609;AREA 1;SUMBAGUT;CENTRAL MEDAN;LBP;AOi4260712033346458b21cb0;0;Anomaly;
202609;AREA 3;JATENG-DIY;MAGELANG;GOM;AOi4260714121514866ea3530;0;Anomaly;
202609;AREA 2;JABAR;TASIKMALAYA;CKJ;AOi4260718051126561b33f90;1;Anomaly;
202609;AREA 1;SUMBAGTENG;PEKANBARU;ARK;AOi4260725040430021ac63f0;1;Anomaly;
202609;AREA 1;SUMBAGSEL;PANGKAL PINANG;TBI;AOi426071902290826192faa0;1;Anomaly;
202609;AREA 1;SUMBAGUT;BANDA ACEH;MBO;AOi4260712101604093842a50;0;Anomaly;
202609;AREA 4;KALIMANTAN;TARAKAN;JWT;AOi42607050207582141f97b0;0;Anomaly;
202609;AREA 1;SUMBAGTENG;PADANG;PDC;AOi4260706123555352430390;0;Anomaly;
202609;AREA 4;KALIMANTAN;PONTIANAK;ANJ;AOi42607070216269978a5030;1;Anomaly;
202609;AREA 2;JABAR;SOREANG;BJA;AOi4260709084426610499840;1;Anomaly;
202609;AREA 1;SUMBAGTENG;PEKANBARU;PMB;AOi4260716024100206536750;0;Anomaly;
202609;AREA 1;SUMBAGTENG;PEKANBARU;BKR;AOi426072002275675584f100;1;Anomaly;
202609;AREA 3;JATENG-DIY;SURAKARTA;MSO;AOi426062702430493633ddb0;1;Anomaly;
202609;AREA 4;SULAWESI;MAKASSAR;TMA;AOi4260727092739601949ea0;1;Anomaly;
202609;AREA 2;JABAR;BANDUNG;PDL;AOi4260708103925773b04fd0;1;Anomaly;
202609;AREA 4;SULAWESI;KENDARI;MDG;AOi42607110526575241d7d20;0;Anomaly;
202609;AREA 1;SUMBAGTENG;PEKANBARU;ARK;AOs3260707093840479473270;1;Anomaly;
202609;AREA 3;JATIM;SURABAYA;MYR;AOi42607050813219887ec880;1;Anomaly;
202609;AREA 1;SUMBAGSEL;PALEMBANG;KTU;AOi4260711030443054978f60;1;Anomaly;
202609;AREA 2;EASTERN JABOTABEK;BOGOR;JGL;AOs3260728050627427eacc40;0;Anomaly;
202609;AREA 4;KALIMANTAN;TARAKAN;TAJ;AOi4260708044004324fe0f50;0;Anomaly;
202609;AREA 4;SULAWESI;MANADO;TDN;AOi4260711040150899b07c80;0;Anomaly;
202609;AREA 4;KALIMANTAN;BALIKPAPAN;SEP;AOi42607160615345911133d0;0;Anomaly;
202609;AREA 2;CENTRAL JABOTABEK;NORTHERN JAKARTA;TPR;AOs3260706054839538105580;1;Anomaly;
202609;AREA 4;SULAWESI;MAKASSAR;TMA;PDAk42607290411423768dfe00;1;Anomaly;
202609;AREA 1;SUMBAGSEL;BENGKULU;BTH;AOi4260728041750354455920;1;Anomaly;
202609;AREA 4;SULAWESI;MAKASSAR;TMA;AOi4260712105259212a0d090;1;Anomaly;
202609;AREA 1;SUMBAGSEL;PALEMBANG;MEM;AOi4260714034241946c08c20;1;Anomaly;
202609;AREA 2;JABAR;CIREBON;PRD;AOs3260704125701903bf9580;1;Anomaly;-43,07
202609;AREA 3;BALI NUSRA;DENPASAR;NGR;AOi4260726124205030954e70;1;Anomaly;
202609;AREA 2;WESTERN JABOTABEK;SERANG;LBU;AOi4260722100707705269790;1;Anomaly;
202609;AREA 4;SULAWESI;MAKASSAR;BAR;AOi4260627013014353f22a60;0;Anomaly;
202609;AREA 4;SULAWESI;KENDARI;MDG;AOi4260731030942010ef8070;0;Anomaly;
202609;AREA 2;EASTERN JABOTABEK;BOGOR;BJD;AOi1260703101859292af8250;1;Anomaly;
202609;AREA 1;SUMBAGTENG;BUKIT TINGGI;SIR;AOi42607260231215357aeda0;1;Anomaly;
202609;AREA 4;KALIMANTAN;PONTIANAK;SAO;AOi42607221050150433339a0;1;Anomaly;
202609;AREA 4;SULAWESI;PALU;PLW;AOb0260706053257281d59ee0;1;Anomaly;
202609;AREA 3;BALI NUSRA;MATARAM;MTR;AOi1260726075016587260eb0;0;Anomaly;
202609;AREA 1;SUMBAGUT;PEMATANG SIANTAR;TBT;AOs3260715123605136474c50;0;Anomaly;
202609;AREA 3;JATIM;SURABAYA;BKL;AOi4260705080918428b86780;0;Anomaly;
202609;AREA 4;SULAWESI;MAKASSAR;JNP;AOi42607060917001065c2190;1;Anomaly;
202609;AREA 2;CENTRAL JABOTABEK;SOUTHERN JAKARTA;KMG;AOi426072304574447321a3b0;0;Anomaly;
202609;AREA 4;SULAWESI;PALU;LWU;AOk426072011234740494c3f0;0;Anomaly;
202609;AREA 2;JABAR;SOREANG;JTW;AOi4260722080042451523330;1;Anomaly;
202609;AREA 3;JATIM;SURABAYA;MGO;AOi4260718092810459f7b200;0;Anomaly;
202609;AREA 1;SUMBAGUT;PADANG SIDEMPUAN;PND;AOi42607080307246851a1e10;0;Anomaly;
202609;AREA 2;JABAR;BANDUNG;LBG;AOi4260723115901178345750;0;Anomaly;
202609;AREA 2;CENTRAL JABOTABEK;SOUTHERN JAKARTA;KRG;AOi1260707080721640a1db00;1;Anomaly;
202609;AREA 4;SULAWESI;MANADO;MDO;AOi4260709022418873c0f340;0;Anomaly;
202609;AREA 3;JATIM;SURABAYA;PME;AOk426072811160640397d1f0;1;Anomaly;
202609;AREA 2;EASTERN JABOTABEK;BOGOR;BJD;AOs3260702033133076eef950;0;Anomaly;
202609;AREA 3;BALI NUSRA;FLORES;RTE;AOi426070705205427408d650;0;Anomaly;
202609;AREA 4;MALUKU DAN PAPUA;SORONG;MWR;AOi4260727064414779707920;1;Anomaly;
202609;AREA 2;JABAR;BANDUNG;LBG;AOk4260725101556626d7aed0;1;Anomaly;
202609;AREA 3;JATIM;LAMONGAN;BJN;AOi42607210909290814fb970;0;Anomaly;
202609;AREA 2;CENTRAL JABOTABEK;SOUTHERN JAKARTA;KLD;AOi42607040928109210a3280;0;Anomaly;
202609;AREA 2;CENTRAL JABOTABEK;NORTHERN JAKARTA;CKG;AOi4260729074043938df1e40;1;Anomaly;
202609;AREA 4;KALIMANTAN;SAMARINDA;LOB;AOi426071204393017600b2b0;1;Anomaly;
202609;AREA 3;JATENG-DIY;SEMARANG;SSL;AOi4260704033255496956f20;1;Anomaly;
202609;AREA 1;SUMBAGTENG;DUMAI;DRI;AOi426070706005959529b100;1;Anomaly;
202609;AREA 1;SUMBAGSEL;BENGKULU;TIS;AOi42607310808188678fe3a0;1;Anomaly;
202609;AREA 4;SULAWESI;MANADO;TNT;AOi42607170522539732bd7d0;1;Anomaly;
202609;AREA 4;KALIMANTAN;BANJARMASIN;BJM;AOi4260717012210939605c50;1;Anomaly;
202609;AREA 4;SULAWESI;PALU;TEN;AOi42607261202024235f3570;1;Anomaly;
202609;AREA 1;SUMBAGUT;RANTAU PRAPAT;ANR;AOi4260721031312220474d80;0;Anomaly;
202609;AREA 1;SUMBAGSEL;BENGKULU;CRP;AOi42607280701141948d9be0;0;Anomaly;
202609;AREA 2;JABAR;TASIKMALAYA;GRU;AOi42607281143161775a9dd0;0;Comply;-0,29
202609;AREA 2;CENTRAL JABOTABEK;SOUTHERN JAKARTA;KMG;AOi4260630012814305ccb310;0;Anomaly;
202609;AREA 1;SUMBAGTENG;DUMAI;BGU;AOi4260722093815769be2420;1;Anomaly;
202609;AREA 2;JABAR;BANDUNG;BDK;AOi42607231008538212c07d0;1;Anomaly;
202609;AREA 4;SULAWESI;PARE-PARE;MAM;AOi4260713083524159b08900;0;Anomaly;
202609;AREA 1;SUMBAGUT;CENTRAL MEDAN;TMU;AOi4260713085850421fe3750;0;Anomaly;
202609;AREA 4;SULAWESI;PARE-PARE;MAM;AOi4260722072317368a52d20;0;Anomaly;
202609;AREA 3;JATIM;SURABAYA;IJK;AOi42607101111523747837b0;0;Anomaly;
202609;AREA 1;SUMBAGTENG;BATAM;LBJ;AOi4260722112744196afa670;0;Anomaly;
202609;AREA 4;KALIMANTAN;PONTIANAK;PTK;AOi4260720023258535ef18b0;1;Anomaly;
202609;AREA 2;EASTERN JABOTABEK;BEKASI;PDE;AOi4260713073631547e87a50;1;Anomaly;
202609;AREA 3;JATENG-DIY;SURAKARTA;KTO;AOi4260709125815481020d60;1;Anomaly;
202609;AREA 3;JATENG-DIY;MAGELANG;SWT;AOi42607240122383209d4f20;0;Comply;1,46
202609;AREA 1;SUMBAGTENG;BATAM;PNI;AOi4260729094914789b9f430;0;Anomaly;
202609;AREA 3;BALI NUSRA;MATARAM;MTR;AOi4260723112955206614410;1;Anomaly;-172,58
202609;AREA 3;JATENG-DIY;SEMARANG;SMT;AOi4260713014851950c6ee40;0;Anomaly;
202609;AREA 1;SUMBAGSEL;PANGKAL PINANG;MGR;AOi4260720033842759d31430;1;Anomaly;
202609;AREA 4;KALIMANTAN;PANGKALAN BUN;LMD;AOi426071704043177967d140;1;Anomaly;
202609;AREA 1;SUMBAGTENG;DUMAI;BGU;AOi4260727053632290fbe0a0;0;Anomaly;
202609;AREA 1;SUMBAGSEL;PALEMBANG;PLJ;AOi42607220606509572a0470;0;Anomaly;
202609;AREA 3;BALI NUSRA;DENPASAR;TPS;AOi42607061007171584f4ef0;1;Anomaly;
202609;AREA 2;WESTERN JABOTABEK;TANGERANG;PDR;PDAk4260721104435638383950;1;Anomaly;
202609;AREA 4;SULAWESI;BONE;BLK;AOi4260709080848218d3bc70;0;Anomaly;
202609;AREA 1;SUMBAGTENG;DUMAI;BKN;AOi4260707025201900f65cd0;1;Anomaly;
202609;AREA 4;KALIMANTAN;PALANGKARAYA;KKP;AOk426070107522873782b710;0;Anomaly;
202609;AREA 3;JATIM;LAMONGAN;PAD;AOi42607180735059672e2760;1;Anomaly;0,48
202609;AREA 1;SUMBAGTENG;BATAM;PNI;AOi4260718114551884501460;0;Anomaly;
202609;AREA 2;JABAR;CIREBON;JBN;AOi4260709125107356f62280;0;Anomaly;
202609;AREA 1;SUMBAGSEL;LAMPUNG;KBI;AOi4260714105015997c28f20;0;Anomaly;
202609;AREA 2;CENTRAL JABOTABEK;NORTHERN JAKARTA;KTX;AOi426071801123218439b810;1;Anomaly;
202609;AREA 3;BALI NUSRA;MATARAM;DMP;AOi4260727014530869f92db0;1;Anomaly;
202609;AREA 3;BALI NUSRA;DENPASAR;SMA;AOi426062509335538385d170;0;Anomaly;
202609;AREA 2;JABAR;CIREBON;CBN;AOi4260727061343076eb1c90;0;Anomaly;
202609;AREA 3;JATIM;JEMBER;KBS;AOi42607081221443790070e0;0;Anomaly;
202609;AREA 4;SULAWESI;MAKASSAR;PNK;AOi4260701022958671760420;0;Anomaly;
202609;AREA 3;JATENG-DIY;SURAKARTA;RDB;AOs3260712061150712d3cb50;1;Anomaly;
202609;AREA 4;KALIMANTAN;PANGKALAN BUN;SAI;AOi426072008231014614be00;1;Anomaly;
202609;AREA 3;JATIM;SURABAYA;KJR;PDAk4260724101528983137cd0;0;Anomaly;
202609;AREA 4;SULAWESI;GORONTALO;ISM;AOi42607230414417402a8300;1;Anomaly;
202609;AREA 4;SULAWESI;MAKASSAR;TMA;AOs32606300431058808008d0;0;Anomaly;
202609;AREA 4;KALIMANTAN;BANJARMASIN;LUL;AOi4260719035847902615cc0;1;Anomaly;
202609;AREA 4;KALIMANTAN;PANGKALAN BUN;KMI;AOi4260720071745292c81090;1;Anomaly;
202609;AREA 3;JATIM;LAMONGAN;KRK;AOi4260718030136571015fa0;0;Anomaly;
202609;AREA 1;SUMBAGUT;BANDA ACEH;SNA;AOi4260728033047897068130;1;Anomaly;
202609;AREA 4;MALUKU DAN PAPUA;AMBON;ABO;AOi42606300641126800e3a70;1;Anomaly;
202609;AREA 1;SUMBAGTENG;BATAM;SLU;AOi4260701100200552d06930;0;Anomaly;
202609;AREA 3;JATENG-DIY;YOGYAKARTA;BBS;AOk426070609542035871d540;1;Anomaly;
202609;AREA 2;CENTRAL JABOTABEK;NORTHERN JAKARTA;PDM;AOi4260723043358733155250;0;Anomaly;
202609;AREA 3;BALI NUSRA;DENPASAR;UBN;AOi4260729105827247730b50;0;Anomaly;
202609;AREA 1;SUMBAGTENG;PEKANBARU;PKR;AOs3260630064313278b78940;0;Anomaly;
202609;AREA 1;SUMBAGUT;CENTRAL MEDAN;TMU;AOi42607060443587439f4690;1;Anomaly;
202609;AREA 4;MALUKU DAN PAPUA;AMBON;PAO;AOi42607071052379418349c0;1;Anomaly;
202609;AREA 2;JABAR;BANDUNG;CMI;AOi4260709030831620217100;1;Anomaly;
202609;AREA 4;SULAWESI;GORONTALO;TLG;AOi426070512245330513df70;0;Anomaly;
202609;AREA 1;SUMBAGUT;BANDA ACEH;SAB;AOi426071611274953134f940;1;Anomaly;
202609;AREA 4;SULAWESI;BONE;WTG;AOi42607071106139508de410;0;Anomaly;
202609;AREA 1;SUMBAGUT;PADANG SIDEMPUAN;PYB;AOi42607070304120933872a0;0;Anomaly;0,86
202609;AREA 1;SUMBAGSEL;LAMPUNG;KBI;AOi426071304213804535b690;1;Anomaly;
202609;AREA 4;SULAWESI;MANADO;BIT;AOi4260723062319557bf5d90;0;Anomaly;
202609;AREA 3;JATENG-DIY;MAGELANG;MGE;AOi12607050641045669ea950;0;Anomaly;
202609;AREA 2;EASTERN JABOTABEK;BOGOR;JGL;AOb02607030349145161ef2b0;1;Anomaly;
202609;AREA 1;SUMBAGUT;BANDA ACEH;MBO;AOi4260729082521323c09f00;0;Anomaly;
202609;AREA 3;BALI NUSRA;KUPANG;OSP;AOi42607090210048871315b0;0;Anomaly;
202609;AREA 3;JATIM;SURABAYA;SMP;AOi42607120853518653148e0;0;Anomaly;
202609;AREA 4;KALIMANTAN;BANJARMASIN;RTA;AOi12607130636158914071a0;0;Anomaly;
202609;AREA 2;EASTERN JABOTABEK;BOGOR;PMU;AOi4260729095153257756dc0;0;Anomaly;
202609;AREA 2;JABAR;TASIKMALAYA;BNJ;AOi4260724095501976349d20;1;Anomaly;
202609;AREA 3;BALI NUSRA;DENPASAR;SGR;AOi4260712084334034e49f20;0;Anomaly;
202609;AREA 4;KALIMANTAN;PALANGKARAYA;PRC;AOi4260712115134348ad26c0;0;Anomaly;
202609;AREA 1;SUMBAGUT;PEMATANG SIANTAR;PER;AOb0260724065005411854710;1;Anomaly;-0,52
202609;AREA 4;KALIMANTAN;PONTIANAK;SNW;AOi42607190911231794cfff0;1;Anomaly;
202609;AREA 4;KALIMANTAN;PANGKALAN BUN;KTP;AOi4260710013713615e25790;0;Anomaly;
202609;AREA 2;JABAR;BANDUNG;TLE;AOi4260721071102478cbc700;1;Anomaly;
202609;AREA 4;KALIMANTAN;BALIKPAPAN;TGG;AOi4260714073727369cf14f0;0;Anomaly;
202609;AREA 2;WESTERN JABOTABEK;SERANG;CLG;AOk4260721034701717e74800;0;Anomaly;
202609;AREA 4;SULAWESI;MANADO;LAN;AOi42607160440481878bbd30;0;Anomaly;
202609;AREA 2;JABAR;TASIKMALAYA;BNJ;AOi4260721061141059c7aae0;0;Anomaly;
202609;AREA 1;SUMBAGUT;RANTAU PRAPAT;TJB;AOi1260705123206175b58150;0;Anomaly;
202609;AREA 1;SUMBAGUT;BANDA ACEH;SGI;AOi426072404472452530fa90;0;Anomaly;
202609;AREA 1;SUMBAGTENG;BUKIT TINGGI;SLM;AOi4260725010457022c1df50;0;Anomaly;
202609;AREA 4;KALIMANTAN;PONTIANAK;SRD;AOi4260728023022659dc1550;0;Anomaly;
202609;AREA 4;KALIMANTAN;PANGKALAN BUN;KMI;AOi4260710085450507676300;0;Anomaly;
202609;AREA 2;JABAR;BANDUNG;LBG;AOi4260717060723355e2cfd0;0;Anomaly;
202609;AREA 4;KALIMANTAN;PONTIANAK;SPY;AOi4260721083003257433300;0;Anomaly;
202609;AREA 2;JABAR;BANDUNG;LEM;AOi4260728042958428b6f730;1;Anomaly;
202609;AREA 4;SULAWESI;MAKASSAR;BAL;AOi426073102505865256d6b0;1;Anomaly;
202609;AREA 4;SULAWESI;PALU;KOL;AOi1260713113030684914c30;1;Anomaly;
202609;AREA 1;SUMBAGTENG;DUMAI;SGP;AOi4260716034507022dfc550;1;Anomaly;
202609;AREA 4;MALUKU DAN PAPUA;SORONG;SON;AOi4260712033105838ab7380;1;Anomaly;
202609;AREA 4;MALUKU DAN PAPUA;SORONG;SON;AOi4260703075919122f8a8c0;1;Anomaly;
202609;AREA 2;CENTRAL JABOTABEK;SOUTHERN JAKARTA;RMG;AOk4260715113207207310830;0;Anomaly;
202609;AREA 3;BALI NUSRA;DENPASAR;UBU;AOi4260721094847261b9e3d0;1;Anomaly;
202609;AREA 1;SUMBAGUT;WESTERN MEDAN;BJI;AOk426062411551924245f310;0;Anomaly;
202609;AREA 3;BALI NUSRA;MATARAM;SGG;AOi42607100220348570dfea0;0;Anomaly;-3,95
202609;AREA 3;BALI NUSRA;KUPANG;OSP;AOi426071805051902290aca0;1;Anomaly;
202609;AREA 3;JATIM;JEMBER;KPP;AOi426072109105225424fe40;0;Anomaly;
202609;AREA 4;SULAWESI;MANADO;BAH;AOi4260720121514912fd9480;1;Anomaly;
202609;AREA 4;SULAWESI;KENDARI;BBU;AOi4260716093247691455070;0;Anomaly;
202609;AREA 2;EASTERN JABOTABEK;KARAWANG;DNI;AOi426071206254542428f870;1;Anomaly;-43,72
202609;AREA 2;WESTERN JABOTABEK;SERANG;LGK;AOk4260703045837706516b70;0;Comply;-1,05
202609;AREA 3;JATENG-DIY;PEKALONGAN;PBG;AOi4260713061740870856310;1;Anomaly;
202609;AREA 3;JATIM;LAMONGAN;KRK;AOi4260718030136571015fa0;1;Anomaly;
202609;AREA 3;JATIM;LAMONGAN;TNZ;AOi42606300929434090f6860;1;Anomaly;
202609;AREA 1;SUMBAGSEL;BENGKULU;IPU;AOi4260708034817034e29080;1;Anomaly;
202609;AREA 4;KALIMANTAN;PONTIANAK;SAO;AOi42607221050150433339a0;1;Anomaly;
202609;AREA 1;SUMBAGUT;CENTRAL MEDAN;TTG;AOi4260726122153012b8dab0;0;Comply;-71,66
202609;AREA 1;SUMBAGUT;WESTERN MEDAN;LSM;AOs32607280308419277ca4f0;0;Anomaly;
202609;AREA 4;KALIMANTAN;TARAKAN;JWT;AOi4260630064014582c799f0;0;Anomaly;
202609;AREA 2;JABAR;BANDUNG;LBG;AOi4260711025707729199210;0;Anomaly;
202609;AREA 4;MALUKU DAN PAPUA;AMBON;PAO;AOi4260727073357146875ad0;1;Anomaly;
202609;AREA 2;CENTRAL JABOTABEK;NORTHERN JAKARTA;MRY;AOi426070410225450755f580;1;Anomaly;
202609;AREA 1;SUMBAGUT;CENTRAL MEDAN;TJM;AOk426072002493516718e4e0;0;Anomaly;
202609;AREA 1;SUMBAGSEL;BENGKULU;BNC;AOi42607240144045227d7ac0;0;Anomaly;
202609;AREA 3;JATENG-DIY;YOGYAKARTA;PKM;AOi42607220134102180dc720;0;Anomaly;
202609;AREA 3;JATENG-DIY;MAGELANG;MGE;AOi4260717015921453700e90;1;Anomaly;
202609;AREA 2;EASTERN JABOTABEK;BOGOR;JGL;AOi4260724112120958c94e70;1;Anomaly;
202609;AREA 4;SULAWESI;PARE-PARE;PKA;AOi42607030802437208a3cc0;1;Anomaly;
202609;AREA 3;BALI NUSRA;DENPASAR;BNO;AOi4260730104117906b4f120;1;Anomaly;
202609;AREA 4;KALIMANTAN;SAMARINDA;PLL;AOi4260716124520308a9ca00;0;Anomaly;
202609;AREA 3;BALI NUSRA;MATARAM;MLK;AOi4260701101723803e83ba0;0;Anomaly;
202609;AREA 1;SUMBAGSEL;LAMPUNG;KLA;AOi4260723080045819839090;1;Anomaly;
202609;AREA 2;CENTRAL JABOTABEK;SOUTHERN JAKARTA;KAL;AOs32607190117224472f4960;0;Anomaly;
202609;AREA 2;WESTERN JABOTABEK;TANGERANG;CPA;AOb0260708105332957276bb0;1;Anomaly;
202609;AREA 3;JATENG-DIY;YOGYAKARTA;KBU;AOi4260708015439185384f20;1;Anomaly;
202609;AREA 2;WESTERN JABOTABEK;SERANG;CRS;AOi4260701103358983205310;1;Anomaly;
202609;AREA 1;SUMBAGTENG;BATAM;LBJ;AOi42607301052005367a1010;0;Comply;-21,96
202609;AREA 2;EASTERN JABOTABEK;BOGOR;CLS;AOs3260726052526310634d30;1;Anomaly;-1,79
202609;AREA 4;SULAWESI;BONE;BLK;AOi4260708095813824a57bb0;0;Anomaly;
202609;AREA 4;SULAWESI;MANADO;MDO;AOi4260709022418873c0f340;1;Anomaly;
202609;AREA 1;SUMBAGUT;CENTRAL MEDAN;PDB;AOi4260704114353978c6ec00;0;Anomaly;
202609;AREA 1;SUMBAGUT;CENTRAL MEDAN;SKI;AOi4260727120938160354330;0;Anomaly;
202609;AREA 4;SULAWESI;MAKASSAR;SUG;AOi4260717015056391189290;1;Anomaly;
202609;AREA 1;SUMBAGUT;CENTRAL MEDAN;SKI;AOk42607170812306260260b0;0;Comply;-17,61
202609;AREA 4;SULAWESI;MAKASSAR;SUG;AOi4260717040414467b95020;1;Anomaly;
202609;AREA 3;BALI NUSRA;KUPANG;KPN;AOi42607071000427123f9cb0;1;Anomaly;
202609;AREA 4;SULAWESI;MANADO;TNT;AOi42607141117545660e2f60;1;Anomaly;
202609;AREA 2;EASTERN JABOTABEK;BOGOR;CKB;AOi426072001521962443caf0;0;Anomaly;
202609;AREA 4;KALIMANTAN;PONTIANAK;SGU;AOk426071010405419848bee0;1;Anomaly;
202609;AREA 4;SULAWESI;PALU;PLB;AOi42607210129288669da530;0;Anomaly;
202609;AREA 2;WESTERN JABOTABEK;TANGERANG;CPA;AOi42607151023296348f73b0;1;Anomaly;
202609;AREA 4;SULAWESI;PALU;KOL;AOs3260627063924066767860;1;Anomaly;
202609;AREA 1;SUMBAGUT;CENTRAL MEDAN;PDB;AOi4260711030322407af71c0;0;Anomaly;
202609;AREA 2;CENTRAL JABOTABEK;SOUTHERN JAKARTA;CID;AOk4260712034555043fb1dd0;1;Anomaly;
202609;AREA 3;BALI NUSRA;DENPASAR;BNO;AOi4260719085358793bfa3c0;1;Anomaly;
202609;AREA 3;BALI NUSRA;DENPASAR;BNO;AOi426073105311702419fcd0;1;Anomaly;
202609;AREA 3;BALI NUSRA;MATARAM;SBW;AOi42607290136597494ddf30;0;Anomaly;
202609;AREA 2;WESTERN JABOTABEK;TANGERANG;LKG;AOs32607140953313327fb850;0;Anomaly;
202609;AREA 1;SUMBAGTENG;BATAM;LBJ;AOi4260706051245574fdd2a0;0;Anomaly;
202609;AREA 1;SUMBAGUT;PEMATANG SIANTAR;PER;AOb0260724065005411854710;0;Anomaly;
202609;AREA 4;SULAWESI;KENDARI;PMA;AOi426070607515448917cc40;0;Anomaly;
202609;AREA 4;SULAWESI;PARE-PARE;MAM;AOi42607181153495816b8c70;0;Anomaly;
202609;AREA 2;WESTERN JABOTABEK;SERANG;CRS;AOi426070303053256713bfb0;1;Anomaly;
202609;AREA 4;SULAWESI;PARE-PARE;MAM;AOs32607230112585929db200;0;Anomaly;-46,86
202609;AREA 3;BALI NUSRA;MATARAM;SBW;AOi4260702045320128a67f40;0;Anomaly;
202609;AREA 3;JATENG-DIY;MAGELANG;PRN;AOi1260716043529814433160;0;Comply;1,43
202609;AREA 1;SUMBAGSEL;LAMPUNG;TKB;AOk42607131104185133d64c0;1;Anomaly;
202609;AREA 2;EASTERN JABOTABEK;BOGOR;CSR;AOi4260717105339072cbf960;0;Anomaly;
202609;AREA 4;KALIMANTAN;PALANGKARAYA;PLK;AOi4260729084235640d9ed00;0;Anomaly;
202609;AREA 4;KALIMANTAN;PANGKALAN BUN;KTP;AOi4260630061858395e8d660;0;Anomaly;
202609;AREA 2;WESTERN JABOTABEK;SERANG;LGK;AOb026070302333332086e350;1;Anomaly;
202609;AREA 4;KALIMANTAN;PANGKALAN BUN;PBU;AOi4260704053227812d8c250;0;Anomaly;
202609;AREA 4;SULAWESI;BONE;WTG;AOi4260719111604847263d20;0;Anomaly;
202609;AREA 4;MALUKU DAN PAPUA;AMBON;ABO;AOk42607010102192575a5ce0;0;Comply;-3,89
202609;AREA 2;WESTERN JABOTABEK;SERANG;BLJ;AOi4260708014623410fb9e90;1;Anomaly;
202609;AREA 1;SUMBAGTENG;PADANG;BLS;AOi4260707115951162c9e350;1;Anomaly;
202609;AREA 4;KALIMANTAN;PANGKALAN BUN;SAI;AOi4260727095809003252340;1;Anomaly;
202609;AREA 4;KALIMANTAN;PONTIANAK;PTK;AOi4260720023258535ef18b0;1;Anomaly;
202609;AREA 4;KALIMANTAN;PALANGKARAYA;PRC;AOi4260723033111664d44610;0;Anomaly;
202609;AREA 4;SULAWESI;PALU;PLB;AOi4260710122833935b7fa80;1;Anomaly;
202609;AREA 3;BALI NUSRA;DENPASAR;BNO;AOi4260714065940776da5040;0;Anomaly;
202609;AREA 4;SULAWESI;MANADO;TNT;AOi42607141117545660e2f60;1;Anomaly;
202609;AREA 3;JATIM;SURABAYA;BKL;AOk4260724112004729f6a9c0;0;Anomaly;
202609;AREA 4;KALIMANTAN;BALIKPAPAN;MLA;AOi1260730064212755ef43e0;0;Anomaly;
202609;AREA 1;SUMBAGUT;PADANG SIDEMPUAN;SBG;AOi4260710101955792c2c4c0;0;Anomaly;
202609;AREA 3;JATENG-DIY;SEMARANG;JPR;AOi42607310716112637c3be0;0;Anomaly;
202609;AREA 1;SUMBAGTENG;BUKIT TINGGI;MIN;AOi426071701121110544a0b0;0;Anomaly;
202609;AREA 3;JATIM;SURABAYA;PME;AOi4260720104806077d66ac0;1;Anomaly;
202609;AREA 4;SULAWESI;KENDARI;BBU;AOi42607150317209545de8f0;1;Anomaly;
202609;AREA 3;BALI NUSRA;DENPASAR;KLM;AOi4260727092747620505c80;1;Anomaly;
202609;AREA 2;WESTERN JABOTABEK;SERANG;KMT;AOi426072004180872788e2a0;0;Anomaly;
202609;AREA 4;KALIMANTAN;TARAKAN;TRD;PDAk4260707065817168c79820;1;Anomaly;
202609;AREA 4;SULAWESI;KENDARI;UNH;AOi42607060356592901fc960;0;Anomaly;
202609;AREA 4;SULAWESI;KENDARI;BBU;AOi4260711061109731b0bda0;0;Anomaly;
202609;AREA 4;KALIMANTAN;PONTIANAK;PMK;AOi42607230247147765e5060;0;Anomaly;
202609;AREA 2;EASTERN JABOTABEK;BOGOR;CBI;AOi42607151049562448bc560;0;Anomaly;
202609;AREA 1;SUMBAGUT;WESTERN MEDAN;LGS;AOi4260718041044365ee02b0;0;Anomaly;
202609;AREA 4;MALUKU DAN PAPUA;SORONG;SON;AOi426070403490401264bcb0;1;Anomaly;
202609;AREA 3;JATIM;SURABAYA;BKL;AOi4260721065624542c27eb0;0;Anomaly;
202609;AREA 2;JABAR;CIREBON;PAB;AOi4260711093619836f85460;0;Anomaly;
202609;AREA 1;SUMBAGSEL;PALEMBANG;PBM;AOi4260727092843462d0afd0;0;Anomaly;
202609;AREA 2;WESTERN JABOTABEK;TANGERANG;LKG;PDAk4260716091721234cb3210;1;Anomaly;
202609;AREA 4;KALIMANTAN;BALIKPAPAN;GSA;AOi426071610114587332db00;0;Anomaly;
202609;AREA 4;KALIMANTAN;BANJARMASIN;KPL;AOi4260717063056204fcb0d0;0;Anomaly;
202609;AREA 3;BALI NUSRA;DENPASAR;MMN;AOi4260726085632921a1a850;1;Anomaly;
202609;AREA 3;BALI NUSRA;MATARAM;MTR;AOi4260713124452024ad6230;1;Anomaly;
202609;AREA 4;KALIMANTAN;PALANGKARAYA;PLK;AOi4260717015203497b416a0;1;Anomaly;
202609;AREA 3;JATIM;SURABAYA;KLN;AOi4260728020534845380c80;1;Anomaly;
202609;AREA 2;EASTERN JABOTABEK;BOGOR;PAR;AOi4260703030150425df07d0;0;Anomaly;
202609;AREA 4;KALIMANTAN;PONTIANAK;SNW;AOi42607041202352118bd930;0;Anomaly;
202609;AREA 2;CENTRAL JABOTABEK;NORTHERN JAKARTA;PDM;AOi4260723043358733155250;0;Anomaly;
202609;AREA 1;SUMBAGUT;WESTERN MEDAN;PTL;AOi426070802105778424c3c0;0;Anomaly;
202609;AREA 3;BALI NUSRA;DENPASAR;NSD;AOs3260727025624469c25780;0;Anomaly;
202609;AREA 3;JATENG-DIY;SEMARANG;GNK;AOi42607190833119590265c0;1;Anomaly;
202609;AREA 3;BALI NUSRA;DENPASAR;SGR;AOi4260718031758951d33d70;0;Anomaly;
202609;AREA 1;SUMBAGTENG;PEKANBARU;ARK;PDAk426062904052410735de70;1;Anomaly;-100,44
202609;AREA 1;SUMBAGTENG;BUKIT TINGGI;LBB;AOi4260712055203779c7dba0;1;Anomaly;
202609;AREA 3;JATIM;SURABAYA;PME;AOk426072811160640397d1f0;0;Anomaly;
202609;AREA 3;BALI NUSRA;DENPASAR;BNO;PDAk4260720124953492f358f0;1;Anomaly;
202609;AREA 2;JABAR;TASIKMALAYA;KAW;AOi4260715012149482b624b0;0;Anomaly;
202609;AREA 3;JATIM;JEMBER;KKH;AOi4260702103858926728630;0;Comply;-17,19
202609;AREA 2;EASTERN JABOTABEK;KARAWANG;BGG;AOi4260728083804554e3f5a0;1;Anomaly;
202609;AREA 4;SULAWESI;MAKASSAR;TKA;AOi4260727054357734270250;0;Anomaly;
202609;AREA 1;SUMBAGTENG;PEKANBARU;PWG;AOi4260714111910358d38c00;1;Anomaly;
202609;AREA 2;WESTERN JABOTABEK;TANGERANG;PDR;AOi1260726044146442846b70;1;Anomaly;
202609;AREA 1;SUMBAGSEL;PALEMBANG;TLK;AOi12607070535256767877a0;1;Anomaly;
202609;AREA 3;BALI NUSRA;DENPASAR;BNO;AOi4260718114852786f30320;1;Anomaly;
202609;AREA 3;BALI NUSRA;DENPASAR;BNO;AOi4260716032023435738ed0;1;Anomaly;
202609;AREA 2;WESTERN JABOTABEK;TANGERANG;LKG;AOi42607181053250637b57f0;0;Anomaly;
202609;AREA 4;SULAWESI;PALU;PLA;AOi4260721062016899876ba0;0;Anomaly;
202609;AREA 4;SULAWESI;PARE-PARE;MAM;AOi42607081022263396d3ac0;0;Anomaly;
202609;AREA 3;BALI NUSRA;MATARAM;SBW;AOi4260710065015005e735d0;0;Anomaly;
202609;AREA 4;SULAWESI;PARE-PARE;PIN;AOi426070704560746609e3f0;0;Anomaly;
202609;AREA 4;KALIMANTAN;PALANGKARAYA;PYM;PDAk4260729105316089930d10;1;Anomaly;
202609;AREA 3;JATENG-DIY;SEMARANG;KDL;AOi4260702055005517326170;1;Anomaly;
202609;AREA 3;BALI NUSRA;DENPASAR;BNO;PDAk4260730071958341e60220;1;Anomaly;
202609;AREA 4;KALIMANTAN;TARAKAN;TRD;AOi4260722114809166de8b10;1;Anomaly;
202609;AREA 3;BALI NUSRA;DENPASAR;BNO;AOi426070602345281118d930;0;Anomaly;
202609;AREA 1;SUMBAGUT;PEMATANG SIANTAR;PDN;AOi12607180259177328b4a00;1;Anomaly;
202609;AREA 1;SUMBAGUT;RANTAU PRAPAT;ANR;AOs3260716105401521c051c0;0;Anomaly;
202609;AREA 4;KALIMANTAN;BANJARMASIN;MTP;AOi42607280334237925a0b10;0;Anomaly;
202609;AREA 3;BALI NUSRA;DENPASAR;KLM;AOi1260724102559902eda380;1;Anomaly;
202609;AREA 2;JABAR;CIREBON;CKC;AOi42607230557129084c8050;1;Anomaly;-2,93
202609;AREA 1;SUMBAGUT;RANTAU PRAPAT;ANR;AOi42607171026573645643a0;0;Anomaly;
202609;AREA 1;SUMBAGSEL;LAMPUNG;KBI;AOi4260715032135822afb510;1;Anomaly;
202609;AREA 1;SUMBAGUT;RANTAU PRAPAT;ANR;AOi4260701010214154ead7a0;0;Anomaly;
202609;AREA 1;SUMBAGUT;RANTAU PRAPAT;ANR;AOi42607200545031015fae80;0;Anomaly;
202609;AREA 1;SUMBAGTENG;DUMAI;BKN;AOi4260718085646564878210;1;Anomaly;
202609;AREA 1;SUMBAGSEL;BENGKULU;BTH;AOi4260724100921474afd130;1;Anomaly;
202609;AREA 1;SUMBAGSEL;BENGKULU;CRP;AOi4260720042540844f5be70;0;Anomaly;
202609;AREA 2;JABAR;TASIKMALAYA;CMS;AOk426071312185047836e0e0;0;Anomaly;
202609;AREA 1;SUMBAGUT;BANDA ACEH;MBO;AOi4260714113952218088f90;1;Anomaly;
202609;AREA 1;SUMBAGTENG;PADANG;SJJ;AOi426071607560658653afc0;1;Anomaly;
202609;AREA 2;WESTERN JABOTABEK;SERANG;CRS;AOi42607090950561304dab40;1;Anomaly;
202609;AREA 1;SUMBAGUT;CENTRAL MEDAN;GLG;AOi426071709533722640d720;0;Anomaly;
202609;AREA 3;BALI NUSRA;DENPASAR;BNO;PDAk4260621114833809dd4800;1;Anomaly;
202609;AREA 2;CENTRAL JABOTABEK;NORTHERN JAKARTA;CKG;PDAk42606260110212473dc280;0;Anomaly;
202609;AREA 3;JATIM;MADIUN;LOG;AOi426072708231422158e8c0;0;Anomaly;
202609;AREA 1;SUMBAGSEL;BENGKULU;BTH;AOi4260717091011528743f40;1;Anomaly;
202609;AREA 3;JATENG-DIY;SURAKARTA;KTO;AOi42607211236127348acc90;1;Anomaly;-44,43
202609;AREA 3;JATENG-DIY;PEKALONGAN;BDY;AOi4260712064921087e9eb20;1;Anomaly;
202609;AREA 4;KALIMANTAN;PONTIANAK;NGG;AOi12606210422361262b0bf0;1;Anomaly;32,27
202609;AREA 1;SUMBAGTENG;BUKIT TINGGI;SPE;AOi42607020120113595e3f40;0;Anomaly;
202609;AREA 3;JATIM;MADIUN;MGT;AOi42607200253156727b4120;1;Anomaly;
202609;AREA 2;JABAR;BANDUNG;UBR;PDAk4260629094407976d13b10;1;Anomaly;
202609;AREA 2;CENTRAL JABOTABEK;NORTHERN JAKARTA;TPR;AOi4260704094717444a430b0;0;Anomaly;
202609;AREA 4;SULAWESI;MANADO;TNT;AOi42607150213541492b7dc0;1;Anomaly;
202609;AREA 2;JABAR;BANDUNG;LBG;AOi12607260531078888bd270;1;Anomaly;
202609;AREA 4;KALIMANTAN;PONTIANAK;ANJ;AOi4260720114035952868420;1;Anomaly;
202609;AREA 3;JATENG-DIY;YOGYAKARTA;KLS;PDAk42607210329485686f3f40;1;Anomaly;
202609;AREA 4;SULAWESI;MAKASSAR;SUD;AOi4260627103213041be5ba0;1;Anomaly;
202609;AREA 3;BALI NUSRA;FLORES;LRT;AOi42607090524076645728e0;0;Anomaly;
202609;AREA 2;JABAR;BANDUNG;LBG;AOi4260705123200694b876a0;1;Anomaly;
202609;AREA 4;SULAWESI;MAKASSAR;PNK;AOi4260723115949832ad5a80;0;Anomaly;
202609;AREA 2;JABAR;BANDUNG;LBG;AOi4260717081335644213a90;0;Comply;-92,57
202609;AREA 4;SULAWESI;MANADO;AMD;AOi1260720093949074e1eec0;1;Anomaly;
202609;AREA 1;SUMBAGSEL;BENGKULU;TSS;AOi4260721060909016aa2260;1;Anomaly;
202609;AREA 4;KALIMANTAN;SAMARINDA;STT;AOi1260721034106665d19490;0;Comply;-0,38
202609;AREA 4;SULAWESI;KENDARI;BBU;AOi4260711061109731b0bda0;1;Anomaly;
202609;AREA 3;BALI NUSRA;DENPASAR;SGR;AOi4260723113541328b28e00;0;Anomaly;
202609;AREA 4;KALIMANTAN;BANJARMASIN;TJL;AOi42607150856436229beb90;1;Anomaly;
202609;AREA 3;JATENG-DIY;SEMARANG;JHR;AOs3260702095654724f08c20;0;Anomaly;
202609;AREA 1;SUMBAGTENG;PADANG;TLN;AOi42607080617285252bef50;1;Anomaly;
202609;AREA 4;SULAWESI;MANADO;TNT;AOi4260702101705101612730;1;Anomaly;-25,76
202609;AREA 3;JATIM;SURABAYA;KPS;AOi4260702091153247bc8b90;1;Anomaly;
202609;AREA 4;KALIMANTAN;SAMARINDA;SGK;AOi426070608271924813a9d0;0;Anomaly;
202609;AREA 2;EASTERN JABOTABEK;KARAWANG;LMA;AOs32607270622094912cff30;1;Anomaly;
202609;AREA 4;SULAWESI;MANADO;PIK;AOi4260709085140723434a60;1;Anomaly;
202609;AREA 1;SUMBAGUT;BANDA ACEH;BNA;AOi4260713110202113d0fd50;0;Anomaly;
202609;AREA 4;KALIMANTAN;TARAKAN;MLN;AOi12606301219057064208e0;0;Comply;-17,02
202609;AREA 1;SUMBAGSEL;LAMPUNG;TJK;AOi4260701095403946f794c0;0;Anomaly;
202609;AREA 1;SUMBAGSEL;PANGKAL PINANG;PGP;AOk4260706095658184a56f20;1;Anomaly;
202609;AREA 4;MALUKU DAN PAPUA;SORONG;BTI;AOi4260727104240274d37740;1;Anomaly;
202609;AREA 1;SUMBAGSEL;LAMPUNG;KBI;AOi4260713120043256fbc6b0;0;Anomaly;
202609;AREA 3;JATIM;SURABAYA;KPS;AOi42607090537560015695f0;0;Anomaly;
202609;AREA 3;JATENG-DIY;SURAKARTA;KRT;AOi4260701104439703c266c0;1;Anomaly;
202609;AREA 4;KALIMANTAN;SAMARINDA;PLL;AOi4260716124520308a9ca00;0;Anomaly;
202609;AREA 3;JATENG-DIY;PEKALONGAN;SLW;AOi4260707033642407023b90;0;Anomaly;
202609;AREA 1;SUMBAGSEL;LAMPUNG;KDT;AOi426071812041440359e230;0;Anomaly;
202609;AREA 4;KALIMANTAN;BALIKPAPAN;MJW;AOb02607100131027650ed3f0;0;Anomaly;
202609;AREA 3;BALI NUSRA;DENPASAR;TBN;AOi4260702015012091d821a0;1;Anomaly;
202609;AREA 3;BALI NUSRA;FLORES;MMR;AOi426071511052951399fbe0;0;Anomaly;
202609;AREA 3;BALI NUSRA;MATARAM;MTR;AOi4260729080812324639810;1;Anomaly;
202609;AREA 4;MALUKU DAN PAPUA;SORONG;SON;AOi4260703082441779daaad0;1;Anomaly;
202609;AREA 1;SUMBAGTENG;BATAM;PNI;AOi4260720023142059db3460;1;Anomaly;
202609;AREA 3;BALI NUSRA;MATARAM;TET;AOi426071010393598716ab80;0;Anomaly;
202609;AREA 3;JATIM;MALANG;WGI;AOi426070911460598600b0d0;0;Anomaly;
202609;AREA 1;SUMBAGUT;RANTAU PRAPAT;NGB;AOi4260712022029502c7c9a0;0;Anomaly;
202609;AREA 1;SUMBAGTENG;BATAM;SKN;AOk426071406524923443b3e0;0;Anomaly;
202609;AREA 1;SUMBAGTENG;BATAM;BTC;AOk42607240215353323dd8d0;1;Anomaly;
202609;AREA 4;SULAWESI;MAKASSAR;MAT;AOk4260714021916180eeafa0;1;Anomaly;
202609;AREA 3;JATIM;SURABAYA;LKI;AOs3260714023312218b61f90;1;Anomaly;
202609;AREA 1;SUMBAGUT;PEMATANG SIANTAR;PSA;AOi42607191131219328f83f0;0;Anomaly;
202609;AREA 3;JATENG-DIY;PEKALONGAN;RDD;AOs3260712034635376ccaee0;1;Anomaly;-18,92
202609;AREA 1;SUMBAGSEL;LAMPUNG;TJK;AOi4260704091202977dda910;1;Anomaly;
202609;AREA 1;SUMBAGUT;PEMATANG SIANTAR;TBT;AOs3260729082714736a01d90;0;Anomaly;
202609;AREA 1;SUMBAGSEL;PALEMBANG;TAM;AOi426070707583564921f230;1;Anomaly;
202609;AREA 3;BALI NUSRA;DENPASAR;TOP;AOi4260722011236164fc16c0;0;Anomaly;
202609;AREA 3;JATIM;SURABAYA;LKI;AOi1260706051525410984610;1;Anomaly;
202609;AREA 1;SUMBAGTENG;BUKIT TINGGI;PUK;AOi4260712114508151829ba0;0;Anomaly;
202609;AREA 2;WESTERN JABOTABEK;TANGERANG;CKL;AOi4260712121341259e55f20;0;Anomaly;
202609;AREA 4;SULAWESI;MANADO;LOL;AOi42607260625001985d0cf0;1;Anomaly;
202609;AREA 4;SULAWESI;MANADO;PIK;AOk4260714115703926aa6be0;1;Anomaly;
202609;AREA 1;SUMBAGUT;CENTRAL MEDAN;PUB;AOi42607130219452414a9790;0;Anomaly;
202609;AREA 4;KALIMANTAN;BANJARMASIN;BBR;AOi1260728070457256a1f410;1;Anomaly;
202609;AREA 2;CENTRAL JABOTABEK;NORTHERN JAKARTA;CIL;PDAk42607070230359516782f0;1;Anomaly;
202609;AREA 3;JATENG-DIY;SEMARANG;BMK;AOk426072109533586756be10;1;Anomaly;-21,70
202609;AREA 4;SULAWESI;MANADO;TNT;AOi4260721041310759ebefd0;1;Anomaly;
202609;AREA 1;SUMBAGUT;WESTERN MEDAN;KSG;AOi4260706112211536738d30;0;Anomaly;
202609;AREA 4;KALIMANTAN;PONTIANAK;SAO;AOi42607270905091446be3e0;0;Anomaly;
202609;AREA 2;EASTERN JABOTABEK;KARAWANG;TAR;PDAk42607120954395140ef0e0;1;Anomaly;
202609;AREA 2;CENTRAL JABOTABEK;SOUTHERN JAKARTA;CPE;AOi4260704060627531fb1000;0;Anomaly;
202609;AREA 3;BALI NUSRA;KUPANG;KPN;AOi42607210239322695888d0;1;Anomaly;
202609;AREA 3;BALI NUSRA;FLORES;MMR;AOi4260715112805929ee3a10;0;Anomaly;
202609;AREA 4;KALIMANTAN;BALIKPAPAN;SEP;AOi42607240142251375f8f80;0;Anomaly;
202609;AREA 1;SUMBAGTENG;PADANG;SIE;AOs3260720094635932055340;0;Anomaly;-16,97
202609;AREA 4;KALIMANTAN;TARAKAN;NNK;AOi4260710063147820486380;1;Anomaly;
202609;AREA 1;SUMBAGUT;PADANG SIDEMPUAN;PYB;AOi42607070304120933872a0;0;Anomaly;
202609;AREA 3;JATIM;SURABAYA;LKI;AOi42606300539199698080c0;1;Anomaly;
202609;AREA 1;SUMBAGSEL;JAMBI;BKO;AOi4260702045623741e79370;1;Anomaly;
202609;AREA 4;KALIMANTAN;BALIKPAPAN;BRU;AOk4260709091013756bfb030;0;Anomaly;
202609;AREA 4;MALUKU DAN PAPUA;SORONG;KIN;AOi42607290958277554a4930;1;Anomaly;
202609;AREA 4;SULAWESI;KENDARI;MDG;AOi4260701070623460484760;1;Anomaly;
202609;AREA 4;SULAWESI;MAKASSAR;JNP;AOi4260708120749962e61690;1;Anomaly;
202609;AREA 4;SULAWESI;MANADO;TNT;AOi4260720020636374d80bc0;0;Anomaly;
202609;AREA 1;SUMBAGTENG;BUKIT TINGGI;PYK;AOi426070608445475155ed20;0;Anomaly;
202609;AREA 3;JATENG-DIY;SURAKARTA;SKH;AOk42607140449093265da580;1;Anomaly;-22,12
202609;AREA 1;SUMBAGUT;PEMATANG SIANTAR;SBN;AOi426071106542558701da00;1;Anomaly;
202609;AREA 4;SULAWESI;MANADO;AMR;AOi42607300829100036e2520;1;Anomaly;
202609;AREA 1;SUMBAGUT;BANDA ACEH;BPD;AOi4260718113443086a821d0;1;Anomaly;
202609;AREA 2;EASTERN JABOTABEK;BEKASI;PDE;AOk4260701102345513d9a670;1;Anomaly;
202609;AREA 3;BALI NUSRA;KUPANG;KPN;AOi4260722033103023b17b10;1;Anomaly;
202609;AREA 4;KALIMANTAN;BANJARMASIN;KYG;AOi4260701085836952921290;0;Anomaly;
202609;AREA 4;SULAWESI;PALU;BKU;AOi42607210333012832498b0;1;Anomaly;
202609;AREA 1;SUMBAGUT;BANDA ACEH;BNA;AOi4260703121548750c44400;0;Anomaly;
202609;AREA 3;JATIM;SIDOARJO;SDA;AOi4260720100806773374a70;0;Anomaly;
202609;AREA 2;JABAR;BANDUNG;LBG;PDAk42606291027544467a9440;0;Anomaly;
202609;AREA 3;BALI NUSRA;KUPANG;KPN;AOi42607181043124676a6800;1;Anomaly;
202609;AREA 3;JATIM;LAMONGAN;KDE;AOi4260704030415237b9fa50;1;Anomaly;
202609;AREA 1;SUMBAGUT;BANDA ACEH;TKN;AOi42607020151071436c1660;0;Anomaly;
202609;AREA 3;JATIM;JEMBER;KBS;AOi42607081221443790070e0;1;Anomaly;
202609;AREA 1;SUMBAGSEL;PANGKAL PINANG;PGP;AOi4260710044830507958f50;0;Anomaly;
202609;AREA 2;JABAR;BANDUNG;BDK;AOi42607130557536873eceb0;0;Anomaly;
202609;AREA 3;JATIM;MALANG;BLB;AOi4260708031642780469850;1;Anomaly;
202609;AREA 4;SULAWESI;MANADO;KTG;AOi42607090202510958ace40;1;Anomaly;
202609;AREA 4;KALIMANTAN;PONTIANAK;ANJ;AOi4260715070556463a5b410;1;Anomaly;
202609;AREA 1;SUMBAGUT;WESTERN MEDAN;STB;AOi4260704050157624967170;0;Anomaly;
202609;AREA 2;WESTERN JABOTABEK;TANGERANG;CPD;AOi4260725104604437a015b0;1;Anomaly;
202609;AREA 1;SUMBAGUT;PEMATANG SIANTAR;SDK;AOs326072211212183981f3a0;0;Anomaly;
202609;AREA 1;SUMBAGSEL;PALEMBANG;TLK;AOb02607300729131875f1740;0;Anomaly;
202609;AREA 3;JATIM;LAMONGAN;BBE;AOi4260720080322585612c60;1;Anomaly;
202609;AREA 1;SUMBAGTENG;BUKIT TINGGI;PYK;AOi4260701085051257b2ccd0;1;Anomaly;
202609;AREA 1;SUMBAGSEL;PANGKAL PINANG;KBO;AOi4260726020228512da82c0;1;Anomaly;
202609;AREA 1;SUMBAGSEL;PALEMBANG;MUD;AOi4260717073126178ce9f40;1;Anomaly;
202609;AREA 1;SUMBAGSEL;PALEMBANG;KAG;AOi1260722065055713c1de10;1;Anomaly;
202609;AREA 1;SUMBAGSEL;PALEMBANG;TRA;AOi42607040229528105a2520;1;Anomaly;
202609;AREA 3;BALI NUSRA;DENPASAR;BNO;AOi1260702034232314ea6230;1;Anomaly;
202609;AREA 1;SUMBAGSEL;PALEMBANG;PGC;AOi42607030703419045ee440;0;Anomaly;
202609;AREA 4;SULAWESI;GORONTALO;MRS;AOi1260719063431744306d00;0;Anomaly;
202609;AREA 1;SUMBAGSEL;LAMPUNG;TJK;AOs3260710123454324375e80;0;Anomaly;
202609;AREA 1;SUMBAGSEL;LAMPUNG;MET;AOs3260718091932443de1af0;1;Anomaly;
202609;AREA 1;SUMBAGSEL;LAMPUNG;KBI;AOi42607030652406003c0a60;0;Anomaly;
202609;AREA 1;SUMBAGSEL;LAMPUNG;SPS;AOi42607280719253150bf780;0;Anomaly;
202609;AREA 1;SUMBAGSEL;PALEMBANG;PLJ;AOi4260707032501744ee0420;0;Anomaly;
202609;AREA 1;SUMBAGSEL;LAMPUNG;MET;AOs3260725093556399b67420;1;Anomaly;
202609;AREA 1;SUMBAGUT;CENTRAL MEDAN;CTD;AOi42607100219052562be9e0;0;Anomaly;
202609;AREA 1;SUMBAGSEL;PALEMBANG;PLJ;AOs3260726064555819487470;0;Anomaly;
202609;AREA 2;CENTRAL JABOTABEK;NORTHERN JAKARTA;SMI;AOi1260722060321473bcf130;1;Anomaly;
202609;AREA 1;SUMBAGSEL;PALEMBANG;KTU;PDAk426072011570662098bba0;0;Anomaly;
202609;AREA 1;SUMBAGSEL;LAMPUNG;MET;AOs3260713115909073440cd0;1;Anomaly;
202609;AREA 4;SULAWESI;PARE-PARE;MAM;AOi42607181153495816b8c70;1;Anomaly;
202609;AREA 1;SUMBAGSEL;BENGKULU;PGA;AOi126070612181475369a030;0;Anomaly;
202609;AREA 4;SULAWESI;MAKASSAR;PNK;AOi42607100529380458dc000;0;Anomaly;
202609;AREA 1;SUMBAGSEL;LAMPUNG;KBI;AOi42607300542448630d0100;0;Anomaly;
202609;AREA 1;SUMBAGSEL;JAMBI;MND;AOi4260710090401145105ac0;0;Anomaly;
202609;AREA 4;KALIMANTAN;TARAKAN;LNN;AOi426070805340693662f070;0;Anomaly;
202609;AREA 1;SUMBAGSEL;BENGKULU;PDP;AOi4260703023722339c3dab0;1;Anomaly;
202609;AREA 2;WESTERN JABOTABEK;TANGERANG;CPD;AOi42607201133062249100d0;0;Comply;-33,33
202609;AREA 1;SUMBAGSEL;LAMPUNG;KDT;AOi1260730093555789e25150;0;Anomaly;
202609;AREA 1;SUMBAGSEL;LAMPUNG;TJK;AOi1260713105635704864230;0;Anomaly;
202609;AREA 4;SULAWESI;MAKASSAR;MAT;AOk4260714021916180eeafa0;0;Anomaly;
202609;AREA 1;SUMBAGSEL;JAMBI;MAB;AOk42607111153116997d1c40;1;Anomaly;
202609;AREA 4;SULAWESI;PALU;PSO;AOi426071607201812309e260;1;Anomaly;
202609;AREA 1;SUMBAGSEL;LAMPUNG;LKP;AOi42607240920374776483b0;0;Anomaly;
202609;AREA 4;KALIMANTAN;PONTIANAK;JAW;AOi4260718075246324bed4b0;1;Anomaly;
202609;AREA 1;SUMBAGSEL;JAMBI;MAB;AOi126070906254796170e230;1;Anomaly;
202609;AREA 3;JATENG-DIY;SURAKARTA;SRG;AOi42607230548115714fef20;1;Anomaly;
202609;AREA 1;SUMBAGSEL;LAMPUNG;TJK;AOi4260723125558138cca110;0;Anomaly;
202609;AREA 1;SUMBAGSEL;JAMBI;BKO;AOi42607130920293320bcc00;1;Anomaly;
202609;AREA 1;SUMBAGSEL;LAMPUNG;SRW;AOi4260727075748109f82d60;0;Anomaly;
202609;AREA 1;SUMBAGSEL;LAMPUNG;GDT;AOi4260721104152550631cb0;0;Anomaly;
202609;AREA 1;SUMBAGSEL;LAMPUNG;TJK;AOi4260711080004425ff9b30;0;Anomaly;
202609;AREA 1;SUMBAGSEL;LAMPUNG;KBI;AOs326071710033327819efb0;0;Anomaly;
202609;AREA 1;SUMBAGSEL;PALEMBANG;TLK;AOs3260705114053419ca5fb0;0;Anomaly;
202609;AREA 1;SUMBAGSEL;LAMPUNG;KDT;AOi42607210659517513eb130;0;Anomaly;
202609;AREA 3;JATENG-DIY;SURAKARTA;KTO;AOi42607200222592654f8500;1;Anomaly;
202609;AREA 1;SUMBAGSEL;LAMPUNG;SPS;AOi4260701055223627346e00;0;Anomaly;
202609;AREA 1;SUMBAGSEL;LAMPUNG;TJK;AOi4260718110218597f542a0;0;Anomaly;
202609;AREA 3;JATENG-DIY;SEMARANG;MJP;AOi4260706044714615b08950;1;Anomaly;
202609;AREA 3;JATENG-DIY;YOGYAKARTA;KEN;AOi42607200611586977a0c10;0;Anomaly;
202609;AREA 3;JATIM;SIDOARJO;TPO;AOi4260719111940769f9a840;0;Anomaly;
202609;AREA 4;KALIMANTAN;SAMARINDA;BOT;AOi12607230219119251e6850;1;Anomaly;
202609;AREA 4;KALIMANTAN;SAMARINDA;BOT;AOk4260729112909420fd6990;1;Anomaly;
202609;AREA 1;SUMBAGTENG;BUKIT TINGGI;PAM;AOi4260702104943288cb7590;1;Anomaly;
202609;AREA 1;SUMBAGSEL;PANGKAL PINANG;SLT;AOi4260702014547239d0a9c0;0;Anomaly;
202609;AREA 1;SUMBAGSEL;BENGKULU;BNC;AOi42607190922522405eec00;0;Anomaly;
202609;AREA 1;SUMBAGSEL;LAMPUNG;BDA;AOi4260701111109959692270;1;Anomaly;
202609;AREA 1;SUMBAGSEL;LAMPUNG;MET;AOi426071911485976481a840;1;Anomaly;
202609;AREA 2;JABAR;TASIKMALAYA;PMP;AOi1260716092657241a640c0;0;Comply;0,98
202609;AREA 1;SUMBAGSEL;LAMPUNG;KLA;AOi4260718102145991a1ba70;0;Anomaly;
202609;AREA 1;SUMBAGSEL;LAMPUNG;KDT;AOi1260710100846973482440;0;Anomaly;
202609;AREA 1;SUMBAGSEL;LAMPUNG;KDT;AOi426070811025544860a770;0;Anomaly;
202609;AREA 4;MALUKU DAN PAPUA;JAYAPURA;JPB;AOi42607130100521681f4b20;0;Anomaly;
202609;AREA 2;EASTERN JABOTABEK;KARAWANG;SUE;AOi4260719114519534bfc560;1;Anomaly;
202609;AREA 4;KALIMANTAN;BANJARMASIN;PGN;AOi4260703041600926fb28e0;1;Anomaly;-22,25
202609;AREA 4;SULAWESI;MANADO;SFI;AOi4260719073312385b94a50;0;Anomaly;
202609;AREA 1;SUMBAGSEL;LAMPUNG;NTR;AOi4260715022456456f69620;1;Anomaly;
202609;AREA 2;WESTERN JABOTABEK;SERANG;SPT;PDAk4260710084033119931bf0;0;Anomaly;
202609;AREA 2;EASTERN JABOTABEK;BEKASI;BEK;AOs32607011026033853c14c0;0;Anomaly;
202609;AREA 4;SULAWESI;KENDARI;PMA;AOi42607050401130470bd8d0;0;Anomaly;
202609;AREA 4;SULAWESI;MANADO;TMH;AOi4260710114907164d6bde0;1;Anomaly;
202609;AREA 3;JATENG-DIY;SURAKARTA;RDB;AOs3260712061150712d3cb50;1;Anomaly;
202609;AREA 4;MALUKU DAN PAPUA;SORONG;MWR;AOk4260714072148774c14250;1;Anomaly;
202609;AREA 1;SUMBAGUT;CENTRAL MEDAN;TMU;AOi4260726021217980890470;1;Anomaly;
202609;AREA 1;SUMBAGUT;RANTAU PRAPAT;RAP;AOi4260725034959597bb4730;0;Anomaly;
202609;AREA 4;KALIMANTAN;BALIKPAPAN;KTB;AOi42607290434539829b7c60;0;Anomaly;
202609;AREA 3;JATENG-DIY;PURWOKERTO;PWT;AOi426070103315011369acb0;0;Anomaly;
202609;AREA 3;BALI NUSRA;KUPANG;KPN;AOi42607200411210783dc2b0;1;Anomaly;
202609;AREA 4;SULAWESI;BONE;WTP;AOi4260721023714522cd0dc0;1;Anomaly;
202609;AREA 3;BALI NUSRA;KUPANG;KPN;AOi4260718110608184387930;0;Anomaly;
202609;AREA 2;JABAR;BANDUNG;TGE;AOi426071503423124984c290;1;Anomaly;
202609;AREA 3;BALI NUSRA;KUPANG;KPN;AOi42607181136251257dac70;1;Anomaly;
202609;AREA 3;BALI NUSRA;KUPANG;KEF;AOk42607110943140122e9250;1;Anomaly;
202609;AREA 3;BALI NUSRA;KUPANG;KPN;AOi42607181238191030599d0;0;Anomaly;
202609;AREA 3;BALI NUSRA;KUPANG;KPN;AOi426072105174108980abe0;1;Anomaly;
202609;AREA 1;SUMBAGUT;WESTERN MEDAN;LGS;AOi4260726103202830064cd0;0;Anomaly;
202609;AREA 3;BALI NUSRA;KUPANG;KPN;AOi4260718014445140e3fc30;0;Anomaly;
202609;AREA 3;BALI NUSRA;KUPANG;KPN;AOi4260718011249097c88270;0;Anomaly;
202609;AREA 3;BALI NUSRA;KUPANG;KPN;AOi42607210512296324b4920;1;Anomaly;
202609;AREA 1;SUMBAGTENG;BATAM;SLU;AOi4260711013946965e0a210;0;Anomaly;
202609;AREA 3;JATIM;MADIUN;WKU;AOi42607170915441452e2ac0;1;Anomaly;
202609;AREA 2;CENTRAL JABOTABEK;SOUTHERN JAKARTA;CWA;AOs3260731074611748858a30;0;Anomaly;
202609;AREA 3;JATIM;LAMONGAN;TNZ;AOk4260727092447692b857a0;1;Anomaly;
202609;AREA 3;BALI NUSRA;KUPANG;KPN;AOi4260718010556104f9f510;0;Anomaly;
202609;AREA 4;SULAWESI;BONE;SIN;AOi42607160422047438e7d90;0;Anomaly;
202609;AREA 3;BALI NUSRA;KUPANG;KPN;AOi4260720021607515aa8560;1;Anomaly;
202609;AREA 4;SULAWESI;PARE-PARE;RTP;AOi1260730094934880e186b0;0;Anomaly;
202609;AREA 4;SULAWESI;KENDARI;KDR;AOi426070209563940536aaf0;0;Anomaly;
202609;AREA 4;SULAWESI;MANADO;AMR;AOi42607060721087604b1230;0;Anomaly;
202609;AREA 4;KALIMANTAN;PANGKALAN BUN;KTP;AOi4260710013713615e25790;1;Anomaly;
202609;AREA 1;SUMBAGUT;PEMATANG SIANTAR;SRA;AOi4260707023810526b4cfd0;0;Anomaly;
202609;AREA 3;JATIM;SIDOARJO;MRT;AOi4260713090738810ab7500;0;Anomaly;
202609;AREA 3;JATENG-DIY;SURAKARTA;SLO;AOi426071009222246515bca0;1;Anomaly;
202609;AREA 1;SUMBAGSEL;PALEMBANG;PDT;AOi1260628021436835564870;1;Anomaly;
202609;AREA 4;MALUKU DAN PAPUA;TIMIKA;TIM;AOi4260708043014615fce900;0;Anomaly;
202609;AREA 2;JABAR;BANDUNG;BDK;PDAk4260707075859679728d70;1;Anomaly;-17,46
202609;AREA 3;BALI NUSRA;DENPASAR;UBN;AOk4260709012531151915170;0;Anomaly;
202609;AREA 1;SUMBAGSEL;JAMBI;MRO;AOi4260712025529718b29790;1;Anomaly;
202609;AREA 1;SUMBAGUT;CENTRAL MEDAN;PUB;AOk42607271235038343c6ce0;0;Comply;-45,52
202609;AREA 1;SUMBAGSEL;JAMBI;MND;AOi4260708011721155a3ca40;0;Anomaly;
202609;AREA 1;SUMBAGSEL;PALEMBANG;KTU;AOi4260708125416132afc460;0;Anomaly;
202609;AREA 4;SULAWESI;MANADO;MDO;AOk4260702115041410751720;0;Anomaly;
202609;AREA 1;SUMBAGTENG;BATAM;KAI;AOi42607101141061441b5700;0;Anomaly;
202609;AREA 1;SUMBAGSEL;BENGKULU;PGA;AOi126070612181475369a030;1;Anomaly;
202609;AREA 3;BALI NUSRA;DENPASAR;TBN;AOi42607270513436712ed6b0;0;Anomaly;
202609;AREA 1;SUMBAGSEL;JAMBI;MBN;AOi42607140510343754b5020;1;Anomaly;
202609;AREA 1;SUMBAGTENG;PEKANBARU;PKR;AOi4260715010107056147e00;1;Anomaly;
202609;AREA 3;JATENG-DIY;SEMARANG;UNR;AOi42607311239467641630a0;1;Anomaly;
202609;AREA 4;SULAWESI;KENDARI;KDR;AOi4260717124357270582030;0;Anomaly;
202609;AREA 3;JATENG-DIY;PURWOKERTO;WOS;AOi42607101009221464e7170;1;Anomaly;
202609;AREA 1;SUMBAGSEL;LAMPUNG;KDT;AOb0260728093316816057040;1;Anomaly;
202609;AREA 1;SUMBAGTENG;PEKANBARU;ARK;AOi426071805261392257ef70;1;Anomaly;
202609;AREA 2;JABAR;SOREANG;RCK;AOk4260725112122548a2b0c0;1;Anomaly;
202609;AREA 1;SUMBAGUT;PEMATANG SIANTAR;PSA;AOi42607191131219328f83f0;0;Anomaly;
202609;AREA 4;KALIMANTAN;BANJARMASIN;GMB;AOi4260721114944582878300;0;Anomaly;
202609;AREA 1;SUMBAGSEL;LAMPUNG;TJK;AOi126070111531082039ad60;1;Anomaly;
202609;AREA 1;SUMBAGSEL;PALEMBANG;KTU;AOs32607290927253816352d0;1;Anomaly;
202609;AREA 2;JABAR;CIREBON;IMY;AOk426071312225085660d0b0;1;Anomaly;
202609;AREA 4;SULAWESI;PALU;PLB;AOi4260731103850098d81030;0;Anomaly;
202609;AREA 4;MALUKU DAN PAPUA;JAYAPURA;SNI;AOi4260704031236976576260;0;Anomaly;
202609;AREA 3;BALI NUSRA;MATARAM;SBW;AOi4260716042356588ff9070;0;Anomaly;
202609;AREA 2;JABAR;SOREANG;BJA;AOi42607271018047480988b0;1;Anomaly;
202609;AREA 3;JATENG-DIY;SEMARANG;BMK;AOk4260701110215487bf24d0;1;Anomaly;-1,76
202609;AREA 2;WESTERN JABOTABEK;SERANG;KSB;AOi4260720042809079f7e4a0;1;Anomaly;
202609;AREA 4;SULAWESI;MANADO;MDO;AOi4260704115658789200190;1;Anomaly;
202609;AREA 3;JATENG-DIY;MAGELANG;MGE;AOi42607300638199903bcb00;0;Anomaly;
202609;AREA 2;WESTERN JABOTABEK;TANGERANG;SRP;AOk42607161050203789b9120;1;Anomaly;
202609;AREA 1;SUMBAGUT;RANTAU PRAPAT;RAP;AOi4260716051716125c20180;0;Anomaly;
202609;AREA 1;SUMBAGSEL;LAMPUNG;KBI;AOi426071304213804535b690;1;Anomaly;
202609;AREA 1;SUMBAGSEL;LAMPUNG;BDU;AOi4260725122759340be0e80;1;Anomaly;
202609;AREA 4;SULAWESI;MAKASSAR;PNK;AOs32607150946480890144c0;1;Anomaly;
202609;AREA 2;CENTRAL JABOTABEK;SOUTHERN JAKARTA;KBY;PDAk4260701043017603c29a10;0;Anomaly;
202609;AREA 1;SUMBAGSEL;JAMBI;RBB;AOi4260708110900140a7c530;0;Anomaly;
202609;AREA 1;SUMBAGSEL;PALEMBANG;TRA;AOs3260714070656773261ab0;1;Anomaly;
202609;AREA 1;SUMBAGUT;PEMATANG SIANTAR;BST;AOi4260701113021577f2cfb0;0;Anomaly;
202609;AREA 1;SUMBAGTENG;PADANG;SLK;AOi4260722102008741785f60;1;Anomaly;
202609;AREA 1;SUMBAGSEL;PALEMBANG;TAM;AOi426070605023387589f190;1;Anomaly;
202609;AREA 4;KALIMANTAN;BANJARMASIN;GMB;AOi426072610445296405afa0;1;Anomaly;
202609;AREA 4;SULAWESI;PALU;BKU;AOi42607170102480802e0a80;1;Anomaly;
202609;AREA 4;KALIMANTAN;BANJARMASIN;BBR;AOi4260703080743257e79780;0;Anomaly;
202609;AREA 3;BALI NUSRA;DENPASAR;BNO;AOi4260724071240964c26530;1;Anomaly;
202609;AREA 1;SUMBAGUT;RANTAU PRAPAT;ANR;AOi4260729034212763f33db0;1;Anomaly;
202609;AREA 1;SUMBAGSEL;LAMPUNG;NTR;AOi42607100331563343d8400;1;Anomaly;
202609;AREA 3;JATIM;LAMONGAN;GSK;AOi42607070204114758cc190;1;Anomaly;
202609;AREA 1;SUMBAGSEL;LAMPUNG;KLA;AOi4260711080534404561ec0;0;Anomaly;
202609;AREA 1;SUMBAGTENG;DUMAI;BGU;AOi426071704403424138c5e0;0;Anomaly;
202609;AREA 2;WESTERN JABOTABEK;TANGERANG;TAN;AOi4260726110904222a49cc0;0;Anomaly;
202609;AREA 1;SUMBAGTENG;DUMAI;BGU;AOi42607270557100698ff710;0;Anomaly;
202609;AREA 3;JATIM;LAMONGAN;GSK;AOi426072710092519922fd00;1;Anomaly;
202609;AREA 1;SUMBAGSEL;LAMPUNG;KLA;AOi4260723080045819839090;1;Anomaly;
202609;AREA 1;SUMBAGTENG;PEKANBARU;RGT;AOi4260715051732612a260c0;0;Comply;-45,57
202609;AREA 3;BALI NUSRA;DENPASAR;SGR;AOi4260718031758951d33d70;1;Anomaly;
202609;AREA 3;JATENG-DIY;SEMARANG;BMK;AOi4260719091209180454e40;1;Anomaly;
202609;AREA 1;SUMBAGSEL;LAMPUNG;KLA;AOi4260714121730656a33130;0;Anomaly;
202609;AREA 3;BALI NUSRA;MATARAM;DMP;AOi42607080842446937fa980;0;Anomaly;
202609;AREA 1;SUMBAGUT;PEMATANG SIANTAR;PDN;AOi42607051113327468897d0;1;Anomaly;
202609;AREA 2;EASTERN JABOTABEK;KARAWANG;BGG;AOs326072109280703911bf50;1;Anomaly;
202609;AREA 3;JATENG-DIY;PEKALONGAN;BTG;AOi42607291238215395d5a40;1;Anomaly;
202609;AREA 3;BALI NUSRA;MATARAM;TET;AOi426071010393598716ab80;0;Anomaly;
202609;AREA 3;JATIM;MALANG;KPO;AOi4260714041806228b66700;1;Anomaly;
202609;AREA 3;JATENG-DIY;PURWOKERTO;GML;AOi4260715010256299b95ad0;1;Anomaly;
202609;AREA 2;JABAR;BANDUNG;GGK;AOi42607130209483318806e0;1;Anomaly;
202609;AREA 3;JATENG-DIY;PEKALONGAN;PBG;AOi42607071131301823c3250;0;Anomaly;
202609;AREA 3;BALI NUSRA;MATARAM;SBW;AOi42606300742230499a14e0;1;Anomaly;
202609;AREA 1;SUMBAGSEL;LAMPUNG;KBI;AOi4260702101519771a093d0;1;Anomaly;
202609;AREA 2;EASTERN JABOTABEK;BOGOR;CLS;AOi1260721025938934648350;1;Anomaly;
202609;AREA 1;SUMBAGUT;BANDA ACEH;DAR;AOi4260713014905926287bb0;0;Anomaly;
202609;AREA 3;JATENG-DIY;SEMARANG;SMT;AOs3260716085147454355660;0;Not Comply;6,59
202609;AREA 4;SULAWESI;KENDARI;BBU;AOi42607020221296478c5130;0;Anomaly;
202609;AREA 3;BALI NUSRA;FLORES;MMR;AOk4260701104535291a0ecd0;1;Anomaly;
202609;AREA 2;EASTERN JABOTABEK;KARAWANG;PWK;AOi426071609260869994ac80;0;Comply;-18,79
202609;AREA 1;SUMBAGUT;PEMATANG SIANTAR;KBJ;AOi426070902215236192f430;0;Anomaly;
202609;AREA 4;MALUKU DAN PAPUA;AMBON;SML;AOi4260702095502664fbb9b0;1;Anomaly;
202609;AREA 3;JATIM;SURABAYA;KML;AOi4260702091944444673ef0;0;Anomaly;
202609;AREA 3;JATENG-DIY;PEKALONGAN;KDW;AOi4260701122911285cb1710;0;Anomaly;
202609;AREA 2;EASTERN JABOTABEK;BOGOR;CSR;AOi4260704114254935401130;1;Anomaly;
202609;AREA 4;SULAWESI;KENDARI;KDR;AOi4260714090130673f88480;0;Anomaly;
202609;AREA 3;JATENG-DIY;MAGELANG;SWT;AOi42607131243441536cfae0;0;Anomaly;
202609;AREA 3;BALI NUSRA;FLORES;KLH;AOi42607060558102876fa980;0;Anomaly;
202609;AREA 3;JATENG-DIY;MAGELANG;KBM;AOk4260720091728517024350;0;Comply;-20,29
202609;AREA 4;MALUKU DAN PAPUA;SORONG;SON;AOi4260715035732644f75840;1;Anomaly;
202609;AREA 1;SUMBAGSEL;BENGKULU;BTH;AOb0260709053558137a03c80;1;Anomaly;
202609;AREA 1;SUMBAGTENG;PEKANBARU;RGT;AOi42606281007304846ac610;1;Anomaly;
202609;AREA 1;SUMBAGTENG;PADANG;SUM;AOi4260706021334843c9bf40;1;Anomaly;
202609;AREA 4;SULAWESI;PARE-PARE;MAM;AOi4260710082148474116660;0;Anomaly;
202609;AREA 2;CENTRAL JABOTABEK;SOUTHERN JAKARTA;PGG;AOk42607141040106225d43a0;0;Anomaly;
202609;AREA 1;SUMBAGTENG;BATAM;TPI;AOi4260720120229786710160;0;Anomaly;
202609;AREA 4;MALUKU DAN PAPUA;TIMIKA;MRK;AOi42607091024275721ac420;1;Anomaly;
202609;AREA 1;SUMBAGSEL;JAMBI;JMB;AOi4260701032008717342c00;0;Anomaly;
202609;AREA 4;SULAWESI;KENDARI;UNH;AOi426062808035786967af30;0;Anomaly;
202609;AREA 1;SUMBAGTENG;PADANG;SGD;AOi42607030341101314e2d50;0;Anomaly;
202609;AREA 4;KALIMANTAN;PANGKALAN BUN;KTP;AOi4260719081537148b98050;0;Anomaly;
202609;AREA 1;SUMBAGTENG;PADANG;PDC;AOi4260723084635297782540;0;Anomaly;
202609;AREA 4;SULAWESI;MAKASSAR;SUD;AOi42607260950482367c8d60;1;Anomaly;
202609;AREA 1;SUMBAGUT;CENTRAL MEDAN;MDC;AOk4260708054729017de4d90;1;Anomaly;
202609;AREA 2;EASTERN JABOTABEK;BOGOR;CLS;AOi426071103073595309ac80;0;Comply;-35,26
202609;AREA 4;MALUKU DAN PAPUA;SORONG;SON;AOi4260726043856855044540;1;Anomaly;
202609;AREA 4;KALIMANTAN;PONTIANAK;BKY;AOs326071303060741513cd50;0;Anomaly;
202609;AREA 2;WESTERN JABOTABEK;TANGERANG;CPA;AOi4260720073137093667470;0;Anomaly;
202609;AREA 3;JATIM;SIDOARJO;SDA;AOi4260717105110359fb4a30;0;Comply;-13,81
202609;AREA 2;JABAR;BANDUNG;PDL;PDAk426072611151866505c950;1;Anomaly;
202609;AREA 2;JABAR;BANDUNG;LBG;AOi42607200743409645cca50;1;Anomaly;
202609;AREA 1;SUMBAGSEL;PALEMBANG;PDT;AOi42607160833149519681e0;1;Anomaly;
202609;AREA 4;SULAWESI;PARE-PARE;PRE;AOi4260727013533328dd9370;1;Anomaly;
202609;AREA 1;SUMBAGUT;CENTRAL MEDAN;PUB;AOi42607151023542946e3840;1;Anomaly;
202609;AREA 2;JABAR;BANDUNG;SKM;AOi4260702111336312c8c800;1;Anomaly;
202609;AREA 1;SUMBAGTENG;BUKIT TINGGI;PPJ;AOs326073006383282773d810;1;Anomaly;
202609;AREA 4;SULAWESI;MAKASSAR;PNK;AOi42607191229228460ce1c0;0;Anomaly;
202609;AREA 4;KALIMANTAN;PONTIANAK;JAW;AOi4260718075246324bed4b0;1;Anomaly;
202609;AREA 1;SUMBAGSEL;LAMPUNG;BDA;AOi12607210807466706b7cf0;1;Anomaly;
202609;AREA 1;SUMBAGTENG;PADANG;ULK;AOk4260731110919988311cf0;1;Anomaly;
202609;AREA 1;SUMBAGSEL;PALEMBANG;BTA;AOi42607210753532585fd4f0;0;Anomaly;
202609;AREA 2;JABAR;BANDUNG;TGE;AOi4260725062542047977020;1;Anomaly;
202609;AREA 1;SUMBAGSEL;PALEMBANG;TAM;AOi4260717053311120bc3910;1;Anomaly;
202609;AREA 2;JABAR;CIREBON;PGD;AOi4260720085510362f315f0;0;Anomaly;
202609;AREA 1;SUMBAGSEL;LAMPUNG;MGA;AOi12607080245048678cb010;1;Anomaly;
202609;AREA 2;WESTERN JABOTABEK;TANGERANG;SRP;AOi4260722120510322cfa5f0;0;Anomaly;
202609;AREA 4;MALUKU DAN PAPUA;AMBON;PAO;AOi426070310201598365df70;1;Anomaly;
202609;AREA 2;EASTERN JABOTABEK;KARAWANG;TAR;AOs32607151105092069c58f0;1;Anomaly;
202609;AREA 4;KALIMANTAN;SAMARINDA;SBR;AOi4260730062606347102be0;0;Anomaly;
202609;AREA 2;JABAR;TASIKMALAYA;CMS;AOi4260705111521362222610;1;Anomaly;
202609;AREA 2;JABAR;BANDUNG;RJW;AOi4260718022915794de0460;1;Anomaly;
202609;AREA 2;CENTRAL JABOTABEK;NORTHERN JAKARTA;KTX;AOi42607140219427390b7a70;0;Anomaly;
202609;AREA 3;JATIM;SIDOARJO;TUN;AOi42607060524496303776d0;0;Anomaly;
202609;AREA 3;JATENG-DIY;SEMARANG;PAT;AOi42607261030358467c9de0;1;Anomaly;
202609;AREA 4;SULAWESI;BONE;WTP;AOi4260709055640137b8aa40;1;Anomaly;
202609;AREA 1;SUMBAGTENG;PADANG;SLK;AOs32607170448211824b5490;1;Anomaly;
202609;AREA 1;SUMBAGSEL;JAMBI;MAB;AOi42607080429351962f5450;1;Anomaly;
202609;AREA 1;SUMBAGSEL;PALEMBANG;PGC;AOk4260731112849438e2d2a0;0;Anomaly;
202609;AREA 1;SUMBAGUT;RANTAU PRAPAT;RAP;AOi4260718083504915fb8950;0;Anomaly;
202609;AREA 1;SUMBAGSEL;PALEMBANG;MUD;AOi42607230918073001f59c0;1;Anomaly;
202609;AREA 2;EASTERN JABOTABEK;BEKASI;BEK;AOk4260728013855344915cd0;1;Anomaly;
202609;AREA 1;SUMBAGSEL;JAMBI;MRO;AOi42607150719170443fdd20;1;Anomaly;
202609;AREA 4;KALIMANTAN;PONTIANAK;JAW;AOi4260730063355328fb53a0;0;Anomaly;
202609;AREA 2;JABAR;BANDUNG;RJW;AOi4260703102320277e5d4d0;1;Anomaly;
202609;AREA 3;BALI NUSRA;DENPASAR;TOP;AOi42607020927127455be330;0;Anomaly;
202609;AREA 4;KALIMANTAN;SAMARINDA;STT;AOi4260720084532424cf21f0;1;Anomaly;
202609;AREA 4;SULAWESI;MAKASSAR;PNK;AOi42607260201150692d5d80;1;Anomaly;-107,46
202609;AREA 1;SUMBAGSEL;LAMPUNG;BKM;AOi4260723054110749c46b60;1;Anomaly;
202609;AREA 4;SULAWESI;MAKASSAR;PNK;AOi4260722080941081342900;1;Anomaly;
202609;AREA 4;SULAWESI;MAKASSAR;ANT;AOi4260702015618145c58be0;1;Anomaly;
202609;AREA 4;KALIMANTAN;PANGKALAN BUN;SAI;AOi426072112271950995ce30;1;Anomaly;
202609;AREA 4;SULAWESI;MANADO;TNT;AOi1260727065311816e1efd0;1;Anomaly;
202609;AREA 4;SULAWESI;MANADO;TNT;AOi4260719090254627b1b9e0;1;Anomaly;
202609;AREA 4;SULAWESI;MANADO;TNT;AOs326071601104753659a3b0;1;Anomaly;
202609;AREA 4;SULAWESI;MANADO;TNT;AOi1260730122741337d3a440;1;Anomaly;
202609;AREA 4;SULAWESI;MANADO;TNT;AOi4260721042109324a24630;1;Anomaly;
202609;AREA 2;CENTRAL JABOTABEK;SOUTHERN JAKARTA;TBE;AOi42607010243401692569d0;0;Anomaly;
202609;AREA 2;WESTERN JABOTABEK;TANGERANG;PKU;AOi42607120851089713f7900;0;Anomaly;
202609;AREA 3;JATENG-DIY;PEKALONGAN;PBG;AOi4260715021350799ec8fe0;1;Anomaly;
202609;AREA 1;SUMBAGUT;PEMATANG SIANTAR;BST;AOi42606301119504109c18c0;1;Anomaly;
202609;AREA 2;JABAR;CIREBON;AWN;AOi42607060140276293b5e30;0;Anomaly;
202609;AREA 3;JATENG-DIY;PURWOKERTO;MAN;AOi4260723081320798011ec0;1;Anomaly;
202609;AREA 3;JATENG-DIY;PURWOKERTO;PWT;AOk4260715115101575382a20;1;Anomaly;
202609;AREA 3;JATIM;SIDOARJO;TPO;AOs32607010540325012a7300;1;Anomaly;-2,37
202609;AREA 3;BALI NUSRA;MATARAM;DMP;AOi4260728020223855e89c50;1;Anomaly;
202609;AREA 4;KALIMANTAN;BALIKPAPAN;BRU;AOs32607060745305400cb180;0;Anomaly;
202609;AREA 3;JATIM;SURABAYA;KBL;AOi4260726093526099e1f1a0;0;Anomaly;
202609;AREA 1;SUMBAGUT;RANTAU PRAPAT;RAP;AOi4260730072235936a46fa0;0;Anomaly;
202609;AREA 4;SULAWESI;MAKASSAR;PNK;AOi4260701060514038466040;0;Anomaly;
202609;AREA 4;KALIMANTAN;PANGKALAN BUN;SAI;AOi4260710014650983145eb0;1;Anomaly;
202609;AREA 2;CENTRAL JABOTABEK;SOUTHERN JAKARTA;KRG;AOi426071403115322286e960;1;Anomaly;
202609;AREA 4;MALUKU DAN PAPUA;AMBON;TUA;AOi426070603065281151caf0;1;Anomaly;
202609;AREA 3;JATENG-DIY;MAGELANG;MTY;AOi42607171124295714f69a0;0;Anomaly;
202609;AREA 4;MALUKU DAN PAPUA;SORONG;KIN;AOi42607290958277554a4930;0;Anomaly;
202609;AREA 2;JABAR;BANDUNG;UBR;PDAk4260629094407976d13b10;1;Anomaly;
202609;AREA 3;JATIM;SURABAYA;IJK;AOs3260719074632192a65590;0;Comply;-2,83
202609;AREA 4;KALIMANTAN;TARAKAN;TLA;AOi4260722032159204e48730;0;Anomaly;
202609;AREA 3;BALI NUSRA;MATARAM;SWE;AOi4260709011459745512190;0;Comply;-4,90
202609;AREA 1;SUMBAGUT;CENTRAL MEDAN;MDC;AOk4260708054729017de4d90;0;Anomaly;
202609;AREA 3;BALI NUSRA;KUPANG;TNA;AOi4260704014000967fb1320;1;Anomaly;
202609;AREA 1;SUMBAGTENG;PEKANBARU;BKR;AOi1260731122523846325680;1;Anomaly;
202609;AREA 3;JATENG-DIY;SEMARANG;JHR;AOi4260709110006857f67af0;0;Anomaly;
202609;AREA 4;KALIMANTAN;BALIKPAPAN;KTB;AOi4260722101032580d53260;0;Anomaly;
202609;AREA 4;KALIMANTAN;TARAKAN;TRD;AOi42607240404493102c51d0;0;Anomaly;
202609;AREA 1;SUMBAGTENG;DUMAI;DRI;AOi426071408430373772a7e0;1;Anomaly;
202609;AREA 3;BALI NUSRA;DENPASAR;JBR;AOi4260703093343353f32730;1;Anomaly;
202609;AREA 1;SUMBAGTENG;PEKANBARU;PBB;AOi42607201253400387b04d0;0;Anomaly;
202609;AREA 3;BALI NUSRA;FLORES;MMR;AOi4260713031931017e22120;1;Anomaly;
202609;AREA 3;JATENG-DIY;SEMARANG;JPR;AOi42607041214226387d0630;0;Anomaly;
202609;AREA 4;KALIMANTAN;PANGKALAN BUN;SAI;AOk4260720093459766fb7620;1;Anomaly;
202609;AREA 2;EASTERN JABOTABEK;BOGOR;GPI;AOi4260722032524510f9c3a0;1;Anomaly;
202609;AREA 3;JATIM;SIDOARJO;SDA;AOi4260720034718899abff70;0;Anomaly;
202609;AREA 2;WESTERN JABOTABEK;TANGERANG;TAN;AOi42607040411399548438c0;0;Anomaly;
202609;AREA 3;BALI NUSRA;MATARAM;MTR;AOi4260717083139397c19630;1;Anomaly;
202609;AREA 4;KALIMANTAN;TARAKAN;MLN;AOi4260722092359975a83e40;1;Anomaly;
202609;AREA 2;CENTRAL JABOTABEK;NORTHERN JAKARTA;MRY;AOk4260701102829464856c60;1;Anomaly;
202609;AREA 3;JATIM;SIDOARJO;KRN;AOi4260727062741129433bf0;0;Anomaly;
202609;AREA 2;WESTERN JABOTABEK;SERANG;LGK;AOi4260707112728946a02fd0;0;Anomaly;
202609;AREA 3;JATENG-DIY;MAGELANG;KBM;AOi1260711113332401f4eb80;1;Anomaly;
202609;AREA 1;SUMBAGTENG;PADANG;TLN;AOi42607080617285252bef50;0;Anomaly;
202609;AREA 1;SUMBAGUT;CENTRAL MEDAN;CTD;AOi4260706085331067ac6240;1;Anomaly;
202609;AREA 3;JATIM;SIDOARJO;TUN;AOi4260722043951572173ac0;1;Anomaly;
202609;AREA 1;SUMBAGSEL;PANGKAL PINANG;TJN;AOi42607160335005127b6b20;0;Anomaly;
202609;AREA 3;JATENG-DIY;PURWOKERTO;GML;AOi42606290545108161c5a50;0;Anomaly;
202609;AREA 4;KALIMANTAN;PONTIANAK;SRY;AOi4260720102533833a1a4d0;0;Anomaly;
202609;AREA 4;KALIMANTAN;BALIKPAPAN;MLA;AOi4260708041806982408380;0;Anomaly;
202609;AREA 2;JABAR;CIREBON;KNG;AOk4260725093547915b357b0;1;Anomaly;
202609;AREA 1;SUMBAGTENG;BATAM;LBJ;AOi42607301052005367a1010;0;Anomaly;
202609;AREA 1;SUMBAGTENG;BATAM;BTC;AOi4260716043950801381980;1;Anomaly;
202609;AREA 1;SUMBAGUT;BANDA ACEH;BPD;AOi4260729031719449928df0;1;Anomaly;
202609;AREA 3;BALI NUSRA;DENPASAR;KLM;AOi4260701063703371a07300;1;Anomaly;
202609;AREA 2;JABAR;BANDUNG;LBG;AOk42607110748599241d5d30;1;Anomaly;-92,74
202609;AREA 1;SUMBAGTENG;PEKANBARU;RGT;AOi42607151240329252a8250;0;Anomaly;
202609;AREA 4;SULAWESI;MANADO;AMR;AOi4260701083159743c911c0;0;Anomaly;
202609;AREA 4;MALUKU DAN PAPUA;SORONG;MWR;AOi42607250504535666c2c40;0;Anomaly;
202609;AREA 4;KALIMANTAN;PONTIANAK;SRY;AOi42607300245242642a2b80;1;Anomaly;
202609;AREA 1;SUMBAGSEL;BENGKULU;CRP;AOi4260701012214427e66720;0;Anomaly;
202609;AREA 1;SUMBAGUT;WESTERN MEDAN;PRL;AOi42607101109013294c16c0;0;Anomaly;
202609;AREA 2;CENTRAL JABOTABEK;SOUTHERN JAKARTA;KBY;AOi42607101001269076b8340;1;Anomaly;
202609;AREA 1;SUMBAGTENG;DUMAI;BKN;AOi42607071015151478efc30;1;Anomaly;
202609;AREA 1;SUMBAGTENG;BATAM;SLU;AOi4260701021007933779cf0;1;Anomaly;
202609;AREA 4;KALIMANTAN;PONTIANAK;SAO;AOi42607010802287309de8c0;1;Anomaly;
202609;AREA 4;SULAWESI;MAKASSAR;ANT;AOs326071302304188246dff0;1;Anomaly;
202609;AREA 4;SULAWESI;PARE-PARE;PRE;AOi42606151207072061d4e20;0;Anomaly;
202609;AREA 1;SUMBAGSEL;PANGKAL PINANG;PGP;AOi42607051251031516c81f0;0;Anomaly;
202609;AREA 2;JABAR;BANDUNG;BDK;AOi426071112081031008c850;1;Anomaly;
202609;AREA 2;EASTERN JABOTABEK;BOGOR;CBD;AOi426072308092365899b640;1;Anomaly;
202609;AREA 4;SULAWESI;MANADO;LBH;AOi4260728095207546767ae0;1;Anomaly;
202609;AREA 3;BALI NUSRA;DENPASAR;APR;AOi4260720092845570519850;1;Anomaly;
202609;AREA 3;BALI NUSRA;MATARAM;SWE;AOi4260725111051532702bb0;1;Anomaly;
202609;AREA 2;CENTRAL JABOTABEK;SOUTHERN JAKARTA;BIN;AOk4260725045823657783290;0;Anomaly;
202609;AREA 1;SUMBAGTENG;BATAM;SLU;AOi4260701021007933779cf0;1;Anomaly;
202609;AREA 3;JATIM;LAMONGAN;BJN;AOi42607210758521806238f0;1;Anomaly;
202609;AREA 1;SUMBAGTENG;BUKIT TINGGI;LBA;AOi4260704022758117ac2680;0;Anomaly;
202609;AREA 1;SUMBAGSEL;JAMBI;SRJ;AOi42607051201492513347e0;1;Anomaly;
202609;AREA 3;JATENG-DIY;MAGELANG;KAK;AOi126070402142580944d450;0;Anomaly;
202609;AREA 3;BALI NUSRA;MATARAM;MTR;AOi4260722010846613e0d1a0;1;Anomaly;
202609;AREA 3;BALI NUSRA;DENPASAR;UBN;AOi42607061003038620ad920;1;Anomaly;
202609;AREA 3;BALI NUSRA;DENPASAR;UBN;AOi4260725111036254775600;1;Anomaly;
202609;AREA 4;SULAWESI;GORONTALO;GTL;AOi42607290123468076f98b0;1;Anomaly;
202609;AREA 3;BALI NUSRA;DENPASAR;UBN;AOi42607060213533535ecc50;1;Anomaly;
202609;AREA 4;KALIMANTAN;SAMARINDA;SBR;AOi4260706111647981e032d0;1;Anomaly;
202609;AREA 1;SUMBAGSEL;LAMPUNG;KLA;AOi4260706063548613bf22d0;1;Anomaly;
202609;AREA 1;SUMBAGSEL;BENGKULU;LLG;AOi4260723092453566dcfac0;1;Anomaly;
202609;AREA 1;SUMBAGTENG;BATAM;SLU;AOi4260713122527560818be0;1;Anomaly;
202609;AREA 3;JATIM;SURABAYA;JGR;AOi4260705102447197637460;0;Anomaly;
202609;AREA 1;SUMBAGTENG;PEKANBARU;ARK;AOi42607220238544000c3710;1;Anomaly;
202609;AREA 3;JATENG-DIY;PURWOKERTO;GML;AOi4260705045042530cc5a40;0;Anomaly;
202609;AREA 1;SUMBAGTENG;PADANG;PDC;AOs32607120719065921815f0;1;Anomaly;
202609;AREA 4;KALIMANTAN;PALANGKARAYA;KRI;AOi42607290630514254cf2b0;1;Anomaly;
202609;AREA 3;JATIM;MADIUN;MGT;AOi4260716093932390d32040;0;Anomaly;
202609;AREA 4;KALIMANTAN;SAMARINDA;KOB;AOi4260724063137511c3b4a0;1;Anomaly;
202609;AREA 3;BALI NUSRA;MATARAM;SBW;AOi4260715021258152b64cb0;0;Anomaly;
202609;AREA 4;SULAWESI;KENDARI;UNH;AOi4260728033049676f5c070;0;Anomaly;
202609;AREA 3;JATENG-DIY;YOGYAKARTA;KEN;AOk426071709491470267e430;1;Anomaly;
202609;AREA 2;CENTRAL JABOTABEK;SOUTHERN JAKARTA;PSM;AOs3260729114846315dddfe0;1;Anomaly;
202609;AREA 2;CENTRAL JABOTABEK;NORTHERN JAKARTA;MRY;AOi4260709035323498f63000;1;Anomaly;
202609;AREA 1;SUMBAGUT;PADANG SIDEMPUAN;PYB;AOi42607180641585233c6020;0;Anomaly;
202609;AREA 2;CENTRAL JABOTABEK;SOUTHERN JAKARTA;KBY;PDAk4260701043017603c29a10;1;Anomaly;
202609;AREA 1;SUMBAGTENG;DUMAI;UBT;AOi426071004433368787ba00;1;Anomaly;
202609;AREA 3;BALI NUSRA;MATARAM;SWE;AOi4260708012703965e21c50;1;Anomaly;-69,48
202609;AREA 3;JATENG-DIY;PURWOKERTO;CLC;AOi4260703092345215a35340;0;Anomaly;
202609;AREA 1;SUMBAGTENG;PADANG;SRT;AOi4260702032304538e7cf50;1;Anomaly;
202609;AREA 1;SUMBAGUT;CENTRAL MEDAN;SPM;AOs3260728014246068a0e480;0;Anomaly;
202609;AREA 4;SULAWESI;BONE;WTP;AOk4260713050535317020bd0;1;Anomaly;
202609;AREA 1;SUMBAGSEL;PALEMBANG;MUB;AOi4260705080911470a89e10;1;Anomaly;
202609;AREA 2;EASTERN JABOTABEK;BOGOR;BOO;AOi42607201228104696770f0;0;Anomaly;
202609;AREA 1;SUMBAGSEL;PANGKAL PINANG;PGP;AOi4260703104954495fc3a90;0;Comply;-19,36
202609;AREA 1;SUMBAGUT;BANDA ACEH;SKL;AOi4260709083441851b261a0;0;Anomaly;
202609;AREA 3;BALI NUSRA;DENPASAR;SRR;AOi426072206440673589f120;1;Anomaly;
202609;AREA 1;SUMBAGSEL;BENGKULU;KPH;AOi4260711043101852c74a30;0;Anomaly;
202609;AREA 2;WESTERN JABOTABEK;SERANG;LWD;AOs3260726023057800570490;1;Anomaly;
202609;AREA 3;BALI NUSRA;MATARAM;DMP;AOi4260725062103519d2eb30;0;Anomaly;
202609;AREA 4;KALIMANTAN;BALIKPAPAN;BAM;AOi4260722121739575ece520;0;Anomaly;
202609;AREA 1;SUMBAGSEL;LAMPUNG;SPS;AOi4260705105806759308f30;0;Anomaly;
202609;AREA 3;JATIM;MALANG;BLB;AOi42607231057322877c7660;1;Anomaly;
202609;AREA 1;SUMBAGTENG;DUMAI;DUM;AOi42607290515463819105e0;0;Anomaly;
202609;AREA 1;SUMBAGUT;WESTERN MEDAN;LGS;AOi426070808051770259b5f0;0;Anomaly;
202609;AREA 2;EASTERN JABOTABEK;BEKASI;SKJ;AOi42607080336573308fc2d0;1;Anomaly;
202609;AREA 1;SUMBAGTENG;BUKIT TINGGI;LBA;AOk4260706115720650a07e60;0;Anomaly;
202609;AREA 1;SUMBAGUT;CENTRAL MEDAN;SKI;AOk42607170812306260260b0;0;Comply;-2,28
202609;AREA 1;SUMBAGTENG;DUMAI;PPN;AOi4260722090144612a906a0;0;Anomaly;
202609;AREA 3;JATIM;SURABAYA;KML;AOi42607080914215302e4790;0;Anomaly;
202609;AREA 4;SULAWESI;PALU;PLW;AOi426072106092213546fe50;0;Anomaly;
202609;AREA 3;BALI NUSRA;MATARAM;MTR;AOk4260720063939761afbe40;0;Anomaly;
202609;AREA 4;SULAWESI;MANADO;SFI;AOi42607210142340002d02b0;1;Anomaly;
202609;AREA 2;EASTERN JABOTABEK;KARAWANG;RDK;AOi4260719112020178015aa0;0;Anomaly;
202609;AREA 1;SUMBAGTENG;PADANG;ULK;AOs32607030123366464a77c0;1;Anomaly;
202609;AREA 3;BALI NUSRA;FLORES;MMR;AOk4260717122126963707b60;0;Anomaly;
202609;AREA 2;WESTERN JABOTABEK;TANGERANG;TAN;AOi42607220723072410aa460;0;Anomaly;
202609;AREA 3;BALI NUSRA;DENPASAR;TBN;AOi426070502371166509fc30;1;Anomaly;
202609;AREA 1;SUMBAGTENG;PEKANBARU;ARK;AOi4260630090658502d5aad0;1;Anomaly;
202609;AREA 4;SULAWESI;PARE-PARE;PLP;AOs3260710114753421b376c0;0;Anomaly;
202609;AREA 3;JATENG-DIY;PURWOKERTO;CLO;AOi1260718094841992db7540;0;Anomaly;
202609;AREA 3;JATENG-DIY;SEMARANG;ABR;AOi42607020907517820ca200;1;Anomaly;
202609;AREA 4;KALIMANTAN;PONTIANAK;BKY;AOs326071303060741513cd50;1;Anomaly;
202609;AREA 1;SUMBAGUT;PEMATANG SIANTAR;BST;AOi1260711090522113c5b360;0;Comply;-28,15
202609;AREA 4;SULAWESI;MAKASSAR;PNK;PDAk4260715092331854a01c30;1;Anomaly;-111,52
202609;AREA 3;JATENG-DIY;MAGELANG;MGE;AOi42607260757489070dfda0;1;Anomaly;
202609;AREA 1;SUMBAGTENG;DUMAI;DUM;AOi4260725111442447dc7d40;0;Anomaly;
202609;AREA 1;SUMBAGSEL;BENGKULU;IPU;AOi4260708054935142e25760;1;Anomaly;
202609;AREA 3;JATIM;SIDOARJO;PSN;AOi4260707115626918232a30;0;Anomaly;
202609;AREA 2;CENTRAL JABOTABEK;NORTHERN JAKARTA;CIL;AOi1260717111620285f66400;1;Anomaly;
202609;AREA 2;WESTERN JABOTABEK;TANGERANG;CPA;AOi1260707030127639b643c0;1;Anomaly;
202609;AREA 2;EASTERN JABOTABEK;BEKASI;DEP;AOi426070609413655366b7c0;1;Anomaly;
202609;AREA 3;BALI NUSRA;MATARAM;SBW;AOi4260713073519235f964a0;0;Anomaly;
202609;AREA 1;SUMBAGTENG;PADANG;PNN;AOi42607220815096446b2590;1;Anomaly;
202609;AREA 2;EASTERN JABOTABEK;BOGOR;DMG;AOi4260701113644032e80ba0;0;Anomaly;
202609;AREA 1;SUMBAGTENG;DUMAI;DRI;AOi4260710095659229f88830;0;Anomaly;
202609;AREA 2;EASTERN JABOTABEK;KARAWANG;BGG;AOk42607231231272811ee660;1;Anomaly;
202609;AREA 1;SUMBAGSEL;LAMPUNG;TJK;AOi12607080717307266afd70;0;Anomaly;
202609;AREA 2;CENTRAL JABOTABEK;NORTHERN JAKARTA;MRY;AOk4260701102829464856c60;1;Anomaly;
202609;AREA 2;WESTERN JABOTABEK;SERANG;KMT;AOi426072004180872788e2a0;0;Anomaly;
202609;AREA 4;SULAWESI;PALU;PLB;AOs326072108093488661dd70;0;Anomaly;
202609;AREA 4;SULAWESI;BONE;WTP;AOi4260709055640137b8aa40;1;Anomaly;
202609;AREA 3;JATENG-DIY;PEKALONGAN;PBG;AOk42607061021499501cc710;1;Anomaly;
202609;AREA 4;SULAWESI;MANADO;AMD;PDAk42607011126581162b2cb0;1;Anomaly;
202609;AREA 1;SUMBAGTENG;PADANG;ALH;AOi4260629113710107b931b0;1;Anomaly;
202609;AREA 2;JABAR;BANDUNG;LBG;AOi4260714085205795acdec0;0;Anomaly;
202609;AREA 1;SUMBAGUT;PADANG SIDEMPUAN;GST;AOi42607091116243942005e0;0;Anomaly;
202609;AREA 2;CENTRAL JABOTABEK;NORTHERN JAKARTA;PDM;AOi4260723043358733155250;0;Anomaly;
202609;AREA 4;SULAWESI;PALU;BKU;AOs3260705021913631a89110;1;Anomaly;
202609;AREA 4;KALIMANTAN;PALANGKARAYA;TML;AOi4260728090047270337140;1;Anomaly;
202609;AREA 4;KALIMANTAN;PALANGKARAYA;PLK;AOs3260715120334888978270;1;Anomaly;
202609;AREA 2;JABAR;BANDUNG;LBG;AOi426071204165984930de70;0;Anomaly;
202609;AREA 3;BALI NUSRA;MATARAM;PRY;AOi42607080919278387c7fa0;0;Comply;-172,71
202609;AREA 3;BALI NUSRA;MATARAM;PRY;AOi426072305320080272ff60;0;Anomaly;
202609;AREA 4;SULAWESI;PARE-PARE;SRK;AOk4260717110037254d325b0;1;Anomaly;
202609;AREA 3;JATIM;MALANG;SWJ;AOi4260630042908523377610;0;Comply;-3,64
202609;AREA 4;KALIMANTAN;BANJARMASIN;LUL;AOi1260714120822627bdee40;0;Comply;-24,52
202609;AREA 3;BALI NUSRA;DENPASAR;MMN;AOk4260708085523980993e00;1;Anomaly;
202609;AREA 1;SUMBAGSEL;LAMPUNG;TJK;AOi4260721115250624126e60;0;Anomaly;
202609;AREA 4;KALIMANTAN;PANGKALAN BUN;KTP;AOi4260704035750864efe060;0;Anomaly;
202609;AREA 4;KALIMANTAN;TARAKAN;TAJ;AOi4260731101320071c725a0;0;Anomaly;
202609;AREA 3;JATENG-DIY;YOGYAKARTA;PGR;AOk4260709014356619152950;0;Anomaly;
202609;AREA 4;SULAWESI;MAKASSAR;SUG;AOi426071607503759478d640;1;Anomaly;
202609;AREA 4;KALIMANTAN;SAMARINDA;STT;AOi42607231034309773dea50;0;Anomaly;
202609;AREA 3;JATENG-DIY;YOGYAKARTA;BTL;AOi4260706101641678754000;1;Anomaly;
202609;AREA 4;KALIMANTAN;BANJARMASIN;KDG;AOi4260726021451420de2a60;1;Anomaly;-18,22
202609;AREA 2;CENTRAL JABOTABEK;SOUTHERN JAKARTA;PGG;AOs3260714085550871a691f0;0;Anomaly;
202609;AREA 3;BALI NUSRA;FLORES;LWB;PDAk4260704072116358729a90;0;Anomaly;
202609;AREA 1;SUMBAGTENG;BATAM;SKN;AOi4260702024051907cff590;0;Anomaly;
202609;AREA 3;JATENG-DIY;PURWOKERTO;PWT;AOi426070103315011369acb0;1;Anomaly;
202609;AREA 1;SUMBAGUT;WESTERN MEDAN;PGL;AOi1260630053429804537c70;1;Anomaly;
202609;AREA 3;JATIM;JEMBER;PBL;AOi4260703014218045f22400;1;Anomaly;
202609;AREA 2;EASTERN JABOTABEK;BOGOR;SKB;AOi4260711122803744f61920;1;Anomaly;
202609;AREA 3;BALI NUSRA;FLORES;LWB;AOi42606230535460179954d0;0;Anomaly;
202609;AREA 1;SUMBAGUT;CENTRAL MEDAN;DLT;AOi42607260319095649164b0;0;Anomaly;
202609;AREA 4;SULAWESI;KENDARI;UNH;AOi426062904153627245ca90;1;Anomaly;
202609;AREA 1;SUMBAGSEL;PANGKAL PINANG;JBS;AOi42607100905008391ea6c0;1;Anomaly;
202609;AREA 2;CENTRAL JABOTABEK;NORTHERN JAKARTA;MRY;AOk4260701102829464856c60;1;Anomaly;
202609;AREA 4;SULAWESI;PALU;PLB;AOi4260709110724479a0fab0;0;Anomaly;
202609;AREA 4;MALUKU DAN PAPUA;TIMIKA;MRK;AOi426070208093135770c700;1;Anomaly;
202609;AREA 4;KALIMANTAN;BANJARMASIN;BLC;AOi4260720042653061a36b40;1;Anomaly;
202609;AREA 1;SUMBAGTENG;PEKANBARU;RBI;AOi1260727010606345698db0;0;Anomaly;
202609;AREA 3;JATIM;JEMBER;LMJ;AOi4260703062018871c3d080;0;Anomaly;
202609;AREA 4;MALUKU DAN PAPUA;AMBON;PAO;AOi426071308475540698e0e0;1;Anomaly;
202609;AREA 1;SUMBAGTENG;BATAM;SLU;AOi4260719123439575226cd0;0;Anomaly;
202609;AREA 2;JABAR;BANDUNG;CJA;AOs32607180532486988945a0;0;Anomaly;
202609;AREA 4;SULAWESI;PARE-PARE;MAM;AOi42607181153495816b8c70;1;Anomaly;
202609;AREA 4;KALIMANTAN;BALIKPAPAN;GSA;AOi426073101122201441abe0;1;Anomaly;
202609;AREA 1;SUMBAGTENG;PEKANBARU;RGT;AOi4260726083039686840d40;1;Anomaly;-91,73
202609;AREA 1;SUMBAGUT;CENTRAL MEDAN;TMU;AOk4260703120825250cfe770;0;Anomaly;
202609;AREA 1;SUMBAGSEL;PANGKAL PINANG;PGP;AOi4260704083856406403640;0;Not Comply;25,50
202609;AREA 2;JABAR;TASIKMALAYA;KNU;AOi4260720113745757097900;0;Anomaly;
202609;AREA 2;WESTERN JABOTABEK;TANGERANG;GDS;AOi42607171108579808095b0;0;Anomaly;
202609;AREA 1;SUMBAGSEL;PANGKAL PINANG;PGP;AOi4260722091029612862ab0;1;Anomaly;
202609;AREA 2;JABAR;TASIKMALAYA;KNU;AOi426070107440216288fa80;1;Anomaly;
202609;AREA 3;JATENG-DIY;SEMARANG;WLR;AOi4260704100705100a23bc0;1;Anomaly;
202609;AREA 3;BALI NUSRA;FLORES;BJW;AOi42607220708435233ca240;0;Anomaly;
202609;AREA 4;SULAWESI;MAKASSAR;SUD;AOi4260717032938245c1a570;0;Anomaly;
202609;AREA 3;BALI NUSRA;DENPASAR;BNO;AOi426072004043670432c970;1;Anomaly;
202609;AREA 4;KALIMANTAN;PONTIANAK;STA;AOk4260729013139684ed30e0;0;Comply;-40,80
202609;AREA 1;SUMBAGSEL;BENGKULU;BTH;AOi4260704032910922d96530;1;Anomaly;
202609;AREA 1;SUMBAGSEL;BENGKULU;BTH;AOi42606120458120300402c0;1;Anomaly;
202609;AREA 4;KALIMANTAN;BANJARMASIN;ULI;AOi42607190125558784e8c60;1;Anomaly;
202609;AREA 1;SUMBAGTENG;BATAM;SKN;AOi426071902120097208c5a0;0;Anomaly;
202609;AREA 4;SULAWESI;MAKASSAR;PNK;AOi42607260433551701c9710;0;Anomaly;
202609;AREA 3;JATIM;SIDOARJO;SDA;AOs32607150530343848b0920;0;Anomaly;
202609;AREA 3;JATENG-DIY;MAGELANG;MGE;AOi42607260757489070dfda0;1;Anomaly;
202609;AREA 4;KALIMANTAN;PONTIANAK;JAW;AOi4260720115220800a5c6a0;0;Anomaly;
202609;AREA 4;SULAWESI;MAKASSAR;SUG;AOk42607021104396538578b0;1;Anomaly;
202609;AREA 2;JABAR;TASIKMALAYA;LAG;AOi426063009513533016a8e0;0;Anomaly;
202609;AREA 2;CENTRAL JABOTABEK;NORTHERN JAKARTA;MRY;AOi42607310848209091f47f0;0;Anomaly;
202609;AREA 4;MALUKU DAN PAPUA;JAYAPURA;ABE;AOi4260721032915731f0dec0;0;Anomaly;
202609;AREA 1;SUMBAGSEL;LAMPUNG;TJK;AOi426070312313758496f130;0;Anomaly;
202609;AREA 2;CENTRAL JABOTABEK;NORTHERN JAKARTA;TPR;AOi4260716094010155936950;1;Anomaly;
202609;AREA 2;JABAR;SOREANG;MJY;AOi4260726120114417bf1020;0;Anomaly;
202609;AREA 1;SUMBAGTENG;BATAM;LBJ;AOk42607040633504601f79b0;1;Anomaly;
202609;AREA 1;SUMBAGTENG;PADANG;PDC;AOi42607250157061495f5eb0;1;Anomaly;
202609;AREA 1;SUMBAGTENG;PADANG;SLK;AOi42607100813433187c0940;1;Anomaly;-93,77
202609;AREA 1;SUMBAGSEL;PALEMBANG;BKS;AOi4260724094153363962890;1;Anomaly;
202609;AREA 3;JATENG-DIY;PURWOKERTO;CLC;AOi4260718112909679235360;0;Anomaly;
202609;AREA 2;JABAR;SOREANG;JTW;AOi42607210217264415ebba0;1;Anomaly;
202609;AREA 4;SULAWESI;KENDARI;KDR;AOi4260711025902727326cd0;1;Anomaly;
202609;AREA 3;JATENG-DIY;PURWOKERTO;CLC;AOi42607131002258826a8870;1;Anomaly;
202609;AREA 4;KALIMANTAN;PONTIANAK;MPW;AOi426072109021373608c180;1;Anomaly;
202609;AREA 4;KALIMANTAN;PONTIANAK;MPW;AOi4260721093302777afd770;1;Anomaly;
202609;AREA 4;KALIMANTAN;BANJARMASIN;LUL;AOi4260702101438082589370;1;Anomaly;
202609;AREA 1;SUMBAGTENG;PADANG;SIE;AOs3260720094635932055340;1;Anomaly;
202609;AREA 1;SUMBAGSEL;LAMPUNG;TJK;AOi4260703021722546630d30;0;Anomaly;
202609;AREA 2;JABAR;BANDUNG;TRG;AOk42607200304044213bba20;1;Anomaly;
202609;AREA 4;MALUKU DAN PAPUA;AMBON;TUA;AOi4260701023628044b2cbc0;1;Anomaly;
202609;AREA 4;SULAWESI;KENDARI;KDR;AOi4260717124357270582030;1;Anomaly;
202609;AREA 1;SUMBAGSEL;JAMBI;SRJ;AOi42607051201492513347e0;1;Anomaly;
202609;AREA 3;JATENG-DIY;SURAKARTA;KAR;AOi4260708102102479d079b0;1;Anomaly;
202609;AREA 1;SUMBAGUT;CENTRAL MEDAN;PUB;AOi12607241221524646c7940;0;Anomaly;
202609;AREA 2;EASTERN JABOTABEK;BOGOR;CSN;PDAk4260714020126490d19c30;1;Anomaly;
202609;AREA 4;SULAWESI;PALU;TWL;AOi4260729115142897e38af0;1;Anomaly;
202609;AREA 3;BALI NUSRA;FLORES;KLH;AOi426072512143542115c050;0;Anomaly;
202609;AREA 2;CENTRAL JABOTABEK;NORTHERN JAKARTA;PDM;AOi4260723043358733155250;1;Anomaly;
202609;AREA 2;EASTERN JABOTABEK;BOGOR;CPS;AOs3260714112500809f30e10;1;Anomaly;
202609;AREA 1;SUMBAGTENG;PADANG;ULK;AOk4260731110919988311cf0;1;Anomaly;
202609;AREA 3;JATENG-DIY;SURAKARTA;PEN;AOi4260725091049999c579d0;1;Anomaly;
202609;AREA 4;SULAWESI;MAKASSAR;SUG;AOi1260629102140641dd9f30;1;Anomaly;
202609;AREA 4;SULAWESI;MANADO;SFI;AOb0260719041514175e461e0;1;Anomaly;
202609;AREA 3;JATENG-DIY;SURAKARTA;KRT;AOi42607180946304800df710;1;Anomaly;
202609;AREA 4;SULAWESI;KENDARI;KKA;AOi42607020713338065f35f0;0;Anomaly;
202609;AREA 1;SUMBAGUT;PEMATANG SIANTAR;TBT;AOi42607021046273230e7f30;0;Anomaly;
202609;AREA 1;SUMBAGSEL;JAMBI;MAB;AOi4260731014157155802ce0;1;Anomaly;
202609;AREA 3;JATENG-DIY;SEMARANG;WLR;AOi4260727065310031f67f30;1;Anomaly;
202609;AREA 4;SULAWESI;PARE-PARE;PLP;AOk426072310594549471c880;0;Anomaly;
202609;AREA 1;SUMBAGTENG;BATAM;BTC;AOi42607200405155094a2630;0;Anomaly;
202609;AREA 1;SUMBAGSEL;PALEMBANG;PGC;AOi426070303142854112bb10;1;Anomaly;
202609;AREA 2;WESTERN JABOTABEK;SERANG;CKA;AOi42607221130468101a7ef0;0;Anomaly;
202609;AREA 1;SUMBAGSEL;PALEMBANG;SKY;AOi42607041231400610645a0;1;Anomaly;
202609;AREA 2;CENTRAL JABOTABEK;NORTHERN JAKARTA;TPR;AOs32607180450326741f9a80;1;Anomaly;
202609;AREA 4;KALIMANTAN;PONTIANAK;STA;AOi42607110829070252185a0;0;Anomaly;
202609;AREA 1;SUMBAGSEL;LAMPUNG;SPS;AOi42607060453554174cc5c0;1;Anomaly;
202609;AREA 4;SULAWESI;PALU;PLA;AOi4260727031036969c3dcd0;1;Anomaly;
202609;AREA 4;SULAWESI;MAKASSAR;PKN;AOi4260701063157708eb6520;0;Anomaly;
202609;AREA 1;SUMBAGUT;BANDA ACEH;BNA;PDAk4260702123403644e30520;0;Anomaly;
202609;AREA 4;KALIMANTAN;PONTIANAK;SMB;AOi4260717091100989f35630;1;Anomaly;
202609;AREA 2;CENTRAL JABOTABEK;NORTHERN JAKARTA;KTX;AOi4260716064309370b67810;1;Anomaly;
202609;AREA 1;SUMBAGTENG;PADANG;KJI;AOi4260706082050966e652e0;1;Anomaly;
202609;AREA 1;SUMBAGTENG;PEKANBARU;SLJ;AOi4260723090619388136720;1;Anomaly;
202609;AREA 1;SUMBAGTENG;PADANG;BDT;AOi42607250100517425e21b0;0;Anomaly;
202609;AREA 1;SUMBAGUT;PADANG SIDEMPUAN;SBG;AOi426070401550671595cc70;0;Anomaly;
202609;AREA 2;WESTERN JABOTABEK;SERANG;TGR;AOi4260707093340804ff7490;1;Anomaly;
202609;AREA 4;SULAWESI;MANADO;BIT;AOi4260725101114562b0b730;1;Anomaly;
202609;AREA 1;SUMBAGUT;WESTERN MEDAN;BJI;AOi426073006045607110c870;0;Anomaly;
202609;AREA 1;SUMBAGTENG;BATAM;SKN;AOi42607270838543219198b0;0;Anomaly;
202609;AREA 4;SULAWESI;GORONTALO;GTL;AOi42607010559269127e7260;0;Anomaly;
202609;AREA 1;SUMBAGUT;BANDA ACEH;TKN;AOi126071503343316322a460;0;Comply;-41,34
202609;AREA 3;JATENG-DIY;YOGYAKARTA;KEN;AOi4260630030156058615360;1;Anomaly;
202609;AREA 3;JATENG-DIY;PEKALONGAN;SLW;AOk42607280409579340e9d80;0;Anomaly;
202609;AREA 2;JABAR;TASIKMALAYA;TSM;AOi42607230147526429dcb10;0;Anomaly;
202609;AREA 2;JABAR;BANDUNG;RJW;AOi4260719030140449e50130;1;Anomaly;4,48
202609;AREA 3;JATIM;MALANG;MLG;AOi42607250526546896935c0;1;Anomaly;
202609;AREA 1;SUMBAGUT;WESTERN MEDAN;PBD;AOi4260717071530160fd4ef0;0;Anomaly;
202609;AREA 4;KALIMANTAN;BANJARMASIN;MTP;AOi426071810315365215b6c0;0;Anomaly;
202609;AREA 2;JABAR;BANDUNG;LBG;AOi4260711040053696c7de40;0;Anomaly;
202609;AREA 4;MALUKU DAN PAPUA;TIMIKA;TIM;AOi4260710113258239542500;1;Anomaly;
202609;AREA 2;JABAR;BANDUNG;LBG;AOs3260711041526739b776a0;0;Anomaly;
202609;AREA 4;KALIMANTAN;PALANGKARAYA;PRC;AOi4260706034543575cff300;1;Anomaly;
202609;AREA 3;BALI NUSRA;KUPANG;OSP;AOi4260720103410404b27b00;0;Anomaly;
202609;AREA 4;KALIMANTAN;PANGKALAN BUN;KTP;AOi4260720092145375121130;1;Anomaly;
202609;AREA 2;CENTRAL JABOTABEK;SOUTHERN JAKARTA;PGG;AOi42607060459327370301b0;1;Anomaly;
202609;AREA 4;SULAWESI;BONE;WTG;AOk42607301043450279a0f50;0;Anomaly;
202609;AREA 2;CENTRAL JABOTABEK;NORTHERN JAKARTA;KDY;AOk426072409591341953e090;1;Anomaly;
202609;AREA 2;WESTERN JABOTABEK;TANGERANG;LKG;AOi1260716101821328550760;0;Anomaly;
202609;AREA 4;SULAWESI;MANADO;MDO;AOi1260701093655115f1a430;1;Anomaly;
202609;AREA 2;JABAR;BANDUNG;CCD;AOi4260702061616701de7d20;1;Anomaly;
202609;AREA 1;SUMBAGTENG;BUKIT TINGGI;SPE;AOi42607020120113595e3f40;0;Anomaly;
202609;AREA 3;BALI NUSRA;DENPASAR;NSD;AOi42607260628189065cc440;0;Anomaly;
202609;AREA 4;KALIMANTAN;BALIKPAPAN;GSA;AOi12607270632030571e0650;1;Anomaly;-24,72
202609;AREA 3;JATENG-DIY;SEMARANG;ABR;AOi42607170829145979c9900;1;Anomaly;-25,46
202609;AREA 3;JATENG-DIY;SEMARANG;PAT;AOi42607261030358467c9de0;1;Anomaly;2,50
202609;AREA 2;CENTRAL JABOTABEK;SOUTHERN JAKARTA;KRG;AOi4260701063310937005210;0;Anomaly;
202609;AREA 2;JABAR;BANDUNG;CMI;AOi42607040404452084ec810;1;Anomaly;-25,55
202609;AREA 1;SUMBAGTENG;PADANG;SJJ;AOi426071607560658653afc0;1;Anomaly;
202609;AREA 1;SUMBAGUT;CENTRAL MEDAN;TTG;AOi4260722030248383835070;1;Anomaly;
202609;AREA 1;SUMBAGTENG;PEKANBARU;PKR;AOi1260723123921386d61ef0;1;Anomaly;
202609;AREA 1;SUMBAGTENG;BUKIT TINGGI;HRU;AOi4260713054449496499240;1;Anomaly;
202609;AREA 1;SUMBAGTENG;DUMAI;BKN;AOi4260718105944350a87860;1;Anomaly;
202609;AREA 3;JATENG-DIY;SEMARANG;SSL;AOi4260717043845158d3fec0;1;Anomaly;
202609;AREA 1;SUMBAGTENG;BATAM;BTC;AOi42607200405155094a2630;1;Anomaly;
202609;AREA 1;SUMBAGTENG;PEKANBARU;AMK;AOi42607271050565178bf500;1;Anomaly;
202609;AREA 3;JATIM;SURABAYA;KNN;AOs3260710103800012bf3370;1;Anomaly;-5,92
202609;AREA 2;JABAR;CIREBON;PBS;AOi426070301012018131d2e0;0;Anomaly;
202609;AREA 2;JABAR;BANDUNG;NJG;AOi4260724112401804e58680;1;Anomaly;
202609;AREA 2;CENTRAL JABOTABEK;SOUTHERN JAKARTA;KLD;AOi4260716111325951c6a7a0;0;Anomaly;
202609;AREA 4;SULAWESI;GORONTALO;KWD;AOk42607220831205333430f0;1;Anomaly;
202609;AREA 4;MALUKU DAN PAPUA;AMBON;ABO;AOi426070701042072549b8e0;0;Anomaly;
202609;AREA 2;CENTRAL JABOTABEK;SOUTHERN JAKARTA;BIN;AOi4260717113503762715900;0;Anomaly;
202609;AREA 4;SULAWESI;PARE-PARE;PLP;AOi4260727112515472601a00;1;Anomaly;
202609;AREA 4;KALIMANTAN;PALANGKARAYA;KKN;AOi4260711052505613f08ff0;0;Anomaly;
202609;AREA 2;CENTRAL JABOTABEK;SOUTHERN JAKARTA;KBY;AOs32606301037043270711d0;0;Comply;-48,25
202609;AREA 4;KALIMANTAN;TARAKAN;TAJ;AOi42607061159212792d0550;0;Anomaly;
202609;AREA 4;MALUKU DAN PAPUA;SORONG;NAB;AOi42607160647242172a0110;1;Anomaly;
202609;AREA 4;KALIMANTAN;BALIKPAPAN;SKU;AOi4260704030857588c58b40;1;Anomaly;
202609;AREA 3;JATIM;SIDOARJO;GDA;AOi4260703100059323159d70;0;Comply;-0,58
202609;AREA 1;SUMBAGTENG;DUMAI;DRI;AOi42607100440038279472d0;1;Anomaly;
202609;AREA 3;BALI NUSRA;MATARAM;SGG;AOi42607050649364068877e0;0;Anomaly;
202609;AREA 3;BALI NUSRA;FLORES;KLH;AOi4260706020358393173e50;1;Anomaly;
202609;AREA 4;SULAWESI;MAKASSAR;SUG;AOi1260722094750918e91c20;0;Anomaly;
202609;AREA 2;EASTERN JABOTABEK;BOGOR;SPL;AOi4260725102659534a4f3a0;0;Anomaly;
202609;AREA 1;SUMBAGUT;CENTRAL MEDAN;TJR;AOi4260727045105144b765c0;0;Anomaly;
202609;AREA 1;SUMBAGSEL;PALEMBANG;TLK;AOi1260721102711908e2ad30;0;Anomaly;
202609;AREA 4;SULAWESI;PALU;PLB;AOi4260710122833935b7fa80;1;Anomaly;
202609;AREA 2;JABAR;BANDUNG;CJA;PDAk426070507420555502f6b0;1;Anomaly;
202609;AREA 3;JATIM;MALANG;LDY;AOi42607120841128477840f0;1;Anomaly;
202609;AREA 4;SULAWESI;PARE-PARE;RTP;AOi4260706103646153e338f0;1;Anomaly;
202609;AREA 4;SULAWESI;KENDARI;KDR;AOk4260703124957695b3f840;0;Comply;-47,74
202609;AREA 2;JABAR;BANDUNG;RJW;AOi4260718022915794de0460;1;Anomaly;
202609;AREA 3;BALI NUSRA;KUPANG;OSP;AOi42607300337137621f9b70;0;Anomaly;
202609;AREA 3;BALI NUSRA;DENPASAR;TBN;AOi42607150111521915f6220;0;Anomaly;
202609;AREA 2;CENTRAL JABOTABEK;SOUTHERN JAKARTA;BIN;AOs32607201011371685f0550;0;Anomaly;
202609;AREA 4;SULAWESI;MAKASSAR;PNK;AOi42607290726096100020d0;1;Anomaly;
202609;AREA 1;SUMBAGUT;PEMATANG SIANTAR;RBM;AOi4260723043020517570720;0;Anomaly;
202609;AREA 3;JATIM;SURABAYA;KBL;AOi4260705092606339182e30;0;Anomaly;
202609;AREA 1;SUMBAGSEL;BENGKULU;BTH;AOi426070901120456653d6a0;1;Anomaly;
202609;AREA 3;JATIM;SURABAYA;SMP;AOk4260702081534044810030;1;Anomaly;
202609;AREA 1;SUMBAGUT;PADANG SIDEMPUAN;PSP;AOk4260720024506046636b40;0;Anomaly;
202609;AREA 4;MALUKU DAN PAPUA;TIMIKA;TIM;AOi4260630113032803735f60;1;Anomaly;
202609;AREA 4;MALUKU DAN PAPUA;JAYAPURA;SNI;AOk4260704081446974404bc0;0;Anomaly;
202609;AREA 1;SUMBAGUT;BANDA ACEH;SGI;AOi4260724025235108aa8ee0;0;Anomaly;
202609;AREA 3;BALI NUSRA;FLORES;RTE;AOi426072610340642655ec20;1;Anomaly;
202609;AREA 3;JATENG-DIY;SURAKARTA;PEN;AOi4260725091049999c579d0;1;Anomaly;
202609;AREA 2;JABAR;TASIKMALAYA;CIW;AOi4260719063638490919be0;1;Anomaly;0,63
202609;AREA 4;SULAWESI;KENDARI;KKA;AOi1260707085303763076380;0;Anomaly;
202609;AREA 4;SULAWESI;MAKASSAR;TKA;AOi4260704050020061eee6b0;1;Anomaly;
202609;AREA 1;SUMBAGSEL;PALEMBANG;BTA;AOi42607031029401511c0370;0;Anomaly;
202609;AREA 3;BALI NUSRA;MATARAM;DMP;AOi4260728020223855e89c50;1;Anomaly;
202609;AREA 3;BALI NUSRA;DENPASAR;UBN;AOi4260713072810561393690;0;Anomaly;
202609;AREA 1;SUMBAGUT;PEMATANG SIANTAR;PER;AOi4260722083311136b02b30;1;Anomaly;
202609;AREA 3;BALI NUSRA;MATARAM;BIM;AOk4260702080716371e91a40;0;Anomaly;
202609;AREA 3;JATIM;SURABAYA;LKI;AOi4260718074150646007c00;1;Anomaly;
202609;AREA 3;BALI NUSRA;FLORES;END;AOk4260710105037684f8fe20;0;Anomaly;
202609;AREA 3;JATENG-DIY;SEMARANG;SMT;AOs3260716085147454355660;1;Anomaly;-20,72
202609;AREA 1;SUMBAGTENG;PEKANBARU;ARK;AOi4260723022047502609d40;1;Anomaly;
202609;AREA 1;SUMBAGTENG;PADANG;PDS;AOi42606300722213582a2c20;1;Anomaly;
202609;AREA 1;SUMBAGUT;PADANG SIDEMPUAN;PSP;AOk4260717023702933a56ba0;0;Anomaly;
202609;AREA 2;CENTRAL JABOTABEK;NORTHERN JAKARTA;SLP;AOi42607190434033639f88c0;0;Anomaly;
202609;AREA 1;SUMBAGTENG;BATAM;SLU;AOi4260701021007933779cf0;1;Anomaly;
202609;AREA 3;JATIM;MALANG;BLB;AOi4260708105242265f06810;1;Anomaly;
202609;AREA 2;CENTRAL JABOTABEK;SOUTHERN JAKARTA;KAL;PDAk426070806301863047d450;1;Anomaly;
202609;AREA 2;JABAR;CIREBON;SDU;AOi42607080932121420543f0;1;Anomaly;
202609;AREA 4;KALIMANTAN;BALIKPAPAN;MJW;AOi4260715125858669d71580;1;Anomaly;
202609;AREA 1;SUMBAGUT;CENTRAL MEDAN;TJR;AOi4260701051520646dde8f0;0;Anomaly;
202609;AREA 1;SUMBAGUT;WESTERN MEDAN;PBD;AOi4260725010522806040b80;0;Anomaly;
202609;AREA 2;JABAR;BANDUNG;LEM;AOi42607131054156949f1e20;1;Anomaly;
202609;AREA 1;SUMBAGUT;CENTRAL MEDAN;TJR;AOi4260703035551670483db0;0;Anomaly;
202609;AREA 4;KALIMANTAN;PONTIANAK;STG;AOi4260712052305413c6adc0;1;Anomaly;
202609;AREA 1;SUMBAGUT;PADANG SIDEMPUAN;GST;AOi4260720033728501c73650;0;Anomaly;
202609;AREA 3;BALI NUSRA;DENPASAR;KLM;AOi426071902051701707b250;0;Anomaly;
202609;AREA 1;SUMBAGUT;WESTERN MEDAN;PGL;AOi1260630053429804537c70;0;Anomaly;
202609;AREA 4;KALIMANTAN;BANJARMASIN;RTA;AOi12607130636158914071a0;0;Anomaly;
202609;AREA 1;SUMBAGSEL;LAMPUNG;KDT;AOi4260711113011955ef9200;1;Anomaly;
202609;AREA 2;WESTERN JABOTABEK;TANGERANG;SRP;AOi12607190924435689255c0;1;Anomaly;
202609;AREA 4;MALUKU DAN PAPUA;SORONG;MWR;AOi4260701014609025568d30;0;Anomaly;
202609;AREA 1;SUMBAGTENG;BATAM;SLU;AOi4260718062950989652b80;0;Anomaly;
202609;AREA 4;KALIMANTAN;BANJARMASIN;STI;AOi42607150318143781ba2b0;0;Anomaly;
202609;AREA 4;SULAWESI;MANADO;SFI;AOi4260714102749643b68740;0;Anomaly;
202609;AREA 4;MALUKU DAN PAPUA;JAYAPURA;ABE;AOk4260703062147065e763b0;1;Anomaly;
202609;AREA 2;CENTRAL JABOTABEK;NORTHERN JAKARTA;SLP;AOs3260727030220617b529c0;1;Anomaly;
202609;AREA 1;SUMBAGUT;CENTRAL MEDAN;PDB;AOi4260722020458454ee5520;1;Anomaly;
202609;AREA 2;EASTERN JABOTABEK;BOGOR;SKB;AOi4260711122803744f61920;1;Anomaly;
202609;AREA 1;SUMBAGTENG;PADANG;SIE;AOs3260720094635932055340;1;Anomaly;
202609;AREA 4;SULAWESI;KENDARI;MDG;AOi42607011113545360b7000;1;Anomaly;
202609;AREA 4;KALIMANTAN;SAMARINDA;STT;AOi42607231034309773dea50;0;Anomaly;
202609;AREA 3;JATENG-DIY;MAGELANG;MGE;AOi4260708122116256decf50;0;Anomaly;
202609;AREA 1;SUMBAGSEL;LAMPUNG;KBI;AOi4260711073929190406690;0;Anomaly;
202609;AREA 3;BALI NUSRA;MATARAM;KMP;AOi4260713013919137871490;0;Anomaly;
202609;AREA 2;CENTRAL JABOTABEK;SOUTHERN JAKARTA;KRG;AOi426070801133066614c520;0;Anomaly;
202609;AREA 1;SUMBAGTENG;DUMAI;BGU;AOi4260726031058055956fc0;1;Anomaly;
202609;AREA 3;JATIM;SURABAYA;SPG;AOi426070805150671215b400;0;Anomaly;
202609;AREA 1;SUMBAGSEL;JAMBI;MAB;AOi4260706105849170f0c7d0;1;Anomaly;
202609;AREA 1;SUMBAGUT;CENTRAL MEDAN;TJR;AOi4260710063726546f3e660;0;Anomaly;
202609;AREA 1;SUMBAGSEL;BENGKULU;CRP;AOi4260701012214427e66720;1;Anomaly;
202609;AREA 1;SUMBAGSEL;JAMBI;TTJ;AOi4260727113052536df64c0;1;Anomaly;
202609;AREA 2;JABAR;BANDUNG;CMI;AOi426071508363359546ab90;1;Anomaly;
202609;AREA 1;SUMBAGTENG;BUKIT TINGGI;LBA;AOi4260727033625168f0ac50;1;Anomaly;
202609;AREA 2;CENTRAL JABOTABEK;NORTHERN JAKARTA;CIL;AOi1260717111620285f66400;1;Anomaly;
202609;AREA 3;JATENG-DIY;SEMARANG;WLR;AOi4260724040134454cb6e40;1;Anomaly;
202609;AREA 4;SULAWESI;KENDARI;KKA;AOi4260718033845317cee580;1;Anomaly;
202609;AREA 2;JABAR;BANDUNG;RJW;AOi12607240420132763ef730;1;Anomaly;
202609;AREA 3;JATIM;MALANG;KPO;AOi4260721070207729f500e0;0;Anomaly;
202609;AREA 2;WESTERN JABOTABEK;SERANG;RKS;AOi42607040212477631273f0;1;Anomaly;
202609;AREA 2;CENTRAL JABOTABEK;NORTHERN JAKARTA;SMI;AOi4260716033259111f21c90;0;Anomaly;
202609;AREA 3;JATENG-DIY;SEMARANG;BMK;AOi42607290600126938d4270;1;Anomaly;
202609;AREA 2;JABAR;BANDUNG;RJW;AOi1260702074411429527f70;1;Anomaly;
202609;AREA 4;KALIMANTAN;BALIKPAPAN;BRU;AOi4260725033717255ad7bd0;0;Anomaly;
202609;AREA 2;CENTRAL JABOTABEK;SOUTHERN JAKARTA;GBI;AOs3260720014721200e838c0;0;Anomaly;
202609;AREA 2;CENTRAL JABOTABEK;NORTHERN JAKARTA;MRY;AOk4260701102829464856c60;1;Anomaly;
202609;AREA 2;EASTERN JABOTABEK;BOGOR;SKB;AOi4260719021636405761530;0;Anomaly;
202609;AREA 4;KALIMANTAN;BALIKPAPAN;BAM;AOi4260722121739575ece520;1;Anomaly;
202609;AREA 4;SULAWESI;MAKASSAR;SUD;AOi426072711585661017dfa0;1;Anomaly;
202609;AREA 4;SULAWESI;MAKASSAR;SUG;AOi42607290242062845368f0;1;Anomaly;
202609;AREA 4;SULAWESI;MANADO;LAN;AOi4260722113034460b658c0;1;Anomaly;
202609;AREA 4;SULAWESI;MANADO;AMR;AOi4260715023334202e475d0;1;Anomaly;
202609;AREA 1;SUMBAGTENG;DUMAI;BKN;AOi42607071015151478efc30;1;Anomaly;
202609;AREA 4;KALIMANTAN;PONTIANAK;PUT;AOi4260707125106151b07b40;1;Anomaly;
202609;AREA 1;SUMBAGTENG;PEKANBARU;SOK;AOi42607150316276371c1180;1;Anomaly;
202609;AREA 1;SUMBAGSEL;LAMPUNG;KBI;AOi4260702111401602fda5b0;1;Anomaly;
202609;AREA 2;EASTERN JABOTABEK;BEKASI;DEP;AOk4260706060042492aac250;0;Comply;-115,43
202609;AREA 2;JABAR;SOREANG;MJY;AOi1260724103627982e6fc20;1;Anomaly;
202609;AREA 3;JATIM;SURABAYA;BAB;AOi4260710095624597ad0a20;0;Anomaly;
202609;AREA 2;EASTERN JABOTABEK;KARAWANG;PWK;AOs3260724124943862484cd0;1;Anomaly;
202609;AREA 4;SULAWESI;PALU;BKU;AOi426072104314608939d380;1;Anomaly;
202609;AREA 2;JABAR;CIREBON;KRM;AOi126070802564613058aff0;1;Anomaly;-60,32
202609;AREA 2;JABAR;TASIKMALAYA;TSM;AOi42607170337161011c9f20;0;Anomaly;
202609;AREA 3;JATENG-DIY;YOGYAKARTA;KBU;AOi42607220933180778d8dd0;1;Anomaly;
202609;AREA 1;SUMBAGTENG;PADANG;LBY;AOi42607250914510106c9fd0;1;Anomaly;
202609;AREA 4;KALIMANTAN;TARAKAN;SNY;AOi4260721053034785acd220;1;Anomaly;
202609;AREA 4;KALIMANTAN;TARAKAN;TRK;PDAk4260720020135037d07140;1;Anomaly;
202609;AREA 3;BALI NUSRA;MATARAM;MTR;AOi4260707011252370e0ed10;0;Anomaly;
202609;AREA 1;SUMBAGUT;BANDA ACEH;CAG;AOi426071611233582567d6c0;0;Anomaly;
202609;AREA 4;SULAWESI;MANADO;TNT;AOi4260711033351345d3f4e0;0;Anomaly;
202609;AREA 1;SUMBAGTENG;PADANG;SIE;AOi4260709123144260ffdfc0;1;Anomaly;
202609;AREA 2;CENTRAL JABOTABEK;SOUTHERN JAKARTA;PSR;AOi4260711101326549d39eb0;1;Anomaly;
202609;AREA 1;SUMBAGTENG;PEKANBARU;SOK;AOi42607101111086187dfab0;1;Anomaly;
202609;AREA 4;KALIMANTAN;SAMARINDA;SBR;AOi4260706111647981e032d0;1;Anomaly;
202609;AREA 2;JABAR;BANDUNG;LBG;AOk4260723031736127a36680;0;Anomaly;
202609;AREA 4;SULAWESI;KENDARI;KKA;AOi426070307282123427ce80;0;Anomaly;
202609;AREA 3;JATIM;SURABAYA;BKL;AOi4260716070852089677160;1;Anomaly;
202609;AREA 1;SUMBAGTENG;DUMAI;BKN;AOi42607240431269634e1d10;0;Anomaly;
202609;AREA 3;JATIM;SURABAYA;KNN;AOi42607191201555206c3390;1;Anomaly;
202609;AREA 2;JABAR;CIREBON;KNG;AOi426072605380859445ce30;0;Anomaly;
202609;AREA 2;JABAR;BANDUNG;UBR;AOk4260707125215991335ab0;0;Anomaly;
202609;AREA 2;CENTRAL JABOTABEK;SOUTHERN JAKARTA;GAN;AOi42607220947158104ad490;1;Anomaly;
202609;AREA 3;JATENG-DIY;SEMARANG;PAT;AOi42607261030358467c9de0;1;Anomaly;
202609;AREA 3;BALI NUSRA;DENPASAR;GIN;AOi4260720103104314265230;0;Anomaly;
202609;AREA 2;JABAR;BANDUNG;UBR;AOi4260702081139274651720;0;Not Comply;26,19
202609;AREA 1;SUMBAGUT;WESTERN MEDAN;LGS;AOi4260701051148975666f40;0;Anomaly;
202609;AREA 1;SUMBAGTENG;PEKANBARU;ARK;PDAk4260708104927904bd3bd0;0;Anomaly;
202609;AREA 1;SUMBAGUT;WESTERN MEDAN;IDI;AOi426071310333480396fe60;0;Anomaly;
202609;AREA 3;JATENG-DIY;SEMARANG;MJP;AOk426071810164928112ade0;1;Anomaly;
202609;AREA 2;CENTRAL JABOTABEK;SOUTHERN JAKARTA;CID;AOi4260725054404758566780;1;Anomaly;
202609;AREA 1;SUMBAGSEL;LAMPUNG;KBI;AOi4260716033455464f4e3c0;0;Anomaly;
202609;AREA 2;WESTERN JABOTABEK;TANGERANG;GDS;AOi426071902104310998e140;1;Anomaly;-21,25
202609;AREA 1;SUMBAGTENG;BATAM;PNI;AOi4260729094914789b9f430;1;Anomaly;
202609;AREA 2;JABAR;BANDUNG;RJW;AOi4260729030845541daf080;1;Anomaly;
202609;AREA 1;SUMBAGSEL;LAMPUNG;MGA;AOi4260722112700313dbee70;1;Anomaly;
202609;AREA 1;SUMBAGTENG;PADANG;KJI;AOi4260706082050966e652e0;1;Anomaly;
202609;AREA 2;JABAR;BANDUNG;LBG;AOi4260705113011004b964f0;0;Anomaly;
202609;AREA 2;JABAR;SOREANG;CWD;AOi4260719075735120f8fed0;1;Anomaly;
202609;AREA 3;JATENG-DIY;PEKALONGAN;BDY;AOi42607250801131212ed530;0;Anomaly;
202609;AREA 4;KALIMANTAN;SAMARINDA;SBR;AOi4260706111647981e032d0;1;Anomaly;
202609;AREA 4;SULAWESI;MAKASSAR;SUG;AOi4260718115652896ba7c40;1;Anomaly;
202609;AREA 1;SUMBAGTENG;BATAM;BLP;AOi42607170933491817b6380;1;Anomaly;
202609;AREA 3;JATENG-DIY;PEKALONGAN;KDW;PDAk426072105425436814f790;0;Comply;-22,37
202609;AREA 3;BALI NUSRA;DENPASAR;SMA;AOi426072211222886780b5b0;1;Anomaly;
202609;AREA 1;SUMBAGUT;WESTERN MEDAN;PRL;AOi42607171120452563cae70;0;Anomaly;
202609;AREA 3;JATIM;LAMONGAN;GSK;AOi42607020635495931b0d80;1;Anomaly;
202609;AREA 4;SULAWESI;MANADO;TNT;AOi42607150354373869175f0;1;Anomaly;
202609;AREA 2;JABAR;BANDUNG;LEM;AOi42607060742225273467b0;1;Anomaly;
202609;AREA 4;SULAWESI;MAKASSAR;SUG;AOi426072410371459334c480;1;Anomaly;
202609;AREA 4;KALIMANTAN;PONTIANAK;NGG;AOi4260717074729681599700;0;Anomaly;
202609;AREA 4;KALIMANTAN;BANJARMASIN;PGN;AOi42607271008172958612b0;1;Anomaly;-38,23
202609;AREA 3;JATENG-DIY;PEKALONGAN;BDY;AOi4260712064921087e9eb20;1;Anomaly;
202609;AREA 3;JATENG-DIY;YOGYAKARTA;BTL;AOi4260712073818299c4c200;1;Anomaly;
202609;AREA 4;KALIMANTAN;PANGKALAN BUN;SAI;AOi4260708122406693677900;0;Anomaly;
202609;AREA 4;SULAWESI;MAKASSAR;SUG;AOi4260706125254100a2f940;1;Anomaly;
202609;AREA 4;SULAWESI;MANADO;AMR;AOi4260725083828146e65840;1;Anomaly;
202609;AREA 1;SUMBAGSEL;LAMPUNG;MET;AOi42607120312252381b6a60;1;Anomaly;
202609;AREA 3;JATIM;SURABAYA;KBL;AOk426071501042709926d0e0;1;Anomaly;
202609;AREA 3;JATENG-DIY;PEKALONGAN;SBA;AOi4260709123958823e024d0;1;Anomaly;
202609;AREA 2;WESTERN JABOTABEK;SERANG;LGK;AOi4260725052415841065780;1;Anomaly;
202609;AREA 1;SUMBAGTENG;BATAM;SKN;AOi426071711495397329e820;0;Anomaly;
202609;AREA 1;SUMBAGUT;CENTRAL MEDAN;LBP;AOi4260727034556732815340;0;Anomaly;
202609;AREA 2;CENTRAL JABOTABEK;NORTHERN JAKARTA;TPR;AOi42607031256354149611e0;1;Anomaly;
202609;AREA 2;EASTERN JABOTABEK;BOGOR;SKB;AOi4260703020447679925eb0;0;Comply;-1,17
202609;AREA 1;SUMBAGSEL;BENGKULU;LLG;AOi4260718120053755c1fa50;1;Anomaly;
202609;AREA 2;WESTERN JABOTABEK;SERANG;LWD;AOs3260726023057800570490;0;Anomaly;
202609;AREA 1;SUMBAGUT;CENTRAL MEDAN;DLT;AOi42607250812033346ea8e0;0;Anomaly;
202609;AREA 4;SULAWESI;PALU;PLB;AOi4260707032239919884630;1;Anomaly;
202609;AREA 2;EASTERN JABOTABEK;KARAWANG;BGG;AOi426070704414746552d9f0;0;Anomaly;
202609;AREA 4;KALIMANTAN;PONTIANAK;SNW;AOi4260712064523563b1f750;1;Anomaly;
202609;AREA 1;SUMBAGUT;BANDA ACEH;TKN;AOi4260701025812050843460;0;Anomaly;
202609;AREA 3;BALI NUSRA;MATARAM;DMP;AOk42607271010399616f0370;0;Anomaly;
202609;AREA 1;SUMBAGTENG;PADANG;SJJ;AOi426071607560658653afc0;1;Anomaly;
202609;AREA 1;SUMBAGTENG;PEKANBARU;ARK;AOi4260713074339016bb92c0;1;Anomaly;
202609;AREA 3;JATIM;MADIUN;WKU;AOi42607170915441452e2ac0;1;Anomaly;
202609;AREA 4;KALIMANTAN;BALIKPAPAN;BRU;PDAk42607271127336906f2e30;1;Anomaly;-7,12
202609;AREA 1;SUMBAGUT;CENTRAL MEDAN;PUB;AOi4260723010206068520500;0;Anomaly;
202609;AREA 2;JABAR;BANDUNG;RJW;AOi4260715021914810156e40;1;Anomaly;
202609;AREA 4;SULAWESI;KENDARI;KDR;AOi4260722075055375be22b0;0;Anomaly;
202609;AREA 4;MALUKU DAN PAPUA;SORONG;MWR;AOi42607211025499124e1f60;0;Anomaly;
202609;AREA 1;SUMBAGTENG;PADANG;PDC;AOi4260703014739913fcb940;0;Anomaly;
202609;AREA 1;SUMBAGUT;WESTERN MEDAN;PGL;AOi1260630053429804537c70;0;Anomaly;
202609;AREA 1;SUMBAGUT;RANTAU PRAPAT;ANR;AOi4260702111237709f5ee60;0;Anomaly;
202609;AREA 4;SULAWESI;PALU;PLA;AOi4260723025032748518190;1;Anomaly;
202609;AREA 4;SULAWESI;KENDARI;MDG;AOi4260725035111816835f60;1;Anomaly;
202609;AREA 1;SUMBAGTENG;PADANG;KJI;AOi4260706082050966e652e0;1;Anomaly;
202609;AREA 2;JABAR;TASIKMALAYA;SPA;AOk4260730011403048117cc0;1;Anomaly;
202609;AREA 2;JABAR;TASIKMALAYA;MLB;AOi4260718113904411b7bcf0;0;Anomaly;
202609;AREA 1;SUMBAGSEL;JAMBI;PAP;AOi4260708105555478a5f620;1;Anomaly;
202609;AREA 1;SUMBAGUT;BANDA ACEH;BNA;AOi4260718095733992da5c10;0;Anomaly;
202609;AREA 3;JATIM;SURABAYA;LKI;AOi42607090721419705eef50;0;Anomaly;
202609;AREA 1;SUMBAGUT;CENTRAL MEDAN;TJM;AOi4260714102601741810ac0;0;Anomaly;
202609;AREA 1;SUMBAGUT;BANDA ACEH;SKL;AOi4260705101229570168400;0;Anomaly;
202609;AREA 2;CENTRAL JABOTABEK;NORTHERN JAKARTA;KDY;AOi4260703120418491bdacd0;0;Anomaly;
202609;AREA 3;BALI NUSRA;DENPASAR;KLM;AOi4260715024605845a22570;0;Anomaly;
202609;AREA 2;CENTRAL JABOTABEK;NORTHERN JAKARTA;MRD;AOi12607011253260943a2760;1;Anomaly;
202609;AREA 2;EASTERN JABOTABEK;BEKASI;SKJ;AOi1260706071113705187a20;1;Anomaly;
202609;AREA 4;SULAWESI;KENDARI;MDG;AOi12607010335490984c6db0;1;Anomaly;
202609;AREA 3;JATENG-DIY;PURWOKERTO;BJR;AOi426071711020324043ba30;0;Anomaly;
202609;AREA 1;SUMBAGTENG;BUKIT TINGGI;HRU;AOi4260727022515911ae7080;1;Anomaly;
202609;AREA 3;BALI NUSRA;KUPANG;ATB;AOi4260701124044694e5d7c0;0;Anomaly;
202609;AREA 2;WESTERN JABOTABEK;SERANG;LGK;AOi4260716085151059d80280;0;Comply;-19,01
202609;AREA 3;JATENG-DIY;SURAKARTA;KLX;AOk4260708100947727bdced0;1;Anomaly;
202609;AREA 3;JATENG-DIY;SURAKARTA;GLD;AOi1260703022659852c92dd0;1;Anomaly;
202609;AREA 3;JATIM;SURABAYA;KML;AOi426070109355555102f940;1;Anomaly;
202609;AREA 3;BALI NUSRA;MATARAM;DMP;AOi4260730124509759020e60;1;Anomaly;
202609;AREA 2;EASTERN JABOTABEK;BEKASI;BEK;AOk4260728013855344915cd0;0;Anomaly;
202609;AREA 1;SUMBAGUT;RANTAU PRAPAT;TJB;AOk4260708104614139cc77e0;0;Anomaly;
202609;AREA 2;JABAR;BANDUNG;BDK;AOi4260722025912974875540;1;Anomaly;
202609;AREA 3;BALI NUSRA;KUPANG;OSP;AOi42607140120019577a0e20;1;Anomaly;
202609;AREA 4;SULAWESI;MANADO;TNT;AOi12606270236036631d5340;1;Anomaly;
202609;AREA 1;SUMBAGTENG;BUKIT TINGGI;HRU;AOi4260714083725375d2b130;1;Anomaly;
202609;AREA 4;KALIMANTAN;PALANGKARAYA;KKN;AOi42607180607551268e6af0;1;Anomaly;
202609;AREA 4;SULAWESI;MAKASSAR;TKA;AOi4260727054357734270250;1;Anomaly;
202609;AREA 1;SUMBAGUT;CENTRAL MEDAN;PDB;AOi42607251127538029a4a10;0;Anomaly;
202609;AREA 4;KALIMANTAN;PALANGKARAYA;PRC;AOb0260706073438056f58d30;0;Anomaly;
202609;AREA 4;SULAWESI;MANADO;AMR;AOi42607300829100036e2520;1;Anomaly;
202609;AREA 2;JABAR;TASIKMALAYA;GRU;AOi4260726073907249b7f590;1;Anomaly;
202609;AREA 4;KALIMANTAN;SAMARINDA;KOB;AOi4260720035811204fd27d0;0;Anomaly;
202609;AREA 1;SUMBAGTENG;PADANG;TLN;AOi42607120239334226725e0;1;Anomaly;
202609;AREA 4;KALIMANTAN;BANJARMASIN;BBR;AOi42607270448398585de570;0;Anomaly;
202609;AREA 2;JABAR;SOREANG;MJY;AOi4260716034842184b6f170;0;Comply;-19,01
202609;AREA 2;JABAR;BANDUNG;LBG;AOi42607180925100577a2f10;0;Anomaly;
202609;AREA 1;SUMBAGSEL;JAMBI;TTJ;AOi4260708044725436c35e80;1;Anomaly;
202609;AREA 2;JABAR;SOREANG;MJY;AOi4260728035002714e7fe00;1;Anomaly;
202609;AREA 2;JABAR;SOREANG;MJY;AOi42607280422292917f3000;1;Anomaly;
202609;AREA 2;CENTRAL JABOTABEK;NORTHERN JAKARTA;SMI;AOk42607220717520326459e0;0;Comply;-15,24
202609;AREA 3;BALI NUSRA;MATARAM;TET;AOi42607291111278610e8100;1;Anomaly;
202609;AREA 1;SUMBAGTENG;PADANG;TLN;AOi42607080617285252bef50;1;Anomaly;
202609;AREA 3;JATIM;SURABAYA;GBG;PDAk4260728115826818113920;0;Anomaly;
202609;AREA 4;MALUKU DAN PAPUA;SORONG;MWR;AOi42607211025499124e1f60;1;Anomaly;
202609;AREA 3;BALI NUSRA;DENPASAR;TBN;AOi42607240150056583dcba0;1;Anomaly;
202609;AREA 3;JATIM;SURABAYA;MGO;AOi4260705075150902cb4940;0;Anomaly;
202609;AREA 2;EASTERN JABOTABEK;BOGOR;CJU;AOi42607140919262398ee8e0;0;Anomaly;
202609;AREA 4;SULAWESI;MAKASSAR;JNP;AOi42607060917001065c2190;1;Anomaly;
202609;AREA 3;JATENG-DIY;SURAKARTA;KTO;AOi42607240206316408e07e0;1;Anomaly;
202609;AREA 1;SUMBAGUT;CENTRAL MEDAN;MDC;AOi42607060705456034632d0;0;Anomaly;
202609;AREA 4;SULAWESI;PALU;PLA;AOi4260709113348734f4a410;1;Anomaly;
202609;AREA 1;SUMBAGSEL;BENGKULU;CRP;AOi12607290623101667b74f0;1;Anomaly;
202609;AREA 3;JATIM;SIDOARJO;SDA;AOi4260729042809427e01920;0;Anomaly;
202609;AREA 2;JABAR;CIREBON;PRD;AOi42607230503316412eecd0;0;Anomaly;
202609;AREA 2;JABAR;SOREANG;MJL;AOk4260729024729716bf27d0;1;Anomaly;
202609;AREA 3;JATIM;SURABAYA;TNS;AOi42607200842149345926e0;0;Anomaly;
202609;AREA 1;SUMBAGUT;BANDA ACEH;LOA;AOi426072503165861223dc20;1;Anomaly;
202609;AREA 4;SULAWESI;KENDARI;MDG;AOi4260724022304053f951a0;1;Anomaly;
202609;AREA 1;SUMBAGTENG;PADANG;LIM;AOi426072105184750124f720;1;Anomaly;
202609;AREA 1;SUMBAGTENG;BATAM;LBJ;AOk4260704084911568441b80;0;Comply;-23,01
202609;AREA 4;KALIMANTAN;PONTIANAK;SAO;AOi426072502081810076ab00;0;Anomaly;
202609;AREA 2;WESTERN JABOTABEK;SERANG;LGK;AOi4260708085539935e048e0;0;Anomaly;
202609;AREA 1;SUMBAGUT;WESTERN MEDAN;KGH;AOi4260702091523994241830;1;Anomaly;
202609;AREA 1;SUMBAGTENG;PADANG;PDC;AOi42607020809424936b5900;0;Anomaly;
202609;AREA 3;JATIM;SURABAYA;JGR;AOi4260728114310967a9f660;1;Anomaly;
202609;AREA 1;SUMBAGSEL;PANGKAL PINANG;TJN;AOi42607240504583152ff710;0;Anomaly;
202609;AREA 2;CENTRAL JABOTABEK;SOUTHERN JAKARTA;GBC;AOi1260724101628108771120;0;Comply;-27,97
202609;AREA 4;MALUKU DAN PAPUA;AMBON;ABO;AOi4260729075353442cc3d50;0;Anomaly;
202609;AREA 2;EASTERN JABOTABEK;BEKASI;PKY;AOk42607220228577107f2360;0;Anomaly;
202609;AREA 2;EASTERN JABOTABEK;KARAWANG;KRW;AOs3260704080858955241bb0;1;Anomaly;
202609;AREA 1;SUMBAGTENG;PEKANBARU;BKR;AOi42607140827012762951b0;1;Anomaly;
202609;AREA 3;JATIM;SURABAYA;KML;AOi426070109355555102f940;0;Anomaly;
202609;AREA 1;SUMBAGSEL;PANGKAL PINANG;BYU;AOi1260720014915781806aa0;1;Anomaly;
202609;AREA 4;SULAWESI;PARE-PARE;MAS;PDAk4260720081920969dd4800;1;Anomaly;
202609;AREA 3;BALI NUSRA;KUPANG;BAA;AOi4260721085750199d15d60;0;Anomaly;
202609;AREA 3;JATENG-DIY;YOGYAKARTA;SMN;AOi42607300706321965fd690;1;Anomaly;
202609;AREA 3;JATENG-DIY;PEKALONGAN;BTG;AOi426070206411357150eec0;0;Anomaly;
202609;AREA 4;SULAWESI;MANADO;SFI;AOi4260728021554099870710;0;Anomaly;
202609;AREA 1;SUMBAGUT;PEMATANG SIANTAR;KBJ;AOi426072505393676734e480;0;Anomaly;
202609;AREA 3;JATENG-DIY;SURAKARTA;KLX;AOi4260720110059411a9ed40;1;Anomaly;
202609;AREA 4;SULAWESI;MANADO;TNT;AOk42607310804561918fa3d0;0;Anomaly;
202609;AREA 1;SUMBAGUT;BANDA ACEH;TKN;AOi4260728095155226937d50;0;Anomaly;
202609;AREA 4;KALIMANTAN;TARAKAN;TPE;AOi4260720015731140f80070;0;Anomaly;
202609;AREA 1;SUMBAGUT;WESTERN MEDAN;TJP;AOi426070111190381166fc00;1;Anomaly;
202609;AREA 4;KALIMANTAN;PONTIANAK;JAW;AOi426072609593240536bbe0;1;Anomaly;
202609;AREA 4;SULAWESI;KENDARI;MDG;AOi126071205514949434ad90;1;Anomaly;
202609;AREA 3;JATENG-DIY;SURAKARTA;SRG;AOi1260717113919975d35110;1;Anomaly;
202609;AREA 1;SUMBAGSEL;PANGKAL PINANG;TBI;AOi42607010141508361cd600;1;Anomaly;
202609;AREA 1;SUMBAGTENG;BUKIT TINGGI;LBS;AOk4260714121247306dc6500;0;Anomaly;
202609;AREA 4;SULAWESI;KENDARI;KDR;AOi4260722075055375be22b0;0;Anomaly;
202609;AREA 3;JATIM;SURABAYA;KPS;AOi4260711020317794466480;1;Anomaly;
202609;AREA 4;SULAWESI;BONE;CGI;AOi4260705084721116e994a0;0;Anomaly;
202609;AREA 1;SUMBAGTENG;BATAM;LBJ;AOi4260707082719989798790;0;Anomaly;
202609;AREA 4;KALIMANTAN;SAMARINDA;SBR;AOi42607101215300053e2da0;0;Anomaly;
202609;AREA 3;BALI NUSRA;MATARAM;SGG;AOk426070311484625953f330;0;Anomaly;
202609;AREA 4;MALUKU DAN PAPUA;JAYAPURA;JAP;AOi426070704254629240ebc0;0;Anomaly;
202609;AREA 4;KALIMANTAN;PONTIANAK;STA;AOi42607221119084491c1b20;1;Anomaly;
202609;AREA 4;KALIMANTAN;PONTIANAK;SNW;AOi4260712064523563b1f750;1;Anomaly;
202609;AREA 1;SUMBAGUT;CENTRAL MEDAN;CTD;AOk426071312250413226c8d0;0;Anomaly;
202609;AREA 4;MALUKU DAN PAPUA;SORONG;KIN;AOk4260728095636287792920;1;Anomaly;
202609;AREA 2;CENTRAL JABOTABEK;NORTHERN JAKARTA;SLP;AOi42607190434033639f88c0;1;Anomaly;
202609;AREA 1;SUMBAGUT;CENTRAL MEDAN;PUB;AOi4260705123349227cdca00;0;Anomaly;
202609;AREA 4;KALIMANTAN;PONTIANAK;SRY;AOi42607300245242642a2b80;1;Anomaly;
202609;AREA 2;JABAR;BANDUNG;CJR;AOi42607200929507713baf50;1;Anomaly;
202609;AREA 3;JATENG-DIY;SEMARANG;PEC;AOi426071207531660414e1e0;1;Anomaly;
202609;AREA 2;JABAR;BANDUNG;UBR;AOi4260725025844905b3b130;1;Anomaly;
202609;AREA 1;SUMBAGTENG;BATAM;SKN;AOi42607170654348703b8190;0;Comply;2,28
202609;AREA 4;KALIMANTAN;BANJARMASIN;GMB;AOi4260701034655470d90ba0;0;Anomaly;
202609;AREA 1;SUMBAGTENG;BATAM;BTC;AOi4260716043950801381980;1;Anomaly;
202609;AREA 4;SULAWESI;BONE;BTN;AOi4260717041824042d9d800;1;Anomaly;
202609;AREA 4;SULAWESI;MANADO;MDO;AOi42607211028067701d1fc0;0;Anomaly;
202609;AREA 3;BALI NUSRA;MATARAM;SBW;AOi4260718060655267abb4f0;0;Anomaly;
202609;AREA 2;WESTERN JABOTABEK;SERANG;TGR;AOi4260728125655760167280;1;Anomaly;
202609;AREA 4;SULAWESI;MAKASSAR;SUG;AOi4260708090140043c48e80;0;Anomaly;
202609;AREA 1;SUMBAGSEL;PALEMBANG;KAG;AOi4260726082539060e24010;1;Anomaly;
202609;AREA 1;SUMBAGSEL;JAMBI;MAB;AOi4260727114110241580950;1;Anomaly;
202609;AREA 4;KALIMANTAN;PONTIANAK;SAO;AOs32607300902125221f5230;0;Not Comply;217,51
202609;AREA 2;CENTRAL JABOTABEK;SOUTHERN JAKARTA;TBE;AOs32607160538184779718e0;0;Comply;-0,06
202609;AREA 4;SULAWESI;MAKASSAR;PKN;AOk42607291233058926934d0;1;Anomaly;
202609;AREA 1;SUMBAGUT;RANTAU PRAPAT;RAP;AOi4260719113317636f7df10;0;Anomaly;
202609;AREA 2;CENTRAL JABOTABEK;NORTHERN JAKARTA;MKR;AOi4260723032638549554aa0;1;Anomaly;
202609;AREA 3;BALI NUSRA;MATARAM;MTR;AOi42607210211398555bf750;1;Anomaly;
202609;AREA 1;SUMBAGSEL;PALEMBANG;BTA;AOk4260707021823768a4bfe0;0;Anomaly;
202609;AREA 1;SUMBAGTENG;BATAM;BTC;PDAk42607231153160860fcd30;0;Anomaly;
202609;AREA 4;MALUKU DAN PAPUA;SORONG;SON;AOi4260724044707832282dc0;1;Anomaly;
202609;AREA 4;KALIMANTAN;PANGKALAN BUN;KTP;AOi4260707111350813db7030;0;Anomaly;
202609;AREA 1;SUMBAGSEL;LAMPUNG;SPS;AOi4260702064518015c96910;1;Anomaly;
202609;AREA 3;JATENG-DIY;PURWOKERTO;GML;AOi4260711024917137ef9ec0;1;Anomaly;
202609;AREA 1;SUMBAGTENG;PADANG;SGD;AOi42607160924575497a2250;0;Anomaly;
202609;AREA 2;CENTRAL JABOTABEK;NORTHERN JAKARTA;CKG;AOi4260721061645462d77370;1;Anomaly;
202609;AREA 2;WESTERN JABOTABEK;TANGERANG;GDS;PDAk42607190420579445eb840;1;Anomaly;1,69
202609;AREA 4;SULAWESI;KENDARI;MDG;AOi4260701030437262dbd760;0;Anomaly;
202609;AREA 4;MALUKU DAN PAPUA;SORONG;SON;AOk4260722125929225df2ff0;1;Anomaly;-104,42
202609;AREA 1;SUMBAGSEL;BENGKULU;CRP;AOi4260706113158153488ee0;0;Anomaly;
202609;AREA 4;KALIMANTAN;BANJARMASIN;PGN;AOi42607200442018514dc7b0;0;Anomaly;
202609;AREA 3;JATIM;MADIUN;SAR;AOi42607210321209476bf590;1;Anomaly;
202609;AREA 1;SUMBAGUT;BANDA ACEH;LTM;AOk42607061153392245d0fa0;0;Anomaly;
202609;AREA 4;SULAWESI;MAKASSAR;SUG;AOi4260705120031453c7e9a0;0;Anomaly;
202609;AREA 3;BALI NUSRA;DENPASAR;SGR;AOi426071301083990422dbd0;1;Anomaly;
202609;AREA 4;SULAWESI;KENDARI;MDG;AOi4260722084304910a3e1a0;0;Anomaly;
202609;AREA 2;EASTERN JABOTABEK;KARAWANG;TLJ;AOi4260717054831691a63980;0;Anomaly;
202609;AREA 3;JATIM;SURABAYA;KML;AOi4260723041931182910bb0;1;Anomaly;
202609;AREA 3;BALI NUSRA;KUPANG;OSP;AOi42607210620396054531d0;0;Anomaly;
202609;AREA 1;SUMBAGTENG;PADANG;PDC;AOi4260711014304138e9c2b0;0;Anomaly;
202609;AREA 1;SUMBAGUT;CENTRAL MEDAN;TJM;AOi4260709020626525f17520;0;Anomaly;
202609;AREA 4;KALIMANTAN;SAMARINDA;STT;AOk4260706011938615730140;0;Anomaly;
202609;AREA 3;BALI NUSRA;DENPASAR;NGR;AOs32607020919559115e54e0;1;Anomaly;
202609;AREA 3;JATENG-DIY;PEKALONGAN;CMA;AOi4260714032507645a0cb70;1;Anomaly;-16,08
202609;AREA 3;BALI NUSRA;MATARAM;TET;AOi4260728011954962a78b70;0;Anomaly;
202609;AREA 3;JATENG-DIY;SEMARANG;GNK;AOi42607040322114981cc980;0;Anomaly;
202609;AREA 4;SULAWESI;PARE-PARE;PLP;AOi4260723105344114034fc0;1;Anomaly;
202609;AREA 2;WESTERN JABOTABEK;SERANG;SAG;AOi42607161045281159dfe00;1;Anomaly;22,81
202609;AREA 4;MALUKU DAN PAPUA;SORONG;SON;AOi4260721032518010b84660;0;Anomaly;
202609;AREA 4;SULAWESI;KENDARI;MDG;AOi4260629010256323c5b5a0;0;Anomaly;
202609;AREA 1;SUMBAGSEL;PANGKAL PINANG;PGP;AOi4260727050439436deb6b0;0;Anomaly;
202609;AREA 1;SUMBAGTENG;BATAM;KMS;AOi4260718015115828d391c0;1;Anomaly;
202609;AREA 4;KALIMANTAN;SAMARINDA;SMR;AOi4260715104814852f714e0;0;Anomaly;
202609;AREA 4;KALIMANTAN;BANJARMASIN;STI;AOi4260730012804011083b80;1;Anomaly;
202609;AREA 4;KALIMANTAN;PONTIANAK;SRY;AOi426073007544443120b5f0;0;Anomaly;
202609;AREA 2;JABAR;CIREBON;KNG;AOi4260716042215603253950;1;Anomaly;
202609;AREA 4;SULAWESI;PALU;PLB;AOi4260716091447989db8750;0;Anomaly;
202609;AREA 3;JATENG-DIY;PURWOKERTO;BYM;AOi4260629041648746562630;0;Anomaly;
202609;AREA 3;JATIM;SURABAYA;JGR;AOi4260730063728006287710;0;Anomaly;
202609;AREA 3;BALI NUSRA;FLORES;KLH;AOi42607270200121843b99f0;1;Anomaly;
202609;AREA 2;EASTERN JABOTABEK;BEKASI;KLB;AOi1260723074025847a72a70;1;Anomaly;-20,36
202609;AREA 4;SULAWESI;PALU;BKU;AOi42607121145590892b0440;0;Anomaly;
202609;AREA 1;SUMBAGSEL;BENGKULU;IPU;AOi4260716042515474a6ed40;1;Anomaly;
202609;AREA 3;JATENG-DIY;YOGYAKARTA;KEN;AOi426070611431274582a0e0;1;Anomaly;
202609;AREA 3;JATENG-DIY;SURAKARTA;SLO;AOi4260717070517859d39b90;1;Anomaly;
202609;AREA 4;KALIMANTAN;PONTIANAK;STG;AOi4260716054233760335910;0;Anomaly;
202609;AREA 4;SULAWESI;BONE;SKG;AOi4260701094030523efb3b0;0;Anomaly;
202609;AREA 1;SUMBAGTENG;PEKANBARU;PKR;AOi4260617021219820106d60;0;Anomaly;
202609;AREA 4;SULAWESI;MAKASSAR;TKA;AOi4260717062433382088b10;1;Anomaly;
202609;AREA 4;SULAWESI;PALU;PLA;AOi4260709113348734f4a410;1;Anomaly;
202609;AREA 1;SUMBAGTENG;BATAM;SLU;AOs3260704125033121ed75b0;1;Anomaly;
202609;AREA 2;CENTRAL JABOTABEK;NORTHERN JAKARTA;KDY;AOs3260711083508874f8f500;0;Anomaly;
202609;AREA 3;BALI NUSRA;KUPANG;KPN;AOi42607080140233802a76c0;1;Anomaly;
202609;AREA 2;CENTRAL JABOTABEK;NORTHERN JAKARTA;MKR;AOi4260702094454546e844e0;1;Anomaly;
202609;AREA 3;BALI NUSRA;MATARAM;SBW;AOi4260718060655267abb4f0;0;Anomaly;
202609;AREA 1;SUMBAGSEL;LAMPUNG;KLA;AOi4260703021446752030770;1;Anomaly;
202609;AREA 2;CENTRAL JABOTABEK;NORTHERN JAKARTA;MKR;AOs32607041034191692767e0;1;Anomaly;-39,04
202609;AREA 1;SUMBAGTENG;PEKANBARU;PKR;AOi4260727073634147531e80;0;Anomaly;
202609;AREA 4;SULAWESI;PALU;BKU;AOi42607081218329857d7110;0;Anomaly;
202609;AREA 3;BALI NUSRA;MATARAM;MTR;AOi4260720105812482c35570;0;Anomaly;
202609;AREA 3;JATIM;SURABAYA;JGR;AOi4260703100303525f4aa60;0;Anomaly;
202609;AREA 3;JATIM;MALANG;WGI;AOi12607240927314200bef10;0;Comply;-39,53
202609;AREA 3;BALI NUSRA;KUPANG;OSP;AOi4260721103343105666da0;1;Anomaly;
202609;AREA 3;JATENG-DIY;SURAKARTA;GLD;AOi1260721124854327ede8c0;0;Anomaly;
202609;AREA 3;JATENG-DIY;SURAKARTA;KTO;AOi426072511230575268f240;1;Anomaly;
202609;AREA 3;JATENG-DIY;MAGELANG;KTA;AOi4260623095335424fe0a10;1;Anomaly;
202609;AREA 4;KALIMANTAN;SAMARINDA;SBR;AOi4260706111647981e032d0;1;Anomaly;
202609;AREA 3;JATENG-DIY;SURAKARTA;KRT;AOi4260706015523932141fa0;1;Anomaly;
202609;AREA 4;KALIMANTAN;PONTIANAK;JAW;AOi42607151255595598285d0;1;Anomaly;
202609;AREA 3;JATENG-DIY;SURAKARTA;MSO;PDAk4260725014912189d9dec0;1;Anomaly;
202609;AREA 2;CENTRAL JABOTABEK;NORTHERN JAKARTA;CKG;AOi4260710080125055783ea0;0;Anomaly;
202609;AREA 4;SULAWESI;PARE-PARE;RTP;AOi42607011113417582959c0;0;Anomaly;
202609;AREA 1;SUMBAGSEL;BENGKULU;TIS;AOi4260721061118092ca4270;1;Anomaly;
202609;AREA 3;JATENG-DIY;YOGYAKARTA;KGD;AOi42607290936169905a03c0;1;Anomaly;
202609;AREA 3;JATENG-DIY;YOGYAKARTA;SMN;AOi4260707101045236e9aa70;1;Anomaly;
202609;AREA 3;JATIM;SURABAYA;KPS;AOi4260710102813009e699e0;1;Anomaly;
202609;AREA 4;KALIMANTAN;SAMARINDA;LMP;AOi4260713073649337b0e850;0;Anomaly;
202609;AREA 1;SUMBAGSEL;PALEMBANG;MPA;AOi426072512594492396d270;0;Anomaly;
202609;AREA 4;SULAWESI;BONE;BLK;AOi42607301102009548c4340;1;Anomaly;
202609;AREA 1;SUMBAGUT;BANDA ACEH;BNA;AOi4260717102053593a84160;1;Anomaly;
202609;AREA 3;BALI NUSRA;DENPASAR;UBN;AOs32607101011392293f1ef0;1;Anomaly;
202609;AREA 1;SUMBAGUT;PADANG SIDEMPUAN;BGO;AOi4260703074218206748b60;0;Anomaly;
202609;AREA 4;SULAWESI;MAKASSAR;JNP;AOi42607060917001065c2190;1;Anomaly;
202609;AREA 3;JATENG-DIY;SURAKARTA;SKH;AOi4260725124510363755860;1;Anomaly;
202609;AREA 3;JATENG-DIY;PURWOKERTO;PWT;AOk4260708112027659037b40;0;Anomaly;
202609;AREA 2;CENTRAL JABOTABEK;NORTHERN JAKARTA;MKR;AOi4260702094454546e844e0;1;Anomaly;
202609;AREA 4;SULAWESI;PALU;PLA;AOi4260707074533073d62c10;1;Anomaly;
202609;AREA 4;MALUKU DAN PAPUA;JAYAPURA;ABE;AOi42607270333018711fa0d0;1;Anomaly;
202609;AREA 3;BALI NUSRA;DENPASAR;UBN;AOi4260722103055412a90dc0;1;Anomaly;
202609;AREA 4;KALIMANTAN;PONTIANAK;SAO;AOi42607250119179769cb490;1;Anomaly;
202609;AREA 4;KALIMANTAN;PONTIANAK;JAW;AOi42607151255595598285d0;1;Anomaly;
202609;AREA 4;KALIMANTAN;BANJARMASIN;ULI;AOk42607081200216489b1370;1;Anomaly;
202609;AREA 1;SUMBAGSEL;LAMPUNG;TJK;AOi4260702081530974340750;1;Anomaly;
202609;AREA 2;WESTERN JABOTABEK;SERANG;LGK;AOi4260708085539935e048e0;1;Anomaly;
202609;AREA 2;JABAR;SOREANG;SOR;AOi4260730120600243946550;1;Anomaly;
202609;AREA 2;EASTERN JABOTABEK;KARAWANG;TAR;AOi426071112160652868f4d0;1;Anomaly;
202609;AREA 4;MALUKU DAN PAPUA;TIMIKA;KUK;PDAk4260701013154475b0dc40;0;Anomaly;
202609;AREA 3;JATIM;SIDOARJO;WRU;AOi426071010301708565dff0;1;Anomaly;
202609;AREA 1;SUMBAGUT;CENTRAL MEDAN;SPM;AOi42607070417032412ef6f0;0;Anomaly;
202609;AREA 3;BALI NUSRA;MATARAM;MTR;AOi4260730090724435218f00;0;Anomaly;
202609;AREA 4;SULAWESI;KENDARI;MDG;AOi4260703094214218844d00;1;Anomaly;
202609;AREA 1;SUMBAGSEL;JAMBI;BKO;AOi426070511030210399ee30;1;Anomaly;
202609;AREA 1;SUMBAGTENG;PADANG;KJI;AOi4260706082050966e652e0;1;Anomaly;
202609;AREA 1;SUMBAGTENG;PEKANBARU;PBB;AOk42607310331113273a06d0;0;Anomaly;
202609;AREA 1;SUMBAGSEL;LAMPUNG;BKM;AOi4260723054110749c46b60;1;Anomaly;
202609;AREA 1;SUMBAGTENG;BATAM;BTC;AOi1260715104105782b12400;1;Anomaly;
202609;AREA 3;JATENG-DIY;YOGYAKARTA;KLS;AOi426071811004701457b7f0;1;Anomaly;
202609;AREA 1;SUMBAGTENG;BUKIT TINGGI;NRS;AOi426071304471483433aa30;1;Anomaly;
202609;AREA 3;JATENG-DIY;MAGELANG;MUN;AOs3260728092731522000c90;1;Anomaly;
202609;AREA 1;SUMBAGTENG;DUMAI;TAK;AOi426070409133100425dea0;1;Anomaly;
202609;AREA 1;SUMBAGTENG;BUKIT TINGGI;KNL;AOi426070411112894507a8e0;0;Anomaly;
202609;AREA 1;SUMBAGTENG;BATAM;SLU;AOi42607261043371354e81f0;0;Anomaly;
202609;AREA 2;CENTRAL JABOTABEK;SOUTHERN JAKARTA;PSR;AOi42607251047331483f5880;0;Anomaly;
202609;AREA 4;SULAWESI;PALU;KOL;AOi4260726042156260469fa0;0;Anomaly;
202609;AREA 1;SUMBAGUT;WESTERN MEDAN;KGH;AOi426070909505346821c790;0;Anomaly;
202609;AREA 1;SUMBAGSEL;LAMPUNG;TJK;AOs32607060818445356e3aa0;0;Anomaly;
202609;AREA 2;EASTERN JABOTABEK;KARAWANG;BGG;AOi426070111335332142ed30;1;Anomaly;
202609;AREA 1;SUMBAGSEL;BENGKULU;MNA;AOi42607051131187256883c0;1;Anomaly;
202609;AREA 4;KALIMANTAN;PONTIANAK;JAW;AOi4260714121354577a7c780;0;Anomaly;
202609;AREA 4;SULAWESI;MAKASSAR;PNK;AOi4260722020328466e07420;0;Anomaly;
202609;AREA 3;BALI NUSRA;MATARAM;MTR;AOi4260702095439066b04bf0;0;Anomaly;
202609;AREA 2;JABAR;TASIKMALAYA;PMP;AOk42607061113120089a2bd0;0;Anomaly;
202609;AREA 1;SUMBAGTENG;PADANG;PDC;AOi4260718060630895a37fc0;0;Anomaly;
202609;AREA 4;MALUKU DAN PAPUA;SORONG;SON;AOi4260701071303333f0a550;0;Anomaly;
202609;AREA 3;BALI NUSRA;MATARAM;MTR;PDAk4260730112406116cac0a0;1;Anomaly;
202609;AREA 3;JATENG-DIY;SURAKARTA;KRT;AOi4260706081243451794370;1;Anomaly;
202609;AREA 1;SUMBAGUT;CENTRAL MEDAN;PUB;AOi4260723010206068520500;0;Anomaly;
202609;AREA 3;BALI NUSRA;MATARAM;MTR;AOi4260728033120783cde0c0;1;Anomaly;
202609;AREA 1;SUMBAGUT;RANTAU PRAPAT;RAP;AOi4260708120223103290890;0;Anomaly;
202609;AREA 4;MALUKU DAN PAPUA;AMBON;PAO;AOi4260729024926250158830;0;Anomaly;
202609;AREA 2;CENTRAL JABOTABEK;SOUTHERN JAKARTA;CPE;AOi42607210939443676e8f00;0;Anomaly;
202609;AREA 1;SUMBAGSEL;PANGKAL PINANG;MGR;AOi42607020709244274cb820;1;Anomaly;
202609;AREA 4;MALUKU DAN PAPUA;AMBON;BUL;AOi12607011000521176d5ff0;0;Anomaly;
202609;AREA 4;KALIMANTAN;SAMARINDA;LOB;AOi4260701021643132a546b0;1;Anomaly;
202609;AREA 1;SUMBAGUT;WESTERN MEDAN;BJI;AOi4260705063822357ca8d30;0;Anomaly;
202609;AREA 3;BALI NUSRA;MATARAM;SBW;AOi4260721121356600bbb4f0;1;Anomaly;
202609;AREA 1;SUMBAGSEL;LAMPUNG;MGA;AOs32607181252486864513f0;1;Anomaly;
202609;AREA 1;SUMBAGUT;PEMATANG SIANTAR;BLG;AOb026071404482501732f360;0;Anomaly;
202609;AREA 4;KALIMANTAN;PANGKALAN BUN;SAI;AOi4260708060006124b0a8f0;0;Anomaly;
202609;AREA 4;MALUKU DAN PAPUA;JAYAPURA;ABE;AOi42607070216172325763d0;1;Anomaly;
202609;AREA 1;SUMBAGSEL;LAMPUNG;LIW;AOi4260721111427699929850;0;Anomaly;
202609;AREA 1;SUMBAGTENG;DUMAI;BKN;AOi4260702091757680fd2230;0;Anomaly;
202609;AREA 1;SUMBAGUT;CENTRAL MEDAN;TJR;AOi42607231248246765e6840;0;Anomaly;
202609;AREA 4;KALIMANTAN;PONTIANAK;PUT;AOi42607060642395251ac820;1;Anomaly;
202609;AREA 4;KALIMANTAN;PALANGKARAYA;BNT;AOi4260728010357621f4dba0;0;Anomaly;
202609;AREA 4;KALIMANTAN;TARAKAN;TSL;AOs3260723070604503467360;0;Comply;-22,20
202609;AREA 3;JATENG-DIY;YOGYAKARTA;KEN;AOi426070308580203452d060;0;Anomaly;
202609;AREA 3;BALI NUSRA;DENPASAR;BLI;AOi4260711034932148bbb4c0;0;Anomaly;
202609;AREA 1;SUMBAGUT;BANDA ACEH;DAR;AOk42607170927361455ef0a0;0;Anomaly;
202609;AREA 4;SULAWESI;PALU;PGI;AOi42607241241591540461f0;1;Anomaly;
202609;AREA 3;JATIM;LAMONGAN;CRM;AOi4260714041034869f16420;1;Anomaly;
202609;AREA 4;KALIMANTAN;PANGKALAN BUN;SAI;AOi4260723093236851a374b0;1;Anomaly;
202609;AREA 1;SUMBAGTENG;BATAM;LBJ;AOi4260705123402233e3ed20;0;Anomaly;
202609;AREA 1;SUMBAGUT;RANTAU PRAPAT;RAP;AOi1260711104149750aed040;0;Anomaly;
202609;AREA 1;SUMBAGUT;BANDA ACEH;SNA;PDAk42607151005180940afdf0;0;Anomaly;
202609;AREA 2;WESTERN JABOTABEK;SERANG;PDG;AOs32607150134360051534e0;1;Anomaly;29,03
202609;AREA 1;SUMBAGSEL;LAMPUNG;TJK;AOi42607270550439239cc570;0;Anomaly;
202609;AREA 2;WESTERN JABOTABEK;SERANG;LWD;AOs3260726023057800570490;1;Anomaly;
202609;AREA 1;SUMBAGUT;BANDA ACEH;DAR;AOi426072111164346984a620;1;Anomaly;
202609;AREA 3;JATIM;SURABAYA;MGO;AOi4260721122131422539220;0;Anomaly;
202609;AREA 4;SULAWESI;PALU;PLA;AOi42607190815485779566b0;1;Anomaly;
202609;AREA 2;WESTERN JABOTABEK;TANGERANG;PDR;AOs3260629030528269b258d0;0;Anomaly;
202609;AREA 2;CENTRAL JABOTABEK;SOUTHERN JAKARTA;RMG;AOi12607121225099757f1940;1;Anomaly;
202609;AREA 4;KALIMANTAN;SAMARINDA;SBR;AOi4260706111647981e032d0;0;Anomaly;
202609;AREA 3;BALI NUSRA;FLORES;RTE;AOi4260703043905178282040;0;Anomaly;
202609;AREA 1;SUMBAGUT;CENTRAL MEDAN;TJR;AOi1260701020450110f84e00;1;Anomaly;
202609;AREA 3;JATIM;SURABAYA;TNS;AOi42607181053199031e7300;0;Anomaly;
202609;AREA 3;BALI NUSRA;FLORES;RTE;AOi4260630100418757bbdde0;0;Anomaly;
202609;AREA 2;CENTRAL JABOTABEK;NORTHERN JAKARTA;KLG;AOi426070805552444687c7f0;0;Anomaly;
202609;AREA 4;SULAWESI;BONE;SKG;AOi4260712091613017543080;0;Anomaly;
202609;AREA 1;SUMBAGUT;CENTRAL MEDAN;SPM;AOi4260702060949960ab9770;0;Anomaly;
202609;AREA 4;SULAWESI;MANADO;SFI;AOi42607210142340002d02b0;1;Anomaly;
202609;AREA 1;SUMBAGSEL;LAMPUNG;TJK;AOi4260704091202977dda910;0;Anomaly;
202609;AREA 4;KALIMANTAN;BANJARMASIN;ULI;AOi4260718105320217bd4b90;1;Anomaly;
202609;AREA 2;JABAR;BANDUNG;BTJ;AOi4260716045939547d0b510;1;Anomaly;
202609;AREA 4;SULAWESI;MANADO;SFI;AOi4260728021554099870710;1;Anomaly;
202609;AREA 3;BALI NUSRA;DENPASAR;SWI;AOi4260721012711091cf6470;1;Anomaly;
202609;AREA 1;SUMBAGTENG;BATAM;PNI;AOi42607120906103130c77e0;1;Anomaly;
202609;AREA 3;BALI NUSRA;DENPASAR;TOP;AOi4260709053914969072720;1;Anomaly;
202609;AREA 1;SUMBAGUT;RANTAU PRAPAT;ANR;AOi42607171003387241a4670;0;Anomaly;
202609;AREA 2;JABAR;BANDUNG;CMI;AOi4260730043850116dcc920;1;Anomaly;
202609;AREA 3;JATIM;SURABAYA;KPS;AOi4260725024837657b919e0;0;Anomaly;
202609;AREA 2;CENTRAL JABOTABEK;NORTHERN JAKARTA;KLG;AOi4260701102302979f5b760;1;Anomaly;
202609;AREA 1;SUMBAGUT;CENTRAL MEDAN;TMU;AOi4260725115821615d52170;0;Anomaly;
202609;AREA 4;SULAWESI;BONE;WTP;AOi4260720062609517323c70;0;Anomaly;
202609;AREA 3;BALI NUSRA;MATARAM;MTR;AOi4260726083250133c58b20;0;Anomaly;
202609;AREA 2;CENTRAL JABOTABEK;SOUTHERN JAKARTA;KRG;AOi4260730044347957b4f070;0;Anomaly;
202609;AREA 4;KALIMANTAN;PONTIANAK;STG;AOi42607130557514873b0380;0;Anomaly;
202609;AREA 2;WESTERN JABOTABEK;SERANG;SEG;PDAk42607090229138799bd2f0;0;Anomaly;
202609;AREA 4;KALIMANTAN;SAMARINDA;LOB;AOi12607150433245480e5950;0;Anomaly;
202609;AREA 1;SUMBAGUT;BANDA ACEH;SGI;AOi4260702080155195390cd0;1;Anomaly;
202609;AREA 1;SUMBAGUT;CENTRAL MEDAN;DLT;AOi4260730082307154dd4790;1;Anomaly;
202609;AREA 4;SULAWESI;KENDARI;MDG;AOi426070204111584362f200;0;Anomaly;
202609;AREA 3;BALI NUSRA;DENPASAR;UBN;AOi4260704034319140fe66f0;1;Anomaly;
202609;AREA 4;MALUKU DAN PAPUA;JAYAPURA;ABE;AOk42607220738331418c45e0;1;Anomaly;
202609;AREA 2;JABAR;SOREANG;KAD;AOi42606300803421458a7370;1;Anomaly;
202609;AREA 3;JATIM;SURABAYA;KNN;AOi4260711015942533abddc0;0;Anomaly;
202609;AREA 4;KALIMANTAN;TARAKAN;TRK;AOi4260714063653820875d40;1;Anomaly;
202609;AREA 4;SULAWESI;PALU;PLA;AOi4260712021124185740150;0;Anomaly;
202609;AREA 2;CENTRAL JABOTABEK;SOUTHERN JAKARTA;PGB;AOi426071912595258770fcf0;0;Anomaly;
202609;AREA 1;SUMBAGTENG;BUKIT TINGGI;PAM;AOi4260704122605143812570;1;Anomaly;
202609;AREA 2;EASTERN JABOTABEK;KARAWANG;CIB;AOi42607070348464123c3be0;1;Anomaly;
202609;AREA 3;BALI NUSRA;MATARAM;MTR;AOi4260720120135875387650;0;Anomaly;
202609;AREA 3;BALI NUSRA;MATARAM;MTR;AOi4260730071656545dcf2e0;1;Anomaly;
202609;AREA 4;SULAWESI;KENDARI;MDG;AOi42607241239023228dffc0;0;Anomaly;
202609;AREA 3;BALI NUSRA;DENPASAR;KLM;AOs32607060813134704c8db0;1;Anomaly;
202609;AREA 1;SUMBAGTENG;BUKIT TINGGI;TKU;AOi4260720054433355acaca0;1;Anomaly;
202609;AREA 3;JATIM;SIDOARJO;TPO;AOk426070205454517649a940;1;Anomaly;
202609;AREA 2;EASTERN JABOTABEK;BOGOR;BOO;AOi426070101143223031e720;0;Anomaly;
202609;AREA 1;SUMBAGUT;CENTRAL MEDAN;LBP;AOs326072010394141444fd00;1;Anomaly;
202609;AREA 3;BALI NUSRA;DENPASAR;UBN;AOi4260630051833988f1f4a0;1;Anomaly;
202609;AREA 4;SULAWESI;PALU;PLA;AOi42607180449197965c3ef0;1;Anomaly;
202609;AREA 2;CENTRAL JABOTABEK;SOUTHERN JAKARTA;KLD;AOs3260708052025331b58e40;0;Anomaly;
202609;AREA 4;KALIMANTAN;BALIKPAPAN;SKU;AOi4260705024502915bd3880;1;Anomaly;
202609;AREA 1;SUMBAGUT;CENTRAL MEDAN;TMU;AOi4260711115449275ad7740;1;Anomaly;
202609;AREA 1;SUMBAGSEL;JAMBI;MAB;AOi42607150227290401a3530;1;Anomaly;
202609;AREA 1;SUMBAGTENG;PADANG;SIE;AOi4260702084613121138ed0;1;Anomaly;
202609;AREA 2;CENTRAL JABOTABEK;SOUTHERN JAKARTA;PGB;AOi426070301324684914de10;1;Anomaly;
202609;AREA 4;SULAWESI;KENDARI;MDG;AOi426071512282377161bdb0;0;Anomaly;
202609;AREA 1;SUMBAGSEL;BENGKULU;LLG;AOi4260720124406620b04400;1;Anomaly;
202609;AREA 4;SULAWESI;GORONTALO;GTL;AOi4260723053059638bb1840;0;Anomaly;
202609;AREA 1;SUMBAGUT;CENTRAL MEDAN;CTD;AOi42607100343261115cbe00;1;Anomaly;
202609;AREA 3;JATIM;SIDOARJO;TUN;AOi42607060524496303776d0;0;Anomaly;
202609;AREA 1;SUMBAGTENG;PADANG;LIM;AOk4260713123229602c24ee0;1;Anomaly;
202609;AREA 4;MALUKU DAN PAPUA;SORONG;SON;AOi42607300208356786f74b0;0;Anomaly;
202609;AREA 3;BALI NUSRA;FLORES;RTE;AOk4260722091348657627190;0;Comply;-44,63
202609;AREA 3;BALI NUSRA;DENPASAR;MMN;PDAk426072611532653617c750;1;Anomaly;
202609;AREA 1;SUMBAGUT;WESTERN MEDAN;KGH;AOi4260722111150948f546a0;0;Anomaly;
202609;AREA 2;JABAR;SOREANG;MJY;AOi4260718022351367e600c0;1;Anomaly;-19,09
202609;AREA 1;SUMBAGUT;BANDA ACEH;LBR;AOi4260711035641259a482c0;0;Anomaly;
202609;AREA 3;BALI NUSRA;DENPASAR;SMY;AOi4260629075338344426ae0;0;Anomaly;
202609;AREA 2;JABAR;BANDUNG;RJW;AOi42607141153345670f1d50;1;Anomaly;
202609;AREA 3;BALI NUSRA;DENPASAR;GIN;AOi4260719112444346ca3e60;0;Anomaly;
202609;AREA 4;SULAWESI;KENDARI;KDR;AOi4260726053515263687200;0;Anomaly;
202609;AREA 3;JATENG-DIY;SURAKARTA;KLX;AOi426071801101332086c130;1;Anomaly;
202609;AREA 2;WESTERN JABOTABEK;SERANG;SEG;AOi4260705012059060824090;0;Anomaly;
202609;AREA 3;JATIM;MALANG;KPO;AOi4260728113425086f93960;0;Anomaly;
202609;AREA 3;JATENG-DIY;YOGYAKARTA;SMN;AOi4260707101045236e9aa70;1;Anomaly;
202609;AREA 4;KALIMANTAN;TARAKAN;LNN;AOi4260714045114059fd3020;1;Anomaly;
202609;AREA 1;SUMBAGSEL;LAMPUNG;KLA;AOi42607221142141703e7d40;1;Anomaly;
202609;AREA 1;SUMBAGTENG;BUKIT TINGGI;PYK;AOi4260702035725893f46ed0;1;Anomaly;
202609;AREA 2;EASTERN JABOTABEK;BEKASI;SKJ;AOk4260720020447476c13ed0;1;Anomaly;
202609;AREA 4;KALIMANTAN;BANJARMASIN;BRI;AOi426071110135801005d940;1;Anomaly;
202609;AREA 3;JATENG-DIY;YOGYAKARTA;PGR;AOi426070808391047330d730;1;Anomaly;
202609;AREA 3;BALI NUSRA;KUPANG;ATB;AOi4260722093859731dad890;1;Anomaly;
202609;AREA 2;CENTRAL JABOTABEK;SOUTHERN JAKARTA;KRG;AOk4260713114646561bff640;0;Comply;-88,17
202609;AREA 4;KALIMANTAN;PANGKALAN BUN;KTP;AOi126071711232057318ae20;0;Anomaly;
202609;AREA 4;KALIMANTAN;PONTIANAK;MPW;AOi4260719093211315baf870;0;Anomaly;
202609;AREA 3;JATIM;JEMBER;JER;AOi4260729010535365723be0;0;Anomaly;
202609;AREA 1;SUMBAGUT;CENTRAL MEDAN;CTD;AOi4260719081738632e39830;0;Anomaly;
202609;AREA 4;KALIMANTAN;PALANGKARAYA;PRC;AOi4260706034543575cff300;1;Anomaly;
202609;AREA 1;SUMBAGUT;PEMATANG SIANTAR;PMS;AOi4260718082646365a165b0;0;Anomaly;
202609;AREA 4;KALIMANTAN;BANJARMASIN;ULI;AOi42607220435391691f38e0;1;Anomaly;
202609;AREA 2;JABAR;BANDUNG;CCD;AOi4260703010328416073470;0;Anomaly;
202609;AREA 1;SUMBAGUT;BANDA ACEH;TSE;AOi42607070615275935cb960;0;Anomaly;-17,28
202609;AREA 1;SUMBAGTENG;PADANG;ULK;AOs32607180722420201b36d0;1;Anomaly;
202609;AREA 1;SUMBAGUT;WESTERN MEDAN;KGH;AOi4260705122035492b53f80;0;Anomaly;
202609;AREA 3;JATENG-DIY;SURAKARTA;SOP;AOi4260722044633865f11dc0;1;Anomaly;
202609;AREA 3;JATENG-DIY;PEKALONGAN;ADW;AOi4260720070619043b87ac0;0;Anomaly;
202609;AREA 4;SULAWESI;MAKASSAR;SUD;AOi4260707063639729684ba0;1;Anomaly;
202609;AREA 4;SULAWESI;PARE-PARE;MAM;AOi4260710082148474116660;0;Anomaly;
202609;AREA 3;JATENG-DIY;YOGYAKARTA;KBU;AOi426070110495870513f710;1;Anomaly;
202609;AREA 1;SUMBAGUT;PADANG SIDEMPUAN;PSP;AOi42607181027539460030c0;1;Anomaly;
202609;AREA 2;EASTERN JABOTABEK;BOGOR;PAR;PDAk4260720022706400451140;0;Anomaly;
202609;AREA 4;KALIMANTAN;BANJARMASIN;STI;AOi426073006055124540c150;1;Anomaly;
202609;AREA 1;SUMBAGUT;CENTRAL MEDAN;PUB;AOi4260708070338392c03680;1;Anomaly;
202609;AREA 2;CENTRAL JABOTABEK;SOUTHERN JAKARTA;KAL;AOs3260720091833911b3e110;0;Comply;-13,85
202609;AREA 4;KALIMANTAN;BANJARMASIN;STI;AOi426073006055124540c150;1;Anomaly;
202609;AREA 2;EASTERN JABOTABEK;KARAWANG;CIB;AOi4260727032656861140fd0;1;Anomaly;
202609;AREA 1;SUMBAGSEL;PALEMBANG;MPA;AOi426072512594492396d270;1;Anomaly;
202609;AREA 4;SULAWESI;KENDARI;MDG;AOi426070204111584362f200;0;Anomaly;
202609;AREA 4;MALUKU DAN PAPUA;JAYAPURA;JAP;PDAk4260711091726701ad3eb0;1;Anomaly;
202609;AREA 4;MALUKU DAN PAPUA;AMBON;NML;AOi426072701573761267b630;1;Anomaly;
202609;AREA 1;SUMBAGUT;BANDA ACEH;LBR;AOi4260711094053728d176f0;0;Anomaly;
202609;AREA 3;BALI NUSRA;FLORES;RTE;AOk42606271033272486f4730;0;Comply;-5,75
202609;AREA 2;CENTRAL JABOTABEK;NORTHERN JAKARTA;KDY;AOi426072903224242842e330;0;Anomaly;
202609;AREA 3;BALI NUSRA;MATARAM;SEL;AOi42607300848280431685c0;1;Anomaly;
202609;AREA 4;SULAWESI;MAKASSAR;SUD;AOi42607171003393577f61e0;1;Anomaly;
202609;AREA 1;SUMBAGUT;RANTAU PRAPAT;RAP;AOi4260723031234697989760;0;Anomaly;
202609;AREA 2;JABAR;SOREANG;MJY;AOi4260711015605278f5d630;1;Anomaly;
202609;AREA 4;MALUKU DAN PAPUA;SORONG;NAB;AOi4260711033228272c64f10;0;Anomaly;
202609;AREA 3;BALI NUSRA;MATARAM;MLK;AOk42607281103566958f2eb0;1;Anomaly;
202609;AREA 1;SUMBAGSEL;BENGKULU;CRP;AOi4260701012214427e66720;0;Anomaly;
202609;AREA 4;MALUKU DAN PAPUA;JAYAPURA;ABE;AOi4260723021524117339950;0;Anomaly;
202609;AREA 3;BALI NUSRA;DENPASAR;KLM;AOk42607230331436810085b0;1;Anomaly;
202609;AREA 2;WESTERN JABOTABEK;SERANG;CRS;AOi4260707013145511c1eb70;0;Anomaly;
202609;AREA 4;KALIMANTAN;PONTIANAK;SAO;AOi42607250119179769cb490;1;Anomaly;
202609;AREA 3;JATIM;MALANG;BRG;AOi426071010125177162f620;0;Anomaly;
202609;AREA 4;SULAWESI;MAKASSAR;SUG;AOi4260708105946329fe5ff0;1;Anomaly;
202609;AREA 1;SUMBAGSEL;BENGKULU;BTH;AOi4260725030356910169e70;1;Anomaly;
202609;AREA 4;SULAWESI;PARE-PARE;RTP;AOi426070201434425163d060;0;Anomaly;
202609;AREA 1;SUMBAGUT;PADANG SIDEMPUAN;PSP;AOi4260708123658600d8f450;1;Anomaly;
202609;AREA 2;CENTRAL JABOTABEK;NORTHERN JAKARTA;MKR;AOi4260723032638549554aa0;1;Anomaly;
202609;AREA 3;BALI NUSRA;DENPASAR;MMN;AOk4260708085523980993e00;1;Anomaly;
202609;AREA 1;SUMBAGTENG;BUKIT TINGGI;BKT;AOi426072803594476034b880;1;Anomaly;
202609;AREA 3;JATIM;SURABAYA;DMO;AOi42607290120030529029d0;0;Anomaly;
202609;AREA 3;JATIM;LAMONGAN;BDG;AOi4260712084942869160590;1;Anomaly;
202609;AREA 4;SULAWESI;MANADO;MDO;AOi4260718120943697738bc0;1;Anomaly;
202609;AREA 2;CENTRAL JABOTABEK;SOUTHERN JAKARTA;KRG;AOk426071407160249097e110;1;Anomaly;
202609;AREA 3;JATIM;SURABAYA;KNN;AOi4260702095559992f0c4a0;0;Anomaly;
202609;AREA 3;BALI NUSRA;MATARAM;TLW;AOi4260729035939978bacb90;0;Anomaly;
202609;AREA 1;SUMBAGUT;RANTAU PRAPAT;PRA;AOi426071609515489947bab0;1;Anomaly;
202609;AREA 4;KALIMANTAN;PANGKALAN BUN;KTP;AOi4260709022132341ce0640;1;Anomaly;
202609;AREA 3;BALI NUSRA;MATARAM;ALA;AOi4260723025003555dad480;0;Comply;-19,50
202609;AREA 1;SUMBAGUT;WESTERN MEDAN;KGH;AOi42607191246393674f8500;0;Anomaly;
202609;AREA 3;BALI NUSRA;DENPASAR;SGR;AOi4260701101602540410490;1;Anomaly;
202609;AREA 4;SULAWESI;MANADO;BAH;AOs3260718051311629743980;0;Anomaly;
202609;AREA 3;BALI NUSRA;DENPASAR;TOP;AOi42607230953544941f05f0;1;Anomaly;
202609;AREA 4;MALUKU DAN PAPUA;SORONG;FFA;AOs32607010837429809b7220;1;Anomaly;
202609;AREA 4;SULAWESI;PARE-PARE;MAM;AOi42607181153495816b8c70;0;Anomaly;
202609;AREA 3;JATENG-DIY;SURAKARTA;KTO;AOi42607240206316408e07e0;1;Anomaly;
202609;AREA 4;SULAWESI;MAKASSAR;BAR;AOi42607260131467023deed0;0;Anomaly;
202609;AREA 1;SUMBAGTENG;PADANG;SGD;AOi426072110291264338b4d0;1;Anomaly;
202609;AREA 4;SULAWESI;PARE-PARE;MAJ;AOi42607020132272597c5040;1;Anomaly;
202609;AREA 1;SUMBAGTENG;DUMAI;BGU;AOi4260727053632290fbe0a0;1;Anomaly;
202609;AREA 4;KALIMANTAN;PONTIANAK;JAW;AOi426070706511626786fcd0;0;Anomaly;
202609;AREA 3;BALI NUSRA;DENPASAR;KLM;AOi42607130605164837810a0;1;Anomaly;
202609;AREA 1;SUMBAGTENG;BUKIT TINGGI;LBA;AOi4260702021120585878160;0;Anomaly;
202609;AREA 1;SUMBAGSEL;LAMPUNG;KBI;AOi426071304213804535b690;0;Anomaly;
202609;AREA 2;JABAR;TASIKMALAYA;PMP;AOi426072406264662109abd0;1;Anomaly;
202609;AREA 2;JABAR;TASIKMALAYA;PMP;AOi4260729125016854c4bb10;1;Anomaly;
202609;AREA 3;JATENG-DIY;SEMARANG;BMK;PDAk42607300158547572e9910;1;Anomaly;
202609;AREA 3;JATIM;SURABAYA;KPS;AOk4260716011357540627810;1;Anomaly;-24,65
202609;AREA 1;SUMBAGSEL;LAMPUNG;NTR;AOi4260703083337870c85650;1;Anomaly;
202609;AREA 3;BALI NUSRA;MATARAM;DMP;AOk42607030945509335e7940;1;Anomaly;
202609;AREA 3;BALI NUSRA;MATARAM;MTR;AOi426071510384055458e1d0;1;Anomaly;
202609;AREA 1;SUMBAGTENG;BUKIT TINGGI;SPE;AOi4260702012917136b69f20;0;Anomaly;
202609;AREA 4;SULAWESI;KENDARI;KDR;AOi4260717100300131995620;0;Anomaly;
202609;AREA 1;SUMBAGTENG;PEKANBARU;RBI;AOi4260724083332534b070c0;0;Anomaly;
202609;AREA 1;SUMBAGSEL;LAMPUNG;KBI;AOi4260714105015997c28f20;0;Anomaly;
202609;AREA 4;SULAWESI;PALU;PLB;PDAk42607140730374173289b0;0;Anomaly;
202609;AREA 2;JABAR;BANDUNG;PDL;AOi426073007463916822ba00;1;Anomaly;
202609;AREA 1;SUMBAGUT;BANDA ACEH;MBO;AOi42607011041259702254a0;1;Anomaly;
202609;AREA 2;CENTRAL JABOTABEK;NORTHERN JAKARTA;KDY;AOi4260711060939060af75b0;1;Anomaly;
202609;AREA 1;SUMBAGUT;CENTRAL MEDAN;TJR;AOi426071803595171554f5b0;1;Anomaly;
202609;AREA 4;KALIMANTAN;BANJARMASIN;STI;AOi4260727081928832e57f20;0;Anomaly;
202609;AREA 1;SUMBAGSEL;PANGKAL PINANG;PGP;AOi42607251229490336b26b0;0;Anomaly;
202609;AREA 1;SUMBAGSEL;LAMPUNG;TJK;AOi42607021229558907a94e0;1;Anomaly;
202609;AREA 4;KALIMANTAN;SAMARINDA;SBR;AOi4260706111647981e032d0;1;Anomaly;
202609;AREA 1;SUMBAGUT;CENTRAL MEDAN;TTG;AOi4260722030248383835070;1;Anomaly;
202609;AREA 4;KALIMANTAN;PONTIANAK;PTK;AOk426071410075998546b190;1;Anomaly;
202609;AREA 4;MALUKU DAN PAPUA;AMBON;SML;AOi42607180739517757e7da0;1;Anomaly;
202609;AREA 1;SUMBAGTENG;PADANG;SIE;AOi4260717031740555dd2130;0;Anomaly;
202609;AREA 1;SUMBAGUT;CENTRAL MEDAN;TJR;AOi4260727045105144b765c0;0;Anomaly;
202609;AREA 2;JABAR;BANDUNG;LBG;AOi4260701092432715b35430;0;Anomaly;
202609;AREA 1;SUMBAGUT;CENTRAL MEDAN;CTD;AOi42607100343261115cbe00;1;Anomaly;
202609;AREA 4;KALIMANTAN;BANJARMASIN;KYG;AOi42607120232541312c92b0;1;Anomaly;
202609;AREA 1;SUMBAGTENG;BATAM;SLU;AOi4260701021007933779cf0;1;Anomaly;
202609;AREA 1;SUMBAGSEL;LAMPUNG;MET;AOi4260718111540120f74390;1;Anomaly;
202609;AREA 1;SUMBAGTENG;BATAM;BTC;AOi126072211562067189b700;1;Anomaly;
202609;AREA 3;JATIM;MADIUN;SMO;AOi4260718124151307f2bae0;1;Anomaly;
202609;AREA 3;BALI NUSRA;KUPANG;KEF;AOi4260708123858874afb8b0;1;Anomaly;
202609;AREA 1;SUMBAGTENG;PADANG;PDS;AOk4260701090555434760280;1;Anomaly;
202609;AREA 2;JABAR;BANDUNG;LBG;AOi4260714120302978177800;0;Anomaly;
202609;AREA 4;KALIMANTAN;PALANGKARAYA;MTW;AOi42607021151387858cee20;0;Comply;-0,11
202609;AREA 4;KALIMANTAN;PONTIANAK;MPW;AOi4260702114232057bba010;0;Anomaly;
202609;AREA 1;SUMBAGUT;CENTRAL MEDAN;TJR;AOi4260721085548237208f50;0;Anomaly;
202609;AREA 3;BALI NUSRA;MATARAM;DMP;AOi4260730124509759020e60;1;Anomaly;
202609;AREA 3;BALI NUSRA;DENPASAR;SGR;AOi4260723104002139fe7270;1;Anomaly;
202609;AREA 2;CENTRAL JABOTABEK;SOUTHERN JAKARTA;JAG;AOi4260710081154401092b50;0;Anomaly;
202609;AREA 2;JABAR;SOREANG;SOR;AOk426072012531839598b2e0;1;Anomaly;
202609;AREA 3;JATIM;MALANG;BRG;AOi426072102274622015a490;1;Anomaly;
202609;AREA 3;JATENG-DIY;SURAKARTA;KLX;AOk4260708100947727bdced0;1;Anomaly;
202609;AREA 1;SUMBAGSEL;JAMBI;BKO;AOi42607130334555998a2fc0;1;Anomaly;
202609;AREA 1;SUMBAGSEL;LAMPUNG;PJN;AOi426070711271642529b030;0;Anomaly;
202609;AREA 1;SUMBAGTENG;BUKIT TINGGI;TKU;AOi4260720054433355acaca0;1;Anomaly;
202609;AREA 2;JABAR;TASIKMALAYA;GRU;AOi4260708051015099b302e0;0;Anomaly;
202609;AREA 3;JATIM;LAMONGAN;BJN;AOk4260721122219836594010;0;Anomaly;
202609;AREA 4;SULAWESI;PALU;PLA;AOi4260727014747179fb14b0;1;Anomaly;
202609;AREA 1;SUMBAGTENG;PADANG;TLB;AOk426072311092214140ee20;1;Anomaly;
202609;AREA 4;SULAWESI;KENDARI;KDR;AOi4260714124405041d6c230;0;Anomaly;
202609;AREA 4;SULAWESI;GORONTALO;ISM;AOi4260728064224733ae0cc0;1;Anomaly;
202609;AREA 4;SULAWESI;KENDARI;UNH;AOi4260721095411050703020;1;Anomaly;
202609;AREA 4;SULAWESI;MANADO;TMH;AOi4260728083407255dc8250;0;Anomaly;
202609;AREA 3;JATENG-DIY;SURAKARTA;KRT;AOi42607181002371463bd880;1;Anomaly;
202609;AREA 2;WESTERN JABOTABEK;SERANG;KSB;AOi12607231152176384d1620;1;Anomaly;-33,92
202609;AREA 1;SUMBAGUT;RANTAU PRAPAT;KPI;AOk42607300417044695ebed0;0;Anomaly;
202609;AREA 4;SULAWESI;GORONTALO;GTL;AOi4260728011011445b1fc90;1;Anomaly;
202609;AREA 1;SUMBAGTENG;PADANG;PDC;AOs32607120719065921815f0;1;Anomaly;
202609;AREA 2;JABAR;BANDUNG;DGO;AOi4260717084849330d20b70;1;Anomaly;
202609;AREA 1;SUMBAGTENG;PADANG;KJI;AOi1260706082150837907da0;0;Anomaly;
202609;AREA 4;SULAWESI;MANADO;TUT;AOi426070208075318585be80;0;Anomaly;
202609;AREA 1;SUMBAGTENG;BUKIT TINGGI;PYK;AOi426070303214371884bf90;0;Anomaly;
202609;AREA 1;SUMBAGTENG;PEKANBARU;BKR;AOi4260707092932552b96000;1;Anomaly;
202609;AREA 1;SUMBAGTENG;PADANG;BDT;AOi42607191048256484a0d40;1;Anomaly;
202609;AREA 4;SULAWESI;BONE;SLY;AOi42607140943398652a02d0;1;Anomaly;
202609;AREA 1;SUMBAGUT;PEMATANG SIANTAR;TBT;AOi4260703074402678f2db50;0;Anomaly;
202609;AREA 3;JATIM;MALANG;PKS;AOi42607100329271684e0970;0;Anomaly;
202609;AREA 1;SUMBAGUT;WESTERN MEDAN;LSK;AOi42607010913121674df4c0;0;Anomaly;
202609;AREA 2;EASTERN JABOTABEK;KARAWANG;KLI;AOi12607270524297080312f0;1;Anomaly;
202609;AREA 1;SUMBAGUT;PEMATANG SIANTAR;TGD;AOi4260728115823952349930;0;Anomaly;
202609;AREA 1;SUMBAGTENG;DUMAI;DUM;AOi4260703094600688c9f4f0;1;Anomaly;
202609;AREA 2;JABAR;BANDUNG;CMI;AOi4260702032645306d874f0;1;Anomaly;
202609;AREA 4;SULAWESI;PALU;DGL;AOi42607100145108255a5d80;1;Anomaly;
202609;AREA 1;SUMBAGSEL;LAMPUNG;TKB;AOs32607010102164676056d0;1;Anomaly;
202609;AREA 4;SULAWESI;GORONTALO;MRS;AOk42607131059286498c8a20;1;Anomaly;
202609;AREA 2;CENTRAL JABOTABEK;NORTHERN JAKARTA;CKG;AOs32607010347528158914a0;1;Anomaly;-1,00
202609;AREA 3;JATIM;SURABAYA;IJK;AOs32607010709163842302e0;0;Anomaly;
202609;AREA 4;SULAWESI;MANADO;TMH;AOs3260730082010002c3f6c0;0;Anomaly;
202609;AREA 3;JATENG-DIY;PURWOKERTO;KLP;AOi4260718031504222a87cd0;1;Anomaly;
202609;AREA 1;SUMBAGUT;PEMATANG SIANTAR;SDK;AOi4260716104313330add1d0;0;Anomaly;
202609;AREA 4;SULAWESI;GORONTALO;ISM;AOi42607081032462842741b0;1;Anomaly;
202609;AREA 4;SULAWESI;MANADO;TUT;AOi426070208075318585be80;1;Anomaly;
202609;AREA 3;BALI NUSRA;DENPASAR;UBN;AOi4260716011644616452ab0;1;Anomaly;
202609;AREA 2;CENTRAL JABOTABEK;SOUTHERN JAKARTA;PGB;AOs3260728100919772560160;1;Anomaly;-37,26
202609;AREA 4;SULAWESI;MANADO;KTG;AOi4260719085738473dc4470;1;Anomaly;
202609;AREA 2;JABAR;SOREANG;TAS;AOi4260701080354311b85010;0;Anomaly;
202609;AREA 4;SULAWESI;PALU;TOL;AOi42607061142594816d0ca0;1;Anomaly;
202609;AREA 1;SUMBAGTENG;BATAM;SLU;AOi4260715124251504eab880;1;Anomaly;
202609;AREA 2;CENTRAL JABOTABEK;SOUTHERN JAKARTA;PSR;AOi1260727061607164ce4fd0;1;Anomaly;
202609;AREA 1;SUMBAGUT;BANDA ACEH;BIR;AOi4260702084130273fe9f90;1;Anomaly;
202609;AREA 4;KALIMANTAN;SAMARINDA;PLL;AOi4260715064202021cdbde0;1;Anomaly;
202609;AREA 4;KALIMANTAN;BALIKPAPAN;BRU;AOi42607280854466705cf4e0;1;Anomaly;
202609;AREA 4;KALIMANTAN;BALIKPAPAN;GSA;AOi4260711033919777e9a0e0;0;Comply;-53,71
202609;AREA 3;JATENG-DIY;PEKALONGAN;PKL;AOi12607260719015150d8310;0;Anomaly;
202609;AREA 2;JABAR;SOREANG;MJL;AOi42607010104098551e9db0;1;Anomaly;
202609;AREA 3;JATENG-DIY;PEKALONGAN;PML;AOi42607190949131326440a0;1;Anomaly;
202609;AREA 4;KALIMANTAN;SAMARINDA;PLL;AOi4260716124520308a9ca00;0;Anomaly;
202609;AREA 4;SULAWESI;MAKASSAR;PNK;AOi4260724020828222a3c530;0;Anomaly;
202609;AREA 4;SULAWESI;MANADO;TNT;AOi426070701112953011c890;1;Anomaly;
202609;AREA 2;CENTRAL JABOTABEK;NORTHERN JAKARTA;CIL;AOi12607010134049093c3d80;1;Anomaly;
202609;AREA 3;BALI NUSRA;FLORES;LWB;AOi4260709105511539498690;0;Anomaly;
202609;AREA 2;JABAR;BANDUNG;LBG;AOi4260711023419282ac2dc0;0;Anomaly;
202609;AREA 3;BALI NUSRA;KUPANG;WGP;AOk426071403150746578ec00;1;Anomaly;
202609;AREA 1;SUMBAGSEL;BENGKULU;BNC;AOi4260623031925181ec7140;0;Anomaly;
202609;AREA 3;JATENG-DIY;PURWOKERTO;PWT;AOk4260708112027659037b40;1;Anomaly;
202609;AREA 3;BALI NUSRA;DENPASAR;UBN;AOi4260707025341014347220;1;Anomaly;
202609;AREA 3;BALI NUSRA;DENPASAR;UBN;AOi4260718011934095337a00;1;Anomaly;
202609;AREA 4;KALIMANTAN;PONTIANAK;JAW;AOi42607151255595598285d0;1;Anomaly;
202609;AREA 1;SUMBAGUT;CENTRAL MEDAN;TMU;AOi426070710364491879ec40;1;Anomaly;
202609;AREA 1;SUMBAGSEL;PALEMBANG;SGB;PDAk4260713093118254a6eb40;0;Anomaly;
202609;AREA 3;BALI NUSRA;DENPASAR;SGR;AOi4260708101739555276230;1;Anomaly;
202609;AREA 1;SUMBAGSEL;BENGKULU;AGR;AOi4260624055727954234370;1;Anomaly;
202609;AREA 2;JABAR;SOREANG;BJA;AOi4260711094214557622390;1;Anomaly;
202609;AREA 1;SUMBAGTENG;BUKIT TINGGI;SPE;AOi42607291048262052496e0;0;Anomaly;
202609;AREA 4;SULAWESI;PALU;BKU;AOi1260717070833976708030;0;Anomaly;
202609;AREA 4;KALIMANTAN;TARAKAN;TRK;AOi4260711015124005ea3c50;1;Anomaly;
202609;AREA 4;KALIMANTAN;TARAKAN;TRD;AOi4260720015036717acc2c0;0;Anomaly;
202609;AREA 4;SULAWESI;MAKASSAR;MAR;AOi42607190319461594d5ea0;0;Anomaly;
202609;AREA 3;JATIM;SURABAYA;SMP;AOi4260717125258803bd6280;0;Anomaly;
202609;AREA 3;BALI NUSRA;DENPASAR;UBU;AOi426071102260765893a6b0;0;Anomaly;
202609;AREA 4;SULAWESI;GORONTALO;GTL;AOk42607030140432458dbce0;1;Anomaly;
202609;AREA 4;KALIMANTAN;PONTIANAK;SAO;PDAk42607230122083316f7180;0;Comply;-20,44
202609;AREA 4;KALIMANTAN;BANJARMASIN;STI;AOi42607150318143781ba2b0;0;Anomaly;
202609;AREA 1;SUMBAGSEL;LAMPUNG;MGA;AOs32607181252486864513f0;1;Anomaly;
202609;AREA 4;KALIMANTAN;PANGKALAN BUN;KTP;AOi4260724112436336d28450;0;Anomaly;
202609;AREA 1;SUMBAGUT;RANTAU PRAPAT;TJB;AOi42607111200374908982e0;0;Anomaly;
202609;AREA 2;CENTRAL JABOTABEK;SOUTHERN JAKARTA;KRG;AOi4260704011542510d99610;0;Anomaly;
202609;AREA 4;SULAWESI;PARE-PARE;RTP;AOi4260701094622429096d60;0;Anomaly;
202609;AREA 3;JATENG-DIY;PURWOKERTO;MAO;AOi42607271059229727e0c10;0;Anomaly;
202609;AREA 4;KALIMANTAN;BANJARMASIN;KYG;PDAk4260706104527900a44680;1;Anomaly;-45,46
202609;AREA 3;BALI NUSRA;KUPANG;KPN;AOi4260701102131514416360;1;Anomaly;
202609;AREA 3;JATENG-DIY;MAGELANG;MTY;AOi4260714031012326fbe1b0;0;Anomaly;
202609;AREA 3;BALI NUSRA;FLORES;MMR;AOi1260629043026483c97440;0;Anomaly;
202609;AREA 1;SUMBAGUT;PEMATANG SIANTAR;TGD;AOi426072709575037638ad70;0;Anomaly;
202609;AREA 2;CENTRAL JABOTABEK;SOUTHERN JAKARTA;KAL;AOi42607290100425172e2400;0;Anomaly;
202609;AREA 3;BALI NUSRA;DENPASAR;UBN;AOi4260711060052453e2b360;1;Anomaly;
202609;AREA 2;CENTRAL JABOTABEK;SOUTHERN JAKARTA;PGG;AOi12607300805599477d8fd0;1;Anomaly;-13,44
202609;AREA 1;SUMBAGUT;BANDA ACEH;LTM;AOk4260702092447526c7d3c0;0;Anomaly;
202609;AREA 3;BALI NUSRA;DENPASAR;UBU;AOi4260705015252639f70d80;1;Anomaly;
202609;AREA 4;KALIMANTAN;PONTIANAK;STG;AOi4260716054233760335910;1;Anomaly;
202609;AREA 4;MALUKU DAN PAPUA;AMBON;ABO;AOi4260719063142714b1ed00;0;Anomaly;
202609;AREA 2;JABAR;BANDUNG;LBG;AOi4260713075811545724910;0;Anomaly;
202609;AREA 3;JATIM;SURABAYA;BKL;AOi4260715102526076194da0;1;Anomaly;
202609;AREA 2;EASTERN JABOTABEK;KARAWANG;JBB;AOi426071809342565361efc0;0;Anomaly;
202609;AREA 1;SUMBAGUT;PEMATANG SIANTAR;SDK;AOi42607070131217223f8b70;0;Anomaly;
202609;AREA 2;CENTRAL JABOTABEK;SOUTHERN JAKARTA;JTN;AOi1260718065250068848c90;0;Anomaly;
202609;AREA 4;MALUKU DAN PAPUA;TIMIKA;TIM;AOi426071609594287378b160;0;Anomaly;
202609;AREA 1;SUMBAGUT;BANDA ACEH;BNN;AOi4260630041045226d4ce60;0;Anomaly;
202609;AREA 3;JATIM;MALANG;BTU;AOi426072501292476634cbf0;0;Anomaly;
202609;AREA 1;SUMBAGTENG;PADANG;PDC;AOi4260711041751464588340;0;Anomaly;
202609;AREA 3;BALI NUSRA;DENPASAR;TOP;PDAk4260723062943055b591f0;1;Anomaly;
202609;AREA 4;MALUKU DAN PAPUA;SORONG;MWR;AOk4260720010612931468770;0;Anomaly;
202609;AREA 1;SUMBAGUT;WESTERN MEDAN;LSK;AOi42607310718538725b0ce0;0;Anomaly;
202609;AREA 2;WESTERN JABOTABEK;SERANG;BJO;AOi426072406334415207efc0;0;Anomaly;
202609;AREA 3;JATIM;SURABAYA;BKL;AOi42607040842365803c2670;1;Anomaly;
202609;AREA 4;MALUKU DAN PAPUA;SORONG;FFA;AOs3260713021430858d78910;1;Anomaly;
202609;AREA 2;EASTERN JABOTABEK;KARAWANG;JBB;AOi42607280532156270e49a0;0;Anomaly;
202609;AREA 3;JATIM;SURABAYA;KPS;AOi42607091127261919cc120;0;Anomaly;
202609;AREA 3;JATENG-DIY;MAGELANG;PRN;AOs326072603263001323dcb0;1;Anomaly;
202609;AREA 3;BALI NUSRA;DENPASAR;BNO;AOi426072311475026611e110;1;Anomaly;
202609;AREA 4;SULAWESI;MANADO;MDO;AOi42607301018123007f7c80;0;Anomaly;
202609;AREA 3;BALI NUSRA;MATARAM;MTR;AOi4260730071656545dcf2e0;1;Anomaly;
202609;AREA 3;JATENG-DIY;SURAKARTA;KLX;AOk4260708100947727bdced0;1;Anomaly;
202609;AREA 4;MALUKU DAN PAPUA;SORONG;SON;AOi42607210947521315a6070;1;Anomaly;
202609;AREA 3;BALI NUSRA;MATARAM;TLW;AOi4260729072759875058f80;1;Anomaly;
202609;AREA 3;JATENG-DIY;SEMARANG;WLR;AOi4260704100705100a23bc0;1;Anomaly;
202609;AREA 3;JATIM;SURABAYA;KPS;AOi4260723054826408245510;0;Anomaly;
202609;AREA 2;CENTRAL JABOTABEK;SOUTHERN JAKARTA;BIN;AOi4260702114840192fa1080;1;Anomaly;
202609;AREA 4;SULAWESI;KENDARI;KDR;AOi4260720073938076240540;0;Anomaly;
202609;AREA 1;SUMBAGUT;PEMATANG SIANTAR;TBT;AOi42607301255364211b9f80;0;Anomaly;
202609;AREA 1;SUMBAGSEL;LAMPUNG;TJK;AOi4260711102423080b32390;0;Anomaly;
202609;AREA 4;KALIMANTAN;TARAKAN;TSL;AOi426071501295867967dcb0;0;Anomaly;
202609;AREA 3;BALI NUSRA;FLORES;KLH;AOi4260706020358393173e50;1;Anomaly;
202609;AREA 1;SUMBAGTENG;BUKIT TINGGI;KNL;AOi4260706015906109107560;0;Anomaly;
202609;AREA 4;KALIMANTAN;PONTIANAK;SRD;AOi4260706113946537d806d0;0;Anomaly;
202609;AREA 3;BALI NUSRA;KUPANG;KEF;AOk4260710125017081f9c340;0;Anomaly;
202609;AREA 3;BALI NUSRA;MATARAM;TLW;AOk4260727124645822a51bc0;1;Anomaly;
202609;AREA 2;CENTRAL JABOTABEK;NORTHERN JAKARTA;MRY;AOs3260626060826726b7c800;1;Anomaly;
202609;AREA 1;SUMBAGTENG;BATAM;BTC;AOi4260725124750898fe4860;1;Anomaly;
202609;AREA 1;SUMBAGTENG;BATAM;SLU;AOi42607020829010054e54f0;1;Anomaly;
202609;AREA 4;KALIMANTAN;BALIKPAPAN;GSA;AOi42607061211095423268c0;0;Anomaly;
202609;AREA 1;SUMBAGUT;PEMATANG SIANTAR;BST;AOi4260728062827549a038d0;0;Anomaly;
202609;AREA 1;SUMBAGTENG;BUKIT TINGGI;SCC;AOi42607270202394590a6c90;1;Anomaly;
202609;AREA 3;BALI NUSRA;MATARAM;TLW;AOk4260724033450763877a10;1;Anomaly;
202609;AREA 4;SULAWESI;KENDARI;KDR;AOi4260717100300131995620;1;Anomaly;
202609;AREA 2;JABAR;BANDUNG;LBG;AOi42607140249018027de7b0;0;Comply;-36,80
202609;AREA 3;JATIM;MALANG;KPO;AOi4260711092927009245c00;0;Anomaly;
202609;AREA 2;JABAR;TASIKMALAYA;PMP;AOk4260721043419825c08ce0;0;Anomaly;
202609;AREA 1;SUMBAGTENG;DUMAI;DUM;AOi4260629083037914aa6be0;0;Anomaly;
202609;AREA 2;JABAR;BANDUNG;GGK;AOi4260725102408991c28f40;0;Anomaly;
202609;AREA 3;BALI NUSRA;FLORES;LRT;AOi4260704095943673204c60;0;Anomaly;
202609;AREA 4;SULAWESI;BONE;WTP;AOi4260709030513798762170;0;Anomaly;
202609;AREA 4;SULAWESI;KENDARI;MDG;AOi4260701121319569629a50;0;Anomaly;
202609;AREA 1;SUMBAGUT;PADANG SIDEMPUAN;PND;AOi4260722070332483c98c60;0;Anomaly;
202609;AREA 4;KALIMANTAN;BALIKPAPAN;BAM;AOi4260722121739575ece520;1;Anomaly;
202609;AREA 4;KALIMANTAN;SAMARINDA;SBR;AOi4260715063301519756750;1;Anomaly;
202609;AREA 4;SULAWESI;KENDARI;BBU;AOi42607150720286515c4790;0;Anomaly;
202609;AREA 3;JATENG-DIY;YOGYAKARTA;KEN;PDAk4260704030117496527310;0;Anomaly;
202609;AREA 3;BALI NUSRA;DENPASAR;KUT;AOi42607210326352386ab0a0;0;Anomaly;
202609;AREA 1;SUMBAGTENG;PADANG;PDC;AOi4260719062928963de0140;1;Anomaly;
202609;AREA 2;CENTRAL JABOTABEK;NORTHERN JAKARTA;CKG;AOi426072102365887031f830;1;Anomaly;
202609;AREA 2;CENTRAL JABOTABEK;NORTHERN JAKARTA;KTX;AOs3260702083217190a4a920;0;Anomaly;
202609;AREA 1;SUMBAGTENG;BATAM;LBJ;AOi426071403065262464a920;1;Anomaly;
202609;AREA 4;KALIMANTAN;BALIKPAPAN;KTB;AOi42606290232504764597a0;0;Anomaly;
202609;AREA 3;JATENG-DIY;SEMARANG;MJP;AOi42607131137547804c70d0;1;Anomaly;
202609;AREA 1;SUMBAGUT;WESTERN MEDAN;TJP;AOi42607080114341188f8e30;0;Anomaly;
202609;AREA 1;SUMBAGUT;CENTRAL MEDAN;PUB;AOi4260702020937755d92da0;1;Anomaly;
202609;AREA 3;BALI NUSRA;DENPASAR;BNO;AOi42607090602175335434a0;1;Anomaly;
202609;AREA 2;CENTRAL JABOTABEK;SOUTHERN JAKARTA;KMG;AOi4260709121419939634cf0;0;Anomaly;
202609;AREA 3;BALI NUSRA;DENPASAR;SRR;AOi42607020225247941f5f80;0;Anomaly;
202609;AREA 1;SUMBAGTENG;PEKANBARU;TBH;AOk4260710045325979d48e60;1;Anomaly;
202609;AREA 2;JABAR;CIREBON;CBN;AOi42607040836404519eb450;1;Anomaly;
202609;AREA 3;JATIM;SIDOARJO;SPJ;AOi4260721031625808f729a0;1;Anomaly;
202609;AREA 2;JABAR;BANDUNG;LBG;AOi4260702102746404525b20;0;Anomaly;
202609;AREA 3;JATENG-DIY;SURAKARTA;KRT;PDAk4260723033353122381450;0;Anomaly;
202609;AREA 4;SULAWESI;MANADO;KTG;AOi42607240857047870fce30;0;Anomaly;
202609;AREA 2;JABAR;BANDUNG;LBG;AOi426062610403618599e210;0;Anomaly;
202609;AREA 1;SUMBAGTENG;PEKANBARU;SOK;AOi42607101111086187dfab0;1;Anomaly;
202609;AREA 3;JATIM;SURABAYA;KLN;AOi4260721071405171445db0;0;Anomaly;
202609;AREA 1;SUMBAGSEL;LAMPUNG;BDA;AOi4260705040034320e0cdf0;1;Anomaly;
202609;AREA 4;KALIMANTAN;PONTIANAK;STA;AOi42607221119084491c1b20;1;Anomaly;
202609;AREA 1;SUMBAGTENG;PEKANBARU;PKR;AOs3260630064313278b78940;0;Anomaly;
202609;AREA 3;BALI NUSRA;DENPASAR;KLM;AOi4260703041404139270490;1;Anomaly;
202609;AREA 1;SUMBAGSEL;PANGKAL PINANG;TBI;AOi42607020710194471add70;1;Anomaly;
202609;AREA 3;BALI NUSRA;DENPASAR;BNO;AOi4260716032023435738ed0;1;Anomaly;
202609;AREA 1;SUMBAGUT;BANDA ACEH;DAR;AOi426072405430540619aef0;0;Anomaly;
202609;AREA 2;EASTERN JABOTABEK;KARAWANG;CIK;AOi4260728032427058d45d30;1;Anomaly;-22,24
202609;AREA 1;SUMBAGSEL;BENGKULU;MNA;AOi42607051131187256883c0;1;Anomaly;
202609;AREA 1;SUMBAGTENG;PADANG;ULK;AOi4260704063252903d4ed10;1;Anomaly;
202609;AREA 3;BALI NUSRA;DENPASAR;UBN;AOi4260719041431714d88d10;1;Anomaly;
202609;AREA 4;KALIMANTAN;PALANGKARAYA;PYM;AOi426071907200381924f6c0;0;Anomaly;
202609;AREA 2;CENTRAL JABOTABEK;SOUTHERN JAKARTA;KRG;AOi4260704011542510d99610;0;Anomaly;
202609;AREA 2;CENTRAL JABOTABEK;SOUTHERN JAKARTA;JAG;AOi426072109270779541b610;0;Anomaly;
202609;AREA 4;KALIMANTAN;SAMARINDA;SEM;AOi126070712195148153bb00;1;Anomaly;
202609;AREA 3;BALI NUSRA;MATARAM;SWE;AOi4260717025420643109dc0;0;Anomaly;
202609;AREA 2;JABAR;SOREANG;CKI;PDAk4260721100906548439cb0;0;Anomaly;
202609;AREA 2;JABAR;BANDUNG;LBG;AOs326071202275682263f470;1;Anomaly;
202609;AREA 1;SUMBAGSEL;BENGKULU;IPU;AOi426070206271232272a990;1;Anomaly;1,36
202609;AREA 3;BALI NUSRA;DENPASAR;BNO;AOi4260721065726347bc9800;0;Anomaly;
202609;AREA 2;CENTRAL JABOTABEK;SOUTHERN JAKARTA;KRG;AOi42607210903290716085d0;1;Anomaly;
202609;AREA 1;SUMBAGTENG;PADANG;LUG;AOi426071901381116252b240;1;Anomaly;
202609;AREA 4;MALUKU DAN PAPUA;AMBON;DOB;AOi1260709094537055661a40;1;Anomaly;-17,41
202609;AREA 4;KALIMANTAN;BALIKPAPAN;GSA;AOi1260721062654981632390;1;Anomaly;
202609;AREA 4;KALIMANTAN;BALIKPAPAN;BAM;AOi12606300633197039a3380;1;Anomaly;
202609;AREA 2;CENTRAL JABOTABEK;NORTHERN JAKARTA;MRY;AOi4260702102703940578ea0;1;Anomaly;
202609;AREA 4;SULAWESI;MAKASSAR;SUG;AOi4260712084207293506230;1;Anomaly;
202609;AREA 4;SULAWESI;KENDARI;KKA;AOi4260708082719439887c80;1;Anomaly;
202609;AREA 1;SUMBAGUT;CENTRAL MEDAN;DLT;AOi4260702012447688864170;0;Anomaly;
202609;AREA 3;JATENG-DIY;MAGELANG;PRN;AOi42607280549497715b3950;0;Anomaly;
202609;AREA 4;KALIMANTAN;TARAKAN;NNK;AOi4260729011347358fabda0;1;Anomaly;
202609;AREA 3;JATENG-DIY;PEKALONGAN;PML;AOi4260703013436121406120;1;Anomaly;-17,03
202609;AREA 4;SULAWESI;BONE;SLY;AOi4260702065657709603bb0;1;Anomaly;
202609;AREA 1;SUMBAGUT;CENTRAL MEDAN;TJR;AOi4260727045105144b765c0;0;Anomaly;
202609;AREA 3;JATIM;SURABAYA;KJR;AOi42607140947597835efeb0;0;Anomaly;
202609;AREA 4;SULAWESI;KENDARI;KDR;AOi4260730070218325da8520;1;Anomaly;
202609;AREA 1;SUMBAGTENG;PADANG;TLN;AOi42607080617285252bef50;1;Anomaly;
202609;AREA 1;SUMBAGUT;WESTERN MEDAN;KSG;AOi4260701123721219f533c0;0;Anomaly;
202609;AREA 3;BALI NUSRA;DENPASAR;UBN;AOi4260711111916748b4fa40;0;Anomaly;
202609;AREA 2;CENTRAL JABOTABEK;NORTHERN JAKARTA;MRY;PDAk4260724112246471b12d90;1;Anomaly;
202609;AREA 3;BALI NUSRA;MATARAM;SBW;AOi42607031216530653d6fc0;1;Anomaly;
202609;AREA 3;JATENG-DIY;SURAKARTA;SRG;AOs32607160633375946e9350;1;Anomaly;-24,80
202609;AREA 3;BALI NUSRA;MATARAM;DMP;AOk42607070229026454c3210;1;Anomaly;
202609;AREA 1;SUMBAGUT;CENTRAL MEDAN;BLW;AOk426072211515613471df50;1;Anomaly;
202609;AREA 1;SUMBAGUT;CENTRAL MEDAN;TTG;AOi42607210758037726ab780;0;Anomaly;
202609;AREA 4;SULAWESI;MAKASSAR;BAR;AOi4260720101823264a34d30;0;Anomaly;
202609;AREA 2;JABAR;CIREBON;CBN;AOi4260717104457531c0aa10;1;Anomaly;2,39
202609;AREA 4;SULAWESI;PARE-PARE;MAS;AOi4260714012344517eac970;0;Anomaly;
202609;AREA 4;KALIMANTAN;PANGKALAN BUN;KTP;AOi4260709030212270d2fb10;0;Anomaly;
202609;AREA 3;JATENG-DIY;SEMARANG;JHR;AOk42607080344360534f9070;1;Anomaly;
202609;AREA 4;KALIMANTAN;PONTIANAK;SAO;PDAk42607230122083316f7180;1;Anomaly;-19,36
202609;AREA 4;KALIMANTAN;PONTIANAK;SNW;AOi4260716060535417ae6dd0;1;Anomaly;
202609;AREA 1;SUMBAGTENG;PEKANBARU;RBI;AOs326070904440923858de20;0;Anomaly;
202609;AREA 1;SUMBAGTENG;PADANG;TPN;AOi42607030255244692333c0;1;Anomaly;
202609;AREA 1;SUMBAGUT;BANDA ACEH;LBR;AOi4260721021118635938df0;1;Anomaly;
202609;AREA 1;SUMBAGTENG;DUMAI;UBT;AOi4260712015039083a09ed0;1;Anomaly;
202609;AREA 2;CENTRAL JABOTABEK;NORTHERN JAKARTA;MRY;AOi4260730020750866cfd090;1;Anomaly;
202609;AREA 2;JABAR;BANDUNG;CCD;AOi42607011133333106e2850;0;Anomaly;
202609;AREA 1;SUMBAGUT;PEMATANG SIANTAR;BST;AOi42607130631571475d81e0;0;Comply;-41,06
202609;AREA 2;JABAR;BANDUNG;RJW;AOi4260715014335516926020;1;Anomaly;
202609;AREA 3;BALI NUSRA;KUPANG;OSP;AOi4260716064159769e5ebd0;1;Anomaly;
202609;AREA 2;CENTRAL JABOTABEK;NORTHERN JAKARTA;MRY;AOi42607280459495612379d0;1;Anomaly;
202609;AREA 3;JATENG-DIY;PEKALONGAN;SBA;AOi4260716123148771ae39c0;1;Anomaly;
202609;AREA 3;JATENG-DIY;YOGYAKARTA;SMN;PDAk4260702045217755a9e4c0;1;Anomaly;
202609;AREA 1;SUMBAGSEL;JAMBI;TTJ;AOi4260715090154512e17cc0;1;Anomaly;
202609;AREA 1;SUMBAGTENG;PADANG;SGD;AOi4260718073714133848740;1;Anomaly;
202609;AREA 1;SUMBAGSEL;PALEMBANG;MPA;AOi4260720101602820b55330;1;Anomaly;
202609;AREA 3;JATENG-DIY;SURAKARTA;KLX;AOk4260708100947727bdced0;1;Anomaly;
202609;AREA 1;SUMBAGTENG;BUKIT TINGGI;PUK;AOi426070912272581741fae0;0;Anomaly;
202609;AREA 1;SUMBAGTENG;PEKANBARU;RBI;AOi42607070834146613e9120;0;Anomaly;
202609;AREA 1;SUMBAGUT;CENTRAL MEDAN;CTD;AOi4260711043927180901df0;1;Anomaly;
202609;AREA 1;SUMBAGSEL;LAMPUNG;KDT;AOi4260713084018584255b50;0;Anomaly;
202609;AREA 1;SUMBAGUT;PEMATANG SIANTAR;TBT;AOi4260703074402678f2db50;0;Anomaly;
202609;AREA 1;SUMBAGUT;BANDA ACEH;DAR;AOi426071501062770088ce10;0;Comply;-0,30
202609;AREA 4;KALIMANTAN;PALANGKARAYA;PRC;AOi42607011057380307eaf70;0;Anomaly;
202609;AREA 1;SUMBAGUT;BANDA ACEH;MRU;AOi4260726101030113125080;0;Anomaly;
202609;AREA 4;KALIMANTAN;PALANGKARAYA;KRI;AOi42607290630514254cf2b0;0;Anomaly;
202609;AREA 1;SUMBAGUT;BANDA ACEH;BPD;AOi42607090948344337c7dc0;0;Anomaly;
202609;AREA 2;CENTRAL JABOTABEK;SOUTHERN JAKARTA;PSM;AOs3260710030941020d08e70;0;Anomaly;
202609;AREA 1;SUMBAGTENG;PEKANBARU;ARK;AOi4260717084341576287e30;1;Anomaly;
202609;AREA 2;CENTRAL JABOTABEK;NORTHERN JAKARTA;MKR;AOi426072901372627574d450;1;Anomaly;
202609;AREA 2;WESTERN JABOTABEK;TANGERANG;CPD;AOi42607111041300128f6ea0;1;Anomaly;
202609;AREA 2;CENTRAL JABOTABEK;NORTHERN JAKARTA;TPR;AOi4260723080610789a9c5e0;0;Anomaly;
202609;AREA 1;SUMBAGTENG;BATAM;SLU;AOi4260707115028564aed9c0;0;Anomaly;
202609;AREA 3;JATIM;SURABAYA;MYR;AOs32607040605297916fde60;0;Comply;0,43
202609;AREA 4;KALIMANTAN;BALIKPAPAN;SEP;AOi4260721064555375880420;1;Anomaly;
202609;AREA 3;JATENG-DIY;SEMARANG;JHR;AOk42607080344360534f9070;1;Anomaly;-22,77
202609;AREA 1;SUMBAGTENG;PEKANBARU;BKR;AOi426072806004263119ba60;1;Anomaly;
202609;AREA 1;SUMBAGSEL;LAMPUNG;TJK;AOi4260714122801032d0dc10;0;Anomaly;
202609;AREA 1;SUMBAGTENG;DUMAI;DUM;AOi426070610580445879e910;1;Anomaly;
202609;AREA 3;JATIM;SIDOARJO;NGI;AOi4260717103055596f21df0;1;Anomaly;
202609;AREA 4;SULAWESI;GORONTALO;LBT;AOk4260717084643242040c20;1;Anomaly;
202609;AREA 1;SUMBAGTENG;BUKIT TINGGI;PUK;AOi4260717103811334dc47c0;0;Anomaly;
202609;AREA 1;SUMBAGSEL;PALEMBANG;TLK;AOi1260721102711908e2ad30;1;Anomaly;
202609;AREA 1;SUMBAGSEL;PALEMBANG;MPA;AOi426072512594492396d270;1;Anomaly;
202609;AREA 4;SULAWESI;PARE-PARE;PLP;AOi4260709044457963575830;0;Anomaly;
202609;AREA 4;SULAWESI;MANADO;LAN;AOi4260720125504347fdc9b0;1;Anomaly;
202609;AREA 3;JATENG-DIY;SEMARANG;GNK;AOi426072211315152870e0e0;0;Anomaly;
202609;AREA 4;SULAWESI;MANADO;BAH;AOi4260725093805202251970;1;Anomaly;
202609;AREA 4;SULAWESI;GORONTALO;GTL;AOi4260719072338173a00370;1;Anomaly;
202609;AREA 3;BALI NUSRA;MATARAM;DMP;AOi42607100823436119b76a0;1;Anomaly;
202609;AREA 4;SULAWESI;MAKASSAR;SUG;AOi4260717121949850665990;1;Anomaly;
202609;AREA 3;BALI NUSRA;MATARAM;SBW;AOi4260713025533417bc3e40;0;Anomaly;
202609;AREA 1;SUMBAGSEL;BENGKULU;LHT;AOi4260724082035686d91310;0;Anomaly;
202609;AREA 3;JATIM;SIDOARJO;TUN;AOi42607060524496303776d0;0;Not Comply;29,55
202609;AREA 3;JATIM;SURABAYA;JGR;AOi4260718103048086b7a090;1;Anomaly;
202609;AREA 1;SUMBAGTENG;BUKIT TINGGI;PYK;AOi4260709124123008cb52c0;1;Anomaly;
202609;AREA 2;WESTERN JABOTABEK;SERANG;CRS;AOi426071611491849224a070;1;Anomaly;
202609;AREA 2;JABAR;SOREANG;CKI;PDAk4260721100906548439cb0;1;Anomaly;
202609;AREA 4;KALIMANTAN;PONTIANAK;SNW;AOk4260707123230029b614a0;0;Anomaly;
202609;AREA 1;SUMBAGSEL;PANGKAL PINANG;BYU;AOi4260702123951740c93450;0;Anomaly;
202609;AREA 1;SUMBAGUT;PEMATANG SIANTAR;TBT;AOs3260715123605136474c50;0;Anomaly;
202609;AREA 4;SULAWESI;MAKASSAR;SUG;AOi1260722094750918e91c20;1;Anomaly;
202609;AREA 3;JATENG-DIY;SEMARANG;MJP;AOi1260707060518276325350;1;Anomaly;
202609;AREA 1;SUMBAGTENG;PADANG;SGD;AOi42607160924575497a2250;1;Anomaly;
202609;AREA 3;JATENG-DIY;PEKALONGAN;KJE;PDAk4260725083028645db00f0;1;Anomaly;
202609;AREA 3;JATENG-DIY;SURAKARTA;BLO;AOi42607110219059531ead50;1;Anomaly;
202609;AREA 2;CENTRAL JABOTABEK;NORTHERN JAKARTA;TPR;AOs32607031029193279eee80;1;Anomaly;
202609;AREA 3;BALI NUSRA;MATARAM;PRY;AOk42607110155438972bdfe0;1;Anomaly;
202609;AREA 4;SULAWESI;MAKASSAR;SUG;AOi42607040822176533bf330;1;Anomaly;-65,54
202609;AREA 1;SUMBAGTENG;PEKANBARU;MIS;AOi426071002431958743fc60;1;Anomaly;
202609;AREA 4;SULAWESI;PARE-PARE;MAM;AOi42607181153495816b8c70;0;Anomaly;
202609;AREA 4;KALIMANTAN;PONTIANAK;SAO;AOi42607090311338006aa010;0;Anomaly;
202609;AREA 2;CENTRAL JABOTABEK;NORTHERN JAKARTA;MRY;AOi4260729032247167af2f10;1;Anomaly;
202609;AREA 4;SULAWESI;MANADO;LAN;AOs326070107333319061e7b0;1;Anomaly;
202609;AREA 1;SUMBAGUT;RANTAU PRAPAT;RAP;AOi42607160633198125a2240;0;Anomaly;
202609;AREA 1;SUMBAGTENG;BUKIT TINGGI;BKT;AOi42607281029525916e3dd0;0;Anomaly;
202609;AREA 4;KALIMANTAN;PONTIANAK;JAW;AOi426072609380699275d790;0;Anomaly;
202609;AREA 2;CENTRAL JABOTABEK;SOUTHERN JAKARTA;PGB;AOk426071704040093890ef80;0;Anomaly;
202609;AREA 2;JABAR;TASIKMALAYA;TSM;AOi42606300239450393ef350;1;Anomaly;
202609;AREA 4;KALIMANTAN;BALIKPAPAN;GSA;AOi42607050403061122dfd00;0;Anomaly;
202609;AREA 1;SUMBAGTENG;BUKIT TINGGI;KNL;AOi4260711022828961b1abf0;0;Anomaly;
202609;AREA 1;SUMBAGTENG;PEKANBARU;PKR;AOi4260703115946438d8b4c0;1;Anomaly;
202609;AREA 4;SULAWESI;PALU;PLB;AOi1260719102416943e0e280;0;Anomaly;
202609;AREA 4;MALUKU DAN PAPUA;AMBON;PAO;AOi4260706044337828972d70;1;Anomaly;22,20
202609;AREA 4;KALIMANTAN;BALIKPAPAN;SKU;AOi42606300717599721c1800;0;Anomaly;
202609;AREA 4;KALIMANTAN;BALIKPAPAN;TGG;AOb02607190951348510eede0;0;Anomaly;
202609;AREA 4;MALUKU DAN PAPUA;AMBON;DOB;AOi4260727060647459d12930;1;Anomaly;
202609;AREA 3;JATIM;LAMONGAN;DDS;AOi426072012052351972b060;1;Anomaly;
202609;AREA 4;KALIMANTAN;BANJARMASIN;RTA;AOi42607160803363276d0b70;1;Anomaly;
202609;AREA 1;SUMBAGSEL;LAMPUNG;KDT;AOi4260725010555876f62040;1;Anomaly;
202609;AREA 2;JABAR;SOREANG;BJA;AOi42607270130304061bdac0;1;Anomaly;
202609;AREA 3;JATENG-DIY;PEKALONGAN;PML;AOk42607220331028319509d0;1;Anomaly;0,09
202609;AREA 4;SULAWESI;MANADO;BAH;AOk4260715122403609ada480;1;Anomaly;
202609;AREA 1;SUMBAGUT;RANTAU PRAPAT;RAP;AOi4260720033733144b0a9e0;0;Anomaly;
202609;AREA 2;JABAR;TASIKMALAYA;GRU;AOi4260728125310952074b20;0;Anomaly;
202609;AREA 1;SUMBAGUT;RANTAU PRAPAT;RAP;AOi42607151023018530fdfc0;0;Anomaly;
202609;AREA 4;SULAWESI;PALU;PLA;PDAk426070510242088478afa0;1;Anomaly;
202609;AREA 4;KALIMANTAN;PONTIANAK;SEI;AOi4260708023122267811570;1;Anomaly;
202609;AREA 1;SUMBAGSEL;JAMBI;BKO;AOi42607181053530254d6b00;1;Anomaly;
202609;AREA 4;SULAWESI;GORONTALO;GTL;AOk42607200253144343146a0;1;Anomaly;-0,18
202609;AREA 1;SUMBAGTENG;PADANG;KJI;AOi4260704012510139ae6bd0;1;Anomaly;
202609;AREA 1;SUMBAGTENG;PEKANBARU;BKR;AOi1260713051931863909750;0;Anomaly;
202609;AREA 2;JABAR;BANDUNG;LEM;AOi42607060742225273467b0;1;Anomaly;
202609;AREA 1;SUMBAGTENG;BUKIT TINGGI;SIG;AOi4260630071548518caf260;0;Anomaly;
202609;AREA 1;SUMBAGTENG;PADANG;PDC;AOi42607251235286674b4380;1;Anomaly;
202609;AREA 2;JABAR;BANDUNG;LEM;AOi42607241032442596f5980;1;Anomaly;
202609;AREA 1;SUMBAGUT;CENTRAL MEDAN;TJR;AOi426072806221155434d9b0;1;Anomaly;
202609;AREA 2;WESTERN JABOTABEK;SERANG;CKA;AOi42607100457529773a44d0;0;Anomaly;
202609;AREA 4;SULAWESI;KENDARI;MDG;AOi42607261037109957f6be0;0;Anomaly;
202609;AREA 4;KALIMANTAN;SAMARINDA;LOB;AOi42607100619219439c4350;0;Anomaly;
202609;AREA 4;SULAWESI;GORONTALO;GTL;AOk4260723113217461382470;0;Anomaly;
202609;AREA 3;JATENG-DIY;PEKALONGAN;TEG;AOi4260711030159909316f40;1;Anomaly;
202609;AREA 3;JATENG-DIY;SURAKARTA;PWB;AOi4260717035459707556f60;1;Anomaly;
202609;AREA 3;JATENG-DIY;SURAKARTA;BYL;AOi4260718102656493ef0310;1;Anomaly;
202609;AREA 2;CENTRAL JABOTABEK;NORTHERN JAKARTA;MRY;AOi4260710042632082c0f110;0;Anomaly;
202609;AREA 4;KALIMANTAN;PANGKALAN BUN;KWN;AOs3260721091354196cfbf90;1;Anomaly;
202609;AREA 3;JATIM;LAMONGAN;GSK;AOi426071003363108852fd40;1;Anomaly;
202609;AREA 4;SULAWESI;PALU;TOL;AOi42607061142594816d0ca0;0;Anomaly;
202609;AREA 1;SUMBAGTENG;DUMAI;TAK;AOi426070409133100425dea0;1;Anomaly;
202609;AREA 1;SUMBAGUT;CENTRAL MEDAN;PUB;AOi42607111255014868e0250;1;Anomaly;
202609;AREA 4;SULAWESI;MANADO;AMD;AOs3260710121139337419b70;1;Anomaly;
202609;AREA 4;SULAWESI;PALU;PLB;AOi4260731030615770ec0850;0;Anomaly;
202609;AREA 4;KALIMANTAN;SAMARINDA;LOB;AOi42607110557140819ba810;0;Anomaly;
202609;AREA 4;KALIMANTAN;SAMARINDA;LOB;AOi4260730091016619402d00;0;Anomaly;
202609;AREA 3;JATENG-DIY;YOGYAKARTA;PGR;AOi4260702054025472470950;1;Anomaly;
202609;AREA 2;WESTERN JABOTABEK;SERANG;LGK;AOi1260724092142506f7d840;1;Anomaly;-15,17
202609;AREA 4;SULAWESI;MAKASSAR;MAL;AOi4260704083756990f13cb0;1;Anomaly;
202609;AREA 1;SUMBAGSEL;LAMPUNG;TJK;AOi4260709105426783fe52a0;1;Anomaly;
202609;AREA 2;EASTERN JABOTABEK;KARAWANG;JBB;AOs3260718080022788d71cb0;1;Anomaly;-22,47
202609;AREA 1;SUMBAGUT;BANDA ACEH;BNA;AOi426071410213678534b5c0;0;Anomaly;
202609;AREA 3;JATIM;SURABAYA;BKL;AOk42607041038592067fd730;0;Comply;-21,56
202609;AREA 2;EASTERN JABOTABEK;KARAWANG;JBB;AOi42607200136393593e3560;1;Anomaly;-22,78
202609;AREA 4;MALUKU DAN PAPUA;AMBON;PAO;AOi4260720014739155669070;1;Anomaly;
202609;AREA 2;EASTERN JABOTABEK;KARAWANG;JBB;AOi4260706025444135e64610;1;Anomaly;
202609;AREA 4;KALIMANTAN;BANJARMASIN;ULI;AOi42607260121094967b4c30;1;Anomaly;
202609;AREA 4;KALIMANTAN;BANJARMASIN;ULI;AOi426072408384860445c4c0;1;Anomaly;
202609;AREA 4;MALUKU DAN PAPUA;AMBON;ABO;AOi42607190818211602436c0;1;Anomaly;
202609;AREA 2;JABAR;BANDUNG;DGO;AOi4260718050111962d3bec0;1;Anomaly;
202609;AREA 3;BALI NUSRA;DENPASAR;SGR;AOi4260723113541328b28e00;1;Anomaly;
202609;AREA 4;KALIMANTAN;BALIKPAPAN;BRU;AOi4260710075111690f14ff0;0;Anomaly;
202609;AREA 1;SUMBAGSEL;JAMBI;PAP;AOi4260708105555478a5f620;0;Anomaly;
202609;AREA 3;JATIM;SURABAYA;KPS;AOi4260702093107752a9bae0;1;Anomaly;
202609;AREA 1;SUMBAGUT;WESTERN MEDAN;KSG;AOi4260729034201804f4d9e0;0;Not Comply;4,10
202609;AREA 3;JATIM;SURABAYA;JGR;AOi42607070426327897c0de0;0;Anomaly;
202609;AREA 3;BALI NUSRA;MATARAM;DMP;AOi42607080842446937fa980;0;Anomaly;
202609;AREA 2;EASTERN JABOTABEK;BEKASI;PDE;AOi12607270914323942f2670;1;Anomaly;
202609;AREA 3;BALI NUSRA;MATARAM;SWE;AOi4260722120559246af6820;0;Comply;-1,66
202609;AREA 4;MALUKU DAN PAPUA;JAYAPURA;SNI;AOi42607130222179533ba720;0;Anomaly;
202609;AREA 1;SUMBAGTENG;PADANG;SUN;AOi42607160950231965429a0;1;Anomaly;
202609;AREA 3;JATENG-DIY;MAGELANG;PRN;AOi42607280549497715b3950;1;Anomaly;
202609;AREA 4;SULAWESI;PALU;PLA;PDAk426070510242088478afa0;1;Anomaly;
202609;AREA 4;SULAWESI;MANADO;MOL;AOi426072202502835588e0e0;0;Anomaly;
202609;AREA 3;JATIM;SURABAYA;TNS;AOk4260708073314404bee990;1;Anomaly;
202609;AREA 4;KALIMANTAN;PONTIANAK;JAW;AOi42607290113323401985b0;0;Anomaly;
202609;AREA 2;EASTERN JABOTABEK;KARAWANG;PWK;AOk4260717112842912be7520;1;Anomaly;
202609;AREA 2;EASTERN JABOTABEK;KARAWANG;JBB;AOi1260721092828147d264a0;1;Anomaly;
202609;AREA 2;JABAR;SOREANG;BJA;AOi4260711094214557622390;1;Anomaly;
202609;AREA 1;SUMBAGTENG;PEKANBARU;MIS;AOi4260705084001626a6abc0;1;Anomaly;
202609;AREA 1;SUMBAGSEL;BENGKULU;BNC;AOi4260704013002577d85820;1;Anomaly;
202609;AREA 4;KALIMANTAN;PALANGKARAYA;PLK;AOi42607140248432573e7d60;1;Anomaly;
202609;AREA 3;JATIM;SURABAYA;MYR;AOi4260722091654900a8f510;0;Anomaly;
202609;AREA 2;EASTERN JABOTABEK;BEKASI;KLB;AOi4260717011740866de3250;1;Anomaly;
202609;AREA 1;SUMBAGTENG;PEKANBARU;MIS;AOi4260710032951010c5fd00;0;Anomaly;
202609;AREA 4;KALIMANTAN;BANJARMASIN;ULI;AOi4260718035332000cc6c50;1;Anomaly;
202609;AREA 4;KALIMANTAN;BANJARMASIN;ULI;AOi4260726084908992f59270;1;Anomaly;
202609;AREA 3;BALI NUSRA;MATARAM;DMP;AOi42607160816355750d8cf0;0;Anomaly;
202609;AREA 2;EASTERN JABOTABEK;KARAWANG;KLI;AOi4260730060416587f42dd0;1;Anomaly;
202609;AREA 2;JABAR;BANDUNG;RJW;AOi426072208210164201d5f0;1;Anomaly;
202609;AREA 1;SUMBAGUT;CENTRAL MEDAN;TJR;AOi4260727045105144b765c0;1;Anomaly;
202609;AREA 1;SUMBAGUT;PEMATANG SIANTAR;BST;AOi4260710023316075445f00;0;Anomaly;
202609;AREA 2;CENTRAL JABOTABEK;NORTHERN JAKARTA;CKG;AOb0260630091929772cc8880;1;Anomaly;
202609;AREA 1;SUMBAGSEL;PALEMBANG;MPA;AOi426072512594492396d270;1;Anomaly;
202609;AREA 4;SULAWESI;GORONTALO;GTL;AOi4260710010042968751460;0;Anomaly;
202609;AREA 2;WESTERN JABOTABEK;SERANG;LGK;AOi42607270935433721dade0;0;Comply;-17,14
202609;AREA 4;KALIMANTAN;BANJARMASIN;ULI;AOi426071710394642726dde0;1;Anomaly;
202609;AREA 1;SUMBAGUT;CENTRAL MEDAN;CTD;AOi42607070907201716b6950;0;Anomaly;
202609;AREA 1;SUMBAGUT;BANDA ACEH;JRM;AOi426072607524850924b2d0;1;Anomaly;
202609;AREA 1;SUMBAGTENG;PADANG;SGD;AOi4260720084651682b989f0;1;Anomaly;
202609;AREA 3;JATIM;SURABAYA;GBG;PDAk42607110940327894387a0;0;Comply;-13,84
202609;AREA 1;SUMBAGTENG;BUKIT TINGGI;PYK;AOi4260701045740691fe75f0;0;Anomaly;
202609;AREA 1;SUMBAGSEL;LAMPUNG;TJK;AOi4260710060705651e8e520;1;Anomaly;
202609;AREA 4;KALIMANTAN;BALIKPAPAN;BRU;AOi1260708023240536a31170;1;Anomaly;
202609;AREA 4;SULAWESI;KENDARI;MDG;AOi42607200351474766dd7b0;0;Comply;-49,28
202609;AREA 3;BALI NUSRA;DENPASAR;CDS;AOi42607070727130046e6c00;1;Anomaly;
202609;AREA 1;SUMBAGUT;CENTRAL MEDAN;TMU;AOi42607240217133850458f0;0;Anomaly;
202609;AREA 3;JATIM;LAMONGAN;KRK;AOi42607220245062862ba950;1;Anomaly;
202609;AREA 3;JATIM;SURABAYA;PME;AOi4260701093340136fe12f0;1;Anomaly;
202609;AREA 3;JATENG-DIY;YOGYAKARTA;KLS;AOi42607270842321520de600;1;Anomaly;
202609;AREA 3;BALI NUSRA;DENPASAR;BLI;AOi42607071143509306c6c30;0;Anomaly;
202609;AREA 2;EASTERN JABOTABEK;BOGOR;GPI;AOk4260705081236028a36660;1;Anomaly;
202609;AREA 3;JATIM;SIDOARJO;WRU;PDAk42607030822232716780c0;1;Anomaly;
202609;AREA 1;SUMBAGUT;CENTRAL MEDAN;LBP;AOi4260712112008983d52360;1;Anomaly;
202609;AREA 3;JATIM;SURABAYA;OMB;AOi4260723102352258e7e560;1;Anomaly;
202609;AREA 2;JABAR;TASIKMALAYA;GRU;AOi4260708051015099b302e0;1;Anomaly;
202609;AREA 1;SUMBAGUT;BANDA ACEH;MBO;AOi4260715100823495753230;0;Anomaly;
202609;AREA 3;JATENG-DIY;MAGELANG;MGE;AOi426070607385529095a830;0;Anomaly;
202609;AREA 4;MALUKU DAN PAPUA;AMBON;PAO;AOi4260711110259134dd6a30;1;Anomaly;30,42
202609;AREA 1;SUMBAGUT;RANTAU PRAPAT;RAP;AOi42607131128496768d2be0;1;Anomaly;
202609;AREA 3;JATIM;SURABAYA;IJK;AOi426071410271192742cdc0;1;Anomaly;
202609;AREA 4;MALUKU DAN PAPUA;AMBON;PAO;AOi42607141008141508ef940;1;Anomaly;
202609;AREA 4;KALIMANTAN;PANGKALAN BUN;KKU;AOi4260716104226916f36ce0;0;Anomaly;
202609;AREA 1;SUMBAGUT;RANTAU PRAPAT;TJB;AOi1260705123206175b58150;0;Anomaly;
202609;AREA 1;SUMBAGUT;CENTRAL MEDAN;TMU;AOi42607210946227046f8180;0;Anomaly;
202609;AREA 4;KALIMANTAN;BALIKPAPAN;BRU;AOi1260726101446789895ce0;1;Anomaly;
202609;AREA 3;BALI NUSRA;MATARAM;PRY;AOi42607271028410170c8650;0;Anomaly;
202609;AREA 3;BALI NUSRA;MATARAM;DMP;AOi42607120614135217a7ac0;0;Anomaly;
202609;AREA 4;KALIMANTAN;BALIKPAPAN;GSA;AOi42607291122318951ce810;0;Anomaly;
202609;AREA 4;SULAWESI;MANADO;KTG;AOi4260702091609357d62c30;0;Anomaly;
202609;AREA 1;SUMBAGTENG;BATAM;BTC;AOi42607110852146960e80a0;0;Anomaly;
202609;AREA 4;KALIMANTAN;TARAKAN;TRK;AOs3260724044525826d57190;0;Anomaly;
202609;AREA 2;JABAR;BANDUNG;CJA;AOi426070612204280609edb0;1;Anomaly;
202609;AREA 1;SUMBAGUT;BANDA ACEH;BNA;PDAk4260702123403644e30520;0;Anomaly;
202609;AREA 2;CENTRAL JABOTABEK;SOUTHERN JAKARTA;PSM;AOs3260621064900039f0e500;0;Anomaly;
202609;AREA 4;SULAWESI;MANADO;KTG;AOi4260719085738473dc4470;0;Anomaly;
202609;AREA 3;JATIM;SURABAYA;PME;AOi42607211155190338e15c0;0;Anomaly;
202609;AREA 2;CENTRAL JABOTABEK;SOUTHERN JAKARTA;CPE;AOi1260709093909663423630;0;Anomaly;
202609;AREA 3;JATENG-DIY;PURWOKERTO;MAN;AOi42607031016527332906e0;0;Anomaly;
202609;AREA 4;KALIMANTAN;PANGKALAN BUN;KKU;AOi426071503135491309b480;1;Anomaly;
202609;AREA 3;BALI NUSRA;DENPASAR;BNO;AOi42607090602175335434a0;1;Anomaly;
202609;AREA 3;BALI NUSRA;KUPANG;ATB;AOi4260720114242579649e20;0;Anomaly;
202609;AREA 4;SULAWESI;PALU;PGI;AOi426070912491901331a190;1;Anomaly;
202609;AREA 3;JATIM;MALANG;BNU;AOi42607020640598394bf8c0;0;Anomaly;
202609;AREA 4;KALIMANTAN;BALIKPAPAN;BRU;AOi4260704010608587ce2830;1;Anomaly;
202609;AREA 3;JATENG-DIY;SURAKARTA;KRT;AOi4260706015523932141fa0;1;Anomaly;
202609;AREA 3;JATIM;SIDOARJO;KRN;AOi426072009535610065bfd0;0;Anomaly;
202609;AREA 1;SUMBAGTENG;PEKANBARU;PBB;AOi4260711113222688542980;0;Anomaly;
202609;AREA 3;JATIM;SURABAYA;LKI;AOi4260718074150646007c00;0;Anomaly;
202609;AREA 2;WESTERN JABOTABEK;SERANG;SPT;AOi426073102355216519a7f0;0;Anomaly;
202609;AREA 4;MALUKU DAN PAPUA;SORONG;SON;AOi42607300208356786f74b0;1;Anomaly;
202609;AREA 3;JATENG-DIY;PURWOKERTO;MAN;AOi4260702101514295ddcb10;0;Anomaly;
202609;AREA 4;SULAWESI;PALU;TOL;AOi42607061142594816d0ca0;0;Anomaly;
202609;AREA 4;KALIMANTAN;PONTIANAK;JAW;AOi42607151255595598285d0;1;Anomaly;
202609;AREA 1;SUMBAGTENG;DUMAI;BGU;AOi4260722015217261cadbf0;1;Anomaly;
202609;AREA 4;KALIMANTAN;BALIKPAPAN;SEP;AOi4260701101819803fed5d0;1;Anomaly;
202609;AREA 3;BALI NUSRA;KUPANG;BEN;AOi4260717032926802d30ac0;0;Anomaly;
202609;AREA 3;JATIM;SURABAYA;KLN;AOi42607200408276702a2bd0;1;Anomaly;
202609;AREA 1;SUMBAGUT;WESTERN MEDAN;STB;AOi4260725121932332d49dc0;0;Anomaly;
202609;AREA 1;SUMBAGUT;CENTRAL MEDAN;TMU;AOi426070403593332069fce0;0;Anomaly;
202609;AREA 4;KALIMANTAN;BALIKPAPAN;MLA;AOk426071603392033882dfb0;1;Anomaly;
202609;AREA 1;SUMBAGTENG;PEKANBARU;SOK;AOi42607101111086187dfab0;0;Anomaly;
202609;AREA 4;KALIMANTAN;TARAKAN;NNK;AOi4260728034016174ee4e10;0;Anomaly;
202609;AREA 4;SULAWESI;MANADO;SFI;AOi4260728021554099870710;1;Anomaly;
202609;AREA 4;SULAWESI;PARE-PARE;PIN;AOb0260707123946202c02170;0;Anomaly;
202609;AREA 1;SUMBAGTENG;BUKIT TINGGI;PAM;AOi42607180220595960cf450;0;Anomaly;
202609;AREA 2;WESTERN JABOTABEK;SERANG;CLG;AOi42607110625472918c6270;0;Anomaly;
202609;AREA 2;CENTRAL JABOTABEK;SOUTHERN JAKARTA;PDK;AOs3260704122332899ec2de0;0;Anomaly;
202609;AREA 3;JATIM;LAMONGAN;SMJ;AOi4260707074253147f82e80;1;Anomaly;
202609;AREA 2;EASTERN JABOTABEK;BEKASI;KRA;AOs32607300935066993e2b80;1;Anomaly;
202609;AREA 1;SUMBAGTENG;BUKIT TINGGI;SIU;AOi4260713023932157cb8260;1;Anomaly;
202609;AREA 4;KALIMANTAN;BALIKPAPAN;SKU;AOi426071610244426089b320;1;Anomaly;
202609;AREA 4;SULAWESI;MANADO;BIT;AOk4260703102534423f57d00;1;Anomaly;
202609;AREA 1;SUMBAGUT;BANDA ACEH;BNN;AOi4260702105757769e5bc80;0;Anomaly;
202609;AREA 1;SUMBAGUT;PEMATANG SIANTAR;TBT;AOi4260703074402678f2db50;0;Anomaly;
202609;AREA 4;SULAWESI;GORONTALO;GTL;AOi42607010559269127e7260;1;Anomaly;
202609;AREA 3;JATENG-DIY;SEMARANG;GNK;AOi42607110909578630ab270;1;Anomaly;
202609;AREA 1;SUMBAGUT;PEMATANG SIANTAR;TBT;AOb0260704072551714264720;1;Anomaly;
202609;AREA 1;SUMBAGSEL;PANGKAL PINANG;PGP;AOk4260714110750696803ef0;0;Anomaly;
202609;AREA 2;EASTERN JABOTABEK;BOGOR;PAR;AOi42607290729051792fbd00;0;Anomaly;
202609;AREA 3;JATIM;SURABAYA;MGO;AOi4260728125117703ccbc30;0;Anomaly;
202609;AREA 2;EASTERN JABOTABEK;BOGOR;PAR;AOs3260730112148705fa3d00;0;Anomaly;
202609;AREA 3;JATENG-DIY;YOGYAKARTA;KBU;AOi426072803535582468e820;1;Anomaly;
202609;AREA 2;CENTRAL JABOTABEK;NORTHERN JAKARTA;CKG;AOi4260701071248744ec2e80;1;Anomaly;
202609;AREA 4;SULAWESI;BONE;BLK;AOi42607081028014114e49e0;1;Anomaly;
202609;AREA 2;EASTERN JABOTABEK;BOGOR;CBI;AOi4260712034334111f77d00;0;Anomaly;
202609;AREA 3;JATENG-DIY;SURAKARTA;PWB;AOi4260716042957526296db0;0;Anomaly;
202609;AREA 1;SUMBAGTENG;DUMAI;DUM;AOi4260730044127748624bb0;1;Anomaly;
202609;AREA 1;SUMBAGTENG;BATAM;PNI;AOi4260720023142059db3460;1;Anomaly;
202609;AREA 1;SUMBAGTENG;PADANG;SIE;AOi4260709123144260ffdfc0;1;Anomaly;
202609;AREA 1;SUMBAGTENG;PADANG;KJI;AOi126071204335980776a170;1;Anomaly;
202609;AREA 1;SUMBAGSEL;PALEMBANG;PGC;AOi42607240134013465bfea0;1;Anomaly;
202609;AREA 4;SULAWESI;MAKASSAR;SUG;AOi42607010820416778c1070;0;Anomaly;
202609;AREA 4;SULAWESI;KENDARI;MDG;AOs32607081148235140b08b0;0;Anomaly;
202609;AREA 3;BALI NUSRA;DENPASAR;KLM;AOi4260724043548188fb8110;1;Anomaly;
202609;AREA 1;SUMBAGUT;RANTAU PRAPAT;RAP;AOi4260704090016811716a10;0;Anomaly;
202609;AREA 1;SUMBAGTENG;DUMAI;TAK;AOi4260702032055011ec9900;0;Anomaly;
202609;AREA 1;SUMBAGUT;PEMATANG SIANTAR;TBT;AOi426070912163319168f590;0;Anomaly;
202609;AREA 4;SULAWESI;KENDARI;KDR;AOi4260711035412888a67340;1;Anomaly;
202609;AREA 2;CENTRAL JABOTABEK;NORTHERN JAKARTA;PLM;PDAk426071405231518889b630;1;Anomaly;
202609;AREA 2;CENTRAL JABOTABEK;SOUTHERN JAKARTA;KRG;AOk426071407160249097e110;1;Anomaly;
202609;AREA 4;KALIMANTAN;SAMARINDA;LKT;AOi4260722064339383d4bdd0;0;Anomaly;
202609;AREA 2;CENTRAL JABOTABEK;NORTHERN JAKARTA;TGA;AOk426070712365384624a560;1;Anomaly;
202609;AREA 4;SULAWESI;PARE-PARE;PRE;AOs3260706083311538b9f520;0;Anomaly;
202609;AREA 3;JATENG-DIY;YOGYAKARTA;KEN;AOi42607200611586977a0c10;1;Anomaly;
202609;AREA 4;SULAWESI;KENDARI;MDG;AOi426071611570334536d6e0;1;Anomaly;
202609;AREA 3;JATENG-DIY;SEMARANG;MJP;AOi4260727055558531e4b050;1;Anomaly;
202609;AREA 3;BALI NUSRA;KUPANG;OSP;AOi4260724090226116d38700;0;Anomaly;
202609;AREA 3;JATIM;MALANG;BRG;AOi12607231259527683c6e70;1;Anomaly;-19,43
202609;AREA 1;SUMBAGUT;CENTRAL MEDAN;TJR;AOi426071201104950999df60;0;Anomaly;
202609;AREA 3;JATIM;LAMONGAN;DDS;AOi426072012052351972b060;1;Anomaly;
202609;AREA 3;BALI NUSRA;KUPANG;ATB;AOi4260701121522089d167c0;0;Anomaly;
202609;AREA 1;SUMBAGUT;PADANG SIDEMPUAN;SBG;AOi4260703034311220bef610;0;Anomaly;
202609;AREA 1;SUMBAGUT;RANTAU PRAPAT;RAP;AOi4260726042724983b50690;0;Anomaly;
202609;AREA 1;SUMBAGUT;WESTERN MEDAN;LSM;AOi4260712024333965c92610;0;Anomaly;
202609;AREA 2;EASTERN JABOTABEK;BEKASI;KLB;AOi42607181217263780ece60;1;Anomaly;-2,01
202609;AREA 2;JABAR;BANDUNG;CJR;AOi42607071015154035fc270;1;Anomaly;
202609;AREA 2;CENTRAL JABOTABEK;NORTHERN JAKARTA;CKG;PDAk4260713035908241fdd3d0;1;Anomaly;
202609;AREA 3;JATIM;SURABAYA;BKL;AOk42607041038592067fd730;1;Anomaly;
202609;AREA 2;JABAR;SOREANG;SOR;AOi42607021059000765e1270;1;Anomaly;
202609;AREA 1;SUMBAGUT;RANTAU PRAPAT;RAP;AOi426071511091793651c1d0;0;Anomaly;
202609;AREA 4;KALIMANTAN;PONTIANAK;SEI;AOi42607010753469886dca40;0;Anomaly;
202609;AREA 1;SUMBAGUT;CENTRAL MEDAN;TMU;AOi426072109002683207de20;0;Anomaly;
202609;AREA 2;EASTERN JABOTABEK;BOGOR;CLS;AOi426071103073595309ac80;0;Anomaly;
202609;AREA 3;BALI NUSRA;MATARAM;SWE;AOi4260722020517376913f30;0;Anomaly;
202609;AREA 3;BALI NUSRA;MATARAM;MTR;AOi42607191238457979c15f0;0;Anomaly;
202609;AREA 3;JATENG-DIY;PEKALONGAN;KJE;PDAk4260725083028645db00f0;1;Anomaly;
202609;AREA 2;WESTERN JABOTABEK;SERANG;BLJ;AOi4260730094402457a92e40;1;Anomaly;19,73
202609;AREA 3;JATENG-DIY;SURAKARTA;KRT;AOi4260707045842148a2a350;0;Anomaly;
202609;AREA 3;JATENG-DIY;SEMARANG;SMT;AOk4260725024230388ed3930;1;Anomaly;
202609;AREA 2;CENTRAL JABOTABEK;SOUTHERN JAKARTA;CID;AOi4260708023247565311950;1;Anomaly;
202609;AREA 3;BALI NUSRA;MATARAM;TET;AOi4260713112753679c8fc40;0;Anomaly;
202609;AREA 4;KALIMANTAN;BANJARMASIN;MTP;AOi42607140326592261771b0;0;Anomaly;
202609;AREA 2;JABAR;TASIKMALAYA;GRU;AOi426072404450979182ce10;1;Anomaly;
202609;AREA 2;WESTERN JABOTABEK;SERANG;SEG;AOi42607140931582882bdb80;0;Anomaly;
202609;AREA 1;SUMBAGTENG;BATAM;SKN;AOs3260701062334302919670;0;Anomaly;
202609;AREA 2;CENTRAL JABOTABEK;NORTHERN JAKARTA;TPR;AOi4260717105007369c6feb0;0;Anomaly;
202609;AREA 3;JATIM;LAMONGAN;MRR;AOi4260728062658562d4ab00;1;Anomaly;
202609;AREA 2;JABAR;SOREANG;MJY;AOi4260715020651340496c70;1;Anomaly;
202609;AREA 4;KALIMANTAN;TARAKAN;NNK;AOi4260714063015247802d20;0;Anomaly;
202609;AREA 2;EASTERN JABOTABEK;KARAWANG;SMH;AOi4260702103428277f07170;1;Anomaly;
202609;AREA 1;SUMBAGUT;PADANG SIDEMPUAN;TRT;AOk4260724011052570ed0400;0;Anomaly;
202609;AREA 2;JABAR;SOREANG;MJY;AOi42607301121402888881c0;1;Anomaly;
202609;AREA 2;JABAR;BANDUNG;RJW;AOi4260715021914810156e40;1;Anomaly;
202609;AREA 1;SUMBAGSEL;PALEMBANG;SKY;AOi426072106162911548b770;1;Anomaly;
202609;AREA 4;KALIMANTAN;PALANGKARAYA;KRI;AOi42607241256542738afca0;0;Anomaly;
202609;AREA 2;CENTRAL JABOTABEK;NORTHERN JAKARTA;TPR;AOi4260729085153326adad30;0;Anomaly;
202609;AREA 4;MALUKU DAN PAPUA;AMBON;ABO;AOi42607080405571052104f0;0;Anomaly;
202609;AREA 2;JABAR;BANDUNG;NJG;AOi4260728063400073cfeb00;1;Anomaly;
202609;AREA 1;SUMBAGUT;CENTRAL MEDAN;LBP;AOi4260706112910019663ae0;0;Anomaly;
202609;AREA 4;SULAWESI;KENDARI;MDG;AOi4260725094540162906fd0;0;Anomaly;
202609;AREA 4;MALUKU DAN PAPUA;TIMIKA;TIM;AOi426070804023145869f530;0;Anomaly;
202609;AREA 1;SUMBAGSEL;BENGKULU;LHT;AOi426072701304248040d6e0;0;Anomaly;
202609;AREA 4;SULAWESI;MAKASSAR;MAT;AOs326070907265378378ce50;1;Anomaly;
202609;AREA 2;JABAR;SOREANG;MJY;AOi4260718125512508508f40;1;Anomaly;
202609;AREA 2;WESTERN JABOTABEK;SERANG;LGK;AOi4260709034923571522f70;0;Anomaly;
202609;AREA 3;JATIM;SURABAYA;IJK;AOi426071104041163775c190;0;Anomaly;
202609;AREA 2;JABAR;CIREBON;CBN;AOi4260729123244111077970;0;Anomaly;
202609;AREA 1;SUMBAGUT;CENTRAL MEDAN;TMU;AOk4260703120825250cfe770;0;Anomaly;
202609;AREA 4;KALIMANTAN;SAMARINDA;SEM;AOi126070712195148153bb00;0;Anomaly;
202609;AREA 3;JATENG-DIY;SEMARANG;SMC;AOi4260713103617790212050;1;Anomaly;
202609;AREA 1;SUMBAGTENG;BUKIT TINGGI;PAM;AOi4260720084136301813660;0;Anomaly;
202609;AREA 1;SUMBAGUT;WESTERN MEDAN;BJI;AOi4260731062831950f81030;0;Anomaly;
202609;AREA 2;WESTERN JABOTABEK;SERANG;CKA;AOb0260724060700987ca3e80;1;Anomaly;-2,02
202609;AREA 1;SUMBAGTENG;PEKANBARU;ARK;AOi4260709084431123213570;1;Anomaly;
202609;AREA 4;SULAWESI;KENDARI;MDG;AOi4260701121319569629a50;0;Anomaly;
202609;AREA 2;WESTERN JABOTABEK;SERANG;LGK;AOi426070111303389069a8c0;0;Anomaly;
202609;AREA 1;SUMBAGUT;CENTRAL MEDAN;CTD;AOi4260719081738632e39830;0;Anomaly;
202609;AREA 3;JATENG-DIY;PEKALONGAN;BKA;AOk4260723113941714802710;1;Anomaly;-25,88
202609;AREA 4;KALIMANTAN;BANJARMASIN;RTA;AOi4260707030430142fac890;0;Anomaly;
202609;AREA 1;SUMBAGUT;PEMATANG SIANTAR;KBJ;AOi4260729110119316088f30;0;Anomaly;
202609;AREA 1;SUMBAGSEL;PANGKAL PINANG;PGP;AOi4260705020618962ca1420;1;Anomaly;
202609;AREA 1;SUMBAGUT;CENTRAL MEDAN;CTD;AOi4260719022314032bfc660;1;Anomaly;
202609;AREA 2;CENTRAL JABOTABEK;NORTHERN JAKARTA;MRY;AOi4260722053031246f8a560;1;Anomaly;
202609;AREA 3;BALI NUSRA;DENPASAR;JBR;AOi4260703093343353f32730;1;Anomaly;
202609;AREA 2;CENTRAL JABOTABEK;SOUTHERN JAKARTA;KRG;AOb0260720082929730125bf0;0;Anomaly;
202609;AREA 1;SUMBAGTENG;BUKIT TINGGI;PRS;AOi4260720112110078c2fd80;1;Anomaly;
202609;AREA 4;KALIMANTAN;PONTIANAK;NGG;AOi12606210422361262b0bf0;1;Anomaly;-16,17
202609;AREA 2;EASTERN JABOTABEK;BOGOR;TJO;AOi42607250138418667237a0;0;Anomaly;
202609;AREA 2;CENTRAL JABOTABEK;NORTHERN JAKARTA;CIL;AOi1260718085554181e6e480;1;Anomaly;-17,29
202609;AREA 1;SUMBAGUT;WESTERN MEDAN;KSG;PDAk42607100814109791a0e70;0;Anomaly;
202609;AREA 3;JATENG-DIY;MAGELANG;SWT;AOi4260707100634360572090;0;Anomaly;
202609;AREA 3;JATENG-DIY;SEMARANG;LSE;AOi4260706062702857cdc190;1;Anomaly;
202609;AREA 1;SUMBAGUT;RANTAU PRAPAT;NGB;AOi4260630072223145727090;0;Anomaly;
202609;AREA 1;SUMBAGUT;CENTRAL MEDAN;TJR;AOi42607290438516876f7940;0;Anomaly;
202609;AREA 4;KALIMANTAN;PONTIANAK;PTK;AOi426070203402419398d670;1;Anomaly;
202609;AREA 3;BALI NUSRA;DENPASAR;KLM;AOi4260716124338272e674e0;1;Anomaly;
202609;AREA 1;SUMBAGUT;CENTRAL MEDAN;TJR;AOi4260730010711945a9dc80;0;Anomaly;
202609;AREA 1;SUMBAGTENG;PEKANBARU;AMK;AOi42607180859237704e8d00;1;Anomaly;
202609;AREA 1;SUMBAGSEL;LAMPUNG;TJK;AOi4260709111145806eb4bc0;1;Anomaly;
202609;AREA 4;SULAWESI;KENDARI;MDG;AOs3260725091600433b17f50;0;Anomaly;
202609;AREA 1;SUMBAGTENG;PADANG;SLK;AOk42607031113103603a1780;1;Anomaly;
202609;AREA 1;SUMBAGSEL;PANGKAL PINANG;SLT;AOi4260706071832656fd6820;0;Not Comply;3,68
202609;AREA 2;JABAR;SOREANG;BJA;AOi42607270130304061bdac0;1;Anomaly;
202609;AREA 1;SUMBAGTENG;PEKANBARU;PWG;AOi4260725092431525123560;0;Anomaly;
202609;AREA 4;SULAWESI;PALU;PLB;AOi1260719102416943e0e280;1;Anomaly;
202609;AREA 3;BALI NUSRA;DENPASAR;SAU;AOk42607121126034561dc260;1;Anomaly;
202609;AREA 4;KALIMANTAN;BANJARMASIN;KYG;AOi42607100709504316ac2d0;1;Anomaly;
202609;AREA 4;KALIMANTAN;PALANGKARAYA;AMP;AOi4260712112906146180440;1;Anomaly;
202609;AREA 3;JATIM;SIDOARJO;MJS;AOi4260730093017770b313d0;0;Anomaly;
202609;AREA 1;SUMBAGTENG;BUKIT TINGGI;PAM;AOi4260718121918240d1a770;0;Anomaly;
202609;AREA 1;SUMBAGUT;PEMATANG SIANTAR;KBJ;AOi4260729010706810b00a90;0;Anomaly;
202609;AREA 3;BALI NUSRA;MATARAM;MTR;AOk4260701060709739dc74f0;0;Anomaly;
202609;AREA 1;SUMBAGSEL;PALEMBANG;SKY;AOi4260709042248999d8b150;1;Anomaly;
202609;AREA 3;JATIM;SURABAYA;DMO;AOi42607020210496008430b0;0;Anomaly;
202609;AREA 3;BALI NUSRA;DENPASAR;UBN;AOi426071009281413787d350;1;Anomaly;
202609;AREA 4;KALIMANTAN;BANJARMASIN;KYG;AOi426072107295730152f7d0;1;Anomaly;
202609;AREA 1;SUMBAGUT;RANTAU PRAPAT;ANR;AOi4260718044411390394f70;0;Anomaly;
202609;AREA 3;JATENG-DIY;SURAKARTA;MSO;PDAk4260725014912189d9dec0;1;Anomaly;
202609;AREA 3;BALI NUSRA;MATARAM;MTR;AOk4260702021056481784310;1;Anomaly;
202609;AREA 4;KALIMANTAN;PANGKALAN BUN;PBU;AOi4260729035428425d0ff60;1;Anomaly;
202609;AREA 1;SUMBAGSEL;BENGKULU;MNA;AOi4260710093232081234930;1;Anomaly;
202609;AREA 1;SUMBAGTENG;DUMAI;DUM;AOi4260710103211157e21850;0;Anomaly;
202609;AREA 3;BALI NUSRA;DENPASAR;TBN;AOi42607280700389616a6e90;1;Anomaly;
202609;AREA 4;KALIMANTAN;SAMARINDA;PAA;AOi42607300900119767f03d0;0;Anomaly;
202609;AREA 4;KALIMANTAN;PONTIANAK;NGG;AOi4260723013115234f21100;1;Anomaly;
202609;AREA 4;MALUKU DAN PAPUA;TIMIKA;KUK;PDAk4260701013154475b0dc40;0;Anomaly;
202609;AREA 2;JABAR;BANDUNG;BDK;AOi1260717123656648438b30;0;Anomaly;
202609;AREA 1;SUMBAGTENG;PADANG;KJI;AOk4260716123552050393bf0;1;Anomaly;
202609;AREA 3;JATIM;LAMONGAN;BJN;AOi426070610381998360fb30;1;Anomaly;
202609;AREA 2;CENTRAL JABOTABEK;NORTHERN JAKARTA;MRY;AOi4260722053031246f8a560;1;Anomaly;
202609;AREA 1;SUMBAGUT;PEMATANG SIANTAR;SDK;AOi42607070131217223f8b70;0;Anomaly;
202609;AREA 3;BALI NUSRA;DENPASAR;MMN;AOi4260727081624112f66d50;1;Anomaly;
202609;AREA 3;JATENG-DIY;PURWOKERTO;GML;AOi4260706062823913385690;0;Anomaly;
202609;AREA 3;JATENG-DIY;PURWOKERTO;GML;AOi4260705045042530cc5a40;1;Anomaly;
202609;AREA 3;JATIM;SURABAYA;SPG;AOi426071609561868683af30;0;Anomaly;
202609;AREA 4;MALUKU DAN PAPUA;JAYAPURA;WAE;AOs3260731092149336fa0a80;0;Anomaly;
202609;AREA 4;KALIMANTAN;BANJARMASIN;PGT;AOi4260722082256209745b10;0;Anomaly;
202609;AREA 1;SUMBAGTENG;BATAM;SLU;AOk426071205524245387a6b0;0;Comply;-49,95
202609;AREA 3;JATENG-DIY;SURAKARTA;KRT;AOi4260716011141750254770;1;Anomaly;
202609;AREA 2;EASTERN JABOTABEK;BEKASI;PKY;AOi4260702084401936f19240;0;Anomaly;
202609;AREA 3;BALI NUSRA;DENPASAR;TBN;AOk4260706121546332232120;0;Anomaly;
202609;AREA 1;SUMBAGSEL;PALEMBANG;SKY;AOi4260708062848843a55b20;1;Anomaly;
202609;AREA 4;MALUKU DAN PAPUA;SORONG;MWR;AOi42607190814074235ba080;0;Anomaly;
202609;AREA 3;BALI NUSRA;MATARAM;TET;AOi42606301255014570adbc0;0;Anomaly;
202609;AREA 3;BALI NUSRA;DENPASAR;APR;AOi42607240156486242c2e10;1;Anomaly;
202609;AREA 3;BALI NUSRA;FLORES;END;AOk4260727050550676b020f0;1;Anomaly;-49,18
202609;AREA 2;JABAR;TASIKMALAYA;GRU;AOi4260728125310952074b20;1;Anomaly;
202609;AREA 1;SUMBAGSEL;JAMBI;MAB;AOi4260718100744809b4a000;1;Anomaly;
202609;AREA 1;SUMBAGSEL;LAMPUNG;SPS;AOi4260709074422468546730;1;Anomaly;
202609;AREA 2;WESTERN JABOTABEK;TANGERANG;CPA;AOi4260714095037664f2b0d0;0;Anomaly;
202609;AREA 4;SULAWESI;GORONTALO;GTL;AOi4260725082947133c6eda0;1;Anomaly;
202609;AREA 1;SUMBAGTENG;BATAM;LBJ;AOi426071411150953804b380;0;Anomaly;
202609;AREA 3;BALI NUSRA;DENPASAR;TBN;AOi4260707035940382873b80;1;Anomaly;
202609;AREA 3;JATENG-DIY;SEMARANG;SMT;AOi4260712073206551ce2480;1;Anomaly;
202609;AREA 1;SUMBAGUT;CENTRAL MEDAN;BLW;AOi4260729011027333380060;1;Anomaly;
202609;AREA 4;KALIMANTAN;PONTIANAK;STG;AOi4260716054233760335910;1;Anomaly;
202609;AREA 3;JATENG-DIY;MAGELANG;MGE;AOk426071711014373977b8f0;0;Anomaly;
202609;AREA 3;JATENG-DIY;SEMARANG;SMC;AOi426072603231413230ca80;1;Anomaly;
202609;AREA 3;JATENG-DIY;MAGELANG;MTY;AOi4260705030715874b06430;1;Anomaly;2,17
202609;AREA 1;SUMBAGTENG;BUKIT TINGGI;PAM;AOi42607140145061491ade40;0;Anomaly;
202609;AREA 1;SUMBAGUT;BANDA ACEH;LBR;AOi4260703012351186f78690;0;Anomaly;
202609;AREA 3;BALI NUSRA;FLORES;MMR;AOk4260730091706185d8e0a0;1;Anomaly;
202609;AREA 4;KALIMANTAN;PONTIANAK;SPY;AOi42607190512319000a6190;1;Anomaly;
202609;AREA 4;SULAWESI;MANADO;BIT;AOi42607270541592413f73c0;1;Anomaly;
202609;AREA 1;SUMBAGSEL;LAMPUNG;MET;AOi1260713122404191e36b20;1;Anomaly;
202609;AREA 4;SULAWESI;KENDARI;MDG;AOi4260725032013333b01e00;0;Anomaly;
202609;AREA 2;JABAR;BANDUNG;LEM;AOi42607241032442596f5980;1;Anomaly;
202609;AREA 4;SULAWESI;GORONTALO;MRS;AOi426072709532105350d980;0;Anomaly;
202609;AREA 4;KALIMANTAN;TARAKAN;JWT;PDAk4260706022647958475760;1;Anomaly;-22,31
202609;AREA 4;SULAWESI;MANADO;LAN;AOi4260730032948213cdb160;0;Anomaly;
202609;AREA 4;KALIMANTAN;PONTIANAK;SNW;AOi4260721123552980301c70;1;Anomaly;
202609;AREA 3;BALI NUSRA;DENPASAR;BNO;AOi4260730104117906b4f120;1;Anomaly;
202609;AREA 2;EASTERN JABOTABEK;BOGOR;CLS;AOi4260702094413576b55750;1;Anomaly;-7,76
202609;AREA 1;SUMBAGSEL;JAMBI;JMB;AOk426072110294080619c900;0;Anomaly;
202609;AREA 4;KALIMANTAN;SAMARINDA;LMP;PDAk4260719095759218e5bb60;1;Anomaly;
202609;AREA 1;SUMBAGUT;PEMATANG SIANTAR;PRR;AOi4260628053459691d3add0;0;Anomaly;
202609;AREA 3;JATENG-DIY;YOGYAKARTA;BTL;AOi42607251226458459897d0;1;Anomaly;
202609;AREA 1;SUMBAGUT;BANDA ACEH;BIR;AOi42607190754038804ff7b0;0;Anomaly;
202609;AREA 4;MALUKU DAN PAPUA;SORONG;MWR;AOi4260722121942771428e80;1;Anomaly;
202609;AREA 1;SUMBAGTENG;DUMAI;BKN;AOk4260710024431549906cb0;1;Anomaly;
202609;AREA 1;SUMBAGTENG;BUKIT TINGGI;LBA;AOi42607161123598112cfc50;0;Anomaly;
202609;AREA 1;SUMBAGTENG;PEKANBARU;PKR;AOi4260706044212498d558c0;1;Anomaly;
202609;AREA 3;JATENG-DIY;PEKALONGAN;SBA;AOi42607250146280329781d0;0;Anomaly;
202609;AREA 1;SUMBAGUT;PADANG SIDEMPUAN;PSP;AOi42607181027539460030c0;0;Anomaly;
202609;AREA 3;JATENG-DIY;PEKALONGAN;PKL;AOi426072308452688076c080;0;Anomaly;
202609;AREA 3;BALI NUSRA;MATARAM;MTR;AOi42607230404066096287b0;0;Anomaly;
202609;AREA 4;MALUKU DAN PAPUA;TIMIKA;TIM;AOi42607111110235000cd840;0;Anomaly;
202609;AREA 3;BALI NUSRA;FLORES;END;AOi4260721102933181bd6680;0;Anomaly;
202609;AREA 2;EASTERN JABOTABEK;KARAWANG;JBB;AOi4260713042743395102940;1;Anomaly;
202609;AREA 4;SULAWESI;KENDARI;UNH;AOi4260707065711839cd2fd0;0;Anomaly;
202609;AREA 1;SUMBAGTENG;BUKIT TINGGI;SIU;AOs32607061036535956fe300;1;Anomaly;
202609;AREA 2;EASTERN JABOTABEK;BOGOR;CLS;PDAk4260730110617143e9ede0;1;Anomaly;
202609;AREA 1;SUMBAGTENG;PADANG;LIM;AOk4260713111555304ec68e0;1;Anomaly;
202609;AREA 4;KALIMANTAN;PANGKALAN BUN;SAI;AOi42607030602503147489b0;1;Anomaly;
202609;AREA 2;EASTERN JABOTABEK;BOGOR;PAR;AOs32607280910166368e4e60;0;Anomaly;
202609;AREA 4;SULAWESI;MANADO;THN;AOi42607090844594459700d0;1;Anomaly;
202609;AREA 3;BALI NUSRA;MATARAM;MTR;AOi4260720013725985b36840;1;Anomaly;
202609;AREA 2;JABAR;SOREANG;SOR;AOi4260726041522664fde2c0;1;Anomaly;
202609;AREA 3;BALI NUSRA;DENPASAR;BNO;AOi426071705333727608e7c0;1;Anomaly;
202609;AREA 2;CENTRAL JABOTABEK;NORTHERN JAKARTA;MRY;AOi42607240321149182d5fa0;0;Comply;-89,45
202609;AREA 2;JABAR;BANDUNG;DGO;AOk4260713095916333d8f790;1;Anomaly;
202609;AREA 3;BALI NUSRA;MATARAM;SBW;AOi4260721085607814826440;0;Anomaly;
202609;AREA 1;SUMBAGUT;RANTAU PRAPAT;RAP;AOi4260703080820111b22ef0;0;Anomaly;
202609;AREA 4;SULAWESI;BONE;BTN;AOi426070411295127849de60;1;Anomaly;
202609;AREA 1;SUMBAGUT;WESTERN MEDAN;KSG;AOi426070810013760099fff0;0;Anomaly;
202609;AREA 4;KALIMANTAN;PALANGKARAYA;PLK;AOi4260728013850518a4f580;1;Anomaly;
202609;AREA 1;SUMBAGSEL;JAMBI;MAB;AOi42607130301447262051a0;1;Anomaly;
202609;AREA 2;WESTERN JABOTABEK;SERANG;CRS;AOk4260727030814106e7a060;1;Anomaly;
202609;AREA 2;EASTERN JABOTABEK;BOGOR;BOO;AOi4260703052425155418680;1;Anomaly;
202609;AREA 1;SUMBAGUT;CENTRAL MEDAN;SKI;AOi426071409454024308c510;0;Anomaly;
202609;AREA 4;SULAWESI;PALU;PSO;AOi426072111101912751f3f0;1;Anomaly;
202609;AREA 1;SUMBAGTENG;PEKANBARU;PBB;AOi42607160403282489bc500;1;Anomaly;
202609;AREA 1;SUMBAGUT;BANDA ACEH;LTM;AOi42607050306327328db600;0;Anomaly;
202609;AREA 1;SUMBAGUT;CENTRAL MEDAN;PUB;AOi42607250500337978c4110;0;Anomaly;
202609;AREA 4;SULAWESI;KENDARI;KDR;AOi4260717124357270582030;1;Anomaly;
202609;AREA 4;KALIMANTAN;SAMARINDA;STT;AOi42607270717430505d9190;1;Anomaly;
202609;AREA 1;SUMBAGTENG;BUKIT TINGGI;LBA;AOi4260722121426392b010b0;0;Anomaly;
202609;AREA 4;SULAWESI;KENDARI;MDG;AOi4260703060210307e65380;0;Anomaly;
202609;AREA 1;SUMBAGSEL;PANGKAL PINANG;TJN;AOi42607240654523740526d0;0;Anomaly;
202609;AREA 3;BALI NUSRA;FLORES;REO;AOi4260718102931750311600;1;Anomaly;
202609;AREA 2;EASTERN JABOTABEK;BOGOR;CBI;AOk42607281257204239dc150;0;Anomaly;
202609;AREA 2;JABAR;BANDUNG;CKW;AOi4260725082142653175750;1;Anomaly;
202609;AREA 1;SUMBAGUT;BANDA ACEH;BIR;AOi4260719092243003413010;1;Anomaly;
202609;AREA 2;WESTERN JABOTABEK;TANGERANG;SRP;AOi4260722095923680a478f0;1;Anomaly;
202609;AREA 4;MALUKU DAN PAPUA;TIMIKA;TIM;AOk4260722111601081e5d720;0;Anomaly;
202609;AREA 4;KALIMANTAN;PALANGKARAYA;KRI;AOi42607311046555618cce30;1;Anomaly;
202609;AREA 2;EASTERN JABOTABEK;KARAWANG;PLD;AOi42607121046128854287b0;0;Anomaly;
202609;AREA 2;CENTRAL JABOTABEK;NORTHERN JAKARTA;CKG;AOi1260715091151279d81f20;1;Anomaly;-39,56
202609;AREA 3;JATIM;MADIUN;SMO;AOi4260701085453243a9fbd0;0;Anomaly;
202609;AREA 3;BALI NUSRA;DENPASAR;UBN;AOi4260719041431714d88d10;1;Anomaly;
202609;AREA 4;SULAWESI;KENDARI;KKA;AOi4260703040715681ef4ba0;1;Anomaly;
202609;AREA 3;JATENG-DIY;MAGELANG;MTY;AOi4260705030715874b06430;0;Anomaly;
202609;AREA 3;BALI NUSRA;DENPASAR;TPS;AOi4260709120417411471ca0;1;Anomaly;
202609;AREA 1;SUMBAGUT;CENTRAL MEDAN;TJR;AOi42607270245375989e6330;0;Anomaly;
202609;AREA 3;JATIM;SURABAYA;MGO;AOi4260716094021275b3c9f0;0;Anomaly;
202609;AREA 3;JATIM;SURABAYA;IJK;AOi4260726032126463e14900;0;Comply;-16,50
202609;AREA 3;JATIM;MALANG;MLG;AOi4260701025719145fb0640;0;Anomaly;
202609;AREA 1;SUMBAGTENG;BUKIT TINGGI;LBA;AOi4260702021120585878160;0;Anomaly;
202609;AREA 4;SULAWESI;MAKASSAR;MAT;AOs32607080945422707c85e0;0;Comply;-14,86
202609;AREA 2;EASTERN JABOTABEK;KARAWANG;BGG;AOi4260726090657494e3b150;1;Anomaly;-34,11
202609;AREA 1;SUMBAGTENG;PEKANBARU;ARK;AOi42607201119006837279f0;1;Anomaly;
202609;AREA 4;KALIMANTAN;SAMARINDA;SBR;AOk4260703032428955551c40;0;Anomaly;
202609;AREA 1;SUMBAGTENG;PADANG;SWL;AOi4260723043751258c26c40;0;Anomaly;
202609;AREA 4;SULAWESI;GORONTALO;GTL;AOi4260719041341663ed7240;1;Anomaly;
202609;AREA 4;SULAWESI;BONE;WTP;AOi4260701080650580f09180;1;Anomaly;
202609;AREA 1;SUMBAGUT;PADANG SIDEMPUAN;SBG;AOi42607200821454348ad690;0;Anomaly;
202609;AREA 4;SULAWESI;MAKASSAR;BAL;AOk426070602465974711c230;1;Anomaly;
202609;AREA 2;WESTERN JABOTABEK;TANGERANG;CPA;AOk42607241228147366a8100;0;Anomaly;
202609;AREA 2;EASTERN JABOTABEK;BEKASI;CNE;AOs32607270233590326002a0;1;Anomaly;
202609;AREA 1;SUMBAGUT;CENTRAL MEDAN;TJM;AOs32607191014265458bd5f0;0;Anomaly;
202609;AREA 1;SUMBAGSEL;LAMPUNG;KDT;AOi4260727053442965492a00;1;Anomaly;
202609;AREA 1;SUMBAGSEL;LAMPUNG;TJK;AOi4260707102941299517b10;0;Anomaly;
202609;AREA 3;JATIM;LAMONGAN;CRM;AOi4260717112258693944d60;1;Anomaly;
202609;AREA 4;SULAWESI;PALU;PLA;AOs326073101441910208dbf0;1;Anomaly;
202609;AREA 4;SULAWESI;MANADO;MTA;AOi1260709080901018f64e40;1;Anomaly;
202609;AREA 3;JATIM;SIDOARJO;NRJ;AOi4260708115755184d48610;0;Anomaly;
202609;AREA 4;KALIMANTAN;SAMARINDA;STT;AOi4260708115748381c541b0;0;Anomaly;
202609;AREA 1;SUMBAGUT;RANTAU PRAPAT;RAP;AOi4260715080733874977150;0;Anomaly;
202609;AREA 1;SUMBAGSEL;BENGKULU;PDW;AOi4260712105941791581ab0;0;Anomaly;
202609;AREA 3;JATIM;SIDOARJO;TPO;AOi42607301026063711f9a40;0;Not Comply;18,98
202609;AREA 3;JATENG-DIY;SURAKARTA;KRT;AOi4260724070703617906f80;1;Anomaly;
202609;AREA 3;JATIM;JEMBER;KRZ;AOi42607231006531283c5f80;0;Anomaly;
202609;AREA 2;JABAR;TASIKMALAYA;GRU;AOi4260728125310952074b20;1;Anomaly;-22,07
202609;AREA 4;MALUKU DAN PAPUA;AMBON;PAO;AOi4260721100001277c84f10;0;Anomaly;
202609;AREA 4;KALIMANTAN;PONTIANAK;SPY;AOk4260713093203611b86c20;1;Anomaly;-1,42
202609;AREA 2;JABAR;BANDUNG;UBR;AOi4260712090716525992950;0;Comply;-23,10
202609;AREA 4;SULAWESI;MANADO;BIT;AOi4260709043932494775000;1;Anomaly;
202609;AREA 3;JATENG-DIY;YOGYAKARTA;KGD;AOi4260720125742815f94190;0;Anomaly;
202609;AREA 3;BALI NUSRA;MATARAM;SGG;AOi4260710013153895bb21c0;1;Anomaly;
202609;AREA 3;JATENG-DIY;SEMARANG;MKG;AOi4260710011805889655310;1;Anomaly;
202609;AREA 2;CENTRAL JABOTABEK;NORTHERN JAKARTA;KLG;AOi4260725102527625a2f4f0;0;Anomaly;
202609;AREA 3;BALI NUSRA;FLORES;REO;AOi4260713110413068582460;1;Anomaly;
202609;AREA 3;BALI NUSRA;MATARAM;BIM;AOi4260705070145488cbf6f0;0;Anomaly;
202609;AREA 4;SULAWESI;PALU;PLA;AOi4260716040430271daada0;0;Anomaly;
202609;AREA 3;BALI NUSRA;FLORES;KLH;AOi4260630120513973d6e500;0;Anomaly;
202609;AREA 4;KALIMANTAN;BANJARMASIN;KDG;AOi4260722112813052b26e00;0;Anomaly;
202609;AREA 1;SUMBAGSEL;PANGKAL PINANG;PGP;AOk4260714110750696803ef0;1;Anomaly;-4,92
202609;AREA 4;KALIMANTAN;PANGKALAN BUN;KTP;AOi426071009032580990aaf0;1;Anomaly;
202609;AREA 4;KALIMANTAN;PALANGKARAYA;MTW;AOi426071904305616240c000;1;Anomaly;
202609;AREA 3;BALI NUSRA;DENPASAR;NSD;AOi42607210149235679ae300;1;Anomaly;
202609;AREA 1;SUMBAGUT;WESTERN MEDAN;KSG;AOi4260720034215981814900;0;Anomaly;
202609;AREA 2;JABAR;TASIKMALAYA;CKJ;AOi4260721121330868f1ffc0;1;Anomaly;
202609;AREA 1;SUMBAGUT;PEMATANG SIANTAR;KBJ;AOi426072110473383155c030;0;Anomaly;
202609;AREA 3;JATENG-DIY;SURAKARTA;CEP;AOi4260711101821892b45cc0;1;Anomaly;
202609;AREA 3;BALI NUSRA;MATARAM;TET;AOi42607220630044664704b0;1;Anomaly;
202609;AREA 4;SULAWESI;PARE-PARE;MMS;AOk4260722123058503d0ca80;0;Anomaly;
202609;AREA 4;KALIMANTAN;PONTIANAK;SRD;AOi4260727051907116d057f0;1;Anomaly;
202609;AREA 4;KALIMANTAN;PONTIANAK;STA;AOi4260715061014509d52660;0;Anomaly;
202609;AREA 1;SUMBAGUT;WESTERN MEDAN;LGS;AOi42607280751511537809a0;0;Anomaly;
202609;AREA 2;JABAR;TASIKMALAYA;GRU;AOi4260703060244414086f40;1;Anomaly;
202609;AREA 3;BALI NUSRA;FLORES;END;AOi4260720024729867e26dd0;0;Anomaly;
202609;AREA 3;BALI NUSRA;KUPANG;OSP;AOi426071103404415468b1d0;1;Anomaly;
202609;AREA 4;KALIMANTAN;PANGKALAN BUN;KTP;AOi426071406531300481dc20;0;Anomaly;
202609;AREA 3;BALI NUSRA;MATARAM;MTR;AOi4260712104413430230110;1;Anomaly;-167,14
202609;AREA 4;KALIMANTAN;PANGKALAN BUN;KTP;AOi4260715045748735c3d450;1;Anomaly;
202609;AREA 4;SULAWESI;BONE;SLY;AOi4260719014856708de3b60;0;Anomaly;
202609;AREA 4;KALIMANTAN;PANGKALAN BUN;PBU;AOi4260726064254815456a20;1;Anomaly;
202609;AREA 1;SUMBAGUT;BANDA ACEH;BPD;AOi4260729033257206ca6c10;0;Anomaly;
202609;AREA 3;BALI NUSRA;DENPASAR;UBN;AOi4260711060052453e2b360;1;Anomaly;
202609;AREA 4;KALIMANTAN;PONTIANAK;JAW;AOi42607171237093375f7990;1;Anomaly;
202609;AREA 3;JATENG-DIY;SEMARANG;JPR;AOi4260713011501966156eb0;0;Anomaly;
202609;AREA 1;SUMBAGUT;CENTRAL MEDAN;GLG;AOi42607070349042361a57c0;1;Anomaly;
202609;AREA 4;SULAWESI;MANADO;BEO;AOi4260715095139207364700;0;Anomaly;
202609;AREA 1;SUMBAGUT;BANDA ACEH;KTN;AOs326071002320381852a1c0;0;Anomaly;
202609;AREA 1;SUMBAGTENG;DUMAI;BGU;AOi426071612154264531b130;1;Anomaly;
202609;AREA 3;BALI NUSRA;DENPASAR;UBN;AOi42607030118085207c3400;1;Anomaly;
202609;AREA 2;CENTRAL JABOTABEK;NORTHERN JAKARTA;CKG;AOs3260703085342429a18da0;1;Anomaly;
202609;AREA 4;SULAWESI;MAKASSAR;MAT;AOi426070310240698352fa80;0;Anomaly;
202609;AREA 4;KALIMANTAN;BANJARMASIN;BLC;AOi4260706041004681b5b330;1;Anomaly;
202609;AREA 1;SUMBAGSEL;BENGKULU;BNC;AOb0260706062737993441500;1;Anomaly;
202609;AREA 2;EASTERN JABOTABEK;KARAWANG;BGG;AOs326072803332692341eb10;1;Anomaly;-22,08
202609;AREA 3;BALI NUSRA;MATARAM;BIM;AOk426072507383975272b460;0;Anomaly;
202609;AREA 3;JATIM;SURABAYA;KPS;AOi42607150323445048d4c20;1;Anomaly;
202609;AREA 2;JABAR;BANDUNG;NJG;AOi426070711575210634e060;1;Anomaly;
202609;AREA 3;BALI NUSRA;MATARAM;MTR;AOi4260729080812324639810;0;Anomaly;
202609;AREA 3;BALI NUSRA;MATARAM;SBW;AOi42607200938164321a1180;0;Anomaly;
202609;AREA 1;SUMBAGSEL;JAMBI;MAB;AOi42607070754134438b46b0;1;Anomaly;
202609;AREA 2;JABAR;CIREBON;CBN;AOk42607021006403326e60c0;0;Comply;1,53
202609;AREA 4;SULAWESI;MANADO;KTG;AOi4260717112258861c64e50;0;Anomaly;
202609;AREA 4;MALUKU DAN PAPUA;SORONG;SON;AOi4260703115128821069980;1;Anomaly;
202609;AREA 1;SUMBAGSEL;JAMBI;MAB;AOi4260725104838280d8fbc0;1;Anomaly;
202609;AREA 4;KALIMANTAN;BALIKPAPAN;BRU;AOi4260713092542103da9370;1;Anomaly;
202609;AREA 2;JABAR;BANDUNG;UBR;AOi42607080151151796d9560;1;Anomaly;
202609;AREA 1;SUMBAGSEL;JAMBI;TTJ;AOi426071707560069487f2a0;1;Anomaly;
202609;AREA 1;SUMBAGTENG;PEKANBARU;TJT;AOi4260718054625224f9ace0;0;Anomaly;
202609;AREA 1;SUMBAGTENG;PEKANBARU;BKR;AOs3260707122947264e051b0;1;Anomaly;
202609;AREA 3;JATENG-DIY;MAGELANG;MGE;AOi4260713062006535dd05e0;0;Anomaly;
202609;AREA 3;JATENG-DIY;SEMARANG;GNK;AOi4260715064520713fb1580;0;Anomaly;
202609;AREA 2;JABAR;BANDUNG;DGO;AOk4260713095916333d8f790;1;Anomaly;
202609;AREA 4;KALIMANTAN;TARAKAN;TRK;AOi426070301421377157e0d0;0;Anomaly;
202609;AREA 3;BALI NUSRA;FLORES;LRT;AOi4260712090432724b65fb0;1;Anomaly;
202609;AREA 4;SULAWESI;KENDARI;KKA;AOk42607060338149157b1940;1;Anomaly;
202609;AREA 4;KALIMANTAN;PONTIANAK;NGG;AOi4260723013115234f21100;1;Anomaly;
202609;AREA 2;JABAR;BANDUNG;RJW;AOi4260715021914810156e40;1;Anomaly;
202609;AREA 3;BALI NUSRA;DENPASAR;UBN;AOi42607261021503143b1e80;1;Anomaly;
202609;AREA 4;KALIMANTAN;BALIKPAPAN;SEP;AOs32607280839492773b9b30;0;Anomaly;
202609;AREA 1;SUMBAGUT;BANDA ACEH;LOA;AOi42607031020084007be800;1;Anomaly;
202609;AREA 3;JATENG-DIY;PEKALONGAN;SBA;AOi426071805312035161b8f0;1;Anomaly;
202609;AREA 1;SUMBAGUT;CENTRAL MEDAN;PUB;AOi4260709101855532d5a520;0;Anomaly;
202609;AREA 4;SULAWESI;BONE;WTP;AOi4260710085826841d237b0;1;Anomaly;
202609;AREA 1;SUMBAGSEL;LAMPUNG;BDA;AOk4260703110524117083920;1;Anomaly;
202609;AREA 4;SULAWESI;MANADO;MDO;AOi4260706015449415414760;0;Anomaly;
202609;AREA 4;SULAWESI;PALU;TOL;AOi42607170949092906ac860;0;Anomaly;
202609;AREA 3;JATENG-DIY;PEKALONGAN;BTG;AOi4260721014129507f5ce70;0;Anomaly;
202609;AREA 2;JABAR;SOREANG;BJA;AOi426072804172319373aac0;1;Anomaly;
202609;AREA 1;SUMBAGSEL;PANGKAL PINANG;PGP;AOi42607200438053633b8f90;0;Anomaly;
202609;AREA 4;SULAWESI;PARE-PARE;PLP;AOk4260720050509395781a50;1;Anomaly;
202609;AREA 3;JATENG-DIY;SEMARANG;JPR;AOi42607300919313150a7780;0;Anomaly;
202609;AREA 3;JATIM;SURABAYA;KNN;AOi42607200238097002012f0;1;Anomaly;
202609;AREA 4;KALIMANTAN;SAMARINDA;LMP;PDAk4260719095759218e5bb60;1;Anomaly;
202609;AREA 2;CENTRAL JABOTABEK;SOUTHERN JAKARTA;BIN;AOi42607020417595082afe10;1;Anomaly;
202609;AREA 4;KALIMANTAN;BANJARMASIN;ULI;AOs3260708021122493c7f0e0;0;Anomaly;
202609;AREA 1;SUMBAGSEL;BENGKULU;BNC;AOi4260701021221544a55ff0;1;Anomaly;
202609;AREA 3;JATIM;SIDOARJO;WRU;PDAk4260725075421385a4e7b0;0;Anomaly;
202609;AREA 3;BALI NUSRA;MATARAM;MTR;AOi426072208011958105fa20;0;Anomaly;
202609;AREA 3;BALI NUSRA;FLORES;REO;AOi4260728103252662a09240;0;Anomaly;5,67
202609;AREA 3;JATENG-DIY;PEKALONGAN;PBG;AOk42607061021499501cc710;1;Anomaly;
202609;AREA 1;SUMBAGSEL;JAMBI;MAB;AOi4260706113535932983a80;1;Anomaly;
202609;AREA 1;SUMBAGUT;PEMATANG SIANTAR;BST;AOi4260710023316075445f00;0;Anomaly;
202609;AREA 1;SUMBAGSEL;JAMBI;BKO;AOi1260702072122477597660;1;Anomaly;
202609;AREA 1;SUMBAGTENG;DUMAI;DRI;AOi4260720122636701741d10;1;Anomaly;
202609;AREA 1;SUMBAGUT;WESTERN MEDAN;LGS;AOi4260727115421962b7bde0;0;Anomaly;
202609;AREA 2;JABAR;SOREANG;SOR;AOk426072012531839598b2e0;1;Anomaly;
202609;AREA 3;BALI NUSRA;KUPANG;KPN;AOi426071411355294083ed60;0;Anomaly;
202609;AREA 3;JATENG-DIY;SEMARANG;GNK;AOi4260712051529277bfcad0;1;Anomaly;
202609;AREA 2;JABAR;TASIKMALAYA;TSM;AOi4260710103637657fdb5e0;0;Anomaly;
202609;AREA 1;SUMBAGUT;BANDA ACEH;DAR;AOi42607291021159166932e0;0;Anomaly;
202609;AREA 3;JATENG-DIY;PEKALONGAN;BTG;AOi426071710032169097b260;0;Anomaly;
202609;AREA 1;SUMBAGUT;CENTRAL MEDAN;PDB;AOi42607241203303710d6f00;0;Anomaly;
202609;AREA 2;JABAR;BANDUNG;CCD;AOi4260729053715380965ec0;1;Anomaly;
202609;AREA 2;JABAR;BANDUNG;CJA;AOi4260714092239210d6e880;1;Anomaly;
202609;AREA 4;KALIMANTAN;PONTIANAK;NGG;AOi4260729053758032857800;1;Anomaly;
202609;AREA 2;JABAR;CIREBON;SUB;AOi426072008384146586fe60;0;Anomaly;
202609;AREA 2;JABAR;BANDUNG;NJG;AOi426072511172356688fb80;1;Anomaly;-20,17
202609;AREA 4;SULAWESI;PALU;PGI;AOk42607270202530678adb70;1;Anomaly;-1,58
202609;AREA 4;SULAWESI;MAKASSAR;PNK;AOi4260711125257162132ea0;1;Anomaly;
202609;AREA 2;JABAR;BANDUNG;LBG;AOi4260723020827483e30820;0;Anomaly;
202609;AREA 2;JABAR;BANDUNG;UBR;AOi4260712031351318237cc0;0;Comply;-20,09
202609;AREA 1;SUMBAGUT;WESTERN MEDAN;BJI;AOi42607091120444373b0510;0;Anomaly;
202609;AREA 4;KALIMANTAN;BALIKPAPAN;MLA;AOi1260723113511035e40a90;1;Anomaly;
202609;AREA 4;SULAWESI;BONE;SIN;AOi4260704072907815f18c40;1;Anomaly;
202609;AREA 1;SUMBAGTENG;PADANG;SIE;AOi4260709123144260ffdfc0;1;Anomaly;
202609;AREA 1;SUMBAGUT;PEMATANG SIANTAR;KBJ;AOi4260729110119316088f30;0;Anomaly;
202609;AREA 2;JABAR;BANDUNG;LBG;AOi4260706115711347f7f070;0;Anomaly;
202609;AREA 4;KALIMANTAN;SAMARINDA;TMD;AOi42607040410334300b90d0;1;Anomaly;
202609;AREA 3;BALI NUSRA;MATARAM;TET;AOi42607231020457899db7c0;1;Anomaly;
202609;AREA 4;SULAWESI;KENDARI;KDR;AOi4260711035412888a67340;1;Anomaly;
202609;AREA 1;SUMBAGTENG;BUKIT TINGGI;PYK;AOi42607101109294883ab410;1;Anomaly;
202609;AREA 3;JATENG-DIY;SURAKARTA;WRO;AOi4260711082252310ec8ae0;1;Anomaly;
202609;AREA 4;SULAWESI;KENDARI;MDG;AOi4260722115811278a8bf80;0;Anomaly;
202609;AREA 4;SULAWESI;PALU;BKU;AOi4260707050228462222c70;1;Anomaly;
202609;AREA 4;SULAWESI;MANADO;KTG;AOi4260703025425545d41090;0;Anomaly;
202609;AREA 2;WESTERN JABOTABEK;SERANG;KSB;AOi4260705052817391608780;1;Anomaly;
202609;AREA 1;SUMBAGUT;CENTRAL MEDAN;PDB;AOi1260704072916741722ff0;1;Anomaly;
202609;AREA 1;SUMBAGUT;WESTERN MEDAN;TJP;AOi4260720023406717f281a0;0;Anomaly;
202609;AREA 1;SUMBAGUT;CENTRAL MEDAN;LBP;AOi42607291110591692fa160;1;Anomaly;
202609;AREA 4;KALIMANTAN;PONTIANAK;PTK;AOi4260724084611741e97520;1;Anomaly;
202609;AREA 1;SUMBAGTENG;DUMAI;DRI;AOi4260726105327185743a80;0;Anomaly;
202609;AREA 4;SULAWESI;PARE-PARE;MAS;AOi4260705072310311666110;0;Anomaly;
202609;AREA 1;SUMBAGSEL;PANGKAL PINANG;MGR;AOi4260723032119735083200;1;Anomaly;
202609;AREA 2;WESTERN JABOTABEK;TANGERANG;CPA;AOk4260713081926048b6a340;0;Anomaly;
202609;AREA 3;JATENG-DIY;YOGYAKARTA;KEN;AOi4260707061828507df7ec0;1;Anomaly;
202609;AREA 1;SUMBAGTENG;DUMAI;UBT;AOi4260728063110360c12280;1;Anomaly;
202609;AREA 1;SUMBAGTENG;BATAM;SLU;AOs3260728030800748eba530;1;Anomaly;
202609;AREA 2;CENTRAL JABOTABEK;NORTHERN JAKARTA;SLP;AOi4260703124414925bb5ab0;0;Anomaly;
202609;AREA 1;SUMBAGSEL;PANGKAL PINANG;MGR;AOi426070703012661137f7e0;1;Anomaly;
202609;AREA 4;KALIMANTAN;PONTIANAK;STA;AOi4260703101313265f4d5f0;0;Anomaly;
202609;AREA 4;SULAWESI;MAKASSAR;SUG;AOi426071605510756603add0;1;Anomaly;
202609;AREA 2;WESTERN JABOTABEK;SERANG;SPT;AOi426071412082018354fce0;1;Anomaly;
202609;AREA 1;SUMBAGUT;WESTERN MEDAN;LGS;AOi4260705041730324d90d20;0;Anomaly;
202609;AREA 2;JABAR;BANDUNG;NJG;AOi4260717103828981f1e430;1;Anomaly;
202609;AREA 4;SULAWESI;KENDARI;MDG;AOi4260720103300356ce6220;1;Anomaly;
202609;AREA 1;SUMBAGTENG;BATAM;PNI;AOi4260729094914789b9f430;1;Anomaly;
202609;AREA 4;KALIMANTAN;PONTIANAK;SAO;AOi4260710023921081f55c10;1;Anomaly;
202609;AREA 2;JABAR;BANDUNG;UBR;AOi42607310804542458b2740;0;Anomaly;
202609;AREA 3;BALI NUSRA;MATARAM;MTR;AOs32607220905336911e80b0;1;Anomaly;
202609;AREA 1;SUMBAGUT;CENTRAL MEDAN;TJR;AOi426072910361666943cf10;0;Anomaly;
202609;AREA 3;JATENG-DIY;SURAKARTA;SRG;AOs32607160633375946e9350;1;Anomaly;
202609;AREA 1;SUMBAGUT;BANDA ACEH;LBR;AOi426070602133851964f8d0;0;Anomaly;
202609;AREA 1;SUMBAGTENG;BUKIT TINGGI;KNL;AOi426070411112894507a8e0;0;Anomaly;
202609;AREA 2;EASTERN JABOTABEK;KARAWANG;CIB;AOi4260727032656861140fd0;1;Anomaly;
202609;AREA 2;EASTERN JABOTABEK;KARAWANG;JBB;AOi426071107484674275aef0;1;Anomaly;
202609;AREA 4;SULAWESI;KENDARI;PMA;AOs326072803293646187eb00;0;Anomaly;
202609;AREA 4;KALIMANTAN;BANJARMASIN;TJL;AOi1260725085718487a7d1e0;1;Anomaly;
202609;AREA 4;SULAWESI;PALU;BKU;AOi4260710093033398fa97f0;1;Anomaly;
202609;AREA 4;MALUKU DAN PAPUA;AMBON;PAO;AOi4260728013437455399bb0;1;Anomaly;
202609;AREA 4;KALIMANTAN;BANJARMASIN;STI;AOi426073006055124540c150;1;Anomaly;
202609;AREA 3;BALI NUSRA;DENPASAR;JBR;AOi4260723120725853ede390;1;Anomaly;
202609;AREA 1;SUMBAGTENG;BUKIT TINGGI;SPE;AOk4260721081224003097550;1;Anomaly;
202609;AREA 1;SUMBAGSEL;BENGKULU;TSS;AOi42607220733094105b0a30;1;Anomaly;
202609;AREA 4;SULAWESI;KENDARI;KKA;AOi4260721042544514b0c300;1;Anomaly;
202609;AREA 1;SUMBAGUT;PADANG SIDEMPUAN;PND;AOi4260720114432126225fc0;0;Comply;0,58
202609;AREA 4;SULAWESI;MAKASSAR;MAT;AOi42607310913397198cd880;1;Anomaly;
202609;AREA 4;SULAWESI;GORONTALO;GTL;AOi4260711011853039899900;0;Anomaly;
202609;AREA 2;JABAR;TASIKMALAYA;SPA;AOi4260728084724404bbb0a0;1;Anomaly;
202609;AREA 4;KALIMANTAN;PALANGKARAYA;PRC;AOi42607120826411101b0dd0;0;Anomaly;
202609;AREA 1;SUMBAGSEL;BENGKULU;TSS;AOi426072311440205866c6c0;1;Anomaly;
202609;AREA 1;SUMBAGUT;WESTERN MEDAN;BJI;AOi426070912383405127de90;0;Anomaly;
202609;AREA 4;MALUKU DAN PAPUA;SORONG;MWR;AOi4260721032609239e21230;0;Anomaly;
202609;AREA 3;BALI NUSRA;MATARAM;DMP;AOi42607080842446937fa980;1;Anomaly;
202609;AREA 1;SUMBAGTENG;DUMAI;TAK;AOi42607060239166179f7de0;1;Anomaly;
202609;AREA 4;KALIMANTAN;PANGKALAN BUN;KKU;AOi4260715112053021c008c0;0;Anomaly;
202609;AREA 2;CENTRAL JABOTABEK;SOUTHERN JAKARTA;RMG;PDAk4260710103010325d48610;1;Anomaly;
202609;AREA 3;JATENG-DIY;YOGYAKARTA;KGD;AOi4260722072236565f66b70;0;Anomaly;
202609;AREA 1;SUMBAGUT;CENTRAL MEDAN;TJR;AOi42607090740447466274d0;0;Anomaly;
202609;AREA 1;SUMBAGUT;PEMATANG SIANTAR;PER;AOi42607250326531284b9350;0;Anomaly;
202609;AREA 1;SUMBAGUT;CENTRAL MEDAN;CTD;AOi42607070907201716b6950;1;Anomaly;
202609;AREA 1;SUMBAGSEL;PALEMBANG;PBM;AOi42607281215084671a9920;0;Anomaly;
202609;AREA 3;BALI NUSRA;DENPASAR;NSD;AOi4260724015911650e1a3d0;0;Anomaly;
202609;AREA 3;JATENG-DIY;PEKALONGAN;SBA;AOi4260710072929491a92720;1;Anomaly;-24,96
202609;AREA 2;CENTRAL JABOTABEK;NORTHERN JAKARTA;MRD;PDAk4260709063623324c08f30;0;Anomaly;
202609;AREA 4;SULAWESI;KENDARI;MDG;AOi4260723010743306cffa70;0;Anomaly;
202609;AREA 3;JATENG-DIY;MAGELANG;MGE;AOk4260729023240984258eb0;0;Comply;-22,38
202609;AREA 3;JATIM;SURABAYA;JGR;AOs32607171232244309cd4c0;0;Anomaly;
202609;AREA 4;SULAWESI;KENDARI;UNH;AOi42607030823319596871a0;0;Anomaly;
202609;AREA 4;KALIMANTAN;PANGKALAN BUN;KWN;AOs3260721091354196cfbf90;1;Anomaly;-1,92
202609;AREA 3;JATIM;MALANG;CAT;AOi426072010133600642f190;1;Anomaly;
202609;AREA 2;EASTERN JABOTABEK;KARAWANG;BBL;AOi4260724082926778c5fdd0;1;Anomaly;
202609;AREA 3;JATENG-DIY;SEMARANG;ABR;AOs3260714113217241dc5a70;1;Anomaly;
202609;AREA 3;JATIM;MALANG;KLJ;AOi426071106230646920b140;1;Anomaly;
202609;AREA 3;BALI NUSRA;DENPASAR;UBN;AOi42607261021503143b1e80;1;Anomaly;
202609;AREA 4;SULAWESI;MANADO;TNT;AOk4260722024745846a898b0;1;Anomaly;
202609;AREA 3;BALI NUSRA;FLORES;RTE;AOi42607270619309919a0310;0;Anomaly;
202609;AREA 3;BALI NUSRA;DENPASAR;SGR;AOi4260718065632561ce17c0;1;Anomaly;
202609;AREA 1;SUMBAGUT;BANDA ACEH;MBO;AOi42607300823212074ed8a0;0;Anomaly;
202609;AREA 4;SULAWESI;KENDARI;KDR;AOi4260709103754822072040;0;Anomaly;
202609;AREA 2;EASTERN JABOTABEK;KARAWANG;KRW;AOi4260718012251782c60520;0;Anomaly;
202609;AREA 2;CENTRAL JABOTABEK;NORTHERN JAKARTA;KTX;AOi426071801123218439b810;1;Anomaly;
202609;AREA 3;JATENG-DIY;PEKALONGAN;PML;AOi42607190949131326440a0;1;Anomaly;
202609;AREA 1;SUMBAGSEL;PANGKAL PINANG;PGP;AOi42607260822598750063c0;0;Anomaly;
202609;AREA 2;CENTRAL JABOTABEK;SOUTHERN JAKARTA;PSM;AOi1260706125114815c59940;1;Anomaly;
202609;AREA 3;JATENG-DIY;SEMARANG;GNK;AOi4260716092622593c12650;1;Anomaly;
202609;AREA 1;SUMBAGUT;PADANG SIDEMPUAN;SBG;AOi426070806101876497cc10;1;Anomaly;
202609;AREA 1;SUMBAGUT;PEMATANG SIANTAR;TGD;AOi426071312363934336e6e0;0;Anomaly;
202609;AREA 1;SUMBAGUT;PEMATANG SIANTAR;RBM;AOi42607110209551198ba190;1;Anomaly;
202609;AREA 1;SUMBAGTENG;BATAM;LBJ;AOi4260707082719989798790;1;Anomaly;
202609;AREA 1;SUMBAGUT;WESTERN MEDAN;PBD;AOi42607190430432558cdb60;0;Anomaly;
202609;AREA 4;KALIMANTAN;BANJARMASIN;BLC;AOi42607060135080972aedb0;0;Anomaly;
202609;AREA 1;SUMBAGUT;BANDA ACEH;GEU;AOi426070407180342311c300;0;Anomaly;
202609;AREA 3;BALI NUSRA;MATARAM;BIM;AOi42607300703181524c4ce0;0;Anomaly;
202609;AREA 4;SULAWESI;MAKASSAR;TMA;AOi4260709034510756384810;0;Anomaly;
202609;AREA 3;JATENG-DIY;YOGYAKARTA;KGD;AOi4260721120704186c69f10;0;Anomaly;
202609;AREA 4;MALUKU DAN PAPUA;AMBON;PAO;AOi42607180637064365300b0;1;Anomaly;
202609;AREA 1;SUMBAGUT;BANDA ACEH;TTN;AOi42607141022127994eead0;0;Anomaly;
202609;AREA 1;SUMBAGUT;CENTRAL MEDAN;PUB;AOi4260709105221366879c10;0;Anomaly;
202609;AREA 3;JATIM;SURABAYA;WRP;AOi4260714110457456b352c0;0;Anomaly;
202609;AREA 4;SULAWESI;MANADO;KTG;AOi4260716034941532a24d50;0;Anomaly;
202609;AREA 1;SUMBAGTENG;DUMAI;BKN;AOi4260723103742868daa900;1;Anomaly;
202609;AREA 3;BALI NUSRA;MATARAM;BIM;AOi42607130808486805c9440;0;Anomaly;
202609;AREA 1;SUMBAGSEL;JAMBI;RBB;AOi4260708110900140a7c530;1;Anomaly;
202609;AREA 4;KALIMANTAN;BANJARMASIN;ULI;AOi42607220729483051ceb20;1;Anomaly;
202609;AREA 4;SULAWESI;PARE-PARE;MLL;AOi126070709544709626db60;1;Anomaly;
202609;AREA 3;BALI NUSRA;KUPANG;ATB;AOi42607030745354018d7c30;0;Comply;-145,45
202609;AREA 1;SUMBAGUT;RANTAU PRAPAT;RAP;AOi4260719113317636f7df10;0;Anomaly;
202609;AREA 1;SUMBAGTENG;BATAM;BTC;AOi4260706085935335da8990;1;Anomaly;
202609;AREA 2;JABAR;BANDUNG;LBG;AOi426071511413515661f420;1;Anomaly;
202609;AREA 4;KALIMANTAN;BANJARMASIN;SER;AOi42607120330504544d5520;1;Anomaly;
202609;AREA 4;MALUKU DAN PAPUA;SORONG;SON;AOb0260707012647163155940;0;Anomaly;
202609;AREA 4;KALIMANTAN;PONTIANAK;SEI;PDAk426072208220741030d2c0;1;Anomaly;
202609;AREA 3;BALI NUSRA;KUPANG;WGP;AOk426071403150746578ec00;1;Anomaly;
202609;AREA 2;JABAR;CIREBON;SDU;AOi42607200731093173a78e0;1;Anomaly;
202609;AREA 2;JABAR;BANDUNG;RJW;AOi426070906443292147c520;1;Anomaly;
202609;AREA 3;JATENG-DIY;YOGYAKARTA;PKM;AOk4260721074734378142df0;0;Anomaly;
202609;AREA 4;KALIMANTAN;SAMARINDA;LMP;AOi4260726041555089cbdc60;1;Anomaly;
202609;AREA 1;SUMBAGUT;CENTRAL MEDAN;TMU;AOi4260720050227523f30960;1;Anomaly;
202609;AREA 2;WESTERN JABOTABEK;TANGERANG;LKG;AOk42607100136132155f3c60;1;Anomaly;
202609;AREA 4;KALIMANTAN;PALANGKARAYA;PYM;AOs3260702070706243c06d90;0;Anomaly;
202609;AREA 4;SULAWESI;PALU;TOL;AOi42607170949092906ac860;1;Anomaly;
202609;AREA 4;SULAWESI;MANADO;MDO;PDAk4260725082133380d0b6d0;0;Anomaly;
202609;AREA 1;SUMBAGUT;CENTRAL MEDAN;SPM;AOi42607290506080541b3ed0;0;Anomaly;
202609;AREA 2;CENTRAL JABOTABEK;NORTHERN JAKARTA;TGA;AOk4260713034043770f7fe10;0;Comply;-36,53
202609;AREA 4;KALIMANTAN;BALIKPAPAN;BRU;AOs3260729052229392f8ff30;0;Anomaly;
202609;AREA 4;SULAWESI;MANADO;TNT;AOi42607160339324488ce390;0;Anomaly;
202609;AREA 2;CENTRAL JABOTABEK;NORTHERN JAKARTA;PDM;AOi4260723043358733155250;1;Anomaly;
202609;AREA 1;SUMBAGSEL;PALEMBANG;SKY;AOi4260708062848843a55b20;1;Anomaly;
202609;AREA 2;CENTRAL JABOTABEK;SOUTHERN JAKARTA;BIN;AOi4260726120211999d18bb0;0;Anomaly;
202609;AREA 4;KALIMANTAN;PONTIANAK;SAO;AOi426072310363048513a410;0;Anomaly;
202609;AREA 4;SULAWESI;PALU;SNN;AOi4260716111036541b806b0;1;Anomaly;
202609;AREA 4;KALIMANTAN;BALIKPAPAN;KJN;AOi1260711062141893bec260;1;Anomaly;
202609;AREA 1;SUMBAGSEL;PANGKAL PINANG;TJN;AOi42607080617294820f8f80;0;Anomaly;
202609;AREA 2;CENTRAL JABOTABEK;NORTHERN JAKARTA;MRD;PDAk4260709063623324c08f30;1;Anomaly;
202609;AREA 1;SUMBAGSEL;PANGKAL PINANG;PGP;AOi4260718091422018b3c580;0;Anomaly;
202609;AREA 3;BALI NUSRA;FLORES;LBO;AOi4260717071536625edd040;0;Anomaly;
202609;AREA 1;SUMBAGUT;CENTRAL MEDAN;TJR;AOi426071201104950999df60;0;Anomaly;
202609;AREA 3;JATENG-DIY;SEMARANG;BOJ;AOi4260705090225071a39800;0;Anomaly;
202609;AREA 1;SUMBAGSEL;JAMBI;PKB;AOi42607270813473011b0cc0;1;Anomaly;
202609;AREA 4;KALIMANTAN;BANJARMASIN;LUL;AOi4260725093628885525f20;1;Anomaly;
202609;AREA 3;JATIM;SIDOARJO;MJS;AOi4260721085047242087210;0;Anomaly;
202609;AREA 1;SUMBAGSEL;PALEMBANG;BTA;AOi42607210753532585fd4f0;0;Anomaly;
202609;AREA 1;SUMBAGUT;BANDA ACEH;GEU;AOi4260706114707425170910;0;Anomaly;
202609;AREA 4;KALIMANTAN;PALANGKARAYA;KSO;AOi4260730015422845df7270;0;Anomaly;
202609;AREA 3;JATENG-DIY;PEKALONGAN;TEG;AOi42607301042089052d8750;0;Anomaly;
202609;AREA 1;SUMBAGTENG;BUKIT TINGGI;TKU;AOi4260713072454291913b00;0;Anomaly;
202609;AREA 1;SUMBAGSEL;JAMBI;SPN;AOi4260708085736673840580;1;Anomaly;
202609;AREA 1;SUMBAGTENG;DUMAI;DRI;AOi4260730014448929aee690;1;Anomaly;
202609;AREA 4;KALIMANTAN;PONTIANAK;PTK;AOi4260724095016087abd0e0;0;Anomaly;
202609;AREA 3;JATENG-DIY;SEMARANG;MKG;AOi4260710011805889655310;0;Anomaly;
202609;AREA 4;KALIMANTAN;PANGKALAN BUN;KWN;AOi4260727023623835e65230;1;Anomaly;
202609;AREA 1;SUMBAGTENG;PADANG;ULK;AOi4260713114858921cfc830;0;Anomaly;
202609;AREA 2;EASTERN JABOTABEK;BOGOR;BOO;AOi4260731091322832316260;0;Anomaly;
202609;AREA 1;SUMBAGUT;CENTRAL MEDAN;SKI;AOk4260715090424969048fd0;0;Anomaly;
202609;AREA 1;SUMBAGUT;BANDA ACEH;BPD;AOi4260722024651573a0f500;0;Anomaly;
202609;AREA 1;SUMBAGUT;BANDA ACEH;DAR;AOi426071505233809110a4a0;0;Anomaly;
202609;AREA 1;SUMBAGTENG;PEKANBARU;ARK;PDAk426070802240971137e2e0;1;Anomaly;
202609;AREA 1;SUMBAGUT;CENTRAL MEDAN;TTG;AOk4260714062640271281990;0;Anomaly;
202609;AREA 4;SULAWESI;BONE;SID;AOs3260726103956656fb67b0;1;Anomaly;
202609;AREA 2;CENTRAL JABOTABEK;SOUTHERN JAKARTA;PGG;AOk426071102565981783bdc0;1;Anomaly;
202609;AREA 4;KALIMANTAN;BANJARMASIN;KDG;AOk426071410040543726daf0;1;Anomaly;
202609;AREA 1;SUMBAGUT;CENTRAL MEDAN;TTG;AOi4260721043513047b84650;0;Comply;-42,29
202609;AREA 4;SULAWESI;MAKASSAR;TKA;AOi4260715080332577fa6040;1;Anomaly;
202609;AREA 1;SUMBAGUT;WESTERN MEDAN;LSM;AOi1260722011435388050510;0;Anomaly;
202609;AREA 4;KALIMANTAN;PALANGKARAYA;PLK;AOi1260728050408910644350;1;Anomaly;
202609;AREA 4;KALIMANTAN;BANJARMASIN;ULI;AOi4260720071553518bbfba0;1;Anomaly;
202609;AREA 4;KALIMANTAN;BANJARMASIN;BJM;AOi4260707073552720cd5490;1;Anomaly;
202609;AREA 4;KALIMANTAN;BANJARMASIN;BBR;AOi4260712025337005dcae80;1;Anomaly;
202609;AREA 4;SULAWESI;MANADO;SFI;AOi12607270703283865af450;1;Anomaly;
202609;AREA 1;SUMBAGUT;BANDA ACEH;LTM;PDAk4260708105655463e61a30;0;Anomaly;
202609;AREA 1;SUMBAGSEL;LAMPUNG;BDA;AOi42607240615008160e07e0;1;Anomaly;
202609;AREA 3;JATIM;SURABAYA;TNS;AOi42607290306317626e7d70;0;Anomaly;
202609;AREA 3;JATENG-DIY;PEKALONGAN;KJE;AOi42607221231371554b35a0;1;Anomaly;
202609;AREA 3;JATIM;SURABAYA;MGO;AOi42607080114070132ec6c0;1;Anomaly;
202609;AREA 4;KALIMANTAN;PONTIANAK;SRY;AOi4260726091906088a9b090;0;Anomaly;
202609;AREA 2;EASTERN JABOTABEK;KARAWANG;TAR;AOi426072310034733502ef50;1;Anomaly;
202609;AREA 1;SUMBAGSEL;PALEMBANG;BTA;AOi426071112525008741a5f0;0;Anomaly;
202609;AREA 1;SUMBAGUT;CENTRAL MEDAN;TJR;PDAk4260722102058012f91390;0;Anomaly;
202609;AREA 2;JABAR;SOREANG;JTW;AOi4260727015753912583b30;1;Anomaly;
202609;AREA 1;SUMBAGSEL;PANGKAL PINANG;PGP;AOk4260718102129901858330;0;Anomaly;
202609;AREA 4;SULAWESI;MAKASSAR;SUD;AOk426073011410362851a0b0;1;Anomaly;-94,25
202609;AREA 3;JATIM;SURABAYA;RKT;AOi4260716045156879a67e30;0;Anomaly;
202609;AREA 4;SULAWESI;KENDARI;WNC;AOi4260714123838703412170;0;Anomaly;
202609;AREA 3;JATENG-DIY;MAGELANG;MGE;AOi4260714100419093f55070;0;Anomaly;
202609;AREA 1;SUMBAGTENG;PADANG;SUN;AOi42607140934336596c45d0;1;Anomaly;
202609;AREA 2;JABAR;BANDUNG;PDL;AOi42607151112141007f4b90;1;Anomaly;
202609;AREA 2;JABAR;BANDUNG;DGO;AOs326070902000859687fb80;1;Anomaly;
202609;AREA 3;JATIM;MALANG;KPO;AOi4260713085351903c7c4d0;1;Anomaly;
202609;AREA 3;BALI NUSRA;MATARAM;MLK;AOi426072310122085486cfa0;0;Anomaly;
202609;AREA 4;KALIMANTAN;PONTIANAK;BKY;AOk42607241031428052cef10;1;Anomaly;-0,01
202609;AREA 4;MALUKU DAN PAPUA;TIMIKA;MRK;AOk4260716102600522fb0cd0;1;Anomaly;
202609;AREA 4;SULAWESI;MAKASSAR;MAT;AOs32607080945422707c85e0;0;Comply;-1,40
202609;AREA 2;JABAR;BANDUNG;LBG;AOi42607210157360761e3f20;0;Anomaly;
202609;AREA 1;SUMBAGUT;BANDA ACEH;MBO;AOi4260709083440069685840;0;Anomaly;
202609;AREA 1;SUMBAGUT;RANTAU PRAPAT;KPI;AOi42607220531300838bc180;0;Anomaly;
202609;AREA 4;SULAWESI;MANADO;TNT;AOi1260730122741337d3a440;0;Comply;-15,46
202609;AREA 3;JATIM;SURABAYA;MGO;AOi42607131109364113913a0;0;Anomaly;
202609;AREA 3;JATIM;MALANG;SWJ;AOi42607201231405500b23e0;1;Anomaly;
202609;AREA 4;SULAWESI;PARE-PARE;PRE;AOi4260724030003072cbfd80;0;Anomaly;
202609;AREA 1;SUMBAGTENG;PADANG;BDT;AOi4260731110741060c12650;1;Anomaly;
202609;AREA 3;BALI NUSRA;KUPANG;KPN;AOi426071301195092701b010;1;Anomaly;
202609;AREA 4;SULAWESI;KENDARI;KDR;AOi4260711035412888a67340;0;Anomaly;
202609;AREA 2;CENTRAL JABOTABEK;SOUTHERN JAKARTA;JAG;AOs32607240139340541da020;1;Anomaly;-20,35
202609;AREA 3;JATENG-DIY;PURWOKERTO;AJB;AOi4260719094454626452c50;0;Anomaly;
202609;AREA 3;BALI NUSRA;MATARAM;SBW;AOi4260718060655267abb4f0;0;Anomaly;
202609;AREA 3;BALI NUSRA;KUPANG;OSP;AOi4260716120309512d2bec0;0;Anomaly;
202609;AREA 1;SUMBAGTENG;BATAM;SLU;AOs3260728030800748eba530;0;Anomaly;
202609;AREA 1;SUMBAGTENG;PEKANBARU;ARK;AOi426071404523015145f390;0;Anomaly;
202609;AREA 4;KALIMANTAN;BALIKPAPAN;GSA;PDAk42607140909270881909a0;0;Anomaly;
202609;AREA 1;SUMBAGUT;RANTAU PRAPAT;KPI;AOi4260719075755770937cb0;0;Anomaly;
202609;AREA 2;JABAR;TASIKMALAYA;TSM;AOi42607180759033527fb300;0;Comply;-41,86
202609;AREA 2;JABAR;CIREBON;CBN;AOk4260708010051809f40a50;1;Anomaly;
202609;AREA 4;MALUKU DAN PAPUA;AMBON;TUA;AOi4260706035916683e29ce0;1;Anomaly;
202609;AREA 4;KALIMANTAN;SAMARINDA;LMP;AOi4260717022446953fb6fb0;0;Anomaly;
202609;AREA 3;BALI NUSRA;DENPASAR;UBN;AOi4260730093743888c4b650;1;Anomaly;
202609;AREA 2;JABAR;BANDUNG;CSA;AOi4260717020846225cbc700;1;Anomaly;
202609;AREA 3;BALI NUSRA;DENPASAR;KUT;AOi42607190527315483acdb0;1;Anomaly;-17,39
202609;AREA 1;SUMBAGTENG;DUMAI;BGU;AOi4260715041102789409fb0;1;Anomaly;
202609;AREA 2;JABAR;CIREBON;PRD;AOi4260713040922573ee24f0;1;Anomaly;
202609;AREA 1;SUMBAGUT;PEMATANG SIANTAR;DLM;AOi4260730044152291f6f7c0;0;Anomaly;
202609;AREA 3;JATENG-DIY;YOGYAKARTA;WNS;AOi42607211111017224f28f0;1;Anomaly;
202609;AREA 4;SULAWESI;MAKASSAR;PNK;AOi42607260433551701c9710;1;Anomaly;
202609;AREA 1;SUMBAGUT;RANTAU PRAPAT;TJB;AOi4260714025906270510210;1;Anomaly;
202609;AREA 2;JABAR;BANDUNG;CSA;PDAk4260706011047054386420;1;Anomaly;
202609;AREA 2;JABAR;CIREBON;KNG;AOi426072608002952885d030;1;Anomaly;
202609;AREA 1;SUMBAGUT;CENTRAL MEDAN;SKI;AOi4260731015131010789260;0;Anomaly;
202609;AREA 3;BALI NUSRA;DENPASAR;TBN;AOi4260718061205738e2f490;1;Anomaly;
202609;AREA 2;CENTRAL JABOTABEK;SOUTHERN JAKARTA;JAG;AOi42607040448210244dff20;0;Anomaly;
202609;AREA 1;SUMBAGSEL;LAMPUNG;MGA;AOs32607181252486864513f0;1;Anomaly;
202609;AREA 1;SUMBAGUT;PEMATANG SIANTAR;BST;AOi4260710023316075445f00;0;Anomaly;
202609;AREA 3;JATENG-DIY;MAGELANG;PRN;AOi42607280549497715b3950;0;Anomaly;
202609;AREA 3;BALI NUSRA;DENPASAR;SGR;AOi42607210102318952d5280;1;Anomaly;
202609;AREA 3;JATENG-DIY;SEMARANG;JHR;AOi4260705100046540df2590;1;Anomaly;
202609;AREA 1;SUMBAGTENG;PEKANBARU;PBB;AOi426071203172498419e690;1;Anomaly;
202609;AREA 1;SUMBAGTENG;BUKIT TINGGI;LBS;AOi42607130353493528ea0c0;1;Anomaly;
202609;AREA 2;CENTRAL JABOTABEK;NORTHERN JAKARTA;CKG;AOs32607160403480753fbe80;0;Anomaly;
202609;AREA 3;JATIM;SIDOARJO;BNL;AOi42607170853116968bce60;1;Anomaly;
202609;AREA 1;SUMBAGUT;CENTRAL MEDAN;LBP;AOi42607290350404769302a0;0;Anomaly;
202609;AREA 1;SUMBAGUT;PADANG SIDEMPUAN;SBG;AOi42607271258578709e9680;0;Anomaly;
202609;AREA 2;JABAR;BANDUNG;DGO;AOk4260707113144902a84a70;1;Anomaly;
202609;AREA 4;KALIMANTAN;TARAKAN;NNK;AOi426072007521438095c590;0;Anomaly;
202609;AREA 3;JATENG-DIY;SURAKARTA;BYL;AOi42607090159589975c0300;1;Anomaly;
202609;AREA 2;JABAR;SOREANG;BJA;AOi426072202001679368e4e0;1;Anomaly;
202609;AREA 1;SUMBAGSEL;LAMPUNG;TJK;AOb0260708125534359e0f360;0;Anomaly;
202609;AREA 1;SUMBAGUT;BANDA ACEH;GEU;AOi42607310523324207916f0;1;Anomaly;
202609;AREA 4;MALUKU DAN PAPUA;TIMIKA;TIM;AOi42607311233149621908d0;1;Anomaly;
202609;AREA 4;KALIMANTAN;PONTIANAK;SDR;AOi426070810034193770f5c0;1;Anomaly;
202609;AREA 4;SULAWESI;BONE;SIN;AOi4260704072907815f18c40;1;Anomaly;
202609;AREA 4;SULAWESI;KENDARI;KDR;AOi4260717080414428c03e30;0;Anomaly;
202609;AREA 2;EASTERN JABOTABEK;KARAWANG;PLD;AOi42607131201149296630c0;1;Anomaly;
202609;AREA 4;SULAWESI;MAKASSAR;SUG;AOi426070803170658985b560;1;Anomaly;
202609;AREA 4;SULAWESI;MAKASSAR;SUG;AOi426070803170658985b560;1;Anomaly;
202609;AREA 2;EASTERN JABOTABEK;KARAWANG;CBU;AOi4260724092701144660ea0;1;Anomaly;
202609;AREA 1;SUMBAGUT;CENTRAL MEDAN;TJM;AOk4260719110425631648780;1;Anomaly;
202609;AREA 2;CENTRAL JABOTABEK;NORTHERN JAKARTA;MRD;PDAk4260709063623324c08f30;1;Anomaly;
202609;AREA 2;WESTERN JABOTABEK;SERANG;LGK;AOi426071206404326280f960;0;Anomaly;
202609;AREA 1;SUMBAGUT;CENTRAL MEDAN;PUB;AOk4260731122112416909c50;0;Comply;-40,44
202609;AREA 3;BALI NUSRA;MATARAM;PRY;AOi1260711071902890334360;0;Anomaly;
202609;AREA 4;KALIMANTAN;BANJARMASIN;BBR;AOi4260713015119190ef6d10;1;Anomaly;
202609;AREA 1;SUMBAGSEL;JAMBI;MAB;AOi4260719060611164508b50;1;Anomaly;
202609;AREA 1;SUMBAGUT;CENTRAL MEDAN;TJR;AOs3260707103817164873950;0;Anomaly;
202609;AREA 3;JATIM;SURABAYA;BKL;AOi4260716121638923527b60;1;Anomaly;-10,12
202609;AREA 4;KALIMANTAN;BANJARMASIN;LUL;AOi42607060421132176ca1d0;1;Anomaly;
202609;AREA 4;KALIMANTAN;BANJARMASIN;MTP;AOi4260718105815872fbbfb0;1;Anomaly;
202609;AREA 4;KALIMANTAN;BANJARMASIN;MTP;AOk426071512512357969b870;1;Anomaly;
202609;AREA 1;SUMBAGTENG;BUKIT TINGGI;SPE;AOi4260730105529371be48d0;1;Anomaly;
202609;AREA 1;SUMBAGUT;WESTERN MEDAN;KSG;PDAk4260725115651135036ed0;1;Anomaly;
202609;AREA 3;JATIM;MALANG;GDG;AOi4260714011955422f663d0;0;Anomaly;
202609;AREA 1;SUMBAGSEL;PALEMBANG;MUD;AOi4260713050457300546d00;1;Anomaly;
202609;AREA 3;JATENG-DIY;SEMARANG;SMT;AOi4260725035208904f27430;1;Anomaly;
202609;AREA 4;KALIMANTAN;BANJARMASIN;MTP;AOi4260711093344166dda160;1;Anomaly;
202609;AREA 2;CENTRAL JABOTABEK;NORTHERN JAKARTA;TPR;AOi42607180248052725df570;0;Anomaly;
202609;AREA 3;JATENG-DIY;YOGYAKARTA;BTL;AOi4260721062708233f8e7d0;0;Comply;-23,17
202609;AREA 4;SULAWESI;MAKASSAR;BAL;AOi426072907510405641a240;0;Anomaly;
202609;AREA 1;SUMBAGUT;CENTRAL MEDAN;LBP;AOi4260713112629442acda90;0;Anomaly;
202609;AREA 2;EASTERN JABOTABEK;KARAWANG;RDK;AOi426072111551757091b800;0;Comply;-32,27
202609;AREA 3;JATENG-DIY;SURAKARTA;SRG;AOi426071807165383006b7b0;1;Anomaly;
202609;AREA 2;WESTERN JABOTABEK;SERANG;LGK;AOk4260709031633035c72c50;1;Anomaly;
202609;AREA 1;SUMBAGUT;RANTAU PRAPAT;TJB;PDAk4260704111311224bf41b0;1;Anomaly;
202609;AREA 1;SUMBAGTENG;BATAM;BLP;AOi4260718091701355dc5810;0;Anomaly;
202609;AREA 4;SULAWESI;MAKASSAR;TMA;AOi4260715011946496738150;1;Anomaly;
202609;AREA 1;SUMBAGUT;CENTRAL MEDAN;GLG;AOi4260713080634405438ec0;0;Anomaly;
202609;AREA 2;WESTERN JABOTABEK;TANGERANG;GDS;AOi4260705113440149746310;0;Comply;-19,26
202609;AREA 2;CENTRAL JABOTABEK;NORTHERN JAKARTA;KTZ;AOi4260721100223805d68b30;1;Anomaly;
202609;AREA 4;KALIMANTAN;BANJARMASIN;BBR;AOk4260724093716747d381f0;1;Anomaly;
202609;AREA 1;SUMBAGSEL;JAMBI;PKB;AOi42607080913252557caa10;1;Anomaly;
202609;AREA 4;KALIMANTAN;PONTIANAK;STA;AOi4260728055933279062ff0;1;Anomaly;
202609;AREA 4;KALIMANTAN;PONTIANAK;RBA;AOk42607130358540172a2e00;1;Anomaly;
202609;AREA 4;KALIMANTAN;PANGKALAN BUN;KKU;AOi4260722101344162ac8850;1;Anomaly;
202609;AREA 1;SUMBAGUT;PEMATANG SIANTAR;BLG;AOi4260724081232094a07cd0;0;Anomaly;
202609;AREA 4;KALIMANTAN;BANJARMASIN;BBR;AOi1260707010628638272fb0;1;Anomaly;
202609;AREA 4;SULAWESI;GORONTALO;TLG;AOi426072002423411800a7b0;0;Anomaly;
202609;AREA 4;SULAWESI;BONE;SID;AOi4260709015331564202900;0;Anomaly;
202609;AREA 3;BALI NUSRA;MATARAM;PRY;AOi426070610232742398b720;0;Anomaly;
202609;AREA 2;EASTERN JABOTABEK;KARAWANG;BGG;AOi1260720023731820c5eda0;1;Anomaly;
202609;AREA 4;KALIMANTAN;TARAKAN;TRK;AOi42607240517338804f8310;0;Anomaly;
202609;AREA 4;SULAWESI;PARE-PARE;PLP;AOi4260715102738802225a10;0;Anomaly;
202609;AREA 4;KALIMANTAN;PANGKALAN BUN;KPB;AOi426070810075175197c190;1;Anomaly;58,37
202609;AREA 3;BALI NUSRA;MATARAM;KMP;AOi42607280200238095c44d0;0;Anomaly;
202609;AREA 1;SUMBAGUT;CENTRAL MEDAN;PUB;AOi42607131248160492d13c0;1;Anomaly;
202609;AREA 4;SULAWESI;PARE-PARE;MAM;AOi42607271005273828ec620;0;Anomaly;
202609;AREA 1;SUMBAGUT;CENTRAL MEDAN;MDC;AOi42607220549100059cd970;0;Anomaly;
202609;AREA 2;EASTERN JABOTABEK;KARAWANG;TAR;AOi4260720020047355ce7280;1;Anomaly;-15,41
202609;AREA 2;EASTERN JABOTABEK;BOGOR;CBD;AOi4260715021126486a4e5c0;0;Anomaly;
202609;AREA 2;WESTERN JABOTABEK;SERANG;PDG;AOi4260730110135311c9f0b0;0;Anomaly;
202609;AREA 1;SUMBAGTENG;PADANG;ULK;AOi42607280853422999d7c40;0;Anomaly;
202609;AREA 1;SUMBAGSEL;LAMPUNG;MGA;AOs32607181252486864513f0;1;Anomaly;
202609;AREA 4;SULAWESI;PALU;TWL;AOi42607141041351154f8740;1;Anomaly;
202609;AREA 3;JATIM;SURABAYA;KPS;PDAk4260721112010825d0d5c0;1;Anomaly;
202609;AREA 1;SUMBAGUT;PEMATANG SIANTAR;TBT;AOi4260717021834302aca3c0;0;Anomaly;
202609;AREA 4;MALUKU DAN PAPUA;AMBON;ABO;AOi42607260117223738080d0;1;Anomaly;
202609;AREA 1;SUMBAGSEL;BENGKULU;TMO;AOi4260704104802946ed5140;1;Anomaly;
202609;AREA 3;JATENG-DIY;YOGYAKARTA;SMN;AOi4260720123203771dfc2d0;1;Anomaly;
202609;AREA 2;WESTERN JABOTABEK;SERANG;PDG;AOi4260727042328336fef760;0;Anomaly;
202609;AREA 4;SULAWESI;MANADO;AMR;AOi4260723070116410e16090;1;Anomaly;
202609;AREA 4;SULAWESI;PALU;PLB;AOi42607080203170764eead0;1;Anomaly;
202609;AREA 4;KALIMANTAN;PONTIANAK;JAW;AOi4260630095057132148100;1;Anomaly;
202609;AREA 2;JABAR;BANDUNG;LBG;AOi4260723105940670ef1530;1;Anomaly;
202609;AREA 4;SULAWESI;KENDARI;KDR;AOi4260724042632801463850;0;Not Comply;138,06
202609;AREA 3;JATIM;JEMBER;LMJ;AOi426073011014574904a1b0;1;Anomaly;
202609;AREA 3;JATENG-DIY;SURAKARTA;KRT;AOi4260705105739945c49f90;1;Anomaly;
202609;AREA 4;SULAWESI;MAKASSAR;TMA;AOi4260722073805857e36840;1;Anomaly;
202609;AREA 4;KALIMANTAN;PONTIANAK;JAW;AOi42607151255595598285d0;1;Anomaly;
202609;AREA 4;SULAWESI;MAKASSAR;ANT;AOi42607140303273412b0000;0;Anomaly;
202609;AREA 4;KALIMANTAN;BANJARMASIN;LUL;PDAk4260718022058444a40bf0;1;Anomaly;
202609;AREA 1;SUMBAGTENG;DUMAI;BKN;AOs3260726083801231bc56d0;1;Anomaly;
202609;AREA 4;KALIMANTAN;BANJARMASIN;BLC;AOi4260723010134796c32e40;1;Anomaly;
202609;AREA 1;SUMBAGUT;CENTRAL MEDAN;TJR;AOi4260720030035850e43620;0;Anomaly;
202609;AREA 1;SUMBAGTENG;DUMAI;BGU;AOi4260727053632290fbe0a0;1;Anomaly;
202609;AREA 3;JATIM;SURABAYA;RKT;AOi4260716100706066c57d30;1;Anomaly;
202609;AREA 1;SUMBAGUT;CENTRAL MEDAN;SKI;AOi4260710023939576492230;1;Anomaly;
202609;AREA 1;SUMBAGUT;PADANG SIDEMPUAN;TRT;AOi1260728125254370b3d740;0;Not Comply;27,52
202609;AREA 3;JATENG-DIY;SEMARANG;SLI;AOi4260707075923125161980;1;Anomaly;
202609;AREA 2;JABAR;SOREANG;RCK;AOi42607121132427882cddf0;1;Anomaly;
202609;AREA 4;SULAWESI;BONE;BLK;AOi4260708095813824a57bb0;1;Anomaly;
202609;AREA 3;JATIM;SURABAYA;MGO;AOk4260727054747924c2b200;0;Anomaly;
202609;AREA 4;KALIMANTAN;PONTIANAK;JAW;AOi4260713033349496ce8440;1;Anomaly;43,50
202609;AREA 4;MALUKU DAN PAPUA;SORONG;FFA;AOs32607190821099179b7220;0;Anomaly;
202609;AREA 1;SUMBAGUT;PEMATANG SIANTAR;SDK;AOi4260724121756753a63470;1;Anomaly;
202609;AREA 2;JABAR;BANDUNG;LEM;AOi42607300636585444c97a0;1;Anomaly;
202609;AREA 1;SUMBAGTENG;BATAM;BTC;AOi42607301257524777438b0;1;Anomaly;
202609;AREA 4;KALIMANTAN;PONTIANAK;SNW;AOi42607190911231794cfff0;1;Anomaly;
202609;AREA 4;MALUKU DAN PAPUA;AMBON;PAO;AOi4260724120107350cc3590;1;Anomaly;
202609;AREA 1;SUMBAGUT;CENTRAL MEDAN;TJR;AOi42607110830398575ff560;0;Anomaly;
202609;AREA 3;BALI NUSRA;KUPANG;OSP;AOi42607060232059512d9c10;1;Anomaly;
202609;AREA 4;KALIMANTAN;PANGKALAN BUN;KTP;AOi4260726094326291c4a800;0;Anomaly;
202609;AREA 3;JATENG-DIY;SURAKARTA;GLD;AOk4260710033426287f161a0;1;Anomaly;
202609;AREA 3;JATENG-DIY;PURWOKERTO;CLC;AOi4260730085713371d077f0;0;Anomaly;
202609;AREA 3;JATENG-DIY;YOGYAKARTA;KEN;AOk42607150102108167eb570;1;Anomaly;
202609;AREA 4;KALIMANTAN;PONTIANAK;SPY;AOk4260713093203611b86c20;1;Anomaly;-20,86
202609;AREA 1;SUMBAGTENG;PEKANBARU;RGT;AOk42607211210149685ea420;1;Anomaly;
202609;AREA 2;JABAR;SOREANG;SOR;AOi4260726110531030e0bfa0;0;Anomaly;
202609;AREA 3;BALI NUSRA;FLORES;MMR;AOi42607070711006989bd620;0;Anomaly;
202609;AREA 1;SUMBAGTENG;BUKIT TINGGI;PAM;AOi4260709045521767211850;0;Anomaly;
202609;AREA 1;SUMBAGTENG;BATAM;LBJ;AOi42607181130066655e8030;0;Anomaly;
202609;AREA 1;SUMBAGTENG;BUKIT TINGGI;PRS;AOi42607140932005354604f0;0;Anomaly;
202609;AREA 1;SUMBAGUT;WESTERN MEDAN;KGH;AOi4260721084259266379470;0;Anomaly;
202609;AREA 3;JATENG-DIY;SURAKARTA;BYL;AOi42607290347442484d1500;1;Anomaly;-63,43
202609;AREA 1;SUMBAGTENG;BUKIT TINGGI;SPE;AOk4260721081224003097550;0;Anomaly;
202609;AREA 4;MALUKU DAN PAPUA;AMBON;MSH;AOi4260727103623420c2f430;1;Anomaly;
202609;AREA 3;JATENG-DIY;SURAKARTA;KTO;AOi42607301023239856837b0;1;Anomaly;
202609;AREA 4;MALUKU DAN PAPUA;TIMIKA;MRK;AOi426070711483089055e890;1;Anomaly;
202609;AREA 3;JATIM;SURABAYA;KLN;AOi4260729123717549be9c50;0;Anomaly;
202609;AREA 4;SULAWESI;PARE-PARE;PRE;AOi42607301144497083f1d80;0;Anomaly;
202609;AREA 2;JABAR;BANDUNG;LBG;AOi4260716035044472cf7880;0;Anomaly;
202609;AREA 4;SULAWESI;MANADO;KTG;AOi4260720031923605350410;1;Anomaly;
202609;AREA 1;SUMBAGUT;CENTRAL MEDAN;PUB;AOi42607131051184014fb660;1;Anomaly;
202609;AREA 1;SUMBAGTENG;PEKANBARU;PBB;AOi4260721090101813a31b40;1;Anomaly;
202609;AREA 3;JATENG-DIY;PEKALONGAN;TEG;AOi42607301042089052d8750;1;Anomaly;
202609;AREA 3;JATENG-DIY;PEKALONGAN;TTL;AOi4260705070450758c895c0;1;Anomaly;
202609;AREA 4;KALIMANTAN;SAMARINDA;TMD;AOi4260725042846408eeaa00;0;Anomaly;
202609;AREA 1;SUMBAGUT;RANTAU PRAPAT;RAP;AOi4260718083504915fb8950;0;Anomaly;
202609;AREA 1;SUMBAGUT;CENTRAL MEDAN;SKI;AOi4260721122723419ea5670;1;Anomaly;
202609;AREA 2;JABAR;BANDUNG;RJW;AOi4260718063225238394120;1;Anomaly;
202609;AREA 1;SUMBAGTENG;BUKIT TINGGI;BKT;AOi4260720052451563b8f540;0;Comply;0,56
202609;AREA 2;JABAR;SOREANG;SOR;AOi42607201244556339b2580;0;Anomaly;
202609;AREA 1;SUMBAGUT;PEMATANG SIANTAR;BLG;AOi4260718104531159c409e0;0;Anomaly;
202609;AREA 4;SULAWESI;MANADO;TNT;AOi4260709013634838a3a380;1;Anomaly;
202609;AREA 2;JABAR;BANDUNG;DGO;AOi4260725040625464937e50;1;Anomaly;
202609;AREA 1;SUMBAGTENG;BATAM;LBJ;AOi4260713034753411275820;1;Anomaly;
202609;AREA 1;SUMBAGUT;CENTRAL MEDAN;SKI;AOk426072309282135716ddc0;1;Anomaly;
202609;AREA 3;JATIM;SIDOARJO;TUN;AOi42607060524496303776d0;1;Anomaly;
202609;AREA 1;SUMBAGTENG;BUKIT TINGGI;BKT;AOi426072803594476034b880;1;Anomaly;
202609;AREA 2;JABAR;CIREBON;SDU;AOi42607060746375896aecf0;1;Anomaly;
202609;AREA 1;SUMBAGUT;CENTRAL MEDAN;SKI;AOs326071209104474343ca50;1;Anomaly;
202609;AREA 3;JATENG-DIY;SEMARANG;SLI;AOs3260705074700932bbaad0;1;Anomaly;
202609;AREA 4;SULAWESI;MANADO;BIT;AOi4260721062148288426ae0;1;Anomaly;
202609;AREA 1;SUMBAGSEL;PALEMBANG;MPA;AOi426073111360979489b670;0;Anomaly;
202609;AREA 3;JATIM;SIDOARJO;SDN;AOi426072212591114457f2b0;0;Anomaly;
202609;AREA 2;JABAR;BANDUNG;LBG;AOi4260717084535179c96fb0;0;Anomaly;
202609;AREA 3;JATENG-DIY;YOGYAKARTA;PGR;AOi4260707065100288373380;1;Anomaly;
202609;AREA 3;BALI NUSRA;DENPASAR;KLM;AOs32607251212190501d3a00;0;Anomaly;
202609;AREA 2;JABAR;BANDUNG;LBG;AOi4260721095534607a27720;0;Not Comply;49,52
202609;AREA 1;SUMBAGTENG;BATAM;LBJ;AOi426071704131997719eb80;1;Anomaly;
202609;AREA 1;SUMBAGUT;CENTRAL MEDAN;SKI;AOi1260721022952394243c20;0;Comply;-41,16
202609;AREA 3;JATENG-DIY;PEKALONGAN;PBG;AOi42607071131301823c3250;1;Anomaly;
202609;AREA 4;MALUKU DAN PAPUA;TIMIKA;TIM;AOi4260724033006343c36950;0;Anomaly;
202609;AREA 3;BALI NUSRA;MATARAM;SWE;AOi4260722020517376913f30;0;Anomaly;
202609;AREA 3;BALI NUSRA;MATARAM;DMP;AOi42607080842446937fa980;1;Anomaly;
202609;AREA 1;SUMBAGTENG;BUKIT TINGGI;BKT;AOi4260716035623753eb9560;1;Anomaly;
202609;AREA 4;SULAWESI;PALU;PLB;AOi4260712010038357397c40;1;Anomaly;
202609;AREA 1;SUMBAGSEL;LAMPUNG;TJK;AOi42607110153462477f7a80;1;Anomaly;
202609;AREA 2;EASTERN JABOTABEK;BOGOR;PMU;AOi426072011275691063f980;1;Anomaly;
202609;AREA 2;EASTERN JABOTABEK;BOGOR;BOO;AOs326070908093190028f5e0;0;Anomaly;
202609;AREA 1;SUMBAGUT;CENTRAL MEDAN;CTD;AOi4260714091356927d65690;0;Anomaly;
202609;AREA 4;KALIMANTAN;PONTIANAK;SAO;AOi42607231220265124d6d60;0;Anomaly;
202609;AREA 2;JABAR;SOREANG;SMD;AOi4260728070356150b7a080;0;Anomaly;
202609;AREA 2;CENTRAL JABOTABEK;NORTHERN JAKARTA;TPR;PDAk42607170555358900dd0e0;0;Comply;-48,87
202609;AREA 4;KALIMANTAN;PONTIANAK;JAW;AOk426072402230296536c3a0;0;Anomaly;
202609;AREA 2;WESTERN JABOTABEK;SERANG;MLP;AOi4260718065555435c20870;0;Anomaly;
202609;AREA 1;SUMBAGSEL;LAMPUNG;MGA;AOs32607181252486864513f0;1;Anomaly;
202609;AREA 1;SUMBAGTENG;PEKANBARU;ARK;PDAk426070802240971137e2e0;1;Anomaly;
202609;AREA 2;JABAR;BANDUNG;CJA;AOi126070906291099027eda0;0;Anomaly;
202609;AREA 1;SUMBAGTENG;BUKIT TINGGI;LBS;AOi4260730060114036f3e260;0;Anomaly;
202609;AREA 4;KALIMANTAN;TARAKAN;JWT;AOi4260729083347189cf4750;0;Anomaly;
202609;AREA 4;SULAWESI;MANADO;LAN;AOi4260730042832626fd11d0;1;Anomaly;
202609;AREA 4;KALIMANTAN;SAMARINDA;SEM;AOi4260725093418850af4d00;1;Anomaly;
202609;AREA 4;KALIMANTAN;BANJARMASIN;ULI;AOi4260726084908992f59270;1;Anomaly;
202609;AREA 4;KALIMANTAN;BALIKPAPAN;MGG;AOi4260719044801414751c70;0;Anomaly;
202609;AREA 4;SULAWESI;MAKASSAR;JNP;AOi42607270603222966b7000;1;Anomaly;
202609;AREA 3;BALI NUSRA;DENPASAR;TOP;AOi4260720121246207e77b90;1;Anomaly;
202609;AREA 2;EASTERN JABOTABEK;KARAWANG;TAR;AOi4260721111508936d3f100;1;Anomaly;
202609;AREA 3;JATIM;JEMBER;PBL;AOi42607080109422631c3530;0;Anomaly;
202609;AREA 3;JATIM;MALANG;SGS;AOi4260709042151088f511d0;1;Anomaly;
202609;AREA 3;BALI NUSRA;DENPASAR;KLM;AOs32607291234546866c3d30;1;Anomaly;
202609;AREA 4;SULAWESI;MANADO;TDN;AOi4260706094625103d74790;1;Anomaly;49,74
202609;AREA 3;BALI NUSRA;MATARAM;SGG;AOi42607100220348570dfea0;0;Anomaly;
202609;AREA 3;BALI NUSRA;DENPASAR;KLM;AOi4260729063658226696880;1;Anomaly;
202609;AREA 4;MALUKU DAN PAPUA;AMBON;TUA;AOi42607140809552375ecc60;1;Anomaly;
202609;AREA 1;SUMBAGUT;RANTAU PRAPAT;KPI;AOk4260715123711245839b40;0;Anomaly;
202609;AREA 3;BALI NUSRA;DENPASAR;KLM;AOi42607130605164837810a0;1;Anomaly;
202609;AREA 2;CENTRAL JABOTABEK;SOUTHERN JAKARTA;KRG;AOi42607220540356899ca020;1;Anomaly;
202609;AREA 3;BALI NUSRA;MATARAM;TET;AOi426071010393598716ab80;1;Anomaly;
202609;AREA 1;SUMBAGUT;BANDA ACEH;LTM;AOi42607130551393960182c0;0;Anomaly;
202609;AREA 4;KALIMANTAN;BANJARMASIN;ULI;AOi4260718035332000cc6c50;1;Anomaly;
202609;AREA 3;JATENG-DIY;SURAKARTA;KRT;AOk426071403551843099e400;1;Anomaly;
202609;AREA 4;KALIMANTAN;PALANGKARAYA;PRC;AOi12607230330202302ceb20;1;Anomaly;
202609;AREA 1;SUMBAGSEL;LAMPUNG;SRW;AOi4260714024441494ae50f0;0;Anomaly;
202609;AREA 2;EASTERN JABOTABEK;KARAWANG;TAR;AOs3260704091613730f6f740;1;Anomaly;-20,89
202609;AREA 3;BALI NUSRA;DENPASAR;KLM;AOi4260703123103451ad1d40;1;Anomaly;
202609;AREA 2;CENTRAL JABOTABEK;NORTHERN JAKARTA;MRY;AOi42607300222014382327b0;0;Anomaly;
202609;AREA 4;KALIMANTAN;BANJARMASIN;ULI;AOi42607180246345569a2ab0;1;Anomaly;
202609;AREA 2;JABAR;TASIKMALAYA;KNU;AOi4260711113450840a70b00;0;Anomaly;
202609;AREA 3;JATENG-DIY;PURWOKERTO;GML;AOi4260704123127649a57300;1;Anomaly;
202609;AREA 4;KALIMANTAN;BANJARMASIN;BLC;AOi42607100107501235b9c20;0;Anomaly;
202609;AREA 3;JATENG-DIY;SEMARANG;BAN;AOi426071807344085086fd00;0;Anomaly;
202609;AREA 1;SUMBAGUT;BANDA ACEH;TKN;AOi426071705073540167d2b0;0;Anomaly;
202609;AREA 3;JATENG-DIY;PURWOKERTO;GML;AOi4260715010256299b95ad0;1;Anomaly;
202609;AREA 3;BALI NUSRA;MATARAM;BIM;AOi42607300703181524c4ce0;1;Anomaly;
202609;AREA 4;MALUKU DAN PAPUA;SORONG;MWR;AOi4260718050919123b7ffe0;0;Anomaly;
202609;AREA 1;SUMBAGTENG;BUKIT TINGGI;PYK;AOi4260713044706070b81090;1;Anomaly;
202609;AREA 4;SULAWESI;GORONTALO;GTL;AOi4260719041341663ed7240;0;Anomaly;
202609;AREA 1;SUMBAGUT;WESTERN MEDAN;KSG;PDAk42607100814109791a0e70;0;Anomaly;
202609;AREA 3;BALI NUSRA;DENPASAR;KLM;AOi1260707064201510a68650;0;Anomaly;
202609;AREA 1;SUMBAGTENG;PADANG;SJJ;AOi426071607560658653afc0;1;Anomaly;
202609;AREA 1;SUMBAGUT;CENTRAL MEDAN;PUB;AOi4260728112542284e7ce20;0;Anomaly;
202609;AREA 1;SUMBAGUT;BANDA ACEH;SGI;AOi4260713095302140d16d20;1;Anomaly;
202609;AREA 4;SULAWESI;MANADO;KTG;AOi4260726102305924568230;0;Anomaly;
202609;AREA 4;SULAWESI;KENDARI;UNH;AOk426072001353798485a9b0;1;Anomaly;
202609;AREA 3;BALI NUSRA;DENPASAR;TOP;AOi4260727020154796c24780;1;Anomaly;
202609;AREA 1;SUMBAGTENG;BUKIT TINGGI;PUK;AOi4260717103811334dc47c0;0;Anomaly;
202609;AREA 3;BALI NUSRA;DENPASAR;KLM;AOi426071902051701707b250;1;Anomaly;
202609;AREA 3;JATENG-DIY;YOGYAKARTA;KBU;AOk4260715103722397357830;1;Anomaly;
202609;AREA 2;WESTERN JABOTABEK;SERANG;BAY;AOi4260713085843422e21280;0;Anomaly;
202609;AREA 4;SULAWESI;PALU;BKU;AOi42607161210180597a6fc0;0;Anomaly;
202609;AREA 4;SULAWESI;BONE;SLY;AOi42607230455077621fbf90;1;Anomaly;
202609;AREA 2;JABAR;CIREBON;PRD;AOi426072409394481946c2c0;1;Anomaly;
202609;AREA 1;SUMBAGUT;BANDA ACEH;BNN;AOi4260714121402458a28aa0;0;Anomaly;
202609;AREA 4;MALUKU DAN PAPUA;SORONG;BTI;AOi42607130138558929ba160;1;Anomaly;
202609;AREA 1;SUMBAGUT;RANTAU PRAPAT;RAP;AOi42607221024559724ea4f0;1;Anomaly;
202609;AREA 3;BALI NUSRA;DENPASAR;UBU;AOi42607091230051240cbf60;1;Anomaly;
202609;AREA 3;JATIM;SURABAYA;KLN;AOi42607130240003693d9780;0;Anomaly;
202609;AREA 4;MALUKU DAN PAPUA;AMBON;ABO;AOi4260711054454772f6f270;1;Anomaly;
202609;AREA 3;BALI NUSRA;MATARAM;TET;AOi426071112523971803cee0;1;Anomaly;
202609;AREA 1;SUMBAGSEL;BENGKULU;BNC;AOb02607040124448794546c0;1;Anomaly;
202609;AREA 3;JATIM;LAMONGAN;PAD;AOi426072111484310313af40;0;Anomaly;
202609;AREA 2;JABAR;CIREBON;SUB;AOi42607100712055225ba1c0;0;Not Comply;4,18
202609;AREA 1;SUMBAGTENG;PEKANBARU;RGT;AOi4260713020615869f516d0;1;Anomaly;
202609;AREA 1;SUMBAGSEL;LAMPUNG;MGA;AOi12607080245048678cb010;1;Anomaly;
202609;AREA 2;JABAR;BANDUNG;BDK;AOi4260714110042712c189d0;1;Anomaly;
202609;AREA 1;SUMBAGTENG;DUMAI;DUM;AOi42607220638113276af8d0;1;Anomaly;
202609;AREA 3;JATIM;SURABAYA;GBG;AOi42607060412043813b5710;0;Anomaly;
202609;AREA 3;BALI NUSRA;DENPASAR;KLM;AOi1260725111132985e017f0;1;Anomaly;
202609;AREA 3;JATENG-DIY;MAGELANG;MUN;AOi12607160834316714cd880;1;Anomaly;
202609;AREA 3;JATENG-DIY;PEKALONGAN;KJE;AOi4260708101953463ab7900;1;Anomaly;
202609;AREA 4;SULAWESI;MAKASSAR;BAL;AOi42607271139567472a21f0;0;Anomaly;
202609;AREA 4;KALIMANTAN;PALANGKARAYA;KRI;AOi4260726111852055fef250;0;Anomaly;
202609;AREA 1;SUMBAGSEL;PANGKAL PINANG;TJN;AOi42607090238052377b6010;0;Anomaly;
202609;AREA 3;JATENG-DIY;SURAKARTA;GLD;AOi4260729074756673f611a0;1;Anomaly;
202609;AREA 3;JATENG-DIY;SEMARANG;TAY;AOi42607161027086574fcd00;1;Anomaly;
202609;AREA 1;SUMBAGTENG;BUKIT TINGGI;SCC;AOi4260707055524462a2f7d0;1;Anomaly;
202609;AREA 1;SUMBAGTENG;DUMAI;BGU;AOi42607290606002772302b0;0;Anomaly;
202609;AREA 1;SUMBAGTENG;BUKIT TINGGI;PYK;AOi4260718123831993cd9640;1;Anomaly;
202609;AREA 1;SUMBAGSEL;BENGKULU;PGA;AOi42607290204094065b17d0;1;Anomaly;
202609;AREA 1;SUMBAGUT;WESTERN MEDAN;BJI;AOi426070912383405127de90;0;Anomaly;
202609;AREA 4;MALUKU DAN PAPUA;SORONG;SON;AOi42607170726556285ceef0;1;Anomaly;
202609;AREA 4;KALIMANTAN;PONTIANAK;STA;AOi4260727024402428303290;1;Anomaly;
202609;AREA 2;JABAR;BANDUNG;UBR;AOi42607080151151796d9560;0;Anomaly;
202609;AREA 4;KALIMANTAN;SAMARINDA;STT;AOi4260716113202473e383b0;1;Anomaly;
202609;AREA 3;JATENG-DIY;SEMARANG;JPR;AOi4260708122055794412720;0;Comply;0,09
202609;AREA 2;JABAR;CIREBON;SDU;AOi426073012041705323be30;0;Anomaly;
202609;AREA 1;SUMBAGUT;WESTERN MEDAN;STB;AOs326071611044191254af30;1;Anomaly;
202609;AREA 1;SUMBAGSEL;BENGKULU;PDP;AOi4260716081911426bc2860;1;Anomaly;
202609;AREA 3;JATIM;SURABAYA;KLN;AOi426071406141522545d470;0;Anomaly;
202609;AREA 4;SULAWESI;PALU;BKU;AOi1260721024920471558210;1;Anomaly;
202609;AREA 2;JABAR;SOREANG;TAS;AOi12607120943080803d8050;1;Anomaly;
202609;AREA 4;KALIMANTAN;TARAKAN;TRK;AOi42607091120217117d5d70;1;Anomaly;
202609;AREA 4;SULAWESI;PALU;PLA;AOi42607241017109878ff4a0;0;Anomaly;
202609;AREA 1;SUMBAGUT;WESTERN MEDAN;LGS;AOi42607201128125730c4910;1;Anomaly;
202609;AREA 2;JABAR;BANDUNG;UBR;AOk4260711100240176c51a50;0;Anomaly;
202609;AREA 4;MALUKU DAN PAPUA;SORONG;MWR;AOi42607240104088986358c0;1;Anomaly;
202609;AREA 2;CENTRAL JABOTABEK;NORTHERN JAKARTA;MRY;AOi4260717104715297946d80;0;Anomaly;
202609;AREA 4;KALIMANTAN;BALIKPAPAN;TGG;AOi4260707092825918c92110;1;Anomaly;
202609;AREA 1;SUMBAGSEL;PALEMBANG;PGC;AOi4260730015216414764bd0;0;Anomaly;
202609;AREA 1;SUMBAGTENG;PEKANBARU;SOK;AOi4260722093311187dc8420;1;Anomaly;
202609;AREA 4;KALIMANTAN;PONTIANAK;STG;AOi42607160433525298c3a50;0;Anomaly;
202609;AREA 1;SUMBAGUT;PEMATANG SIANTAR;SDK;AOs32607080816276908543c0;0;Anomaly;24,27
202609;AREA 1;SUMBAGUT;CENTRAL MEDAN;MDC;AOs3260708013020278cdd250;0;Comply;-4,46
202609;AREA 1;SUMBAGTENG;BUKIT TINGGI;NRS;AOi4260715060421036f586d0;1;Anomaly;
202609;AREA 4;KALIMANTAN;PONTIANAK;SRD;AOi4260724060943208b16ce0;0;Not Comply;17,62
202609;AREA 1;SUMBAGTENG;BATAM;SKN;AOi4260725055643095cafd50;1;Anomaly;
202609;AREA 4;SULAWESI;MANADO;TMH;AOi4260715024255631750ea0;0;Anomaly;
202609;AREA 1;SUMBAGTENG;BATAM;LBJ;AOi4260707082719989798790;1;Anomaly;
202609;AREA 1;SUMBAGTENG;PADANG;SUR;AOi4260729081515946b1ef80;1;Anomaly;
202609;AREA 1;SUMBAGUT;WESTERN MEDAN;LGS;AOi4260713120356170705f60;1;Anomaly;
202609;AREA 2;WESTERN JABOTABEK;TANGERANG;SRP;AOi1260727060109589dcfae0;1;Anomaly;
202609;AREA 3;JATENG-DIY;SURAKARTA;KTO;AOi42607201104454529a85c0;1;Anomaly;
202609;AREA 4;SULAWESI;KENDARI;MDG;AOi4260718112736019c9e730;1;Anomaly;
202609;AREA 3;JATIM;SURABAYA;KLN;AOi42607120825525290c21c0;0;Anomaly;
202609;AREA 4;SULAWESI;KENDARI;KKA;AOb0260715050843100aebd40;1;Anomaly;13,38
202609;AREA 3;BALI NUSRA;FLORES;MMR;AOi4260731072915728abec60;0;Anomaly;
202609;AREA 2;CENTRAL JABOTABEK;NORTHERN JAKARTA;PLM;AOi42607160947237265dc470;1;Anomaly;
202609;AREA 2;EASTERN JABOTABEK;BEKASI;KLB;AOi4260711050605849ffddb0;0;Anomaly;
202609;AREA 4;MALUKU DAN PAPUA;JAYAPURA;JAP;AOi42607230231330506cf0e0;1;Anomaly;
202609;AREA 3;BALI NUSRA;DENPASAR;KLM;AOi4260706101831199991850;1;Anomaly;
202609;AREA 2;WESTERN JABOTABEK;SERANG;LGK;AOs32607140832302772de380;1;Anomaly;-20,62
202609;AREA 1;SUMBAGUT;BANDA ACEH;DAR;AOi4260706043530842de5060;0;Anomaly;
202609;AREA 3;BALI NUSRA;MATARAM;TET;AOi42607291111278610e8100;0;Anomaly;
202609;AREA 3;JATENG-DIY;SEMARANG;BOJ;PDAk42607100855428413a5600;0;Comply;-25,20
202609;AREA 3;JATENG-DIY;YOGYAKARTA;KBU;AOs3260725095903694ffe890;0;Anomaly;
202609;AREA 4;SULAWESI;PALU;BKU;AOi4260728092409887f667c0;1;Anomaly;
202609;AREA 1;SUMBAGTENG;PADANG;BDT;AOi426072206183720304cd10;0;Anomaly;
202609;AREA 3;JATIM;MALANG;KLJ;AOk426072701451870960a830;1;Anomaly;
202609;AREA 1;SUMBAGTENG;PEKANBARU;ARK;AOi4260722093616227839ae0;0;Anomaly;
202609;AREA 3;JATENG-DIY;YOGYAKARTA;KBU;AOk4260725010229650bb4150;1;Anomaly;
202609;AREA 2;WESTERN JABOTABEK;SERANG;CLG;AOi4260722092619051835de0;0;Anomaly;
202609;AREA 2;EASTERN JABOTABEK;BEKASI;KLB;AOi1260721110141767582da0;1;Anomaly;-33,81
202609;AREA 2;EASTERN JABOTABEK;BEKASI;KRA;AOi1260715062732359713140;1;Anomaly;-15,34
202609;AREA 2;JABAR;TASIKMALAYA;PMP;AOi42607211049255095ff1a0;0;Comply;-48,92
202609;AREA 1;SUMBAGUT;CENTRAL MEDAN;PDB;AOi1260714033018193ae0de0;1;Anomaly;
202609;AREA 4;SULAWESI;KENDARI;LSS;AOi4260725015041476a7bd90;0;Anomaly;
202609;AREA 1;SUMBAGUT;PADANG SIDEMPUAN;TUK;AOi42607281152306616f2f40;0;Anomaly;
202609;AREA 2;EASTERN JABOTABEK;BOGOR;CSE;AOi426072012440642499d340;1;Anomaly;
202609;AREA 4;KALIMANTAN;PONTIANAK;SEI;AOi426072508473812980d0c0;0;Anomaly;
202609;AREA 1;SUMBAGUT;CENTRAL MEDAN;PDB;AOi42607060807186009f6e90;1;Anomaly;
202609;AREA 1;SUMBAGUT;CENTRAL MEDAN;PDB;AOi4260726022615554b52ac0;1;Anomaly;
202609;AREA 3;JATIM;SIDOARJO;SPJ;AOs3260715020136496b4ff20;0;Anomaly;
202609;AREA 1;SUMBAGUT;BANDA ACEH;CAG;AOi42607080429103966c4940;0;Anomaly;
202609;AREA 2;JABAR;SOREANG;MJY;AOi4260709023418990fef700;1;Anomaly;
202609;AREA 1;SUMBAGSEL;PALEMBANG;PLJ;AOi42607020511108102f2ca0;0;Anomaly;
202609;AREA 1;SUMBAGSEL;PALEMBANG;TAM;AOi42607220925042700281f0;1;Anomaly;
202609;AREA 2;JABAR;TASIKMALAYA;CKJ;AOi4260722073353402216380;1;Anomaly;
202609;AREA 1;SUMBAGTENG;BATAM;BTC;AOi42607200405155094a2630;0;Anomaly;
202609;AREA 2;JABAR;BANDUNG;UBR;AOi42607080151151796d9560;1;Anomaly;
202609;AREA 4;MALUKU DAN PAPUA;AMBON;PAO;AOi4260712092043196b4f420;0;Anomaly;
202609;AREA 4;KALIMANTAN;BANJARMASIN;AMT;AOi4260711074459152f8d320;0;Anomaly;
202609;AREA 1;SUMBAGUT;CENTRAL MEDAN;CTD;AOi42607191211064648fb650;1;Anomaly;
202609;AREA 1;SUMBAGSEL;LAMPUNG;MGA;AOs32607181252486864513f0;1;Anomaly;
202609;AREA 1;SUMBAGUT;WESTERN MEDAN;STB;AOs326071611044191254af30;1;Anomaly;
202609;AREA 3;BALI NUSRA;DENPASAR;KLM;AOi4260727110554322993ed0;1;Anomaly;
202609;AREA 3;JATIM;SIDOARJO;SDA;AOk42607221120265055672e0;0;Comply;-170,42
202609;AREA 4;KALIMANTAN;PANGKALAN BUN;KTP;AOi4260729064949404e30960;0;Anomaly;
202609;AREA 1;SUMBAGUT;CENTRAL MEDAN;TJR;AOi4260728110627670d18e10;0;Anomaly;
202609;AREA 1;SUMBAGTENG;BUKIT TINGGI;BKT;AOs3260708024025168f942a0;1;Anomaly;
202609;AREA 4;SULAWESI;PARE-PARE;PRE;AOi4260729083626741199f20;0;Anomaly;
202609;AREA 4;KALIMANTAN;SAMARINDA;SMR;AOi4260721124246263a945e0;0;Anomaly;
202609;AREA 3;JATIM;SIDOARJO;KRN;AOi4260717051549218976f10;0;Anomaly;
202609;AREA 1;SUMBAGSEL;LAMPUNG;SRW;AOi4260715120433152cb53b0;1;Anomaly;
202609;AREA 4;KALIMANTAN;PONTIANAK;JAW;AOi4260722112631851ff43a0;0;Anomaly;
202609;AREA 4;SULAWESI;MANADO;BAH;AOi4260729082535201295d90;1;Anomaly;
202609;AREA 2;JABAR;BANDUNG;LBG;AOi426072408323821053f700;0;Anomaly;
202609;AREA 1;SUMBAGTENG;PADANG;LUG;AOi4260727013149733d6a430;1;Anomaly;
202609;AREA 3;JATIM;SIDOARJO;KRN;AOi4260726121221384e87af0;0;Anomaly;
202609;AREA 2;WESTERN JABOTABEK;SERANG;LGK;AOi4260708085539935e048e0;0;Anomaly;
202609;AREA 4;KALIMANTAN;PANGKALAN BUN;KKU;AOi42607250235064111f8620;0;Anomaly;
202609;AREA 1;SUMBAGUT;CENTRAL MEDAN;PDB;AOi4260711030322407af71c0;1;Anomaly;
202609;AREA 1;SUMBAGTENG;BATAM;BUM;AOi42607180348140995f8070;1;Anomaly;
202609;AREA 3;JATIM;SIDOARJO;SDA;AOi4260716122044325bd9f80;0;Anomaly;
202609;AREA 1;SUMBAGTENG;BATAM;TER;AOi42607110918213775d9360;0;Anomaly;
202609;AREA 2;EASTERN JABOTABEK;BEKASI;SKJ;AOs32607211000574482f09f0;1;Anomaly;1,03
202609;AREA 4;MALUKU DAN PAPUA;AMBON;TUA;AOi42607180258540573f7f20;1;Anomaly;
202609;AREA 1;SUMBAGTENG;BATAM;BTC;AOi42607260526058434e8530;1;Anomaly;
202609;AREA 1;SUMBAGUT;BANDA ACEH;JRM;AOi42607080557278075de3b0;0;Anomaly;
202609;AREA 4;KALIMANTAN;BALIKPAPAN;BRU;AOk42607071139237673eb070;0;Anomaly;
202609;AREA 2;JABAR;CIREBON;SDU;AOi426073012041705323be30;1;Anomaly;
202609;AREA 1;SUMBAGUT;CENTRAL MEDAN;CTD;AOi42607191143545977bb090;1;Anomaly;
202609;AREA 1;SUMBAGTENG;PEKANBARU;MIS;AOi4260701053911577d79110;0;Anomaly;
202609;AREA 1;SUMBAGTENG;BATAM;BTC;AOi126072207543324288d960;1;Anomaly;
202609;AREA 2;EASTERN JABOTABEK;BOGOR;BJD;AOi4260723065946185bf0b80;1;Anomaly;
202609;AREA 2;JABAR;TASIKMALAYA;GRU;AOi42607270250426815c0c30;1;Anomaly;26,15
202609;AREA 1;SUMBAGSEL;JAMBI;MAB;AOi4260727071311771839f30;0;Anomaly;
202609;AREA 1;SUMBAGTENG;PEKANBARU;ARK;AOi42607180935255833ab140;0;Anomaly;
202609;AREA 3;JATIM;SURABAYA;KLN;AOi42607160825177669e7390;0;Anomaly;
202609;AREA 1;SUMBAGUT;CENTRAL MEDAN;PDB;AOi42607131224497320e7ad0;1;Anomaly;
202609;AREA 1;SUMBAGSEL;BENGKULU;LHT;AOi4260716035437186dffa30;0;Anomaly;
202609;AREA 1;SUMBAGUT;CENTRAL MEDAN;PDB;AOs3260714043911035f6fad0;1;Anomaly;
202609;AREA 2;CENTRAL JABOTABEK;NORTHERN JAKARTA;CIL;AOs3260716072420932ec67e0;1;Anomaly;
202609;AREA 2;WESTERN JABOTABEK;SERANG;RJG;AOi4260708024637991397e30;0;Comply;2,18
202609;AREA 4;SULAWESI;MANADO;TNT;AOi42607150213541492b7dc0;1;Anomaly;
202609;AREA 3;JATIM;JEMBER;PBL;AOi4260730120440441ec27f0;0;Anomaly;
202609;AREA 3;JATIM;MALANG;KEP;AOi4260725052038632926ff0;1;Anomaly;
202609;AREA 3;JATENG-DIY;SURAKARTA;GLD;AOi4260729074756673f611a0;1;Anomaly;
202609;AREA 4;SULAWESI;MANADO;PIK;AOi42607150917487617830d0;1;Anomaly;21,44
202609;AREA 1;SUMBAGUT;CENTRAL MEDAN;CTD;AOi42607220602263009f0330;1;Anomaly;
202609;AREA 1;SUMBAGSEL;LAMPUNG;KDT;AOi426072312454314920b550;1;Anomaly;
202609;AREA 1;SUMBAGTENG;BUKIT TINGGI;PNA;AOi426072112162494116a2e0;0;Anomaly;
202609;AREA 2;JABAR;BANDUNG;CJG;AOi4260724062325657a074e0;1;Anomaly;
202609;AREA 1;SUMBAGTENG;PADANG;KJI;AOi4260707045150356a76620;1;Anomaly;
202609;AREA 3;JATENG-DIY;YOGYAKARTA;BTL;AOi4260728082620209762da0;0;Anomaly;
202609;AREA 4;SULAWESI;PARE-PARE;MAJ;AOi1260724112612081e0d810;0;Anomaly;
202609;AREA 2;CENTRAL JABOTABEK;SOUTHERN JAKARTA;KRG;AOi1260702041605655fe19f0;1;Anomaly;
202609;AREA 1;SUMBAGUT;CENTRAL MEDAN;CTD;AOi4260718113245409524e60;1;Anomaly;
202609;AREA 3;BALI NUSRA;MATARAM;SAP;AOi4260719042703115cfc770;1;Anomaly;
202609;AREA 1;SUMBAGUT;RANTAU PRAPAT;KPI;AOi42607071016395075aabf0;0;Anomaly;
202609;AREA 2;EASTERN JABOTABEK;BEKASI;SKJ;AOs32607211000574482f09f0;1;Anomaly;
202609;AREA 1;SUMBAGTENG;PEKANBARU;SOK;AOi42607311016583451b4620;1;Anomaly;
202609;AREA 1;SUMBAGTENG;BATAM;BTC;AOi4260727054628824a96eb0;1;Anomaly;
202609;AREA 2;JABAR;CIREBON;JBN;AOi4260709104402518faf1d0;0;Anomaly;
202609;AREA 2;JABAR;BANDUNG;TLE;AOi4260720074027740ddc370;1;Anomaly;17,10
202609;AREA 4;KALIMANTAN;PONTIANAK;MPW;AOi4260715032851505afdd70;0;Anomaly;
202609;AREA 1;SUMBAGUT;BANDA ACEH;JRM;AOi426071603480938348e2a0;1;Anomaly;
202609;AREA 4;KALIMANTAN;PANGKALAN BUN;KKU;AOi4260725115319253034900;0;Anomaly;
202609;AREA 2;CENTRAL JABOTABEK;SOUTHERN JAKARTA;CPE;AOi42607080259074716b72a0;1;Anomaly;
202609;AREA 4;KALIMANTAN;PONTIANAK;SRD;AOi42607190847288830f6d50;1;Anomaly;
202609;AREA 3;BALI NUSRA;DENPASAR;SWI;AOi4260729101844266940190;1;Anomaly;
202609;AREA 1;SUMBAGUT;PEMATANG SIANTAR;DLS;AOi4260728011345443d1cf90;0;Anomaly;
202609;AREA 4;MALUKU DAN PAPUA;AMBON;DOB;AOi42607020749283279417b0;1;Anomaly;
202609;AREA 2;EASTERN JABOTABEK;BEKASI;SKJ;PDAk4260718045037667eebe70;1;Anomaly;
202609;AREA 3;BALI NUSRA;DENPASAR;MMN;AOs32607070906405264cd100;1;Anomaly;
202609;AREA 4;KALIMANTAN;BANJARMASIN;BBR;AOi42607160920244361bc4b0;1;Anomaly;
202609;AREA 3;BALI NUSRA;KUPANG;SOE;AOi4260709091659778b0ebc0;1;Anomaly;
202609;AREA 2;CENTRAL JABOTABEK;SOUTHERN JAKARTA;CPE;AOi126072310482722820a980;1;Anomaly;
202609;AREA 2;CENTRAL JABOTABEK;NORTHERN JAKARTA;CKG;AOk42607170359328792dd020;1;Anomaly;-41,32
202609;AREA 4;KALIMANTAN;BANJARMASIN;PLE;AOi426071210353970309ed50;0;Anomaly;
202609;AREA 3;JATENG-DIY;MAGELANG;KBM;AOi4260723012934471d3c4d0;1;Anomaly;
202609;AREA 1;SUMBAGUT;WESTERN MEDAN;LGS;AOi42607210325174259b98f0;0;Anomaly;
202609;AREA 4;KALIMANTAN;SAMARINDA;SEM;AOi4260722101611887045db0;0;Anomaly;
202609;AREA 2;JABAR;SOREANG;SOR;AOi4260708044315725028230;1;Anomaly;12,37
202609;AREA 1;SUMBAGSEL;BENGKULU;LHT;AOi4260713071421911b94140;0;Anomaly;
202609;AREA 1;SUMBAGUT;CENTRAL MEDAN;CTD;AOi4260724092429123c10b00;1;Anomaly;
202609;AREA 1;SUMBAGUT;PADANG SIDEMPUAN;TUK;AOi42607290342568228243d0;1;Anomaly;
202609;AREA 1;SUMBAGUT;CENTRAL MEDAN;CTD;AOi42607160402482274631f0;1;Anomaly;
202609;AREA 1;SUMBAGUT;WESTERN MEDAN;KGH;AOi426070705251911606df40;1;Anomaly;
202609;AREA 2;CENTRAL JABOTABEK;SOUTHERN JAKARTA;PGB;AOs326070704393736906e2e0;0;Anomaly;
202609;AREA 4;KALIMANTAN;PONTIANAK;STA;AOi426071804154995713b210;1;Anomaly;32,95
202609;AREA 1;SUMBAGUT;BANDA ACEH;LBR;AOi4260709091907382d5f890;0;Anomaly;
202609;AREA 4;SULAWESI;PARE-PARE;PLP;AOi4260718102223636937930;1;Anomaly;
202609;AREA 2;JABAR;BANDUNG;LBG;AOk42607130359344845948b0;0;Anomaly;
202609;AREA 2;JABAR;BANDUNG;UBR;AOi42607311014411694a95e0;1;Anomaly;
202609;AREA 4;SULAWESI;PALU;TOL;AOi42607170949092906ac860;1;Anomaly;
202609;AREA 4;SULAWESI;PARE-PARE;RTP;AOi4260716085539319a63230;0;Anomaly;
202609;AREA 2;CENTRAL JABOTABEK;NORTHERN JAKARTA;KDY;AOi42607240741335122c5920;0;Anomaly;
202609;AREA 4;SULAWESI;PALU;PLA;AOi4260725034644673afb760;1;Anomaly;
202609;AREA 2;WESTERN JABOTABEK;TANGERANG;TAN;AOk4260725100958914587fd0;0;Anomaly;
202609;AREA 4;KALIMANTAN;BANJARMASIN;BBR;PDAk4260723065554339215c30;0;Anomaly;
202609;AREA 4;SULAWESI;MAKASSAR;SUD;AOk42607270153272737d8890;1;Anomaly;
202609;AREA 2;JABAR;TASIKMALAYA;KDN;AOi42607260555359409e66b0;1;Anomaly;
202609;AREA 3;BALI NUSRA;MATARAM;BIM;AOi42607230125107581ec350;1;Anomaly;
202609;AREA 4;KALIMANTAN;PONTIANAK;STG;AOi42607111222154708805f0;0;Anomaly;
202609;AREA 1;SUMBAGSEL;BENGKULU;KPH;AOi426070906572708291ae80;0;Anomaly;
202609;AREA 3;JATIM;MALANG;SWJ;AOi42607201231405500b23e0;1;Anomaly;
202609;AREA 2;WESTERN JABOTABEK;SERANG;KMT;AOi42607181106108067bee00;0;Anomaly;
202609;AREA 1;SUMBAGTENG;PADANG;BDT;AOi426072705091581213bc00;1;Anomaly;
202609;AREA 4;SULAWESI;MANADO;AMR;AOs3260713011628120f9c1f0;1;Anomaly;
202609;AREA 3;JATIM;SURABAYA;KPS;AOi426071908543625108cd20;0;Anomaly;
202609;AREA 3;BALI NUSRA;KUPANG;KPN;AOi4260727045243240316570;1;Anomaly;
202609;AREA 2;WESTERN JABOTABEK;TANGERANG;CPA;AOi4260727050314770ab6cc0;0;Anomaly;
202609;AREA 3;BALI NUSRA;MATARAM;DMP;AOk4260725091825937ec9a60;0;Anomaly;
202609;AREA 2;JABAR;SOREANG;KAD;AOi42607191011125170393a0;1;Anomaly;
202609;AREA 4;SULAWESI;MANADO;LBH;AOi4260724020042313e590f0;1;Anomaly;
202609;AREA 1;SUMBAGUT;PEMATANG SIANTAR;BST;AOk42607111150056455e8aa0;0;Anomaly;
202609;AREA 4;SULAWESI;PALU;PLB;AOk42607200259465960b2950;0;Anomaly;
202609;AREA 4;SULAWESI;MAKASSAR;SUG;AOi1260708020942720c9bf00;1;Anomaly;
202609;AREA 4;KALIMANTAN;PANGKALAN BUN;KTP;AOi42607251014424181e08b0;0;Anomaly;
202609;AREA 4;SULAWESI;MANADO;TNT;AOi4260723015902432837f20;1;Anomaly;
202609;AREA 4;MALUKU DAN PAPUA;SORONG;SON;AOi4260727024231735e658b0;0;Anomaly;
202609;AREA 1;SUMBAGTENG;PADANG;SGD;AOi42607270302022785ac610;0;Anomaly;
202609;AREA 4;SULAWESI;GORONTALO;GTL;AOi426071407403585109a0e0;0;Anomaly;
202609;AREA 3;JATENG-DIY;SEMARANG;TAY;AOi42607161027086574fcd00;1;Anomaly;
202609;AREA 3;JATENG-DIY;MAGELANG;MGE;AOk4260713093355605f6a870;0;Anomaly;
202609;AREA 1;SUMBAGTENG;BUKIT TINGGI;BKT;AOi4260720052451563b8f540;0;Anomaly;
202609;AREA 2;WESTERN JABOTABEK;SERANG;LGK;AOi4260708085539935e048e0;1;Anomaly;
202609;AREA 4;SULAWESI;KENDARI;PMA;AOi42607230218409221fbc60;0;Anomaly;
202609;AREA 2;EASTERN JABOTABEK;BEKASI;PCM;AOi42607181009434831cc500;1;Anomaly;
202609;AREA 4;KALIMANTAN;TARAKAN;NNK;AOi42607300301351568c3570;0;Anomaly;
202609;AREA 3;BALI NUSRA;MATARAM;MTR;AOi4260728012122831d68530;0;Anomaly;
202609;AREA 4;KALIMANTAN;SAMARINDA;PLL;AOi426071511300936250cb80;1;Anomaly;
202609;AREA 1;SUMBAGTENG;BATAM;TER;AOi42607110918213775d9360;1;Anomaly;
202609;AREA 1;SUMBAGTENG;BUKIT TINGGI;SPE;AOi4260729051316121145210;1;Anomaly;
202609;AREA 4;SULAWESI;PALU;BKU;AOi4260709092736337103f90;1;Anomaly;
202609;AREA 4;MALUKU DAN PAPUA;SORONG;SON;AOi4260723032600129b28ff0;0;Anomaly;
202609;AREA 1;SUMBAGSEL;LAMPUNG;KDT;AOi4260711113011955ef9200;0;Anomaly;
202609;AREA 2;JABAR;TASIKMALAYA;PAX;AOk42607160110486216469d0;0;Anomaly;
202609;AREA 1;SUMBAGUT;BANDA ACEH;JRM;AOi4260720055119873f69820;0;Anomaly;
202609;AREA 3;BALI NUSRA;FLORES;MMR;AOi426072502270640611e670;0;Anomaly;
202609;AREA 1;SUMBAGUT;WESTERN MEDAN;BJI;AOi42607161247220263aa5e0;0;Anomaly;
202609;AREA 3;BALI NUSRA;DENPASAR;UBN;AOk426072909471072449f0b0;1;Anomaly;
202609;AREA 3;JATIM;MALANG;SGS;AOi42607260124523866ec030;0;Anomaly;
202609;AREA 3;JATIM;LAMONGAN;LMG;AOi4260718080639861565a50;1;Anomaly;
202609;AREA 4;SULAWESI;MAKASSAR;SUD;AOi4260713034552567c1bfc0;1;Anomaly;
202609;AREA 4;KALIMANTAN;PONTIANAK;SPY;AOk4260713093203611b86c20;0;Anomaly;
202609;AREA 1;SUMBAGUT;CENTRAL MEDAN;CTD;AOi4260722083932237713740;1;Anomaly;
202609;AREA 4;SULAWESI;PARE-PARE;PLP;AOi42607191024245833ae850;0;Anomaly;
202609;AREA 3;JATIM;MALANG;BLR;AOi42607211223372025ff790;0;Anomaly;
202609;AREA 4;KALIMANTAN;BANJARMASIN;GMB;AOi4260714081542103de8330;1;Anomaly;
202609;AREA 3;JATENG-DIY;SURAKARTA;KTO;AOi4260722025814165a69890;1;Anomaly;
202609;AREA 1;SUMBAGUT;CENTRAL MEDAN;CTD;AOi42607261134229956f59d0;1;Anomaly;
202609;AREA 1;SUMBAGUT;BANDA ACEH;TKN;AOi4260724015116719e4ce90;0;Anomaly;
202609;AREA 1;SUMBAGUT;CENTRAL MEDAN;CTD;AOi4260722100942226112820;0;Anomaly;
202609;AREA 3;BALI NUSRA;KUPANG;KEF;AOk4260713011806808e93630;1;Anomaly;
202609;AREA 3;BALI NUSRA;KUPANG;OSP;AOi426071702025681385b6b0;1;Anomaly;
202609;AREA 4;SULAWESI;MANADO;BEO;AOi42607271153167340a8820;0;Anomaly;
202609;AREA 1;SUMBAGUT;CENTRAL MEDAN;TJR;AOi42607181044286311f2140;1;Anomaly;
202609;AREA 4;SULAWESI;PARE-PARE;SRK;AOi4260707073727749b6bc10;0;Comply;-22,39
202609;AREA 2;JABAR;CIREBON;SDU;AOi426073012041705323be30;1;Anomaly;
202609;AREA 1;SUMBAGSEL;JAMBI;KOA;AOi42607140659262660aa360;0;Anomaly;
202609;AREA 2;JABAR;SOREANG;KAD;AOi42607191011125170393a0;1;Anomaly;
202609;AREA 1;SUMBAGUT;RANTAU PRAPAT;RAP;AOi4260731012438606ce1ff0;0;Anomaly;
202609;AREA 1;SUMBAGUT;CENTRAL MEDAN;CTD;AOi42607100339403633f6db0;1;Anomaly;
202609;AREA 3;BALI NUSRA;DENPASAR;SGR;AOi4260721063621482446e70;0;Anomaly;
202609;AREA 1;SUMBAGUT;CENTRAL MEDAN;CTD;AOi1260714101454086696640;1;Anomaly;
202609;AREA 2;CENTRAL JABOTABEK;NORTHERN JAKARTA;SMI;AOi4260728050534169965400;1;Anomaly;
202609;AREA 2;EASTERN JABOTABEK;BEKASI;DEP;AOs32607200948168299a6630;0;Anomaly;
202609;AREA 1;SUMBAGUT;BANDA ACEH;DAR;AOi4260727015704408f44420;0;Anomaly;
202609;AREA 1;SUMBAGUT;BANDA ACEH;TKN;AOi4260717061617361821370;0;Anomaly;
202609;AREA 1;SUMBAGSEL;JAMBI;RBB;AOi42607270939068825f47a0;0;Anomaly;
202609;AREA 4;SULAWESI;KENDARI;KKA;AOb0260715050843100aebd40;0;Anomaly;
202609;AREA 4;KALIMANTAN;PONTIANAK;SRY;AOk4260723090552190c49710;0;Anomaly;
202609;AREA 3;JATIM;SURABAYA;JGR;AOs32607281149589928e7dc0;1;Anomaly;
202609;AREA 3;JATENG-DIY;PEKALONGAN;TEG;AOi4260722013147343883870;0;Anomaly;
202609;AREA 2;WESTERN JABOTABEK;TANGERANG;SRP;AOs3260723051008619d2d540;0;Anomaly;
202609;AREA 1;SUMBAGTENG;PADANG;PDC;AOi42607291050214168a3650;0;Anomaly;
202609;AREA 1;SUMBAGTENG;PEKANBARU;MIS;AOi4260709084730757ad43d0;0;Anomaly;
202609;AREA 1;SUMBAGUT;CENTRAL MEDAN;TJR;AOi4260727010852225f28700;1;Anomaly;
202609;AREA 3;JATIM;SURABAYA;ABT;AOi4260721074136584913f00;0;Anomaly;
202609;AREA 4;SULAWESI;PARE-PARE;PRE;AOi4260730072358027610510;0;Anomaly;
202609;AREA 4;MALUKU DAN PAPUA;JAYAPURA;ABE;AOk4260725074803999f4e950;0;Anomaly;
202609;AREA 1;SUMBAGUT;BANDA ACEH;BNN;AOs3260711115835216135880;0;Anomaly;
202609;AREA 3;BALI NUSRA;KUPANG;SOE;AOi426071407080978764c120;1;Anomaly;
202609;AREA 2;JABAR;BANDUNG;CJA;AOi4260709104855605046f80;0;Anomaly;
202609;AREA 1;SUMBAGTENG;BATAM;DGS;AOi42607310930107896212d0;1;Anomaly;
202609;AREA 4;SULAWESI;PARE-PARE;PRE;AOi42607290422125566efb80;0;Anomaly;
202609;AREA 3;JATIM;SIDOARJO;MRT;AOi4260710031653354f8f190;0;Anomaly;
202609;AREA 2;EASTERN JABOTABEK;KARAWANG;SMH;AOi4260711012710319c9f420;1;Anomaly;
202609;AREA 4;SULAWESI;PALU;PLA;AOi4260723071328778d28e40;1;Anomaly;
202609;AREA 2;CENTRAL JABOTABEK;SOUTHERN JAKARTA;KLD;AOi4260716111325951c6a7a0;1;Anomaly;
202609;AREA 1;SUMBAGUT;PADANG SIDEMPUAN;SBG;AOi4260709054312576935e80;0;Anomaly;
202609;AREA 4;MALUKU DAN PAPUA;SORONG;MWR;AOi42607110539498245d0590;0;Anomaly;
202609;AREA 4;SULAWESI;MANADO;SFI;AOi4260728021554099870710;1;Anomaly;
202609;AREA 4;SULAWESI;KENDARI;WNC;AOi42607170529550049dc3a0;1;Anomaly;
202609;AREA 1;SUMBAGTENG;BATAM;SLU;AOi4260713082247620b4eed0;1;Anomaly;
202609;AREA 4;MALUKU DAN PAPUA;SORONG;MWR;AOi42607180853067871119a0;1;Anomaly;
202609;AREA 2;CENTRAL JABOTABEK;SOUTHERN JAKARTA;KBY;AOi4260721100811146e25190;0;Anomaly;
202609;AREA 1;SUMBAGUT;CENTRAL MEDAN;CTD;AOi4260725024432819881c10;0;Anomaly;
202609;AREA 3;BALI NUSRA;MATARAM;SWE;AOi4260717025420643109dc0;1;Anomaly;
202609;AREA 1;SUMBAGUT;PEMATANG SIANTAR;SBN;AOi426072901453635355cd40;0;Anomaly;
202609;AREA 1;SUMBAGTENG;PADANG;SLK;AOi4260709100344174774370;0;Anomaly;
202609;AREA 4;KALIMANTAN;BANJARMASIN;KYG;AOi4260718091050816f4e890;1;Anomaly;
202609;AREA 2;WESTERN JABOTABEK;TANGERANG;CLD;AOi126071711235976920b4a0;1;Anomaly;
202609;AREA 1;SUMBAGSEL;BENGKULU;BNC;AOi4260714102417400fcd190;0;Anomaly;
202609;AREA 2;JABAR;BANDUNG;RJW;AOi12607241219109240d2980;1;Anomaly;
202609;AREA 4;SULAWESI;PARE-PARE;MAM;AOi4260727081211141580de0;0;Anomaly;
202609;AREA 2;CENTRAL JABOTABEK;NORTHERN JAKARTA;MRY;AOi4260710042632082c0f110;0;Anomaly;
202609;AREA 2;JABAR;BANDUNG;BTJ;AOi4260726122308515e48a40;1;Anomaly;
202609;AREA 3;JATENG-DIY;YOGYAKARTA;PGR;AOk426071004152370207e2e0;1;Anomaly;
202609;AREA 2;CENTRAL JABOTABEK;NORTHERN JAKARTA;MKR;AOs3260729012247343ffe6e0;1;Anomaly;
202609;AREA 1;SUMBAGTENG;PADANG;SLK;AOi1260713055907660d60e30;0;Anomaly;
202609;AREA 1;SUMBAGTENG;PADANG;SLK;AOs3260715052142247f73e30;0;Anomaly;
202609;AREA 3;BALI NUSRA;FLORES;MMR;AOi426072502270640611e670;0;Comply;1,44
202609;AREA 4;SULAWESI;KENDARI;MDG;AOi426071008150274647d900;0;Anomaly;
202609;AREA 3;BALI NUSRA;MATARAM;SEL;AOi4260715082306292c70b10;1;Anomaly;
202609;AREA 2;JABAR;CIREBON;SDU;AOi426073012041705323be30;1;Anomaly;
202609;AREA 1;SUMBAGUT;PEMATANG SIANTAR;SDK;AOi4260711014557169b30990;0;Anomaly;
202609;AREA 3;BALI NUSRA;KUPANG;KPN;AOi4260723100333201086010;1;Anomaly;
202609;AREA 3;BALI NUSRA;DENPASAR;TBN;AOi4260725024350706899250;1;Anomaly;
202609;AREA 4;SULAWESI;MANADO;JLL;AOi42607291200223037bc100;1;Anomaly;
202609;AREA 3;BALI NUSRA;DENPASAR;KLM;AOk4260727024920228e68310;0;Anomaly;
202609;AREA 2;WESTERN JABOTABEK;TANGERANG;PDR;AOi42607220904587819070b0;0;Anomaly;
202609;AREA 3;BALI NUSRA;FLORES;MMR;AOi4260725055038706414320;0;Anomaly;
202609;AREA 3;BALI NUSRA;DENPASAR;SWI;AOi42607160408467218c7130;1;Anomaly;
202609;AREA 3;BALI NUSRA;DENPASAR;UBN;AOi4260712023351463d3ee60;0;Anomaly;
202609;AREA 1;SUMBAGUT;RANTAU PRAPAT;KPI;AOi4260727034539177c3ed10;1;Anomaly;-44,24
202609;AREA 4;KALIMANTAN;PONTIANAK;MPW;AOi42607181121422120d5970;1;Anomaly;20,33
202609;AREA 4;SULAWESI;MAKASSAR;PNK;AOi4260726090634979a0f3c0;0;Anomaly;
202609;AREA 1;SUMBAGUT;CENTRAL MEDAN;TMU;AOi426071001240302832a4e0;0;Anomaly;
202609;AREA 4;SULAWESI;MANADO;KTG;AOi426072704180097871fbd0;1;Anomaly;
202609;AREA 1;SUMBAGUT;CENTRAL MEDAN;TMU;AOi426071507182734634edf0;0;Anomaly;
202609;AREA 1;SUMBAGUT;BANDA ACEH;KTN;AOk4260720031325475635f60;0;Anomaly;
202609;AREA 4;KALIMANTAN;BALIKPAPAN;SAN;AOi4260722011212522449c60;1;Anomaly;2,28
202609;AREA 2;JABAR;BANDUNG;LBG;AOk42607110748599241d5d30;1;Anomaly;-67,69
202609;AREA 3;JATIM;SURABAYA;MYR;AOi4260720022517485d8c5f0;0;Anomaly;
202609;AREA 3;JATENG-DIY;MAGELANG;KTA;AOi42607140723242396f4710;0;Anomaly;
202609;AREA 1;SUMBAGTENG;BATAM;DGS;AOi4260714084042258e77570;1;Anomaly;
202609;AREA 1;SUMBAGTENG;DUMAI;DRI;AOi42607260627373924dfd80;1;Anomaly;
202609;AREA 4;MALUKU DAN PAPUA;AMBON;ABO;AOi4260721103652711078810;0;Anomaly;
202609;AREA 4;MALUKU DAN PAPUA;AMBON;ABO;AOi42607131247160801cbbb0;0;Anomaly;
202609;AREA 1;SUMBAGTENG;BUKIT TINGGI;SIG;AOi4260723114050866440e90;1;Anomaly;
202609;AREA 1;SUMBAGUT;PEMATANG SIANTAR;TGD;AOi4260724110938200bf7880;0;Anomaly;
202609;AREA 2;WESTERN JABOTABEK;SERANG;LBU;AOi426072803260405690a510;0;Anomaly;
202609;AREA 4;SULAWESI;PALU;KOR;AOi12607090614440049c50e0;0;Anomaly;
202609;AREA 3;JATENG-DIY;SEMARANG;GNK;AOi4260723060928502cc5bb0;0;Anomaly;
202609;AREA 1;SUMBAGTENG;BUKIT TINGGI;HRU;AOi42607230931580630344d0;0;Anomaly;
202609;AREA 4;MALUKU DAN PAPUA;SORONG;SON;AOi4260714052720056afacf0;0;Anomaly;
202609;AREA 4;KALIMANTAN;PANGKALAN BUN;PEA;AOi426071012394075326de20;0;Anomaly;
202609;AREA 3;BALI NUSRA;KUPANG;OSP;AOi4260720103410404b27b00;1;Anomaly;51,80
202609;AREA 3;JATENG-DIY;MAGELANG;MGE;AOi4260709080313880923440;1;Anomaly;
202609;AREA 4;SULAWESI;MAKASSAR;MAR;AOi4260709034612261c66970;0;Anomaly;
202609;AREA 3;JATENG-DIY;PEKALONGAN;RDD;AOi42607291123367193073e0;1;Anomaly;
202609;AREA 1;SUMBAGTENG;BATAM;BTC;AOk42607240215353323dd8d0;1;Anomaly;
202609;AREA 1;SUMBAGTENG;BATAM;PNI;AOi4260720023142059db3460;1;Anomaly;
202609;AREA 3;JATENG-DIY;SURAKARTA;KTO;AOi4260722025814165a69890;1;Anomaly;
202609;AREA 1;SUMBAGSEL;BENGKULU;BNC;AOk42607210756070644d38f0;1;Anomaly;
202609;AREA 4;KALIMANTAN;TARAKAN;TRK;AOi42607140755544240c8840;1;Anomaly;
202609;AREA 4;KALIMANTAN;BANJARMASIN;AMT;AOi426071510353275412a0f0;1;Anomaly;
202609;AREA 2;JABAR;BANDUNG;LBG;AOi4260716035044472cf7880;0;Anomaly;
202609;AREA 1;SUMBAGTENG;BATAM;SKN;AOi4260711103111631d4acd0;0;Anomaly;
202609;AREA 2;JABAR;BANDUNG;CSA;AOi4260711074951246e4f510;1;Anomaly;
202609;AREA 2;JABAR;BANDUNG;RJW;AOs3260715013941021ad5350;1;Anomaly;-20,49
202609;AREA 4;SULAWESI;MAKASSAR;PNK;AOi4260716061518710885ee0;1;Anomaly;
202609;AREA 4;KALIMANTAN;TARAKAN;TBY;AOi42607120510016784b73f0;0;Anomaly;
202609;AREA 2;JABAR;TASIKMALAYA;TSM;AOi4260725110336634cd0710;0;Anomaly;
202609;AREA 1;SUMBAGTENG;PADANG;SIE;AOi4260712090852104ddf9c0;1;Anomaly;
202609;AREA 4;KALIMANTAN;SAMARINDA;STT;AOi42607230647417213250e0;0;Anomaly;
202609;AREA 2;WESTERN JABOTABEK;SERANG;RKS;AOi426071903381988331ce10;1;Anomaly;54,50
202609;AREA 1;SUMBAGUT;CENTRAL MEDAN;TTG;AOs326071506222055955c3c0;0;Anomaly;
202609;AREA 3;JATENG-DIY;SEMARANG;SMT;AOi42607120517326152773f0;0;Comply;-18,59
202609;AREA 2;JABAR;BANDUNG;UBR;AOi4260723121427056435390;1;Anomaly;
202609;AREA 3;JATIM;SURABAYA;KJR;AOi4260719024227414295670;0;Anomaly;
202609;AREA 4;KALIMANTAN;PALANGKARAYA;PLK;AOi42607270356583552ec1e0;1;Anomaly;1,46
202609;AREA 1;SUMBAGUT;CENTRAL MEDAN;SPM;AOs3260708050144459edf190;0;Anomaly;
202609;AREA 2;JABAR;BANDUNG;TRG;AOi42607230431036659e37e0;0;Anomaly;
202609;AREA 2;JABAR;BANDUNG;LEM;AOi4260728092823319254670;1;Anomaly;
202609;AREA 2;EASTERN JABOTABEK;BOGOR;BOO;AOi426072211213504602fd50;0;Anomaly;
202609;AREA 1;SUMBAGUT;RANTAU PRAPAT;RAP;AOi42607270404338756a5c70;0;Anomaly;
202609;AREA 1;SUMBAGTENG;BATAM;SKN;AOi42607150326537524be060;1;Anomaly;
202609;AREA 3;JATIM;SURABAYA;KNN;AOs3260710061507865f2c000;1;Anomaly;
202609;AREA 1;SUMBAGTENG;PADANG;KJI;AOi4260721120638343de9840;0;Anomaly;
202609;AREA 1;SUMBAGSEL;JAMBI;JMB;AOk426071611192941442cef0;1;Anomaly;
202609;AREA 1;SUMBAGUT;BANDA ACEH;SKL;AOi4260725101849462b54630;1;Anomaly;
202609;AREA 2;CENTRAL JABOTABEK;NORTHERN JAKARTA;CKG;AOs32607120835284678996f0;1;Anomaly;9,03
202609;AREA 3;JATENG-DIY;PURWOKERTO;BRD;AOk4260727101459607b6e4d0;0;Anomaly;
202609;AREA 1;SUMBAGUT;BANDA ACEH;BNN;AOi4260705022014592228080;0;Anomaly;
202609;AREA 4;SULAWESI;MAKASSAR;MAT;AOi4260714121317384a8b5a0;0;Anomaly;
202609;AREA 4;MALUKU DAN PAPUA;TIMIKA;TIM;AOi42607290428255752ca300;1;Anomaly;
202609;AREA 3;BALI NUSRA;MATARAM;MTR;AOi4260725033932106d28890;0;Anomaly;
202609;AREA 4;KALIMANTAN;PONTIANAK;PTK;AOi4260727111037423eab560;0;Anomaly;
202609;AREA 4;KALIMANTAN;PONTIANAK;NGG;AOi4260724040237603b47970;1;Anomaly;
202609;AREA 1;SUMBAGUT;PEMATANG SIANTAR;SRA;AOi42607130542490813baf40;1;Anomaly;
202609;AREA 1;SUMBAGTENG;PEKANBARU;RGT;AOi42607220737316608f2460;0;Anomaly;
202609;AREA 1;SUMBAGTENG;BATAM;BTC;PDAk4260629104945972f6b0e0;1;Anomaly;
202609;AREA 4;SULAWESI;PALU;PLB;AOi4260712023133231246fe0;0;Anomaly;
202609;AREA 3;JATIM;SIDOARJO;SDA;AOi42607280922455230ba800;0;Anomaly;
202609;AREA 4;KALIMANTAN;PALANGKARAYA;PRC;AOi4260713085648015539410;1;Anomaly;
202609;AREA 1;SUMBAGUT;CENTRAL MEDAN;SKI;AOk426072309282135716ddc0;1;Anomaly;
202609;AREA 1;SUMBAGUT;CENTRAL MEDAN;CTD;AOi42607151050127550c4070;0;Anomaly;
202609;AREA 1;SUMBAGUT;CENTRAL MEDAN;SKI;AOi4260721122723419ea5670;1;Anomaly;
202609;AREA 1;SUMBAGUT;CENTRAL MEDAN;SKI;AOs326071209104474343ca50;1;Anomaly;
202609;AREA 1;SUMBAGUT;BANDA ACEH;DAR;AOi426071511170037426df70;0;Anomaly;
202609;AREA 2;EASTERN JABOTABEK;BEKASI;DEP;AOi4260728025449631c7bc10;1;Anomaly;
202609;AREA 4;KALIMANTAN;BANJARMASIN;NEG;AOi42607190332429602d3c10;0;Anomaly;
202609;AREA 1;SUMBAGTENG;BATAM;SKN;AOi4260721031303315088980;1;Anomaly;
202609;AREA 1;SUMBAGTENG;BATAM;SKN;AOi4260713081851923753a20;1;Anomaly;
202609;AREA 4;SULAWESI;MANADO;SFI;AOi42607291151192762dc880;1;Anomaly;
202609;AREA 2;CENTRAL JABOTABEK;SOUTHERN JAKARTA;JTN;AOi4260719085914501167aa0;0;Anomaly;
202609;AREA 1;SUMBAGTENG;PEKANBARU;ARK;AOi1260730073616875d5fd70;0;Anomaly;
202609;AREA 2;CENTRAL JABOTABEK;NORTHERN JAKARTA;STR;AOi4260716065013408dacf20;0;Not Comply;12,48
202609;AREA 1;SUMBAGUT;BANDA ACEH;GEU;AOi4260731034525440f76af0;0;Anomaly;
202609;AREA 2;CENTRAL JABOTABEK;SOUTHERN JAKARTA;KRG;AOi42607210512149326d5f40;1;Anomaly;
202609;AREA 1;SUMBAGUT;CENTRAL MEDAN;PRT;AOi4260723054227202c275b0;0;Comply;2,28
202609;AREA 3;BALI NUSRA;DENPASAR;KLM;AOi42607151101268346454a0;1;Anomaly;
202609;AREA 1;SUMBAGTENG;PADANG;ULK;AOi42607190911166400db590;0;Anomaly;
202609;AREA 1;SUMBAGUT;CENTRAL MEDAN;TTG;AOs326071506222055955c3c0;1;Anomaly;
202609;AREA 2;EASTERN JABOTABEK;BEKASI;PCM;AOs3260730095922761a5fe60;1;Anomaly;-6,20
202609;AREA 3;BALI NUSRA;MATARAM;SWE;AOi12607211041086250a51a0;0;Anomaly;
202609;AREA 1;SUMBAGTENG;PADANG;ULK;AOk42607160835178009167d0;0;Anomaly;
202609;AREA 4;KALIMANTAN;PALANGKARAYA;PLK;AOk4260716094352396892d30;0;Anomaly;
202609;AREA 4;SULAWESI;BONE;SKG;AOk426072801585460978ffc0;1;Anomaly;
202609;AREA 3;BALI NUSRA;DENPASAR;TOP;AOi4260727092212114542700;0;Anomaly;
202609;AREA 1;SUMBAGUT;CENTRAL MEDAN;TMU;AOi42607170208545395a7150;0;Anomaly;
202609;AREA 4;SULAWESI;GORONTALO;GTL;AOi4260725082947133c6eda0;1;Anomaly;
202609;AREA 1;SUMBAGUT;PEMATANG SIANTAR;PDN;AOi4260714104325251e546a0;0;Anomaly;
202609;AREA 2;JABAR;BANDUNG;CJG;AOi42607200439337609b1f80;1;Anomaly;2,59
202609;AREA 1;SUMBAGTENG;PEKANBARU;RGT;AOi42607300554548457cfee0;1;Anomaly;
202609;AREA 2;WESTERN JABOTABEK;SERANG;LGK;AOi42607080135275079a68e0;1;Anomaly;
202609;AREA 4;KALIMANTAN;PONTIANAK;SPY;AOs3260711102309343ae37d0;1;Anomaly;
202609;AREA 4;KALIMANTAN;PONTIANAK;SAO;AOk42607210954043027bc460;0;Anomaly;
202609;AREA 3;BALI NUSRA;DENPASAR;MMN;AOi4260724080536691281dd0;0;Anomaly;
202609;AREA 3;JATIM;SURABAYA;KBL;AOk426071501042709926d0e0;0;Comply;-1,32
202609;AREA 3;BALI NUSRA;MATARAM;TLW;AOk4260727095303817604360;0;Comply;-2,09
202609;AREA 2;WESTERN JABOTABEK;SERANG;BLJ;AOi42607270258411114d1e90;0;Anomaly;
202609;AREA 1;SUMBAGSEL;PANGKAL PINANG;PGP;AOi4260727090841644de2d40;0;Anomaly;
202609;AREA 4;SULAWESI;KENDARI;PMA;AOi42607230218409221fbc60;0;Anomaly;
202609;AREA 1;SUMBAGTENG;PADANG;ULK;AOi42607271140309481c2ee0;1;Anomaly;
202609;AREA 3;JATIM;SURABAYA;KNN;AOi426071311535924243ece0;0;Anomaly;
202609;AREA 1;SUMBAGUT;CENTRAL MEDAN;SKI;AOi4260724060840283fbd540;1;Anomaly;
202609;AREA 4;KALIMANTAN;PANGKALAN BUN;SAI;AOi4260720065129996da3370;1;Anomaly;
202609;AREA 4;SULAWESI;KENDARI;RAH;AOi4260711011732129cd4d70;0;Anomaly;
202609;AREA 3;BALI NUSRA;DENPASAR;KUT;AOi4260715044432562c2f010;0;Anomaly;
202609;AREA 1;SUMBAGTENG;PEKANBARU;RGT;AOk4260727090309963e116d0;0;Anomaly;
202609;AREA 1;SUMBAGTENG;PADANG;SGD;AOi42607111201421213d9620;0;Anomaly;
202609;AREA 4;KALIMANTAN;PONTIANAK;SRD;AOi4260712075652944096760;0;Anomaly;
202609;AREA 2;WESTERN JABOTABEK;SERANG;KSB;AOi12607151000129900512f0;0;Anomaly;
202609;AREA 2;EASTERN JABOTABEK;BOGOR;CBI;AOi12607230447558707ec390;0;Anomaly;
202609;AREA 4;KALIMANTAN;BALIKPAPAN;GSA;AOi4260713073456806fbe6a0;1;Anomaly;
202609;AREA 3;BALI NUSRA;DENPASAR;TOP;AOi4260622124108255a1f620;1;Anomaly;
202609;AREA 1;SUMBAGUT;PEMATANG SIANTAR;TBT;AOi42607191255053858e37d0;0;Anomaly;
202609;AREA 2;JABAR;BANDUNG;LBG;AOs326071202275682263f470;1;Anomaly;
202609;AREA 3;BALI NUSRA;FLORES;END;AOk4260729011648312f2a310;0;Anomaly;
202609;AREA 2;EASTERN JABOTABEK;BOGOR;DMG;AOi1260715095514485a40b80;1;Anomaly;
202609;AREA 3;BALI NUSRA;KUPANG;OSP;AOi4260723090002873a5f020;0;Anomaly;
202609;AREA 4;KALIMANTAN;PONTIANAK;BDO;AOi12607220545407676358a0;1;Anomaly;
202609;AREA 4;KALIMANTAN;PONTIANAK;SED;AOi4260712033002027466b10;1;Anomaly;
202609;AREA 4;MALUKU DAN PAPUA;TIMIKA;TIM;AOi4260719110813298f67360;0;Anomaly;
202609;AREA 3;JATIM;LAMONGAN;GSK;AOi4260709030653525830010;1;Anomaly;-46,34
202609;AREA 3;JATIM;SIDOARJO;SPJ;AOi4260726124335670e19ab0;0;Anomaly;
202609;AREA 4;SULAWESI;PARE-PARE;MAM;AOk4260728064701223c55ee0;0;Anomaly;
202609;AREA 4;SULAWESI;PALU;KOR;AOi12607090614440049c50e0;0;Anomaly;
202609;AREA 1;SUMBAGUT;PEMATANG SIANTAR;TGD;AOi4260724110938200bf7880;1;Anomaly;
202609;AREA 3;BALI NUSRA;MATARAM;BIM;AOi1260728114319555e1ab80;1;Anomaly;
202609;AREA 2;EASTERN JABOTABEK;BEKASI;PKY;PDAk4260722021228477cc6890;0;Anomaly;
202609;AREA 3;JATENG-DIY;SEMARANG;KUD;AOi4260723081516269af2ed0;0;Comply;2,45
202609;AREA 1;SUMBAGUT;CENTRAL MEDAN;PUB;AOk4260716104002977b34c30;0;Anomaly;
202609;AREA 2;JABAR;TASIKMALAYA;BNJ;AOi4260720013803231321110;1;Anomaly;
202609;AREA 2;JABAR;CIREBON;PAB;AOi42607220632001892d19a0;0;Anomaly;
202609;AREA 4;KALIMANTAN;PONTIANAK;PTK;AOk426071410075998546b190;1;Anomaly;
202609;AREA 2;JABAR;TASIKMALAYA;BNJ;AOi42607300836222149b9cc0;0;Anomaly;
202609;AREA 3;JATENG-DIY;PURWOKERTO;GML;AOi426072908234457960d0c0;0;Anomaly;
202609;AREA 4;SULAWESI;MANADO;SFI;AOi42607291151192762dc880;1;Anomaly;
202609;AREA 4;MALUKU DAN PAPUA;AMBON;ABO;AOi4260718063147880084470;1;Anomaly;
202609;AREA 3;JATIM;SURABAYA;PME;AOi42607100711536339c1020;0;Comply;1,87
202609;AREA 3;BALI NUSRA;FLORES;END;AOk42607271028101967433f0;1;Anomaly;
202609;AREA 1;SUMBAGUT;CENTRAL MEDAN;DLT;AOi4260727120404672d835f0;0;Anomaly;
202609;AREA 2;JABAR;BANDUNG;TRG;AOk4260716034246752f737d0;1;Anomaly;
202609;AREA 4;KALIMANTAN;BANJARMASIN;ULI;AOi4260711105534290977b10;1;Anomaly;
202609;AREA 2;CENTRAL JABOTABEK;NORTHERN JAKARTA;SLP;PDAk4260713120101839a1f9f0;0;Anomaly;
202609;AREA 3;BALI NUSRA;MATARAM;BIM;AOi4260730023132101ba09e0;1;Anomaly;
202609;AREA 4;KALIMANTAN;BANJARMASIN;LUL;AOi4260713023138232d167e0;1;Anomaly;
202609;AREA 4;KALIMANTAN;TARAKAN;JWT;AOi42607241018594769546a0;0;Anomaly;
202609;AREA 1;SUMBAGSEL;BENGKULU;LHT;AOi4260716035437186dffa30;0;Anomaly;
202609;AREA 3;JATIM;SIDOARJO;SDA;AOs32607150530343848b0920;0;Comply;-36,66
202609;AREA 1;SUMBAGUT;PEMATANG SIANTAR;BLG;AOi4260725054543819e4d200;0;Anomaly;
202609;AREA 2;JABAR;BANDUNG;TRG;AOi4260729084722294f55b30;1;Anomaly;
202609;AREA 4;KALIMANTAN;TARAKAN;TRK;AOi426071002095128829efe0;0;Anomaly;
202609;AREA 1;SUMBAGUT;WESTERN MEDAN;KGH;AOi42607100606315780bddc0;0;Anomaly;
202609;AREA 2;JABAR;BANDUNG;BTJ;AOi4260723043650453fb2a20;1;Anomaly;
202609;AREA 4;SULAWESI;PARE-PARE;MAM;AOi4260723113442398fec6c0;0;Anomaly;
202609;AREA 4;KALIMANTAN;SAMARINDA;BLN;AOi1260709024715319127a70;1;Anomaly;
202609;AREA 3;BALI NUSRA;FLORES;LWB;AOi42607290922494639748f0;1;Anomaly;
202609;AREA 1;SUMBAGTENG;PADANG;KGG;AOi426072009172139895bb00;1;Anomaly;
202609;AREA 1;SUMBAGTENG;BUKIT TINGGI;BKT;AOi426072702055133735c500;0;Anomaly;
202609;AREA 4;MALUKU DAN PAPUA;AMBON;SML;AOi4260713113957781130fd0;1;Anomaly;
202609;AREA 1;SUMBAGSEL;BENGKULU;BTH;AOi4260717083819535d76140;1;Anomaly;
202609;AREA 2;CENTRAL JABOTABEK;NORTHERN JAKARTA;CKG;AOs32607201033426314cc290;1;Anomaly;
202609;AREA 3;JATIM;SIDOARJO;SDA;AOi4260725071105704464280;1;Anomaly;
202609;AREA 4;MALUKU DAN PAPUA;AMBON;SML;AOi426072207440663221c810;1;Anomaly;
202609;AREA 3;JATIM;SIDOARJO;DLA;AOi426072006211083195b380;0;Anomaly;
202609;AREA 1;SUMBAGUT;PEMATANG SIANTAR;BLG;AOb026071404482501732f360;0;Anomaly;
202609;AREA 1;SUMBAGSEL;BENGKULU;MNA;AOi4260730052738079fd4bf0;1;Anomaly;
202609;AREA 1;SUMBAGTENG;DUMAI;BGU;AOi4260720093822059ae58d0;0;Anomaly;
202609;AREA 3;BALI NUSRA;MATARAM;DMP;AOi4260728020223855e89c50;1;Anomaly;
202609;AREA 3;JATENG-DIY;YOGYAKARTA;KGD;AOi4260713074929824166470;1;Anomaly;
202609;AREA 2;EASTERN JABOTABEK;BEKASI;KLB;AOi1260717012626356d894c0;0;Anomaly;
202609;AREA 3;JATIM;SIDOARJO;SDA;AOs326072809110339215e710;1;Anomaly;
202609;AREA 3;BALI NUSRA;MATARAM;MTR;AOi4260724112151602213930;1;Anomaly;
202609;AREA 4;KALIMANTAN;PONTIANAK;JAW;AOi4260718015552023044920;1;Anomaly;
202609;AREA 2;EASTERN JABOTABEK;BOGOR;CCR;AOi4260730112856693ec0bc0;1;Anomaly;-97,67
202609;AREA 2;JABAR;BANDUNG;TRG;AOi4260729123737530f32120;1;Anomaly;
202609;AREA 2;CENTRAL JABOTABEK;SOUTHERN JAKARTA;KRG;AOi4260712092052863021be0;1;Anomaly;
202609;AREA 1;SUMBAGUT;BANDA ACEH;LBR;AOi4260713114810527ad8060;0;Anomaly;
202609;AREA 3;BALI NUSRA;DENPASAR;KLM;AOi4260727015406417a68850;1;Anomaly;
202609;AREA 1;SUMBAGSEL;PALEMBANG;PGC;AOi1260723102147804bf9c10;1;Anomaly;
202609;AREA 3;BALI NUSRA;DENPASAR;KLM;AOi4260724043548188fb8110;1;Anomaly;
202609;AREA 1;SUMBAGUT;BANDA ACEH;BPD;AOi4260715015213426ae1a60;0;Anomaly;
202609;AREA 3;JATIM;LAMONGAN;GSK;AOi4260727030159966ccffe0;1;Anomaly;
202609;AREA 2;EASTERN JABOTABEK;BEKASI;KRA;AOs3260720063253502265110;1;Anomaly;
202609;AREA 3;JATIM;SURABAYA;BKL;AOi4260721065624542c27eb0;0;Anomaly;
202609;AREA 1;SUMBAGUT;CENTRAL MEDAN;SKI;AOi1260721022952394243c20;1;Anomaly;
202609;AREA 1;SUMBAGTENG;DUMAI;BKN;AOi4260622110828476e89a40;0;Anomaly;
202609;AREA 1;SUMBAGUT;RANTAU PRAPAT;NGB;AOi42607270604496992cf070;0;Anomaly;
202609;AREA 1;SUMBAGTENG;DUMAI;TAK;AOi4260722045823144eb5080;1;Anomaly;
202609;AREA 4;SULAWESI;MANADO;PIK;AOi4260714115506159286660;1;Anomaly;
202609;AREA 1;SUMBAGTENG;DUMAI;BKN;AOi42607190327361423e3db0;0;Anomaly;
202609;AREA 4;KALIMANTAN;PONTIANAK;STA;AOi4260729081717888448180;0;Anomaly;
202609;AREA 2;CENTRAL JABOTABEK;SOUTHERN JAKARTA;BIN;AOi42607111037095661e2d40;0;Anomaly;
202609;AREA 1;SUMBAGUT;BANDA ACEH;SGI;AOi4260721011235713dbc900;0;Anomaly;
202609;AREA 4;SULAWESI;MAKASSAR;SUD;AOi4260714025632627bce780;0;Anomaly;
202609;AREA 3;BALI NUSRA;DENPASAR;UBN;AOi4260711083915995655c30;0;Anomaly;
202609;AREA 2;EASTERN JABOTABEK;BEKASI;KRA;AOs326072407014223591e590;1;Anomaly;-22,37
202609;AREA 4;KALIMANTAN;SAMARINDA;BOT;AOi12607230219119251e6850;1;Anomaly;
202609;AREA 2;WESTERN JABOTABEK;SERANG;BLJ;AOi42607310422089778f5a10;0;Anomaly;
202609;AREA 2;JABAR;BANDUNG;RJW;AOi4260718063225238394120;1;Anomaly;-47,24
202609;AREA 2;EASTERN JABOTABEK;KARAWANG;SMH;AOi4260711012710319c9f420;1;Anomaly;
202609;AREA 1;SUMBAGUT;PEMATANG SIANTAR;DLS;AOi4260728011345443d1cf90;0;Anomaly;
202609;AREA 1;SUMBAGSEL;LAMPUNG;LIW;AOi42607180912504404bffb0;1;Anomaly;
202609;AREA 1;SUMBAGUT;PADANG SIDEMPUAN;SBG;AOi42607230537006151daa30;0;Anomaly;
202609;AREA 1;SUMBAGSEL;BENGKULU;AGR;AOi4260526125734957d2c320;1;Anomaly;
202609;AREA 2;EASTERN JABOTABEK;BEKASI;PKY;AOi42607261025317564a0070;1;Anomaly;
202609;AREA 2;JABAR;BANDUNG;TRG;AOs3260721121748799959a00;1;Anomaly;
202609;AREA 2;JABAR;BANDUNG;TRG;AOi42607121239052621e3590;1;Anomaly;
202609;AREA 1;SUMBAGSEL;PALEMBANG;UNT;AOk4260720032914022089460;1;Anomaly;
202609;AREA 2;JABAR;TASIKMALAYA;GRU;AOi426072404450979182ce10;1;Anomaly;
202609;AREA 2;JABAR;TASIKMALAYA;GRU;AOs326072303071430789f780;1;Anomaly;
202609;AREA 2;CENTRAL JABOTABEK;NORTHERN JAKARTA;MKR;AOi4260715030416064b35a70;1;Anomaly;
202609;AREA 1;SUMBAGUT;CENTRAL MEDAN;SPM;AOi12607160324472354b0ab0;1;Anomaly;
202609;AREA 3;JATIM;SURABAYA;RKT;AOi426072809562716040c4c0;1;Anomaly;
202609;AREA 3;BALI NUSRA;FLORES;RTE;AOi4260726101203124419ab0;0;Anomaly;
202609;AREA 1;SUMBAGUT;CENTRAL MEDAN;SPM;AOi4260729013904316244330;1;Anomaly;
202609;AREA 4;MALUKU DAN PAPUA;SORONG;TMB;AOi426072007553129249dc60;0;Anomaly;
202609;AREA 1;SUMBAGUT;CENTRAL MEDAN;SPM;AOk4260718102541104c2f740;1;Anomaly;
202609;AREA 4;KALIMANTAN;BANJARMASIN;RTA;AOi12607130636158914071a0;1;Anomaly;
202609;AREA 1;SUMBAGUT;WESTERN MEDAN;KGH;AOs32607160737461568faba0;0;Anomaly;
202609;AREA 4;SULAWESI;MANADO;AMD;AOi4260722111759795e17020;1;Anomaly;
202609;AREA 2;WESTERN JABOTABEK;SERANG;LGK;AOi1260709042757331c19f10;1;Anomaly;-4,56
202609;AREA 2;JABAR;BANDUNG;GGK;AOk4260728121122921a468f0;1;Anomaly;
202609;AREA 3;BALI NUSRA;DENPASAR;BNO;AOi4260715094706847b54600;0;Anomaly;
202609;AREA 3;BALI NUSRA;MATARAM;BIM;AOi42607300703181524c4ce0;1;Anomaly;
202609;AREA 1;SUMBAGSEL;PALEMBANG;SGB;AOi426072302531631937ad60;1;Anomaly;
202609;AREA 4;SULAWESI;MANADO;TMH;AOs326072608551141689b3b0;1;Anomaly;
202609;AREA 2;EASTERN JABOTABEK;KARAWANG;KLI;AOi12607171021078016365c0;1;Anomaly;
202609;AREA 1;SUMBAGUT;WESTERN MEDAN;LSM;AOi4260725110621162d028c0;0;Anomaly;
202609;AREA 3;BALI NUSRA;FLORES;LWB;AOi4260714101731458712c80;0;Anomaly;
202609;AREA 3;JATENG-DIY;SURAKARTA;KLX;AOi42607260804027041650e0;1;Anomaly;
202609;AREA 2;JABAR;BANDUNG;TRG;AOi4260723112817255d3a590;1;Anomaly;
202609;AREA 2;CENTRAL JABOTABEK;NORTHERN JAKARTA;MKR;AOi4260719104801852b35a70;1;Anomaly;
202609;AREA 1;SUMBAGUT;CENTRAL MEDAN;SPM;AOi4260728022908021afc050;1;Anomaly;
202609;AREA 1;SUMBAGUT;CENTRAL MEDAN;SPM;AOi4260717111137412b601e0;1;Anomaly;
202609;AREA 3;JATENG-DIY;SURAKARTA;BYL;AOk4260720034137724429160;1;Anomaly;
202609;AREA 1;SUMBAGUT;CENTRAL MEDAN;SPM;AOi4260714050449572d69010;1;Anomaly;
202609;AREA 4;SULAWESI;PALU;PSO;AOi4260727071022736bf7cf0;1;Anomaly;
202609;AREA 4;KALIMANTAN;BANJARMASIN;NEG;AOi42607190332429602d3c10;0;Anomaly;
202609;AREA 1;SUMBAGSEL;BENGKULU;MNA;AOi4260727095340643f52ab0;1;Anomaly;
202609;AREA 1;SUMBAGSEL;PALEMBANG;KAG;AOi426072812103691298bb60;1;Anomaly;
202609;AREA 2;JABAR;TASIKMALAYA;TSM;AOi4260712045258681127dd0;1;Anomaly;
202609;AREA 2;CENTRAL JABOTABEK;NORTHERN JAKARTA;TGA;AOs3260727113858801c80f20;1;Anomaly;
202609;AREA 1;SUMBAGSEL;BENGKULU;CRP;AOi426071612000979861a3e0;0;Anomaly;
202609;AREA 3;BALI NUSRA;DENPASAR;BNO;AOi4260723082922194e92570;1;Anomaly;
202609;AREA 1;SUMBAGUT;CENTRAL MEDAN;SPM;AOi42607210459556333106b0;1;Anomaly;
202609;AREA 3;BALI NUSRA;DENPASAR;SMA;AOi42607110942111390c2a70;0;Anomaly;
202609;AREA 2;CENTRAL JABOTABEK;NORTHERN JAKARTA;MKR;AOi4260718070436474ad80a0;1;Anomaly;
202609;AREA 1;SUMBAGSEL;JAMBI;BKO;AOb0260724091842390c75050;1;Anomaly;
202609;AREA 1;SUMBAGTENG;BATAM;BUM;AOi42607300915361211e0c60;1;Anomaly;
202609;AREA 1;SUMBAGUT;PADANG SIDEMPUAN;PSP;AOk4260720024506046636b40;1;Anomaly;
202609;AREA 1;SUMBAGUT;CENTRAL MEDAN;SPM;AOi426071901312712787dc00;1;Anomaly;
202609;AREA 2;CENTRAL JABOTABEK;SOUTHERN JAKARTA;PSR;AOi126071707031133223e980;1;Anomaly;0,02
202609;AREA 1;SUMBAGSEL;JAMBI;SRJ;AOi42607161136002323e2e00;1;Anomaly;
202609;AREA 2;JABAR;SOREANG;BJA;AOi4260714105458894187810;1;Anomaly;8,34
202609;AREA 3;JATENG-DIY;SEMARANG;BAN;AOi4260714123059497b91200;0;Anomaly;
202609;AREA 2;CENTRAL JABOTABEK;NORTHERN JAKARTA;CIL;AOi1260720074043787aad200;1;Anomaly;
202609;AREA 3;BALI NUSRA;MATARAM;TET;AOi42607231020457899db7c0;1;Anomaly;
202609;AREA 4;SULAWESI;MANADO;LAN;AOi4260730032948213cdb160;1;Anomaly;
202609;AREA 4;KALIMANTAN;PONTIANAK;SRD;AOi4260712075652944096760;1;Anomaly;
202609;AREA 3;BALI NUSRA;DENPASAR;UBN;AOi426072909143415932e0f0;1;Anomaly;
202609;AREA 4;KALIMANTAN;BANJARMASIN;AMT;AOi4260715092502595d10300;1;Anomaly;
202609;AREA 4;SULAWESI;KENDARI;UNH;AOi4260713010317650665d00;0;Anomaly;
202609;AREA 2;WESTERN JABOTABEK;TANGERANG;LKG;AOk42607280149108712759d0;1;Anomaly;
202609;AREA 2;EASTERN JABOTABEK;BOGOR;BOO;AOs326070908093190028f5e0;0;Anomaly;
202609;AREA 1;SUMBAGUT;CENTRAL MEDAN;LBP;AOi426071302424460526f920;0;Anomaly;
202609;AREA 3;BALI NUSRA;DENPASAR;KLM;AOs32607251212190501d3a00;1;Anomaly;
202609;AREA 4;MALUKU DAN PAPUA;JAYAPURA;SNI;AOi4260730051043600beb2f0;1;Anomaly;
202609;AREA 1;SUMBAGSEL;JAMBI;MAB;AOi4260713034843342019d10;1;Anomaly;
202609;AREA 3;BALI NUSRA;DENPASAR;NSD;AOi12607191024435684f2480;0;Anomaly;
202609;AREA 4;SULAWESI;BONE;BLK;AOi4260726102830870b2c3f0;0;Anomaly;
202609;AREA 2;JABAR;BANDUNG;TRG;AOk4260729033650797155150;1;Anomaly;
202609;AREA 1;SUMBAGUT;PEMATANG SIANTAR;PRR;AOi4260718024406347d80860;0;Anomaly;
202609;AREA 4;KALIMANTAN;PANGKALAN BUN;PBU;AOi4260716054357565ff3e80;0;Anomaly;
202609;AREA 1;SUMBAGSEL;PALEMBANG;PLJ;AOi4260726055536112723b90;1;Anomaly;
202609;AREA 2;JABAR;SOREANG;SOR;AOi4260718032713304652aa0;1;Anomaly;
202609;AREA 1;SUMBAGTENG;PADANG;LIM;AOk4260713123229602c24ee0;0;Anomaly;
202609;AREA 3;JATENG-DIY;SURAKARTA;KTO;AOs32607240130065557bb520;1;Anomaly;
202609;AREA 3;BALI NUSRA;DENPASAR;NGR;AOi42607191114532325950d0;1;Anomaly;
202609;AREA 1;SUMBAGUT;CENTRAL MEDAN;SPM;AOi42607261200478117ea810;1;Anomaly;
202609;AREA 4;MALUKU DAN PAPUA;SORONG;BTI;AOi4260714033133219e151b0;1;Anomaly;
202609;AREA 3;JATENG-DIY;YOGYAKARTA;WNS;AOi42607150235322711cc950;1;Anomaly;
202609;AREA 1;SUMBAGTENG;DUMAI;BKN;AOi4260718065657397102020;0;Anomaly;
202609;AREA 4;KALIMANTAN;PALANGKARAYA;BNT;AOi4260727113020684b63160;1;Anomaly;
202609;AREA 4;MALUKU DAN PAPUA;SORONG;SON;AOi4260728125257431e44d50;0;Anomaly;
202609;AREA 4;SULAWESI;MAKASSAR;SUG;AOi4260731020405417f1cb30;1;Anomaly;
202609;AREA 2;CENTRAL JABOTABEK;NORTHERN JAKARTA;PLM;AOi42607110241165999adcf0;1;Anomaly;
202609;AREA 1;SUMBAGTENG;PEKANBARU;PKR;AOi1260718031900031d0a0a0;0;Anomaly;
202609;AREA 1;SUMBAGUT;CENTRAL MEDAN;SPM;AOi4260728050256674de1100;1;Anomaly;
202609;AREA 1;SUMBAGUT;CENTRAL MEDAN;LBP;AOi4260726014348337c858a0;0;Anomaly;
202609;AREA 1;SUMBAGUT;RANTAU PRAPAT;RAP;AOi4260717070849354155cc0;0;Anomaly;
202609;AREA 4;MALUKU DAN PAPUA;TIMIKA;KUK;AOi4260729115601139d156c0;0;Anomaly;
202609;AREA 3;JATIM;LAMONGAN;BBE;AOi4260718100548109c296b0;1;Anomaly;
202609;AREA 3;JATIM;SURABAYA;BKL;AOi4260713113131980c49f30;0;Anomaly;
202609;AREA 2;EASTERN JABOTABEK;KARAWANG;PWK;AOi42607210439280337d02f0;1;Anomaly;
202609;AREA 2;JABAR;SOREANG;MJY;AOi4260712103515956cc62b0;0;Anomaly;
202609;AREA 3;JATIM;SURABAYA;SPG;AOi426072010525441202f730;0;Anomaly;
202609;AREA 3;BALI NUSRA;FLORES;MMR;AOi4260730061656786a03120;0;Anomaly;
202609;AREA 1;SUMBAGUT;BANDA ACEH;DAR;AOi426072604122693267fdd0;1;Anomaly;
202609;AREA 4;KALIMANTAN;PONTIANAK;SRD;AOi426071210543011651bbe0;1;Anomaly;
202609;AREA 4;SULAWESI;MAKASSAR;SUD;AOi4260714025632627bce780;1;Anomaly;
202609;AREA 4;KALIMANTAN;BANJARMASIN;BRI;AOi4260718035015007c120e0;0;Anomaly;
202609;AREA 4;MALUKU DAN PAPUA;SORONG;BTI;AOi4260729042436031d7ff90;1;Anomaly;
202609;AREA 3;JATENG-DIY;YOGYAKARTA;KEN;AOi42607200611586977a0c10;0;Not Comply;16,36
202609;AREA 1;SUMBAGTENG;PADANG;SJJ;AOi42607170816538342153a0;0;Anomaly;
202609;AREA 4;KALIMANTAN;PONTIANAK;SAO;AOi4260720040110083a7b340;0;Anomaly;
202609;AREA 4;SULAWESI;BONE;SIN;AOi4260723112836122e1ea00;1;Anomaly;
202609;AREA 4;SULAWESI;BONE;WTP;AOi426071201082068865dd20;1;Anomaly;
202609;AREA 1;SUMBAGUT;CENTRAL MEDAN;BLW;AOi42607281008417412eb580;0;Anomaly;
202609;AREA 1;SUMBAGUT;PEMATANG SIANTAR;BST;AOi4260718111917135e550d0;0;Anomaly;
202609;AREA 2;WESTERN JABOTABEK;SERANG;LGK;AOs3260726034830835f88f70;1;Anomaly;
202609;AREA 3;BALI NUSRA;MATARAM;DMP;AOk4260725091825937ec9a60;1;Anomaly;
202609;AREA 1;SUMBAGUT;CENTRAL MEDAN;SPM;PDAk42607170149004103b1a60;1;Anomaly;
202609;AREA 3;JATIM;LAMONGAN;GSK;AOs32607301121436503c70d0;1;Anomaly;
202609;AREA 4;KALIMANTAN;PALANGKARAYA;MTW;PDAk426072410563789941bc40;1;Anomaly;
202609;AREA 1;SUMBAGTENG;PADANG;BGS;AOi426071804245375191fb90;0;Anomaly;
202609;AREA 3;JATENG-DIY;PEKALONGAN;TEG;AOi42607301042089052d8750;0;Anomaly;
202609;AREA 2;CENTRAL JABOTABEK;SOUTHERN JAKARTA;BIN;AOi42607170251311053df0c0;1;Anomaly;
202609;AREA 3;JATENG-DIY;YOGYAKARTA;SMN;AOi42607140928353076846d0;1;Anomaly;
202609;AREA 2;JABAR;BANDUNG;HGM;AOi4260722014205905a837f0;1;Anomaly;14,55
202609;AREA 1;SUMBAGUT;RANTAU PRAPAT;ANP;AOi42607270849500574b4a40;0;Anomaly;
202609;AREA 1;SUMBAGTENG;PADANG;LBY;AOi4260716072243893948940;0;Anomaly;
202609;AREA 1;SUMBAGUT;CENTRAL MEDAN;SPM;AOi4260714010345906576340;1;Anomaly;
202609;AREA 2;JABAR;BANDUNG;LBG;AOi4260717072502927708f60;1;Anomaly;
202609;AREA 1;SUMBAGTENG;PEKANBARU;BKR;AOi426072510091959457a450;0;Anomaly;
202609;AREA 1;SUMBAGSEL;PALEMBANG;SGB;AOi4260720102245623a07bc0;0;Anomaly;
202609;AREA 4;KALIMANTAN;PONTIANAK;SED;AOi4260712033002027466b10;1;Anomaly;
202609;AREA 2;WESTERN JABOTABEK;SERANG;CKA;AOi1260715063722759fdbad0;1;Anomaly;-65,00
202609;AREA 4;MALUKU DAN PAPUA;SORONG;BTI;AOi42607110412594803fd940;1;Anomaly;
202609;AREA 4;KALIMANTAN;BANJARMASIN;NEG;AOi42607190332429602d3c10;0;Anomaly;
202609;AREA 1;SUMBAGUT;PADANG SIDEMPUAN;SIP;AOs3260715055443970177110;0;Anomaly;
202609;AREA 4;SULAWESI;MANADO;AMR;AOs3260713011628120f9c1f0;1;Anomaly;
202609;AREA 1;SUMBAGUT;CENTRAL MEDAN;SPM;AOi4260728112750495ae4890;1;Anomaly;
202609;AREA 4;KALIMANTAN;TARAKAN;TSL;AOi1260723101159790975c80;1;Anomaly;
202609;AREA 3;JATENG-DIY;YOGYAKARTA;KEN;AOk426071512481941975c980;1;Anomaly;
202609;AREA 1;SUMBAGUT;PEMATANG SIANTAR;BST;AOi42607291235425547baab0;0;Anomaly;
202609;AREA 1;SUMBAGUT;CENTRAL MEDAN;LBP;AOi42607211147010964d9410;0;Anomaly;
202609;AREA 3;BALI NUSRA;MATARAM;MTR;AOi426072208011958105fa20;1;Anomaly;
202609;AREA 1;SUMBAGSEL;LAMPUNG;SPS;AOi4260723095042487582f10;1;Anomaly;
202609;AREA 1;SUMBAGTENG;PADANG;SLK;AOi4260719122728835fe84b0;0;Anomaly;
202609;AREA 2;CENTRAL JABOTABEK;NORTHERN JAKARTA;MRD;AOi4260720123842623e29380;1;Anomaly;
202609;AREA 2;JABAR;CIREBON;AWN;AOi4260731023305821f1a2f0;0;Anomaly;
202609;AREA 4;KALIMANTAN;PANGKALAN BUN;KTP;AOi426071608491462905a5a0;0;Anomaly;
202609;AREA 1;SUMBAGUT;CENTRAL MEDAN;SPM;AOs3260728014246068a0e480;1;Anomaly;
202609;AREA 3;BALI NUSRA;DENPASAR;KLM;AOi4260724043548188fb8110;1;Anomaly;
202609;AREA 4;SULAWESI;KENDARI;KKA;AOi4260721042544514b0c300;1;Anomaly;
202609;AREA 1;SUMBAGUT;CENTRAL MEDAN;SPM;AOi1260718082427275d65450;1;Anomaly;
202609;AREA 1;SUMBAGSEL;BENGKULU;BTH;AOi4260729125901521094bd0;1;Anomaly;-2,70
202609;AREA 2;JABAR;BANDUNG;LBG;AOi4260717113046294477d00;0;Anomaly;
202609;AREA 3;BALI NUSRA;FLORES;MMR;AOk4260723014832030adbed0;0;Anomaly;
202609;AREA 3;BALI NUSRA;DENPASAR;UBU;AOi4260714033926687cc5c00;1;Anomaly;
202609;AREA 3;BALI NUSRA;DENPASAR;KLM;AOi426072602563408494c540;0;Anomaly;
202609;AREA 4;MALUKU DAN PAPUA;SORONG;MWR;AOi42607311237033595403d0;0;Anomaly;
202609;AREA 4;MALUKU DAN PAPUA;SORONG;SON;AOi42607140248560900604e0;1;Anomaly;
202609;AREA 1;SUMBAGUT;CENTRAL MEDAN;CTD;AOi4260731035028956a4a5c0;0;Anomaly;
202609;AREA 4;KALIMANTAN;PANGKALAN BUN;SAI;AOi1260714112245308bb5460;0;Anomaly;
202609;AREA 2;EASTERN JABOTABEK;KARAWANG;PWK;AOi42607250311340549b6c90;0;Anomaly;
202609;AREA 1;SUMBAGTENG;PADANG;SLK;AOi1260713055907660d60e30;0;Anomaly;
202609;AREA 4;SULAWESI;MANADO;BAH;AOi4260720121514912fd9480;1;Anomaly;29,38
202609;AREA 1;SUMBAGTENG;DUMAI;DUM;AOi42607150117135704e10d0;0;Anomaly;
202609;AREA 4;SULAWESI;GORONTALO;MRS;AOk42607131059286498c8a20;0;Anomaly;
202609;AREA 4;SULAWESI;MAKASSAR;ANT;AOk4260723090017963f37d20;0;Anomaly;
202609;AREA 3;JATIM;SURABAYA;KPS;AOi4260713013500433ff0050;0;Anomaly;
202609;AREA 1;SUMBAGTENG;BATAM;SLU;AOi4260718062950989652b80;0;Anomaly;
202609;AREA 1;SUMBAGTENG;BATAM;BTC;AOi42607300707406785f2850;1;Anomaly;
202609;AREA 3;BALI NUSRA;DENPASAR;SGR;AOi4260716121555464f6add0;1;Anomaly;27,82
202609;AREA 2;JABAR;TASIKMALAYA;KNU;AOi4260721035101233db2560;1;Anomaly;
202609;AREA 4;SULAWESI;PALU;DGL;AOi42607210923154257170d0;1;Anomaly;
202609;AREA 4;KALIMANTAN;PONTIANAK;JAW;AOi4260727034712534e1c6b0;0;Anomaly;
202609;AREA 2;JABAR;BANDUNG;TRG;AOi4260725123450021982800;0;Anomaly;
202609;AREA 3;JATIM;MALANG;TUL;AOi4260730104400721184d00;0;Anomaly;
202609;AREA 1;SUMBAGTENG;PEKANBARU;PBB;AOi4260721090101813a31b40;1;Anomaly;
202609;AREA 2;JABAR;BANDUNG;CMI;AOi426072801152487169d610;1;Anomaly;
202609;AREA 1;SUMBAGUT;BANDA ACEH;SGI;AOi4260713095302140d16d20;0;Anomaly;
202609;AREA 3;BALI NUSRA;MATARAM;BIM;AOi4260722011935752793be0;0;Anomaly;
202609;AREA 2;CENTRAL JABOTABEK;SOUTHERN JAKARTA;TBE;AOk42607121228477875e10a0;1;Anomaly;
202609;AREA 4;KALIMANTAN;TARAKAN;TRK;AOi426071410412760914da00;0;Anomaly;
202609;AREA 2;JABAR;BANDUNG;CMI;AOi4260713123737595a207b0;1;Anomaly;-76,69
202609;AREA 4;KALIMANTAN;PONTIANAK;SAO;AOi4260727092813799857be0;0;Anomaly;
202609;AREA 1;SUMBAGTENG;BATAM;BTC;AOs3260717104201346a3d390;1;Anomaly;
202609;AREA 2;JABAR;TASIKMALAYA;GRU;AOi4260728125310952074b20;1;Anomaly;
202609;AREA 2;JABAR;BANDUNG;SKM;AOi4260720120009883dd08c0;0;Anomaly;
202609;AREA 4;KALIMANTAN;SAMARINDA;SMR;AOi42607190741374686bed50;0;Anomaly;
202609;AREA 3;BALI NUSRA;DENPASAR;SWI;PDAk42607250231341423812b0;1;Anomaly;
202609;AREA 4;KALIMANTAN;PANGKALAN BUN;KKY;AOi4260702050005222110e00;1;Anomaly;
202609;AREA 4;KALIMANTAN;BANJARMASIN;LUL;AOi42607281210438559985a0;1;Anomaly;
202609;AREA 2;JABAR;SOREANG;RCK;AOi42607301050407948cb180;1;Anomaly;
202609;AREA 4;SULAWESI;MAKASSAR;SUD;AOi4260714025632627bce780;1;Anomaly;
202609;AREA 1;SUMBAGTENG;PADANG;TWI;AOi426071405011473368f660;1;Anomaly;
202609;AREA 2;JABAR;TASIKMALAYA;TSM;AOi4260712045258681127dd0;1;Anomaly;
202609;AREA 3;BALI NUSRA;MATARAM;BIM;AOi42607130808486805c9440;0;Anomaly;
202609;AREA 4;KALIMANTAN;PONTIANAK;BDO;AOi12607220545407676358a0;1;Anomaly;
202609;AREA 2;EASTERN JABOTABEK;KARAWANG;JBB;AOi4260730043415674a09ee0;1;Anomaly;-65,24
202609;AREA 1;SUMBAGTENG;PADANG;BDT;AOi4260724020125779d27040;1;Anomaly;
202609;AREA 2;WESTERN JABOTABEK;TANGERANG;PDR;PDAk4260727095538047264300;1;Anomaly;
202609;AREA 4;KALIMANTAN;PALANGKARAYA;PRC;AOi42607201220370233c6150;0;Anomaly;
202609;AREA 4;SULAWESI;MAKASSAR;PNK;AOi42607150411496180bfd20;0;Anomaly;
202609;AREA 4;KALIMANTAN;PALANGKARAYA;MTW;PDAk426072410563789941bc40;1;Anomaly;
202609;AREA 1;SUMBAGUT;WESTERN MEDAN;BJI;AOi42607190226560924290e0;0;Anomaly;
202609;AREA 2;JABAR;BANDUNG;BTJ;AOi4260714030347423becf80;1;Anomaly;
202609;AREA 3;JATIM;SURABAYA;KLN;AOi42607120825525290c21c0;0;Anomaly;
202609;AREA 4;KALIMANTAN;TARAKAN;TAJ;AOi4260714043742959403f70;1;Anomaly;-3,65
202609;AREA 4;KALIMANTAN;BALIKPAPAN;BAM;AOi4260714013552532b427c0;0;Anomaly;
202609;AREA 1;SUMBAGTENG;PADANG;BDT;AOi42607230122070931c2290;1;Anomaly;
202609;AREA 2;JABAR;TASIKMALAYA;WNR;AOi426071402560137979a500;1;Anomaly;
202609;AREA 1;SUMBAGUT;CENTRAL MEDAN;PDB;AOi426071607572851573a1d0;1;Anomaly;
202609;AREA 1;SUMBAGSEL;PALEMBANG;PGC;AOi1260723102147804bf9c10;1;Anomaly;
202609;AREA 1;SUMBAGTENG;BATAM;DGS;AOi4260714084042258e77570;1;Anomaly;
202609;AREA 3;JATENG-DIY;SEMARANG;JHR;AOi4260711034455169878070;1;Anomaly;
202609;AREA 1;SUMBAGUT;CENTRAL MEDAN;TJR;AOi426072910361666943cf10;0;Anomaly;
202609;AREA 4;SULAWESI;KENDARI;MDG;AOs3260726072121172be18a0;0;Anomaly;
202609;AREA 2;EASTERN JABOTABEK;KARAWANG;SUE;AOi426072806045100111e010;1;Anomaly;
202609;AREA 2;CENTRAL JABOTABEK;SOUTHERN JAKARTA;PGG;AOi42607260536060541665a0;1;Anomaly;
202609;AREA 1;SUMBAGSEL;LAMPUNG;MGA;AOs32607181252486864513f0;1;Anomaly;
202609;AREA 3;JATENG-DIY;SEMARANG;MJP;AOi42607270739073772508f0;1;Anomaly;
202609;AREA 2;JABAR;BANDUNG;CMI;AOi4260714021708956585e50;1;Anomaly;
202609;AREA 1;SUMBAGSEL;LAMPUNG;TJK;AOi4260715082511349c76750;1;Anomaly;
202609;AREA 3;JATENG-DIY;SEMARANG;JHR;AOi426072207114646964b670;0;Anomaly;
202609;AREA 4;SULAWESI;KENDARI;MDG;AOi4260720110906301240c40;0;Anomaly;
202609;AREA 4;KALIMANTAN;BALIKPAPAN;BAM;AOi4260718042306062949a50;1;Anomaly;
202609;AREA 3;JATENG-DIY;SEMARANG;UNR;AOi4260712065435410f14320;1;Anomaly;
202609;AREA 4;SULAWESI;MANADO;SFI;AOi4260722012046737a30080;1;Anomaly;
202609;AREA 2;WESTERN JABOTABEK;TANGERANG;CLD;AOi126071711235976920b4a0;1;Anomaly;
202609;AREA 2;EASTERN JABOTABEK;BEKASI;KLB;AOi4260717112516170261290;1;Anomaly;
202609;AREA 4;KALIMANTAN;PALANGKARAYA;KKN;AOi4260716040044178e57620;0;Anomaly;
202609;AREA 4;MALUKU DAN PAPUA;AMBON;DOB;AOi42607251233337880005e0;1;Anomaly;
202609;AREA 2;JABAR;BANDUNG;LBG;AOi42607221133422436ee420;1;Anomaly;
202609;AREA 4;SULAWESI;KENDARI;MDG;AOi426072912103936997ca60;0;Anomaly;
202609;AREA 2;JABAR;SOREANG;MJL;AOk4260727025900030c3ec90;1;Anomaly;
202609;AREA 2;JABAR;SOREANG;MJY;AOi4260726033248990249c40;1;Anomaly;
202609;AREA 4;MALUKU DAN PAPUA;TIMIKA;MRK;AOb026071201200989990c030;1;Anomaly;
202609;AREA 3;JATENG-DIY;SEMARANG;LSE;AOi4260729040442162364b20;1;Anomaly;
202609;AREA 2;WESTERN JABOTABEK;TANGERANG;TAN;AOi42607220723072410aa460;1;Anomaly;
202609;AREA 3;JATENG-DIY;PEKALONGAN;BLU;AOi426071206351256093dde0;0;Anomaly;
202609;AREA 2;WESTERN JABOTABEK;SERANG;SEG;AOk42607200744186118622f0;1;Anomaly;
202609;AREA 3;BALI NUSRA;DENPASAR;SRR;AOi42607170702407867b8350;1;Anomaly;
202609;AREA 4;SULAWESI;MANADO;TNT;AOi426072202095101691ce60;1;Anomaly;
202609;AREA 2;WESTERN JABOTABEK;SERANG;SEG;AOi426071612482608272f080;1;Anomaly;
202609;AREA 2;WESTERN JABOTABEK;SERANG;SPT;AOi42607230151008885812f0;1;Anomaly;
202609;AREA 4;SULAWESI;MANADO;LAN;AOi4260714082757646faac30;1;Anomaly;
202609;AREA 4;KALIMANTAN;BALIKPAPAN;SEP;AOi42607280938564071d8f80;1;Anomaly;
202609;AREA 1;SUMBAGSEL;PALEMBANG;MPA;AOi426072512594492396d270;1;Anomaly;
202609;AREA 3;JATENG-DIY;SEMARANG;UNR;AOi42607290950445460419a0;1;Anomaly;
202609;AREA 1;SUMBAGTENG;PADANG;TWI;AOi42607200409432446db780;1;Anomaly;
202609;AREA 4;SULAWESI;MAKASSAR;TMA;AOi12607190724451992eb240;1;Anomaly;
202609;AREA 3;BALI NUSRA;MATARAM;MTR;AOi4260721120322666f826d0;0;Anomaly;
202609;AREA 2;WESTERN JABOTABEK;SERANG;SEG;AOk4260721102602809b164a0;1;Anomaly;
202609;AREA 1;SUMBAGTENG;BATAM;BTC;AOk42607240215353323dd8d0;1;Anomaly;
202609;AREA 3;JATIM;LAMONGAN;PAD;AOi4260722101613032e6a710;1;Anomaly;
202609;AREA 2;JABAR;BANDUNG;GGK;AOi42607230455407073f3050;1;Anomaly;
202609;AREA 4;KALIMANTAN;PONTIANAK;JAW;AOi42607150832041452ca9e0;1;Anomaly;
202609;AREA 3;JATENG-DIY;PEKALONGAN;BMU;AOi42607110215552275b8580;1;Anomaly;
202609;AREA 4;KALIMANTAN;BANJARMASIN;MTP;AOk426071512512357969b870;0;Anomaly;
202609;AREA 2;JABAR;TASIKMALAYA;GRU;AOi426071904572637876bc60;0;Anomaly;
202609;AREA 3;BALI NUSRA;DENPASAR;UBN;AOi42607210304240777e6dd0;1;Anomaly;
202609;AREA 3;BALI NUSRA;DENPASAR;TPS;AOi42607140311313514a4b40;1;Anomaly;
202609;AREA 1;SUMBAGTENG;BUKIT TINGGI;LIN;AOi4260720090821349d85650;0;Anomaly;
202609;AREA 4;SULAWESI;MAKASSAR;PNK;AOi42607190248577210c1eb0;1;Anomaly;
202609;AREA 3;JATENG-DIY;SEMARANG;SMT;AOi4260725085254563cef720;1;Anomaly;
202609;AREA 2;JABAR;TASIKMALAYA;TSM;AOk4260714103125540cc21b0;1;Anomaly;2,37
202609;AREA 1;SUMBAGSEL;JAMBI;MAB;AOi42607150917083186dcc50;1;Anomaly;
202609;AREA 4;SULAWESI;KENDARI;BBU;AOi4260721040200265ca0360;0;Anomaly;
202609;AREA 2;EASTERN JABOTABEK;BOGOR;SKB;AOi42607311242563457053d0;0;Anomaly;
202609;AREA 2;WESTERN JABOTABEK;TANGERANG;SRP;AOi12607181157486560da7f0;1;Anomaly;
202609;AREA 3;JATENG-DIY;SEMARANG;UNR;AOi4260716032014421ffb250;1;Anomaly;-2,04
202609;AREA 2;JABAR;BANDUNG;RJW;AOi4260723093522718d19730;1;Anomaly;
202609;AREA 1;SUMBAGSEL;PALEMBANG;KAG;AOb026072909365563267d820;1;Anomaly;
202609;AREA 3;BALI NUSRA;MATARAM;TLW;AOk4260727124645822a51bc0;0;Anomaly;
202609;AREA 1;SUMBAGSEL;JAMBI;MAB;AOi4260718125108811fbb030;1;Anomaly;
202609;AREA 4;KALIMANTAN;PONTIANAK;JAW;AOk4260722020426676c4eb50;0;Anomaly;
202609;AREA 1;SUMBAGTENG;BUKIT TINGGI;PRS;AOi426071911260604303c3d0;0;Anomaly;
202609;AREA 1;SUMBAGUT;BANDA ACEH;BPD;AOi4260721030645186f6be20;0;Anomaly;
202609;AREA 2;JABAR;BANDUNG;GGK;AOs3260720020217729dcef40;0;Anomaly;
202609;AREA 2;JABAR;CIREBON;JBN;AOi4260717105841984184200;1;Anomaly;
202609;AREA 4;SULAWESI;MAKASSAR;SUD;AOi42607240734271042cdbe0;1;Anomaly;
202609;AREA 1;SUMBAGTENG;BUKIT TINGGI;SUP;AOi4260723103113872f3a270;1;Anomaly;
202609;AREA 2;EASTERN JABOTABEK;KARAWANG;SUE;AOi42607241248182085ccb80;1;Anomaly;-23,40
202609;AREA 3;JATIM;MADIUN;SAR;AOi42607210321209476bf590;1;Anomaly;
202609;AREA 1;SUMBAGUT;CENTRAL MEDAN;PUB;AOk4260720122556885d74130;0;Anomaly;
202609;AREA 4;KALIMANTAN;PALANGKARAYA;BNT;AOi4260727113020684b63160;0;Anomaly;
202609;AREA 3;JATENG-DIY;PEKALONGAN;KTM;AOi4260730085412978925b50;1;Anomaly;
202609;AREA 3;JATENG-DIY;PURWOKERTO;WOS;AOi4260715124050717eb8b40;1;Anomaly;
202609;AREA 2;JABAR;BANDUNG;CJR;AOb02607191145482840cc920;1;Anomaly;
202609;AREA 4;SULAWESI;MAKASSAR;ANT;AOb026072001103386498da90;1;Anomaly;
202609;AREA 1;SUMBAGTENG;PADANG;KJI;AOs3260720083446271fd34e0;0;Anomaly;
202609;AREA 3;JATENG-DIY;PURWOKERTO;GML;AOi4260718055037126545630;0;Anomaly;
202609;AREA 1;SUMBAGUT;RANTAU PRAPAT;RAP;AOi42607151023018530fdfc0;1;Anomaly;
202609;AREA 3;JATENG-DIY;SEMARANG;DMA;AOi1260721013235310f9e360;0;Anomaly;
202609;AREA 3;BALI NUSRA;MATARAM;MTR;AOk4260725125815032490c60;1;Anomaly;
202609;AREA 3;JATENG-DIY;SEMARANG;LSE;AOi4260729040442162364b20;1;Anomaly;
202609;AREA 3;BALI NUSRA;DENPASAR;KLM;AOs3260715104639670cab830;1;Anomaly;
202609;AREA 3;JATIM;LAMONGAN;GSK;AOs32607301121436503c70d0;1;Anomaly;
202609;AREA 1;SUMBAGUT;PADANG SIDEMPUAN;PSP;AOi4260730010503471207740;1;Anomaly;
202609;AREA 2;JABAR;TASIKMALAYA;GRU;AOi4260719050259446a37b70;0;Comply;2,85
202609;AREA 2;JABAR;CIREBON;CAS;AOs3260728103647483355850;1;Anomaly;
202609;AREA 1;SUMBAGTENG;PADANG;PDC;AOi12607170348039804c89e0;0;Anomaly;
202609;AREA 3;JATIM;SIDOARJO;GDW;AOi426072907565521785c8f0;1;Anomaly;
202609;AREA 2;JABAR;CIREBON;PAB;AOi4260727081409034113160;1;Anomaly;
202609;AREA 3;JATENG-DIY;SEMARANG;WNJ;AOi426072601550596936ead0;1;Anomaly;
202609;AREA 1;SUMBAGTENG;PADANG;ALH;AOi42607260404591112fa810;1;Anomaly;
202609;AREA 2;JABAR;SOREANG;SOR;AOi4260724020408182e64d80;1;Anomaly;
202609;AREA 2;JABAR;BANDUNG;LBG;AOi126072001111177265d3a0;1;Anomaly;
202609;AREA 1;SUMBAGTENG;BATAM;BTC;AOk4260722054713894e46930;1;Anomaly;
202609;AREA 2;JABAR;BANDUNG;CLL;AOs32607221144517833bc5f0;0;Anomaly;
202609;AREA 4;MALUKU DAN PAPUA;SORONG;SON;AOs32607230554431924009e0;0;Anomaly;
202609;AREA 3;JATENG-DIY;PEKALONGAN;CMA;AOi4260714100028796043180;1;Anomaly;
202609;AREA 2;JABAR;BANDUNG;CJA;AOs32607171049405597be9f0;1;Anomaly;
202609;AREA 2;JABAR;BANDUNG;HGM;AOi4260720113321957b7bda0;1;Anomaly;
202609;AREA 2;JABAR;SOREANG;BJA;AOi4260720095446718d96c00;1;Anomaly;
202609;AREA 1;SUMBAGUT;CENTRAL MEDAN;TTG;AOi4260717064029358def4c0;0;Anomaly;
202609;AREA 2;EASTERN JABOTABEK;BOGOR;SKB;AOi4260722085653058b126f0;1;Anomaly;
202609;AREA 1;SUMBAGTENG;PADANG;BDT;AOi42607151151203052a9840;0;Anomaly;
202609;AREA 2;EASTERN JABOTABEK;BOGOR;CBD;AOi4260713015712929459b50;1;Anomaly;
202609;AREA 3;JATENG-DIY;SEMARANG;BOJ;AOs326072301300309605ce80;0;Comply;-2,13
202609;AREA 2;JABAR;BANDUNG;CJR;AOi426072407320886326a520;1;Anomaly;
202609;AREA 4;SULAWESI;MAKASSAR;SUD;AOi4260729011342720c2fd10;1;Anomaly;
202609;AREA 3;JATIM;SURABAYA;KJR;AOi12607131108465933019d0;0;Comply;-21,51
202609;AREA 3;JATENG-DIY;PEKALONGAN;SBA;AOi4260714111308168de3f60;1;Anomaly;
202609;AREA 1;SUMBAGUT;CENTRAL MEDAN;SKI;AOi1260721022952394243c20;1;Anomaly;4,77
202609;AREA 4;SULAWESI;PARE-PARE;MAJ;AOi42607310747395774adbd0;1;Anomaly;
202609;AREA 2;JABAR;BANDUNG;TRG;AOi4260727085108374393c50;1;Anomaly;
202609;AREA 3;JATENG-DIY;PEKALONGAN;PML;AOi4260726103923632979890;1;Anomaly;
202609;AREA 1;SUMBAGTENG;PADANG;BLS;AOi42607170524303705b04a0;0;Anomaly;
202609;AREA 2;WESTERN JABOTABEK;SERANG;CKA;AOi426072901124444517afb0;1;Anomaly;
202609;AREA 1;SUMBAGTENG;BUKIT TINGGI;BKT;AOi4260727100600276372260;1;Anomaly;-45,25
202609;AREA 3;JATENG-DIY;SEMARANG;SMC;AOi42607181025148047bfd40;0;Anomaly;
202609;AREA 3;JATIM;SURABAYA;KPS;AOi4260723054826408245510;0;Anomaly;
202609;AREA 3;JATENG-DIY;SEMARANG;PAT;AOs3260726080239747adbf00;1;Anomaly;
202609;AREA 4;MALUKU DAN PAPUA;SORONG;BTI;AOi4260713021048874458f20;1;Anomaly;
202609;AREA 1;SUMBAGUT;CENTRAL MEDAN;SKI;AOk426072309282135716ddc0;1;Anomaly;
202609;AREA 2;JABAR;SOREANG;BJA;AOi4260725012449433d048e0;1;Anomaly;
202609;AREA 2;JABAR;BANDUNG;BTJ;AOi4260718013630035e88000;1;Anomaly;26,32
202609;AREA 3;JATIM;JEMBER;KKH;AOi4260714124830498e83b20;0;Anomaly;
202609;AREA 1;SUMBAGTENG;PADANG;BDT;AOi42607231133028499da790;0;Anomaly;
202609;AREA 3;BALI NUSRA;DENPASAR;SMY;AOi42607230816016398ebfe0;1;Anomaly;
202609;AREA 4;SULAWESI;BONE;WTP;AOi4260723092951783513db0;1;Anomaly;
202609;AREA 2;JABAR;BANDUNG;UBR;AOi426072804333048630de70;1;Anomaly;
202609;AREA 2;EASTERN JABOTABEK;BOGOR;SKB;AOi42607160522212154744e0;0;Anomaly;
202609;AREA 1;SUMBAGTENG;BATAM;SLU;AOi4260718102737874b983c0;1;Anomaly;
202609;AREA 2;JABAR;BANDUNG;TRG;AOi4260719112932167c6a5a0;0;Anomaly;
202609;AREA 4;SULAWESI;KENDARI;KDR;AOk426072709194369653e690;0;Anomaly;
202609;AREA 2;JABAR;BANDUNG;BDK;AOi1260727072331174c6b030;1;Anomaly;
202609;AREA 2;JABAR;BANDUNG;CMI;AOi4260714085922966a038d0;0;Anomaly;
202609;AREA 2;WESTERN JABOTABEK;TANGERANG;TAN;AOi4260719061447518eb2770;1;Anomaly;
202609;AREA 1;SUMBAGTENG;PADANG;MLH;AOi426072003422779608fef0;1;Anomaly;
202609;AREA 3;JATENG-DIY;SEMARANG;JPR;AOi4260725010710054f1efa0;0;Anomaly;
202609;AREA 2;JABAR;BANDUNG;UBR;AOi42607201144016245eca70;0;Anomaly;
202609;AREA 1;SUMBAGSEL;JAMBI;BKO;AOi42607220128006081aef80;1;Anomaly;
202609;AREA 2;JABAR;BANDUNG;CMI;AOi4260714111812811a00680;1;Anomaly;
202609;AREA 2;WESTERN JABOTABEK;TANGERANG;CLD;AOi126071711235976920b4a0;1;Anomaly;
202609;AREA 4;KALIMANTAN;SAMARINDA;LOB;AOi42607190339544291690a0;0;Anomaly;
202609;AREA 3;JATENG-DIY;SEMARANG;WLR;AOi4260725015644444d4c4c0;1;Anomaly;
202609;AREA 4;SULAWESI;PALU;KOR;AOi12607090614440049c50e0;0;Anomaly;
202609;AREA 1;SUMBAGTENG;PEKANBARU;PBB;AOi426072501244808153c890;1;Anomaly;
202609;AREA 2;JABAR;BANDUNG;NJG;AOi426072203400697213ec70;1;Anomaly;
202609;AREA 1;SUMBAGUT;BANDA ACEH;CAG;AOi4260714040522496988610;0;Anomaly;
202609;AREA 2;JABAR;BANDUNG;CMI;AOi1260730055315970377bc0;1;Anomaly;
202609;AREA 3;BALI NUSRA;MATARAM;MTR;AOk426072008191496666e970;0;Anomaly;
202609;AREA 3;JATENG-DIY;PEKALONGAN;TEG;AOi42607140156367898aef90;1;Anomaly;
202609;AREA 4;SULAWESI;PALU;DGL;AOi42607251256548745e1f20;1;Anomaly;
202609;AREA 2;JABAR;SOREANG;MJY;AOi4260722124009790159150;1;Anomaly;
202609;AREA 4;KALIMANTAN;PANGKALAN BUN;KTP;AOi42607260327059720157c0;0;Anomaly;
202609;AREA 1;SUMBAGSEL;LAMPUNG;KDT;AOi4260715123732302273830;1;Anomaly;
202609;AREA 2;CENTRAL JABOTABEK;SOUTHERN JAKARTA;CWA;AOs32607230834129585fccc0;1;Anomaly;
202609;AREA 1;SUMBAGTENG;BUKIT TINGGI;PYK;AOi4260724114736182fe76b0;0;Anomaly;
202609;AREA 3;JATIM;JEMBER;KBS;PDAk4260721022702108201af0;1;Anomaly;
202609;AREA 1;SUMBAGTENG;BATAM;SLU;AOi4260718062950989652b80;1;Anomaly;
202609;AREA 3;JATENG-DIY;PEKALONGAN;TEG;AOs3260714125021225661e00;1;Anomaly;
202609;AREA 1;SUMBAGTENG;PEKANBARU;PBB;AOs3260714023050488434500;0;Anomaly;
202609;AREA 3;JATIM;SURABAYA;IJK;AOi4260726032126463e14900;0;Anomaly;
202609;AREA 3;JATENG-DIY;PURWOKERTO;BYM;AOi426071904513224626e590;1;Anomaly;
202609;AREA 1;SUMBAGSEL;LAMPUNG;KLR;AOi426071406381893810bdd0;1;Anomaly;
202609;AREA 2;JABAR;BANDUNG;GGK;AOi42607230455407073f3050;1;Anomaly;
202609;AREA 1;SUMBAGSEL;JAMBI;BKO;AOi4260729011233901500660;1;Anomaly;
202609;AREA 2;EASTERN JABOTABEK;BOGOR;CSR;AOi4260719032106104080980;1;Anomaly;-16,62
202609;AREA 4;KALIMANTAN;SAMARINDA;SBR;AOi4260716094706060ef0570;1;Anomaly;
202609;AREA 3;JATENG-DIY;SEMARANG;KUD;AOi42607271045129134a2e20;0;Anomaly;
202609;AREA 2;JABAR;CIREBON;KNG;AOi4260719120954262c70530;0;Anomaly;
202609;AREA 3;JATIM;JEMBER;SKW;AOi4260731121053184c81a60;1;Anomaly;
202609;AREA 3;BALI NUSRA;MATARAM;SAP;AOi426071805212420644cfb0;1;Anomaly;
202609;AREA 2;JABAR;BANDUNG;GGK;AOi4260720051238530373ef0;1;Anomaly;52,74
202609;AREA 2;JABAR;BANDUNG;CMI;AOi42607190229507226b7cb0;0;Anomaly;
202609;AREA 2;JABAR;TASIKMALAYA;GRU;AOi4260727072511871edf6f0;0;Anomaly;
202609;AREA 2;JABAR;BANDUNG;CLL;AOs32607221144517833bc5f0;1;Anomaly;
202609;AREA 2;JABAR;BANDUNG;CJA;AOi42607220606287018bfe00;1;Anomaly;
202609;AREA 2;WESTERN JABOTABEK;SERANG;MER;AOi4260718033124677812890;1;Anomaly;
202609;AREA 2;JABAR;TASIKMALAYA;GRU;AOs326072303071430789f780;1;Anomaly;
202609;AREA 1;SUMBAGUT;CENTRAL MEDAN;PUB;AOi4260722021601743388050;0;Anomaly;
202609;AREA 2;JABAR;BANDUNG;CSA;AOi4260729070841138600800;1;Anomaly;
202609;AREA 3;JATENG-DIY;PEKALONGAN;PKL;AOi12607260719015150d8310;1;Anomaly;
202609;AREA 1;SUMBAGSEL;BENGKULU;PDW;AOs326072912204079528bd50;0;Anomaly;
202609;AREA 2;JABAR;BANDUNG;TRG;AOi4260715104357191f590f0;1;Anomaly;
202609;AREA 2;CENTRAL JABOTABEK;NORTHERN JAKARTA;STR;AOi1260724111822178d97bd0;1;Anomaly;
202609;AREA 4;KALIMANTAN;BALIKPAPAN;BRU;PDAk42607271127336906f2e30;1;Anomaly;42,91
202609;AREA 4;SULAWESI;KENDARI;MDG;AOi42607201105491341d1520;0;Anomaly;
202609;AREA 2;JABAR;TASIKMALAYA;CIW;AOi4260718010426839f29d10;1;Anomaly;
202609;AREA 4;SULAWESI;PARE-PARE;PIN;AOs32607250831134457177b0;0;Anomaly;
202609;AREA 3;BALI NUSRA;DENPASAR;NSD;AOi4260730050434855837d80;0;Anomaly;
202609;AREA 4;SULAWESI;MAKASSAR;SUG;AOi1260726085239183fda780;1;Anomaly;
202609;AREA 4;SULAWESI;MAKASSAR;PNK;AOk4260715024700007512680;1;Anomaly;
202609;AREA 1;SUMBAGTENG;DUMAI;DRI;AOi4260722084614355ea0bb0;0;Anomaly;
202609;AREA 4;SULAWESI;MAKASSAR;SUD;AOs3260730090503920b1aee0;0;Anomaly;
202609;AREA 2;CENTRAL JABOTABEK;NORTHERN JAKARTA;MRY;AOi42607200359177306f8a60;1;Anomaly;-16,42
202609;AREA 3;JATENG-DIY;PEKALONGAN;PML;AOi4260720124755247dec4f0;0;Anomaly;
202609;AREA 1;SUMBAGUT;BANDA ACEH;KTN;AOi4260719094401298330c90;0;Anomaly;
202609;AREA 3;JATENG-DIY;PURWOKERTO;BRD;AOi4260715051113849284330;0;Anomaly;
202609;AREA 1;SUMBAGSEL;BENGKULU;TIS;AOi42607310808188678fe3a0;1;Anomaly;
202609;AREA 4;SULAWESI;MANADO;TOB;AOi4260727080426146429f60;1;Anomaly;
202609;AREA 3;JATENG-DIY;SEMARANG;PAT;AOi4260716112144057e9e430;1;Anomaly;
202609;AREA 2;JABAR;BANDUNG;BDK;AOi4260721024135945ce8410;1;Anomaly;
202609;AREA 2;JABAR;BANDUNG;CCD;AOi42607180354258627c4d60;0;Anomaly;
202609;AREA 3;JATENG-DIY;PEKALONGAN;RDD;AOi4260716010100703208a10;1;Anomaly;
202609;AREA 1;SUMBAGTENG;BUKIT TINGGI;BKT;AOi42607280343361755b9f20;0;Anomaly;
202609;AREA 3;BALI NUSRA;MATARAM;GER;AOi4260723040854950152e20;1;Anomaly;
202609;AREA 4;SULAWESI;MANADO;KTG;AOi426072706280370801ecf0;1;Anomaly;
202609;AREA 4;SULAWESI;PALU;PLA;AOi42607220134280256b4e10;0;Anomaly;
202609;AREA 2;JABAR;BANDUNG;GGK;AOi4260718053220812c191f0;1;Anomaly;
202609;AREA 3;JATIM;SIDOARJO;BEJ;PDAk4260725022129905a36b70;1;Anomaly;
202609;AREA 2;JABAR;SOREANG;RGA;AOi4260720023030277c56af0;1;Anomaly;-0,60
202609;AREA 3;JATENG-DIY;SEMARANG;DMA;AOi4260729054239885a1abe0;0;Anomaly;
202609;AREA 3;JATENG-DIY;PEKALONGAN;PML;AOi42607190949131326440a0;1;Anomaly;
202609;AREA 1;SUMBAGUT;PADANG SIDEMPUAN;PSP;AOi42607150154542537d08d0;0;Anomaly;
202609;AREA 1;SUMBAGUT;BANDA ACEH;MBO;AOi4260727051724356209510;1;Anomaly;
202609;AREA 1;SUMBAGSEL;PALEMBANG;PLJ;AOi4260715114111962877990;1;Anomaly;
202609;AREA 3;BALI NUSRA;DENPASAR;SAU;AOi4260723042523215d128d0;1;Anomaly;
202609;AREA 2;JABAR;BANDUNG;BTJ;AOi4260717092201692928c40;1;Anomaly;
202609;AREA 3;JATIM;JEMBER;KBS;AOi42607241107136079cca40;0;Anomaly;
202609;AREA 1;SUMBAGTENG;PEKANBARU;AMK;AOi4260720025933368daf520;1;Anomaly;125,63
202609;AREA 3;JATENG-DIY;SURAKARTA;PWB;AOi426071707524791526cb20;1;Anomaly;
202609;AREA 4;SULAWESI;MAKASSAR;ANT;AOi4260723081917981987870;1;Anomaly;
202609;AREA 3;JATENG-DIY;PEKALONGAN;SLW;AOi4260716013520204773f10;1;Anomaly;
202609;AREA 1;SUMBAGUT;CENTRAL MEDAN;TMU;AOi426072206381136157ebd0;0;Anomaly;
202609;AREA 2;CENTRAL JABOTABEK;SOUTHERN JAKARTA;RMG;AOi4260722035132936cd91a0;1;Anomaly;
202609;AREA 1;SUMBAGTENG;PADANG;BDT;AOi42607151151203052a9840;0;Anomaly;
202609;AREA 2;JABAR;BANDUNG;NJG;AOi426072203400697213ec70;1;Anomaly;
202609;AREA 2;JABAR;TASIKMALAYA;CKJ;AOi4260722073353402216380;0;Anomaly;
202609;AREA 1;SUMBAGTENG;BUKIT TINGGI;LBB;AOi426072203321484377d2a0;1;Anomaly;
202609;AREA 3;BALI NUSRA;MATARAM;DMP;AOi4260727014530869f92db0;1;Anomaly;
202609;AREA 1;SUMBAGUT;CENTRAL MEDAN;TJM;AOi42607181044597268b0010;0;Anomaly;
202609;AREA 1;SUMBAGTENG;PADANG;PDC;AOi42607191033424747a6a10;0;Anomaly;
202609;AREA 1;SUMBAGTENG;PADANG;LUG;AOi12607200113060999c4180;0;Anomaly;
202609;AREA 1;SUMBAGSEL;LAMPUNG;MET;AOi4260717085406092f8af50;1;Anomaly;
202609;AREA 2;JABAR;CIREBON;CAS;AOs3260728103647483355850;0;Anomaly;
202609;AREA 1;SUMBAGTENG;PADANG;BDT;AOi426071503231263544aae0;1;Anomaly;
202609;AREA 2;JABAR;TASIKMALAYA;BNJ;AOi4260716102331187b72220;1;Anomaly;
202609;AREA 3;BALI NUSRA;DENPASAR;KUT;PDAk426072710032642884a140;1;Anomaly;
202609;AREA 3;JATENG-DIY;SURAKARTA;BLO;AOi42607280858007080aa4f0;0;Anomaly;
202609;AREA 2;JABAR;SOREANG;RCK;AOi4260720044257859422090;1;Anomaly;
202609;AREA 2;JABAR;BANDUNG;CJA;AOi4260723075232624112890;1;Anomaly;
202609;AREA 3;BALI NUSRA;DENPASAR;SGR;AOi4260716083119204fdd550;1;Anomaly;
202609;AREA 1;SUMBAGTENG;BUKIT TINGGI;SPE;AOi4260720035349232652910;0;Anomaly;
202609;AREA 1;SUMBAGTENG;BUKIT TINGGI;SPE;AOi4260720025251939116c20;0;Anomaly;
202609;AREA 4;SULAWESI;PALU;KOR;AOi12607090614440049c50e0;0;Anomaly;
202609;AREA 2;JABAR;SOREANG;JTW;AOi4260727015753912583b30;0;Anomaly;
202609;AREA 2;JABAR;SOREANG;RCK;AOi4260728031903122e4b940;1;Anomaly;
202609;AREA 1;SUMBAGTENG;BUKIT TINGGI;BSK;AOi42607250454312585eef70;0;Anomaly;
202609;AREA 1;SUMBAGTENG;BATAM;SKN;AOi4260721031303315088980;1;Anomaly;
202609;AREA 2;JABAR;BANDUNG;BDK;AOi4260719024623838b489f0;1;Anomaly;
202609;AREA 2;JABAR;BANDUNG;CJA;AOi4260723125431025246ba0;1;Anomaly;
202609;AREA 3;BALI NUSRA;MATARAM;SGG;AOi42607190233170534b7300;1;Anomaly;
202609;AREA 2;JABAR;SOREANG;SOR;AOi1260729101004858134380;1;Anomaly;
202609;AREA 2;WESTERN JABOTABEK;SERANG;CUG;AOb0260725042414523581370;1;Anomaly;
202609;AREA 2;JABAR;TASIKMALAYA;TSM;AOi4260727025620257e97670;1;Anomaly;
202609;AREA 3;JATENG-DIY;PEKALONGAN;TEG;AOi4260714082917906da8150;1;Anomaly;
202609;AREA 2;EASTERN JABOTABEK;KARAWANG;TAR;AOi4260719101243615c38280;1;Anomaly;
202609;AREA 2;JABAR;CIREBON;CBN;AOi4260725091043015989f50;0;Anomaly;
202609;AREA 2;WESTERN JABOTABEK;SERANG;LGK;AOi1260729104354019bb80b0;1;Anomaly;
202609;AREA 1;SUMBAGUT;CENTRAL MEDAN;TJM;AOi4260721114406410170b70;0;Anomaly;
202609;AREA 2;WESTERN JABOTABEK;SERANG;SEG;AOi4260718101121566417810;1;Anomaly;
202609;AREA 4;KALIMANTAN;PONTIANAK;NGG;AOi126071911300367856a5c0;0;Anomaly;
202609;AREA 3;JATENG-DIY;MAGELANG;SWT;AOi42606300334091071c1690;0;Comply;1,82
202609;AREA 3;JATENG-DIY;SEMARANG;SKR;AOi1260718104554316ed9f30;0;Anomaly;
202609;AREA 3;JATENG-DIY;SEMARANG;RBN;AOi42607180656549831821e0;1;Anomaly;
202609;AREA 3;JATIM;MALANG;BLB;AOs32607140132315157d4d80;0;Comply;-52,32
202609;AREA 4;KALIMANTAN;PONTIANAK;SRY;AOi4260720102533833a1a4d0;1;Anomaly;
202609;AREA 2;JABAR;BANDUNG;RJW;AOi42607300736424473f0570;0;Anomaly;
202609;AREA 3;JATENG-DIY;PEKALONGAN;PKL;AOi42607160844113061dbcf0;1;Anomaly;
202609;AREA 1;SUMBAGUT;BANDA ACEH;DAR;AOi42607161145404124b5c70;0;Anomaly;
202609;AREA 3;JATENG-DIY;PEKALONGAN;KDW;AOi4260724040837355e48690;1;Anomaly;
202609;AREA 1;SUMBAGTENG;BATAM;SKN;PDAk426071805200244410c2b0;1;Anomaly;
202609;AREA 3;JATENG-DIY;PEKALONGAN;BTG;AOi42607161119077241569c0;1;Anomaly;
202609;AREA 4;SULAWESI;MANADO;MDO;AOi4260718120943697738bc0;0;Anomaly;
202609;AREA 3;JATENG-DIY;SURAKARTA;BLO;AOi4260723053038413d99220;1;Anomaly;
202609;AREA 2;JABAR;BANDUNG;UBR;PDAk42607180847569958fd630;1;Anomaly;
202609;AREA 3;JATENG-DIY;PEKALONGAN;TEG;AOi42607211100492056f5cf0;1;Anomaly;
202609;AREA 2;EASTERN JABOTABEK;KARAWANG;BGG;AOi1260717041706860747810;1;Anomaly;-21,45
202609;AREA 4;SULAWESI;MAKASSAR;JNP;AOk42607271056434110cdc90;0;Comply;-92,83
202609;AREA 4;SULAWESI;MANADO;TOB;AOk4260722031023904d27ba0;0;Anomaly;
202609;AREA 3;BALI NUSRA;DENPASAR;JBR;AOi4260717081827847555820;1;Anomaly;
202609;AREA 4;MALUKU DAN PAPUA;SORONG;TMB;AOi426072007553129249dc60;1;Anomaly;
202609;AREA 4;KALIMANTAN;SAMARINDA;STT;AOi42607170315173042e5d00;0;Anomaly;
202609;AREA 3;BALI NUSRA;MATARAM;SBW;AOi42607200938164321a1180;0;Anomaly;
202609;AREA 1;SUMBAGTENG;PADANG;BDT;AOi4260731110741060c12650;1;Anomaly;
202609;AREA 4;KALIMANTAN;BANJARMASIN;ULI;AOi42607180246345569a2ab0;1;Anomaly;
202609;AREA 3;JATENG-DIY;SEMARANG;SMT;AOi4260730102121199f9e780;1;Anomaly;
202609;AREA 3;JATENG-DIY;SEMARANG;KDL;AOi4260730121626731ef2d70;1;Anomaly;
202609;AREA 3;BALI NUSRA;DENPASAR;TOP;AOi4260721121117545e302b0;1;Anomaly;
202609;AREA 2;CENTRAL JABOTABEK;NORTHERN JAKARTA;CKG;AOi12607130907330732e06e0;1;Anomaly;
202609;AREA 3;JATENG-DIY;SEMARANG;UNR;AOs32607300715439209c0230;1;Anomaly;
202609;AREA 3;JATENG-DIY;SEMARANG;JHR;AOi426072211200243340c4d0;0;Anomaly;
202609;AREA 1;SUMBAGSEL;PALEMBANG;SBU;AOi4260722114720011a828f0;1;Anomaly;
202609;AREA 1;SUMBAGSEL;JAMBI;MAB;AOi42607290504254738fea90;1;Anomaly;
202609;AREA 2;JABAR;BANDUNG;UBR;AOi42607200317588762058c0;1;Anomaly;
202609;AREA 1;SUMBAGUT;CENTRAL MEDAN;SKI;AOk4260723110342636e57940;1;Anomaly;
202609;AREA 1;SUMBAGUT;PEMATANG SIANTAR;BLG;AOi4260722105213199f6a8c0;0;Anomaly;
202609;AREA 3;JATENG-DIY;SEMARANG;PAT;AOi4260721013519733ebacc0;1;Anomaly;
202609;AREA 3;BALI NUSRA;MATARAM;MTR;AOi4260715055441375021ec0;0;Anomaly;
202609;AREA 3;BALI NUSRA;FLORES;END;AOi426072210262673317b460;0;Anomaly;
202609;AREA 1;SUMBAGTENG;PADANG;SGD;AOi4260727093325853ab34b0;0;Anomaly;
202609;AREA 2;JABAR;BANDUNG;CKK;AOi4260723033605547c4cb50;1;Anomaly;
202609;AREA 3;JATENG-DIY;SEMARANG;SMT;AOi4260729010623779b2bc10;1;Anomaly;
202609;AREA 3;JATENG-DIY;SEMARANG;UNR;AOi4260725071741972308100;1;Anomaly;
202609;AREA 3;JATENG-DIY;SEMARANG;SKR;AOi4260720114124373079930;0;Anomaly;
202609;AREA 2;JABAR;TASIKMALAYA;KDN;AOi426071505363370326d360;1;Anomaly;
202609;AREA 2;JABAR;BANDUNG;BDK;AOi42607221206448585a1530;1;Anomaly;
202609;AREA 2;JABAR;BANDUNG;UBR;AOi4260731081944408daf560;0;Anomaly;
202609;AREA 2;JABAR;BANDUNG;CLL;AOi426072702142130374f3a0;1;Anomaly;
202609;AREA 1;SUMBAGSEL;LAMPUNG;KRU;AOi4260729041613817944bd0;1;Anomaly;
202609;AREA 3;JATENG-DIY;YOGYAKARTA;PKM;PDAk426071802505361201c950;0;Anomaly;
202609;AREA 2;JABAR;SOREANG;MJY;AOi4260722124009790159150;1;Anomaly;
202609;AREA 1;SUMBAGTENG;BUKIT TINGGI;PRS;AOi42607231159122459d4b50;1;Anomaly;
202609;AREA 3;JATENG-DIY;PEKALONGAN;PKL;AOi4260721033704678a94fc0;1;Anomaly;
202609;AREA 4;KALIMANTAN;PONTIANAK;SAO;AOi4260727092813799857be0;1;Anomaly;
202609;AREA 4;MALUKU DAN PAPUA;SORONG;SON;AOi4260723092653109792110;0;Anomaly;
202609;AREA 3;BALI NUSRA;MATARAM;MTR;AOi4260722101337419be5b10;1;Anomaly;
202609;AREA 4;SULAWESI;PALU;TWL;AOk4260722025522739540d90;1;Anomaly;
202609;AREA 1;SUMBAGTENG;BUKIT TINGGI;PDJ;AOi4260718113400161c45e20;0;Anomaly;
202609;AREA 1;SUMBAGTENG;BUKIT TINGGI;PPJ;AOi4260725100057117043660;0;Anomaly;
202609;AREA 3;JATIM;MALANG;PKS;AOs32607311107309887bf3e0;1;Anomaly;
202609;AREA 1;SUMBAGUT;CENTRAL MEDAN;CTD;AOi426071610185943446b0a0;0;Anomaly;
202609;AREA 4;KALIMANTAN;PONTIANAK;SAO;AOi4260728034527547e96b30;0;Anomaly;
202609;AREA 4;SULAWESI;PARE-PARE;MMS;AOi426072709535383400baf0;0;Anomaly;
202609;AREA 2;WESTERN JABOTABEK;TANGERANG;GDS;AOi4260728101243424f8d8f0;1;Anomaly;
202609;AREA 4;SULAWESI;PARE-PARE;PRE;AOi4260721015347814757f70;0;Anomaly;
202609;AREA 1;SUMBAGUT;RANTAU PRAPAT;RAP;AOi4260721070858341e7f8e0;1;Anomaly;
202609;AREA 2;JABAR;BANDUNG;TLE;AOi4260718032911665e80ae0;0;Anomaly;
202609;AREA 1;SUMBAGTENG;PEKANBARU;PKR;AOi426072005543529581dd20;1;Anomaly;
202609;AREA 1;SUMBAGTENG;DUMAI;TAK;AOi4260722105529895438c40;0;Anomaly;
202609;AREA 4;SULAWESI;MAKASSAR;SUD;AOi4260726111119569a35820;1;Anomaly;
202609;AREA 4;KALIMANTAN;PONTIANAK;SRD;AOi4260725072409333ffdfa0;1;Anomaly;
202609;AREA 3;JATENG-DIY;PEKALONGAN;TEG;AOi4260728045403169157b40;0;Anomaly;
202609;AREA 2;CENTRAL JABOTABEK;SOUTHERN JAKARTA;CPE;AOi4260724030711728ac58f0;1;Anomaly;
202609;AREA 4;KALIMANTAN;PONTIANAK;JAW;AOi42607150832041452ca9e0;0;Anomaly;
202609;AREA 4;SULAWESI;PALU;DGL;AOs3260728124856750e71920;1;Anomaly;
202609;AREA 4;SULAWESI;MAKASSAR;SUD;AOi4260728111353499ebdd90;1;Anomaly;
202609;AREA 2;EASTERN JABOTABEK;BEKASI;PDE;PDAk4260717111453702b4ca70;1;Anomaly;-20,66
202609;AREA 4;KALIMANTAN;BALIKPAPAN;MLA;AOi4260728035300712972080;0;Anomaly;
202609;AREA 4;SULAWESI;PALU;PGI;AOk42607270202530678adb70;0;Anomaly;
202609;AREA 3;JATENG-DIY;PURWOKERTO;CLC;AOi4260727093315887dc42d0;1;Anomaly;
202609;AREA 2;WESTERN JABOTABEK;TANGERANG;TAN;AOs3260723084438851a3f6d0;1;Anomaly;-19,06
202609;AREA 3;JATIM;SURABAYA;BKL;AOi42607160100299810f51d0;1;Anomaly;
202609;AREA 1;SUMBAGSEL;JAMBI;MAB;AOi426070511592266182f150;0;Anomaly;
202609;AREA 2;JABAR;BANDUNG;DGO;AOk4260716034412435e2b530;1;Anomaly;
202609;AREA 4;SULAWESI;PALU;DGL;AOb0260720112454391162f40;1;Anomaly;
202609;AREA 1;SUMBAGUT;WESTERN MEDAN;BJI;AOi4260721125536460e558b0;0;Anomaly;
202609;AREA 3;BALI NUSRA;DENPASAR;SWI;PDAk42607250231341423812b0;0;Anomaly;
202609;AREA 3;JATIM;SURABAYA;MYR;AOi4260722035623989301750;0;Comply;-38,75
202609;AREA 1;SUMBAGUT;PEMATANG SIANTAR;TBT;AOi4260727100353050a05050;0;Anomaly;
202609;AREA 4;KALIMANTAN;PONTIANAK;PTK;AOi4260716055416037cfd140;0;Anomaly;
202609;AREA 1;SUMBAGUT;BANDA ACEH;BNN;AOk4260720101052309153500;0;Comply;-20,49
202609;AREA 2;EASTERN JABOTABEK;BOGOR;PPG;AOi42607270504564427cc240;0;Not Comply;31,25
202609;AREA 4;SULAWESI;MAKASSAR;SUD;AOi4260728115633570b76c70;0;Anomaly;
202609;AREA 1;SUMBAGSEL;BENGKULU;CRP;AOk42607161210362422b8740;1;Anomaly;
202609;AREA 3;BALI NUSRA;MATARAM;MTR;AOi4260728012122831d68530;0;Anomaly;
202609;AREA 1;SUMBAGTENG;PADANG;SIE;AOi4260709123144260ffdfc0;1;Anomaly;
202609;AREA 3;JATENG-DIY;SEMARANG;DMA;AOi4260725091433152fe7480;0;Anomaly;
202609;AREA 1;SUMBAGUT;BANDA ACEH;LTM;AOi426072403280446602e020;0;Anomaly;
202609;AREA 4;SULAWESI;MAKASSAR;SUD;AOk4260724031923875631b90;1;Anomaly;
202609;AREA 4;KALIMANTAN;BANJARMASIN;BLC;AOi42607240833459274fa7c0;0;Anomaly;
202609;AREA 2;WESTERN JABOTABEK;SERANG;CKA;AOb0260724060700987ca3e80;1;Anomaly;
202609;AREA 1;SUMBAGTENG;PADANG;TLB;AOi42607170512117841395a0;0;Anomaly;
202609;AREA 4;SULAWESI;MAKASSAR;SUD;AOi4260721113956151f66510;1;Anomaly;
202609;AREA 4;KALIMANTAN;BALIKPAPAN;MLA;AOi426071809570937636b490;1;Anomaly;
202609;AREA 2;JABAR;BANDUNG;CJA;AOs3260721064409023ad5ef0;0;Anomaly;
202609;AREA 4;MALUKU DAN PAPUA;AMBON;NML;AOi4260717090224249ced660;1;Anomaly;
202609;AREA 2;EASTERN JABOTABEK;KARAWANG;KLI;AOi42607280531303340b1700;1;Anomaly;
202609;AREA 3;JATIM;JEMBER;BOW;AOi4260722103041030014900;1;Anomaly;-35,88
202609;AREA 2;JABAR;TASIKMALAYA;CKJ;AOi4260722073353402216380;0;Anomaly;
202609;AREA 3;JATENG-DIY;PEKALONGAN;PML;AOi426071712514039328f7f0;0;Anomaly;
202609;AREA 3;JATIM;JEMBER;PRJ;AOi4260731084223331a0f3a0;1;Anomaly;
202609;AREA 4;SULAWESI;MAKASSAR;BAR;AOi4260720100325103678770;0;Anomaly;
202609;AREA 4;KALIMANTAN;SAMARINDA;STT;AOi42607160701592512bfbe0;0;Anomaly;
202609;AREA 4;SULAWESI;MAKASSAR;SUD;AOk426073011410362851a0b0;1;Anomaly;
202609;AREA 3;JATENG-DIY;YOGYAKARTA;KBU;AOi4260726093250691b57d60;1;Anomaly;
202609;AREA 4;KALIMANTAN;BALIKPAPAN;BRU;AOi426071703261350349ed00;1;Anomaly;
202609;AREA 2;JABAR;BANDUNG;TRG;AOk42607291156312295694f0;1;Anomaly;
202609;AREA 4;SULAWESI;PALU;PLB;AOi42607210519397570911f0;1;Anomaly;
202609;AREA 2;CENTRAL JABOTABEK;SOUTHERN JAKARTA;CPP;AOk4260725060013686b3ae70;1;Anomaly;
202609;AREA 3;BALI NUSRA;DENPASAR;KLM;AOi4260716095148688cd28a0;0;Anomaly;
202609;AREA 2;JABAR;CIREBON;CBN;AOi42607150543302103fcc00;1;Anomaly;
202609;AREA 1;SUMBAGTENG;DUMAI;PPN;AOi4260717103029492beaff0;0;Anomaly;
202609;AREA 3;BALI NUSRA;KUPANG;ATB;AOi426071605351735322b060;0;Anomaly;
202609;AREA 2;JABAR;BANDUNG;DGO;AOi4260717084849330d20b70;1;Anomaly;
202609;AREA 4;SULAWESI;MAKASSAR;MAR;AOk426072106161155862b980;0;Anomaly;
202609;AREA 3;BALI NUSRA;DENPASAR;UBN;AOi42607151127016281592a0;1;Anomaly;
202609;AREA 1;SUMBAGSEL;BENGKULU;BNC;AOi42607270356598339ffe30;0;Anomaly;
202609;AREA 4;MALUKU DAN PAPUA;SORONG;MWR;AOi4260725032522462953650;0;Anomaly;
202609;AREA 1;SUMBAGSEL;PALEMBANG;BTA;AOi4260720102727440b96360;1;Anomaly;3,62
202609;AREA 4;KALIMANTAN;BANJARMASIN;STI;AOi4260725095742630340ef0;0;Anomaly;
202609;AREA 2;JABAR;BANDUNG;CKW;AOi4260718113847223415480;1;Anomaly;
202609;AREA 3;JATENG-DIY;SEMARANG;JHR;AOi42607220312402444cef10;0;Anomaly;
202609;AREA 3;JATENG-DIY;SEMARANG;SLI;AOi426071703283887793e770;1;Anomaly;
202609;AREA 1;SUMBAGUT;PADANG SIDEMPUAN;SBG;AOi42607230417442043f1ca0;0;Anomaly;
202609;AREA 2;JABAR;BANDUNG;TRG;AOk4260721074003755c76250;0;Anomaly;
202609;AREA 2;JABAR;BANDUNG;BDK;AOs3260720102741840f3b230;1;Anomaly;
202609;AREA 3;BALI NUSRA;DENPASAR;KNT;AOi42607180620339507ddaa0;0;Anomaly;
202609;AREA 2;EASTERN JABOTABEK;BOGOR;CWI;PDAk4260716072621667216480;0;Anomaly;
202609;AREA 2;JABAR;BANDUNG;CLL;AOi4260731065322477e4b8e0;0;Anomaly;
202609;AREA 4;KALIMANTAN;PONTIANAK;JAW;AOi426072609593240536bbe0;0;Not Comply;13,31
202609;AREA 4;SULAWESI;PARE-PARE;MAM;AOi4260723113442398fec6c0;1;Anomaly;
202609;AREA 1;SUMBAGTENG;BUKIT TINGGI;KYT;AOi4260722122934186632b70;0;Anomaly;
202609;AREA 1;SUMBAGTENG;PEKANBARU;ARK;AOi4260717065017651cbee60;1;Anomaly;
202609;AREA 4;SULAWESI;KENDARI;PMA;AOi426072704171236972d700;1;Anomaly;
202609;AREA 3;JATIM;MALANG;KLJ;AOi1260720121428097d3bd90;0;Anomaly;
202609;AREA 3;JATENG-DIY;SEMARANG;JPR;AOi42607170142556598d96f0;0;Comply;-22,39
202609;AREA 3;JATENG-DIY;MAGELANG;KBM;AOi1260722123406401b33220;0;Anomaly;
202609;AREA 3;JATIM;MALANG;KLJ;AOi4260719061555369a40ae0;0;Anomaly;
202609;AREA 4;SULAWESI;MAKASSAR;MAT;AOi1260718071929186176610;0;Anomaly;
202609;AREA 4;KALIMANTAN;BANJARMASIN;TJL;AOi4260728043444973938590;0;Anomaly;
202609;AREA 2;EASTERN JABOTABEK;BEKASI;DEP;PDAk4260725095246704b5a260;0;Comply;-48,29
202609;AREA 1;SUMBAGSEL;LAMPUNG;MGA;AOi4260722112700313dbee70;1;Anomaly;
202609;AREA 1;SUMBAGUT;WESTERN MEDAN;BJI;AOi1260718054555722642670;0;Anomaly;
202609;AREA 4;SULAWESI;PALU;PLA;AOi42607210713253983bc220;0;Anomaly;
202609;AREA 4;SULAWESI;KENDARI;BBU;AOk42607200129329433c9e80;0;Anomaly;
202609;AREA 3;BALI NUSRA;KUPANG;ATB;AOi4260722011402311d99750;1;Anomaly;
202609;AREA 1;SUMBAGTENG;DUMAI;DUM;AOi4260727051452367b014e0;1;Anomaly;
202609;AREA 1;SUMBAGUT;WESTERN MEDAN;KGH;AOk4260723104414733e85b20;0;Anomaly;
202609;AREA 4;MALUKU DAN PAPUA;AMBON;NML;AOi4260730094316791ef8550;0;Anomaly;
202609;AREA 4;SULAWESI;PARE-PARE;PRE;AOi4260729035223797b88330;0;Anomaly;
202609;AREA 3;JATIM;MALANG;KLJ;AOi4260720052708752925510;1;Anomaly;
202609;AREA 3;JATIM;MALANG;TMP;AOi12607201216023818336a0;0;Comply;-3,20
202609;AREA 3;JATENG-DIY;SURAKARTA;GBU;AOi4260715122753306b24e90;0;Anomaly;
202609;AREA 4;SULAWESI;MANADO;BAH;AOi42607281054169752c2f20;0;Anomaly;
202609;AREA 3;JATENG-DIY;PEKALONGAN;PML;AOi42607301232257575cc7f0;0;Anomaly;
202609;AREA 3;BALI NUSRA;DENPASAR;KNT;AOi426071901105471841a540;1;Anomaly;
202609;AREA 3;JATENG-DIY;MAGELANG;MUN;AOi42607300228560212db6f0;1;Anomaly;
202609;AREA 2;JABAR;BANDUNG;CJA;AOi426072201415835778d9b0;0;Anomaly;
202609;AREA 4;MALUKU DAN PAPUA;SORONG;MWR;AOi4260728045613530ef8880;1;Anomaly;
202609;AREA 3;JATENG-DIY;PEKALONGAN;PKL;AOk4260722110114869a270c0;0;Comply;2,77
202609;AREA 1;SUMBAGUT;PEMATANG SIANTAR;PSA;AOi4260730123209792bae940;1;Anomaly;
202609;AREA 3;JATIM;SURABAYA;TNS;AOi4260723053926621da29d0;1;Anomaly;
202609;AREA 2;EASTERN JABOTABEK;BOGOR;PPG;AOi42607200333447113fea40;0;Anomaly;
202609;AREA 4;KALIMANTAN;PALANGKARAYA;KKP;AOi426071910163994711bb30;0;Comply;-24,00
202609;AREA 1;SUMBAGSEL;PALEMBANG;BTA;AOi4260718105444816592490;0;Anomaly;
202609;AREA 4;SULAWESI;PALU;PLA;AOi4260721114946255044790;1;Anomaly;
202609;AREA 2;JABAR;BANDUNG;LBG;AOi42607191052248951fdff0;0;Anomaly;
202609;AREA 2;JABAR;TASIKMALAYA;KNU;AOi12607210919067590c2370;1;Anomaly;
202609;AREA 3;JATENG-DIY;SEMARANG;BOJ;AOi4260723030315791f969b0;1;Anomaly;
202609;AREA 4;SULAWESI;MANADO;AMD;PDAk42607240745439823a0a70;0;Anomaly;
202609;AREA 3;BALI NUSRA;DENPASAR;SGR;AOi4260718031758951d33d70;1;Anomaly;
202609;AREA 1;SUMBAGUT;BANDA ACEH;MBO;AOi4260726020549314f93390;0;Anomaly;
202609;AREA 3;BALI NUSRA;DENPASAR;NSD;AOk42607240433188021efa10;1;Anomaly;
202609;AREA 3;BALI NUSRA;MATARAM;MTR;AOi4260720073928508ed1450;1;Anomaly;
202609;AREA 2;JABAR;BANDUNG;RJW;AOi12607241219109240d2980;0;Anomaly;
202609;AREA 3;JATIM;SURABAYA;KJR;AOi4260721071649819795ad0;1;Anomaly;
202609;AREA 3;JATENG-DIY;PEKALONGAN;TEG;AOi4260730114449669f00270;1;Anomaly;
202609;AREA 4;KALIMANTAN;BALIKPAPAN;BRU;AOi42607171020308625c54e0;1;Anomaly;
202609;AREA 3;JATENG-DIY;SEMARANG;KDL;AOi4260723090257971ffb9a0;1;Anomaly;
202609;AREA 3;JATIM;SURABAYA;KPS;AOi42607220712002956743d0;1;Anomaly;
202609;AREA 1;SUMBAGUT;PEMATANG SIANTAR;LBK;AOi4260721022111168b8b1f0;1;Anomaly;
202609;AREA 1;SUMBAGTENG;BATAM;BLP;AOi4260718091701355dc5810;1;Anomaly;
202609;AREA 1;SUMBAGTENG;BUKIT TINGGI;PUK;AOi426072810242028578a790;0;Anomaly;
202609;AREA 3;JATIM;SURABAYA;KJR;AOi1260727013707235e88a90;0;Comply;-14,98
202609;AREA 3;JATENG-DIY;PEKALONGAN;BRB;AOk426072910431875767ea30;0;Comply;-20,21
202609;AREA 3;JATIM;MALANG;TUL;AOi4260724094940817811b70;1;Anomaly;
202609;AREA 1;SUMBAGTENG;PADANG;BDT;AOi4260724102419633d35780;1;Anomaly;
202609;AREA 2;EASTERN JABOTABEK;BOGOR;SKB;AOi4260722041713656ada680;1;Anomaly;
202609;AREA 2;JABAR;BANDUNG;BDK;AOi4260719071726483f25f60;0;Anomaly;
202609;AREA 3;JATENG-DIY;MAGELANG;KTA;AOs326072605084820041cd10;1;Anomaly;-5,33
202609;AREA 3;BALI NUSRA;KUPANG;OSP;AOi42607221124101779c5570;0;Anomaly;
202609;AREA 3;BALI NUSRA;FLORES;MMR;AOk4260723014832030adbed0;0;Anomaly;
202609;AREA 2;EASTERN JABOTABEK;BOGOR;SKB;AOi4260722100608901d767b0;1;Anomaly;-40,25
202609;AREA 4;KALIMANTAN;PALANGKARAYA;PLK;AOi4260720101842901ba5f50;0;Anomaly;
202609;AREA 2;WESTERN JABOTABEK;TANGERANG;SRP;AOs3260723051008619d2d540;1;Anomaly;
202609;AREA 4;KALIMANTAN;PANGKALAN BUN;PBU;AOi4260719035918789fc2c20;0;Anomaly;
202609;AREA 1;SUMBAGTENG;BATAM;LBJ;PDAk42607270405572203ec480;1;Anomaly;
202609;AREA 1;SUMBAGSEL;BENGKULU;TIS;AOi4260720041146782e43260;1;Anomaly;
202609;AREA 4;SULAWESI;MAKASSAR;SUG;AOi4260722111915563fcc200;1;Anomaly;
202609;AREA 4;SULAWESI;MANADO;TMH;AOs3260719110357761285150;1;Anomaly;
202609;AREA 2;WESTERN JABOTABEK;TANGERANG;CPD;AOs3260727114806363cb57d0;1;Anomaly;
202609;AREA 3;JATIM;LAMONGAN;LMG;AOi42607180948223072836b0;1;Anomaly;
202609;AREA 4;KALIMANTAN;SAMARINDA;LOB;AOi426072609361854670e290;0;Anomaly;
202609;AREA 1;SUMBAGUT;WESTERN MEDAN;BJI;AOi42607241218410571351a0;0;Anomaly;
202609;AREA 4;KALIMANTAN;BANJARMASIN;LUL;AOi4260727111044129799340;1;Anomaly;
202609;AREA 4;KALIMANTAN;SAMARINDA;KOB;AOi4260730042107565f29730;0;Anomaly;
202609;AREA 3;BALI NUSRA;DENPASAR;BLI;AOi4260719083939220280370;0;Anomaly;
202609;AREA 1;SUMBAGTENG;PADANG;PDC;AOi1260720110027045f71f40;0;Anomaly;
202609;AREA 1;SUMBAGTENG;PADANG;BDT;AOi126071509455001638d9b0;1;Anomaly;
202609;AREA 2;WESTERN JABOTABEK;SERANG;CKA;AOi4260723081035731c8bf00;1;Anomaly;4,59
202609;AREA 4;MALUKU DAN PAPUA;SORONG;NAB;AOk4260713083047976f97c20;0;Anomaly;
202609;AREA 3;BALI NUSRA;DENPASAR;GIN;AOi426072704223741066c790;1;Anomaly;44,49
202609;AREA 4;MALUKU DAN PAPUA;SORONG;FFA;AOi4260715104049823ef6ac0;1;Anomaly;
202609;AREA 4;SULAWESI;GORONTALO;GTL;AOi4260731034709150d43d40;1;Anomaly;1,98
202609;AREA 3;JATENG-DIY;PURWOKERTO;GML;AOi4260722062512782da0710;1;Anomaly;
202609;AREA 2;CENTRAL JABOTABEK;NORTHERN JAKARTA;CKG;AOs32607201033426314cc290;1;Anomaly;
202609;AREA 4;SULAWESI;MAKASSAR;PNK;AOi426072410283537980ac50;1;Anomaly;
202609;AREA 2;JABAR;BANDUNG;CSA;AOi4260729082909553bd2a10;1;Anomaly;-26,20
202609;AREA 3;JATIM;LAMONGAN;GSK;AOi4260721065838334a0be20;0;Anomaly;
202609;AREA 2;CENTRAL JABOTABEK;SOUTHERN JAKARTA;PGB;AOi4260731053918751162fe0;1;Anomaly;
202609;AREA 3;JATIM;MALANG;LDY;AOi4260721114030924e4cb50;1;Anomaly;
202609;AREA 3;BALI NUSRA;FLORES;MMR;AOi1260722094204355904270;0;Comply;-0,65
202609;AREA 3;JATIM;SIDOARJO;TPO;AOi426072008494015450f590;1;Anomaly;-2,43
202609;AREA 3;JATIM;SURABAYA;MYR;AOi42607270109217857feb20;1;Anomaly;
202609;AREA 3;JATENG-DIY;SURAKARTA;CEP;AOi4260719075056186022cd0;0;Anomaly;
202609;AREA 3;JATIM;MALANG;TUL;AOi426072109135196478f850;0;Anomaly;
202609;AREA 3;JATENG-DIY;PURWOKERTO;KLP;AOi4260724050425703f84fb0;1;Anomaly;
202609;AREA 4;SULAWESI;PALU;TLY;AOi4260723123753813dd8b00;0;Anomaly;
202609;AREA 2;JABAR;SOREANG;SOR;AOk4260730115141717179c30;1;Anomaly;
202609;AREA 3;BALI NUSRA;MATARAM;BIM;AOi426072210020703265c9f0;0;Anomaly;
202609;AREA 1;SUMBAGUT;RANTAU PRAPAT;RAP;AOi4260722113736641862f20;0;Anomaly;
202609;AREA 1;SUMBAGSEL;PALEMBANG;SGB;AOs32607241004434427418d0;1;Anomaly;
202609;AREA 1;SUMBAGSEL;BENGKULU;MNA;AOs3260720031411997d06320;1;Anomaly;-46,80
202609;AREA 3;JATENG-DIY;SEMARANG;SMT;AOi4260730102121199f9e780;1;Anomaly;
202609;AREA 2;WESTERN JABOTABEK;SERANG;BLJ;AOi4260721120500069790b00;1;Anomaly;
202609;AREA 4;SULAWESI;PALU;PLA;AOi4260724024850346d32ec0;0;Anomaly;
202609;AREA 1;SUMBAGSEL;BENGKULU;MNA;AOi4260729082532780d14ef0;1;Anomaly;2,33
202609;AREA 3;JATIM;SURABAYA;MGO;AOi42607210650177060b7ba0;1;Anomaly;-17,82
202609;AREA 1;SUMBAGSEL;LAMPUNG;TJK;AOi42607250251537812afb30;1;Anomaly;
202609;AREA 1;SUMBAGUT;CENTRAL MEDAN;DLT;AOi4260730082307154dd4790;0;Anomaly;
202609;AREA 2;CENTRAL JABOTABEK;SOUTHERN JAKARTA;BIN;AOi4260724112032280c437e0;1;Anomaly;
202609;AREA 3;BALI NUSRA;DENPASAR;TOP;AOi42607201258046350e26e0;0;Anomaly;
202609;AREA 4;KALIMANTAN;PONTIANAK;JAW;AOi4260723015703876a8c220;0;Anomaly;
202609;AREA 3;BALI NUSRA;DENPASAR;UBN;AOi42607271140200314ca850;0;Anomaly;
202609;AREA 3;BALI NUSRA;MATARAM;TET;AOi42607250942329487ae990;0;Anomaly;
202609;AREA 4;SULAWESI;PARE-PARE;PKA;AOi42607210200055237ef130;1;Anomaly;
202609;AREA 1;SUMBAGTENG;PADANG;BDT;AOi42607180955446792286b0;0;Anomaly;
202609;AREA 4;MALUKU DAN PAPUA;AMBON;PAO;AOi4260723115741626275860;0;Anomaly;
202609;AREA 1;SUMBAGUT;RANTAU PRAPAT;RAP;AOi42607201208217782899f0;0;Anomaly;
202609;AREA 3;BALI NUSRA;MATARAM;MTR;AOi4260727010358356f8f540;0;Anomaly;
202609;AREA 4;KALIMANTAN;BANJARMASIN;TJL;AOi42607270437312723bc120;0;Anomaly;
202609;AREA 2;JABAR;BANDUNG;SKM;AOi4260720120009883dd08c0;0;Anomaly;
202609;AREA 1;SUMBAGSEL;PALEMBANG;SGB;AOi4260730121815317e9d550;1;Anomaly;
202609;AREA 2;JABAR;BANDUNG;LBG;AOk42607301100187444965e0;1;Anomaly;
202609;AREA 4;MALUKU DAN PAPUA;SORONG;FFA;AOk426071501135521814c830;1;Anomaly;
202609;AREA 1;SUMBAGSEL;LAMPUNG;TJK;AOi4260730121928662ba60b0;0;Anomaly;
202609;AREA 3;JATENG-DIY;SEMARANG;MJP;AOi426072104034162382ff10;1;Anomaly;
202609;AREA 3;JATENG-DIY;PEKALONGAN;PML;AOi4260720124755247dec4f0;1;Anomaly;
202609;AREA 3;BALI NUSRA;DENPASAR;SRR;AOi42607190602088515b5280;0;Anomaly;
202609;AREA 1;SUMBAGUT;BANDA ACEH;BNA;AOi4260719014003357246170;0;Comply;2,64
202609;AREA 1;SUMBAGUT;PEMATANG SIANTAR;PMS;AOi4260718082646365a165b0;0;Anomaly;
202609;AREA 3;JATENG-DIY;PURWOKERTO;AJB;AOi42607281249082157e5e70;0;Anomaly;
202609;AREA 4;KALIMANTAN;PANGKALAN BUN;LMD;AOi4260719032711503b92500;0;Anomaly;
202609;AREA 2;EASTERN JABOTABEK;BEKASI;KRA;AOi126072209523574018bde0;1;Anomaly;
202609;AREA 3;JATIM;SURABAYA;KPS;AOi1260721042037018511030;0;Anomaly;
202609;AREA 4;KALIMANTAN;PALANGKARAYA;PLK;AOi426072508411223803b5e0;1;Anomaly;73,69
202609;AREA 2;CENTRAL JABOTABEK;NORTHERN JAKARTA;STR;AOs3260725015100877b39480;1;Anomaly;
202609;AREA 4;SULAWESI;MAKASSAR;TKA;AOi4260728113144778868000;1;Anomaly;
202609;AREA 4;KALIMANTAN;BALIKPAPAN;GSA;AOi4260727094804613e594d0;1;Anomaly;
202609;AREA 1;SUMBAGUT;PEMATANG SIANTAR;PMS;AOi4260730115735527584a10;0;Anomaly;
202609;AREA 1;SUMBAGTENG;BUKIT TINGGI;SPE;AOi4260723115603357ce5f00;1;Anomaly;
202609;AREA 1;SUMBAGUT;PADANG SIDEMPUAN;GST;AOi4260727103325819f7bda0;1;Anomaly;
202609;AREA 4;MALUKU DAN PAPUA;AMBON;NML;AOi4260721024350645cd0480;0;Anomaly;
202609;AREA 3;JATIM;LAMONGAN;GSK;AOi4260717061819550b79ac0;1;Anomaly;
202609;AREA 1;SUMBAGUT;WESTERN MEDAN;KSG;PDAk4260725115651135036ed0;0;Anomaly;
202609;AREA 1;SUMBAGUT;CENTRAL MEDAN;PUB;AOk42607140325521473fa060;1;Anomaly;
202609;AREA 4;SULAWESI;PALU;BKU;AOi4260729085548244646fd0;1;Anomaly;
202609;AREA 3;BALI NUSRA;MATARAM;SWE;AOi4260717025420643109dc0;1;Anomaly;
202609;AREA 1;SUMBAGTENG;BATAM;BLP;AOi42607170933491817b6380;1;Anomaly;
202609;AREA 1;SUMBAGSEL;BENGKULU;PDW;AOi4260729030605664fd8510;1;Anomaly;
202609;AREA 1;SUMBAGTENG;BATAM;LBJ;AOi4260729091131645547e70;1;Anomaly;
202609;AREA 1;SUMBAGUT;WESTERN MEDAN;TJP;AOi4260720023406717f281a0;0;Anomaly;
202609;AREA 2;CENTRAL JABOTABEK;NORTHERN JAKARTA;PLM;AOs3260714021644294dd9ef0;1;Anomaly;
202609;AREA 1;SUMBAGTENG;PEKANBARU;PBB;AOi4260725115839558d97b60;0;Anomaly;
202609;AREA 1;SUMBAGSEL;JAMBI;JMB;AOs32607300247557598d5540;1;Anomaly;-0,78
202609;AREA 1;SUMBAGTENG;PADANG;PDC;AOi4260724095055472e50cc0;0;Anomaly;
202609;AREA 3;JATIM;MALANG;SNT;AOi42607260709489579c69a0;1;Anomaly;
202609;AREA 2;JABAR;BANDUNG;SKM;AOi426071904332527777d7d0;0;Anomaly;
202609;AREA 1;SUMBAGUT;CENTRAL MEDAN;TJR;AOi426072703354549539dae0;0;Anomaly;
202609;AREA 3;JATIM;SIDOARJO;KRN;AOi1260720054821437b71e20;0;Anomaly;
202609;AREA 2;EASTERN JABOTABEK;KARAWANG;BBL;AOi1260721115852614d53ca0;1;Anomaly;
202609;AREA 4;KALIMANTAN;PONTIANAK;STA;AOi42607260745474523ae440;0;Anomaly;
202609;AREA 4;KALIMANTAN;BANJARMASIN;BLC;AOi42607291002173912020d0;1;Anomaly;
202609;AREA 3;BALI NUSRA;KUPANG;KPN;AOi4260724094334967996e70;0;Anomaly;
202609;AREA 3;BALI NUSRA;MATARAM;SGG;AOi4260727072110701fc3e40;0;Anomaly;
202609;AREA 3;BALI NUSRA;DENPASAR;GMK;AOi426072503265844053fb60;0;Anomaly;
202609;AREA 2;CENTRAL JABOTABEK;SOUTHERN JAKARTA;KBY;AOi426072410420401135c7b0;1;Anomaly;
202609;AREA 4;SULAWESI;MAKASSAR;PKN;AOk4260727024112175c5f9e0;0;Anomaly;
202609;AREA 1;SUMBAGUT;PADANG SIDEMPUAN;TUK;AOi4260719021421320c1aa80;0;Anomaly;
202609;AREA 3;BALI NUSRA;DENPASAR;UBN;AOi42607261040304256d8180;0;Anomaly;
202609;AREA 4;MALUKU DAN PAPUA;AMBON;NML;AOi4260728110755462e97b30;0;Anomaly;
202609;AREA 3;BALI NUSRA;FLORES;END;AOi426072210262673317b460;0;Anomaly;
202609;AREA 1;SUMBAGTENG;PADANG;PDC;AOi4260727072201806c1c6c0;1;Anomaly;
202609;AREA 1;SUMBAGUT;CENTRAL MEDAN;TTG;AOi42607260449407188ab570;0;Anomaly;
202609;AREA 1;SUMBAGUT;PEMATANG SIANTAR;RBM;AOi42607210926547340eef60;1;Anomaly;
202609;AREA 4;MALUKU DAN PAPUA;SORONG;SON;AOi4260721014735015d03ab0;1;Anomaly;
202609;AREA 3;JATENG-DIY;SEMARANG;SMT;AOi4260727082604299c46210;1;Anomaly;
202609;AREA 1;SUMBAGSEL;JAMBI;JMB;AOk4260730111224820adc0a0;0;Anomaly;
202609;AREA 4;SULAWESI;KENDARI;BBU;AOi42607241241374544fbdb0;0;Anomaly;
202609;AREA 4;SULAWESI;MANADO;KTG;AOi426072706133017668eec0;1;Anomaly;
202609;AREA 3;BALI NUSRA;DENPASAR;TPS;AOi4260721113223558fa5aa0;1;Anomaly;
202609;AREA 4;SULAWESI;MANADO;PIK;AOi4260720080641234dcb550;1;Anomaly;
202609;AREA 2;JABAR;CIREBON;PAB;AOi4260725032253397e855c0;1;Anomaly;
202609;AREA 3;JATIM;JEMBER;BOW;AOi4260725101659995a547d0;0;Comply;-0,44
202609;AREA 4;KALIMANTAN;TARAKAN;JWT;AOi42607211107312968aebc0;0;Anomaly;
202609;AREA 4;KALIMANTAN;TARAKAN;JWT;AOi4260731065946489a08890;0;Anomaly;
202609;AREA 3;BALI NUSRA;MATARAM;MTR;AOi4260725075532795302660;1;Anomaly;
202609;AREA 4;KALIMANTAN;PALANGKARAYA;KKN;AOi4260720031809704033b20;0;Anomaly;
202609;AREA 3;JATIM;SIDOARJO;PSN;AOi4260730092835540d37380;0;Anomaly;
202609;AREA 3;JATIM;JEMBER;JER;AOk426072311372308050eea0;0;Anomaly;
202609;AREA 1;SUMBAGSEL;BENGKULU;BNC;AOi4260721123142706ee5ad0;0;Anomaly;
202609;AREA 2;EASTERN JABOTABEK;BEKASI;PKY;AOi4260720030808259f05e40;0;Anomaly;
202609;AREA 3;JATIM;SURABAYA;MGO;AOi4260727061910831fd6760;0;Anomaly;
202609;AREA 4;SULAWESI;MAKASSAR;MAT;AOi4260719083651344d917f0;0;Comply;-13,75
202609;AREA 1;SUMBAGUT;BANDA ACEH;SUS;AOi42607190850222451c00e0;0;Anomaly;
202609;AREA 4;KALIMANTAN;BALIKPAPAN;MLA;AOi42607191004565375f3950;0;Anomaly;
202609;AREA 2;JABAR;BANDUNG;LBG;AOi4260722101556475231970;0;Anomaly;
202609;AREA 4;SULAWESI;KENDARI;UNH;AOi4260720080119871538b80;1;Anomaly;-20,75
202609;AREA 1;SUMBAGSEL;JAMBI;SPN;AOi4260725103743492748250;0;Anomaly;
202609;AREA 3;JATENG-DIY;SEMARANG;KDL;AOi4260720084920457bfe990;1;Anomaly;
202609;AREA 4;SULAWESI;BONE;SID;AOk4260727112634107f27c30;1;Anomaly;
202609;AREA 4;SULAWESI;PARE-PARE;MAM;AOi4260719010318983431590;0;Anomaly;
202609;AREA 3;JATENG-DIY;PEKALONGAN;PBG;AOi42607220634073235d35a0;0;Anomaly;
202609;AREA 4;SULAWESI;KENDARI;BBU;AOk4260723011745284bda8d0;0;Anomaly;
202609;AREA 1;SUMBAGTENG;BATAM;KMS;AOi42607170332246246df340;1;Anomaly;
202609;AREA 4;MALUKU DAN PAPUA;AMBON;DOB;AOi4260722084650579d14ba0;1;Anomaly;
202609;AREA 3;BALI NUSRA;DENPASAR;KLM;AOs3260718051804535a71440;0;Anomaly;
202609;AREA 1;SUMBAGUT;PEMATANG SIANTAR;TBT;AOi42607191255053858e37d0;1;Anomaly;
202609;AREA 1;SUMBAGSEL;BENGKULU;AGR;AOi4260721104921656bd8aa0;1;Anomaly;12,49
202609;AREA 4;MALUKU DAN PAPUA;JAYAPURA;BIA;AOi4260724125844547fb1ee0;0;Not Comply;10,43
202609;AREA 2;CENTRAL JABOTABEK;NORTHERN JAKARTA;PDM;AOs326073010234070436f8d0;1;Anomaly;
202609;AREA 1;SUMBAGTENG;BATAM;LBJ;AOi42607280955569911027a0;1;Anomaly;
202609;AREA 3;JATIM;LAMONGAN;PAD;AOi42607180735059672e2760;1;Anomaly;-25,79
202609;AREA 2;EASTERN JABOTABEK;BOGOR;CSN;AOi126072401523229018f1a0;0;Comply;-1,19
202609;AREA 3;JATIM;SURABAYA;RKT;AOi4260725071400300f66900;1;Anomaly;
202609;AREA 4;KALIMANTAN;PONTIANAK;JAW;AOi4260723015703876a8c220;0;Anomaly;
202609;AREA 3;JATIM;SURABAYA;MGO;AOi4260721095005545752610;1;Anomaly;
202609;AREA 2;JABAR;BANDUNG;LBG;AOs3260730021938749015e80;0;Anomaly;
202609;AREA 2;EASTERN JABOTABEK;KARAWANG;CBG;AOi426072501130167701f440;1;Anomaly;
202609;AREA 4;KALIMANTAN;TARAKAN;TSL;AOi42607200146356643be2a0;0;Anomaly;
202609;AREA 3;JATIM;SURABAYA;RKT;AOi4260720075358078caa710;1;Anomaly;
202609;AREA 2;JABAR;SOREANG;MJL;AOk4260727035403651be62b0;1;Anomaly;
202609;AREA 3;BALI NUSRA;KUPANG;SOE;AOi4260718020012833b37280;0;Comply;-100,48
202609;AREA 1;SUMBAGSEL;PALEMBANG;SBU;AOi4260728105643110652ba0;0;Anomaly;
202609;AREA 3;JATIM;SURABAYA;RKT;AOs3260724101121698eba2b0;1;Anomaly;
202609;AREA 1;SUMBAGUT;WESTERN MEDAN;BJI;AOi42607241218410571351a0;0;Anomaly;
202609;AREA 4;SULAWESI;MAKASSAR;JNP;AOi4260725122044860b7d550;1;Anomaly;
202609;AREA 1;SUMBAGTENG;BUKIT TINGGI;PPJ;AOs326073006383282773d810;0;Anomaly;
202609;AREA 3;JATIM;SURABAYA;RKT;AOi42607211143228380a7db0;1;Anomaly;
202609;AREA 4;KALIMANTAN;PANGKALAN BUN;KTP;AOi42607190832353907e6c40;0;Anomaly;
202609;AREA 3;BALI NUSRA;KUPANG;OSP;AOi4260722063839536789a60;0;Anomaly;
202609;AREA 1;SUMBAGUT;WESTERN MEDAN;LSK;AOi42607210319358521da3e0;0;Anomaly;
202609;AREA 1;SUMBAGTENG;DUMAI;TAK;AOi42607310117493786cb890;1;Anomaly;
202609;AREA 4;MALUKU DAN PAPUA;SORONG;KIN;AOi4260718023111835297370;0;Anomaly;
202609;AREA 3;JATENG-DIY;SEMARANG;MJP;AOi42607210316005596ef8b0;1;Anomaly;75,81
202609;AREA 4;SULAWESI;GORONTALO;GTL;AOk42607290732190052fa860;0;Anomaly;
202609;AREA 1;SUMBAGSEL;PALEMBANG;SKY;AOi4260722072855869c9ab90;1;Anomaly;
202609;AREA 1;SUMBAGUT;PADANG SIDEMPUAN;BGO;AOi4260724115333727dc2790;0;Anomaly;
202609;AREA 3;JATIM;JEMBER;BKI;AOi42607251137525479a9cd0;1;Anomaly;
202609;AREA 1;SUMBAGUT;CENTRAL MEDAN;PDB;PDAk4260727115236269f25510;1;Anomaly;
202609;AREA 3;JATIM;MALANG;SWJ;AOk4260730113508911a8fae0;0;Anomaly;
202609;AREA 1;SUMBAGUT;CENTRAL MEDAN;TMU;PDAk4260720024306517c58660;1;Anomaly;
202609;AREA 2;CENTRAL JABOTABEK;SOUTHERN JAKARTA;JAG;AOi426072106135401051b1d0;0;Anomaly;
202609;AREA 2;WESTERN JABOTABEK;TANGERANG;CPA;AOi42607230537283563ebc20;1;Anomaly;
202609;AREA 1;SUMBAGTENG;BATAM;LBJ;AOi4260727041501532882c60;1;Anomaly;
202609;AREA 4;KALIMANTAN;PONTIANAK;PMK;AOi42607210359299166b24e0;0;Anomaly;
202609;AREA 4;SULAWESI;GORONTALO;GTL;AOi4260719041341663ed7240;0;Anomaly;
202609;AREA 3;JATENG-DIY;SEMARANG;DMA;AOi42607241251410344dab00;0;Anomaly;
202609;AREA 1;SUMBAGUT;BANDA ACEH;MBO;AOi426072702221300304f3a0;1;Anomaly;
202609;AREA 4;KALIMANTAN;BALIKPAPAN;TGG;AOi1260721044946734d46a40;0;Not Comply;29,55
202609;AREA 3;BALI NUSRA;MATARAM;TLW;AOk4260727124645822a51bc0;1;Anomaly;
202609;AREA 4;KALIMANTAN;PONTIANAK;SRY;AOi42607300245242642a2b80;1;Anomaly;
202609;AREA 3;JATIM;SURABAYA;RKT;AOk4260729081907597223120;1;Anomaly;
202609;AREA 4;SULAWESI;MAKASSAR;BAL;AOi426072512441781263b440;0;Anomaly;
202609;AREA 1;SUMBAGTENG;BATAM;BLP;AOi42607170933491817b6380;1;Anomaly;
202609;AREA 2;JABAR;TASIKMALAYA;GRU;AOi4260722104413373d2daa0;0;Anomaly;
202609;AREA 1;SUMBAGTENG;PADANG;SLK;AOi42607240734284502fbcc0;0;Anomaly;
202609;AREA 1;SUMBAGUT;PEMATANG SIANTAR;PER;AOi4260722025730235988580;0;Anomaly;
202609;AREA 2;CENTRAL JABOTABEK;NORTHERN JAKARTA;PDM;AOs326073010234070436f8d0;0;Anomaly;
202609;AREA 1;SUMBAGTENG;BATAM;BTC;AOi4260725031946063bd63f0;1;Anomaly;
202609;AREA 2;EASTERN JABOTABEK;BOGOR;SPL;AOi4260725121842715d0f0c0;0;Comply;1,56
202609;AREA 3;JATENG-DIY;YOGYAKARTA;WNS;AOi4260726072922731a6b5e0;1;Anomaly;
202609;AREA 1;SUMBAGTENG;DUMAI;DRI;AOi4260728015330605788800;0;Anomaly;
202609;AREA 4;KALIMANTAN;PONTIANAK;SAO;AOi4260719080628145959d00;0;Anomaly;
202609;AREA 1;SUMBAGUT;CENTRAL MEDAN;TMU;AOi4260730112948643cb6080;0;Anomaly;
202609;AREA 3;JATENG-DIY;SEMARANG;JHR;AOi4260723075548182c5e6f0;0;Anomaly;
202609;AREA 2;WESTERN JABOTABEK;TANGERANG;LKG;AOs32607270414196601af920;1;Anomaly;
202609;AREA 3;BALI NUSRA;DENPASAR;UBN;AOi426072510501436732fbe0;1;Anomaly;
202609;AREA 3;BALI NUSRA;DENPASAR;SMY;AOi42607220921170792980d0;0;Anomaly;
202609;AREA 3;BALI NUSRA;MATARAM;DMP;AOk4260725091825937ec9a60;1;Anomaly;
202609;AREA 1;SUMBAGUT;WESTERN MEDAN;STB;AOi426072307092317904b500;0;Anomaly;
202609;AREA 4;SULAWESI;KENDARI;LSS;AOi42607181009563588ec150;1;Anomaly;
202609;AREA 4;SULAWESI;MANADO;LAN;AOi4260720031126897a96590;1;Anomaly;
202609;AREA 1;SUMBAGSEL;PALEMBANG;MPA;AOi426072512594492396d270;0;Anomaly;
202609;AREA 1;SUMBAGTENG;DUMAI;UBT;AOi426073012261858650e1e0;1;Anomaly;
202609;AREA 3;BALI NUSRA;FLORES;KLH;AOk426072210424570017cd30;0;Anomaly;
202609;AREA 3;BALI NUSRA;FLORES;LRT;AOi4260725045752338aa26e0;0;Anomaly;
202609;AREA 1;SUMBAGTENG;BUKIT TINGGI;PNA;AOk4260724115932821ae5a10;0;Anomaly;
202609;AREA 3;BALI NUSRA;FLORES;MMR;AOi42607290242355768d9a30;0;Anomaly;
202609;AREA 3;JATENG-DIY;PEKALONGAN;KDW;PDAk426072105425436814f790;1;Anomaly;-19,00
202609;AREA 4;SULAWESI;MANADO;BIT;AOi42607280326527863de890;1;Anomaly;
202609;AREA 4;SULAWESI;MANADO;LAN;AOi42607210310472472c2a10;1;Anomaly;5,22
202609;AREA 1;SUMBAGSEL;PANGKAL PINANG;PGP;AOs3260726124729944b269f0;1;Anomaly;
202609;AREA 2;CENTRAL JABOTABEK;NORTHERN JAKARTA;STR;AOi1260720091738420e91aa0;0;Anomaly;
202609;AREA 3;JATIM;SURABAYA;MYR;AOi4260729073827338d8f890;0;Anomaly;
202609;AREA 4;MALUKU DAN PAPUA;AMBON;PAO;AOi4260721034457932985ef0;1;Anomaly;
202609;AREA 4;SULAWESI;PALU;PLB;AOi126073108454570591eba0;0;Anomaly;
202609;AREA 1;SUMBAGUT;WESTERN MEDAN;LGS;AOi42607211008087514ca310;0;Anomaly;
202609;AREA 1;SUMBAGSEL;PANGKAL PINANG;PGP;AOi42607240147435671b3e90;1;Anomaly;
202609;AREA 4;SULAWESI;BONE;BTN;AOi4260731094106803db2600;0;Anomaly;
202609;AREA 1;SUMBAGTENG;PEKANBARU;RGT;AOk42607211210149685ea420;1;Anomaly;
202609;AREA 1;SUMBAGTENG;DUMAI;BKN;AOi42607240542021764abc70;1;Anomaly;
202609;AREA 4;SULAWESI;MANADO;AMD;AOi42607210902397228a5600;1;Anomaly;-5,07
202609;AREA 1;SUMBAGSEL;BENGKULU;MNA;AOi4260725060744045c8d460;0;Anomaly;
202609;AREA 1;SUMBAGUT;CENTRAL MEDAN;TMU;AOi4260727021907640dcac80;0;Anomaly;
202609;AREA 4;SULAWESI;PARE-PARE;PKA;AOi42607210200055237ef130;1;Anomaly;
202609;AREA 1;SUMBAGTENG;PADANG;TLB;PDAk4260721082844998d75a80;0;Anomaly;
202609;AREA 1;SUMBAGUT;CENTRAL MEDAN;SPM;AOs32607170440317085bc1d0;0;Anomaly;
202609;AREA 1;SUMBAGTENG;PADANG;KJI;AOi4260731040505954716a20;1;Anomaly;
202609;AREA 1;SUMBAGTENG;BATAM;LBJ;AOi426073101043100739d5b0;1;Anomaly;
202609;AREA 2;WESTERN JABOTABEK;TANGERANG;SRP;AOi12607220721356527da3a0;0;Anomaly;
202609;AREA 4;KALIMANTAN;BALIKPAPAN;BRU;AOk42607241041216911eac60;0;Anomaly;
202609;AREA 1;SUMBAGSEL;LAMPUNG;TGP;AOi4260722090720879cc2a90;1;Anomaly;
202609;AREA 1;SUMBAGUT;BANDA ACEH;MRU;AOi4260731031800786686840;0;Anomaly;
202609;AREA 3;JATENG-DIY;YOGYAKARTA;WNS;AOi4260726072922731a6b5e0;1;Anomaly;
202609;AREA 4;SULAWESI;MANADO;AMD;AOi1260720093949074e1eec0;1;Anomaly;-29,47
202609;AREA 4;KALIMANTAN;BALIKPAPAN;BAM;AOi4260728035401598354500;0;Anomaly;
202609;AREA 1;SUMBAGTENG;BATAM;SLU;AOs3260728030800748eba530;1;Anomaly;
202609;AREA 4;KALIMANTAN;BANJARMASIN;BBR;AOk42607251028438330e2d80;0;Anomaly;
202609;AREA 3;BALI NUSRA;DENPASAR;PUA;AOi42607271200110131df910;0;Anomaly;
202609;AREA 4;SULAWESI;KENDARI;KKA;AOi4260722092950523a1f6a0;1;Anomaly;
202609;AREA 3;JATENG-DIY;MAGELANG;PRN;AOi42607280549497715b3950;1;Anomaly;
202609;AREA 4;KALIMANTAN;BALIKPAPAN;SAN;AOi4260724022622042a7c350;1;Anomaly;
202609;AREA 4;KALIMANTAN;SAMARINDA;STT;AOi42607231034309773dea50;1;Anomaly;
202609;AREA 1;SUMBAGTENG;BUKIT TINGGI;LIN;AOi4260723113521631037320;1;Anomaly;
202609;AREA 4;SULAWESI;PARE-PARE;PLP;AOi4260728012021289f78050;1;Anomaly;
202609;AREA 4;KALIMANTAN;PANGKALAN BUN;LMD;AOi4260723080013288ddf600;0;Comply;2,70
202609;AREA 4;SULAWESI;MAKASSAR;BAR;AOi42607260131467023deed0;1;Anomaly;
202609;AREA 1;SUMBAGSEL;BENGKULU;CRP;AOi42607190202357614c6810;1;Anomaly;
202609;AREA 1;SUMBAGUT;CENTRAL MEDAN;TMU;AOi42607260940110996cbb50;0;Anomaly;
202609;AREA 2;CENTRAL JABOTABEK;SOUTHERN JAKARTA;CPE;AOi4260722032127759892230;1;Anomaly;
202609;AREA 4;KALIMANTAN;BANJARMASIN;BBR;AOk42607251028438330e2d80;0;Anomaly;
202609;AREA 4;SULAWESI;PALU;PLA;AOi4260722123757007a61320;0;Anomaly;
202609;AREA 1;SUMBAGSEL;PALEMBANG;MPA;AOi426072512594492396d270;1;Anomaly;
202609;AREA 3;BALI NUSRA;DENPASAR;TBN;AOi4260722080849997fe1b50;1;Anomaly;
202609;AREA 1;SUMBAGUT;PADANG SIDEMPUAN;SBG;AOi42607210643529655a4620;0;Anomaly;
202609;AREA 3;BALI NUSRA;FLORES;KLH;AOi426072301502093816bcd0;0;Anomaly;
202609;AREA 3;JATIM;SURABAYA;RKT;AOi4260725101411766096c10;1;Anomaly;
202609;AREA 1;SUMBAGUT;WESTERN MEDAN;KGH;AOi4260721045441135d13380;0;Anomaly;
202609;AREA 1;SUMBAGTENG;PEKANBARU;MIS;AOi4260721083543318479c20;0;Anomaly;
202609;AREA 1;SUMBAGSEL;LAMPUNG;WJA;AOi4260726105849312957db0;1;Anomaly;
202609;AREA 1;SUMBAGTENG;BUKIT TINGGI;HRU;AOi4260727022515911ae7080;1;Anomaly;
202609;AREA 1;SUMBAGSEL;PANGKAL PINANG;PGP;AOi4260727070940664567f90;0;Anomaly;
202609;AREA 3;JATIM;SURABAYA;IJK;AOi42607230742541785761c0;0;Anomaly;
202609;AREA 4;SULAWESI;KENDARI;UNH;AOi42607060356592901fc960;0;Anomaly;
202609;AREA 2;JABAR;BANDUNG;CJA;AOi42607210719078637e06c0;1;Anomaly;
202609;AREA 1;SUMBAGUT;PEMATANG SIANTAR;BLG;AOk4260729013959873a5b3e0;0;Anomaly;
202609;AREA 1;SUMBAGUT;BANDA ACEH;BPD;AOi4260729031719449928df0;0;Anomaly;
202609;AREA 4;KALIMANTAN;BALIKPAPAN;BRU;AOk42607241041216911eac60;1;Anomaly;
202609;AREA 3;JATENG-DIY;PURWOKERTO;BJR;AOi42607221238329625df790;1;Anomaly;
202609;AREA 1;SUMBAGSEL;PALEMBANG;KTU;AOk42607311230480167ee6e0;1;Anomaly;2,91
202609;AREA 1;SUMBAGSEL;BENGKULU;LLG;AOi4260727111746342d3cc00;1;Anomaly;
202609;AREA 2;JABAR;BANDUNG;BTJ;AOi426072611322730113e720;0;Anomaly;
202609;AREA 1;SUMBAGTENG;BUKIT TINGGI;SLM;AOi426072411195072049ffe0;0;Anomaly;
202609;AREA 3;JATENG-DIY;PURWOKERTO;GML;AOi4260730114250681480cd0;0;Anomaly;
202609;AREA 3;JATENG-DIY;SURAKARTA;NGA;AOi4260726024316264876860;1;Anomaly;
202609;AREA 3;JATIM;SURABAYA;PME;AOi4260726073406835ebe460;0;Comply;-0,30
202609;AREA 3;JATENG-DIY;SURAKARTA;BYL;AOi42607250148204931da190;1;Anomaly;4,12
202609;AREA 3;JATIM;SIDOARJO;SDA;AOi4260727122140339f21db0;0;Comply;-27,98
202609;AREA 1;SUMBAGUT;CENTRAL MEDAN;TJM;AOi4260722120130929e25430;0;Anomaly;
202609;AREA 2;WESTERN JABOTABEK;TANGERANG;CKL;AOi4260729123430650e4f8a0;1;Anomaly;
202609;AREA 4;KALIMANTAN;PANGKALAN BUN;KTP;AOk42607270302171863fb6e0;0;Comply;-45,99
202609;AREA 3;JATENG-DIY;SEMARANG;SMT;AOi4260730102121199f9e780;1;Anomaly;
202609;AREA 1;SUMBAGUT;WESTERN MEDAN;BJI;AOi426072502570298177dd60;0;Anomaly;
202609;AREA 4;KALIMANTAN;TARAKAN;NNK;AOi4260724110104659d5ce20;0;Anomaly;
202609;AREA 1;SUMBAGSEL;PANGKAL PINANG;TBI;AOb0260731023045728090960;0;Anomaly;
202609;AREA 2;WESTERN JABOTABEK;SERANG;CKA;AOi4260726013450294163fc0;0;Anomaly;
202609;AREA 4;KALIMANTAN;PONTIANAK;STA;AOi42607230755145627da8b0;0;Anomaly;
202609;AREA 4;KALIMANTAN;PONTIANAK;STA;AOi4260724081945544be4ef0;0;Anomaly;
202609;AREA 2;CENTRAL JABOTABEK;SOUTHERN JAKARTA;KBY;AOi4260723043550404554e80;0;Anomaly;
202609;AREA 1;SUMBAGUT;BANDA ACEH;LOA;AOi4260725062711997d30540;0;Anomaly;
202609;AREA 2;JABAR;SOREANG;MJL;AOi426073009552234948aeb0;1;Anomaly;10,02
202609;AREA 1;SUMBAGSEL;BENGKULU;PGA;AOi12607260639152263a0de0;1;Anomaly;-18,65
202609;AREA 4;MALUKU DAN PAPUA;AMBON;TUA;AOi4260724011044760bfd760;0;Anomaly;
202609;AREA 2;JABAR;BANDUNG;LBG;AOi426072704113829202b8f0;0;Anomaly;
202609;AREA 3;JATENG-DIY;SEMARANG;MJE;AOi4260709020001293833800;0;Anomaly;
202609;AREA 1;SUMBAGUT;PADANG SIDEMPUAN;SBG;AOi4260731062617609824700;0;Anomaly;
202609;AREA 1;SUMBAGUT;RANTAU PRAPAT;KPI;AOi42607190134115828ab5a0;0;Anomaly;
202609;AREA 1;SUMBAGUT;PADANG SIDEMPUAN;PSP;AOi426073010033668186d720;0;Anomaly;
202609;AREA 1;SUMBAGSEL;PALEMBANG;MPA;AOi426072512594492396d270;1;Anomaly;
202609;AREA 2;JABAR;BANDUNG;DGO;AOi1260731092615156362090;1;Anomaly;
202609;AREA 1;SUMBAGUT;PADANG SIDEMPUAN;TUK;AOi42607290342568228243d0;0;Anomaly;
202609;AREA 1;SUMBAGUT;WESTERN MEDAN;BJI;AOi42607250328126432ac0d0;0;Anomaly;
202609;AREA 1;SUMBAGUT;BANDA ACEH;BIR;AOi426072710322015617e700;0;Anomaly;
202609;AREA 4;KALIMANTAN;SAMARINDA;BOT;AOi42607261252404931ab1d0;1;Anomaly;
202609;AREA 3;JATIM;SURABAYA;BKL;AOi4260724115628082c0b440;0;Anomaly;
202609;AREA 4;SULAWESI;MAKASSAR;SUD;AOk426073011410362851a0b0;0;Anomaly;
202609;AREA 1;SUMBAGUT;BANDA ACEH;DAR;AOi4260730023558167c4c130;0;Anomaly;
202609;AREA 1;SUMBAGUT;BANDA ACEH;DAR;AOi42607250927136263ecd20;0;Anomaly;
202609;AREA 1;SUMBAGSEL;PANGKAL PINANG;TJN;AOi4260729012928180417110;0;Anomaly;
202609;AREA 1;SUMBAGTENG;BATAM;DBS;AOi4260724091151985698010;1;Anomaly;
202609;AREA 1;SUMBAGUT;WESTERN MEDAN;LGS;AOi4260726103202830064cd0;0;Anomaly;
202609;AREA 4;SULAWESI;PALU;BKU;AOi42607260633010242e0a80;1;Anomaly;
202609;AREA 1;SUMBAGUT;CENTRAL MEDAN;CTD;AOi4260730104106058b38ec0;0;Anomaly;
202609;AREA 2;JABAR;TASIKMALAYA;CKJ;AOi42607250341564309e19f0;1;Anomaly;
202609;AREA 4;SULAWESI;BONE;WTP;AOi4260729064721111963640;1;Anomaly;
202609;AREA 3;BALI NUSRA;DENPASAR;UBN;AOi42607291132468285577d0;1;Anomaly;
202609;AREA 3;BALI NUSRA;KUPANG;KPN;AOi4260724094334967996e70;0;Anomaly;
202609;AREA 2;WESTERN JABOTABEK;SERANG;CKA;AOi4260724025248324c23f90;0;Anomaly;
202609;AREA 1;SUMBAGUT;CENTRAL MEDAN;MDC;AOi4260724091121483ad02f0;0;Anomaly;
202609;AREA 3;JATIM;SURABAYA;GBG;AOi4260723045201265e08c90;0;Anomaly;
202609;AREA 1;SUMBAGTENG;BATAM;LBJ;AOi42607231011390945e21c0;1;Anomaly;0,53
202609;AREA 4;SULAWESI;MAKASSAR;TMA;AOi4260722073805857e36840;0;Anomaly;
202609;AREA 3;JATIM;LAMONGAN;GSK;AOs32607301121436503c70d0;1;Anomaly;
202609;AREA 3;BALI NUSRA;DENPASAR;MMN;AOi426072501162503015e200;0;Anomaly;
202609;AREA 2;WESTERN JABOTABEK;TANGERANG;CPD;AOi4260724013450637178a10;1;Anomaly;
202609;AREA 1;SUMBAGSEL;PALEMBANG;UNT;AOk4260720032914022089460;1;Anomaly;
202609;AREA 2;EASTERN JABOTABEK;BEKASI;PKY;AOi12607280713431912379e0;0;Comply;-49,74
202609;AREA 1;SUMBAGUT;PEMATANG SIANTAR;BLG;AOi4260727013251837cb0c50;0;Anomaly;
202609;AREA 4;KALIMANTAN;PALANGKARAYA;MTW;AOi4260730101112375a39dc0;0;Anomaly;
202609;AREA 4;KALIMANTAN;BALIKPAPAN;BAM;AOs32607290639408059df2c0;0;Anomaly;
202609;AREA 1;SUMBAGTENG;PADANG;BDT;AOi4260731110741060c12650;1;Anomaly;
202609;AREA 1;SUMBAGUT;BANDA ACEH;BNN;AOi4260727121038579f3e5b0;0;Anomaly;
202609;AREA 4;KALIMANTAN;PANGKALAN BUN;LMD;AOi4260724042712588c341e0;0;Anomaly;
202609;AREA 3;JATENG-DIY;MAGELANG;PRN;AOi42607280549497715b3950;1;Anomaly;
202609;AREA 2;JABAR;BANDUNG;BTJ;AOi4260727011814806a2e6e0;1;Anomaly;
202609;AREA 4;SULAWESI;MAKASSAR;SUG;AOi4260727110029762fb41f0;1;Anomaly;
202609;AREA 3;JATENG-DIY;PEKALONGAN;SBA;AOi4260729105129586260fb0;1;Anomaly;
202609;AREA 4;KALIMANTAN;SAMARINDA;SBR;AOi426072706380721949edf0;0;Anomaly;
202609;AREA 1;SUMBAGTENG;BUKIT TINGGI;PYK;AOi42607281127103220aec70;0;Anomaly;
202609;AREA 1;SUMBAGSEL;JAMBI;MND;AOk42607291025141851bb6e0;0;Anomaly;
202609;AREA 1;SUMBAGUT;CENTRAL MEDAN;PDB;AOi42607300223075747337d0;0;Anomaly;
202609;AREA 4;SULAWESI;MANADO;TDN;AOs326072805251156159ad90;1;Anomaly;-18,18
202609;AREA 3;BALI NUSRA;MATARAM;KMP;AOi4260730081158000507f20;0;Anomaly;
202609;AREA 4;KALIMANTAN;PONTIANAK;PTK;AOk42607270400229956214f0;0;Anomaly;
202609;AREA 4;KALIMANTAN;BALIKPAPAN;MBD;AOi4260726083555988426ff0;0;Anomaly;
202609;AREA 1;SUMBAGUT;PEMATANG SIANTAR;PMS;AOi42607280512344960b33a0;0;Anomaly;
202609;AREA 1;SUMBAGUT;BANDA ACEH;BNN;AOi4260730102607773d9a3d0;0;Anomaly;
202609;AREA 3;JATENG-DIY;PURWOKERTO;BJR;AOi4260729042622164a3cd00;1;Anomaly;
202609;AREA 1;SUMBAGUT;BANDA ACEH;BIR;AOi4260725093359731a5ed20;0;Anomaly;
202609;AREA 3;BALI NUSRA;DENPASAR;SMY;AOi42607230816016398ebfe0;1;Anomaly;
202609;AREA 1;SUMBAGUT;CENTRAL MEDAN;TTG;AOi42607291131427289016d0;1;Anomaly;
202609;AREA 1;SUMBAGSEL;JAMBI;SPN;AOi4260725103743492748250;1;Anomaly;
202609;AREA 1;SUMBAGSEL;JAMBI;BKO;AOi4260726031441049c86010;1;Anomaly;
202609;AREA 1;SUMBAGUT;CENTRAL MEDAN;TJR;AOi4260727083824915cf4df0;0;Anomaly;
202609;AREA 4;SULAWESI;PALU;PLB;AOi42607260205458562e1160;1;Anomaly;
202609;AREA 1;SUMBAGSEL;PALEMBANG;UNT;AOk4260720032914022089460;1;Anomaly;
202609;AREA 3;JATENG-DIY;PURWOKERTO;PWT;AOi4260727111018696e34e60;0;Anomaly;
202609;AREA 2;JABAR;TASIKMALAYA;SPA;AOk4260730011403048117cc0;1;Anomaly;
202609;AREA 3;JATENG-DIY;PURWOKERTO;PWT;AOi4260730023702528718240;0;Anomaly;
202609;AREA 4;SULAWESI;MAKASSAR;ANT;AOs32607261007269382a66d0;0;Anomaly;
202609;AREA 3;JATIM;SIDOARJO;KRN;AOi426072907263887224ee60;0;Anomaly;
202609;AREA 1;SUMBAGUT;CENTRAL MEDAN;TMU;AOi12607270736040024ed580;0;Anomaly;
202609;AREA 1;SUMBAGUT;BANDA ACEH;BPD;AOi4260724032225248b50ec0;0;Anomaly;
202609;AREA 1;SUMBAGUT;CENTRAL MEDAN;TJR;AOi426072609534848872f940;0;Anomaly;
202609;AREA 4;SULAWESI;KENDARI;BBU;AOi4260724094515142d1c7e0;1;Anomaly;
202609;AREA 3;BALI NUSRA;KUPANG;KPN;AOi4260730110044665cd3990;0;Anomaly;
202609;AREA 2;EASTERN JABOTABEK;BEKASI;PCM;AOs3260726110554321ba7390;0;Comply;-20,86
202609;AREA 4;KALIMANTAN;BALIKPAPAN;BRU;AOi4260729123231909889d60;0;Anomaly;
202609;AREA 3;JATENG-DIY;PURWOKERTO;CLC;AOk4260727093052658f21b80;0;Anomaly;
202609;AREA 1;SUMBAGUT;CENTRAL MEDAN;TJR;AOi4260726075337603b00c80;0;Anomaly;
202609;AREA 3;JATENG-DIY;SEMARANG;PEC;AOi4260723083035495ea7950;0;Anomaly;
202609;AREA 4;SULAWESI;PARE-PARE;PLP;AOi4260713040625205154410;1;Anomaly;
202609;AREA 4;SULAWESI;PARE-PARE;PLP;AOi42607050432323899d3e30;0;Anomaly;
202609;AREA 3;JATIM;SURABAYA;RKT;AOi4260722074813255115a30;0;Anomaly;
202609;AREA 1;SUMBAGUT;WESTERN MEDAN;BJI;AOi426072502570298177dd60;0;Anomaly;
202609;AREA 3;JATIM;SURABAYA;DMO;AOi4260726081113548e75970;0;Anomaly;
202609;AREA 2;WESTERN JABOTABEK;SERANG;CRS;AOs32607310223201688e7110;0;Comply;-18,37
202609;AREA 4;SULAWESI;BONE;BLK;AOi42607271041282205cb150;0;Anomaly;
202609;AREA 4;KALIMANTAN;TARAKAN;NNK;AOi42607301109520205187e0;0;Anomaly;
202609;AREA 4;MALUKU DAN PAPUA;TIMIKA;TIM;AOi42607271117475289837a0;0;Anomaly;
202609;AREA 2;EASTERN JABOTABEK;BOGOR;CSR;AOi4260727070315845641f00;1;Anomaly;
202609;AREA 1;SUMBAGSEL;PANGKAL PINANG;TBI;AOb0260731023045728090960;1;Anomaly;
202609;AREA 3;JATENG-DIY;YOGYAKARTA;PKM;PDAk42607270828404936e0180;1;Anomaly;
202609;AREA 3;BALI NUSRA;DENPASAR;UBN;AOi426072510501436732fbe0;0;Anomaly;
202609;AREA 1;SUMBAGUT;CENTRAL MEDAN;TJR;AOi4260727083824915cf4df0;0;Anomaly;
202609;AREA 1;SUMBAGUT;PEMATANG SIANTAR;DLM;AOi426072712445991610ece0;0;Anomaly;
202609;AREA 3;BALI NUSRA;MATARAM;TET;AOi42607270447460941f85f0;0;Anomaly;
202609;AREA 3;BALI NUSRA;DENPASAR;UBN;AOi4260727074741982345e10;0;Anomaly;
202609;AREA 4;SULAWESI;MAKASSAR;BAR;AOi42607260131467023deed0;1;Anomaly;
202609;AREA 4;KALIMANTAN;PALANGKARAYA;PLK;AOi42607270146005810fe9b0;1;Anomaly;
202609;AREA 2;JABAR;BANDUNG;RJW;AOi426072910140182025ac30;1;Anomaly;6,06
202609;AREA 3;JATENG-DIY;PEKALONGAN;PML;AOi42607300138235365fcb00;0;Anomaly;
202609;AREA 3;BALI NUSRA;FLORES;MMR;AOi4260727053734253d20460;0;Anomaly;
202609;AREA 2;CENTRAL JABOTABEK;SOUTHERN JAKARTA;RMG;AOi12607271033076242808b0;1;Anomaly;
202609;AREA 4;SULAWESI;MAKASSAR;SUD;PDAk4260728111628526aee580;0;Anomaly;
202609;AREA 1;SUMBAGTENG;BUKIT TINGGI;SPE;AOi42607291048262052496e0;0;Anomaly;
202609;AREA 2;CENTRAL JABOTABEK;NORTHERN JAKARTA;MRY;AOi4260727061909916faf560;1;Anomaly;
202609;AREA 1;SUMBAGTENG;BATAM;KMS;AOi12607261249015963fdf00;1;Anomaly;
202609;AREA 4;KALIMANTAN;TARAKAN;TSL;AOk4260729073039324a905b0;1;Anomaly;
202609;AREA 1;SUMBAGTENG;PADANG;SGD;AOi426072608460491916ec00;0;Anomaly;
202609;AREA 2;CENTRAL JABOTABEK;NORTHERN JAKARTA;MRY;AOi4260729032247167af2f10;1;Anomaly;
202609;AREA 1;SUMBAGSEL;JAMBI;MND;AOi12607270424055553c9cd0;1;Anomaly;
202609;AREA 2;CENTRAL JABOTABEK;NORTHERN JAKARTA;MRY;AOi42607280459495612379d0;1;Anomaly;
202609;AREA 3;BALI NUSRA;FLORES;LRT;AOi42607291258599222f0510;0;Anomaly;
202609;AREA 3;JATIM;LAMONGAN;BBE;AOi4260726113926605e670a0;1;Anomaly;
202609;AREA 3;JATIM;SURABAYA;BKL;AOi4260729021841358f7ceb0;0;Anomaly;
202609;AREA 2;CENTRAL JABOTABEK;SOUTHERN JAKARTA;CID;AOi42607270456414429076e0;1;Anomaly;
202609;AREA 1;SUMBAGTENG;BUKIT TINGGI;SCC;AOi42607270202394590a6c90;1;Anomaly;
202609;AREA 4;KALIMANTAN;BANJARMASIN;BLC;AOi42607260730436890d84a0;1;Anomaly;
202609;AREA 2;CENTRAL JABOTABEK;SOUTHERN JAKARTA;KRG;AOi42607280409049438ef3d0;0;Anomaly;
202609;AREA 4;SULAWESI;GORONTALO;LBT;AOi42607300614018283b57f0;1;Anomaly;5,03
202609;AREA 1;SUMBAGTENG;BATAM;BTC;AOi426072712451237494ec50;1;Anomaly;
202609;AREA 2;JABAR;CIREBON;KNG;AOi426072608002952885d030;1;Anomaly;
202609;AREA 2;WESTERN JABOTABEK;SERANG;LGK;AOi42607270935433721dade0;0;Anomaly;
202609;AREA 1;SUMBAGUT;PEMATANG SIANTAR;PSA;AOi42607290529324784263f0;0;Anomaly;
202609;AREA 1;SUMBAGUT;CENTRAL MEDAN;CTD;AOi4260728020355313b42320;0;Anomaly;
202609;AREA 2;CENTRAL JABOTABEK;NORTHERN JAKARTA;MRY;AOi42607280459495612379d0;1;Anomaly;
202609;AREA 2;CENTRAL JABOTABEK;SOUTHERN JAKARTA;RMG;AOi12607271033076242808b0;1;Anomaly;
202609;AREA 4;SULAWESI;PARE-PARE;PLP;AOi4260726040604377f54520;0;Anomaly;
202609;AREA 2;JABAR;CIREBON;PRD;AOi4260731025527231255640;0;Anomaly;
202609;AREA 2;CENTRAL JABOTABEK;NORTHERN JAKARTA;MRY;AOi4260730020750866cfd090;1;Anomaly;
202609;AREA 3;JATIM;MALANG;BTU;AOi4260730121232159c59cf0;0;Comply;-19,86
202609;AREA 4;KALIMANTAN;BALIKPAPAN;BAM;AOi42607290716108917f60e0;0;Anomaly;
202609;AREA 1;SUMBAGUT;WESTERN MEDAN;KSG;PDAk4260725115651135036ed0;0;Anomaly;
202609;AREA 1;SUMBAGSEL;BENGKULU;PGA;AOi12607260639152263a0de0;1;Anomaly;
202609;AREA 3;JATENG-DIY;SEMARANG;SMC;AOk4260728124122821e741e0;1;Anomaly;
202609;AREA 3;JATIM;SURABAYA;SMP;AOi4260727091331416fb3530;0;Anomaly;
202609;AREA 4;MALUKU DAN PAPUA;AMBON;PAO;AOi1260727040115951e08140;1;Anomaly;
202609;AREA 3;BALI NUSRA;DENPASAR;UBN;PDAk42607281123008734d1f40;0;Anomaly;
202609;AREA 1;SUMBAGUT;CENTRAL MEDAN;TJR;AOi426072806221155434d9b0;0;Anomaly;
202609;AREA 2;CENTRAL JABOTABEK;NORTHERN JAKARTA;MRY;AOi42607280459495612379d0;1;Anomaly;
202609;AREA 2;CENTRAL JABOTABEK;NORTHERN JAKARTA;MRY;AOi4260729032247167af2f10;1;Anomaly;
202609;AREA 2;CENTRAL JABOTABEK;NORTHERN JAKARTA;MRY;AOi4260727061909916faf560;1;Anomaly;
202609;AREA 2;EASTERN JABOTABEK;BOGOR;PAR;AOs32607280910166368e4e60;0;Comply;-2,31
202609;AREA 4;SULAWESI;MANADO;TNT;AOi4260729042816221cf6a40;0;Anomaly;
202609;AREA 1;SUMBAGSEL;PALEMBANG;SBU;AOi1260729055001120519290;0;Anomaly;
202609;AREA 3;JATIM;SURABAYA;GBG;AOk4260731113933348a3d590;0;Comply;-25,91
202609;AREA 3;BALI NUSRA;FLORES;MMR;AOi4260728072251494256f90;0;Anomaly;
202609;AREA 1;SUMBAGUT;BANDA ACEH;DAR;AOi4260729031936232098ef0;0;Anomaly;
202609;AREA 3;JATENG-DIY;MAGELANG;PRN;AOi42607280549497715b3950;1;Anomaly;
202609;AREA 2;WESTERN JABOTABEK;SERANG;CKA;AOi4260729014225045f40540;0;Anomaly;
202609;AREA 4;SULAWESI;PARE-PARE;RTP;AOi426072808572691868b1f0;1;Anomaly;
