Periode;Area;Witel;Branch;STO;Order_ID;Flag_Exclude;SLA_Status;Duration_Hours
202603;AREA 4;SULAWESI;KENDARI;MDG;AOi4260120060336741ea3870;0;Anomaly;
202603;AREA 4;KALIMANTAN;BALIKPAPAN;MBD;AOi4260124033425109c9ff70;0;Anomaly;
202603;AREA 4;KALIMANTAN;BALIKPAPAN;MBD;AOi426011908153994725ebd0;0;Anomaly;
202603;AREA 4;KALIMANTAN;BALIKPAPAN;MBD;AOi42601190505262587e6190;0;Anomaly;
202603;AREA 4;KALIMANTAN;PONTIANAK;SRY;AOi42601171159014868b5ff0;0;Anomaly;
202603;AREA 4;KALIMANTAN;PONTIANAK;SRY;AOi4260126093427168734f00;0;Anomaly;
202603;AREA 4;KALIMANTAN;PONTIANAK;SRY;AOi4260125022624130eab3d0;0;Anomaly;
202603;AREA 4;KALIMANTAN;PONTIANAK;SRY;AOi426011007582720239c670;0;Anomaly;
202603;AREA 4;SULAWESI;KENDARI;MDG;AOi42512240510182003eea00;0;Anomaly;
202603;AREA 4;SULAWESI;KENDARI;MDG;AOi4260118104139691bcf720;0;Anomaly;
202603;AREA 4;SULAWESI;KENDARI;MDG;AOi426010403204265941ab00;0;Anomaly;
202603;AREA 4;SULAWESI;KENDARI;MDG;AOi4260106081042958d82430;0;Anomaly;
202603;AREA 4;SULAWESI;KENDARI;MDG;AOi42601200730500125620c0;0;Anomaly;
202603;AREA 4;SULAWESI;KENDARI;MDG;AOi42601220114398549bc550;0;Anomaly;
202603;AREA 4;SULAWESI;KENDARI;MDG;AOi4260121015456509041080;0;Anomaly;
202603;AREA 4;SULAWESI;KENDARI;MDG;AOi4260109085419693bc4310;0;Anomaly;
202603;AREA 4;SULAWESI;KENDARI;MDG;AOi4260121015456509041080;0;Anomaly;
202603;AREA 4;MALUKU DAN PAPUA;SORONG;SON;AOi4260130042930642373ad0;0;Anomaly;
202603;AREA 4;MALUKU DAN PAPUA;SORONG;SON;AOk4260124104608498d40160;0;Anomaly;
202603;AREA 4;MALUKU DAN PAPUA;SORONG;SON;AOi4260128013636867c7c8e0;0;Anomaly;
202603;AREA 4;MALUKU DAN PAPUA;SORONG;SON;AOi42601120230563519b7120;0;Anomaly;
202603;AREA 4;MALUKU DAN PAPUA;SORONG;SON;AOi4260129092817244eada60;0;Anomaly;
202603;AREA 4;MALUKU DAN PAPUA;SORONG;SON;AOk4260108120347755c59960;0;Anomaly;
202603;AREA 4;MALUKU DAN PAPUA;SORONG;SON;AOi4260106015047308f28c20;0;Anomaly;
202603;AREA 4;MALUKU DAN PAPUA;SORONG;SON;AOi42601100104535015845a0;0;Anomaly;
202603;AREA 4;MALUKU DAN PAPUA;SORONG;SON;AOi4260128013636867c7c8e0;0;Anomaly;
202603;AREA 4;SULAWESI;MANADO;TUT;AOi4260131062433552d6f7e0;0;Anomaly;
202603;AREA 4;SULAWESI;KENDARI;MDG;AOi4260109055322295da6070;0;Anomaly;
202603;AREA 4;SULAWESI;KENDARI;MDG;AOi4260103081008765c48160;0;Anomaly;
202603;AREA 4;SULAWESI;MAKASSAR;MAT;AOi42601290844156015784c0;0;Anomaly;
202603;AREA 4;SULAWESI;MAKASSAR;MAT;AOi4260130104423379d84490;0;Anomaly;
202603;AREA 4;SULAWESI;MAKASSAR;MAT;AOi1260107035100740fc12f0;0;Anomaly;
202603;AREA 4;MALUKU DAN PAPUA;AMBON;ABO;AOk42601190820432069a89c0;0;Anomaly;
202603;AREA 4;MALUKU DAN PAPUA;AMBON;ABO;AOi426012812061537971b250;0;Anomaly;
202603;AREA 4;MALUKU DAN PAPUA;AMBON;ABO;AOi4260106080742969ff1d90;0;Anomaly;
202603;AREA 4;KALIMANTAN;BALIKPAPAN;SEP;AOi42601270900233505a7600;0;Anomaly;
202603;AREA 4;KALIMANTAN;BALIKPAPAN;SEP;AOi4260108024305779616680;0;Anomaly;
202603;AREA 4;KALIMANTAN;BALIKPAPAN;SEP;AOi4260124061319250a0ad80;0;Anomaly;-23,15
202603;AREA 4;KALIMANTAN;BALIKPAPAN;SEP;AOi4260124061319250a0ad80;0;Anomaly;
202603;AREA 4;KALIMANTAN;BALIKPAPAN;KBG;AOi42601170922477169422c0;0;Anomaly;
202603;AREA 4;KALIMANTAN;BALIKPAPAN;KBG;AOi4260107112601300eb8600;0;Anomaly;
202603;AREA 4;MALUKU DAN PAPUA;SORONG;MWR;AOi4260109055603023a564a0;0;Anomaly;
202603;AREA 4;KALIMANTAN;BALIKPAPAN;PTG;AOi42601160232382823862a0;0;Anomaly;
202603;AREA 4;MALUKU DAN PAPUA;AMBON;ABO;AOi4260127084922898b1d6b0;0;Anomaly;
202603;AREA 4;MALUKU DAN PAPUA;AMBON;ABO;AOi4260107082357735c6f670;0;Anomaly;
202603;AREA 4;SULAWESI;PALU;PSO;AOi4260116021029374b7cb40;0;Anomaly;
202603;AREA 4;SULAWESI;PALU;PSO;AOi426012505261967359c0e0;0;Anomaly;
202603;AREA 4;SULAWESI;PALU;PSO;AOk4260125121533728b62e80;0;Anomaly;
202603;AREA 4;KALIMANTAN;PONTIANAK;SRY;AOi426012808484027037a5e0;0;Anomaly;
202603;AREA 4;KALIMANTAN;PONTIANAK;SRY;AOk4260124102618335e9ccf0;0;Anomaly;
202603;AREA 4;MALUKU DAN PAPUA;SORONG;SON;AOk42601020112088294399a0;0;Anomaly;
202603;AREA 4;MALUKU DAN PAPUA;SORONG;SON;AOi42601290715059292cbfa0;0;Anomaly;
202603;AREA 4;KALIMANTAN;BALIKPAPAN;PTG;AOi42601261058186324cb1b0;0;Anomaly;
202603;AREA 4;KALIMANTAN;BALIKPAPAN;PTG;AOi4260112060735668462240;0;Anomaly;
202603;AREA 4;KALIMANTAN;PALANGKARAYA;PYM;AOi426010802074642001b7f0;0;Anomaly;
202603;AREA 4;MALUKU DAN PAPUA;AMBON;NML;AOi42601110937510026b72e0;0;Anomaly;
202603;AREA 4;SULAWESI;GORONTALO;MRS;AOi4260128065520902f20ca0;0;Anomaly;
202603;AREA 4;SULAWESI;GORONTALO;MRS;AOi4260122062855968ee6390;0;Anomaly;-66,62
202603;AREA 4;MALUKU DAN PAPUA;SORONG;BTI;AOi126011409381873472d0b0;0;Anomaly;
202603;AREA 4;KALIMANTAN;BANJARMASIN;STI;AOi4261230052244988feec40;0;Anomaly;
202603;AREA 4;KALIMANTAN;BANJARMASIN;STI;AOi1260114095413011492bf0;0;Anomaly;
202603;AREA 4;MALUKU DAN PAPUA;SORONG;SON;AOi4260104122306845680c50;0;Anomaly;
202603;AREA 4;MALUKU DAN PAPUA;SORONG;SON;AOi4260123101126012bc0560;0;Anomaly;
202603;AREA 4;MALUKU DAN PAPUA;SORONG;SON;AOi42601091005147481296c0;0;Anomaly;
202603;AREA 4;MALUKU DAN PAPUA;SORONG;SON;AOi4260121050004945ef0010;0;Anomaly;
202603;AREA 4;MALUKU DAN PAPUA;SORONG;SON;AOi4260120091953326393410;0;Anomaly;
202603;AREA 4;KALIMANTAN;BANJARMASIN;AMT;AOi4261230093609388c76b90;0;Anomaly;
202603;AREA 4;KALIMANTAN;BANJARMASIN;AMT;AOi4260109063700417c60360;0;Anomaly;
202603;AREA 4;SULAWESI;MAKASSAR;PKN;AOi4261230024355118d95ec0;0;Anomaly;
202603;AREA 4;KALIMANTAN;PONTIANAK;SRD;AOi4260105014948450c778a0;0;Anomaly;
202603;AREA 4;KALIMANTAN;BANJARMASIN;STI;AOi4260125113405438c45750;0;Anomaly;
202603;AREA 4;KALIMANTAN;BALIKPAPAN;AGN;AOi12601190409331187a2250;0;Anomaly;
202603;AREA 4;KALIMANTAN;SAMARINDA;SBR;AOi4260118070436081adcec0;0;Anomaly;
202603;AREA 4;KALIMANTAN;SAMARINDA;SBR;AOi42601180406264063aeed0;0;Anomaly;-2,90
202603;AREA 4;MALUKU DAN PAPUA;AMBON;PAO;AOi4260120022803161591780;0;Anomaly;
202603;AREA 4;KALIMANTAN;PALANGKARAYA;KRI;AOi426011908420191521e600;0;Anomaly;
202603;AREA 4;KALIMANTAN;SAMARINDA;BLN;AOi4260130121445817eb9080;0;Anomaly;
202603;AREA 4;KALIMANTAN;SAMARINDA;BLN;AOb02601041144425754993d0;0;Anomaly;
202603;AREA 4;SULAWESI;BONE;BLK;AOi4260103050235092c23ed0;0;Anomaly;
202603;AREA 4;KALIMANTAN;BANJARMASIN;MTP;AOi4260116094343545daf950;0;Anomaly;
202603;AREA 4;KALIMANTAN;BANJARMASIN;MTP;AOi42601230139207626c2c30;0;Anomaly;
202603;AREA 4;KALIMANTAN;BANJARMASIN;MTP;AOi42601300222244505c8eb0;0;Anomaly;
202603;AREA 4;KALIMANTAN;BANJARMASIN;MTP;AOi4260102022604570e95100;0;Anomaly;
202603;AREA 4;KALIMANTAN;BANJARMASIN;MTP;AOi1260114051815373092f20;0;Anomaly;
202603;AREA 4;SULAWESI;MAKASSAR;TMA;PDAk42612300824164124036e0;0;Anomaly;
202603;AREA 4;SULAWESI;MAKASSAR;BAL;AOi4260115103104327463a90;0;Anomaly;
202603;AREA 4;KALIMANTAN;PONTIANAK;PUT;AOi4260110093356984330520;0;Anomaly;
202603;AREA 4;SULAWESI;BONE;WTP;AOi42601061205272291857c0;0;Anomaly;
202603;AREA 4;SULAWESI;KENDARI;BBU;AOi4260119063418136daf990;0;Anomaly;
202603;AREA 4;SULAWESI;KENDARI;BBU;AOi4260116070631306389700;0;Anomaly;
202603;AREA 4;KALIMANTAN;PANGKALAN BUN;KTP;AOi426011503503605252d4f0;0;Anomaly;
202603;AREA 4;KALIMANTAN;BANJARMASIN;TJL;AOi42601160519546501707e0;0;Anomaly;
202603;AREA 4;KALIMANTAN;SAMARINDA;KOB;AOi4260121011317598054020;0;Anomaly;
202603;AREA 4;KALIMANTAN;TARAKAN;SNY;AOi42601220224476496a3890;0;Anomaly;
202603;AREA 4;MALUKU DAN PAPUA;SORONG;WMR;AOi426011310160253836bd20;0;Anomaly;
202603;AREA 4;SULAWESI;MAKASSAR;BAL;PDAk4261230063638962a39a90;0;Anomaly;
202603;AREA 4;SULAWESI;MAKASSAR;BAL;AOi42601290645503475118f0;0;Anomaly;
202603;AREA 4;SULAWESI;MAKASSAR;BAL;AOs326011902285576360dbe0;0;Anomaly;
202603;AREA 4;SULAWESI;MAKASSAR;BAL;AOi426010607045717320da40;0;Anomaly;
202603;AREA 4;MALUKU DAN PAPUA;SORONG;MWR;AOi42601311031304676ccd10;0;Anomaly;
202603;AREA 4;MALUKU DAN PAPUA;SORONG;MWR;AOi42601070412177479831a0;0;Anomaly;
202603;AREA 4;MALUKU DAN PAPUA;SORONG;MWR;AOi4260108041656768cb66b0;0;Anomaly;
202603;AREA 4;MALUKU DAN PAPUA;SORONG;MWR;AOi4260115023553094045ed0;0;Anomaly;
202603;AREA 4;MALUKU DAN PAPUA;SORONG;MWR;AOi4260109020901467766a60;0;Comply;-53,02
202603;AREA 4;MALUKU DAN PAPUA;SORONG;WMR;AOi426011403094399366c250;0;Anomaly;
202603;AREA 4;KALIMANTAN;PALANGKARAYA;PLK;AOi4260107123737614674ef0;0;Anomaly;
202603;AREA 4;SULAWESI;PALU;TOL;AOi4261231031045958169570;0;Anomaly;
202603;AREA 4;KALIMANTAN;PANGKALAN BUN;PBU;AOi4260104125029913faad90;0;Anomaly;
202603;AREA 4;KALIMANTAN;PANGKALAN BUN;PBU;AOi4260123051059410d863c0;0;Anomaly;
202603;AREA 4;KALIMANTAN;PANGKALAN BUN;PBU;AOi4260102104044538781000;0;Anomaly;
202603;AREA 4;KALIMANTAN;BALIKPAPAN;LIK;AOi4260108030800355cbeba0;0;Anomaly;24,50
202603;AREA 4;KALIMANTAN;PALANGKARAYA;PRC;AOi4260118033319874629990;0;Anomaly;
202603;AREA 4;MALUKU DAN PAPUA;SORONG;MWR;AOi42601220435560875a1bf0;0;Anomaly;
202603;AREA 4;MALUKU DAN PAPUA;SORONG;MWR;AOk42601171223026912f70f0;0;Anomaly;
202603;AREA 4;MALUKU DAN PAPUA;SORONG;MWR;AOi4260107041047741caab10;0;Anomaly;
202603;AREA 4;MALUKU DAN PAPUA;JAYAPURA;BIA;AOi4260118015005663607bb0;0;Anomaly;
202603;AREA 4;MALUKU DAN PAPUA;JAYAPURA;JAP;AOi4260126070633256c68f30;0;Anomaly;
202603;AREA 4;MALUKU DAN PAPUA;JAYAPURA;JAP;AOs32601210744449693987e0;0;Anomaly;
202603;AREA 4;MALUKU DAN PAPUA;JAYAPURA;JAP;AOi4260130020925670e765f0;0;Anomaly;
202603;AREA 4;MALUKU DAN PAPUA;JAYAPURA;JAP;AOi42601070237300099bca20;0;Anomaly;
202603;AREA 4;KALIMANTAN;PALANGKARAYA;PRC;AOi4260126122942914b9e950;0;Anomaly;
202603;AREA 4;KALIMANTAN;BANJARMASIN;BLC;AOi42601080105575184bf630;0;Anomaly;
202603;AREA 4;MALUKU DAN PAPUA;JAYAPURA;JAP;AOi42601210832460774af970;0;Anomaly;
202603;AREA 4;KALIMANTAN;SAMARINDA;PLL;AOi42601260846341955cdde0;0;Anomaly;
202603;AREA 4;SULAWESI;BONE;SID;AOk4260112021659863940d10;0;Anomaly;
202603;AREA 4;MALUKU DAN PAPUA;TIMIKA;MRK;AOi4260108023614102905b50;0;Anomaly;
202603;AREA 4;MALUKU DAN PAPUA;AMBON;TUA;AOi4260128025128657d4aaa0;0;Anomaly;
202603;AREA 4;KALIMANTAN;BANJARMASIN;ULI;AOi4260127070449822f934e0;0;Anomaly;
202603;AREA 4;KALIMANTAN;BANJARMASIN;ULI;AOk4260114083839263a097b0;0;Anomaly;
202603;AREA 4;KALIMANTAN;BANJARMASIN;ULI;AOi4260122102003742916cf0;0;Anomaly;
202603;AREA 4;KALIMANTAN;BANJARMASIN;ULI;AOi4260127014956756bc1f10;0;Anomaly;
202603;AREA 4;SULAWESI;PARE-PARE;MAS;AOi42601130426003262d75f0;0;Anomaly;
202603;AREA 4;KALIMANTAN;BANJARMASIN;LUL;AOi42601010318364819464b0;0;Anomaly;
202603;AREA 4;KALIMANTAN;BANJARMASIN;LUL;AOi42601040336269138d2930;0;Anomaly;
202603;AREA 4;KALIMANTAN;BANJARMASIN;LUL;PDAk426011910485232843d8c0;0;Anomaly;
202603;AREA 4;KALIMANTAN;BANJARMASIN;LUL;PDAk426123006152404773c7a0;0;Anomaly;
202603;AREA 4;KALIMANTAN;BANJARMASIN;LUL;AOk426010502242936802ec60;0;Anomaly;
202603;AREA 4;KALIMANTAN;PONTIANAK;SGU;AOk4260120040517281c28600;0;Anomaly;
202603;AREA 4;KALIMANTAN;SAMARINDA;TMD;AOk4260115033236095dfc730;0;Comply;0,42
202603;AREA 4;KALIMANTAN;SAMARINDA;TMD;AOi42601141140525949cc630;0;Anomaly;
202603;AREA 4;MALUKU DAN PAPUA;SORONG;FFA;AOs326012008312847255a1a0;0;Anomaly;
202603;AREA 4;MALUKU DAN PAPUA;SORONG;FFA;AOs3260122041837345d5fe30;0;Anomaly;
202603;AREA 4;SULAWESI;MAKASSAR;SUG;AOi4260109071607818c552b0;0;Anomaly;
202603;AREA 4;SULAWESI;PALU;APN;AOk4260107042904871c71760;0;Anomaly;
202603;AREA 4;KALIMANTAN;PONTIANAK;SNW;AOi4260105014157679e74790;0;Comply;-0,89
202603;AREA 4;KALIMANTAN;SAMARINDA;SGK;AOi4260101083600672a7a520;0;Comply;-0,13
202603;AREA 4;KALIMANTAN;SAMARINDA;SGK;AOi42601250118136393032a0;0;Comply;-1,16
202603;AREA 4;KALIMANTAN;BANJARMASIN;PGT;AOi4261229090114041afff60;0;Anomaly;
202603;AREA 4;KALIMANTAN;BANJARMASIN;PGT;AOi4261229090114041afff60;0;Anomaly;
202603;AREA 4;KALIMANTAN;SAMARINDA;LOB;AOk42601051258259181e8c50;0;Anomaly;
202603;AREA 4;KALIMANTAN;SAMARINDA;LOB;AOi4260115065010817e2f610;0;Comply;-1,33
202603;AREA 4;KALIMANTAN;SAMARINDA;LOB;AOk42601140141038373aca90;0;Anomaly;
202603;AREA 4;KALIMANTAN;SAMARINDA;LOB;AOi42601071102523347c9740;0;Anomaly;
202603;AREA 4;KALIMANTAN;SAMARINDA;LOB;AOi4260126074952221d76b10;0;Comply;-20,26
202603;AREA 4;KALIMANTAN;TARAKAN;TSL;AOi1260108080016874146bf0;0;Anomaly;
202603;AREA 4;KALIMANTAN;TARAKAN;TSL;AOi4260128051022288632ef0;0;Anomaly;
202603;AREA 4;KALIMANTAN;TARAKAN;TSL;AOk42601200748188035b76d0;0;Anomaly;
202603;AREA 4;KALIMANTAN;TARAKAN;TSL;AOk4260120082636839c6a9e0;0;Comply;-44,15
202603;AREA 4;KALIMANTAN;TARAKAN;TSL;AOk426011404174635633b9c0;0;Anomaly;
202603;AREA 4;SULAWESI;BONE;SKG;AOi4260127042629470ccf9c0;0;Anomaly;
202603;AREA 4;KALIMANTAN;PONTIANAK;SAO;AOs3260105014350944b95e70;0;Anomaly;
202603;AREA 4;KALIMANTAN;PONTIANAK;SAO;AOi1260103083232044b136e0;0;Comply;-14,49
202603;AREA 4;KALIMANTAN;PONTIANAK;SAO;AOi426012912122139806a940;0;Anomaly;
202603;AREA 4;KALIMANTAN;PONTIANAK;SAO;AOi42601281213496818f5540;0;Anomaly;
202603;AREA 4;KALIMANTAN;PONTIANAK;SAO;AOi4260120081541804b78ff0;0;Comply;-6,48
202603;AREA 4;KALIMANTAN;PONTIANAK;SAO;AOi1260111031058108270a00;0;Anomaly;
202603;AREA 4;KALIMANTAN;PONTIANAK;SAO;AOi4260107010235075241430;0;Comply;-2,88
202603;AREA 4;KALIMANTAN;BALIKPAPAN;KTB;AOi4260102020656309fc13b0;0;Comply;-6,39
202603;AREA 4;KALIMANTAN;BALIKPAPAN;KTB;AOi42601311038000762173f0;0;Comply;-14,59
202603;AREA 4;KALIMANTAN;BALIKPAPAN;KTB;AOs32601030347250745dbe70;0;Anomaly;
202603;AREA 4;KALIMANTAN;BALIKPAPAN;KTB;PDAk42601150424464664587f0;0;Comply;0,29
202603;AREA 4;KALIMANTAN;BANJARMASIN;PLE;AOi4260108020320756e971c0;0;Comply;-26,36
202603;AREA 4;KALIMANTAN;BANJARMASIN;PLE;AOi42601220206076329d7da0;0;Anomaly;
202603;AREA 4;KALIMANTAN;BALIKPAPAN;GSA;AOi4260112101423096963900;0;Anomaly;
202603;AREA 4;KALIMANTAN;BALIKPAPAN;GSA;AOi1260116073240562286b70;0;Anomaly;
202603;AREA 4;KALIMANTAN;BALIKPAPAN;GSA;AOi1260102040144058eb6040;0;Anomaly;
202603;AREA 4;KALIMANTAN;BANJARMASIN;KPL;AOi42601270801023490fc150;0;Anomaly;
202603;AREA 4;KALIMANTAN;SAMARINDA;SBR;AOk4260107092237254cbb2e0;0;Comply;-1,64
202603;AREA 4;KALIMANTAN;SAMARINDA;SBR;AOi42601131202297079c44c0;0;Anomaly;
202603;AREA 4;KALIMANTAN;SAMARINDA;SBR;AOb0260110014818663dc8f30;0;Comply;-4,04
202603;AREA 4;KALIMANTAN;TARAKAN;TAJ;AOi4260120070956170857630;0;Anomaly;
202603;AREA 4;KALIMANTAN;TARAKAN;TAJ;AOi4260118111002970815200;0;Anomaly;
202603;AREA 4;MALUKU DAN PAPUA;SORONG;TMB;AOi42601081101568915ecac0;0;Anomaly;
202603;AREA 4;KALIMANTAN;SAMARINDA;PAA;PDAk426123102321822571c6f0;0;Comply;-3,93
202603;AREA 4;KALIMANTAN;SAMARINDA;PAA;AOi42601111248282874d3360;0;Comply;-2,33
202603;AREA 4;SULAWESI;MAKASSAR;MAL;AOi4260104025751545266a20;0;Anomaly;
202603;AREA 4;KALIMANTAN;BANJARMASIN;STI;AOi4260108020058249d71c60;0;Anomaly;
202603;AREA 4;KALIMANTAN;BANJARMASIN;BRI;AOi42601050238383874cecf0;0;Anomaly;
202603;AREA 4;KALIMANTAN;SAMARINDA;SBR;AOi42601160641492229c5f50;0;Comply;-4,10
202603;AREA 4;KALIMANTAN;SAMARINDA;SBR;AOi12601020137065916f04b0;0;Anomaly;
202603;AREA 4;KALIMANTAN;SAMARINDA;SBR;AOi42601020451389029b7e20;0;Anomaly;
202603;AREA 4;KALIMANTAN;BANJARMASIN;RTA;AOi4260125082204346b13950;0;Anomaly;
202603;AREA 4;SULAWESI;KENDARI;UNH;AOi42601240133283599fff80;0;Anomaly;
202603;AREA 4;SULAWESI;KENDARI;UNH;AOi4260119120859900a45ed0;0;Anomaly;
202603;AREA 4;SULAWESI;MANADO;SFI;AOi42601290816294712727d0;0;Anomaly;
202603;AREA 4;SULAWESI;GORONTALO;GTL;AOi42612310908416556a63d0;0;Anomaly;
202603;AREA 4;SULAWESI;GORONTALO;GTL;AOi426010511244795273d1b0;0;Anomaly;
202603;AREA 4;KALIMANTAN;PALANGKARAYA;MTW;AOi4260126084158933239b00;0;Comply;-18,71
202603;AREA 4;SULAWESI;GORONTALO;MRS;AOi42601251153165263d20f0;0;Anomaly;
202603;AREA 4;KALIMANTAN;PONTIANAK;STG;AOi4260126084753441ad80e0;0;Anomaly;
202603;AREA 4;SULAWESI;BONE;WTP;AOi4260106084730357326e70;0;Anomaly;
202603;AREA 4;SULAWESI;BONE;WTP;AOi4260121111632196503ae0;0;Anomaly;
202603;AREA 4;KALIMANTAN;PANGKALAN BUN;KMI;AOi4260106121027147286ab0;0;Comply;-1,80
202603;AREA 4;KALIMANTAN;TARAKAN;TRD;AOi4261231103522859085f00;0;Anomaly;
202603;AREA 4;KALIMANTAN;TARAKAN;TRD;AOi4260120041935096535ee0;0;Anomaly;
202603;AREA 4;KALIMANTAN;TARAKAN;TRD;AOi42601141010145903c27a0;0;Anomaly;
202603;AREA 4;KALIMANTAN;TARAKAN;TRD;AOi4260125110423264241980;0;Comply;-0,74
202603;AREA 4;SULAWESI;MANADO;PIK;AOi426010907210317630e990;0;Anomaly;
202603;AREA 4;SULAWESI;MANADO;PIK;AOi4260113035319331b9df00;0;Anomaly;
202603;AREA 4;SULAWESI;MANADO;PIK;AOi12601220658105222314d0;0;Anomaly;
202603;AREA 4;SULAWESI;MANADO;PIK;AOi4260114103738517ebbe00;0;Anomaly;
202603;AREA 4;KALIMANTAN;BANJARMASIN;GMB;AOi4260123083530993c78ea0;0;Comply;-21,93
202603;AREA 4;KALIMANTAN;SAMARINDA;STT;AOi4260127074033707d49c20;0;Comply;-0,89
202603;AREA 4;KALIMANTAN;SAMARINDA;STT;AOi4260105052551582e745b0;0;Anomaly;
202603;AREA 4;KALIMANTAN;SAMARINDA;STT;AOi4260126084011277aac1b0;0;Anomaly;
202603;AREA 4;KALIMANTAN;SAMARINDA;STT;AOk4260123021256375084720;0;Anomaly;
202603;AREA 4;SULAWESI;MAKASSAR;JNP;AOi42601080839488176abc10;0;Anomaly;
202603;AREA 4;MALUKU DAN PAPUA;JAYAPURA;ABE;AOi426012205000321234c7a0;0;Anomaly;
202603;AREA 4;MALUKU DAN PAPUA;JAYAPURA;ABE;AOi4260117021838245bd0b30;0;Anomaly;
202603;AREA 4;MALUKU DAN PAPUA;JAYAPURA;JPB;AOi4260106082543857e38110;0;Anomaly;
202603;AREA 4;MALUKU DAN PAPUA;JAYAPURA;JPB;AOi4260115013514282c305c0;0;Anomaly;
202603;AREA 4;SULAWESI;MAKASSAR;BAR;AOi4260113081611476fac7b0;0;Anomaly;
202603;AREA 4;MALUKU DAN PAPUA;AMBON;NML;AOi4260108063031387aa02b0;0;Comply;-2,92
202603;AREA 4;SULAWESI;MAKASSAR;ANT;AOs3260116052106864552430;0;Anomaly;
202603;AREA 4;KALIMANTAN;TARAKAN;NNK;AOi4260111111138468679a90;0;Anomaly;
202603;AREA 4;KALIMANTAN;PONTIANAK;STG;AOi42601310754591868e2cb0;0;Anomaly;
202603;AREA 4;KALIMANTAN;BALIKPAPAN;TGG;AOs3260124124104484d18b00;0;Comply;-19,48
202603;AREA 4;KALIMANTAN;BALIKPAPAN;TGG;PDAk426010210175189857b090;0;Anomaly;
202603;AREA 4;KALIMANTAN;BALIKPAPAN;TGG;AOi4260119111509326300900;0;Comply;-19,38
202603;AREA 4;KALIMANTAN;TARAKAN;JWT;AOk4260107012149869ac0bb0;0;Anomaly;
202603;AREA 4;KALIMANTAN;TARAKAN;JWT;AOi42601070758461587b3770;0;Anomaly;
202603;AREA 4;KALIMANTAN;TARAKAN;JWT;AOk42601121147480577d8f50;0;Anomaly;
202603;AREA 4;KALIMANTAN;BALIKPAPAN;MLA;AOi4260106084039189411bc0;0;Anomaly;
202603;AREA 4;KALIMANTAN;BALIKPAPAN;MLA;AOi42601290929448891fac20;0;Anomaly;
202603;AREA 4;KALIMANTAN;BALIKPAPAN;MLA;AOs3260123112917304d30ab0;0;Anomaly;
202603;AREA 4;KALIMANTAN;PONTIANAK;NGG;AOi42601071154290829d9970;0;Comply;0,57
202603;AREA 4;KALIMANTAN;SAMARINDA;SEM;AOk42601201243559209ddb70;0;Anomaly;
202603;AREA 4;KALIMANTAN;SAMARINDA;SEM;AOi4260128113550948ea0240;0;Comply;-22,87
202603;AREA 4;KALIMANTAN;BANJARMASIN;MRB;AOi4260108122227330303bf0;0;Anomaly;
202603;AREA 4;KALIMANTAN;BALIKPAPAN;GSA;PDAk426010912212791660d7d0;0;Anomaly;
202603;AREA 4;KALIMANTAN;BALIKPAPAN;MGG;AOi42601101026547509210a0;0;Anomaly;
202603;AREA 4;SULAWESI;MAKASSAR;PNK;AOb026012507411870920dce0;0;Anomaly;
202603;AREA 4;SULAWESI;MAKASSAR;PNK;AOi42601100754203668e7f10;0;Anomaly;
202603;AREA 4;SULAWESI;MAKASSAR;PNK;AOi42601130843361534ceb70;0;Anomaly;
202603;AREA 4;SULAWESI;MAKASSAR;PNK;AOi4260106093024830d1e1f0;0;Anomaly;
202603;AREA 4;KALIMANTAN;PALANGKARAYA;KKN;AOi4260128125049547214470;0;Comply;2,12
202603;AREA 4;KALIMANTAN;PALANGKARAYA;KKN;AOi42601270657476236bf7d0;0;Comply;-2,87
202603;AREA 4;KALIMANTAN;PALANGKARAYA;KKN;AOi4260106053747072760c20;0;Anomaly;
202603;AREA 4;SULAWESI;MANADO;AMD;AOs3260120064114540289090;0;Anomaly;
202603;AREA 4;SULAWESI;PARE-PARE;RTP;AOi4260110093914958800110;0;Anomaly;
202603;AREA 4;SULAWESI;PARE-PARE;RTP;AOi4260121062623164feb730;0;Anomaly;
202603;AREA 4;SULAWESI;BONE;SIN;AOk4260115020321011cc9a20;0;Anomaly;
202603;AREA 4;SULAWESI;MANADO;BIT;AOi4260102101322612007b00;0;Anomaly;
202603;AREA 4;SULAWESI;MANADO;BIT;AOi42601190648149962fafb0;0;Anomaly;
202603;AREA 4;SULAWESI;MANADO;BIT;AOi42601060143196171807f0;0;Anomaly;
202603;AREA 4;SULAWESI;MANADO;BIT;AOi4260102101322612007b00;0;Anomaly;
202603;AREA 4;SULAWESI;GORONTALO;GTL;AOi4260128011848797426970;0;Anomaly;
202603;AREA 4;MALUKU DAN PAPUA;AMBON;PAO;AOk4260128101254203c10400;0;Anomaly;
202603;AREA 4;MALUKU DAN PAPUA;AMBON;PAO;AOi4261231090600857f5ca10;0;Anomaly;
202603;AREA 4;MALUKU DAN PAPUA;AMBON;PAO;AOi4260110090124147241550;0;Anomaly;
202603;AREA 4;KALIMANTAN;BALIKPAPAN;MJW;AOi4260127125833025bcb300;0;Anomaly;
202603;AREA 4;KALIMANTAN;BALIKPAPAN;BRU;AOi426012710414876353c930;0;Anomaly;
202603;AREA 4;KALIMANTAN;BALIKPAPAN;BRU;AOs326012811301683707c3a0;0;Anomaly;
202603;AREA 4;KALIMANTAN;BALIKPAPAN;BRU;AOi12601280304579253285b0;0;Anomaly;
202603;AREA 4;KALIMANTAN;BALIKPAPAN;BRU;AOs3260108061709784cf2760;0;Anomaly;
202603;AREA 4;MALUKU DAN PAPUA;JAYAPURA;ABE;AOi42601141029420471bf2e0;0;Anomaly;
202603;AREA 4;MALUKU DAN PAPUA;JAYAPURA;ABE;AOk42601260507264779f05f0;0;Anomaly;
202603;AREA 4;KALIMANTAN;PONTIANAK;PTK;AOi42601280749585951a8840;0;Anomaly;
202603;AREA 4;KALIMANTAN;PONTIANAK;PTK;AOs326010809080132448ad90;0;Anomaly;
202603;AREA 4;KALIMANTAN;PONTIANAK;PTK;AOi4260127084016325cb3f60;0;Anomaly;
202603;AREA 4;KALIMANTAN;PANGKALAN BUN;KTP;AOi42601050728325274629d0;0;Comply;-22,19
202603;AREA 4;KALIMANTAN;PANGKALAN BUN;KTP;AOi426012111303144024ab90;0;Comply;-21,68
202603;AREA 4;KALIMANTAN;PANGKALAN BUN;KTP;AOi4260118081618119105c50;0;Anomaly;
202603;AREA 4;MALUKU DAN PAPUA;JAYAPURA;SRM;AOk4260123102342476de24c0;0;Anomaly;
202603;AREA 4;KALIMANTAN;PANGKALAN BUN;SAI;AOk4260114031745376f54aa0;0;Comply;2,24
202603;AREA 4;KALIMANTAN;PANGKALAN BUN;SAI;AOi4260102025313296503ad0;0;Anomaly;
202603;AREA 4;KALIMANTAN;TARAKAN;TBY;AOi42601070922439672643e0;0;Anomaly;
202603;AREA 4;KALIMANTAN;TARAKAN;TBY;AOi42601121146434150e57b0;0;Anomaly;
202603;AREA 4;SULAWESI;PALU;PLB;AOi426123003263362254e950;0;Anomaly;
202603;AREA 4;SULAWESI;PALU;PLB;AOi4260131030942680bdbe90;0;Anomaly;
202603;AREA 4;SULAWESI;PALU;PLB;AOi42601270436277897a4520;0;Anomaly;
202603;AREA 4;SULAWESI;PALU;PLA;AOb02601020812228591b28f0;0;Anomaly;
202603;AREA 4;KALIMANTAN;BALIKPAPAN;BAM;AOb0260116021953469d54710;0;Anomaly;
202603;AREA 4;KALIMANTAN;BALIKPAPAN;BAM;AOi4260108033427498090320;0;Anomaly;
202603;AREA 4;KALIMANTAN;TARAKAN;MLN;AOi42601020230328483d3bb0;0;Anomaly;
202603;AREA 4;KALIMANTAN;SAMARINDA;SMR;AOi4260104023041171548eb0;0;Comply;-1,67
202603;AREA 4;KALIMANTAN;SAMARINDA;SMR;AOi42601211213296061fa1c0;0;Comply;-5,01
202603;AREA 4;KALIMANTAN;SAMARINDA;SMR;AOk4260105111310286683d10;0;Anomaly;
202603;AREA 4;KALIMANTAN;SAMARINDA;SMR;AOi4260125042801238743060;0;Anomaly;
202603;AREA 4;KALIMANTAN;TARAKAN;LNN;AOi42601070749200587ff930;0;Anomaly;
202603;AREA 4;KALIMANTAN;TARAKAN;LNN;AOi426010601375654736a2a0;0;Anomaly;
202603;AREA 4;SULAWESI;PALU;TWL;AOi4260123021754149d77750;0;Anomaly;
202603;AREA 4;SULAWESI;PARE-PARE;MMS;AOi426012609084655665ce60;0;Anomaly;
202603;AREA 4;MALUKU DAN PAPUA;TIMIKA;TIM;AOi4260119080426574240d60;0;Anomaly;
202603;AREA 4;KALIMANTAN;TARAKAN;TRK;AOi426012203014407268eeb0;0;Anomaly;
202603;AREA 4;KALIMANTAN;TARAKAN;TRK;AOk42601200953226956ce3b0;0;Anomaly;
202603;AREA 4;KALIMANTAN;TARAKAN;TRK;AOk4260105102521728255980;0;Anomaly;
202603;AREA 4;KALIMANTAN;BANJARMASIN;PGN;AOi4261231094939872df88d0;0;Anomaly;
202603;AREA 4;KALIMANTAN;BANJARMASIN;PGN;AOi4260107103442345e50680;0;Anomaly;
202603;AREA 4;KALIMANTAN;BANJARMASIN;PGN;AOi4260111114629882f00500;0;Comply;-0,67
202603;AREA 4;KALIMANTAN;PALANGKARAYA;KKP;AOi426012009290541813a440;0;Comply;2,59
202603;AREA 4;KALIMANTAN;PALANGKARAYA;KKP;AOi42601100829272211bf670;0;Comply;-122,14
202603;AREA 4;KALIMANTAN;PALANGKARAYA;KKP;AOi4260112045941153c38d70;0;Comply;2,84
202603;AREA 4;MALUKU DAN PAPUA;JAYAPURA;SNI;AOi42601060307345997d7fa0;0;Anomaly;
202603;AREA 4;MALUKU DAN PAPUA;JAYAPURA;SNI;AOi4260129070908084c7c9f0;0;Anomaly;
202603;AREA 4;MALUKU DAN PAPUA;JAYAPURA;SNI;AOk426010307473756867f520;0;Anomaly;
202603;AREA 4;MALUKU DAN PAPUA;JAYAPURA;SNI;AOi1260129080047856c84640;0;Comply;-29,04
202603;AREA 4;MALUKU DAN PAPUA;AMBON;MSH;AOi4260127021607289985660;0;Anomaly;
202603;AREA 4;SULAWESI;MANADO;TNT;AOi42601141011425759ce6e0;0;Anomaly;
202603;AREA 4;SULAWESI;MANADO;TNT;AOs3260103112951553a06ad0;0;Anomaly;
202603;AREA 4;SULAWESI;GORONTALO;ISM;AOi4260112101524582fc89d0;0;Anomaly;
202603;AREA 4;MALUKU DAN PAPUA;JAYAPURA;WAE;AOi4260116054236591787f90;0;Anomaly;
202603;AREA 4;MALUKU DAN PAPUA;JAYAPURA;WAE;AOi4260118030914388b27e70;0;Anomaly;
202603;AREA 4;MALUKU DAN PAPUA;JAYAPURA;SRU;AOi42601100444548196c3210;0;Anomaly;
202603;AREA 4;MALUKU DAN PAPUA;JAYAPURA;SRU;AOi42601100427058128c6940;0;Anomaly;
202603;AREA 4;MALUKU DAN PAPUA;JAYAPURA;SRU;AOi42601100444548196c3210;0;Anomaly;
202603;AREA 4;KALIMANTAN;SAMARINDA;BOT;AOi4260110050420521b52c20;0;Anomaly;
202603;AREA 4;SULAWESI;GORONTALO;LBT;AOi4260108112051216b8ef70;0;Anomaly;
202603;AREA 4;SULAWESI;GORONTALO;LBT;AOi426010711372083474a180;0;Anomaly;
202603;AREA 4;MALUKU DAN PAPUA;AMBON;SML;AOi42601181159230708c9e00;0;Anomaly;
202603;AREA 4;KALIMANTAN;BANJARMASIN;BJM;AOi42601120850597545796e0;0;Comply;1,23
202603;AREA 4;KALIMANTAN;BANJARMASIN;BLC;AOi42601291246471229d5780;0;Anomaly;
202603;AREA 4;KALIMANTAN;BANJARMASIN;BLC;AOi4260127111535255fa6150;0;Anomaly;
202603;AREA 4;KALIMANTAN;BANJARMASIN;BLC;AOi42601090851127567ed350;0;Anomaly;
202603;AREA 4;KALIMANTAN;BANJARMASIN;BLC;AOk42601271121489624a50f0;0;Anomaly;
202603;AREA 4;KALIMANTAN;BANJARMASIN;BLC;AOi4260114104516160c38250;0;Anomaly;
202603;AREA 4;KALIMANTAN;BANJARMASIN;BLC;AOs3260130013433000e28810;0;Anomaly;
202603;AREA 4;KALIMANTAN;BANJARMASIN;BLC;AOi4260119015056725f1a0c0;0;Anomaly;
202603;AREA 4;KALIMANTAN;BANJARMASIN;BLC;AOi4260119110436443542c50;0;Anomaly;
202603;AREA 4;SULAWESI;KENDARI;KKA;AOi42601080129360944b2af0;0;Anomaly;
202603;AREA 4;SULAWESI;KENDARI;KKA;AOi4260107064157195f42bc0;0;Anomaly;
202603;AREA 4;SULAWESI;KENDARI;KKA;AOi4260127010657037bdfb10;0;Anomaly;
202603;AREA 4;KALIMANTAN;PANGKALAN BUN;PBU;AOi42601191132251952bdd10;0;Comply;0,10
202603;AREA 4;KALIMANTAN;PALANGKARAYA;BNT;AOi4260106124848548432f50;0;Anomaly;
202603;AREA 4;KALIMANTAN;PONTIANAK;STA;AOi4260122123647608829e20;0;Anomaly;
202603;AREA 4;KALIMANTAN;PONTIANAK;STA;AOi4260119052548628290560;0;Anomaly;
202603;AREA 4;KALIMANTAN;PONTIANAK;STA;AOi42601131118312362f59b0;0;Anomaly;
202603;AREA 4;SULAWESI;PARE-PARE;ENR;AOi4260120043742773bb5ca0;0;Anomaly;
202603;AREA 4;KALIMANTAN;SAMARINDA;LKT;AOi4260111052246781ada870;0;Anomaly;
202603;AREA 4;MALUKU DAN PAPUA;JAYAPURA;WAE;AOi42601120603099339112f0;0;Anomaly;
202603;AREA 4;KALIMANTAN;BANJARMASIN;BBR;AOk4260113020326281fdfb70;0;Anomaly;
202603;AREA 4;KALIMANTAN;BANJARMASIN;BBR;PDAk42601201103120302cc2f0;0;Anomaly;
202603;AREA 4;KALIMANTAN;BANJARMASIN;BBR;AOi42601110236225568de080;0;Anomaly;
202603;AREA 4;KALIMANTAN;BANJARMASIN;BBR;AOb0260110074010066dcabc0;0;Anomaly;
202603;AREA 4;SULAWESI;PALU;LWU;AOi426010303393710204d450;0;Anomaly;
202603;AREA 4;SULAWESI;PALU;LWU;AOi4260107063802178de44e0;0;Anomaly;
202603;AREA 4;MALUKU DAN PAPUA;SORONG;KIN;AOk4260126021048037aaefe0;0;Anomaly;
202603;AREA 4;KALIMANTAN;BANJARMASIN;BJM;AOi4261230115452660e1f8d0;0;Anomaly;
202603;AREA 4;KALIMANTAN;BANJARMASIN;BJM;AOi426123107242182945f5e0;0;Anomaly;
202603;AREA 4;KALIMANTAN;BANJARMASIN;BJM;AOi426011908370260266dc30;0;Anomaly;
202603;AREA 4;KALIMANTAN;BANJARMASIN;BJM;AOi4261230115452660e1f8d0;0;Anomaly;
202603;AREA 4;KALIMANTAN;BANJARMASIN;BJM;AOi4261231121042824fc7360;0;Anomaly;
202603;AREA 4;MALUKU DAN PAPUA;SORONG;RSK;AOi42601290622440761666e0;0;Anomaly;
202603;AREA 4;SULAWESI;MAKASSAR;TKA;AOi42601200244342598a2a70;0;Anomaly;
202603;AREA 4;SULAWESI;MAKASSAR;TKA;AOi42601050441090268b32d0;0;Anomaly;
202603;AREA 4;SULAWESI;MAKASSAR;TKA;AOi42601130258163937cd9a0;0;Anomaly;
202603;AREA 4;MALUKU DAN PAPUA;AMBON;TUA;AOk4260105013952510937dc0;0;Anomaly;
202603;AREA 4;SULAWESI;PALU;BKU;AOi426010501550085020a890;0;Anomaly;
202603;AREA 4;SULAWESI;PALU;BKU;AOi4260114121839000a0f6b0;0;Anomaly;
202603;AREA 4;KALIMANTAN;BANJARMASIN;ULI;AOi4260106024444305674530;0;Anomaly;
202603;AREA 4;SULAWESI;PARE-PARE;MAS;AOk42601060203444849faa00;0;Anomaly;
202603;AREA 4;SULAWESI;PARE-PARE;MAS;AOi42601130426003262d75f0;0;Anomaly;
202603;AREA 4;SULAWESI;PARE-PARE;MAS;AOi4260107112841959d0e540;0;Anomaly;
202603;AREA 4;SULAWESI;PALU;DGL;AOi4260112073725920a25430;0;Anomaly;
202603;AREA 4;SULAWESI;PALU;DGL;AOi4260124040428901b7c060;0;Anomaly;
202603;AREA 4;KALIMANTAN;PONTIANAK;SPY;AOi42601230654150713a2b20;0;Anomaly;
202603;AREA 4;SULAWESI;KENDARI;MDG;AOi4260106082514351440280;0;Anomaly;
202603;AREA 4;SULAWESI;KENDARI;MDG;AOi42601161254014475fd400;0;Anomaly;
202603;AREA 4;SULAWESI;KENDARI;MDG;AOi4260102120549898862ff0;0;Anomaly;
202603;AREA 4;SULAWESI;KENDARI;MDG;AOi4260123110109868855ab0;0;Anomaly;
202603;AREA 4;SULAWESI;KENDARI;MDG;AOk4260102010030528efd010;0;Anomaly;
202603;AREA 4;SULAWESI;KENDARI;MDG;AOi42601030344563683a1dc0;0;Anomaly;
202603;AREA 4;SULAWESI;KENDARI;MDG;AOi4260109014145266f5bf30;0;Anomaly;
202603;AREA 4;SULAWESI;KENDARI;MDG;AOi4260109085419693bc4310;0;Anomaly;
202603;AREA 4;SULAWESI;KENDARI;MDG;AOi4261231033139246945df0;0;Anomaly;
202603;AREA 4;SULAWESI;KENDARI;MDG;AOi4260106081042958d82430;0;Anomaly;
202603;AREA 4;SULAWESI;KENDARI;MDG;AOi42601220340448928f1860;0;Anomaly;
202603;AREA 4;SULAWESI;MAKASSAR;MAT;AOi4260115013629055a02110;0;Anomaly;
202603;AREA 4;SULAWESI;MAKASSAR;MAT;AOs3260123102524705355ae0;0;Anomaly;
202603;AREA 4;SULAWESI;MAKASSAR;MAT;AOi426011204103329136b0b0;0;Anomaly;
202603;AREA 4;SULAWESI;MAKASSAR;MAT;AOi4260130080626254e62d10;0;Anomaly;
202603;AREA 4;SULAWESI;MAKASSAR;MAT;PDAk4261231090712510006840;0;Anomaly;
202603;AREA 4;SULAWESI;MAKASSAR;MAT;AOi1260121063751628f5c2e0;0;Anomaly;
202603;AREA 4;SULAWESI;MAKASSAR;MAT;AOi42601140814557641ccb50;0;Anomaly;
202603;AREA 4;SULAWESI;MAKASSAR;MAT;AOi4260125110900221128aa0;0;Anomaly;
202603;AREA 4;SULAWESI;MAKASSAR;MAT;AOi4260101052817396619360;0;Anomaly;
202603;AREA 4;SULAWESI;MAKASSAR;MAT;AOi4260120120917841118170;0;Anomaly;
202603;AREA 4;SULAWESI;MAKASSAR;MAT;AOk4260123031821160e4fa30;0;Anomaly;
202603;AREA 4;SULAWESI;MAKASSAR;MAT;AOi426012910511733073b020;0;Anomaly;
202603;AREA 4;MALUKU DAN PAPUA;AMBON;ABO;AOi42601170546551093912e0;0;Anomaly;
202603;AREA 4;MALUKU DAN PAPUA;AMBON;ABO;AOi1260103124551303ba5ec0;0;Anomaly;
202603;AREA 4;SULAWESI;PALU;PSO;AOi426012401093710329b840;0;Anomaly;
202603;AREA 4;SULAWESI;PALU;PSO;AOi426013001265555607b140;0;Anomaly;
202603;AREA 4;SULAWESI;PALU;PSO;AOi4260131105657347086150;0;Anomaly;
202603;AREA 4;SULAWESI;PALU;PSO;AOi42601220604282585af440;0;Anomaly;
202603;AREA 4;SULAWESI;PALU;PSO;AOi4260129120440263f86e00;0;Anomaly;
202603;AREA 4;KALIMANTAN;PONTIANAK;SRY;AOk4260112083316817e06360;0;Anomaly;
202603;AREA 4;KALIMANTAN;PONTIANAK;SRY;AOi42601220303062627515f0;0;Anomaly;
202603;AREA 4;KALIMANTAN;PONTIANAK;SRD;AOs3260117032734573402050;0;Anomaly;
202603;AREA 4;KALIMANTAN;PONTIANAK;SRD;AOi4260105095738927b435f0;0;Comply;-38,87
202603;AREA 4;KALIMANTAN;PONTIANAK;SRD;PDAk42612310324478369d2510;0;Anomaly;
202603;AREA 4;KALIMANTAN;PONTIANAK;SRD;AOi4260105095738927b435f0;0;Anomaly;
202603;AREA 4;SULAWESI;BONE;BLK;AOi4260113024703253f452c0;0;Anomaly;
202603;AREA 4;SULAWESI;BONE;BLK;AOi4260118123329500e757b0;0;Anomaly;
202603;AREA 4;SULAWESI;BONE;BLK;AOi1260125095046049467e00;0;Anomaly;
202603;AREA 4;SULAWESI;BONE;BLK;AOi4260118123329500e757b0;0;Anomaly;
202603;AREA 4;SULAWESI;BONE;BLK;AOi4260103050235092c23ed0;0;Anomaly;
202603;AREA 4;MALUKU DAN PAPUA;TIMIKA;TMR;AOi426012004544762547e820;0;Anomaly;
202603;AREA 4;SULAWESI;KENDARI;LSS;AOi4260113124607155d265b0;0;Anomaly;
202603;AREA 4;SULAWESI;MAKASSAR;TMA;AOi1260116110209178848950;0;Comply;-61,92
202603;AREA 4;SULAWESI;MAKASSAR;TMA;AOi42601251209215102b2d70;0;Anomaly;
202603;AREA 4;SULAWESI;MAKASSAR;TMA;AOi4260115044944674f2cad0;0;Anomaly;
202603;AREA 4;SULAWESI;MAKASSAR;BAL;AOi4260114040949533ebe9a0;0;Anomaly;
202603;AREA 4;SULAWESI;MAKASSAR;BAL;AOi426010708165784272a070;0;Anomaly;
202603;AREA 4;SULAWESI;MAKASSAR;BAL;AOi426010604200130681d6f0;0;Anomaly;
202603;AREA 4;SULAWESI;MAKASSAR;BAL;AOi4260127115133827ea3fc0;0;Anomaly;
202603;AREA 4;SULAWESI;MAKASSAR;BAL;AOs3260112105248260847160;0;Anomaly;
202603;AREA 4;SULAWESI;MAKASSAR;BAL;AOi426010708165784272a070;0;Anomaly;
202603;AREA 4;MALUKU DAN PAPUA;SORONG;MWR;AOi4260127120748444ad6050;0;Anomaly;
202603;AREA 4;MALUKU DAN PAPUA;SORONG;MWR;AOi42601100633516534248f0;0;Anomaly;
202603;AREA 4;MALUKU DAN PAPUA;SORONG;MWR;AOi4260128111203573189140;0;Anomaly;
202603;AREA 4;MALUKU DAN PAPUA;SORONG;MWR;AOi12601281107158532ca4e0;0;Anomaly;
202603;AREA 4;MALUKU DAN PAPUA;SORONG;MWR;AOi4260102010356412c5a600;0;Anomaly;
202603;AREA 4;MALUKU DAN PAPUA;SORONG;MWR;AOi4260130025522453d94610;0;Anomaly;
202603;AREA 4;MALUKU DAN PAPUA;SORONG;MWR;AOi42601210808284277ccf00;0;Anomaly;
202603;AREA 4;MALUKU DAN PAPUA;SORONG;MWR;AOi4260111044459571daa330;0;Anomaly;
202603;AREA 4;MALUKU DAN PAPUA;SORONG;MWR;AOi4260126040139078124300;0;Anomaly;
202603;AREA 4;MALUKU DAN PAPUA;SORONG;MWR;AOi4260112101136951178b60;0;Anomaly;
202603;AREA 4;MALUKU DAN PAPUA;SORONG;MWR;AOi42601300808014026246f0;0;Anomaly;
202603;AREA 4;MALUKU DAN PAPUA;SORONG;FFA;AOi42601231018339649e3fe0;0;Anomaly;
202603;AREA 4;MALUKU DAN PAPUA;SORONG;FFA;AOk42601061159526624fb770;0;Anomaly;
202603;AREA 4;SULAWESI;MAKASSAR;SUG;AOi42601280146542352c73d0;0;Anomaly;
202603;AREA 4;SULAWESI;MAKASSAR;SUG;AOi426010807082489210ae10;0;Anomaly;
202603;AREA 4;MALUKU DAN PAPUA;SORONG;SON;AOi42601160651303121de6f0;0;Anomaly;
202603;AREA 4;MALUKU DAN PAPUA;SORONG;SON;AOk42601020112088294399a0;0;Anomaly;
202603;AREA 4;MALUKU DAN PAPUA;SORONG;SON;AOi42601051127375866c7f50;0;Anomaly;
202603;AREA 4;MALUKU DAN PAPUA;SORONG;SON;AOs32601030232514315dbac0;0;Anomaly;
202603;AREA 4;MALUKU DAN PAPUA;SORONG;SON;AOi42601221209078401fa480;0;Anomaly;
202603;AREA 4;MALUKU DAN PAPUA;SORONG;SON;AOk4260102112023121d39600;0;Anomaly;
202603;AREA 4;MALUKU DAN PAPUA;SORONG;SON;AOi42601130330101338b7280;0;Anomaly;
202603;AREA 4;MALUKU DAN PAPUA;SORONG;SON;AOi42612300215265740e4fb0;0;Anomaly;
202603;AREA 4;MALUKU DAN PAPUA;SORONG;SON;AOi42601180156556511bbde0;0;Anomaly;
202603;AREA 4;MALUKU DAN PAPUA;SORONG;SON;AOi426011603134657583d820;0;Anomaly;
202603;AREA 4;MALUKU DAN PAPUA;SORONG;SON;AOi42601300158201322e5dd0;0;Anomaly;
202603;AREA 4;MALUKU DAN PAPUA;SORONG;SON;AOi4260123101126012bc0560;0;Anomaly;
202603;AREA 4;MALUKU DAN PAPUA;SORONG;SON;AOi42601201119514590d35b0;0;Anomaly;
202603;AREA 4;MALUKU DAN PAPUA;SORONG;SON;AOi4260115075801274e6d490;0;Anomaly;
202603;AREA 4;MALUKU DAN PAPUA;SORONG;SON;AOi42601200414074629dfc80;0;Anomaly;
202603;AREA 4;MALUKU DAN PAPUA;SORONG;SON;AOi426012908334665598f410;0;Anomaly;
202603;AREA 4;MALUKU DAN PAPUA;SORONG;SON;AOi42601190941138252eab60;0;Anomaly;
202603;AREA 4;MALUKU DAN PAPUA;SORONG;SON;AOi4260115095709072efd7c0;0;Anomaly;
202603;AREA 4;MALUKU DAN PAPUA;SORONG;SON;AOi42601200155039242dff90;0;Anomaly;
202603;AREA 4;MALUKU DAN PAPUA;SORONG;SON;AOi42601051127375866c7f50;0;Comply;-164,33
202603;AREA 4;MALUKU DAN PAPUA;SORONG;SON;AOi42601051127375866c7f50;0;Anomaly;
202603;AREA 4;MALUKU DAN PAPUA;SORONG;SON;AOi4260123061851039034630;0;Anomaly;
202603;AREA 4;MALUKU DAN PAPUA;SORONG;SON;AOi4260105090123991d62170;0;Anomaly;
202603;AREA 4;KALIMANTAN;BALIKPAPAN;SAN;AOi42601290512112337bc270;0;Not Comply;28,63
202603;AREA 4;KALIMANTAN;SAMARINDA;TMD;AOi42601141140525949cc630;0;Anomaly;
202603;AREA 4;KALIMANTAN;SAMARINDA;TMD;AOi126012204313019391f830;0;Anomaly;
202603;AREA 4;KALIMANTAN;SAMARINDA;TMD;AOk42601100758529625ac200;0;Anomaly;
202603;AREA 4;MALUKU DAN PAPUA;SORONG;MWR;AOk4260129072414594132ce0;0;Anomaly;
202603;AREA 4;MALUKU DAN PAPUA;SORONG;MWR;AOi42601080832454977d97e0;0;Anomaly;
202603;AREA 4;MALUKU DAN PAPUA;SORONG;MWR;AOi4260115023553094045ed0;0;Anomaly;
202603;AREA 4;MALUKU DAN PAPUA;SORONG;MWR;AOk42601171223026912f70f0;0;Anomaly;
202603;AREA 4;MALUKU DAN PAPUA;SORONG;MWR;AOk4260120021524942d7bc80;0;Anomaly;
202603;AREA 4;MALUKU DAN PAPUA;SORONG;MWR;AOi426011905535191406ff80;0;Anomaly;
202603;AREA 4;MALUKU DAN PAPUA;SORONG;MWR;AOi42601080542471587b38b0;0;Anomaly;
202603;AREA 4;MALUKU DAN PAPUA;SORONG;MWR;AOi4260105052218368204340;0;Anomaly;
202603;AREA 4;MALUKU DAN PAPUA;JAYAPURA;BIA;AOk4260126125711757956a00;0;Anomaly;
202603;AREA 4;MALUKU DAN PAPUA;JAYAPURA;BIA;AOi4260129032541750a08d50;0;Anomaly;
202603;AREA 4;SULAWESI;MAKASSAR;SUG;AOi42601211101044345827e0;0;Anomaly;
202603;AREA 4;SULAWESI;MAKASSAR;SUG;AOs326012610111491202c8d0;0;Anomaly;
202603;AREA 4;SULAWESI;MAKASSAR;SUG;AOi4260113013126204d9e130;0;Anomaly;
202603;AREA 4;SULAWESI;MAKASSAR;SUG;AOi42601010728443232d3f30;0;Anomaly;
202603;AREA 4;SULAWESI;MAKASSAR;SUG;AOi42601010728443232d3f30;0;Anomaly;
202603;AREA 4;SULAWESI;MAKASSAR;SUG;AOi4260121082223833925010;0;Anomaly;
202603;AREA 4;SULAWESI;MAKASSAR;SUG;AOi1260105051023109c351b0;0;Comply;-95,72
202603;AREA 4;SULAWESI;MAKASSAR;SUG;AOk4251226103835333c387c0;0;Anomaly;
202603;AREA 4;SULAWESI;MAKASSAR;SUG;AOi426010609391256397d5b0;0;Anomaly;
202603;AREA 4;MALUKU DAN PAPUA;SORONG;SON;AOi4260115095709072efd7c0;0;Anomaly;
202603;AREA 4;MALUKU DAN PAPUA;SORONG;SON;AOi4260112104709329244270;0;Anomaly;
202603;AREA 4;MALUKU DAN PAPUA;SORONG;SON;AOi42601221209078401fa480;0;Anomaly;
202603;AREA 4;MALUKU DAN PAPUA;JAYAPURA;JAP;AOi4260118050253142bfc830;0;Anomaly;
202603;AREA 4;MALUKU DAN PAPUA;JAYAPURA;JAP;AOi42601060707050284e6770;0;Anomaly;
202603;AREA 4;MALUKU DAN PAPUA;TIMIKA;MRK;AOk42601090758565977fa9f0;0;Anomaly;
202603;AREA 4;MALUKU DAN PAPUA;TIMIKA;MRK;AOi42601030316050949d04e0;0;Anomaly;
202603;AREA 4;MALUKU DAN PAPUA;TIMIKA;MRK;AOk42601051023288914ea950;0;Anomaly;
202603;AREA 4;MALUKU DAN PAPUA;TIMIKA;MRK;AOi4260106121648642ebe880;0;Anomaly;
202603;AREA 4;MALUKU DAN PAPUA;TIMIKA;TIM;AOi42601270332462668db2a0;0;Anomaly;
202603;AREA 4;MALUKU DAN PAPUA;TIMIKA;TIM;AOi42601261026487690b7ef0;0;Anomaly;
202603;AREA 4;MALUKU DAN PAPUA;TIMIKA;TIM;AOi426011610350220952f8d0;0;Anomaly;
202603;AREA 4;MALUKU DAN PAPUA;TIMIKA;TIM;AOi4260110042252762c15d80;0;Anomaly;
202603;AREA 4;KALIMANTAN;BANJARMASIN;KPL;PDAk42601020204513814dae00;0;Anomaly;
202603;AREA 4;KALIMANTAN;SAMARINDA;SBR;AOi4260105103801940f62b10;0;Anomaly;
202603;AREA 4;KALIMANTAN;SAMARINDA;SBR;AOi42601170512532123e6c00;0;Anomaly;
202603;AREA 4;KALIMANTAN;SAMARINDA;SBR;AOi4260110051705464f77d00;0;Anomaly;
202603;AREA 4;KALIMANTAN;SAMARINDA;SBR;AOi4260105103801940f62b10;0;Anomaly;
202603;AREA 4;KALIMANTAN;SAMARINDA;SBR;AOs32601061134462658d6da0;0;Anomaly;
202603;AREA 4;KALIMANTAN;BANJARMASIN;RTA;AOi4260120083912231dd3e30;0;Anomaly;
202603;AREA 4;SULAWESI;MANADO;BAH;AOi4260112085229438818610;0;Anomaly;
202603;AREA 4;SULAWESI;BONE;WTP;AOs32601150424329944b7860;0;Anomaly;
202603;AREA 4;SULAWESI;BONE;WTP;AOi42601120950495970596a0;0;Anomaly;
202603;AREA 4;KALIMANTAN;PANGKALAN BUN;KMI;AOi4260119120739980b797d0;0;Anomaly;
202603;AREA 4;KALIMANTAN;PANGKALAN BUN;KMI;AOi42601150155547405222a0;0;Anomaly;
202603;AREA 4;KALIMANTAN;TARAKAN;TRD;PDAk4251225115129450c8de40;0;Anomaly;
202603;AREA 4;SULAWESI;KENDARI;BBU;AOi4260116073748281720d50;0;Anomaly;
202603;AREA 4;SULAWESI;KENDARI;BBU;AOs32601101051490316858e0;0;Anomaly;
202603;AREA 4;SULAWESI;KENDARI;BBU;AOi4260106102302896caf850;0;Anomaly;
202603;AREA 4;SULAWESI;MANADO;KTG;AOi426012010390448234d700;0;Anomaly;
202603;AREA 4;SULAWESI;MANADO;KTG;AOi4260125122050579c8b710;0;Comply;-18,17
202603;AREA 4;MALUKU DAN PAPUA;TIMIKA;TIM;AOi426011610350220952f8d0;0;Anomaly;
202603;AREA 4;MALUKU DAN PAPUA;TIMIKA;TIM;AOi4260116112843694229fe0;0;Anomaly;
202603;AREA 4;MALUKU DAN PAPUA;TIMIKA;TIM;AOi4260119124738714eb2d30;0;Anomaly;
202603;AREA 4;MALUKU DAN PAPUA;TIMIKA;TIM;AOi42601120436015187c30e0;0;Anomaly;
202603;AREA 4;MALUKU DAN PAPUA;TIMIKA;TIM;AOi42601071048443772624c0;0;Anomaly;
202603;AREA 4;KALIMANTAN;TARAKAN;TRK;AOi4260117124318933af6240;0;Anomaly;
202603;AREA 4;KALIMANTAN;TARAKAN;TRK;AOs3260103041053097682870;0;Anomaly;
202603;AREA 4;KALIMANTAN;TARAKAN;TRK;PDAk4260103085354155977d90;0;Anomaly;
202603;AREA 4;KALIMANTAN;TARAKAN;TRK;AOk4261229025441679475c60;0;Anomaly;
202603;AREA 4;KALIMANTAN;TARAKAN;TRK;AOi4260105063312574ff9730;0;Anomaly;
202603;AREA 4;SULAWESI;MANADO;AMD;AOk4260123025018582098ad0;0;Anomaly;
202603;AREA 4;SULAWESI;MANADO;AMD;AOi42601220402313087036a0;0;Anomaly;
202603;AREA 4;KALIMANTAN;PONTIANAK;PUT;AOi42601250234133370b7ae0;0;Anomaly;
202603;AREA 4;SULAWESI;PARE-PARE;RTP;AOi4260109094719003a65420;0;Anomaly;
202603;AREA 4;SULAWESI;PARE-PARE;RTP;AOi4260112024258735cf0b40;0;Anomaly;
202603;AREA 4;SULAWESI;PARE-PARE;RTP;AOk4260122125828135259510;0;Anomaly;
202603;AREA 4;SULAWESI;PARE-PARE;RTP;AOi4260122090345792239ba0;0;Anomaly;
202603;AREA 4;SULAWESI;MANADO;BAH;AOi4260117052427192968e60;0;Anomaly;
202603;AREA 4;SULAWESI;MANADO;BAH;AOi42601170526034636d8e80;0;Anomaly;
202603;AREA 4;SULAWESI;MANADO;BAH;AOi4260104035730990f37c20;0;Anomaly;
202603;AREA 4;SULAWESI;MANADO;BAH;AOi4260121034331117ff0220;0;Anomaly;
202603;AREA 4;SULAWESI;MANADO;BAH;AOi42601170526034636d8e80;0;Anomaly;
202603;AREA 4;SULAWESI;PALU;KOL;AOi42601130431160988d9260;0;Anomaly;
202603;AREA 4;SULAWESI;PARE-PARE;PRE;AOk4260105112631045115930;0;Anomaly;
202603;AREA 4;SULAWESI;PARE-PARE;PRE;AOi426123107322941701bef0;0;Anomaly;
202603;AREA 4;SULAWESI;PARE-PARE;PRE;AOi42601271059511272f5c70;0;Anomaly;
202603;AREA 4;SULAWESI;KENDARI;BBU;AOi42612300345060610c3f70;0;Anomaly;
202603;AREA 4;KALIMANTAN;PANGKALAN BUN;LMD;AOi4260122063934756e529d0;0;Anomaly;
202603;AREA 4;SULAWESI;MANADO;PIK;AOi42601260353404399026d0;0;Anomaly;
202603;AREA 4;SULAWESI;MANADO;PIK;AOb0260107034821658c01da0;0;Anomaly;
202603;AREA 4;SULAWESI;MANADO;PIK;AOi4260113012108264379600;0;Anomaly;
202603;AREA 4;SULAWESI;PARE-PARE;PLP;AOi4260109122417977760b10;0;Anomaly;
202603;AREA 4;SULAWESI;PARE-PARE;PLP;AOi42601140445529266c30c0;0;Anomaly;
202603;AREA 4;SULAWESI;PARE-PARE;PLP;AOi4260110092341422c52c30;0;Anomaly;
202603;AREA 4;KALIMANTAN;SAMARINDA;SGK;AOi1260121041815371e11b70;0;Anomaly;
202603;AREA 4;KALIMANTAN;SAMARINDA;SGK;AOi426011306394251323feb0;0;Anomaly;
202603;AREA 4;KALIMANTAN;SAMARINDA;SGK;AOi426011306394251323feb0;0;Anomaly;
202603;AREA 4;KALIMANTAN;SAMARINDA;SGK;AOi4260101074535089247b90;0;Anomaly;
202603;AREA 4;KALIMANTAN;SAMARINDA;SGK;AOi4260122090925627348420;0;Anomaly;
202603;AREA 4;KALIMANTAN;PONTIANAK;SAO;AOi4260104081059957294720;0;Anomaly;
202603;AREA 4;SULAWESI;MANADO;KTG;AOi42601260138267334925b0;0;Anomaly;
202603;AREA 4;SULAWESI;PALU;PLB;AOi426010502480877618fff0;0;Anomaly;
202603;AREA 4;SULAWESI;PALU;PLB;AOi4260128104034877c5d9a0;0;Anomaly;
202603;AREA 4;SULAWESI;PALU;PLB;AOi426012308510924846f5a0;0;Anomaly;
202603;AREA 4;SULAWESI;PALU;PLB;AOi42601120238356088b1330;0;Anomaly;
202603;AREA 4;SULAWESI;PALU;PLB;AOi426122812235593747f170;0;Anomaly;
202603;AREA 4;SULAWESI;PALU;PLB;AOi4260122095317840b33590;0;Anomaly;
202603;AREA 4;SULAWESI;PALU;PLB;AOi4260120093520772468060;0;Anomaly;
202603;AREA 4;SULAWESI;PALU;PLB;AOi4260125041753937e98b00;0;Anomaly;
202603;AREA 4;KALIMANTAN;SAMARINDA;SMR;AOi426011709515785830c350;0;Anomaly;
202603;AREA 4;KALIMANTAN;SAMARINDA;SMR;AOi42601211213296061fa1c0;0;Anomaly;
202603;AREA 4;KALIMANTAN;TARAKAN;TRK;PDAk42612290257110299cd8f0;0;Comply;-27,04
202603;AREA 4;KALIMANTAN;BANJARMASIN;PGN;AOi4260107103442345e50680;0;Anomaly;
202603;AREA 4;KALIMANTAN;BANJARMASIN;PGN;AOi1260126064129372ddd610;0;Anomaly;
202603;AREA 4;KALIMANTAN;PALANGKARAYA;KKP;AOi4260118015559252c7bbf0;0;Anomaly;
202603;AREA 4;KALIMANTAN;PALANGKARAYA;KKP;AOi4260118015559252c7bbf0;0;Anomaly;
202603;AREA 4;MALUKU DAN PAPUA;JAYAPURA;SNI;AOi12601290935483824a0d20;0;Comply;-27,40
202603;AREA 4;MALUKU DAN PAPUA;JAYAPURA;SNI;AOi42601060307345997d7fa0;0;Anomaly;
202603;AREA 4;MALUKU DAN PAPUA;JAYAPURA;SNI;AOk42601281204197018a5790;0;Anomaly;
202603;AREA 4;SULAWESI;MANADO;TNT;AOi42601190549493959e63b0;0;Anomaly;
202603;AREA 4;KALIMANTAN;BALIKPAPAN;GSA;AOi426011408303566687e580;0;Anomaly;
202603;AREA 4;KALIMANTAN;BALIKPAPAN;GSA;AOs3260109114735133c19d10;0;Anomaly;
202603;AREA 4;SULAWESI;MAKASSAR;PNK;AOi42601200448421084a4cd0;0;Anomaly;
202603;AREA 4;SULAWESI;MAKASSAR;PNK;AOi4260105045908685a07630;0;Anomaly;
202603;AREA 4;SULAWESI;MAKASSAR;PNK;AOk4260122074815826f4bf10;0;Anomaly;
202603;AREA 4;SULAWESI;MAKASSAR;PNK;AOi426010705295142024e1c0;0;Anomaly;
202603;AREA 4;SULAWESI;MANADO;LBH;AOi426011411311927212f900;0;Anomaly;
202603;AREA 4;SULAWESI;MANADO;LBH;AOi42601240835309186936f0;0;Anomaly;
202603;AREA 4;SULAWESI;MANADO;LBH;AOi4260130084547669856ec0;0;Anomaly;
202603;AREA 4;KALIMANTAN;TARAKAN;TAJ;AOi42601280422361981253d0;0;Anomaly;
202603;AREA 4;SULAWESI;BONE;SIN;AOk4260105092145471424d50;0;Anomaly;
202603;AREA 4;SULAWESI;BONE;SIN;AOi42612300210566730610a0;0;Anomaly;
202603;AREA 4;SULAWESI;BONE;SIN;AOi42601231216254932f1580;0;Anomaly;
202603;AREA 4;SULAWESI;MANADO;MDO;AOk4261230013119690f214e0;0;Anomaly;
202603;AREA 4;SULAWESI;MANADO;MDO;AOs3260117112608137e82b70;0;Anomaly;
202603;AREA 4;SULAWESI;MANADO;MDO;AOi4260116081052417ae5740;0;Anomaly;
202603;AREA 4;SULAWESI;MANADO;MDO;AOb0260123025809159ef6f50;0;Anomaly;
202603;AREA 4;SULAWESI;MANADO;MDO;PDAk4260104084912060ee9740;0;Anomaly;
202603;AREA 4;SULAWESI;MANADO;MDO;AOi126011901342720001d8c0;0;Anomaly;
202603;AREA 4;SULAWESI;PARE-PARE;PRE;AOi4260112082549919d48e00;0;Anomaly;
202603;AREA 4;SULAWESI;PARE-PARE;PRE;AOi4260113033049950ebeda0;0;Anomaly;
202603;AREA 4;SULAWESI;KENDARI;UNH;AOi42601251203340003357d0;0;Anomaly;
202603;AREA 4;SULAWESI;KENDARI;UNH;AOi4260119084449164400080;0;Anomaly;
202603;AREA 4;SULAWESI;MANADO;SFI;AOi42601221220345695584f0;0;Anomaly;
202603;AREA 4;SULAWESI;GORONTALO;GTL;AOi42601171032528536fc1c0;0;Anomaly;
202603;AREA 4;SULAWESI;GORONTALO;GTL;AOk4260121083148453782790;0;Anomaly;
202603;AREA 4;SULAWESI;GORONTALO;GTL;AOi4260115030947588247b50;0;Anomaly;
202603;AREA 4;MALUKU DAN PAPUA;AMBON;PAO;AOi1260103083318205379520;0;Anomaly;
202603;AREA 4;KALIMANTAN;SAMARINDA;STT;AOi42601081001306093cf920;0;Anomaly;
202603;AREA 4;KALIMANTAN;SAMARINDA;STT;PDAk42612311038501676e9fe0;0;Anomaly;
202603;AREA 4;KALIMANTAN;SAMARINDA;STT;AOb0260120043923920665d90;0;Anomaly;
202603;AREA 4;KALIMANTAN;SAMARINDA;STT;AOk4260123021256375084720;0;Anomaly;
202603;AREA 4;KALIMANTAN;SAMARINDA;STT;AOi4260104052238208cd73c0;0;Anomaly;
202603;AREA 4;SULAWESI;MAKASSAR;JNP;AOi426011410180886705ef60;0;Anomaly;
202603;AREA 4;SULAWESI;MAKASSAR;JNP;AOi426123108511804276c110;0;Anomaly;
202603;AREA 4;KALIMANTAN;PONTIANAK;PTK;AOi4260127112804898eeb270;0;Anomaly;
202603;AREA 4;KALIMANTAN;PONTIANAK;PTK;AOi4260107094237044886200;0;Anomaly;
202603;AREA 4;KALIMANTAN;BANJARMASIN;TJL;AOi426012302075095468fa70;0;Anomaly;
202603;AREA 4;KALIMANTAN;PANGKALAN BUN;SAI;AOi42601110120181065dbde0;0;Anomaly;
202603;AREA 4;KALIMANTAN;PANGKALAN BUN;SAI;AOk4260124113136316f142f0;0;Anomaly;
202603;AREA 4;KALIMANTAN;PANGKALAN BUN;SAI;AOi4260126080626295f46020;0;Not Comply;50,03
202603;AREA 4;SULAWESI;PALU;PLB;AOi42601170212427811f5d50;0;Anomaly;
202603;AREA 4;SULAWESI;PALU;PLB;AOi4260120094530677d7bf80;0;Anomaly;
202603;AREA 4;SULAWESI;PALU;PLB;AOi42601240410062067e8df0;0;Anomaly;
202603;AREA 4;SULAWESI;PALU;PLA;AOi4260123034719699446eb0;0;Anomaly;
202603;AREA 4;SULAWESI;PALU;PLA;AOi4260113021132238110390;0;Anomaly;
202603;AREA 4;SULAWESI;PALU;PLA;PDAk4251217024714954a71800;0;Anomaly;
202603;AREA 4;SULAWESI;PALU;PLA;AOi4260112112300718bceab0;0;Anomaly;
202603;AREA 4;SULAWESI;PALU;PLA;AOi4260102022138350bea2a0;0;Anomaly;
202603;AREA 4;SULAWESI;PALU;PLA;AOi42601220102052775b4660;0;Anomaly;
202603;AREA 4;KALIMANTAN;SAMARINDA;SMR;AOk4260113044737948106bf0;0;Anomaly;
202603;AREA 4;KALIMANTAN;SAMARINDA;SMR;PDAk42601150910342808cce50;0;Anomaly;
202603;AREA 4;KALIMANTAN;SAMARINDA;SMR;AOi426010505391094846a410;0;Anomaly;
202603;AREA 4;SULAWESI;PARE-PARE;MLL;AOi426012709015248114b650;0;Anomaly;
202603;AREA 4;SULAWESI;PARE-PARE;MLL;AOi4260128011214086a1c5a0;0;Comply;-23,91
202603;AREA 4;SULAWESI;PARE-PARE;MLL;AOi4260128011214086a1c5a0;0;Anomaly;
202603;AREA 4;KALIMANTAN;TARAKAN;LNN;AOi426012302491721221f360;0;Anomaly;
202603;AREA 4;KALIMANTAN;TARAKAN;LNN;AOi4260119083244926d60070;0;Anomaly;
202603;AREA 4;SULAWESI;PALU;TWL;AOi4260121085438550ffb830;0;Anomaly;
202603;AREA 4;KALIMANTAN;PANGKALAN BUN;PBU;AOi426012605442097266a150;0;Anomaly;
202603;AREA 4;KALIMANTAN;PANGKALAN BUN;PBU;AOk4260120010203158759460;0;Not Comply;5,48
202603;AREA 4;SULAWESI;MANADO;TNT;AOi426010609535135044b7e0;0;Anomaly;
202603;AREA 4;SULAWESI;MANADO;TNT;AOs3260103101904549daef20;0;Anomaly;
202603;AREA 4;SULAWESI;MANADO;TNT;AOi4260127044224488838a00;0;Anomaly;
202603;AREA 4;SULAWESI;MANADO;TNT;AOk426011308514095480d210;0;Comply;-69,63
202603;AREA 4;SULAWESI;MANADO;TNT;AOk4260120122440665eaf2a0;0;Anomaly;
202603;AREA 4;SULAWESI;MANADO;TNT;AOi4260127044224488838a00;0;Anomaly;
202603;AREA 4;SULAWESI;GORONTALO;ISM;AOi42601290634551526b2580;0;Anomaly;
202603;AREA 4;MALUKU DAN PAPUA;JAYAPURA;WAE;AOi42601120603099339112f0;0;Anomaly;
202603;AREA 4;KALIMANTAN;PONTIANAK;JAW;AOi426123001565936815dc60;0;Anomaly;
202603;AREA 4;SULAWESI;GORONTALO;KWD;AOi4260123115908504129e80;0;Anomaly;
202603;AREA 4;MALUKU DAN PAPUA;JAYAPURA;SRU;AOi4260117023551868d52560;0;Anomaly;
202603;AREA 4;MALUKU DAN PAPUA;JAYAPURA;SRU;AOi4260123044715026c02340;0;Anomaly;
202603;AREA 4;KALIMANTAN;SAMARINDA;BOT;PDAk4261229082451669666ac0;0;Anomaly;
202603;AREA 4;KALIMANTAN;SAMARINDA;BOT;AOi4260116100847062d12d40;0;Anomaly;
202603;AREA 4;KALIMANTAN;SAMARINDA;BOT;AOi426012211495323314e730;0;Anomaly;
202603;AREA 4;SULAWESI;MAKASSAR;SUG;AOi4260128115951744017b20;0;Anomaly;
202603;AREA 4;SULAWESI;BONE;SLY;AOi4261228043938109ed47c0;0;Anomaly;
202603;AREA 4;SULAWESI;KENDARI;PMA;AOk42601290130386477be520;0;Anomaly;
202603;AREA 4;SULAWESI;PARE-PARE;PIN;AOi4260109074919408f655e0;0;Anomaly;
202603;AREA 4;SULAWESI;PARE-PARE;PIN;AOi426010507360662522f990;0;Anomaly;
202603;AREA 4;SULAWESI;PARE-PARE;PIN;AOi4260127093716545b9ae10;0;Comply;-96,56
202603;AREA 4;SULAWESI;PARE-PARE;PIN;AOi1260108102922612bd12d0;0;Anomaly;
202603;AREA 4;KALIMANTAN;PONTIANAK;SNW;AOi126010106155720246cfe0;0;Anomaly;
202603;AREA 4;KALIMANTAN;PONTIANAK;SNW;AOi4260117070820132db0ec0;0;Anomaly;
202603;AREA 4;KALIMANTAN;PONTIANAK;MPW;AOi426010504485135203ce60;0;Anomaly;
202603;AREA 4;KALIMANTAN;BANJARMASIN;PGT;AOi4261229090114041afff60;0;Anomaly;
202603;AREA 4;KALIMANTAN;SAMARINDA;LOB;AOi426011106064816977bc30;0;Anomaly;
202603;AREA 4;KALIMANTAN;TARAKAN;TSL;AOk42601090948437033f3750;0;Anomaly;
202603;AREA 4;KALIMANTAN;TARAKAN;TSL;AOi12601030154262249ad790;0;Anomaly;
202603;AREA 4;KALIMANTAN;TARAKAN;TSL;PDAk42601120730174200271a0;0;Anomaly;
202603;AREA 4;SULAWESI;MANADO;AMR;AOi4260129020124375c2ce70;0;Anomaly;
202603;AREA 4;SULAWESI;MANADO;AMR;AOi4260129041916832d26530;0;Anomaly;
202603;AREA 4;SULAWESI;MANADO;TMH;AOi4260128082535805652980;0;Anomaly;
202603;AREA 4;KALIMANTAN;PONTIANAK;SAO;AOi426011410191871156ee50;0;Anomaly;
202603;AREA 4;KALIMANTAN;PONTIANAK;SAO;AOi4260120114622239445e70;0;Anomaly;
202603;AREA 4;KALIMANTAN;PONTIANAK;SAO;AOi42601071120228750600c0;0;Anomaly;
202603;AREA 4;KALIMANTAN;PONTIANAK;SAO;AOi4260103083644430dd03a0;0;Anomaly;
202603;AREA 4;KALIMANTAN;PONTIANAK;SAO;AOi42601190513479432b8fe0;0;Anomaly;
202603;AREA 4;KALIMANTAN;PONTIANAK;SAO;AOi4260103032957980dde4d0;0;Anomaly;
202603;AREA 4;KALIMANTAN;BANJARMASIN;SER;AOs3260131120722034c42fa0;0;Anomaly;
202603;AREA 4;KALIMANTAN;PALANGKARAYA;PYM;AOi4260103023606764902720;0;Anomaly;
202603;AREA 4;KALIMANTAN;PALANGKARAYA;PYM;AOi4260115022926823835e30;0;Anomaly;
202603;AREA 4;KALIMANTAN;PANGKALAN BUN;PBU;AOi42601260938022362512d0;0;Anomaly;
202603;AREA 4;KALIMANTAN;PANGKALAN BUN;PBU;AOi42601191132251952bdd10;0;Anomaly;
202603;AREA 4;SULAWESI;KENDARI;KDR;AOk42601121113569755c1c40;0;Anomaly;
202603;AREA 4;SULAWESI;KENDARI;KDR;AOi42601010849447873db3a0;0;Anomaly;
202603;AREA 4;SULAWESI;KENDARI;KDR;PDAk4260120082859464bae000;0;Anomaly;
202603;AREA 4;SULAWESI;BONE;BTN;AOi4260112012352190d38910;0;Anomaly;
202603;AREA 4;KALIMANTAN;PONTIANAK;STA;AOi42601261230438228cbc10;0;Anomaly;
202603;AREA 4;SULAWESI;PARE-PARE;ENR;AOi4260102085607165908690;0;Anomaly;
202603;AREA 4;KALIMANTAN;SAMARINDA;LKT;AOi426123104241275695f2e0;0;Anomaly;
202603;AREA 4;MALUKU DAN PAPUA;JAYAPURA;JPB;AOi42601100832107980bd6b0;0;Anomaly;
202603;AREA 4;SULAWESI;MAKASSAR;BAR;AOi426010801512826758bf40;0;Anomaly;
202603;AREA 4;SULAWESI;MAKASSAR;BAR;AOi42601120143514963e3170;0;Comply;-39,58
202603;AREA 4;MALUKU DAN PAPUA;AMBON;NML;AOk42601271045402019dbbd0;0;Anomaly;
202603;AREA 4;SULAWESI;MANADO;TDN;AOi4260111113452438c2c370;0;Anomaly;
202603;AREA 4;SULAWESI;MAKASSAR;ANT;AOi4260113040714580e490e0;0;Anomaly;
202603;AREA 4;SULAWESI;MAKASSAR;ANT;AOs3260122013152899ed69b0;0;Anomaly;
202603;AREA 4;KALIMANTAN;PALANGKARAYA;MTW;AOi42601170651528689abb50;0;Anomaly;
202603;AREA 4;KALIMANTAN;PALANGKARAYA;MTW;AOk4260112020355689f8a970;0;Anomaly;
202603;AREA 4;KALIMANTAN;BALIKPAPAN;TGG;AOi4260104101354574eaecc0;0;Anomaly;
202603;AREA 4;KALIMANTAN;BALIKPAPAN;TGG;AOs32601090732107388313f0;0;Anomaly;
202603;AREA 4;KALIMANTAN;BALIKPAPAN;TGG;AOs326012401191249404add0;0;Anomaly;
202603;AREA 4;KALIMANTAN;BALIKPAPAN;TGG;AOi4260110084523333c4fbd0;0;Anomaly;
202603;AREA 4;KALIMANTAN;BALIKPAPAN;MLA;AOi4260115120644714f12640;0;Anomaly;
202603;AREA 4;KALIMANTAN;BALIKPAPAN;MLA;AOi4260112064623137a852d0;0;Anomaly;
202603;AREA 4;SULAWESI;MANADO;TOB;AOb026010311021850074e0d0;0;Anomaly;
202603;AREA 4;SULAWESI;MANADO;LAN;AOi4260127051722523925b40;0;Anomaly;
202603;AREA 4;SULAWESI;MANADO;LAN;AOi4260123080432721707ca0;0;Anomaly;
202603;AREA 4;SULAWESI;PALU;PLW;AOi4261230030406863e05860;0;Anomaly;
202603;AREA 4;SULAWESI;MAKASSAR;SUD;AOk4260106121301893cf9e90;0;Anomaly;
202603;AREA 4;SULAWESI;MAKASSAR;SUD;AOi42612291022394634bc610;0;Anomaly;
202603;AREA 4;KALIMANTAN;PALANGKARAYA;KKN;AOi42601280120210381614a0;0;Anomaly;
202603;AREA 4;SULAWESI;PARE-PARE;MAM;AOi4260111124256726dc2150;0;Anomaly;
202603;AREA 4;SULAWESI;PARE-PARE;MAM;AOs32601061259239576ad4c0;0;Anomaly;
202603;AREA 4;SULAWESI;PARE-PARE;MAM;AOi4260113075303368fafeb0;0;Anomaly;
202603;AREA 4;SULAWESI;PARE-PARE;MAM;AOi426010801535331168b930;0;Anomaly;
202603;AREA 4;MALUKU DAN PAPUA;SORONG;NAB;AOi4260131034827699b27bc0;0;Anomaly;
202603;AREA 4;MALUKU DAN PAPUA;SORONG;NAB;AOs326011608054317286ce70;0;Anomaly;
202603;AREA 4;MALUKU DAN PAPUA;SORONG;NAB;AOi42601150938478826de6e0;0;Anomaly;
202603;AREA 4;MALUKU DAN PAPUA;SORONG;NAB;AOi4260124115521641b9c240;0;Anomaly;
202603;AREA 4;KALIMANTAN;TARAKAN;TAJ;AOi426010803432398298df80;0;Anomaly;
202603;AREA 4;MALUKU DAN PAPUA;SORONG;TMB;AOi426012009003191763f8c0;0;Anomaly;
202603;AREA 4;MALUKU DAN PAPUA;SORONG;TMB;AOi42601241129496495da210;0;Anomaly;
202603;AREA 4;MALUKU DAN PAPUA;SORONG;TMB;AOi4260108122322193955070;0;Anomaly;
202603;AREA 4;KALIMANTAN;BALIKPAPAN;TNG;AOi4260119092856684995570;0;Anomaly;
202603;AREA 4;KALIMANTAN;BALIKPAPAN;TNG;AOi4260108061456261434460;0;Anomaly;
202603;AREA 4;KALIMANTAN;BALIKPAPAN;TNG;AOk4251219032918642a051a0;0;Anomaly;
202603;AREA 4;KALIMANTAN;BANJARMASIN;STI;AOi4260128080042022a006e0;0;Anomaly;
202603;AREA 4;KALIMANTAN;BANJARMASIN;STI;AOi4260105012449419ef7640;0;Anomaly;
202603;AREA 4;KALIMANTAN;BANJARMASIN;BRI;AOi4260123023627427ca5e50;0;Anomaly;
202603;AREA 4;SULAWESI;MANADO;MDO;AOi4260116081052417ae5740;0;Anomaly;
202603;AREA 4;SULAWESI;MANADO;BIT;AOi4260115125600814403810;0;Anomaly;
202603;AREA 4;SULAWESI;MANADO;BIT;AOi4260116034125527a52940;0;Anomaly;
202603;AREA 4;SULAWESI;MANADO;BIT;AOi12601130618269944b64f0;0;Anomaly;
202603;AREA 4;SULAWESI;MANADO;BIT;AOi426011612155411907c560;0;Anomaly;
202603;AREA 4;SULAWESI;MANADO;BIT;AOi4260103091520109e5a440;0;Anomaly;
202603;AREA 4;SULAWESI;MANADO;BIT;AOi1260108072830428675b20;0;Anomaly;
202603;AREA 4;SULAWESI;MANADO;BIT;AOi4260128113008608461710;0;Anomaly;
202603;AREA 4;SULAWESI;MANADO;BIT;AOi4260117121604471b4db40;0;Anomaly;
202603;AREA 4;MALUKU DAN PAPUA;AMBON;PAO;AOi1260117123222882ffd700;0;Anomaly;
202603;AREA 4;MALUKU DAN PAPUA;AMBON;PAO;AOk4260119102641563c41740;0;Anomaly;
202603;AREA 4;MALUKU DAN PAPUA;AMBON;PAO;AOi426011407194434051c1b0;0;Anomaly;
202603;AREA 4;KALIMANTAN;BALIKPAPAN;MJW;AOi42601031051426875781f0;0;Anomaly;
202603;AREA 4;KALIMANTAN;BALIKPAPAN;BRU;PDAk4261228045617264d20f90;0;Anomaly;
202603;AREA 4;KALIMANTAN;BALIKPAPAN;BRU;AOi42601270944572401acb80;0;Anomaly;
202603;AREA 4;KALIMANTAN;BALIKPAPAN;BRU;AOb02601150417169186e1230;0;Anomaly;
202603;AREA 4;KALIMANTAN;BALIKPAPAN;BRU;AOi42601310335468584e75b0;0;Anomaly;
202603;AREA 4;KALIMANTAN;BALIKPAPAN;BRU;PDAk4260110090354650968fd0;0;Anomaly;
202603;AREA 4;KALIMANTAN;PONTIANAK;PTK;PDAk42601031112374736238e0;0;Anomaly;
202603;AREA 4;KALIMANTAN;PONTIANAK;PTK;AOi4260114104039355853050;0;Anomaly;
202603;AREA 4;KALIMANTAN;PONTIANAK;PTK;AOi4260129073709155ebacd0;0;Anomaly;
202603;AREA 4;KALIMANTAN;PONTIANAK;PTK;AOi4260126080831535fb3fc0;0;Anomaly;
202603;AREA 4;KALIMANTAN;PANGKALAN BUN;KTP;AOi4260125015213708c22f40;0;Anomaly;
202603;AREA 4;KALIMANTAN;PANGKALAN BUN;KTP;AOi426011409211686304b340;0;Anomaly;
202603;AREA 4;KALIMANTAN;PANGKALAN BUN;KTP;AOi4260115054542530328000;0;Anomaly;
202603;AREA 4;KALIMANTAN;PANGKALAN BUN;KTP;AOi42612300640019696b4c00;0;Comply;-19,77
202603;AREA 4;KALIMANTAN;PANGKALAN BUN;KTP;AOi4260127042612396f222a0;0;Anomaly;
202603;AREA 4;KALIMANTAN;PANGKALAN BUN;SAI;AOi426012511374338188b580;0;Not Comply;20,98
202603;AREA 4;KALIMANTAN;PANGKALAN BUN;SAI;AOi42612310443236849d5050;0;Anomaly;
202603;AREA 4;KALIMANTAN;PANGKALAN BUN;SAI;AOi4260111083755272bfc180;0;Anomaly;
202603;AREA 4;KALIMANTAN;PANGKALAN BUN;SAI;AOi4260111093943671ec1190;0;Not Comply;5,20
202603;AREA 4;KALIMANTAN;PANGKALAN BUN;SAI;AOi42612310443236849d5050;0;Not Comply;25,67
202603;AREA 4;KALIMANTAN;PANGKALAN BUN;SAI;AOi4260104102602117ec8070;0;Anomaly;
202603;AREA 4;KALIMANTAN;PANGKALAN BUN;SAI;AOs326010809285347963f8b0;0;Anomaly;
202603;AREA 4;KALIMANTAN;TARAKAN;TBY;AOi4261231054559650e86e10;0;Anomaly;
202603;AREA 4;KALIMANTAN;TARAKAN;TBY;AOi1260102105441015e61c00;0;Comply;-40,79
202603;AREA 4;SULAWESI;PALU;PLA;AOi4260108054051030393890;0;Anomaly;
202603;AREA 4;SULAWESI;PALU;PLA;AOi42601280749494081f8410;0;Anomaly;
202603;AREA 4;KALIMANTAN;PONTIANAK;ANJ;AOi1260119123749318e03370;0;Anomaly;
202603;AREA 4;KALIMANTAN;BALIKPAPAN;BAM;AOi42601180810101552d1de0;0;Anomaly;
202603;AREA 4;KALIMANTAN;BALIKPAPAN;BAM;PDAk426011706032116515a160;0;Anomaly;
202603;AREA 4;KALIMANTAN;BALIKPAPAN;BAM;AOi4260129012310785e8e8e0;0;Anomaly;
202603;AREA 4;KALIMANTAN;BALIKPAPAN;BAM;AOk42601271241211939c5af0;0;Anomaly;
202603;AREA 4;KALIMANTAN;TARAKAN;MLN;AOk4260113032013613d80970;0;Anomaly;
202603;AREA 4;KALIMANTAN;TARAKAN;MLN;AOi4260126081511258c412a0;0;Anomaly;
202603;AREA 4;SULAWESI;MAKASSAR;MAR;AOi42601190638135864091e0;0;Anomaly;
202603;AREA 4;SULAWESI;MAKASSAR;MAR;AOi4260112072040151614b30;0;Anomaly;
202603;AREA 4;SULAWESI;MANADO;SSI;AOi42601051212374505da880;0;Anomaly;
202603;AREA 4;SULAWESI;KENDARI;KKA;AOi42601020932021399c8970;0;Anomaly;
202603;AREA 4;SULAWESI;KENDARI;KKA;AOi4260127085623225613f30;0;Anomaly;
202603;AREA 4;SULAWESI;KENDARI;KKA;AOi426123106233447861af40;0;Anomaly;
202603;AREA 4;SULAWESI;KENDARI;KKA;AOs326011107575415408bcc0;0;Anomaly;
202603;AREA 4;SULAWESI;KENDARI;KKA;AOi42601201156342776cc720;0;Anomaly;
202603;AREA 4;SULAWESI;PALU;TWL;AOi4260123021754149d77750;0;Anomaly;
202603;AREA 4;SULAWESI;PALU;TWL;AOi426012309541741222a050;0;Anomaly;
202603;AREA 4;SULAWESI;PALU;TWL;AOi4260102093731528d4d1c0;0;Anomaly;
202603;AREA 4;SULAWESI;PALU;TWL;AOi4261229073119842d73200;0;Anomaly;
202603;AREA 4;KALIMANTAN;PALANGKARAYA;PLK;AOs32601300728208483f6040;0;Anomaly;
202603;AREA 4;KALIMANTAN;PALANGKARAYA;PLK;AOi42601151042273950cf850;0;Anomaly;
202603;AREA 4;KALIMANTAN;PALANGKARAYA;PLK;AOk4260126030849459176e30;0;Anomaly;
202603;AREA 4;KALIMANTAN;PALANGKARAYA;PLK;AOi42601221200389155911c0;0;Comply;-23,78
202603;AREA 4;KALIMANTAN;PONTIANAK;JAW;AOi426010804290068803d550;0;Anomaly;
202603;AREA 4;KALIMANTAN;PONTIANAK;JAW;AOi426010804290068803d550;0;Anomaly;
202603;AREA 4;KALIMANTAN;PALANGKARAYA;KSO;AOi4260123062712133140170;0;Anomaly;
202603;AREA 4;KALIMANTAN;BANJARMASIN;BBR;AOi4260118101659286189c00;0;Anomaly;
202603;AREA 4;SULAWESI;PALU;LWU;AOi4260128114601367438d30;0;Anomaly;
202603;AREA 4;SULAWESI;PALU;LWU;AOk42601050835301937bdec0;0;Anomaly;
202603;AREA 4;SULAWESI;PALU;LWU;AOi4260110094420094e850e0;0;Anomaly;
202603;AREA 4;MALUKU DAN PAPUA;SORONG;KIN;AOi42601190325512624bc240;0;Anomaly;
202603;AREA 4;MALUKU DAN PAPUA;SORONG;KIN;AOi42601270314144206ad6f0;0;Anomaly;
202603;AREA 4;MALUKU DAN PAPUA;AMBON;SML;AOi4260109100718322be60a0;0;Anomaly;
202603;AREA 4;MALUKU DAN PAPUA;SORONG;RSK;AOi4260114030146485fe34c0;0;Anomaly;
202603;AREA 4;SULAWESI;MAKASSAR;TKA;AOi42601050441090268b32d0;0;Anomaly;
202603;AREA 4;SULAWESI;MAKASSAR;TKA;AOi42601120216444193614c0;0;Anomaly;
202603;AREA 4;SULAWESI;MAKASSAR;TKA;AOi42601150811371243d2dc0;0;Anomaly;
202603;AREA 4;SULAWESI;MAKASSAR;TKA;AOi4260103121203751554910;0;Anomaly;
202603;AREA 4;SULAWESI;MAKASSAR;TKA;AOi426011803565742892eb00;0;Anomaly;
202603;AREA 4;SULAWESI;MAKASSAR;TKA;AOi42601050441090268b32d0;0;Anomaly;
202603;AREA 4;SULAWESI;MAKASSAR;TKA;AOi4260119050941722594c70;0;Anomaly;
202603;AREA 1;SUMBAGUT;PEMATANG SIANTAR;KBJ;AOs3261231064850265922560;0;Anomaly;
202603;AREA 1;SUMBAGUT;PEMATANG SIANTAR;KBJ;AOk4260115035746980aef930;0;Anomaly;
202603;AREA 1;SUMBAGUT;PEMATANG SIANTAR;KBJ;AOi426013010555298615e670;0;Anomaly;
202603;AREA 1;SUMBAGUT;PEMATANG SIANTAR;KBJ;AOi426010506430435213a360;0;Anomaly;
202603;AREA 1;SUMBAGUT;PEMATANG SIANTAR;KBJ;AOi4260127122241459c7b1b0;0;Anomaly;
202603;AREA 1;SUMBAGUT;CENTRAL MEDAN;DLT;AOi42601200509242548c3b40;0;Anomaly;
202603;AREA 1;SUMBAGUT;CENTRAL MEDAN;DLT;AOi42601070624592011d6860;0;Anomaly;
202603;AREA 1;SUMBAGUT;CENTRAL MEDAN;DLT;AOi4260105020553216f76230;0;Anomaly;
202603;AREA 1;SUMBAGTENG;BUKIT TINGGI;BSO;AOb026010809241355866f8b0;0;Anomaly;
202603;AREA 1;SUMBAGUT;PEMATANG SIANTAR;TBT;AOi42601110533355315bd520;0;Comply;-49,19
202603;AREA 1;SUMBAGUT;PEMATANG SIANTAR;TBT;AOi4260105111454340e4c1c0;0;Anomaly;
202603;AREA 1;SUMBAGSEL;BENGKULU;LLG;AOi4260102040101956725d70;0;Anomaly;
202603;AREA 1;SUMBAGUT;CENTRAL MEDAN;TJM;AOi4260114081210987f419f0;0;Comply;-20,54
202603;AREA 1;SUMBAGUT;CENTRAL MEDAN;TJM;AOi42601240503035209aa8f0;0;Comply;-24,72
202603;AREA 1;SUMBAGUT;CENTRAL MEDAN;TJM;AOi4260119081139951a6c030;0;Comply;-17,60
202603;AREA 1;SUMBAGTENG;PEKANBARU;AMK;AOi42601141036237787fa870;0;Anomaly;
202603;AREA 1;SUMBAGUT;PEMATANG SIANTAR;ABA;AOi4260120034239660a3cab0;0;Anomaly;
202603;AREA 1;SUMBAGSEL;BENGKULU;PGA;AOi4260102042220713827190;0;Anomaly;
202603;AREA 1;SUMBAGUT;BANDA ACEH;SNA;AOi4260113100741107ea0cf0;0;Anomaly;
202603;AREA 1;SUMBAGUT;BANDA ACEH;SNA;AOi4260113093829446bb3270;0;Anomaly;
202603;AREA 1;SUMBAGSEL;JAMBI;PKB;AOi42601291016331556d96e0;0;Anomaly;-16,62
202603;AREA 1;SUMBAGUT;PADANG SIDEMPUAN;GST;AOi426012208190808697f6e0;0;Anomaly;
202603;AREA 1;SUMBAGUT;PADANG SIDEMPUAN;GST;AOi4260126112541970a752a0;0;Anomaly;
202603;AREA 1;SUMBAGUT;PADANG SIDEMPUAN;GST;AOi426013112092176973ca30;0;Anomaly;
202603;AREA 1;SUMBAGTENG;PEKANBARU;AMK;AOi4260103060201069272450;0;Anomaly;
202603;AREA 1;SUMBAGTENG;PEKANBARU;AMK;AOi426012502281959485e760;0;Anomaly;
202603;AREA 1;SUMBAGTENG;PEKANBARU;AMK;AOi42601110731198815f6410;0;Anomaly;
202603;AREA 1;SUMBAGTENG;PEKANBARU;AMK;AOi426012506134244896c650;0;Anomaly;
202603;AREA 1;SUMBAGUT;BANDA ACEH;TTN;AOi4260113011423580197090;0;Anomaly;
202603;AREA 1;SUMBAGSEL;LAMPUNG;KDT;AOi4260119084228252d54080;0;Anomaly;
202603;AREA 1;SUMBAGTENG;DUMAI;DRI;AOi4260126064229016a66660;0;Anomaly;
202603;AREA 1;SUMBAGTENG;DUMAI;DRI;AOi42601020838266285370b0;0;Comply;-22,17
202603;AREA 1;SUMBAGSEL;LAMPUNG;BKM;AOi4260118083938154da8d70;0;Anomaly;
202603;AREA 1;SUMBAGSEL;JAMBI;SRJ;AOi4260121094427810efbca0;0;Anomaly;
202603;AREA 1;SUMBAGSEL;JAMBI;SRJ;AOi4261231125358854c3e630;0;Anomaly;
202603;AREA 1;SUMBAGUT;PADANG SIDEMPUAN;PYB;AOi4260118064752861151770;0;Anomaly;
202603;AREA 1;SUMBAGUT;PADANG SIDEMPUAN;PYB;AOi42612290259540588a1d50;0;Anomaly;
202603;AREA 1;SUMBAGTENG;PEKANBARU;MIS;AOs3260111013703080514820;0;Anomaly;
202603;AREA 1;SUMBAGUT;WESTERN MEDAN;PBD;AOi42601271113089639ddf60;0;Anomaly;
202603;AREA 1;SUMBAGUT;WESTERN MEDAN;PBD;AOi4260120092904660b43030;0;Anomaly;
202603;AREA 1;SUMBAGUT;WESTERN MEDAN;PBD;AOi42601210626033066c6970;0;Anomaly;
202603;AREA 1;SUMBAGUT;PEMATANG SIANTAR;KBJ;AOi4260114111107054af6c20;0;Anomaly;
202603;AREA 1;SUMBAGUT;PEMATANG SIANTAR;KBJ;AOi42601070853275470283f0;0;Anomaly;
202603;AREA 1;SUMBAGUT;PEMATANG SIANTAR;KBJ;AOk4260115035746980aef930;0;Anomaly;
202603;AREA 1;SUMBAGUT;PEMATANG SIANTAR;KBJ;AOk42601230336074526ab130;0;Anomaly;
202603;AREA 1;SUMBAGUT;PEMATANG SIANTAR;KBJ;AOi4260127115346184e55500;0;Anomaly;
202603;AREA 1;SUMBAGUT;PEMATANG SIANTAR;KBJ;AOi4260127110416280922e10;0;Comply;-20,04
202603;AREA 1;SUMBAGUT;CENTRAL MEDAN;DLT;AOi42601091115242625bfa00;0;Comply;-6,33
202603;AREA 1;SUMBAGUT;CENTRAL MEDAN;DLT;AOi42601091115242625bfa00;0;Anomaly;
202603;AREA 1;SUMBAGTENG;DUMAI;DRI;AOi4260126021820591ecf710;0;Anomaly;
202603;AREA 1;SUMBAGTENG;BATAM;SLU;AOi4260106072336294ac81a0;0;Anomaly;
202603;AREA 1;SUMBAGTENG;BATAM;SLU;AOi4260123061831764db3600;0;Anomaly;
202603;AREA 1;SUMBAGTENG;BATAM;SLU;AOi4260129094543756711a60;0;Anomaly;
202603;AREA 1;SUMBAGTENG;BATAM;SLU;AOi426010912503655142d320;0;Anomaly;
202603;AREA 1;SUMBAGTENG;BATAM;SLU;AOi4260110065701254d9c120;0;Anomaly;
202603;AREA 1;SUMBAGTENG;BATAM;SLU;AOi42601180735240615bf480;0;Anomaly;
202603;AREA 1;SUMBAGTENG;BATAM;SLU;AOi4260110065701254d9c120;0;Anomaly;
202603;AREA 1;SUMBAGTENG;BATAM;SLU;AOi4260117035225050ffd500;0;Anomaly;
202603;AREA 1;SUMBAGTENG;BATAM;SLU;AOi4260106022139488213dd0;0;Anomaly;
202603;AREA 1;SUMBAGTENG;BATAM;SLU;AOi42601110924036884794d0;0;Anomaly;
202603;AREA 1;SUMBAGTENG;BATAM;SLU;AOi4260110065701254d9c120;0;Anomaly;
202603;AREA 1;SUMBAGTENG;BATAM;SLU;AOi42601140700343904d15a0;0;Anomaly;
202603;AREA 1;SUMBAGTENG;BATAM;SLU;AOi42601040542185378b7d80;0;Anomaly;
202603;AREA 1;SUMBAGSEL;JAMBI;PAP;AOi42601290411088217c5c40;0;Anomaly;
202603;AREA 1;SUMBAGSEL;JAMBI;PAP;AOb026012311312134495a090;0;Anomaly;
202603;AREA 1;SUMBAGTENG;PEKANBARU;BKR;AOi4260119030039127550e60;0;Anomaly;
202603;AREA 1;SUMBAGUT;PADANG SIDEMPUAN;BJE;AOi4260116121334767ca54e0;0;Anomaly;
202603;AREA 1;SUMBAGUT;PADANG SIDEMPUAN;BJE;AOi4260112025702194a9e270;0;Anomaly;
202603;AREA 1;SUMBAGUT;PADANG SIDEMPUAN;BJE;AOi42601220253588754047f0;0;Anomaly;
202603;AREA 1;SUMBAGSEL;PALEMBANG;SKY;AOi426011908181167528dae0;0;Anomaly;0,85
202603;AREA 1;SUMBAGSEL;PALEMBANG;SKY;AOi4260118051949352e52430;0;Anomaly;
202603;AREA 1;SUMBAGSEL;PALEMBANG;SKY;AOi4260118081441471f48e90;0;Anomaly;
202603;AREA 1;SUMBAGSEL;PANGKAL PINANG;KBO;AOi426012503262669611f020;0;Anomaly;50,09
202603;AREA 1;SUMBAGSEL;BENGKULU;PDP;AOi4260122122751582cd09b0;0;Anomaly;
202603;AREA 1;SUMBAGUT;CENTRAL MEDAN;DLT;AOs3260106101202872648430;0;Anomaly;
202603;AREA 1;SUMBAGUT;CENTRAL MEDAN;DLT;AOi426012101494012342e330;0;Anomaly;
202603;AREA 1;SUMBAGUT;CENTRAL MEDAN;DLT;AOi4260102052123538761560;0;Anomaly;
202603;AREA 1;SUMBAGUT;CENTRAL MEDAN;DLT;AOi426013111514588902c530;0;Comply;-0,00
202603;AREA 1;SUMBAGUT;PEMATANG SIANTAR;TBT;AOi4260129093945782047780;0;Anomaly;
202603;AREA 1;SUMBAGUT;PEMATANG SIANTAR;TBT;AOi42601240937467373e1560;0;Anomaly;
202603;AREA 1;SUMBAGUT;PEMATANG SIANTAR;TBT;AOi4260109015150919c0c3c0;0;Anomaly;
202603;AREA 1;SUMBAGSEL;BENGKULU;LLG;AOk426010704514611249a660;0;Comply;-4,11
202603;AREA 1;SUMBAGTENG;BATAM;RAI;AOi4260127024547220525960;0;Anomaly;-45,79
202603;AREA 1;SUMBAGSEL;PALEMBANG;TAB;AOi4260105114307936539e40;0;Anomaly;
202603;AREA 1;SUMBAGSEL;BENGKULU;SPP;AOi42601220658003527e3f40;0;Anomaly;
202603;AREA 1;SUMBAGSEL;BENGKULU;SPP;AOi426010701432611457ad70;0;Anomaly;
202603;AREA 1;SUMBAGSEL;BENGKULU;SPP;PDAk4251219045639711766a50;0;Anomaly;
202603;AREA 1;SUMBAGSEL;BENGKULU;SPP;AOi42601140745480891b98d0;0;Anomaly;
202603;AREA 1;SUMBAGSEL;BENGKULU;SPP;AOi42601220658003527e3f40;0;Anomaly;
202603;AREA 1;SUMBAGSEL;BENGKULU;PDP;AOi4260113100530170602900;0;Anomaly;-2,92
202603;AREA 1;SUMBAGSEL;BENGKULU;LLG;AOs32601160836366713f9f20;0;Comply;-18,78
202603;AREA 1;SUMBAGSEL;BENGKULU;LLG;AOi1260115111050748692170;0;Anomaly;
202603;AREA 1;SUMBAGSEL;BENGKULU;LLG;AOi4260123102810467f090f0;0;Anomaly;
202603;AREA 1;SUMBAGSEL;BENGKULU;LLG;AOi4260106031213403f5e050;0;Comply;-1,96
202603;AREA 1;SUMBAGUT;CENTRAL MEDAN;TJM;AOi4261229102640656eda3e0;0;Comply;-46,64
202603;AREA 1;SUMBAGUT;CENTRAL MEDAN;TJM;AOi4260123013011898d67d90;0;Anomaly;
202603;AREA 1;SUMBAGUT;CENTRAL MEDAN;TJM;AOi4260117103011754c026f0;0;Anomaly;
202603;AREA 1;SUMBAGSEL;JAMBI;PAP;AOi4260103013145511d43e70;0;Comply;-22,23
202603;AREA 1;SUMBAGSEL;JAMBI;PAP;AOk4260106110131487446ed0;0;Not Comply;3,46
202603;AREA 1;SUMBAGUT;CENTRAL MEDAN;CTD;AOi4260114060240778a32870;0;Anomaly;
202603;AREA 1;SUMBAGUT;CENTRAL MEDAN;CTD;AOi4260105111132080a44c20;0;Anomaly;
202603;AREA 1;SUMBAGUT;CENTRAL MEDAN;CTD;AOi4260110011121223652f10;0;Anomaly;
202603;AREA 1;SUMBAGUT;CENTRAL MEDAN;CTD;AOi4260118011240470d86bc0;0;Anomaly;
202603;AREA 1;SUMBAGUT;CENTRAL MEDAN;CTD;AOi42601310722079680158d0;0;Anomaly;
202603;AREA 1;SUMBAGUT;CENTRAL MEDAN;CTD;AOi42601120149472130b13c0;0;Anomaly;
202603;AREA 1;SUMBAGTENG;BATAM;SLU;AOi4260113033148946420570;0;Anomaly;
202603;AREA 1;SUMBAGTENG;BATAM;SLU;AOi4261230053755776bb4bf0;0;Anomaly;
202603;AREA 1;SUMBAGTENG;BATAM;SLU;AOi42601180735240615bf480;0;Anomaly;
202603;AREA 1;SUMBAGTENG;BATAM;SLU;AOi42601070923360324e8990;0;Anomaly;
202603;AREA 1;SUMBAGTENG;BATAM;SLU;AOi4261230053755776bb4bf0;0;Anomaly;
202603;AREA 1;SUMBAGTENG;BATAM;SLU;AOi42601040542185378b7d80;0;Anomaly;
202603;AREA 1;SUMBAGTENG;BATAM;SLU;AOi4260122102521657dbf380;0;Anomaly;
202603;AREA 1;SUMBAGTENG;BATAM;SLU;AOi42601251229125679e29c0;0;Anomaly;
202603;AREA 1;SUMBAGTENG;BATAM;SLU;AOi4261230053755776bb4bf0;0;Anomaly;
202603;AREA 1;SUMBAGSEL;JAMBI;PAP;AOi4260123112108889ad7a50;0;Anomaly;
202603;AREA 1;SUMBAGUT;CENTRAL MEDAN;CTD;AOi4260114105914760bd4b70;0;Anomaly;
202603;AREA 1;SUMBAGUT;CENTRAL MEDAN;CTD;AOi42601081141049827d62b0;0;Anomaly;
202603;AREA 1;SUMBAGUT;CENTRAL MEDAN;CTD;AOi4260103113934748ac8130;0;Anomaly;
202603;AREA 1;SUMBAGUT;CENTRAL MEDAN;CTD;AOi4260109073417806128110;0;Anomaly;
202603;AREA 1;SUMBAGUT;CENTRAL MEDAN;CTD;AOi42612310646305079dbf10;0;Anomaly;
202603;AREA 1;SUMBAGSEL;PALEMBANG;SGB;AOs3260129055040522fcf0e0;0;Anomaly;
202603;AREA 1;SUMBAGSEL;PALEMBANG;SGB;AOs32601101013173109116c0;0;Comply;-2,23
202603;AREA 1;SUMBAGSEL;BENGKULU;BTH;AOi42601270303224966d05d0;0;Anomaly;
202603;AREA 1;SUMBAGSEL;BENGKULU;BTH;AOi4260116051108999196f00;0;Anomaly;
202603;AREA 1;SUMBAGSEL;BENGKULU;BTH;AOi4251218090557145a77020;0;Anomaly;
202603;AREA 1;SUMBAGSEL;BENGKULU;BTH;AOi4260127095945266284080;0;Anomaly;
202603;AREA 1;SUMBAGSEL;BENGKULU;BTH;AOi42601270303224966d05d0;0;Anomaly;
202603;AREA 1;SUMBAGUT;BANDA ACEH;TKN;AOi42601111022281107f7f30;0;Anomaly;
202603;AREA 1;SUMBAGUT;BANDA ACEH;TKN;AOi4251121075145123bba100;0;Anomaly;
202603;AREA 1;SUMBAGUT;BANDA ACEH;TKN;AOi42601070146252185e3bd0;0;Anomaly;
202603;AREA 1;SUMBAGTENG;BATAM;SLU;AOi4260103090208279db4540;0;Anomaly;
202603;AREA 1;SUMBAGTENG;BATAM;SLU;AOi4260106072336294ac81a0;0;Comply;-91,71
202603;AREA 1;SUMBAGTENG;BATAM;SLU;AOi42601140700343904d15a0;0;Anomaly;
202603;AREA 1;SUMBAGTENG;BATAM;SLU;AOi4261230053755776bb4bf0;0;Anomaly;
202603;AREA 1;SUMBAGTENG;BATAM;SLU;AOi4260106072336294ac81a0;0;Anomaly;
202603;AREA 1;SUMBAGTENG;BATAM;SLU;AOi1260114050427326604c40;0;Anomaly;
202603;AREA 1;SUMBAGTENG;BATAM;SLU;AOi42601140931204447e3ee0;0;Anomaly;
202603;AREA 1;SUMBAGTENG;BATAM;SLU;AOi4260114040852519242320;0;Anomaly;
202603;AREA 1;SUMBAGSEL;PALEMBANG;SGB;AOi42601060216005318d09f0;0;Anomaly;
202603;AREA 1;SUMBAGSEL;PALEMBANG;SGB;AOi4260104032739420dc7090;0;Comply;-19,54
202603;AREA 1;SUMBAGUT;BANDA ACEH;TTN;AOi4261229110301190df0a40;0;Anomaly;
202603;AREA 1;SUMBAGSEL;LAMPUNG;KDT;AOi426010205305142725e700;0;Anomaly;
202603;AREA 1;SUMBAGSEL;LAMPUNG;KDT;AOi42601020828074390c3300;0;Anomaly;
202603;AREA 1;SUMBAGTENG;DUMAI;DRI;AOi42601230913243722dcf80;0;Anomaly;
202603;AREA 1;SUMBAGTENG;DUMAI;DRI;AOi1260104042050392024890;0;Anomaly;
202603;AREA 1;SUMBAGTENG;BATAM;SLU;AOi426011908141336447ae50;0;Anomaly;
202603;AREA 1;SUMBAGSEL;PALEMBANG;MEM;AOs32601010953396248608a0;0;Anomaly;
202603;AREA 1;SUMBAGSEL;PANGKAL PINANG;JBS;AOi4260105044912887833310;0;Anomaly;
202603;AREA 1;SUMBAGUT;PEMATANG SIANTAR;SDK;AOi426011010170808203fe00;0;Anomaly;
202603;AREA 1;SUMBAGUT;RANTAU PRAPAT;KPI;AOi4260110013409343e57ee0;0;Anomaly;
202603;AREA 1;SUMBAGUT;RANTAU PRAPAT;KPI;AOi4260108101311100924cf0;0;Anomaly;
202603;AREA 1;SUMBAGTENG;PADANG;SIE;AOi4260107074921202151f70;0;Anomaly;
202603;AREA 1;SUMBAGTENG;PADANG;SIE;AOi42601290142240662aa7f0;0;Anomaly;
202603;AREA 1;SUMBAGTENG;PADANG;SIE;AOi42612301009447630b1c40;0;Anomaly;
202603;AREA 1;SUMBAGSEL;PANGKAL PINANG;PGP;AOi42601250344581602ff860;0;Anomaly;
202603;AREA 1;SUMBAGSEL;PANGKAL PINANG;PGP;AOi4260121033722562edfb60;0;Comply;0,04
202603;AREA 1;SUMBAGSEL;PANGKAL PINANG;PGP;AOi4260122052203867b99f80;0;Anomaly;
202603;AREA 1;SUMBAGSEL;PANGKAL PINANG;PGP;AOi426012101585356871b3c0;0;Anomaly;
202603;AREA 1;SUMBAGSEL;PANGKAL PINANG;PGP;AOi4260107044443729b66a20;0;Anomaly;
202603;AREA 1;SUMBAGSEL;PANGKAL PINANG;PGP;AOi426012308161118092a490;0;Anomaly;
202603;AREA 1;SUMBAGSEL;PANGKAL PINANG;PGP;AOi4260113061314082b901b0;0;Comply;-3,65
202603;AREA 1;SUMBAGTENG;BUKIT TINGGI;PRS;AOi42601010348094302c9fa0;0;Comply;-2,93
202603;AREA 1;SUMBAGTENG;PADANG;SIE;AOi4260101012608269afc230;0;Anomaly;
202603;AREA 1;SUMBAGTENG;PADANG;SIE;AOk4260108012252211c59cf0;0;Anomaly;
202603;AREA 1;SUMBAGTENG;PADANG;SIE;AOi4260112054353649e05820;0;Anomaly;
202603;AREA 1;SUMBAGTENG;PADANG;SIE;AOi4260107090747772961cc0;0;Anomaly;
202603;AREA 1;SUMBAGSEL;JAMBI;MBN;AOi42512241022560069be950;0;Anomaly;
202603;AREA 1;SUMBAGUT;WESTERN MEDAN;PGL;AOi4260125051241895a38510;0;Anomaly;
202603;AREA 1;SUMBAGUT;PEMATANG SIANTAR;PRR;AOi4260128074035948fc3200;0;Anomaly;
202603;AREA 1;SUMBAGSEL;BENGKULU;TMO;AOi426012711221195685baa0;0;Anomaly;3,42
202603;AREA 1;SUMBAGTENG;BATAM;SLU;AOi42601070923360324e8990;0;Anomaly;
202603;AREA 1;SUMBAGSEL;PALEMBANG;SGB;AOi42601261124041602f7e10;0;Anomaly;
202603;AREA 1;SUMBAGSEL;PANGKAL PINANG;PGP;AOi42601240734073075cb260;0;Anomaly;
202603;AREA 1;SUMBAGTENG;BUKIT TINGGI;PRS;AOi4260116091648221463fb0;0;Anomaly;
202603;AREA 1;SUMBAGTENG;BUKIT TINGGI;PRS;AOi4260110014840219565e00;0;Anomaly;
202603;AREA 1;SUMBAGTENG;BUKIT TINGGI;PRS;AOi4260116091648221463fb0;0;Anomaly;
202603;AREA 1;SUMBAGTENG;BUKIT TINGGI;PRS;AOi42601130746473206d4e50;0;Comply;-21,43
202603;AREA 1;SUMBAGUT;BANDA ACEH;SMM;AOi4260114031821911d81050;0;Anomaly;
202603;AREA 1;SUMBAGUT;CENTRAL MEDAN;SKI;AOi4260130100246921f14920;0;Anomaly;
202603;AREA 1;SUMBAGTENG;BATAM;SLU;AOk4260126035201785a5f560;0;Anomaly;
202603;AREA 1;SUMBAGTENG;BATAM;SLU;AOi4260102034034366ec07b0;0;Anomaly;
202603;AREA 1;SUMBAGTENG;BATAM;SLU;AOi42601260642145895e7b10;0;Anomaly;
202603;AREA 1;SUMBAGTENG;BATAM;SLU;AOi426012809333067473f3b0;0;Comply;-22,34
202603;AREA 1;SUMBAGTENG;BATAM;SLU;AOi42601130421104003a54b0;0;Anomaly;
202603;AREA 1;SUMBAGUT;CENTRAL MEDAN;TJR;AOi4260104112413699ba1e20;0;Anomaly;
202603;AREA 1;SUMBAGUT;CENTRAL MEDAN;TJR;AOi42601190640044937121b0;0;Anomaly;
202603;AREA 1;SUMBAGTENG;BUKIT TINGGI;SIR;AOi4260107062538525841a00;0;Anomaly;
202603;AREA 1;SUMBAGSEL;LAMPUNG;TGP;AOi4260112024221413d3e960;0;Anomaly;
202603;AREA 1;SUMBAGSEL;JAMBI;MBN;AOi4260116083229967886da0;0;Anomaly;
202603;AREA 1;SUMBAGSEL;JAMBI;MBN;AOi4260116010858254c8c490;0;Anomaly;-2,53
202603;AREA 1;SUMBAGSEL;JAMBI;MBN;AOi42612311146226660d5070;0;Anomaly;
202603;AREA 1;SUMBAGUT;BANDA ACEH;KTN;AOi42601220815300046bdb90;0;Anomaly;
202603;AREA 1;SUMBAGSEL;PALEMBANG;PDT;AOs32601141103320878c03b0;0;Anomaly;
202603;AREA 1;SUMBAGSEL;PALEMBANG;PDT;AOi42601270718047409be2e0;0;Anomaly;-23,15
202603;AREA 1;SUMBAGUT;BANDA ACEH;SMM;AOi426010308102317350b870;0;Anomaly;
202603;AREA 1;SUMBAGUT;CENTRAL MEDAN;SKI;AOi4260130100246921f14920;0;Anomaly;
202603;AREA 1;SUMBAGTENG;BUKIT TINGGI;SLM;AOs32601271258239812869e0;0;Anomaly;
202603;AREA 1;SUMBAGTENG;BUKIT TINGGI;PTI;AOi426010703541840138a4b0;0;Anomaly;
202603;AREA 1;SUMBAGUT;CENTRAL MEDAN;TJR;AOi4260119094714737adbc90;0;Anomaly;
202603;AREA 1;SUMBAGUT;CENTRAL MEDAN;TJR;AOi4260120123850492ba6720;0;Anomaly;
202603;AREA 1;SUMBAGUT;CENTRAL MEDAN;TJR;AOi4260102104430653964ee0;0;Anomaly;
202603;AREA 1;SUMBAGUT;CENTRAL MEDAN;TJR;AOi4260113032437104935a00;0;Anomaly;
202603;AREA 1;SUMBAGUT;CENTRAL MEDAN;TJR;AOi4260122031342110f303a0;0;Anomaly;
202603;AREA 1;SUMBAGUT;CENTRAL MEDAN;TJR;AOs3260130110816576809980;0;Anomaly;
202603;AREA 1;SUMBAGUT;CENTRAL MEDAN;LBP;AOi4260113044709678d7ff70;0;Comply;-3,36
202603;AREA 1;SUMBAGUT;CENTRAL MEDAN;LBP;AOi42601131112258996ef040;0;Comply;1,66
202603;AREA 1;SUMBAGUT;CENTRAL MEDAN;LBP;AOi42601020847011702774b0;0;Anomaly;
202603;AREA 1;SUMBAGUT;CENTRAL MEDAN;LBP;AOi4260104122536413f83780;0;Comply;1,77
202603;AREA 1;SUMBAGSEL;JAMBI;JMB;AOi12601100302155246c1450;0;Anomaly;
202603;AREA 1;SUMBAGSEL;JAMBI;JMB;AOs32601160429262935e1cf0;0;Anomaly;
202603;AREA 1;SUMBAGSEL;PALEMBANG;PDT;AOi4260120103834741517730;0;Anomaly;-1,70
202603;AREA 1;SUMBAGSEL;PALEMBANG;PDT;AOi4260110054000658d89390;0;Anomaly;
202603;AREA 1;SUMBAGUT;WESTERN MEDAN;LSM;AOi4260130034707499e60bc0;0;Anomaly;
202603;AREA 1;SUMBAGUT;PADANG SIDEMPUAN;TUK;AOi42601281157419747446d0;0;Anomaly;
202603;AREA 1;SUMBAGUT;PADANG SIDEMPUAN;TUK;AOi4260113054725905731a50;0;Anomaly;
202603;AREA 1;SUMBAGUT;WESTERN MEDAN;KUL;AOs326012310365625355ba30;0;Anomaly;
202603;AREA 1;SUMBAGUT;WESTERN MEDAN;KUL;AOi4260112124741225cd8b80;0;Anomaly;
202603;AREA 1;SUMBAGUT;RANTAU PRAPAT;NGB;AOi426010704483735315c160;0;Anomaly;
202603;AREA 1;SUMBAGUT;BANDA ACEH;MGD;AOi4260128093118940367b00;0;Anomaly;
202603;AREA 1;SUMBAGUT;BANDA ACEH;MGD;AOi426012411491501858adf0;0;Comply;-25,93
202603;AREA 1;SUMBAGSEL;PALEMBANG;BTA;AOi1260107014323708df0c20;0;Anomaly;
202603;AREA 1;SUMBAGUT;CENTRAL MEDAN;CTD;AOi426012606423271555b7e0;0;Comply;-21,80
202603;AREA 1;SUMBAGUT;CENTRAL MEDAN;CTD;AOi4260102031119377e692b0;0;Anomaly;
202603;AREA 1;SUMBAGUT;CENTRAL MEDAN;CTD;AOs32601120808255577df5f0;0;Anomaly;
202603;AREA 1;SUMBAGUT;CENTRAL MEDAN;CTD;AOi426011509244916545a9d0;0;Anomaly;
202603;AREA 1;SUMBAGUT;CENTRAL MEDAN;CTD;AOk4260123044539222877fa0;0;Comply;2,44
202603;AREA 1;SUMBAGUT;RANTAU PRAPAT;NGB;AOk4260107102108211bccd20;0;Anomaly;
202603;AREA 1;SUMBAGSEL;PALEMBANG;TAM;AOi4260107091317393dda680;0;Anomaly;
202603;AREA 1;SUMBAGSEL;PALEMBANG;TAM;AOi42601120221377254a29a0;0;Anomaly;5,47
202603;AREA 1;SUMBAGSEL;JAMBI;SPN;AOi4260109091507747ba7970;0;Anomaly;-20,37
202603;AREA 1;SUMBAGUT;BANDA ACEH;SKL;AOi4260115124918575a843b0;0;Anomaly;
202603;AREA 1;SUMBAGUT;BANDA ACEH;SKL;AOi42601160922318568b18c0;0;Anomaly;
202603;AREA 1;SUMBAGSEL;BENGKULU;MNA;AOi4260115091750963ff0fb0;0;Anomaly;
202603;AREA 1;SUMBAGSEL;BENGKULU;TSS;AOi42601150740091419bb4e0;0;Anomaly;
202603;AREA 1;SUMBAGUT;CENTRAL MEDAN;CTD;AOi4260129091622982798560;0;Anomaly;
202603;AREA 1;SUMBAGUT;CENTRAL MEDAN;CTD;AOk42601160243057757dd1c0;0;Anomaly;
202603;AREA 1;SUMBAGUT;PADANG SIDEMPUAN;GST;AOi4260108050138809829ca0;0;Anomaly;
202603;AREA 1;SUMBAGSEL;LAMPUNG;BKM;AOi4260105115806157f9ced0;0;Anomaly;
202603;AREA 1;SUMBAGSEL;PANGKAL PINANG;TJN;AOi4260120093621081f969f0;0;Comply;1,60
202603;AREA 1;SUMBAGSEL;PANGKAL PINANG;TJN;AOi4260126042656750d50200;0;Comply;0,57
202603;AREA 1;SUMBAGSEL;PANGKAL PINANG;TJN;AOi126013008464139512d770;0;Anomaly;
202603;AREA 1;SUMBAGSEL;PANGKAL PINANG;TJN;AOi42601091007030481356d0;0;Comply;-15,75
202603;AREA 1;SUMBAGUT;CENTRAL MEDAN;TJR;AOi426012911145380053e740;0;Anomaly;
202603;AREA 1;SUMBAGUT;WESTERN MEDAN;IDI;AOi426012210185518426a930;0;Anomaly;
202603;AREA 1;SUMBAGTENG;PEKANBARU;PBB;AOi426012708395139426a270;0;Anomaly;
202603;AREA 1;SUMBAGUT;CENTRAL MEDAN;SKI;AOi42601300248440258ad060;0;Anomaly;
202603;AREA 1;SUMBAGTENG;BUKIT TINGGI;UGD;AOi4260126114252904f32680;0;Anomaly;
202603;AREA 1;SUMBAGTENG;BUKIT TINGGI;UGD;AOi4260106095226199d361a0;0;Anomaly;
202603;AREA 1;SUMBAGUT;BANDA ACEH;LTM;AOs32512230915588405d3180;0;Anomaly;
202603;AREA 1;SUMBAGUT;BANDA ACEH;LTM;AOi4251222101009081438a20;0;Anomaly;
202603;AREA 1;SUMBAGUT;BANDA ACEH;LTM;AOi42601160633531401ae1b0;0;Anomaly;
202603;AREA 1;SUMBAGUT;BANDA ACEH;LTM;AOi4260120020448779dc6130;0;Anomaly;
202603;AREA 1;SUMBAGTENG;BUKIT TINGGI;PAM;AOi4261229122225521d0e4c0;0;Anomaly;
202603;AREA 1;SUMBAGTENG;BUKIT TINGGI;PAM;AOi42601140118108248e1090;0;Anomaly;
202603;AREA 1;SUMBAGUT;CENTRAL MEDAN;LBP;AOi426012711405675384b9f0;0;Anomaly;
202603;AREA 1;SUMBAGUT;CENTRAL MEDAN;LBP;AOi426011904324856772fc60;0;Anomaly;
202603;AREA 1;SUMBAGUT;CENTRAL MEDAN;LBP;AOi4260109103117946d1b640;0;Anomaly;
202603;AREA 1;SUMBAGUT;CENTRAL MEDAN;LBP;AOi4260121063855856098330;0;Anomaly;
202603;AREA 1;SUMBAGSEL;BENGKULU;TSS;AOi42601040105079591671f0;0;Anomaly;
202603;AREA 1;SUMBAGTENG;BATAM;DBS;AOi4260128080905922ec1a40;0;Anomaly;
202603;AREA 1;SUMBAGSEL;LAMPUNG;BDA;AOi42601190906406991b6a00;0;Anomaly;
202603;AREA 1;SUMBAGSEL;JAMBI;MAB;AOi4261231020425335816ee0;0;Anomaly;
202603;AREA 1;SUMBAGSEL;JAMBI;MAB;AOi42601170127335857ef380;0;Anomaly;
202603;AREA 1;SUMBAGSEL;JAMBI;MAB;AOk42601130833461415d1180;0;Anomaly;22,88
202603;AREA 1;SUMBAGSEL;JAMBI;MAB;AOi426012104235576359a5f0;0;Anomaly;1,66
202603;AREA 1;SUMBAGSEL;JAMBI;MAB;AOi42601100107387374b18e0;0;Anomaly;
202603;AREA 1;SUMBAGSEL;JAMBI;MAB;AOi4260107022442756018e20;0;Anomaly;
202603;AREA 1;SUMBAGUT;CENTRAL MEDAN;SKI;AOs3260126033104844bed7e0;0;Anomaly;
202603;AREA 1;SUMBAGUT;CENTRAL MEDAN;SKI;AOi4260122023913360177ef0;0;Comply;-3,98
202603;AREA 1;SUMBAGUT;CENTRAL MEDAN;SKI;AOi4260130100246921f14920;0;Anomaly;
202603;AREA 1;SUMBAGUT;CENTRAL MEDAN;SKI;AOi42601300709500075031e0;0;Anomaly;
202603;AREA 1;SUMBAGTENG;BUKIT TINGGI;UGD;AOi42601150111447553db8c0;0;Anomaly;
202603;AREA 1;SUMBAGUT;BANDA ACEH;LTM;AOi42612310213122645d7c00;0;Anomaly;
202603;AREA 1;SUMBAGTENG;BUKIT TINGGI;PAM;AOi42601131019464876e3900;0;Anomaly;
202603;AREA 1;SUMBAGSEL;LAMPUNG;KBI;AOi4260119125059809f4f9c0;0;Anomaly;
202603;AREA 1;SUMBAGSEL;LAMPUNG;KBI;AOi42601090132129197091b0;0;Anomaly;
202603;AREA 1;SUMBAGUT;CENTRAL MEDAN;LBP;AOi42601050819492609bf3c0;0;Anomaly;
202603;AREA 1;SUMBAGUT;CENTRAL MEDAN;LBP;AOi4260115105637522307e70;0;Anomaly;
202603;AREA 1;SUMBAGUT;RANTAU PRAPAT;ANR;AOi4260108084252109f32d60;0;Anomaly;
202603;AREA 1;SUMBAGUT;RANTAU PRAPAT;ANR;AOi42601060224403325326a0;0;Anomaly;
202603;AREA 1;SUMBAGUT;BANDA ACEH;MGD;AOi4260112050555862316640;0;Anomaly;
202603;AREA 1;SUMBAGUT;BANDA ACEH;MGD;AOi4260128093118940367b00;0;Anomaly;
202603;AREA 1;SUMBAGSEL;PALEMBANG;BTA;AOk42601020254534997f84c0;0;Anomaly;
202603;AREA 1;SUMBAGTENG;BATAM;DGS;AOs3260127024355610e0a8b0;0;Anomaly;
202603;AREA 1;SUMBAGSEL;LAMPUNG;KBI;AOi42601170150131107053c0;0;Anomaly;
202603;AREA 1;SUMBAGTENG;BATAM;DGS;AOi426012707454976374f540;0;Comply;-44,81
202603;AREA 1;SUMBAGTENG;BATAM;DGS;AOi4260125012305232e49820;0;Anomaly;
202603;AREA 1;SUMBAGTENG;BATAM;DGS;AOi4260124090136538bd8240;0;Comply;0,38
202603;AREA 1;SUMBAGTENG;BATAM;DGS;AOi4260112045047159a054e0;0;Anomaly;
202603;AREA 1;SUMBAGTENG;PEKANBARU;PWG;AOi4260103125616800527010;0;Anomaly;
202603;AREA 1;SUMBAGTENG;PADANG;TLB;AOi4260109014744635251fa0;0;Comply;-51,27
202603;AREA 1;SUMBAGTENG;PADANG;TLB;AOi42601130908332904a71f0;0;Anomaly;
202603;AREA 1;SUMBAGSEL;JAMBI;MAB;AOi4261231020425335816ee0;0;Anomaly;
202603;AREA 1;SUMBAGSEL;JAMBI;MAB;AOi4260112015055652418b50;0;Anomaly;-44,21
202603;AREA 1;SUMBAGSEL;JAMBI;MAB;AOi426012610373500923a2e0;0;Anomaly;
202603;AREA 1;SUMBAGSEL;JAMBI;MAB;AOi4260111013857750302530;0;Anomaly;
202603;AREA 1;SUMBAGSEL;PANGKAL PINANG;TBI;AOi426011207030926029cf50;0;Anomaly;-15,43
202603;AREA 1;SUMBAGSEL;PANGKAL PINANG;TBI;AOi42601081054412198efd30;0;Anomaly;33,82
202603;AREA 1;SUMBAGSEL;PANGKAL PINANG;TBI;AOi426011207030926029cf50;0;Anomaly;
202603;AREA 1;SUMBAGSEL;PANGKAL PINANG;TBI;AOi426011209050456979e570;0;Anomaly;1,67
202603;AREA 1;SUMBAGTENG;PADANG;BLS;AOi42601200312031047839a0;0;Anomaly;
202603;AREA 1;SUMBAGTENG;PADANG;BLS;AOi4260119123724859b41b80;0;Anomaly;
202603;AREA 1;SUMBAGTENG;BATAM;LBJ;AOi42601131226066360b9160;0;Anomaly;
202603;AREA 1;SUMBAGTENG;BATAM;LBJ;AOi4260120125041388215450;0;Anomaly;
202603;AREA 1;SUMBAGTENG;BATAM;LBJ;AOi426012412325214135e0a0;0;Comply;-24,20
202603;AREA 1;SUMBAGTENG;BATAM;LBJ;AOi4260121025744982f87e30;0;Anomaly;
202603;AREA 1;SUMBAGTENG;BATAM;LBJ;AOi4260129085631600153e40;0;Comply;-65,85
202603;AREA 1;SUMBAGTENG;BATAM;LBJ;AOi42601071145487123bb0b0;0;Anomaly;
202603;AREA 1;SUMBAGSEL;PALEMBANG;IDL;AOi4260112064151884daf730;0;Anomaly;
202603;AREA 1;SUMBAGSEL;PALEMBANG;IDL;AOi4260105094055120476e90;0;Anomaly;
202603;AREA 1;SUMBAGSEL;PALEMBANG;IDL;AOi12601131200024952c1260;0;Anomaly;
202603;AREA 1;SUMBAGUT;RANTAU PRAPAT;ANP;AOi42601200747415866e4560;0;Anomaly;
202603;AREA 1;SUMBAGUT;RANTAU PRAPAT;ANP;AOi426010407104341976fef0;0;Anomaly;
202603;AREA 1;SUMBAGUT;RANTAU PRAPAT;ANP;AOi426012801571937315b470;0;Anomaly;
202603;AREA 1;SUMBAGUT;RANTAU PRAPAT;ANP;AOi426010904032164239d100;0;Anomaly;
202603;AREA 1;SUMBAGUT;RANTAU PRAPAT;ANP;AOi4260104020635153fbfe50;0;Anomaly;
202603;AREA 1;SUMBAGTENG;BATAM;DGS;AOi4260124090136538bd8240;0;Anomaly;
202603;AREA 1;SUMBAGTENG;BATAM;DGS;AOi4260127084948642cb1b70;0;Anomaly;
202603;AREA 1;SUMBAGTENG;BATAM;DGS;AOi4260113024430516d55f90;0;Comply;-22,83
202603;AREA 1;SUMBAGTENG;BATAM;DGS;AOi4260107065612746a51000;0;Anomaly;
202603;AREA 1;SUMBAGTENG;BATAM;DGS;AOi426010204261922311f0f0;0;Anomaly;
202603;AREA 1;SUMBAGTENG;BATAM;DGS;AOi4260126041352804188500;0;Anomaly;
202603;AREA 1;SUMBAGTENG;BATAM;DGS;AOi4260122091117508a6e110;0;Anomaly;
202603;AREA 1;SUMBAGTENG;BATAM;DGS;AOi42601071144349915d2bd0;0;Anomaly;
202603;AREA 1;SUMBAGUT;PADANG SIDEMPUAN;BJE;AOi42601140423294006451b0;0;Anomaly;
202603;AREA 1;SUMBAGUT;PADANG SIDEMPUAN;BJE;AOi426012703163763876ed80;0;Anomaly;
202603;AREA 1;SUMBAGTENG;PEKANBARU;PWG;AOi4260123021040562968600;0;Anomaly;
202603;AREA 1;SUMBAGTENG;PADANG;TLB;AOi42601241213428752fe660;0;Anomaly;
202603;AREA 1;SUMBAGTENG;PADANG;TLB;AOi4260111081820976906fc0;0;Comply;-45,81
202603;AREA 1;SUMBAGTENG;PADANG;TLB;AOk4260111114803103b31290;0;Anomaly;
202603;AREA 1;SUMBAGUT;CENTRAL MEDAN;CTD;AOi4260119065804870ba29d0;0;Anomaly;
202603;AREA 1;SUMBAGUT;CENTRAL MEDAN;CTD;AOi4261230080121626f137e0;0;Anomaly;
202603;AREA 1;SUMBAGTENG;BATAM;LBJ;AOi4260116010338255eeab80;0;Anomaly;
202603;AREA 1;SUMBAGTENG;BATAM;LBJ;AOk4260120125107893e02120;0;Anomaly;
202603;AREA 1;SUMBAGTENG;BATAM;LBJ;AOi4260116010338255eeab80;0;Anomaly;
202603;AREA 1;SUMBAGUT;WESTERN MEDAN;STB;AOi426011201251707426a970;0;Anomaly;
202603;AREA 1;SUMBAGUT;WESTERN MEDAN;STB;AOi42601110427225841c74e0;0;Anomaly;
202603;AREA 1;SUMBAGUT;WESTERN MEDAN;STB;AOb02601210638314484519e0;0;Anomaly;
202603;AREA 1;SUMBAGUT;WESTERN MEDAN;STB;AOb02601210638314484519e0;0;Anomaly;
202603;AREA 1;SUMBAGTENG;DUMAI;DUM;AOi4260113042836577aa4a10;0;Anomaly;
202603;AREA 1;SUMBAGUT;BANDA ACEH;SUS;AOi42601181105067912638e0;0;Anomaly;
202603;AREA 1;SUMBAGUT;BANDA ACEH;SUS;AOi426012008023917577e210;0;Anomaly;
202603;AREA 1;SUMBAGUT;BANDA ACEH;SUS;AOi4260114115520927c3bb60;0;Anomaly;-23,72
202603;AREA 1;SUMBAGSEL;PALEMBANG;MUD;AOi1260115030858191c68050;0;Anomaly;
202603;AREA 1;SUMBAGSEL;JAMBI;BKO;AOi426010705513333775cc10;0;Anomaly;28,11
202603;AREA 1;SUMBAGSEL;JAMBI;BKO;AOk426012603003138405e390;0;Anomaly;1,41
202603;AREA 1;SUMBAGSEL;JAMBI;BKO;AOk4261229031508249948e50;0;Anomaly;
202603;AREA 1;SUMBAGSEL;JAMBI;BKO;AOi4260117110728434e523b0;0;Anomaly;
202603;AREA 1;SUMBAGUT;CENTRAL MEDAN;CTD;AOi4260125011208209556d50;0;Anomaly;
202603;AREA 1;SUMBAGUT;CENTRAL MEDAN;CTD;AOi4260124050946725da9b80;0;Anomaly;
202603;AREA 1;SUMBAGUT;CENTRAL MEDAN;CTD;AOi42601160436433492a4cf0;0;Anomaly;
202603;AREA 1;SUMBAGUT;CENTRAL MEDAN;CTD;AOi4260108104600930a1e500;0;Anomaly;
202603;AREA 1;SUMBAGUT;CENTRAL MEDAN;CTD;AOi12601241130467742b94b0;0;Anomaly;
202603;AREA 1;SUMBAGSEL;BENGKULU;KPH;AOi42601020414244672b0c90;0;Anomaly;
202603;AREA 1;SUMBAGSEL;BENGKULU;KPH;AOi4260123110746018b72090;0;Anomaly;
202603;AREA 1;SUMBAGTENG;BATAM;LBJ;AOk4260105045109689e68ff0;0;Comply;-67,68
202603;AREA 1;SUMBAGUT;BANDA ACEH;TKN;AOi4260107090208621bfb580;0;Anomaly;
202603;AREA 1;SUMBAGUT;BANDA ACEH;TKN;AOi42511230956466793cd7d0;0;Anomaly;
202603;AREA 1;SUMBAGUT;BANDA ACEH;TKN;AOi4251221093024579d2e460;0;Comply;-50,43
202603;AREA 1;SUMBAGTENG;PEKANBARU;RGT;AOk4260126041534182d50880;0;Anomaly;
202603;AREA 1;SUMBAGTENG;BUKIT TINGGI;SCC;AOi426011103231842011d140;0;Anomaly;
202603;AREA 1;SUMBAGUT;PADANG SIDEMPUAN;SIB;AOi4260115110832067fd06c0;0;Comply;2,50
202603;AREA 1;SUMBAGUT;PADANG SIDEMPUAN;SIB;AOi4260115092344155d66a90;0;Anomaly;
202603;AREA 1;SUMBAGUT;PADANG SIDEMPUAN;SIB;AOi426011111155505626a250;0;Comply;2,57
202603;AREA 1;SUMBAGSEL;JAMBI;BKO;AOi4260122085249958f8e440;0;Anomaly;
202603;AREA 1;SUMBAGSEL;BENGKULU;TIS;AOi4261230023555707182430;0;Anomaly;
202603;AREA 1;SUMBAGSEL;BENGKULU;TIS;AOi4260125023346632a23920;0;Anomaly;
202603;AREA 1;SUMBAGSEL;BENGKULU;TIS;AOi4260121084741210d34da0;0;Anomaly;
202603;AREA 1;SUMBAGSEL;BENGKULU;TIS;AOi4260104013259648234e70;0;Anomaly;
202603;AREA 1;SUMBAGSEL;BENGKULU;TIS;AOi4260108100153248918840;0;Anomaly;
202603;AREA 1;SUMBAGUT;PEMATANG SIANTAR;SDK;AOi42601200924553815edd10;0;Anomaly;
202603;AREA 1;SUMBAGSEL;PANGKAL PINANG;MGR;AOi426012210351998946f550;0;Anomaly;
202603;AREA 1;SUMBAGUT;PADANG SIDEMPUAN;SIB;AOi4260120112602437324ac0;0;Anomaly;
202603;AREA 1;SUMBAGUT;PADANG SIDEMPUAN;SIB;AOi4260118102631462c3f8f0;0;Comply;-0,07
202603;AREA 1;SUMBAGUT;PEMATANG SIANTAR;BLG;AOi42601021157260155b38c0;0;Anomaly;
202603;AREA 1;SUMBAGUT;CENTRAL MEDAN;MDC;AOi426013004444579647df10;0;Anomaly;
202603;AREA 1;SUMBAGUT;CENTRAL MEDAN;MDC;AOi4260121111504971c7ffb0;0;Anomaly;
202603;AREA 1;SUMBAGTENG;PADANG;BGS;AOi426011710060120081ecb0;0;Anomaly;
202603;AREA 1;SUMBAGTENG;PADANG;BGS;AOi4260101110033114219ea0;0;Anomaly;
202603;AREA 1;SUMBAGUT;CENTRAL MEDAN;GLG;AOi42601150620469731be010;0;Anomaly;
202603;AREA 1;SUMBAGSEL;PANGKAL PINANG;MGR;AOi4260107011155580a1b240;0;Anomaly;
202603;AREA 1;SUMBAGSEL;PANGKAL PINANG;MGR;AOi4260106030455468bae390;0;Anomaly;
202603;AREA 1;SUMBAGSEL;PANGKAL PINANG;MGR;AOi4260125030520644f5deb0;0;Anomaly;
202603;AREA 1;SUMBAGSEL;PANGKAL PINANG;MGR;AOi426012607285685227c5f0;0;Anomaly;
202603;AREA 1;SUMBAGSEL;PANGKAL PINANG;MGR;AOi42601110121597468a8200;0;Anomaly;
202603;AREA 1;SUMBAGUT;BANDA ACEH;BKJ;AOi4260102103222665e68e40;0;Anomaly;
202603;AREA 1;SUMBAGUT;BANDA ACEH;SAB;AOi4260124095054961ba01e0;0;Anomaly;
202603;AREA 1;SUMBAGUT;WESTERN MEDAN;KUL;AOi42601130301486018355f0;0;Anomaly;
202603;AREA 1;SUMBAGTENG;BATAM;LBJ;AOk4261231021332395035800;0;Anomaly;
202603;AREA 1;SUMBAGSEL;PALEMBANG;SKY;AOi4260102054654759c96640;0;Anomaly;
202603;AREA 1;SUMBAGSEL;PALEMBANG;SKY;AOi12601300616057391aa950;0;Anomaly;
202603;AREA 1;SUMBAGSEL;PALEMBANG;SKY;AOi426011911411526203e030;0;Anomaly;
202603;AREA 1;SUMBAGSEL;PANGKAL PINANG;TJN;AOi426010306114553727a310;0;Anomaly;
202603;AREA 1;SUMBAGSEL;PANGKAL PINANG;TJN;AOk426012610375245808af60;0;Not Comply;35,40
202603;AREA 1;SUMBAGSEL;PANGKAL PINANG;TJN;AOi426011712315214343a200;0;Comply;-24,53
202603;AREA 1;SUMBAGSEL;PANGKAL PINANG;TJN;AOi4260126080049880b262d0;0;Not Comply;731,69
202603;AREA 1;SUMBAGSEL;PANGKAL PINANG;TJN;AOi4260104102227692c5c4c0;0;Anomaly;
202603;AREA 1;SUMBAGSEL;PANGKAL PINANG;TJN;AOi4260103101134976e0f520;0;Anomaly;
202603;AREA 1;SUMBAGTENG;BATAM;LBJ;AOi4261231113826256a99d00;0;Anomaly;
202603;AREA 1;SUMBAGTENG;BATAM;LBJ;AOi4260105103616266757a70;0;Comply;-68,23
202603;AREA 1;SUMBAGSEL;BENGKULU;BNC;AOi4260127122352023391350;0;Anomaly;
202603;AREA 1;SUMBAGSEL;BENGKULU;BNC;AOi42601090421178882f9d90;0;Anomaly;
202603;AREA 1;SUMBAGTENG;BUKIT TINGGI;BSK;AOi42601260346550678ca130;0;Anomaly;
202603;AREA 1;SUMBAGSEL;PALEMBANG;UNT;AOi4260109105004042565f30;0;Anomaly;
202603;AREA 1;SUMBAGUT;CENTRAL MEDAN;GLG;AOi4260103033440048e5b1c0;0;Anomaly;
202603;AREA 1;SUMBAGSEL;PALEMBANG;TLK;AOi42601200737236616e2f70;0;Anomaly;
202603;AREA 1;SUMBAGSEL;PALEMBANG;TLK;AOk4261230123516371cb1dc0;0;Anomaly;
202603;AREA 1;SUMBAGSEL;PALEMBANG;TLK;AOi426011708390808662e920;0;Comply;-18,56
202603;AREA 1;SUMBAGSEL;LAMPUNG;PRW;AOi1260105064035126852480;0;Anomaly;
202603;AREA 1;SUMBAGTENG;BUKIT TINGGI;PUK;AOi4260103041539308de5050;0;Anomaly;
202603;AREA 1;SUMBAGUT;RANTAU PRAPAT;KPI;AOi4260111035517774b34780;0;Anomaly;
202603;AREA 1;SUMBAGUT;BANDA ACEH;BPD;AOi426012310093202564dd00;0;Comply;1,88
202603;AREA 1;SUMBAGUT;PEMATANG SIANTAR;PPT;AOi4260122124421782392e30;0;Anomaly;
202603;AREA 1;SUMBAGUT;PEMATANG SIANTAR;PPT;AOi4260104092737830734ef0;0;Anomaly;2,38
202603;AREA 1;SUMBAGSEL;PALEMBANG;KAG;AOi4260106070147576e3f8a0;0;Anomaly;0,81
202603;AREA 1;SUMBAGSEL;PALEMBANG;KAG;AOi426010203091662095e1d0;0;Anomaly;
202603;AREA 1;SUMBAGSEL;PALEMBANG;KAG;AOs32601131111290800b1970;0;Anomaly;-2,61
202603;AREA 1;SUMBAGSEL;PALEMBANG;MPA;AOi4260118121535538b5e910;0;Anomaly;
202603;AREA 1;SUMBAGSEL;PALEMBANG;MPA;AOi426123104260944534e920;0;Anomaly;
202603;AREA 1;SUMBAGUT;BANDA ACEH;BPD;AOi1260116020954235220220;0;Comply;0,07
202603;AREA 1;SUMBAGUT;BANDA ACEH;BPD;AOi1260107112843478fb2300;0;Anomaly;
202603;AREA 1;SUMBAGUT;PEMATANG SIANTAR;BST;AOi4260128052245860131030;0;Comply;-24,20
202603;AREA 1;SUMBAGUT;PEMATANG SIANTAR;BST;AOi4260106031950855511950;0;Anomaly;
202603;AREA 1;SUMBAGTENG;PADANG;SUM;AOi42612310938504049befe0;0;Anomaly;
202603;AREA 1;SUMBAGTENG;PADANG;PNN;AOk42601190930262141df8e0;0;Anomaly;
202603;AREA 1;SUMBAGUT;BANDA ACEH;LBR;AOi4260128060606744863770;0;Anomaly;
202603;AREA 1;SUMBAGUT;BANDA ACEH;LBR;AOi42601260457388718d5130;0;Anomaly;
202603;AREA 1;SUMBAGUT;BANDA ACEH;LBR;AOi4260129121129647cae830;0;Anomaly;
202603;AREA 1;SUMBAGUT;CENTRAL MEDAN;PRT;AOi42601310522120620a7e70;0;Comply;2,97
202603;AREA 1;SUMBAGSEL;PANGKAL PINANG;JBS;AOi42601240538577112a4710;0;Comply;-1,17
202603;AREA 1;SUMBAGSEL;JAMBI;MND;AOi4260111042436884d91a30;0;Anomaly;
202603;AREA 1;SUMBAGSEL;JAMBI;MND;AOi4260103014525079f58d70;0;Anomaly;
202603;AREA 1;SUMBAGSEL;JAMBI;MND;AOb0260108063422830e45030;0;Anomaly;
202603;AREA 1;SUMBAGSEL;JAMBI;MND;AOi4260104032337054255ef0;0;Comply;-25,84
202603;AREA 1;SUMBAGSEL;JAMBI;MND;AOi4261231092828695abdd20;0;Comply;-25,12
202603;AREA 1;SUMBAGTENG;BUKIT TINGGI;SIG;AOi42601211142433934f7790;0;Anomaly;
202603;AREA 1;SUMBAGUT;WESTERN MEDAN;MKL;AOi42601240236088464c5a20;0;Anomaly;
202603;AREA 1;SUMBAGTENG;BATAM;BTC;AOi426010811582084120cda0;0;Anomaly;
202603;AREA 1;SUMBAGTENG;BATAM;BTC;AOi426010205173264511c230;0;Comply;-2,68
202603;AREA 1;SUMBAGTENG;BATAM;BTC;AOi4260112061307287826630;0;Anomaly;
202603;AREA 1;SUMBAGTENG;BATAM;BTC;AOi4260101124921766c23f80;0;Comply;0,28
202603;AREA 1;SUMBAGTENG;BATAM;BTC;AOi426010805174867880ae90;0;Anomaly;
202603;AREA 1;SUMBAGTENG;BATAM;BTC;AOi4260116125536032d2a090;0;Anomaly;
202603;AREA 1;SUMBAGTENG;BATAM;BTC;AOi42601060409431202acba0;0;Anomaly;
202603;AREA 1;SUMBAGSEL;PALEMBANG;UNT;AOi4260106055021966f62c10;0;Anomaly;
202603;AREA 1;SUMBAGSEL;PANGKAL PINANG;SLT;AOi4251217031712227359a60;0;Anomaly;
202603;AREA 1;SUMBAGUT;WESTERN MEDAN;STB;AOi4260117094203446f27460;0;Comply;-7,95
202603;AREA 1;SUMBAGTENG;DUMAI;DUM;AOi42601170407256667f9840;0;Anomaly;
202603;AREA 1;SUMBAGTENG;DUMAI;DUM;AOi4260116110408659ce3b20;0;Anomaly;
202603;AREA 1;SUMBAGTENG;DUMAI;DUM;AOi4260128012219608d0adc0;0;Anomaly;
202603;AREA 1;SUMBAGTENG;DUMAI;DUM;AOi4260119023003672ede100;0;Anomaly;
202603;AREA 1;SUMBAGUT;BANDA ACEH;TKN;AOi4260110092947222eebc30;0;Anomaly;
202603;AREA 1;SUMBAGUT;BANDA ACEH;TKN;AOi4251122081851316ab4e80;0;Anomaly;
202603;AREA 1;SUMBAGUT;BANDA ACEH;TKN;AOi1251218100415176a233e0;0;Anomaly;
202603;AREA 1;SUMBAGUT;BANDA ACEH;TKN;AOi42512250520307820ece40;0;Anomaly;
202603;AREA 1;SUMBAGUT;BANDA ACEH;TKN;AOi42601020357596126a5f20;0;Anomaly;
202603;AREA 1;SUMBAGTENG;BUKIT TINGGI;PAM;AOi4260120111038264fa1010;0;Not Comply;23,46
202603;AREA 1;SUMBAGTENG;BUKIT TINGGI;PAM;AOi4260111042045872f9f270;0;Anomaly;
202603;AREA 1;SUMBAGTENG;PEKANBARU;MIS;AOi426011603252073847acf0;0;Anomaly;
202603;AREA 1;SUMBAGUT;WESTERN MEDAN;PBD;AOi4260119125740083c61830;0;Anomaly;
202603;AREA 1;SUMBAGTENG;PEKANBARU;BKR;AOi4260107124608900498fa0;0;Anomaly;
202603;AREA 1;SUMBAGTENG;BATAM;BTC;AOi42601290646245263c2b30;0;Anomaly;
202603;AREA 1;SUMBAGTENG;BATAM;BTC;AOi42601071101545750e0770;0;Comply;-1,52
202603;AREA 1;SUMBAGTENG;BATAM;BTC;AOi426011806181460250d3a0;0;Anomaly;
202603;AREA 1;SUMBAGTENG;BATAM;BTC;AOs3260111022655371fc2170;0;Anomaly;
202603;AREA 1;SUMBAGTENG;BATAM;BTC;AOi426010603201770172f1a0;0;Anomaly;
202603;AREA 1;SUMBAGTENG;BATAM;BTC;AOi426010603201770172f1a0;0;Anomaly;
202603;AREA 1;SUMBAGTENG;BATAM;BTC;AOi42601290739252789bfc90;0;Anomaly;
202603;AREA 1;SUMBAGTENG;BATAM;BTC;PDAk4260106024510885e9d1a0;0;Comply;1,79
202603;AREA 1;SUMBAGTENG;BATAM;BTC;AOi42601020129197333666c0;0;Anomaly;
202603;AREA 1;SUMBAGUT;PEMATANG SIANTAR;SRA;AOi4260107095157210bd9bc0;0;Comply;-3,01
202603;AREA 1;SUMBAGUT;PEMATANG SIANTAR;SRA;AOk42601260233344172f18e0;0;Comply;2,44
202603;AREA 1;SUMBAGUT;CENTRAL MEDAN;SPM;AOi4261230012240738dce660;0;Anomaly;
202603;AREA 1;SUMBAGUT;CENTRAL MEDAN;SPM;AOi426011212102540733f570;0;Anomaly;
202603;AREA 1;SUMBAGUT;CENTRAL MEDAN;SPM;AOi4260121090450665970b70;0;Anomaly;
202603;AREA 1;SUMBAGUT;CENTRAL MEDAN;SPM;AOi426011212102540733f570;0;Anomaly;
202603;AREA 1;SUMBAGUT;CENTRAL MEDAN;SPM;AOi42612300202047261b4d40;0;Anomaly;
202603;AREA 1;SUMBAGTENG;PEKANBARU;BKR;AOi426011101085765749e140;0;Anomaly;
202603;AREA 1;SUMBAGSEL;PALEMBANG;SRO;AOi4260105025611878ca6460;0;Anomaly;
202603;AREA 1;SUMBAGSEL;LAMPUNG;KBI;AOi42601210846592489b05b0;0;Anomaly;
202603;AREA 1;SUMBAGSEL;LAMPUNG;KBI;AOi4260114045737429c4d660;0;Comply;-21,23
202603;AREA 1;SUMBAGSEL;LAMPUNG;KBI;AOi4260120115209386c5e9f0;0;Anomaly;
202603;AREA 1;SUMBAGTENG;PEKANBARU;RGT;AOi42601130435495312f1a60;0;Anomaly;
202603;AREA 1;SUMBAGTENG;PEKANBARU;RGT;AOi4260120091019341d5b150;0;Anomaly;
202603;AREA 1;SUMBAGTENG;PEKANBARU;RGT;AOi4261229113859862598b30;0;Anomaly;
202603;AREA 1;SUMBAGUT;PADANG SIDEMPUAN;SIB;AOi426011111155505626a250;0;Anomaly;
202603;AREA 1;SUMBAGUT;PEMATANG SIANTAR;BLG;AOk426011209000721138c0b0;0;Anomaly;
202603;AREA 1;SUMBAGUT;CENTRAL MEDAN;SPM;AOi1260113084604656698320;0;Comply;-9,68
202603;AREA 1;SUMBAGUT;CENTRAL MEDAN;SPM;AOi4260127015201244adc7a0;0;Anomaly;
202603;AREA 1;SUMBAGUT;BANDA ACEH;LBR;AOi42601301107568470b3a10;0;Anomaly;
202603;AREA 1;SUMBAGUT;BANDA ACEH;LBR;AOi4260126035327921fc53f0;0;Anomaly;
202603;AREA 1;SUMBAGUT;BANDA ACEH;BNN;AOi42512130428515480ca780;0;Anomaly;
202603;AREA 1;SUMBAGUT;BANDA ACEH;BNN;AOi42601211207151018434e0;0;Comply;-21,49
202603;AREA 1;SUMBAGUT;BANDA ACEH;BNN;AOi42612301219269991809b0;0;Anomaly;
202603;AREA 1;SUMBAGUT;BANDA ACEH;BNN;AOi426010509572373001c080;0;Comply;-4,26
202603;AREA 1;SUMBAGTENG;BATAM;KMS;AOi4260124011910510e3ce20;0;Anomaly;
202603;AREA 1;SUMBAGTENG;BATAM;KMS;AOi4260103033626211ad8ad0;0;Comply;-3,50
202603;AREA 1;SUMBAGSEL;JAMBI;JMI;AOi4260120083339957092d10;0;Comply;-25,07
202603;AREA 1;SUMBAGTENG;BUKIT TINGGI;LIN;AOi4251227044832742aebbd0;0;Anomaly;
202603;AREA 1;SUMBAGTENG;BUKIT TINGGI;LIN;AOi426010501402165476f0e0;0;Anomaly;
202603;AREA 1;SUMBAGTENG;BATAM;BTC;AOi42601170527362405a7880;0;Anomaly;
202603;AREA 1;SUMBAGUT;PADANG SIDEMPUAN;PSP;AOi4260129103014699492720;0;Anomaly;
202603;AREA 1;SUMBAGUT;PADANG SIDEMPUAN;PSP;AOk4260109083133024095530;0;Anomaly;
202603;AREA 1;SUMBAGUT;PADANG SIDEMPUAN;PSP;AOi4260113123608042e99270;0;Anomaly;
202603;AREA 1;SUMBAGUT;PEMATANG SIANTAR;BLG;AOi4260123040225842019a80;0;Anomaly;
202603;AREA 1;SUMBAGUT;PEMATANG SIANTAR;BLG;AOi4260116051535517cf8450;0;Anomaly;
202603;AREA 1;SUMBAGUT;PEMATANG SIANTAR;BLG;AOi42601190310412335545a0;0;Anomaly;
202603;AREA 1;SUMBAGUT;PEMATANG SIANTAR;BLG;AOi4260118102721942b7a040;0;Anomaly;
202603;AREA 1;SUMBAGUT;PEMATANG SIANTAR;BLG;AOi4260128125515946abbbe0;0;Anomaly;
202603;AREA 1;SUMBAGUT;CENTRAL MEDAN;MDC;AOi4260127020214504b6f0b0;0;Anomaly;
202603;AREA 1;SUMBAGUT;CENTRAL MEDAN;MDC;AOi4260131103229370f609a0;0;Anomaly;
202603;AREA 1;SUMBAGUT;CENTRAL MEDAN;MDC;AOs3260126120315275156f70;0;Anomaly;
202603;AREA 1;SUMBAGTENG;PADANG;TPN;AOi42601190410424615dec80;0;Anomaly;
202603;AREA 1;SUMBAGTENG;PADANG;TPN;AOi42601190346191052aa2c0;0;Anomaly;
202603;AREA 1;SUMBAGTENG;PADANG;BDT;AOs3260111031644858c00bc0;0;Comply;-52,32
202603;AREA 1;SUMBAGTENG;PADANG;BDT;AOk42601291051591501e7240;0;Anomaly;
202603;AREA 1;SUMBAGTENG;PADANG;BDT;AOk42601300509348567d7770;0;Anomaly;
202603;AREA 1;SUMBAGTENG;DUMAI;BGU;AOi4251224100510473b7aa90;0;Anomaly;
202603;AREA 1;SUMBAGSEL;LAMPUNG;TGP;AOi42601060815183574aa800;0;Anomaly;
202603;AREA 1;SUMBAGUT;BANDA ACEH;BNA;AOi4260102024411104b98f30;0;Anomaly;
202603;AREA 1;SUMBAGUT;BANDA ACEH;BNA;AOk426123003345209507b7b0;0;Anomaly;
202603;AREA 1;SUMBAGUT;BANDA ACEH;BNA;AOi4260115084833744fd12d0;0;Anomaly;
202603;AREA 1;SUMBAGSEL;PALEMBANG;SBU;AOk4261231014641708f3b490;0;Anomaly;
202603;AREA 1;SUMBAGUT;WESTERN MEDAN;PTL;AOi4260105122101574383810;0;Comply;-20,75
202603;AREA 1;SUMBAGTENG;BUKIT TINGGI;LIN;AOi4260121035900968c94bb0;0;Anomaly;
202603;AREA 1;SUMBAGSEL;JAMBI;MBN;AOi4260104045950647fa5b00;0;Comply;0,37
202603;AREA 1;SUMBAGSEL;JAMBI;MBN;AOi4260128011835101f33100;0;Comply;1,38
202603;AREA 1;SUMBAGUT;BANDA ACEH;MBO;AOi426011005402289469ff50;0;Anomaly;
202603;AREA 1;SUMBAGUT;PEMATANG SIANTAR;PMY;AOi4260121042255878f9afb0;0;Anomaly;
202603;AREA 1;SUMBAGTENG;PADANG;BGS;AOi4260128101823220a929b0;0;Anomaly;
202603;AREA 1;SUMBAGSEL;PALEMBANG;PLJ;AOi42601101110265725615a0;0;Anomaly;
202603;AREA 1;SUMBAGSEL;PALEMBANG;PLJ;AOi42601290507274500f8490;0;Anomaly;
202603;AREA 1;SUMBAGUT;CENTRAL MEDAN;GLG;AOi4260116124727461332760;0;Anomaly;
202603;AREA 1;SUMBAGTENG;PADANG;LIM;AOi4260125122713199623460;0;Anomaly;
202603;AREA 1;SUMBAGSEL;LAMPUNG;SPS;AOi4261231094721192bdda20;0;Anomaly;
202603;AREA 1;SUMBAGTENG;BUKIT TINGGI;SUP;AOi4261231125730191799940;0;Anomaly;
202603;AREA 1;SUMBAGTENG;PADANG;SLN;AOi42601080952386779149d0;0;Anomaly;
202603;AREA 1;SUMBAGUT;BANDA ACEH;BPD;AOs3260109071325969896670;0;Anomaly;
202603;AREA 1;SUMBAGUT;BANDA ACEH;BPD;AOi1260116020954235220220;0;Anomaly;
202603;AREA 1;SUMBAGUT;BANDA ACEH;BPD;AOi42512260442182699e8400;0;Anomaly;
202603;AREA 1;SUMBAGUT;BANDA ACEH;BPD;AOi1260107112843478fb2300;0;Not Comply;4,38
202603;AREA 1;SUMBAGUT;BANDA ACEH;BPD;AOi42612301249101964e2000;0;Anomaly;
202603;AREA 1;SUMBAGUT;BANDA ACEH;BPD;AOi42601030309181745419b0;0;Anomaly;
202603;AREA 1;SUMBAGUT;BANDA ACEH;BPD;AOi4261231030216424b1d7b0;0;Anomaly;
202603;AREA 1;SUMBAGUT;BANDA ACEH;MBO;AOi4260110015855166820ed0;0;Anomaly;
202603;AREA 1;SUMBAGUT;BANDA ACEH;MBO;AOi4260111051055851587a90;0;Comply;-22,66
202603;AREA 1;SUMBAGTENG;BUKIT TINGGI;LBB;AOi4260112073538355ae2430;0;Anomaly;
202603;AREA 1;SUMBAGTENG;BUKIT TINGGI;LBB;AOi42612310255132286e6eb0;0;Anomaly;
202603;AREA 1;SUMBAGSEL;JAMBI;KOA;AOk4260119031014563021840;0;Comply;-22,91
202603;AREA 1;SUMBAGTENG;BUKIT TINGGI;PYK;AOi426012703560699668cad0;0;Anomaly;
202603;AREA 1;SUMBAGTENG;BUKIT TINGGI;PYK;AOs3260101121030340cf0cc0;0;Anomaly;
202603;AREA 1;SUMBAGTENG;BUKIT TINGGI;PYK;AOi426011010003604710afa0;0;Anomaly;
202603;AREA 1;SUMBAGTENG;BUKIT TINGGI;PYK;AOk4261231014530182b8b040;0;Anomaly;
202603;AREA 1;SUMBAGTENG;BUKIT TINGGI;PDJ;AOi42601060950282364ee200;0;Anomaly;
202603;AREA 1;SUMBAGTENG;BUKIT TINGGI;PDJ;AOi42601060950282364ee200;0;Anomaly;
202603;AREA 1;SUMBAGTENG;DUMAI;PPN;AOi4260124100831084dea4f0;0;Comply;-14,37
202603;AREA 1;SUMBAGTENG;BATAM;PNI;AOk42601200219533824da240;0;Anomaly;
202603;AREA 1;SUMBAGSEL;PALEMBANG;MUB;AOi4260118034923298efc3f0;0;Comply;1,72
202603;AREA 1;SUMBAGTENG;BATAM;NGS;AOk4260102035200842c90ba0;0;Anomaly;
202603;AREA 1;SUMBAGTENG;BATAM;NGS;PDAk4260127100937667da2900;0;Anomaly;
202603;AREA 1;SUMBAGTENG;BATAM;NGS;AOi4260102045543689a407a0;0;Anomaly;
202603;AREA 1;SUMBAGSEL;LAMPUNG;KLR;AOi42601250708118751747f0;0;Anomaly;
202603;AREA 1;SUMBAGUT;BANDA ACEH;BPD;AOi426011602284306610bc40;0;Anomaly;
202603;AREA 1;SUMBAGUT;BANDA ACEH;BPD;AOi42601170845316176a0760;0;Anomaly;
202603;AREA 1;SUMBAGUT;PEMATANG SIANTAR;BST;AOi4260128052245860131030;0;Anomaly;
202603;AREA 1;SUMBAGUT;PEMATANG SIANTAR;BST;AOi426010605254777306a8d0;0;Comply;-22,85
202603;AREA 1;SUMBAGUT;PEMATANG SIANTAR;BST;AOi42601161053395579f51a0;0;Anomaly;
202603;AREA 1;SUMBAGUT;BANDA ACEH;LBR;AOi42601080909409218bfb60;0;Anomaly;
202603;AREA 1;SUMBAGUT;BANDA ACEH;LBR;AOi426010611444931443b350;0;Anomaly;
202603;AREA 1;SUMBAGUT;BANDA ACEH;LBR;AOi4251225110802064fabb90;0;Anomaly;
202603;AREA 1;SUMBAGUT;PADANG SIDEMPUAN;SBG;AOi4260119011009611009920;0;Anomaly;
202603;AREA 1;SUMBAGUT;PADANG SIDEMPUAN;SBG;AOi4260110121244438e2c070;0;Anomaly;
202603;AREA 1;SUMBAGUT;PADANG SIDEMPUAN;SBG;AOi4260103052555125543610;0;Anomaly;
202603;AREA 1;SUMBAGUT;PADANG SIDEMPUAN;SBG;AOi426011404241951153c9a0;0;Anomaly;
202603;AREA 1;SUMBAGUT;PADANG SIDEMPUAN;SBG;AOs3260123085051967dccbd0;0;Anomaly;
202603;AREA 1;SUMBAGUT;PADANG SIDEMPUAN;SBG;AOk4260105104515042289c20;0;Anomaly;
202603;AREA 1;SUMBAGUT;RANTAU PRAPAT;KIS;AOi4260108052746379345050;0;Anomaly;
202603;AREA 1;SUMBAGUT;RANTAU PRAPAT;KIS;PDAk4260128015053203902e30;0;Anomaly;
202603;AREA 1;SUMBAGUT;RANTAU PRAPAT;KIS;AOi4260121032309739a1d5e0;0;Anomaly;
202603;AREA 1;SUMBAGUT;RANTAU PRAPAT;KIS;AOi42612310654111619e8310;0;Comply;-0,69
202603;AREA 1;SUMBAGUT;RANTAU PRAPAT;KIS;AOk42601070423278292601d0;0;Anomaly;
202603;AREA 1;SUMBAGUT;BANDA ACEH;DAR;AOi42601290932567434f7370;0;Anomaly;
202603;AREA 1;SUMBAGUT;BANDA ACEH;DAR;AOi4261231033607393c3f7a0;0;Anomaly;
202603;AREA 1;SUMBAGUT;BANDA ACEH;DAR;AOi4260108082119221327bf0;0;Anomaly;
202603;AREA 1;SUMBAGUT;BANDA ACEH;DAR;AOi42612300411243515fda40;0;Anomaly;
202603;AREA 1;SUMBAGUT;BANDA ACEH;DAR;AOi4260103060056592bf39c0;0;Anomaly;
202603;AREA 1;SUMBAGUT;BANDA ACEH;LBR;AOi4260108114349023d223e0;0;Anomaly;
202603;AREA 1;SUMBAGUT;BANDA ACEH;LBR;AOi4260123100342133fffad0;0;Anomaly;
202603;AREA 1;SUMBAGUT;BANDA ACEH;LBR;AOk4260107120814152ebb380;0;Anomaly;
202603;AREA 1;SUMBAGUT;BANDA ACEH;LBR;AOi42601281218025274c5a00;0;Anomaly;
202603;AREA 1;SUMBAGUT;BANDA ACEH;LBR;AOi4260123090550052e81990;0;Anomaly;
202603;AREA 1;SUMBAGUT;BANDA ACEH;LBR;AOi4260119023339687d4bc90;0;Anomaly;
202603;AREA 1;SUMBAGUT;BANDA ACEH;LBR;AOi4251226110621382ddf9c0;0;Anomaly;
202603;AREA 1;SUMBAGUT;BANDA ACEH;LBR;AOi42601220747187532ed4f0;0;Anomaly;
202603;AREA 1;SUMBAGUT;BANDA ACEH;DAR;AOi4260126114305243317d00;0;Anomaly;
202603;AREA 1;SUMBAGUT;BANDA ACEH;DAR;AOi42601280332144228aae40;0;Anomaly;
202603;AREA 1;SUMBAGTENG;PADANG;PDC;AOb0260111112827752c1b680;0;Anomaly;
202603;AREA 1;SUMBAGTENG;PADANG;PDC;AOi42601021027048249113e0;0;Anomaly;
202603;AREA 1;SUMBAGTENG;PADANG;PDC;AOi126010307315979107c700;0;Anomaly;
202603;AREA 1;SUMBAGTENG;PADANG;PDC;AOi42612310124448822f4120;0;Anomaly;
202603;AREA 1;SUMBAGTENG;PADANG;PDC;AOi4260107050036767a2cdd0;0;Anomaly;
202603;AREA 1;SUMBAGTENG;PADANG;PDC;AOi4260125122003975964110;0;Anomaly;
202603;AREA 1;SUMBAGUT;BANDA ACEH;LBR;AOi4260104082232858f443c0;0;Anomaly;
202603;AREA 1;SUMBAGSEL;PALEMBANG;TLK;PDAk4260127095618380784b70;0;Anomaly;
202603;AREA 1;SUMBAGSEL;PALEMBANG;TLK;AOi4260122092136489b51ff0;0;Anomaly;
202603;AREA 1;SUMBAGSEL;PALEMBANG;TLK;AOi42601121134458966f70e0;0;Anomaly;
202603;AREA 1;SUMBAGSEL;PALEMBANG;TLK;AOi42601030104586704a4df0;0;Anomaly;
202603;AREA 1;SUMBAGSEL;PALEMBANG;TLK;AOi4260109095338311b79bb0;0;Anomaly;
202603;AREA 1;SUMBAGSEL;PALEMBANG;TLK;AOi42601270614244739ff940;0;Anomaly;
202603;AREA 1;SUMBAGTENG;BUKIT TINGGI;PUK;AOi4260102093601860d9c920;0;Anomaly;
202603;AREA 1;SUMBAGTENG;PADANG;PDC;AOk4260113014134271a07d60;0;Anomaly;
202603;AREA 1;SUMBAGSEL;BENGKULU;MNA;AOi4261230090542043543b50;0;Anomaly;
202603;AREA 1;SUMBAGUT;CENTRAL MEDAN;PDB;AOi42601250453420938cf9f0;0;Anomaly;
202603;AREA 1;SUMBAGUT;CENTRAL MEDAN;PDB;AOs3260127041129602c841d0;0;Comply;-6,08
202603;AREA 1;SUMBAGUT;CENTRAL MEDAN;PDB;AOi4260115012611599452400;0;Anomaly;
202603;AREA 1;SUMBAGUT;CENTRAL MEDAN;PDB;AOi42601300722519577c6400;0;Comply;-10,10
202603;AREA 1;SUMBAGUT;CENTRAL MEDAN;PDB;AOi4260103091500456415690;0;Comply;1,17
202603;AREA 1;SUMBAGTENG;PADANG;KJI;PDAk4260125125218495ea9310;0;Anomaly;
202603;AREA 1;SUMBAGTENG;PADANG;KJI;AOi1260127014850350b30900;0;Anomaly;
202603;AREA 1;SUMBAGTENG;PADANG;KJI;AOi42601240624000577406f0;0;Anomaly;
202603;AREA 1;SUMBAGTENG;PADANG;KJI;AOi4260130093302768e59260;0;Anomaly;
202603;AREA 1;SUMBAGTENG;PADANG;SGD;AOi4260105095513024e1bf20;0;Comply;-24,33
202603;AREA 1;SUMBAGSEL;BENGKULU;MUA;AOi426012206054743415f440;0;Anomaly;
202603;AREA 1;SUMBAGUT;BANDA ACEH;BIR;AOi42612310835108138c76d0;0;Anomaly;
202603;AREA 1;SUMBAGUT;CENTRAL MEDAN;TTG;AOi426012303084609157a9d0;0;Comply;-5,20
202603;AREA 1;SUMBAGUT;CENTRAL MEDAN;TTG;AOi4260112121631975512210;0;Anomaly;
202603;AREA 1;SUMBAGTENG;BUKIT TINGGI;PUK;AOi4260112111554012a733b0;0;Anomaly;
202603;AREA 1;SUMBAGUT;RANTAU PRAPAT;KPI;AOi42601091041099047aa0a0;0;Anomaly;
202603;AREA 1;SUMBAGUT;RANTAU PRAPAT;KPI;AOi42601091041099047aa0a0;0;Anomaly;
202603;AREA 1;SUMBAGUT;RANTAU PRAPAT;KPI;AOi4251216012318157d3c8d0;0;Anomaly;
202603;AREA 1;SUMBAGTENG;BUKIT TINGGI;KNL;AOi42601190428354297a17e0;0;Anomaly;
202603;AREA 1;SUMBAGUT;PEMATANG SIANTAR;SRA;AOi42601051143487016c6490;0;Anomaly;
202603;AREA 1;SUMBAGUT;CENTRAL MEDAN;SPM;AOi42601200519567778abfc0;0;Comply;-25,90
202603;AREA 1;SUMBAGUT;CENTRAL MEDAN;SPM;AOi42601140502544657aadf0;0;Comply;-26,89
202603;AREA 1;SUMBAGUT;CENTRAL MEDAN;TTG;AOi4261230112144795e5b2f0;0;Anomaly;
202603;AREA 1;SUMBAGUT;CENTRAL MEDAN;TTG;AOi4260127021735859d44bc0;0;Anomaly;
202603;AREA 1;SUMBAGTENG;PADANG;MLH;AOi4260101081048326d8d740;0;Anomaly;
202603;AREA 1;SUMBAGTENG;PADANG;SWL;AOi4260126111437571717fd0;0;Anomaly;
202603;AREA 1;SUMBAGTENG;PADANG;SWL;AOi4260103033609626986fa0;0;Anomaly;
202603;AREA 1;SUMBAGUT;RANTAU PRAPAT;RAP;AOi4260103062858652337670;0;Anomaly;
202603;AREA 1;SUMBAGUT;RANTAU PRAPAT;RAP;AOi4260127043647208f29530;0;Anomaly;
202603;AREA 1;SUMBAGSEL;JAMBI;TTJ;AOi4260105051600988cbe510;0;Anomaly;
202603;AREA 1;SUMBAGSEL;JAMBI;TTJ;AOi426012408580440650f370;0;Anomaly;
202603;AREA 1;SUMBAGUT;PADANG SIDEMPUAN;PND;AOk4260129090959628bd7dd0;0;Anomaly;
202603;AREA 1;SUMBAGUT;PADANG SIDEMPUAN;PND;AOi42512270633168595915c0;0;Anomaly;
202603;AREA 1;SUMBAGUT;PADANG SIDEMPUAN;PND;AOk4251227055125419630870;0;Anomaly;
202603;AREA 1;SUMBAGUT;PADANG SIDEMPUAN;PND;AOi42612310940392630668d0;0;Anomaly;
202603;AREA 1;SUMBAGSEL;LAMPUNG;LKP;AOi4260110061504476663e00;0;Comply;2,55
202603;AREA 1;SUMBAGSEL;LAMPUNG;LKP;AOs3260131030727679b55f40;0;Anomaly;
202603;AREA 1;SUMBAGSEL;LAMPUNG;LKP;AOi4260114112938153a5f7c0;0;Comply;-20,72
202603;AREA 1;SUMBAGSEL;LAMPUNG;LKP;AOk4260114103408450a879e0;0;Comply;0,31
202603;AREA 1;SUMBAGSEL;PALEMBANG;PGC;AOi1260125020339765a38a80;0;Comply;-1,34
202603;AREA 1;SUMBAGSEL;PALEMBANG;PGC;AOi126011605092376746aa60;0;Anomaly;
202603;AREA 1;SUMBAGUT;CENTRAL MEDAN;SPM;AOi4260103011847569a76d40;0;Anomaly;
202603;AREA 1;SUMBAGUT;CENTRAL MEDAN;SPM;AOs3260111050132772a58340;0;Anomaly;
202603;AREA 1;SUMBAGUT;BANDA ACEH;LBR;AOi425122310254799167aaa0;0;Anomaly;
202603;AREA 1;SUMBAGUT;BANDA ACEH;LBR;AOi4260109035049212fea810;0;Anomaly;
202603;AREA 1;SUMBAGUT;BANDA ACEH;LBR;AOi4260124015830038db3650;0;Anomaly;
202603;AREA 1;SUMBAGUT;BANDA ACEH;LBR;AOi4260104082232858f443c0;0;Anomaly;
202603;AREA 1;SUMBAGUT;BANDA ACEH;JRM;AOi42612280624533989eb8c0;0;Anomaly;
202603;AREA 1;SUMBAGUT;BANDA ACEH;JRM;AOi426122910560485711ed70;0;Anomaly;
202603;AREA 1;SUMBAGSEL;PALEMBANG;PGC;AOi42601270951329869dd150;0;Anomaly;
202603;AREA 1;SUMBAGSEL;PALEMBANG;PGC;AOi426012709364750457faa0;0;Comply;-4,61
202603;AREA 1;SUMBAGSEL;LAMPUNG;TKB;AOi4260112092134360b257a0;0;Comply;-19,94
202603;AREA 1;SUMBAGTENG;BATAM;BUM;AOi4260127012631071373360;0;Anomaly;
202603;AREA 1;SUMBAGUT;WESTERN MEDAN;BJI;AOs326011207552304589adb0;0;Anomaly;
202603;AREA 1;SUMBAGUT;BANDA ACEH;LNO;AOi426011312591888355c360;0;Comply;-1,95
202603;AREA 1;SUMBAGUT;WESTERN MEDAN;LGS;AOi4260115035611832d95620;0;Anomaly;
202603;AREA 1;SUMBAGUT;WESTERN MEDAN;LGS;AOi4261231100450884759480;0;Anomaly;
202603;AREA 1;SUMBAGUT;WESTERN MEDAN;LGS;AOi4260110042616157b5e3f0;0;Anomaly;
202603;AREA 1;SUMBAGUT;WESTERN MEDAN;LGS;AOi4260104033915756caeb30;0;Anomaly;
202603;AREA 1;SUMBAGUT;WESTERN MEDAN;LGS;AOi4260130111537613c34400;0;Anomaly;
202603;AREA 1;SUMBAGUT;WESTERN MEDAN;LGS;AOi4260120042212146b01fc0;0;Anomaly;
202603;AREA 1;SUMBAGUT;CENTRAL MEDAN;MDC;AOi4260107021152506328550;0;Anomaly;
202603;AREA 1;SUMBAGUT;CENTRAL MEDAN;MDC;AOi42601170513567116ddbb0;0;Anomaly;
202603;AREA 1;SUMBAGUT;CENTRAL MEDAN;MDC;AOk4260121050031550e71c30;0;Anomaly;
202603;AREA 1;SUMBAGUT;CENTRAL MEDAN;MDC;AOi4260103115751827115eb0;0;Comply;-18,25
202603;AREA 1;SUMBAGUT;BANDA ACEH;JRM;AOi42512270220323940777d0;0;Not Comply;4,81
202603;AREA 1;SUMBAGUT;BANDA ACEH;JRM;AOi4260115114105546fcdfb0;0;Anomaly;
202603;AREA 1;SUMBAGUT;BANDA ACEH;JRM;AOi4260115114105546fcdfb0;0;Anomaly;
202603;AREA 1;SUMBAGUT;BANDA ACEH;JRM;AOi4260125054911880a8b590;0;Anomaly;
202603;AREA 1;SUMBAGUT;WESTERN MEDAN;KSG;AOi4260105104555833390750;0;Comply;1,44
202603;AREA 1;SUMBAGUT;WESTERN MEDAN;KSG;AOi4260125083623284de2280;0;Anomaly;
202603;AREA 1;SUMBAGUT;WESTERN MEDAN;KSG;AOb02601180905043009199e0;0;Anomaly;
202603;AREA 1;SUMBAGUT;WESTERN MEDAN;KSG;AOi4260125060406196e4d8d0;0;Comply;-93,45
202603;AREA 1;SUMBAGUT;PEMATANG SIANTAR;PMY;AOi4260112051604445339080;0;Anomaly;
202603;AREA 1;SUMBAGSEL;BENGKULU;SPP;AOi4251227020023654be3620;0;Comply;2,56
202603;AREA 1;SUMBAGSEL;BENGKULU;SPP;AOi426012406041435479af90;0;Comply;-0,89
202603;AREA 1;SUMBAGTENG;PADANG;LBY;AOi42612300342000833d7560;0;Anomaly;
202603;AREA 1;SUMBAGTENG;PADANG;LBY;AOk42512230334446414a1890;0;Comply;0,15
202603;AREA 1;SUMBAGTENG;DUMAI;BKN;AOi4260105114757037d20780;0;Anomaly;
202603;AREA 1;SUMBAGSEL;PANGKAL PINANG;TJN;AOi426011712315214343a200;0;Comply;-21,50
202603;AREA 1;SUMBAGSEL;PANGKAL PINANG;TJN;AOi42612310323518530038d0;0;Comply;0,86
202603;AREA 1;SUMBAGUT;WESTERN MEDAN;KSG;AOi12601180656317069e55b0;0;Anomaly;
202603;AREA 1;SUMBAGUT;WESTERN MEDAN;KSG;AOi4260122094753487360c40;0;Not Comply;222,68
202603;AREA 1;SUMBAGUT;BANDA ACEH;BKJ;AOi4260113085110495383270;0;Not Comply;29,61
202603;AREA 1;SUMBAGUT;BANDA ACEH;BNN;AOi42612301219269991809b0;0;Anomaly;
202603;AREA 1;SUMBAGTENG;BATAM;BTC;AOi42601201147503001853d0;0;Anomaly;
202603;AREA 1;SUMBAGTENG;BATAM;BTC;PDAk4260102083806060ac34e0;0;Anomaly;
202603;AREA 1;SUMBAGTENG;BATAM;BTC;AOs326010512054719768bcd0;0;Anomaly;
202603;AREA 1;SUMBAGTENG;BATAM;BTC;AOi4260108015746429195950;0;Anomaly;
202603;AREA 1;SUMBAGSEL;PANGKAL PINANG;TJN;AOi4260130041805092f37690;0;Comply;-15,90
202603;AREA 1;SUMBAGSEL;PANGKAL PINANG;TJN;AOk4261231095436752a3fb40;0;Anomaly;
202603;AREA 1;SUMBAGSEL;PANGKAL PINANG;TJN;AOi4260106083137139fdaf60;0;Comply;0,35
202603;AREA 1;SUMBAGSEL;PANGKAL PINANG;TJN;AOi4260108123534963a06680;0;Comply;-3,75
202603;AREA 1;SUMBAGSEL;PANGKAL PINANG;TJN;AOi4260128043510576c47f20;0;Anomaly;
202603;AREA 1;SUMBAGSEL;PANGKAL PINANG;TJN;AOi42601300934401635a5680;0;Comply;-0,55
202603;AREA 1;SUMBAGSEL;PANGKAL PINANG;TJN;AOi42612311030542112f8c70;0;Anomaly;
202603;AREA 1;SUMBAGTENG;PADANG;PSB;AOi4260111100528171fcbe90;0;Anomaly;
202603;AREA 1;SUMBAGUT;WESTERN MEDAN;KGH;AOi4260126101445199a58080;0;Anomaly;
202603;AREA 1;SUMBAGUT;WESTERN MEDAN;KGH;AOi4260126101445199a58080;0;Anomaly;
202603;AREA 1;SUMBAGTENG;PEKANBARU;PBB;AOi4260104105339514574a10;0;Anomaly;
202603;AREA 1;SUMBAGTENG;PEKANBARU;PBB;AOi426012708295372862c060;0;Anomaly;
202603;AREA 1;SUMBAGTENG;PEKANBARU;PBB;AOi4260106115852782c7a3d0;0;Anomaly;
202603;AREA 1;SUMBAGTENG;PEKANBARU;PBB;AOs3260115112441565866140;0;Anomaly;
202603;AREA 1;SUMBAGTENG;PEKANBARU;PBB;PDAk42601031128095255e8980;0;Anomaly;
202603;AREA 1;SUMBAGTENG;PEKANBARU;PBB;AOi4260104105339514574a10;0;Anomaly;
202603;AREA 1;SUMBAGTENG;PADANG;ULK;AOk4260128122427104cce940;0;Anomaly;
202603;AREA 1;SUMBAGTENG;PADANG;ULK;AOk42601080316036739c89e0;0;Anomaly;
202603;AREA 1;SUMBAGTENG;PADANG;ULK;AOi42601051013253109ff350;0;Anomaly;
202603;AREA 1;SUMBAGSEL;PANGKAL PINANG;BYU;AOi426012910313291744df50;0;Anomaly;
202603;AREA 1;SUMBAGSEL;LAMPUNG;TJK;AOi4251227115150117a80cc0;0;Anomaly;
202603;AREA 1;SUMBAGSEL;LAMPUNG;TJK;AOi4260109050428984261da0;0;Anomaly;
202603;AREA 1;SUMBAGSEL;LAMPUNG;TJK;AOi42601260800598051b3a40;0;Comply;-22,07
202603;AREA 1;SUMBAGSEL;LAMPUNG;TJK;AOi426011006222846645cab0;0;Anomaly;
202603;AREA 1;SUMBAGSEL;LAMPUNG;TJK;AOi426012101502544284cac0;0;Anomaly;
202603;AREA 1;SUMBAGSEL;LAMPUNG;TJK;AOi4260107035046480c850e0;0;Anomaly;
202603;AREA 1;SUMBAGSEL;LAMPUNG;TJK;AOi4260106111644181764360;0;Anomaly;
202603;AREA 1;SUMBAGTENG;BATAM;BTC;AOi426010603201770172f1a0;0;Anomaly;
202603;AREA 1;SUMBAGTENG;BATAM;BTC;AOi42601241046586215d47c0;0;Not Comply;3,86
202603;AREA 1;SUMBAGTENG;BATAM;BTC;PDAk426011812320096314e150;0;Anomaly;
202603;AREA 1;SUMBAGTENG;BATAM;BTC;AOi4260129025458202897920;0;Anomaly;
202603;AREA 1;SUMBAGSEL;LAMPUNG;KOT;AOi4260115073441742d5c750;0;Anomaly;
202603;AREA 1;SUMBAGSEL;LAMPUNG;KOT;AOi12601160450094725edd20;0;Anomaly;
202603;AREA 1;SUMBAGUT;PADANG SIDEMPUAN;PSP;AOi42612280743386690c86e0;0;Anomaly;
202603;AREA 1;SUMBAGUT;PADANG SIDEMPUAN;PSP;AOi4260119051949655dc9870;0;Anomaly;
202603;AREA 1;SUMBAGUT;PADANG SIDEMPUAN;PSP;AOi4261228105943671769070;0;Anomaly;
202603;AREA 1;SUMBAGUT;CENTRAL MEDAN;PUB;AOi4261231115324030d6c310;0;Anomaly;
202603;AREA 1;SUMBAGUT;CENTRAL MEDAN;PUB;AOi4260116104325800ee48a0;0;Anomaly;
202603;AREA 1;SUMBAGUT;CENTRAL MEDAN;PUB;AOi4260121112619986cd9e50;0;Comply;-1,27
202603;AREA 1;SUMBAGUT;CENTRAL MEDAN;PUB;AOi4260116015548958bfc890;0;Anomaly;
202603;AREA 1;SUMBAGUT;CENTRAL MEDAN;TJM;AOi42601181209215602a3390;0;Comply;-24,65
202603;AREA 1;SUMBAGUT;CENTRAL MEDAN;TJM;AOi42601201044543973fda80;0;Anomaly;
202603;AREA 1;SUMBAGUT;CENTRAL MEDAN;TMU;AOk4260107020433017063320;0;Anomaly;
202603;AREA 1;SUMBAGUT;CENTRAL MEDAN;TMU;AOi4261231095803457b3e430;0;Anomaly;
202603;AREA 1;SUMBAGUT;PADANG SIDEMPUAN;PSP;AOi426011104293322264d9e0;0;Anomaly;
202603;AREA 1;SUMBAGUT;PADANG SIDEMPUAN;PSP;AOi4260120100534776d09d80;0;Anomaly;
202603;AREA 1;SUMBAGUT;PADANG SIDEMPUAN;PSP;AOi426123003303001282e260;0;Anomaly;
202603;AREA 1;SUMBAGUT;PEMATANG SIANTAR;PDN;AOi42601280923307578aa680;0;Anomaly;
202603;AREA 1;SUMBAGUT;PEMATANG SIANTAR;LBK;AOi42601071245215978d9a30;0;Anomaly;
202603;AREA 1;SUMBAGUT;PEMATANG SIANTAR;LBK;PDAk4251227121127598ff17a0;0;Anomaly;
202603;AREA 1;SUMBAGTENG;BUKIT TINGGI;LIN;AOi42601270944498471f9430;0;Anomaly;
202603;AREA 1;SUMBAGSEL;JAMBI;MBN;AOi426012001485465999c020;0;Not Comply;6,92
202603;AREA 1;SUMBAGUT;CENTRAL MEDAN;TMU;AOi4260110093448849e580d0;0;Anomaly;
202603;AREA 1;SUMBAGUT;CENTRAL MEDAN;TMU;AOi12601221224196747654a0;0;Comply;0,83
202603;AREA 1;SUMBAGUT;CENTRAL MEDAN;TMU;AOk4260107020433017063320;0;Anomaly;
202603;AREA 1;SUMBAGUT;CENTRAL MEDAN;TMU;PDAk4260126081323816dbdab0;0;Comply;-24,98
202603;AREA 1;SUMBAGUT;CENTRAL MEDAN;TMU;AOi4260127035509780294b60;0;Comply;-6,72
202603;AREA 1;SUMBAGSEL;PALEMBANG;KTU;AOi4260104032453166fd29f0;0;Anomaly;
202603;AREA 1;SUMBAGSEL;JAMBI;BKO;AOi126010809440394699ada0;0;Anomaly;
202603;AREA 1;SUMBAGTENG;BUKIT TINGGI;HRU;AOi4260108121658074e72430;0;Anomaly;
202603;AREA 1;SUMBAGSEL;JAMBI;MBN;AOi42601200439516511078c0;0;Anomaly;
202603;AREA 1;SUMBAGUT;BANDA ACEH;MBO;AOi42601050600436460e43a0;0;Anomaly;
202603;AREA 1;SUMBAGUT;BANDA ACEH;MBO;AOi4260101050321095154810;0;Anomaly;
202603;AREA 1;SUMBAGUT;BANDA ACEH;MBO;AOk4260102094755666aa5e50;0;Anomaly;
202603;AREA 1;SUMBAGUT;BANDA ACEH;MBO;PDAk4251227104303965fc55f0;0;Anomaly;
202603;AREA 1;SUMBAGUT;BANDA ACEH;MBO;AOi4261228054027122318a30;0;Anomaly;
202603;AREA 1;SUMBAGUT;BANDA ACEH;MBO;AOi4260106125728906df8d60;0;Anomaly;
202603;AREA 1;SUMBAGUT;BANDA ACEH;MBO;AOi4260114013405813a75e10;0;Anomaly;
202603;AREA 1;SUMBAGTENG;BUKIT TINGGI;HRU;AOi426012801352264352cd60;0;Anomaly;
202603;AREA 1;SUMBAGTENG;PADANG;SLK;AOs32601021247527064cc5b0;0;Comply;-26,47
202603;AREA 1;SUMBAGTENG;PADANG;SLK;AOi4260111092305487241580;0;Comply;-3,31
202603;AREA 1;SUMBAGTENG;PADANG;SLK;AOi42601141125428927288e0;0;Anomaly;
202603;AREA 1;SUMBAGTENG;PADANG;SLK;AOi42601250157341974fa620;0;Comply;2,45
202603;AREA 1;SUMBAGTENG;PADANG;SLK;AOi126012201530920052c180;0;Anomaly;
202603;AREA 1;SUMBAGSEL;BENGKULU;PDW;AOi4260118064957204b2aec0;0;Anomaly;
202603;AREA 1;SUMBAGSEL;BENGKULU;TIS;AOi4260104060825849e0cb20;0;Anomaly;
202603;AREA 1;SUMBAGSEL;BENGKULU;CRP;AOi4260109045241461238b80;0;Anomaly;
202603;AREA 1;SUMBAGSEL;BENGKULU;CRP;AOi4251220112428605053530;0;Anomaly;
202603;AREA 1;SUMBAGSEL;BENGKULU;CRP;AOi426012810534714640b1b0;0;Anomaly;
202603;AREA 1;SUMBAGSEL;BENGKULU;CRP;AOi42601140842466889d51c0;0;Anomaly;
202603;AREA 1;SUMBAGSEL;BENGKULU;CRP;AOi42601240330008253ed6a0;0;Anomaly;
202603;AREA 1;SUMBAGSEL;BENGKULU;CRP;AOi4261230102014864934670;0;Anomaly;
202603;AREA 1;SUMBAGSEL;BENGKULU;CRP;AOi42601211203430834c4ba0;0;Anomaly;
202603;AREA 1;SUMBAGSEL;BENGKULU;CRP;AOi4260131091435281c34d40;0;Anomaly;
202603;AREA 1;SUMBAGSEL;BENGKULU;CRP;AOi4261229091749902593890;0;Comply;-14,84
202603;AREA 1;SUMBAGTENG;DUMAI;UBT;AOi4260104122847317ea7090;0;Anomaly;
202603;AREA 1;SUMBAGTENG;PEKANBARU;ARK;AOi426012405201751033d9f0;0;Anomaly;
202603;AREA 1;SUMBAGTENG;PEKANBARU;ARK;AOi4260110120246261896e90;0;Anomaly;
202603;AREA 1;SUMBAGTENG;PEKANBARU;ARK;AOi42601270217293487771c0;0;Anomaly;
202603;AREA 1;SUMBAGTENG;PEKANBARU;ARK;AOk4260107122558026d32030;0;Anomaly;
202603;AREA 1;SUMBAGTENG;PEKANBARU;ARK;AOi42601120752173530d05f0;0;Anomaly;
202603;AREA 1;SUMBAGTENG;PEKANBARU;ARK;AOi426010703023493575f010;0;Anomaly;
202603;AREA 1;SUMBAGUT;BANDA ACEH;MBO;AOk4260129045547847187340;0;Comply;-23,55
202603;AREA 1;SUMBAGUT;BANDA ACEH;MBO;AOi4260112125844004aa6a50;0;Anomaly;
202603;AREA 1;SUMBAGUT;BANDA ACEH;MBO;AOi4260129060842526351f70;0;Anomaly;
202603;AREA 1;SUMBAGUT;BANDA ACEH;MBO;AOi4260121084715478a0b4f0;0;Anomaly;
202603;AREA 1;SUMBAGTENG;BUKIT TINGGI;PNA;AOk42601200105200017d04d0;0;Anomaly;
202603;AREA 1;SUMBAGSEL;BENGKULU;TMO;AOi4260121040103456e999f0;0;Anomaly;
202603;AREA 1;SUMBAGUT;BANDA ACEH;BNA;AOi4260129120536282d51b90;0;Anomaly;
202603;AREA 1;SUMBAGUT;BANDA ACEH;BNA;AOi42601140956392190a1330;0;Anomaly;
202603;AREA 1;SUMBAGUT;BANDA ACEH;BNA;AOi4260106062015746cb44c0;0;Comply;-51,80
202603;AREA 1;SUMBAGUT;BANDA ACEH;BNA;AOi42601251257457110ebaa0;0;Anomaly;
202603;AREA 1;SUMBAGUT;BANDA ACEH;BNA;AOi42601070509376801975d0;0;Anomaly;
202603;AREA 1;SUMBAGUT;BANDA ACEH;BNA;AOi4260114105743789cd7d80;0;Anomaly;
202603;AREA 1;SUMBAGUT;BANDA ACEH;BNA;AOi4260115084833744fd12d0;0;Anomaly;
202603;AREA 1;SUMBAGUT;PADANG SIDEMPUAN;PSP;AOi4260120100534776d09d80;0;Anomaly;
202603;AREA 1;SUMBAGTENG;PADANG;SRT;AOk42601191254204270baa10;0;Anomaly;
202603;AREA 1;SUMBAGUT;BANDA ACEH;SPU;AOi4260108105032621c904b0;0;Anomaly;
202603;AREA 1;SUMBAGTENG;PEKANBARU;ARK;AOi4260113040235548ff8a10;0;Anomaly;
202603;AREA 1;SUMBAGUT;BANDA ACEH;SPU;AOi4260108105032621c904b0;0;Anomaly;
202603;AREA 1;SUMBAGTENG;PADANG;BDT;PDAk4260128103419763733b20;0;Anomaly;
202603;AREA 1;SUMBAGTENG;PADANG;BDT;AOi426123111393386084f2b0;0;Anomaly;
202603;AREA 1;SUMBAGTENG;PADANG;BDT;PDAk4260128103419763733b20;0;Anomaly;
202603;AREA 1;SUMBAGTENG;PADANG;BDT;AOi1260111052547273c57810;0;Anomaly;
202603;AREA 1;SUMBAGTENG;PADANG;BDT;AOi42601231117004546ac880;0;Anomaly;
202603;AREA 1;SUMBAGTENG;BUKIT TINGGI;PDJ;AOi4261228044325200a2cae0;0;Anomaly;
202603;AREA 1;SUMBAGUT;PADANG SIDEMPUAN;SBG;AOi4260124114819483ae2a50;0;Anomaly;
202603;AREA 1;SUMBAGUT;PADANG SIDEMPUAN;SBG;AOi42601101125360923a44e0;0;Anomaly;
202603;AREA 1;SUMBAGUT;PADANG SIDEMPUAN;SBG;AOi4260116021157006bfa250;0;Anomaly;
202603;AREA 1;SUMBAGUT;PADANG SIDEMPUAN;SBG;AOi42601130832003808281a0;0;Anomaly;
202603;AREA 1;SUMBAGTENG;DUMAI;TAK;AOi42601090756422395744f0;0;Anomaly;
202603;AREA 1;SUMBAGUT;RANTAU PRAPAT;NGB;AOi42601200945034887e72d0;0;Anomaly;
202603;AREA 1;SUMBAGUT;RANTAU PRAPAT;NGB;AOi42601200945034887e72d0;0;Anomaly;
202603;AREA 1;SUMBAGTENG;PADANG;TLN;AOk4260129121059544ad08e0;0;Anomaly;
202603;AREA 1;SUMBAGTENG;PADANG;TLN;AOi426011909592191449a990;0;Anomaly;
202603;AREA 1;SUMBAGTENG;PADANG;TLN;AOi42601061205574634c3800;0;Anomaly;
202603;AREA 1;SUMBAGTENG;PEKANBARU;PKR;AOi426010311314815822cc90;0;Anomaly;
202603;AREA 1;SUMBAGTENG;PEKANBARU;PKR;PDAk4260106101839495f32d00;0;Anomaly;
202603;AREA 1;SUMBAGTENG;BUKIT TINGGI;PYK;AOk42601091007346042eff60;0;Anomaly;
202603;AREA 1;SUMBAGTENG;BUKIT TINGGI;PYK;AOi4260113024148468c11800;0;Anomaly;
202603;AREA 1;SUMBAGUT;PADANG SIDEMPUAN;SBG;AOi426011404241951153c9a0;0;Anomaly;
202603;AREA 1;SUMBAGUT;PADANG SIDEMPUAN;SBG;AOi4260106102446873d7aaa0;0;Anomaly;
202603;AREA 1;SUMBAGUT;PADANG SIDEMPUAN;SBG;AOi4260105020957017c62680;0;Anomaly;
202603;AREA 1;SUMBAGUT;RANTAU PRAPAT;KIS;AOi42601151159354282a1650;0;Anomaly;
202603;AREA 1;SUMBAGUT;RANTAU PRAPAT;KIS;AOk4260112121303887dc6fc0;0;Anomaly;
202603;AREA 1;SUMBAGUT;RANTAU PRAPAT;KIS;AOk42601030948108655baea0;0;Anomaly;
202603;AREA 1;SUMBAGUT;RANTAU PRAPAT;KIS;AOi4260108052746379345050;0;Anomaly;
202603;AREA 1;SUMBAGUT;RANTAU PRAPAT;KIS;AOi4260112122410894798d80;0;Anomaly;
202603;AREA 1;SUMBAGUT;RANTAU PRAPAT;KIS;AOk4260112121303887dc6fc0;0;Anomaly;
202603;AREA 1;SUMBAGUT;RANTAU PRAPAT;KIS;AOk42601070423278292601d0;0;Anomaly;
202603;AREA 1;SUMBAGUT;BANDA ACEH;DAR;AOi4260118045939769c37480;0;Anomaly;
202603;AREA 1;SUMBAGUT;BANDA ACEH;DAR;AOi4260105095357296308db0;0;Anomaly;
202603;AREA 1;SUMBAGUT;BANDA ACEH;DAR;AOi42612300411243515fda40;0;Anomaly;
202603;AREA 1;SUMBAGUT;BANDA ACEH;DAR;AOi4260119025305132b73a10;0;Anomaly;
202603;AREA 1;SUMBAGUT;BANDA ACEH;DAR;AOi4260121113825471d12200;0;Anomaly;
202603;AREA 1;SUMBAGUT;BANDA ACEH;DAR;AOi42601270344453904a5dc0;0;Anomaly;
202603;AREA 1;SUMBAGUT;BANDA ACEH;DAR;AOi4260122013513310a2e7b0;0;Anomaly;
202603;AREA 1;SUMBAGUT;BANDA ACEH;DAR;AOi42601040814136944de710;0;Anomaly;
202603;AREA 1;SUMBAGUT;BANDA ACEH;DAR;AOi4260126065115360fa5d50;0;Anomaly;
202603;AREA 1;SUMBAGUT;BANDA ACEH;DAR;AOi4260115122254490135a30;0;Anomaly;
202603;AREA 1;SUMBAGUT;BANDA ACEH;DAR;AOk4260105120900969082d90;0;Anomaly;
202603;AREA 1;SUMBAGUT;BANDA ACEH;DAR;AOi4260130041812400fc0880;0;Anomaly;
202603;AREA 1;SUMBAGUT;BANDA ACEH;DAR;AOk4260105120900969082d90;0;Anomaly;
202603;AREA 1;SUMBAGSEL;JAMBI;SPN;AOi42601131055018179919a0;0;Anomaly;
202603;AREA 1;SUMBAGSEL;PALEMBANG;BLT;AOi42601200931057398bfc20;0;Anomaly;
202603;AREA 1;SUMBAGSEL;PALEMBANG;BLT;AOi4260118112331633a0ddb0;0;Not Comply;4,73
202603;AREA 1;SUMBAGUT;WESTERN MEDAN;PRL;AOi42601291040056705207e0;0;Anomaly;
202603;AREA 1;SUMBAGUT;WESTERN MEDAN;PRL;AOi42601071053021976c9db0;0;Not Comply;3,34
202603;AREA 1;SUMBAGUT;WESTERN MEDAN;PRL;AOi4260116092102102735940;0;Anomaly;
202603;AREA 1;SUMBAGTENG;PADANG;PDC;AOi126010307315979107c700;0;Anomaly;
202603;AREA 1;SUMBAGTENG;PADANG;PDC;AOk4260114092729215c57290;0;Anomaly;
202603;AREA 1;SUMBAGTENG;PADANG;PDC;AOs32601310836476257f9a70;0;Anomaly;
202603;AREA 1;SUMBAGTENG;PADANG;PDC;PDAk4260106114412025ed5400;0;Anomaly;
202603;AREA 1;SUMBAGTENG;PADANG;PDC;AOk42601291238405924482a0;0;Comply;-18,72
202603;AREA 1;SUMBAGSEL;JAMBI;KOA;AOi4260125025433666b5f250;0;Anomaly;
202603;AREA 1;SUMBAGSEL;JAMBI;KOA;AOi4260114071746425ce0d90;0;Anomaly;
202603;AREA 1;SUMBAGUT;WESTERN MEDAN;LSM;AOi4260109072058054cb76b0;0;Anomaly;
202603;AREA 1;SUMBAGUT;WESTERN MEDAN;LSM;AOi42601181019048863292d0;0;Anomaly;
202603;AREA 1;SUMBAGUT;WESTERN MEDAN;LSM;AOi4260122010510144569e40;0;Anomaly;
202603;AREA 1;SUMBAGUT;WESTERN MEDAN;LSM;AOi42601080131100047677f0;0;Anomaly;
202603;AREA 1;SUMBAGUT;WESTERN MEDAN;LSM;AOs325122512522261660ea60;0;Anomaly;
202603;AREA 1;SUMBAGUT;WESTERN MEDAN;LSM;AOi42601110248401658a67b0;0;Anomaly;
202603;AREA 1;SUMBAGTENG;BATAM;SKN;AOi4261229020040385550140;0;Not Comply;6,24
202603;AREA 1;SUMBAGUT;WESTERN MEDAN;LSK;AOi4261231093228697f64060;0;Anomaly;
202603;AREA 1;SUMBAGUT;WESTERN MEDAN;LSK;AOi4260108094038793dce4b0;0;Anomaly;
202603;AREA 1;SUMBAGTENG;BATAM;PNI;PDAk42601041221470559e1ba0;0;Anomaly;
202603;AREA 1;SUMBAGTENG;BATAM;PNI;AOi4260110092024194db5b70;0;Comply;-22,98
202603;AREA 1;SUMBAGUT;PADANG SIDEMPUAN;TRT;AOi4260107011135864f2ecc0;0;Anomaly;
202603;AREA 1;SUMBAGUT;PADANG SIDEMPUAN;TRT;AOi42601180500470179843a0;0;Anomaly;
202603;AREA 1;SUMBAGSEL;LAMPUNG;KLR;AOi42601250708118751747f0;0;Anomaly;
202603;AREA 1;SUMBAGSEL;PALEMBANG;KAG;AOi4260108095840266031240;0;Anomaly;
202603;AREA 1;SUMBAGSEL;PALEMBANG;MPA;AOi42601250323398013da1f0;0;Not Comply;4,47
202603;AREA 1;SUMBAGTENG;PADANG;PDC;AOi42601180816477563ff140;0;Anomaly;
202603;AREA 1;SUMBAGTENG;BUKIT TINGGI;PPJ;AOi42612290126097592b95a0;0;Anomaly;
202603;AREA 1;SUMBAGTENG;BUKIT TINGGI;PPJ;AOb0260104064539209e14f90;0;Anomaly;
202603;AREA 1;SUMBAGTENG;BUKIT TINGGI;PPJ;AOb02601080752196465bbff0;0;Anomaly;
202603;AREA 1;SUMBAGTENG;BUKIT TINGGI;PPJ;AOi4260124030110292167b70;0;Anomaly;
202603;AREA 1;SUMBAGTENG;BUKIT TINGGI;PPJ;AOi4260104023716092f835b0;0;Anomaly;
202603;AREA 1;SUMBAGTENG;BUKIT TINGGI;PPJ;PDAk4251222113043441bbc3f0;0;Anomaly;
202603;AREA 1;SUMBAGTENG;DUMAI;UBT;AOi426010502091046078d380;0;Anomaly;
202603;AREA 1;SUMBAGTENG;DUMAI;UBT;AOi4260123042331417b0a6e0;0;Anomaly;
202603;AREA 1;SUMBAGUT;BANDA ACEH;BNA;AOi42601050505152047261c0;0;Anomaly;
202603;AREA 1;SUMBAGSEL;PALEMBANG;SBU;AOk42601190942000970fb2e0;0;Anomaly;
202603;AREA 1;SUMBAGSEL;PALEMBANG;SBU;AOk42601020916253927a9780;0;Anomaly;
202603;AREA 1;SUMBAGSEL;PALEMBANG;SBU;AOi4260102112713653c7e2d0;0;Anomaly;
202603;AREA 1;SUMBAGTENG;BUKIT TINGGI;LBS;AOk4261229090438217d6ff70;0;Anomaly;
202603;AREA 1;SUMBAGTENG;BUKIT TINGGI;SPE;AOi426011301325832434fb60;0;Anomaly;
202603;AREA 1;SUMBAGTENG;BUKIT TINGGI;SPE;AOi4260109091748868bfb700;0;Anomaly;
202603;AREA 1;SUMBAGTENG;PADANG;SUN;AOi4260124082838170315c00;0;Anomaly;
202603;AREA 1;SUMBAGTENG;BUKIT TINGGI;PYK;AOi4260109111005801a66130;0;Anomaly;
202603;AREA 1;SUMBAGTENG;BUKIT TINGGI;PYK;AOi426011912420877412b920;0;Anomaly;
202603;AREA 1;SUMBAGUT;CENTRAL MEDAN;PDB;AOi42601021123498640fe390;0;Anomaly;
202603;AREA 1;SUMBAGUT;CENTRAL MEDAN;PDB;AOi4260115030338791893b10;0;Anomaly;
202603;AREA 1;SUMBAGUT;CENTRAL MEDAN;PDB;AOi426010903354600910f460;0;Anomaly;
202603;AREA 1;SUMBAGTENG;PADANG;KJI;AOi42512230648204251378c0;0;Anomaly;
202603;AREA 1;SUMBAGTENG;PADANG;KJI;AOi4260111013413196f5a5e0;0;Comply;-24,03
202603;AREA 1;SUMBAGTENG;PADANG;KJI;AOi4260114062150818e17810;0;Comply;-17,77
202603;AREA 1;SUMBAGSEL;LAMPUNG;MGA;AOi42512221018459122e6370;0;Anomaly;
202603;AREA 1;SUMBAGUT;CENTRAL MEDAN;BLW;AOs3260118020457359b11920;0;Anomaly;
202603;AREA 1;SUMBAGSEL;BENGKULU;MKO;AOi42612280936275244237f0;0;Anomaly;
202603;AREA 1;SUMBAGSEL;LAMPUNG;BDA;AOk42612310447213649ca630;0;Anomaly;
202603;AREA 1;SUMBAGTENG;PADANG;SWL;AOi4260109074418593440440;0;Anomaly;
202603;AREA 1;SUMBAGTENG;PADANG;SGD;AOi4260123085408926bd8f40;0;Anomaly;
202603;AREA 1;SUMBAGTENG;PADANG;SGD;AOi4260106101523562649520;0;Anomaly;
202603;AREA 1;SUMBAGUT;BANDA ACEH;BIR;AOi42601250559156474845d0;0;Anomaly;
202603;AREA 1;SUMBAGUT;BANDA ACEH;BIR;AOi4260128124116257beab20;0;Anomaly;
202603;AREA 1;SUMBAGUT;BANDA ACEH;BIR;AOi42601300347284948eaf60;0;Anomaly;
202603;AREA 1;SUMBAGUT;BANDA ACEH;BIR;AOi4260115114114770eadc10;0;Anomaly;
202603;AREA 1;SUMBAGUT;BANDA ACEH;BIR;AOi4260117124212200ea34c0;0;Comply;-68,75
202603;AREA 1;SUMBAGUT;RANTAU PRAPAT;RAP;AOi4260126010917737690490;0;Anomaly;
202603;AREA 1;SUMBAGUT;RANTAU PRAPAT;RAP;AOi42601260231424778996f0;0;Anomaly;
202603;AREA 1;SUMBAGUT;RANTAU PRAPAT;RAP;AOi4260107121049773818540;0;Anomaly;
202603;AREA 1;SUMBAGUT;RANTAU PRAPAT;RAP;AOi4260108024330844288ba0;0;Anomaly;
202603;AREA 1;SUMBAGUT;RANTAU PRAPAT;RAP;AOi4260105111206796ac4b40;0;Anomaly;
202603;AREA 1;SUMBAGUT;RANTAU PRAPAT;RAP;AOi4260113020504269b06130;0;Comply;-48,38
202603;AREA 1;SUMBAGUT;RANTAU PRAPAT;RAP;AOi4261229095533420399830;0;Anomaly;
202603;AREA 1;SUMBAGUT;RANTAU PRAPAT;RAP;AOi4260109061902663511d40;0;Anomaly;
202603;AREA 1;SUMBAGUT;RANTAU PRAPAT;RAP;AOi4251227044636593d33530;0;Anomaly;
202603;AREA 1;SUMBAGUT;RANTAU PRAPAT;RAP;AOi4260112063131691fa3650;0;Anomaly;
202603;AREA 1;SUMBAGUT;RANTAU PRAPAT;RAP;AOi42601240212125046e7a80;0;Anomaly;
202603;AREA 1;SUMBAGUT;RANTAU PRAPAT;RAP;AOi4260110085537150c603e0;0;Anomaly;
202603;AREA 1;SUMBAGUT;RANTAU PRAPAT;RAP;AOi42601210645087720e7960;0;Anomaly;
202603;AREA 1;SUMBAGUT;RANTAU PRAPAT;RAP;AOi426011307391444459eab0;0;Anomaly;
202603;AREA 1;SUMBAGUT;RANTAU PRAPAT;RAP;AOi4260121052354353bcf2e0;0;Anomaly;
202603;AREA 1;SUMBAGUT;RANTAU PRAPAT;RAP;AOi42601101232451360d0330;0;Anomaly;
202603;AREA 1;SUMBAGUT;RANTAU PRAPAT;RAP;AOi4261229114814981f59ec0;0;Anomaly;
202603;AREA 1;SUMBAGUT;RANTAU PRAPAT;RAP;AOi4260119024103187ff63e0;0;Anomaly;
202603;AREA 1;SUMBAGUT;RANTAU PRAPAT;RAP;AOi4260112061234827665000;0;Anomaly;
202603;AREA 1;SUMBAGUT;RANTAU PRAPAT;RAP;AOi426011012195423381f0e0;0;Anomaly;
202603;AREA 1;SUMBAGUT;RANTAU PRAPAT;RAP;AOi426011204255642065bb70;0;Anomaly;
202603;AREA 1;SUMBAGUT;RANTAU PRAPAT;RAP;AOi426011012195423381f0e0;0;Anomaly;
202603;AREA 1;SUMBAGUT;RANTAU PRAPAT;RAP;AOi4260109050257918d103a0;0;Anomaly;
202603;AREA 1;SUMBAGUT;RANTAU PRAPAT;RAP;AOi42601260200598505c43a0;0;Anomaly;
202603;AREA 1;SUMBAGSEL;JAMBI;TTJ;AOi4260119025124756f6f820;0;Anomaly;
202603;AREA 1;SUMBAGSEL;JAMBI;TTJ;AOi42601270111318088cd080;0;Anomaly;
202603;AREA 1;SUMBAGSEL;JAMBI;TTJ;AOi4260119025124756f6f820;0;Anomaly;
202603;AREA 1;SUMBAGUT;PEMATANG SIANTAR;PER;AOi426010203460172010a520;0;Anomaly;
202603;AREA 1;SUMBAGUT;PADANG SIDEMPUAN;PND;AOi4260118033147263f6c760;0;Anomaly;
202603;AREA 1;SUMBAGUT;PADANG SIDEMPUAN;PND;PDAk42601150124407006057b0;0;Anomaly;
202603;AREA 1;SUMBAGUT;PADANG SIDEMPUAN;PND;AOs326122910231908816afd0;0;Anomaly;
202603;AREA 1;SUMBAGUT;PADANG SIDEMPUAN;PND;AOi42601190948556825576c0;0;Anomaly;
202603;AREA 1;SUMBAGUT;PADANG SIDEMPUAN;PND;AOi42601051142444291bd990;0;Anomaly;
202603;AREA 1;SUMBAGUT;PADANG SIDEMPUAN;PND;AOi426010409420183722ad90;0;Anomaly;
202603;AREA 1;SUMBAGUT;PADANG SIDEMPUAN;PND;AOi42512260746350826b6880;0;Anomaly;
202603;AREA 1;SUMBAGSEL;LAMPUNG;LKP;AOi4251204034606471d6c600;0;Anomaly;
202603;AREA 1;SUMBAGSEL;JAMBI;MAB;AOi4260101061652945189de0;0;Anomaly;
202603;AREA 1;SUMBAGSEL;PALEMBANG;PGC;AOi4260109115111551c20ff0;0;Anomaly;
202603;AREA 1;SUMBAGSEL;PALEMBANG;PGC;AOi42601090941548869386b0;0;Anomaly;
202603;AREA 1;SUMBAGSEL;LAMPUNG;TKB;AOi4260126083342786b03a80;0;Anomaly;
202603;AREA 1;SUMBAGSEL;LAMPUNG;TKB;AOi4260126083342786b03a80;0;Anomaly;
202603;AREA 1;SUMBAGSEL;LAMPUNG;TKB;AOi4260124100958774bb2180;0;Not Comply;28,03
202603;AREA 1;SUMBAGUT;RANTAU PRAPAT;ANP;AOi4260113083913454155e60;0;Anomaly;
202603;AREA 1;SUMBAGUT;WESTERN MEDAN;BJI;AOi4260113103251414b84820;0;Anomaly;
202603;AREA 1;SUMBAGUT;WESTERN MEDAN;BJI;AOi4260113103251414b84820;0;Anomaly;
202603;AREA 1;SUMBAGUT;WESTERN MEDAN;BJI;AOi4260121123729049a4d710;0;Anomaly;
202603;AREA 1;SUMBAGUT;WESTERN MEDAN;BJI;AOi426012312163760302a130;0;Anomaly;
202603;AREA 1;SUMBAGUT;WESTERN MEDAN;BJI;AOs3260103074324422689db0;0;Anomaly;
202603;AREA 1;SUMBAGUT;WESTERN MEDAN;LGS;AOi4251227102343082c16db0;0;Anomaly;
202603;AREA 1;SUMBAGUT;WESTERN MEDAN;LGS;AOi42601251141013928a4750;0;Comply;-67,76
202603;AREA 1;SUMBAGUT;WESTERN MEDAN;LGS;AOi42601120347347552efb30;0;Anomaly;
202603;AREA 1;SUMBAGUT;WESTERN MEDAN;LGS;AOi426010408392962191bca0;0;Anomaly;
202603;AREA 1;SUMBAGUT;WESTERN MEDAN;LGS;AOi4261228034916497e61620;0;Anomaly;
202603;AREA 1;SUMBAGUT;WESTERN MEDAN;LGS;AOi4260124063313900dfeb80;0;Anomaly;
202603;AREA 1;SUMBAGUT;WESTERN MEDAN;LGS;AOi4260117031143140a7b400;0;Anomaly;
202603;AREA 1;SUMBAGUT;WESTERN MEDAN;LGS;AOk42601151109529274739c0;0;Anomaly;
202603;AREA 1;SUMBAGUT;WESTERN MEDAN;LGS;AOi426012702392238527e860;0;Anomaly;
202603;AREA 1;SUMBAGUT;WESTERN MEDAN;LGS;AOi42601170352383579a64f0;0;Anomaly;
202603;AREA 1;SUMBAGUT;WESTERN MEDAN;LGS;AOi42601250300314226736e0;0;Anomaly;
202603;AREA 1;SUMBAGUT;WESTERN MEDAN;LGS;AOi4261228015549406b2c7e0;0;Anomaly;
202603;AREA 1;SUMBAGUT;WESTERN MEDAN;LGS;AOi4260118104424862c0be00;0;Anomaly;
202603;AREA 1;SUMBAGUT;WESTERN MEDAN;LGS;AOi42601251141013928a4750;0;Anomaly;
202603;AREA 1;SUMBAGUT;WESTERN MEDAN;LGS;AOi4260117031143140a7b400;0;Anomaly;
202603;AREA 1;SUMBAGUT;WESTERN MEDAN;LGS;AOi4260107103240510696020;0;Anomaly;
202603;AREA 1;SUMBAGUT;WESTERN MEDAN;LGS;AOi42601221023278645af5c0;0;Anomaly;
202603;AREA 1;SUMBAGUT;WESTERN MEDAN;LGS;PDAk4261230041554960bf1030;0;Anomaly;
202603;AREA 1;SUMBAGUT;WESTERN MEDAN;LGS;AOi42601110103337545eeb50;0;Anomaly;
202603;AREA 1;SUMBAGUT;WESTERN MEDAN;LGS;AOi1260128075737211d74e70;0;Anomaly;
202603;AREA 1;SUMBAGUT;WESTERN MEDAN;LGS;AOi42601261057506934897b0;0;Anomaly;
202603;AREA 1;SUMBAGUT;WESTERN MEDAN;LGS;AOi4261230035437338d9d8c0;0;Not Comply;5,99
202603;AREA 1;SUMBAGUT;WESTERN MEDAN;LGS;AOi42601260927554883bf360;0;Anomaly;
202603;AREA 1;SUMBAGUT;WESTERN MEDAN;LGS;AOi42601201148190187379f0;0;Anomaly;
202603;AREA 1;SUMBAGUT;WESTERN MEDAN;LGS;AOi42601251141013928a4750;0;Anomaly;
202603;AREA 1;SUMBAGUT;WESTERN MEDAN;LGS;AOi425122607232606100b3c0;0;Anomaly;
202603;AREA 1;SUMBAGUT;WESTERN MEDAN;LGS;AOi42612291104274376ae2c0;0;Anomaly;
202603;AREA 1;SUMBAGUT;WESTERN MEDAN;LGS;AOi4260104033915756caeb30;0;Anomaly;
202603;AREA 1;SUMBAGUT;WESTERN MEDAN;LGS;PDAk4260116071155750efc8a0;0;Anomaly;
202603;AREA 1;SUMBAGUT;WESTERN MEDAN;LGS;AOi4260104020844095a4d850;0;Anomaly;
202603;AREA 1;SUMBAGUT;WESTERN MEDAN;LGS;AOi4260107045927240870710;0;Anomaly;
202603;AREA 1;SUMBAGUT;WESTERN MEDAN;LGS;PDAk4261230041554960bf1030;0;Anomaly;
202603;AREA 1;SUMBAGUT;WESTERN MEDAN;LGS;AOi42601270920123834a30d0;0;Anomaly;
202603;AREA 1;SUMBAGUT;WESTERN MEDAN;LGS;AOi425122607232606100b3c0;0;Anomaly;
202603;AREA 1;SUMBAGUT;WESTERN MEDAN;LGS;AOi426011904345616620f940;0;Anomaly;
202603;AREA 1;SUMBAGUT;WESTERN MEDAN;LGS;AOi4260120042212146b01fc0;0;Anomaly;
202603;AREA 1;SUMBAGUT;WESTERN MEDAN;LGS;AOi4261229022304509f066e0;0;Anomaly;
202603;AREA 1;SUMBAGUT;WESTERN MEDAN;LGS;AOi1261228105715045607f50;0;Anomaly;
202603;AREA 1;SUMBAGUT;WESTERN MEDAN;LGS;AOi4260109113536029cef3f0;0;Anomaly;
202603;AREA 1;SUMBAGUT;WESTERN MEDAN;LGS;AOi42601200308324970dd760;0;Anomaly;
202603;AREA 1;SUMBAGUT;WESTERN MEDAN;LGS;AOi4260109113536029cef3f0;0;Anomaly;
202603;AREA 1;SUMBAGUT;WESTERN MEDAN;LGS;AOi42601201148190187379f0;0;Not Comply;51,40
202603;AREA 1;SUMBAGUT;WESTERN MEDAN;LGS;AOi426012201142769707ba60;0;Anomaly;
202603;AREA 1;SUMBAGUT;WESTERN MEDAN;LGS;AOi42612280330117953e7b10;0;Comply;-66,35
202603;AREA 1;SUMBAGUT;WESTERN MEDAN;LGS;AOi4260101094636202980b50;0;Not Comply;52,05
202603;AREA 1;SUMBAGUT;WESTERN MEDAN;LGS;AOi4260127105256932986250;0;Anomaly;
202603;AREA 1;SUMBAGUT;WESTERN MEDAN;LGS;AOi4260104123434270a473b0;0;Anomaly;
202603;AREA 1;SUMBAGUT;WESTERN MEDAN;LGS;AOi4260116052823293f04f50;0;Not Comply;103,31
202603;AREA 1;SUMBAGUT;WESTERN MEDAN;LGS;AOi4260122094821877fcd9d0;0;Anomaly;
202603;AREA 1;SUMBAGUT;WESTERN MEDAN;LGS;AOi42601080515477679eb3c0;0;Anomaly;
202603;AREA 1;SUMBAGUT;WESTERN MEDAN;LGS;AOi426012503270142725ea80;0;Anomaly;
202603;AREA 1;SUMBAGTENG;PADANG;TWI;AOi426011803234812497b680;0;Anomaly;
202603;AREA 1;SUMBAGTENG;DUMAI;BKN;AOi42601090441131935a4550;0;Anomaly;
202603;AREA 1;SUMBAGUT;PEMATANG SIANTAR;PMY;AOi4251225093930824853eb0;0;Anomaly;
202603;AREA 1;SUMBAGSEL;BENGKULU;IPU;AOi42601050404198134d2f70;0;Anomaly;
202603;AREA 1;SUMBAGSEL;BENGKULU;IPU;AOi426013006321799457a0e0;0;Anomaly;
202603;AREA 1;SUMBAGUT;PEMATANG SIANTAR;TIB;AOi426012912212700967b730;0;Anomaly;
202603;AREA 1;SUMBAGSEL;BENGKULU;SPP;AOi4260124121945560baf6b0;0;Anomaly;
202603;AREA 1;SUMBAGSEL;BENGKULU;SPP;AOi4260121124756803143f50;0;Anomaly;
202603;AREA 1;SUMBAGSEL;BENGKULU;SPP;AOi4260124121646538e45470;0;Anomaly;
202603;AREA 1;SUMBAGTENG;PADANG;LBY;AOi4260125111544532de4190;0;Anomaly;
202603;AREA 1;SUMBAGTENG;PADANG;PSB;AOi4260111100528171fcbe90;0;Anomaly;
202603;AREA 1;SUMBAGUT;WESTERN MEDAN;KGH;AOi4251222055619451bae790;0;Anomaly;
202603;AREA 1;SUMBAGUT;WESTERN MEDAN;KGH;AOi4260121041247997352620;0;Anomaly;
202603;AREA 1;SUMBAGUT;WESTERN MEDAN;KGH;AOi42601130607332629a8470;0;Anomaly;
202603;AREA 1;SUMBAGUT;WESTERN MEDAN;KGH;AOi4260103111718568a86270;0;Anomaly;
202603;AREA 1;SUMBAGUT;WESTERN MEDAN;KGH;AOi4260115073431342c06e90;0;Anomaly;
202603;AREA 1;SUMBAGUT;WESTERN MEDAN;KGH;AOi42601170804518225b7f40;0;Anomaly;
202603;AREA 1;SUMBAGSEL;LAMPUNG;TJK;AOs3260105042328237524590;0;Anomaly;
202603;AREA 1;SUMBAGSEL;LAMPUNG;TJK;AOi4260107074545779a80bc0;0;Anomaly;
202603;AREA 1;SUMBAGSEL;LAMPUNG;TJK;AOi4260106111052427f48f90;0;Anomaly;
202603;AREA 1;SUMBAGUT;CENTRAL MEDAN;PUB;AOi4260129030519955049670;0;Anomaly;
202603;AREA 1;SUMBAGUT;CENTRAL MEDAN;PUB;AOi4260121112619986cd9e50;0;Anomaly;
202603;AREA 1;SUMBAGUT;CENTRAL MEDAN;PUB;AOs326010902082891375f370;0;Anomaly;
202603;AREA 1;SUMBAGUT;CENTRAL MEDAN;PUB;AOs32601240131197878815a0;0;Anomaly;
202603;AREA 1;SUMBAGUT;CENTRAL MEDAN;PUB;PDAk4260102110731884723460;0;Anomaly;
202603;AREA 1;SUMBAGUT;CENTRAL MEDAN;PUB;AOi42612301148389254bfc00;0;Anomaly;
202603;AREA 1;SUMBAGUT;WESTERN MEDAN;LGS;AOi4260114025051214474340;0;Anomaly;
202603;AREA 1;SUMBAGUT;WESTERN MEDAN;LGS;AOi42601180308593719c66f0;0;Anomaly;
202603;AREA 1;SUMBAGUT;WESTERN MEDAN;LGS;AOi42601211052494634cb680;0;Anomaly;
202603;AREA 1;SUMBAGUT;WESTERN MEDAN;LGS;AOi42601150246492325a7f80;0;Anomaly;
202603;AREA 1;SUMBAGUT;WESTERN MEDAN;LGS;AOi42601170352383579a64f0;0;Anomaly;
202603;AREA 1;SUMBAGUT;WESTERN MEDAN;LGS;AOi4260126083936728ade740;0;Anomaly;
202603;AREA 1;SUMBAGUT;WESTERN MEDAN;LGS;AOi4261230071808391b4d090;0;Anomaly;
202603;AREA 1;SUMBAGSEL;PALEMBANG;MUD;AOi42601270942535544deb40;0;Anomaly;
202603;AREA 1;SUMBAGSEL;PALEMBANG;MUD;AOi4260110094636660a7c820;0;Anomaly;
202603;AREA 1;SUMBAGTENG;PEKANBARU;PBB;AOk426123009543560995a2c0;0;Anomaly;
202603;AREA 1;SUMBAGTENG;PEKANBARU;PBB;AOi426012708295372862c060;0;Anomaly;
202603;AREA 1;SUMBAGTENG;PEKANBARU;PBB;AOi4260111015816440e72380;0;Anomaly;
202603;AREA 1;SUMBAGTENG;PEKANBARU;PBB;AOi4260120064450141404240;0;Anomaly;
202603;AREA 1;SUMBAGTENG;PEKANBARU;PBB;AOk426123009543560995a2c0;0;Anomaly;
202603;AREA 1;SUMBAGTENG;PEKANBARU;PBB;AOi42601270711277765e7e20;0;Anomaly;
202603;AREA 1;SUMBAGTENG;PADANG;ULK;AOk4260128122427104cce940;0;Anomaly;
202603;AREA 1;SUMBAGTENG;PADANG;ULK;AOi4260126081236509a0a700;0;Anomaly;
202603;AREA 1;SUMBAGTENG;PADANG;ULK;AOi4260120075053230751830;0;Anomaly;
202603;AREA 1;SUMBAGUT;CENTRAL MEDAN;PUB;AOs3260125072227693ee3060;0;Anomaly;
202603;AREA 1;SUMBAGUT;CENTRAL MEDAN;PUB;AOi42601200202261738aeb50;0;Anomaly;
202603;AREA 1;SUMBAGUT;CENTRAL MEDAN;PUB;AOk4260127011414079c5c6a0;0;Anomaly;
202603;AREA 1;SUMBAGTENG;PEKANBARU;RBI;AOi4260115113236304eb38b0;0;Anomaly;
202603;AREA 1;SUMBAGUT;BANDA ACEH;SGI;AOi42601031106108217f0870;0;Anomaly;
202603;AREA 1;SUMBAGUT;BANDA ACEH;SGI;AOi4260119100316319efdc10;0;Anomaly;
202603;AREA 1;SUMBAGUT;BANDA ACEH;SGI;AOi42601200129243986ba590;0;Anomaly;
202603;AREA 1;SUMBAGUT;BANDA ACEH;SGI;AOi42601191051307610f2e30;0;Anomaly;
202603;AREA 1;SUMBAGUT;BANDA ACEH;SGI;AOi42612301123006199a42b0;0;Anomaly;
202603;AREA 1;SUMBAGUT;CENTRAL MEDAN;TJM;AOi4260120040501998c1b7c0;0;Anomaly;
202603;AREA 1;SUMBAGUT;CENTRAL MEDAN;TJM;AOi426011805473462993b510;0;Anomaly;
202603;AREA 1;SUMBAGUT;CENTRAL MEDAN;TMU;AOi4260116050807065697bb0;0;Anomaly;
202603;AREA 1;SUMBAGUT;CENTRAL MEDAN;TMU;AOi4260102063645971cb7630;0;Anomaly;
202603;AREA 1;SUMBAGUT;CENTRAL MEDAN;TMU;AOb02601150652280343589b0;0;Anomaly;
202603;AREA 1;SUMBAGUT;CENTRAL MEDAN;TMU;AOi4260106105459738254660;0;Anomaly;
202603;AREA 1;SUMBAGUT;CENTRAL MEDAN;TMU;AOi426010605575382044bf10;0;Anomaly;
202603;AREA 1;SUMBAGTENG;BUKIT TINGGI;MIN;AOi4251223023937659beac20;0;Anomaly;
202603;AREA 1;SUMBAGTENG;PADANG;TLB;AOi42601260906362307e7c80;0;Comply;-25,05
202603;AREA 1;SUMBAGTENG;PADANG;TLB;PDAk4261228125718381293870;0;Anomaly;
202603;AREA 1;SUMBAGTENG;PADANG;TLB;AOi4260106011436156885620;0;Anomaly;
202603;AREA 1;SUMBAGTENG;PADANG;BLS;AOi4261228033346973114280;0;Anomaly;
202603;AREA 1;SUMBAGTENG;PADANG;BLS;AOi425122504123109611f420;0;Anomaly;
202603;AREA 1;SUMBAGTENG;PADANG;BLS;AOi4261229110655320aaefb0;0;Anomaly;
202603;AREA 1;SUMBAGTENG;PADANG;BLS;AOi4261229094725863d1a9e0;0;Anomaly;
202603;AREA 1;SUMBAGTENG;PADANG;BLS;AOi1251219091946598b01900;0;Anomaly;
202603;AREA 1;SUMBAGTENG;PEKANBARU;SOK;AOi4260124044859922a8b3e0;0;Anomaly;
202603;AREA 1;SUMBAGSEL;PALEMBANG;KTU;AOk4260113114852486083a80;0;Anomaly;
202603;AREA 1;SUMBAGSEL;JAMBI;BKO;AOi126010809440394699ada0;0;Anomaly;
202603;AREA 1;SUMBAGUT;BANDA ACEH;CAG;AOi4260126033008321645ac0;0;Anomaly;
202603;AREA 1;SUMBAGUT;PEMATANG SIANTAR;PMS;AOs3260129080112629bba540;0;Anomaly;
202603;AREA 1;SUMBAGUT;PEMATANG SIANTAR;PMS;AOi4260128013343052dc4790;0;Anomaly;
202603;AREA 1;SUMBAGUT;PEMATANG SIANTAR;PMS;AOi4260116110758627c96a90;0;Anomaly;
202603;AREA 1;SUMBAGUT;PEMATANG SIANTAR;PMS;AOi42601260831500929439f0;0;Anomaly;
202603;AREA 1;SUMBAGUT;PEMATANG SIANTAR;PMS;AOi42601171236514529d8ce0;0;Anomaly;
202603;AREA 1;SUMBAGUT;PEMATANG SIANTAR;PMS;AOi1260114044509320575790;0;Anomaly;
202603;AREA 1;SUMBAGUT;PEMATANG SIANTAR;PMS;AOi4260114024521909a3ed10;0;Anomaly;
202603;AREA 1;SUMBAGUT;RANTAU PRAPAT;TJB;AOi4261229074752487eb1900;0;Anomaly;
202603;AREA 1;SUMBAGUT;RANTAU PRAPAT;TJB;AOi42601050601409261b05b0;0;Anomaly;
202603;AREA 1;SUMBAGUT;RANTAU PRAPAT;TJB;AOi4260105075418840382800;0;Anomaly;
202603;AREA 1;SUMBAGUT;RANTAU PRAPAT;TJB;AOi4261229074752487eb1900;0;Anomaly;
202603;AREA 1;SUMBAGSEL;JAMBI;MND;AOi4260120124551059183820;0;Anomaly;
202603;AREA 1;SUMBAGSEL;JAMBI;MND;AOs3260114074150263fc8a70;0;Comply;-22,63
202603;AREA 1;SUMBAGSEL;BENGKULU;LHT;PDAk42612291141242022a9b00;0;Anomaly;
202603;AREA 1;SUMBAGUT;WESTERN MEDAN;MKL;AOi42601240236088464c5a20;0;Anomaly;
202603;AREA 1;SUMBAGUT;WESTERN MEDAN;MKL;AOi4260125125116304e42060;0;Anomaly;
202603;AREA 1;SUMBAGUT;PADANG SIDEMPUAN;PND;AOi4260118101141798ced8f0;0;Anomaly;
202603;AREA 1;SUMBAGUT;PADANG SIDEMPUAN;PND;AOi426013010073946353e930;0;Anomaly;
202603;AREA 1;SUMBAGUT;PADANG SIDEMPUAN;PND;AOi42512270207232660285d0;0;Anomaly;
202603;AREA 1;SUMBAGUT;PADANG SIDEMPUAN;PND;AOi42601260551121415eb9d0;0;Anomaly;
202603;AREA 1;SUMBAGUT;PADANG SIDEMPUAN;PND;AOi42601190948556825576c0;0;Anomaly;
202603;AREA 1;SUMBAGUT;PADANG SIDEMPUAN;PND;AOi42601260551121415eb9d0;0;Anomaly;
202603;AREA 1;SUMBAGUT;PADANG SIDEMPUAN;PND;AOi426010611275287950c630;0;Anomaly;
202603;AREA 1;SUMBAGUT;PADANG SIDEMPUAN;PND;AOi426010611275287950c630;0;Anomaly;
202603;AREA 1;SUMBAGUT;PADANG SIDEMPUAN;PND;AOi4260118033147263f6c760;0;Anomaly;
202603;AREA 1;SUMBAGTENG;BUKIT TINGGI;NRS;AOi4260107041034888ea9e90;0;Anomaly;
202603;AREA 1;SUMBAGTENG;PADANG;SLK;AOi4261231030813767744cc0;0;Anomaly;
202603;AREA 1;SUMBAGTENG;PADANG;SLK;AOi426010710461315733ec30;0;Anomaly;
202603;AREA 1;SUMBAGSEL;BENGKULU;TIS;AOi42601030805108475247b0;0;Anomaly;
202603;AREA 1;SUMBAGSEL;BENGKULU;CRP;AOi4260112083110501b04c70;0;Anomaly;
202603;AREA 1;SUMBAGSEL;BENGKULU;CRP;AOi4260126115740191491790;0;Anomaly;
202603;AREA 1;SUMBAGSEL;BENGKULU;CRP;AOi42601300218411324f5f90;0;Anomaly;
202603;AREA 1;SUMBAGSEL;BENGKULU;CRP;AOi4260126024046479869b00;0;Anomaly;
202603;AREA 1;SUMBAGSEL;BENGKULU;CRP;AOi4260126024046479869b00;0;Anomaly;
202603;AREA 1;SUMBAGUT;CENTRAL MEDAN;SPM;AOb0260107052245117bb56b0;0;Anomaly;
202603;AREA 1;SUMBAGUT;CENTRAL MEDAN;SPM;AOi42601030514187596e46b0;0;Anomaly;
202603;AREA 1;SUMBAGTENG;BUKIT TINGGI;BKT;AOi42601170754172281ae350;0;Anomaly;
202603;AREA 1;SUMBAGTENG;BUKIT TINGGI;BKT;AOi42601160331593969125c0;0;Anomaly;
202603;AREA 1;SUMBAGTENG;BUKIT TINGGI;BKT;AOi42601080630501604f9cd0;0;Anomaly;
202603;AREA 1;SUMBAGTENG;BUKIT TINGGI;BKT;AOi4260104081347866b38e80;0;Anomaly;
202603;AREA 1;SUMBAGTENG;BUKIT TINGGI;BKT;AOi426012807424699320e690;0;Anomaly;
202603;AREA 1;SUMBAGTENG;BUKIT TINGGI;BKT;AOi4260109092257765dbfce0;0;Anomaly;
202603;AREA 1;SUMBAGUT;BANDA ACEH;BNN;AOi42612301219269991809b0;0;Anomaly;
202603;AREA 1;SUMBAGUT;BANDA ACEH;BNN;AOi4260122120003825f6b500;0;Anomaly;
202603;AREA 1;SUMBAGUT;BANDA ACEH;BNN;AOi42612301219269991809b0;0;Anomaly;
202603;AREA 1;SUMBAGUT;PEMATANG SIANTAR;PSA;AOi426011709440315440e020;0;Anomaly;
202603;AREA 1;SUMBAGSEL;PALEMBANG;BKS;AOi42601131114526482fbd90;0;Anomaly;
202603;AREA 1;SUMBAGSEL;PALEMBANG;BKS;AOi4260110093417511889310;0;Anomaly;
202603;AREA 1;SUMBAGTENG;BATAM;KMS;AOi4260127092233923646550;0;Anomaly;
202603;AREA 1;SUMBAGTENG;BATAM;KMS;AOi126010412385197347ce60;0;Anomaly;
202603;AREA 1;SUMBAGSEL;JAMBI;JMI;AOi4261231094829131b13c10;0;Anomaly;
202603;AREA 1;SUMBAGUT;BANDA ACEH;TKN;AOi4260116034406808b3acd0;0;Anomaly;
202603;AREA 1;SUMBAGUT;BANDA ACEH;TKN;AOi4260108055013404119020;0;Anomaly;
202603;AREA 1;SUMBAGUT;BANDA ACEH;TKN;AOi42601130932147281d25a0;0;Anomaly;
202603;AREA 1;SUMBAGUT;BANDA ACEH;TKN;AOi1260116015354111ed2fc0;0;Anomaly;
202603;AREA 1;SUMBAGUT;BANDA ACEH;TKN;AOi426010810594901102f1d0;0;Anomaly;
202603;AREA 1;SUMBAGUT;BANDA ACEH;TKN;AOi4260113112225573a66530;0;Anomaly;
202603;AREA 1;SUMBAGUT;BANDA ACEH;TKN;AOk4260108124504431ab8b60;0;Anomaly;
202603;AREA 1;SUMBAGUT;BANDA ACEH;TKN;AOi4260115060342994cb1ff0;0;Anomaly;
202603;AREA 1;SUMBAGUT;BANDA ACEH;TKN;AOi42601181148497858bfb70;0;Comply;-42,84
202603;AREA 1;SUMBAGUT;CENTRAL MEDAN;TTG;AOi42601160241066905cf460;0;Anomaly;
202603;AREA 1;SUMBAGUT;CENTRAL MEDAN;TTG;AOi4251218093455912eca720;0;Anomaly;
202603;AREA 1;SUMBAGUT;CENTRAL MEDAN;TTG;AOi426011202493546764d7f0;0;Anomaly;
202603;AREA 1;SUMBAGUT;CENTRAL MEDAN;TTG;AOi4260123095636948ad6030;0;Anomaly;
202603;AREA 1;SUMBAGSEL;LAMPUNG;PJN;AOi426011712122673865a730;0;Anomaly;
202603;AREA 1;SUMBAGSEL;LAMPUNG;PJN;AOi4260120024526444938ae0;0;Not Comply;23,05
202603;AREA 1;SUMBAGSEL;LAMPUNG;PJN;AOi426011712122673865a730;0;Not Comply;22,84
202603;AREA 1;SUMBAGTENG;PADANG;ALH;AOi42601240355353858bf140;0;Anomaly;
202603;AREA 1;SUMBAGTENG;PADANG;ALH;AOi42601240355353858bf140;0;Anomaly;
202603;AREA 1;SUMBAGTENG;PADANG;ALH;AOi42601080733157873feb50;0;Anomaly;
202603;AREA 1;SUMBAGTENG;PEKANBARU;ARK;AOi426012805170524018b430;0;Anomaly;
202603;AREA 1;SUMBAGTENG;PEKANBARU;ARK;AOi4260120061418475a94020;0;Anomaly;
202603;AREA 1;SUMBAGTENG;PEKANBARU;ARK;AOi426010703023493575f010;0;Anomaly;
202603;AREA 1;SUMBAGTENG;PEKANBARU;ARK;AOs3260127044702509f96400;0;Anomaly;
202603;AREA 1;SUMBAGTENG;PEKANBARU;ARK;AOi426012304260844200aa40;0;Anomaly;
202603;AREA 1;SUMBAGTENG;PEKANBARU;ARK;AOi4260123034413146b36b20;0;Anomaly;
202603;AREA 1;SUMBAGTENG;PEKANBARU;ARK;AOi42601030330510572f4930;0;Anomaly;
202603;AREA 1;SUMBAGTENG;DUMAI;SGP;AOi4260125021806627669e10;0;Anomaly;
202603;AREA 2;EASTERN JABOTABEK;BOGOR;CSE;AOi12601270204247891eb240;0;Anomaly;
202603;AREA 2;WESTERN JABOTABEK;TANGERANG;SRP;AOs3260120054757559be18a0;0;Comply;-44,29
202603;AREA 2;WESTERN JABOTABEK;TANGERANG;SRP;AOs32601281020415550a8e40;0;Anomaly;
202603;AREA 2;JABAR;BANDUNG;CJA;AOs3260104010613740703d60;0;Anomaly;
202603;AREA 2;JABAR;BANDUNG;CJA;AOi4260123050151175ed3ec0;0;Anomaly;
202603;AREA 2;JABAR;BANDUNG;CJA;AOi426010402215109446d890;0;Anomaly;
202603;AREA 2;JABAR;BANDUNG;CJA;AOi4260108032502526563ae0;0;Anomaly;
202603;AREA 2;JABAR;BANDUNG;CJA;AOi4260106061006670ac66b0;0;Anomaly;
202603;AREA 2;JABAR;BANDUNG;CJA;AOk426011010495798777e350;0;Comply;-24,13
202603;AREA 2;EASTERN JABOTABEK;KARAWANG;KRW;AOk4260101050758898f01a40;0;Anomaly;
202603;AREA 2;WESTERN JABOTABEK;SERANG;RKS;AOi4260110082444496637d30;0;Anomaly;
202603;AREA 2;WESTERN JABOTABEK;SERANG;KMT;PDAk4260116122808610eedf30;0;Anomaly;
202603;AREA 2;EASTERN JABOTABEK;BEKASI;KRA;PDAk426123111505179588c6e0;0;Anomaly;
202603;AREA 2;WESTERN JABOTABEK;SERANG;CUG;AOs326010109082744817a270;0;Anomaly;
202603;AREA 2;CENTRAL JABOTABEK;NORTHERN JAKARTA;CKG;AOi42601070517290114a0450;0;Anomaly;
202603;AREA 2;CENTRAL JABOTABEK;NORTHERN JAKARTA;CKG;AOi426011309163524275f970;0;Anomaly;
202603;AREA 2;WESTERN JABOTABEK;TANGERANG;PKU;AOi42601070204062588ce0d0;0;Not Comply;96,21
202603;AREA 2;EASTERN JABOTABEK;BOGOR;BOO;AOk4260129013747032c56350;0;Anomaly;
202603;AREA 2;EASTERN JABOTABEK;BOGOR;BOO;AOi4260106051512247828c80;0;Anomaly;
202603;AREA 2;EASTERN JABOTABEK;BOGOR;BOO;AOs3260103093648067fd7e00;0;Anomaly;
202603;AREA 2;EASTERN JABOTABEK;BOGOR;BOO;AOs3260119024903810f0e530;0;Anomaly;
202603;AREA 2;JABAR;CIREBON;HAR;PDAk42601031050026553c26d0;0;Anomaly;
202603;AREA 2;JABAR;CIREBON;PRD;PDAk4251226093840860930640;0;Anomaly;
202603;AREA 2;JABAR;CIREBON;PRD;AOi42601031224366753243d0;0;Anomaly;
202603;AREA 2;JABAR;CIREBON;PRD;AOi426012601405405620e750;0;Anomaly;
202603;AREA 2;JABAR;TASIKMALAYA;PMP;AOi4260130103307098aa76f0;0;Anomaly;
202603;AREA 2;JABAR;TASIKMALAYA;PMP;AOi42601110628501016b3160;0;Anomaly;
202603;AREA 2;WESTERN JABOTABEK;SERANG;BLJ;AOi1260126074850840a2f000;0;Anomaly;
202603;AREA 2;JABAR;BANDUNG;CMI;AOi42601010856032927fc700;0;Anomaly;
202603;AREA 2;JABAR;BANDUNG;BTJ;AOi42601041016073287172e0;0;Anomaly;
202603;AREA 2;CENTRAL JABOTABEK;SOUTHERN JAKARTA;KLD;AOi426011305390504387a750;0;Anomaly;
202603;AREA 2;JABAR;BANDUNG;DGO;AOi42601211222124730e6560;0;Anomaly;
202603;AREA 2;EASTERN JABOTABEK;BOGOR;KLU;AOi426012203161995178ef30;0;Anomaly;
202603;AREA 2;EASTERN JABOTABEK;BOGOR;CSR;AOi4260110081016681ebbf90;0;Anomaly;
202603;AREA 2;JABAR;TASIKMALAYA;SPA;AOi4260119091354069750b10;0;Anomaly;
202603;AREA 2;JABAR;TASIKMALAYA;SPA;AOi4260120051427007cc77d0;0;Anomaly;
202603;AREA 2;JABAR;TASIKMALAYA;SPA;AOi4260126025137340f80210;0;Anomaly;
202603;AREA 2;EASTERN JABOTABEK;BOGOR;CBD;AOi426011408591609183dba0;0;Anomaly;
202603;AREA 2;EASTERN JABOTABEK;BOGOR;CBD;AOi4260118092323927a5a7d0;0;Anomaly;
202603;AREA 2;JABAR;CIREBON;BON;AOi42601091111165546a8a30;0;Not Comply;4,51
202603;AREA 2;JABAR;CIREBON;BON;AOi4260112094722377144cd0;0;Anomaly;
202603;AREA 2;JABAR;CIREBON;JBN;AOi42601130830509566d3ee0;0;Anomaly;
202603;AREA 2;EASTERN JABOTABEK;KARAWANG;CIB;AOi42601040132457609b76e0;0;Anomaly;
202603;AREA 2;WESTERN JABOTABEK;TANGERANG;SRP;AOi4260120092858667fbf7c0;0;Anomaly;
202603;AREA 2;WESTERN JABOTABEK;TANGERANG;SRP;AOi4260105092925825098fc0;0;Anomaly;
202603;AREA 2;CENTRAL JABOTABEK;SOUTHERN JAKARTA;PDK;PDAk4260119104918180cf2600;0;Comply;-22,04
202603;AREA 2;CENTRAL JABOTABEK;SOUTHERN JAKARTA;PDK;AOi426012408440389250f520;0;Comply;-0,88
202603;AREA 2;CENTRAL JABOTABEK;SOUTHERN JAKARTA;PDK;AOi426011109101585857a2d0;0;Comply;-16,65
202603;AREA 2;CENTRAL JABOTABEK;SOUTHERN JAKARTA;PDK;AOs326012003425434683d1a0;0;Anomaly;
202603;AREA 2;CENTRAL JABOTABEK;SOUTHERN JAKARTA;PDK;AOi4260127021720973681c90;0;Comply;-43,26
202603;AREA 2;CENTRAL JABOTABEK;SOUTHERN JAKARTA;PDK;AOi426011811183486176a8e0;0;Comply;-15,80
202603;AREA 2;CENTRAL JABOTABEK;SOUTHERN JAKARTA;TBE;AOs3260114105714663597150;0;Anomaly;
202603;AREA 2;CENTRAL JABOTABEK;SOUTHERN JAKARTA;TBE;AOi42601280159167811a58a0;0;Anomaly;
202603;AREA 2;JABAR;TASIKMALAYA;CIW;AOi12601090934472641b5fc0;0;Anomaly;
202603;AREA 2;JABAR;SOREANG;SMD;AOs32601101036208378e3390;0;Anomaly;
202603;AREA 2;JABAR;BANDUNG;UBR;AOi426010711410238383a560;0;Comply;-4,44
202603;AREA 2;JABAR;BANDUNG;UBR;AOb0260107051141811954c80;0;Comply;-39,80
202603;AREA 2;JABAR;BANDUNG;UBR;AOi426013001105979297b9b0;0;Anomaly;
202603;AREA 2;WESTERN JABOTABEK;SERANG;TGR;PDAk4260104094514729387970;0;Anomaly;
202603;AREA 2;CENTRAL JABOTABEK;SOUTHERN JAKARTA;GAN;PDAk426011109474111661f880;0;Anomaly;
202603;AREA 2;WESTERN JABOTABEK;SERANG;KMT;AOi4260107094450571052a10;0;Anomaly;
202603;AREA 2;EASTERN JABOTABEK;BEKASI;KRA;AOi42601301022368948980d0;0;Comply;-22,66
202603;AREA 2;WESTERN JABOTABEK;TANGERANG;SRP;AOi426011304523902724fa30;0;Comply;-23,80
202603;AREA 2;WESTERN JABOTABEK;TANGERANG;SRP;AOk4260105104238893b0c5d0;0;Anomaly;
202603;AREA 2;WESTERN JABOTABEK;TANGERANG;SRP;AOi4260119073211465fb8130;0;Anomaly;
202603;AREA 2;WESTERN JABOTABEK;TANGERANG;SRP;AOi4260113083130748377900;0;Anomaly;
202603;AREA 2;WESTERN JABOTABEK;TANGERANG;SRP;AOi4260124125617747036a30;0;Anomaly;
202603;AREA 2;WESTERN JABOTABEK;TANGERANG;SRP;AOi42601070256565024c0e10;0;Anomaly;
202603;AREA 2;EASTERN JABOTABEK;BEKASI;SKJ;AOi4260120014240489d08c20;0;Anomaly;
202603;AREA 2;JABAR;BANDUNG;CJR;AOi42601311056101374a3f80;0;Anomaly;
202603;AREA 2;JABAR;BANDUNG;CJR;AOi42601171203355640e8e80;0;Anomaly;
202603;AREA 2;JABAR;TASIKMALAYA;KDN;AOi4260120021214449314950;0;Anomaly;
202603;AREA 2;JABAR;CIREBON;SDU;AOi42601270121361797980d0;0;Anomaly;
202603;AREA 2;JABAR;CIREBON;SDU;AOi42601100304449175b5350;0;Anomaly;
202603;AREA 2;CENTRAL JABOTABEK;NORTHERN JAKARTA;MRY;AOi4260107045125683049d00;0;Comply;-22,17
202603;AREA 2;EASTERN JABOTABEK;BOGOR;CWI;AOi42601291145441971ea280;0;Anomaly;
202603;AREA 2;EASTERN JABOTABEK;BOGOR;CWI;AOi42601040308510883a6920;0;Anomaly;
202603;AREA 2;WESTERN JABOTABEK;TANGERANG;SRP;AOi4260107054121448af17e0;0;Anomaly;
202603;AREA 2;JABAR;BANDUNG;CJA;AOi4260125034559547ec2690;0;Anomaly;
202603;AREA 2;JABAR;BANDUNG;CJA;AOi4260105104353124a04730;0;Anomaly;
202603;AREA 2;EASTERN JABOTABEK;BEKASI;KRA;AOi4260129060720068a17780;0;Anomaly;
202603;AREA 2;EASTERN JABOTABEK;BEKASI;KRA;AOi4260105114236854ccf5a0;0;Comply;-39,94
202603;AREA 2;EASTERN JABOTABEK;BEKASI;KRA;AOi4260129060720068a17780;0;Anomaly;
202603;AREA 2;EASTERN JABOTABEK;BEKASI;KRA;AOi42601071134150227c8de0;0;Anomaly;
202603;AREA 2;WESTERN JABOTABEK;SERANG;CUG;PDAk4260110074952830b32940;0;Comply;-14,55
202603;AREA 2;WESTERN JABOTABEK;SERANG;CUG;AOi1260106065814308c3ca20;0;Anomaly;
202603;AREA 2;CENTRAL JABOTABEK;NORTHERN JAKARTA;CKG;AOs32601300452503402ebc70;0;Anomaly;
202603;AREA 2;CENTRAL JABOTABEK;NORTHERN JAKARTA;CKG;AOi426012904225636041fe80;0;Anomaly;
202603;AREA 2;CENTRAL JABOTABEK;NORTHERN JAKARTA;CKG;AOi4260131011243528e60ce0;0;Anomaly;
202603;AREA 2;JABAR;BANDUNG;CJA;AOi4260105104353124a04730;0;Anomaly;
202603;AREA 2;JABAR;BANDUNG;CJA;AOi42601250103204341e61d0;0;Anomaly;
202603;AREA 2;JABAR;BANDUNG;CJA;AOi4260106020407255fdacf0;0;Comply;-3,19
202603;AREA 2;JABAR;BANDUNG;CJA;AOi4260108032502526563ae0;0;Anomaly;
202603;AREA 2;JABAR;CIREBON;CBN;AOi426011204484366005ba40;0;Anomaly;
202603;AREA 2;JABAR;CIREBON;CBN;AOi4260117075754241171f60;0;Anomaly;
202603;AREA 2;JABAR;CIREBON;CBN;AOi4261231054824858dc5bf0;0;Anomaly;
202603;AREA 2;WESTERN JABOTABEK;TANGERANG;LKG;AOi1260124095656031a8d200;0;Anomaly;
202603;AREA 2;JABAR;CIREBON;LOS;AOi426010801100321338aa90;0;Anomaly;
202603;AREA 2;EASTERN JABOTABEK;KARAWANG;KLI;AOi4260110023637412b2a2f0;0;Anomaly;
202603;AREA 2;JABAR;CIREBON;CAS;AOi42601071006065750830f0;0;Anomaly;
202603;AREA 2;EASTERN JABOTABEK;BOGOR;SKB;AOs3260124063116977261ad0;0;Anomaly;
202603;AREA 2;JABAR;BANDUNG;CJA;AOi426011502450828985e0e0;0;Anomaly;
202603;AREA 2;JABAR;BANDUNG;CJA;AOi4260105104353124a04730;0;Anomaly;
202603;AREA 2;JABAR;BANDUNG;CJA;AOi4260131075218687d48830;0;Anomaly;
202603;AREA 2;JABAR;BANDUNG;CJA;AOi42601250103204341e61d0;0;Anomaly;
202603;AREA 2;JABAR;BANDUNG;CJA;AOi426011502450828985e0e0;0;Comply;-18,00
202603;AREA 2;CENTRAL JABOTABEK;NORTHERN JAKARTA;CKG;AOi42601310157293982766c0;0;Anomaly;
202603;AREA 2;CENTRAL JABOTABEK;NORTHERN JAKARTA;CKG;AOs3260119110528618882e90;0;Anomaly;
202603;AREA 2;WESTERN JABOTABEK;TANGERANG;PKU;AOi126012110575881699c9e0;0;Comply;0,81
202603;AREA 2;CENTRAL JABOTABEK;SOUTHERN JAKARTA;CPP;AOi426011310183956701a210;0;Anomaly;
202603;AREA 2;EASTERN JABOTABEK;BOGOR;CLS;AOi426011312134940228d110;0;Anomaly;
202603;AREA 2;EASTERN JABOTABEK;BOGOR;CLS;AOs3260109050529741001f90;0;Comply;-3,75
202603;AREA 2;JABAR;BANDUNG;BDK;AOi42601310147407140d4bf0;0;Anomaly;
202603;AREA 2;JABAR;BANDUNG;BDK;AOb0260111060657305f9bbf0;0;Anomaly;
202603;AREA 2;JABAR;BANDUNG;BDK;AOi4260118123304151ffdf30;0;Anomaly;
202603;AREA 2;WESTERN JABOTABEK;TANGERANG;TAN;AOi4260120094356980ff2300;0;Anomaly;
202603;AREA 2;EASTERN JABOTABEK;BOGOR;CBI;AOi42601080942128926c6f50;0;Anomaly;
202603;AREA 2;WESTERN JABOTABEK;TANGERANG;PKU;AOs3260129110238424d595b0;0;Comply;-11,01
202603;AREA 2;WESTERN JABOTABEK;TANGERANG;PKU;AOi42601230911326123de820;0;Anomaly;
202603;AREA 2;WESTERN JABOTABEK;TANGERANG;PKU;AOi12601030645537929312c0;0;Anomaly;
202603;AREA 2;EASTERN JABOTABEK;BOGOR;BOO;PDAk4260103012708284d91840;0;Comply;-39,45
202603;AREA 2;EASTERN JABOTABEK;BOGOR;BOO;AOs3260109060615081ebafe0;0;Anomaly;
202603;AREA 2;EASTERN JABOTABEK;BOGOR;BOO;AOi4260116064703956c7cee0;0;Anomaly;
202603;AREA 2;CENTRAL JABOTABEK;NORTHERN JAKARTA;KDY;AOs32601080136274966465b0;0;Anomaly;
202603;AREA 2;CENTRAL JABOTABEK;NORTHERN JAKARTA;KDY;AOi42601291015336655797a0;0;Comply;-0,98
202603;AREA 2;JABAR;SOREANG;CCL;AOi4260107081840690786e80;0;Comply;-3,38
202603;AREA 2;JABAR;SOREANG;CCL;AOi4260107081840690786e80;0;Anomaly;
202603;AREA 2;JABAR;SOREANG;CCL;AOi4260121041940565feac20;0;Anomaly;
202603;AREA 2;JABAR;SOREANG;CCL;AOi4260127020602997aebf90;0;Comply;-2,73
202603;AREA 2;CENTRAL JABOTABEK;NORTHERN JAKARTA;KTX;AOi42601130734573059505b0;0;Anomaly;
202603;AREA 2;CENTRAL JABOTABEK;NORTHERN JAKARTA;KTX;AOi42601130734573059505b0;0;Anomaly;
202603;AREA 2;EASTERN JABOTABEK;KARAWANG;JBB;AOs3260115115431864449ce0;0;Anomaly;
202603;AREA 2;EASTERN JABOTABEK;KARAWANG;JBB;AOs3261231055912609fd1780;0;Anomaly;
202603;AREA 2;EASTERN JABOTABEK;BOGOR;CBI;AOk4260106100729755693f10;0;Anomaly;
202603;AREA 2;EASTERN JABOTABEK;BOGOR;CBI;AOs3260101071048261d6b840;0;Comply;-21,55
202603;AREA 2;EASTERN JABOTABEK;BOGOR;DMG;AOi42601200840305867478e0;0;Comply;-16,86
202603;AREA 2;EASTERN JABOTABEK;BOGOR;CSN;AOi1260104093511299585470;0;Not Comply;7,98
202603;AREA 2;EASTERN JABOTABEK;BOGOR;JPK;AOi4260110092239639813850;0;Anomaly;
202603;AREA 2;EASTERN JABOTABEK;BOGOR;JPK;AOi426012702460428132d960;0;Anomaly;
202603;AREA 2;JABAR;CIREBON;KRM;AOi42601060948579284554f0;0;Anomaly;
202603;AREA 2;JABAR;SOREANG;CCL;AOi4260127020602997aebf90;0;Comply;-16,55
202603;AREA 2;JABAR;SOREANG;CCL;AOi4260105105146737aa02e0;0;Anomaly;
202603;AREA 2;JABAR;TASIKMALAYA;KAW;AOi4260111020226667c39940;0;Anomaly;
202603;AREA 2;EASTERN JABOTABEK;BOGOR;CPS;AOi4260109093241832297c20;0;Anomaly;
202603;AREA 2;EASTERN JABOTABEK;BOGOR;CPS;AOi4260122115807133191e10;0;Anomaly;
202603;AREA 2;JABAR;BANDUNG;CJA;AOi4260123050151175ed3ec0;0;Anomaly;
202603;AREA 2;JABAR;BANDUNG;CJA;AOk426011010495798777e350;0;Anomaly;
202603;AREA 2;JABAR;BANDUNG;CJA;AOi4260106020407255fdacf0;0;Anomaly;
202603;AREA 2;JABAR;BANDUNG;CJA;AOi42601250103204341e61d0;0;Anomaly;
202603;AREA 2;JABAR;BANDUNG;CJA;AOi4260125034559547ec2690;0;Anomaly;
202603;AREA 2;JABAR;BANDUNG;LBG;AOi4260122011453182972b40;0;Anomaly;
202603;AREA 2;EASTERN JABOTABEK;KARAWANG;JBB;PDAk4261230084105058b0b6d0;0;Anomaly;
202603;AREA 2;WESTERN JABOTABEK;TANGERANG;CPA;PDAk42601170857548242e9a80;0;Anomaly;
202603;AREA 2;EASTERN JABOTABEK;BEKASI;DEP;AOs32601010825476872f91a0;0;Anomaly;
202603;AREA 2;EASTERN JABOTABEK;BEKASI;DEP;AOi1260105120220716718400;0;Anomaly;
202603;AREA 2;EASTERN JABOTABEK;BEKASI;DEP;AOs3260101054426270a202d0;0;Anomaly;
202603;AREA 2;EASTERN JABOTABEK;BEKASI;DEP;AOi1261230072400718200c50;0;Anomaly;
202603;AREA 2;JABAR;CIREBON;CKC;AOi42601090807215611d0790;0;Anomaly;
202603;AREA 2;JABAR;BANDUNG;CJA;AOi4260125034559547ec2690;0;Anomaly;
202603;AREA 2;JABAR;BANDUNG;CJA;AOi4260123050151175ed3ec0;0;Anomaly;
202603;AREA 2;CENTRAL JABOTABEK;SOUTHERN JAKARTA;KLD;AOs32601030245401384510a0;0;Anomaly;
202603;AREA 2;CENTRAL JABOTABEK;SOUTHERN JAKARTA;KLD;AOi4260105081716819c95a60;0;Anomaly;
202603;AREA 2;WESTERN JABOTABEK;SERANG;RKS;AOi42601150414592394ac400;0;Anomaly;
202603;AREA 2;WESTERN JABOTABEK;TANGERANG;PDR;AOi4260114113110048a35fd0;0;Anomaly;
202603;AREA 2;WESTERN JABOTABEK;TANGERANG;PDR;PDAk4261230091947230c655b0;0;Anomaly;
202603;AREA 2;WESTERN JABOTABEK;TANGERANG;PDR;AOi4260129033632532684ff0;0;Anomaly;
202603;AREA 2;WESTERN JABOTABEK;SERANG;CLG;AOi4260129111917116e7be20;0;Anomaly;
202603;AREA 2;WESTERN JABOTABEK;SERANG;KSB;PDAk426010310361344629f1c0;0;Anomaly;
202603;AREA 2;EASTERN JABOTABEK;BOGOR;SPL;AOk42601090845170755f15e0;0;Anomaly;
202603;AREA 2;JABAR;BANDUNG;LEM;AOi4260105085526713129670;0;Anomaly;
202603;AREA 2;JABAR;BANDUNG;LEM;AOi4260106111759899085d50;0;Anomaly;
202603;AREA 2;JABAR;BANDUNG;LEM;AOi4260107064224064c48c90;0;Anomaly;
202603;AREA 2;EASTERN JABOTABEK;BOGOR;TJO;AOi4261231102920122ea5200;0;Anomaly;
202603;AREA 2;EASTERN JABOTABEK;BOGOR;TJO;AOi42601210823375715a8fb0;0;Anomaly;
202603;AREA 2;EASTERN JABOTABEK;KARAWANG;CBG;AOi4260103043721976e53380;0;Anomaly;
202603;AREA 2;CENTRAL JABOTABEK;SOUTHERN JAKARTA;KBY;AOi4260125111423971bd1440;0;Anomaly;
202603;AREA 2;CENTRAL JABOTABEK;SOUTHERN JAKARTA;KBY;AOs3260129090233084c02860;0;Comply;0,99
202603;AREA 2;CENTRAL JABOTABEK;SOUTHERN JAKARTA;KBY;PDAk4260114021533071bfb650;0;Comply;-22,11
202603;AREA 2;EASTERN JABOTABEK;BOGOR;SKB;AOk4260121031000269a6cf20;0;Anomaly;
202603;AREA 2;EASTERN JABOTABEK;BOGOR;SKB;AOi4260110085131473685370;0;Anomaly;
202603;AREA 2;EASTERN JABOTABEK;BOGOR;SKB;AOi4260131074110912934dd0;0;Comply;-4,04
202603;AREA 2;EASTERN JABOTABEK;BOGOR;SKB;AOi42601020143514681c6cd0;0;Comply;-26,83
202603;AREA 2;EASTERN JABOTABEK;BOGOR;SKB;AOi4260112111110788e9bb40;0;Anomaly;
202603;AREA 2;EASTERN JABOTABEK;BOGOR;SKB;AOk4260126050704123229680;0;Comply;-0,35
202603;AREA 2;EASTERN JABOTABEK;BOGOR;SKB;AOi42601050311002670c3480;0;Comply;2,18
202603;AREA 2;JABAR;CIREBON;BON;AOi4260129101219862015f70;0;Comply;-15,57
202603;AREA 2;CENTRAL JABOTABEK;NORTHERN JAKARTA;MRY;AOi4261230042431723e3db90;0;Comply;-8,56
202603;AREA 2;CENTRAL JABOTABEK;NORTHERN JAKARTA;MRY;AOi42601070808166742acb30;0;Anomaly;
202603;AREA 2;CENTRAL JABOTABEK;NORTHERN JAKARTA;MRY;AOi42601010658408865e1e90;0;Anomaly;
202603;AREA 2;CENTRAL JABOTABEK;NORTHERN JAKARTA;MRY;AOi42601170251330229e2bc0;0;Comply;1,00
202603;AREA 2;WESTERN JABOTABEK;TANGERANG;CLD;AOi426010707562717118c930;0;Anomaly;
202603;AREA 2;WESTERN JABOTABEK;TANGERANG;CLD;AOi4260106110535876bbdea0;0;Anomaly;
202603;AREA 2;JABAR;BANDUNG;CJG;AOi4260115100620014d51b70;0;Anomaly;
202603;AREA 2;EASTERN JABOTABEK;KARAWANG;BGG;AOi4260127115615771728d90;0;Comply;-43,72
202603;AREA 2;EASTERN JABOTABEK;KARAWANG;BGG;AOi42601171242040705c2aa0;0;Anomaly;
202603;AREA 2;WESTERN JABOTABEK;TANGERANG;PDR;AOi4260112074052079c20350;0;Anomaly;
202603;AREA 2;CENTRAL JABOTABEK;SOUTHERN JAKARTA;KBY;AOs3260124030528729665990;0;Anomaly;
202603;AREA 2;CENTRAL JABOTABEK;SOUTHERN JAKARTA;KBY;AOi4260128035748253b49a20;0;Anomaly;
202603;AREA 2;JABAR;BANDUNG;TGE;AOi4260129095804268d98dd0;0;Anomaly;
202603;AREA 2;CENTRAL JABOTABEK;NORTHERN JAKARTA;MRY;AOi42601290710149230cc070;0;Comply;-23,68
202603;AREA 2;EASTERN JABOTABEK;BOGOR;BOO;AOi4260124112727746b0a8d0;0;Anomaly;
202603;AREA 2;EASTERN JABOTABEK;BOGOR;BOO;AOi42601170326154627eda20;0;Anomaly;
202603;AREA 2;EASTERN JABOTABEK;BOGOR;BOO;AOi4260101060445590f26560;0;Anomaly;
202603;AREA 2;EASTERN JABOTABEK;BOGOR;BOO;AOi4260128064344970013910;0;Anomaly;
202603;AREA 2;EASTERN JABOTABEK;BOGOR;BOO;AOi42601081255422552fb020;0;Anomaly;
202603;AREA 2;EASTERN JABOTABEK;BOGOR;BOO;AOi4260117014715821760e60;0;Anomaly;
202603;AREA 2;EASTERN JABOTABEK;BOGOR;BOO;AOk4260115105230131748670;0;Anomaly;
202603;AREA 2;JABAR;BANDUNG;TGE;AOi4260108041553974cbde40;0;Anomaly;
202603;AREA 2;JABAR;BANDUNG;TGE;AOi4260107065632324064cb0;0;Anomaly;
202603;AREA 2;JABAR;BANDUNG;TGE;AOi42601110733315593385a0;0;Anomaly;
202603;AREA 2;JABAR;BANDUNG;TGE;AOi42601190602568543b4200;0;Anomaly;
202603;AREA 2;JABAR;BANDUNG;TGE;AOi4260129095804268d98dd0;0;Anomaly;
202603;AREA 2;CENTRAL JABOTABEK;NORTHERN JAKARTA;MKR;AOi126010502054266188db70;0;Anomaly;
202603;AREA 2;CENTRAL JABOTABEK;NORTHERN JAKARTA;MKR;AOi4260118121433924cc0f20;0;Anomaly;
202603;AREA 2;JABAR;BANDUNG;GGK;AOi4260131020817038ee6a50;0;Anomaly;
202603;AREA 2;EASTERN JABOTABEK;BOGOR;BOO;AOi4260131112156908c93810;0;Anomaly;
202603;AREA 2;JABAR;CIREBON;HAR;AOi4260115092442897c8f680;0;Anomaly;
202603;AREA 2;JABAR;CIREBON;HAR;AOi4260116072724059a15cf0;0;Comply;-14,30
202603;AREA 2;JABAR;CIREBON;HAR;AOi4260117082606141144cd0;0;Comply;-16,22
202603;AREA 2;JABAR;CIREBON;HAR;AOk4260115050037002a892d0;0;Anomaly;
202603;AREA 2;JABAR;CIREBON;HAR;AOi12601140505207445358e0;0;Comply;-19,53
202603;AREA 2;JABAR;CIREBON;HAR;PDAk42601031050026553c26d0;0;Comply;-12,95
202603;AREA 2;JABAR;CIREBON;HAR;AOs32601240537196916bcf90;0;Anomaly;
202603;AREA 2;JABAR;BANDUNG;GGK;AOi4260120075628913d61030;0;Anomaly;
202603;AREA 2;CENTRAL JABOTABEK;NORTHERN JAKARTA;SLP;PDAk4260129031654863e3ace0;0;Anomaly;
202603;AREA 2;CENTRAL JABOTABEK;NORTHERN JAKARTA;SLP;AOk42612310416567376fa580;0;Anomaly;
202603;AREA 2;JABAR;SOREANG;RCK;AOi4260121072823271bfbe10;0;Anomaly;
202603;AREA 2;CENTRAL JABOTABEK;SOUTHERN JAKARTA;BIN;AOs32601030448207118c2f30;0;Anomaly;
202603;AREA 2;CENTRAL JABOTABEK;SOUTHERN JAKARTA;BIN;AOi4260125100648275c22800;0;Anomaly;
202603;AREA 2;CENTRAL JABOTABEK;NORTHERN JAKARTA;PDM;AOs3260114034650719192de0;0;Anomaly;
202603;AREA 2;CENTRAL JABOTABEK;NORTHERN JAKARTA;PDM;AOi4260126125828286c8d8c0;0;Anomaly;
202603;AREA 2;CENTRAL JABOTABEK;SOUTHERN JAKARTA;GBI;AOi4260108073327391412e00;0;Comply;-21,13
202603;AREA 2;EASTERN JABOTABEK;KARAWANG;TAR;AOi42601190727020935ef0f0;0;Anomaly;
202603;AREA 2;CENTRAL JABOTABEK;NORTHERN JAKARTA;KDY;AOk42601300949419139e2b40;0;Anomaly;
202603;AREA 2;WESTERN JABOTABEK;SERANG;BRS;AOi4260116090936684864bf0;0;Anomaly;
202603;AREA 2;WESTERN JABOTABEK;SERANG;BRS;AOs3260106080843179c26130;0;Anomaly;
202603;AREA 2;WESTERN JABOTABEK;SERANG;TGR;AOi4260118111921963113170;0;Anomaly;
202603;AREA 2;JABAR;CIREBON;PMN;AOi4260106110253148fd5b50;0;Anomaly;
202603;AREA 2;JABAR;CIREBON;PMN;AOi42601221256572011bfd10;0;Anomaly;
202603;AREA 2;CENTRAL JABOTABEK;SOUTHERN JAKARTA;GAN;AOk4260110065139696d89690;0;Anomaly;
202603;AREA 2;CENTRAL JABOTABEK;SOUTHERN JAKARTA;GAN;AOi426012401284916219c040;0;Anomaly;
202603;AREA 2;JABAR;SOREANG;SMD;AOi426011309151146999bdb0;0;Anomaly;
202603;AREA 2;JABAR;SOREANG;SMD;AOi426011309151146999bdb0;0;Anomaly;
202603;AREA 2;JABAR;SOREANG;SMD;AOs32601101036208378e3390;0;Anomaly;
202603;AREA 2;JABAR;BANDUNG;CSA;AOi42601021006481903ded50;0;Comply;-19,76
202603;AREA 2;JABAR;SOREANG;CCL;AOi4260105105146737aa02e0;0;Anomaly;
202603;AREA 2;JABAR;SOREANG;CCL;AOi4260127020602997aebf90;0;Anomaly;
202603;AREA 2;JABAR;SOREANG;CCL;AOi4260105105146737aa02e0;0;Anomaly;
202603;AREA 2;CENTRAL JABOTABEK;NORTHERN JAKARTA;PDM;AOs3260114034650719192de0;0;Anomaly;
202603;AREA 2;CENTRAL JABOTABEK;NORTHERN JAKARTA;PDM;AOi4260122043548392d70ef0;0;Anomaly;
202603;AREA 2;CENTRAL JABOTABEK;NORTHERN JAKARTA;PDM;AOi4260129113639507a8fcc0;0;Anomaly;
202603;AREA 2;CENTRAL JABOTABEK;NORTHERN JAKARTA;PDM;AOi42601190140256585d6e90;0;Anomaly;
202603;AREA 2;JABAR;BANDUNG;CSA;AOi426010312401329948d0d0;0;Anomaly;
202603;AREA 2;CENTRAL JABOTABEK;SOUTHERN JAKARTA;KRG;AOi42612310317056927ab570;0;Anomaly;
202603;AREA 2;JABAR;BANDUNG;PDL;AOi4260116021206672edd930;0;Anomaly;
202603;AREA 2;JABAR;BANDUNG;PDL;AOi4260118010754822e74da0;0;Anomaly;
202603;AREA 2;JABAR;SOREANG;CCL;AOi4260127020602997aebf90;0;Anomaly;
202603;AREA 2;JABAR;SOREANG;CCL;AOi4260107081840690786e80;0;Comply;-18,44
202603;AREA 2;JABAR;SOREANG;MJL;AOi426011004495020839f8c0;0;Anomaly;
202603;AREA 2;JABAR;CIREBON;KIA;PDAk4260123110204066556620;0;Anomaly;
202603;AREA 2;JABAR;CIREBON;KIA;AOi4260121090725567c16440;0;Anomaly;
202603;AREA 2;JABAR;CIREBON;KIA;AOi4260121074437412785850;0;Anomaly;
202603;AREA 2;WESTERN JABOTABEK;TANGERANG;CPA;AOi4260115124615545b2f100;0;Anomaly;
202603;AREA 2;WESTERN JABOTABEK;TANGERANG;CPA;AOi4260125123045991d06d60;0;Anomaly;
202603;AREA 2;JABAR;BANDUNG;PDL;AOi42601190750561942aee30;0;Anomaly;
202603;AREA 2;JABAR;TASIKMALAYA;KNU;AOi4260114073354134c27130;0;Anomaly;
202603;AREA 2;EASTERN JABOTABEK;BOGOR;GPI;AOs3260111014228975462810;0;Not Comply;3,01
202603;AREA 2;JABAR;BANDUNG;SDL;AOs3260113112042647cab600;0;Anomaly;
202603;AREA 2;EASTERN JABOTABEK;BEKASI;PCM;AOi426011707233484529b600;0;Anomaly;
202603;AREA 2;WESTERN JABOTABEK;TANGERANG;CKL;AOi42601160433239563a60f0;0;Anomaly;
202603;AREA 2;EASTERN JABOTABEK;BEKASI;CNE;AOs3260120100626735959740;0;Anomaly;
202603;AREA 2;EASTERN JABOTABEK;BEKASI;CNE;AOk42601110330238984802e0;0;Comply;2,30
202603;AREA 2;WESTERN JABOTABEK;TANGERANG;CPA;AOs3260111101318463dd5e10;0;Anomaly;
202603;AREA 2;WESTERN JABOTABEK;TANGERANG;CPA;AOi42601290149214604d0930;0;Comply;-20,02
202603;AREA 2;WESTERN JABOTABEK;TANGERANG;CPA;AOi4260118124505296f7a690;0;Comply;-24,86
202603;AREA 2;WESTERN JABOTABEK;TANGERANG;CPA;AOi4260122022234702cd6200;0;Anomaly;
202603;AREA 2;WESTERN JABOTABEK;TANGERANG;CPA;AOs3260103073515950a7c840;0;Anomaly;
202603;AREA 2;WESTERN JABOTABEK;TANGERANG;CPA;AOi1260119090828558e426e0;0;Comply;-48,80
202603;AREA 2;WESTERN JABOTABEK;TANGERANG;CPA;PDAk4260123102146129944830;0;Anomaly;
202603;AREA 2;CENTRAL JABOTABEK;SOUTHERN JAKARTA;KLD;AOs32601030245401384510a0;0;Anomaly;
202603;AREA 2;CENTRAL JABOTABEK;SOUTHERN JAKARTA;KLD;AOi426011210031348718ee20;0;Anomaly;
202603;AREA 2;CENTRAL JABOTABEK;SOUTHERN JAKARTA;KLD;AOi4260120064409320ca6530;0;Anomaly;
202603;AREA 2;JABAR;BANDUNG;DGO;AOi4260122073118566835cc0;0;Anomaly;
202603;AREA 2;JABAR;BANDUNG;DGO;AOi4260122073118566835cc0;0;Anomaly;
202603;AREA 2;JABAR;BANDUNG;DGO;AOs3260117093700348c3ca70;0;Anomaly;
202603;AREA 2;JABAR;BANDUNG;DGO;AOs3260117093700348c3ca70;0;Anomaly;
202603;AREA 2;EASTERN JABOTABEK;BOGOR;KLU;AOi4261229054708732058020;0;Anomaly;
202603;AREA 2;EASTERN JABOTABEK;BOGOR;CSR;AOs3260109102039185ac1e90;0;Anomaly;
202603;AREA 2;JABAR;TASIKMALAYA;PAX;AOi4260105112033540e73df0;0;Anomaly;
202603;AREA 2;JABAR;TASIKMALAYA;PAX;AOi4260115075723480391620;0;Anomaly;
202603;AREA 2;WESTERN JABOTABEK;SERANG;CRS;PDAk42601220208316119aef20;0;Anomaly;
202603;AREA 2;WESTERN JABOTABEK;SERANG;CRS;AOi4260131093416052ee54b0;0;Anomaly;
202603;AREA 2;JABAR;CIREBON;AWN;AOi42601241143066288a5d70;0;Anomaly;
202603;AREA 2;JABAR;TASIKMALAYA;LAG;AOi4260119011649972d19110;0;Anomaly;
202603;AREA 2;JABAR;BANDUNG;HGM;AOi4260122125854342e38ce0;0;Anomaly;
202603;AREA 2;JABAR;TASIKMALAYA;CMS;AOi4260107061406567d3eb20;0;Anomaly;
202603;AREA 2;CENTRAL JABOTABEK;SOUTHERN JAKARTA;KBY;PDAk42512260954369341b2720;0;Comply;-22,18
202603;AREA 2;CENTRAL JABOTABEK;SOUTHERN JAKARTA;KBY;AOi42601030704084437c2cf0;0;Comply;-11,03
202603;AREA 2;CENTRAL JABOTABEK;SOUTHERN JAKARTA;KBY;AOi4260103013718151c26050;0;Comply;-17,02
202603;AREA 2;CENTRAL JABOTABEK;SOUTHERN JAKARTA;KBY;AOi42601130350490200d0ac0;0;Anomaly;
202603;AREA 2;CENTRAL JABOTABEK;SOUTHERN JAKARTA;KBY;AOi4260112040259728a819f0;0;Anomaly;
202603;AREA 2;CENTRAL JABOTABEK;SOUTHERN JAKARTA;KBY;AOi426011211024690652de00;0;Comply;-24,15
202603;AREA 2;CENTRAL JABOTABEK;SOUTHERN JAKARTA;KBY;AOi426011211024690652de00;0;Anomaly;
202603;AREA 2;CENTRAL JABOTABEK;SOUTHERN JAKARTA;KBY;AOi42601130350490200d0ac0;0;Anomaly;
202603;AREA 2;CENTRAL JABOTABEK;SOUTHERN JAKARTA;CID;AOi4260126101616101dc00e0;0;Comply;-13,60
202603;AREA 2;JABAR;CIREBON;PAB;AOi4260124050713662da5250;0;Anomaly;
202603;AREA 2;WESTERN JABOTABEK;SERANG;LBU;AOs32601110702027477badb0;0;Comply;0,28
202603;AREA 2;CENTRAL JABOTABEK;SOUTHERN JAKARTA;CPP;AOs3260105085134610f22e70;0;Anomaly;
202603;AREA 2;CENTRAL JABOTABEK;SOUTHERN JAKARTA;CPP;AOi4260125105555730f551e0;0;Anomaly;
202603;AREA 2;CENTRAL JABOTABEK;SOUTHERN JAKARTA;CPP;PDAk42601240416186847c52a0;0;Anomaly;
202603;AREA 2;CENTRAL JABOTABEK;SOUTHERN JAKARTA;CPP;AOi4260104120409271ca5280;0;Anomaly;
202603;AREA 2;CENTRAL JABOTABEK;SOUTHERN JAKARTA;CPP;AOi4260111061811703478aa0;0;Anomaly;
202603;AREA 2;JABAR;TASIKMALAYA;CMS;AOi4260126025507498e9b4c0;0;Anomaly;
202603;AREA 2;JABAR;TASIKMALAYA;CMS;AOi426010505255544966c540;0;Anomaly;
202603;AREA 2;JABAR;TASIKMALAYA;CMS;AOi4260120025951450ae2840;0;Anomaly;
202603;AREA 2;JABAR;SOREANG;RGA;AOs3260119075635910088190;0;Comply;-20,17
202603;AREA 2;EASTERN JABOTABEK;BOGOR;CKB;AOi4260115015026308ddfc90;0;Anomaly;
202603;AREA 2;JABAR;TASIKMALAYA;GRU;AOi42601241113239900e21f0;0;Comply;-12,68
202603;AREA 2;JABAR;TASIKMALAYA;GRU;AOb0260123062012282b667a0;0;Anomaly;
202603;AREA 2;JABAR;TASIKMALAYA;GRU;AOi4260124035100339e1b7b0;0;Anomaly;
202603;AREA 2;JABAR;TASIKMALAYA;GRU;AOi12601190643322048ca580;0;Comply;-20,59
202603;AREA 2;CENTRAL JABOTABEK;SOUTHERN JAKARTA;CPP;AOi4260114011128456b15d20;0;Anomaly;
202603;AREA 2;CENTRAL JABOTABEK;SOUTHERN JAKARTA;CPP;AOi42601151234433117aeca0;0;Anomaly;
202603;AREA 2;JABAR;CIREBON;CKC;AOi4260117094410863a72300;0;Anomaly;
202603;AREA 2;WESTERN JABOTABEK;SERANG;CLG;AOk42601260251075495154d0;0;Anomaly;
202603;AREA 2;WESTERN JABOTABEK;SERANG;CLG;AOi4260108031328357726490;0;Anomaly;
202603;AREA 2;JABAR;CIREBON;BON;AOi4260122072135655641160;0;Anomaly;
202603;AREA 2;JABAR;CIREBON;BON;AOi4260112094722377144cd0;0;Anomaly;
202603;AREA 2;EASTERN JABOTABEK;KARAWANG;CPL;AOi42601281033287888130f0;0;Comply;-13,84
202603;AREA 2;JABAR;CIREBON;JBN;AOi42601131215254897b4200;0;Anomaly;
202603;AREA 2;JABAR;TASIKMALAYA;GRU;AOi4260118121549541fd8100;0;Anomaly;
202603;AREA 2;JABAR;TASIKMALAYA;GRU;AOi4260129120919116b98c70;0;Not Comply;116,49
202603;AREA 2;JABAR;TASIKMALAYA;GRU;AOi426010703491810950f7b0;0;Anomaly;
202603;AREA 2;JABAR;TASIKMALAYA;GRU;AOi426011208032962809ff10;0;Anomaly;
202603;AREA 2;EASTERN JABOTABEK;BEKASI;PKY;AOi42601210617525909e1ec0;0;Anomaly;
202603;AREA 2;JABAR;CIREBON;JBN;AOi42601300956185770ce910;0;Anomaly;
202603;AREA 2;EASTERN JABOTABEK;KARAWANG;CIB;PDAk4260127111924551018f90;0;Anomaly;
202603;AREA 2;EASTERN JABOTABEK;KARAWANG;CIB;AOi4260108074627089451150;0;Anomaly;
202603;AREA 2;EASTERN JABOTABEK;KARAWANG;CIB;AOi1260129071351804bca750;0;Anomaly;
202603;AREA 2;EASTERN JABOTABEK;KARAWANG;CIB;AOi4260107114442078b76fb0;0;Anomaly;
202603;AREA 2;CENTRAL JABOTABEK;NORTHERN JAKARTA;MRY;AOi42601141128158147dbe60;0;Anomaly;
202603;AREA 2;JABAR;CIREBON;LSR;AOi42601201153265419fce90;0;Anomaly;
202603;AREA 2;JABAR;TASIKMALAYA;MNJ;AOi426012503464094855e720;0;Anomaly;
202603;AREA 2;JABAR;TASIKMALAYA;MNJ;AOi4260126122509394239740;0;Comply;1,62
202603;AREA 2;JABAR;TASIKMALAYA;MNJ;AOi426012503464094855e720;0;Anomaly;
202603;AREA 2;EASTERN JABOTABEK;BOGOR;CWI;AOi4260106083949257635860;0;Anomaly;
202603;AREA 2;EASTERN JABOTABEK;BOGOR;CWI;AOi4260111103733871923f40;0;Comply;-21,85
202603;AREA 2;CENTRAL JABOTABEK;NORTHERN JAKARTA;KTZ;AOi4260103102443015c58310;0;Anomaly;
202603;AREA 2;CENTRAL JABOTABEK;NORTHERN JAKARTA;KTZ;AOs3260126090217325635aa0;0;Anomaly;
202603;AREA 2;EASTERN JABOTABEK;BOGOR;BOO;AOi4260116042432887236380;0;Anomaly;
202603;AREA 2;EASTERN JABOTABEK;BOGOR;BOO;AOs3260116071728384b9e780;0;Anomaly;
202603;AREA 2;CENTRAL JABOTABEK;SOUTHERN JAKARTA;BIN;AOi1260113101019650e32db0;0;Anomaly;
202603;AREA 2;CENTRAL JABOTABEK;SOUTHERN JAKARTA;BIN;AOi42601300347157208b69d0;0;Comply;-40,10
202603;AREA 2;CENTRAL JABOTABEK;SOUTHERN JAKARTA;BIN;AOb02601300723222542ad7b0;0;Anomaly;
202603;AREA 2;CENTRAL JABOTABEK;SOUTHERN JAKARTA;BIN;AOk4260129061344143e6ba80;0;Anomaly;
202603;AREA 2;CENTRAL JABOTABEK;SOUTHERN JAKARTA;BIN;AOk4260106012347374b69a60;0;Comply;-20,10
202603;AREA 2;CENTRAL JABOTABEK;SOUTHERN JAKARTA;BIN;AOi4260114085428196e74b00;0;Anomaly;
202603;AREA 2;CENTRAL JABOTABEK;SOUTHERN JAKARTA;BIN;AOi4260120111641523b7f0c0;0;Anomaly;
202603;AREA 2;EASTERN JABOTABEK;KARAWANG;TAR;AOi426011206225248769b730;0;Comply;-0,21
202603;AREA 2;EASTERN JABOTABEK;KARAWANG;TAR;AOi426010812573293779b120;0;Anomaly;
202603;AREA 2;EASTERN JABOTABEK;KARAWANG;TAR;AOi4260128104409990226a50;0;Anomaly;
202603;AREA 2;JABAR;CIREBON;PRD;AOi426010710211524807c670;0;Comply;-17,91
202603;AREA 2;JABAR;CIREBON;PRD;AOi4260125075338659214230;0;Anomaly;
202603;AREA 2;JABAR;CIREBON;PRD;AOi426010406420812863f120;0;Anomaly;
202603;AREA 2;JABAR;CIREBON;PRD;AOi4260110060700660a0c640;0;Anomaly;
202603;AREA 2;JABAR;CIREBON;PRD;AOi4260106085343016b807a0;0;Anomaly;
202603;AREA 2;JABAR;CIREBON;PRD;AOi426010709202556672f770;0;Anomaly;
202603;AREA 2;CENTRAL JABOTABEK;SOUTHERN JAKARTA;GAN;AOi1260115103330782bba180;0;Anomaly;
202603;AREA 2;CENTRAL JABOTABEK;SOUTHERN JAKARTA;GAN;AOi4260113100112610d61f70;0;Comply;-19,72
202603;AREA 2;CENTRAL JABOTABEK;SOUTHERN JAKARTA;GAN;AOs3260103053955379961740;0;Anomaly;
202603;AREA 2;CENTRAL JABOTABEK;SOUTHERN JAKARTA;GAN;AOi4260124052418229dc7930;0;Anomaly;
202603;AREA 2;WESTERN JABOTABEK;SERANG;MER;AOs3260113123105846e8baf0;0;Anomaly;
202603;AREA 2;EASTERN JABOTABEK;BEKASI;SKJ;AOi42601100927345851227c0;0;Comply;-1,84
202603;AREA 2;EASTERN JABOTABEK;BEKASI;SKJ;AOi4260112124224123dff430;0;Anomaly;
202603;AREA 2;EASTERN JABOTABEK;BEKASI;SKJ;AOi42601130909534526cf8a0;0;Anomaly;
202603;AREA 2;EASTERN JABOTABEK;BEKASI;SKJ;AOs32601120925484456071d0;0;Anomaly;
202603;AREA 2;CENTRAL JABOTABEK;SOUTHERN JAKARTA;CWA;AOs3260103020939069da0e20;0;Anomaly;
202603;AREA 2;CENTRAL JABOTABEK;SOUTHERN JAKARTA;CWA;AOi4260109102508162a482c0;0;Anomaly;
202603;AREA 2;CENTRAL JABOTABEK;SOUTHERN JAKARTA;CWA;AOi4261230085532705df11d0;0;Comply;-19,42
202603;AREA 2;CENTRAL JABOTABEK;SOUTHERN JAKARTA;CWA;AOi4260110104419096f8ddf0;0;Comply;-13,19
202603;AREA 2;JABAR;BANDUNG;UBR;AOi4260107081427583bf9600;0;Anomaly;
202603;AREA 2;JABAR;BANDUNG;UBR;AOk4260115013743554d58880;0;Anomaly;
202603;AREA 2;JABAR;BANDUNG;UBR;AOi42601291258435065df3b0;0;Anomaly;
202603;AREA 2;JABAR;BANDUNG;UBR;AOk42601140852099611f3840;0;Anomaly;
202603;AREA 2;JABAR;BANDUNG;UBR;AOi426011108401236079b000;0;Comply;-28,34
202603;AREA 2;EASTERN JABOTABEK;BOGOR;JPK;AOi4260105075636475c14f80;0;Anomaly;
202603;AREA 2;EASTERN JABOTABEK;BOGOR;JPK;AOi4260110092239639813850;0;Comply;-18,22
202603;AREA 2;EASTERN JABOTABEK;BOGOR;JPK;AOb0260104124147559bbe680;0;Anomaly;
202603;AREA 2;EASTERN JABOTABEK;BOGOR;JPK;AOi4260110092239639813850;0;Anomaly;
202603;AREA 2;EASTERN JABOTABEK;BOGOR;JPK;AOi42601090909294918b6630;0;Comply;-22,66
202603;AREA 2;EASTERN JABOTABEK;BOGOR;JPK;AOi4260109092718255e38720;0;Anomaly;
202603;AREA 2;JABAR;BANDUNG;CSA;AOi4260130064456646e33470;0;Anomaly;
202603;AREA 2;JABAR;BANDUNG;CSA;AOi4260128024145645dfe4a0;0;Anomaly;
202603;AREA 2;JABAR;BANDUNG;CSA;AOi4260123104819160cd1780;0;Anomaly;
202603;AREA 2;JABAR;BANDUNG;CSA;AOi4260128024145645dfe4a0;0;Anomaly;
202603;AREA 2;JABAR;BANDUNG;CSA;AOi4260123104819160cd1780;0;Anomaly;
202603;AREA 2;JABAR;BANDUNG;CSA;AOi4260130064456646e33470;0;Comply;-0,87
202603;AREA 2;CENTRAL JABOTABEK;SOUTHERN JAKARTA;KRG;AOs32601221254382485c4cc0;0;Comply;-11,60
202603;AREA 2;CENTRAL JABOTABEK;SOUTHERN JAKARTA;KRG;AOk42601291133155590b9cf0;0;Anomaly;
202603;AREA 2;CENTRAL JABOTABEK;SOUTHERN JAKARTA;KRG;AOb02601100234099848066c0;0;Anomaly;
202603;AREA 2;JABAR;BANDUNG;LBG;AOi42601031231463707e5580;0;Anomaly;
202603;AREA 2;JABAR;BANDUNG;LBG;AOi1260120124000152402cb0;0;Comply;-2,13
202603;AREA 2;JABAR;BANDUNG;LBG;AOk4260107115014571381e20;0;Comply;-19,72
202603;AREA 2;JABAR;BANDUNG;LBG;AOk426010202203885718eae0;0;Anomaly;
202603;AREA 2;JABAR;BANDUNG;LBG;AOi1260120124000152402cb0;0;Anomaly;
202603;AREA 2;JABAR;BANDUNG;LBG;AOi4261231102556491ea1cb0;0;Anomaly;
202603;AREA 2;JABAR;BANDUNG;LBG;AOi4260102035247809bfad50;0;Anomaly;
202603;AREA 2;JABAR;BANDUNG;LBG;AOk42612310939522748368e0;0;Anomaly;
202603;AREA 2;JABAR;BANDUNG;LBG;AOi42612300353551610c2a60;0;Anomaly;
202603;AREA 2;JABAR;BANDUNG;LBG;AOi42601130856069458093d0;0;Anomaly;
202603;AREA 2;WESTERN JABOTABEK;TANGERANG;CPA;AOi4260107012401482fec090;0;Comply;-15,86
202603;AREA 2;WESTERN JABOTABEK;TANGERANG;CPA;AOi42601131059399629669a0;0;Comply;-26,71
202603;AREA 2;WESTERN JABOTABEK;TANGERANG;CPA;AOi4260107012401482fec090;0;Anomaly;
202603;AREA 2;WESTERN JABOTABEK;TANGERANG;CPA;AOs32601010654336102a7bf0;0;Anomaly;
202603;AREA 2;WESTERN JABOTABEK;TANGERANG;CPA;AOi4260125123045991d06d60;0;Anomaly;
202603;AREA 2;WESTERN JABOTABEK;TANGERANG;CPA;AOi12601250338203985bda10;0;Anomaly;
202603;AREA 2;WESTERN JABOTABEK;TANGERANG;CPA;AOi4260111040544077b089b0;0;Anomaly;
202603;AREA 2;WESTERN JABOTABEK;TANGERANG;CPA;AOi4260127100708724cca510;0;Anomaly;
202603;AREA 2;JABAR;BANDUNG;NJG;AOi4260108113707667de1c40;0;Comply;-5,56
202603;AREA 2;JABAR;SOREANG;KAD;AOi4260122045846826753480;0;Comply;0,28
202603;AREA 2;JABAR;BANDUNG;CMI;AOs32601160237298665849f0;0;Anomaly;
202603;AREA 2;JABAR;BANDUNG;CMI;AOi42601140959386838a17c0;0;Anomaly;
202603;AREA 2;JABAR;BANDUNG;CMI;AOi426013010202025496c120;0;Anomaly;
202603;AREA 2;JABAR;BANDUNG;CMI;PDAk42612311102241382a3360;0;Comply;1,58
202603;AREA 2;JABAR;BANDUNG;CMI;AOi4260123021949900d0c180;0;Anomaly;
202603;AREA 2;JABAR;BANDUNG;CMI;AOi4260122010153721179e80;0;Anomaly;
202603;AREA 2;CENTRAL JABOTABEK;SOUTHERN JAKARTA;PSR;AOi1260131112000043ef7350;0;Anomaly;
202603;AREA 2;EASTERN JABOTABEK;BOGOR;CSR;AOi4260110081016681ebbf90;0;Anomaly;
202603;AREA 2;EASTERN JABOTABEK;BOGOR;CSR;AOi42601131232173451a6730;0;Anomaly;
202603;AREA 2;EASTERN JABOTABEK;BOGOR;CSR;AOi4260116031927547fe5670;0;Anomaly;
202603;AREA 2;JABAR;CIREBON;JCG;AOi4260123020634017b2db30;0;Anomaly;
202603;AREA 2;JABAR;CIREBON;JCG;AOs3260105042723033e50290;0;Anomaly;
202603;AREA 2;JABAR;TASIKMALAYA;SPA;AOi4260109030023336d849a0;0;Comply;-95,99
202603;AREA 2;JABAR;TASIKMALAYA;SPA;AOi4260112090254700b2bf00;0;Anomaly;
202603;AREA 2;JABAR;TASIKMALAYA;SPA;AOi4260126025137340f80210;0;Anomaly;
202603;AREA 2;JABAR;TASIKMALAYA;SPA;AOi4260121113702077cae3c0;0;Anomaly;
202603;AREA 2;CENTRAL JABOTABEK;SOUTHERN JAKARTA;CID;AOs3260124104622456461ed0;0;Anomaly;
202603;AREA 2;CENTRAL JABOTABEK;SOUTHERN JAKARTA;CID;AOi4260124091847090936f00;0;Anomaly;
202603;AREA 2;CENTRAL JABOTABEK;SOUTHERN JAKARTA;CID;AOi42601071223433794b9710;0;Comply;-23,52
202603;AREA 2;JABAR;CIREBON;CKY;AOi42601031222280175a7a50;0;Anomaly;
202603;AREA 2;JABAR;CIREBON;CKY;AOs3260124085929839ed06a0;0;Anomaly;
202603;AREA 2;JABAR;BANDUNG;TGE;AOi42601080953148579dae30;0;Anomaly;
202603;AREA 2;JABAR;BANDUNG;TGE;AOi42601080953148579dae30;0;Anomaly;
202603;AREA 2;JABAR;BANDUNG;TGE;AOi4260108041553974cbde40;0;Anomaly;
202603;AREA 2;JABAR;BANDUNG;TGE;AOi4260112020437864982b80;0;Anomaly;
202603;AREA 2;JABAR;CIREBON;PAB;AOi42601090434496539f60a0;0;Anomaly;
202603;AREA 2;JABAR;CIREBON;PAB;AOi4261231114018598ab6ce0;0;Anomaly;
202603;AREA 2;JABAR;CIREBON;PAB;AOi42601220409249761b2550;0;Anomaly;
202603;AREA 2;JABAR;TASIKMALAYA;TSM;AOk4260120044156114198db0;0;Anomaly;
202603;AREA 2;JABAR;TASIKMALAYA;TSM;AOi4260103040602998ec45a0;0;Anomaly;
202603;AREA 2;JABAR;TASIKMALAYA;TSM;AOi42601100249294561a4800;0;Anomaly;
202603;AREA 2;JABAR;TASIKMALAYA;TSM;AOk426012910043383680b4b0;0;Anomaly;
202603;AREA 2;JABAR;TASIKMALAYA;TSM;AOi4260102044522275898b70;0;Comply;0,03
202603;AREA 2;JABAR;TASIKMALAYA;TSM;AOi4260108115830198ab8240;0;Comply;-0,02
202603;AREA 2;EASTERN JABOTABEK;BOGOR;CLS;AOi42601090719161447db730;0;Anomaly;
202603;AREA 2;EASTERN JABOTABEK;BOGOR;CLS;AOi42601240412380351ca920;0;Anomaly;
202603;AREA 2;EASTERN JABOTABEK;BOGOR;CLS;AOs3260110053655028d34c30;0;Comply;-15,32
202603;AREA 2;EASTERN JABOTABEK;BOGOR;CLS;AOi12601060656169863008c0;0;Anomaly;
202603;AREA 2;EASTERN JABOTABEK;BOGOR;CLS;AOi4261230090216353288830;0;Comply;-16,70
202603;AREA 2;EASTERN JABOTABEK;BOGOR;CLS;AOi12601010920481016419b0;0;Comply;-21,03
202603;AREA 2;EASTERN JABOTABEK;BOGOR;CLS;AOi42601060240187632c9af0;0;Anomaly;
202603;AREA 2;JABAR;BANDUNG;BDK;AOk4260126051957523818530;0;Anomaly;
202603;AREA 2;JABAR;BANDUNG;BDK;AOk4260122052614973ebd8e0;0;Anomaly;
202603;AREA 2;WESTERN JABOTABEK;SERANG;KSB;AOi4260114083031358ea66a0;0;Comply;-4,64
202603;AREA 2;WESTERN JABOTABEK;SERANG;KSB;AOs3260111082259006cd02a0;0;Anomaly;
202603;AREA 2;WESTERN JABOTABEK;SERANG;KSB;PDAk426010310361344629f1c0;0;Anomaly;
202603;AREA 2;WESTERN JABOTABEK;SERANG;KSB;AOk42601060328504993b0700;0;Anomaly;
202603;AREA 2;JABAR;TASIKMALAYA;BNJ;AOi42601260909545233697c0;0;Anomaly;
202603;AREA 2;JABAR;TASIKMALAYA;BNJ;AOi42601160143344719cc5b0;0;Anomaly;
202603;AREA 2;JABAR;TASIKMALAYA;BNJ;AOi426011710262934117bfc0;0;Anomaly;
202603;AREA 2;JABAR;TASIKMALAYA;BNJ;AOi4260121063819097f51650;0;Anomaly;
202603;AREA 2;EASTERN JABOTABEK;KARAWANG;CIB;AOi42601240911304075b3210;0;Anomaly;
202603;AREA 2;CENTRAL JABOTABEK;SOUTHERN JAKARTA;TBE;AOi4260101112841130d23eb0;0;Anomaly;
202603;AREA 2;CENTRAL JABOTABEK;SOUTHERN JAKARTA;TBE;AOk42601061223321333b1900;0;Anomaly;
202603;AREA 2;CENTRAL JABOTABEK;SOUTHERN JAKARTA;TBE;AOs3260102010732355d81130;0;Comply;-11,78
202603;AREA 2;CENTRAL JABOTABEK;SOUTHERN JAKARTA;TBE;AOi42601301252372801ad130;0;Anomaly;
202603;AREA 2;CENTRAL JABOTABEK;SOUTHERN JAKARTA;TBE;AOi4260131124053587ec3320;0;Anomaly;
202603;AREA 2;CENTRAL JABOTABEK;SOUTHERN JAKARTA;TBE;AOk42601070225531619228b0;0;Anomaly;
202603;AREA 2;CENTRAL JABOTABEK;SOUTHERN JAKARTA;TBE;PDAk42601311149483869049a0;0;Anomaly;
202603;AREA 2;WESTERN JABOTABEK;SERANG;LGK;AOi42601040927569079be7c0;0;Comply;-3,15
202603;AREA 2;WESTERN JABOTABEK;SERANG;LGK;AOs32601080247315613b57d0;0;Comply;-19,85
202603;AREA 2;WESTERN JABOTABEK;SERANG;LGK;AOk4260106043619793280620;0;Anomaly;
202603;AREA 2;WESTERN JABOTABEK;SERANG;LGK;AOi42601021023029611674e0;0;Anomaly;
202603;AREA 2;EASTERN JABOTABEK;BOGOR;CBI;AOi42601250108234660d3a00;0;Anomaly;
202603;AREA 2;EASTERN JABOTABEK;BOGOR;CBI;AOi4260106034032334571c90;0;Comply;-21,31
202603;AREA 2;EASTERN JABOTABEK;BOGOR;CBI;AOi4260128101114131d70f40;0;Anomaly;
202603;AREA 2;EASTERN JABOTABEK;BOGOR;CBI;AOi42601160949323065ab170;0;Comply;-2,51
202603;AREA 2;JABAR;BANDUNG;TRG;PDAk4260102080029337081fc0;0;Anomaly;
202603;AREA 2;JABAR;BANDUNG;TRG;AOs3260102063556232f77610;0;Anomaly;
202603;AREA 2;JABAR;BANDUNG;CLL;AOi4260102085436547202db0;0;Anomaly;
202603;AREA 2;JABAR;CIREBON;CBN;AOi42601071037309038978a0;0;Anomaly;
202603;AREA 2;JABAR;CIREBON;CBN;AOs3260120092339462156c90;0;Anomaly;
202603;AREA 2;JABAR;CIREBON;CBN;AOi4260109110554269643f40;0;Anomaly;
202603;AREA 2;JABAR;CIREBON;CBN;AOi42601270949511296a04f0;0;Comply;-26,48
202603;AREA 2;JABAR;CIREBON;CBN;AOi4260106090106671889f90;0;Anomaly;
202603;AREA 2;JABAR;CIREBON;CBN;AOi426011906241188836f1a0;0;Anomaly;
202603;AREA 2;CENTRAL JABOTABEK;SOUTHERN JAKARTA;BIN;AOb02601300723222542ad7b0;0;Comply;-23,12
202603;AREA 2;CENTRAL JABOTABEK;SOUTHERN JAKARTA;BIN;AOs3260112063741768de4b60;0;Anomaly;
202603;AREA 2;CENTRAL JABOTABEK;SOUTHERN JAKARTA;BIN;AOi4260118105014744d767b0;0;Comply;-15,53
202603;AREA 2;CENTRAL JABOTABEK;SOUTHERN JAKARTA;BIN;AOi4260104110338707814600;0;Anomaly;
202603;AREA 2;CENTRAL JABOTABEK;SOUTHERN JAKARTA;BIN;AOi4260116012551452cd7c00;0;Comply;-37,75
202603;AREA 2;CENTRAL JABOTABEK;SOUTHERN JAKARTA;BIN;AOi4260104030338978ceb060;0;Anomaly;
202603;AREA 2;CENTRAL JABOTABEK;NORTHERN JAKARTA;PDM;AOs32601131258515732bffa0;0;Anomaly;
202603;AREA 2;CENTRAL JABOTABEK;NORTHERN JAKARTA;PDM;AOs32601130530300970d5dc0;0;Anomaly;
202603;AREA 2;CENTRAL JABOTABEK;NORTHERN JAKARTA;PDM;AOi4260117044937535747d40;0;Anomaly;
202603;AREA 2;EASTERN JABOTABEK;BOGOR;CSN;AOi12601100923147889d9dc0;0;Anomaly;
202603;AREA 2;EASTERN JABOTABEK;BOGOR;CSN;PDAk4260128092735199819d60;0;Anomaly;
202603;AREA 2;WESTERN JABOTABEK;SERANG;PDG;AOi4260104022820628a3b590;0;Anomaly;
202603;AREA 2;WESTERN JABOTABEK;SERANG;PDG;AOi42601191110554370dde10;0;Anomaly;
202603;AREA 2;EASTERN JABOTABEK;BEKASI;SKJ;AOi4260116122425339b08560;0;Anomaly;
202603;AREA 2;JABAR;BANDUNG;CJR;AOi42601100857029397381e0;0;Anomaly;
202603;AREA 2;JABAR;BANDUNG;CJR;AOi4260120062506258480d70;0;Anomaly;
202603;AREA 2;JABAR;BANDUNG;CJR;AOi4260120062506258480d70;0;Anomaly;
202603;AREA 2;JABAR;BANDUNG;CJR;AOs32601010328405363c18a0;0;Anomaly;
202603;AREA 2;JABAR;BANDUNG;CJR;AOi4260119095913009c63530;0;Anomaly;
202603;AREA 2;JABAR;BANDUNG;CJR;AOi1260131094607723cbd8e0;0;Anomaly;
202603;AREA 2;JABAR;TASIKMALAYA;KDN;AOi4260117013744351da31c0;0;Anomaly;
202603;AREA 2;EASTERN JABOTABEK;BOGOR;CTR;AOs3260130092415638b20230;0;Anomaly;
202603;AREA 2;JABAR;BANDUNG;UBR;AOi426011910520289036cba0;0;Anomaly;
202603;AREA 2;JABAR;BANDUNG;UBR;AOi4260125114950666168650;0;Anomaly;
202603;AREA 2;JABAR;BANDUNG;UBR;PDAk42601050353478999f66c0;0;Anomaly;
202603;AREA 2;JABAR;BANDUNG;UBR;AOi4260123101435349e42f50;0;Anomaly;
202603;AREA 2;JABAR;BANDUNG;UBR;AOs32601061100382908632f0;0;Anomaly;
202603;AREA 2;JABAR;BANDUNG;UBR;AOi42601301049296600d13b0;0;Anomaly;
202603;AREA 2;JABAR;BANDUNG;UBR;AOi4260128083011012b304c0;0;Anomaly;
202603;AREA 2;JABAR;BANDUNG;UBR;AOk4260115033559656629580;0;Anomaly;
202603;AREA 2;JABAR;CIREBON;PGD;AOi4260122035042546a9efe0;0;Comply;-1,45
202603;AREA 2;JABAR;BANDUNG;CCD;AOi4260127014343696a6a580;0;Comply;-20,03
202603;AREA 2;JABAR;CIREBON;KRM;AOb0260109060801763168a80;0;Anomaly;
202603;AREA 2;JABAR;CIREBON;KRM;AOi4260116064641405fd4290;0;Comply;-19,51
202603;AREA 2;JABAR;CIREBON;KRM;AOk426011712463594546be70;0;Anomaly;
202603;AREA 2;JABAR;CIREBON;KRM;AOi426011109352439559c0a0;0;Anomaly;
202603;AREA 2;JABAR;CIREBON;KRM;AOi4260108123647861fd8120;0;Anomaly;
202603;AREA 2;JABAR;CIREBON;KRM;AOk42601130246527582d1760;0;Anomaly;
202603;AREA 2;EASTERN JABOTABEK;BOGOR;KHL;AOi426011908165683166fd10;0;Comply;-1,27
202603;AREA 2;JABAR;SOREANG;SOR;AOi4260126103730681f62440;0;Anomaly;
202603;AREA 2;CENTRAL JABOTABEK;SOUTHERN JAKARTA;KRG;AOi4260101093848479da4830;0;Anomaly;
202603;AREA 2;CENTRAL JABOTABEK;SOUTHERN JAKARTA;KRG;PDAk426013009245584856aa20;0;Anomaly;
202603;AREA 2;CENTRAL JABOTABEK;SOUTHERN JAKARTA;KRG;AOi4260118125131862e3bd30;0;Anomaly;
202603;AREA 2;CENTRAL JABOTABEK;SOUTHERN JAKARTA;KRG;AOi426012401304875558b030;0;Anomaly;
202603;AREA 2;CENTRAL JABOTABEK;SOUTHERN JAKARTA;KRG;AOi1260118121458493864750;0;Comply;-9,32
202603;AREA 2;CENTRAL JABOTABEK;SOUTHERN JAKARTA;KRG;AOi4260102122304362e24ee0;0;Anomaly;
202603;AREA 2;CENTRAL JABOTABEK;SOUTHERN JAKARTA;KRG;AOi426010111240387245f370;0;Anomaly;
202603;AREA 2;CENTRAL JABOTABEK;SOUTHERN JAKARTA;KRG;AOi42601220443519866c0da0;0;Anomaly;
202603;AREA 2;CENTRAL JABOTABEK;SOUTHERN JAKARTA;KRG;AOs3260122081521950a5b710;0;Comply;-22,54
202603;AREA 2;CENTRAL JABOTABEK;SOUTHERN JAKARTA;KRG;AOs32601221254382485c4cc0;0;Anomaly;
202603;AREA 2;JABAR;BANDUNG;LBG;AOi42612301138312764530c0;0;Anomaly;
202603;AREA 2;JABAR;BANDUNG;LBG;AOk4260120120239852dd5140;0;Anomaly;
202603;AREA 2;JABAR;BANDUNG;LBG;AOi42612310928007406265d0;0;Anomaly;
202603;AREA 2;JABAR;BANDUNG;LBG;AOk426010212305555784ae60;0;Anomaly;
202603;AREA 2;JABAR;BANDUNG;LBG;AOi42601021213361348b6d10;0;Anomaly;
202603;AREA 2;JABAR;BANDUNG;LBG;AOi42601070246390887917b0;0;Anomaly;
202603;AREA 2;JABAR;BANDUNG;LBG;AOi42612310928007406265d0;0;Anomaly;
202603;AREA 2;JABAR;BANDUNG;LBG;AOi4261231124419676568bc0;0;Anomaly;
202603;AREA 2;JABAR;BANDUNG;LBG;AOi42601220316170630b8a20;0;Anomaly;
202603;AREA 2;CENTRAL JABOTABEK;SOUTHERN JAKARTA;JAG;AOi42601070754448401ff740;0;Comply;0,68
202603;AREA 2;JABAR;BANDUNG;NJG;AOi4260110015334719e704a0;0;Anomaly;
202603;AREA 2;EASTERN JABOTABEK;BEKASI;DEP;AOi42601020205286457e2940;0;Anomaly;
202603;AREA 2;EASTERN JABOTABEK;BEKASI;DEP;AOi4260112091047741ec16b0;0;Comply;-20,43
202603;AREA 2;EASTERN JABOTABEK;BEKASI;DEP;AOk4260103044114273ed7180;0;Comply;-39,30
202603;AREA 2;EASTERN JABOTABEK;BEKASI;DEP;AOi426011202242496763b890;0;Anomaly;
202603;AREA 2;EASTERN JABOTABEK;BEKASI;DEP;PDAk42601300226363925c21c0;0;Comply;-21,68
202603;AREA 2;EASTERN JABOTABEK;BEKASI;DEP;AOi42601041245086907e27c0;0;Anomaly;
202603;AREA 2;EASTERN JABOTABEK;BEKASI;DEP;AOs3260103095506967071760;0;Anomaly;
202603;AREA 2;EASTERN JABOTABEK;BEKASI;DEP;AOi42601090955424313ee860;0;Anomaly;
202603;AREA 2;JABAR;BANDUNG;CBE;AOi4260113013426760d6ec40;0;Anomaly;
202603;AREA 2;JABAR;BANDUNG;CBE;AOi4260113013426760d6ec40;0;Comply;1,30
202603;AREA 2;EASTERN JABOTABEK;BEKASI;PDE;AOi4260108090940486fa5f90;0;Comply;-81,58
202603;AREA 2;EASTERN JABOTABEK;BEKASI;PDE;AOs326011608382536694e5f0;0;Anomaly;
202603;AREA 2;EASTERN JABOTABEK;BEKASI;PDE;AOi12601100808007820b03e0;0;Anomaly;
202603;AREA 2;EASTERN JABOTABEK;BEKASI;PDE;AOi4260126102753159fd1700;0;Comply;-22,41
202603;AREA 2;EASTERN JABOTABEK;BEKASI;PDE;AOi4260117071338028aafb80;0;Anomaly;
202603;AREA 2;EASTERN JABOTABEK;BEKASI;PDE;AOi4260117122419161fd6580;0;Comply;-11,92
202603;AREA 2;EASTERN JABOTABEK;BEKASI;PDE;AOi4260111010747533bcc160;0;Anomaly;
202603;AREA 2;JABAR;BANDUNG;RJW;AOi42601151143510713038e0;0;Anomaly;
202603;AREA 2;JABAR;BANDUNG;RJW;AOi42601130154207611bdce0;0;Anomaly;
202603;AREA 2;JABAR;BANDUNG;RJW;AOi4260126075837606641810;0;Anomaly;
202603;AREA 2;JABAR;CIREBON;SUB;AOi42601190933183454e4750;0;Anomaly;
202603;AREA 2;JABAR;CIREBON;SUB;AOi4260116093251277df3470;0;Comply;-1,54
202603;AREA 2;JABAR;CIREBON;SUB;AOk42601030904040184d0020;0;Anomaly;
202603;AREA 2;JABAR;CIREBON;SUB;AOi4260124021531651f9e290;0;Comply;-41,94
202603;AREA 2;JABAR;CIREBON;SUB;AOi426010711372434882eb20;0;Anomaly;
202603;AREA 2;JABAR;TASIKMALAYA;CBT;AOi42601270135421185b9f50;0;Anomaly;
202603;AREA 2;JABAR;TASIKMALAYA;TSM;AOk4260107093850375a6b330;0;Anomaly;
202603;AREA 2;JABAR;TASIKMALAYA;TSM;AOi426011107090134302a550;0;Comply;-17,89
202603;AREA 2;CENTRAL JABOTABEK;SOUTHERN JAKARTA;JTN;AOs3260105024836339904040;0;Anomaly;
202603;AREA 2;CENTRAL JABOTABEK;SOUTHERN JAKARTA;JTN;AOs3260106042330972b49bb0;0;Anomaly;
202603;AREA 2;CENTRAL JABOTABEK;SOUTHERN JAKARTA;JTN;AOi42601081130477225dc0f0;0;Anomaly;
202603;AREA 2;CENTRAL JABOTABEK;SOUTHERN JAKARTA;JTN;PDAk4260105125529502cf0d70;0;Anomaly;
202603;AREA 2;WESTERN JABOTABEK;TANGERANG;CPD;AOi426010802562755272ee20;0;Anomaly;
202603;AREA 2;WESTERN JABOTABEK;TANGERANG;LKG;AOi4260122015612099e01810;0;Anomaly;
202603;AREA 2;WESTERN JABOTABEK;TANGERANG;LKG;AOs3260101054139687c4c070;0;Anomaly;
202603;AREA 2;JABAR;BANDUNG;BDK;AOs3260120083743554e1dd20;0;Anomaly;
202603;AREA 2;JABAR;BANDUNG;BDK;AOi4260115125031273144790;0;Anomaly;
202603;AREA 2;JABAR;BANDUNG;BDK;PDAk4260103042726365638150;0;Anomaly;
202603;AREA 2;JABAR;BANDUNG;BDK;AOi426012911383194667ffc0;0;Anomaly;
202603;AREA 2;JABAR;BANDUNG;BDK;AOi426012911383194667ffc0;0;Anomaly;
202603;AREA 2;JABAR;BANDUNG;BDK;AOs3260120083743554e1dd20;0;Anomaly;
202603;AREA 2;JABAR;BANDUNG;BDK;AOi42601310147407140d4bf0;0;Anomaly;
202603;AREA 2;JABAR;BANDUNG;BDK;AOk4260126051957523818530;0;Anomaly;
202603;AREA 2;JABAR;BANDUNG;BDK;AOi4260115125031273144790;0;Comply;-71,47
202603;AREA 2;EASTERN JABOTABEK;BOGOR;SPL;AOi42601100232112127d4810;0;Anomaly;
202603;AREA 2;EASTERN JABOTABEK;BOGOR;SPL;AOs3260115051004442ab8cc0;0;Anomaly;
202603;AREA 2;EASTERN JABOTABEK;BOGOR;SPL;AOi12601310718203547fce60;0;Comply;-15,14
202603;AREA 2;EASTERN JABOTABEK;BOGOR;SPL;PDAk4260113123258283f46be0;0;Anomaly;
202603;AREA 2;EASTERN JABOTABEK;BOGOR;SPL;AOs32601141149087930652c0;0;Comply;-0,41
202603;AREA 2;EASTERN JABOTABEK;BOGOR;SPL;AOi4260114024859419ac6e20;0;Anomaly;
202603;AREA 2;JABAR;BANDUNG;LEM;AOi4260127070535015658240;0;Anomaly;
202603;AREA 2;JABAR;BANDUNG;LEM;AOi42601210244215634ee680;0;Anomaly;
202603;AREA 2;JABAR;BANDUNG;LEM;AOi426010607560909962ff20;0;Anomaly;
202603;AREA 2;EASTERN JABOTABEK;BOGOR;CBI;AOi42601300208432190612c0;0;Anomaly;
202603;AREA 2;EASTERN JABOTABEK;BOGOR;CBI;AOs3260107024743271768000;0;Comply;-41,59
202603;AREA 2;EASTERN JABOTABEK;BOGOR;CBI;AOi426010511061856946d610;0;Comply;-0,77
202603;AREA 2;EASTERN JABOTABEK;BOGOR;CBI;AOi4260109065302385e8f640;0;Comply;-17,18
202603;AREA 2;EASTERN JABOTABEK;BOGOR;CBI;AOi4260106034032334571c90;0;Anomaly;
202603;AREA 2;EASTERN JABOTABEK;BOGOR;CBI;AOi426012002330292778d230;0;Anomaly;
202603;AREA 2;EASTERN JABOTABEK;BOGOR;CBI;AOs3260108070023345dfa5e0;0;Comply;-6,67
202603;AREA 2;EASTERN JABOTABEK;BOGOR;CBI;AOi42601260616010016618b0;0;Comply;-1,08
202603;AREA 2;EASTERN JABOTABEK;BOGOR;CBI;PDAk426012411124160471d380;0;Anomaly;
202603;AREA 2;JABAR;SOREANG;CKI;AOb0260128025109698a6a7f0;0;Anomaly;
202603;AREA 2;EASTERN JABOTABEK;BOGOR;CCR;AOi4260110012811041ee2000;0;Comply;-0,30
202603;AREA 2;EASTERN JABOTABEK;KARAWANG;PWK;AOi4260110093410752668720;0;Comply;-36,72
202603;AREA 2;EASTERN JABOTABEK;KARAWANG;PWK;AOi4260121073935758a06970;0;Anomaly;
202603;AREA 2;EASTERN JABOTABEK;KARAWANG;PWK;AOs3260119023659180a21430;0;Comply;-20,19
202603;AREA 2;EASTERN JABOTABEK;KARAWANG;PWK;AOi42601300228340434b3fb0;0;Anomaly;
202603;AREA 2;JABAR;BANDUNG;CKW;AOi4260131083643623d659f0;0;Anomaly;
202603;AREA 2;JABAR;BANDUNG;CKW;AOi42601260927265104e3af0;0;Anomaly;
202603;AREA 2;JABAR;BANDUNG;CKW;AOi4260131083643623d659f0;0;Anomaly;
202603;AREA 2;JABAR;SOREANG;SOR;AOi42601300257269709e7390;0;Anomaly;
202603;AREA 2;EASTERN JABOTABEK;BOGOR;CKB;AOi4260109084853356d65c80;0;Comply;-0,34
202603;AREA 2;EASTERN JABOTABEK;BOGOR;CKB;AOi4260115015026308ddfc90;0;Comply;-17,75
202603;AREA 2;EASTERN JABOTABEK;BOGOR;CKB;AOi42601110129483460f4940;0;Anomaly;
202603;AREA 2;JABAR;TASIKMALAYA;GRU;AOi4261229031541560557570;0;Anomaly;
202603;AREA 2;JABAR;TASIKMALAYA;GRU;AOi426011703423210500dbb0;0;Anomaly;
202603;AREA 2;JABAR;TASIKMALAYA;GRU;AOi4260104010952533a151d0;0;Comply;-21,15
202603;AREA 2;JABAR;TASIKMALAYA;GRU;AOb02601020128591227ea790;0;Anomaly;
202603;AREA 2;JABAR;TASIKMALAYA;GRU;AOi4261229031541560557570;0;Anomaly;
202603;AREA 2;JABAR;TASIKMALAYA;GRU;AOi4260117022536543fa72d0;0;Anomaly;
202603;AREA 2;CENTRAL JABOTABEK;SOUTHERN JAKARTA;KRG;AOs326010411020672354d810;0;Anomaly;
202603;AREA 2;WESTERN JABOTABEK;SERANG;SEG;AOi4260119095445917dfe660;0;Comply;-1,07
202603;AREA 2;WESTERN JABOTABEK;SERANG;SEG;AOk4260119025844703b0de40;0;Comply;-21,27
202603;AREA 2;JABAR;BANDUNG;PDL;AOk4260115030011936f56ed0;0;Anomaly;
202603;AREA 2;JABAR;BANDUNG;PDL;AOk4260115030011936f56ed0;0;Comply;-144,31
202603;AREA 2;JABAR;BANDUNG;PDL;AOi42601190750561942aee30;0;Anomaly;
202603;AREA 2;JABAR;BANDUNG;PDL;AOk4260115030011936f56ed0;0;Comply;-166,10
202603;AREA 2;JABAR;BANDUNG;PDL;AOi4260118010754822e74da0;0;Anomaly;
202603;AREA 2;JABAR;BANDUNG;PDL;AOi4260118010754822e74da0;0;Anomaly;
202603;AREA 2;CENTRAL JABOTABEK;SOUTHERN JAKARTA;JAG;AOi4260103103135057365590;0;Comply;-2,70
202603;AREA 2;CENTRAL JABOTABEK;SOUTHERN JAKARTA;JAG;AOi12612280920320984e4f80;0;Anomaly;
202603;AREA 2;CENTRAL JABOTABEK;SOUTHERN JAKARTA;JAG;PDAk4260115094123881096580;0;Comply;-17,32
202603;AREA 2;CENTRAL JABOTABEK;SOUTHERN JAKARTA;JAG;AOi426013003592075090ca90;0;Anomaly;
202603;AREA 2;CENTRAL JABOTABEK;SOUTHERN JAKARTA;JAG;AOi426011605273195086a180;0;Anomaly;
202603;AREA 2;CENTRAL JABOTABEK;SOUTHERN JAKARTA;JAG;AOs32601140351195983ba9c0;0;Anomaly;
202603;AREA 2;CENTRAL JABOTABEK;SOUTHERN JAKARTA;JAG;AOs3260124084550613d0e660;0;Anomaly;
202603;AREA 2;CENTRAL JABOTABEK;SOUTHERN JAKARTA;JAG;AOi12612311102348783876d0;0;Anomaly;
202603;AREA 2;CENTRAL JABOTABEK;SOUTHERN JAKARTA;JAG;PDAk4260115094123881096580;0;Anomaly;
202603;AREA 2;EASTERN JABOTABEK;BEKASI;DEP;AOi4260121113541138c6ccd0;0;Anomaly;
202603;AREA 2;EASTERN JABOTABEK;BEKASI;DEP;AOb0260129075058894527360;0;Comply;-5,53
202603;AREA 2;EASTERN JABOTABEK;BEKASI;DEP;AOi4260116022823688aa4fa0;0;Anomaly;
202603;AREA 2;EASTERN JABOTABEK;BEKASI;DEP;AOi42601080118265604c2280;0;Comply;-18,77
202603;AREA 2;EASTERN JABOTABEK;BEKASI;DEP;AOi4260109032839972a96380;0;Anomaly;
202603;AREA 2;EASTERN JABOTABEK;BEKASI;DEP;PDAk42601050830567361d3690;0;Anomaly;
202603;AREA 2;EASTERN JABOTABEK;BEKASI;DEP;AOi4260111083532950e203e0;0;Anomaly;
202603;AREA 2;EASTERN JABOTABEK;BEKASI;DEP;AOi42601041212369609bb930;0;Comply;-22,56
202603;AREA 2;EASTERN JABOTABEK;BEKASI;DEP;AOi42601090324411161f6e10;0;Anomaly;
202603;AREA 2;JABAR;BANDUNG;RJW;AOi426010510483141533f410;0;Comply;-21,20
202603;AREA 2;JABAR;BANDUNG;RJW;AOb026012709115893504f420;0;Anomaly;
202603;AREA 2;JABAR;BANDUNG;RJW;AOi4260126024814502a63cb0;0;Anomaly;
202603;AREA 2;JABAR;BANDUNG;RJW;PDAk42612290537265752c4a90;0;Anomaly;
202603;AREA 2;JABAR;BANDUNG;RJW;AOi42601060332143422df1e0;0;Anomaly;
202603;AREA 2;JABAR;BANDUNG;RJW;AOi4260118025401864887410;0;Anomaly;
202603;AREA 2;CENTRAL JABOTABEK;SOUTHERN JAKARTA;GBC;AOs326011109152526769af10;0;Anomaly;
202603;AREA 2;CENTRAL JABOTABEK;SOUTHERN JAKARTA;GBC;AOi42601140657565683a74e0;0;Anomaly;
202603;AREA 2;CENTRAL JABOTABEK;SOUTHERN JAKARTA;GBC;AOs3260110042552535cc0290;0;Anomaly;
202603;AREA 2;CENTRAL JABOTABEK;NORTHERN JAKARTA;MKR;AOs32601150343258530a0a40;0;Anomaly;
202603;AREA 2;CENTRAL JABOTABEK;NORTHERN JAKARTA;MKR;AOs3260108025629006adac10;0;Comply;-4,85
202603;AREA 2;CENTRAL JABOTABEK;NORTHERN JAKARTA;MKR;AOi42601200151496453357a0;0;Anomaly;
202603;AREA 2;CENTRAL JABOTABEK;NORTHERN JAKARTA;MKR;AOs32601080636471644fa450;0;Anomaly;
202603;AREA 2;CENTRAL JABOTABEK;NORTHERN JAKARTA;MKR;AOi42601200654353191cf8b0;0;Anomaly;
202603;AREA 2;CENTRAL JABOTABEK;NORTHERN JAKARTA;MKR;AOi426010311321393837acd0;0;Anomaly;
202603;AREA 2;CENTRAL JABOTABEK;NORTHERN JAKARTA;MKR;AOi42601050322260566169c0;0;Anomaly;
202603;AREA 2;CENTRAL JABOTABEK;NORTHERN JAKARTA;MKR;AOi4260128013548709b1e170;0;Anomaly;
202603;AREA 2;EASTERN JABOTABEK;BOGOR;CBI;AOs326010405363305800ce80;0;Comply;-17,60
202603;AREA 2;EASTERN JABOTABEK;BOGOR;CBI;AOi42601010810526521d88c0;0;Comply;-2,78
202603;AREA 2;EASTERN JABOTABEK;BOGOR;CBI;AOi4260106053153346f2d3c0;0;Anomaly;
202603;AREA 2;EASTERN JABOTABEK;BOGOR;CBI;AOs3260103092831759228a20;0;Anomaly;
202603;AREA 2;EASTERN JABOTABEK;BOGOR;CBI;AOi4260106115224160f249c0;0;Anomaly;
202603;AREA 2;JABAR;CIREBON;KNG;AOi42601261105320967a2d30;0;Anomaly;
202603;AREA 2;JABAR;CIREBON;KNG;AOi4260120074108557fe3300;0;Anomaly;
202603;AREA 2;JABAR;CIREBON;KNG;AOi42601030342518293e1220;0;Anomaly;
202603;AREA 2;JABAR;CIREBON;KNG;AOi42601030342518293e1220;0;Anomaly;
202603;AREA 2;EASTERN JABOTABEK;BEKASI;KLB;PDAk4260130045312170fd8fd0;0;Anomaly;
202603;AREA 2;EASTERN JABOTABEK;BEKASI;KLB;AOi4260118075817357d00220;0;Comply;-24,42
202603;AREA 2;EASTERN JABOTABEK;BEKASI;KLB;AOi4260105105123107ad7df0;0;Comply;-18,86
202603;AREA 2;EASTERN JABOTABEK;BEKASI;KLB;AOs32601050928146157c56f0;0;Anomaly;
202603;AREA 2;EASTERN JABOTABEK;BEKASI;KLB;AOs326010507494744255a490;0;Anomaly;
202603;AREA 2;EASTERN JABOTABEK;BEKASI;KLB;AOi42601120605279603ec4b0;0;Anomaly;
202603;AREA 2;EASTERN JABOTABEK;BEKASI;KLB;AOk4251227011114391cb3600;0;Anomaly;
202603;AREA 2;JABAR;TASIKMALAYA;GRU;AOi42601241243290364e3200;0;Anomaly;
202603;AREA 2;JABAR;TASIKMALAYA;GRU;AOi426012109470282218b740;0;Anomaly;
202603;AREA 2;JABAR;TASIKMALAYA;GRU;AOi42601210610045428505e0;0;Anomaly;
202603;AREA 2;JABAR;TASIKMALAYA;GRU;AOi42601210610045428505e0;0;Anomaly;
202603;AREA 2;JABAR;TASIKMALAYA;GRU;AOi4260120122015669a4aee0;0;Anomaly;
202603;AREA 2;JABAR;TASIKMALAYA;GRU;AOi4260124035100339e1b7b0;0;Anomaly;
202603;AREA 2;EASTERN JABOTABEK;BEKASI;PKY;AOi42601021052483512fb430;0;Anomaly;
202603;AREA 2;EASTERN JABOTABEK;BEKASI;PKY;AOi42601021052483512fb430;0;Anomaly;
202603;AREA 2;EASTERN JABOTABEK;BEKASI;PKY;PDAk426013010245721357d020;0;Comply;-1,92
202603;AREA 2;JABAR;BANDUNG;PDL;AOi42601190750561942aee30;0;Anomaly;
202603;AREA 2;JABAR;BANDUNG;PDL;AOi42601190750561942aee30;0;Anomaly;
202603;AREA 2;JABAR;BANDUNG;PDL;AOi4260116021206672edd930;0;Comply;-167,27
202603;AREA 2;CENTRAL JABOTABEK;SOUTHERN JAKARTA;KAL;AOi4260112052822248ea1850;0;Comply;-6,05
202603;AREA 2;CENTRAL JABOTABEK;SOUTHERN JAKARTA;KAL;AOi4260120012640536a3bf00;0;Anomaly;
202603;AREA 2;CENTRAL JABOTABEK;SOUTHERN JAKARTA;KAL;AOs32601290555446723ca970;0;Anomaly;
202603;AREA 2;CENTRAL JABOTABEK;SOUTHERN JAKARTA;KAL;AOi42601200100243590e5130;0;Anomaly;
202603;AREA 2;CENTRAL JABOTABEK;SOUTHERN JAKARTA;KAL;AOi4260120095641050aeb820;0;Anomaly;
202603;AREA 2;CENTRAL JABOTABEK;SOUTHERN JAKARTA;KAL;AOi4260117100637720b6f700;0;Anomaly;
202603;AREA 2;CENTRAL JABOTABEK;SOUTHERN JAKARTA;GBC;AOk42601110315339850e3940;0;Anomaly;
202603;AREA 2;EASTERN JABOTABEK;KARAWANG;BBL;AOi4260108082452775dc7fd0;0;Comply;-15,90
202603;AREA 2;EASTERN JABOTABEK;KARAWANG;BBL;AOi42601111047178178006b0;0;Anomaly;
202603;AREA 2;EASTERN JABOTABEK;KARAWANG;BBL;AOi4260112064935618f13240;0;Comply;-2,92
202603;AREA 2;EASTERN JABOTABEK;KARAWANG;BBL;AOi426011308074108632edd0;0;Anomaly;
202603;AREA 2;EASTERN JABOTABEK;KARAWANG;BBL;AOi42601130841047104dccd0;0;Comply;-18,61
202603;AREA 2;WESTERN JABOTABEK;TANGERANG;CLD;AOi4260127124209555ff8230;0;Anomaly;
202603;AREA 2;WESTERN JABOTABEK;TANGERANG;CLD;AOi4260103035855238f372e0;0;Anomaly;
202603;AREA 2;CENTRAL JABOTABEK;NORTHERN JAKARTA;MKR;AOs3260101021541217829e50;0;Anomaly;
202603;AREA 2;CENTRAL JABOTABEK;NORTHERN JAKARTA;MKR;AOi126010502054266188db70;0;Anomaly;
202603;AREA 2;JABAR;BANDUNG;GGK;AOs3260127093826003f8f360;0;Anomaly;
202603;AREA 2;JABAR;BANDUNG;GGK;AOi4260107092613132770a20;0;Anomaly;
202603;AREA 2;JABAR;BANDUNG;GGK;AOs3260127093826003f8f360;0;Anomaly;
202603;AREA 2;JABAR;BANDUNG;GGK;AOi4260131020817038ee6a50;0;Anomaly;
202603;AREA 2;JABAR;BANDUNG;GGK;AOs3260127093826003f8f360;0;Anomaly;
202603;AREA 2;JABAR;BANDUNG;GGK;AOi126012909015846118b990;0;Anomaly;
202603;AREA 2;JABAR;BANDUNG;GGK;AOs3260127093826003f8f360;0;Comply;-0,04
202603;AREA 2;EASTERN JABOTABEK;BEKASI;KLB;AOs3260101085100495c9bc00;0;Comply;-2,75
202603;AREA 2;EASTERN JABOTABEK;BEKASI;KLB;AOi4260107050822598ff77c0;0;Anomaly;
202603;AREA 2;WESTERN JABOTABEK;SERANG;PSK;AOi4260118045047954efbb50;0;Anomaly;
202603;AREA 2;JABAR;TASIKMALAYA;LAG;AOi426012408222622420eb90;0;Anomaly;
202603;AREA 2;JABAR;TASIKMALAYA;LAG;AOi426011203255012857e650;0;Anomaly;
202603;AREA 2;JABAR;BANDUNG;HGM;AOi12601310426075895af9e0;0;Anomaly;
202603;AREA 2;JABAR;BANDUNG;HGM;AOi42601300838180108994a0;0;Anomaly;
202603;AREA 2;JABAR;BANDUNG;HGM;AOi42601300838180108994a0;0;Anomaly;
202603;AREA 2;JABAR;BANDUNG;HGM;AOi4260122125854342e38ce0;0;Anomaly;
202603;AREA 2;WESTERN JABOTABEK;TANGERANG;CLD;AOi42601100125584540fa480;0;Anomaly;
202603;AREA 2;WESTERN JABOTABEK;TANGERANG;CLD;AOi1260106125915815980d00;0;Anomaly;
202603;AREA 2;WESTERN JABOTABEK;TANGERANG;CLD;AOs32601210156429888590c0;0;Anomaly;
202603;AREA 2;WESTERN JABOTABEK;TANGERANG;CLD;AOi426013108154540216d570;0;Anomaly;
202603;AREA 2;JABAR;BANDUNG;CJG;AOi4260111104813191c3bd40;0;Anomaly;
202603;AREA 2;JABAR;BANDUNG;CJG;AOi426011108104158225c6a0;0;Anomaly;
202603;AREA 2;JABAR;BANDUNG;CJG;AOi4260102123339113cdfea0;0;Anomaly;
202603;AREA 2;JABAR;BANDUNG;CJG;AOi4260102123339113cdfea0;0;Anomaly;
202603;AREA 2;JABAR;BANDUNG;CJG;AOi4260109070545610bf29d0;0;Anomaly;
202603;AREA 2;EASTERN JABOTABEK;BOGOR;GPI;AOb0260126052208749ad1bd0;0;Comply;-19,43
202603;AREA 2;EASTERN JABOTABEK;BOGOR;GPI;AOi4260110024705955fcaa00;0;Comply;-19,15
202603;AREA 2;CENTRAL JABOTABEK;SOUTHERN JAKARTA;CPE;AOi4260119010430737a2cbe0;0;Anomaly;
202603;AREA 2;CENTRAL JABOTABEK;SOUTHERN JAKARTA;CPE;AOi4260123082911750826cb0;0;Anomaly;
202603;AREA 2;CENTRAL JABOTABEK;SOUTHERN JAKARTA;CPE;AOi12601180435543440de6d0;0;Comply;-15,96
202603;AREA 2;CENTRAL JABOTABEK;SOUTHERN JAKARTA;TBE;AOi42601080314339553b3b40;0;Comply;-1,76
202603;AREA 2;CENTRAL JABOTABEK;NORTHERN JAKARTA;CIL;AOi4260107054110079189f40;0;Anomaly;
202603;AREA 2;CENTRAL JABOTABEK;NORTHERN JAKARTA;CIL;AOi1260131013636559fcb700;0;Anomaly;
202603;AREA 2;CENTRAL JABOTABEK;NORTHERN JAKARTA;CIL;AOi1260131013636559fcb700;0;Comply;-20,54
202603;AREA 2;CENTRAL JABOTABEK;NORTHERN JAKARTA;CIL;AOs3260110032349189c88180;0;Comply;-22,20
202603;AREA 2;CENTRAL JABOTABEK;NORTHERN JAKARTA;CIL;AOi4260127091059798e6a3f0;0;Comply;-34,28
202603;AREA 2;EASTERN JABOTABEK;BOGOR;PAR;AOi42601280645063555018d0;0;Anomaly;
202603;AREA 2;EASTERN JABOTABEK;BOGOR;PAR;AOi426012104291067513c6f0;0;Anomaly;
202603;AREA 2;JABAR;TASIKMALAYA;MLB;AOi4260104110152341583470;0;Anomaly;
202603;AREA 2;EASTERN JABOTABEK;BEKASI;PCM;AOi4260111020152230059f40;0;Anomaly;
202603;AREA 2;EASTERN JABOTABEK;BEKASI;PCM;AOi4260109125236947216650;0;Anomaly;
202603;AREA 2;EASTERN JABOTABEK;BEKASI;PCM;AOk426010701332345946f1a0;0;Anomaly;
202603;AREA 2;EASTERN JABOTABEK;BEKASI;PCM;AOi1260109120232624497ee0;0;Anomaly;
202603;AREA 2;EASTERN JABOTABEK;BEKASI;PCM;PDAk42612310416317375ed6b0;0;Comply;0,39
202603;AREA 2;JABAR;CIREBON;PRD;AOi426012601405405620e750;0;Anomaly;
202603;AREA 2;JABAR;CIREBON;PRD;AOi4260131094914446793c60;0;Anomaly;
202603;AREA 2;JABAR;CIREBON;PRD;AOi4260118091430516f18950;0;Anomaly;
202603;AREA 2;JABAR;CIREBON;PRD;AOi4260125081721225e44e40;0;Anomaly;
202603;AREA 2;EASTERN JABOTABEK;KARAWANG;CIK;AOi426011110424809767b680;0;Comply;-17,03
202603;AREA 2;EASTERN JABOTABEK;KARAWANG;CIK;AOi4260127041815237037510;0;Anomaly;
202603;AREA 2;EASTERN JABOTABEK;KARAWANG;CIK;AOi426011706105308952d320;0;Comply;0,15
202603;AREA 2;JABAR;TASIKMALAYA;PMP;AOi42601160223124409dca10;0;Anomaly;
202603;AREA 2;JABAR;CIREBON;KNG;AOi42601050845083884d6820;0;Anomaly;
202603;AREA 2;JABAR;CIREBON;KNG;AOk426010602341285410a240;0;Anomaly;
202603;AREA 2;WESTERN JABOTABEK;SERANG;SPT;AOs3260103091643563f50e40;0;Comply;-1,83
202603;AREA 2;EASTERN JABOTABEK;BOGOR;DMG;AOi42601150602505375f3040;0;Comply;-16,34
202603;AREA 2;EASTERN JABOTABEK;BOGOR;DMG;AOi426123112090300952e5b0;0;Comply;-0,37
202603;AREA 2;EASTERN JABOTABEK;BOGOR;DMG;AOi426012407171767259cf90;0;Anomaly;
202603;AREA 2;EASTERN JABOTABEK;BOGOR;DMG;AOi42612310416015036bbc30;0;Comply;-19,08
202603;AREA 2;JABAR;CIREBON;CLI;AOi4260129050634965dc67e0;0;Anomaly;
202603;AREA 2;JABAR;CIREBON;CLI;AOi42601040100384764cbf70;0;Anomaly;
202603;AREA 2;JABAR;BANDUNG;BDK;AOk4260122052614973ebd8e0;0;Anomaly;
202603;AREA 2;CENTRAL JABOTABEK;SOUTHERN JAKARTA;KMG;AOi42601120206381169527e0;0;Comply;-18,62
202603;AREA 2;WESTERN JABOTABEK;TANGERANG;TAN;AOi426011503371529808d3e0;0;Anomaly;
202603;AREA 2;WESTERN JABOTABEK;TANGERANG;TAN;AOi4260121094736929689240;0;Anomaly;
202603;AREA 2;WESTERN JABOTABEK;TANGERANG;TAN;AOs3260102074201592d91780;0;Anomaly;
202603;AREA 2;WESTERN JABOTABEK;TANGERANG;TAN;AOs3260114011913828618780;0;Comply;-18,72
202603;AREA 2;WESTERN JABOTABEK;TANGERANG;TAN;AOi4260123081205672fe7ab0;0;Anomaly;
202603;AREA 2;WESTERN JABOTABEK;TANGERANG;TAN;AOb02601160316448408f3240;0;Anomaly;
202603;AREA 2;WESTERN JABOTABEK;TANGERANG;LKG;AOi42601030526477897c6310;0;Anomaly;
202603;AREA 2;WESTERN JABOTABEK;TANGERANG;LKG;AOs326011310072679361f260;0;Comply;-24,21
202603;AREA 2;WESTERN JABOTABEK;TANGERANG;LKG;AOi42601030526477897c6310;0;Anomaly;
202603;AREA 2;JABAR;CIREBON;LOS;AOi4260108055034558507010;0;Anomaly;
202603;AREA 2;JABAR;CIREBON;LOS;AOi4260115051443235b63160;0;Anomaly;
202603;AREA 2;EASTERN JABOTABEK;KARAWANG;KLI;AOi42601281023288853ee040;0;Anomaly;
202603;AREA 2;EASTERN JABOTABEK;KARAWANG;KLI;AOi426012411510282712f030;0;Anomaly;
202603;AREA 2;EASTERN JABOTABEK;KARAWANG;KLI;AOi42601121042491142bc550;0;Anomaly;
202603;AREA 2;EASTERN JABOTABEK;KARAWANG;KLI;AOi426011107550356505cd40;0;Anomaly;
202603;AREA 2;CENTRAL JABOTABEK;NORTHERN JAKARTA;PDM;AOs3260123034710872474b80;0;Anomaly;
202603;AREA 2;CENTRAL JABOTABEK;NORTHERN JAKARTA;PDM;AOi1260115042202122db3880;0;Anomaly;
202603;AREA 2;CENTRAL JABOTABEK;NORTHERN JAKARTA;PDM;AOi426012602083925089bfb0;0;Comply;-18,18
202603;AREA 2;CENTRAL JABOTABEK;NORTHERN JAKARTA;PDM;AOs3260105125509820883ff0;0;Comply;-1,09
202603;AREA 2;CENTRAL JABOTABEK;NORTHERN JAKARTA;PDM;AOi4260117045733754e83c70;0;Comply;-12,92
202603;AREA 2;CENTRAL JABOTABEK;NORTHERN JAKARTA;PDM;AOi4260122043046287d85cf0;0;Anomaly;
202603;AREA 2;CENTRAL JABOTABEK;NORTHERN JAKARTA;PDM;AOs3260105125509820883ff0;0;Anomaly;
202603;AREA 2;CENTRAL JABOTABEK;NORTHERN JAKARTA;PDM;AOi426010711161357534ade0;0;Anomaly;
202603;AREA 2;EASTERN JABOTABEK;BEKASI;BEK;AOi4260112094058585fdd3e0;0;Anomaly;
202603;AREA 2;EASTERN JABOTABEK;BEKASI;BEK;AOs3260128111901374e9a7f0;0;Anomaly;
202603;AREA 2;EASTERN JABOTABEK;KARAWANG;LMA;AOi4261230102709063383260;0;Comply;-1,01
202603;AREA 2;EASTERN JABOTABEK;KARAWANG;LMA;AOi4260121084512994e9e940;0;Anomaly;
202603;AREA 2;EASTERN JABOTABEK;KARAWANG;LMA;AOi4260124014713910538b20;0;Anomaly;
202603;AREA 2;EASTERN JABOTABEK;KARAWANG;LMA;AOs3260126105330098fa15c0;0;Comply;-16,99
202603;AREA 2;CENTRAL JABOTABEK;NORTHERN JAKARTA;PLM;AOk426013011443323095b8c0;0;Comply;-22,61
202603;AREA 2;CENTRAL JABOTABEK;NORTHERN JAKARTA;PLM;AOs32601290915104419f1370;0;Comply;-22,80
202603;AREA 2;CENTRAL JABOTABEK;NORTHERN JAKARTA;PLM;AOi4260130104215415de7640;0;Comply;1,44
202603;AREA 2;CENTRAL JABOTABEK;SOUTHERN JAKARTA;JAG;AOi4260109121528845717ae0;0;Anomaly;
202603;AREA 2;EASTERN JABOTABEK;KARAWANG;CKP;AOi4260106113734138548e00;0;Comply;-4,35
202603;AREA 2;EASTERN JABOTABEK;KARAWANG;CKP;AOi4260108084436470e36d40;0;Anomaly;
202603;AREA 2;JABAR;BANDUNG;SGA;AOi4260112073216618d2a600;0;Anomaly;
202603;AREA 2;JABAR;BANDUNG;SGA;AOi4260107043649173f488c0;0;Anomaly;
202603;AREA 2;JABAR;BANDUNG;TLE;AOi42601270939242900a3690;0;Comply;-17,38
202603;AREA 2;JABAR;BANDUNG;TLE;AOi4260112041702758132660;0;Anomaly;
202603;AREA 2;JABAR;BANDUNG;TLE;AOi42601270939242900a3690;0;Anomaly;
202603;AREA 2;EASTERN JABOTABEK;BOGOR;PLR;AOi426012609584137012b560;0;Anomaly;
202603;AREA 2;EASTERN JABOTABEK;BOGOR;PLR;AOi426012609584137012b560;0;Anomaly;
202603;AREA 2;EASTERN JABOTABEK;BOGOR;PLR;AOs3260108103645694e23360;0;Anomaly;
202603;AREA 2;JABAR;CIREBON;AWN;AOi4261231043432366c621a0;0;Anomaly;
202603;AREA 2;JABAR;CIREBON;AWN;AOi42601070938070948acb50;0;Comply;-2,24
202603;AREA 2;JABAR;CIREBON;AWN;AOi42601241143066288a5d70;0;Anomaly;
202603;AREA 2;CENTRAL JABOTABEK;SOUTHERN JAKARTA;PGB;AOs32601140930178923cf700;0;Anomaly;
202603;AREA 2;CENTRAL JABOTABEK;SOUTHERN JAKARTA;PGB;AOi42601170910441653b0290;0;Anomaly;
202603;AREA 2;JABAR;BANDUNG;LEM;AOi4260108033731096085200;0;Anomaly;
202603;AREA 2;JABAR;BANDUNG;LEM;AOi4260102072629023b99340;0;Anomaly;
202603;AREA 2;JABAR;BANDUNG;LEM;AOi4260127070535015658240;0;Anomaly;
202603;AREA 2;JABAR;BANDUNG;LEM;AOi4260130103544477b8be90;0;Anomaly;
202603;AREA 2;JABAR;BANDUNG;LEM;AOi42601210244215634ee680;0;Anomaly;
202603;AREA 2;JABAR;BANDUNG;LEM;AOi426010607560909962ff20;0;Comply;-22,06
202603;AREA 2;JABAR;BANDUNG;LEM;AOi4260108033731096085200;0;Anomaly;
202603;AREA 2;JABAR;BANDUNG;LEM;AOi4260130103544477b8be90;0;Anomaly;
202603;AREA 2;EASTERN JABOTABEK;BOGOR;TJO;AOi42601210823375715a8fb0;0;Comply;0,91
202603;AREA 2;EASTERN JABOTABEK;BOGOR;TJO;AOi42601160936416976204b0;0;Comply;0,96
202603;AREA 2;JABAR;CIREBON;CBN;AOi42601100220059913fd970;0;Anomaly;
202603;AREA 2;JABAR;CIREBON;CBN;AOi42601100220059913fd970;0;Anomaly;
202603;AREA 2;JABAR;CIREBON;CBN;AOi42601040152300211f8680;0;Anomaly;
202603;AREA 2;JABAR;CIREBON;CBN;AOi4260111035644958ffe860;0;Anomaly;
202603;AREA 2;JABAR;CIREBON;CBN;AOi1260106081504704304940;0;Anomaly;
202603;AREA 2;JABAR;CIREBON;CBN;AOi426010612053031976cdf0;0;Anomaly;
202603;AREA 2;JABAR;CIREBON;CBN;AOi4260111101950672bba1a0;0;Anomaly;
202603;AREA 2;JABAR;CIREBON;CBN;AOi12601010935051259f4910;0;Anomaly;
202603;AREA 2;CENTRAL JABOTABEK;SOUTHERN JAKARTA;RMG;AOk4260102101416877a0d1f0;0;Anomaly;
202603;AREA 2;JABAR;BANDUNG;CKW;AOi426010903193386341cf70;0;Anomaly;
202603;AREA 2;WESTERN JABOTABEK;SERANG;CSK;AOk4260108054724280e0b2e0;0;Comply;0,54
202603;AREA 2;WESTERN JABOTABEK;SERANG;CSK;AOk4260108054724280e0b2e0;0;Comply;-16,50
202603;AREA 2;WESTERN JABOTABEK;SERANG;CSK;AOi12601210357439342afb80;0;Anomaly;
202603;AREA 2;CENTRAL JABOTABEK;SOUTHERN JAKARTA;PGG;AOi4260125052107478089cf0;0;Anomaly;
202603;AREA 2;CENTRAL JABOTABEK;SOUTHERN JAKARTA;PGG;AOi4260102085211348008da0;0;Comply;-14,42
202603;AREA 2;CENTRAL JABOTABEK;SOUTHERN JAKARTA;PGG;AOi4260124051610583fa0880;0;Anomaly;
202603;AREA 2;CENTRAL JABOTABEK;SOUTHERN JAKARTA;PGG;AOk426011605585360087f250;0;Anomaly;
202603;AREA 2;CENTRAL JABOTABEK;SOUTHERN JAKARTA;PGG;AOi4260129100524075ab5710;0;Anomaly;
202603;AREA 2;JABAR;BANDUNG;HGM;AOi12601310426075895af9e0;0;Anomaly;
202603;AREA 2;JABAR;CIREBON;IMY;AOi42601220221406990b5db0;0;Comply;-41,76
202603;AREA 2;JABAR;CIREBON;IMY;AOk4261231035031946d52b30;0;Anomaly;
202603;AREA 2;JABAR;CIREBON;IMY;AOi426010809085484790dd20;0;Anomaly;
202603;AREA 2;JABAR;CIREBON;IMY;AOk42601200941118080f4eb0;0;Anomaly;
202603;AREA 2;JABAR;TASIKMALAYA;CMS;AOi42601300314582930132d0;0;Anomaly;
202603;AREA 2;JABAR;TASIKMALAYA;CMS;AOk42601050130209403b4f50;0;Anomaly;
202603;AREA 2;JABAR;SOREANG;RGA;AOi42612311145041529e1750;0;Anomaly;
202603;AREA 2;JABAR;SOREANG;RGA;AOi4260109080429266ddb680;0;Comply;-20,65
202603;AREA 2;JABAR;CIREBON;SDU;AOi42601100128040823dc780;0;Comply;-15,64
202603;AREA 2;JABAR;CIREBON;SDU;AOi426012210021079347bad0;0;Anomaly;
202603;AREA 2;JABAR;CIREBON;SDU;AOi4260117025102741c5d180;0;Anomaly;
202603;AREA 2;JABAR;CIREBON;SDU;AOi426010901403256914f350;0;Anomaly;
202603;AREA 2;JABAR;CIREBON;SDU;AOi4260110035154459ecd9f0;0;Anomaly;
202603;AREA 2;JABAR;CIREBON;SDU;AOi42601210453143334b01b0;0;Anomaly;
202603;AREA 2;JABAR;CIREBON;SDU;AOi42601030849273526d1310;0;Comply;2,64
202603;AREA 2;JABAR;CIREBON;SDU;AOi42601270716386887eb3e0;0;Anomaly;
202603;AREA 2;EASTERN JABOTABEK;KARAWANG;STN;AOi42612311134554417f3d60;0;Anomaly;
202603;AREA 2;EASTERN JABOTABEK;BEKASI;CNE;AOi126012010470825071bb00;0;Anomaly;
202603;AREA 2;JABAR;TASIKMALAYA;PAX;AOk426010808451975297f8f0;0;Comply;-41,03
202603;AREA 2;JABAR;TASIKMALAYA;PAX;AOi4260105112033540e73df0;0;Comply;-24,22
202603;AREA 2;JABAR;TASIKMALAYA;PAX;AOi4260115075723480391620;0;Anomaly;
202603;AREA 2;JABAR;TASIKMALAYA;PAX;AOi426012601584907493c480;0;Anomaly;
202603;AREA 2;JABAR;TASIKMALAYA;PAX;AOi42601260253558688bf8d0;0;Anomaly;
202603;AREA 2;WESTERN JABOTABEK;SERANG;CKA;AOs3260128100744676d15660;0;Comply;0,18
202603;AREA 2;WESTERN JABOTABEK;SERANG;CKA;AOi4260116110337287f1ea40;0;Anomaly;
202603;AREA 2;WESTERN JABOTABEK;SERANG;CKA;AOs3260120070134265a44cb0;0;Anomaly;
202603;AREA 2;EASTERN JABOTABEK;BEKASI;PDE;PDAk42601030112417116011f0;0;Comply;-15,71
202603;AREA 2;JABAR;BANDUNG;BTJ;AOi1260107020712834e9d2d0;0;Comply;-0,28
202603;AREA 2;JABAR;BANDUNG;BTJ;AOi4260109071458684a399b0;0;Anomaly;
202603;AREA 2;CENTRAL JABOTABEK;NORTHERN JAKARTA;TPR;AOi4260131104507779908940;0;Anomaly;
202603;AREA 2;CENTRAL JABOTABEK;NORTHERN JAKARTA;TPR;AOi4260111061421377cf1300;0;Anomaly;
202603;AREA 2;CENTRAL JABOTABEK;NORTHERN JAKARTA;TPR;PDAk42601051114593745f2ba0;0;Anomaly;
202603;AREA 2;CENTRAL JABOTABEK;NORTHERN JAKARTA;TPR;AOk42601300908254111ee360;0;Anomaly;
202603;AREA 2;CENTRAL JABOTABEK;NORTHERN JAKARTA;TPR;AOi42601210244134152f2f10;0;Anomaly;
202603;AREA 2;CENTRAL JABOTABEK;NORTHERN JAKARTA;TPR;AOs326012702504162716e7e0;0;Anomaly;
202603;AREA 2;EASTERN JABOTABEK;BOGOR;CBD;AOi42601100955385532d6600;0;Anomaly;
202603;AREA 2;EASTERN JABOTABEK;BOGOR;CBD;AOi4260107011325733587170;0;Anomaly;
202603;AREA 2;EASTERN JABOTABEK;BOGOR;CBD;AOi42601091024458278041e0;0;Comply;-24,53
202603;AREA 2;EASTERN JABOTABEK;BOGOR;CBD;AOi4260109092535584929e30;0;Comply;-47,11
202603;AREA 2;EASTERN JABOTABEK;BOGOR;CBD;AOi426011408591609183dba0;0;Anomaly;
202603;AREA 2;EASTERN JABOTABEK;BOGOR;CBD;AOi426011212431018094f590;0;Anomaly;
202603;AREA 2;EASTERN JABOTABEK;BOGOR;CBD;AOi426010607063634936ba10;0;Anomaly;
202603;AREA 2;EASTERN JABOTABEK;BOGOR;CBD;AOi4260111092751440f4bc50;0;Anomaly;
202603;AREA 2;CENTRAL JABOTABEK;NORTHERN JAKARTA;MRD;AOi42601081047120304affd0;0;Comply;0,64
202603;AREA 2;CENTRAL JABOTABEK;NORTHERN JAKARTA;MRD;AOi4260106032951355b1cbd0;0;Comply;-19,68
202603;AREA 2;JABAR;BANDUNG;TGE;AOi4260107065632324064cb0;0;Anomaly;
202603;AREA 2;JABAR;BANDUNG;TGE;AOi42601190602568543b4200;0;Anomaly;
202603;AREA 2;JABAR;BANDUNG;TGE;AOi42601131102411120315d0;0;Anomaly;
202603;AREA 2;JABAR;BANDUNG;TGE;AOi4260115080145959fee650;0;Anomaly;
202603;AREA 2;JABAR;BANDUNG;TGE;AOi4260102055659948e57260;0;Anomaly;
202603;AREA 2;JABAR;BANDUNG;TGE;AOi4260129095804268d98dd0;0;Anomaly;
202603;AREA 2;JABAR;BANDUNG;TGE;AOi4260129095804268d98dd0;0;Anomaly;
202603;AREA 2;JABAR;BANDUNG;TGE;AOi42601130832459387233f0;0;Anomaly;
202603;AREA 2;JABAR;BANDUNG;TGE;AOi426011207204805511a220;0;Anomaly;
202603;AREA 2;JABAR;BANDUNG;GGK;AOs3260127093826003f8f360;0;Anomaly;
202603;AREA 2;JABAR;BANDUNG;GGK;AOs3260127093826003f8f360;0;Anomaly;
202603;AREA 2;JABAR;BANDUNG;GGK;AOs3260108105620972dee4d0;0;Anomaly;
202603;AREA 2;CENTRAL JABOTABEK;NORTHERN JAKARTA;SLP;PDAk426011204064527921cb30;0;Anomaly;
202603;AREA 2;JABAR;SOREANG;RCK;AOi4260121072823271bfbe10;0;Anomaly;
202603;AREA 2;JABAR;SOREANG;RCK;AOi1260104070846493f220d0;0;Anomaly;
202603;AREA 2;JABAR;SOREANG;RCK;AOi1260104070846493f220d0;0;Anomaly;
202603;AREA 2;JABAR;SOREANG;RCK;AOk4260109113623322f99e70;0;Anomaly;
202603;AREA 2;JABAR;SOREANG;RCK;AOi4260121072823271bfbe10;0;Anomaly;
202603;AREA 2;JABAR;SOREANG;RCK;AOi1260104070846493f220d0;0;Anomaly;
202603;AREA 2;CENTRAL JABOTABEK;SOUTHERN JAKARTA;KAL;AOi4251218052417618310c20;0;Anomaly;
202603;AREA 2;CENTRAL JABOTABEK;SOUTHERN JAKARTA;KAL;AOi4260111113646350a72bb0;0;Anomaly;
202603;AREA 2;CENTRAL JABOTABEK;SOUTHERN JAKARTA;PSM;AOi4260127123441559ce6f30;0;Comply;0,49
202603;AREA 2;CENTRAL JABOTABEK;SOUTHERN JAKARTA;PSM;AOi4260103105648239d9dd90;0;Comply;0,17
202603;AREA 2;CENTRAL JABOTABEK;SOUTHERN JAKARTA;PSM;AOi4260115072903250922530;0;Anomaly;
202603;AREA 2;CENTRAL JABOTABEK;SOUTHERN JAKARTA;PSM;AOi42601011242214283e99a0;0;Anomaly;
202603;AREA 2;CENTRAL JABOTABEK;SOUTHERN JAKARTA;PSM;AOi4260111034005232dbbff0;0;Anomaly;
202603;AREA 2;CENTRAL JABOTABEK;SOUTHERN JAKARTA;PSM;AOi42601101119293561705a0;0;Anomaly;
202603;AREA 2;JABAR;TASIKMALAYA;KNU;AOi4260106053535405cf94c0;0;Anomaly;
202603;AREA 2;CENTRAL JABOTABEK;SOUTHERN JAKARTA;CPE;AOs3260106084141656850be0;0;Anomaly;
202603;AREA 2;CENTRAL JABOTABEK;SOUTHERN JAKARTA;CPE;AOi4260110103117378f38060;0;Anomaly;
202603;AREA 2;CENTRAL JABOTABEK;SOUTHERN JAKARTA;CPE;AOi426011802322711200d580;0;Comply;-13,42
202603;AREA 2;JABAR;BANDUNG;SDL;AOi4260112113312272daa7b0;0;Anomaly;
202603;AREA 2;JABAR;BANDUNG;SDL;AOi42601310227463922a1360;0;Anomaly;
202603;AREA 2;JABAR;BANDUNG;SDL;AOi4260111073310874393670;0;Anomaly;
202603;AREA 2;JABAR;BANDUNG;SDL;AOi42601120636128390d62d0;0;Anomaly;
202603;AREA 2;JABAR;BANDUNG;SDL;AOs3260113112042647cab600;0;Anomaly;
202603;AREA 2;JABAR;BANDUNG;SDL;AOi426011201175426640bce0;0;Anomaly;
202603;AREA 2;EASTERN JABOTABEK;BEKASI;DEP;AOs3260104091831707fbaed0;0;Comply;-1,43
202603;AREA 2;EASTERN JABOTABEK;BEKASI;DEP;AOi42601270217172523b1b60;0;Comply;-4,74
202603;AREA 2;EASTERN JABOTABEK;BEKASI;DEP;PDAk4261228080630441e390b0;0;Comply;-18,48
202603;AREA 2;EASTERN JABOTABEK;BEKASI;DEP;AOi4260111043816658c63f70;0;Anomaly;
202603;AREA 2;EASTERN JABOTABEK;BEKASI;DEP;AOi4260111043816658c63f70;0;Anomaly;
202603;AREA 2;EASTERN JABOTABEK;BEKASI;DEP;AOi4260129093222472674380;0;Anomaly;
202603;AREA 2;EASTERN JABOTABEK;BEKASI;DEP;AOi4260110082738557c3c0f0;0;Anomaly;
202603;AREA 2;WESTERN JABOTABEK;TANGERANG;GDS;AOi4260115080759458f10fc0;0;Comply;-1,48
202603;AREA 2;CENTRAL JABOTABEK;NORTHERN JAKARTA;KPK;AOi42601281045346622e2580;0;Anomaly;
202603;AREA 2;EASTERN JABOTABEK;KARAWANG;BGG;PDAk426123101462459814e3d0;0;Anomaly;
202603;AREA 2;EASTERN JABOTABEK;KARAWANG;BGG;AOi4260120060356231b8d450;0;Anomaly;
202603;AREA 2;EASTERN JABOTABEK;KARAWANG;BGG;AOi12601180412508348c5a40;0;Comply;-16,98
202603;AREA 2;EASTERN JABOTABEK;KARAWANG;BGG;AOs32601040217314656dc990;0;Anomaly;
202603;AREA 2;EASTERN JABOTABEK;KARAWANG;BGG;AOs3251225011714540e574c0;0;Anomaly;
202603;AREA 2;EASTERN JABOTABEK;KARAWANG;BGG;AOi4261230041327636a788b0;0;Anomaly;
202603;AREA 2;EASTERN JABOTABEK;KARAWANG;BGG;AOi4260115124152946ba5310;0;Anomaly;
202603;AREA 2;EASTERN JABOTABEK;KARAWANG;BGG;AOi4260128100041444116310;0;Anomaly;
202603;AREA 2;EASTERN JABOTABEK;BEKASI;PKY;AOi4260124045808845d9bc30;0;Anomaly;
202603;AREA 2;EASTERN JABOTABEK;BEKASI;PKY;AOs3260126065754209079f00;0;Anomaly;
202603;AREA 2;EASTERN JABOTABEK;BEKASI;PKY;AOs3260118115237033c88310;0;Comply;-14,84
202603;AREA 2;EASTERN JABOTABEK;BEKASI;PKY;AOi4260106011438250363de0;0;Anomaly;
202603;AREA 2;EASTERN JABOTABEK;BEKASI;PKY;PDAk4260120110342787dee780;0;Anomaly;
202603;AREA 2;EASTERN JABOTABEK;BEKASI;PKY;AOk4260120111154090c7c400;0;Anomaly;
202603;AREA 2;EASTERN JABOTABEK;BEKASI;PKY;AOi4260127021518476b97340;0;Anomaly;
202603;AREA 2;EASTERN JABOTABEK;BEKASI;PKY;AOi426011809220186304c9f0;0;Comply;-3,62
202603;AREA 3;JATIM;SURABAYA;KML;AOi42601021223370325ef690;0;Anomaly;
202603;AREA 3;JATIM;SURABAYA;KML;AOi4260114024509245e34400;0;Anomaly;
202603;AREA 3;JATIM;SURABAYA;KML;AOi4260105084350384144ac0;0;Anomaly;
202603;AREA 3;JATIM;SURABAYA;KML;AOi4260122083814920019480;0;Anomaly;
202603;AREA 3;JATIM;SURABAYA;KML;AOi42601021223370325ef690;0;Anomaly;
202603;AREA 3;JATIM;SURABAYA;KML;AOi42601040911239966f9b50;0;Anomaly;
202603;AREA 3;JATIM;SURABAYA;KML;AOi42601130835560314750d0;0;Anomaly;
202603;AREA 3;JATIM;SURABAYA;KML;AOi4260129021212157bfa710;0;Anomaly;
202603;AREA 3;JATIM;SURABAYA;KML;AOi42601200916431741ef000;0;Anomaly;
202603;AREA 3;JATIM;SURABAYA;SPG;AOi4260120085242538c6cb80;0;Anomaly;
202603;AREA 3;JATIM;SURABAYA;SPG;AOi4260113091335705ad6c50;0;Anomaly;
202603;AREA 3;JATIM;SURABAYA;SPG;AOi426012309271516068f5e0;0;Anomaly;
202603;AREA 3;JATIM;SURABAYA;SPG;AOi426011209450204926dbc0;0;Anomaly;
202603;AREA 3;JATIM;SURABAYA;SPG;AOi4260105101332323ec52c0;0;Anomaly;
202603;AREA 3;JATIM;SURABAYA;SPG;AOi4260105101332323ec52c0;0;Anomaly;
202603;AREA 3;JATIM;SURABAYA;SPG;AOi4260123111728913f24320;0;Anomaly;
202603;AREA 3;BALI NUSRA;MATARAM;SIL;AOi426010803245824927dad0;0;Anomaly;
202603;AREA 3;BALI NUSRA;DENPASAR;UBN;AOi4260106095627466681fc0;0;Anomaly;
202603;AREA 3;BALI NUSRA;DENPASAR;UBN;AOi4260125033243170e746a0;0;Anomaly;
202603;AREA 3;BALI NUSRA;DENPASAR;UBN;AOi1251226081615692f947b0;0;Anomaly;
202603;AREA 3;BALI NUSRA;DENPASAR;UBN;AOi4260103103627556e1f770;0;Anomaly;
202603;AREA 3;BALI NUSRA;DENPASAR;UBN;AOi4260107093437550b657c0;0;Anomaly;
202603;AREA 3;JATIM;LAMONGAN;CRM;AOi42601260906101600ca060;0;Anomaly;
202603;AREA 3;JATIM;LAMONGAN;CRM;AOi42601300218333573b6df0;0;Anomaly;
202603;AREA 3;JATIM;SURABAYA;SPG;AOi4260105114841103312fb0;0;Anomaly;-89,51
202603;AREA 3;JATIM;SURABAYA;SPG;AOi4260113021956110e9d260;0;Anomaly;-107,35
202603;AREA 3;BALI NUSRA;DENPASAR;NGR;AOi4260123092253855850550;0;Anomaly;
202603;AREA 3;BALI NUSRA;DENPASAR;NGR;AOi4260126085623831a50ca0;0;Anomaly;
202603;AREA 3;BALI NUSRA;DENPASAR;NGR;AOi4260125091341052c5fe00;0;Anomaly;
202603;AREA 3;JATIM;SURABAYA;TBU;AOi42601110531220510ce6d0;0;Anomaly;
202603;AREA 3;BALI NUSRA;MATARAM;SAP;AOi426011707434063034a820;0;Anomaly;
202603;AREA 3;BALI NUSRA;MATARAM;SAP;AOi1260109054143532931a10;0;Anomaly;
202603;AREA 3;BALI NUSRA;DENPASAR;UBN;PDAk42601071020513140f6ac0;0;Anomaly;
202603;AREA 3;BALI NUSRA;DENPASAR;UBN;AOi1260124112515348269f90;0;Anomaly;
202603;AREA 3;BALI NUSRA;DENPASAR;UBN;AOi4260111030758974cdf360;0;Anomaly;
202603;AREA 3;BALI NUSRA;DENPASAR;UBN;AOi4260111124336555c9bdd0;0;Anomaly;
202603;AREA 3;BALI NUSRA;DENPASAR;UBN;AOi4260128105743747539360;0;Anomaly;
202603;AREA 3;BALI NUSRA;DENPASAR;UBN;AOi4260101035627125785a70;0;Anomaly;
202603;AREA 3;BALI NUSRA;DENPASAR;UBN;AOi42601260102300583ad820;0;Anomaly;
202603;AREA 3;BALI NUSRA;DENPASAR;UBN;AOi426012703372873149abe0;0;Anomaly;
202603;AREA 3;JATENG-DIY;MAGELANG;SWT;AOi4260124012656599c09a30;0;Anomaly;
202603;AREA 3;JATENG-DIY;MAGELANG;SWT;AOi4260107050446497da38e0;0;Anomaly;
202603;AREA 3;BALI NUSRA;MATARAM;DMP;AOi4260122095433861c71ad0;0;Anomaly;-162,10
202603;AREA 3;BALI NUSRA;MATARAM;DMP;AOi42612311016212649b6020;0;Anomaly;
202603;AREA 3;BALI NUSRA;MATARAM;DMP;AOi4261230113156962527060;0;Anomaly;
202603;AREA 3;BALI NUSRA;MATARAM;DMP;AOi42601180105546646ce9b0;0;Anomaly;
202603;AREA 3;BALI NUSRA;MATARAM;DMP;AOk4260106022634979f08170;0;Anomaly;
202603;AREA 3;BALI NUSRA;FLORES;BJW;AOi42601260722021044de9f0;0;Anomaly;
202603;AREA 3;BALI NUSRA;KUPANG;BEN;AOi4260115063950693f491a0;0;Anomaly;
202603;AREA 3;BALI NUSRA;DENPASAR;UBN;AOi4260111080021377041e50;0;Anomaly;
202603;AREA 3;BALI NUSRA;DENPASAR;UBN;AOi4260105123434656f8a870;0;Anomaly;
202603;AREA 3;BALI NUSRA;DENPASAR;UBN;AOi4251226011827154e51600;0;Anomaly;
202603;AREA 3;BALI NUSRA;DENPASAR;UBN;AOs3260118023537522600e10;0;Anomaly;
202603;AREA 3;BALI NUSRA;DENPASAR;UBN;AOi4260108093315285ae6080;0;Anomaly;
202603;AREA 3;BALI NUSRA;DENPASAR;UBN;AOi42601051103405962f73e0;0;Anomaly;
202603;AREA 3;BALI NUSRA;DENPASAR;UBN;AOk4260107104416414b0ef80;0;Anomaly;
202603;AREA 3;BALI NUSRA;DENPASAR;UBN;PDAk42601180936335808ff5f0;0;Anomaly;
202603;AREA 3;BALI NUSRA;DENPASAR;UBN;AOi42601300138272989ad750;0;Anomaly;
202603;AREA 3;JATIM;LAMONGAN;CRM;AOi42601231204330348f2d70;0;Comply;-3,68
202603;AREA 3;JATIM;MADIUN;WRJ;AOk4260117093827506b6e360;0;Comply;0,03
202603;AREA 3;JATENG-DIY;MAGELANG;PWJ;AOi4251223095519798ff4610;0;Anomaly;
202603;AREA 3;JATENG-DIY;MAGELANG;PWJ;AOi4260120105732506f38d80;0;Anomaly;
202603;AREA 3;JATENG-DIY;MAGELANG;PWJ;AOi42601080726215785b2540;0;Anomaly;
202603;AREA 3;JATENG-DIY;MAGELANG;PWJ;AOi4260103024522684736a50;0;Comply;-20,50
202603;AREA 3;JATENG-DIY;MAGELANG;PWJ;AOi4260101100651878c114b0;0;Anomaly;
202603;AREA 3;JATENG-DIY;MAGELANG;PWJ;AOi4260126103136506556790;0;Anomaly;
202603;AREA 3;BALI NUSRA;DENPASAR;UBN;AOi4260123121059238e086f0;0;Anomaly;
202603;AREA 3;BALI NUSRA;DENPASAR;UBN;AOi42601160634379144bae60;0;Anomaly;
202603;AREA 3;BALI NUSRA;DENPASAR;UBN;AOi426010105475447707e970;0;Anomaly;
202603;AREA 3;BALI NUSRA;DENPASAR;UBN;PDAk4260102113608216e67fe0;0;Anomaly;
202603;AREA 3;BALI NUSRA;DENPASAR;UBN;AOi4260106095627466681fc0;0;Anomaly;
202603;AREA 3;BALI NUSRA;DENPASAR;UBN;AOi4260114041100643dccd30;0;Anomaly;
202603;AREA 3;BALI NUSRA;DENPASAR;UBN;AOi4260115094245276981860;0;Anomaly;
202603;AREA 3;BALI NUSRA;DENPASAR;UBN;AOi426011903023496260d690;0;Anomaly;
202603;AREA 3;JATIM;JEMBER;JTO;AOi4260109041101181bd2240;0;Anomaly;
202603;AREA 3;JATIM;SURABAYA;TNS;AOi4260127045830322389610;0;Anomaly;
202603;AREA 3;JATIM;SURABAYA;TNS;AOi42601230830148367bee50;0;Comply;-1,83
202603;AREA 3;JATIM;SURABAYA;TNS;AOi426010602571758085cd90;0;Anomaly;
202603;AREA 3;JATENG-DIY;PEKALONGAN;RDD;AOi42601260204051361055b0;0;Anomaly;
202603;AREA 3;JATIM;MADIUN;NDL;AOi42601020505580395aba00;0;Comply;-20,11
202603;AREA 3;JATIM;SIDOARJO;MJS;AOs32601201000133218e3c30;0;Anomaly;
202603;AREA 3;JATIM;SIDOARJO;MJS;AOi42601061053065455dc630;0;Comply;-12,41
202603;AREA 3;BALI NUSRA;MATARAM;SGG;AOi42601040123017220f2c30;0;Anomaly;-121,53
202603;AREA 3;BALI NUSRA;MATARAM;SGG;AOi4260110122821846b38e00;0;Anomaly;-120,42
202603;AREA 3;BALI NUSRA;MATARAM;SGG;AOi42512100656436322e5120;0;Anomaly;
202603;AREA 3;JATIM;MALANG;APG;AOi42601190906466088c87e0;0;Anomaly;
202603;AREA 3;JATIM;SURABAYA;ARB;AOi426011407184949002e230;0;Anomaly;
202603;AREA 3;JATIM;LAMONGAN;PAD;AOi42601190531387276f2930;0;Anomaly;
202603;AREA 3;JATIM;SURABAYA;BAB;AOi4260110101504053b82970;0;Anomaly;0,14
202603;AREA 3;JATIM;SURABAYA;BAB;AOi4260110101504053b82970;0;Anomaly;
202603;AREA 3;JATENG-DIY;YOGYAKARTA;GOD;AOi4260129112644086de4890;0;Anomaly;
202603;AREA 3;JATIM;JEMBER;JER;AOi42601260731303526e4250;0;Comply;-38,70
202603;AREA 3;JATIM;JEMBER;JER;AOi4260130014024662242470;0;Anomaly;
202603;AREA 3;JATENG-DIY;MAGELANG;PRN;AOs326010811582125082a910;0;Comply;-3,26
202603;AREA 3;JATENG-DIY;SEMARANG;BMK;AOi426012103525452117c230;0;Anomaly;
202603;AREA 3;BALI NUSRA;MATARAM;MTR;AOi42601100344231599a5380;0;Comply;-162,37
202603;AREA 3;BALI NUSRA;MATARAM;MTR;AOi4260105013007342fbd490;0;Comply;-144,22
202603;AREA 3;BALI NUSRA;MATARAM;MTR;AOi4260113074311534b6fae0;0;Anomaly;
202603;AREA 3;BALI NUSRA;MATARAM;MTR;AOi42601200932441905b96b0;0;Anomaly;
202603;AREA 3;JATIM;JEMBER;KPP;AOi42601191001175034d1570;0;Anomaly;
202603;AREA 3;JATIM;JEMBER;KPP;AOi4260110061030693379ae0;0;Anomaly;
202603;AREA 3;JATIM;JEMBER;KPP;AOi426012707205422466c820;0;Anomaly;
202603;AREA 3;JATIM;JEMBER;KPP;AOs3260123102656352e2e900;0;Anomaly;
202603;AREA 3;JATIM;JEMBER;KPP;AOi4261231103131801b2f590;0;Anomaly;
202603;AREA 3;JATIM;JEMBER;KPP;AOi4260109045653910cda120;0;Anomaly;
202603;AREA 3;JATIM;JEMBER;KPP;AOi42601250956380021d0ac0;0;Anomaly;
202603;AREA 3;JATIM;JEMBER;KPP;AOi42601280936005805e0060;0;Anomaly;
202603;AREA 3;BALI NUSRA;MATARAM;MTR;AOs3260119071146057d1f800;0;Anomaly;
202603;AREA 3;BALI NUSRA;MATARAM;MTR;AOi42601161244221934bd680;0;Comply;-145,09
202603;AREA 3;JATENG-DIY;SEMARANG;SMT;AOi4260112090201058544550;0;Comply;-48,69
202603;AREA 3;JATENG-DIY;SEMARANG;SMT;AOi4260101022550072ac4550;0;Anomaly;
202603;AREA 3;JATENG-DIY;SEMARANG;SMT;AOi4260105041459872b8f2e0;0;Comply;-1,32
202603;AREA 3;JATENG-DIY;SEMARANG;SMT;AOi4260113114441881454990;0;Anomaly;
202603;AREA 3;JATENG-DIY;SEMARANG;SMT;AOi426010304412244817eb40;0;Comply;-16,56
202603;AREA 3;JATENG-DIY;SEMARANG;SMT;PDAk42601200349552336c6eb0;0;Anomaly;
202603;AREA 3;BALI NUSRA;DENPASAR;UBN;AOb02601090527148512c9ad0;0;Anomaly;
202603;AREA 3;JATIM;LAMONGAN;CRM;AOi42601071133015261185e0;0;Anomaly;
202603;AREA 3;JATIM;LAMONGAN;CRM;AOi426012802322196564cbf0;0;Anomaly;
202603;AREA 3;JATENG-DIY;MAGELANG;PWJ;AOi4260128032013594b30890;0;Anomaly;
202603;AREA 3;JATENG-DIY;MAGELANG;PWJ;AOi42601120557055641d3c40;0;Anomaly;
202603;AREA 3;JATIM;LAMONGAN;KDE;AOi4260102011737234fbd090;0;Anomaly;
202603;AREA 3;JATIM;LAMONGAN;KDE;AOi42601070851007668acfb0;0;Anomaly;
202603;AREA 3;BALI NUSRA;DENPASAR;BLI;AOi4260111060443197a26ff0;0;Anomaly;
202603;AREA 3;BALI NUSRA;DENPASAR;BLI;AOi42601301252192681f2900;0;Anomaly;
202603;AREA 3;BALI NUSRA;DENPASAR;BLI;AOi4260111060443197a26ff0;0;Anomaly;
202603;AREA 3;BALI NUSRA;DENPASAR;BLI;AOi4260121101221438b6f770;0;Anomaly;
202603;AREA 3;JATIM;SURABAYA;KRP;AOi426012807235212333db70;0;Anomaly;
202603;AREA 3;JATENG-DIY;MAGELANG;PWJ;AOi4260102110836348a17890;0;Anomaly;
202603;AREA 3;BALI NUSRA;DENPASAR;TOP;AOi42601150856346489c4f90;0;Anomaly;
202603;AREA 3;BALI NUSRA;DENPASAR;TOP;AOi4260104101022970074b40;0;Anomaly;
202603;AREA 3;BALI NUSRA;DENPASAR;TOP;PDAk425122605061752625b540;0;Anomaly;
202603;AREA 3;JATIM;LAMONGAN;KDE;AOs3260129092452226c03ab0;0;Anomaly;
202603;AREA 3;JATIM;LAMONGAN;KDE;AOi4261230033432350415f20;0;Comply;-3,86
202603;AREA 3;JATIM;LAMONGAN;KDE;AOi42601290457469290fe850;0;Comply;-0,60
202603;AREA 3;JATIM;LAMONGAN;KDE;AOi426011212143185861cef0;0;Comply;-21,15
202603;AREA 3;JATIM;LAMONGAN;KDE;AOi4260102021037856e3fbb0;0;Comply;-3,24
202603;AREA 3;JATIM;LAMONGAN;KDE;AOi426010511163008693dba0;0;Anomaly;
202603;AREA 3;BALI NUSRA;DENPASAR;BLI;AOi12601220944134482c4430;0;Anomaly;
202603;AREA 3;JATIM;LAMONGAN;SDY;AOi4260120104850776020e50;0;Comply;0,31
202603;AREA 3;JATIM;JEMBER;KPP;AOi4260121024424710fa0790;0;Anomaly;
202603;AREA 3;JATENG-DIY;YOGYAKARTA;WNS;AOi4260121042052154ca4b90;0;Anomaly;
202603;AREA 3;BALI NUSRA;FLORES;LWB;AOi4260115110848706086e50;0;Anomaly;
202603;AREA 3;BALI NUSRA;DENPASAR;SMA;AOi42512260626347220dfd90;0;Anomaly;
202603;AREA 3;JATIM;MALANG;SNT;AOi4260126121846535c4bd90;0;Anomaly;1,35
202603;AREA 3;BALI NUSRA;MATARAM;TET;AOi4260123011631944a773c0;0;Anomaly;
202603;AREA 3;BALI NUSRA;MATARAM;TET;AOi42601080337378835bd370;0;Anomaly;
202603;AREA 3;BALI NUSRA;MATARAM;TET;AOi4260129085543678564e30;0;Anomaly;
202603;AREA 3;BALI NUSRA;DENPASAR;TOP;AOi4260111020659902dad940;0;Anomaly;
202603;AREA 3;BALI NUSRA;DENPASAR;TOP;AOi4260129072434654ec76f0;0;Anomaly;
202603;AREA 3;BALI NUSRA;DENPASAR;TOP;PDAk42612301246419309f2920;0;Anomaly;
202603;AREA 3;JATIM;SURABAYA;TNS;PDAk4260105115450065bd48a0;0;Anomaly;
202603;AREA 3;JATIM;SURABAYA;TNS;AOi42601120319102990def90;0;Anomaly;
202603;AREA 3;BALI NUSRA;MATARAM;BIM;AOi4260119051329550e0ac30;0;Anomaly;
202603;AREA 3;BALI NUSRA;MATARAM;BIM;AOk4260119013655807f8ab90;0;Anomaly;
202603;AREA 3;BALI NUSRA;MATARAM;BIM;AOk4260112091817272b83c10;0;Anomaly;
202603;AREA 3;JATENG-DIY;SEMARANG;SMT;AOi4260128104821454685d40;0;Anomaly;
202603;AREA 3;JATENG-DIY;SEMARANG;SMT;AOi126010208104038711f530;0;Comply;-22,78
202603;AREA 3;JATIM;MALANG;TMP;AOi426010510525905810a280;0;Anomaly;
202603;AREA 3;JATIM;MADIUN;NWI;AOk4260121094123601bd3e00;0;Anomaly;
202603;AREA 3;JATENG-DIY;PURWOKERTO;CLO;AOi42601170836213436832e0;0;Anomaly;
202603;AREA 3;JATENG-DIY;YOGYAKARTA;BBS;AOi4260119115915226fff2d0;0;Comply;-1,08
202603;AREA 3;JATENG-DIY;YOGYAKARTA;BBS;AOi426011402184511403b0a0;0;Comply;1,26
202603;AREA 3;JATENG-DIY;YOGYAKARTA;BBS;AOi426011802291684978b4c0;0;Anomaly;
202603;AREA 3;BALI NUSRA;MATARAM;TET;AOi42601080337378835bd370;0;Anomaly;
202603;AREA 3;JATIM;SURABAYA;PRG;AOi4260120074316906f586a0;0;Anomaly;
202603;AREA 3;BALI NUSRA;KUPANG;OSP;AOi1260119013455338f66660;0;Anomaly;
202603;AREA 3;BALI NUSRA;KUPANG;OSP;AOi42601251258051778e7810;0;Anomaly;6,04
202603;AREA 3;BALI NUSRA;KUPANG;OSP;AOi4260123082738883f06260;0;Anomaly;
202603;AREA 3;BALI NUSRA;KUPANG;OSP;AOi42601290130165796acf60;0;Anomaly;
202603;AREA 3;BALI NUSRA;KUPANG;OSP;AOi42601051015079141ad0c0;0;Anomaly;
202603;AREA 3;BALI NUSRA;KUPANG;OSP;AOi42601241258496136e5740;0;Anomaly;-21,47
202603;AREA 3;BALI NUSRA;KUPANG;OSP;AOi42601300558203697600d0;0;Anomaly;
202603;AREA 3;JATENG-DIY;YOGYAKARTA;BBS;AOi426011402184511403b0a0;0;Comply;0,33
202603;AREA 3;JATIM;LAMONGAN;SDY;AOi426011510065638032a790;0;Comply;-20,87
202603;AREA 3;JATIM;SURABAYA;KRP;AOi4260117110534434567510;0;Anomaly;
202603;AREA 3;BALI NUSRA;MATARAM;BIM;AOi42601010638391447caeb0;0;Comply;-3,20
202603;AREA 3;BALI NUSRA;MATARAM;BIM;AOk4260102082338977116030;0;Comply;1,89
202603;AREA 3;BALI NUSRA;MATARAM;BIM;AOi4260116010857442e06230;0;Anomaly;
202603;AREA 3;BALI NUSRA;MATARAM;BIM;AOi4260109104201187f0f610;0;Anomaly;
202603;AREA 3;BALI NUSRA;MATARAM;SWE;AOi4260119071802792ab8050;0;Anomaly;
202603;AREA 3;BALI NUSRA;KUPANG;OSP;AOi42601140310469278f1960;0;Anomaly;
202603;AREA 3;BALI NUSRA;MATARAM;SBW;AOi4261230095022364c42620;0;Anomaly;-3,85
202603;AREA 3;BALI NUSRA;KUPANG;ATB;AOi4260115071227993026b60;0;Anomaly;23,28
202603;AREA 3;JATIM;MADIUN;WKU;AOi4260110062031401ccc8d0;0;Anomaly;
202603;AREA 3;JATIM;SURABAYA;WRP;AOi426010504160912942b460;0;Anomaly;
202603;AREA 3;JATIM;SURABAYA;WRP;AOi4260107111056415b9e3b0;0;Anomaly;
202603;AREA 3;JATIM;SURABAYA;ARB;AOi4260116054648269b82960;0;Anomaly;
202603;AREA 3;JATIM;SURABAYA;ARB;AOi4260102102816427862340;0;Anomaly;
202603;AREA 3;BALI NUSRA;MATARAM;BIM;AOk4260107110457548ccc8e0;0;Anomaly;
202603;AREA 3;BALI NUSRA;MATARAM;BIM;AOi426012804375443181d440;0;Anomaly;
202603;AREA 3;BALI NUSRA;MATARAM;BIM;AOi4260119090735848995cb0;0;Anomaly;
202603;AREA 3;BALI NUSRA;MATARAM;BIM;AOi4260129075712532da0520;0;Anomaly;
202603;AREA 3;BALI NUSRA;MATARAM;BIM;AOk42601071240418986ace80;0;Comply;-90,44
202603;AREA 3;BALI NUSRA;MATARAM;BIM;AOi42601040208207209ed6a0;0;Anomaly;
202603;AREA 3;JATENG-DIY;PEKALONGAN;RDD;AOi4260112075037536a0cbd0;0;Anomaly;
202603;AREA 3;JATIM;SIDOARJO;MJS;AOi4260124103959923099fe0;0;Anomaly;
202603;AREA 3;BALI NUSRA;MATARAM;SWE;AOi4260108105019483b64de0;0;Anomaly;
202603;AREA 3;BALI NUSRA;MATARAM;SWE;AOi4260112062421196678dc0;0;Anomaly;
202603;AREA 3;JATENG-DIY;PEKALONGAN;CMA;AOi4260101095620493a23b70;0;Anomaly;
202603;AREA 3;JATENG-DIY;SEMARANG;UNR;AOi4260114110544787bd8990;0;Comply;-0,49
202603;AREA 3;JATENG-DIY;SEMARANG;UNR;AOi42601250721319216e4de0;0;Anomaly;
202603;AREA 3;JATENG-DIY;SEMARANG;UNR;AOi12601190812222283b1300;0;Anomaly;
202603;AREA 3;JATIM;MADIUN;MNZ;AOi42601141220579509421a0;0;Comply;-0,87
202603;AREA 3;JATIM;MADIUN;MNZ;AOi4260122030646392df0280;0;Comply;-16,96
202603;AREA 3;JATIM;SURABAYA;ARB;AOi42601030854001807d83a0;0;Anomaly;
202603;AREA 3;JATIM;SURABAYA;ARB;AOi42601270821110961cfdb0;0;Anomaly;
202603;AREA 3;JATIM;SURABAYA;ARB;AOi4260129032745098e9b660;0;Anomaly;
202603;AREA 3;JATIM;SURABAYA;ARB;AOi42601151250386176f4280;0;Anomaly;
202603;AREA 3;JATIM;SURABAYA;ARB;AOi4260129032745098e9b660;0;Anomaly;
202603;AREA 3;JATIM;SURABAYA;ARB;AOi426011309401425110c430;0;Anomaly;
202603;AREA 3;JATIM;SURABAYA;ARB;AOk42601221157110001c97d0;0;Anomaly;
202603;AREA 3;BALI NUSRA;MATARAM;TET;AOi4260104104009109256b30;0;Anomaly;-0,82
202603;AREA 3;BALI NUSRA;MATARAM;BIM;AOk426012011094013393f360;0;Anomaly;
202603;AREA 3;BALI NUSRA;MATARAM;BIM;AOi4260109104201187f0f610;0;Anomaly;
202603;AREA 3;BALI NUSRA;MATARAM;BIM;AOi4260116064914244c37920;0;Anomaly;
202603;AREA 3;BALI NUSRA;MATARAM;BIM;AOk4260112091817272b83c10;0;Comply;-66,32
202603;AREA 3;BALI NUSRA;MATARAM;BIM;AOi426013009445479279b4c0;0;Anomaly;
202603;AREA 3;BALI NUSRA;MATARAM;BIM;AOi426011906361862759c0b0;0;Anomaly;
202603;AREA 3;BALI NUSRA;MATARAM;BIM;AOi42601040208207209ed6a0;0;Anomaly;
202603;AREA 3;BALI NUSRA;MATARAM;BIM;AOi42601100828035919fa5c0;0;Anomaly;
202603;AREA 3;JATIM;MADIUN;MNZ;AOs3260112101552302f8d170;0;Anomaly;
202603;AREA 3;BALI NUSRA;DENPASAR;UBU;AOs3260109020522010c36550;0;Anomaly;
202603;AREA 3;JATENG-DIY;MAGELANG;MTY;AOk426123111015347576b150;0;Anomaly;
202603;AREA 3;JATENG-DIY;MAGELANG;MTY;PDAk4260127085908239b47a20;0;Comply;-2,23
202603;AREA 3;BALI NUSRA;DENPASAR;TBN;AOi42601111048144708cc740;0;Anomaly;
202603;AREA 3;JATENG-DIY;YOGYAKARTA;PGR;AOi42601061253295879c88e0;0;Anomaly;
202603;AREA 3;JATENG-DIY;YOGYAKARTA;PGR;AOi4260104125010568995630;0;Comply;-0,86
202603;AREA 3;JATIM;SIDOARJO;KRN;AOi4260109092738179fe6b80;0;Anomaly;
202603;AREA 3;JATIM;SIDOARJO;KRN;AOi426010601190066716a0d0;0;Comply;1,45
202603;AREA 3;BALI NUSRA;MATARAM;BIM;AOi426123109470696378f780;0;Anomaly;
202603;AREA 3;JATENG-DIY;YOGYAKARTA;GOD;AOi42601241100419947f3260;0;Comply;-141,61
202603;AREA 3;JATENG-DIY;YOGYAKARTA;GOD;AOi4260129112644086de4890;0;Anomaly;
202603;AREA 3;JATENG-DIY;YOGYAKARTA;GOD;AOi4260128081957086fb29a0;0;Anomaly;
202603;AREA 3;BALI NUSRA;DENPASAR;LVN;AOi42601170943033512fea10;0;Anomaly;
202603;AREA 3;BALI NUSRA;DENPASAR;LVN;AOi4260107103724125d93730;0;Anomaly;
202603;AREA 3;JATENG-DIY;MAGELANG;PRN;AOi42601121106241270e6250;0;Anomaly;
202603;AREA 3;BALI NUSRA;MATARAM;MTR;AOi42601111218065443b6ca0;0;Anomaly;
202603;AREA 3;JATIM;SIDOARJO;KRN;AOi4260120014922015a6a390;0;Comply;-20,49
202603;AREA 3;JATIM;SIDOARJO;KRN;AOs326011202014612398fd80;0;Comply;0,19
202603;AREA 3;JATIM;SIDOARJO;KRN;AOi4260102105450185c0bbc0;0;Anomaly;
202603;AREA 3;JATIM;SIDOARJO;KRN;AOi42601170243378715cbe80;0;Anomaly;
202603;AREA 3;JATIM;SIDOARJO;KRN;AOi426010208173024415fc70;0;Anomaly;
202603;AREA 3;JATIM;SIDOARJO;KRN;AOi4260108023016969124fa0;0;Comply;-23,08
202603;AREA 3;JATIM;SIDOARJO;SDA;AOi426012204453361940aa80;0;Anomaly;
202603;AREA 3;JATIM;SIDOARJO;SDA;AOi4260120100603142536b40;0;Anomaly;
202603;AREA 3;BALI NUSRA;MATARAM;TET;AOi42601130941075704853b0;0;Anomaly;
202603;AREA 3;BALI NUSRA;MATARAM;TET;AOi42601020812507511fccd0;0;Anomaly;
202603;AREA 3;BALI NUSRA;MATARAM;TET;AOi42612300109187752d94c0;0;Anomaly;
202603;AREA 3;BALI NUSRA;MATARAM;TET;AOi4260116102818973f5b320;0;Anomaly;
202603;AREA 3;BALI NUSRA;MATARAM;TET;AOi4260126084656072011330;0;Anomaly;
202603;AREA 3;BALI NUSRA;MATARAM;TET;AOi4260126084656072011330;0;Anomaly;
202603;AREA 3;BALI NUSRA;MATARAM;TET;AOi426011708272211048a210;0;Anomaly;
202603;AREA 3;BALI NUSRA;MATARAM;TET;AOi4260122034216056561aa0;0;Anomaly;
202603;AREA 3;BALI NUSRA;MATARAM;MTR;AOi42601100105556178357a0;0;Comply;-172,82
202603;AREA 3;BALI NUSRA;MATARAM;MTR;AOi4260105020147172fa9a10;0;Anomaly;
202603;AREA 3;JATENG-DIY;SEMARANG;SMT;AOi4260114035827707a712c0;0;Anomaly;
202603;AREA 3;JATENG-DIY;SEMARANG;SMT;AOi42601110309493651563b0;0;Anomaly;
202603;AREA 3;JATENG-DIY;SEMARANG;SMT;AOi42601200927057549417a0;0;Anomaly;
202603;AREA 3;JATENG-DIY;SEMARANG;SMT;AOi4260128034223642773770;0;Anomaly;
202603;AREA 3;JATIM;MALANG;TMP;AOi4260101050044569f77740;0;Anomaly;
202603;AREA 3;JATENG-DIY;PEKALONGAN;CMA;AOi42601300235234345831b0;0;Not Comply;50,55
202603;AREA 3;JATIM;SIDOARJO;SDA;AOs326011612570007298b140;0;Anomaly;
202603;AREA 3;JATIM;SIDOARJO;SDA;AOi4260118061841261f96d80;0;Anomaly;
202603;AREA 3;JATIM;SIDOARJO;SDA;AOi4260108123419682679bb0;0;Anomaly;
202603;AREA 3;JATIM;SIDOARJO;SDA;AOi4260114060623366693e10;0;Anomaly;
202603;AREA 3;JATIM;SIDOARJO;SDA;AOi42601060729185769eeb60;0;Anomaly;
202603;AREA 3;JATIM;SIDOARJO;SDA;AOi42601180138531842b17e0;0;Anomaly;
202603;AREA 3;JATIM;SIDOARJO;SDA;AOi4260116092140663d7d2d0;0;Anomaly;
202603;AREA 3;JATIM;SIDOARJO;SDA;AOi426012809281283438c5f0;0;Anomaly;
202603;AREA 3;JATIM;SIDOARJO;SDA;AOi426012809281283438c5f0;0;Anomaly;
202603;AREA 3;JATIM;SIDOARJO;SDA;AOi4260104060826886ca2100;0;Anomaly;
202603;AREA 3;JATIM;SIDOARJO;SDA;AOi4260101035224140a60880;0;Anomaly;
202603;AREA 3;JATENG-DIY;SEMARANG;MJE;AOb0260125094154712bab820;0;Comply;0,53
202603;AREA 3;JATIM;MALANG;KEP;AOi4260106015600665491970;0;Anomaly;
202603;AREA 3;JATIM;SIDOARJO;MIP;AOi426011402253094127e5a0;0;Anomaly;
202603;AREA 3;JATIM;SIDOARJO;MIP;AOi4260130114428754eeac60;0;Anomaly;
202603;AREA 3;JATENG-DIY;PURWOKERTO;MAN;AOi4260102103214455d56650;0;Anomaly;
202603;AREA 3;JATIM;LAMONGAN;MRR;AOi4260107124516971cb51e0;0;Anomaly;
202603;AREA 3;JATIM;MALANG;BTU;AOi42601180750525099759d0;0;Anomaly;
202603;AREA 3;JATENG-DIY;PEKALONGAN;CMA;AOi42601300235234345831b0;0;Anomaly;
202603;AREA 3;JATENG-DIY;PEKALONGAN;CMA;AOi42601300235234345831b0;0;Anomaly;
202603;AREA 3;JATENG-DIY;PEKALONGAN;CMA;AOi42601300235234345831b0;0;Anomaly;
202603;AREA 3;JATENG-DIY;PEKALONGAN;CMA;AOi426011002055302827c3c0;0;Anomaly;
202603;AREA 3;BALI NUSRA;DENPASAR;TBN;AOi4260113114742278ef48a0;0;Anomaly;
202603;AREA 3;BALI NUSRA;DENPASAR;TBN;AOi42601241206415719676a0;0;Anomaly;
202603;AREA 3;BALI NUSRA;DENPASAR;TBN;PDAk4251212072359556e4be90;0;Anomaly;
202603;AREA 3;BALI NUSRA;DENPASAR;TBN;AOi42601170720251322735e0;0;Anomaly;
202603;AREA 3;BALI NUSRA;MATARAM;BIM;AOi42601100828035919fa5c0;0;Anomaly;
202603;AREA 3;BALI NUSRA;MATARAM;BIM;AOi426010303401687438a070;0;Anomaly;
202603;AREA 3;BALI NUSRA;MATARAM;SWE;AOi42601080645280145570d0;0;Anomaly;
202603;AREA 3;BALI NUSRA;MATARAM;SWE;AOi42612310245137014600e0;0;Anomaly;
202603;AREA 3;JATENG-DIY;SURAKARTA;BKG;AOi4260109104148273c014e0;0;Anomaly;
202603;AREA 3;JATENG-DIY;SURAKARTA;WRO;AOk4260115105017155f05fa0;0;Anomaly;
202603;AREA 3;JATENG-DIY;PEKALONGAN;SLW;AOk4260130025338157714850;0;Anomaly;
202603;AREA 3;BALI NUSRA;FLORES;MMR;AOi4260113020232582ab4820;0;Anomaly;
202603;AREA 3;BALI NUSRA;FLORES;MMR;AOi4260130104241090f76780;0;Anomaly;
202603;AREA 3;BALI NUSRA;MATARAM;MTR;AOk42601030139014329b8bd0;0;Comply;-158,21
202603;AREA 3;BALI NUSRA;MATARAM;MTR;AOi4260103084508730714860;0;Anomaly;
202603;AREA 3;BALI NUSRA;MATARAM;MTR;AOi4260122101134750d81c30;0;Anomaly;
202603;AREA 3;BALI NUSRA;MATARAM;MTR;AOi4260112031451557f3bf60;0;Anomaly;
202603;AREA 3;BALI NUSRA;MATARAM;MTR;AOi426012612053407782ea70;0;Comply;-163,95
202603;AREA 3;BALI NUSRA;MATARAM;MTR;AOi4260105020147172fa9a10;0;Anomaly;
202603;AREA 3;BALI NUSRA;MATARAM;MTR;AOi4260123034016941b6ce50;0;Anomaly;
202603;AREA 3;JATIM;MALANG;BTU;AOi4260112024237225c7a300;0;Anomaly;
202603;AREA 3;JATIM;MALANG;BTU;AOs326012411422289944aa80;0;Anomaly;
202603;AREA 3;BALI NUSRA;KUPANG;WGP;AOi426010910052732684abc0;0;Anomaly;
202603;AREA 3;JATIM;JEMBER;PBL;AOi4260112114720522d77ed0;0;Anomaly;
202603;AREA 3;JATENG-DIY;YOGYAKARTA;KGD;AOi4260124092635278458e80;0;Anomaly;
202603;AREA 3;BALI NUSRA;KUPANG;BEN;AOi4260120052852862cb1e50;0;Anomaly;
202603;AREA 3;BALI NUSRA;KUPANG;BEN;AOi4260118105939459d53bf0;0;Anomaly;
202603;AREA 3;JATENG-DIY;SEMARANG;SMC;AOi42601130844364674702b0;0;Anomaly;
202603;AREA 3;JATENG-DIY;SEMARANG;SMC;AOi42601071205479430bf210;0;Anomaly;
202603;AREA 3;JATIM;SIDOARJO;GDA;AOi426123102415302839e150;0;Comply;1,26
202603;AREA 3;JATIM;SIDOARJO;GDA;AOi4260129090755092e10df0;0;Comply;-17,47
202603;AREA 3;JATIM;SIDOARJO;GDA;AOi42601030711446873b8420;0;Anomaly;
202603;AREA 3;JATIM;SIDOARJO;GDA;AOi4260125124311077714bc0;0;Anomaly;
202603;AREA 3;JATIM;SIDOARJO;GDA;AOi4260105120957383b183a0;0;Anomaly;
202603;AREA 3;JATENG-DIY;SEMARANG;KDL;AOi42601120155265988a64e0;0;Anomaly;
202603;AREA 3;JATIM;SURABAYA;PME;AOi4260121110046653c30810;0;Anomaly;
202603;AREA 3;BALI NUSRA;MATARAM;MTR;AOi4260102040559059b06390;0;Anomaly;
202603;AREA 3;JATENG-DIY;PURWOKERTO;CLO;AOi4260104033623658f9e1e0;0;Anomaly;
202603;AREA 3;JATENG-DIY;PURWOKERTO;CLO;AOi4260113094622471ba63d0;0;Anomaly;
202603;AREA 3;JATENG-DIY;SEMARANG;WLR;AOi42601231106268743132a0;0;Anomaly;
202603;AREA 3;JATENG-DIY;SEMARANG;WLR;AOi4261230090005055ccbb60;0;Anomaly;
202603;AREA 3;JATENG-DIY;SEMARANG;WLR;AOi4260107090158101a6dc00;0;Anomaly;
202603;AREA 3;JATENG-DIY;SEMARANG;WLR;AOi426011002593752168f620;0;Anomaly;
202603;AREA 3;JATENG-DIY;YOGYAKARTA;BBS;AOi42601291024475298f8330;0;Anomaly;
202603;AREA 3;JATENG-DIY;SEMARANG;JPR;AOi42601100551571430fabf0;0;Not Comply;3,06
202603;AREA 3;JATENG-DIY;PEKALONGAN;CMA;AOi4260103071316692e8f730;0;Anomaly;
202603;AREA 3;JATENG-DIY;PEKALONGAN;CMA;AOi4260122072839680a77370;0;Anomaly;
202603;AREA 3;JATENG-DIY;SEMARANG;UNR;AOi426011407022751436b930;0;Anomaly;
202603;AREA 3;JATENG-DIY;SEMARANG;UNR;AOi42601281027317871789f0;0;Anomaly;
202603;AREA 3;JATENG-DIY;SEMARANG;UNR;AOi4260117094605898e354d0;0;Comply;0,38
202603;AREA 3;BALI NUSRA;DENPASAR;UBU;AOk4260121082100890f67790;0;Anomaly;
202603;AREA 3;BALI NUSRA;DENPASAR;UBU;AOi4260105063925690dda370;0;Anomaly;
202603;AREA 3;JATIM;SURABAYA;PME;AOi4260131052954639e00dc0;0;Anomaly;
202603;AREA 3;JATIM;SURABAYA;PME;AOi4260118084721978d3a2f0;0;Anomaly;
202603;AREA 3;JATIM;LAMONGAN;LMG;AOi4260129025634365523100;0;Comply;1,10
202603;AREA 3;BALI NUSRA;FLORES;BJW;AOi4260110111937258093100;0;Anomaly;
202603;AREA 3;JATIM;JEMBER;MCR;AOi4260109044330329555da0;0;Anomaly;
202603;AREA 3;JATENG-DIY;PURWOKERTO;WOS;AOi4260102125322823534990;0;Anomaly;
202603;AREA 3;JATENG-DIY;PURWOKERTO;WOS;AOi426012011253041575e700;0;Comply;-24,83
202603;AREA 3;JATENG-DIY;PURWOKERTO;WOS;AOi4260125051748275ca9eb0;0;Comply;-23,40
202603;AREA 3;JATIM;SURABAYA;PME;AOi4260112095122450dd7580;0;Anomaly;
202603;AREA 3;JATENG-DIY;MAGELANG;MTY;AOi42601130125416642103b0;0;Anomaly;
202603;AREA 3;BALI NUSRA;DENPASAR;TBN;AOi4260120092059192dace90;0;Anomaly;
202603;AREA 3;BALI NUSRA;DENPASAR;TBN;AOi4260123052142506805ec0;0;Anomaly;
202603;AREA 3;BALI NUSRA;DENPASAR;TBN;AOb0260105015955966f29b60;0;Anomaly;
202603;AREA 3;JATENG-DIY;YOGYAKARTA;PGR;AOi426010611190850243e660;0;Anomaly;
202603;AREA 3;JATENG-DIY;YOGYAKARTA;PGR;AOi4260105083329025495ac0;0;Anomaly;
202603;AREA 3;JATENG-DIY;YOGYAKARTA;PGR;AOi42601220219451077ff270;0;Anomaly;
202603;AREA 3;JATIM;SIDOARJO;KRN;AOi426012007211838087c1b0;0;Anomaly;
202603;AREA 3;JATIM;SIDOARJO;SDA;AOi426011109463715772c350;0;Anomaly;
202603;AREA 3;JATIM;SIDOARJO;SDA;AOk4260115021655110a5dee0;0;Anomaly;
202603;AREA 3;BALI NUSRA;FLORES;MMR;AOi4260123094047938172c60;0;Anomaly;
202603;AREA 3;BALI NUSRA;FLORES;MMR;AOi42601050446094540bed10;0;Anomaly;
202603;AREA 3;BALI NUSRA;FLORES;MMR;AOi4260125120915571fc02f0;0;Anomaly;
202603;AREA 3;BALI NUSRA;FLORES;MMR;AOi4260113112601143044d00;0;Anomaly;
202603;AREA 3;BALI NUSRA;FLORES;MMR;AOk42601151012404675d1fd0;0;Anomaly;
202603;AREA 3;BALI NUSRA;FLORES;MMR;AOi42612310211098674877c0;0;Anomaly;
202603;AREA 3;JATIM;SURABAYA;PME;AOi42601060802215055867c0;0;Anomaly;
202603;AREA 3;JATIM;SURABAYA;PME;AOi4260117070431991f0f650;0;Anomaly;
202603;AREA 3;JATIM;MALANG;DNO;AOi42601260237478231c20e0;0;Anomaly;
202603;AREA 3;JATIM;MALANG;DNO;AOi126010808273090325afa0;0;Anomaly;
202603;AREA 3;JATIM;MALANG;DNO;AOi42601260237478231c20e0;0;Comply;0,04
202603;AREA 3;BALI NUSRA;KUPANG;KPN;AOi4260115023900645443060;0;Anomaly;
202603;AREA 3;BALI NUSRA;KUPANG;KPN;AOi4260125065214726adcfc0;0;Anomaly;
202603;AREA 3;BALI NUSRA;KUPANG;KPN;AOi4260117034245581634be0;0;Anomaly;
202603;AREA 3;JATENG-DIY;SURAKARTA;SKH;AOi4260108091651027d4f2d0;0;Anomaly;
202603;AREA 3;JATENG-DIY;SURAKARTA;SKH;AOi42601070147061916c36f0;0;Comply;-17,35
202603;AREA 3;JATIM;SIDOARJO;MRT;AOi42601151251267936858c0;0;Comply;-19,99
202603;AREA 3;JATIM;SIDOARJO;MRT;AOi4260116074944056a10520;0;Anomaly;
202603;AREA 3;JATENG-DIY;MAGELANG;SWT;AOi4260117022718978053270;0;Comply;-2,61
202603;AREA 3;JATENG-DIY;MAGELANG;SWT;AOi42601191004134251e9760;0;Comply;0,12
202603;AREA 3;JATENG-DIY;MAGELANG;SWT;AOi4260115025756692c869a0;0;Comply;0,99
202603;AREA 3;JATENG-DIY;MAGELANG;SWT;AOi426011205494382139e530;0;Anomaly;
202603;AREA 3;JATIM;MALANG;NGU;AOi426011606522175943d150;0;Comply;-19,59
202603;AREA 3;BALI NUSRA;FLORES;MMR;AOi42601170352096577beeb0;0;Anomaly;
202603;AREA 3;BALI NUSRA;DENPASAR;JBR;AOi1260120081133238ad73b0;0;Anomaly;
202603;AREA 3;BALI NUSRA;DENPASAR;JBR;PDAk4261231114806040712760;0;Anomaly;
202603;AREA 3;BALI NUSRA;MATARAM;MTR;AOi4260130012234658018e00;0;Comply;-121,01
202603;AREA 3;BALI NUSRA;MATARAM;MTR;PDAk4251222120314437f327a0;0;Anomaly;
202603;AREA 3;BALI NUSRA;MATARAM;MTR;AOk426012109440891855b690;0;Anomaly;
202603;AREA 3;BALI NUSRA;MATARAM;MTR;AOi4260119010206725fbe770;0;Comply;-171,61
202603;AREA 3;BALI NUSRA;MATARAM;MTR;AOi42601200253536692f0150;0;Anomaly;
202603;AREA 3;JATIM;SURABAYA;BKL;AOi42601220642301447b28b0;0;Anomaly;
202603;AREA 3;JATIM;SURABAYA;BKL;AOs3260102084022336efbaa0;0;Anomaly;
202603;AREA 3;JATIM;SURABAYA;BKL;AOi42601260926067418b5ac0;0;Anomaly;
202603;AREA 3;JATIM;SURABAYA;BKL;AOi4260111044116460041ed0;0;Anomaly;
202603;AREA 3;JATIM;SURABAYA;BKL;AOi426010507030171275dd30;0;Anomaly;
202603;AREA 3;JATIM;SURABAYA;BKL;AOi4260123031806844272410;0;Anomaly;
202603;AREA 3;JATIM;SURABAYA;BKL;AOi42601131131128769412c0;0;Anomaly;
202603;AREA 3;JATIM;SURABAYA;BKL;AOi4260110074820901713690;0;Anomaly;
202603;AREA 3;BALI NUSRA;MATARAM;MTR;AOi4260102105718283079a70;0;Anomaly;
202603;AREA 3;BALI NUSRA;MATARAM;MTR;AOi42601051014253485a64c0;0;Anomaly;
202603;AREA 3;BALI NUSRA;MATARAM;MTR;AOi42601050911282414860a0;0;Anomaly;
202603;AREA 3;BALI NUSRA;MATARAM;MTR;AOi4260120091330030210a80;0;Anomaly;
202603;AREA 3;JATENG-DIY;SEMARANG;JPR;AOi4260114091640014f42a50;0;Anomaly;
202603;AREA 3;JATENG-DIY;SEMARANG;JPR;AOi4260114091640014f42a50;0;Anomaly;
202603;AREA 3;JATIM;LAMONGAN;JTR;AOi4260125092915978fbc710;0;Anomaly;
202603;AREA 3;JATENG-DIY;PEKALONGAN;BDY;AOi4260114113813157859a00;0;Anomaly;
202603;AREA 3;JATIM;SURABAYA;BKL;AOi426011105410776539f360;0;Anomaly;
202603;AREA 3;BALI NUSRA;KUPANG;KPN;AOi4260112114420606a35890;0;Anomaly;
202603;AREA 3;BALI NUSRA;KUPANG;KPN;AOi4260107092611870141c90;0;Anomaly;
202603;AREA 3;JATIM;MALANG;BLB;AOi4260122040525799031da0;0;Anomaly;
202603;AREA 3;JATIM;MALANG;BLB;AOi4260108043511732dad6c0;0;Anomaly;
202603;AREA 3;JATIM;MALANG;BLB;AOk4260102022758442ca4640;0;Anomaly;
202603;AREA 3;JATIM;MALANG;BLB;AOi42601211117319546cb660;0;Anomaly;
202603;AREA 3;JATIM;MALANG;BLB;AOi4260121055722216affbc0;0;Comply;-20,19
202603;AREA 3;JATENG-DIY;PURWOKERTO;SDJ;AOi4260110102233218e67e80;0;Anomaly;
202603;AREA 3;JATENG-DIY;PURWOKERTO;SDJ;AOi4261231102416953dcd7b0;0;Anomaly;
202603;AREA 3;BALI NUSRA;DENPASAR;MMN;AOi426010409124775414ee40;0;Anomaly;
202603;AREA 3;BALI NUSRA;DENPASAR;MMN;AOi4260117092331800fa4630;0;Anomaly;
202603;AREA 3;BALI NUSRA;DENPASAR;MMN;AOi4260106120330111606a10;0;Anomaly;
202603;AREA 3;JATENG-DIY;MAGELANG;MTY;AOi42601100705274809364d0;0;Anomaly;
202603;AREA 3;JATENG-DIY;MAGELANG;MTY;AOi4260106072717748259ac0;0;Anomaly;
202603;AREA 3;JATENG-DIY;MAGELANG;MTY;AOi42601090659318794a44c0;0;Anomaly;
202603;AREA 3;JATIM;MALANG;BLB;AOi4260122055108765f85500;0;Comply;-3,59
202603;AREA 3;JATIM;MALANG;BLB;AOi4260131110805137d83e10;0;Anomaly;
202603;AREA 3;JATIM;SIDOARJO;MRT;AOi42601190124122701c0650;0;Comply;-11,98
202603;AREA 3;JATIM;SIDOARJO;MRT;AOi4260116074944056a10520;0;Comply;-2,56
202603;AREA 3;JATIM;SIDOARJO;MRT;AOi4260116074944056a10520;0;Anomaly;
202603;AREA 3;JATIM;SIDOARJO;MRT;AOi42601280851412602ae470;0;Anomaly;
202603;AREA 3;JATIM;SIDOARJO;MRT;AOi4260127083136000d1a0e0;0;Anomaly;
202603;AREA 3;JATENG-DIY;MAGELANG;MUN;AOi4260120102218781b22ef0;0;Anomaly;
202603;AREA 3;JATENG-DIY;SURAKARTA;KRT;AOi4260103101424687b94ef0;0;Anomaly;
202603;AREA 3;JATENG-DIY;SURAKARTA;KRT;AOi4260130013445466e23390;0;Anomaly;
202603;AREA 3;JATENG-DIY;SURAKARTA;KRT;AOi4261231012336848ca3a90;0;Anomaly;
202603;AREA 3;JATENG-DIY;SURAKARTA;KRT;AOi4260104100912007f5ed30;0;Anomaly;
202603;AREA 3;JATENG-DIY;SURAKARTA;KRT;AOi42601151022387875eec40;0;Anomaly;
202603;AREA 3;JATENG-DIY;MAGELANG;SWT;AOi4260108074558597000780;0;Anomaly;
202603;AREA 3;JATENG-DIY;MAGELANG;SWT;AOi4260106124639825e127f0;0;Anomaly;
202603;AREA 3;JATIM;SIDOARJO;SDA;AOi426012403343546193db60;0;Anomaly;
202603;AREA 3;JATIM;SIDOARJO;SDA;AOi426012809281283438c5f0;0;Anomaly;
202603;AREA 3;JATIM;SIDOARJO;SDA;AOi42601250327539127ffa10;0;Anomaly;
202603;AREA 3;JATIM;SIDOARJO;SDA;AOi42601110901176895a4e30;0;Anomaly;
202603;AREA 3;JATIM;SIDOARJO;SDA;AOi42601261009163280c7560;0;Anomaly;
202603;AREA 3;JATIM;SIDOARJO;SDA;AOi4261231014632141587d20;0;Anomaly;
202603;AREA 3;JATIM;SIDOARJO;SDA;AOs326011612570007298b140;0;Anomaly;
202603;AREA 3;JATIM;SIDOARJO;SDA;AOi4260113054328663c300f0;0;Anomaly;
202603;AREA 3;JATIM;SIDOARJO;SDA;AOi42601010755411752a79c0;0;Anomaly;
202603;AREA 3;JATENG-DIY;MAGELANG;MUN;AOi4260120102218781b22ef0;0;Anomaly;
202603;AREA 3;JATENG-DIY;MAGELANG;MUN;AOk4260109025007919337eb0;0;Comply;-0,15
202603;AREA 3;JATENG-DIY;MAGELANG;MUN;AOi4260109111805559011060;0;Comply;-0,96
202603;AREA 3;JATIM;SIDOARJO;NGI;AOi426011401062051226ea80;0;Anomaly;
202603;AREA 3;JATIM;LAMONGAN;BJN;AOi426010301325415890f250;0;Anomaly;
202603;AREA 3;JATIM;LAMONGAN;BJN;AOi4260119093322888916be0;0;Anomaly;
202603;AREA 3;JATIM;SURABAYA;SPG;AOi42601061039308408af940;0;Anomaly;
202603;AREA 3;JATENG-DIY;SURAKARTA;PEN;AOi4260111122809673622c80;0;Comply;-0,98
202603;AREA 3;JATIM;SURABAYA;KPS;AOi426010602044685987bb30;0;Anomaly;
202603;AREA 3;JATIM;SURABAYA;KPS;AOi42601140923078555951b0;0;Comply;-19,04
202603;AREA 3;JATIM;SURABAYA;KPS;AOi426123109174705037b990;0;Comply;-4,57
202603;AREA 3;JATIM;SURABAYA;KPS;PDAk4260105021711994c43960;0;Anomaly;
202603;AREA 3;JATIM;SURABAYA;BKL;AOi426011910105958001ce00;0;Anomaly;
202603;AREA 3;JATIM;SURABAYA;BKL;AOi426010407375608573f220;0;Anomaly;
202603;AREA 3;JATIM;SURABAYA;JGR;AOi4260119093416967655b90;0;Comply;-22,85
202603;AREA 3;JATIM;SURABAYA;JGR;AOi42601140907360402a4f90;0;Anomaly;
202603;AREA 3;JATENG-DIY;PURWOKERTO;MAN;AOi4260105011752661d267f0;0;Anomaly;
202603;AREA 3;JATIM;LAMONGAN;BJN;AOi4260102101639317a3a990;0;Anomaly;
202603;AREA 3;JATIM;LAMONGAN;BJN;AOi4260129072645518eb7bc0;0;Anomaly;
202603;AREA 3;JATIM;LAMONGAN;BJN;AOi42601050224308723994a0;0;Anomaly;
202603;AREA 3;JATENG-DIY;SURAKARTA;PEN;AOi426010511424667369b260;0;Anomaly;
202603;AREA 3;JATENG-DIY;SURAKARTA;PEN;AOi4260123083951145020b50;0;Anomaly;
202603;AREA 3;JATENG-DIY;SURAKARTA;PEN;AOi4260102122201070714030;0;Anomaly;
202603;AREA 3;BALI NUSRA;DENPASAR;JBR;AOi4260120114756565c965b0;0;Anomaly;
202603;AREA 3;JATIM;SURABAYA;JGR;PDAk4260124085131672e9ae90;0;Anomaly;
202603;AREA 3;JATIM;SURABAYA;JGR;AOi4261231105333439795c20;0;Anomaly;
202603;AREA 3;JATIM;SURABAYA;JGR;AOi426011007083456814a720;0;Comply;-4,96
202603;AREA 3;JATIM;SURABAYA;JGR;AOi426010901160234979d2b0;0;Anomaly;
202603;AREA 3;JATENG-DIY;MAGELANG;GOM;AOi426010904394513345b210;0;Comply;-0,41
202603;AREA 3;JATIM;LAMONGAN;GSK;AOi4260128012640562fef380;0;Anomaly;
202603;AREA 3;JATIM;LAMONGAN;GSK;AOi42601120312302901413e0;0;Anomaly;
202603;AREA 3;JATIM;LAMONGAN;GSK;AOi42601130245059582115b0;0;Anomaly;
202603;AREA 3;BALI NUSRA;DENPASAR;JBR;AOi42601060848207633f0da0;0;Anomaly;
202603;AREA 3;BALI NUSRA;DENPASAR;JBR;AOi42601170959316131fa8f0;0;Anomaly;
202603;AREA 3;BALI NUSRA;DENPASAR;JBR;AOi4260127074437001eb3d70;0;Anomaly;
202603;AREA 3;BALI NUSRA;DENPASAR;JBR;AOi4260127074437001eb3d70;0;Anomaly;
202603;AREA 3;BALI NUSRA;DENPASAR;JBR;AOi4260112062258862fc1a00;0;Anomaly;
202603;AREA 3;JATENG-DIY;MAGELANG;TEM;AOi42601050111554942580a0;0;Anomaly;
202603;AREA 3;JATIM;JEMBER;KRZ;AOi4260113022029567e69580;0;Anomaly;
202603;AREA 3;JATIM;LAMONGAN;MRR;AOk4260113012125681fc3250;0;Comply;-39,17
202603;AREA 3;JATIM;LAMONGAN;MRR;AOi4260120101622127d156b0;0;Anomaly;
202603;AREA 3;JATENG-DIY;PEKALONGAN;TEG;AOi42601080827201848cdcb0;0;Anomaly;
202603;AREA 3;JATENG-DIY;PEKALONGAN;TEG;AOi4260112125025713169d50;0;Anomaly;
202603;AREA 3;JATENG-DIY;PEKALONGAN;TEG;AOi42601310647010002e68e0;0;Anomaly;
202603;AREA 3;JATENG-DIY;MAGELANG;SWT;PDAk426123002395693786deb0;0;Anomaly;
202603;AREA 3;JATENG-DIY;MAGELANG;SWT;PDAk426123002395693786deb0;0;Anomaly;
202603;AREA 3;JATENG-DIY;PEKALONGAN;KDW;AOi426123010141155153ff80;0;Anomaly;
202603;AREA 3;JATENG-DIY;PEKALONGAN;KDW;AOi4260124052035233a4de60;0;Anomaly;
202603;AREA 3;JATENG-DIY;PEKALONGAN;KDW;AOi42601250646041294bb5d0;0;Anomaly;
202603;AREA 3;BALI NUSRA;DENPASAR;SRR;AOi42601110152383348c4950;0;Anomaly;
202603;AREA 3;BALI NUSRA;DENPASAR;SRR;AOi4260112063646359537470;0;Comply;-21,26
202603;AREA 3;BALI NUSRA;DENPASAR;SRR;AOi426011608564420958a2a0;0;Comply;-27,08
202603;AREA 3;BALI NUSRA;DENPASAR;SRR;AOi42601050910350003f1d10;0;Anomaly;
202603;AREA 3;JATIM;SURABAYA;PME;AOi4260102122322225e11ea0;0;Anomaly;
202603;AREA 3;JATIM;SURABAYA;PME;AOi426011209491080902a400;0;Anomaly;
202603;AREA 3;JATENG-DIY;PEKALONGAN;TEG;AOs3260111074540032696150;0;Anomaly;
202603;AREA 3;JATIM;LAMONGAN;GSK;AOi4260114104425754075dd0;0;Anomaly;
202603;AREA 3;JATIM;LAMONGAN;GSK;AOi42601201141076933231b0;0;Comply;-25,40
202603;AREA 3;JATENG-DIY;SURAKARTA;PWB;AOk4260119102553741b6edb0;0;Anomaly;
202603;AREA 3;JATENG-DIY;SURAKARTA;PWB;AOk426012108432530527b330;0;Anomaly;
202603;AREA 3;JATIM;SIDOARJO;SPJ;AOi42601070901357853e07d0;0;Anomaly;
202603;AREA 3;JATENG-DIY;MAGELANG;MUN;AOi42601230709312831a2990;0;Anomaly;
202603;AREA 3;JATENG-DIY;MAGELANG;MUN;AOi4260120102218781b22ef0;0;Anomaly;
202603;AREA 3;JATENG-DIY;MAGELANG;MUN;AOi4260106102644876008bb0;0;Comply;-24,71
202603;AREA 3;JATENG-DIY;MAGELANG;MUN;AOi4260118015621879d19060;0;Comply;0,91
202603;AREA 3;JATENG-DIY;MAGELANG;MUN;AOi4261231071850550fdfa90;0;Anomaly;
202603;AREA 3;JATIM;MADIUN;PAE;AOi42601240239199408181a0;0;Anomaly;
202603;AREA 3;JATIM;SURABAYA;IJK;AOi42601131246586919f4db0;0;Anomaly;
202603;AREA 3;JATIM;SURABAYA;IJK;AOi426012608121846807fd40;0;Comply;-19,68
202603;AREA 3;JATENG-DIY;PURWOKERTO;GML;AOi42612301254065148787a0;0;Anomaly;
202603;AREA 3;JATIM;SIDOARJO;SPJ;AOi4261231041448532f816e0;0;Anomaly;
202603;AREA 3;JATIM;SIDOARJO;SPJ;AOs32601041016115096753a0;0;Comply;-19,87
202603;AREA 3;JATENG-DIY;PEKALONGAN;TEG;AOk4260102103814566964cd0;0;Anomaly;
202603;AREA 3;JATENG-DIY;YOGYAKARTA;KGD;AOi42601121149316272d0490;0;Anomaly;
202603;AREA 3;JATENG-DIY;YOGYAKARTA;KGD;AOi4260103120444497f65d90;0;Anomaly;
202603;AREA 3;JATENG-DIY;YOGYAKARTA;KGD;AOi4260103120444497f65d90;0;Anomaly;
202603;AREA 3;BALI NUSRA;KUPANG;BEN;AOi4260120052852862cb1e50;0;Anomaly;
202603;AREA 3;BALI NUSRA;KUPANG;BEN;AOi426123110165668769dd00;0;Anomaly;
202603;AREA 3;JATENG-DIY;SEMARANG;SMC;AOi426123104354330666aa70;0;Anomaly;
202603;AREA 3;JATENG-DIY;SEMARANG;SMC;AOi4260128034223202ee3b10;0;Anomaly;
202603;AREA 3;JATIM;SURABAYA;PME;AOi4260130093014201b96450;0;Anomaly;
202603;AREA 3;JATIM;SURABAYA;PME;AOi4260117070534866666630;0;Anomaly;
202603;AREA 3;JATIM;SURABAYA;PME;AOi4260120081308064a05990;0;Anomaly;
202603;AREA 3;JATIM;SURABAYA;PME;AOi4260115082656378f6b670;0;Anomaly;
202603;AREA 3;JATIM;SURABAYA;PME;AOi4260121085117037b59aa0;0;Comply;-36,61
202603;AREA 3;JATIM;SURABAYA;PME;AOi426011204330034228cc80;0;Anomaly;
202603;AREA 3;JATIM;SURABAYA;PME;AOi426011204330034228cc80;0;Anomaly;
202603;AREA 3;JATIM;SURABAYA;PME;AOi426010604082655375d650;0;Anomaly;
202603;AREA 3;JATIM;SIDOARJO;SPJ;AOi4260124013312223d6ed80;0;Anomaly;
202603;AREA 3;JATIM;SIDOARJO;SPJ;AOi4260102112958417c58f30;0;Comply;-0,70
202603;AREA 3;JATIM;SIDOARJO;SPJ;AOi4260124013312223d6ed80;0;Anomaly;
202603;AREA 3;JATIM;SIDOARJO;SPJ;AOi4260120083612135c5d630;0;Anomaly;
202603;AREA 3;JATIM;SIDOARJO;SPJ;AOi4260126110509180f91920;0;Anomaly;
202603;AREA 3;JATIM;SIDOARJO;SPJ;PDAk4261231051106965832200;0;Comply;0,04
202603;AREA 3;JATIM;SIDOARJO;SPJ;AOi4260104020811497cb3cf0;0;Anomaly;
202603;AREA 3;JATENG-DIY;SURAKARTA;SLO;AOk42601190902466877d1990;0;Comply;-3,09
202603;AREA 3;BALI NUSRA;KUPANG;WKB;AOi42612290541191333bae50;0;Anomaly;
202603;AREA 3;BALI NUSRA;KUPANG;WKB;AOi42601131252282275cd490;0;Anomaly;
202603;AREA 3;JATENG-DIY;SURAKARTA;GBU;AOi4260117121112684883b90;0;Comply;-14,04
202603;AREA 3;BALI NUSRA;MATARAM;TLW;AOi4260107124741995593b90;0;Anomaly;
202603;AREA 3;BALI NUSRA;FLORES;KLH;AOi42601130458417414fecd0;0;Comply;-26,80
202603;AREA 3;BALI NUSRA;FLORES;KLH;AOi4260108013907113fb6840;0;Anomaly;
202603;AREA 3;JATENG-DIY;SEMARANG;PEC;AOi4260108070447533648a50;0;Anomaly;
202603;AREA 3;JATENG-DIY;SEMARANG;PEC;AOi426010704362971831a2a0;0;Anomaly;
202603;AREA 3;JATIM;SIDOARJO;PSN;AOk4260126102853636574eb0;0;Anomaly;
202603;AREA 3;JATIM;SURABAYA;PME;AOi42601160851157082326c0;0;Anomaly;
202603;AREA 3;JATENG-DIY;PEKALONGAN;BTG;AOi42601030223191385e3140;0;Anomaly;
202603;AREA 3;JATENG-DIY;PEKALONGAN;BTG;AOi4260126112314580346b10;0;Anomaly;
202603;AREA 3;JATENG-DIY;PEKALONGAN;BTG;AOi42601271233010459302d0;0;Anomaly;
202603;AREA 3;JATENG-DIY;PEKALONGAN;BTG;AOi42601290749353267fb060;0;Anomaly;
202603;AREA 3;JATENG-DIY;PEKALONGAN;BTG;AOi426011710104832606fd60;0;Anomaly;
202603;AREA 3;JATENG-DIY;PEKALONGAN;BTG;AOi4261230060624555212ea0;0;Anomaly;
202603;AREA 3;BALI NUSRA;FLORES;RTE;AOi4260116044604004ca7b30;0;Anomaly;
202603;AREA 3;BALI NUSRA;DENPASAR;KLM;AOk42601070251228603b2120;0;Anomaly;
202603;AREA 3;BALI NUSRA;DENPASAR;KLM;AOi42601131110517245bb1b0;0;Anomaly;
202603;AREA 3;BALI NUSRA;DENPASAR;KLM;AOi42601201011208483c6af0;0;Anomaly;
202603;AREA 3;BALI NUSRA;DENPASAR;KLM;AOi4260126033555039adc490;0;Anomaly;
202603;AREA 3;BALI NUSRA;DENPASAR;KLM;AOi42601071105020718a0190;0;Anomaly;
202603;AREA 3;BALI NUSRA;DENPASAR;KLM;AOi4260104064652336059620;0;Anomaly;
202603;AREA 3;BALI NUSRA;DENPASAR;KLM;AOi42601091232302655b8dc0;0;Anomaly;
202603;AREA 3;BALI NUSRA;DENPASAR;KLM;AOi4260118115557046e6d7c0;0;Anomaly;
202603;AREA 3;JATIM;SIDOARJO;PSN;PDAk4261231085959260d89f30;0;Anomaly;
202603;AREA 3;JATIM;SURABAYA;KNN;AOi42601260554549530660e0;0;Anomaly;
202603;AREA 3;BALI NUSRA;FLORES;KLH;AOi4260113020821435118160;0;Anomaly;
202603;AREA 3;BALI NUSRA;MATARAM;PRY;AOi4260110021134796c94d00;0;Anomaly;
202603;AREA 3;JATIM;MALANG;WGI;AOi426011907422319843d380;0;Anomaly;
202603;AREA 3;JATIM;MALANG;WGI;AOi426012112505296591aa60;0;Anomaly;
202603;AREA 3;JATIM;SIDOARJO;WRU;AOi426011008455937154d570;0;Anomaly;
202603;AREA 3;JATIM;SIDOARJO;WRU;AOi426011911532905623f720;0;Anomaly;
202603;AREA 3;BALI NUSRA;DENPASAR;KLM;AOi426010607484408952a8d0;0;Anomaly;
202603;AREA 3;BALI NUSRA;DENPASAR;KLM;AOk426011408265232368d1d0;0;Anomaly;
202603;AREA 3;BALI NUSRA;DENPASAR;KLM;AOi426012602302366914dd70;0;Anomaly;
202603;AREA 3;BALI NUSRA;DENPASAR;KLM;AOi426012909262345844fba0;0;Anomaly;
202603;AREA 3;BALI NUSRA;DENPASAR;KLM;AOi4260120030407012be75b0;0;Anomaly;
202603;AREA 3;BALI NUSRA;DENPASAR;KLM;PDAk4251227082606358dfd840;0;Anomaly;
202603;AREA 3;BALI NUSRA;DENPASAR;KLM;AOi42601180929519238c3170;0;Anomaly;
202603;AREA 3;BALI NUSRA;DENPASAR;KLM;AOi426011603085606124c440;0;Anomaly;
202603;AREA 3;BALI NUSRA;DENPASAR;KLM;AOi42512270159185618d94f0;0;Anomaly;
202603;AREA 3;BALI NUSRA;DENPASAR;KLM;AOi42601221011046300fa490;0;Anomaly;
202603;AREA 3;JATIM;LAMONGAN;LMG;AOi4260105120359168ece780;0;Anomaly;
202603;AREA 3;BALI NUSRA;FLORES;BJW;AOk426011209545828917b340;0;Anomaly;
202603;AREA 3;JATENG-DIY;YOGYAKARTA;KLS;PDAk426123106592689434f8a0;0;Anomaly;
202603;AREA 3;JATIM;SURABAYA;BKL;AOi42601060452247801c9e40;0;Anomaly;
202603;AREA 3;JATIM;SURABAYA;BKL;AOi4260114063047092d5cea0;0;Anomaly;
202603;AREA 3;JATIM;SURABAYA;BKL;AOi426010407375608573f220;0;Anomaly;
202603;AREA 3;JATIM;SIDOARJO;WRU;AOi4260130100442753b30b20;0;Comply;-2,97
202603;AREA 3;JATIM;SIDOARJO;WRU;AOi12601041021527547abe00;0;Anomaly;
202603;AREA 3;JATIM;SIDOARJO;WRU;AOi4260128125104773857310;0;Anomaly;
202603;AREA 3;JATENG-DIY;SEMARANG;KUD;AOi4261231101102746efb6c0;0;Anomaly;
202603;AREA 3;BALI NUSRA;DENPASAR;SMA;AOi426012208241312135d700;0;Comply;-2,40
202603;AREA 3;JATENG-DIY;SURAKARTA;BLO;AOi4260120053721805419cd0;0;Anomaly;
202603;AREA 3;JATENG-DIY;SURAKARTA;BLO;AOk4260112094933487044a90;0;Anomaly;
202603;AREA 3;JATIM;LAMONGAN;BBE;AOi4260118013718578d13ea0;0;Anomaly;
202603;AREA 3;JATIM;LAMONGAN;BBE;AOk42601280318209602eb3b0;0;Comply;-1,59
202603;AREA 3;JATIM;LAMONGAN;BBE;AOi4260110091625389de0600;0;Anomaly;
202603;AREA 3;JATENG-DIY;PURWOKERTO;PWT;AOi426010502342686450c470;0;Anomaly;
202603;AREA 3;JATENG-DIY;PURWOKERTO;PWT;AOk426012111291669980e810;0;Anomaly;
202603;AREA 3;JATENG-DIY;MAGELANG;KBM;AOi12601170216101943f5c40;0;Anomaly;
202603;AREA 3;JATIM;MALANG;NTG;AOi4260127042721161306210;0;Comply;-2,86
202603;AREA 3;BALI NUSRA;MATARAM;SBW;AOi42601010802223341025b0;0;Comply;-66,10
202603;AREA 3;BALI NUSRA;MATARAM;SBW;AOi42601071100035570e5d10;0;Comply;-93,65
202603;AREA 3;BALI NUSRA;FLORES;LRT;AOi4260111123903353862580;0;Anomaly;
202603;AREA 3;JATENG-DIY;SURAKARTA;SKH;AOi426012404364913165cab0;0;Anomaly;
202603;AREA 3;JATIM;SIDOARJO;MRT;AOi426010902185000785b8c0;0;Anomaly;
202603;AREA 3;JATIM;SIDOARJO;MRT;AOi42601151251267936858c0;0;Anomaly;
202603;AREA 3;JATENG-DIY;MAGELANG;MUN;AOi4260123073742097e505e0;0;Anomaly;
202603;AREA 3;JATENG-DIY;MAGELANG;MUN;AOi4260118015621879d19060;0;Anomaly;
202603;AREA 3;JATENG-DIY;MAGELANG;MUN;AOi4260120102218781b22ef0;0;Anomaly;
202603;AREA 3;JATENG-DIY;MAGELANG;MUN;AOi4260101094007099d85700;0;Anomaly;
202603;AREA 3;JATENG-DIY;MAGELANG;MUN;AOi4260120102218781b22ef0;0;Anomaly;
202603;AREA 3;JATIM;SURABAYA;BKL;AOi4260111044116460041ed0;0;Anomaly;
202603;AREA 3;JATIM;SURABAYA;BKL;AOi426011707093351585b790;0;Anomaly;
202603;AREA 3;JATIM;SURABAYA;BKL;AOi4260120070118157a9fa00;0;Anomaly;
202603;AREA 3;JATIM;SURABAYA;BKL;AOi4260122075308440632320;0;Anomaly;
202603;AREA 3;JATIM;SURABAYA;BKL;AOi42601120519068031a2580;0;Anomaly;
202603;AREA 3;JATIM;SURABAYA;BKL;AOi4260104075240278c1fac0;0;Anomaly;
202603;AREA 3;JATIM;SURABAYA;BKL;AOi4260121092004660bade00;0;Anomaly;
202603;AREA 3;BALI NUSRA;MATARAM;SBW;AOi4260124083005700c04020;0;Anomaly;
202603;AREA 3;BALI NUSRA;MATARAM;SBW;AOi42601160404250191a7c30;0;Comply;-3,15
202603;AREA 3;BALI NUSRA;MATARAM;SBW;AOi4260105065411249aff260;0;Anomaly;
202603;AREA 3;BALI NUSRA;MATARAM;SBW;AOi4260107022815994dae730;0;Comply;-117,99
202603;AREA 3;BALI NUSRA;MATARAM;SBW;AOi42601070104168492f3c30;0;Comply;-94,05
202603;AREA 3;BALI NUSRA;MATARAM;SBW;AOi4260121094543619e2a970;0;Anomaly;
202603;AREA 3;JATENG-DIY;YOGYAKARTA;BBS;AOi4260111063405813e53300;0;Anomaly;
202603;AREA 3;JATENG-DIY;SEMARANG;JPR;AOi42601190844019864ce720;0;Comply;-14,70
202603;AREA 3;JATIM;SURABAYA;BKL;AOi4260104075240278c1fac0;0;Anomaly;
202603;AREA 3;JATIM;SURABAYA;BKL;AOi42601151037083334300c0;0;Anomaly;
202603;AREA 3;BALI NUSRA;FLORES;LRT;AOi42601261031299690abf40;0;Comply;-70,33
202603;AREA 3;BALI NUSRA;MATARAM;SBW;AOi42601190144253895829b0;0;Anomaly;
202603;AREA 3;BALI NUSRA;MATARAM;SBW;AOi4260108064049309f15c10;0;Anomaly;
202603;AREA 3;BALI NUSRA;MATARAM;SBW;AOi4260107080244093905c60;0;Anomaly;
202603;AREA 3;BALI NUSRA;KUPANG;ATB;AOi4260112095642320c89510;0;Anomaly;
202603;AREA 3;BALI NUSRA;KUPANG;ATB;AOi426011901330810728f200;0;Anomaly;
202603;AREA 3;JATENG-DIY;SEMARANG;JPR;AOi4260115100957706c14810;0;Anomaly;
202603;AREA 3;JATIM;JEMBER;KBS;AOk426010212110573015c0d0;0;Anomaly;
202603;AREA 3;JATIM;LAMONGAN;JTR;AOi4260125092915978fbc710;0;Anomaly;
202603;AREA 3;JATIM;LAMONGAN;JTR;AOi4260108025043134fe41e0;0;Comply;-18,44
202603;AREA 3;JATIM;LAMONGAN;JTR;AOi42601200926357830b9010;0;Anomaly;
202603;AREA 3;JATENG-DIY;PEKALONGAN;BDY;AOi4260101021247990815290;0;Anomaly;
202603;AREA 3;JATENG-DIY;PEKALONGAN;BDY;AOi4260119115330723dbb080;0;Anomaly;
202603;AREA 3;JATENG-DIY;SEMARANG;MJP;AOk426011511411308811c570;0;Anomaly;
202603;AREA 3;JATENG-DIY;SEMARANG;MJP;AOi4260112120107786e958e0;0;Anomaly;
202603;AREA 3;JATENG-DIY;SEMARANG;MJP;AOs3260121113755166882c90;0;Anomaly;
202603;AREA 3;JATENG-DIY;SURAKARTA;SRG;AOi4261231052049490796200;0;Comply;-22,04
202603;AREA 3;JATENG-DIY;SURAKARTA;SRG;AOi4261231052049490796200;0;Anomaly;
202603;AREA 3;JATIM;SIDOARJO;GDW;AOi42601071254040929bfcf0;0;Comply;0,36
202603;AREA 3;JATIM;SURABAYA;ARB;AOi4260107065247887642fd0;0;Anomaly;
202603;AREA 3;JATIM;SURABAYA;ARB;AOi1251218042616606446050;0;Anomaly;
202603;AREA 3;JATIM;JEMBER;PTN;AOi4260109095546073d8c820;0;Comply;-15,35
202603;AREA 3;JATIM;MALANG;SGS;AOi4260116102738363683e70;0;Comply;-22,82
202603;AREA 3;BALI NUSRA;KUPANG;ATB;AOi4260117080121750598ca0;0;Anomaly;
202603;AREA 3;BALI NUSRA;KUPANG;ATB;AOi42601170227574364fed50;0;Anomaly;
202603;AREA 3;BALI NUSRA;KUPANG;ATB;AOi4260119104158390e0da30;0;Anomaly;
202603;AREA 3;JATENG-DIY;SURAKARTA;SOP;AOi42601170650162840029c0;0;Comply;-97,97
202603;AREA 3;JATENG-DIY;SURAKARTA;SOP;AOi42601150906315014e80a0;0;Comply;-75,12
202603;AREA 3;JATENG-DIY;PEKALONGAN;BRB;AOi4260116010450650b94830;0;Anomaly;
202603;AREA 3;JATENG-DIY;MAGELANG;GOM;AOi42601191205293143deb30;0;Anomaly;
202603;AREA 3;JATENG-DIY;MAGELANG;GOM;AOi42601200906360742c5260;0;Anomaly;
202603;AREA 3;JATENG-DIY;MAGELANG;GOM;AOi4260118072746256f111b0;0;Anomaly;
202603;AREA 3;JATENG-DIY;MAGELANG;GOM;AOi4261231092516178919330;0;Anomaly;
202603;AREA 3;JATIM;MALANG;BLR;AOs326123107144772807b6a0;0;Anomaly;
202603;AREA 3;JATIM;LAMONGAN;GSK;AOi4260120045558580b03c10;0;Anomaly;
202603;AREA 3;JATENG-DIY;SURAKARTA;BLO;AOk42601020948068134aa000;0;Comply;0,25
202603;AREA 3;JATENG-DIY;PURWOKERTO;PWT;AOi4260122042332289cd6780;0;Anomaly;
202603;AREA 3;JATENG-DIY;PURWOKERTO;PWT;AOi426011505054307879b6a0;0;Anomaly;
202603;AREA 3;JATENG-DIY;PURWOKERTO;PWT;AOi42601160836208640b7540;0;Anomaly;
202603;AREA 3;JATENG-DIY;PURWOKERTO;PWT;AOi426123103075650096e470;0;Anomaly;
202603;AREA 3;BALI NUSRA;DENPASAR;SAU;AOk42601091030294072f9fe0;0;Anomaly;
202603;AREA 3;JATENG-DIY;SEMARANG;BOJ;AOi4260102054909999fc6b80;0;Anomaly;
202603;AREA 3;JATIM;LAMONGAN;DDS;AOk42601140334183025b42b0;0;Anomaly;
202603;AREA 3;JATIM;MALANG;KLJ;AOs32601040705302693fde00;0;Anomaly;
202603;AREA 3;JATIM;MALANG;KLJ;AOk4260110122419274c7be80;0;Anomaly;
202603;AREA 3;JATIM;MALANG;KLJ;AOs32601170859323466a2400;0;Anomaly;
202603;AREA 3;JATIM;MALANG;PKS;AOi4260106032258850c73f30;0;Comply;-0,71
202603;AREA 3;JATENG-DIY;SEMARANG;MJP;AOi42601101000230912cca10;0;Anomaly;
202603;AREA 3;JATIM;MADIUN;PON;AOi4260106071908587a19e40;0;Anomaly;
202603;AREA 3;JATENG-DIY;PURWOKERTO;PWT;AOi4261229125006056ed62e0;0;Anomaly;
202603;AREA 3;JATENG-DIY;PURWOKERTO;PWT;AOk4261231120115889aefbc0;0;Anomaly;
202603;AREA 3;JATENG-DIY;SURAKARTA;SLO;AOi42601071231357660f9ca0;0;Anomaly;
202603;AREA 3;BALI NUSRA;KUPANG;WKB;AOi4260112105923008873b10;0;Anomaly;
202603;AREA 3;BALI NUSRA;MATARAM;TLW;AOk426010608121436518a5f0;0;Anomaly;
202603;AREA 3;BALI NUSRA;MATARAM;TLW;AOi42601170159437250bb330;0;Anomaly;
202603;AREA 3;BALI NUSRA;FLORES;KLH;AOk42601060855458165afd50;0;Comply;-168,71
202603;AREA 3;BALI NUSRA;FLORES;KLH;AOi4260112120226786c3b5c0;0;Comply;-72,28
202603;AREA 3;BALI NUSRA;FLORES;KLH;AOi4260109014010756fdf750;0;Anomaly;
202603;AREA 3;JATIM;MADIUN;PON;AOi4260116082239688fa4400;0;Anomaly;
202603;AREA 3;JATIM;MADIUN;PON;AOi42601200656059595ba410;0;Comply;-0,26
202603;AREA 3;JATENG-DIY;PEKALONGAN;KJE;AOi426010611331656495ed70;0;Anomaly;
202603;AREA 3;BALI NUSRA;FLORES;LBO;AOi4260108082501170685ba0;0;Anomaly;
202603;AREA 3;BALI NUSRA;FLORES;LBO;AOi1260112102200885038450;0;Anomaly;
202603;AREA 3;BALI NUSRA;FLORES;LBO;AOi4260127124533111363ee0;0;Comply;-48,66
202603;AREA 3;BALI NUSRA;FLORES;LBO;AOs326012603423117238de80;0;Comply;-76,37
202603;AREA 3;JATIM;SIDOARJO;SDN;AOk42601051011531798c8b10;0;Comply;-37,42
202603;AREA 3;JATENG-DIY;PEKALONGAN;PKL;AOi42601091143464285018f0;0;Anomaly;
202603;AREA 3;JATENG-DIY;PEKALONGAN;SBA;AOi42601090651378070dc440;0;Anomaly;
202603;AREA 3;JATENG-DIY;PEKALONGAN;SBA;AOi426010712375866791f670;0;Anomaly;
202603;AREA 3;BALI NUSRA;KUPANG;TNA;AOi426012601585691793d2d0;0;Anomaly;
202603;AREA 3;BALI NUSRA;KUPANG;TNA;AOi42601150239033808b6e60;0;Anomaly;
202603;AREA 3;BALI NUSRA;KUPANG;TNA;AOi4260115105804772fd0a70;0;Anomaly;
202603;AREA 3;BALI NUSRA;MATARAM;SEL;AOi4260109044040814f675b0;0;Anomaly;
202603;AREA 3;BALI NUSRA;MATARAM;SEL;AOi42601241045269799ffe50;0;Anomaly;
202603;AREA 3;JATENG-DIY;PEKALONGAN;PML;AOi426010911202010768c1a0;0;Anomaly;
202603;AREA 3;JATENG-DIY;PEKALONGAN;PML;AOi4260125051007717a48a20;0;Anomaly;
202603;AREA 3;JATENG-DIY;PEKALONGAN;PKL;AOi4260125045731723d46a30;0;Comply;-20,30
202603;AREA 3;JATENG-DIY;PEKALONGAN;PKL;AOi4260123084205784ccc5b0;0;Comply;-5,08
202603;AREA 3;JATENG-DIY;PEKALONGAN;PKL;AOi4260110035332537bf7800;0;Comply;-21,91
202603;AREA 3;JATIM;SURABAYA;RKT;AOi42601230636277699a1740;0;Anomaly;
202603;AREA 3;JATIM;SURABAYA;RKT;AOi42601120854177955f2e70;0;Comply;-3,04
202603;AREA 3;JATIM;SURABAYA;RKT;AOi42601190749319878e4fe0;0;Anomaly;
202603;AREA 3;JATIM;SURABAYA;RKT;AOi42601200956153677f6fe0;0;Comply;0,57
202603;AREA 3;JATIM;MALANG;KPO;AOi4260103072136389689ad0;0;Anomaly;
202603;AREA 3;JATENG-DIY;PEKALONGAN;BRB;AOi4260102090205194545f60;0;Anomaly;
202603;AREA 3;JATENG-DIY;SEMARANG;KUD;AOi4260112032133935d79210;0;Comply;-24,38
202603;AREA 3;JATENG-DIY;SEMARANG;KUD;AOi426012102061224333f770;0;Anomaly;
202603;AREA 3;JATENG-DIY;SEMARANG;KUD;AOi4260102043328125e5c240;0;Anomaly;
202603;AREA 3;JATENG-DIY;SEMARANG;KUD;AOi42601040330110458d7820;0;Anomaly;
202603;AREA 3;BALI NUSRA;DENPASAR;SMA;AOi12601041122598023664a0;0;Anomaly;
202603;AREA 3;BALI NUSRA;DENPASAR;SMA;AOi4260114031018103bb39c0;0;Anomaly;
202603;AREA 3;JATENG-DIY;SURAKARTA;MSO;AOi42612300521538642d7050;0;Anomaly;
202603;AREA 3;JATIM;SURABAYA;KLN;AOi42601160124208320f6fe0;0;Anomaly;
202603;AREA 3;JATIM;SURABAYA;TNS;AOi4260107015212078aa8640;0;Anomaly;
202603;AREA 3;JATIM;MADIUN;PNZ;AOi42601230911239336155e0;0;Anomaly;
202603;AREA 3;JATENG-DIY;YOGYAKARTA;KEN;AOi42601241234351149a1390;0;Anomaly;
202603;AREA 3;JATENG-DIY;YOGYAKARTA;KEN;AOi42601221143092150879f0;0;Anomaly;
202603;AREA 3;JATENG-DIY;YOGYAKARTA;KEN;AOi4260107044326066117030;0;Anomaly;
202603;AREA 3;JATENG-DIY;YOGYAKARTA;KEN;AOi4260123075250540e5ab80;0;Anomaly;
202603;AREA 3;JATENG-DIY;YOGYAKARTA;KEN;AOi4260105063255786fc0650;0;Anomaly;
202603;AREA 3;JATENG-DIY;YOGYAKARTA;KEN;AOi4260115030951412e05780;0;Anomaly;
202603;AREA 3;JATENG-DIY;PURWOKERTO;CLC;AOi426010606431478688e1f0;0;Anomaly;
202603;AREA 3;JATENG-DIY;SEMARANG;MJP;AOi42601210753407923570a0;0;Anomaly;
202603;AREA 3;JATENG-DIY;SEMARANG;MJP;AOi4261229110138128d92360;0;Anomaly;
202603;AREA 3;JATENG-DIY;SEMARANG;MJP;AOi4260127031017052a67d60;0;Anomaly;
202603;AREA 3;JATENG-DIY;SURAKARTA;SRG;AOi4261231113816057cb15e0;0;Anomaly;
202603;AREA 3;JATENG-DIY;SURAKARTA;SRG;AOi4260104070900454070e20;0;Anomaly;
202603;AREA 3;BALI NUSRA;DENPASAR;GIN;AOi426010208342056408ca50;0;Anomaly;
202603;AREA 3;BALI NUSRA;DENPASAR;GIN;AOi42601200836356437cd5a0;0;Anomaly;
202603;AREA 3;BALI NUSRA;DENPASAR;GIN;AOi4260128081758631aedcd0;0;Anomaly;
202603;AREA 3;BALI NUSRA;DENPASAR;GIN;AOi42601200836356437cd5a0;0;Anomaly;
202603;AREA 3;BALI NUSRA;DENPASAR;GIN;AOi4260124035706627280cc0;0;Anomaly;
202603;AREA 3;BALI NUSRA;DENPASAR;GIN;AOi42601170850543875002c0;0;Anomaly;
202603;AREA 3;JATIM;SURABAYA;OMB;AOi4260115072216831077950;0;Anomaly;
202603;AREA 3;JATIM;SURABAYA;OMB;AOi4260127072912006cb2040;0;Anomaly;
202603;AREA 3;JATIM;SURABAYA;OMB;AOi426012306320268767c1d0;0;Anomaly;
202603;AREA 3;JATENG-DIY;MAGELANG;KAK;AOi4260122104807921b4f1a0;0;Anomaly;
202603;AREA 3;JATENG-DIY;YOGYAKARTA;KEN;AOi1260112072119602697500;0;Comply;-14,40
202603;AREA 3;JATENG-DIY;SURAKARTA;BKG;AOi4261231010249766217f70;0;Comply;2,08
202603;AREA 3;JATENG-DIY;SURAKARTA;BKG;AOi426012607371755166e7d0;0;Comply;1,95
202603;AREA 3;BALI NUSRA;FLORES;MMR;AOi42601050303248382777f0;0;Anomaly;
202603;AREA 3;BALI NUSRA;FLORES;MMR;AOi426010606003811643ad00;0;Anomaly;
202603;AREA 3;JATENG-DIY;MAGELANG;TEM;AOi426010605204156572b2c0;0;Anomaly;
202603;AREA 3;JATENG-DIY;MAGELANG;TEM;AOi42601121204355134d9920;0;Anomaly;
202603;AREA 3;JATENG-DIY;MAGELANG;TEM;AOi42601210124364214d58a0;0;Anomaly;
202603;AREA 3;JATENG-DIY;MAGELANG;TEM;AOi42601271253370745bfab0;0;Comply;-3,18
202603;AREA 3;JATENG-DIY;MAGELANG;TEM;AOi4260110085729119fb38d0;0;Comply;-27,39
202603;AREA 3;JATIM;SURABAYA;KJR;AOi4260122064443940c7ea00;0;Anomaly;
202603;AREA 3;JATIM;SURABAYA;KJR;AOi4260118063902068e545c0;0;Anomaly;
202603;AREA 3;JATENG-DIY;PEKALONGAN;PBG;AOi4260122115406855d54ca0;0;Anomaly;
202603;AREA 3;BALI NUSRA;DENPASAR;SGR;AOi4260106061504454c64da0;0;Anomaly;
202603;AREA 3;BALI NUSRA;MATARAM;MTR;AOi4260109082542068db50d0;0;Anomaly;
202603;AREA 3;BALI NUSRA;MATARAM;MTR;AOk4260112075256732201bf0;0;Anomaly;
202603;AREA 3;BALI NUSRA;MATARAM;MTR;AOi426123007294274984f890;0;Anomaly;
202603;AREA 3;JATIM;SURABAYA;KJR;AOi4260119094120585a2a1d0;0;Anomaly;
202603;AREA 3;JATIM;SURABAYA;KJR;AOi4260111090449158809040;0;Anomaly;
202603;AREA 3;BALI NUSRA;DENPASAR;SGR;AOi42601280133401353a59a0;0;Anomaly;
202603;AREA 3;BALI NUSRA;DENPASAR;SGR;AOi426010608130070820b110;0;Anomaly;
202603;AREA 3;JATENG-DIY;SEMARANG;JHR;AOi42601290413220275ead80;0;Anomaly;
202603;AREA 3;JATENG-DIY;SEMARANG;PEC;AOi4260115043947420c470d0;0;Anomaly;
202603;AREA 3;JATIM;SURABAYA;KNN;AOi4260121030821416e9aca0;0;Anomaly;
202603;AREA 3;JATIM;SURABAYA;KNN;AOi426011610234512484e360;0;Anomaly;
202603;AREA 3;JATIM;SURABAYA;KNN;AOs3260112105349744378550;0;Anomaly;
202603;AREA 3;JATIM;SURABAYA;KNN;AOi4260112014229964667b70;0;Anomaly;
202603;AREA 3;JATIM;SURABAYA;KNN;AOi12601131036459998bb870;0;Anomaly;
202603;AREA 3;BALI NUSRA;DENPASAR;SAU;AOi4260109080309304be6f00;0;Anomaly;
202603;AREA 3;BALI NUSRA;DENPASAR;SAU;AOi4260104082309845c7c500;0;Anomaly;
202603;AREA 3;BALI NUSRA;DENPASAR;SAU;AOi4260127104756197d732f0;0;Anomaly;
202603;AREA 3;BALI NUSRA;DENPASAR;SAU;AOi42601101248289576b6ad0;0;Anomaly;
202603;AREA 3;BALI NUSRA;DENPASAR;SAU;AOi42601091010544823e7860;0;Anomaly;
202603;AREA 3;BALI NUSRA;MATARAM;MTR;AOi4260125021728755817210;0;Comply;-171,50
202603;AREA 3;BALI NUSRA;MATARAM;MTR;AOi4260102040559059b06390;0;Anomaly;
202603;AREA 3;BALI NUSRA;MATARAM;MTR;AOi426012208041423826c830;0;Comply;-169,20
202603;AREA 3;BALI NUSRA;MATARAM;MTR;AOi42601300617508528f00c0;0;Anomaly;
202603;AREA 3;BALI NUSRA;DENPASAR;SWI;AOi4260105080205809337b60;0;Anomaly;
202603;AREA 3;BALI NUSRA;MATARAM;MBG;AOi12601180321547132d7070;0;Anomaly;
202603;AREA 3;JATENG-DIY;SURAKARTA;KRT;AOi4260115125332735742f60;0;Anomaly;
202603;AREA 3;JATENG-DIY;SURAKARTA;KRT;AOi426123001331047118ac30;0;Comply;-22,19
202603;AREA 3;JATENG-DIY;PEKALONGAN;PKL;AOi42601110402324621e6bd0;0;Anomaly;
202603;AREA 3;JATENG-DIY;PEKALONGAN;PKL;AOi426011203242804601eb70;0;Anomaly;
202603;AREA 3;JATENG-DIY;PEKALONGAN;PKL;AOi42601221228068832dab90;0;Anomaly;
202603;AREA 3;JATENG-DIY;PEKALONGAN;PKL;AOi42601040206248924ef940;0;Anomaly;
202603;AREA 3;JATENG-DIY;PURWOKERTO;BJR;AOi42601290832248494ae2b0;0;Comply;-15,37
202603;AREA 3;JATENG-DIY;PURWOKERTO;BJR;AOi42601231135210786a5520;0;Anomaly;
202603;AREA 3;JATENG-DIY;PURWOKERTO;BJR;AOi42601240128560095de8a0;0;Anomaly;
202603;AREA 3;JATENG-DIY;PURWOKERTO;BJR;AOi4260129093142602cf3c10;0;Anomaly;
202603;AREA 3;JATENG-DIY;PURWOKERTO;BJR;AOi42601290832248494ae2b0;0;Anomaly;
202603;AREA 3;JATENG-DIY;SURAKARTA;KRT;AOi42601120437335667f7ea0;0;Comply;-2,24
202603;AREA 3;BALI NUSRA;MATARAM;GER;AOi42601140932324059e59a0;0;Comply;-21,35
202603;AREA 3;BALI NUSRA;MATARAM;GER;AOi42601300509285571481d0;0;Anomaly;
202603;AREA 3;JATIM;SIDOARJO;BEJ;AOi4260121020937605922e70;0;Anomaly;
202603;AREA 3;JATENG-DIY;MAGELANG;MGE;AOs3251224020321866285ef0;0;Comply;1,72
202603;AREA 3;JATENG-DIY;MAGELANG;MGE;AOi4260124081119693d91e80;0;Comply;-3,51
202603;AREA 3;JATENG-DIY;MAGELANG;MGE;AOi42601271141392555fc2c0;0;Anomaly;
202603;AREA 3;JATIM;SIDOARJO;MIP;AOi4260130114428754eeac60;0;Anomaly;
202603;AREA 3;JATENG-DIY;PURWOKERTO;KLP;AOi4260127012734613a0b210;0;Anomaly;
202603;AREA 3;JATENG-DIY;PURWOKERTO;KLP;AOi426012011350236806b9a0;0;Comply;-22,54
202603;AREA 3;JATENG-DIY;PURWOKERTO;KLP;AOi42601201200132458ad090;0;Anomaly;
202603;AREA 3;BALI NUSRA;DENPASAR;CDS;AOs3260108082547473baf590;0;Anomaly;
202603;AREA 3;BALI NUSRA;DENPASAR;CDS;AOi4260115125950769ffc4c0;0;Anomaly;
202603;AREA 3;JATIM;SURABAYA;TNS;AOi42601230830148367bee50;0;Anomaly;
202603;AREA 3;JATIM;SURABAYA;TNS;AOi4260101090000958f09ad0;0;Anomaly;
202603;AREA 3;JATENG-DIY;YOGYAKARTA;KEN;AOi4260105125633852771090;0;Anomaly;
202603;AREA 3;JATENG-DIY;YOGYAKARTA;KEN;AOk4260119084314629362d60;0;Anomaly;
202603;AREA 3;JATENG-DIY;PURWOKERTO;BJR;AOi42601281208374383bc0e0;0;Anomaly;
202603;AREA 3;JATENG-DIY;PURWOKERTO;BJR;AOk426010504251700647db40;0;Comply;-96,89
202603;AREA 3;JATENG-DIY;PURWOKERTO;BJR;AOi4260113011916177a8e650;0;Anomaly;
202603;AREA 3;JATIM;MADIUN;NJK;AOi42601060155570808a2130;0;Anomaly;
202603;AREA 3;JATIM;MADIUN;NJK;AOi42601071052164192b2ae0;0;Anomaly;
202603;AREA 3;JATENG-DIY;PURWOKERTO;KLP;AOi42601280601280679dd540;0;Anomaly;
202603;AREA 3;JATENG-DIY;PURWOKERTO;KLP;AOi4260116082614461349650;0;Anomaly;
202603;AREA 3;JATENG-DIY;PURWOKERTO;KLP;AOi42601150848448733d9df0;0;Anomaly;
202603;AREA 3;JATENG-DIY;YOGYAKARTA;KEN;AOs326012610005004818d160;0;Anomaly;
202603;AREA 3;JATENG-DIY;YOGYAKARTA;KEN;AOi4260113043813622117de0;0;Anomaly;
202603;AREA 3;JATENG-DIY;YOGYAKARTA;KEN;AOi42512230200591402ffd30;0;Anomaly;
202603;AREA 3;JATENG-DIY;SEMARANG;GNK;AOi4260124074639951728d40;0;Anomaly;
202603;AREA 3;BALI NUSRA;KUPANG;SOE;AOi426012010301101427cc20;0;Not Comply;6,91
202603;AREA 3;JATENG-DIY;SURAKARTA;BYL;AOi4260103063619409465be0;0;Anomaly;
202603;AREA 3;JATENG-DIY;PURWOKERTO;GML;AOs3260122062303733593960;0;Anomaly;
202603;AREA 3;JATENG-DIY;PURWOKERTO;GML;AOi42601110259146639f0320;0;Anomaly;
202603;AREA 3;BALI NUSRA;DENPASAR;SMA;AOi42512260626347220dfd90;0;Anomaly;
202603;AREA 3;JATIM;SURABAYA;KLN;AOs3260113012905702b8bb00;0;Anomaly;
202603;AREA 3;JATIM;SURABAYA;KBL;AOi42601170123588157fd6b0;0;Anomaly;
202603;AREA 3;JATIM;SIDOARJO;TPO;AOi4260104121123116043490;0;Comply;-0,56
202603;AREA 3;JATIM;SIDOARJO;TPO;AOi4260127120916979f34620;0;Anomaly;
202603;AREA 3;JATENG-DIY;SEMARANG;SSL;AOi12601210811223473f3a50;0;Comply;-20,44
202603;AREA 3;JATENG-DIY;PEKALONGAN;ADW;AOi4261228084601356c1f6c0;0;Anomaly;
202603;AREA 3;JATENG-DIY;PEKALONGAN;ADW;AOi42601190857579137ca5d0;0;Anomaly;
202603;AREA 3;JATENG-DIY;PURWOKERTO;GML;AOk4260109044059294be2100;0;Anomaly;
202603;AREA 3;JATENG-DIY;PURWOKERTO;GML;AOi426010712234631029bb50;0;Anomaly;
202603;AREA 3;JATENG-DIY;PURWOKERTO;GML;AOk42601280221356200dd2d0;0;Anomaly;
202603;AREA 3;JATIM;SURABAYA;MYR;AOi42601130322544660dfa70;0;Anomaly;
202603;AREA 3;JATIM;SURABAYA;MYR;AOi1260122112846870776180;0;Anomaly;
202603;AREA 3;JATIM;LAMONGAN;GSK;AOi4260115110732602178bd0;0;Comply;-45,41
202603;AREA 3;JATIM;LAMONGAN;GSK;AOi4260120101328397cc3400;0;Anomaly;
202603;AREA 3;JATENG-DIY;SURAKARTA;PWB;AOk42601050313392473cbe70;0;Anomaly;
202603;AREA 3;JATIM;SIDOARJO;SPJ;AOi42612311036039076e6080;0;Anomaly;
202603;AREA 3;JATENG-DIY;SURAKARTA;KTO;AOi426122902272137688bbd0;0;Anomaly;
202603;AREA 3;JATENG-DIY;SURAKARTA;KTO;AOi42601190155354500f82e0;0;Anomaly;
202603;AREA 3;JATIM;MADIUN;KDI;AOk4260105124000619776980;0;Anomaly;
202603;AREA 3;JATENG-DIY;YOGYAKARTA;KBU;AOi42601150902514946d31d0;0;Anomaly;
202603;AREA 3;JATENG-DIY;YOGYAKARTA;KBU;AOi4260110085659307595bd0;0;Anomaly;
202603;AREA 3;BALI NUSRA;DENPASAR;KLM;AOi42601300706293517e8ba0;0;Anomaly;
202603;AREA 3;BALI NUSRA;DENPASAR;KLM;AOi4260112074926826acc050;0;Anomaly;
202603;AREA 3;BALI NUSRA;DENPASAR;KLM;AOi4260112074926826acc050;0;Anomaly;
202603;AREA 3;JATENG-DIY;PEKALONGAN;ADW;AOi42601151110015445c5c20;0;Anomaly;
202603;AREA 3;BALI NUSRA;MATARAM;SBW;AOi4260128121328335aabe50;0;Anomaly;
202603;AREA 3;BALI NUSRA;MATARAM;SBW;AOi42601070254528063cc1f0;0;Comply;-89,95
202603;AREA 3;BALI NUSRA;MATARAM;SBW;AOi4260107020344424859d90;0;Comply;-90,03
202603;AREA 3;BALI NUSRA;KUPANG;ATB;AOi4260103090625022c15a20;0;Anomaly;
202603;AREA 3;BALI NUSRA;KUPANG;TNA;AOi426122903220453667a8c0;0;Anomaly;
202603;AREA 3;BALI NUSRA;MATARAM;SEL;AOi4260103034322292665b80;0;Comply;-26,04
202603;AREA 3;BALI NUSRA;MATARAM;SEL;AOi4260123072126851808e40;0;Anomaly;
202603;AREA 3;BALI NUSRA;MATARAM;SEL;AOi42601301017290188d3690;0;Comply;-17,40
202603;AREA 3;BALI NUSRA;DENPASAR;KLM;AOi4260122095404286e5c970;0;Anomaly;
202603;AREA 3;BALI NUSRA;KUPANG;KPN;AOs326012411190037712fb40;0;Anomaly;
202603;AREA 3;BALI NUSRA;KUPANG;KPN;AOi4260106061647627842fb0;0;Anomaly;
202603;AREA 3;BALI NUSRA;KUPANG;KPN;AOi426012011053847030b1a0;0;Anomaly;
202603;AREA 3;BALI NUSRA;KUPANG;KPN;AOi4260123095128268237c10;0;Anomaly;
202603;AREA 3;BALI NUSRA;KUPANG;KPN;AOi4260119113449434281d60;0;Anomaly;
202603;AREA 3;BALI NUSRA;DENPASAR;SMY;AOi4260102013630904a98120;0;Anomaly;
202603;AREA 3;BALI NUSRA;DENPASAR;SMY;AOi4260120083153224d82e80;0;Anomaly;
202603;AREA 3;JATENG-DIY;PEKALONGAN;PML;AOi4260106033220440ada280;0;Anomaly;
202603;AREA 3;JATIM;LAMONGAN;TNZ;AOi4260112122450660362390;0;Comply;-21,71
202603;AREA 3;JATENG-DIY;PEKALONGAN;BTG;AOi4260105011906951114cf0;0;Anomaly;
202603;AREA 3;JATIM;MALANG;BRG;AOi4261231072045481ebbac0;0;Comply;-0,65
202603;AREA 3;JATIM;SURABAYA;MGO;AOi4260127083645832bcdea0;0;Anomaly;
202603;AREA 3;JATIM;SURABAYA;MGO;AOi42612311219575949f9ce0;0;Comply;-21,46
202603;AREA 3;JATIM;SURABAYA;MGO;AOi4260106110931868d3cd60;0;Anomaly;
202603;AREA 3;JATIM;SURABAYA;MGO;AOs3260130100355097f8e7c0;0;Anomaly;
202603;AREA 3;BALI NUSRA;DENPASAR;SMY;AOi4260130044900264e50240;0;Anomaly;
202603;AREA 3;BALI NUSRA;DENPASAR;SMY;AOi426012104255248715ca20;0;Anomaly;
202603;AREA 3;JATENG-DIY;PEKALONGAN;KJE;AOs32601260232201442e92c0;0;Anomaly;
202603;AREA 3;JATENG-DIY;PEKALONGAN;KJE;AOi4260128023918480d1dc40;0;Anomaly;
202603;AREA 3;JATENG-DIY;PEKALONGAN;KJE;AOi4260109011903643eb0310;0;Anomaly;
202603;AREA 3;JATENG-DIY;PURWOKERTO;SUK;AOi4260103090723539fb47d0;0;Anomaly;
202603;AREA 3;JATIM;SIDOARJO;GDA;AOi4260113105214307d7a100;0;Anomaly;
202603;AREA 3;JATENG-DIY;SEMARANG;KDL;AOi4261231112928617a38300;0;Comply;-14,22
202603;AREA 3;JATIM;SURABAYA;MGO;AOi4260104080446334c7d210;0;Anomaly;
202603;AREA 3;JATIM;SURABAYA;MGO;AOi42601151039431507b01c0;0;Anomaly;
202603;AREA 3;JATENG-DIY;MAGELANG;KTA;AOi4260124123925078e98be0;0;Comply;0,72
202603;AREA 3;JATIM;SURABAYA;DMO;AOi4260128093242962cc8130;0;Anomaly;
202603;AREA 3;JATIM;SURABAYA;DMO;AOi4260102035017447e62290;0;Anomaly;
202603;AREA 3;JATIM;SURABAYA;DMO;PDAk426010501290861942a4e0;0;Comply;-18,06
202603;AREA 3;JATIM;SURABAYA;DMO;AOi4260126084704903cdade0;0;Anomaly;
202603;AREA 3;JATIM;SURABAYA;DMO;AOi4260113012231877cb7a60;0;Anomaly;
202603;AREA 3;JATENG-DIY;SEMARANG;KDL;AOi42601121109076171d1750;0;Anomaly;
202603;AREA 3;JATENG-DIY;SEMARANG;KDL;AOi42601200142150375aea40;0;Anomaly;
202603;AREA 3;JATENG-DIY;SEMARANG;KDL;AOk426010812593069358c790;0;Anomaly;
202603;AREA 3;JATENG-DIY;SEMARANG;KDL;AOi42601090656574833f84a0;0;Anomaly;
202603;AREA 3;JATENG-DIY;SEMARANG;KDL;AOi42601050147403011c6a50;0;Comply;-2,66
202603;AREA 3;JATIM;SURABAYA;DMO;AOk426010704380216270d8c0;0;Anomaly;
202603;AREA 3;BALI NUSRA;DENPASAR;SRR;AOi4260103105434006d6b140;0;Anomaly;
202603;AREA 3;BALI NUSRA;MATARAM;DMP;AOi4260126124158369b7d280;0;Anomaly;
202603;AREA 3;BALI NUSRA;MATARAM;DMP;AOi4260124053207200eca310;0;Anomaly;
202603;AREA 3;BALI NUSRA;MATARAM;DMP;AOi426011307550314734ead0;0;Not Comply;5,66
202603;AREA 3;BALI NUSRA;MATARAM;DMP;AOi4261231052225217c07060;0;Anomaly;
202603;AREA 3;BALI NUSRA;MATARAM;DMP;AOi42601230307116788c63c0;0;Anomaly;
202603;AREA 3;BALI NUSRA;MATARAM;DMP;AOi4260126124158369b7d280;0;Anomaly;
202603;AREA 3;BALI NUSRA;MATARAM;DMP;AOi4260128105409550d8f0d0;0;Anomaly;
202603;AREA 3;BALI NUSRA;MATARAM;DMP;AOi42601031232048760ef340;0;Anomaly;
202603;AREA 3;JATENG-DIY;PEKALONGAN;PKL;AOi42601080605423060d2140;0;Anomaly;
202603;AREA 3;JATIM;SURABAYA;DMO;AOi4260105041718767934180;0;Anomaly;
202603;AREA 3;JATIM;SURABAYA;DMO;AOi426010910054143885bd40;0;Anomaly;
202603;AREA 3;JATIM;SURABAYA;DMO;AOi4260125101420718086be0;0;Anomaly;
202603;AREA 3;JATIM;SURABAYA;DMO;AOi4260110081354752cd7ef0;0;Comply;-22,05
202603;AREA 3;JATIM;SIDOARJO;WRU;AOi42601210925483239ae340;0;Anomaly;
202603;AREA 3;JATIM;SIDOARJO;WRU;AOi42601260915080464ebb80;0;Comply;1,67
202603;AREA 3;JATIM;SIDOARJO;WRU;AOi4260121041038463f66f50;0;Anomaly;
202603;AREA 3;JATIM;SIDOARJO;WRU;AOi426013004102582701b9a0;0;Anomaly;
202603;AREA 3;JATENG-DIY;PEKALONGAN;PKL;AOi426012301341213481bdf0;0;Anomaly;
202603;AREA 3;JATIM;SURABAYA;RKT;AOi4260113071200521f2d290;0;Anomaly;
202603;AREA 3;JATIM;SURABAYA;RKT;AOi4260113030236845491940;0;Anomaly;
202603;AREA 3;JATIM;SURABAYA;WRP;AOi4260128035317855204420;0;Anomaly;
202603;AREA 3;JATIM;SURABAYA;WRP;AOi4260122023423335733390;0;Comply;-90,17
202603;AREA 3;JATENG-DIY;SEMARANG;DMA;AOi4260110111322591d617b0;0;Anomaly;
202603;AREA 3;JATENG-DIY;SEMARANG;DMA;AOi1260130110129937a3c480;0;Not Comply;27,79
202603;AREA 3;JATENG-DIY;SEMARANG;DMA;AOi4260119031316722fdfeb0;0;Comply;-2,04
202603;AREA 3;BALI NUSRA;DENPASAR;SAU;AOi4260126064711876179600;0;Anomaly;
202603;AREA 3;JATENG-DIY;SEMARANG;BOJ;AOs32601080536193492bb660;0;Anomaly;
202603;AREA 3;JATENG-DIY;PEKALONGAN;BLU;AOi4260101082939397a48650;0;Anomaly;
202603;AREA 3;JATENG-DIY;PEKALONGAN;BLU;AOi426012409145071184fb50;0;Anomaly;
202603;AREA 3;JATENG-DIY;PEKALONGAN;BLU;AOi42601030134549002843c0;0;Anomaly;
202603;AREA 3;JATIM;SURABAYA;LKI;AOb026010509030066071cbc0;0;Not Comply;3,26
202603;AREA 3;JATENG-DIY;YOGYAKARTA;BTL;AOi42601191115332505cbd30;0;Anomaly;
202603;AREA 3;JATIM;SURABAYA;GBG;AOi426010802115634670e5a0;0;Anomaly;
202603;AREA 3;JATIM;MADIUN;MSP;AOi42612310835451515e14f0;0;Comply;-2,38
202603;AREA 3;JATENG-DIY;YOGYAKARTA;PKM;AOi4260115015315498aafe80;0;Anomaly;
202603;AREA 3;JATIM;SURABAYA;SMP;AOi4260103043358677588330;0;Anomaly;
202603;AREA 3;JATIM;SURABAYA;SMP;AOi4260109111728104333760;0;Anomaly;
202603;AREA 3;JATIM;SURABAYA;SMP;AOi4260113123238835b692f0;0;Anomaly;
202603;AREA 3;JATIM;SIDOARJO;SPJ;AOi12601200355499396f5a60;0;Anomaly;
202603;AREA 3;JATENG-DIY;SURAKARTA;KTO;AOk426010711533469096d9d0;0;Anomaly;
202603;AREA 3;JATIM;MADIUN;KDI;AOi4260117042831410d7e070;0;Comply;-22,22
202603;AREA 3;JATIM;MADIUN;KDI;AOi42601150942429098812b0;0;Comply;-22,01
202603;AREA 3;JATIM;MADIUN;KDI;AOs3261231035119644f38960;0;Anomaly;
202603;AREA 3;JATIM;MADIUN;KDI;AOi4260120044512865a789f0;0;Anomaly;
202603;AREA 3;JATENG-DIY;YOGYAKARTA;KBU;AOk4260121122534389b9f580;0;Anomaly;
202603;AREA 3;JATENG-DIY;YOGYAKARTA;KBU;AOi42601150746549334e3960;0;Anomaly;
202603;AREA 3;JATENG-DIY;YOGYAKARTA;KBU;AOi1260115094702097e85d30;0;Anomaly;
202603;AREA 3;JATIM;SURABAYA;KNN;AOi4261231022842964dd35f0;0;Anomaly;
202603;AREA 3;JATIM;SURABAYA;KNN;AOi42601050317518012ddbb0;0;Anomaly;
202603;AREA 3;JATIM;JEMBER;SIT;AOi42601121100198656eb0d0;0;Anomaly;
202603;AREA 3;BALI NUSRA;MATARAM;MTR;AOi42601211113595428515f0;0;Anomaly;
202603;AREA 3;BALI NUSRA;MATARAM;MTR;AOi426012308495696212b7d0;0;Anomaly;
202603;AREA 3;BALI NUSRA;MATARAM;MTR;AOi4260129112158897e513b0;0;Anomaly;
202603;AREA 3;BALI NUSRA;MATARAM;MTR;AOi4260125020418536639d70;0;Comply;-170,69
202603;AREA 3;JATIM;SURABAYA;ABT;AOk426011303300193844c240;0;Anomaly;
202603;AREA 3;BALI NUSRA;DENPASAR;SWI;AOi4260125085900434118dc0;0;Anomaly;
202603;AREA 3;BALI NUSRA;DENPASAR;SWI;AOi4261228085154852527ef0;0;Anomaly;
202603;AREA 3;BALI NUSRA;DENPASAR;SWI;AOi42601160148149186f13e0;0;Anomaly;
202603;AREA 3;JATIM;SURABAYA;KNN;AOs32601030405471788f5660;0;Anomaly;
202603;AREA 3;JATIM;SURABAYA;KNN;AOi426012310590021395f200;0;Anomaly;
202603;AREA 3;JATENG-DIY;SURAKARTA;CEP;AOi4261230081319184d78b10;0;Anomaly;
202603;AREA 3;JATIM;SIDOARJO;MOJ;AOi42601060335259202c0220;0;Anomaly;
202603;AREA 3;JATIM;MALANG;GDG;AOs3260116071519991f01cb0;0;Anomaly;
202603;AREA 3;JATENG-DIY;PURWOKERTO;KRY;AOi42601121145130236dbe00;0;Anomaly;
202603;AREA 3;JATENG-DIY;PURWOKERTO;KRY;AOi4260112100040964df9090;0;Anomaly;
202603;AREA 3;JATENG-DIY;PURWOKERTO;SUK;AOi4260106040859461ba5620;0;Anomaly;
202603;AREA 3;BALI NUSRA;DENPASAR;SWI;AOi426011010541643099f670;0;Anomaly;
202603;AREA 3;JATENG-DIY;SURAKARTA;KRT;AOi4260115015627248290d70;0;Anomaly;
202603;AREA 3;JATENG-DIY;SURAKARTA;KRT;AOk426011310044039065ce50;0;Anomaly;
202603;AREA 3;JATENG-DIY;SURAKARTA;KRT;AOi42601120633375803ea590;0;Not Comply;3,22
202603;AREA 3;JATENG-DIY;SURAKARTA;KRT;AOi4260122113100871b50c40;0;Anomaly;
202603;AREA 3;JATENG-DIY;SURAKARTA;KRT;AOi42601120804154179060e0;0;Anomaly;
202603;AREA 3;JATENG-DIY;SURAKARTA;KRT;AOi4260129114948724c6a360;0;Anomaly;
202603;AREA 3;BALI NUSRA;MATARAM;GER;AOi426010902414491146bb00;0;Anomaly;
202603;AREA 3;JATENG-DIY;MAGELANG;MGE;AOi426010501161420248b690;0;Anomaly;
202603;AREA 3;JATIM;SIDOARJO;TUN;AOi426012611395575862eb40;0;Anomaly;
202603;AREA 3;JATIM;SIDOARJO;TUN;AOi42601050315271483f1440;0;Anomaly;
202603;AREA 3;JATIM;SIDOARJO;TUN;AOi42601060740374278b6ea0;0;Comply;-17,21
202603;AREA 3;JATIM;SIDOARJO;TUN;AOi4260108094427513c9b180;0;Anomaly;
202603;AREA 3;JATIM;SIDOARJO;TUN;AOi4260112060801940e13610;0;Anomaly;
202603;AREA 3;JATIM;SIDOARJO;TUN;AOi426011411271914637fc50;0;Comply;-5,01
202603;AREA 3;JATIM;SIDOARJO;TUN;AOi4260102093117268af05c0;0;Comply;-12,70
202603;AREA 3;JATIM;SIDOARJO;TUN;AOi42601311007381716bb530;0;Anomaly;
202603;AREA 3;JATENG-DIY;MAGELANG;MGE;AOi4260112034923670672370;0;Anomaly;
202603;AREA 3;JATENG-DIY;MAGELANG;MGE;AOi426123105243546209d650;0;Anomaly;
202603;AREA 3;JATENG-DIY;SURAKARTA;PEN;AOi426011809595819258c470;0;Not Comply;716,14
202603;AREA 3;JATENG-DIY;SURAKARTA;PEN;AOi426010708325315873a300;0;Anomaly;
202603;AREA 3;JATIM;SURABAYA;KPS;AOi426012201461994054fbe0;0;Anomaly;
202603;AREA 3;JATIM;SURABAYA;KPS;AOi42601180820019499bf9a0;0;Anomaly;
202603;AREA 3;JATIM;SURABAYA;KPS;PDAk4260105021711994c43960;0;Anomaly;
202603;AREA 3;JATIM;SURABAYA;KPS;AOi42601060339038689c32a0;0;Anomaly;
202603;AREA 3;JATIM;SURABAYA;JGR;AOi426010606423042068f790;0;Anomaly;
202603;AREA 3;JATIM;SURABAYA;JGR;AOk4260107111847178235930;0;Anomaly;
202603;AREA 3;JATIM;SURABAYA;JGR;AOk42601080442349955d4800;0;Comply;0,48
202603;AREA 3;JATIM;SURABAYA;JGR;AOs326012004443270261aaf0;0;Anomaly;
202603;AREA 3;JATIM;SURABAYA;JGR;AOi42601131113008583b2ad0;0;Anomaly;
202603;AREA 3;JATIM;SURABAYA;JGR;AOi4261230101031066263ca0;0;Anomaly;
202603;AREA 3;JATIM;SURABAYA;JGR;AOi426010309002325134f9a0;0;Comply;-15,71
202603;AREA 3;JATIM;SIDOARJO;JOM;AOi4260126083340571b01d30;0;Anomaly;
202603;AREA 3;JATIM;SURABAYA;KPS;AOi4260103032432124426440;0;Not Comply;3,97
202603;AREA 3;JATIM;SURABAYA;KPS;AOi4260123064042896a1dc30;0;Anomaly;
202603;AREA 3;JATIM;SURABAYA;KPS;AOi4260111120715622634c90;0;Anomaly;
202603;AREA 3;BALI NUSRA;MATARAM;PRY;AOi4260109052736498d8f9a0;0;Anomaly;
202603;AREA 3;JATIM;SIDOARJO;WRU;AOi42601301240238864a3cd0;0;Anomaly;
202603;AREA 3;JATIM;SIDOARJO;WRU;AOi4260130040105535717d60;0;Anomaly;
202603;AREA 3;JATIM;SIDOARJO;WRU;AOi42601160709262188de3a0;0;Anomaly;
202603;AREA 3;JATENG-DIY;SURAKARTA;DLG;AOk4260121102520601dda600;0;Anomaly;
202603;AREA 3;JATENG-DIY;PURWOKERTO;AJB;AOi4260112104211180bafd40;0;Anomaly;
202603;AREA 3;JATENG-DIY;PURWOKERTO;AJB;AOi426012112051517009bc00;0;Anomaly;
202603;AREA 3;JATIM;SURABAYA;SMP;AOk4260113041207379419660;0;Anomaly;
202603;AREA 3;JATIM;SURABAYA;SMP;AOi4260130010916297b92350;0;Anomaly;
202603;AREA 3;JATIM;SURABAYA;KBL;AOi42601170123588157fd6b0;0;Anomaly;
202603;AREA 3;JATIM;SURABAYA;KBL;PDAk4261231101404678d918b0;0;Anomaly;
202603;AREA 3;JATIM;SIDOARJO;TPO;AOi4260123072045986677710;0;Anomaly;
202603;AREA 3;JATIM;SIDOARJO;TPO;AOi4260108125629261a16930;0;Anomaly;
202603;AREA 3;JATENG-DIY;SEMARANG;RBN;AOi4261231123139820f961b0;0;Anomaly;
202603;AREA 3;BALI NUSRA;KUPANG;KEF;AOi4260112125751245749690;0;Anomaly;
202603;AREA 3;JATIM;MALANG;PKS;AOi4260105015033503bd5470;0;Comply;-0,18
202603;AREA 3;JATIM;MALANG;PGK;AOs3260124010143564e7d6c0;0;Anomaly;
202603;AREA 3;JATIM;SURABAYA;LKI;AOk4260130051208413af0ba0;0;Anomaly;
202603;AREA 3;JATIM;SURABAYA;LKI;AOb02601100755536900a2660;0;Anomaly;
202603;AREA 3;JATIM;SURABAYA;LKI;AOi4260119011558590d71810;0;Anomaly;
202603;AREA 3;JATIM;SURABAYA;LKI;AOi42601061006185710718f0;0;Comply;-27,46
202603;AREA 3;BALI NUSRA;KUPANG;BAA;AOk4260120025703152f093e0;0;Comply;-14,31
202603;AREA 3;JATIM;SURABAYA;GBG;AOs32601021222499526d9430;0;Comply;-16,45
202603;AREA 3;JATIM;SURABAYA;GBG;AOi4260110101550033d70fd0;0;Anomaly;
202603;AREA 3;JATIM;MALANG;BLB;AOi4260113092553429831d50;0;Comply;-19,17
202603;AREA 3;JATIM;MALANG;BLB;AOi4260108043511732dad6c0;0;Comply;-18,69
202603;AREA 3;JATIM;MALANG;BLB;AOi42601020209295821da1d0;0;Anomaly;
202603;AREA 3;JATIM;MALANG;BLB;AOi4260118051548589f25b40;0;Comply;-15,81
202603;AREA 3;JATIM;MALANG;BLB;AOi4260114024824899a1e800;0;Comply;-3,94
202603;AREA 3;JATIM;MALANG;BLB;AOi42601121101221452538d0;0;Anomaly;
202603;AREA 3;JATENG-DIY;PEKALONGAN;ADW;AOi426010611523998585bbc0;0;Anomaly;
202603;AREA 3;JATENG-DIY;SURAKARTA;KLX;AOi4260116073515872fb4c00;0;Anomaly;
202603;AREA 3;JATENG-DIY;SURAKARTA;KLX;AOi4260107084514524af88c0;0;Anomaly;
202603;AREA 3;JATENG-DIY;SURAKARTA;KLX;AOi42601220744511583d98e0;0;Anomaly;
202603;AREA 3;JATENG-DIY;SURAKARTA;KLX;AOi4260123024354442df6340;0;Anomaly;
202603;AREA 3;JATIM;SURABAYA;BKL;AOi4260110074820901713690;0;Anomaly;
202603;AREA 3;JATIM;SURABAYA;BKL;AOi42601210109212593ce5c0;0;Anomaly;
202603;AREA 3;JATIM;SURABAYA;JGR;AOi42601080114376730fc7f0;0;Anomaly;
202603;AREA 3;JATIM;SURABAYA;JGR;AOi4260126121823377275310;0;Anomaly;
202603;AREA 3;JATIM;MALANG;BLB;AOi426012810081793548feb0;0;Comply;-35,59
202603;AREA 3;JATIM;MALANG;BLB;AOi4260113023446021374570;0;Anomaly;
202603;AREA 3;JATIM;MALANG;BLB;AOi42601050736010631ea040;0;Anomaly;
202603;AREA 3;JATIM;SURABAYA;MYR;AOi42601040837529760f9070;0;Comply;-3,77
202603;AREA 3;JATIM;SURABAYA;MYR;AOi4260124053953172a3b4f0;0;Anomaly;
202603;AREA 3;JATIM;SURABAYA;MYR;AOi426010310494828730e5e0;0;Comply;1,21
202603;AREA 3;JATIM;SURABAYA;MYR;AOs3260122074717023153ce0;0;Anomaly;
202603;AREA 3;JATIM;SURABAYA;MYR;AOi4260114104123662cf5d50;0;Anomaly;
202603;AREA 3;JATIM;SURABAYA;JGR;AOi4260127070735355897720;0;Anomaly;
202603;AREA 3;JATIM;SURABAYA;JGR;AOi4260102014125714c5ec40;0;Anomaly;
202603;AREA 3;BALI NUSRA;KUPANG;KEF;AOi42601131124486275ec9d0;0;Anomaly;
202603;AREA 3;BALI NUSRA;KUPANG;KEF;AOi42601131124486275ec9d0;0;Anomaly;
202603;AREA 3;BALI NUSRA;KUPANG;KEF;AOi42601101224455070209f0;0;Anomaly;
202603;AREA 3;BALI NUSRA;DENPASAR;BNO;AOi42601261032535210660c0;0;Anomaly;
202603;AREA 3;BALI NUSRA;DENPASAR;BNO;AOs32601300338273475c5030;0;Anomaly;
202603;AREA 3;BALI NUSRA;DENPASAR;BNO;AOi42601090158198065cbd30;0;Anomaly;
202603;AREA 3;BALI NUSRA;DENPASAR;BNO;AOi4260125103127658bf7e60;0;Anomaly;
202603;AREA 3;BALI NUSRA;DENPASAR;BNO;AOi4260112085334060d06950;0;Comply;-24,20
202603;AREA 3;BALI NUSRA;DENPASAR;BNO;AOi42601090158198065cbd30;0;Anomaly;
202603;AREA 3;BALI NUSRA;DENPASAR;KUT;AOi4260105025503156e091d0;0;Anomaly;
202603;AREA 3;BALI NUSRA;DENPASAR;KUT;AOi42601280416225524acc40;0;Anomaly;
202603;AREA 3;BALI NUSRA;DENPASAR;KUT;AOi4260109021137666e2b9e0;0;Anomaly;
202603;AREA 3;BALI NUSRA;FLORES;RTE;AOi42601061125554812c4900;0;Anomaly;
202603;AREA 3;BALI NUSRA;FLORES;RTE;AOi42601140359320087f4160;0;Anomaly;
202603;AREA 3;JATIM;SURABAYA;MYR;AOk4260126100301696106e30;0;Comply;-13,89
202603;AREA 3;JATIM;SURABAYA;MYR;AOi426010102483353112d5e0;0;Comply;-15,53
202603;AREA 3;JATIM;SURABAYA;MYR;AOi42601290310356248f8b20;0;Anomaly;
202603;AREA 3;JATIM;SURABAYA;MYR;AOi4260127100906465376f10;0;Anomaly;
202603;AREA 3;BALI NUSRA;FLORES;RTE;AOi4260107092812569337250;0;Anomaly;
202603;AREA 3;JATIM;SURABAYA;MGO;AOi42601141002164708f48d0;0;Anomaly;
202603;AREA 3;JATIM;SURABAYA;MGO;AOi4260102063553036db0450;0;Anomaly;
202603;AREA 3;JATIM;SURABAYA;MGO;AOi42612311219575949f9ce0;0;Anomaly;
202603;AREA 3;JATIM;SURABAYA;MGO;AOi42601060417053448d4230;0;Anomaly;
202603;AREA 3;JATIM;SURABAYA;MGO;AOi4261231032930605e99b00;0;Anomaly;
202603;AREA 3;JATIM;SURABAYA;MGO;AOi426012007021998685bf10;0;Anomaly;
202603;AREA 3;JATENG-DIY;PEKALONGAN;PML;AOi4260121015703010da13a0;0;Anomaly;
202603;AREA 3;JATENG-DIY;PEKALONGAN;PML;AOi42601060547575983b80c0;0;Anomaly;
202603;AREA 3;JATENG-DIY;PEKALONGAN;PML;AOi426011802383658058a520;0;Anomaly;
202603;AREA 3;JATENG-DIY;PEKALONGAN;PML;AOi426011802383658058a520;0;Anomaly;
202603;AREA 3;JATENG-DIY;PEKALONGAN;PML;AOi4260111021439448da24e0;0;Anomaly;
202603;AREA 3;JATIM;LAMONGAN;TNZ;AOi426013111234489249ee20;0;Comply;-39,21
202603;AREA 3;JATIM;LAMONGAN;TNZ;AOi4261228035454337ff0d50;0;Anomaly;
202603;AREA 3;BALI NUSRA;DENPASAR;NSD;AOk4260114061907231b075b0;0;Anomaly;
202603;AREA 3;JATIM;MALANG;SBP;AOi42601090339306329c9890;0;Anomaly;
202603;AREA 3;BALI NUSRA;DENPASAR;SGR;AOi4261231103858434770690;0;Anomaly;
202603;AREA 3;BALI NUSRA;DENPASAR;SGR;AOi4260103125358736bf3cf0;0;Anomaly;
202603;AREA 3;BALI NUSRA;DENPASAR;SGR;AOi42601210406545445279d0;0;Anomaly;
202603;AREA 3;BALI NUSRA;DENPASAR;SGR;AOi4260123104918026104880;0;Anomaly;
202603;AREA 3;BALI NUSRA;DENPASAR;SGR;AOi4260126101403021e26640;0;Anomaly;
202603;AREA 3;BALI NUSRA;DENPASAR;SGR;AOi4260103125358736bf3cf0;0;Anomaly;
202603;AREA 3;BALI NUSRA;DENPASAR;SGR;AOi42601271105521533cab00;0;Anomaly;
202603;AREA 3;BALI NUSRA;DENPASAR;SGR;AOi4260126053827647614e70;0;Anomaly;
202603;AREA 3;JATENG-DIY;SURAKARTA;KAR;AOk4260105083103404e45570;0;Anomaly;
202603;AREA 3;BALI NUSRA;DENPASAR;MMN;AOi42612300903517636948e0;0;Anomaly;
202603;AREA 3;BALI NUSRA;DENPASAR;MMN;AOi42612300903517636948e0;0;Anomaly;
202603;AREA 3;BALI NUSRA;DENPASAR;MMN;AOi426011709273809856ba40;0;Anomaly;
202603;AREA 3;BALI NUSRA;DENPASAR;MMN;AOi426011710131278693b310;0;Anomaly;
202603;AREA 3;BALI NUSRA;DENPASAR;MMN;AOi4261229120822281f02710;0;Anomaly;
202603;AREA 3;BALI NUSRA;DENPASAR;MMN;AOi4260102061038225c28260;0;Anomaly;
202603;AREA 3;BALI NUSRA;DENPASAR;MMN;AOi4260129091453236aa9450;0;Anomaly;
202603;AREA 3;BALI NUSRA;DENPASAR;MMN;AOi426010809340776169f3e0;0;Anomaly;
202603;AREA 3;BALI NUSRA;DENPASAR;MMN;AOi42601151106212497a1d30;0;Anomaly;
