Periode;Area;Witel;Branch;STO;Order_ID;Flag_Exclude;SLA_Status;Duration_Hours
202601;AREA 1;SUMBAGUT;BANDA ACEH;BIR;AOi425112002265099779ef40;0;Anomaly;
202601;AREA 1;SUMBAGUT;BANDA ACEH;BIR;AOi42511171236464798b9d80;0;Anomaly;
202601;AREA 1;SUMBAGUT;BANDA ACEH;BIR;AOi42511130156184112b6670;0;Anomaly;
202601;AREA 1;SUMBAGUT;BANDA ACEH;BIR;AOi42511171236464798b9d80;0;Anomaly;
202601;AREA 1;SUMBAGUT;CENTRAL MEDAN;TTG;AOs32511170952575350f7430;0;Anomaly;
202601;AREA 1;SUMBAGUT;CENTRAL MEDAN;TTG;AOi42511261112379721093f0;0;Anomaly;
202601;AREA 1;SUMBAGUT;PEMATANG SIANTAR;DLS;AOb0251118103356405687c60;0;Anomaly;
202601;AREA 1;SUMBAGTENG;PADANG;ALH;AOi4251102115926148d40b70;0;Anomaly;
202601;AREA 1;SUMBAGTENG;BATAM;BLP;AOi4251109084603617962e90;0;Comply;2,47
202601;AREA 1;SUMBAGTENG;PADANG;SGD;AOi42511030253179766d5fc0;0;Anomaly;
202601;AREA 1;SUMBAGTENG;PADANG;SGD;AOi42511130125334415cbbb0;0;Comply;1,39
202601;AREA 1;SUMBAGTENG;PADANG;SGD;AOi425112702531249701ecd0;0;Anomaly;
202601;AREA 1;SUMBAGTENG;PADANG;SGD;AOi4251112105236832657950;0;Anomaly;
202601;AREA 1;SUMBAGTENG;PADANG;SGD;AOi42511030253179766d5fc0;0;Comply;-96,68
202601;AREA 1;SUMBAGTENG;PADANG;SGD;AOi42511030253179766d5fc0;0;Anomaly;
202601;AREA 1;SUMBAGUT;CENTRAL MEDAN;TTG;AOi4251107094201216d023e0;0;Anomaly;
202601;AREA 1;SUMBAGSEL;LAMPUNG;LKP;AOi4251105115727778de3390;0;Comply;-24,48
202601;AREA 1;SUMBAGSEL;JAMBI;MAB;AOi4251107043525154c9c6d0;0;Anomaly;
202601;AREA 1;SUMBAGSEL;JAMBI;MAB;AOi425112911151914481ccb0;0;Anomaly;
202601;AREA 1;SUMBAGSEL;PALEMBANG;PGC;AOi1251103064501116138c30;0;Comply;-22,18
202601;AREA 1;SUMBAGSEL;PALEMBANG;PGC;AOi125112110193974673e5a0;0;Anomaly;
202601;AREA 1;SUMBAGSEL;PALEMBANG;PGC;AOs32511281026492641bc8f0;0;Anomaly;
202601;AREA 1;SUMBAGSEL;PALEMBANG;PGC;AOi42511070548561696c2550;0;Anomaly;
202601;AREA 1;SUMBAGSEL;PANGKAL PINANG;TBI;AOi4251104090927019302570;0;Not Comply;4,37
202601;AREA 1;SUMBAGSEL;LAMPUNG;TKB;AOi42510250225438569b3640;0;Anomaly;
202601;AREA 1;SUMBAGSEL;JAMBI;MAB;AOi4251114054803098fcdd80;0;Anomaly;
202601;AREA 1;SUMBAGSEL;JAMBI;MAB;AOk4251119082559621e4f500;0;Anomaly;
202601;AREA 1;SUMBAGSEL;JAMBI;MAB;AOi4251128085449682b00c60;0;Anomaly;
202601;AREA 1;SUMBAGSEL;JAMBI;MAB;PDAk425112809135815166ba30;0;Anomaly;
202601;AREA 1;SUMBAGSEL;JAMBI;MAB;AOi4251119110408567428ad0;0;Anomaly;
202601;AREA 1;SUMBAGSEL;PANGKAL PINANG;TBI;AOi425110511023623759cca0;0;Anomaly;
202601;AREA 1;SUMBAGSEL;PANGKAL PINANG;TBI;AOi4251115054640546371e60;0;Anomaly;
202601;AREA 1;SUMBAGSEL;PANGKAL PINANG;TBI;AOi4251104071420526343000;0;Anomaly;
202601;AREA 1;SUMBAGUT;RANTAU PRAPAT;ANP;AOi42511140432540528dd480;0;Anomaly;
202601;AREA 1;SUMBAGUT;RANTAU PRAPAT;ANP;AOi4251122074800322f32820;0;Anomaly;
202601;AREA 1;SUMBAGUT;RANTAU PRAPAT;ANP;AOi4251122074800322f32820;0;Anomaly;
202601;AREA 1;SUMBAGUT;RANTAU PRAPAT;ANP;AOs325111809280249711dfe0;0;Anomaly;
202601;AREA 1;SUMBAGUT;PADANG SIDEMPUAN;SBG;AOi42511151212046938626f0;0;Anomaly;
202601;AREA 1;SUMBAGUT;PADANG SIDEMPUAN;SBG;AOi4251110024558501c24030;0;Anomaly;
202601;AREA 1;SUMBAGUT;PADANG SIDEMPUAN;SBG;AOi42511170610067349cd510;0;Anomaly;
202601;AREA 1;SUMBAGUT;PADANG SIDEMPUAN;SBG;AOi4251108022305919c13580;0;Anomaly;
202601;AREA 1;SUMBAGUT;PADANG SIDEMPUAN;SBG;AOi4251120123011059f32a80;0;Anomaly;
202601;AREA 1;SUMBAGUT;PADANG SIDEMPUAN;SBG;AOi42511010904126822bc250;0;Anomaly;
202601;AREA 1;SUMBAGUT;PADANG SIDEMPUAN;SBG;AOi4251107010356448db11f0;0;Anomaly;
202601;AREA 1;SUMBAGUT;PADANG SIDEMPUAN;SBG;AOi42510270851578691bc240;0;Anomaly;
202601;AREA 1;SUMBAGUT;PADANG SIDEMPUAN;SBG;AOi4251117125039548849f00;0;Anomaly;
202601;AREA 1;SUMBAGUT;RANTAU PRAPAT;KIS;AOi4251114063705661a83d70;0;Anomaly;
202601;AREA 1;SUMBAGUT;RANTAU PRAPAT;KIS;AOi425102903123860962e460;0;Anomaly;
202601;AREA 1;SUMBAGUT;RANTAU PRAPAT;KIS;AOi4251106113527714a67d30;0;Anomaly;
202601;AREA 1;SUMBAGUT;BANDA ACEH;DAR;AOi4251117080552881cf4870;0;Anomaly;
202601;AREA 1;SUMBAGUT;BANDA ACEH;DAR;AOi4251105110336876401b40;0;Anomaly;
202601;AREA 1;SUMBAGUT;BANDA ACEH;DAR;AOi4251106090050680bcd2d0;0;Anomaly;
202601;AREA 1;SUMBAGUT;BANDA ACEH;DAR;AOi4251118100142529612630;0;Anomaly;
202601;AREA 1;SUMBAGUT;BANDA ACEH;DAR;AOi42511290539048310ba6a0;0;Anomaly;
202601;AREA 1;SUMBAGUT;BANDA ACEH;DAR;AOi425111902451619261fc90;0;Anomaly;
202601;AREA 1;SUMBAGUT;CENTRAL MEDAN;BLW;PDAk425111712261156643d7f0;0;Anomaly;
202601;AREA 1;SUMBAGSEL;LAMPUNG;BDA;AOi4251029042618268a381b0;0;Anomaly;
202601;AREA 1;SUMBAGSEL;LAMPUNG;SRW;AOi4251115101521663e0e290;0;Anomaly;
202601;AREA 1;SUMBAGUT;RANTAU PRAPAT;RAP;AOi42511071012500946aeba0;0;Anomaly;
202601;AREA 1;SUMBAGUT;RANTAU PRAPAT;RAP;AOi4251106054709001f77430;0;Anomaly;
202601;AREA 1;SUMBAGUT;RANTAU PRAPAT;RAP;AOi4251110033718164fb1b80;0;Anomaly;
202601;AREA 1;SUMBAGUT;RANTAU PRAPAT;RAP;AOi4251113030133581e57c40;0;Anomaly;
202601;AREA 1;SUMBAGUT;RANTAU PRAPAT;RAP;AOi425111004565788889ce90;0;Anomaly;
202601;AREA 1;SUMBAGUT;RANTAU PRAPAT;RAP;AOi42510311057025446cc720;0;Anomaly;
202601;AREA 1;SUMBAGUT;RANTAU PRAPAT;RAP;AOi4251103010317122de9920;0;Anomaly;
202601;AREA 1;SUMBAGUT;RANTAU PRAPAT;RAP;AOk42511130214478817bcf60;0;Anomaly;
202601;AREA 1;SUMBAGUT;RANTAU PRAPAT;RAP;AOi425110101070632851f840;0;Anomaly;
202601;AREA 1;SUMBAGUT;RANTAU PRAPAT;RAP;AOi42511251244163910bdd50;0;Anomaly;
202601;AREA 1;SUMBAGUT;RANTAU PRAPAT;RAP;AOi425111210514437507fb20;0;Comply;-69,41
202601;AREA 1;SUMBAGUT;RANTAU PRAPAT;RAP;AOi42511160240521159e0e80;0;Anomaly;
202601;AREA 1;SUMBAGUT;RANTAU PRAPAT;RAP;AOi4251125110326245f6b010;0;Anomaly;
202601;AREA 1;SUMBAGUT;RANTAU PRAPAT;RAP;AOi4251105060121411a59cb0;0;Anomaly;
202601;AREA 1;SUMBAGUT;PADANG SIDEMPUAN;PND;AOi42511220248481406656b0;0;Anomaly;
202601;AREA 1;SUMBAGUT;PADANG SIDEMPUAN;PND;AOi4251114054142130cedde0;0;Anomaly;
202601;AREA 1;SUMBAGUT;PADANG SIDEMPUAN;PND;AOi4251114073048950e6aeb0;0;Anomaly;
202601;AREA 1;SUMBAGUT;PADANG SIDEMPUAN;PND;AOi4251104081708223f1fe10;0;Anomaly;
202601;AREA 1;SUMBAGUT;PADANG SIDEMPUAN;PND;AOi4251121020702723a6a5b0;0;Anomaly;
202601;AREA 1;SUMBAGUT;RANTAU PRAPAT;NGB;AOi42511180748097114e18f0;0;Anomaly;
202601;AREA 1;SUMBAGSEL;PALEMBANG;PBM;AOi4251122030307299df6710;0;Anomaly;
202601;AREA 1;SUMBAGSEL;PALEMBANG;PBM;AOb02511300836251636093f0;0;Anomaly;
202601;AREA 1;SUMBAGSEL;PALEMBANG;PBM;AOi4251117094103686d46000;0;Anomaly;
202601;AREA 1;SUMBAGSEL;PALEMBANG;PBM;AOi425110903191161286ae00;0;Anomaly;
202601;AREA 1;SUMBAGSEL;PALEMBANG;PBM;AOi42511091016393447f3630;0;Anomaly;
202601;AREA 1;SUMBAGTENG;BATAM;SKN;AOi4251029023857245f1adc0;0;Comply;-24,78
202601;AREA 1;SUMBAGTENG;PEKANBARU;PKR;AOi4251110061323374164eb0;0;Anomaly;
202601;AREA 1;SUMBAGTENG;PEKANBARU;PKR;AOi4251122032130383d445a0;0;Anomaly;
202601;AREA 1;SUMBAGTENG;PEKANBARU;PKR;PDAk42510020950148398261a0;0;Anomaly;
202601;AREA 1;SUMBAGTENG;BUKIT TINGGI;PYK;AOk42511080541258104e2830;0;Anomaly;
202601;AREA 1;SUMBAGTENG;BUKIT TINGGI;PYK;AOi4251118114831536931a40;0;Anomaly;
202601;AREA 1;SUMBAGTENG;BUKIT TINGGI;PYK;AOi4251105120722491f17e50;0;Anomaly;
202601;AREA 1;SUMBAGUT;CENTRAL MEDAN;PDB;AOi42511040340522704128d0;0;Anomaly;
202601;AREA 1;SUMBAGTENG;PADANG;KJI;AOi4251120050242592b4b5b0;0;Anomaly;
202601;AREA 1;SUMBAGTENG;PADANG;KJI;AOk42511030509395493b6fa0;0;Comply;-25,01
202601;AREA 1;SUMBAGSEL;JAMBI;MBN;AOi42511170915353010aa920;0;Not Comply;27,37
202601;AREA 1;SUMBAGUT;BANDA ACEH;KTN;AOi425111207214373165e2d0;0;Anomaly;
202601;AREA 1;SUMBAGUT;BANDA ACEH;KTN;AOi4251112065006198b66b70;0;Anomaly;
202601;AREA 1;SUMBAGUT;BANDA ACEH;KTN;AOi4251107124624737f3f810;0;Anomaly;
202601;AREA 1;SUMBAGUT;BANDA ACEH;KTN;AOi42510300306007385adf00;0;Anomaly;
202601;AREA 1;SUMBAGUT;BANDA ACEH;KTN;AOi425111207044245481ab80;0;Not Comply;190,63
202601;AREA 1;SUMBAGUT;BANDA ACEH;KTN;AOi4251027074222565a162c0;0;Anomaly;
202601;AREA 1;SUMBAGUT;BANDA ACEH;KTN;AOi42511220125463416783c0;0;Anomaly;
202601;AREA 1;SUMBAGUT;BANDA ACEH;MBO;AOi42511201017420341b8580;0;Anomaly;
202601;AREA 1;SUMBAGUT;BANDA ACEH;MBO;AOi425110407243018080e3f0;0;Anomaly;
202601;AREA 1;SUMBAGUT;BANDA ACEH;MBO;AOi4251112040321189ec6a30;0;Anomaly;
202601;AREA 1;SUMBAGUT;BANDA ACEH;MBO;AOi42511190832470025552e0;0;Anomaly;
202601;AREA 1;SUMBAGUT;BANDA ACEH;MBO;PDAk425102702195907995cad0;0;Anomaly;
202601;AREA 1;SUMBAGUT;BANDA ACEH;MBO;AOi425111402492133565d420;0;Anomaly;
202601;AREA 1;SUMBAGUT;WESTERN MEDAN;LSK;AOi425111705493721583d9b0;0;Not Comply;356,73
202601;AREA 1;SUMBAGUT;WESTERN MEDAN;LSK;AOi425111602565404679c060;0;Anomaly;
202601;AREA 1;SUMBAGUT;WESTERN MEDAN;LSK;AOi4251107110335222687070;0;Not Comply;25,81
202601;AREA 1;SUMBAGUT;WESTERN MEDAN;LSK;AOi4251119102913276323ee0;0;Anomaly;
202601;AREA 1;SUMBAGTENG;DUMAI;PPN;AOi425112312252256339e8d0;0;Anomaly;
202601;AREA 1;SUMBAGTENG;DUMAI;PPN;AOi425112312252256339e8d0;0;Anomaly;
202601;AREA 1;SUMBAGSEL;LAMPUNG;KRU;AOi4251122073451158b12d20;0;Anomaly;
202601;AREA 1;SUMBAGUT;PADANG SIDEMPUAN;TRT;AOi4251118103336510a19fc0;0;Anomaly;
202601;AREA 1;SUMBAGSEL;PANGKAL PINANG;TBI;AOi425112810491213513f100;0;Anomaly;29,23
202601;AREA 1;SUMBAGSEL;PANGKAL PINANG;TBI;AOi42511030521384394785b0;0;Anomaly;
202601;AREA 1;SUMBAGSEL;PANGKAL PINANG;TBI;AOi4251103060903302cee5a0;0;Anomaly;-20,13
202601;AREA 1;SUMBAGSEL;PANGKAL PINANG;TBI;AOi42511051246158885a34d0;0;Anomaly;
202601;AREA 1;SUMBAGSEL;PANGKAL PINANG;TBI;AOi4251113101322079350130;0;Anomaly;-0,08
202601;AREA 1;SUMBAGSEL;PANGKAL PINANG;TBI;AOi4251104021653029fcbfb0;0;Anomaly;
202601;AREA 1;SUMBAGSEL;PANGKAL PINANG;TBI;AOi425110511023623759cca0;0;Anomaly;
202601;AREA 1;SUMBAGSEL;PANGKAL PINANG;TBI;AOi4251105110415234b88480;0;Anomaly;
202601;AREA 1;SUMBAGSEL;PALEMBANG;KAG;AOi42511240115132137c7f20;0;Anomaly;
202601;AREA 1;SUMBAGUT;BANDA ACEH;MBO;AOi4251112040321189ec6a30;0;Anomaly;
202601;AREA 1;SUMBAGUT;BANDA ACEH;MBO;PDAk425102702195907995cad0;0;Anomaly;
202601;AREA 1;SUMBAGUT;BANDA ACEH;MBO;AOi4251101091134624188160;0;Anomaly;
202601;AREA 1;SUMBAGUT;BANDA ACEH;MBO;AOi425111911463851540afa0;0;Anomaly;
202601;AREA 1;SUMBAGUT;BANDA ACEH;MBO;AOi4251114054242204253260;0;Anomaly;
202601;AREA 1;SUMBAGUT;WESTERN MEDAN;LSM;AOi4251105013847634cbf1b0;0;Anomaly;
202601;AREA 1;SUMBAGUT;WESTERN MEDAN;LSM;AOk4251119021647587596e50;0;Anomaly;
202601;AREA 1;SUMBAGUT;CENTRAL MEDAN;TTG;AOi4251105094659601b8ae10;0;Anomaly;
202601;AREA 1;SUMBAGUT;CENTRAL MEDAN;TTG;AOi4251116090249498622f00;0;Anomaly;
202601;AREA 1;SUMBAGUT;CENTRAL MEDAN;TTG;AOi4251104092853298b7ee80;0;Anomaly;
202601;AREA 1;SUMBAGSEL;LAMPUNG;PJN;AOi425110407284686454f550;0;Anomaly;
202601;AREA 1;SUMBAGSEL;PALEMBANG;PGC;AOs3251106051618309265310;0;Anomaly;
202601;AREA 1;SUMBAGSEL;PALEMBANG;PGC;AOi4251119042857750106c10;0;Comply;-0,65
202601;AREA 1;SUMBAGSEL;PALEMBANG;PGC;AOi425111611504667250fbe0;0;Anomaly;
202601;AREA 1;SUMBAGSEL;LAMPUNG;TKB;AOi42510250225438569b3640;0;Comply;0,44
202601;AREA 1;SUMBAGSEL;LAMPUNG;TKB;PDAk42511131122042870ca9d0;0;Comply;-1,90
202601;AREA 1;SUMBAGSEL;LAMPUNG;KLA;AOi12511130327047594916a0;0;Comply;1,85
202601;AREA 1;SUMBAGUT;WESTERN MEDAN;LSM;AOk425110901492774751d8d0;0;Anomaly;
202601;AREA 1;SUMBAGUT;WESTERN MEDAN;LSM;AOi4251110121303864ad7a10;0;Not Comply;4,85
202601;AREA 1;SUMBAGSEL;PALEMBANG;KTU;AOb0251113040130502aacfd0;0;Anomaly;
202601;AREA 1;SUMBAGUT;PEMATANG SIANTAR;PMS;AOi42511141156097397766f0;0;Anomaly;
202601;AREA 1;SUMBAGUT;PEMATANG SIANTAR;PMS;AOi42511080344465736be6f0;0;Anomaly;
202601;AREA 1;SUMBAGUT;PEMATANG SIANTAR;PMS;AOi4251105073844838f6bac0;0;Anomaly;
202601;AREA 1;SUMBAGSEL;BENGKULU;CRP;AOi4251102081312218e974e0;0;Comply;-37,42
202601;AREA 1;SUMBAGSEL;BENGKULU;CRP;AOi42511231016229651114a0;0;Anomaly;
202601;AREA 1;SUMBAGSEL;PANGKAL PINANG;TBI;AOi4251105103207140e410d0;0;Anomaly;
202601;AREA 1;SUMBAGSEL;PANGKAL PINANG;TBI;AOi42511050746126083c0890;0;Anomaly;
202601;AREA 1;SUMBAGSEL;PALEMBANG;IDL;AOi42511260338417546deae0;0;Anomaly;
202601;AREA 1;SUMBAGSEL;PALEMBANG;IDL;PDAk4251111123253155bb98c0;0;Anomaly;
202601;AREA 1;SUMBAGSEL;PALEMBANG;IDL;AOi4251119091038751d4a9c0;0;Anomaly;-2,21
202601;AREA 1;SUMBAGSEL;PALEMBANG;IDL;AOi4251112033450859650990;0;Anomaly;
202601;AREA 1;SUMBAGSEL;PALEMBANG;IDL;AOi4251031083302103a59960;0;Anomaly;
202601;AREA 1;SUMBAGSEL;PALEMBANG;IDL;AOi4251111020550088b6a290;0;Anomaly;
202601;AREA 1;SUMBAGSEL;LAMPUNG;KLA;AOi4251124021223347be6380;0;Anomaly;
202601;AREA 1;SUMBAGUT;WESTERN MEDAN;BJI;AOi425112309093225765d040;0;Anomaly;
202601;AREA 1;SUMBAGUT;WESTERN MEDAN;BJI;AOk425111210104229626a530;0;Anomaly;
202601;AREA 1;SUMBAGUT;WESTERN MEDAN;BJI;AOi4251112095141802f17b20;0;Anomaly;
202601;AREA 1;SUMBAGTENG;BUKIT TINGGI;PDJ;AOi4251119025211720369340;0;Anomaly;
202601;AREA 1;SUMBAGUT;PADANG SIDEMPUAN;SBG;AOi425111708285751288c090;0;Anomaly;
202601;AREA 1;SUMBAGUT;PADANG SIDEMPUAN;SBG;AOi4251105022534991f72aa0;0;Comply;-3,06
202601;AREA 1;SUMBAGUT;PADANG SIDEMPUAN;SBG;AOi425112204223363780ee00;0;Anomaly;
202601;AREA 1;SUMBAGUT;BANDA ACEH;DAR;AOi4251117100228315f0b230;0;Anomaly;
202601;AREA 1;SUMBAGSEL;BENGKULU;CRP;AOi42511290110309399210c0;0;Anomaly;
202601;AREA 1;SUMBAGSEL;LAMPUNG;KDT;PDAk42511221047158985b2650;0;Anomaly;
202601;AREA 1;SUMBAGSEL;LAMPUNG;KDT;PDAk4251112094549153f48ed0;0;Anomaly;
202601;AREA 1;SUMBAGTENG;BATAM;SLU;AOi42511200938238720e6f10;0;Anomaly;
202601;AREA 1;SUMBAGTENG;BATAM;SLU;AOi4251111075637379f96a80;0;Anomaly;
202601;AREA 1;SUMBAGSEL;BENGKULU;TMO;AOi42511070806318219159f0;0;Anomaly;
202601;AREA 1;SUMBAGTENG;DUMAI;BGU;AOi425111412543575730aea0;0;Anomaly;
202601;AREA 1;SUMBAGTENG;BUKIT TINGGI;LBA;AOi4251111033545576ae84e0;0;Anomaly;
202601;AREA 1;SUMBAGTENG;BUKIT TINGGI;LBA;AOi4251104102551455e15e50;0;Anomaly;
202601;AREA 1;SUMBAGTENG;BUKIT TINGGI;LBA;AOi4251104100119873ae6b50;0;Anomaly;
202601;AREA 1;SUMBAGUT;BANDA ACEH;BNA;AOi4251112104821279e1b6d0;0;Anomaly;
202601;AREA 1;SUMBAGUT;BANDA ACEH;BNA;AOi4251031051536241f58b50;0;Anomaly;
202601;AREA 1;SUMBAGUT;BANDA ACEH;BNA;AOi425112210211648572d280;0;Anomaly;
202601;AREA 1;SUMBAGUT;PEMATANG SIANTAR;KBJ;AOi4251111100844361837270;0;Anomaly;
202601;AREA 1;SUMBAGUT;PEMATANG SIANTAR;KBJ;AOi4251123033928523261760;0;Anomaly;
202601;AREA 1;SUMBAGUT;PEMATANG SIANTAR;KBJ;AOi4251111100844361837270;0;Anomaly;
202601;AREA 1;SUMBAGUT;PEMATANG SIANTAR;KBJ;AOi4251111100844361837270;0;Anomaly;
202601;AREA 1;SUMBAGUT;RANTAU PRAPAT;ANP;AOi425110607022255771cb10;0;Anomaly;
202601;AREA 1;SUMBAGUT;RANTAU PRAPAT;ANP;AOi42510301118141830b5960;0;Anomaly;
202601;AREA 1;SUMBAGUT;RANTAU PRAPAT;ANP;AOi4251102100007992efb440;0;Anomaly;
202601;AREA 1;SUMBAGUT;RANTAU PRAPAT;ANP;AOi42511031104437854b6a40;0;Anomaly;
202601;AREA 1;SUMBAGUT;RANTAU PRAPAT;ANP;AOi425110402272808172a5d0;0;Anomaly;
202601;AREA 1;SUMBAGUT;RANTAU PRAPAT;ANP;AOi42511031104437854b6a40;0;Anomaly;
202601;AREA 1;SUMBAGUT;RANTAU PRAPAT;ANP;AOi42511021053025165c3ae0;0;Anomaly;
202601;AREA 1;SUMBAGUT;RANTAU PRAPAT;ANP;AOi42511021053025165c3ae0;0;Anomaly;
202601;AREA 1;SUMBAGUT;BANDA ACEH;DAR;AOi4251103113908211b9f5a0;0;Anomaly;
202601;AREA 1;SUMBAGUT;BANDA ACEH;DAR;AOi4251109044931331bea660;0;Anomaly;
202601;AREA 1;SUMBAGUT;BANDA ACEH;DAR;AOk42511050353078059c7190;0;Anomaly;
202601;AREA 1;SUMBAGSEL;PALEMBANG;BLT;AOi4251111060306477de08c0;0;Anomaly;
202601;AREA 1;SUMBAGTENG;PADANG;PDC;AOi4251114040446106a67080;0;Anomaly;
202601;AREA 1;SUMBAGTENG;PADANG;PDC;AOi42511240725374236c7d60;0;Anomaly;
202601;AREA 1;SUMBAGTENG;PADANG;PDC;AOi4251119075229391fe5a70;0;Anomaly;
202601;AREA 1;SUMBAGTENG;PEKANBARU;RGT;AOi4251110065129536256680;0;Anomaly;
202601;AREA 1;SUMBAGTENG;BUKIT TINGGI;SCC;AOi4251101124520873631c90;0;Anomaly;
202601;AREA 1;SUMBAGUT;PEMATANG SIANTAR;KBJ;AOi42510280417467982ea390;0;Anomaly;
202601;AREA 1;SUMBAGUT;PEMATANG SIANTAR;KBJ;AOi4251128104908663064cb0;0;Anomaly;
202601;AREA 1;SUMBAGUT;PEMATANG SIANTAR;KBJ;AOi4251114114628082693800;0;Comply;2,21
202601;AREA 1;SUMBAGUT;PEMATANG SIANTAR;KBJ;AOi42511180953083900cddd0;0;Anomaly;
202601;AREA 1;SUMBAGTENG;PEKANBARU;AMK;AOi42511080849468412f5e80;0;Anomaly;
202601;AREA 1;SUMBAGSEL;LAMPUNG;KDT;AOi42511091116583430b1be0;0;Anomaly;
202601;AREA 1;SUMBAGTENG;BATAM;SLU;PDAk4251120072828731cbe4b0;0;Anomaly;
202601;AREA 1;SUMBAGSEL;JAMBI;SPN;AOi42511240112190505ea500;0;Anomaly;
202601;AREA 1;SUMBAGTENG;DUMAI;TAK;AOi1251109022314711e70c90;0;Anomaly;-3,32
202601;AREA 1;SUMBAGUT;RANTAU PRAPAT;NGB;AOi4251117055725064c16cb0;0;Anomaly;
202601;AREA 1;SUMBAGSEL;BENGKULU;MKO;AOi42511191225594823a62e0;0;Anomaly;
202601;AREA 1;SUMBAGSEL;BENGKULU;MKO;AOi425102910570384226e540;0;Anomaly;
202601;AREA 1;SUMBAGSEL;BENGKULU;MKO;AOs3251103051424884612b20;0;Anomaly;
202601;AREA 1;SUMBAGSEL;LAMPUNG;BDA;AOk4251103050207499219850;0;Anomaly;
202601;AREA 1;SUMBAGSEL;LAMPUNG;BDA;AOi4251110072808371962470;0;Anomaly;
202601;AREA 1;SUMBAGSEL;LAMPUNG;BDA;AOi4251110075915326756060;0;Anomaly;
202601;AREA 1;SUMBAGSEL;LAMPUNG;BDA;AOi42511070337383383d9ef0;0;Anomaly;
202601;AREA 1;SUMBAGUT;PEMATANG SIANTAR;KBJ;AOi425111704211821352a4e0;0;Anomaly;
202601;AREA 1;SUMBAGUT;PEMATANG SIANTAR;KBJ;AOi4251110012443155811e10;0;Anomaly;
202601;AREA 1;SUMBAGUT;PEMATANG SIANTAR;KBJ;AOi4251110012443155811e10;0;Anomaly;
202601;AREA 1;SUMBAGUT;CENTRAL MEDAN;DLT;AOi4251122113945480967b60;0;Not Comply;4,89
202601;AREA 1;SUMBAGUT;PEMATANG SIANTAR;TBT;AOi42511221028389763e2800;0;Anomaly;
202601;AREA 1;SUMBAGUT;PEMATANG SIANTAR;TBT;AOi4251101080407916cda5d0;0;Anomaly;
202601;AREA 1;SUMBAGUT;PEMATANG SIANTAR;TBT;AOi42511070358528042a5ff0;0;Not Comply;26,14
202601;AREA 1;SUMBAGUT;PEMATANG SIANTAR;TBT;AOi42511070515225469959f0;0;Anomaly;
202601;AREA 1;SUMBAGTENG;BATAM;SLU;PDAk42511231019545425a28e0;0;Comply;-45,52
202601;AREA 1;SUMBAGTENG;BATAM;SLU;AOs3251124031821038e84970;0;Anomaly;
202601;AREA 1;SUMBAGTENG;BATAM;SLU;AOi42511121157040449de350;0;Anomaly;
202601;AREA 1;SUMBAGTENG;BATAM;SLU;AOi42511121157040449de350;0;Anomaly;
202601;AREA 1;SUMBAGTENG;BATAM;SLU;AOk42511170813007136d5aa0;0;Anomaly;
202601;AREA 1;SUMBAGTENG;BATAM;SLU;AOi425111407345956151efd0;0;Anomaly;
202601;AREA 1;SUMBAGTENG;BATAM;SLU;AOi4251101043447666510530;0;Comply;-21,99
202601;AREA 1;SUMBAGTENG;BATAM;SLU;AOi42511121157040449de350;0;Anomaly;
202601;AREA 1;SUMBAGSEL;JAMBI;TTJ;AOi42511071028292225e4ff0;0;Anomaly;-19,22
202601;AREA 1;SUMBAGTENG;BUKIT TINGGI;SIU;AOi4251114022408770ae6d30;0;Anomaly;
202601;AREA 1;SUMBAGSEL;PALEMBANG;KAG;AOi42511040323359810fd400;0;Anomaly;2,41
202601;AREA 1;SUMBAGSEL;PALEMBANG;KAG;AOi4251102081820476794540;0;Anomaly;
202601;AREA 1;SUMBAGSEL;PALEMBANG;KAG;AOi4251104125945212d1a190;0;Anomaly;
202601;AREA 1;SUMBAGSEL;PALEMBANG;MPA;AOi42511170945112557a7060;0;Anomaly;
202601;AREA 1;SUMBAGSEL;PALEMBANG;MPA;AOi425112809041579367c9e0;0;Anomaly;50,45
202601;AREA 1;SUMBAGSEL;PALEMBANG;MPA;AOi42511101219324019a1810;0;Anomaly;
202601;AREA 1;SUMBAGUT;PEMATANG SIANTAR;PDN;AOi1251103124343832cfa1f0;0;Anomaly;
202601;AREA 1;SUMBAGUT;PEMATANG SIANTAR;PDN;AOi42511021209439127eb110;0;Anomaly;
202601;AREA 1;SUMBAGSEL;JAMBI;BKO;AOi425112406430699604b090;0;Anomaly;
202601;AREA 1;SUMBAGSEL;JAMBI;BKO;AOi4251110122053239b0db90;0;Anomaly;
202601;AREA 1;SUMBAGUT;PEMATANG SIANTAR;PDN;AOi42511021209439127eb110;0;Anomaly;
202601;AREA 1;SUMBAGUT;PEMATANG SIANTAR;PDN;AOi42511121119276156ce080;0;Anomaly;
202601;AREA 1;SUMBAGUT;PEMATANG SIANTAR;PDN;AOi4251124035855257386fe0;0;Anomaly;
202601;AREA 1;SUMBAGSEL;JAMBI;MBN;AOi42511241129334701c8e50;0;Anomaly;
202601;AREA 1;SUMBAGTENG;BATAM;SLU;AOi42511070941101619b4880;0;Anomaly;
202601;AREA 1;SUMBAGSEL;BENGKULU;LLG;AOi42511201119576454d3460;0;Anomaly;
202601;AREA 1;SUMBAGSEL;BENGKULU;LLG;AOi4251126123937441ae55a0;0;Not Comply;23,51
202601;AREA 1;SUMBAGSEL;BENGKULU;LLG;AOi425111705382026240ee70;0;Not Comply;20,49
202601;AREA 1;SUMBAGSEL;BENGKULU;LLG;AOi4251108035658837585480;0;Anomaly;
202601;AREA 1;SUMBAGSEL;BENGKULU;LLG;AOi4251114020243753c8e5e0;0;Anomaly;
202601;AREA 1;SUMBAGUT;CENTRAL MEDAN;TJM;AOi4251108031620132d40080;0;Anomaly;
202601;AREA 1;SUMBAGUT;CENTRAL MEDAN;TJM;AOi42511030703277353ba020;0;Anomaly;
202601;AREA 1;SUMBAGUT;CENTRAL MEDAN;TJM;AOs3251115024742161c22c90;0;Anomaly;
202601;AREA 1;SUMBAGTENG;BATAM;SLU;PDAk425111112314438402c7d0;0;Anomaly;
202601;AREA 1;SUMBAGTENG;BUKIT TINGGI;TAP;AOi4251120102638232252490;0;Anomaly;
202601;AREA 1;SUMBAGUT;CENTRAL MEDAN;TJR;AOi42511120140496429bf6e0;0;Comply;-21,18
202601;AREA 1;SUMBAGUT;WESTERN MEDAN;IDI;AOi42511170544588929cb630;0;Anomaly;
202601;AREA 1;SUMBAGUT;WESTERN MEDAN;IDI;AOi4251106023811121c259a0;0;Anomaly;
202601;AREA 1;SUMBAGUT;WESTERN MEDAN;IDI;AOi425110809261855030fc20;0;Anomaly;
202601;AREA 1;SUMBAGTENG;PEKANBARU;PBB;AOi4251113081646672e61d60;0;Anomaly;
202601;AREA 1;SUMBAGTENG;PEKANBARU;PBB;PDAk42510061202508470a3a10;0;Anomaly;
202601;AREA 1;SUMBAGTENG;PEKANBARU;PBB;AOi4251129050720768eb4f10;0;Anomaly;
202601;AREA 1;SUMBAGUT;BANDA ACEH;DAR;AOi4251102012707232aa1ba0;0;Anomaly;
202601;AREA 1;SUMBAGUT;BANDA ACEH;DAR;AOi425110101125601146e050;0;Anomaly;
202601;AREA 1;SUMBAGUT;BANDA ACEH;DAR;AOi4251125084810832f61620;0;Anomaly;
202601;AREA 1;SUMBAGUT;BANDA ACEH;DAR;AOi42511040215526285f2420;0;Anomaly;
202601;AREA 1;SUMBAGUT;BANDA ACEH;DAR;AOs325110703114694439ba70;0;Anomaly;
202601;AREA 1;SUMBAGUT;BANDA ACEH;DAR;AOi4251125072634580f981d0;0;Anomaly;
202601;AREA 1;SUMBAGUT;BANDA ACEH;DAR;AOi42511140838219727e8b00;0;Anomaly;
202601;AREA 1;SUMBAGUT;BANDA ACEH;DAR;AOi4251121062942951eba4e0;0;Anomaly;
202601;AREA 1;SUMBAGUT;BANDA ACEH;DAR;AOi4251106093909882148870;0;Anomaly;
202601;AREA 1;SUMBAGUT;BANDA ACEH;DAR;AOi425110101125601146e050;0;Anomaly;
202601;AREA 1;SUMBAGUT;BANDA ACEH;DAR;AOi4251127062422254cdc650;0;Anomaly;
202601;AREA 1;SUMBAGUT;BANDA ACEH;DAR;AOi42511140838219727e8b00;0;Anomaly;
202601;AREA 1;SUMBAGUT;BANDA ACEH;DAR;AOi4251116120822678e06710;0;Anomaly;
202601;AREA 1;SUMBAGUT;BANDA ACEH;DAR;AOi4251111043140507a3cfa0;0;Anomaly;
202601;AREA 1;SUMBAGSEL;BENGKULU;AGR;AOi4251117040157151ee2ff0;0;Anomaly;
202601;AREA 1;SUMBAGSEL;BENGKULU;AGR;AOi4251125123906580ba08c0;0;Anomaly;
202601;AREA 1;SUMBAGSEL;BENGKULU;MNA;AOi4251104070342924cccc60;0;Anomaly;
202601;AREA 1;SUMBAGSEL;BENGKULU;MNA;AOi425110102223486792f680;0;Anomaly;
202601;AREA 1;SUMBAGUT;BANDA ACEH;BNA;AOi4251124012555323de1d30;0;Anomaly;
202601;AREA 1;SUMBAGUT;BANDA ACEH;BNA;AOi42511140740564692c9cb0;0;Anomaly;
202601;AREA 1;SUMBAGUT;BANDA ACEH;BNA;AOk425111111011761975e110;0;Anomaly;
202601;AREA 1;SUMBAGTENG;BUKIT TINGGI;SPE;AOi4251103054511777543db0;0;Anomaly;
202601;AREA 1;SUMBAGTENG;BUKIT TINGGI;SPE;AOb0251116030353520842250;0;Anomaly;
202601;AREA 1;SUMBAGTENG;BATAM;SLU;AOk4251122103643429ecaac0;0;Comply;-94,13
202601;AREA 1;SUMBAGTENG;PADANG;BGS;AOi4251104103146652fb5c40;0;Anomaly;
202601;AREA 1;SUMBAGTENG;PADANG;BGS;AOi42511240915502732c8860;0;Anomaly;
202601;AREA 1;SUMBAGUT;BANDA ACEH;SLG;AOi42511120434508540c5930;0;Comply;2,85
202601;AREA 1;SUMBAGUT;BANDA ACEH;SLG;AOi425100203073698935ffe0;0;Anomaly;
202601;AREA 1;SUMBAGSEL;PALEMBANG;PLJ;AOi4251128093039308dbaa60;0;Anomaly;
202601;AREA 1;SUMBAGSEL;PALEMBANG;PLJ;AOi4251107082545933d3cca0;0;Comply;-4,08
202601;AREA 1;SUMBAGSEL;PALEMBANG;PLJ;AOi425111309322275903eb40;0;Comply;-21,37
202601;AREA 1;SUMBAGTENG;BATAM;LBJ;AOi4251127063828120374e60;0;Anomaly;
202601;AREA 1;SUMBAGTENG;BATAM;LBJ;AOi4251117094216120c62d00;0;Anomaly;
202601;AREA 1;SUMBAGTENG;BATAM;LBJ;AOi42511041033091316c0260;0;Anomaly;
202601;AREA 1;SUMBAGTENG;BATAM;LBJ;AOi4251111041837978ef3240;0;Anomaly;
202601;AREA 1;SUMBAGTENG;BATAM;LBJ;AOi4251121092022100c391b0;0;Anomaly;
202601;AREA 1;SUMBAGTENG;PADANG;SJJ;AOi4251102021828589b16a80;0;Anomaly;
202601;AREA 1;SUMBAGSEL;PANGKAL PINANG;PGP;AOi425112009412107883ebf0;0;Comply;0,57
202601;AREA 1;SUMBAGSEL;PANGKAL PINANG;PGP;AOi4251104064955774cf9ed0;0;Comply;-24,80
202601;AREA 1;SUMBAGTENG;BUKIT TINGGI;SPE;AOi4251105070657065511790;0;Anomaly;
202601;AREA 1;SUMBAGTENG;BUKIT TINGGI;SPE;AOi42511010532345387210b0;0;Anomaly;
202601;AREA 1;SUMBAGTENG;BUKIT TINGGI;SPE;AOi4251106101943168fd5620;0;Anomaly;
202601;AREA 1;SUMBAGUT;WESTERN MEDAN;PTL;AOi425110305161581624aa50;0;Anomaly;
202601;AREA 1;SUMBAGUT;CENTRAL MEDAN;TJM;AOi4251115102805532b54cf0;0;Anomaly;
202601;AREA 1;SUMBAGUT;CENTRAL MEDAN;TJM;AOi4251110020231114349660;0;Comply;-16,67
202601;AREA 1;SUMBAGUT;CENTRAL MEDAN;TJM;AOi42511081048504472c4c90;0;Anomaly;
202601;AREA 1;SUMBAGUT;CENTRAL MEDAN;TMU;AOk4251031034252455b21840;0;Anomaly;
202601;AREA 1;SUMBAGUT;CENTRAL MEDAN;TMU;AOi42511070929361533ee120;0;Anomaly;
202601;AREA 1;SUMBAGUT;BANDA ACEH;SNA;AOi42511130556084249d4c20;0;Anomaly;
202601;AREA 1;SUMBAGUT;BANDA ACEH;SNA;AOi425111511232936204c750;0;Anomaly;
202601;AREA 1;SUMBAGUT;BANDA ACEH;SNA;AOi42511080321384963ae4b0;0;Anomaly;
202601;AREA 1;SUMBAGUT;BANDA ACEH;SNA;AOi425111312312585453db90;0;Anomaly;
202601;AREA 1;SUMBAGUT;BANDA ACEH;SLG;AOi42511070206251451d7aa0;0;Anomaly;
202601;AREA 1;SUMBAGUT;BANDA ACEH;SLG;AOi425110407265246909bbd0;0;Anomaly;
202601;AREA 1;SUMBAGUT;BANDA ACEH;SLG;AOi42511040910476027df030;0;Anomaly;
202601;AREA 1;SUMBAGUT;BANDA ACEH;SLG;AOi4251110014848782b11020;0;Anomaly;
202601;AREA 1;SUMBAGTENG;PADANG;LIM;AOi1251114050139213b4aee0;0;Comply;0,05
202601;AREA 1;SUMBAGSEL;LAMPUNG;SPS;AOi42511220244016343f2b40;0;Anomaly;
202601;AREA 1;SUMBAGUT;RANTAU PRAPAT;TJB;AOi4251106015954296e14880;0;Anomaly;
202601;AREA 1;SUMBAGUT;RANTAU PRAPAT;TJB;AOi425110403345432232e440;0;Anomaly;
202601;AREA 1;SUMBAGTENG;PEKANBARU;RGT;AOi4251125115628003d2b7e0;0;Anomaly;
202601;AREA 1;SUMBAGUT;PADANG SIDEMPUAN;SIB;AOi4251114090449686136bd0;0;Anomaly;
202601;AREA 1;SUMBAGUT;RANTAU PRAPAT;ANR;AOi4251119092839469ddccd0;0;Anomaly;
202601;AREA 1;SUMBAGUT;RANTAU PRAPAT;ANR;AOi42511080103235668899e0;0;Anomaly;
202601;AREA 1;SUMBAGUT;RANTAU PRAPAT;ANR;AOi4251121020724264992050;0;Anomaly;
202601;AREA 1;SUMBAGUT;BANDA ACEH;MGD;AOi42511030856336580a5a80;0;Anomaly;
202601;AREA 1;SUMBAGUT;BANDA ACEH;MGD;AOi42511050337290125e0580;0;Anomaly;
202601;AREA 1;SUMBAGUT;BANDA ACEH;MGD;AOi425103003391438429a7f0;0;Anomaly;
202601;AREA 1;SUMBAGSEL;PANGKAL PINANG;PGP;AOi4251104052004573438b40;0;Anomaly;
202601;AREA 1;SUMBAGSEL;PANGKAL PINANG;PGP;AOi42511100410533578cc0d0;0;Anomaly;
202601;AREA 1;SUMBAGSEL;PANGKAL PINANG;TJN;AOs325112008333710511d1b0;0;Not Comply;3,05
202601;AREA 1;SUMBAGSEL;PANGKAL PINANG;TJN;AOi4251108113137240ff88c0;0;Anomaly;
202601;AREA 1;SUMBAGSEL;PANGKAL PINANG;TJN;AOi4251127012812867895350;0;Anomaly;
202601;AREA 1;SUMBAGSEL;PANGKAL PINANG;TJN;AOi42511170941530656423f0;0;Anomaly;
202601;AREA 1;SUMBAGSEL;PANGKAL PINANG;TJN;AOk42510310445514871eb8d0;0;Not Comply;7,58
202601;AREA 1;SUMBAGSEL;JAMBI;RBB;AOi4251118045223472a6ef50;0;Anomaly;
202601;AREA 1;SUMBAGUT;WESTERN MEDAN;LGS;AOi425112310525051239b550;0;Anomaly;
202601;AREA 1;SUMBAGUT;WESTERN MEDAN;LGS;AOi4251101093604833e1fab0;0;Anomaly;
202601;AREA 1;SUMBAGUT;BANDA ACEH;BPD;AOi42511200851598702981d0;0;Anomaly;
202601;AREA 1;SUMBAGUT;BANDA ACEH;BPD;AOi42511130821432012288d0;0;Anomaly;
202601;AREA 1;SUMBAGSEL;LAMPUNG;BDU;AOi42511070351386673b7d00;0;Anomaly;
202601;AREA 1;SUMBAGUT;PEMATANG SIANTAR;BST;AOi4251031015951614aecc60;0;Anomaly;
202601;AREA 1;SUMBAGTENG;PADANG;PNN;AOb025111012111827565ae50;0;Anomaly;
202601;AREA 1;SUMBAGUT;BANDA ACEH;LBR;AOi42511140758460521c81a0;0;Anomaly;
202601;AREA 1;SUMBAGUT;BANDA ACEH;LBR;AOi4251109054125579274bd0;0;Anomaly;
202601;AREA 1;SUMBAGUT;BANDA ACEH;LBR;AOi4251105081527636a6b0b0;0;Anomaly;
202601;AREA 1;SUMBAGUT;BANDA ACEH;LBR;AOi4251109020810821ba70f0;0;Anomaly;
202601;AREA 1;SUMBAGUT;BANDA ACEH;MGD;AOi425111004085125969d7e0;0;Anomaly;
202601;AREA 1;SUMBAGSEL;PALEMBANG;BTA;AOi42511130446364663ad5f0;0;Anomaly;
202601;AREA 1;SUMBAGSEL;JAMBI;MBN;AOi425111308035074415b910;0;Anomaly;-17,79
202601;AREA 1;SUMBAGSEL;JAMBI;MBN;AOs3251127021653372be4990;0;Anomaly;27,22
202601;AREA 1;SUMBAGUT;BANDA ACEH;KTN;AOi42511150916372283e3790;0;Anomaly;2,93
202601;AREA 1;SUMBAGTENG;PADANG;SOB;AOi42511190941221408b50c0;0;Anomaly;
202601;AREA 1;SUMBAGSEL;PALEMBANG;PDT;AOi42511020646125296debd0;0;Anomaly;
202601;AREA 1;SUMBAGUT;BANDA ACEH;SKL;AOi42511130141195282b9270;0;Anomaly;
202601;AREA 1;SUMBAGUT;BANDA ACEH;SKL;AOi4251117075422082f031e0;0;Anomaly;
202601;AREA 1;SUMBAGUT;BANDA ACEH;SKL;AOi4251108043003731bcc940;0;Anomaly;
202601;AREA 1;SUMBAGUT;BANDA ACEH;SKL;AOi42511130141195282b9270;0;Anomaly;
202601;AREA 1;SUMBAGUT;BANDA ACEH;SKL;AOi42511110251021497c2280;0;Anomaly;2,46
202601;AREA 1;SUMBAGSEL;BENGKULU;MNA;AOi4251119084926687068160;0;Anomaly;
202601;AREA 1;SUMBAGSEL;BENGKULU;MNA;AOi4251123023121754bb4810;0;Anomaly;
202601;AREA 1;SUMBAGSEL;BENGKULU;TSS;AOi4251121042944396f50030;0;Anomaly;
202601;AREA 1;SUMBAGSEL;BENGKULU;TSS;AOs325111508420152019d910;0;Anomaly;-18,90
202601;AREA 1;SUMBAGSEL;BENGKULU;BTH;AOi4251030010033002d58600;0;Anomaly;
202601;AREA 1;SUMBAGSEL;BENGKULU;BTH;AOi425111211003987973e940;0;Anomaly;
202601;AREA 1;SUMBAGTENG;BATAM;DGS;AOs3251128034816503f27360;0;Anomaly;
202601;AREA 1;SUMBAGTENG;BATAM;DGS;AOi4251118094112337efe440;0;Comply;-69,04
202601;AREA 1;SUMBAGTENG;BATAM;DGS;AOi42511211015512027cfb60;0;Comply;-46,70
202601;AREA 1;SUMBAGTENG;BATAM;DGS;AOi12511141038148098d4a90;0;Anomaly;
202601;AREA 1;SUMBAGTENG;BATAM;DGS;AOi4251108115418185649190;0;Anomaly;
202601;AREA 1;SUMBAGTENG;BATAM;DGS;AOi42511031111210310b13f0;0;Comply;-115,36
202601;AREA 1;SUMBAGUT;PADANG SIDEMPUAN;BJE;AOi425111706143252871f3f0;0;Anomaly;
202601;AREA 1;SUMBAGSEL;PANGKAL PINANG;PGP;AOi425112408174133070fbf0;0;Anomaly;
202601;AREA 1;SUMBAGTENG;PEKANBARU;TJT;AOi425112504211527900b8e0;0;Anomaly;
202601;AREA 1;SUMBAGUT;PADANG SIDEMPUAN;BJE;AOi42511170309118428972a0;0;Anomaly;
202601;AREA 1;SUMBAGUT;PADANG SIDEMPUAN;PYB;AOb025111608032504083da40;0;Anomaly;
202601;AREA 1;SUMBAGUT;PADANG SIDEMPUAN;PYB;AOi4251122062002205808020;0;Anomaly;
202601;AREA 1;SUMBAGUT;PADANG SIDEMPUAN;PYB;AOi4251107110151456020460;0;Anomaly;-3,10
202601;AREA 1;SUMBAGUT;PADANG SIDEMPUAN;PYB;AOi42511240140016616f3030;0;Anomaly;-16,78
202601;AREA 1;SUMBAGUT;PADANG SIDEMPUAN;PYB;AOi425111811191743191b4f0;0;Anomaly;
202601;AREA 1;SUMBAGUT;WESTERN MEDAN;PBD;AOi4251111020733308745380;0;Anomaly;
202601;AREA 1;SUMBAGUT;WESTERN MEDAN;PBD;AOi4251103114224813734a10;0;Anomaly;
202601;AREA 1;SUMBAGTENG;PEKANBARU;BKR;AOs3251104122521013a218a0;0;Anomaly;
202601;AREA 1;SUMBAGSEL;JAMBI;BKO;AOi4251102012127061bee160;0;Anomaly;
202601;AREA 1;SUMBAGSEL;JAMBI;BKO;AOi425112404165332945e850;0;Anomaly;
202601;AREA 1;SUMBAGSEL;JAMBI;BKO;AOi4251111043128294428ae0;0;Anomaly;-19,58
202601;AREA 1;SUMBAGSEL;JAMBI;BKO;AOi4251110024404164761b20;0;Anomaly;
202601;AREA 1;SUMBAGSEL;JAMBI;BKO;AOi4251117091241602995560;0;Anomaly;68,83
202601;AREA 1;SUMBAGSEL;JAMBI;BKO;AOi4251110122053239b0db90;0;Anomaly;
202601;AREA 1;SUMBAGSEL;PANGKAL PINANG;PGP;AOi4251104064122319852410;0;Anomaly;
202601;AREA 1;SUMBAGSEL;PANGKAL PINANG;PGP;AOi4251122054809308736fe0;0;Not Comply;9,37
202601;AREA 1;SUMBAGTENG;BUKIT TINGGI;PRS;AOi425110211064162145bb30;0;Anomaly;
202601;AREA 1;SUMBAGUT;CENTRAL MEDAN;SKI;AOi42511210730055249ea310;0;Anomaly;
202601;AREA 1;SUMBAGTENG;BUKIT TINGGI;UGD;AOi4251109101825068bb8080;0;Anomaly;
202601;AREA 1;SUMBAGUT;PADANG SIDEMPUAN;PYB;AOi425111912090686941a550;0;Anomaly;
202601;AREA 1;SUMBAGUT;BANDA ACEH;LTM;AOi4251127085708335ee4e80;0;Anomaly;
202601;AREA 1;SUMBAGUT;BANDA ACEH;LTM;AOi42510310756535098fb790;0;Anomaly;
202601;AREA 1;SUMBAGUT;WESTERN MEDAN;LGS;AOi42511020122345830d4440;0;Anomaly;
202601;AREA 1;SUMBAGUT;WESTERN MEDAN;LGS;AOi42511231107362046d3400;0;Anomaly;
202601;AREA 1;SUMBAGUT;WESTERN MEDAN;LGS;AOi425111808302147469c120;0;Anomaly;
202601;AREA 1;SUMBAGUT;WESTERN MEDAN;LGS;AOi4251101121133226993050;0;Anomaly;
202601;AREA 1;SUMBAGUT;WESTERN MEDAN;LGS;AOk4251112101726266781720;0;Anomaly;
202601;AREA 1;SUMBAGUT;WESTERN MEDAN;LGS;AOi4251104012722276c36160;0;Anomaly;
202601;AREA 1;SUMBAGUT;WESTERN MEDAN;LGS;AOk425111403493376863a5f0;0;Anomaly;
202601;AREA 1;SUMBAGUT;WESTERN MEDAN;LGS;AOi42511191253201881e0130;0;Anomaly;
202601;AREA 1;SUMBAGSEL;JAMBI;BKO;AOi425112202392125075b1c0;0;Anomaly;
202601;AREA 1;SUMBAGSEL;JAMBI;BKO;AOi4251118020937042485aa0;0;Anomaly;
202601;AREA 1;SUMBAGSEL;PALEMBANG;SKY;AOb0251102115607945eb8340;0;Anomaly;
202601;AREA 1;SUMBAGUT;RANTAU PRAPAT;GNT;AOi4251123095957265f1cfb0;0;Anomaly;
202601;AREA 1;SUMBAGSEL;JAMBI;RBB;AOi4251110061455536a8f4d0;0;Anomaly;
202601;AREA 1;SUMBAGTENG;PEKANBARU;RGT;AOi425112704271741847a670;0;Anomaly;
202601;AREA 1;SUMBAGUT;PADANG SIDEMPUAN;BGO;AOi4251110022438195549460;0;Anomaly;
202601;AREA 1;SUMBAGTENG;BATAM;RAI;AOi4251114022514266ae5350;0;Anomaly;2,37
202601;AREA 1;SUMBAGUT;RANTAU PRAPAT;SBO;AOi4251118030012671105c10;0;Anomaly;
202601;AREA 1;SUMBAGSEL;JAMBI;MRO;AOi4251123091844962332f40;0;Anomaly;45,12
202601;AREA 1;SUMBAGSEL;JAMBI;MRO;AOi4251030095257924f4af00;0;Anomaly;
202601;AREA 1;SUMBAGSEL;JAMBI;MRO;AOi425110710543786448fa00;0;Anomaly;
202601;AREA 1;SUMBAGUT;PEMATANG SIANTAR;ABA;AOi42511220242072417bec60;0;Anomaly;
202601;AREA 1;SUMBAGUT;PEMATANG SIANTAR;ABA;AOi4251122073010339b87530;0;Anomaly;
202601;AREA 1;SUMBAGSEL;BENGKULU;PGA;AOi4251115104959433c241c0;0;Anomaly;5,10
202601;AREA 1;SUMBAGSEL;BENGKULU;PGA;AOi4251117094638345f53b30;0;Anomaly;71,33
202601;AREA 1;SUMBAGUT;WESTERN MEDAN;LGS;AOi4251110070338040d393a0;0;Anomaly;
202601;AREA 1;SUMBAGUT;BANDA ACEH;LBR;AOi1251106072111305775d60;0;Anomaly;
202601;AREA 1;SUMBAGUT;BANDA ACEH;LBR;AOi4251119074247265e64c50;0;Anomaly;
202601;AREA 1;SUMBAGUT;BANDA ACEH;LBR;AOi125111307273175011c970;0;Anomaly;
202601;AREA 1;SUMBAGUT;BANDA ACEH;LBR;AOi4251109054125579274bd0;0;Anomaly;
202601;AREA 1;SUMBAGUT;BANDA ACEH;LBR;AOi42510311252044974e7980;0;Anomaly;
202601;AREA 1;SUMBAGUT;BANDA ACEH;JRM;AOi4251107050143450297c40;0;Anomaly;
202601;AREA 1;SUMBAGUT;BANDA ACEH;JRM;AOi4251120091331782999020;0;Anomaly;
202601;AREA 1;SUMBAGUT;WESTERN MEDAN;KSG;AOi4251119115312469f560a0;0;Anomaly;
202601;AREA 1;SUMBAGUT;WESTERN MEDAN;KSG;AOi425110908200125550aec0;0;Anomaly;
202601;AREA 1;SUMBAGTENG;BATAM;LBJ;PDAk4251111074547957614380;0;Anomaly;
202601;AREA 1;SUMBAGTENG;BATAM;LBJ;AOi4251104094244819f98f60;0;Anomaly;
202601;AREA 1;SUMBAGTENG;BATAM;LBJ;AOi4251119012101792cc8940;0;Anomaly;
202601;AREA 1;SUMBAGTENG;BATAM;LBJ;AOi42511270401072113e66b0;0;Anomaly;
202601;AREA 1;SUMBAGTENG;BATAM;LBJ;AOi4251106115503534835220;0;Anomaly;
202601;AREA 1;SUMBAGTENG;BATAM;LBJ;AOi4251104094244819f98f60;0;Anomaly;
202601;AREA 1;SUMBAGSEL;BENGKULU;PGA;AOi4251107024726388c50310;0;Anomaly;
202601;AREA 1;SUMBAGUT;BANDA ACEH;SNA;AOi42511120138533296d17e0;0;Anomaly;89,36
202601;AREA 1;SUMBAGUT;RANTAU PRAPAT;KPI;AOi42511260452013061e7c20;0;Anomaly;
202601;AREA 1;SUMBAGUT;RANTAU PRAPAT;KPI;AOi4251105094842386d158e0;0;Anomaly;
202601;AREA 1;SUMBAGUT;RANTAU PRAPAT;SIH;AOi425111702123058582a4a0;0;Anomaly;
202601;AREA 1;SUMBAGUT;RANTAU PRAPAT;SIH;AOi4251104080550764486b40;0;Anomaly;-3,90
202601;AREA 1;SUMBAGUT;WESTERN MEDAN;PGL;AOi4251117044522954d589f0;0;Anomaly;
202601;AREA 1;SUMBAGUT;PEMATANG SIANTAR;PRR;AOi4251120062650160639e10;0;Anomaly;-0,19
202601;AREA 1;SUMBAGSEL;PANGKAL PINANG;PGP;AOi42511150540163318037f0;0;Comply;-0,56
202601;AREA 1;SUMBAGSEL;PANGKAL PINANG;PGP;AOi42511090800051760657e0;0;Comply;0,43
202601;AREA 1;SUMBAGUT;BANDA ACEH;SMM;AOi4251031030852625fd6a30;0;Comply;-5,12
202601;AREA 1;SUMBAGUT;PEMATANG SIANTAR;PMS;AOi425110502223238672ded0;0;Anomaly;
202601;AREA 1;SUMBAGUT;PEMATANG SIANTAR;PMS;AOi4251117012835643fd16a0;0;Anomaly;
202601;AREA 1;SUMBAGUT;PEMATANG SIANTAR;PMS;AOk4251124124608865a2d8f0;0;Anomaly;
202601;AREA 1;SUMBAGUT;PEMATANG SIANTAR;PMS;AOi42511080344465736be6f0;0;Anomaly;
202601;AREA 1;SUMBAGUT;PEMATANG SIANTAR;PMS;AOi4251122110643569fd5d00;0;Anomaly;
202601;AREA 1;SUMBAGUT;PEMATANG SIANTAR;PRR;AOi42511090123315580303d0;0;Anomaly;
202601;AREA 1;SUMBAGSEL;BENGKULU;TMO;AOi42511280953028933c3af0;0;Anomaly;
202601;AREA 1;SUMBAGUT;PEMATANG SIANTAR;SDK;AOi4251109091750127f5b8b0;0;Anomaly;
202601;AREA 1;SUMBAGUT;PEMATANG SIANTAR;SDK;AOi425111212312847102f3a0;0;Anomaly;
202601;AREA 1;SUMBAGUT;PEMATANG SIANTAR;SDK;AOi425111212312847102f3a0;0;Anomaly;
202601;AREA 1;SUMBAGSEL;PANGKAL PINANG;MGR;AOi4251102094857566ca75d0;0;Anomaly;6,82
202601;AREA 1;SUMBAGSEL;PANGKAL PINANG;MGR;AOs3251122111815680c80740;0;Anomaly;3,98
202601;AREA 1;SUMBAGSEL;PANGKAL PINANG;MGR;AOi4251118044341952720770;0;Anomaly;
202601;AREA 1;SUMBAGTENG;PADANG;SLK;AOs3251105013840104186f30;0;Anomaly;
202601;AREA 1;SUMBAGTENG;PADANG;SLK;AOi4251123111058914c43510;0;Anomaly;
202601;AREA 1;SUMBAGSEL;BENGKULU;PDW;AOi4251116023146342614330;0;Anomaly;
202601;AREA 1;SUMBAGSEL;PANGKAL PINANG;TJN;AOi42511200928218616c0e60;0;Comply;-43,63
202601;AREA 1;SUMBAGSEL;PANGKAL PINANG;TJN;AOi4251126104436053cf3ce0;0;Anomaly;
202601;AREA 1;SUMBAGSEL;PANGKAL PINANG;TJN;AOi42511030231595882f54d0;0;Comply;-0,85
202601;AREA 1;SUMBAGSEL;LAMPUNG;GDT;AOi4251101072624698273280;0;Comply;-0,73
202601;AREA 1;SUMBAGUT;WESTERN MEDAN;LGS;AOk42511120223308117300c0;0;Anomaly;
202601;AREA 1;SUMBAGUT;WESTERN MEDAN;LGS;AOi4251112013847497447590;0;Anomaly;
202601;AREA 1;SUMBAGSEL;PANGKAL PINANG;MGR;AOs3251122111815680c80740;0;Anomaly;
202601;AREA 1;SUMBAGTENG;PADANG;SIE;AOi4251101041109196aed100;0;Anomaly;-4,88
202601;AREA 1;SUMBAGTENG;PADANG;SIE;AOi4251124022813544db6700;0;Anomaly;
202601;AREA 1;SUMBAGTENG;PADANG;SIE;AOi4251124022813544db6700;0;Anomaly;
202601;AREA 1;SUMBAGTENG;PADANG;SIE;AOi42511240444235061f02a0;0;Anomaly;
202601;AREA 1;SUMBAGTENG;PADANG;SIE;AOi4251119092632929b2d720;0;Anomaly;
202601;AREA 1;SUMBAGTENG;PADANG;SIE;AOi4251124022813544db6700;0;Anomaly;
202601;AREA 1;SUMBAGSEL;PALEMBANG;MEM;AOi42511081001212131d2e40;0;Anomaly;
202601;AREA 1;SUMBAGSEL;PALEMBANG;MEM;AOi425111310234096970dfe0;0;Anomaly;
202601;AREA 1;SUMBAGSEL;PANGKAL PINANG;JBS;AOi4251128040334199489020;0;Anomaly;
202601;AREA 1;SUMBAGSEL;JAMBI;PKB;AOi4251030111929692bfaf60;0;Anomaly;
202601;AREA 1;SUMBAGSEL;JAMBI;PKB;AOi42511140307538806ef990;0;Anomaly;
202601;AREA 1;SUMBAGUT;PADANG SIDEMPUAN;GST;AOi4251109115531458ac8bf0;0;Anomaly;
202601;AREA 1;SUMBAGUT;PADANG SIDEMPUAN;GST;AOi42511050852317723150c0;0;Anomaly;
202601;AREA 1;SUMBAGUT;PADANG SIDEMPUAN;GST;AOi4251107085921564755e80;0;Anomaly;
202601;AREA 1;SUMBAGSEL;JAMBI;SRJ;AOi42511010529246438a6c30;0;Anomaly;
202601;AREA 1;SUMBAGSEL;BENGKULU;BTH;AOi4251031071247093d87990;0;Anomaly;
202601;AREA 1;SUMBAGSEL;BENGKULU;BTH;AOi4251101040921050918490;0;Anomaly;
202601;AREA 1;SUMBAGSEL;BENGKULU;BTH;AOi4251101092205431f08580;0;Anomaly;
202601;AREA 1;SUMBAGSEL;BENGKULU;BTH;AOi4251101092205431f08580;0;Anomaly;
202601;AREA 1;SUMBAGUT;BANDA ACEH;TKN;AOi4251120073735951672740;0;Anomaly;
202601;AREA 1;SUMBAGUT;BANDA ACEH;TKN;AOi42510310502376882724d0;0;Anomaly;
202601;AREA 1;SUMBAGUT;BANDA ACEH;TKN;AOi4251021112234536763c30;0;Anomaly;
202601;AREA 1;SUMBAGUT;BANDA ACEH;TKN;AOi4251112092748545bcc780;0;Anomaly;
202601;AREA 1;SUMBAGUT;BANDA ACEH;TKN;AOi4251105011746217a34bb0;0;Anomaly;
202601;AREA 1;SUMBAGSEL;PANGKAL PINANG;MGR;AOi42511140700081882ceab0;0;Anomaly;
202601;AREA 1;SUMBAGSEL;PANGKAL PINANG;MGR;AOi4251117044849317359be0;0;Anomaly;
202601;AREA 1;SUMBAGSEL;PANGKAL PINANG;MGR;AOs3251111121721580899530;0;Anomaly;
202601;AREA 1;SUMBAGSEL;PANGKAL PINANG;MGR;AOi425111012373722157e700;0;Anomaly;
202601;AREA 1;SUMBAGSEL;PANGKAL PINANG;MGR;AOs3251122111815680c80740;0;Anomaly;9,61
202601;AREA 1;SUMBAGUT;BANDA ACEH;BKJ;AOi42511150510486299ea260;0;Anomaly;
202601;AREA 1;SUMBAGUT;BANDA ACEH;SAB;AOi4251108073748388148970;0;Anomaly;
202601;AREA 1;SUMBAGTENG;BATAM;LBJ;AOi425103007203492008e610;0;Comply;-27,11
202601;AREA 1;SUMBAGUT;WESTERN MEDAN;KSG;AOi42511211119142985463d0;0;Anomaly;
202601;AREA 1;SUMBAGUT;WESTERN MEDAN;KSG;AOi4251117011416516d399f0;0;Anomaly;
202601;AREA 1;SUMBAGUT;WESTERN MEDAN;KSG;AOi42511010106186909dd420;0;Anomaly;
202601;AREA 1;SUMBAGUT;WESTERN MEDAN;KSG;AOi4251118085633067bc87b0;0;Anomaly;
202601;AREA 1;SUMBAGUT;WESTERN MEDAN;KSG;AOi4251116094149415e263f0;0;Anomaly;
202601;AREA 1;SUMBAGUT;WESTERN MEDAN;KSG;AOi42511211119142985463d0;0;Anomaly;
202601;AREA 1;SUMBAGUT;WESTERN MEDAN;KSG;AOk4251117120430001adfb00;0;Anomaly;
202601;AREA 1;SUMBAGUT;WESTERN MEDAN;KSG;AOi4251106093216350652f80;0;Anomaly;
202601;AREA 1;SUMBAGUT;WESTERN MEDAN;KSG;AOi4251116094149415e263f0;0;Anomaly;
202601;AREA 1;SUMBAGTENG;BATAM;LBJ;AOi4251125043455327bcd490;0;Anomaly;
202601;AREA 1;SUMBAGTENG;BATAM;LBJ;AOi4251106013041949acd510;0;Anomaly;
202601;AREA 1;SUMBAGUT;PEMATANG SIANTAR;IDA;AOi4251119020334407e25730;0;Anomaly;
202601;AREA 1;SUMBAGSEL;BENGKULU;BNC;AOi4251123042733886a87970;0;Anomaly;
202601;AREA 1;SUMBAGSEL;BENGKULU;BNC;AOi42511151142459447758c0;0;Anomaly;
202601;AREA 1;SUMBAGSEL;BENGKULU;BNC;AOi4251127101657663f04640;0;Anomaly;
202601;AREA 1;SUMBAGSEL;BENGKULU;BNC;AOi4251111093232920b6a4f0;0;Anomaly;
202601;AREA 1;SUMBAGSEL;PALEMBANG;UNT;AOi4251121051419444fc74c0;0;Anomaly;
202601;AREA 1;SUMBAGUT;BANDA ACEH;MRU;AOb025103104232164910c060;0;Anomaly;
202601;AREA 1;SUMBAGUT;BANDA ACEH;MRU;AOi4251102020458856f7b620;0;Anomaly;
202601;AREA 1;SUMBAGTENG;DUMAI;DUM;AOi4251106032223347f589d0;0;Anomaly;
202601;AREA 1;SUMBAGTENG;DUMAI;DUM;PDAk4251112120622590fa9da0;0;Anomaly;
202601;AREA 1;SUMBAGTENG;DUMAI;DUM;AOi42511121018331883c2970;0;Anomaly;
202601;AREA 1;SUMBAGUT;BANDA ACEH;TKN;AOi4251117050125282369ca0;0;Anomaly;
202601;AREA 1;SUMBAGUT;BANDA ACEH;TKN;AOi425111710532834507cd40;0;Anomaly;
202601;AREA 1;SUMBAGUT;BANDA ACEH;SAB;AOk4251104095750364398d70;0;Anomaly;
202601;AREA 1;SUMBAGUT;BANDA ACEH;SAB;AOi4251031055047054b4d330;0;Anomaly;
202601;AREA 1;SUMBAGUT;BANDA ACEH;TKN;AOi42511130144570663bcb90;0;Anomaly;
202601;AREA 1;SUMBAGUT;BANDA ACEH;TKN;AOi42511111038479306c4750;0;Anomaly;
202601;AREA 1;SUMBAGUT;BANDA ACEH;TKN;AOi425110611380882945b7a0;0;Anomaly;
202601;AREA 1;SUMBAGTENG;PEKANBARU;SAK;AOi4251016075336422e1d830;0;Anomaly;
202601;AREA 1;SUMBAGUT;PADANG SIDEMPUAN;BJE;AOi425111706143252871f3f0;0;Anomaly;
202601;AREA 1;SUMBAGUT;PEMATANG SIANTAR;TGD;AOi4251119041441212ee2cc0;0;Anomaly;
202601;AREA 1;SUMBAGTENG;PADANG;TLB;AOi425110201322782950ab00;0;Anomaly;
202601;AREA 1;SUMBAGTENG;PADANG;TLB;AOi4251120015026412c29510;0;Comply;1,45
202601;AREA 1;SUMBAGTENG;PADANG;TLB;AOi42511210748097992c98b0;0;Not Comply;23,05
202601;AREA 1;SUMBAGTENG;PADANG;BLS;AOi4251113081847377f3b930;0;Anomaly;
202601;AREA 1;SUMBAGTENG;PADANG;BLS;AOi4251118103929157da14f0;0;Anomaly;
202601;AREA 1;SUMBAGTENG;PEKANBARU;SOK;AOi4251112061530946088cf0;0;Anomaly;
202601;AREA 1;SUMBAGTENG;PEKANBARU;SOK;AOs3251003104017358b37a20;0;Anomaly;
202601;AREA 1;SUMBAGSEL;BENGKULU;MNA;AOi4251105115426889071690;0;Anomaly;
202601;AREA 1;SUMBAGSEL;BENGKULU;MNA;AOi42511010209342244ee9b0;0;Anomaly;
202601;AREA 1;SUMBAGSEL;BENGKULU;MNA;AOi4251104082008801935ea0;0;Anomaly;
202601;AREA 1;SUMBAGTENG;PEKANBARU;ARK;AOi425110711273875301f570;0;Anomaly;
202601;AREA 1;SUMBAGTENG;PEKANBARU;ARK;AOk425112411191756765f460;0;Anomaly;
202601;AREA 1;SUMBAGTENG;PEKANBARU;ARK;AOi42511130101099547ae2e0;0;Comply;-26,21
202601;AREA 1;SUMBAGTENG;PEKANBARU;ARK;AOi42511260716296953c2670;0;Anomaly;
202601;AREA 1;SUMBAGTENG;PEKANBARU;ARK;AOi42511250304588316bfec0;0;Anomaly;
202601;AREA 1;SUMBAGTENG;PEKANBARU;ARK;AOi42511130101099547ae2e0;0;Comply;-90,03
202601;AREA 1;SUMBAGUT;WESTERN MEDAN;LGS;AOi4251103015705233caafd0;0;Comply;-24,41
202601;AREA 1;SUMBAGUT;WESTERN MEDAN;LGS;AOi42511100930547715e0980;0;Anomaly;
202601;AREA 1;SUMBAGUT;WESTERN MEDAN;LGS;AOi42511231107362046d3400;0;Anomaly;
202601;AREA 1;SUMBAGUT;WESTERN MEDAN;LGS;AOi4251113015818652e45a60;0;Anomaly;
202601;AREA 1;SUMBAGUT;WESTERN MEDAN;LGS;AOi4251111103204501f13140;0;Anomaly;
202601;AREA 1;SUMBAGUT;WESTERN MEDAN;LGS;AOi4251106094857697efe910;0;Anomaly;
202601;AREA 1;SUMBAGUT;WESTERN MEDAN;LGS;AOi4251119072540862f07b90;0;Anomaly;
202601;AREA 1;SUMBAGUT;WESTERN MEDAN;LGS;AOi4251123091323282e69df0;0;Anomaly;
202601;AREA 1;SUMBAGSEL;PALEMBANG;MUD;AOi4251106013918044cb7360;0;Anomaly;
202601;AREA 1;SUMBAGSEL;PALEMBANG;TLK;AOi4251111071304507a656f0;0;Anomaly;
202601;AREA 1;SUMBAGTENG;BUKIT TINGGI;PUK;AOi425111906072018392ac50;0;Anomaly;
202601;AREA 1;SUMBAGUT;RANTAU PRAPAT;KPI;AOi425110905224987234a540;0;Anomaly;
202601;AREA 1;SUMBAGUT;RANTAU PRAPAT;KPI;AOi4251125114121414a77b60;0;Anomaly;
202601;AREA 1;SUMBAGUT;RANTAU PRAPAT;KPI;AOi425110905224987234a540;0;Anomaly;
202601;AREA 1;SUMBAGTENG;PADANG;PSB;AOi4251031040408348ea9dd0;0;Anomaly;
202601;AREA 1;SUMBAGUT;WESTERN MEDAN;KGH;AOi4251029101853187eae2b0;0;Anomaly;
202601;AREA 1;SUMBAGUT;WESTERN MEDAN;KGH;AOb0251110062138403c07f40;0;Anomaly;
202601;AREA 1;SUMBAGUT;WESTERN MEDAN;KGH;AOb0251110062138403c07f40;0;Anomaly;
202601;AREA 1;SUMBAGUT;WESTERN MEDAN;KGH;AOi42511010535557970aef90;0;Anomaly;
202601;AREA 1;SUMBAGTENG;BATAM;BTC;AOi4251102023806425014bf0;0;Anomaly;
202601;AREA 1;SUMBAGTENG;BATAM;BTC;PDAk42511150645299572040e0;0;Anomaly;
202601;AREA 1;SUMBAGTENG;BATAM;BTC;AOi4251101020502540402660;0;Anomaly;
202601;AREA 1;SUMBAGUT;BANDA ACEH;LTM;AOi4251127085708335ee4e80;0;Anomaly;
202601;AREA 1;SUMBAGUT;BANDA ACEH;LTM;AOi425112110214200171d120;0;Comply;-21,25
202601;AREA 1;SUMBAGUT;BANDA ACEH;LTM;AOi42511010101443347e2df0;0;Anomaly;
202601;AREA 1;SUMBAGUT;BANDA ACEH;LTM;AOi42511200853320602e5900;0;Anomaly;
202601;AREA 1;SUMBAGTENG;PEKANBARU;MIS;AOi4251111091556160be02e0;0;Anomaly;
202601;AREA 1;SUMBAGTENG;PEKANBARU;BKR;AOi4251125071942965dbdc40;0;Anomaly;
202601;AREA 1;SUMBAGSEL;PALEMBANG;SRO;AOi4251030043053742eb25e0;0;Anomaly;
202601;AREA 1;SUMBAGSEL;LAMPUNG;KBI;AOi4251123022558244854490;0;Not Comply;20,24
202601;AREA 1;SUMBAGSEL;LAMPUNG;KBI;AOi425110305520832319e780;0;Anomaly;
202601;AREA 1;SUMBAGUT;PEMATANG SIANTAR;BLG;AOi42511180737006952fa1a0;0;Comply;-23,86
202601;AREA 1;SUMBAGUT;PEMATANG SIANTAR;BLG;AOi4251117054339430b44bb0;0;Anomaly;
202601;AREA 1;SUMBAGUT;CENTRAL MEDAN;MDC;AOi425110111430257808af30;0;Anomaly;
202601;AREA 1;SUMBAGUT;CENTRAL MEDAN;MDC;AOi4251104085254741470960;0;Comply;-21,12
202601;AREA 1;SUMBAGUT;CENTRAL MEDAN;MDC;PDAk4251030101917971bc9a40;0;Anomaly;
202601;AREA 1;SUMBAGUT;PEMATANG SIANTAR;PMY;AOi4251031080031326bdbff0;0;Anomaly;
202601;AREA 1;SUMBAGTENG;PADANG;LBY;AOi4251103072916733b83310;0;Anomaly;
202601;AREA 1;SUMBAGTENG;PADANG;LBY;AOi4251124022324552074a10;0;Anomaly;
202601;AREA 1;SUMBAGTENG;PADANG;LBY;AOs32511071104571569a0400;0;Not Comply;118,69
202601;AREA 1;SUMBAGTENG;BUKIT TINGGI;KNL;AOi4251108071504581b83d90;0;Not Comply;27,73
202601;AREA 1;SUMBAGUT;PEMATANG SIANTAR;SRA;AOi4251115125212787978b80;0;Anomaly;
202601;AREA 1;SUMBAGUT;PEMATANG SIANTAR;SRA;AOi4251117044928060a544c0;0;Not Comply;23,01
202601;AREA 1;SUMBAGUT;CENTRAL MEDAN;SPM;PDAk4251110094306633d981c0;0;Anomaly;
202601;AREA 1;SUMBAGUT;CENTRAL MEDAN;SPM;PDAk425112109444050368f150;0;Anomaly;
202601;AREA 1;SUMBAGUT;CENTRAL MEDAN;SPM;AOi4251112020324741437e60;0;Anomaly;
202601;AREA 1;SUMBAGUT;CENTRAL MEDAN;SPM;AOi42511290438021888be030;0;Anomaly;
202601;AREA 1;SUMBAGTENG;BUKIT TINGGI;BKT;AOi4251107085744197f92c30;0;Anomaly;
202601;AREA 1;SUMBAGTENG;BATAM;BTC;AOi1251108114359737563a80;0;Not Comply;23,66
202601;AREA 1;SUMBAGUT;PADANG SIDEMPUAN;PSP;AOi42511170240542484c2010;0;Anomaly;
202601;AREA 1;SUMBAGUT;PADANG SIDEMPUAN;PSP;AOi4251114031813552782cd0;0;Anomaly;
202601;AREA 1;SUMBAGUT;PADANG SIDEMPUAN;PSP;AOi42511190226551529c6ee0;0;Anomaly;
202601;AREA 1;SUMBAGUT;PADANG SIDEMPUAN;PSP;AOi4251114031813552782cd0;0;Not Comply;20,72
202601;AREA 1;SUMBAGUT;BANDA ACEH;SPU;AOi4251117091853459cddcd0;0;Comply;-65,71
202601;AREA 1;SUMBAGTENG;PADANG;TPN;AOi42511150509448253a2750;0;Anomaly;
202601;AREA 1;SUMBAGTENG;PADANG;BDT;AOi4251126015644053efb910;0;Anomaly;
202601;AREA 1;SUMBAGTENG;PADANG;BDT;AOi4251128071951966cfb400;0;Anomaly;
202601;AREA 1;SUMBAGUT;WESTERN MEDAN;KGH;AOi4251027045244574b6a230;0;Anomaly;
202601;AREA 1;SUMBAGUT;WESTERN MEDAN;KGH;AOi4251102085043363a67f80;0;Anomaly;
202601;AREA 1;SUMBAGSEL;LAMPUNG;TJK;AOi42511071208365233c5b60;0;Anomaly;
202601;AREA 1;SUMBAGSEL;LAMPUNG;TJK;AOk425112909304784307ac40;0;Anomaly;
202601;AREA 1;SUMBAGSEL;LAMPUNG;TJK;AOi4251120091130649876b60;0;Anomaly;
202601;AREA 1;SUMBAGSEL;LAMPUNG;TJK;AOi1251121085859577f78810;0;Anomaly;
202601;AREA 1;SUMBAGUT;CENTRAL MEDAN;PUB;AOi4251111020924443562aa0;0;Anomaly;
202601;AREA 1;SUMBAGUT;CENTRAL MEDAN;PUB;AOi42511190107009181f5580;0;Anomaly;
202601;AREA 1;SUMBAGUT;CENTRAL MEDAN;PUB;AOi4251103030823819906350;0;Anomaly;
202601;AREA 1;SUMBAGUT;CENTRAL MEDAN;PUB;AOk42511240129046275bd5d0;0;Anomaly;
202601;AREA 1;SUMBAGUT;BANDA ACEH;SGI;AOi425102002015316499c370;0;Anomaly;
202601;AREA 1;SUMBAGUT;WESTERN MEDAN;LGS;AOi4251029094709985dfeb80;0;Anomaly;
202601;AREA 1;SUMBAGUT;PADANG SIDEMPUAN;SIB;AOi4251111100730991301280;0;Comply;-1,99
202601;AREA 1;SUMBAGUT;PADANG SIDEMPUAN;SIB;AOi42511071148591824605e0;0;Anomaly;
202601;AREA 1;SUMBAGUT;PEMATANG SIANTAR;RBM;AOi4251122110732609994970;0;Comply;-1,18
202601;AREA 1;SUMBAGUT;PEMATANG SIANTAR;BLG;AOi4251111051511983f008e0;0;Anomaly;
202601;AREA 1;SUMBAGUT;CENTRAL MEDAN;MDC;AOi4251103120710743e718f0;0;Anomaly;
202601;AREA 1;SUMBAGUT;CENTRAL MEDAN;MDC;AOs3251120092956151257590;0;Anomaly;
202601;AREA 1;SUMBAGUT;CENTRAL MEDAN;MDC;AOi4251118114718743b8d4c0;0;Anomaly;
202601;AREA 1;SUMBAGSEL;BENGKULU;IPU;AOk4251108075106187260030;0;Anomaly;
202601;AREA 1;SUMBAGTENG;DUMAI;BAG;AOi4251113092738942df1bc0;0;Anomaly;
202601;AREA 1;SUMBAGTENG;BUKIT TINGGI;BSO;AOk4251117095855754f70b10;0;Anomaly;
202601;AREA 1;SUMBAGUT;PEMATANG SIANTAR;TBT;AOi4251113033027157239b50;0;Comply;1,55
202601;AREA 1;SUMBAGSEL;BENGKULU;LLG;AOi42511200321200737feac0;0;Comply;-18,27
202601;AREA 1;SUMBAGSEL;BENGKULU;LLG;AOi42511200321200737feac0;0;Anomaly;
202601;AREA 1;SUMBAGSEL;BENGKULU;LLG;AOi425112908361769600ac20;0;Comply;1,31
202601;AREA 1;SUMBAGSEL;BENGKULU;LLG;AOi4251103085515077c4eee0;0;Comply;-2,76
202601;AREA 1;SUMBAGUT;CENTRAL MEDAN;TJM;AOi42511250516542901b6190;0;Anomaly;
202601;AREA 1;SUMBAGUT;CENTRAL MEDAN;TMU;AOi4251125064707761b0fa40;0;Anomaly;
202601;AREA 1;SUMBAGUT;CENTRAL MEDAN;TMU;AOs3251104112203238e2f750;0;Comply;0,50
202601;AREA 1;SUMBAGTENG;BATAM;PNI;AOi4251121025235409b0f0a0;0;Anomaly;
202601;AREA 1;SUMBAGTENG;BATAM;PNI;AOi4251125112510926fd75e0;0;Comply;-17,92
202601;AREA 1;SUMBAGTENG;BATAM;NGS;AOi42511051241378730ff550;0;Comply;-2,46
202601;AREA 1;SUMBAGTENG;BATAM;NGS;AOi4251107040844316aa24b0;0;Comply;-27,06
202601;AREA 1;SUMBAGSEL;LAMPUNG;KRU;AOi4251122073451158b12d20;0;Anomaly;
202601;AREA 1;SUMBAGSEL;PALEMBANG;KAG;AOi4251031011516371128a60;0;Comply;-18,34
202601;AREA 1;SUMBAGSEL;PALEMBANG;MPA;AOi4251127070841572919de0;0;Comply;2,88
202601;AREA 1;SUMBAGTENG;BATAM;SLU;PDAk425112204030525246bd40;0;Anomaly;
202601;AREA 1;SUMBAGTENG;BATAM;SLU;AOk42511170813007136d5aa0;0;Anomaly;
202601;AREA 1;SUMBAGTENG;BATAM;SLU;AOi42511080414563148a5fb0;0;Anomaly;
202601;AREA 1;SUMBAGUT;CENTRAL MEDAN;TJR;AOi42511010913089161df7e0;0;Anomaly;
202601;AREA 1;SUMBAGTENG;PEKANBARU;PBB;AOk4251119104521772f70030;0;Anomaly;
202601;AREA 1;SUMBAGTENG;PEKANBARU;PBB;AOs3251106045946711417dd0;0;Anomaly;
202601;AREA 1;SUMBAGSEL;JAMBI;PAP;AOi4251129064905651f9c0d0;0;Anomaly;
202601;AREA 1;SUMBAGUT;CENTRAL MEDAN;CTD;PDAk4251102021623126ea1480;0;Anomaly;
202601;AREA 1;SUMBAGUT;CENTRAL MEDAN;CTD;AOi425111007085836525c670;0;Anomaly;
202601;AREA 1;SUMBAGUT;CENTRAL MEDAN;CTD;AOi425112106085867166cdd0;0;Anomaly;
202601;AREA 1;SUMBAGUT;CENTRAL MEDAN;CTD;AOi425110901441500088f2b0;0;Anomaly;
202601;AREA 1;SUMBAGUT;CENTRAL MEDAN;CTD;AOi42511130355451901cd030;0;Anomaly;
202601;AREA 1;SUMBAGUT;CENTRAL MEDAN;CTD;AOi42511201214336913ed090;0;Anomaly;
202601;AREA 1;SUMBAGUT;CENTRAL MEDAN;CTD;AOk42511210742012152b13a0;0;Anomaly;
202601;AREA 1;SUMBAGUT;CENTRAL MEDAN;CTD;AOi4251105074632025b99160;0;Anomaly;
202601;AREA 1;SUMBAGUT;CENTRAL MEDAN;CTD;AOi42511250511557388423d0;0;Anomaly;
202601;AREA 1;SUMBAGUT;CENTRAL MEDAN;CTD;AOi425110504281821354ecd0;0;Anomaly;
202601;AREA 1;SUMBAGSEL;LAMPUNG;BKM;AOi4251112012034825bd7bd0;0;Anomaly;
202601;AREA 1;SUMBAGSEL;BENGKULU;KPH;AOi4251122033519271be8f70;0;Anomaly;
202601;AREA 1;SUMBAGSEL;BENGKULU;KPH;AOi4251120013723387f6e8e0;0;Anomaly;
202601;AREA 1;SUMBAGSEL;BENGKULU;KPH;AOi42511210925315068276f0;0;Anomaly;
202601;AREA 1;SUMBAGSEL;BENGKULU;KPH;AOi4251121070933550322e70;0;Anomaly;
202601;AREA 1;SUMBAGSEL;BENGKULU;KPH;AOi4251122101854446787510;0;Anomaly;
202601;AREA 1;SUMBAGSEL;JAMBI;SRJ;AOi4251123071651067b6c8f0;0;Anomaly;
202601;AREA 1;SUMBAGUT;PADANG SIDEMPUAN;PND;AOi42511220755112185c8ce0;0;Anomaly;
202601;AREA 1;SUMBAGUT;PADANG SIDEMPUAN;PND;AOi4251106020621657f63f80;0;Anomaly;
202601;AREA 1;SUMBAGUT;PADANG SIDEMPUAN;PND;AOi4251120060040798384d50;0;Anomaly;
202601;AREA 1;SUMBAGUT;PADANG SIDEMPUAN;PND;AOi425110301040982981ac80;0;Anomaly;
202601;AREA 1;SUMBAGUT;PADANG SIDEMPUAN;PND;AOi12511141028028432e9470;0;Comply;-22,43
202601;AREA 1;SUMBAGUT;PADANG SIDEMPUAN;PND;AOi42511100650494032a2f20;0;Anomaly;
202601;AREA 1;SUMBAGUT;PADANG SIDEMPUAN;PND;AOi425110102232714554f900;0;Comply;-45,00
202601;AREA 1;SUMBAGUT;BANDA ACEH;GEU;AOi42511030837384372c5640;0;Anomaly;
202601;AREA 1;SUMBAGUT;BANDA ACEH;GEU;AOi4251123020627759a280c0;0;Anomaly;
202601;AREA 1;SUMBAGUT;RANTAU PRAPAT;TJB;AOi425110403345432232e440;0;Anomaly;
202601;AREA 1;SUMBAGUT;RANTAU PRAPAT;TJB;AOi4251105013304924a2ea60;0;Anomaly;
202601;AREA 1;SUMBAGUT;RANTAU PRAPAT;TJB;AOi425110304405332402d920;0;Anomaly;
202601;AREA 1;SUMBAGUT;RANTAU PRAPAT;TJB;AOi4251117011739408eac1a0;0;Anomaly;
202601;AREA 1;SUMBAGSEL;JAMBI;MND;AOi4251105062840289f438b0;0;Anomaly;
202601;AREA 1;SUMBAGSEL;JAMBI;MND;AOi42511031025371688b79d0;0;Comply;-42,76
202601;AREA 1;SUMBAGSEL;JAMBI;MND;AOi1251121090254937fbbfa0;0;Anomaly;
202601;AREA 1;SUMBAGSEL;BENGKULU;LHT;AOi42511150109052929b1f20;0;Anomaly;
202601;AREA 1;SUMBAGSEL;BENGKULU;LHT;AOi42511280824237668b9740;0;Anomaly;
202601;AREA 1;SUMBAGUT;BANDA ACEH;TKN;AOi4251121020943898b5c0b0;0;Anomaly;
202601;AREA 1;SUMBAGUT;BANDA ACEH;TKN;AOi4251102031059173a2f470;0;Anomaly;
202601;AREA 1;SUMBAGUT;BANDA ACEH;TKN;AOi4251103025643860f98ad0;0;Anomaly;
202601;AREA 1;SUMBAGUT;BANDA ACEH;TKN;AOi4251121015309483121ea0;0;Anomaly;
202601;AREA 1;SUMBAGUT;BANDA ACEH;TKN;AOi4251121015309483121ea0;0;Anomaly;
202601;AREA 1;SUMBAGUT;BANDA ACEH;TKN;AOi4251103055451481804b40;0;Anomaly;
202601;AREA 1;SUMBAGUT;BANDA ACEH;TKN;AOi4251113022950076c25290;0;Anomaly;
202601;AREA 1;SUMBAGUT;BANDA ACEH;TKN;AOi4251119011718966d3c6b0;0;Anomaly;
202601;AREA 1;SUMBAGUT;BANDA ACEH;TKN;AOi4251110022203593f57850;0;Anomaly;
202601;AREA 1;SUMBAGTENG;PEKANBARU;PBB;AOi42511011258532263cbf60;0;Anomaly;
202601;AREA 1;SUMBAGTENG;PEKANBARU;PBB;AOi4251129070200232e07790;0;Anomaly;
202601;AREA 1;SUMBAGTENG;PADANG;ULK;AOs3251109020258649ea5570;0;Anomaly;
202601;AREA 1;SUMBAGTENG;PADANG;ULK;AOi42511300806526812051c0;0;Anomaly;
202601;AREA 1;SUMBAGTENG;PADANG;ULK;AOi4251116100244705f8b610;0;Anomaly;
202601;AREA 1;SUMBAGTENG;PADANG;BKP;AOi425111510565367133b220;0;Anomaly;
202601;AREA 1;SUMBAGTENG;PADANG;BKP;AOi4251119054308684635400;0;Anomaly;
202601;AREA 1;SUMBAGTENG;BUKIT TINGGI;KOU;AOi4251106102554518242d00;0;Anomaly;
202601;AREA 1;SUMBAGTENG;BUKIT TINGGI;KOU;AOi4251106102554518242d00;0;Anomaly;
202601;AREA 1;SUMBAGUT;WESTERN MEDAN;KSG;AOi4251116094149415e263f0;0;Anomaly;
202601;AREA 1;SUMBAGUT;PEMATANG SIANTAR;SDK;AOi4251104020748722272d50;0;Anomaly;
202601;AREA 1;SUMBAGUT;BANDA ACEH;BKJ;AOs32511031040378359f18e0;0;Anomaly;
202601;AREA 1;SUMBAGUT;BANDA ACEH;BKJ;AOs32511031040378359f18e0;0;Anomaly;
202601;AREA 1;SUMBAGUT;BANDA ACEH;BNN;AOi425110912050349103e4f0;0;Anomaly;
202601;AREA 1;SUMBAGUT;PEMATANG SIANTAR;PSA;AOi4251113060808739113af0;0;Anomaly;
202601;AREA 1;SUMBAGUT;PEMATANG SIANTAR;PSA;AOi4251105010110795b01010;0;Comply;-24,89
202601;AREA 1;SUMBAGSEL;PALEMBANG;BKS;AOi4251104084325990d83c20;0;Anomaly;
202601;AREA 1;SUMBAGTENG;BATAM;KMS;AOi42511170756522046ff590;0;Anomaly;
202601;AREA 1;SUMBAGTENG;PEKANBARU;PBB;AOk4251126010647126dec8d0;0;Anomaly;
202601;AREA 1;SUMBAGTENG;PEKANBARU;PBB;PDAk425111002231785484aa40;0;Anomaly;
202601;AREA 1;SUMBAGTENG;PEKANBARU;PBB;AOk4251127041437095d6fdb0;0;Anomaly;
202601;AREA 1;SUMBAGTENG;BUKIT TINGGI;LBA;AOi425111707151143592ed30;0;Anomaly;
202601;AREA 1;SUMBAGUT;BANDA ACEH;BNA;AOi42511130402076143f7dc0;0;Anomaly;
202601;AREA 1;SUMBAGTENG;PADANG;SUN;AOi4251110093544581709610;0;Anomaly;
202601;AREA 1;SUMBAGTENG;PADANG;SUN;AOi42510310919570182467f0;0;Anomaly;
202601;AREA 1;SUMBAGTENG;PADANG;SUN;AOi42511210221068795b97a0;0;Anomaly;
202601;AREA 1;SUMBAGUT;BANDA ACEH;BPD;AOi4251120095517405b96af0;0;Comply;-21,88
202601;AREA 1;SUMBAGTENG;PADANG;PNN;AOi42511170310599699a8f80;0;Anomaly;
202601;AREA 1;SUMBAGUT;BANDA ACEH;LBR;AOi4251105065100281967df0;0;Anomaly;
202601;AREA 1;SUMBAGUT;WESTERN MEDAN;KSG;AOi4251118121321723908c10;0;Anomaly;
202601;AREA 1;SUMBAGUT;PEMATANG SIANTAR;SDK;AOi42511080647512688519b0;0;Comply;-3,95
202601;AREA 1;SUMBAGSEL;PALEMBANG;BKS;AOi42511110148082985f6b70;0;Comply;2,50
202601;AREA 1;SUMBAGTENG;BATAM;KMS;AOi42511080921532755569a0;0;Anomaly;
202601;AREA 1;SUMBAGSEL;JAMBI;JMI;AOi4251122111932574035c50;0;Anomaly;
202601;AREA 1;SUMBAGSEL;JAMBI;MBN;AOi42511150200002728c99d0;0;Anomaly;
202601;AREA 1;SUMBAGUT;BANDA ACEH;KTN;AOi42511170220440497c6d70;0;Anomaly;
202601;AREA 1;SUMBAGUT;BANDA ACEH;KTN;AOi4251113101855240dd47d0;0;Comply;0,82
202601;AREA 1;SUMBAGUT;BANDA ACEH;MBO;AOi4251103022932134e02da0;0;Anomaly;
202601;AREA 1;SUMBAGSEL;JAMBI;KOA;AOi4251110073640220b07240;0;Anomaly;
202601;AREA 1;SUMBAGUT;WESTERN MEDAN;LSM;AOi42511080250179554fabe0;0;Anomaly;
202601;AREA 1;SUMBAGUT;WESTERN MEDAN;LSM;AOi4251111041836458d1fe60;0;Anomaly;
202601;AREA 1;SUMBAGUT;WESTERN MEDAN;LSM;AOi4251112103145011a7b2b0;0;Anomaly;
202601;AREA 1;SUMBAGSEL;JAMBI;PAP;AOi42511170737335252955d0;0;Anomaly;
202601;AREA 1;SUMBAGSEL;JAMBI;PAP;AOi4251116022110319cf12c0;0;Comply;0,44
202601;AREA 1;SUMBAGSEL;JAMBI;PAP;AOi4251115121848424f59090;0;Anomaly;
202601;AREA 1;SUMBAGTENG;PADANG;LIM;AOi42511200709346159609a0;0;Anomaly;
202601;AREA 1;SUMBAGSEL;PANGKAL PINANG;JBS;AOi4251112023637283fc4f70;0;Anomaly;
202601;AREA 1;SUMBAGTENG;PADANG;KGG;AOi4251103020006413ec1be0;0;Anomaly;
202601;AREA 1;SUMBAGUT;RANTAU PRAPAT;TJB;PDAk425110101504991563cca0;0;Anomaly;
202601;AREA 1;SUMBAGUT;RANTAU PRAPAT;TJB;AOi42511120719182960efdc0;0;Anomaly;
202601;AREA 1;SUMBAGUT;RANTAU PRAPAT;TJB;AOi4251105013304924a2ea60;0;Anomaly;
202601;AREA 1;SUMBAGUT;RANTAU PRAPAT;TJB;AOk4251110030126463b763a0;0;Anomaly;
202601;AREA 1;SUMBAGUT;RANTAU PRAPAT;TJB;AOi425111108091438892e1f0;0;Comply;-25,53
202601;AREA 1;SUMBAGSEL;JAMBI;MND;AOi42511131018307441b6e10;0;Anomaly;
202601;AREA 1;SUMBAGSEL;PALEMBANG;PBM;AOi4251106065056575c123b0;0;Comply;-3,18
202601;AREA 1;SUMBAGSEL;PALEMBANG;PBM;AOi4251107025228865ccef70;0;Anomaly;
202601;AREA 1;SUMBAGSEL;PALEMBANG;PBM;AOi425112012510599618d420;0;Anomaly;
202601;AREA 1;SUMBAGTENG;PEKANBARU;PKR;AOi4251113070350542350fc0;0;Anomaly;
202601;AREA 1;SUMBAGTENG;BUKIT TINGGI;PYK;PDAk4251118010455084929fe0;0;Anomaly;
202601;AREA 1;SUMBAGTENG;BUKIT TINGGI;PYK;AOi4251117071205264a06460;0;Anomaly;
202601;AREA 1;SUMBAGTENG;BUKIT TINGGI;PYK;AOi425110209400056431bcc0;0;Anomaly;
202601;AREA 1;SUMBAGUT;CENTRAL MEDAN;PDB;AOi4251109124457543e73fb0;0;Comply;-19,94
202601;AREA 1;SUMBAGUT;CENTRAL MEDAN;BLW;AOi425110211063173588c250;0;Anomaly;
202601;AREA 1;SUMBAGSEL;JAMBI;TTJ;AOi4251116114831121dea430;0;Comply;-0,12
202601;AREA 1;SUMBAGSEL;JAMBI;TTJ;AOi4251102024233390891520;0;Comply;-22,19
202601;AREA 1;SUMBAGUT;PADANG SIDEMPUAN;PND;AOi42511011131456204a1150;0;Anomaly;
202601;AREA 1;SUMBAGTENG;PADANG;PDC;PDAk4251129024215648dc5e40;0;Anomaly;
202601;AREA 1;SUMBAGTENG;PADANG;PDC;AOi42511200156571332466d0;0;Anomaly;
202601;AREA 1;SUMBAGTENG;PADANG;PDC;AOi42511200156571332466d0;0;Anomaly;
202601;AREA 1;SUMBAGTENG;BATAM;TUB;AOi4251114065418886684a90;0;Anomaly;
202601;AREA 1;SUMBAGSEL;BENGKULU;MNA;AOi4251109091243036594c60;0;Anomaly;
202601;AREA 1;SUMBAGTENG;BUKIT TINGGI;PPJ;AOi42511140655488459a1f40;0;Anomaly;
202601;AREA 1;SUMBAGTENG;BUKIT TINGGI;PPJ;AOi4251113053318334fdeac0;0;Anomaly;
202601;AREA 1;SUMBAGTENG;PEKANBARU;ARK;AOi42511070905544906da6c0;0;Comply;-23,02
202601;AREA 1;SUMBAGTENG;DUMAI;SGP;AOi42511091143011574a50c0;0;Anomaly;
202601;AREA 1;SUMBAGTENG;BATAM;LBJ;AOi425110912442175403b6a0;0;Anomaly;
202601;AREA 1;SUMBAGUT;BANDA ACEH;BAK;AOi42511050318503259727c0;0;Anomaly;
202601;AREA 1;SUMBAGSEL;BENGKULU;BNC;AOi42511050922273852a0160;0;Anomaly;
202601;AREA 1;SUMBAGUT;BANDA ACEH;MRU;AOi42511030925424593da200;0;Anomaly;
202601;AREA 1;SUMBAGTENG;DUMAI;DUM;PDAk4251114125224815f5ce90;0;Anomaly;
202601;AREA 1;SUMBAGTENG;DUMAI;DUM;PDAk425103002522641339a590;0;Anomaly;
202601;AREA 1;SUMBAGTENG;DUMAI;DUM;AOi42510311127478698ecfc0;0;Anomaly;
202601;AREA 1;SUMBAGTENG;DUMAI;DUM;AOi4251114101234656812fc0;0;Anomaly;
202601;AREA 1;SUMBAGTENG;DUMAI;DUM;AOk4251126024226905a96930;0;Anomaly;
202601;AREA 1;SUMBAGSEL;JAMBI;JMB;AOi42511220943576851b98c0;0;Comply;-90,97
202601;AREA 1;SUMBAGSEL;JAMBI;JMB;AOb0251126103404401b611f0;0;Anomaly;
202601;AREA 1;SUMBAGSEL;JAMBI;JMB;AOk42511040303442459660f0;0;Anomaly;
202601;AREA 1;SUMBAGSEL;JAMBI;JMB;AOi425112504120128563fac0;0;Comply;-70,99
202601;AREA 1;SUMBAGTENG;BATAM;DGS;AOi425112005223063493f910;0;Anomaly;
202601;AREA 1;SUMBAGTENG;PADANG;TLB;AOi425111904053988383f490;0;Anomaly;
202601;AREA 1;SUMBAGTENG;PADANG;TLB;AOi425110812102848006c090;0;Comply;-26,07
202601;AREA 1;SUMBAGTENG;PEKANBARU;SOK;AOs3251003104017358b37a20;0;Anomaly;
202601;AREA 1;SUMBAGUT;CENTRAL MEDAN;SKI;AOi425110906042311165e960;0;Comply;-0,90
202601;AREA 1;SUMBAGUT;PADANG SIDEMPUAN;PYB;AOi4251101091551287ffefa0;0;Anomaly;
202601;AREA 1;SUMBAGUT;PADANG SIDEMPUAN;PYB;AOi425110912423433524cdf0;0;Comply;1,22
202601;AREA 1;SUMBAGUT;BANDA ACEH;LTM;AOi4251101035119201e0d8e0;0;Anomaly;
202601;AREA 1;SUMBAGUT;BANDA ACEH;LTM;AOi42511070138010363c19b0;0;Anomaly;
202601;AREA 1;SUMBAGTENG;BUKIT TINGGI;PAM;AOi12511180215250314ae070;0;Comply;-22,09
202601;AREA 1;SUMBAGTENG;PEKANBARU;BKR;AOi425111507105568499c3f0;0;Anomaly;
202601;AREA 1;SUMBAGSEL;PALEMBANG;SRO;AOi42511241233255833d8030;0;Comply;-19,21
202601;AREA 1;SUMBAGSEL;LAMPUNG;KBI;AOi4251113052058945166740;0;Anomaly;
202601;AREA 1;SUMBAGTENG;BATAM;BTC;AOi4251121022245433362980;0;Anomaly;
202601;AREA 1;SUMBAGTENG;BATAM;BTC;PDAk4251119012838492ccbf70;0;Comply;-21,11
202601;AREA 1;SUMBAGTENG;BATAM;BTC;AOi4251103123022142dfc4e0;0;Comply;-3,05
202601;AREA 1;SUMBAGSEL;PALEMBANG;TLK;AOi4251113114000181bd6280;0;Comply;-0,22
202601;AREA 1;SUMBAGUT;PEMATANG SIANTAR;SRA;AOi4251124014608536638d40;0;Comply;2,10
202601;AREA 1;SUMBAGUT;PEMATANG SIANTAR;SRA;AOi4251114065853286ca5630;0;Anomaly;
202601;AREA 1;SUMBAGUT;PEMATANG SIANTAR;SRA;AOi425110103403808319c530;0;Anomaly;
202601;AREA 1;SUMBAGUT;CENTRAL MEDAN;SPM;AOk4251124094648410152060;0;Comply;-2,73
202601;AREA 1;SUMBAGUT;CENTRAL MEDAN;SPM;AOs3251124064619927841570;0;Anomaly;
202601;AREA 1;SUMBAGUT;CENTRAL MEDAN;SPM;AOi42511200720430553ec920;0;Anomaly;
202601;AREA 1;SUMBAGTENG;BUKIT TINGGI;BKT;AOi4251114095126987a6aa90;0;Anomaly;
202601;AREA 1;SUMBAGTENG;BATAM;BTC;PDAk42511150645299572040e0;0;Comply;0,96
202601;AREA 1;SUMBAGTENG;BATAM;BTC;AOi4251120080000568960db0;0;Anomaly;
202601;AREA 1;SUMBAGTENG;BATAM;BTC;AOs3251101020242673506520;0;Anomaly;
202601;AREA 1;SUMBAGTENG;BATAM;BTC;AOi4251126031209569a6da90;0;Comply;-19,25
202601;AREA 1;SUMBAGTENG;BATAM;BTC;AOi4251104090157036fee180;0;Anomaly;
202601;AREA 1;SUMBAGUT;PADANG SIDEMPUAN;PSP;AOi4251108010407194a8c6c0;0;Anomaly;
202601;AREA 1;SUMBAGUT;PADANG SIDEMPUAN;PSP;AOk4251105023815631624ab0;0;Comply;-20,29
202601;AREA 1;SUMBAGTENG;PADANG;TPN;AOi4251116031306672728a50;0;Anomaly;
202601;AREA 1;SUMBAGTENG;PADANG;TPN;AOi42511160848360661fe910;0;Anomaly;
202601;AREA 1;SUMBAGSEL;PANGKAL PINANG;BYU;AOi4251113014836225c101c0;0;Comply;-2,18
202601;AREA 1;SUMBAGSEL;PANGKAL PINANG;BYU;AOi4251104123312105949860;0;Anomaly;
202601;AREA 1;SUMBAGSEL;LAMPUNG;TJK;AOi4251116013340318016890;0;Comply;-74,86
202601;AREA 1;SUMBAGSEL;LAMPUNG;TJK;AOi42511230559576490772d0;0;Anomaly;
202601;AREA 1;SUMBAGSEL;LAMPUNG;TJK;AOi4251112032153736c83570;0;Comply;-16,53
202601;AREA 1;SUMBAGSEL;LAMPUNG;TJK;AOi4251103083948160e10a10;0;Anomaly;
202601;AREA 1;SUMBAGSEL;LAMPUNG;TJK;AOs3251112011618061efeeb0;0;Anomaly;
202601;AREA 1;SUMBAGSEL;LAMPUNG;TJK;AOi425112705573538350eb50;0;Anomaly;
202601;AREA 1;SUMBAGSEL;LAMPUNG;TJK;AOi42511251008032472f89a0;0;Comply;-20,57
202601;AREA 1;SUMBAGUT;CENTRAL MEDAN;PUB;AOi4251122033035315e4c940;0;Anomaly;
202601;AREA 1;SUMBAGUT;CENTRAL MEDAN;PUB;AOi42511190107009181f5580;0;Comply;-3,38
202601;AREA 1;SUMBAGUT;CENTRAL MEDAN;PUB;AOi4251101073704581459dd0;0;Anomaly;
202601;AREA 1;SUMBAGUT;CENTRAL MEDAN;CTD;AOi4251111040530786d784b0;0;Anomaly;
202601;AREA 1;SUMBAGUT;CENTRAL MEDAN;CTD;AOi4251105015355928661ea0;0;Anomaly;
202601;AREA 1;SUMBAGUT;CENTRAL MEDAN;CTD;AOi42511020351390115bbf70;0;Anomaly;
202601;AREA 1;SUMBAGUT;CENTRAL MEDAN;CTD;AOi4251102084317369837310;0;Anomaly;
202601;AREA 1;SUMBAGUT;CENTRAL MEDAN;CTD;AOi4251124095849470e23e90;0;Comply;0,88
202601;AREA 1;SUMBAGTENG;PEKANBARU;TBK;AOi4251030052119897b271a0;0;Anomaly;
202601;AREA 1;SUMBAGSEL;BENGKULU;KPH;AOi4251107020947732f11c80;0;Anomaly;
202601;AREA 1;SUMBAGSEL;BENGKULU;KPH;AOi4251105090856804f588f0;0;Anomaly;
202601;AREA 1;SUMBAGSEL;BENGKULU;KPH;AOi4251122105342823735530;0;Anomaly;
202601;AREA 4;KALIMANTAN;BALIKPAPAN;SKU;AOi4251107015014139865760;0;Anomaly;
202601;AREA 4;KALIMANTAN;PONTIANAK;BIG;AOi4251128020437430dd8500;0;Anomaly;1,65
202601;AREA 4;MALUKU DAN PAPUA;SORONG;SON;AOk425111307523232726b160;0;Anomaly;
202601;AREA 4;MALUKU DAN PAPUA;SORONG;SON;AOi42511160735436617a12b0;0;Anomaly;
202601;AREA 4;MALUKU DAN PAPUA;SORONG;SON;AOi4251109070952156cd7100;0;Anomaly;
202601;AREA 4;MALUKU DAN PAPUA;SORONG;SON;AOi42510301225045507382f0;0;Anomaly;
202601;AREA 4;MALUKU DAN PAPUA;SORONG;SON;AOi4251031100957388f2e430;0;Anomaly;
202601;AREA 4;MALUKU DAN PAPUA;SORONG;SON;AOi42511160735436617a12b0;0;Anomaly;
202601;AREA 4;MALUKU DAN PAPUA;SORONG;SON;AOi4251118014247102008ce0;0;Anomaly;
202601;AREA 4;MALUKU DAN PAPUA;SORONG;SON;AOi42511020752203673edda0;0;Anomaly;
202601;AREA 4;MALUKU DAN PAPUA;SORONG;SON;AOi4251119103236661e3f060;0;Anomaly;
202601;AREA 4;MALUKU DAN PAPUA;SORONG;SON;AOi4251126083412176bd7f10;0;Anomaly;
202601;AREA 4;MALUKU DAN PAPUA;SORONG;SON;AOi4251119103236661e3f060;0;Anomaly;
202601;AREA 4;MALUKU DAN PAPUA;JAYAPURA;JAP;AOi4251122114838415204d50;0;Anomaly;
202601;AREA 4;MALUKU DAN PAPUA;JAYAPURA;JAP;AOi4251122065632354eb2660;0;Comply;-5,62
202601;AREA 4;MALUKU DAN PAPUA;JAYAPURA;JAP;AOi42511111146240391d3e00;0;Anomaly;
202601;AREA 4;KALIMANTAN;PANGKALAN BUN;PBU;AOi4251105090706332cdbbd0;0;Anomaly;
202601;AREA 4;KALIMANTAN;PALANGKARAYA;BNT;AOi4251119015123974417c90;0;Anomaly;
202601;AREA 4;SULAWESI;BONE;WTP;AOb02510301121225849c6f20;0;Anomaly;
202601;AREA 4;SULAWESI;KENDARI;BBU;AOi4251119042344003d061c0;0;Anomaly;
202601;AREA 4;SULAWESI;KENDARI;BBU;AOi4251109081448061c31a20;0;Anomaly;
202601;AREA 4;SULAWESI;KENDARI;BBU;AOi4251111103230636bce0d0;0;Anomaly;
202601;AREA 4;KALIMANTAN;BANJARMASIN;KDG;PDAk4251128100644293fe29d0;0;Anomaly;
202601;AREA 4;KALIMANTAN;BANJARMASIN;KDG;PDAk4251128100644293fe29d0;0;Anomaly;
202601;AREA 4;KALIMANTAN;BANJARMASIN;KDG;PDAk4251128100644293fe29d0;0;Anomaly;
202601;AREA 4;MALUKU DAN PAPUA;JAYAPURA;JAP;AOi4251126020241273ac4350;0;Comply;-172,23
202601;AREA 4;MALUKU DAN PAPUA;JAYAPURA;JAP;AOi42511180903108786fb8a0;0;Anomaly;
202601;AREA 4;MALUKU DAN PAPUA;JAYAPURA;JAP;AOi42511250934139617a13e0;0;Anomaly;
202601;AREA 4;MALUKU DAN PAPUA;JAYAPURA;JAP;AOi4251125085542378082160;0;Anomaly;
202601;AREA 4;MALUKU DAN PAPUA;JAYAPURA;JAP;AOi4251122065632354eb2660;0;Anomaly;
202601;AREA 4;MALUKU DAN PAPUA;AMBON;DOB;AOi4251113093903729071a90;0;Anomaly;
202601;AREA 4;KALIMANTAN;PANGKALAN BUN;PBU;AOi425112105545852019b8a0;0;Anomaly;
202601;AREA 4;KALIMANTAN;PANGKALAN BUN;PBU;PDAk42511150659394474d08d0;0;Comply;1,23
202601;AREA 4;KALIMANTAN;PANGKALAN BUN;LMD;AOi4251031093841137252b20;0;Anomaly;
202601;AREA 4;MALUKU DAN PAPUA;JAYAPURA;ABE;AOi1251124023755497744280;0;Anomaly;
202601;AREA 4;MALUKU DAN PAPUA;JAYAPURA;ABE;AOi42511140448552090548e0;0;Anomaly;
202601;AREA 4;MALUKU DAN PAPUA;JAYAPURA;ABE;AOi4251115074130069975bc0;0;Anomaly;
202601;AREA 4;MALUKU DAN PAPUA;JAYAPURA;ABE;AOi42511200541142519abce0;0;Anomaly;
202601;AREA 4;MALUKU DAN PAPUA;JAYAPURA;ABE;AOi4251030031815052ed3440;0;Anomaly;
202601;AREA 4;MALUKU DAN PAPUA;JAYAPURA;ABE;AOi4251128033529947e2e100;0;Anomaly;
202601;AREA 4;MALUKU DAN PAPUA;JAYAPURA;ABE;AOi42511100612556767f1bc0;0;Anomaly;
202601;AREA 4;KALIMANTAN;PALANGKARAYA;BNT;AOi4251128030751878bedec0;0;Anomaly;
202601;AREA 4;SULAWESI;BONE;BTN;AOi425111806324810938cb60;0;Comply;-3,67
202601;AREA 4;KALIMANTAN;TARAKAN;TRD;AOi425111211574983279b560;0;Anomaly;
202601;AREA 4;KALIMANTAN;TARAKAN;TRD;AOi4251125091346096f29b40;0;Anomaly;
202601;AREA 4;KALIMANTAN;TARAKAN;TRD;AOi4251128103002145134010;0;Anomaly;
202601;AREA 4;KALIMANTAN;TARAKAN;TRD;AOk4251103081843085588400;0;Anomaly;
202601;AREA 4;KALIMANTAN;TARAKAN;TRD;AOi4251128080501364ef9870;0;Comply;-21,92
202601;AREA 4;KALIMANTAN;TARAKAN;TRD;AOi4251125011752479e51d70;0;Anomaly;
202601;AREA 4;KALIMANTAN;PANGKALAN BUN;KTP;AOi4251126070437704456320;0;Anomaly;
202601;AREA 4;SULAWESI;KENDARI;UNH;AOi12511240756150895062e0;0;Anomaly;
202601;AREA 4;SULAWESI;KENDARI;UNH;AOi42511190431041333f1220;0;Anomaly;
202601;AREA 4;KALIMANTAN;PALANGKARAYA;KRI;AOi4251117092740685378e10;0;Anomaly;-13,48
202601;AREA 4;KALIMANTAN;PALANGKARAYA;KRI;AOi42511130225474514299d0;0;Anomaly;572,46
202601;AREA 4;KALIMANTAN;PALANGKARAYA;KRI;AOi42511110632224070a2b80;0;Anomaly;
202601;AREA 4;MALUKU DAN PAPUA;SORONG;BTI;AOi425110801390125803efa0;0;Anomaly;
202601;AREA 4;MALUKU DAN PAPUA;SORONG;BTI;AOi425111202435493108fb30;0;Anomaly;
202601;AREA 4;KALIMANTAN;TARAKAN;TRD;AOi1251101115447608026730;0;Anomaly;
202601;AREA 4;SULAWESI;KENDARI;BBU;AOs32511171214078809d9210;0;Anomaly;
202601;AREA 4;KALIMANTAN;PANGKALAN BUN;LMD;AOi425112405323975453d530;0;Anomaly;
202601;AREA 4;SULAWESI;MANADO;PIK;AOi4251104101604251da0000;0;Anomaly;
202601;AREA 4;SULAWESI;MANADO;PIK;AOi4251119070458359ff39f0;0;Anomaly;
202601;AREA 4;SULAWESI;MANADO;PIK;AOi42511141259371435ea020;0;Anomaly;
202601;AREA 4;SULAWESI;PARE-PARE;PLP;AOs32511231204525835bbdd0;0;Anomaly;
202601;AREA 4;KALIMANTAN;SAMARINDA;STT;AOi4251110083545243248dc0;0;Anomaly;
202601;AREA 4;MALUKU DAN PAPUA;SORONG;BTI;AOi425110801390125803efa0;0;Anomaly;
202601;AREA 4;KALIMANTAN;BANJARMASIN;STI;AOi4251111064906484f01460;0;Anomaly;
202601;AREA 4;KALIMANTAN;BANJARMASIN;STI;AOi425111108190342039f3a0;0;Anomaly;
202601;AREA 4;KALIMANTAN;PONTIANAK;SMB;AOi4251104083534083169460;0;Anomaly;
202601;AREA 4;SULAWESI;GORONTALO;MRS;AOi42511080756180675f9650;0;Anomaly;
202601;AREA 4;KALIMANTAN;BALIKPAPAN;TGG;AOi4251113122209472dd4e80;0;Anomaly;
202601;AREA 4;KALIMANTAN;BALIKPAPAN;MLA;AOi425112807444683463ade0;0;Anomaly;
202601;AREA 4;MALUKU DAN PAPUA;AMBON;MSH;AOi4251101122607477205b60;0;Anomaly;
202601;AREA 4;MALUKU DAN PAPUA;AMBON;MSH;AOi12511210303213908f1830;0;Anomaly;
202601;AREA 4;KALIMANTAN;SAMARINDA;STT;AOi42511040130536782159a0;0;Anomaly;
202601;AREA 4;KALIMANTAN;SAMARINDA;STT;AOb025112701025959795ee50;0;Anomaly;
202601;AREA 4;KALIMANTAN;SAMARINDA;STT;PDAk4251031041843498db5b90;0;Comply;-6,62
202601;AREA 4;KALIMANTAN;SAMARINDA;STT;AOi4251116070400617d1a5a0;0;Anomaly;
202601;AREA 4;KALIMANTAN;SAMARINDA;STT;PDAk4251120022456996dbff90;0;Anomaly;
202601;AREA 4;KALIMANTAN;SAMARINDA;STT;AOi42511260924065508446d0;0;Comply;-2,00
202601;AREA 4;MALUKU DAN PAPUA;JAYAPURA;ABE;AOi425112810291296721cbc0;0;Anomaly;
202601;AREA 4;MALUKU DAN PAPUA;JAYAPURA;ABE;AOi425113002083481119a330;0;Comply;-20,57
202601;AREA 4;MALUKU DAN PAPUA;JAYAPURA;ABE;AOi4251117090623613a20680;0;Anomaly;
202601;AREA 4;KALIMANTAN;TARAKAN;TLA;AOi42511020619495290c7c00;0;Anomaly;
202601;AREA 4;KALIMANTAN;TARAKAN;TLA;AOs325110509454505681da90;0;Anomaly;-91,85
202601;AREA 4;KALIMANTAN;BANJARMASIN;KYG;AOi4251126083535716638060;0;Anomaly;
202601;AREA 4;SULAWESI;PARE-PARE;PIN;AOi42511121151443154b37e0;0;Anomaly;
202601;AREA 4;KALIMANTAN;PALANGKARAYA;PYM;AOi42511151238016522f4e00;0;Anomaly;-0,04
202601;AREA 4;KALIMANTAN;SAMARINDA;BLN;AOi425112309512015806fd80;0;Anomaly;
202601;AREA 4;KALIMANTAN;TARAKAN;SNY;AOi4251109072225771840750;0;Anomaly;
202601;AREA 4;KALIMANTAN;TARAKAN;SNY;AOi4251102012006846989fd0;0;Anomaly;
202601;AREA 4;MALUKU DAN PAPUA;JAYAPURA;ABE;PDAk42511180803548043a7690;0;Comply;-20,60
202601;AREA 4;MALUKU DAN PAPUA;JAYAPURA;ABE;AOi4251101101254027e0ba60;0;Anomaly;
202601;AREA 4;MALUKU DAN PAPUA;JAYAPURA;ABE;AOi4251104023157004f4a7e0;0;Anomaly;
202601;AREA 4;MALUKU DAN PAPUA;JAYAPURA;JAP;AOi4251112123851018817f90;0;Anomaly;
202601;AREA 4;MALUKU DAN PAPUA;JAYAPURA;JAP;AOi42511260900447182719d0;0;Anomaly;
202601;AREA 4;MALUKU DAN PAPUA;JAYAPURA;JAP;AOi425112706480193290c2c0;0;Anomaly;
202601;AREA 4;KALIMANTAN;SAMARINDA;PLL;AOi4251127040708172850fc0;0;Comply;-4,67
202601;AREA 4;SULAWESI;BONE;SID;AOk42511271042150014c7140;0;Anomaly;
202601;AREA 4;KALIMANTAN;TARAKAN;SNY;AOi4251128054915743182610;0;Anomaly;
202601;AREA 4;KALIMANTAN;TARAKAN;SNY;AOi4251112091003839835810;0;Anomaly;-17,55
202601;AREA 4;KALIMANTAN;PANGKALAN BUN;PEA;AOi4251123010335786c68550;0;Anomaly;
202601;AREA 4;SULAWESI;MANADO;KTG;AOi1251118121308245ab7800;0;Anomaly;
202601;AREA 4;SULAWESI;MANADO;KTG;AOi42511170235013008c5220;0;Anomaly;
202601;AREA 4;SULAWESI;MANADO;KTG;AOi4251104014443684fd6e10;0;Anomaly;
202601;AREA 4;KALIMANTAN;SAMARINDA;KOB;AOi425112206133700325e740;0;Anomaly;
202601;AREA 4;KALIMANTAN;PANGKALAN BUN;KKU;AOi425111207143507849c930;0;Anomaly;0,76
202601;AREA 4;SULAWESI;BONE;SID;AOi1251118084248259c1a510;0;Anomaly;
202601;AREA 4;MALUKU DAN PAPUA;TIMIKA;MRK;AOi425112710563492994adf0;0;Comply;-3,30
202601;AREA 4;MALUKU DAN PAPUA;TIMIKA;MRK;AOi425112705242539175c700;0;Comply;0,35
202601;AREA 4;KALIMANTAN;BANJARMASIN;KDG;AOs32511050951014961a14e0;0;Anomaly;
202601;AREA 4;KALIMANTAN;BANJARMASIN;KDG;AOi4251110070425252f6fe60;0;Anomaly;
202601;AREA 4;SULAWESI;MANADO;AMD;AOs32511011222165837aa4e0;0;Anomaly;
202601;AREA 4;SULAWESI;MANADO;MDO;AOi12511200121254986d4f60;0;Anomaly;
202601;AREA 4;SULAWESI;MANADO;BIT;PDAk42510311143093626564a0;0;Anomaly;
202601;AREA 4;KALIMANTAN;SAMARINDA;SBR;AOs3251120082915740c85820;0;Comply;-5,28
202601;AREA 4;KALIMANTAN;PANGKALAN BUN;KKU;AOi42511240739257228fc310;0;Anomaly;
202601;AREA 4;KALIMANTAN;BANJARMASIN;BTB;AOk4251112113538567aa28c0;0;Anomaly;
202601;AREA 4;KALIMANTAN;BALIKPAPAN;LIK;AOi4251105111200490bceaf0;0;Anomaly;
202601;AREA 4;KALIMANTAN;PALANGKARAYA;PRC;AOi42511150223148791fb290;0;Anomaly;-23,21
202601;AREA 4;KALIMANTAN;BALIKPAPAN;KBG;AOk4251119100420870f9f7d0;0;Anomaly;0,09
202601;AREA 4;MALUKU DAN PAPUA;JAYAPURA;BIA;AOi425102908315606564ee30;0;Anomaly;
202601;AREA 4;MALUKU DAN PAPUA;JAYAPURA;BIA;AOi42511020933530393bd1a0;0;Anomaly;
202601;AREA 4;KALIMANTAN;BALIKPAPAN;MBD;AOi425110907170376136b7a0;0;Anomaly;
202601;AREA 4;KALIMANTAN;SAMARINDA;SBR;AOi4251117065538791394600;0;Anomaly;
202601;AREA 4;KALIMANTAN;SAMARINDA;SBR;AOi425110109593913450b3a0;0;Comply;-18,06
202601;AREA 4;KALIMANTAN;SAMARINDA;SBR;AOi4251126110900808f7fbd0;0;Anomaly;
202601;AREA 4;KALIMANTAN;SAMARINDA;SBR;PDAk42511140340309017c5c10;0;Comply;-1,13
202601;AREA 4;KALIMANTAN;BANJARMASIN;RTA;PDAk42511190330194259a13b0;0;Anomaly;
202601;AREA 4;KALIMANTAN;BANJARMASIN;RTA;AOi42511250946076228321c0;0;Comply;-21,94
202601;AREA 4;KALIMANTAN;BANJARMASIN;RTA;AOi42511260829068599fb210;0;Anomaly;
202601;AREA 4;KALIMANTAN;BANJARMASIN;RTA;PDAk42511110737356859a13b0;0;Comply;-14,38
202601;AREA 4;KALIMANTAN;BALIKPAPAN;PTG;AOi1251122030540952da7650;0;Anomaly;
202601;AREA 4;SULAWESI;MANADO;AMR;AOs3251031113643375856620;0;Anomaly;
202601;AREA 4;SULAWESI;MANADO;AMR;AOi42511150350191337433a0;0;Anomaly;
202601;AREA 4;SULAWESI;PALU;BKU;AOi42511190207289761a6c70;0;Anomaly;
202601;AREA 4;SULAWESI;PALU;BKU;AOi4251120121848655706940;0;Anomaly;
202601;AREA 4;SULAWESI;PALU;BKU;AOi42511210555293871d4900;0;Anomaly;
202601;AREA 4;SULAWESI;PARE-PARE;MAS;AOi1251023013507550824cb0;0;Anomaly;
202601;AREA 4;MALUKU DAN PAPUA;SORONG;WMR;AOi4251106124314233e84ef0;0;Anomaly;
202601;AREA 4;SULAWESI;MANADO;BAH;AOi4251120054202708f87010;0;Anomaly;
202601;AREA 4;SULAWESI;MANADO;BAH;AOi4251119104030969522db0;0;Anomaly;
202601;AREA 4;SULAWESI;PALU;KOL;AOi4251124124149974ef07b0;0;Anomaly;
202601;AREA 4;SULAWESI;PARE-PARE;PRE;AOi425111310290237340e820;0;Anomaly;
202601;AREA 4;SULAWESI;KENDARI;UNH;AOi42511170620304584542e0;0;Anomaly;
202601;AREA 4;SULAWESI;GORONTALO;GTL;AOi4251109073156525c6bcd0;0;Anomaly;
202601;AREA 4;SULAWESI;GORONTALO;GTL;AOi4251125014950945c5cb30;0;Anomaly;
202601;AREA 4;SULAWESI;GORONTALO;GTL;AOi4251113075922779e4dc00;0;Anomaly;
202601;AREA 4;KALIMANTAN;TARAKAN;TAJ;AOk4251113105721922620d80;0;Anomaly;
202601;AREA 4;MALUKU DAN PAPUA;SORONG;WMR;AOi4251106124314233e84ef0;0;Anomaly;
202601;AREA 4;KALIMANTAN;PANGKALAN BUN;KWN;AOi4251104121909648a510a0;0;Anomaly;-2,49
202601;AREA 4;KALIMANTAN;PANGKALAN BUN;KWN;AOi42511100759254303843e0;0;Anomaly;-2,64
202601;AREA 4;KALIMANTAN;PANGKALAN BUN;KWN;AOi42511111257405589be080;0;Anomaly;
202601;AREA 4;KALIMANTAN;BALIKPAPAN;LAB;AOi42511020656093235eee00;0;Anomaly;
202601;AREA 4;KALIMANTAN;PANGKALAN BUN;SUA;AOi42511130835534648e59b0;0;Anomaly;3,55
202601;AREA 4;KALIMANTAN;PANGKALAN BUN;SUA;AOi42511130835534648e59b0;0;Anomaly;
202601;AREA 4;KALIMANTAN;TARAKAN;TAJ;AOk4251120025430137fee960;0;Anomaly;
202601;AREA 4;KALIMANTAN;TARAKAN;TAJ;AOi42511280858066394f72e0;0;Comply;-2,00
202601;AREA 4;KALIMANTAN;TARAKAN;TAJ;AOi42511280858066394f72e0;0;Anomaly;
202601;AREA 4;KALIMANTAN;BALIKPAPAN;TNG;AOk4251114102324964635cf0;0;Comply;-0,35
202601;AREA 4;KALIMANTAN;SAMARINDA;PAA;AOi42511131009480738e4970;0;Anomaly;
202601;AREA 4;KALIMANTAN;BANJARMASIN;STI;AOk42511140956529196a1300;0;Anomaly;
202601;AREA 4;KALIMANTAN;PALANGKARAYA;KRI;AOi4251101033327478dbd4e0;0;Anomaly;
202601;AREA 4;KALIMANTAN;BALIKPAPAN;BRU;PDAk4251114024620547604630;0;Anomaly;
202601;AREA 4;KALIMANTAN;BALIKPAPAN;BRU;AOi42511091146132762a8630;0;Anomaly;
202601;AREA 4;KALIMANTAN;BALIKPAPAN;BRU;AOs3251123094002622f2fbd0;0;Anomaly;
202601;AREA 4;KALIMANTAN;BALIKPAPAN;BRU;AOi4251031081615617832540;0;Anomaly;
202601;AREA 4;KALIMANTAN;BALIKPAPAN;BRU;AOk42511210937588083279b0;0;Anomaly;
202601;AREA 4;KALIMANTAN;BALIKPAPAN;BRU;AOi4251125013902956a1a220;0;Anomaly;
202601;AREA 4;KALIMANTAN;BALIKPAPAN;BRU;PDAk42510311108515216c2f00;0;Anomaly;
202601;AREA 4;KALIMANTAN;BALIKPAPAN;BRU;AOi12511230436348672dffa0;0;Anomaly;
202601;AREA 4;MALUKU DAN PAPUA;JAYAPURA;ABE;PDAk42511180803548043a7690;0;Anomaly;
202601;AREA 4;MALUKU DAN PAPUA;JAYAPURA;ABE;PDAk42511180803548043a7690;0;Anomaly;
202601;AREA 4;KALIMANTAN;PONTIANAK;PTK;AOi4251130093908310aa0c50;0;Comply;-13,78
202601;AREA 4;KALIMANTAN;PONTIANAK;PTK;PDAk42511240304248365ff170;0;Anomaly;
202601;AREA 4;KALIMANTAN;PANGKALAN BUN;KTP;AOi4251126083729665747200;0;Anomaly;
202601;AREA 4;KALIMANTAN;PANGKALAN BUN;KTP;AOi425111910391338525fe50;0;Comply;-2,03
202601;AREA 4;KALIMANTAN;PANGKALAN BUN;KTP;AOi4251102100100721ea5b00;0;Comply;-0,77
202601;AREA 4;KALIMANTAN;PANGKALAN BUN;KTP;AOi4251119110450930fc8b80;0;Comply;-20,25
202601;AREA 4;KALIMANTAN;PANGKALAN BUN;KTP;PDAk42510310414066888793a0;0;Anomaly;
202601;AREA 4;KALIMANTAN;BALIKPAPAN;GSA;AOk425112710031148817d4c0;0;Anomaly;
202601;AREA 4;KALIMANTAN;BALIKPAPAN;GSA;AOi425110707551540719fa00;0;Anomaly;
202601;AREA 4;KALIMANTAN;BALIKPAPAN;GSA;AOi1251114080459274cee400;0;Anomaly;
202601;AREA 4;KALIMANTAN;BALIKPAPAN;GSA;PDAk42511110902219750d5bc0;0;Anomaly;
202601;AREA 4;KALIMANTAN;BALIKPAPAN;GSA;AOi42511260556257571f4ea0;0;Anomaly;
202601;AREA 4;KALIMANTAN;BALIKPAPAN;GSA;PDAk42511060925331606d0d00;0;Anomaly;
202601;AREA 4;KALIMANTAN;BALIKPAPAN;GSA;AOk4251120030136512ea2a20;0;Anomaly;
202601;AREA 4;KALIMANTAN;BALIKPAPAN;GSA;AOs3251103114454473508ce0;0;Anomaly;
202601;AREA 4;KALIMANTAN;BALIKPAPAN;GSA;PDAk4251106025104412349010;0;Anomaly;
202601;AREA 4;KALIMANTAN;BALIKPAPAN;GSA;AOi4251123114409662910490;0;Anomaly;
202601;AREA 4;KALIMANTAN;BALIKPAPAN;GSA;AOi4251110125319777f71420;0;Anomaly;
202601;AREA 4;KALIMANTAN;BALIKPAPAN;GSA;AOs32511110754541189a3380;0;Comply;-163,79
202601;AREA 4;KALIMANTAN;BALIKPAPAN;GSA;AOi4251112045429425179320;0;Anomaly;
202601;AREA 4;KALIMANTAN;BALIKPAPAN;MGG;AOi425111711061008430a440;0;Comply;0,57
202601;AREA 4;SULAWESI;MAKASSAR;PNK;AOi4251123112702751f2a050;0;Anomaly;
202601;AREA 4;SULAWESI;MAKASSAR;PNK;AOi425112504234263878eae0;0;Anomaly;
202601;AREA 4;KALIMANTAN;PALANGKARAYA;KKN;AOi425112911015710058b000;0;Anomaly;
202601;AREA 4;MALUKU DAN PAPUA;SORONG;NAB;AOi42511100922475289df110;0;Anomaly;
202601;AREA 4;SULAWESI;GORONTALO;MRS;AOi425110707300705580b430;0;Anomaly;
202601;AREA 4;KALIMANTAN;BALIKPAPAN;TGG;AOi42511200257111681a7460;0;Comply;-15,66
202601;AREA 4;SULAWESI;PARE-PARE;WON;AOi425110308370446071eaf0;0;Comply;-13,75
202601;AREA 4;KALIMANTAN;TARAKAN;JWT;AOi425111708351952545cad0;0;Anomaly;
202601;AREA 4;KALIMANTAN;TARAKAN;JWT;AOi4251126053844570278f50;0;Anomaly;
202601;AREA 4;KALIMANTAN;TARAKAN;JWT;AOi4251108102824760465770;0;Anomaly;
202601;AREA 4;KALIMANTAN;TARAKAN;JWT;AOi4251120050124872a989e0;0;Anomaly;
202601;AREA 4;KALIMANTAN;TARAKAN;JWT;AOi4251113021507244e19ab0;0;Anomaly;
202601;AREA 4;KALIMANTAN;TARAKAN;JWT;AOi4251126053844570278f50;0;Comply;-3,05
202601;AREA 4;KALIMANTAN;TARAKAN;JWT;AOi4251108102824760465770;0;Anomaly;
202601;AREA 4;KALIMANTAN;PONTIANAK;NGG;AOb02511091220564410587b0;0;Anomaly;
202601;AREA 4;SULAWESI;KENDARI;WNC;AOi4251101022455885418b80;0;Anomaly;
202601;AREA 4;MALUKU DAN PAPUA;TIMIKA;TIM;AOi4251117030701633e959f0;0;Anomaly;
202601;AREA 4;KALIMANTAN;TARAKAN;TRK;AOi4251115113451854742f70;0;Anomaly;
202601;AREA 4;KALIMANTAN;TARAKAN;TRK;AOi425110304413911298ae60;0;Anomaly;
202601;AREA 4;KALIMANTAN;TARAKAN;TRK;AOi4251105123257656d96320;0;Anomaly;
202601;AREA 4;KALIMANTAN;TARAKAN;TRK;AOi4251113101825729086910;0;Anomaly;
202601;AREA 4;KALIMANTAN;BANJARMASIN;PGN;AOi42511151237167433300e0;0;Anomaly;
202601;AREA 4;KALIMANTAN;PALANGKARAYA;KKP;AOi125112703330562779aae0;0;Comply;-1,58
202601;AREA 4;KALIMANTAN;PALANGKARAYA;KKP;AOi4251125025131219333d40;0;Comply;-49,84
202601;AREA 4;MALUKU DAN PAPUA;JAYAPURA;SNI;AOi42511050738114125d9d30;0;Anomaly;
202601;AREA 4;MALUKU DAN PAPUA;JAYAPURA;SNI;AOk4251126065931167590d00;0;Anomaly;
202601;AREA 4;MALUKU DAN PAPUA;JAYAPURA;SNI;AOi4251124013849560602cf0;0;Anomaly;
202601;AREA 4;MALUKU DAN PAPUA;JAYAPURA;SNI;AOi425113001000284592a2f0;0;Anomaly;
202601;AREA 4;MALUKU DAN PAPUA;JAYAPURA;SNI;AOi4251125030713760a65e80;0;Anomaly;
202601;AREA 4;MALUKU DAN PAPUA;AMBON;MSH;AOi12511040827054124ada60;0;Anomaly;
202601;AREA 4;SULAWESI;GORONTALO;ISM;PDAk4251110024826597f1cc10;0;Anomaly;
202601;AREA 4;MALUKU DAN PAPUA;JAYAPURA;WAE;AOi42511290620534176d7f20;0;Anomaly;
202601;AREA 4;MALUKU DAN PAPUA;JAYAPURA;WAE;AOs3251031012217108f00020;0;Comply;-45,50
202601;AREA 4;MALUKU DAN PAPUA;SORONG;FFA;AOi4251105033550400925370;0;Anomaly;
202601;AREA 4;SULAWESI;MAKASSAR;SUG;AOi1251120025942489a333d0;0;Anomaly;
202601;AREA 4;SULAWESI;MAKASSAR;SUG;AOi4251103025453385528a40;0;Anomaly;
202601;AREA 4;SULAWESI;MAKASSAR;SUG;AOk4251112024810133b61bd0;0;Anomaly;
202601;AREA 4;SULAWESI;GORONTALO;BUO;AOi4251104094937927f47190;0;Anomaly;
202601;AREA 4;SULAWESI;KENDARI;PMA;PDAk42511190723055208037d0;0;Comply;-18,59
202601;AREA 4;SULAWESI;PARE-PARE;PIN;PDAk4251117023421127f07be0;0;Anomaly;
202601;AREA 4;SULAWESI;PARE-PARE;PIN;AOk4251105024801963727590;0;Anomaly;
202601;AREA 4;KALIMANTAN;PONTIANAK;SNW;AOi4251121092542827781790;0;Anomaly;
202601;AREA 4;KALIMANTAN;PONTIANAK;SGU;AOi42511110119301055b1840;0;Anomaly;
202601;AREA 4;KALIMANTAN;SAMARINDA;TMD;AOi4251104061636468ab7e00;0;Anomaly;
202601;AREA 4;SULAWESI;MANADO;JLL;AOi42511240154112173cf310;0;Comply;-3,01
202601;AREA 4;KALIMANTAN;BALIKPAPAN;KTB;AOb0251121035900771846980;0;Comply;1,09
202601;AREA 4;KALIMANTAN;BALIKPAPAN;KTB;PDAk4251129125630267450a50;0;Anomaly;
202601;AREA 4;KALIMANTAN;BANJARMASIN;PLE;AOi42511140344134706bd7e0;0;Comply;-1,97
202601;AREA 4;KALIMANTAN;BANJARMASIN;PLE;AOi1251108091608098b58a80;0;Comply;-23,10
202601;AREA 4;KALIMANTAN;BANJARMASIN;PLE;AOi42511290722382609fcd60;0;Anomaly;
202601;AREA 4;SULAWESI;MAKASSAR;MAR;AOi4251028082425534d1f4d0;0;Anomaly;
202601;AREA 4;SULAWESI;KENDARI;KKA;AOi42511140840430664208b0;0;Anomaly;
202601;AREA 4;KALIMANTAN;SAMARINDA;SEM;AOi4251115115116412df86a0;0;Anomaly;
202601;AREA 4;KALIMANTAN;SAMARINDA;SEM;AOi42511241226509326e7b80;0;Anomaly;
202601;AREA 4;KALIMANTAN;PANGKALAN BUN;KPB;AOi4251121093516265ea0f60;0;Anomaly;
202601;AREA 4;SULAWESI;PALU;PGI;AOi425102305063198739bf90;0;Anomaly;
202601;AREA 4;KALIMANTAN;BANJARMASIN;MRB;AOi1251113023908900b86aa0;0;Anomaly;
202601;AREA 4;SULAWESI;MAKASSAR;PKN;AOi4251127063800878c661a0;0;Anomaly;
202601;AREA 4;KALIMANTAN;PONTIANAK;SRD;PDAk4251126111842224589770;0;Anomaly;
202601;AREA 4;SULAWESI;BONE;BLK;AOi42510300837407418a7fa0;0;Anomaly;
202601;AREA 4;SULAWESI;BONE;BLK;AOi4251031031515424061640;0;Anomaly;
202601;AREA 4;SULAWESI;KENDARI;LSS;AOi425110602200086881fd50;0;Comply;-19,57
202601;AREA 4;KALIMANTAN;BANJARMASIN;MTP;AOi4251114121132290a8b490;0;Anomaly;
202601;AREA 4;KALIMANTAN;BANJARMASIN;MTP;AOi4251106072804872a3a5d0;0;Anomaly;
202601;AREA 4;KALIMANTAN;BANJARMASIN;MTP;AOk4251103105006476436a00;0;Anomaly;
202601;AREA 4;SULAWESI;KENDARI;MDG;AOi4251122083849748d11300;0;Anomaly;
202601;AREA 4;SULAWESI;KENDARI;MDG;AOi4251115060616665ea37d0;0;Anomaly;
202601;AREA 4;SULAWESI;KENDARI;MDG;AOi4251127080922759218f90;0;Anomaly;
202601;AREA 4;SULAWESI;KENDARI;MDG;PDAk4251119073302024c5ae20;0;Anomaly;
202601;AREA 4;SULAWESI;KENDARI;MDG;AOi4251128064813504f239f0;0;Anomaly;
202601;AREA 4;SULAWESI;KENDARI;MDG;AOi42511180935360884599b0;0;Anomaly;
202601;AREA 4;MALUKU DAN PAPUA;JAYAPURA;SRU;AOi1251102093329577569190;0;Comply;-21,52
202601;AREA 4;MALUKU DAN PAPUA;JAYAPURA;SRU;AOi42511100329081254bedc0;0;Anomaly;
202601;AREA 4;MALUKU DAN PAPUA;JAYAPURA;SRU;AOk4251125125317789ab10d0;0;Anomaly;
202601;AREA 4;SULAWESI;PALU;TEN;AOi4251106013236329558230;0;Anomaly;
202601;AREA 4;MALUKU DAN PAPUA;AMBON;SML;AOi4251122033559428de56e0;0;Anomaly;
202601;AREA 4;MALUKU DAN PAPUA;AMBON;SML;AOi4251116041830787f7bf30;0;Anomaly;
202601;AREA 4;KALIMANTAN;BANJARMASIN;BJM;AOi4251119092200549a0d550;0;Anomaly;
202601;AREA 4;KALIMANTAN;SAMARINDA;SMR;AOi4251113083654983193f60;0;Anomaly;
202601;AREA 4;KALIMANTAN;SAMARINDA;SMR;AOi4251101110226549485980;0;Comply;-1,20
202601;AREA 4;KALIMANTAN;SAMARINDA;SMR;AOi4251108122157489a1a450;0;Anomaly;
202601;AREA 4;KALIMANTAN;SAMARINDA;SMR;AOs3251123052208631a924b0;0;Anomaly;
202601;AREA 4;KALIMANTAN;SAMARINDA;SMR;AOi4251127115519420766160;0;Comply;0,02
202601;AREA 4;KALIMANTAN;SAMARINDA;SMR;AOi4251113083654983193f60;0;Comply;-0,09
202601;AREA 4;KALIMANTAN;PANGKALAN BUN;SAI;AOi42510280936088106e6ea0;0;Comply;1,25
202601;AREA 4;KALIMANTAN;PANGKALAN BUN;SAI;PDAk425112108073204788b980;0;Comply;-1,10
202601;AREA 4;KALIMANTAN;TARAKAN;TBY;AOi42511281238001633e8120;0;Anomaly;
202601;AREA 4;KALIMANTAN;TARAKAN;TBY;AOi425112807445511469c7b0;0;Anomaly;
202601;AREA 4;SULAWESI;MANADO;KTG;AOi42511050149009263e3840;0;Comply;-74,57
202601;AREA 4;SULAWESI;PALU;PLB;AOi425102909020534741b320;0;Anomaly;
202601;AREA 4;SULAWESI;PALU;PLB;AOi425110707512198182b9d0;0;Anomaly;
202601;AREA 4;SULAWESI;PALU;PLB;AOk4251124051623992f21f80;0;Anomaly;
202601;AREA 4;SULAWESI;PALU;PLA;AOs3251120090349826872f80;0;Anomaly;
202601;AREA 4;SULAWESI;PALU;PLA;AOi1251122100754440ee2dc0;0;Anomaly;
202601;AREA 4;SULAWESI;PALU;PLA;AOk42511110943186024fcda0;0;Anomaly;
202601;AREA 4;KALIMANTAN;PANGKALAN BUN;KKU;AOi4251118090959869651ce0;0;Comply;0,49
202601;AREA 4;KALIMANTAN;TARAKAN;MLN;AOi425110610164064982d7e0;0;Comply;-48,04
202601;AREA 4;KALIMANTAN;TARAKAN;MLN;AOi4251106122310624b2cc80;0;Anomaly;
202601;AREA 4;KALIMANTAN;SAMARINDA;SGK;AOi42511070839042821f2820;0;Anomaly;
202601;AREA 4;KALIMANTAN;SAMARINDA;SGK;AOk4251125100213246c20ec0;0;Comply;-1,34
202601;AREA 4;KALIMANTAN;BANJARMASIN;PGT;AOi4251127081527504517a00;0;Anomaly;
202601;AREA 4;KALIMANTAN;SAMARINDA;LOB;AOi4251031031959130ffce50;0;Comply;-15,98
202601;AREA 4;KALIMANTAN;PANGKALAN BUN;KMI;AOk4251119091523973424b50;0;Anomaly;
202601;AREA 4;KALIMANTAN;TARAKAN;TRD;PDAk42511270859437716a68e0;0;Anomaly;
202601;AREA 4;SULAWESI;KENDARI;BBU;PDAk42510310907025920d7380;0;Anomaly;
202601;AREA 4;SULAWESI;KENDARI;BBU;AOi4251111012557663d44340;0;Anomaly;
202601;AREA 4;SULAWESI;KENDARI;BBU;AOi4251124081328313517080;0;Anomaly;
202601;AREA 4;KALIMANTAN;PANGKALAN BUN;LMD;AOi4251127044355351e2be30;0;Anomaly;
202601;AREA 4;KALIMANTAN;PANGKALAN BUN;LMD;AOi425110902053313519d1b0;0;Anomaly;
202601;AREA 4;SULAWESI;MANADO;PIK;AOi1251121085853335f290f0;0;Anomaly;
202601;AREA 4;SULAWESI;MANADO;PIK;AOi4251107042833459758380;0;Anomaly;
202601;AREA 4;MALUKU DAN PAPUA;JAYAPURA;WAE;AOi42511140111033578c9c10;0;Anomaly;
202601;AREA 4;KALIMANTAN;PONTIANAK;JAW;AOi4251111083250222c4bee0;0;Anomaly;
202601;AREA 4;KALIMANTAN;BANJARMASIN;KYG;PDAk42510270227016909be300;0;Comply;-4,90
202601;AREA 4;KALIMANTAN;BANJARMASIN;KYG;AOi42511031131017304a94b0;0;Comply;-0,34
202601;AREA 4;KALIMANTAN;BANJARMASIN;BBR;AOi4251120125920441c54200;0;Anomaly;
202601;AREA 4;KALIMANTAN;BANJARMASIN;BBR;AOi425112901384333438e210;0;Anomaly;
202601;AREA 4;KALIMANTAN;BANJARMASIN;BBR;AOi4251109014313058e8f400;0;Anomaly;
202601;AREA 4;KALIMANTAN;BANJARMASIN;BBR;AOi4251110010017938690990;0;Anomaly;
202601;AREA 4;KALIMANTAN;BANJARMASIN;BBR;AOk4251127115349665e1a3d0;0;Anomaly;
202601;AREA 4;SULAWESI;MANADO;PIK;AOi42511220336073924a4240;0;Anomaly;
202601;AREA 4;SULAWESI;MANADO;PIK;AOi4251031042410794709b20;0;Anomaly;
202601;AREA 4;SULAWESI;PARE-PARE;PLP;AOi1251106091703180546db0;0;Anomaly;
202601;AREA 4;SULAWESI;PARE-PARE;PLP;AOi4251112103744538ebf570;0;Anomaly;
202601;AREA 4;SULAWESI;PARE-PARE;PLP;AOi42511040712300280c6480;0;Anomaly;
202601;AREA 4;SULAWESI;PARE-PARE;PLP;AOk4251113085547378868830;0;Comply;-145,17
202601;AREA 4;SULAWESI;PARE-PARE;PLP;AOi4251112103744538ebf570;0;Anomaly;
202601;AREA 4;SULAWESI;PARE-PARE;PLP;AOi4251110065222189544d40;0;Anomaly;
202601;AREA 4;KALIMANTAN;SAMARINDA;STT;AOi42511241002270884398a0;0;Anomaly;
202601;AREA 4;KALIMANTAN;SAMARINDA;STT;AOi4251127042110744c72880;0;Anomaly;
202601;AREA 4;MALUKU DAN PAPUA;SORONG;SON;AOi4251122080249085a3b170;0;Anomaly;
202601;AREA 4;MALUKU DAN PAPUA;SORONG;SON;AOi425112402394396422a600;0;Anomaly;
202601;AREA 4;MALUKU DAN PAPUA;SORONG;SON;AOi425111803471403059f1e0;0;Anomaly;
202601;AREA 4;MALUKU DAN PAPUA;SORONG;SON;AOi42511030125146656738a0;0;Anomaly;
202601;AREA 4;MALUKU DAN PAPUA;SORONG;SON;AOi42511080257510893590d0;0;Anomaly;
202601;AREA 4;MALUKU DAN PAPUA;SORONG;SON;AOi4251122111630783c13310;0;Anomaly;
202601;AREA 4;KALIMANTAN;BANJARMASIN;BBR;AOi4251103115525286f9e870;0;Anomaly;
202601;AREA 4;SULAWESI;KENDARI;MDG;AOi4251122091844871c6e170;0;Anomaly;
202601;AREA 4;SULAWESI;MAKASSAR;MAT;AOi4251121102434124f80160;0;Anomaly;
202601;AREA 4;SULAWESI;MAKASSAR;MAT;AOi42511240334398026ac960;0;Anomaly;
202601;AREA 4;SULAWESI;MAKASSAR;MAT;AOs32511230856498489d2c40;0;Anomaly;
202601;AREA 4;SULAWESI;MAKASSAR;MAT;AOi4251128120604041e9f320;0;Anomaly;
202601;AREA 4;SULAWESI;MAKASSAR;MAT;AOi4251105032939179fb1260;0;Anomaly;
202601;AREA 4;MALUKU DAN PAPUA;AMBON;ABO;AOi4251119091427739bfd320;0;Anomaly;
202601;AREA 4;MALUKU DAN PAPUA;AMBON;ABO;AOi1251122113921271de48c0;0;Anomaly;
202601;AREA 4;MALUKU DAN PAPUA;SORONG;SON;AOi425112105441378849c300;0;Anomaly;
202601;AREA 4;MALUKU DAN PAPUA;SORONG;SON;AOi4251103063933170b87b60;0;Anomaly;
202601;AREA 4;MALUKU DAN PAPUA;SORONG;SON;AOi4251128113050090665d40;0;Anomaly;
202601;AREA 4;MALUKU DAN PAPUA;SORONG;SON;AOi4251106112725669017300;0;Anomaly;
202601;AREA 4;MALUKU DAN PAPUA;SORONG;SON;AOi42511150106353955fe0c0;0;Anomaly;
202601;AREA 4;MALUKU DAN PAPUA;SORONG;SON;AOi4251102025403500e6c560;0;Anomaly;
202601;AREA 4;MALUKU DAN PAPUA;SORONG;SON;AOi42511160954102902b25e0;0;Anomaly;
202601;AREA 4;MALUKU DAN PAPUA;SORONG;SON;AOi4251125124630588f9cea0;0;Anomaly;
202601;AREA 4;KALIMANTAN;PONTIANAK;SRY;AOi42511191015257631d4490;0;Anomaly;
202601;AREA 4;KALIMANTAN;BANJARMASIN;ULI;AOi425112101362307182eed0;0;Anomaly;
202601;AREA 4;KALIMANTAN;BANJARMASIN;LUL;AOk42511120321443035d91f0;0;Anomaly;
202601;AREA 4;KALIMANTAN;BANJARMASIN;LUL;AOi425112707421564012a780;0;Anomaly;
202601;AREA 4;KALIMANTAN;BANJARMASIN;LUL;AOk4251030102640840d8f930;0;Anomaly;
202601;AREA 4;KALIMANTAN;BANJARMASIN;LUL;AOi4251119070557856fe1d30;0;Anomaly;
202601;AREA 4;KALIMANTAN;SAMARINDA;SMR;AOi42511210405230090a9b40;0;Comply;-1,20
202601;AREA 4;KALIMANTAN;SAMARINDA;SMR;AOi42511221005475392daf30;0;Comply;-19,38
202601;AREA 4;SULAWESI;PARE-PARE;MLL;AOs3251031015827175b25040;0;Anomaly;
202601;AREA 4;KALIMANTAN;TARAKAN;LNN;AOi4251117095018583c2c840;0;Anomaly;
202601;AREA 4;MALUKU DAN PAPUA;SORONG;SON;AOi4251104110150702f2ecb0;0;Anomaly;
202601;AREA 4;MALUKU DAN PAPUA;SORONG;SON;AOi4251116125134866cce450;0;Anomaly;
202601;AREA 4;MALUKU DAN PAPUA;SORONG;SON;AOi4251125033534640d56420;0;Anomaly;
202601;AREA 4;MALUKU DAN PAPUA;SORONG;SON;AOi42511181236155439ca190;0;Anomaly;
202601;AREA 4;MALUKU DAN PAPUA;SORONG;SON;AOi4251107031221447fe10b0;0;Anomaly;
202601;AREA 4;MALUKU DAN PAPUA;SORONG;SON;AOi4251119040013112663c40;0;Anomaly;
202601;AREA 4;MALUKU DAN PAPUA;SORONG;SON;AOi425111911562150108d250;0;Anomaly;
202601;AREA 4;MALUKU DAN PAPUA;SORONG;SON;AOb0251022050427485487840;0;Anomaly;
202601;AREA 4;MALUKU DAN PAPUA;SORONG;SON;AOi42511071242426570922f0;0;Anomaly;
202601;AREA 4;MALUKU DAN PAPUA;SORONG;SON;AOi4251030045756607f84eb0;0;Anomaly;
202601;AREA 4;MALUKU DAN PAPUA;SORONG;SON;AOi42511220232036697ce7f0;0;Anomaly;
202601;AREA 4;MALUKU DAN PAPUA;SORONG;SON;AOi4251120074436388e3f960;0;Anomaly;
202601;AREA 4;MALUKU DAN PAPUA;SORONG;SON;AOi42511220930153913ba950;0;Anomaly;
202601;AREA 4;MALUKU DAN PAPUA;SORONG;SON;AOi4251118014247102008ce0;0;Anomaly;
202601;AREA 4;MALUKU DAN PAPUA;SORONG;SON;AOi425111204190492537d2b0;0;Anomaly;
202601;AREA 4;MALUKU DAN PAPUA;SORONG;SON;AOi4251031081909951545a60;0;Anomaly;
202601;AREA 4;MALUKU DAN PAPUA;SORONG;SON;AOi42511211126150701ce590;0;Anomaly;
202601;AREA 4;MALUKU DAN PAPUA;SORONG;SON;AOi4251115120602409449af0;0;Anomaly;
202601;AREA 4;KALIMANTAN;TARAKAN;LNN;AOi4251113042848527220060;0;Anomaly;
202601;AREA 4;KALIMANTAN;TARAKAN;LNN;AOi4251115072242992a12810;0;Anomaly;
202601;AREA 4;KALIMANTAN;TARAKAN;LNN;AOi425111209070135041d610;0;Anomaly;
202601;AREA 4;KALIMANTAN;PALANGKARAYA;PLK;AOi4251101034017146648c40;0;Anomaly;
202601;AREA 4;KALIMANTAN;PALANGKARAYA;PLK;AOi425113008555338421e100;0;Comply;-44,63
202601;AREA 4;SULAWESI;MAKASSAR;BAR;AOi4251101102744359883bd0;0;Comply;-14,70
202601;AREA 4;SULAWESI;MANADO;TDN;AOi4251117035805386e7ef60;0;Anomaly;
202601;AREA 4;SULAWESI;MAKASSAR;ANT;AOi4251119113926468d14c30;0;Anomaly;
202601;AREA 4;MALUKU DAN PAPUA;SORONG;SON;AOi4251122080249085a3b170;0;Anomaly;
202601;AREA 4;MALUKU DAN PAPUA;SORONG;SON;AOi42511290201233540ecdf0;0;Comply;-144,92
202601;AREA 4;MALUKU DAN PAPUA;SORONG;SON;AOi425110702090746341d5a0;0;Anomaly;
202601;AREA 4;MALUKU DAN PAPUA;SORONG;SON;AOi4251111040445699dfeab0;0;Anomaly;
202601;AREA 4;MALUKU DAN PAPUA;SORONG;SON;AOi42511260115460235900b0;0;Anomaly;
202601;AREA 4;MALUKU DAN PAPUA;JAYAPURA;JAP;AOi42511261051254825c5110;0;Anomaly;
202601;AREA 4;KALIMANTAN;PANGKALAN BUN;PBU;AOi42511121055195273aaa10;0;Anomaly;
202601;AREA 4;KALIMANTAN;PANGKALAN BUN;PBU;AOi4251103025214908f59ce0;0;Not Comply;195,49
202601;AREA 4;KALIMANTAN;PANGKALAN BUN;PBU;AOi42511030307549845efc80;0;Anomaly;
202601;AREA 4;KALIMANTAN;SAMARINDA;LOB;AOi42511110320439437f13d0;0;Comply;-23,58
202601;AREA 4;KALIMANTAN;SAMARINDA;LOB;AOi4251105014540623fb5860;0;Anomaly;
202601;AREA 4;KALIMANTAN;SAMARINDA;LOB;AOi4251129091848142b3e860;0;Comply;-1,05
202601;AREA 4;KALIMANTAN;SAMARINDA;LOB;AOi4251101084215526433610;0;Anomaly;
202601;AREA 4;KALIMANTAN;SAMARINDA;LOB;AOi42511270550186808769e0;0;Comply;0,04
202601;AREA 4;KALIMANTAN;SAMARINDA;LOB;PDAk4251120012850397cf7ea0;0;Anomaly;
202601;AREA 4;KALIMANTAN;SAMARINDA;LOB;AOi425112311561477522eaa0;0;Anomaly;
202601;AREA 4;KALIMANTAN;TARAKAN;TSL;AOi4251105123857406e231d0;0;Comply;-28,20
202601;AREA 4;KALIMANTAN;PANGKALAN BUN;PBU;AOs32511030655416991ad3d0;0;Anomaly;
202601;AREA 4;KALIMANTAN;PANGKALAN BUN;PBU;AOi42511020715102916580a0;0;Anomaly;
202601;AREA 4;KALIMANTAN;PANGKALAN BUN;PBU;AOi42511020715102916580a0;0;Anomaly;
202601;AREA 4;SULAWESI;KENDARI;KDR;AOi4251121014641346f6d6e0;0;Anomaly;
202601;AREA 4;SULAWESI;KENDARI;KDR;AOi42511110907411795682b0;0;Anomaly;
202601;AREA 4;SULAWESI;KENDARI;KDR;AOi42511160823169321c1070;0;Anomaly;
202601;AREA 4;SULAWESI;KENDARI;KDR;AOi4251111122120204da93e0;0;Anomaly;
202601;AREA 4;KALIMANTAN;PALANGKARAYA;BNT;AOi42511020129592348c6b10;0;Not Comply;49,79
202601;AREA 4;KALIMANTAN;PONTIANAK;STA;AOs325110808042176931b660;0;Anomaly;
202601;AREA 4;KALIMANTAN;PONTIANAK;STA;AOk42511280930523118493b0;0;Anomaly;
202601;AREA 4;KALIMANTAN;PONTIANAK;STA;AOi42511240910340829ba820;0;Anomaly;
202601;AREA 4;SULAWESI;PARE-PARE;ENR;AOk4251114080519634432180;0;Anomaly;
202601;AREA 4;SULAWESI;PARE-PARE;ENR;AOk4251127082904801cd1bb0;0;Anomaly;
202601;AREA 4;KALIMANTAN;SAMARINDA;LKT;PDAk42511210734051282c3670;0;Anomaly;
202601;AREA 4;KALIMANTAN;SAMARINDA;LKT;PDAk4251121092326616e1c810;0;Anomaly;
202601;AREA 4;KALIMANTAN;SAMARINDA;STT;AOi42511150233375589dc750;0;Anomaly;
202601;AREA 4;KALIMANTAN;SAMARINDA;STT;AOi4251125102421426a9dc60;0;Anomaly;
202601;AREA 4;SULAWESI;MAKASSAR;TMA;AOi4251106115522257658c90;0;Anomaly;
202601;AREA 4;SULAWESI;MAKASSAR;BAL;AOi425110903461883623dec0;0;Anomaly;
202601;AREA 4;SULAWESI;MAKASSAR;BAL;AOi42511140817113122ef130;0;Anomaly;
202601;AREA 4;KALIMANTAN;PALANGKARAYA;TML;AOi4251114125648193238590;0;Comply;-2,93
202601;AREA 4;MALUKU DAN PAPUA;SORONG;MWR;AOi425103002010709552b320;0;Anomaly;
202601;AREA 4;MALUKU DAN PAPUA;SORONG;MWR;AOi1251102073049446f6d670;0;Anomaly;
202601;AREA 4;MALUKU DAN PAPUA;JAYAPURA;BIA;AOi42511141134056097d7c90;0;Anomaly;
202601;AREA 4;MALUKU DAN PAPUA;JAYAPURA;BIA;AOi4251031091013098bbb6f0;0;Anomaly;
202601;AREA 4;KALIMANTAN;SAMARINDA;STT;PDAk4251031041843498db5b90;0;Anomaly;
202601;AREA 4;KALIMANTAN;SAMARINDA;STT;PDAk42511150957519682072d0;0;Anomaly;
202601;AREA 4;SULAWESI;MAKASSAR;JNP;AOi4251126093808526307f00;0;Anomaly;
202601;AREA 4;SULAWESI;MAKASSAR;JNP;AOi42511241207510820cd7d0;0;Comply;-24,93
202601;AREA 4;MALUKU DAN PAPUA;JAYAPURA;ABE;AOs3251129124029941f5c580;0;Anomaly;
202601;AREA 4;MALUKU DAN PAPUA;JAYAPURA;ABE;PDAk42511180803548043a7690;0;Anomaly;
202601;AREA 4;MALUKU DAN PAPUA;JAYAPURA;ABE;AOi4251114081556605fe5b30;0;Anomaly;
202601;AREA 4;MALUKU DAN PAPUA;JAYAPURA;ABE;AOb0251125024724828a6c620;0;Anomaly;
202601;AREA 4;MALUKU DAN PAPUA;JAYAPURA;BIA;AOi4251106021717348b88200;0;Anomaly;
202601;AREA 4;KALIMANTAN;BANJARMASIN;BJM;PDAk4251122102913646b5ba10;0;Anomaly;
202601;AREA 4;KALIMANTAN;BANJARMASIN;BJM;AOi4251116093253111a5e270;0;Anomaly;
202601;AREA 4;KALIMANTAN;BANJARMASIN;BJM;AOi4251103121727480376e70;0;Anomaly;
202601;AREA 4;KALIMANTAN;BANJARMASIN;BJM;AOi4251114051959045b9daa0;0;Anomaly;
202601;AREA 4;KALIMANTAN;BANJARMASIN;BJM;AOk4251127084747714546ff0;0;Anomaly;
202601;AREA 4;KALIMANTAN;BANJARMASIN;BJM;AOk4251105013500234092f50;0;Anomaly;
202601;AREA 4;SULAWESI;MAKASSAR;TKA;AOi42511011029134838874b0;0;Comply;-24,45
202601;AREA 4;KALIMANTAN;PONTIANAK;PTK;AOi4251121060152307690d20;0;Anomaly;
202601;AREA 4;KALIMANTAN;PONTIANAK;PTK;AOi425110809290239100c610;0;Anomaly;
202601;AREA 4;KALIMANTAN;PONTIANAK;PTK;AOi425111606351017695a000;0;Anomaly;
202601;AREA 4;KALIMANTAN;PONTIANAK;PTK;AOi4251103085636115a2efa0;0;Anomaly;
202601;AREA 4;KALIMANTAN;PONTIANAK;PTK;AOi4251105121740332b43410;0;Anomaly;
202601;AREA 4;KALIMANTAN;PONTIANAK;PTK;PDAk42511240304248365ff170;0;Anomaly;
202601;AREA 4;KALIMANTAN;PONTIANAK;PTK;AOi42511040901177050d11e0;0;Anomaly;
202601;AREA 4;KALIMANTAN;SAMARINDA;PLL;AOi4251127040708172850fc0;0;Anomaly;
202601;AREA 4;SULAWESI;MAKASSAR;TKA;AOi4251112060239636bf5810;0;Anomaly;
202601;AREA 4;SULAWESI;MAKASSAR;TKA;AOi4251114122545685e25b80;0;Anomaly;
202601;AREA 4;KALIMANTAN;SAMARINDA;PLL;PDAk42511060156334746fcd20;0;Not Comply;5,41
202601;AREA 4;SULAWESI;BONE;SID;AOi4251129031330959443bc0;0;Anomaly;
202601;AREA 4;SULAWESI;BONE;SID;AOi42511031003237976e0920;0;Anomaly;
202601;AREA 4;MALUKU DAN PAPUA;TIMIKA;MRK;AOi425112705242539175c700;0;Anomaly;
202601;AREA 4;MALUKU DAN PAPUA;TIMIKA;MRK;AOi4251121030208922e2d220;0;Not Comply;3,98
202601;AREA 4;MALUKU DAN PAPUA;TIMIKA;MRK;AOi425110202504710344a5e0;0;Anomaly;
202601;AREA 4;MALUKU DAN PAPUA;TIMIKA;MRK;AOi42511220221086004b0b10;0;Anomaly;
202601;AREA 4;MALUKU DAN PAPUA;TIMIKA;MRK;AOk4251120110306035056d80;0;Anomaly;
202601;AREA 4;SULAWESI;MANADO;AMD;AOi42510310607403196b5840;0;Anomaly;
202601;AREA 4;SULAWESI;MANADO;AMD;AOi42511020904159886ae8c0;0;Anomaly;
202601;AREA 4;SULAWESI;MANADO;AMD;AOi42511271007540768c1d90;0;Anomaly;
202601;AREA 4;SULAWESI;PARE-PARE;RTP;AOi42511191100505817f9d50;0;Anomaly;
202601;AREA 4;SULAWESI;PARE-PARE;RTP;AOi4251126020028783b74ec0;0;Anomaly;
202601;AREA 4;SULAWESI;PARE-PARE;RTP;AOi42511181009491881bdec0;0;Anomaly;
202601;AREA 4;SULAWESI;BONE;SIN;AOi42511080730277465730c0;0;Anomaly;
202601;AREA 4;KALIMANTAN;SAMARINDA;SBR;AOi42511020702589340a6f20;0;Anomaly;
202601;AREA 4;KALIMANTAN;SAMARINDA;SBR;AOi4251121013706544866130;0;Anomaly;
202601;AREA 4;KALIMANTAN;SAMARINDA;SBR;AOi1251116092401459114600;0;Anomaly;
202601;AREA 4;KALIMANTAN;BANJARMASIN;RTA;AOi4251110050939076bf5e10;0;Anomaly;
202601;AREA 4;KALIMANTAN;BANJARMASIN;RTA;AOi42511130445331161d3d40;0;Comply;-22,30
202601;AREA 4;SULAWESI;MANADO;BAH;AOi4251110044150287f20660;0;Anomaly;
202601;AREA 4;SULAWESI;MANADO;BAH;AOi42511031156262048ac920;0;Anomaly;
202601;AREA 4;SULAWESI;MANADO;BAH;AOi425110704413422205d1e0;0;Anomaly;
202601;AREA 4;SULAWESI;MANADO;BAH;AOs3251110051246220a57a50;0;Anomaly;
202601;AREA 4;SULAWESI;MANADO;BAH;AOs32511050924219411f0b30;0;Anomaly;
202601;AREA 4;SULAWESI;MANADO;BAH;AOi42511120553390616048a0;0;Anomaly;
202601;AREA 4;SULAWESI;MANADO;BAH;AOi4251101114101387f2d860;0;Anomaly;
202601;AREA 4;SULAWESI;MANADO;BAH;AOi4251101055512046e7b530;0;Anomaly;
202601;AREA 4;SULAWESI;MANADO;BAH;AOb0251101082457858593ee0;0;Anomaly;
202601;AREA 4;SULAWESI;MANADO;BAH;AOi42511240722337182e6d20;0;Anomaly;
202601;AREA 4;SULAWESI;MANADO;BAH;AOi4251105122054171a8eba0;0;Anomaly;
202601;AREA 4;SULAWESI;MANADO;BAH;AOb0251116085125711b54e10;0;Anomaly;
202601;AREA 4;SULAWESI;MANADO;BAH;AOi4251101114101387f2d860;0;Anomaly;
202601;AREA 4;SULAWESI;PALU;KOL;AOi42510290954292561f1f10;0;Anomaly;
202601;AREA 4;SULAWESI;PALU;KOL;AOs32511140137016229a9f60;0;Anomaly;
202601;AREA 4;SULAWESI;PALU;KOL;AOi4251124124149974ef07b0;0;Anomaly;
202601;AREA 4;SULAWESI;PALU;KOL;AOi4251030093415351019250;0;Anomaly;
202601;AREA 4;SULAWESI;PALU;KOL;AOi4251124124149974ef07b0;0;Anomaly;
202601;AREA 4;SULAWESI;PARE-PARE;PRE;AOi4251117102524861b29090;0;Anomaly;
202601;AREA 4;SULAWESI;PARE-PARE;PRE;AOk425111212500260311d450;0;Anomaly;
202601;AREA 4;SULAWESI;PARE-PARE;PRE;AOk425111212500260311d450;0;Anomaly;
202601;AREA 4;SULAWESI;PARE-PARE;PRE;AOk4251106085710857e60f60;0;Anomaly;
202601;AREA 4;SULAWESI;KENDARI;UNH;AOi4251106125135780a1bb40;0;Anomaly;
202601;AREA 4;SULAWESI;KENDARI;UNH;AOi4251124035417420ba9510;0;Anomaly;
202601;AREA 4;SULAWESI;KENDARI;UNH;AOi4251103104256842ecccd0;0;Anomaly;
202601;AREA 4;SULAWESI;KENDARI;UNH;AOi4251029080305227d20360;0;Anomaly;
202601;AREA 4;SULAWESI;KENDARI;UNH;AOi4251110015513516e45520;0;Anomaly;
202601;AREA 4;SULAWESI;KENDARI;UNH;AOs32511010810208037e0a10;0;Anomaly;
202601;AREA 4;SULAWESI;MANADO;SFI;AOi4251108012308256094110;0;Anomaly;
202601;AREA 4;SULAWESI;MANADO;SFI;AOi1251021021207696c8a690;0;Anomaly;
202601;AREA 4;SULAWESI;MANADO;SFI;AOi1251021021207696c8a690;0;Anomaly;
202601;AREA 4;SULAWESI;MANADO;SFI;AOi4251120054632676a72cd0;0;Anomaly;
202601;AREA 4;SULAWESI;GORONTALO;GTL;AOi4251114033802283f8dd80;0;Anomaly;
202601;AREA 4;SULAWESI;GORONTALO;GTL;AOi4251101121029515941820;0;Anomaly;
202601;AREA 4;MALUKU DAN PAPUA;AMBON;PAO;AOi4251115110203131017720;0;Anomaly;
202601;AREA 4;MALUKU DAN PAPUA;AMBON;PAO;AOk4251119120521065c41740;0;Anomaly;
202601;AREA 4;KALIMANTAN;BALIKPAPAN;GSA;PDAk4251101073227019ee0070;0;Anomaly;
202601;AREA 4;KALIMANTAN;BALIKPAPAN;GSA;AOb0251107014555148a81e40;0;Anomaly;
202601;AREA 4;KALIMANTAN;BALIKPAPAN;GSA;PDAk4251110042928429ad4880;0;Anomaly;
202601;AREA 4;KALIMANTAN;BALIKPAPAN;GSA;PDAk4251106020453003188520;0;Anomaly;
202601;AREA 4;KALIMANTAN;BALIKPAPAN;MGG;AOk42511060115112961bbf00;0;Anomaly;
202601;AREA 4;MALUKU DAN PAPUA;SORONG;TMB;AOi4251114114734274c65550;0;Anomaly;
202601;AREA 4;MALUKU DAN PAPUA;SORONG;TMB;AOi42511201051303405d9740;0;Anomaly;
202601;AREA 4;MALUKU DAN PAPUA;SORONG;TMB;AOi42511140652210483fcbf0;0;Anomaly;
202601;AREA 4;MALUKU DAN PAPUA;SORONG;TMB;AOi4251118020034201dc97a0;0;Anomaly;
202601;AREA 4;KALIMANTAN;BALIKPAPAN;TNG;AOi4251101093228008d47860;0;Anomaly;
202601;AREA 4;KALIMANTAN;SAMARINDA;PAA;AOi42511250145507521b96e0;0;Anomaly;
202601;AREA 4;SULAWESI;MAKASSAR;MAL;AOi425111209460428783b4a0;0;Anomaly;
202601;AREA 4;KALIMANTAN;BANJARMASIN;STI;AOi42511251149523528bca10;0;Anomaly;
202601;AREA 4;SULAWESI;PALU;TLY;AOi42511220627137900303f0;0;Anomaly;
202601;AREA 4;KALIMANTAN;BANJARMASIN;BRI;AOi425111603322646839f8d0;0;Comply;-22,85
202601;AREA 4;MALUKU DAN PAPUA;AMBON;PAO;AOi425110408382510428bc30;0;Anomaly;
202601;AREA 4;KALIMANTAN;BALIKPAPAN;MJW;AOi425112707163074021a410;0;Anomaly;
202601;AREA 4;KALIMANTAN;PALANGKARAYA;KRI;AOi4251113091324072600dc0;0;Anomaly;
202601;AREA 4;KALIMANTAN;PALANGKARAYA;KRI;AOi4251030094904213fc8830;0;Anomaly;
202601;AREA 4;KALIMANTAN;BALIKPAPAN;BRU;AOi42511210816099732ede90;0;Comply;-164,14
202601;AREA 4;KALIMANTAN;BALIKPAPAN;BRU;PDAk42511100152093044b4120;0;Anomaly;
202601;AREA 4;KALIMANTAN;BALIKPAPAN;BRU;PDAk4251118124323504f96e90;0;Anomaly;
202601;AREA 4;KALIMANTAN;BALIKPAPAN;BRU;PDAk4251118124323504f96e90;0;Anomaly;
202601;AREA 4;KALIMANTAN;BALIKPAPAN;BRU;AOi12511240851478197a72d0;0;Anomaly;
202601;AREA 4;SULAWESI;BONE;SIN;AOi4251113115243417aa3870;0;Anomaly;
202601;AREA 4;SULAWESI;MANADO;MDO;AOi1251106095541880ad8ca0;0;Anomaly;
202601;AREA 4;SULAWESI;MANADO;MDO;AOk4251128023615324d69f10;0;Anomaly;
202601;AREA 4;SULAWESI;MANADO;MDO;AOi4251118014648700aeb510;0;Anomaly;
202601;AREA 4;SULAWESI;MANADO;MDO;AOk4251110080551643491090;0;Anomaly;
202601;AREA 4;SULAWESI;MANADO;MDO;AOs3251104035626107171500;0;Anomaly;
202601;AREA 4;SULAWESI;MANADO;BIT;AOi42511240246414953b9e80;0;Anomaly;
202601;AREA 4;SULAWESI;MANADO;BIT;AOi4251113025410743629b00;0;Anomaly;
202601;AREA 4;SULAWESI;MANADO;BIT;AOi4251106031648413d6bef0;0;Anomaly;
202601;AREA 4;KALIMANTAN;BALIKPAPAN;MGG;AOs3251101052540363aeeb80;0;Comply;-21,37
202601;AREA 4;KALIMANTAN;BALIKPAPAN;MGG;AOi42511241132572707bbcf0;0;Anomaly;
202601;AREA 4;SULAWESI;MAKASSAR;PNK;AOi4251105064204529896c30;0;Comply;-73,34
202601;AREA 4;SULAWESI;MAKASSAR;PNK;AOi4251104094304283ee6e90;0;Anomaly;
202601;AREA 4;SULAWESI;MAKASSAR;PNK;PDAk42510311148150670f80f0;0;Anomaly;
202601;AREA 4;SULAWESI;MAKASSAR;PNK;AOs3251127112746950ad21c0;0;Anomaly;
202601;AREA 4;SULAWESI;MAKASSAR;PNK;AOi42511280227141492358d0;0;Anomaly;
202601;AREA 4;SULAWESI;MAKASSAR;PNK;AOs3251031070153914774d20;0;Anomaly;
202601;AREA 4;KALIMANTAN;PALANGKARAYA;KKN;AOi12511171025285715f5980;0;Anomaly;
202601;AREA 4;KALIMANTAN;PALANGKARAYA;KKN;AOi42511060848590465ee310;0;Anomaly;
202601;AREA 4;KALIMANTAN;PALANGKARAYA;KKN;AOi4251103024156092e1eb10;0;Anomaly;
202601;AREA 4;KALIMANTAN;PALANGKARAYA;KKN;AOi4251120023631679adc1a0;0;Not Comply;362,30
202601;AREA 4;KALIMANTAN;PALANGKARAYA;KKN;AOi4251115083601330bfca40;0;Not Comply;46,78
202601;AREA 4;SULAWESI;PARE-PARE;MAM;AOi42511171250441753324e0;0;Anomaly;
202601;AREA 4;SULAWESI;PARE-PARE;MAM;AOi42511171250441753324e0;0;Anomaly;
202601;AREA 4;MALUKU DAN PAPUA;SORONG;NAB;AOi12510290436276266c8a70;0;Anomaly;
202601;AREA 4;MALUKU DAN PAPUA;SORONG;NAB;AOk425110410374596015f8f0;0;Anomaly;
202601;AREA 4;KALIMANTAN;PONTIANAK;PTK;AOi4251124013737486bbad20;0;Anomaly;
202601;AREA 4;KALIMANTAN;PONTIANAK;PTK;AOk4251105024012330626420;0;Anomaly;
202601;AREA 4;KALIMANTAN;PONTIANAK;PMK;AOi4251031021821000666d70;0;Anomaly;
202601;AREA 4;KALIMANTAN;PANGKALAN BUN;KTP;AOi425110809350088437d830;0;Anomaly;
202601;AREA 4;KALIMANTAN;PANGKALAN BUN;KTP;AOi4251118064437324a1ecd0;0;Anomaly;
202601;AREA 4;KALIMANTAN;PANGKALAN BUN;KTP;AOi4251118043611385271590;0;Anomaly;
202601;AREA 4;KALIMANTAN;PANGKALAN BUN;KTP;AOi4251108052422308e24c50;0;Not Comply;6,98
202601;AREA 4;SULAWESI;BONE;CGI;AOi4251103021434900d99cb0;0;Anomaly;
202601;AREA 4;KALIMANTAN;PALANGKARAYA;MTW;AOi42511081041266840584a0;0;Anomaly;
202601;AREA 4;KALIMANTAN;BALIKPAPAN;TGG;AOk4251106112743066b97df0;0;Comply;-19,70
202601;AREA 4;KALIMANTAN;TARAKAN;JWT;PDAk4251103112053149f40b50;0;Anomaly;
202601;AREA 4;KALIMANTAN;TARAKAN;JWT;AOi4251111082924888a01560;0;Anomaly;
202601;AREA 4;MALUKU DAN PAPUA;SORONG;NAB;AOi4251104070543941fa90e0;0;Anomaly;
202601;AREA 4;MALUKU DAN PAPUA;SORONG;NAB;AOi4251114013055079491070;0;Anomaly;
202601;AREA 4;MALUKU DAN PAPUA;SORONG;NAB;AOi4251101054241428e6c260;0;Anomaly;
202601;AREA 4;MALUKU DAN PAPUA;SORONG;NAB;AOk4251028085745206d09a10;0;Anomaly;
202601;AREA 4;MALUKU DAN PAPUA;SORONG;NAB;AOi12510290436276266c8a70;0;Anomaly;
202601;AREA 4;MALUKU DAN PAPUA;SORONG;NAB;AOk4251104011317279f9c370;0;Anomaly;
202601;AREA 4;MALUKU DAN PAPUA;SORONG;NAB;AOk4251118081012754b509d0;0;Anomaly;
202601;AREA 4;MALUKU DAN PAPUA;SORONG;NAB;AOi4251114013055079491070;0;Anomaly;
202601;AREA 4;MALUKU DAN PAPUA;SORONG;NAB;AOb0251117053817081248a60;0;Anomaly;
202601;AREA 4;KALIMANTAN;PONTIANAK;NGG;AOi4251105120556903eceb90;0;Anomaly;
202601;AREA 4;SULAWESI;MANADO;TOB;AOi42511040627046877d4630;0;Anomaly;
202601;AREA 4;SULAWESI;MANADO;TOB;AOi42511181141509255d7e90;0;Anomaly;
202601;AREA 4;SULAWESI;MANADO;TOB;AOi42511070722369724b9fc0;0;Anomaly;
202601;AREA 4;SULAWESI;MANADO;LAN;AOi425110612164255288f080;0;Anomaly;
202601;AREA 4;MALUKU DAN PAPUA;TIMIKA;TIM;AOi42511100155059616957b0;0;Anomaly;
202601;AREA 4;MALUKU DAN PAPUA;TIMIKA;TIM;AOi42511100155059616957b0;0;Anomaly;
202601;AREA 4;MALUKU DAN PAPUA;TIMIKA;TIM;AOi4251117101059783e04070;0;Anomaly;
202601;AREA 4;MALUKU DAN PAPUA;TIMIKA;TIM;AOi425112102390555252f8d0;0;Anomaly;
202601;AREA 4;MALUKU DAN PAPUA;TIMIKA;TIM;AOi4251110122602366ad1f80;0;Anomaly;
202601;AREA 4;MALUKU DAN PAPUA;TIMIKA;TIM;AOi4251115023848490c58be0;0;Anomaly;
202601;AREA 4;MALUKU DAN PAPUA;TIMIKA;TIM;AOi4251114095523059e38530;0;Anomaly;
202601;AREA 4;MALUKU DAN PAPUA;TIMIKA;TIM;AOi425112102390555252f8d0;0;Anomaly;
202601;AREA 4;MALUKU DAN PAPUA;TIMIKA;TIM;AOi42511200625198832efa70;0;Anomaly;
202601;AREA 4;MALUKU DAN PAPUA;TIMIKA;TIM;AOi425112709273970589d670;0;Anomaly;
202601;AREA 4;MALUKU DAN PAPUA;TIMIKA;TIM;AOk4251125093036205099d10;0;Anomaly;
202601;AREA 4;MALUKU DAN PAPUA;TIMIKA;TIM;AOi42511091239200169a96f0;0;Anomaly;
202601;AREA 4;MALUKU DAN PAPUA;TIMIKA;TIM;AOi4251121084633869f14b40;0;Anomaly;
202601;AREA 4;MALUKU DAN PAPUA;TIMIKA;TIM;AOi4251127060931318355450;0;Anomaly;
202601;AREA 4;MALUKU DAN PAPUA;TIMIKA;TIM;AOi4251127061029417bf2900;0;Anomaly;
202601;AREA 4;MALUKU DAN PAPUA;TIMIKA;TIM;AOi425102912321833674ea50;0;Anomaly;
202601;AREA 4;MALUKU DAN PAPUA;TIMIKA;TIM;AOi4251108103354887f87d00;0;Anomaly;
202601;AREA 4;MALUKU DAN PAPUA;TIMIKA;TIM;AOk425102506482726879e4d0;0;Anomaly;
202601;AREA 4;MALUKU DAN PAPUA;TIMIKA;TIM;AOk425102506482726879e4d0;0;Anomaly;
202601;AREA 4;KALIMANTAN;TARAKAN;TRK;AOi4251104115303299d87f90;0;Comply;-21,72
202601;AREA 4;KALIMANTAN;TARAKAN;TRK;PDAk4251113111913054b39e80;0;Anomaly;
202601;AREA 4;KALIMANTAN;TARAKAN;TRK;AOs3251101042903157035b10;0;Comply;-18,91
202601;AREA 4;KALIMANTAN;TARAKAN;TRK;PDAk4251103020133612b98180;0;Anomaly;
202601;AREA 4;KALIMANTAN;TARAKAN;TRK;PDAk4251127123213046069890;0;Anomaly;
202601;AREA 4;KALIMANTAN;TARAKAN;TRK;AOi4251116070353560cbf360;0;Anomaly;
202601;AREA 4;KALIMANTAN;TARAKAN;TRK;PDAk425111112545016443d970;0;Anomaly;
202601;AREA 4;KALIMANTAN;BANJARMASIN;PGN;AOi42511230610305669d3890;0;Anomaly;
202601;AREA 4;KALIMANTAN;PALANGKARAYA;KKP;AOi4251031103331965c67f40;0;Not Comply;27,76
202601;AREA 4;MALUKU DAN PAPUA;JAYAPURA;SNI;AOi4251113084258777f565f0;0;Anomaly;
202601;AREA 4;MALUKU DAN PAPUA;JAYAPURA;SNI;AOi125103108090892700b600;0;Anomaly;
202601;AREA 4;MALUKU DAN PAPUA;JAYAPURA;SNI;AOi42511281232077015c9e80;0;Anomaly;
202601;AREA 4;SULAWESI;MANADO;TNT;AOi42511040132124407c6c90;0;Anomaly;
202601;AREA 4;SULAWESI;MANADO;TNT;AOi42511030106399984fd0b0;0;Anomaly;
202601;AREA 4;SULAWESI;MANADO;TNT;AOi42511031120262212f9960;0;Anomaly;
202601;AREA 4;SULAWESI;MANADO;TNT;AOi42511151058386990fac80;0;Anomaly;
202601;AREA 4;SULAWESI;MANADO;TNT;PDAk42511120859090549087d0;0;Anomaly;
202601;AREA 4;SULAWESI;MANADO;TNT;AOi42511111037587231d2d80;0;Anomaly;
202601;AREA 4;MALUKU DAN PAPUA;JAYAPURA;WAE;AOi4251104012419920c74bb0;0;Anomaly;
202601;AREA 4;KALIMANTAN;PONTIANAK;JAW;PDAk4251108114952838fcc020;0;Anomaly;
202601;AREA 4;MALUKU DAN PAPUA;SORONG;FFA;AOs32511030344070730bf7d0;0;Anomaly;
202601;AREA 4;MALUKU DAN PAPUA;SORONG;FFA;AOi4251117122045075a04b70;0;Anomaly;
202601;AREA 4;MALUKU DAN PAPUA;SORONG;FFA;AOi42510080419315236241d0;0;Anomaly;
202601;AREA 4;MALUKU DAN PAPUA;SORONG;FFA;AOi4251114030856120423b10;0;Anomaly;
202601;AREA 4;MALUKU DAN PAPUA;SORONG;FFA;AOs3251114112413017c1d990;0;Anomaly;
202601;AREA 4;MALUKU DAN PAPUA;SORONG;FFA;AOk4251103021345803bcd6c0;0;Anomaly;
202601;AREA 4;MALUKU DAN PAPUA;SORONG;FFA;AOi4251106094633916db14f0;0;Anomaly;
202601;AREA 4;SULAWESI;MAKASSAR;SUG;AOi42511140609542258c0980;0;Anomaly;
202601;AREA 4;SULAWESI;MAKASSAR;SUG;AOi4251113110223113801780;0;Anomaly;
202601;AREA 4;SULAWESI;MAKASSAR;SUG;AOi4251031073725389357e20;0;Anomaly;
202601;AREA 4;SULAWESI;MAKASSAR;SUG;AOi4251105021531405cd8ae0;0;Anomaly;
202601;AREA 4;SULAWESI;MAKASSAR;SUG;AOi4251122121459282485630;0;Anomaly;
202601;AREA 4;SULAWESI;MAKASSAR;SUG;AOs325110903304783866dd20;0;Anomaly;
202601;AREA 4;SULAWESI;MAKASSAR;SUG;AOi4251107063008941645760;0;Comply;-162,82
202601;AREA 4;SULAWESI;MAKASSAR;SUG;AOi42511180635436740da690;0;Anomaly;
202601;AREA 4;SULAWESI;MAKASSAR;SUG;PDAk42511010121397497e4440;0;Anomaly;
202601;AREA 4;SULAWESI;PARE-PARE;PKA;AOb025112209435882645b590;0;Anomaly;
202601;AREA 4;SULAWESI;BONE;SLY;AOk42511040925419330a9c10;0;Anomaly;
202601;AREA 4;KALIMANTAN;SAMARINDA;SEM;AOi4251125082233466921d00;0;Anomaly;
202601;AREA 4;KALIMANTAN;SAMARINDA;SEM;AOi4251106054447281114250;0;Anomaly;
202601;AREA 4;KALIMANTAN;BANJARMASIN;BLC;AOi1251128060221949e647a0;0;Anomaly;
202601;AREA 4;KALIMANTAN;BALIKPAPAN;PNJ;PDAk4251125053043070140800;0;Anomaly;
202601;AREA 4;SULAWESI;MANADO;SSI;AOi42511030953370265f3170;0;Anomaly;
202601;AREA 4;SULAWESI;MANADO;SSI;AOi425112303503676586dcd0;0;Anomaly;
202601;AREA 4;SULAWESI;KENDARI;KKA;AOi4251117071254926f588e0;0;Anomaly;
202601;AREA 4;SULAWESI;KENDARI;KKA;AOi4251117071254926f588e0;0;Anomaly;
202601;AREA 4;SULAWESI;PALU;SNN;AOi425112511081805450f170;0;Anomaly;
202601;AREA 4;SULAWESI;MANADO;KTG;AOi4251124010817151bcd1f0;0;Anomaly;
202601;AREA 4;SULAWESI;PALU;PLB;AOs3251108023438524328ef0;0;Anomaly;
202601;AREA 4;SULAWESI;PALU;PLB;AOi42511040918425841c6ce0;0;Anomaly;
202601;AREA 4;SULAWESI;PALU;PLB;AOi4251102114118669d78380;0;Anomaly;
202601;AREA 4;SULAWESI;PALU;PLB;AOi1251117081948482fccfc0;0;Anomaly;
202601;AREA 4;SULAWESI;PALU;PLB;AOi425110707512198182b9d0;0;Anomaly;
202601;AREA 4;SULAWESI;PALU;PLB;AOi425110412175737664e1e0;0;Anomaly;
202601;AREA 4;KALIMANTAN;BALIKPAPAN;SAN;AOi42511210818089149a8570;0;Anomaly;
202601;AREA 4;MALUKU DAN PAPUA;TIMIKA;BAD;AOi42511140211503818d4f90;0;Anomaly;
202601;AREA 4;KALIMANTAN;PONTIANAK;SGU;AOk4251110103005779e0cf40;0;Anomaly;
202601;AREA 4;KALIMANTAN;SAMARINDA;TMD;AOi42511210322154240a24b0;0;Anomaly;
202601;AREA 4;SULAWESI;MANADO;JLL;AOi42511241042396953cc9d0;0;Anomaly;
202601;AREA 4;SULAWESI;MANADO;JLL;AOi4251118021413948087400;0;Not Comply;25,14
202601;AREA 4;KALIMANTAN;PONTIANAK;SAO;AOi42511010100239226e7650;0;Anomaly;
202601;AREA 4;SULAWESI;PALU;PLB;AOi425111508321184888c480;0;Anomaly;
202601;AREA 4;SULAWESI;PALU;PLB;AOi425112308144567972f0e0;0;Anomaly;
202601;AREA 4;SULAWESI;PALU;PLB;AOi425111505355078210f420;0;Anomaly;
202601;AREA 4;SULAWESI;PALU;PLB;AOi42510280858285320a9860;0;Anomaly;
202601;AREA 4;SULAWESI;PALU;PLB;AOi12511250751430507baf60;0;Anomaly;
202601;AREA 4;KALIMANTAN;SAMARINDA;KOB;AOi4251023113605118179110;0;Anomaly;
202601;AREA 4;SULAWESI;PALU;PLA;AOi4251119073837351318b40;0;Anomaly;
202601;AREA 4;SULAWESI;PALU;PLA;AOi42511210801011468f8cd0;0;Anomaly;
202601;AREA 4;SULAWESI;PALU;PLA;AOs3251101082638163825cd0;0;Anomaly;
202601;AREA 4;KALIMANTAN;SAMARINDA;SMR;AOi4251122055200163611b20;0;Anomaly;
202601;AREA 4;KALIMANTAN;SAMARINDA;SMR;AOi42511210911417791736b0;0;Comply;-28,10
202601;AREA 4;KALIMANTAN;SAMARINDA;SMR;AOi425110908395486700d970;0;Anomaly;
202601;AREA 4;KALIMANTAN;SAMARINDA;SMR;AOi42511221005475392daf30;0;Comply;-25,43
202601;AREA 4;SULAWESI;PARE-PARE;MLL;AOi42511240142266443fb1f0;0;Anomaly;
202601;AREA 4;MALUKU DAN PAPUA;SORONG;WMR;AOs32511101200261340ded70;0;Anomaly;
202601;AREA 4;MALUKU DAN PAPUA;SORONG;WMR;AOi4251124025807609241af0;0;Anomaly;
202601;AREA 4;MALUKU DAN PAPUA;JAYAPURA;SRM;AOk4251105095542204ccd0d0;0;Anomaly;
202601;AREA 4;KALIMANTAN;BANJARMASIN;TJL;PDAk4251029084359537146590;0;Anomaly;
202601;AREA 4;KALIMANTAN;PANGKALAN BUN;PEA;AOi4251112081050581822130;0;Anomaly;
202601;AREA 4;KALIMANTAN;PANGKALAN BUN;SAI;AOi425111402545585652ee70;0;Anomaly;
202601;AREA 4;SULAWESI;MANADO;KAU;AOb02511010753328412d03f0;0;Anomaly;
202601;AREA 4;SULAWESI;MANADO;KAU;AOb02511010753328412d03f0;0;Anomaly;
202601;AREA 4;SULAWESI;BONE;WTG;AOi4251111074335738f47870;0;Anomaly;
202601;AREA 4;KALIMANTAN;TARAKAN;LNN;AOi425112106210231501f7e0;0;Anomaly;
202601;AREA 4;SULAWESI;PALU;TWL;AOi4251105064103864eda5f0;0;Anomaly;
202601;AREA 4;KALIMANTAN;PALANGKARAYA;PLK;PDAk4251107125307936b10400;0;Anomaly;
202601;AREA 4;KALIMANTAN;PALANGKARAYA;PLK;AOi4251104081821491de3d50;0;Anomaly;
202601;AREA 4;KALIMANTAN;PALANGKARAYA;PLK;AOi425113008555338421e100;0;Anomaly;
202601;AREA 4;KALIMANTAN;PALANGKARAYA;PLK;AOi42511270955552945444d0;0;Anomaly;
202601;AREA 4;SULAWESI;MAKASSAR;PKN;AOi42511170125113787a2f90;0;Anomaly;
202601;AREA 4;KALIMANTAN;PONTIANAK;SRD;AOi425111311392760685e460;0;Comply;-24,20
202601;AREA 4;SULAWESI;GORONTALO;TLG;AOk4251106124939221d406a0;0;Anomaly;
202601;AREA 4;SULAWESI;BONE;BLK;AOi42511120909315988a63e0;0;Anomaly;
202601;AREA 4;SULAWESI;BONE;BLK;AOk425112608553337799fce0;0;Anomaly;
202601;AREA 4;KALIMANTAN;BALIKPAPAN;SEP;AOi4251108010411312b49d00;0;Comply;-23,13
202601;AREA 4;KALIMANTAN;BANJARMASIN;MTP;AOi42511221004359404e9190;0;Anomaly;
202601;AREA 4;SULAWESI;MAKASSAR;TMA;AOi4251110014332972489a80;0;Anomaly;
202601;AREA 4;SULAWESI;MAKASSAR;TMA;AOi4251103064631622a29fc0;0;Anomaly;
202601;AREA 4;SULAWESI;MAKASSAR;TMA;AOi4251104033646436384ca0;0;Anomaly;
202601;AREA 4;SULAWESI;MAKASSAR;TMA;AOi4251121025827223aca4f0;0;Anomaly;
202601;AREA 4;SULAWESI;MAKASSAR;TMA;AOi4251127115118912bda490;0;Anomaly;
202601;AREA 4;SULAWESI;MAKASSAR;BAL;AOi42511070922182303a6740;0;Anomaly;
202601;AREA 4;SULAWESI;MAKASSAR;BAL;AOi4251110123839653889530;0;Comply;-68,95
202601;AREA 4;SULAWESI;MAKASSAR;BAL;AOi425112510534191696ed50;0;Anomaly;
202601;AREA 4;SULAWESI;MAKASSAR;BAL;AOi42511160312139510ad320;0;Anomaly;
202601;AREA 4;SULAWESI;MAKASSAR;BAL;AOi4251103024254267d85d00;0;Anomaly;
202601;AREA 4;SULAWESI;KENDARI;MDG;AOi4251107113548691153880;0;Anomaly;
202601;AREA 4;SULAWESI;KENDARI;MDG;AOi425110507111072114b110;0;Anomaly;
202601;AREA 4;SULAWESI;KENDARI;MDG;AOi1251101101837027011090;0;Anomaly;
202601;AREA 4;SULAWESI;KENDARI;MDG;AOi4251110035628453b48920;0;Anomaly;
202601;AREA 4;SULAWESI;GORONTALO;KWD;AOi4251109022457929a2d950;0;Anomaly;
202601;AREA 4;SULAWESI;GORONTALO;KWD;AOi4251121084435587c31780;0;Anomaly;
202601;AREA 4;MALUKU DAN PAPUA;JAYAPURA;SRU;AOi42511240813130531dbe10;0;Anomaly;
202601;AREA 4;KALIMANTAN;SAMARINDA;BOT;AOi4251129121051687e53d60;0;Anomaly;
202601;AREA 4;KALIMANTAN;SAMARINDA;BOT;PDAk42511050924540600d91b0;0;Anomaly;
202601;AREA 4;KALIMANTAN;BANJARMASIN;BJM;AOs3251127101522454eb4040;0;Anomaly;
202601;AREA 4;SULAWESI;MAKASSAR;TKA;AOi4251125043941555cda8e0;0;Anomaly;
202601;AREA 4;SULAWESI;MAKASSAR;TKA;AOi4251104022414447da0370;0;Comply;-14,83
202601;AREA 4;SULAWESI;MAKASSAR;TKA;AOi12511060229033304afc50;0;Anomaly;
202601;AREA 4;SULAWESI;MAKASSAR;BAL;AOs3251122092914839f4c860;0;Anomaly;
202601;AREA 4;MALUKU DAN PAPUA;SORONG;MWR;AOi425110411022571811f5a0;0;Anomaly;
202601;AREA 4;MALUKU DAN PAPUA;SORONG;MWR;AOi42511140958184177e0b60;0;Comply;-112,23
202601;AREA 4;MALUKU DAN PAPUA;SORONG;MWR;AOi425103110143984639fc50;0;Anomaly;
202601;AREA 4;MALUKU DAN PAPUA;SORONG;MWR;AOi4251029043329924e665c0;0;Anomaly;
202601;AREA 4;MALUKU DAN PAPUA;SORONG;MWR;AOi42510301101522644edd30;0;Anomaly;
202601;AREA 4;MALUKU DAN PAPUA;SORONG;MWR;AOi42511280212162792b8f00;0;Anomaly;
202601;AREA 4;MALUKU DAN PAPUA;SORONG;MWR;AOi42510280218314563cde00;0;Anomaly;
202601;AREA 4;MALUKU DAN PAPUA;SORONG;MWR;AOi425111503192496731ab50;0;Anomaly;
202601;AREA 4;SULAWESI;KENDARI;MDG;AOi4251128094709946996f20;0;Anomaly;
202601;AREA 4;SULAWESI;KENDARI;MDG;AOi4251107113548691153880;0;Anomaly;
202601;AREA 4;SULAWESI;KENDARI;MDG;AOi4251107104805421f07770;0;Anomaly;
202601;AREA 4;SULAWESI;MAKASSAR;MAT;AOk4251125072329537ddc830;0;Anomaly;
202601;AREA 4;SULAWESI;MAKASSAR;MAT;AOs3251109121221124b11200;0;Anomaly;
202601;AREA 4;SULAWESI;MAKASSAR;MAT;AOi4251116030738654d15820;0;Anomaly;
202601;AREA 4;SULAWESI;MAKASSAR;MAT;AOi42511150401069630d1670;0;Anomaly;
202601;AREA 4;SULAWESI;MAKASSAR;MAT;AOi425110707202381322faa0;0;Anomaly;
202601;AREA 4;SULAWESI;MAKASSAR;MAT;AOb02511240417393125c1460;0;Anomaly;
202601;AREA 4;KALIMANTAN;PONTIANAK;SAO;AOi4251029122048236fad4b0;0;Anomaly;
202601;AREA 4;KALIMANTAN;PONTIANAK;SAO;AOi42511250135024868188a0;0;Anomaly;
202601;AREA 4;KALIMANTAN;PONTIANAK;SAO;AOi4251105115703593589d10;0;Anomaly;
202601;AREA 4;KALIMANTAN;PONTIANAK;SAO;AOi4251124091602053eb7c60;0;Anomaly;
202601;AREA 4;KALIMANTAN;PONTIANAK;SAO;AOi4251119011651467c45800;0;Anomaly;
202601;AREA 4;KALIMANTAN;PONTIANAK;SAO;AOi425112009104542582e300;0;Anomaly;
202601;AREA 4;KALIMANTAN;BALIKPAPAN;KTB;PDAk4251110074440578c8e9d0;0;Not Comply;127,33
202601;AREA 4;KALIMANTAN;PALANGKARAYA;PYM;AOi42511170942006644eccc0;0;Not Comply;4,27
202601;AREA 4;KALIMANTAN;PALANGKARAYA;PYM;AOi4251106081217262565c60;0;Anomaly;
202601;AREA 4;KALIMANTAN;SAMARINDA;SGK;AOi4251109012327148f2c400;0;Anomaly;
202601;AREA 4;KALIMANTAN;SAMARINDA;SGK;AOi4251104025254809cabae0;0;Anomaly;
202601;AREA 4;KALIMANTAN;PONTIANAK;MPW;AOi425111606190392658b8b0;0;Anomaly;
202601;AREA 4;KALIMANTAN;PONTIANAK;MPW;AOi4251125122141264d018e0;0;Anomaly;
202601;AREA 4;KALIMANTAN;BANJARMASIN;PGT;AOi4251103073514819da1260;0;Comply;2,78
202601;AREA 4;KALIMANTAN;SAMARINDA;LOB;AOi425112109261801558af40;0;Anomaly;
202601;AREA 4;KALIMANTAN;SAMARINDA;LOB;AOi4251125032836536525ac0;0;Anomaly;
202601;AREA 4;KALIMANTAN;SAMARINDA;LOB;AOi42511071249526219760e0;0;Anomaly;
202601;AREA 4;KALIMANTAN;SAMARINDA;LOB;PDAk4251120012850397cf7ea0;0;Anomaly;
202601;AREA 4;SULAWESI;BONE;SLY;AOk4251126035526157e72590;0;Anomaly;
202601;AREA 4;SULAWESI;PARE-PARE;PIN;AOs32511140545225198aef10;0;Anomaly;
202601;AREA 4;SULAWESI;PARE-PARE;PIN;AOs325110811203668980bba0;0;Comply;-46,89
202601;AREA 4;SULAWESI;PARE-PARE;PIN;AOi4251117090426781c02230;0;Anomaly;
202601;AREA 4;SULAWESI;PARE-PARE;PIN;AOs3251105074548778640fe0;0;Anomaly;
202601;AREA 4;SULAWESI;PARE-PARE;PIN;AOi425112803172765667d680;0;Anomaly;
202601;AREA 4;SULAWESI;PARE-PARE;PIN;PDAk4251110040154754780fd0;0;Anomaly;
202601;AREA 4;SULAWESI;PARE-PARE;PIN;AOi4251031085903822dcb670;0;Anomaly;
202601;AREA 4;SULAWESI;PALU;APN;AOk4251126120455469e86f20;0;Anomaly;
202601;AREA 4;SULAWESI;PALU;BKU;AOi42510280419495207f9c50;0;Anomaly;
202601;AREA 4;SULAWESI;PALU;BKU;AOb0251109092404689aa14e0;0;Anomaly;
202601;AREA 4;SULAWESI;PALU;BKU;AOb0251109092404689aa14e0;0;Anomaly;
202601;AREA 4;KALIMANTAN;PONTIANAK;SEI;AOi425110212020733933e1f0;0;Anomaly;
202601;AREA 4;SULAWESI;MAKASSAR;BAR;AOi425110508220512079a8e0;0;Anomaly;
202601;AREA 4;SULAWESI;MAKASSAR;BAR;AOi1251105023703425507eb0;0;Anomaly;
202601;AREA 4;SULAWESI;MANADO;TDN;AOi4251121074811511b42aa0;0;Anomaly;
202601;AREA 4;SULAWESI;MANADO;TDN;AOi42511140913158089508f0;0;Anomaly;
202601;AREA 4;SULAWESI;MANADO;LOL;AOi4251125043325242e65870;0;Anomaly;
202601;AREA 4;SULAWESI;MAKASSAR;ANT;AOi42511090826318642047a0;0;Anomaly;
202601;AREA 4;KALIMANTAN;PONTIANAK;JAW;PDAk4251031023922345c5b900;0;Anomaly;
202601;AREA 4;KALIMANTAN;BANJARMASIN;BBR;AOi125111507210240816e030;0;Anomaly;
202601;AREA 4;SULAWESI;PALU;LWU;AOk4251114101959426a99030;0;Anomaly;
202601;AREA 4;SULAWESI;PALU;LWU;AOk4251114101959426a99030;0;Anomaly;
202601;AREA 4;SULAWESI;PALU;LWU;AOi4251126092017157c05760;0;Anomaly;
202601;AREA 4;SULAWESI;PALU;LWU;AOi4251104035144965dfa280;0;Anomaly;
202601;AREA 4;MALUKU DAN PAPUA;SORONG;KIN;AOk4251015105917537ba9170;0;Anomaly;
202601;AREA 4;MALUKU DAN PAPUA;SORONG;KIN;AOi4251121015128638196e20;0;Anomaly;
202601;AREA 4;MALUKU DAN PAPUA;SORONG;KIN;AOi42511170155450560c0680;0;Anomaly;
202601;AREA 4;KALIMANTAN;SAMARINDA;SEM;AOi425112503024693808d790;0;Anomaly;
202601;AREA 4;SULAWESI;PALU;PGI;AOi4251102081729313f34060;0;Anomaly;
202601;AREA 4;SULAWESI;PALU;PGI;AOi42511020944163163d11f0;0;Anomaly;
202601;AREA 4;SULAWESI;PALU;PGI;AOi4251118110933457752b50;0;Anomaly;
202601;AREA 4;SULAWESI;PALU;PGI;AOi425111612133111369f960;0;Anomaly;
202601;AREA 4;SULAWESI;PALU;PGI;AOi42510230406035801a2360;0;Anomaly;
202601;AREA 4;SULAWESI;MAKASSAR;SUD;PDAk425102909365677960a3d0;0;Anomaly;
202601;AREA 4;KALIMANTAN;BANJARMASIN;MRB;AOi4251118042804179737170;0;Anomaly;
202601;AREA 4;SULAWESI;PALU;PLA;AOk4251124044951730893b10;0;Anomaly;
202601;AREA 4;SULAWESI;PALU;PLA;PDAk4251108082824523aff800;0;Anomaly;
202601;AREA 4;SULAWESI;PALU;PLA;AOi42511120604089440fa970;0;Anomaly;
202601;AREA 4;SULAWESI;PALU;PLA;AOi4251102020340080ad1780;0;Anomaly;
202601;AREA 4;SULAWESI;PALU;PLA;AOi4251102020340080ad1780;0;Anomaly;
202601;AREA 4;SULAWESI;PALU;PLA;AOi42511121155493686c6650;0;Anomaly;
202601;AREA 4;SULAWESI;PALU;PLA;AOi4251114092808724187720;0;Anomaly;
202601;AREA 4;KALIMANTAN;BALIKPAPAN;BAM;AOi42511291057435566b9700;0;Anomaly;
202601;AREA 4;KALIMANTAN;TARAKAN;MLN;PDAk4251106095516793935130;0;Anomaly;
202601;AREA 4;KALIMANTAN;TARAKAN;MLN;PDAk425102907033465891fa10;0;Anomaly;
202601;AREA 4;SULAWESI;MAKASSAR;MAT;AOk4251125121149400e208b0;0;Anomaly;
202601;AREA 4;SULAWESI;MAKASSAR;MAT;AOb0251107114506358145850;0;Anomaly;
202601;AREA 4;SULAWESI;MAKASSAR;MAT;AOi4251111041044478740280;0;Anomaly;
202601;AREA 4;MALUKU DAN PAPUA;AMBON;ABO;AOi425112909585936144b7c0;0;Anomaly;
202601;AREA 4;MALUKU DAN PAPUA;AMBON;ABO;AOk4251112090111719074fa0;0;Anomaly;
202601;AREA 4;KALIMANTAN;PONTIANAK;BKY;AOi4251124022131276189000;0;Anomaly;
202601;AREA 4;SULAWESI;PALU;PSO;AOs3251110084243719ff27d0;0;Anomaly;
202601;AREA 4;SULAWESI;PALU;PSO;AOk425111803153267757df00;0;Anomaly;
202601;AREA 4;KALIMANTAN;PONTIANAK;SRY;AOi4251128085626915f8fef0;0;Anomaly;
202601;AREA 4;SULAWESI;PARE-PARE;SRK;AOk42511130328539252da250;0;Comply;2,85
202601;AREA 4;KALIMANTAN;BANJARMASIN;ULI;PDAk4251103013947942058240;0;Anomaly;
202601;AREA 4;SULAWESI;PARE-PARE;MAS;AOi42511011033068887b46d0;0;Comply;-49,13
202601;AREA 4;SULAWESI;PARE-PARE;MAS;AOi425110505130128117b6b0;0;Anomaly;
202601;AREA 4;SULAWESI;PARE-PARE;MAS;AOi425110505130128117b6b0;0;Anomaly;
202601;AREA 4;SULAWESI;PARE-PARE;MAS;AOi425112901551988580c170;0;Anomaly;
202601;AREA 4;KALIMANTAN;PONTIANAK;SPY;AOi425110210405301606fff0;0;Anomaly;
202601;AREA 4;KALIMANTAN;BANJARMASIN;LUL;PDAk42511270725502126ad410;0;Anomaly;
202601;AREA 4;SULAWESI;PALU;KOR;AOi4251120071634349e06520;0;Anomaly;
202601;AREA 4;KALIMANTAN;SAMARINDA;LOB;AOi12511101114332750bf000;0;Anomaly;
202601;AREA 4;KALIMANTAN;TARAKAN;TSL;AOk42511071037541667e7db0;0;Anomaly;
202601;AREA 4;KALIMANTAN;TARAKAN;TSL;PDAk4251115094204478dcec10;0;Comply;-32,50
202601;AREA 4;SULAWESI;MANADO;AMR;AOi4251106012344691683690;0;Anomaly;
202601;AREA 4;SULAWESI;MANADO;AMR;AOi4251117015245631a90a30;0;Comply;-51,15
202601;AREA 4;SULAWESI;MANADO;AMR;AOi425111701101202447cc20;0;Anomaly;
202601;AREA 4;SULAWESI;BONE;SKG;AOi42511221149599140087f0;0;Anomaly;
202601;AREA 4;SULAWESI;BONE;SKG;AOi4251111010246332e7b120;0;Anomaly;
202601;AREA 4;SULAWESI;MANADO;TMH;AOi42511160745047429cbab0;0;Comply;-41,35
202601;AREA 4;KALIMANTAN;PANGKALAN BUN;SAI;AOi4251112075857177f6aa40;0;Anomaly;
202601;AREA 4;KALIMANTAN;PANGKALAN BUN;SAI;AOk4251113110916864716a60;0;Anomaly;
202601;AREA 4;KALIMANTAN;PANGKALAN BUN;SAI;AOi4251104034456796469d20;0;Anomaly;
202601;AREA 4;KALIMANTAN;PANGKALAN BUN;SAI;AOi4251120064026056c10420;0;Anomaly;
202601;AREA 4;KALIMANTAN;PANGKALAN BUN;SAI;AOi4251112023244198975010;0;Anomaly;
202601;AREA 4;KALIMANTAN;SAMARINDA;LMP;AOi425112306571428806a320;0;Anomaly;
202601;AREA 4;KALIMANTAN;SAMARINDA;LMP;AOi42511121147249179f3950;0;Anomaly;
202601;AREA 4;KALIMANTAN;TARAKAN;TBY;PDAk42511281254046752f9bf0;0;Anomaly;
202601;AREA 4;KALIMANTAN;TARAKAN;TBY;PDAk4251120092751996464b10;0;Anomaly;
202601;AREA 4;KALIMANTAN;PALANGKARAYA;PLK;AOi4251112111806725a060e0;0;Anomaly;
202601;AREA 4;KALIMANTAN;PALANGKARAYA;PLK;AOi4251104081821491de3d50;0;Comply;-4,17
202601;AREA 4;KALIMANTAN;PALANGKARAYA;PLK;AOi4251128064237659302ef0;0;Anomaly;
202601;AREA 4;SULAWESI;PALU;TOL;AOk4251030100708067d1b340;0;Anomaly;
202601;AREA 4;SULAWESI;PALU;TOL;AOi42511170856235815ebbd0;0;Anomaly;
202601;AREA 4;SULAWESI;PALU;TOL;AOi425112210232285495a470;0;Anomaly;
202601;AREA 4;SULAWESI;PALU;TOL;AOi4251028024617560d606c0;0;Anomaly;
202601;AREA 4;SULAWESI;PALU;TOL;AOk4251108102658292b6b290;0;Anomaly;
202601;AREA 4;SULAWESI;PALU;TOL;AOk4251030100708067d1b340;0;Anomaly;
202601;AREA 4;MALUKU DAN PAPUA;SORONG;MWR;AOi425111403304939634bf90;0;Anomaly;
202601;AREA 4;MALUKU DAN PAPUA;JAYAPURA;BIA;AOi425111811432817826d1a0;0;Anomaly;
202601;AREA 4;MALUKU DAN PAPUA;JAYAPURA;BIA;AOi4251110121419711363220;0;Anomaly;
202601;AREA 4;MALUKU DAN PAPUA;JAYAPURA;BIA;AOi4251105110249285301ac0;0;Anomaly;
202601;AREA 4;MALUKU DAN PAPUA;JAYAPURA;BIA;AOi4251110121419711363220;0;Anomaly;
202601;AREA 4;MALUKU DAN PAPUA;JAYAPURA;BIA;AOi4251104042817912039340;0;Anomaly;
202601;AREA 4;MALUKU DAN PAPUA;JAYAPURA;BIA;AOi42511120821264166c5440;0;Anomaly;
202601;AREA 4;MALUKU DAN PAPUA;JAYAPURA;BIA;AOi4251126013345209764fb0;0;Anomaly;
202601;AREA 4;MALUKU DAN PAPUA;JAYAPURA;BIA;AOi4251119110439499bd1b20;0;Anomaly;
202601;AREA 3;JATIM;SURABAYA;KML;AOi4251119050754471397270;0;Anomaly;
202601;AREA 3;JATIM;SURABAYA;KML;AOi42511140916196637354d0;0;Anomaly;
202601;AREA 3;JATIM;SURABAYA;KML;AOi4251123065826558d58850;0;Anomaly;
202601;AREA 3;JATIM;SURABAYA;KML;AOs32511110153456766e5770;0;Anomaly;
202601;AREA 3;BALI NUSRA;MATARAM;SGG;AOi4251104035020846edbd00;0;Anomaly;-23,98
202601;AREA 3;BALI NUSRA;MATARAM;SGG;AOs3251118023946502c655e0;0;Anomaly;
202601;AREA 3;BALI NUSRA;MATARAM;SGG;AOi4251104070253215cc1cd0;0;Anomaly;
202601;AREA 3;BALI NUSRA;MATARAM;SGG;AOi42511111013553002e9040;0;Anomaly;-46,87
202601;AREA 3;JATIM;LAMONGAN;MRR;AOi425112804145625589fed0;0;Anomaly;
202601;AREA 3;JATIM;LAMONGAN;MRR;AOi42511230943152830dea70;0;Anomaly;
202601;AREA 3;JATIM;MALANG;BTU;AOi4251107013609104336b40;0;Comply;-0,66
202601;AREA 3;JATIM;MALANG;BTU;AOi4251111122151090e0a170;0;Anomaly;
202601;AREA 3;BALI NUSRA;KUPANG;WGP;AOi4251101112810930651df0;0;Anomaly;
202601;AREA 3;JATENG-DIY;PEKALONGAN;TEG;AOi425112305532985991c0d0;0;Anomaly;
202601;AREA 3;JATENG-DIY;PEKALONGAN;TEG;AOi42511240917399026e8380;0;Anomaly;
202601;AREA 3;JATIM;JEMBER;PBL;AOi425113009181937537be30;0;Anomaly;
202601;AREA 3;BALI NUSRA;MATARAM;SGG;AOs3251118023946502c655e0;0;Anomaly;
202601;AREA 3;BALI NUSRA;MATARAM;SGG;AOi425110503312008752f220;0;Anomaly;
202601;AREA 3;BALI NUSRA;MATARAM;SGG;AOi4251112091532725c3e1f0;0;Anomaly;-26,30
202601;AREA 3;BALI NUSRA;DENPASAR;NGR;AOi12511160615025773077e0;0;Anomaly;
202601;AREA 3;BALI NUSRA;DENPASAR;NGR;AOi42511201011381814f1c80;0;Anomaly;
202601;AREA 3;BALI NUSRA;DENPASAR;NGR;AOi42511150335407644033a0;0;Anomaly;
202601;AREA 3;BALI NUSRA;DENPASAR;NGR;AOk425112509493793311d2d0;0;Anomaly;
202601;AREA 3;JATIM;SURABAYA;PRG;AOi425111503090910586dcb0;0;Anomaly;
202601;AREA 3;JATIM;SURABAYA;PRG;AOi425111503090910586dcb0;0;Anomaly;
202601;AREA 3;BALI NUSRA;KUPANG;OSP;AOi425111004160190838da30;0;Anomaly;
202601;AREA 3;BALI NUSRA;KUPANG;KPN;AOi425111501474847018da70;0;Anomaly;
202601;AREA 3;BALI NUSRA;KUPANG;KPN;AOi425111501474847018da70;0;Anomaly;
202601;AREA 3;JATIM;SURABAYA;TBU;AOi4251112012724050e75390;0;Anomaly;
202601;AREA 3;JATIM;SURABAYA;TBU;AOi42511200150033129405d0;0;Anomaly;
202601;AREA 3;BALI NUSRA;MATARAM;SAP;AOi4251029080220964526510;0;Anomaly;
202601;AREA 3;JATENG-DIY;MAGELANG;SWT;AOi42510300502291773af520;0;Anomaly;
202601;AREA 3;JATIM;JEMBER;PBL;AOi4251110072857668d33120;0;Anomaly;
202601;AREA 3;JATENG-DIY;YOGYAKARTA;KGD;AOi425112312593376199d270;0;Anomaly;
202601;AREA 3;JATENG-DIY;YOGYAKARTA;KGD;AOi4251101120418023919a80;0;Comply;-89,87
202601;AREA 3;JATENG-DIY;YOGYAKARTA;KGD;AOi4251101063845720b16400;0;Anomaly;
202601;AREA 3;JATENG-DIY;YOGYAKARTA;KGD;AOi4251124040757251428e20;0;Anomaly;
202601;AREA 3;BALI NUSRA;KUPANG;BEN;AOi42511220135130397a68d0;0;Anomaly;
202601;AREA 3;JATENG-DIY;MAGELANG;KTW;AOi42511100133335331ce450;0;Anomaly;
202601;AREA 3;JATIM;SIDOARJO;GDA;AOi425111011345875081ff20;0;Comply;0,42
202601;AREA 3;BALI NUSRA;KUPANG;WGP;AOi4251111053808781aa2080;0;Not Comply;4,23
202601;AREA 3;JATENG-DIY;PEKALONGAN;TEG;AOi425111612331116277c120;0;Anomaly;
202601;AREA 3;JATENG-DIY;PEKALONGAN;TEG;PDAk4251117014043334ff95c0;0;Anomaly;
202601;AREA 3;JATENG-DIY;PEKALONGAN;TEG;AOi4251116070717308a017c0;0;Anomaly;
202601;AREA 3;JATIM;JEMBER;PBL;AOi4251111093423950d2ded0;0;Anomaly;
202601;AREA 3;JATIM;JEMBER;PBL;AOi425110611585427768bb90;0;Anomaly;
202601;AREA 3;JATENG-DIY;YOGYAKARTA;KGD;AOi4251110011142005a88560;0;Anomaly;
202601;AREA 3;JATIM;MADIUN;MJT;AOi4251105073516253b69c70;0;Anomaly;
202601;AREA 3;JATIM;SIDOARJO;GDA;AOs3251104010436331795120;0;Anomaly;
202601;AREA 3;JATIM;SIDOARJO;GDA;AOi4251123040605988f71fa0;0;Anomaly;
202601;AREA 3;JATIM;SIDOARJO;GDA;AOi4251127111958457240a20;0;Anomaly;
202601;AREA 3;JATIM;SIDOARJO;GDA;AOi4251106025414048ec0190;0;Anomaly;
202601;AREA 3;BALI NUSRA;DENPASAR;UBN;AOi4251121074951005ce1a60;0;Anomaly;
202601;AREA 3;BALI NUSRA;DENPASAR;UBN;AOi4251117011134761ae0530;0;Anomaly;
202601;AREA 3;BALI NUSRA;DENPASAR;UBN;AOs3251103023918146788540;0;Anomaly;
202601;AREA 3;BALI NUSRA;DENPASAR;UBN;AOk4251124082940852e6e570;0;Anomaly;
202601;AREA 3;BALI NUSRA;DENPASAR;UBN;AOs3251102084813291e97090;0;Anomaly;
202601;AREA 3;JATIM;LAMONGAN;KDE;AOi425112104363543041a3c0;0;Anomaly;
202601;AREA 3;JATIM;LAMONGAN;SDY;AOi425112403291293522ffa0;0;Anomaly;
202601;AREA 3;JATIM;SURABAYA;KRP;AOi42511040503063537e7840;0;Anomaly;
202601;AREA 3;JATIM;SURABAYA;KRP;AOi4251104042420542a34190;0;Anomaly;
202601;AREA 3;BALI NUSRA;MATARAM;BIM;AOi42511171242119451a8920;0;Comply;-139,86
202601;AREA 3;BALI NUSRA;MATARAM;BIM;AOi425111307302951103cb30;0;Comply;-144,16
202601;AREA 3;BALI NUSRA;MATARAM;BIM;AOi42511171242119451a8920;0;Anomaly;
202601;AREA 3;BALI NUSRA;MATARAM;BIM;AOi42511171242119451a8920;0;Anomaly;
202601;AREA 3;BALI NUSRA;MATARAM;BIM;AOi4251102063113314aa3150;0;Anomaly;
202601;AREA 3;BALI NUSRA;MATARAM;BIM;AOi42511041131547690138c0;0;Anomaly;
202601;AREA 3;BALI NUSRA;MATARAM;BIM;AOi425110207334322849a2c0;0;Anomaly;
202601;AREA 3;BALI NUSRA;MATARAM;BIM;AOi425112401515055232c550;0;Anomaly;
202601;AREA 3;BALI NUSRA;MATARAM;BIM;AOi4251108102807146a2db90;0;Anomaly;
202601;AREA 3;BALI NUSRA;MATARAM;SIL;AOi4251122095114914f46580;0;Anomaly;
202601;AREA 3;BALI NUSRA;DENPASAR;UBN;AOi4251102064905739d4a420;0;Anomaly;
202601;AREA 3;BALI NUSRA;MATARAM;BIM;AOi4251124043239440188e30;0;Anomaly;
202601;AREA 3;BALI NUSRA;DENPASAR;UBN;PDAk4251111023239264de2a10;0;Anomaly;
202601;AREA 3;BALI NUSRA;DENPASAR;UBN;AOi425112701533582583acb0;0;Anomaly;
202601;AREA 3;JATENG-DIY;MAGELANG;PWJ;PDAk4251027015137530e6c960;0;Anomaly;
202601;AREA 3;JATENG-DIY;MAGELANG;PWJ;AOi425112101113753561ea30;0;Anomaly;
202601;AREA 3;JATENG-DIY;MAGELANG;PWJ;PDAk4251027015137530e6c960;0;Anomaly;
202601;AREA 3;JATENG-DIY;MAGELANG;PWJ;AOi425112511561228716a410;0;Anomaly;
202601;AREA 3;JATENG-DIY;MAGELANG;PWJ;AOi42511201001249437be640;0;Anomaly;
202601;AREA 3;JATENG-DIY;MAGELANG;PWJ;AOi4251106074726400e44ae0;0;Anomaly;
202601;AREA 3;JATENG-DIY;MAGELANG;PWJ;AOi4251106074726400e44ae0;0;Anomaly;
202601;AREA 3;JATENG-DIY;MAGELANG;SWT;AOi42510300502291773af520;0;Anomaly;-1,62
202601;AREA 3;JATIM;MADIUN;TRE;AOi42511130451323505cd8a0;0;Anomaly;-20,97
202601;AREA 3;BALI NUSRA;MATARAM;TET;AOi4251103034053276c5d5d0;0;Anomaly;
202601;AREA 3;BALI NUSRA;FLORES;LWB;AOi42511041049355910ec710;0;Anomaly;
202601;AREA 3;JATIM;SURABAYA;SPG;AOk425111803103341360ef00;0;Anomaly;
202601;AREA 3;JATIM;SURABAYA;SPG;AOi4251117062524287893060;0;Anomaly;
202601;AREA 3;JATIM;SURABAYA;SPG;AOi42511250916118582bde50;0;Anomaly;-94,68
202601;AREA 3;JATIM;SURABAYA;SPG;AOi4251118040512848509b20;0;Anomaly;
202601;AREA 3;JATIM;MADIUN;MJT;AOi42511110112046523719a0;0;Anomaly;
202601;AREA 3;JATIM;MADIUN;MJT;AOi42511231115443810fcdf0;0;Anomaly;
202601;AREA 3;JATIM;MADIUN;MJT;AOi4251125094904048bdbc30;0;Comply;-0,40
202601;AREA 3;JATIM;MADIUN;MJT;AOi425112709573691473e840;0;Anomaly;
202601;AREA 3;JATENG-DIY;MAGELANG;PWJ;PDAk4251027015137530e6c960;0;Anomaly;
202601;AREA 3;JATENG-DIY;MAGELANG;PWJ;AOi42510271201128870626b0;0;Anomaly;
202601;AREA 3;BALI NUSRA;DENPASAR;TOP;AOk4251111013203855d84320;0;Anomaly;
202601;AREA 3;JATIM;SURABAYA;TNS;AOi4251128085522858387040;0;Anomaly;
202601;AREA 3;BALI NUSRA;MATARAM;BIM;AOi4251106014401523332b90;0;Anomaly;
202601;AREA 3;BALI NUSRA;MATARAM;BIM;AOi4251102030400663b1e800;0;Anomaly;
202601;AREA 3;BALI NUSRA;MATARAM;BIM;AOi4251107091646047044be0;0;Anomaly;
202601;AREA 3;BALI NUSRA;MATARAM;BIM;AOi4251115031352947581bd0;0;Anomaly;
202601;AREA 3;BALI NUSRA;MATARAM;BIM;AOs325112305551178571a870;0;Anomaly;
202601;AREA 3;BALI NUSRA;MATARAM;SWE;AOi42511280106185359e8a20;0;Anomaly;
202601;AREA 3;BALI NUSRA;MATARAM;SWE;AOi42511250206552287f7ab0;0;Anomaly;
202601;AREA 3;BALI NUSRA;MATARAM;SWE;AOi42511140158543860fc600;0;Comply;-48,43
202601;AREA 3;JATIM;SURABAYA;ARB;AOi42511180856550310781c0;0;Anomaly;
202601;AREA 3;JATIM;SURABAYA;ARB;AOi4251114101114997fc0de0;0;Anomaly;
202601;AREA 3;JATIM;SURABAYA;ARB;AOi4251119035226946cffc20;0;Anomaly;
202601;AREA 3;JATIM;SURABAYA;ARB;AOi4251119035226946cffc20;0;Anomaly;
202601;AREA 3;JATIM;LAMONGAN;PAD;AOi42511130233155862f05c0;0;Anomaly;
202601;AREA 3;JATIM;LAMONGAN;PAD;AOi4251127065714570732a90;0;Anomaly;
202601;AREA 3;JATIM;SURABAYA;BAB;AOi4251124055544964a9c970;0;Anomaly;
202601;AREA 3;JATIM;SURABAYA;SPG;AOi4251118011133476a0bf50;0;Anomaly;
202601;AREA 3;BALI NUSRA;DENPASAR;UBN;AOk42511050516484768ff520;0;Anomaly;
202601;AREA 3;BALI NUSRA;DENPASAR;UBN;AOi42511050440511089bd050;0;Anomaly;
202601;AREA 3;BALI NUSRA;DENPASAR;UBN;AOi4251105120251537e2da50;0;Anomaly;
202601;AREA 3;BALI NUSRA;DENPASAR;UBN;AOi4251128064752254055e50;0;Anomaly;
202601;AREA 3;BALI NUSRA;DENPASAR;UBN;AOi42511021214064182ef650;0;Anomaly;
202601;AREA 3;BALI NUSRA;DENPASAR;UBN;AOi4251114053235419a1c0b0;0;Anomaly;
202601;AREA 3;BALI NUSRA;DENPASAR;UBN;AOi4251107124118715d2fb10;0;Anomaly;
202601;AREA 3;BALI NUSRA;DENPASAR;UBN;AOi42511010751595277c4600;0;Anomaly;
202601;AREA 3;JATIM;SURABAYA;TNS;AOi42511250905286481c4e90;0;Anomaly;
202601;AREA 3;JATIM;SURABAYA;TNS;PDAk42511220759032411ac9b0;0;Comply;-0,34
202601;AREA 3;JATENG-DIY;YOGYAKARTA;KEN;AOi4251128031428486c8b6a0;0;Anomaly;
202601;AREA 3;JATENG-DIY;YOGYAKARTA;KEN;AOi4251128071809194c74890;0;Anomaly;
202601;AREA 3;JATENG-DIY;YOGYAKARTA;KEN;AOs325112110325895724a3a0;0;Comply;-24,85
202601;AREA 3;JATIM;LAMONGAN;KDE;PDAk4251107032402452dd01f0;0;Anomaly;
202601;AREA 3;JATIM;LAMONGAN;KDE;AOi4251123082202408695a80;0;Anomaly;
202601;AREA 3;JATIM;MADIUN;SBI;AOi4251105110300379b2c210;0;Comply;-21,36
202601;AREA 3;BALI NUSRA;DENPASAR;UBN;AOi42511110729393377ad400;0;Anomaly;
202601;AREA 3;BALI NUSRA;MATARAM;SWE;AOi42511030435574859e78b0;0;Anomaly;
202601;AREA 3;JATIM;MADIUN;KRJ;PDAk4251105122338347dfa780;0;Anomaly;
202601;AREA 3;JATENG-DIY;SURAKARTA;BKG;AOi125111904154890024c4a0;0;Anomaly;
202601;AREA 3;JATENG-DIY;PEKALONGAN;SLW;AOi425112602535108170be50;0;Anomaly;
202601;AREA 3;JATENG-DIY;PEKALONGAN;SLW;AOi4251110075933550735510;0;Anomaly;
202601;AREA 3;BALI NUSRA;FLORES;MMR;AOk425111901523342728d770;0;Anomaly;
202601;AREA 3;BALI NUSRA;FLORES;MMR;AOi4251029020437873ed9320;0;Anomaly;
202601;AREA 3;JATIM;LAMONGAN;SDY;AOi4251107034022209371cc0;0;Anomaly;
202601;AREA 3;JATIM;SURABAYA;KRP;AOi42511040916292161063f0;0;Comply;0,11
202601;AREA 3;JATIM;SURABAYA;KRP;AOs32511230955331538a2ae0;0;Comply;-21,41
202601;AREA 3;BALI NUSRA;MATARAM;BIM;AOi4251104092018307cdb940;0;Anomaly;
202601;AREA 3;BALI NUSRA;MATARAM;BIM;AOi4251111102659219b581f0;0;Anomaly;
202601;AREA 3;BALI NUSRA;DENPASAR;TBN;PDAk42511250105362574af700;0;Anomaly;
202601;AREA 3;JATENG-DIY;YOGYAKARTA;PGR;AOi4251118062609096d40e90;0;Comply;-5,85
202601;AREA 3;JATENG-DIY;YOGYAKARTA;PGR;AOs3251031124033783b3b1a0;0;Comply;-26,78
202601;AREA 3;BALI NUSRA;FLORES;MMR;AOi42511070533455237914f0;0;Anomaly;
202601;AREA 3;BALI NUSRA;FLORES;MMR;AOi4251116033737862abafe0;0;Anomaly;
202601;AREA 3;BALI NUSRA;FLORES;MMR;AOi4251115124521524a027f0;0;Anomaly;
202601;AREA 3;BALI NUSRA;FLORES;MMR;AOi4251124080458536192690;0;Anomaly;
202601;AREA 3;BALI NUSRA;DENPASAR;JBR;AOk4251125101720443fc5cd0;0;Anomaly;
202601;AREA 3;BALI NUSRA;DENPASAR;JBR;AOk4251125101720443fc5cd0;0;Anomaly;
202601;AREA 3;BALI NUSRA;DENPASAR;JBR;AOi4251104012028839408820;0;Anomaly;
202601;AREA 3;BALI NUSRA;DENPASAR;JBR;AOi425110107060245478a5a0;0;Anomaly;
202601;AREA 3;JATENG-DIY;YOGYAKARTA;PGR;AOi42511120831478486fa810;0;Comply;-24,87
202601;AREA 3;JATENG-DIY;YOGYAKARTA;PGR;AOs3251124075907216035940;0;Anomaly;
202601;AREA 3;JATENG-DIY;YOGYAKARTA;PGR;AOi4251116015412642c5ba70;0;Comply;-1,54
202601;AREA 3;JATENG-DIY;SEMARANG;SMT;AOi4251118030937949ab6d70;0;Anomaly;
202601;AREA 3;JATENG-DIY;SEMARANG;SMT;AOi425112504420665591d3c0;0;Comply;-1,61
202601;AREA 3;JATENG-DIY;SEMARANG;SMT;AOi4251031084634448213c60;0;Comply;-14,67
202601;AREA 3;JATENG-DIY;SEMARANG;SMT;AOs3251109050207934f61ff0;0;Comply;-1,24
202601;AREA 3;JATENG-DIY;SEMARANG;SMT;PDAk4251126033441451ab38e0;0;Comply;-20,09
202601;AREA 3;JATIM;SURABAYA;SPG;AOi4251117010110225fcf6c0;0;Anomaly;
202601;AREA 3;JATIM;SURABAYA;SPG;AOi425111803540906742a670;0;Anomaly;
202601;AREA 3;JATIM;SURABAYA;SPG;AOi4251109102724597f9e5b0;0;Anomaly;
202601;AREA 3;JATIM;JEMBER;KPP;AOi42511271122500225df600;0;Anomaly;-20,57
202601;AREA 3;JATIM;JEMBER;KPP;AOi42511050429122651d44f0;0;Anomaly;
202601;AREA 3;JATIM;JEMBER;KPP;AOi4251124061112358ff9640;0;Anomaly;
202601;AREA 3;BALI NUSRA;MATARAM;MLK;AOi42510300645308461926c0;0;Anomaly;-38,00
202601;AREA 3;BALI NUSRA;MATARAM;MLK;AOi4251114081454980f05b10;0;Anomaly;-25,26
202601;AREA 3;BALI NUSRA;DENPASAR;JBR;AOi425111710522239759ba00;0;Anomaly;
202601;AREA 3;BALI NUSRA;DENPASAR;JBR;AOi4251111064708216924010;0;Anomaly;
202601;AREA 3;JATENG-DIY;MAGELANG;TEM;AOi42511270908562542770c0;0;Anomaly;
202601;AREA 3;BALI NUSRA;DENPASAR;UBN;AOi4251026070449424e9a890;0;Anomaly;
202601;AREA 3;BALI NUSRA;DENPASAR;UBN;AOi4251106113546067558b40;0;Anomaly;
202601;AREA 3;BALI NUSRA;DENPASAR;UBN;AOi42511131203281478f3d50;0;Anomaly;
202601;AREA 3;BALI NUSRA;DENPASAR;UBN;AOi42511090255518964bf400;0;Anomaly;
202601;AREA 3;BALI NUSRA;DENPASAR;UBN;AOs3251103023918146788540;0;Anomaly;
202601;AREA 3;JATIM;MALANG;TMP;AOi42511050433558250d9050;0;Comply;-0,98
202601;AREA 3;JATIM;MALANG;TMP;AOi4251031021112046e77260;0;Comply;-2,39
202601;AREA 3;JATIM;MADIUN;NWI;AOi42511271050527809ee680;0;Comply;-2,56
202601;AREA 3;JATIM;MADIUN;NWI;AOi4251120115249283f5a890;0;Comply;-2,26
202601;AREA 3;JATIM;MADIUN;NWI;AOi4251108074415862743ab0;0;Comply;-2,67
202601;AREA 3;JATIM;MADIUN;NWI;AOi42511271112087552f6f40;0;Comply;-2,91
202601;AREA 3;JATIM;MALANG;TUL;AOi4251104123750305506e80;0;Comply;-18,31
202601;AREA 3;JATENG-DIY;YOGYAKARTA;WNS;AOi4251118123344570453ba0;0;Anomaly;
202601;AREA 3;JATENG-DIY;YOGYAKARTA;WNS;AOi42511160458411728981e0;0;Anomaly;
202601;AREA 3;JATENG-DIY;YOGYAKARTA;WNS;AOi42511050941128605bc1e0;0;Anomaly;
202601;AREA 3;JATENG-DIY;YOGYAKARTA;WNS;AOk42511241058566419fe960;0;Anomaly;
202601;AREA 3;JATIM;MALANG;NTG;AOi425112404381970495f4d0;0;Anomaly;
202601;AREA 3;JATIM;SURABAYA;WRP;AOi4251121043606855d7fe60;0;Anomaly;-21,64
202601;AREA 3;BALI NUSRA;KUPANG;OSP;AOi425111306190166219b460;0;Anomaly;
202601;AREA 3;BALI NUSRA;KUPANG;OSP;AOi4251126053358198a76ec0;0;Anomaly;
202601;AREA 3;JATIM;LAMONGAN;CRM;AOi4251124112941118c0e7d0;0;Anomaly;
202601;AREA 3;JATENG-DIY;MAGELANG;PWJ;AOi42511230502266940d5580;0;Anomaly;
202601;AREA 3;JATENG-DIY;MAGELANG;PWJ;AOi4251118094843017f71640;0;Anomaly;
202601;AREA 3;JATENG-DIY;MAGELANG;PWJ;AOi4251106074726400e44ae0;0;Anomaly;
202601;AREA 3;JATENG-DIY;PEKALONGAN;KDW;AOi4251104115814836dddee0;0;Anomaly;
202601;AREA 3;JATENG-DIY;PEKALONGAN;KDW;AOi12511010640564759e8e40;0;Anomaly;
202601;AREA 3;JATENG-DIY;PEKALONGAN;KDW;AOi42511081127331241ec3e0;0;Anomaly;
202601;AREA 3;JATENG-DIY;PEKALONGAN;KDW;AOi4251120094316879e84d80;0;Anomaly;
202601;AREA 3;JATENG-DIY;PEKALONGAN;KDW;AOi4251128043035901041b20;0;Anomaly;
202601;AREA 3;JATIM;MALANG;TUL;AOi42511021238117328bfe20;0;Anomaly;
202601;AREA 3;JATIM;MALANG;TUL;AOi42511050212546576187f0;0;Anomaly;
202601;AREA 3;JATENG-DIY;YOGYAKARTA;BBS;AOi4251113033557869313e20;0;Anomaly;
202601;AREA 3;JATENG-DIY;YOGYAKARTA;BBS;AOi425111710230757836ebf0;0;Anomaly;
202601;AREA 3;JATENG-DIY;YOGYAKARTA;BBS;AOs3251119115215289581190;0;Anomaly;
202601;AREA 3;JATENG-DIY;YOGYAKARTA;PGR;PDAk42510310231042599432b0;0;Anomaly;
202601;AREA 3;JATIM;SIDOARJO;KRN;AOi4251126102106651364100;0;Anomaly;
202601;AREA 3;JATIM;SIDOARJO;KRN;AOi4251122114902705dba6e0;0;Comply;-2,41
202601;AREA 3;JATENG-DIY;PEKALONGAN;KDW;AOi42511291159313686b3a30;0;Anomaly;
202601;AREA 3;JATENG-DIY;PEKALONGAN;KDW;AOi42511130342504550a55e0;0;Anomaly;
202601;AREA 3;JATENG-DIY;PEKALONGAN;KDW;AOi42511260937225102d6580;0;Anomaly;
202601;AREA 3;BALI NUSRA;DENPASAR;TBN;AOi42511040913073645fc300;0;Comply;-53,46
202601;AREA 3;BALI NUSRA;DENPASAR;TBN;AOi4251115043342511e6cb30;0;Anomaly;
202601;AREA 3;BALI NUSRA;DENPASAR;TBN;AOi42511180959385047049f0;0;Anomaly;
202601;AREA 3;BALI NUSRA;DENPASAR;TBN;AOi42511120208515882a2e20;0;Anomaly;
202601;AREA 3;BALI NUSRA;DENPASAR;TBN;AOi4251105075121622059820;0;Anomaly;
202601;AREA 3;JATENG-DIY;YOGYAKARTA;PGR;AOi4251104051514870a529c0;0;Anomaly;
202601;AREA 3;JATIM;SIDOARJO;KRN;AOi4251116120647758219f30;0;Comply;2,40
202601;AREA 3;JATIM;SIDOARJO;KRN;AOi4251120070539435adb3b0;0;Anomaly;
202601;AREA 3;JATIM;SIDOARJO;KRN;AOi425111604563808727b030;0;Comply;-0,04
202601;AREA 3;JATIM;SIDOARJO;KRN;AOi425111704471174386a2c0;0;Comply;0,24
202601;AREA 3;JATIM;SIDOARJO;SDA;AOi4251113064948891f9e480;0;Anomaly;
202601;AREA 3;JATIM;LAMONGAN;KDU;AOi4251125091140372720120;0;Anomaly;
202601;AREA 3;JATENG-DIY;YOGYAKARTA;KLS;AOi42511111223462887cf350;0;Comply;0,15
202601;AREA 3;JATENG-DIY;YOGYAKARTA;KLS;AOi42511210723243421f7180;0;Anomaly;
202601;AREA 3;BALI NUSRA;KUPANG;OSP;AOi4251114125738216f557f0;0;Anomaly;
202601;AREA 3;BALI NUSRA;KUPANG;OSP;AOi4251110094947220cd7370;0;Anomaly;
202601;AREA 3;JATIM;JEMBER;GND;AOk42511061054246623ebde0;0;Anomaly;
202601;AREA 3;JATIM;JEMBER;GND;AOk42511061054246623ebde0;0;Anomaly;-3,46
202601;AREA 3;JATIM;SURABAYA;BKL;AOi4251114085332889197b00;0;Anomaly;
202601;AREA 3;JATIM;SURABAYA;BKL;AOs3251121074637716e5e170;0;Anomaly;
202601;AREA 3;JATIM;SURABAYA;BKL;AOi4251120102519893f10d90;0;Anomaly;
202601;AREA 3;BALI NUSRA;KUPANG;BAA;AOi4251127115446831fb5410;0;Anomaly;
202601;AREA 3;JATENG-DIY;YOGYAKARTA;PGR;AOi42511030827477373c8dc0;0;Anomaly;
202601;AREA 3;JATENG-DIY;YOGYAKARTA;PGR;AOi4251101121321114acc340;0;Anomaly;
202601;AREA 3;JATENG-DIY;YOGYAKARTA;PGR;AOi42511160954379171cb280;0;Anomaly;
202601;AREA 3;JATENG-DIY;YOGYAKARTA;PGR;AOi4251109124258461ebd060;0;Anomaly;
202601;AREA 3;JATIM;SIDOARJO;SDA;AOi425111508080070445f210;0;Anomaly;
202601;AREA 3;JATIM;SIDOARJO;SDA;AOi4251104103050596e57f10;0;Anomaly;
202601;AREA 3;JATIM;SIDOARJO;SDA;PDAk42511261114551554c0530;0;Anomaly;
202601;AREA 3;JATIM;SIDOARJO;SDA;AOi4251125080649154b72330;0;Anomaly;
202601;AREA 3;JATIM;SIDOARJO;SDA;AOi4251125084248954207a90;0;Anomaly;
202601;AREA 3;JATIM;SURABAYA;PME;AOi4251122091032391aa6010;0;Anomaly;
202601;AREA 3;JATIM;SURABAYA;PME;AOs32511260804347209f3ac0;0;Anomaly;
202601;AREA 3;JATIM;SURABAYA;PME;AOi4251116114909880ec7c10;0;Anomaly;
202601;AREA 3;JATIM;SURABAYA;PME;AOi4251113090832239faf640;0;Anomaly;
202601;AREA 3;JATIM;SURABAYA;PME;AOi42511251119437328bb070;0;Anomaly;
202601;AREA 3;BALI NUSRA;DENPASAR;APR;AOk4251121114640817aab9f0;0;Anomaly;
202601;AREA 3;BALI NUSRA;DENPASAR;KLM;AOi42511210741576185f2b70;0;Anomaly;
202601;AREA 3;BALI NUSRA;KUPANG;OSP;AOi42511250603346753ffa60;0;Anomaly;
202601;AREA 3;JATIM;SURABAYA;BKL;AOi4251128021817753cc1270;0;Anomaly;
202601;AREA 3;JATIM;SURABAYA;BKL;AOi4251031112940717dbd600;0;Anomaly;
202601;AREA 3;JATIM;SURABAYA;BKL;AOi4251031010341833fe5030;0;Anomaly;
202601;AREA 3;JATENG-DIY;SEMARANG;UNR;AOi4251112092855409f207d0;0;Anomaly;
202601;AREA 3;JATIM;MADIUN;MNZ;AOk42510291007057100dfed0;0;Comply;-1,84
202601;AREA 3;JATIM;MADIUN;MNZ;PDAk4251103085245707439750;0;Comply;0,51
202601;AREA 3;JATIM;MADIUN;MNZ;AOi42511140723297922fb350;0;Comply;-19,06
202601;AREA 3;BALI NUSRA;DENPASAR;SMA;AOi425110711042528865ebb0;0;Anomaly;
202601;AREA 3;BALI NUSRA;DENPASAR;BTR;AOs32511040700076593256f0;0;Anomaly;
202601;AREA 3;JATIM;SURABAYA;KML;AOi42511251104103879c6990;0;Anomaly;
202601;AREA 3;JATIM;SURABAYA;KML;AOi42511180758125931c9740;0;Anomaly;
202601;AREA 3;JATIM;SURABAYA;KML;AOi42511150230180650cbca0;0;Anomaly;
202601;AREA 3;JATIM;SURABAYA;KML;AOi4251111035024771b22620;0;Anomaly;
202601;AREA 3;JATIM;SURABAYA;KML;AOi42511200801525355b7220;0;Anomaly;
202601;AREA 3;JATIM;SURABAYA;KML;AOi42511200801525355b7220;0;Anomaly;
202601;AREA 3;BALI NUSRA;DENPASAR;KLM;AOi42511220332524582586b0;0;Anomaly;
202601;AREA 3;BALI NUSRA;DENPASAR;KLM;AOs325112408572572322bcd0;0;Anomaly;
202601;AREA 3;BALI NUSRA;DENPASAR;KLM;AOi4251101044719106ca0120;0;Anomaly;
202601;AREA 3;JATENG-DIY;PEKALONGAN;CMA;PDAk42511050837189828b6ee0;0;Comply;-44,28
202601;AREA 3;BALI NUSRA;DENPASAR;UBU;AOi12511080636588084b0cf0;0;Anomaly;
202601;AREA 3;JATENG-DIY;MAGELANG;MTY;AOi4251128045950601470a60;0;Anomaly;
202601;AREA 3;JATENG-DIY;SURAKARTA;KRT;AOi4251105114158968ccdf50;0;Comply;-5,23
202601;AREA 3;JATIM;MADIUN;NWI;AOi4251127110358910a1cbb0;0;Anomaly;
202601;AREA 3;JATIM;MADIUN;MNZ;AOi42511140723297922fb350;0;Comply;0,72
202601;AREA 3;BALI NUSRA;DENPASAR;UBU;AOi4251103012120305d325d0;0;Anomaly;
202601;AREA 3;BALI NUSRA;DENPASAR;UBU;AOi42511070301086332236a0;0;Anomaly;
202601;AREA 3;JATENG-DIY;SURAKARTA;KRT;AOi4251115124015159315680;0;Anomaly;
202601;AREA 3;JATIM;SIDOARJO;SDA;AOi4251121045629548c4c5b0;0;Anomaly;
202601;AREA 3;JATIM;SIDOARJO;SDA;AOi4251113030324974dc2640;0;Anomaly;
202601;AREA 3;JATIM;SIDOARJO;SDA;AOi425110508472307639df10;0;Anomaly;
202601;AREA 3;JATIM;SIDOARJO;SDA;AOi4251101091928546bbc360;0;Comply;-147,96
202601;AREA 3;BALI NUSRA;DENPASAR;KLM;AOi4251106113011998fa5c20;0;Anomaly;
202601;AREA 3;BALI NUSRA;DENPASAR;KLM;PDAk4251118021259511e04340;0;Anomaly;
202601;AREA 3;BALI NUSRA;DENPASAR;KLM;AOi4251118112302664e43e80;0;Anomaly;
202601;AREA 3;BALI NUSRA;DENPASAR;KLM;AOi1251128074525366d931e0;0;Anomaly;
202601;AREA 3;BALI NUSRA;DENPASAR;KLM;AOi425112909410727106c8f0;0;Anomaly;
202601;AREA 3;BALI NUSRA;DENPASAR;KLM;AOi4251124050557641d86a70;0;Anomaly;
202601;AREA 3;BALI NUSRA;DENPASAR;KLM;PDAk4251103070135129d052e0;0;Anomaly;
202601;AREA 3;BALI NUSRA;DENPASAR;KLM;AOi4251101111340557633ee0;0;Anomaly;
202601;AREA 3;JATIM;SURABAYA;KML;AOi4251123065826558d58850;0;Anomaly;
202601;AREA 3;JATIM;JEMBER;PII;AOi42511110852524891f8da0;0;Anomaly;
202601;AREA 3;JATIM;JEMBER;PII;AOi4251109075146693833090;0;Anomaly;-1,89
202601;AREA 3;JATIM;SURABAYA;ARB;AOi425112108262328815ada0;0;Anomaly;
202601;AREA 3;JATIM;SURABAYA;ARB;AOi4251121091834547bf23a0;0;Anomaly;
202601;AREA 3;JATIM;SURABAYA;ARB;AOi42511180856550310781c0;0;Anomaly;
202601;AREA 3;JATIM;SURABAYA;ARB;AOi4251121075609069ef07f0;0;Anomaly;
202601;AREA 3;JATIM;SURABAYA;ARB;AOi4251119105419219d812f0;0;Anomaly;
202601;AREA 3;JATIM;SIDOARJO;SDA;AOi4251105061634629e62420;0;Anomaly;
202601;AREA 3;JATIM;SIDOARJO;SDA;AOi4251102031120802c96ac0;0;Anomaly;
202601;AREA 3;JATIM;SIDOARJO;SDA;AOs3251106120506463937400;0;Anomaly;
202601;AREA 3;JATIM;SIDOARJO;SDA;AOi425112812490451920d560;0;Anomaly;
202601;AREA 3;JATIM;MALANG;KEP;AOi1251116064449959f271a0;0;Anomaly;
202601;AREA 3;JATIM;SURABAYA;BKL;AOi42511100157371370ca670;0;Anomaly;
202601;AREA 3;JATIM;SURABAYA;BKL;AOs32511280308414785b9700;0;Anomaly;
202601;AREA 3;JATIM;SURABAYA;BKL;AOi425112708071735054b910;0;Anomaly;
202601;AREA 3;BALI NUSRA;DENPASAR;KLM;AOi4251110071116869b2ab80;0;Anomaly;
202601;AREA 3;JATENG-DIY;SURAKARTA;KRT;AOi42511020342106621eaa50;0;Anomaly;
202601;AREA 3;JATENG-DIY;SURAKARTA;KRT;AOi4251115092600682d11030;0;Anomaly;
202601;AREA 3;JATENG-DIY;SURAKARTA;KRT;AOs3251118021148917498a10;0;Anomaly;
202601;AREA 3;JATENG-DIY;SURAKARTA;KRT;PDAk425110708545474272ac70;0;Anomaly;
202601;AREA 3;JATENG-DIY;SURAKARTA;KRT;AOi4251118125022500696620;0;Anomaly;
202601;AREA 3;JATENG-DIY;SURAKARTA;KRT;PDAk4251030090326088888080;0;Anomaly;
202601;AREA 3;JATENG-DIY;SURAKARTA;KRT;AOs325110608580104665ac50;0;Anomaly;
202601;AREA 3;JATENG-DIY;SURAKARTA;KRT;PDAk4251107040802891263450;0;Anomaly;
202601;AREA 3;JATIM;SURABAYA;BKL;AOi42511251019187456acb50;0;Anomaly;
202601;AREA 3;JATIM;SURABAYA;BKL;AOi4251031083233427884020;0;Anomaly;
202601;AREA 3;JATIM;SURABAYA;BKL;AOi42511260918254039f94a0;0;Anomaly;
202601;AREA 3;JATIM;SURABAYA;BKL;AOi42511010716531356e1d90;0;Anomaly;
202601;AREA 3;JATIM;SURABAYA;BKL;AOi425103108353778721d6d0;0;Anomaly;
202601;AREA 3;JATIM;SURABAYA;BKL;AOi4251106070735646c1d940;0;Anomaly;
202601;AREA 3;JATIM;SURABAYA;PME;AOk42511130157080587c9430;0;Anomaly;
202601;AREA 3;JATIM;SURABAYA;PME;AOi4251031051043743ddee30;0;Anomaly;
202601;AREA 3;JATENG-DIY;MAGELANG;MGE;AOi42511260219110875f0ff0;0;Anomaly;
202601;AREA 3;JATENG-DIY;MAGELANG;MGE;AOi42511270803502641d7d30;0;Anomaly;
202601;AREA 3;BALI NUSRA;DENPASAR;KLM;AOi42511250207162115fb2d0;0;Anomaly;
202601;AREA 3;BALI NUSRA;DENPASAR;KLM;PDAk4251103070135129d052e0;0;Anomaly;
202601;AREA 3;BALI NUSRA;DENPASAR;KLM;AOi4251120100421399cfe760;0;Anomaly;
202601;AREA 3;BALI NUSRA;FLORES;END;AOi4251121090446782d2a8c0;0;Anomaly;
202601;AREA 3;BALI NUSRA;FLORES;END;AOk4251106074848330ebb0d0;0;Anomaly;
202601;AREA 3;BALI NUSRA;FLORES;END;AOi4251105013536946f84010;0;Not Comply;55,78
202601;AREA 3;BALI NUSRA;FLORES;END;AOi425112403051885680e000;0;Anomaly;
202601;AREA 3;BALI NUSRA;FLORES;END;AOi4251126023618028429cf0;0;Anomaly;
202601;AREA 3;BALI NUSRA;KUPANG;KPN;AOi4251108011500461fd65e0;0;Anomaly;
202601;AREA 3;BALI NUSRA;FLORES;BJW;AOi425111509545136968c060;0;Comply;-20,13
202601;AREA 3;JATIM;SIDOARJO;PDA;AOi4251124054214428956dd0;0;Anomaly;
202601;AREA 3;BALI NUSRA;KUPANG;OSP;AOi4251128075852540424230;0;Anomaly;
202601;AREA 3;JATIM;SURABAYA;BKL;AOi42511220703521718639e0;0;Anomaly;
202601;AREA 3;JATIM;SURABAYA;BKL;AOi42511230850412601a9ac0;0;Anomaly;
202601;AREA 3;JATIM;SURABAYA;BKL;AOi425112504195942039df70;0;Anomaly;
202601;AREA 3;JATIM;SURABAYA;PME;AOi42511030432141847414b0;0;Anomaly;
202601;AREA 3;JATIM;SURABAYA;PME;AOi4251124120026642d838f0;0;Comply;-168,54
202601;AREA 3;BALI NUSRA;DENPASAR;KLM;AOi425111301204683764b6f0;0;Anomaly;
202601;AREA 3;JATIM;JEMBER;SKW;AOi4251109085052282b0f7f0;0;Comply;-17,88
202601;AREA 3;JATIM;JEMBER;RGJ;AOi4251031095409504c0f1f0;0;Comply;-0,21
202601;AREA 3;BALI NUSRA;KUPANG;KPN;AOi4251101024213709f25d40;0;Anomaly;
202601;AREA 3;JATIM;SURABAYA;BKL;AOi42511080857076105b2800;0;Anomaly;
202601;AREA 3;JATIM;SURABAYA;BKL;AOi4251031081810522cdc820;0;Anomaly;
202601;AREA 3;JATIM;SURABAYA;BKL;AOi42511210809427340590a0;0;Anomaly;
202601;AREA 3;JATIM;SURABAYA;BKL;AOi425110809350573635f0f0;0;Anomaly;
202601;AREA 3;JATIM;SURABAYA;BKL;AOi425111510550571596ef10;0;Anomaly;
202601;AREA 3;JATIM;SURABAYA;BKL;AOi42511260918254039f94a0;0;Anomaly;
202601;AREA 3;JATIM;SURABAYA;OMB;AOs325111410044246201f950;0;Anomaly;
202601;AREA 3;JATIM;SURABAYA;KJR;AOi4251031060103092338d00;0;Anomaly;
202601;AREA 3;JATIM;SURABAYA;KJR;PDAk425111908525730667b760;0;Anomaly;
202601;AREA 3;JATENG-DIY;PEKALONGAN;PBG;PDAk4251113125429931f73040;0;Anomaly;
202601;AREA 3;JATIM;SURABAYA;BKL;AOi425102708153622773a040;0;Anomaly;
202601;AREA 3;JATIM;SURABAYA;BKL;AOi4251107054001892485d50;0;Anomaly;
202601;AREA 3;JATIM;SURABAYA;BKL;AOi42510310852504947c85b0;0;Anomaly;
202601;AREA 3;JATIM;SURABAYA;BKL;AOi4251126060941765a61c00;0;Anomaly;
202601;AREA 3;JATIM;SURABAYA;BKL;AOi42511220600152565e64a0;0;Anomaly;
202601;AREA 3;JATIM;SURABAYA;BKL;AOi4251119062203649939750;0;Anomaly;
202601;AREA 3;JATIM;SURABAYA;BKL;AOi4251119104959315a916d0;0;Anomaly;
202601;AREA 3;JATENG-DIY;SEMARANG;JHR;AOi4251129020359359575c50;0;Anomaly;
202601;AREA 3;JATIM;SURABAYA;ARB;AOi42511020958090411bcab0;0;Anomaly;
202601;AREA 3;JATENG-DIY;PEKALONGAN;BMU;AOk4251110032452329c89860;0;Anomaly;-2,92
202601;AREA 3;JATENG-DIY;PEKALONGAN;BMU;AOk4251104114317856570320;0;Anomaly;-0,56
202601;AREA 3;JATENG-DIY;PEKALONGAN;BMU;AOk4251120103217262836d60;0;Anomaly;
202601;AREA 3;BALI NUSRA;MATARAM;TET;AOi4251106125734884a1a900;0;Anomaly;
202601;AREA 3;BALI NUSRA;MATARAM;TET;AOi425110808305143725a240;0;Anomaly;
202601;AREA 3;BALI NUSRA;MATARAM;TET;AOi425110703231262351ea60;0;Anomaly;
202601;AREA 3;BALI NUSRA;MATARAM;TET;AOi425110808305143725a240;0;Anomaly;
202601;AREA 3;JATENG-DIY;YOGYAKARTA;BBS;AOi4251110032008964629dd0;0;Anomaly;
202601;AREA 3;JATENG-DIY;PEKALONGAN;BDY;AOi425110504214128102f490;0;Anomaly;
202601;AREA 3;JATENG-DIY;PURWOKERTO;SDJ;AOi42511250501342559982d0;0;Anomaly;
202601;AREA 3;BALI NUSRA;DENPASAR;MMN;AOi4251130095311381a7f950;0;Anomaly;
202601;AREA 3;BALI NUSRA;DENPASAR;MMN;AOi42511180920306287e8690;0;Anomaly;
202601;AREA 3;BALI NUSRA;DENPASAR;MMN;AOi4251108084836920651e10;0;Anomaly;
202601;AREA 3;BALI NUSRA;DENPASAR;MMN;AOi4251108114130564f77930;0;Anomaly;
202601;AREA 3;BALI NUSRA;DENPASAR;MMN;AOi1251105032541625cf4f90;0;Anomaly;
202601;AREA 3;BALI NUSRA;MATARAM;TET;AOi4251115052700296678e20;0;Anomaly;
202601;AREA 3;BALI NUSRA;MATARAM;TET;AOi42511270913101284a5170;0;Anomaly;
202601;AREA 3;BALI NUSRA;MATARAM;TET;AOi425110808305143725a240;0;Anomaly;
202601;AREA 3;BALI NUSRA;MATARAM;TET;AOi4251124013947265261b10;0;Anomaly;
202601;AREA 3;BALI NUSRA;MATARAM;TET;AOi425111506260762842e430;0;Anomaly;
202601;AREA 3;JATENG-DIY;SEMARANG;PEC;AOi4251115030421892a86200;0;Comply;0,51
202601;AREA 3;JATENG-DIY;SEMARANG;PEC;AOi4251121112735798e9f730;0;Anomaly;
202601;AREA 3;JATIM;SIDOARJO;PSN;AOi4251119060832989a54720;0;Comply;-3,50
202601;AREA 3;JATIM;SIDOARJO;PSN;AOi42511150343026998c2030;0;Comply;-1,80
202601;AREA 3;JATIM;SIDOARJO;PSN;AOi42511200803516547894c0;0;Anomaly;
202601;AREA 3;JATIM;SURABAYA;KNN;AOi425112512293335589e4d0;0;Anomaly;
202601;AREA 3;JATIM;SURABAYA;KNN;AOi42511080223436523cd4d0;0;Anomaly;
202601;AREA 3;JATENG-DIY;SURAKARTA;CEP;AOi4251113111221222da32e0;0;Comply;-17,98
202601;AREA 3;BALI NUSRA;DENPASAR;MMN;PDAk42511240742144434f13b0;0;Anomaly;
202601;AREA 3;JATIM;JEMBER;ABL;AOi1251104033123224ff9dd0;0;Anomaly;
202601;AREA 3;JATENG-DIY;SEMARANG;JHR;AOi425111211063470264dd00;0;Anomaly;
202601;AREA 3;JATENG-DIY;SEMARANG;PEC;AOs3251126025111748eee970;0;Anomaly;
202601;AREA 3;JATENG-DIY;SEMARANG;PEC;AOs3251126025111748eee970;0;Anomaly;
202601;AREA 3;JATIM;SURABAYA;KNN;AOi4251124100548697eff7e0;0;Anomaly;
202601;AREA 3;JATIM;SURABAYA;KNN;AOi4251128044745963358c40;0;Anomaly;
202601;AREA 3;JATENG-DIY;SURAKARTA;CEP;AOi42511071136155596e0690;0;Anomaly;
202601;AREA 3;JATENG-DIY;SURAKARTA;CEP;AOi4251113123017961924510;0;Comply;1,24
202601;AREA 3;JATENG-DIY;SURAKARTA;CEP;AOi42511050951099996ecdc0;0;Anomaly;
202601;AREA 3;JATENG-DIY;SURAKARTA;CEP;AOi4251102111849685425800;0;Anomaly;
202601;AREA 3;JATIM;MALANG;TUR;AOi4251122054318781e9c8c0;0;Anomaly;
202601;AREA 3;JATIM;JEMBER;LMJ;AOi42511280333087371c70a0;0;Anomaly;
202601;AREA 3;JATENG-DIY;MAGELANG;SWT;AOi4251123022216926f91000;0;Comply;2,81
202601;AREA 3;JATENG-DIY;MAGELANG;SWT;AOi425112406034014896a6d0;0;Comply;-15,26
202601;AREA 3;JATENG-DIY;SEMARANG;SLI;PDAk4251101040752027f32aa0;0;Comply;0,07
202601;AREA 3;JATENG-DIY;SURAKARTA;CEP;AOi4251112123543717e10c20;0;Anomaly;
202601;AREA 3;JATENG-DIY;PURWOKERTO;KRY;AOi4251113014426104468330;0;Anomaly;
202601;AREA 3;JATENG-DIY;YOGYAKARTA;KGD;AOi4251114020916838af9a80;0;Anomaly;
202601;AREA 3;JATENG-DIY;YOGYAKARTA;KGD;AOk4251107081619787ae6640;0;Anomaly;
202601;AREA 3;JATENG-DIY;YOGYAKARTA;KGD;AOi4251124094103067e714a0;0;Anomaly;
202601;AREA 3;JATENG-DIY;YOGYAKARTA;KGD;AOi4251128121905602fafdb0;0;Anomaly;
202601;AREA 3;JATENG-DIY;YOGYAKARTA;KGD;AOi4251128080325529e5b620;0;Comply;-72,68
202601;AREA 3;JATENG-DIY;SEMARANG;SMC;AOs3251118114757275cf6b30;0;Not Comply;17,74
202601;AREA 3;JATENG-DIY;SEMARANG;SLI;AOi425110502202972907c8a0;0;Comply;0,80
202601;AREA 3;BALI NUSRA;DENPASAR;SRR;AOi42511150517044478afb70;0;Anomaly;
202601;AREA 3;JATIM;MALANG;NGU;AOi42511130334007827226c0;0;Comply;-1,88
202601;AREA 3;JATIM;MALANG;NGU;AOk425112409481229933d960;0;Comply;-86,49
202601;AREA 3;JATENG-DIY;SURAKARTA;SLO;AOk4251106114941795902b40;0;Anomaly;
202601;AREA 3;JATENG-DIY;SURAKARTA;SLO;PDAk42511211239239127d7910;0;Comply;-0,33
202601;AREA 3;JATIM;MADIUN;GUR;AOi4251101032626397c3e360;0;Anomaly;
202601;AREA 3;JATENG-DIY;SURAKARTA;GBU;AOi425110412575536641eb50;0;Comply;1,46
202601;AREA 3;BALI NUSRA;MATARAM;TLW;AOi425111302140261978f110;0;Anomaly;
202601;AREA 3;JATIM;SURABAYA;DMO;AOk4251127072930886c89610;0;Anomaly;
202601;AREA 3;JATIM;SURABAYA;DMO;AOi4251126025024920f07cc0;0;Anomaly;
202601;AREA 3;JATENG-DIY;PURWOKERTO;MAN;AOi425111609432408366c370;0;Anomaly;
202601;AREA 3;JATIM;LAMONGAN;BJN;AOi4251030024406926f3a8d0;0;Anomaly;
202601;AREA 3;JATIM;LAMONGAN;BJN;AOi4251030024406926f3a8d0;0;Anomaly;
202601;AREA 3;JATIM;SURABAYA;KPS;PDAk425111909341879109d630;0;Anomaly;
202601;AREA 3;JATIM;SURABAYA;KPS;AOi4251108041114349b33120;0;Not Comply;4,16
202601;AREA 3;JATENG-DIY;MAGELANG;GOM;AOi42511020447094061a3710;0;Anomaly;
202601;AREA 3;JATIM;LAMONGAN;GSK;AOi4251116065905471b25c40;0;Comply;-23,90
202601;AREA 3;JATENG-DIY;PEKALONGAN;RDD;AOi4251118040113522fa4490;0;Anomaly;
202601;AREA 3;JATENG-DIY;PEKALONGAN;RDD;AOi4251111113321491198b70;0;Anomaly;
202601;AREA 3;JATIM;MADIUN;NDL;AOi42511261025514932ac060;0;Anomaly;
202601;AREA 3;JATIM;MADIUN;NDL;AOi425110404000875617af10;0;Comply;-0,97
202601;AREA 3;JATIM;MADIUN;NDL;AOi42511261025514932ac060;0;Anomaly;
202601;AREA 3;JATIM;MADIUN;NDL;AOi4251102085154340561240;0;Comply;0,32
202601;AREA 3;JATENG-DIY;SURAKARTA;GLD;PDAk4251117094454851ff2120;0;Anomaly;
202601;AREA 3;JATENG-DIY;SURAKARTA;GLD;AOi4251119034517064f08200;0;Anomaly;
202601;AREA 3;JATIM;LAMONGAN;GSK;AOi425110306392213217a730;0;Anomaly;
202601;AREA 3;JATIM;LAMONGAN;GSK;PDAk4251124014242411d82f70;0;Anomaly;
202601;AREA 3;JATENG-DIY;SURAKARTA;PWB;AOi425112610155158304c2d0;0;Anomaly;
202601;AREA 3;JATENG-DIY;SURAKARTA;KTO;AOs3251115071125965d7faf0;0;Not Comply;32,35
202601;AREA 3;JATENG-DIY;SURAKARTA;KTO;AOi42511160843100959c5010;0;Anomaly;
202601;AREA 3;JATIM;MADIUN;KDI;AOk42511110250568410d2810;0;Anomaly;
202601;AREA 3;JATIM;SIDOARJO;SDA;AOi4251128075322584006f00;0;Anomaly;
202601;AREA 3;JATIM;SIDOARJO;SDA;AOi4251104103050596e57f10;0;Anomaly;
202601;AREA 3;JATIM;SIDOARJO;SDA;AOi42511051049564575383d0;0;Anomaly;
202601;AREA 3;JATIM;SIDOARJO;SDA;AOi4251117051836549217f20;0;Anomaly;
202601;AREA 3;JATIM;SIDOARJO;SDA;AOi4251120082817692fc0b50;0;Anomaly;
202601;AREA 3;JATIM;SIDOARJO;SDA;AOi4251119121107758a90220;0;Anomaly;
202601;AREA 3;JATIM;SIDOARJO;PCT;AOi42511290919239304b9090;0;Anomaly;
202601;AREA 3;JATENG-DIY;PURWOKERTO;BJR;AOi425111211495882058a3b0;0;Anomaly;
202601;AREA 3;JATENG-DIY;PURWOKERTO;KLP;AOk42511221221162589c3a90;0;Anomaly;
202601;AREA 3;BALI NUSRA;FLORES;LRT;AOk42511241155087688cff00;0;Anomaly;
202601;AREA 3;JATENG-DIY;SEMARANG;PAT;AOi4251110015040253104770;0;Comply;0,97
202601;AREA 3;JATENG-DIY;SEMARANG;PAT;AOi4251113020843513b4e5a0;0;Anomaly;
202601;AREA 3;JATENG-DIY;SURAKARTA;PWB;AOk42511261133086302c87e0;0;Anomaly;
202601;AREA 3;JATENG-DIY;SURAKARTA;PWB;PDAk425111109032935999f720;0;Anomaly;
202601;AREA 3;JATIM;SIDOARJO;SPJ;AOi42511240908562792448c0;0;Comply;0,64
202601;AREA 3;JATIM;SIDOARJO;SPJ;PDAk4251106090652941fcaad0;0;Anomaly;
202601;AREA 3;JATIM;SIDOARJO;SPJ;AOk42511280231409978d4d50;0;Anomaly;
202601;AREA 3;JATIM;SIDOARJO;SPJ;PDAk4251105105539053863ef0;0;Anomaly;
202601;AREA 3;JATENG-DIY;PURWOKERTO;MAN;AOi425110310461421145f430;0;Anomaly;
202601;AREA 3;JATIM;LAMONGAN;BJN;AOi4251102111931030da4e00;0;Anomaly;
202601;AREA 3;JATIM;SURABAYA;SPG;AOi42510310850367354cf970;0;Anomaly;
202601;AREA 3;JATIM;LAMONGAN;KRK;AOi4251119081929890022240;0;Anomaly;
202601;AREA 3;JATENG-DIY;SURAKARTA;PEN;AOi4251112085222522050e90;0;Anomaly;
202601;AREA 3;JATIM;SURABAYA;KPS;PDAk425111909341879109d630;0;Anomaly;
202601;AREA 3;JATIM;SURABAYA;KPS;AOs3251104120617534e9d450;0;Comply;-38,73
202601;AREA 3;JATIM;SURABAYA;KPS;AOi425112411150457094da60;0;Anomaly;
202601;AREA 3;BALI NUSRA;MATARAM;SWE;AOk425110502172785075d620;0;Anomaly;
202601;AREA 3;BALI NUSRA;MATARAM;SWE;AOi4251111114257616bd1f60;0;Comply;-35,60
202601;AREA 3;BALI NUSRA;MATARAM;SBW;AOi4251114010421082d512f0;0;Anomaly;
202601;AREA 3;BALI NUSRA;MATARAM;SBW;AOi42511030749404812733c0;0;Anomaly;
202601;AREA 3;BALI NUSRA;MATARAM;SBW;AOi4251113124354732a44f00;0;Anomaly;
202601;AREA 3;BALI NUSRA;MATARAM;SBW;AOi4251120082033124c6f530;0;Anomaly;
202601;AREA 3;JATENG-DIY;PEKALONGAN;RDD;AOs32511240848052460bada0;0;Anomaly;
202601;AREA 3;JATENG-DIY;PEKALONGAN;RDD;AOi425112706494854103a900;0;Anomaly;
202601;AREA 3;JATIM;MADIUN;NDL;AOi42511201144485578dced0;0;Anomaly;
202601;AREA 3;JATENG-DIY;SURAKARTA;GLD;AOi4251119034517064f08200;0;Anomaly;
202601;AREA 3;BALI NUSRA;MATARAM;SWE;AOs325110110370427536f650;0;Comply;-72,17
202601;AREA 3;BALI NUSRA;MATARAM;SWE;AOi4251116111343833d83040;0;Anomaly;
202601;AREA 3;JATENG-DIY;SURAKARTA;BKG;AOi425111709414381727e130;0;Comply;-3,10
202601;AREA 3;BALI NUSRA;DENPASAR;JBR;PDAk4251106093611728740d30;0;Anomaly;
202601;AREA 3;JATENG-DIY;MAGELANG;TEM;AOi4251115105421083d2c400;0;Anomaly;
202601;AREA 3;JATIM;JEMBER;KRZ;AOi4251121093345466ebbad0;0;Anomaly;
202601;AREA 3;JATIM;JEMBER;AJS;AOi42511070149519503fd430;0;Anomaly;
202601;AREA 3;BALI NUSRA;DENPASAR;KUT;AOk4251106110346838cd6710;0;Anomaly;
202601;AREA 3;JATENG-DIY;SURAKARTA;BLO;AOi4251126101640685b31100;0;Anomaly;
202601;AREA 3;JATENG-DIY;SURAKARTA;GLD;AOi4251119034517064f08200;0;Anomaly;
202601;AREA 3;JATIM;SIDOARJO;MJS;AOi42511260813345226fbec0;0;Anomaly;
202601;AREA 3;JATENG-DIY;YOGYAKARTA;GOD;AOi4251125064906527bd70a0;0;Anomaly;
202601;AREA 3;BALI NUSRA;MATARAM;MTR;AOi42510291128128533f0cb0;0;Comply;-72,49
202601;AREA 3;JATENG-DIY;MAGELANG;PWJ;AOi4251125104536748aea000;0;Anomaly;
202601;AREA 3;JATENG-DIY;MAGELANG;PWJ;AOi42511010333086996bf9e0;0;Anomaly;
202601;AREA 3;BALI NUSRA;DENPASAR;TOP;PDAk425111711592197287bed0;0;Anomaly;
202601;AREA 3;BALI NUSRA;DENPASAR;TOP;AOk4251111013203855d84320;0;Anomaly;
202601;AREA 3;JATENG-DIY;SURAKARTA;BLO;AOk4251118103546889ad2f30;0;Anomaly;
202601;AREA 3;JATIM;LAMONGAN;BBE;AOi42511121037566809aa960;0;Anomaly;
202601;AREA 3;JATIM;MALANG;LDY;AOi42511031137351356a05c0;0;Comply;-2,61
202601;AREA 3;JATENG-DIY;PEKALONGAN;PKL;AOi4251117083702871947c90;0;Anomaly;
202601;AREA 3;BALI NUSRA;MATARAM;PRY;AOi4251121044700505272b40;0;Anomaly;
202601;AREA 3;JATIM;SIDOARJO;WRU;AOi4251105013555605fd19d0;0;Comply;-1,74
202601;AREA 3;JATIM;SIDOARJO;WRU;AOi42511030317563216878c0;0;Anomaly;
202601;AREA 3;JATIM;SIDOARJO;WRU;AOi42511300954250671f7c50;0;Comply;2,76
202601;AREA 3;BALI NUSRA;DENPASAR;TOP;PDAk425111711592197287bed0;0;Anomaly;
202601;AREA 3;BALI NUSRA;DENPASAR;TOP;PDAk4251111021420961f6dde0;0;Anomaly;
202601;AREA 3;JATENG-DIY;YOGYAKARTA;KEN;AOi4251124042715764195420;0;Anomaly;
202601;AREA 3;JATENG-DIY;YOGYAKARTA;KEN;AOi42511140200333395d4300;0;Comply;0,60
202601;AREA 3;BALI NUSRA;MATARAM;DMP;AOi4251125014212245f9bfe0;0;Anomaly;
202601;AREA 3;BALI NUSRA;MATARAM;DMP;AOi4251125014212245f9bfe0;0;Anomaly;
202601;AREA 3;BALI NUSRA;MATARAM;DMP;AOi4251121011215124803070;0;Anomaly;
202601;AREA 3;BALI NUSRA;MATARAM;DMP;AOi425111712432124637c480;0;Anomaly;
202601;AREA 3;BALI NUSRA;MATARAM;DMP;AOi4251101053844660e39f10;0;Anomaly;
202601;AREA 3;JATIM;SIDOARJO;WRU;AOs32511041044296726b1250;0;Anomaly;
202601;AREA 3;JATIM;SIDOARJO;WRU;AOi42511030317563216878c0;0;Comply;1,01
202601;AREA 3;JATIM;SIDOARJO;WRU;AOi4251107075642825c04c80;0;Anomaly;
202601;AREA 3;JATIM;SIDOARJO;WRU;AOi4251128023447256017170;0;Anomaly;
202601;AREA 3;JATIM;SIDOARJO;WRU;PDAk4251103100727650b18010;0;Comply;-1,57
202601;AREA 3;JATENG-DIY;SURAKARTA;GLD;PDAk4251122100443762948d90;0;Anomaly;
202601;AREA 3;JATENG-DIY;SURAKARTA;GLD;AOk42511291150135844976c0;0;Comply;-19,07
202601;AREA 3;JATENG-DIY;SURAKARTA;GLD;AOk4251106022528979274f50;0;Anomaly;
202601;AREA 3;JATIM;SIDOARJO;MJS;AOi4251116085609441b39b60;0;Anomaly;
202601;AREA 3;BALI NUSRA;MATARAM;DMP;AOi425111408171725815ea20;0;Anomaly;
202601;AREA 3;BALI NUSRA;MATARAM;DMP;AOi42511110217549839c2bc0;0;Anomaly;
202601;AREA 3;BALI NUSRA;MATARAM;DMP;AOi42511220656276988c7a80;0;Anomaly;
202601;AREA 3;BALI NUSRA;MATARAM;DMP;AOi42511200921035901decc0;0;Anomaly;
202601;AREA 3;BALI NUSRA;MATARAM;DMP;AOi42511190635142709e8220;0;Anomaly;
202601;AREA 3;BALI NUSRA;MATARAM;DMP;AOi4251115122021676dbe930;0;Anomaly;
202601;AREA 3;JATENG-DIY;SURAKARTA;BLO;AOi4251110091744081a62060;0;Anomaly;
202601;AREA 3;JATENG-DIY;PURWOKERTO;PWT;AOs3251110034151071594690;0;Anomaly;
202601;AREA 3;JATENG-DIY;PURWOKERTO;PWT;AOi425110510154152913f710;0;Anomaly;
202601;AREA 3;JATIM;MADIUN;UTR;AOs3251107025646259ff8040;0;Anomaly;
202601;AREA 3;JATENG-DIY;YOGYAKARTA;GOD;PDAk4251105114753133eaa6d0;0;Anomaly;
202601;AREA 3;JATENG-DIY;YOGYAKARTA;GOD;PDAk425102910045619517c220;0;Anomaly;
202601;AREA 3;BALI NUSRA;DENPASAR;LVN;AOi4251112080718959100e70;0;Anomaly;
202601;AREA 3;JATIM;JEMBER;JER;AOs3251111093417723a13200;0;Comply;-20,45
202601;AREA 3;JATIM;JEMBER;JER;PDAk4251104040407743cd0a60;0;Anomaly;
202601;AREA 3;JATENG-DIY;MAGELANG;PRN;AOi4251105080203826d2aff0;0;Anomaly;
202601;AREA 3;JATIM;MALANG;SGS;AOi425110810322871781b330;0;Anomaly;
202601;AREA 3;BALI NUSRA;DENPASAR;SAU;AOi4251101050204275ec4050;0;Anomaly;
202601;AREA 3;JATENG-DIY;MAGELANG;KBM;AOi4251129095936086f94cc0;0;Anomaly;
202601;AREA 3;JATENG-DIY;MAGELANG;KBM;AOi4251114034305142501090;0;Anomaly;
202601;AREA 3;BALI NUSRA;MATARAM;MTR;AOi4251116051828246b55890;0;Anomaly;
202601;AREA 3;BALI NUSRA;MATARAM;MTR;AOi4251118075504742ddf230;0;Anomaly;
202601;AREA 3;BALI NUSRA;MATARAM;MTR;AOi42511210157554801bb4a0;0;Anomaly;
202601;AREA 3;BALI NUSRA;MATARAM;MTR;AOi42511050412573932c9a50;0;Anomaly;
202601;AREA 3;BALI NUSRA;MATARAM;MTR;AOs325103105255527992fa10;0;Anomaly;
202601;AREA 3;BALI NUSRA;MATARAM;MTR;AOi4251119010003719367a30;0;Anomaly;
202601;AREA 3;JATENG-DIY;SEMARANG;BOJ;AOi42511170250364049f1070;0;Anomaly;
202601;AREA 3;JATENG-DIY;SEMARANG;BOJ;AOi42511170250364049f1070;0;Comply;-0,56
202601;AREA 3;JATENG-DIY;SEMARANG;BOJ;AOi42511170250364049f1070;0;Anomaly;
202601;AREA 3;JATIM;MALANG;KLJ;AOi4251104095634254002ce0;0;Comply;-19,28
202601;AREA 3;JATIM;MALANG;KLJ;AOi42511030757301605510a0;0;Comply;0,01
202601;AREA 3;JATIM;MALANG;KLJ;AOi125111103135331560ea20;0;Anomaly;
202601;AREA 3;JATENG-DIY;SEMARANG;JPR;AOi4251102060705835144620;0;Comply;-3,28
202601;AREA 3;JATENG-DIY;SEMARANG;JPR;AOi4251103080835910b8f5d0;0;Anomaly;
202601;AREA 3;BALI NUSRA;MATARAM;MTR;AOi4251106071119877e2b190;0;Comply;-107,84
202601;AREA 3;BALI NUSRA;MATARAM;MTR;AOi425111104213003947e850;0;Anomaly;
202601;AREA 3;BALI NUSRA;MATARAM;MTR;AOi4251123094523964879b20;0;Anomaly;
202601;AREA 3;BALI NUSRA;MATARAM;SBW;AOi425110805223676214be40;0;Anomaly;
202601;AREA 3;BALI NUSRA;MATARAM;SBW;AOi4251128054509903cdcd70;0;Anomaly;
202601;AREA 3;BALI NUSRA;MATARAM;SBW;AOi4251101104245394952990;0;Anomaly;
202601;AREA 3;BALI NUSRA;KUPANG;ATB;AOi4251122010904965ce5b60;0;Anomaly;
202601;AREA 3;BALI NUSRA;KUPANG;ATB;AOi425102906272085714c2f0;0;Anomaly;
202601;AREA 3;JATENG-DIY;SEMARANG;JPR;AOi4251111075943281afced0;0;Comply;-1,46
202601;AREA 3;JATIM;JEMBER;KBS;PDAk4251113120716645fec010;0;Anomaly;
202601;AREA 3;JATENG-DIY;PEKALONGAN;BBT;AOi425111404164545965e470;0;Anomaly;
202601;AREA 3;JATENG-DIY;PEKALONGAN;BBT;AOi4251119083535376d98030;0;Anomaly;
202601;AREA 3;JATENG-DIY;PEKALONGAN;BDY;AOi4251104073230029084650;0;Anomaly;
202601;AREA 3;JATENG-DIY;MAGELANG;WTS;AOi42511021254336358b3810;0;Anomaly;
202601;AREA 3;BALI NUSRA;DENPASAR;MMN;AOi4251123093500389cd0d20;0;Anomaly;
202601;AREA 3;BALI NUSRA;DENPASAR;MMN;AOi4251116014953335e26d40;0;Anomaly;
202601;AREA 3;BALI NUSRA;MATARAM;SBW;AOi4251120122426777000950;0;Comply;-43,37
202601;AREA 3;BALI NUSRA;KUPANG;ATB;AOi4251117100312417569190;0;Anomaly;
202601;AREA 3;BALI NUSRA;KUPANG;ATB;AOi425112710574186409fd30;0;Anomaly;
202601;AREA 3;BALI NUSRA;KUPANG;ATB;AOi1251107102710962e9d130;0;Anomaly;
202601;AREA 3;JATENG-DIY;PEKALONGAN;SBA;AOi4251118054140786c05cc0;0;Anomaly;
202601;AREA 3;JATIM;SIDOARJO;MRT;AOi4251101073254748427af0;0;Anomaly;
202601;AREA 3;BALI NUSRA;MATARAM;TLW;AOi4251125110331726debd40;0;Anomaly;
202601;AREA 3;BALI NUSRA;FLORES;KLH;AOi4251117071651618a59fe0;0;Anomaly;
202601;AREA 3;BALI NUSRA;FLORES;KLH;AOi4251111050512221c863a0;0;Anomaly;
202601;AREA 3;BALI NUSRA;MATARAM;PRY;AOi425112201341005359ab10;0;Anomaly;
202601;AREA 3;BALI NUSRA;MATARAM;SBW;AOi425103002472174427cc60;0;Anomaly;
202601;AREA 3;JATIM;MALANG;SWJ;AOi4251104012028373e757a0;0;Comply;-21,38
202601;AREA 3;JATIM;MALANG;SWJ;AOi4251112033959412d05330;0;Anomaly;
202601;AREA 3;JATIM;MALANG;SWJ;AOi42511081138446072d0bf0;0;Comply;-0,42
202601;AREA 3;JATIM;MALANG;SWJ;AOi425110508314240453ae80;0;Comply;-0,34
202601;AREA 3;JATENG-DIY;SURAKARTA;SRG;AOi42511240837491063992f0;0;Comply;-18,26
202601;AREA 3;JATENG-DIY;SURAKARTA;SRG;AOi42511150835140379a9fe0;0;Anomaly;
202601;AREA 3;JATIM;SIDOARJO;MRT;AOi4251114082437973c15ec0;0;Comply;-2,88
202601;AREA 3;JATIM;SIDOARJO;MRT;AOi4251120083940266c59430;0;Anomaly;
202601;AREA 3;JATIM;SIDOARJO;MRT;AOi4251106010215948223c10;0;Anomaly;
202601;AREA 3;JATENG-DIY;MAGELANG;MUN;AOi4251120115532042526200;0;Comply;2,92
202601;AREA 3;JATIM;MADIUN;PAE;AOi4251123103244207eb6f50;0;Anomaly;
202601;AREA 3;JATIM;LAMONGAN;PAD;AOi42511161011083983c0610;0;Anomaly;
202601;AREA 3;BALI NUSRA;KUPANG;SOE;AOi4251107102908920d17f90;0;Anomaly;
202601;AREA 3;JATIM;SURABAYA;IJK;AOi425110411283238902b5e0;0;Comply;-0,43
202601;AREA 3;JATIM;SURABAYA;IJK;AOk4251108041015677fc6780;0;Anomaly;
202601;AREA 3;JATIM;SIDOARJO;WRU;AOs3251113085918093e3ad50;0;Anomaly;
202601;AREA 3;JATIM;SIDOARJO;WRU;AOs3251113085918093e3ad50;0;Anomaly;
202601;AREA 3;JATENG-DIY;SURAKARTA;DLG;PDAk42511140844568970f8100;0;Anomaly;
202601;AREA 3;JATENG-DIY;PURWOKERTO;CLC;AOi4251106041201963195170;0;Comply;-165,25
202601;AREA 3;JATENG-DIY;PURWOKERTO;CLC;AOi4251106041201963195170;0;Anomaly;
202601;AREA 3;JATENG-DIY;SURAKARTA;SRG;AOi125110306054764500baa0;0;Anomaly;
202601;AREA 3;JATIM;JEMBER;KKH;AOi425112509132429650e680;0;Anomaly;
202601;AREA 3;JATENG-DIY;YOGYAKARTA;SMN;AOi4251025120227808bc7630;0;Anomaly;
202601;AREA 3;JATENG-DIY;SEMARANG;KUD;AOi42511120610143482ad360;0;Comply;0,53
202601;AREA 3;JATIM;SURABAYA;OMB;AOi4251118111914135b7ad40;0;Anomaly;
202601;AREA 3;JATIM;SURABAYA;OMB;AOs325111410044246201f950;0;Anomaly;
202601;AREA 3;JATIM;SURABAYA;OMB;AOi4251112061859974badbc0;0;Anomaly;
202601;AREA 3;JATIM;SURABAYA;OMB;AOi4251125035519945200600;0;Comply;-3,42
202601;AREA 3;JATIM;MADIUN;TRE;AOs325112410102122698d6a0;0;Anomaly;
202601;AREA 3;JATIM;SURABAYA;KJR;AOi4251110061955895f5fe00;0;Anomaly;
202601;AREA 3;JATIM;SURABAYA;KJR;PDAk425111908525730667b760;0;Comply;-15,68
202601;AREA 3;BALI NUSRA;DENPASAR;SGR;AOi42510310702376433a3520;0;Anomaly;
202601;AREA 3;JATENG-DIY;SEMARANG;KUD;AOi425112103364337656c000;0;Anomaly;
202601;AREA 3;JATENG-DIY;SEMARANG;KUD;PDAk42510310243387366feb50;0;Anomaly;
202601;AREA 3;BALI NUSRA;DENPASAR;SMA;AOi4251031102221113cfb140;0;Anomaly;
202601;AREA 3;BALI NUSRA;DENPASAR;SMA;AOi4251105015759463263270;0;Anomaly;
202601;AREA 3;JATENG-DIY;SEMARANG;MJP;PDAk42511071002463954a9710;0;Anomaly;
202601;AREA 3;JATENG-DIY;SEMARANG;MJP;AOi4251126110851341fa95b0;0;Anomaly;
202601;AREA 3;JATENG-DIY;SEMARANG;MJP;PDAk42511011031162642f6a30;0;Anomaly;
202601;AREA 3;JATENG-DIY;SEMARANG;MJP;AOi425111812434952473f2a0;0;Anomaly;
202601;AREA 3;JATENG-DIY;SURAKARTA;KAR;AOi42511210856117142aab10;0;Anomaly;
202601;AREA 3;JATENG-DIY;SURAKARTA;KRT;AOi42511270957488092f9840;0;Comply;2,44
202601;AREA 3;JATENG-DIY;SURAKARTA;KRT;AOi4251105114158968ccdf50;0;Anomaly;
202601;AREA 3;BALI NUSRA;MATARAM;GER;AOi4251104021930965d3fdf0;0;Comply;-21,86
202601;AREA 3;JATENG-DIY;MAGELANG;MGE;AOk4251128102223388896a10;0;Anomaly;
202601;AREA 3;JATENG-DIY;MAGELANG;MGE;AOi4251119064022801ee6a90;0;Anomaly;
202601;AREA 3;JATENG-DIY;MAGELANG;MGE;AOi4251101050048135631370;0;Anomaly;
202601;AREA 3;JATENG-DIY;MAGELANG;MGE;AOi4251107111544267305e20;0;Comply;2,48
202601;AREA 3;JATENG-DIY;SEMARANG;MJP;AOi4251105021527505301cd0;0;Anomaly;
202601;AREA 3;BALI NUSRA;DENPASAR;SMY;AOi425110907160769850a530;0;Anomaly;
202601;AREA 3;BALI NUSRA;DENPASAR;SMY;AOi4251121112952315b464f0;0;Anomaly;
202601;AREA 3;BALI NUSRA;DENPASAR;SMY;AOi42511281251145834b9d50;0;Anomaly;
202601;AREA 3;JATENG-DIY;PEKALONGAN;PKL;AOi425111605043836083a670;0;Anomaly;
202601;AREA 3;JATIM;SURABAYA;RKT;AOi4251128071003136fe46e0;0;Anomaly;
202601;AREA 3;JATIM;SURABAYA;RKT;AOi4251108030635386e34120;0;Comply;-21,53
202601;AREA 3;JATIM;SURABAYA;RKT;AOi4251127065940861eda220;0;Anomaly;
202601;AREA 3;JATENG-DIY;MAGELANG;MGE;AOi4251104115311335db92c0;0;Anomaly;
202601;AREA 3;JATIM;LAMONGAN;BBE;AOi4251110045910170c10d10;0;Comply;-0,58
202601;AREA 3;JATIM;LAMONGAN;BBE;AOi42511171249259432ee7b0;0;Anomaly;
202601;AREA 3;JATENG-DIY;PURWOKERTO;PWT;PDAk425112109285331890e4b0;0;Anomaly;
202601;AREA 3;JATENG-DIY;PURWOKERTO;PWT;AOk42511120945005470e9a60;0;Anomaly;
202601;AREA 3;JATENG-DIY;PURWOKERTO;PWT;AOi4251112083037181813610;0;Anomaly;
202601;AREA 3;JATENG-DIY;PURWOKERTO;PWT;AOi4251121064636562e47bc0;0;Anomaly;
202601;AREA 3;JATENG-DIY;PURWOKERTO;PWT;AOs3251110034151071594690;0;Anomaly;
202601;AREA 3;JATIM;MADIUN;CRB;AOi4251128125252833f37200;0;Anomaly;
202601;AREA 3;JATENG-DIY;MAGELANG;KBM;AOi4251110065513161b92050;0;Anomaly;
202601;AREA 3;JATENG-DIY;PURWOKERTO;MAO;AOi42511040657069064c6a40;0;Anomaly;
202601;AREA 3;JATENG-DIY;PEKALONGAN;PKL;AOk4251129030647463d60120;0;Comply;1,34
202601;AREA 3;JATIM;SURABAYA;RKT;AOi4251108030635386e34120;0;Comply;2,90
202601;AREA 3;JATIM;SURABAYA;RKT;AOi4251122081849377329210;0;Comply;-24,93
202601;AREA 3;JATIM;SURABAYA;RKT;AOi4251105073754142e9e010;0;Comply;-24,86
202601;AREA 3;JATIM;SURABAYA;RKT;AOi42511160116143542c69a0;0;Comply;-50,19
202601;AREA 3;JATIM;SURABAYA;RKT;AOi4251126114650553653f30;0;Anomaly;
202601;AREA 3;JATIM;SURABAYA;RKT;PDAk4251101075421220e46840;0;Comply;-20,14
202601;AREA 3;JATIM;MALANG;CAT;AOi4251126085006148af6d70;0;Anomaly;
202601;AREA 3;JATENG-DIY;SEMARANG;DMA;AOi4251102013715118954790;0;Anomaly;
202601;AREA 3;JATENG-DIY;PEKALONGAN;BLU;AOb0251112121217749e37350;0;Anomaly;
202601;AREA 3;JATIM;SURABAYA;LKI;AOk42511240403002392bee20;0;Anomaly;
202601;AREA 3;JATIM;JEMBER;BWG;PDAk425112604052057440fab0;0;Anomaly;
202601;AREA 3;JATIM;SURABAYA;GBG;AOi4251029063313523584d80;0;Anomaly;
202601;AREA 3;JATIM;MADIUN;WKU;AOi1251114095316700fa1f80;0;Anomaly;
202601;AREA 3;JATIM;MALANG;KPO;AOi4251106095835711601830;0;Anomaly;
202601;AREA 3;JATIM;MALANG;KPO;AOi4251105071459765fc1920;0;Anomaly;
202601;AREA 3;JATIM;MALANG;KPO;AOk4251126090207751db8c20;0;Comply;-5,03
202601;AREA 3;JATENG-DIY;PEKALONGAN;BLU;AOi42510300639529606d1b10;0;Comply;-4,47
202601;AREA 3;JATIM;MALANG;PKS;AOi4251129100531674c131b0;0;Anomaly;
202601;AREA 3;JATIM;MALANG;PKS;AOk42511181112343748e8aa0;0;Anomaly;
202601;AREA 3;JATIM;MALANG;PKS;AOk42511181112343748e8aa0;0;Anomaly;
202601;AREA 3;BALI NUSRA;FLORES;RTE;AOi425112512571997862a430;0;Anomaly;
202601;AREA 3;BALI NUSRA;FLORES;RTE;AOi4251101011337542686e00;0;Comply;-92,21
202601;AREA 3;JATIM;SURABAYA;MGO;AOi4251126090651440cbfb00;0;Anomaly;
202601;AREA 3;JATENG-DIY;MAGELANG;KTA;AOi4251122122443890b8f880;0;Anomaly;
202601;AREA 3;JATENG-DIY;MAGELANG;KTA;AOi42510311046262919e8bf0;0;Anomaly;
202601;AREA 3;JATIM;SIDOARJO;MRT;AOi4251120083940266c59430;0;Anomaly;
202601;AREA 3;JATIM;SIDOARJO;MRT;AOi425110811481851349e870;0;Anomaly;
202601;AREA 3;JATENG-DIY;SURAKARTA;BYL;PDAk4251117103653968889ce0;0;Anomaly;
202601;AREA 3;JATIM;SURABAYA;LKI;PDAk4251117051545556f4be10;0;Anomaly;
202601;AREA 3;JATIM;SURABAYA;LKI;PDAk4251129101849577c49200;0;Comply;-16,19
202601;AREA 3;JATIM;SURABAYA;LKI;AOi42511130522338040e8700;0;Anomaly;
202601;AREA 3;JATIM;SURABAYA;LKI;AOi42511060932318300a0170;0;Anomaly;
202601;AREA 3;JATIM;SURABAYA;LKI;AOi425112707413995101ed00;0;Anomaly;
202601;AREA 3;JATENG-DIY;PURWOKERTO;WOS;AOi4251113111935158743c90;0;Comply;-3,29
202601;AREA 3;JATENG-DIY;PURWOKERTO;WOS;AOi4251104080433877b3f490;0;Anomaly;
202601;AREA 3;JATENG-DIY;SURAKARTA;SOP;AOi42511241117313454a6700;0;Comply;-51,38
202601;AREA 3;JATIM;SURABAYA;IJK;AOi4251127121927240c34740;0;Anomaly;
202601;AREA 3;JATIM;SURABAYA;MYR;AOi4251102112813543c95890;0;Anomaly;
202601;AREA 3;JATIM;SURABAYA;MYR;AOi4251111091548221bc9790;0;Anomaly;
202601;AREA 3;JATIM;SURABAYA;MYR;AOs32511110701455149c5ff0;0;Not Comply;30,44
202601;AREA 3;JATIM;SURABAYA;MYR;AOi42511040128127815affb0;0;Anomaly;
202601;AREA 3;JATIM;SURABAYA;MYR;AOi42511240324533129599e0;0;Anomaly;
202601;AREA 3;BALI NUSRA;DENPASAR;SGR;AOi4251121015809982abfc40;0;Anomaly;
202601;AREA 3;BALI NUSRA;DENPASAR;SGR;AOi125102809092886456aaa0;0;Comply;-24,18
202601;AREA 3;JATENG-DIY;PEKALONGAN;BRB;AOi42511240244000267b7a10;0;Anomaly;
202601;AREA 3;JATENG-DIY;PEKALONGAN;TTL;AOi42510310221216152707c0;0;Anomaly;
202601;AREA 3;JATIM;SURABAYA;KBL;AOk425112609481705397ff70;0;Anomaly;
202601;AREA 3;JATIM;SURABAYA;KBL;AOi4251119124219472b51ce0;0;Comply;-3,60
202601;AREA 3;JATIM;SURABAYA;KBL;AOi4251113014714997d417f0;0;Anomaly;
202601;AREA 3;JATENG-DIY;PURWOKERTO;CLC;AOi425111110173673079b8b0;0;Anomaly;
202601;AREA 3;JATENG-DIY;SEMARANG;MJP;AOi4251128125820114b7d830;0;Anomaly;
202601;AREA 3;JATENG-DIY;SEMARANG;MJP;AOi425110906251369117c300;0;Anomaly;
202601;AREA 3;BALI NUSRA;DENPASAR;SGR;AOi4251121074742030d3e7f0;0;Anomaly;
202601;AREA 3;BALI NUSRA;DENPASAR;SGR;AOi4251125093244453540ad0;0;Anomaly;
202601;AREA 3;BALI NUSRA;DENPASAR;SGR;AOi4251125014440236228850;0;Anomaly;
202601;AREA 3;BALI NUSRA;DENPASAR;SGR;AOi4251106095613120684890;0;Anomaly;
202601;AREA 3;BALI NUSRA;DENPASAR;SGR;AOi4251124052038154133d20;0;Anomaly;
202601;AREA 3;BALI NUSRA;DENPASAR;SGR;AOi42510310702376433a3520;0;Comply;-119,67
202601;AREA 3;JATENG-DIY;SURAKARTA;KAR;PDAk4251121030203728e5d8e0;0;Anomaly;
202601;AREA 3;JATENG-DIY;MAGELANG;MGE;AOi425110709252978356d380;0;Anomaly;
202601;AREA 3;JATENG-DIY;MAGELANG;MGE;AOk4251128102223388896a10;0;Anomaly;
202601;AREA 3;JATENG-DIY;SEMARANG;MJP;AOi4251107103907060e2d6e0;0;Anomaly;
202601;AREA 3;JATENG-DIY;SEMARANG;MJP;AOi4251106053550675914930;0;Comply;2,38
202601;AREA 3;JATENG-DIY;SEMARANG;MJP;AOi425110506095102724c6d0;0;Comply;-21,12
202601;AREA 3;BALI NUSRA;FLORES;LBO;AOk42511200247477483c53f0;0;Anomaly;
202601;AREA 3;JATENG-DIY;SEMARANG;KDL;AOi4251111032013134ec9d80;0;Anomaly;
202601;AREA 3;JATENG-DIY;SEMARANG;KDL;AOi425110502432752386dfa0;0;Anomaly;
202601;AREA 3;JATENG-DIY;SEMARANG;KDL;AOi42511281047142474c02a0;0;Anomaly;
202601;AREA 3;JATENG-DIY;SEMARANG;KDL;AOi42511020859347907c8890;0;Anomaly;
202601;AREA 3;JATENG-DIY;MAGELANG;MGE;AOi4251127091105047a9cde0;0;Anomaly;
202601;AREA 3;JATENG-DIY;MAGELANG;MGE;AOi4251122082218358446500;0;Anomaly;
202601;AREA 3;JATENG-DIY;MAGELANG;MGE;AOi4251127091105047a9cde0;0;Comply;2,15
202601;AREA 3;JATENG-DIY;MAGELANG;MGE;AOi425110303060127791e580;0;Comply;-27,66
202601;AREA 3;JATENG-DIY;MAGELANG;MGE;AOi42511020243113328a1950;0;Anomaly;
202601;AREA 3;JATENG-DIY;MAGELANG;MGE;AOi4251111023643352ff3180;0;Anomaly;
202601;AREA 3;JATENG-DIY;MAGELANG;MGE;AOi4251112090818752463ee0;0;Anomaly;
202601;AREA 3;JATENG-DIY;MAGELANG;TEM;AOi4251126123514837f3cea0;0;Anomaly;
202601;AREA 3;JATENG-DIY;SEMARANG;KDL;AOi42511030445597601fc450;0;Anomaly;
202601;AREA 3;JATENG-DIY;SEMARANG;KDL;AOi42510310959113329c7610;0;Anomaly;
202601;AREA 3;JATENG-DIY;SEMARANG;KDL;AOk425111701365927003a540;0;Anomaly;
202601;AREA 3;JATIM;SURABAYA;DMO;AOi42511060206404067c5b90;0;Comply;-3,03
202601;AREA 3;JATIM;SURABAYA;DMO;AOi4251118103044312cd6a20;0;Comply;0,45
202601;AREA 3;JATIM;SURABAYA;DMO;AOi42511250942485803a11b0;0;Anomaly;
202601;AREA 3;JATIM;SIDOARJO;MIP;AOi4251103022759087661570;0;Anomaly;
202601;AREA 3;JATIM;JEMBER;PUG;AOi4251121020757462ed2050;0;Anomaly;
202601;AREA 3;JATENG-DIY;PURWOKERTO;BJR;AOi42511130136565087c35f0;0;Anomaly;
202601;AREA 3;BALI NUSRA;DENPASAR;BNO;AOi4251107071520734f05fc0;0;Anomaly;
202601;AREA 3;BALI NUSRA;DENPASAR;BNO;AOi425111101265792183fff0;0;Anomaly;
202601;AREA 3;BALI NUSRA;DENPASAR;BNO;AOi4251119053045225795480;0;Anomaly;
202601;AREA 3;BALI NUSRA;DENPASAR;BNO;AOi42511020616373615927a0;0;Anomaly;
202601;AREA 3;BALI NUSRA;DENPASAR;KUT;AOi4251129025817884dd3730;0;Anomaly;
202601;AREA 3;BALI NUSRA;DENPASAR;KUT;AOs3251105085645069fc9ce0;0;Anomaly;
202601;AREA 3;BALI NUSRA;DENPASAR;KUT;AOk4251106110346838cd6710;0;Anomaly;
202601;AREA 3;JATIM;SURABAYA;BKL;AOi4251030043809195bd49c0;0;Anomaly;
202601;AREA 3;JATENG-DIY;PURWOKERTO;BJR;AOi4251125090154328e87df0;0;Anomaly;
202601;AREA 3;JATIM;MADIUN;NJK;AOi42511031154005831509c0;0;Comply;-20,72
202601;AREA 3;JATENG-DIY;PURWOKERTO;KLP;AOi42511010730000013e2840;0;Anomaly;
202601;AREA 3;JATENG-DIY;PURWOKERTO;KLP;AOi12511190315510389669b0;0;Comply;-1,25
202601;AREA 3;JATENG-DIY;PURWOKERTO;KLP;AOi425111104010408097dce0;0;Anomaly;
202601;AREA 3;JATENG-DIY;PURWOKERTO;KLP;AOk4251115095731518d0b2b0;0;Anomaly;
202601;AREA 3;JATENG-DIY;YOGYAKARTA;KEN;AOs3251125062253621761760;0;Comply;-25,73
202601;AREA 3;JATENG-DIY;YOGYAKARTA;KEN;AOi4251105022039900252bb0;0;Anomaly;
202601;AREA 3;JATIM;SURABAYA;BKL;AOi42511071123322570a0420;0;Anomaly;
202601;AREA 3;JATIM;SURABAYA;BKL;AOi4251111024245744845550;0;Anomaly;
202601;AREA 3;JATIM;SURABAYA;JGR;PDAk4251113030610535db3ba0;0;Anomaly;
202601;AREA 3;JATIM;SURABAYA;JGR;AOi4251123074944445e25cc0;0;Anomaly;
202601;AREA 3;JATIM;SURABAYA;JGR;PDAk4251104102348928c34330;0;Anomaly;
202601;AREA 3;JATIM;SURABAYA;JGR;AOi425111811294660336bf10;0;Anomaly;
202601;AREA 3;JATIM;SURABAYA;JGR;AOk42511240206382241d0aa0;0;Anomaly;
202601;AREA 3;BALI NUSRA;KUPANG;KEF;AOi4251103093455432e1aac0;0;Anomaly;
202601;AREA 3;JATENG-DIY;YOGYAKARTA;KEN;AOs3251128030004771736bd0;0;Anomaly;
202601;AREA 3;JATENG-DIY;YOGYAKARTA;KEN;AOs3251128030004771736bd0;0;Anomaly;
202601;AREA 3;JATENG-DIY;YOGYAKARTA;KEN;AOi425111711385473509d690;0;Anomaly;
202601;AREA 3;JATIM;LAMONGAN;BBA;AOi42511190303555869735f0;0;Anomaly;
202601;AREA 3;JATENG-DIY;SEMARANG;GNK;PDAk42511190301548122f9210;0;Anomaly;
202601;AREA 3;JATENG-DIY;SEMARANG;GNK;AOi4251105111821461e8c3e0;0;Anomaly;
202601;AREA 3;JATIM;MALANG;GDG;AOs3251031113536758f38a10;0;Anomaly;
202601;AREA 3;JATIM;MALANG;GDG;AOi4251030104327380a9b550;0;Anomaly;
202601;AREA 3;JATIM;MALANG;GDG;AOi4251124105022818221f80;0;Comply;-17,54
202601;AREA 3;JATIM;MALANG;GDG;AOi4251031032403178183150;0;Anomaly;
202601;AREA 3;JATIM;MALANG;GDG;AOi4251119012624383a06030;0;Anomaly;
202601;AREA 3;JATIM;MALANG;GDG;AOi4251124122319523eee2d0;0;Comply;-19,76
202601;AREA 3;JATIM;MALANG;GDG;AOi42511221217538469d9140;0;Comply;-1,58
202601;AREA 3;JATIM;MALANG;GDG;AOi4251109125253231c09170;0;Anomaly;
202601;AREA 3;JATIM;MALANG;GDG;AOi4251128094949188d1d390;0;Anomaly;
202601;AREA 3;JATIM;SURABAYA;BKL;AOi4251108042042141ba0300;0;Anomaly;
202601;AREA 3;BALI NUSRA;DENPASAR;SMA;AOb0251121033425013026fd0;0;Anomaly;
202601;AREA 3;JATIM;SURABAYA;KLN;AOi4251101111616563b207e0;0;Anomaly;
202601;AREA 3;JATIM;SURABAYA;KLN;AOi4251129083324615d571d0;0;Anomaly;
202601;AREA 3;JATENG-DIY;PEKALONGAN;TTL;AOk4251113113047885ae02d0;0;Not Comply;21,49
202601;AREA 3;JATIM;SURABAYA;KBL;AOi4251111113043109cc8e40;0;Anomaly;
202601;AREA 3;JATIM;SIDOARJO;TPO;AOi42511171126451494d4ed0;0;Anomaly;
202601;AREA 3;JATIM;SIDOARJO;TPO;AOi425111907403937992c6b0;0;Anomaly;
202601;AREA 3;JATIM;SIDOARJO;TPO;AOi4251105072510377ca8500;0;Comply;-67,56
202601;AREA 3;JATENG-DIY;SURAKARTA;KLX;AOi4251125124053341fa5d10;0;Anomaly;
202601;AREA 3;JATIM;SURABAYA;JGR;AOi4251113094853535db4bb0;0;Comply;-2,47
202601;AREA 3;JATIM;SURABAYA;JGR;AOi4251107070440797f6e380;0;Comply;-18,99
202601;AREA 3;JATIM;SURABAYA;JGR;AOi4251113071240564ae8b80;0;Comply;-1,01
202601;AREA 3;JATIM;SURABAYA;JGR;AOi425112708575597868db70;0;Anomaly;
202601;AREA 3;JATIM;SURABAYA;JGR;AOi42511161132599089f2aa0;0;Comply;-20,81
202601;AREA 3;JATIM;SURABAYA;JGR;AOi4251116083839828845c40;0;Anomaly;
202601;AREA 3;JATIM;SURABAYA;JGR;AOi4251116092626683bc5130;0;Anomaly;
202601;AREA 3;BALI NUSRA;KUPANG;KEF;AOi4251103093455432e1aac0;0;Anomaly;
202601;AREA 3;JATENG-DIY;SURAKARTA;KLX;PDAk42511040228117183bad40;0;Comply;-68,71
202601;AREA 3;JATENG-DIY;PEKALONGAN;KJE;AOs3251025122752935c7cc00;0;Anomaly;
202601;AREA 3;JATENG-DIY;PEKALONGAN;KJE;AOi42511190403456346b8bf0;0;Anomaly;
202601;AREA 3;JATENG-DIY;PEKALONGAN;KJE;AOi4251122060837750c96860;0;Anomaly;
202601;AREA 3;JATENG-DIY;PEKALONGAN;KJE;AOi4251105112027626fe5320;0;Anomaly;
202601;AREA 3;BALI NUSRA;FLORES;LBO;AOi4251029073438056893130;0;Anomaly;
202601;AREA 3;BALI NUSRA;KUPANG;SEB;AOi42511010938119084dc950;0;Anomaly;
202601;AREA 3;BALI NUSRA;KUPANG;SEB;AOi425110305123242141d540;0;Anomaly;
202601;AREA 3;JATIM;SIDOARJO;WRU;AOi4251113040530912f9a420;0;Comply;-41,87
202601;AREA 3;JATIM;SIDOARJO;WRU;AOi4251109090844659085930;0;Comply;-21,93
202601;AREA 3;JATIM;MADIUN;MSP;AOi42511010400306489d7440;0;Comply;1,18
202601;AREA 3;JATIM;MADIUN;MSP;PDAk42511041013520685bb060;0;Comply;0,68
202601;AREA 3;JATENG-DIY;SURAKARTA;DLG;AOi42511041026167475546e0;0;Anomaly;
202601;AREA 3;JATENG-DIY;PURWOKERTO;AJB;AOi42511180747297301b7d60;0;Anomaly;
202601;AREA 3;JATENG-DIY;SEMARANG;TAY;AOs3251118052435131749470;0;Anomaly;
202601;AREA 3;JATENG-DIY;YOGYAKARTA;PKM;AOi42511240425118125bc990;0;Anomaly;
202601;AREA 3;JATIM;SIDOARJO;TUN;AOi42511200826559169d79e0;0;Anomaly;
202601;AREA 3;JATENG-DIY;PEKALONGAN;SBA;AOi4251118055219670be81b0;0;Anomaly;
202601;AREA 3;BALI NUSRA;MATARAM;EMP;AOi4251119115743136d14090;0;Anomaly;
202601;AREA 3;BALI NUSRA;KUPANG;TNA;PDAk4251110092356263f9f130;0;Anomaly;
202601;AREA 3;BALI NUSRA;MATARAM;SEL;AOs3251104120756733b46670;0;Anomaly;
202601;AREA 3;JATENG-DIY;PEKALONGAN;PML;AOi42511070739233562d4690;0;Anomaly;
202601;AREA 3;JATENG-DIY;PEKALONGAN;PML;AOk4251106095429212f03790;0;Anomaly;
202601;AREA 3;JATENG-DIY;PEKALONGAN;PML;AOi42511230710087261e17e0;0;Anomaly;
202601;AREA 3;JATENG-DIY;YOGYAKARTA;PKM;AOi4251119083619718cabd80;0;Anomaly;
202601;AREA 3;JATENG-DIY;MAGELANG;PRN;AOi4251115104336144db9370;0;Anomaly;
202601;AREA 3;BALI NUSRA;MATARAM;MTR;AOi425110710225657463da30;0;Anomaly;
202601;AREA 3;BALI NUSRA;MATARAM;MTR;AOi4251121021821595c7e500;0;Anomaly;
202601;AREA 3;BALI NUSRA;MATARAM;MTR;AOk4251116123351475f02850;0;Anomaly;
202601;AREA 3;BALI NUSRA;MATARAM;MTR;AOi4251124092915275ee3a50;0;Anomaly;
202601;AREA 3;BALI NUSRA;MATARAM;MTR;AOi425112408532894807bd10;0;Anomaly;
202601;AREA 3;BALI NUSRA;MATARAM;MTR;AOk425111311220375711abf0;0;Anomaly;
202601;AREA 3;BALI NUSRA;MATARAM;MTR;AOk425112303232338539b630;0;Anomaly;
202601;AREA 3;BALI NUSRA;MATARAM;MBG;AOi42511111053508397322a0;0;Comply;-20,43
202601;AREA 3;BALI NUSRA;MATARAM;SBW;AOi42511211137122213a05c0;0;Comply;-39,40
202601;AREA 3;BALI NUSRA;MATARAM;SBW;AOi4251113081052539de0ca0;0;Anomaly;
202601;AREA 3;BALI NUSRA;MATARAM;SBW;AOi425112201554353056c9f0;0;Comply;-19,85
202601;AREA 3;JATIM;MADIUN;PRB;AOi42511070351098917fad50;0;Comply;-17,10
202601;AREA 3;JATIM;LAMONGAN;TNZ;AOi42511021215559437939d0;0;Anomaly;
202601;AREA 3;JATIM;LAMONGAN;TNZ;PDAk4251030101838240915050;0;Anomaly;
202601;AREA 3;BALI NUSRA;DENPASAR;NSD;AOi42511280449421718f2220;0;Anomaly;
202601;AREA 3;BALI NUSRA;DENPASAR;NSD;AOi42511140217067810121a0;0;Anomaly;
202601;AREA 3;BALI NUSRA;KUPANG;KPN;AOi4251107015126784753c10;0;Anomaly;
202601;AREA 3;BALI NUSRA;KUPANG;KPN;AOi425111510265236801dd30;0;Anomaly;
202601;AREA 3;BALI NUSRA;KUPANG;KPN;AOi4251105101150784c5ea40;0;Anomaly;
202601;AREA 3;BALI NUSRA;KUPANG;KPN;AOi42511240335179530d3d80;0;Anomaly;
202601;AREA 3;BALI NUSRA;KUPANG;KPN;AOi4251110122022558d5b970;0;Anomaly;
202601;AREA 3;BALI NUSRA;KUPANG;KPN;AOi4251124012403635676df0;0;Comply;-68,93
202601;AREA 3;BALI NUSRA;KUPANG;KPN;AOi4251105114152054b99100;0;Anomaly;
202601;AREA 3;BALI NUSRA;DENPASAR;NSD;AOi42511140217067810121a0;0;Anomaly;
202601;AREA 3;JATENG-DIY;SEMARANG;BAN;AOi425112401431145499a800;0;Anomaly;
202601;AREA 3;JATENG-DIY;SEMARANG;BAN;AOi4251115013938560cddc40;0;Comply;-2,11
202601;AREA 3;JATIM;MALANG;SBP;AOi42511031222454248bcf40;0;Comply;-1,67
202601;AREA 3;JATENG-DIY;SURAKARTA;SRG;AOi4251031015347832159c40;0;Comply;-18,86
202601;AREA 3;JATENG-DIY;SURAKARTA;SRG;AOi4251108064459182964720;0;Anomaly;
202601;AREA 3;JATENG-DIY;SURAKARTA;SRG;AOi4251123020951203185b80;0;Anomaly;
202601;AREA 3;JATIM;JEMBER;BCK;AOi4251123094253456b89b90;0;Anomaly;
202601;AREA 3;BALI NUSRA;DENPASAR;GIN;AOi4251108093840900e5ea30;0;Anomaly;
202601;AREA 3;BALI NUSRA;KUPANG;KPN;AOi4251108084223556cb99a0;0;Anomaly;
202601;AREA 3;BALI NUSRA;KUPANG;KPN;AOi4251115100545451a1e380;0;Anomaly;
202601;AREA 3;BALI NUSRA;MATARAM;MTR;AOi42511120950288534cae90;0;Comply;-162,34
202601;AREA 3;BALI NUSRA;MATARAM;MTR;AOi42511250924216249fc280;0;Anomaly;
202601;AREA 3;BALI NUSRA;MATARAM;MTR;AOi4251108011654689b5ba80;0;Anomaly;
202601;AREA 3;BALI NUSRA;MATARAM;MTR;AOi4251120064343670730180;0;Anomaly;
202601;AREA 3;BALI NUSRA;MATARAM;MTR;AOi42511190807259666f8470;0;Anomaly;
202601;AREA 3;BALI NUSRA;MATARAM;MTR;AOi42511180710128460e06d0;0;Anomaly;
202601;AREA 3;BALI NUSRA;DENPASAR;GIN;AOi4251110095109880a87e90;0;Anomaly;
202601;AREA 3;JATIM;JEMBER;KKH;AOi4251119110542423d01440;0;Anomaly;
202601;AREA 3;JATIM;JEMBER;KKH;AOi4251119110542423d01440;0;Anomaly;
202601;AREA 3;JATIM;JEMBER;KKH;AOi4251125021329944aecb30;0;Anomaly;
202601;AREA 3;JATIM;MADIUN;KDI;AOi4251031045741323c87b10;0;Comply;-2,66
202601;AREA 3;JATIM;MADIUN;KDI;AOi4251104013858790ed4690;0;Anomaly;
202601;AREA 3;JATIM;MADIUN;KDI;AOi42511301237229981a7f00;0;Anomaly;
202601;AREA 3;JATIM;MADIUN;KDI;AOi42511270626133551e1610;0;Anomaly;
202601;AREA 3;JATIM;MADIUN;KDI;AOi4251118021548748b82990;0;Comply;-3,27
202601;AREA 3;JATENG-DIY;YOGYAKARTA;KBU;AOi42511161158221636615b0;0;Anomaly;
202601;AREA 3;JATENG-DIY;YOGYAKARTA;KBU;PDAk4251113041617659db5820;0;Anomaly;
202601;AREA 3;JATENG-DIY;YOGYAKARTA;KBU;AOi4251028074226570a64990;0;Anomaly;
202601;AREA 3;JATENG-DIY;YOGYAKARTA;KBU;PDAk425110309464831413ac30;0;Anomaly;
202601;AREA 3;BALI NUSRA;KUPANG;KPN;AOi42511011034594121add80;0;Anomaly;
202601;AREA 3;BALI NUSRA;KUPANG;KPN;AOi42511170819587601c6010;0;Anomaly;
202601;AREA 3;BALI NUSRA;KUPANG;KPN;AOi42511241045501403b8290;0;Anomaly;
202601;AREA 3;BALI NUSRA;DENPASAR;SWI;AOi42511040103084152ecdd0;0;Anomaly;
202601;AREA 3;BALI NUSRA;DENPASAR;SWI;AOi4251107112312420a130e0;0;Anomaly;
202601;AREA 3;BALI NUSRA;KUPANG;KPN;AOi4251125034532274b23ed0;0;Anomaly;
202601;AREA 3;BALI NUSRA;KUPANG;KPN;AOi4251111021523813c1d540;0;Anomaly;
202601;AREA 3;JATIM;MALANG;BLB;PDAk4251105114648975fc30a0;0;Comply;-4,03
202601;AREA 3;JATIM;MALANG;BLB;AOi42511010124518860a5680;0;Anomaly;
202601;AREA 3;JATIM;MALANG;BLB;AOi4251121073824968305b70;0;Comply;-21,70
202601;AREA 3;JATIM;SIDOARJO;GEM;AOi4251109101008282c2e1a0;0;Anomaly;
202601;AREA 3;JATIM;MALANG;KPO;AOs3251107091850927cfe680;0;Anomaly;
202601;AREA 3;JATIM;MALANG;KPO;AOi425111909562383394f510;0;Anomaly;
202601;AREA 3;JATIM;MALANG;KPO;PDAk425111711410993260eba0;0;Comply;-20,48
202601;AREA 3;JATIM;MALANG;KPO;AOk4251106015830234ed7280;0;Anomaly;
202601;AREA 3;JATIM;MALANG;KPO;PDAk4251031094036806cfabd0;0;Comply;-24,04
202601;AREA 3;JATENG-DIY;SEMARANG;DMA;AOi4251112035317190c78a30;0;Anomaly;
202601;AREA 3;JATENG-DIY;SEMARANG;DMA;AOk42511200941120811e4430;0;Comply;0,40
202601;AREA 3;JATENG-DIY;SEMARANG;DMA;AOk42511200941120811e4430;0;Comply;0,90
202601;AREA 3;JATENG-DIY;SEMARANG;DMA;AOs3251030114401981ddd1e0;0;Anomaly;
202601;AREA 3;JATENG-DIY;SEMARANG;DMA;AOi4251117071231812f6eec0;0;Anomaly;
202601;AREA 3;JATENG-DIY;YOGYAKARTA;BTL;AOs3251127031044817c9c6a0;0;Anomaly;
202601;AREA 3;JATIM;JEMBER;SPO;AOi42511170237078925a3fd0;0;Anomaly;
202601;AREA 3;BALI NUSRA;KUPANG;BAA;AOs325103010363778177feb0;0;Comply;-1,89
202601;AREA 3;BALI NUSRA;KUPANG;BAA;AOs325103010363778177feb0;0;Comply;-4,57
202601;AREA 3;JATIM;SURABAYA;GBG;AOi42511081053309549d1fc0;0;Comply;0,42
202601;AREA 3;JATIM;SURABAYA;GBG;AOi425110112462616401fb60;0;Anomaly;
202601;AREA 3;JATIM;SURABAYA;GBG;AOi4251108010854972d33ae0;0;Anomaly;
202601;AREA 3;JATIM;SURABAYA;GBG;AOi4251109024524322b562f0;0;Anomaly;
202601;AREA 3;JATIM;SURABAYA;GBG;AOi4251105104841792797620;0;Anomaly;
202601;AREA 3;JATENG-DIY;PURWOKERTO;WOS;AOi4251120104704215905bd0;0;Comply;-3,06
202601;AREA 3;JATENG-DIY;PURWOKERTO;WOS;AOi4251121025309050e322a0;0;Comply;-20,07
202601;AREA 3;JATIM;MALANG;BRG;AOi4251121045823831765750;0;Anomaly;
202601;AREA 3;JATIM;SURABAYA;MGO;AOi4251126090651440cbfb00;0;Anomaly;
202601;AREA 3;JATIM;SURABAYA;MGO;AOi42511130920221845b2790;0;Comply;1,07
202601;AREA 3;JATIM;SURABAYA;MGO;AOi42511130920221845b2790;0;Anomaly;
202601;AREA 3;JATENG-DIY;MAGELANG;KTA;AOi4251121113033886d4d7c0;0;Comply;0,34
202601;AREA 3;JATENG-DIY;MAGELANG;KTA;AOi42511061145443528885f0;0;Comply;-3,35
202601;AREA 3;JATIM;SURABAYA;KBL;AOs3251126070235211e87610;0;Anomaly;
202601;AREA 3;JATIM;SIDOARJO;TPO;AOi425112401020956107b900;0;Anomaly;
202601;AREA 3;JATIM;SIDOARJO;TPO;AOi4251116090959573a429f0;0;Anomaly;
202601;AREA 3;JATIM;SIDOARJO;TPO;AOi4251123091951816f77910;0;Anomaly;
202601;AREA 3;JATIM;SIDOARJO;TPO;AOi4251119112848759d48960;0;Anomaly;
202601;AREA 3;JATIM;SIDOARJO;TPO;AOk42511030900586630283d0;0;Anomaly;
202601;AREA 3;JATIM;SIDOARJO;TPO;AOi4251114120215320f19c30;0;Comply;-20,31
202601;AREA 3;JATENG-DIY;SEMARANG;RBN;AOi425111008294882128cda0;0;Anomaly;
202601;AREA 3;JATENG-DIY;SURAKARTA;KLX;AOi4251101122249879472450;0;Anomaly;
202601;AREA 3;JATIM;SIDOARJO;SDN;AOi42511230147298741b1780;0;Comply;-2,12
202601;AREA 3;JATIM;SIDOARJO;TUN;AOi42511110724101878e2a30;0;Anomaly;
202601;AREA 3;JATIM;SIDOARJO;TUN;AOi4251114035106813db1ef0;0;Anomaly;
202601;AREA 3;JATIM;SIDOARJO;TUN;AOi42511190648299083a3af0;0;Anomaly;
202601;AREA 3;JATIM;SIDOARJO;TUN;AOi4251103010455172447470;0;Comply;-1,77
202601;AREA 3;JATIM;SIDOARJO;TUN;PDAk42511280547282413c7960;0;Anomaly;
202601;AREA 3;JATIM;SIDOARJO;TUN;AOi42511120622243479f4880;0;Comply;-0,90
202601;AREA 3;JATIM;SIDOARJO;TUN;AOi4251128044654524d3c880;0;Anomaly;
202601;AREA 3;JATIM;SIDOARJO;TUN;AOi42511260114111595d6590;0;Anomaly;
202601;AREA 3;JATIM;SURABAYA;IJK;PDAk4251102122045177682730;0;Comply;2,12
202601;AREA 3;JATIM;SURABAYA;IJK;AOi42511070847499439858b0;0;Comply;-18,75
202601;AREA 3;JATIM;SURABAYA;IJK;AOi4251113045717859de8100;0;Comply;-4,29
202601;AREA 3;JATIM;SURABAYA;MYR;AOs325110412290100280c110;0;Anomaly;
202601;AREA 3;JATIM;SURABAYA;MYR;AOi4251111091548221bc9790;0;Anomaly;
202601;AREA 3;JATIM;SURABAYA;MYR;PDAk4251031035259349951540;0;Anomaly;
202601;AREA 3;JATIM;SURABAYA;MYR;AOi4251113021509619d8e950;0;Comply;-19,82
202601;AREA 3;JATIM;SURABAYA;MYR;AOi4251117060349862ef1a10;0;Anomaly;
202601;AREA 3;JATIM;SURABAYA;MYR;AOi4251125064930810214440;0;Anomaly;
202601;AREA 2;WESTERN JABOTABEK;TANGERANG;JIA;AOi4251103113814563dfe0b0;0;Anomaly;
202601;AREA 2;EASTERN JABOTABEK;BOGOR;JGL;AOi42511250335264417ceed0;0;Anomaly;
202601;AREA 2;EASTERN JABOTABEK;BOGOR;CAU;AOs3251101063633661fc0ab0;0;Anomaly;-1,98
202601;AREA 2;EASTERN JABOTABEK;BOGOR;CAU;AOi4251112013605707e49640;0;Anomaly;
202601;AREA 2;JABAR;TASIKMALAYA;TSM;AOs32511020909467843c10c0;0;Anomaly;
202601;AREA 2;WESTERN JABOTABEK;SERANG;LGK;AOi425103006061243945fc60;0;Anomaly;
202601;AREA 2;EASTERN JABOTABEK;BOGOR;CBI;AOi4251121095312528fa78b0;0;Anomaly;
202601;AREA 2;EASTERN JABOTABEK;BOGOR;CBI;AOi125110805453176536cfa0;0;Anomaly;
202601;AREA 2;EASTERN JABOTABEK;BOGOR;CBI;AOi425112412213341667ce20;0;Anomaly;
202601;AREA 2;EASTERN JABOTABEK;BOGOR;SKB;PDAk42511031140073801e49e0;0;Anomaly;
202601;AREA 2;EASTERN JABOTABEK;BOGOR;SKB;AOi425103101370775134f880;0;Anomaly;
202601;AREA 2;EASTERN JABOTABEK;BOGOR;CLS;AOs3251115015645131f623a0;0;Comply;-20,33
202601;AREA 2;EASTERN JABOTABEK;BOGOR;CLS;AOi4251115103117132d8bbe0;0;Anomaly;
202601;AREA 2;WESTERN JABOTABEK;TANGERANG;TAN;AOi4251105113939828734110;0;Comply;-23,47
202601;AREA 2;WESTERN JABOTABEK;TANGERANG;TAN;PDAk42510300333501641ac180;0;Anomaly;
202601;AREA 2;WESTERN JABOTABEK;TANGERANG;TAN;PDAk42511220850009364c1190;0;Comply;-45,20
202601;AREA 2;JABAR;CIREBON;CKC;AOk425111404253123597cd10;0;Anomaly;
202601;AREA 2;JABAR;TASIKMALAYA;BNJ;AOk425110410121905245c680;0;Anomaly;
202601;AREA 2;EASTERN JABOTABEK;BOGOR;SPL;AOi42511040100038240e21e0;0;Anomaly;
202601;AREA 2;JABAR;BANDUNG;LEM;AOi1251101091126593880360;0;Comply;-23,00
202601;AREA 2;EASTERN JABOTABEK;BOGOR;TJO;AOi425110410330733808cc50;0;Anomaly;
202601;AREA 2;EASTERN JABOTABEK;BOGOR;TJO;AOi4251121031528404572e40;0;Anomaly;
202601;AREA 2;EASTERN JABOTABEK;BOGOR;TJO;AOi425110410330733808cc50;0;Anomaly;
202601;AREA 2;JABAR;TASIKMALAYA;CKJ;AOi42511040117048270119c0;0;Anomaly;
202601;AREA 2;WESTERN JABOTABEK;TANGERANG;PDR;PDAk425110705485916450df50;0;Anomaly;
202601;AREA 2;CENTRAL JABOTABEK;SOUTHERN JAKARTA;KBY;AOs3251111080704492905710;0;Anomaly;
202601;AREA 2;EASTERN JABOTABEK;BOGOR;CJU;AOs325110508294000333fb20;0;Anomaly;
202601;AREA 2;EASTERN JABOTABEK;BEKASI;KRA;AOi425111202493992573b0d0;0;Anomaly;
202601;AREA 2;EASTERN JABOTABEK;BEKASI;KRA;AOi4251128021411969db3110;0;Anomaly;
202601;AREA 2;WESTERN JABOTABEK;SERANG;CUG;AOk4251115044306660750be0;0;Anomaly;
202601;AREA 2;WESTERN JABOTABEK;TANGERANG;PKU;AOi42511221128020365b0fe0;0;Anomaly;
202601;AREA 2;WESTERN JABOTABEK;TANGERANG;PKU;AOi4251124073730835dd3680;0;Anomaly;
202601;AREA 2;CENTRAL JABOTABEK;NORTHERN JAKARTA;PDM;AOi42511040931141761f5670;0;Anomaly;
202601;AREA 2;CENTRAL JABOTABEK;NORTHERN JAKARTA;PDM;AOs325112501071928264a9a0;0;Anomaly;
202601;AREA 2;JABAR;BANDUNG;RJW;AOi4251109075323202aa6400;0;Anomaly;
202601;AREA 2;JABAR;BANDUNG;RJW;AOi1251123011704311d49930;0;Anomaly;
202601;AREA 2;JABAR;BANDUNG;RJW;AOi4251127060444241dfc370;0;Anomaly;
202601;AREA 2;WESTERN JABOTABEK;TANGERANG;SRP;AOi4251126125646240fec7d0;0;Anomaly;
202601;AREA 2;WESTERN JABOTABEK;TANGERANG;SRP;PDAk4251107084842552a5a9a0;0;Anomaly;
202601;AREA 2;WESTERN JABOTABEK;TANGERANG;SRP;AOs325110909433494012ca10;0;Anomaly;
202601;AREA 2;WESTERN JABOTABEK;TANGERANG;SRP;AOk4251116024209146c8ee60;0;Anomaly;
202601;AREA 2;JABAR;CIREBON;SUB;PDAk42511211128297800fd290;0;Anomaly;
202601;AREA 2;JABAR;CIREBON;SUB;AOi425110803062608902bc00;0;Anomaly;
202601;AREA 2;CENTRAL JABOTABEK;NORTHERN JAKARTA;MKR;AOi4251128081524163b95d30;0;Anomaly;
202601;AREA 2;JABAR;SOREANG;RCK;AOs3251122085900981155a40;0;Anomaly;
202601;AREA 2;JABAR;SOREANG;RCK;AOi4251118085022010f4b840;0;Anomaly;
202601;AREA 2;JABAR;SOREANG;RCK;AOi4251118085022010f4b840;0;Anomaly;
202601;AREA 2;JABAR;SOREANG;RCK;AOi4251125092538448b4b710;0;Anomaly;
202601;AREA 2;WESTERN JABOTABEK;TANGERANG;CPD;AOi42511181224097543fac00;0;Anomaly;
202601;AREA 2;WESTERN JABOTABEK;TANGERANG;CPD;AOi4251104110315626c32c40;0;Comply;-22,71
202601;AREA 2;EASTERN JABOTABEK;BOGOR;PPG;AOi42511160652535400db100;0;Anomaly;
202601;AREA 2;EASTERN JABOTABEK;BOGOR;PPG;AOi4251122033935206326ff0;0;Anomaly;
202601;AREA 2;WESTERN JABOTABEK;TANGERANG;LKG;PDAk4251111100717458f0b3a0;0;Anomaly;
202601;AREA 2;WESTERN JABOTABEK;TANGERANG;LKG;AOi4251129094903887444cb0;0;Anomaly;
202601;AREA 2;WESTERN JABOTABEK;TANGERANG;LKG;AOi4251127010741887009a60;0;Anomaly;
202601;AREA 2;JABAR;CIREBON;LOS;AOi42511110241124347d9170;0;Anomaly;
202601;AREA 2;WESTERN JABOTABEK;SERANG;BJO;AOi425110106491383864daf0;0;Anomaly;
202601;AREA 2;JABAR;CIREBON;JBN;AOi42511190823426122fbbb0;0;Anomaly;
202601;AREA 2;JABAR;CIREBON;JBN;AOs32510310956071363294d0;0;Anomaly;
202601;AREA 2;JABAR;CIREBON;JBN;AOi4251127011004473cc49a0;0;Anomaly;
202601;AREA 2;CENTRAL JABOTABEK;SOUTHERN JAKARTA;TBE;AOi4251121063049686247170;0;Anomaly;
202601;AREA 2;CENTRAL JABOTABEK;SOUTHERN JAKARTA;TBE;AOi1251105101459577b341d0;0;Anomaly;
202601;AREA 2;CENTRAL JABOTABEK;SOUTHERN JAKARTA;TBE;PDAk4251031022306574c15e30;0;Anomaly;
202601;AREA 2;EASTERN JABOTABEK;BOGOR;PAR;AOi4251103124245395ce2150;0;Comply;-14,15
202601;AREA 2;EASTERN JABOTABEK;BOGOR;CSN;AOk4251117122839541b1b710;0;Comply;-23,07
202601;AREA 2;WESTERN JABOTABEK;SERANG;PDG;AOi4251126124810544967560;0;Anomaly;
202601;AREA 2;JABAR;SOREANG;CKI;AOi4251124053834881bbb170;0;Anomaly;
202601;AREA 2;EASTERN JABOTABEK;KARAWANG;PWK;AOs3251115043255860317470;0;Anomaly;
202601;AREA 2;CENTRAL JABOTABEK;SOUTHERN JAKARTA;GAN;PDAk425112203090514936cd60;0;Anomaly;
202601;AREA 2;CENTRAL JABOTABEK;SOUTHERN JAKARTA;GAN;PDAk42511040200496158b4b60;0;Anomaly;
202601;AREA 2;WESTERN JABOTABEK;SERANG;MER;AOi12511230314485647bc7a0;0;Anomaly;
202601;AREA 2;EASTERN JABOTABEK;BEKASI;SKJ;AOi42510310928311549e14c0;0;Anomaly;
202601;AREA 2;JABAR;BANDUNG;CJR;AOi1251107074234133fde8e0;0;Anomaly;
202601;AREA 2;JABAR;BANDUNG;CJR;AOi4251127040603300eb4ef0;0;Anomaly;
202601;AREA 2;JABAR;BANDUNG;CJR;AOi425112401201352141e6a0;0;Anomaly;
202601;AREA 2;JABAR;BANDUNG;CJR;AOk4251127125737601122250;0;Anomaly;
202601;AREA 2;JABAR;TASIKMALAYA;KDN;AOs32511190434059584c63a0;0;Anomaly;
202601;AREA 2;JABAR;CIREBON;SDU;AOi42511290601507567c2b80;0;Anomaly;
202601;AREA 2;JABAR;SOREANG;SMD;AOi125112707473079638db70;0;Anomaly;
202601;AREA 2;JABAR;BANDUNG;UBR;AOi42511230943286031a4ae0;0;Anomaly;
202601;AREA 2;JABAR;BANDUNG;UBR;AOs3251130123931741548d40;0;Anomaly;
202601;AREA 2;JABAR;BANDUNG;UBR;AOi425111406175964263f3e0;0;Anomaly;
202601;AREA 2;JABAR;BANDUNG;UBR;AOi425110911175076537df10;0;Anomaly;
202601;AREA 2;EASTERN JABOTABEK;BEKASI;BEK;AOi425111301234491846a740;0;Anomaly;
202601;AREA 2;EASTERN JABOTABEK;BEKASI;BEK;AOs32511020754370797a4c00;0;Anomaly;
202601;AREA 2;EASTERN JABOTABEK;BOGOR;JPK;AOi42511130448131543a90d0;0;Anomaly;
202601;AREA 2;EASTERN JABOTABEK;BOGOR;KHL;AOs3251113062840217000610;0;Anomaly;
202601;AREA 2;CENTRAL JABOTABEK;SOUTHERN JAKARTA;KRG;AOs3251123095959672c59d30;0;Comply;-34,74
202601;AREA 2;CENTRAL JABOTABEK;SOUTHERN JAKARTA;PSM;AOi42511270758180979611b0;0;Anomaly;
202601;AREA 2;JABAR;TASIKMALAYA;KNU;AOi4251110061639035f711e0;0;Anomaly;
202601;AREA 2;CENTRAL JABOTABEK;SOUTHERN JAKARTA;CPE;AOs32511120505382729e57b0;0;Anomaly;
202601;AREA 2;CENTRAL JABOTABEK;SOUTHERN JAKARTA;CPE;PDAk4251129032028419ea5ad0;0;Anomaly;
202601;AREA 2;CENTRAL JABOTABEK;SOUTHERN JAKARTA;CPE;AOs3251102045931199e968b0;0;Anomaly;
202601;AREA 2;JABAR;SOREANG;MJY;AOi425110604071826429daf0;0;Anomaly;
202601;AREA 2;JABAR;BANDUNG;LBG;AOi42511291246014757c1330;0;Anomaly;
202601;AREA 2;JABAR;BANDUNG;LBG;AOs3251127123625194401e80;0;Anomaly;
202601;AREA 2;CENTRAL JABOTABEK;SOUTHERN JAKARTA;PDK;AOs325112304375728034c130;0;Comply;-17,42
202601;AREA 2;CENTRAL JABOTABEK;SOUTHERN JAKARTA;PDK;PDAk42511250154499764f5430;0;Anomaly;
202601;AREA 2;CENTRAL JABOTABEK;SOUTHERN JAKARTA;PDK;AOi4251122120903502c476a0;0;Anomaly;
202601;AREA 2;CENTRAL JABOTABEK;SOUTHERN JAKARTA;PDK;PDAk42511270921047694bd930;0;Anomaly;
202601;AREA 2;CENTRAL JABOTABEK;SOUTHERN JAKARTA;PDK;AOi42511290808078710329d0;0;Anomaly;
202601;AREA 2;EASTERN JABOTABEK;BEKASI;KRA;AOk4251103080916088eaf340;0;Anomaly;
202601;AREA 2;EASTERN JABOTABEK;BEKASI;KRA;AOi425110107213040188cec0;0;Anomaly;
202601;AREA 2;EASTERN JABOTABEK;BEKASI;KRA;AOi42511030216445948734e0;0;Anomaly;
202601;AREA 2;EASTERN JABOTABEK;BEKASI;KRA;AOs3251109075151557a36220;0;Anomaly;
202601;AREA 2;CENTRAL JABOTABEK;SOUTHERN JAKARTA;JAG;PDAk4251108063921803a8b380;0;Anomaly;
202601;AREA 2;CENTRAL JABOTABEK;SOUTHERN JAKARTA;JAG;PDAk4251102072344019555c40;0;Anomaly;
202601;AREA 2;EASTERN JABOTABEK;KARAWANG;JBB;AOi425110204561911289e910;0;Anomaly;
202601;AREA 2;WESTERN JABOTABEK;TANGERANG;CPA;AOi12511071111045820d6ad0;0;Anomaly;
202601;AREA 2;WESTERN JABOTABEK;TANGERANG;CPA;AOi425111201540663597ad00;0;Anomaly;
202601;AREA 2;JABAR;BANDUNG;NJG;AOs3251104075300907fe6940;0;Anomaly;
202601;AREA 2;EASTERN JABOTABEK;BEKASI;DEP;AOs3251114095515134046a00;0;Anomaly;
202601;AREA 2;EASTERN JABOTABEK;BEKASI;PCM;AOi42511030134171947904c0;0;Anomaly;
202601;AREA 2;CENTRAL JABOTABEK;SOUTHERN JAKARTA;KMY;AOi4251127064328463763060;0;Anomaly;
202601;AREA 2;WESTERN JABOTABEK;TANGERANG;CKL;AOi42511240930183295395d0;0;Anomaly;
202601;AREA 2;EASTERN JABOTABEK;BEKASI;CNE;AOs3251115112214861d29dd0;0;Anomaly;
202601;AREA 2;EASTERN JABOTABEK;BEKASI;CNE;AOs3251120063347332695df0;0;Anomaly;
202601;AREA 2;JABAR;TASIKMALAYA;PAX;AOi12511280155576400c7180;0;Anomaly;
202601;AREA 2;JABAR;TASIKMALAYA;PAX;AOs3251029111224115f49fe0;0;Anomaly;
202601;AREA 2;EASTERN JABOTABEK;BEKASI;PDE;AOi1251117064758151880310;0;Anomaly;
202601;AREA 2;JABAR;BANDUNG;BTJ;AOi425112501412297971acf0;0;Anomaly;
202601;AREA 2;CENTRAL JABOTABEK;NORTHERN JAKARTA;SMI;AOs3251116105830504013940;0;Anomaly;
202601;AREA 2;EASTERN JABOTABEK;BEKASI;KRA;AOi42511021228501849b1100;0;Comply;-0,20
202601;AREA 2;EASTERN JABOTABEK;BEKASI;KRA;AOi4251118010131103ca0a40;0;Comply;-18,93
202601;AREA 2;EASTERN JABOTABEK;BEKASI;KRA;AOi425112510501230996ddf0;0;Comply;-18,70
202601;AREA 2;EASTERN JABOTABEK;BEKASI;KRA;AOi42511051210313500aba70;0;Comply;-21,40
202601;AREA 2;EASTERN JABOTABEK;BEKASI;KRA;AOi425112501083571608e480;0;Anomaly;
202601;AREA 2;WESTERN JABOTABEK;SERANG;CUG;AOs3251102022505085f45640;0;Anomaly;
202601;AREA 2;WESTERN JABOTABEK;SERANG;CUG;AOi4251107123110706dd78a0;0;Comply;-22,57
202601;AREA 2;CENTRAL JABOTABEK;NORTHERN JAKARTA;CKG;AOi4251122030237949d54ec0;0;Comply;-15,05
202601;AREA 2;CENTRAL JABOTABEK;NORTHERN JAKARTA;TPR;PDAk4251119041127928f3cdc0;0;Anomaly;
202601;AREA 2;CENTRAL JABOTABEK;NORTHERN JAKARTA;TPR;AOs32511140544089945afca0;0;Anomaly;
202601;AREA 2;EASTERN JABOTABEK;BOGOR;PLR;AOi42511120407029993ef5b0;0;Anomaly;
202601;AREA 2;JABAR;CIREBON;AWN;AOi4251031040346555f24ba0;0;Not Comply;6,84
202601;AREA 2;JABAR;BANDUNG;RJW;AOi425112404211583653fc30;0;Anomaly;
202601;AREA 2;WESTERN JABOTABEK;TANGERANG;CLD;PDAk42511101201405187c0e20;0;Anomaly;
202601;AREA 2;WESTERN JABOTABEK;TANGERANG;CLD;AOi4251102120914142e4e960;0;Anomaly;
202601;AREA 2;WESTERN JABOTABEK;TANGERANG;CLD;AOs3251031111206473e76dc0;0;Anomaly;
202601;AREA 2;WESTERN JABOTABEK;TANGERANG;CLD;AOs32511020507058677208c0;0;Anomaly;
202601;AREA 2;CENTRAL JABOTABEK;NORTHERN JAKARTA;CKG;AOi42511190943445138fd040;0;Anomaly;
202601;AREA 2;CENTRAL JABOTABEK;NORTHERN JAKARTA;CKG;AOi42511280142501308c7070;0;Anomaly;
202601;AREA 2;CENTRAL JABOTABEK;NORTHERN JAKARTA;CKG;AOi4251122111002322bb0ac0;0;Comply;-12,26
202601;AREA 2;WESTERN JABOTABEK;TANGERANG;PKU;AOs3251109044329557a5b380;0;Anomaly;
202601;AREA 2;WESTERN JABOTABEK;TANGERANG;PKU;PDAk42511010926154583af930;0;Comply;0,41
202601;AREA 2;WESTERN JABOTABEK;TANGERANG;PKU;AOi4251124073730835dd3680;0;Anomaly;
202601;AREA 2;WESTERN JABOTABEK;TANGERANG;PKU;AOi4251126092907546156510;0;Comply;-22,45
202601;AREA 2;WESTERN JABOTABEK;TANGERANG;PKU;AOi4251124073730835dd3680;0;Anomaly;
202601;AREA 2;JABAR;BANDUNG;CJG;AOi42511140856496795f17c0;0;Not Comply;7,79
202601;AREA 2;JABAR;BANDUNG;CJG;AOi4251128080250581c05f10;0;Anomaly;
202601;AREA 2;JABAR;BANDUNG;CJG;AOi4251128080250581c05f10;0;Anomaly;
202601;AREA 2;JABAR;BANDUNG;CJG;AOi4251128094035591d0fbd0;0;Anomaly;
202601;AREA 2;EASTERN JABOTABEK;KARAWANG;BGG;AOi42511270953091078ef130;0;Anomaly;
202601;AREA 2;WESTERN JABOTABEK;TANGERANG;SRP;AOk4251116024209146c8ee60;0;Anomaly;
202601;AREA 2;WESTERN JABOTABEK;TANGERANG;SRP;AOi4251101093510959216d70;0;Anomaly;
202601;AREA 2;WESTERN JABOTABEK;TANGERANG;SRP;AOk4251114011544376c57040;0;Anomaly;
202601;AREA 2;WESTERN JABOTABEK;TANGERANG;PKU;PDAk425112607593235281c0b0;0;Anomaly;
202601;AREA 2;EASTERN JABOTABEK;BOGOR;BOO;AOi4251112035736054964ae0;0;Anomaly;
202601;AREA 2;EASTERN JABOTABEK;BOGOR;BOO;AOs3251124112312250e44de0;0;Comply;-5,24
202601;AREA 2;EASTERN JABOTABEK;BOGOR;BOO;AOi1251031092724155806df0;0;Comply;-4,47
202601;AREA 2;EASTERN JABOTABEK;BOGOR;BOO;AOs3251102020237470542740;0;Comply;-3,81
202601;AREA 2;EASTERN JABOTABEK;BOGOR;BOO;AOi425111002414338969a280;0;Anomaly;
202601;AREA 2;CENTRAL JABOTABEK;SOUTHERN JAKARTA;BIN;AOi42511120622342662d3570;0;Anomaly;
202601;AREA 2;CENTRAL JABOTABEK;SOUTHERN JAKARTA;BIN;AOi4251110023404046018850;0;Comply;-5,73
202601;AREA 2;JABAR;BANDUNG;CJA;AOi42511240225550504d8f80;0;Anomaly;
202601;AREA 2;JABAR;BANDUNG;CJA;AOi4251124100158433c67c80;0;Anomaly;
202601;AREA 2;WESTERN JABOTABEK;TANGERANG;SRH;AOk42511070522025222e15a0;0;Anomaly;
202601;AREA 2;EASTERN JABOTABEK;BOGOR;CBD;AOi42511021041357603b4470;0;Anomaly;
202601;AREA 2;EASTERN JABOTABEK;BOGOR;CBD;AOi425111003075523009e9e0;0;Anomaly;
202601;AREA 2;EASTERN JABOTABEK;BOGOR;CBD;AOi4251120071845529c07a80;0;Anomaly;
202601;AREA 2;JABAR;TASIKMALAYA;MNJ;AOi42511241053156598028c0;0;Anomaly;
202601;AREA 2;EASTERN JABOTABEK;BOGOR;CWI;AOs3251128090111385399cb0;0;Comply;-17,03
202601;AREA 2;CENTRAL JABOTABEK;SOUTHERN JAKARTA;BIN;PDAk42511190124004089ffae0;0;Anomaly;
202601;AREA 2;CENTRAL JABOTABEK;SOUTHERN JAKARTA;BIN;AOi42511040338112574b9790;0;Anomaly;
202601;AREA 2;CENTRAL JABOTABEK;SOUTHERN JAKARTA;BIN;AOi42511060300548371d5fd0;0;Anomaly;
202601;AREA 2;CENTRAL JABOTABEK;NORTHERN JAKARTA;KTX;AOi4251120062842525d0c4a0;0;Anomaly;
202601;AREA 2;CENTRAL JABOTABEK;NORTHERN JAKARTA;KTX;AOi4251120062842525d0c4a0;0;Comply;-17,41
202601;AREA 2;CENTRAL JABOTABEK;NORTHERN JAKARTA;KTX;AOi125110312593259537a5c0;0;Anomaly;
202601;AREA 2;CENTRAL JABOTABEK;NORTHERN JAKARTA;KTX;AOi42511190607421893d6310;0;Comply;-17,51
202601;AREA 2;CENTRAL JABOTABEK;NORTHERN JAKARTA;KTX;AOi4251120062842525d0c4a0;0;Comply;-1,78
202601;AREA 2;JABAR;BANDUNG;TRG;AOi1251123044937798014420;0;Anomaly;
202601;AREA 2;JABAR;CIREBON;CBN;PDAk425110109061339838c510;0;Anomaly;
202601;AREA 2;JABAR;CIREBON;CBN;AOi425112712480171563f120;0;Anomaly;
202601;AREA 2;JABAR;CIREBON;PRD;AOi42510310648009691919d0;0;Anomaly;
202601;AREA 2;JABAR;TASIKMALAYA;PMP;AOi4251109033746078384c80;0;Anomaly;
202601;AREA 2;WESTERN JABOTABEK;SERANG;PSK;AOi4251120110915906db15c0;0;Anomaly;
202601;AREA 2;CENTRAL JABOTABEK;NORTHERN JAKARTA;KTX;AOi4251120062842525d0c4a0;0;Comply;-2,62
202601;AREA 2;CENTRAL JABOTABEK;NORTHERN JAKARTA;KTX;AOi4251103015515448be97e0;0;Anomaly;
202601;AREA 2;JABAR;CIREBON;SUB;AOi425110803062608902bc00;0;Anomaly;
202601;AREA 2;JABAR;CIREBON;SUB;AOi4251031072458489a5d780;0;Anomaly;
202601;AREA 2;JABAR;CIREBON;SUB;AOi42511221219218517674a0;0;Anomaly;
202601;AREA 2;JABAR;CIREBON;SUB;AOi4251102124459007b98050;0;Anomaly;
202601;AREA 2;JABAR;CIREBON;SUB;AOi42511260713111825b1550;0;Anomaly;
202601;AREA 2;JABAR;CIREBON;SUB;AOi425110803062608902bc00;0;Anomaly;
202601;AREA 2;JABAR;CIREBON;SUB;AOi42511180653304916246f0;0;Anomaly;
202601;AREA 2;JABAR;CIREBON;SUB;AOi4251031072458489a5d780;0;Comply;-20,30
202601;AREA 2;EASTERN JABOTABEK;BOGOR;SKB;AOs3251126010524881d3c920;0;Anomaly;
202601;AREA 2;EASTERN JABOTABEK;BOGOR;SKB;AOi4251113084915104c7bce0;0;Comply;1,55
202601;AREA 2;EASTERN JABOTABEK;BOGOR;SKB;AOi4251127041632477866d70;0;Anomaly;
202601;AREA 2;EASTERN JABOTABEK;BOGOR;SKB;AOi4251119122704748b97040;0;Anomaly;
202601;AREA 2;EASTERN JABOTABEK;BOGOR;SKB;AOi425111211183663320d7c0;0;Comply;-20,27
202601;AREA 2;EASTERN JABOTABEK;BOGOR;SKB;AOs3251127100352632a161c0;0;Anomaly;
202601;AREA 2;WESTERN JABOTABEK;SERANG;LGK;AOi42511050238391761353f0;0;Anomaly;
202601;AREA 2;WESTERN JABOTABEK;SERANG;LGK;AOi42511070737066985eb9e0;0;Anomaly;
202601;AREA 2;WESTERN JABOTABEK;SERANG;LGK;AOs3251105090202632ae25b0;0;Anomaly;
202601;AREA 2;WESTERN JABOTABEK;SERANG;LGK;AOs32511010854342856c1640;0;Anomaly;
202601;AREA 2;CENTRAL JABOTABEK;NORTHERN JAKARTA;PDM;AOi42511040931141761f5670;0;Comply;-22,82
202601;AREA 2;CENTRAL JABOTABEK;NORTHERN JAKARTA;PDM;AOs3251105074757569b1d4b0;0;Comply;-10,36
202601;AREA 2;CENTRAL JABOTABEK;NORTHERN JAKARTA;PDM;AOs325112501071928264a9a0;0;Anomaly;
202601;AREA 2;CENTRAL JABOTABEK;NORTHERN JAKARTA;PDM;AOs3251125091526144a5ecb0;0;Anomaly;
202601;AREA 2;CENTRAL JABOTABEK;NORTHERN JAKARTA;PDM;AOs3251126074429862c2f690;0;Anomaly;
202601;AREA 2;CENTRAL JABOTABEK;NORTHERN JAKARTA;PDM;AOi4251106015619708c90e70;0;Anomaly;
202601;AREA 2;CENTRAL JABOTABEK;NORTHERN JAKARTA;PDM;AOs3251105032017666bdbee0;0;Comply;-25,50
202601;AREA 2;CENTRAL JABOTABEK;NORTHERN JAKARTA;PDM;AOs32511270537488502cb8a0;0;Comply;-40,05
202601;AREA 2;CENTRAL JABOTABEK;NORTHERN JAKARTA;PDM;AOs3251126024553080f888e0;0;Comply;-25,46
202601;AREA 2;JABAR;SOREANG;MJL;AOi425111910594778463bcb0;0;Anomaly;
202601;AREA 2;EASTERN JABOTABEK;KARAWANG;JBB;AOi4251129122858553870980;0;Anomaly;
202601;AREA 2;EASTERN JABOTABEK;KARAWANG;JBB;AOi4251122021607374745ee0;0;Comply;-21,23
202601;AREA 2;EASTERN JABOTABEK;KARAWANG;JBB;AOi4251111025608285ff5af0;0;Anomaly;
202601;AREA 2;EASTERN JABOTABEK;KARAWANG;JBB;AOi4251106085102697984100;0;Comply;-0,27
202601;AREA 2;EASTERN JABOTABEK;KARAWANG;JBB;AOi1251129071050285c355e0;0;Anomaly;
202601;AREA 2;EASTERN JABOTABEK;KARAWANG;JBB;AOi4251121025608576db5a30;0;Anomaly;
202601;AREA 2;EASTERN JABOTABEK;KARAWANG;JBB;AOk4251128084936203002fa0;0;Anomaly;
202601;AREA 2;EASTERN JABOTABEK;KARAWANG;JBB;AOi42511290344298910335c0;0;Anomaly;
202601;AREA 2;EASTERN JABOTABEK;KARAWANG;JBB;AOi4251129042627978a744b0;0;Comply;-2,85
202601;AREA 2;JABAR;BANDUNG;RJW;PDAk42511200328096542a4bb0;0;Comply;2,57
202601;AREA 2;JABAR;BANDUNG;RJW;AOi4251130100808307c19790;0;Anomaly;
202601;AREA 2;JABAR;BANDUNG;RJW;AOi42511300546402264de460;0;Comply;-2,17
202601;AREA 2;JABAR;BANDUNG;RJW;AOb0251130125354554a8fae0;0;Comply;-0,79
202601;AREA 2;JABAR;BANDUNG;RJW;AOk4251117030721189c1db60;0;Anomaly;
202601;AREA 2;JABAR;BANDUNG;RJW;AOi4251118102056311aed720;0;Anomaly;
202601;AREA 2;JABAR;BANDUNG;RJW;AOi425111101541967796f8b0;0;Comply;-17,14
202601;AREA 2;JABAR;BANDUNG;RJW;AOi42511260922226700d40d0;0;Anomaly;
202601;AREA 2;JABAR;SOREANG;JTW;AOi42511031229436214a33f0;0;Anomaly;
202601;AREA 2;JABAR;TASIKMALAYA;CKJ;AOi4251125085949135a48a80;0;Anomaly;
202601;AREA 2;JABAR;TASIKMALAYA;CKJ;AOi4251103113532140a48000;0;Anomaly;
202601;AREA 2;JABAR;CIREBON;SUB;AOi42511270530240712221d0;0;Comply;-22,57
202601;AREA 2;JABAR;CIREBON;SUB;AOi42511170144545882f2060;0;Comply;-141,27
202601;AREA 2;JABAR;CIREBON;SUB;AOi42511180653304916246f0;0;Anomaly;
202601;AREA 2;JABAR;TASIKMALAYA;CBT;AOi4251126100335857697fe0;0;Anomaly;
202601;AREA 2;CENTRAL JABOTABEK;NORTHERN JAKARTA;MKR;AOs3251101102807907209fc0;0;Anomaly;
202601;AREA 2;CENTRAL JABOTABEK;NORTHERN JAKARTA;MKR;AOi1251127050150258953100;0;Anomaly;
202601;AREA 2;CENTRAL JABOTABEK;NORTHERN JAKARTA;MKR;AOi4251124014334448f16af0;0;Anomaly;
202601;AREA 2;CENTRAL JABOTABEK;NORTHERN JAKARTA;MKR;AOi425110308445940669fb50;0;Anomaly;
202601;AREA 2;JABAR;CIREBON;PAB;AOi4251115122140828b039d0;0;Anomaly;
202601;AREA 2;EASTERN JABOTABEK;BOGOR;SKB;AOi4251105091059381c0a640;0;Anomaly;
202601;AREA 2;EASTERN JABOTABEK;BOGOR;SKB;AOk4251124113514414994c10;0;Comply;1,63
202601;AREA 2;EASTERN JABOTABEK;BOGOR;SKB;AOi42511291221452656def20;0;Anomaly;
202601;AREA 2;EASTERN JABOTABEK;BOGOR;SKB;AOi425110601585022256b100;0;Anomaly;
202601;AREA 2;WESTERN JABOTABEK;SERANG;LBU;AOi42511051041429829004c0;0;Comply;-15,87
202601;AREA 2;WESTERN JABOTABEK;SERANG;LBU;AOi4251111092255744f33aa0;0;Anomaly;
202601;AREA 2;CENTRAL JABOTABEK;SOUTHERN JAKARTA;CPP;AOi4251123013316652146a90;0;Comply;-17,18
202601;AREA 2;CENTRAL JABOTABEK;SOUTHERN JAKARTA;CPP;AOs32510311238097762004f0;0;Anomaly;
202601;AREA 2;CENTRAL JABOTABEK;SOUTHERN JAKARTA;CPP;AOi42511170718384272d8770;0;Anomaly;
202601;AREA 2;WESTERN JABOTABEK;SERANG;LGK;AOi42511070737066985eb9e0;0;Anomaly;
202601;AREA 2;WESTERN JABOTABEK;SERANG;LGK;AOi4251108115411472ceefe0;0;Anomaly;
202601;AREA 2;WESTERN JABOTABEK;SERANG;LGK;AOi4251125093204206bdaf70;0;Comply;-2,31
202601;AREA 2;WESTERN JABOTABEK;SERANG;LGK;AOi425112001111087950d0a0;0;Comply;-18,91
202601;AREA 2;WESTERN JABOTABEK;SERANG;LGK;AOs3251101101528015d429a0;0;Anomaly;
202601;AREA 2;WESTERN JABOTABEK;SERANG;LGK;AOi4251120080333395cd8f50;0;Anomaly;
202601;AREA 2;EASTERN JABOTABEK;BOGOR;CBI;AOk425111212103294348ef20;0;Anomaly;
202601;AREA 2;EASTERN JABOTABEK;BOGOR;CBI;AOs3251115113438954965730;0;Anomaly;
202601;AREA 2;EASTERN JABOTABEK;BOGOR;CBI;AOi42511151034224395e1b30;0;Anomaly;
202601;AREA 2;CENTRAL JABOTABEK;NORTHERN JAKARTA;PDM;AOs3251126024553080f888e0;0;Comply;-21,87
202601;AREA 2;CENTRAL JABOTABEK;NORTHERN JAKARTA;PDM;AOi4251106092846223ce61a0;0;Anomaly;
202601;AREA 2;CENTRAL JABOTABEK;NORTHERN JAKARTA;PDM;AOi42511120917025689d4d50;0;Anomaly;
202601;AREA 2;CENTRAL JABOTABEK;NORTHERN JAKARTA;PDM;AOs3251126024553080f888e0;0;Comply;-12,91
202601;AREA 2;CENTRAL JABOTABEK;NORTHERN JAKARTA;PDM;AOs325112501071928264a9a0;0;Anomaly;
202601;AREA 2;CENTRAL JABOTABEK;NORTHERN JAKARTA;PDM;AOi4251125120224742bfd210;0;Anomaly;
202601;AREA 2;CENTRAL JABOTABEK;NORTHERN JAKARTA;PDM;AOi4251109085837286dc1f60;0;Anomaly;
202601;AREA 2;CENTRAL JABOTABEK;NORTHERN JAKARTA;PDM;AOi4251106015619708c90e70;0;Anomaly;
202601;AREA 2;CENTRAL JABOTABEK;NORTHERN JAKARTA;KDY;AOi4251105085412946bf9ca0;0;Anomaly;
202601;AREA 2;JABAR;SOREANG;SMD;PDAk4251112020032031576bd0;0;Anomaly;
202601;AREA 2;JABAR;SOREANG;SMD;AOi125112707473079638db70;0;Comply;1,49
202601;AREA 2;JABAR;SOREANG;SMD;AOi42511171250544415ae8c0;0;Anomaly;
202601;AREA 2;JABAR;SOREANG;SMD;AOi42511240603564489eb200;0;Anomaly;
202601;AREA 2;CENTRAL JABOTABEK;SOUTHERN JAKARTA;CWA;AOs325110110340661223c2b0;0;Anomaly;
202601;AREA 2;JABAR;BANDUNG;CSA;AOs32510310637179747d4950;0;Anomaly;
202601;AREA 2;JABAR;SOREANG;TAS;AOi4251102101241363cf1970;0;Comply;-3,72
202601;AREA 2;EASTERN JABOTABEK;KARAWANG;PLD;AOi1251125123456676731ec0;0;Anomaly;
202601;AREA 2;JABAR;CIREBON;KIA;AOi425102707210143378e820;0;Anomaly;
202601;AREA 2;JABAR;CIREBON;KIA;AOi4251110032358427303fe0;0;Comply;-19,69
202601;AREA 2;JABAR;CIREBON;KIA;AOi42511271116151221f72b0;0;Anomaly;
202601;AREA 2;JABAR;CIREBON;KIA;AOi1251120015922305b55360;0;Anomaly;
202601;AREA 2;JABAR;BANDUNG;LBG;AOi4251031015147327a9bce0;0;Comply;-3,00
202601;AREA 2;JABAR;BANDUNG;LBG;AOi4251115074501669c7a2d0;0;Comply;-17,26
202601;AREA 2;JABAR;BANDUNG;LBG;AOi425110411291199034b7d0;0;Anomaly;
202601;AREA 2;EASTERN JABOTABEK;KARAWANG;JBB;AOi4251103071651740d579c0;0;Anomaly;
202601;AREA 2;EASTERN JABOTABEK;KARAWANG;JBB;AOi4251121054725455ae5920;0;Comply;-5,64
202601;AREA 2;EASTERN JABOTABEK;KARAWANG;JBB;AOi4251030031347826fb4030;0;Anomaly;
202601;AREA 2;EASTERN JABOTABEK;KARAWANG;JBB;AOi42511281120541895aaba0;0;Anomaly;
202601;AREA 2;EASTERN JABOTABEK;KARAWANG;JBB;AOi425111805043431119dbf0;0;Anomaly;
202601;AREA 2;EASTERN JABOTABEK;KARAWANG;JBB;AOi4251122055636548995be0;0;Anomaly;
202601;AREA 2;EASTERN JABOTABEK;KARAWANG;JBB;AOi42511031051079183eeee0;0;Comply;-4,03
202601;AREA 2;JABAR;TASIKMALAYA;KAW;AOi4251110074307513d53370;0;Anomaly;
202601;AREA 2;JABAR;TASIKMALAYA;KAW;AOi4251117120056125b3f840;0;Anomaly;
202601;AREA 2;JABAR;SOREANG;KAD;AOi4251128101645072886830;0;Anomaly;
202601;AREA 2;JABAR;SOREANG;KAD;AOi4251117102728690cf8720;0;Comply;1,39
202601;AREA 2;JABAR;SOREANG;KAD;AOi42511220103120556fb5b0;0;Anomaly;
202601;AREA 2;JABAR;SOREANG;KAD;AOi4251108115200587dde1b0;0;Comply;-2,65
202601;AREA 2;JABAR;SOREANG;KAD;AOi42511220103120556fb5b0;0;Anomaly;
202601;AREA 2;JABAR;SOREANG;KAD;AOs3251117040203858b6db40;0;Anomaly;
202601;AREA 2;JABAR;BANDUNG;RJW;PDAk4251117094456908b6d2a0;0;Anomaly;
202601;AREA 2;JABAR;BANDUNG;RJW;AOi4251128101600796219880;0;Anomaly;
202601;AREA 2;JABAR;BANDUNG;RJW;AOi42510300738365339c0440;0;Anomaly;
202601;AREA 2;JABAR;BANDUNG;RJW;AOi42511260922226700d40d0;0;Anomaly;
202601;AREA 2;JABAR;BANDUNG;RJW;AOi4251130113800270c05860;0;Anomaly;
202601;AREA 2;CENTRAL JABOTABEK;SOUTHERN JAKARTA;GBC;PDAk4251104060740622a75ba0;0;Anomaly;
202601;AREA 2;CENTRAL JABOTABEK;SOUTHERN JAKARTA;GBC;AOs3251112085400474393920;0;Comply;-13,97
202601;AREA 2;CENTRAL JABOTABEK;SOUTHERN JAKARTA;GBC;AOi42511230657352094aa510;0;Anomaly;
202601;AREA 2;CENTRAL JABOTABEK;SOUTHERN JAKARTA;GBC;AOs3251114122314568bbd1d0;0;Anomaly;
202601;AREA 2;WESTERN JABOTABEK;TANGERANG;SRP;AOi4251115110645876debf30;0;Anomaly;
202601;AREA 2;WESTERN JABOTABEK;TANGERANG;SRP;AOi4251124020051705890c70;0;Anomaly;
202601;AREA 2;WESTERN JABOTABEK;TANGERANG;SRP;AOs32511030449509020fbf60;0;Anomaly;
202601;AREA 2;WESTERN JABOTABEK;SERANG;RKS;AOi425110309150982436cc50;0;Anomaly;
202601;AREA 2;WESTERN JABOTABEK;SERANG;RKS;AOi42511271023002172a9e90;0;Comply;-1,28
202601;AREA 2;WESTERN JABOTABEK;SERANG;RKS;AOi425111305133492020c9b0;0;Anomaly;
202601;AREA 2;WESTERN JABOTABEK;TANGERANG;PDR;AOi42511260342298991f3ce0;0;Anomaly;
202601;AREA 2;WESTERN JABOTABEK;TANGERANG;PDR;AOi4251113015643334252f40;0;Anomaly;
202601;AREA 2;WESTERN JABOTABEK;TANGERANG;PDR;AOi42511211028469726b29e0;0;Anomaly;
202601;AREA 2;EASTERN JABOTABEK;KARAWANG;CBG;AOs3251112021445721e3e7d0;0;Anomaly;
202601;AREA 2;CENTRAL JABOTABEK;SOUTHERN JAKARTA;KBY;AOs3251128021333073035460;0;Anomaly;
202601;AREA 2;CENTRAL JABOTABEK;SOUTHERN JAKARTA;KBY;AOi4251101123853497dda390;0;Comply;-15,14
202601;AREA 2;CENTRAL JABOTABEK;NORTHERN JAKARTA;MKR;AOi4251110022159612eae6e0;0;Anomaly;
202601;AREA 2;CENTRAL JABOTABEK;NORTHERN JAKARTA;MKR;AOs3251112100744967463e10;0;Anomaly;
202601;AREA 2;CENTRAL JABOTABEK;NORTHERN JAKARTA;MKR;AOi4251124014334448f16af0;0;Anomaly;
202601;AREA 2;CENTRAL JABOTABEK;NORTHERN JAKARTA;MKR;AOi4251110070209141b0cc70;0;Comply;-5,61
202601;AREA 2;CENTRAL JABOTABEK;NORTHERN JAKARTA;MKR;AOi4251101113112707bb9690;0;Comply;-18,97
202601;AREA 2;CENTRAL JABOTABEK;NORTHERN JAKARTA;MKR;AOs3251101102807907209fc0;0;Anomaly;
202601;AREA 2;CENTRAL JABOTABEK;NORTHERN JAKARTA;MKR;AOi4251120110921755b02aa0;0;Anomaly;
202601;AREA 2;CENTRAL JABOTABEK;NORTHERN JAKARTA;MKR;AOi4251111054204228064240;0;Anomaly;
202601;AREA 2;JABAR;CIREBON;PAB;AOi4251123121655304b15910;0;Comply;-16,80
202601;AREA 2;JABAR;CIREBON;PAB;AOi4251115122140828b039d0;0;Anomaly;
202601;AREA 2;JABAR;CIREBON;PAB;AOi425110210432969939bb20;0;Anomaly;
202601;AREA 2;JABAR;CIREBON;PAB;AOi4251123121655304b15910;0;Anomaly;
202601;AREA 2;JABAR;TASIKMALAYA;TSM;PDAk425103101463975977c730;0;Anomaly;
202601;AREA 2;JABAR;TASIKMALAYA;TSM;AOi42511210753277852bbae0;0;Anomaly;
202601;AREA 2;JABAR;TASIKMALAYA;TSM;AOi4251120114412240da7e90;0;Anomaly;
202601;AREA 2;JABAR;TASIKMALAYA;TSM;PDAk4251127120414239f9bec0;0;Anomaly;
202601;AREA 2;CENTRAL JABOTABEK;SOUTHERN JAKARTA;JTN;AOi42511280544090492ff0d0;0;Anomaly;
202601;AREA 2;CENTRAL JABOTABEK;SOUTHERN JAKARTA;CPP;AOs3251119104123951e53ea0;0;Anomaly;
202601;AREA 2;CENTRAL JABOTABEK;SOUTHERN JAKARTA;CPP;AOi4251103094150015d88930;0;Anomaly;
202601;AREA 2;CENTRAL JABOTABEK;SOUTHERN JAKARTA;CPP;AOk4251101041847285b6b390;0;Anomaly;
202601;AREA 2;CENTRAL JABOTABEK;SOUTHERN JAKARTA;CPP;AOi42511041044378812c7650;0;Anomaly;
202601;AREA 2;CENTRAL JABOTABEK;SOUTHERN JAKARTA;CPP;AOs32510310432577700e7cb0;0;Anomaly;
202601;AREA 2;CENTRAL JABOTABEK;SOUTHERN JAKARTA;CPP;AOi425111909120219648ec70;0;Anomaly;
202601;AREA 2;EASTERN JABOTABEK;BOGOR;CLS;AOk4251123014944071c7f530;0;Anomaly;
202601;AREA 2;EASTERN JABOTABEK;BOGOR;CLS;AOs3251126042243099ec4f20;0;Anomaly;
202601;AREA 2;JABAR;CIREBON;CKC;AOi42511050855435447724a0;0;Comply;-0,13
202601;AREA 2;JABAR;CIREBON;CKC;AOi4251122114503268613d60;0;Comply;-2,02
202601;AREA 2;WESTERN JABOTABEK;SERANG;CLG;AOi42511030406313865dfaf0;0;Anomaly;
202601;AREA 2;WESTERN JABOTABEK;SERANG;CLG;AOi42511030406313865dfaf0;0;Comply;-18,68
202601;AREA 2;WESTERN JABOTABEK;SERANG;CLG;AOi4251129104921190c50b80;0;Anomaly;
202601;AREA 2;JABAR;CIREBON;JBN;AOi42511290208178607060d0;0;Anomaly;
202601;AREA 2;JABAR;CIREBON;JBN;AOk425111502254040739bbd0;0;Comply;0,06
202601;AREA 2;JABAR;CIREBON;JBN;AOs32510310956071363294d0;0;Anomaly;
202601;AREA 2;JABAR;CIREBON;JBN;AOk425111502254040739bbd0;0;Anomaly;
202601;AREA 2;JABAR;CIREBON;JBN;AOs32510310956071363294d0;0;Comply;-17,19
202601;AREA 2;EASTERN JABOTABEK;KARAWANG;CIB;AOk4251123031221411d265f0;0;Anomaly;
202601;AREA 2;EASTERN JABOTABEK;BOGOR;CBI;AOs3251028014114007d8f3c0;0;Anomaly;
202601;AREA 2;EASTERN JABOTABEK;BOGOR;CBI;AOk425111201423298088f9e0;0;Anomaly;
202601;AREA 2;EASTERN JABOTABEK;BOGOR;CBI;AOk42511110126123573a8420;0;Anomaly;
202601;AREA 2;EASTERN JABOTABEK;BOGOR;CBI;AOi4251121095312528fa78b0;0;Comply;-2,66
202601;AREA 2;EASTERN JABOTABEK;BOGOR;CBI;AOb0251111125717160668580;0;Comply;1,05
202601;AREA 2;EASTERN JABOTABEK;BOGOR;CBI;AOs3251118034358456eb0180;0;Anomaly;
202601;AREA 2;JABAR;CIREBON;KNG;AOi42511250402215839d23e0;0;Anomaly;
202601;AREA 2;JABAR;CIREBON;KNG;AOi4251118023213422d376d0;0;Comply;2,24
202601;AREA 2;JABAR;CIREBON;KNG;AOi4251110122532819a833d0;0;Anomaly;
202601;AREA 2;JABAR;CIREBON;KNG;AOk4251126120045088b832a0;0;Anomaly;
202601;AREA 2;CENTRAL JABOTABEK;NORTHERN JAKARTA;MRY;AOi4251111125211778e84e50;0;Anomaly;
202601;AREA 2;CENTRAL JABOTABEK;NORTHERN JAKARTA;MRY;PDAk425102101432290229c940;0;Comply;-0,75
202601;AREA 2;CENTRAL JABOTABEK;NORTHERN JAKARTA;MRY;AOs32511061153183315db460;0;Anomaly;
202601;AREA 2;CENTRAL JABOTABEK;NORTHERN JAKARTA;MRY;AOi4251113113906080b4a320;0;Comply;-15,32
202601;AREA 2;CENTRAL JABOTABEK;NORTHERN JAKARTA;MRY;AOi4251112085457175a28900;0;Anomaly;
202601;AREA 2;CENTRAL JABOTABEK;NORTHERN JAKARTA;MRY;AOs32511050818570877e2e70;0;Anomaly;
202601;AREA 2;CENTRAL JABOTABEK;NORTHERN JAKARTA;PDM;AOs3251109040626580659310;0;Anomaly;
202601;AREA 2;CENTRAL JABOTABEK;NORTHERN JAKARTA;PDM;AOi4251122094326885d3a670;0;Comply;-19,24
202601;AREA 2;CENTRAL JABOTABEK;NORTHERN JAKARTA;PDM;AOs3251105074757569b1d4b0;0;Anomaly;
202601;AREA 2;CENTRAL JABOTABEK;NORTHERN JAKARTA;PDM;AOi42511040931141761f5670;0;Comply;-9,49
202601;AREA 2;CENTRAL JABOTABEK;NORTHERN JAKARTA;PDM;AOs3251109040626580659310;0;Comply;0,35
202601;AREA 2;CENTRAL JABOTABEK;NORTHERN JAKARTA;PDM;AOs3251105074757569b1d4b0;0;Comply;-0,16
202601;AREA 2;CENTRAL JABOTABEK;NORTHERN JAKARTA;PDM;AOs3251126074429862c2f690;0;Comply;-9,24
202601;AREA 2;CENTRAL JABOTABEK;NORTHERN JAKARTA;PDM;AOi4251106015619708c90e70;0;Anomaly;
202601;AREA 2;CENTRAL JABOTABEK;NORTHERN JAKARTA;KDY;AOi42510311257359024bc430;0;Anomaly;
202601;AREA 2;CENTRAL JABOTABEK;NORTHERN JAKARTA;KDY;AOs32510220545058110d97a0;0;Anomaly;
202601;AREA 2;CENTRAL JABOTABEK;NORTHERN JAKARTA;KDY;AOs32511160556397620930f0;0;Comply;-33,52
202601;AREA 2;CENTRAL JABOTABEK;NORTHERN JAKARTA;KDY;AOs32511021104327280f86d0;0;Anomaly;
202601;AREA 2;WESTERN JABOTABEK;SERANG;TGR;AOi4251126033001158814c50;0;Anomaly;
202601;AREA 2;JABAR;CIREBON;PMN;AOi4251113091416959c8ee90;0;Anomaly;
202601;AREA 2;CENTRAL JABOTABEK;SOUTHERN JAKARTA;GAN;AOi4251116024159864e70600;0;Anomaly;
202601;AREA 2;CENTRAL JABOTABEK;SOUTHERN JAKARTA;GAN;AOs32511010124483130e8e50;0;Anomaly;
202601;AREA 2;WESTERN JABOTABEK;SERANG;MER;AOi425110407373863464c000;0;Comply;0,40
202601;AREA 2;CENTRAL JABOTABEK;SOUTHERN JAKARTA;CWA;AOs325110410502212685e110;0;Comply;-0,82
202601;AREA 2;JABAR;BANDUNG;UBR;AOi4251114044833861045170;0;Comply;-43,76
202601;AREA 2;JABAR;BANDUNG;UBR;AOi42511120852344809f7670;0;Anomaly;
202601;AREA 2;JABAR;BANDUNG;UBR;AOi42511010154487500e3e70;0;Anomaly;
202601;AREA 2;JABAR;BANDUNG;UBR;PDAk42511120503073206fb310;0;Comply;-22,92
202601;AREA 2;JABAR;BANDUNG;UBR;AOs3251116095606066854e70;0;Anomaly;
202601;AREA 2;JABAR;BANDUNG;UBR;AOs32511050807410211aab90;0;Comply;-28,12
202601;AREA 2;JABAR;BANDUNG;UBR;AOi4251120105841057e9ea00;0;Anomaly;
202601;AREA 2;JABAR;BANDUNG;UBR;PDAk42511120330114842e7800;0;Anomaly;
202601;AREA 2;CENTRAL JABOTABEK;SOUTHERN JAKARTA;KRG;AOi42511230329319219ec820;0;Comply;0,35
202601;AREA 2;CENTRAL JABOTABEK;SOUTHERN JAKARTA;KRG;AOi4251120111616288d6f630;0;Comply;-13,16
202601;AREA 2;CENTRAL JABOTABEK;SOUTHERN JAKARTA;KRG;AOk425110503484846383f680;0;Anomaly;
202601;AREA 2;CENTRAL JABOTABEK;SOUTHERN JAKARTA;KRG;AOi12511060755383807cf8d0;0;Anomaly;
202601;AREA 2;CENTRAL JABOTABEK;SOUTHERN JAKARTA;KRG;PDAk4251120114455139232cd0;0;Comply;-16,65
202601;AREA 2;CENTRAL JABOTABEK;SOUTHERN JAKARTA;KRG;AOk4251127055845777196f40;0;Comply;-35,79
202601;AREA 2;WESTERN JABOTABEK;SERANG;SEG;AOi425110301060346593d670;0;Anomaly;
202601;AREA 2;JABAR;BANDUNG;PDL;AOi42511140157211885465a0;0;Comply;-141,20
202601;AREA 2;JABAR;BANDUNG;PDL;AOi4251112065013416442c90;0;Anomaly;
202601;AREA 2;JABAR;BANDUNG;LBG;AOi4251113024417938c39e40;0;Anomaly;
202601;AREA 2;JABAR;BANDUNG;LBG;AOi425112106133921641d020;0;Anomaly;
202601;AREA 2;JABAR;BANDUNG;LBG;AOi42511100114566178cf0b0;0;Anomaly;
202601;AREA 2;JABAR;BANDUNG;LBG;AOs325112403452055436ae80;0;Anomaly;
202601;AREA 2;JABAR;BANDUNG;LBG;AOi42511220911428793bca80;0;Anomaly;
202601;AREA 2;JABAR;BANDUNG;LBG;AOi4251122015416636e62c80;0;Anomaly;
202601;AREA 2;JABAR;BANDUNG;LBG;AOi4251121053716056198350;0;Comply;-16,62
202601;AREA 2;JABAR;BANDUNG;LBG;AOk425110512452038841d660;0;Anomaly;
202601;AREA 2;JABAR;BANDUNG;LBG;AOi425112503534142301b590;0;Anomaly;
202601;AREA 2;WESTERN JABOTABEK;TANGERANG;CPA;AOs32511200738515758af690;0;Anomaly;
202601;AREA 2;WESTERN JABOTABEK;TANGERANG;CPA;AOs32511110151229395fa9e0;0;Anomaly;
202601;AREA 2;WESTERN JABOTABEK;TANGERANG;CPA;AOi4251126103147535393e50;0;Anomaly;
202601;AREA 2;WESTERN JABOTABEK;TANGERANG;CPA;AOk4251125011618127f62fb0;0;Comply;-40,41
202601;AREA 2;WESTERN JABOTABEK;TANGERANG;CPA;PDAk42511231120448613e8040;0;Anomaly;
202601;AREA 2;WESTERN JABOTABEK;TANGERANG;CPA;AOi4251106091635969d47d50;0;Anomaly;
202601;AREA 2;WESTERN JABOTABEK;TANGERANG;CPA;AOi4251114113643432843a30;0;Comply;-26,84
202601;AREA 2;WESTERN JABOTABEK;TANGERANG;CPA;AOb025103101412676090a290;0;Comply;-21,56
202601;AREA 2;WESTERN JABOTABEK;TANGERANG;CPA;AOs3251128112326396a9dc30;0;Anomaly;
202601;AREA 2;JABAR;SOREANG;KAD;AOi4251113054602496d91430;0;Anomaly;
202601;AREA 2;WESTERN JABOTABEK;SERANG;BLJ;AOi42511100923348457bdde0;0;Anomaly;
202601;AREA 2;JABAR;BANDUNG;CMI;AOk4251121021152745799c60;0;Anomaly;
202601;AREA 2;JABAR;BANDUNG;CMI;AOk4251121021152745799c60;0;Comply;-5,94
202601;AREA 2;JABAR;BANDUNG;CMI;AOi42511140105023387ccce0;0;Anomaly;
202601;AREA 2;JABAR;BANDUNG;CMI;AOi42511240231487258e70a0;0;Anomaly;
202601;AREA 2;JABAR;BANDUNG;CMI;AOi42511240231487258e70a0;0;Anomaly;
202601;AREA 2;CENTRAL JABOTABEK;SOUTHERN JAKARTA;PSR;AOi4251104083212395ab2c80;0;Anomaly;
202601;AREA 2;CENTRAL JABOTABEK;SOUTHERN JAKARTA;PSR;AOi4251112021548312c2ab40;0;Comply;-2,73
202601;AREA 2;EASTERN JABOTABEK;BOGOR;PLR;AOi42511120407029993ef5b0;0;Anomaly;
202601;AREA 2;EASTERN JABOTABEK;KARAWANG;BBL;AOi4251127070903131e6a3f0;0;Anomaly;
202601;AREA 2;EASTERN JABOTABEK;KARAWANG;BBL;AOi4251105040255172963da0;0;Anomaly;
202601;AREA 2;EASTERN JABOTABEK;KARAWANG;BBL;AOi4251101112840700ee2400;0;Comply;-18,24
202601;AREA 2;EASTERN JABOTABEK;KARAWANG;BBL;AOi42511140322052962c8570;0;Comply;-18,03
202601;AREA 2;EASTERN JABOTABEK;KARAWANG;BBL;AOi4251112123204211551e80;0;Anomaly;
202601;AREA 2;EASTERN JABOTABEK;KARAWANG;BBL;AOi4251124090718336305ab0;0;Anomaly;
202601;AREA 2;EASTERN JABOTABEK;KARAWANG;BBL;AOi1251106100213553d093b0;0;Anomaly;
202601;AREA 2;EASTERN JABOTABEK;BOGOR;PMU;AOs3251112032242735a8a700;0;Anomaly;
202601;AREA 2;EASTERN JABOTABEK;BOGOR;BJD;AOi42511170514523407e5fe0;0;Comply;-1,24
202601;AREA 2;WESTERN JABOTABEK;TANGERANG;CLD;AOi4251101034025373e31050;0;Anomaly;
202601;AREA 2;WESTERN JABOTABEK;TANGERANG;SRP;AOi42511080926515780e35c0;0;Anomaly;
202601;AREA 2;WESTERN JABOTABEK;TANGERANG;SRP;AOi4251031093326844e5e160;0;Anomaly;
202601;AREA 2;WESTERN JABOTABEK;TANGERANG;SRP;PDAk42511230724584718bda60;0;Anomaly;
202601;AREA 2;WESTERN JABOTABEK;TANGERANG;SRP;AOi4251115024244043debf30;0;Anomaly;
202601;AREA 2;WESTERN JABOTABEK;TANGERANG;SRP;AOi4251101093510959216d70;0;Anomaly;
202601;AREA 2;WESTERN JABOTABEK;TANGERANG;SRP;AOi4251101093510959216d70;0;Comply;-37,84
202601;AREA 2;WESTERN JABOTABEK;TANGERANG;SRP;AOi4251103112350377c26ae0;0;Anomaly;
202601;AREA 2;WESTERN JABOTABEK;TANGERANG;SRP;AOi42511290719109726456d0;0;Anomaly;
202601;AREA 2;CENTRAL JABOTABEK;SOUTHERN JAKARTA;KBY;AOk4251106040502315da1600;0;Anomaly;
202601;AREA 2;CENTRAL JABOTABEK;SOUTHERN JAKARTA;KBY;AOi4251126032353216ffc330;0;Comply;-34,71
202601;AREA 2;CENTRAL JABOTABEK;SOUTHERN JAKARTA;KBY;AOs3251107042113463946320;0;Comply;-36,64
202601;AREA 2;CENTRAL JABOTABEK;SOUTHERN JAKARTA;KBY;AOk4251129075815152685160;0;Anomaly;
202601;AREA 2;CENTRAL JABOTABEK;SOUTHERN JAKARTA;KBY;AOs32511140300500691db320;0;Anomaly;
202601;AREA 2;CENTRAL JABOTABEK;SOUTHERN JAKARTA;KBY;AOi4251119110624206e4db80;0;Anomaly;
202601;AREA 2;CENTRAL JABOTABEK;SOUTHERN JAKARTA;KBY;AOs3251127120238740db9100;0;Anomaly;
202601;AREA 2;CENTRAL JABOTABEK;SOUTHERN JAKARTA;KBY;AOk4251119112813073bc7520;0;Anomaly;
202601;AREA 2;CENTRAL JABOTABEK;SOUTHERN JAKARTA;CID;AOi4251105033317220a12f50;0;Anomaly;
202601;AREA 2;CENTRAL JABOTABEK;NORTHERN JAKARTA;MKR;AOi42511031258379735b1450;0;Anomaly;
202601;AREA 2;CENTRAL JABOTABEK;NORTHERN JAKARTA;MKR;AOi425110311162465001d870;0;Anomaly;
202601;AREA 2;CENTRAL JABOTABEK;NORTHERN JAKARTA;MKR;AOi4251129114116365de5360;0;Anomaly;
202601;AREA 2;CENTRAL JABOTABEK;NORTHERN JAKARTA;MKR;AOi12511160722581393456c0;0;Anomaly;
202601;AREA 2;CENTRAL JABOTABEK;NORTHERN JAKARTA;MKR;AOi4251111054204228064240;0;Anomaly;
202601;AREA 2;CENTRAL JABOTABEK;NORTHERN JAKARTA;MKR;AOs32511181222301094f6700;0;Anomaly;
202601;AREA 2;CENTRAL JABOTABEK;NORTHERN JAKARTA;MKR;AOi4251124014334448f16af0;0;Anomaly;
202601;AREA 2;JABAR;BANDUNG;GGK;AOi4251101021517027cec640;0;Anomaly;
202601;AREA 2;JABAR;BANDUNG;GGK;AOi4251105095206408c94e10;0;Comply;-2,16
202601;AREA 2;CENTRAL JABOTABEK;SOUTHERN JAKARTA;JTN;AOk42511010232263576c35f0;0;Anomaly;
202601;AREA 2;WESTERN JABOTABEK;TANGERANG;CPD;AOi1251107113416207f23660;0;Anomaly;
202601;AREA 2;WESTERN JABOTABEK;TANGERANG;CPD;AOi4251119045101855224260;0;Anomaly;
202601;AREA 2;WESTERN JABOTABEK;SERANG;GRL;AOi4251102095709787bbd760;0;Anomaly;
202601;AREA 2;EASTERN JABOTABEK;BOGOR;PPG;AOs3251102071135527722060;0;Comply;-20,02
202601;AREA 2;WESTERN JABOTABEK;TANGERANG;LKG;AOk4251120122141938950a10;0;Anomaly;
202601;AREA 2;WESTERN JABOTABEK;TANGERANG;LKG;AOs3251113105254202a43400;0;Anomaly;
202601;AREA 2;JABAR;CIREBON;LOS;AOi4251107114112343e7f0a0;0;Comply;-2,17
202601;AREA 2;JABAR;CIREBON;LOS;AOi4251115040051097bede70;0;Anomaly;
202601;AREA 2;EASTERN JABOTABEK;BOGOR;CLS;AOi4251125122727066112b30;0;Comply;-36,64
202601;AREA 2;EASTERN JABOTABEK;BOGOR;CLS;AOs3251125011757484bf23b0;0;Anomaly;
202601;AREA 2;EASTERN JABOTABEK;BOGOR;CLS;AOs32511171142129951aee10;0;Comply;-15,79
202601;AREA 2;EASTERN JABOTABEK;BOGOR;CLS;AOs3251115015645131f623a0;0;Comply;-41,74
202601;AREA 2;EASTERN JABOTABEK;BOGOR;CLS;AOi425112211150766239c910;0;Anomaly;
202601;AREA 2;EASTERN JABOTABEK;BOGOR;CLS;AOi42511130417345606600c0;0;Comply;-1,37
202601;AREA 2;EASTERN JABOTABEK;BOGOR;CLS;AOs3251115015645131f623a0;0;Anomaly;
202601;AREA 2;CENTRAL JABOTABEK;SOUTHERN JAKARTA;KMG;AOi4251130113959836c1ff50;0;Anomaly;
202601;AREA 2;CENTRAL JABOTABEK;SOUTHERN JAKARTA;KMG;AOi4251105064709453034b50;0;Comply;-17,93
202601;AREA 2;WESTERN JABOTABEK;SERANG;CLG;AOk42511081113582140f0920;0;Anomaly;
202601;AREA 2;WESTERN JABOTABEK;SERANG;CLG;AOk4251125093907650969660;0;Anomaly;
202601;AREA 2;WESTERN JABOTABEK;SERANG;KSB;AOi425110910482236910b6d0;0;Anomaly;
202601;AREA 2;WESTERN JABOTABEK;SERANG;KSB;AOi425110910482236910b6d0;0;Comply;-22,30
202601;AREA 2;JABAR;TASIKMALAYA;BNJ;AOi425110711011740398b650;0;Anomaly;
202601;AREA 2;JABAR;TASIKMALAYA;BNJ;AOi425112111220840563f730;0;Anomaly;
202601;AREA 2;JABAR;TASIKMALAYA;BNJ;AOi425111307441208331c680;0;Anomaly;
202601;AREA 2;EASTERN JABOTABEK;BOGOR;SPL;AOi4251113064030360c0a9f0;0;Anomaly;
202601;AREA 2;EASTERN JABOTABEK;BOGOR;SPL;AOi42511020801361586ad8c0;0;Comply;-5,76
202601;AREA 2;EASTERN JABOTABEK;KARAWANG;CIB;AOi1251108051325441d3edf0;0;Anomaly;
202601;AREA 2;EASTERN JABOTABEK;KARAWANG;CIB;AOi425112011374740033cd20;0;Anomaly;
202601;AREA 2;EASTERN JABOTABEK;KARAWANG;CIB;AOs3251123032409959642ca0;0;Anomaly;
202601;AREA 2;EASTERN JABOTABEK;KARAWANG;CIB;PDAk42511070910119536f1190;0;Anomaly;
202601;AREA 2;EASTERN JABOTABEK;KARAWANG;CIB;AOs32511190921119231b19e0;0;Anomaly;
202601;AREA 2;EASTERN JABOTABEK;KARAWANG;CIB;AOi4251031043224236620c70;0;Anomaly;
202601;AREA 2;EASTERN JABOTABEK;KARAWANG;CIB;AOs32511210354588539c40d0;0;Anomaly;
202601;AREA 2;CENTRAL JABOTABEK;SOUTHERN JAKARTA;TBE;AOs325112909410194608dd30;0;Anomaly;
202601;AREA 2;CENTRAL JABOTABEK;SOUTHERN JAKARTA;TBE;AOs32511100528300291eb3e0;0;Anomaly;
202601;AREA 2;CENTRAL JABOTABEK;NORTHERN JAKARTA;MRY;AOi4251118021046062b0bb80;0;Comply;-1,83
202601;AREA 2;CENTRAL JABOTABEK;NORTHERN JAKARTA;MRY;AOi425110608470445843d9e0;0;Comply;-16,79
202601;AREA 2;JABAR;TASIKMALAYA;MNJ;AOi42511190357462710527e0;0;Anomaly;
202601;AREA 2;EASTERN JABOTABEK;BOGOR;CWI;AOi425111809300134843daa0;0;Comply;-18,65
202601;AREA 2;EASTERN JABOTABEK;BOGOR;CWI;AOi42511281007201793c8940;0;Anomaly;
202601;AREA 2;CENTRAL JABOTABEK;NORTHERN JAKARTA;KTZ;AOk4251110115347502840370;0;Comply;-18,71
202601;AREA 2;CENTRAL JABOTABEK;NORTHERN JAKARTA;KTZ;AOi4251120021830139540c30;0;Anomaly;
202601;AREA 2;CENTRAL JABOTABEK;NORTHERN JAKARTA;KTZ;AOi42511110150523741698c0;0;Anomaly;
202601;AREA 2;CENTRAL JABOTABEK;NORTHERN JAKARTA;KTZ;PDAk4251120122027707689190;0;Anomaly;
202601;AREA 2;CENTRAL JABOTABEK;NORTHERN JAKARTA;PDM;AOs3251125091526144a5ecb0;0;Anomaly;
202601;AREA 2;CENTRAL JABOTABEK;NORTHERN JAKARTA;PDM;AOi42511120917025689d4d50;0;Anomaly;
202601;AREA 2;CENTRAL JABOTABEK;NORTHERN JAKARTA;PDM;AOs3251126024553080f888e0;0;Anomaly;
202601;AREA 2;CENTRAL JABOTABEK;NORTHERN JAKARTA;PDM;AOs3251126024553080f888e0;0;Anomaly;
202601;AREA 2;CENTRAL JABOTABEK;NORTHERN JAKARTA;PDM;AOs3251105074757569b1d4b0;0;Comply;-14,55
202601;AREA 2;CENTRAL JABOTABEK;NORTHERN JAKARTA;PDM;AOs3251125091526144a5ecb0;0;Anomaly;
202601;AREA 2;CENTRAL JABOTABEK;NORTHERN JAKARTA;PDM;AOi4251130110850443098e50;0;Comply;-3,28
202601;AREA 2;CENTRAL JABOTABEK;NORTHERN JAKARTA;PDM;AOs32510270138449244576d0;0;Comply;-25,40
202601;AREA 2;EASTERN JABOTABEK;BOGOR;CSN;AOs3251111091208649450330;0;Anomaly;
202601;AREA 2;EASTERN JABOTABEK;BOGOR;CSN;PDAk4251124072735249cd1a20;0;Anomaly;
202601;AREA 2;WESTERN JABOTABEK;SERANG;PDG;AOi4251122073932419947810;0;Anomaly;
202601;AREA 2;JABAR;SOREANG;CKI;AOi4251102062533706050a80;0;Anomaly;
202601;AREA 2;EASTERN JABOTABEK;KARAWANG;PWK;AOi4251111101554556086530;0;Anomaly;
202601;AREA 2;EASTERN JABOTABEK;KARAWANG;PWK;AOi4251125124504342dd0350;0;Anomaly;
202601;AREA 2;EASTERN JABOTABEK;KARAWANG;PWK;AOi425112405205345933f210;0;Anomaly;
202601;AREA 2;EASTERN JABOTABEK;BEKASI;KLB;AOi42510280308273123b23c0;0;Comply;-0,17
202601;AREA 2;EASTERN JABOTABEK;BEKASI;SKJ;AOi4251129083241519681340;0;Anomaly;
202601;AREA 2;EASTERN JABOTABEK;BEKASI;SKJ;AOi425112909403538321be90;0;Anomaly;
202601;AREA 2;EASTERN JABOTABEK;BEKASI;SKJ;AOi42511070342500808d7e40;0;Anomaly;
202601;AREA 2;EASTERN JABOTABEK;BEKASI;SKJ;AOi4251127043542907625080;0;Comply;-5,67
202601;AREA 2;EASTERN JABOTABEK;BEKASI;SKJ;AOi4251123011136318cfbb90;0;Anomaly;
202601;AREA 2;JABAR;BANDUNG;CJR;AOi4251130075351782c5e230;0;Anomaly;
202601;AREA 2;JABAR;BANDUNG;CJR;AOi4251127040603300eb4ef0;0;Comply;-67,76
202601;AREA 2;JABAR;BANDUNG;CJR;AOi4251115123509194b5bbe0;0;Anomaly;
202601;AREA 2;JABAR;BANDUNG;CJR;AOi4251130080727852b894d0;0;Anomaly;
202601;AREA 2;JABAR;BANDUNG;UBR;AOi42511260945527611bf250;0;Anomaly;
202601;AREA 2;JABAR;BANDUNG;UBR;AOi42511030334031085aeb70;0;Anomaly;
202601;AREA 2;JABAR;BANDUNG;UBR;AOi4251130030514496a04ca0;0;Anomaly;
202601;AREA 2;JABAR;CIREBON;PGD;AOi425111612233964888f570;0;Comply;-0,39
202601;AREA 2;EASTERN JABOTABEK;BEKASI;BEK;AOs32511130828445485f9390;0;Comply;-4,41
202601;AREA 2;EASTERN JABOTABEK;BEKASI;BEK;AOi42511280318212362eb7f0;0;Comply;-4,91
202601;AREA 2;EASTERN JABOTABEK;BEKASI;BEK;AOi425112110194382577cb00;0;Anomaly;
202601;AREA 2;EASTERN JABOTABEK;BEKASI;BEK;AOb0251125035752540d93190;0;Anomaly;
202601;AREA 2;EASTERN JABOTABEK;BEKASI;BEK;AOs3251128111448148f5cd20;0;Comply;-34,32
202601;AREA 2;EASTERN JABOTABEK;BOGOR;JPK;AOi425112611554356899c2e0;0;Comply;-24,55
202601;AREA 2;EASTERN JABOTABEK;BOGOR;JPK;AOi4251116125344864f04a40;0;Anomaly;
202601;AREA 2;EASTERN JABOTABEK;BOGOR;JPK;AOi4251127015157868d03e80;0;Anomaly;
202601;AREA 2;EASTERN JABOTABEK;KARAWANG;RDK;AOs325112306195304770aff0;0;Comply;-0,80
202601;AREA 2;JABAR;SOREANG;SOR;AOk4251105092006836963a60;0;Comply;-24,89
202601;AREA 2;EASTERN JABOTABEK;BOGOR;CKB;AOb02511050427149769e7b80;0;Comply;-3,54
202601;AREA 2;EASTERN JABOTABEK;BOGOR;CSE;AOi42510310138310934267a0;0;Anomaly;
202601;AREA 2;JABAR;BANDUNG;PDL;AOi4251129020524043b732d0;0;Anomaly;
202601;AREA 2;JABAR;BANDUNG;PDL;AOi4251129020524043b732d0;0;Anomaly;
202601;AREA 2;JABAR;BANDUNG;PDL;AOi42511100136027917d5b80;0;Anomaly;
202601;AREA 2;JABAR;BANDUNG;PDL;AOi4251110121516748e905f0;0;Anomaly;
202601;AREA 2;JABAR;BANDUNG;PDL;AOi4251116103538455ffdb00;0;Anomaly;
202601;AREA 2;CENTRAL JABOTABEK;SOUTHERN JAKARTA;KAL;AOi42511280429596108fe010;0;Comply;-37,72
202601;AREA 2;CENTRAL JABOTABEK;SOUTHERN JAKARTA;KAL;AOi42511140432403941fe2c0;0;Anomaly;
202601;AREA 2;CENTRAL JABOTABEK;SOUTHERN JAKARTA;KAL;AOi4251115043401420bba500;0;Comply;-16,48
202601;AREA 2;CENTRAL JABOTABEK;SOUTHERN JAKARTA;KAL;AOi42511280620114760da480;0;Anomaly;
202601;AREA 2;CENTRAL JABOTABEK;SOUTHERN JAKARTA;CPE;AOi4251119020555390f296d0;0;Comply;0,37
202601;AREA 2;CENTRAL JABOTABEK;SOUTHERN JAKARTA;CPE;AOi1251104043745789c31220;0;Comply;-37,05
202601;AREA 2;CENTRAL JABOTABEK;SOUTHERN JAKARTA;JAG;AOi42511231038366155b6250;0;Anomaly;
202601;AREA 2;CENTRAL JABOTABEK;SOUTHERN JAKARTA;JAG;AOs3251112042447060777f40;0;Anomaly;
202601;AREA 2;CENTRAL JABOTABEK;SOUTHERN JAKARTA;JAG;AOi1251102042749019dc8030;0;Comply;-24,14
202601;AREA 2;CENTRAL JABOTABEK;SOUTHERN JAKARTA;JAG;AOk4251114082750325fb1320;0;Anomaly;
202601;AREA 2;CENTRAL JABOTABEK;SOUTHERN JAKARTA;JAG;AOi1251114050329280500ad0;0;Comply;-11,17
202601;AREA 2;CENTRAL JABOTABEK;SOUTHERN JAKARTA;JAG;PDAk425102902025525326ea90;0;Comply;-2,35
202601;AREA 2;CENTRAL JABOTABEK;SOUTHERN JAKARTA;JAG;AOs3251104071859168f7bfc0;0;Anomaly;
202601;AREA 2;CENTRAL JABOTABEK;SOUTHERN JAKARTA;JAG;PDAk4251113022008645378ef0;0;Comply;-15,15
202601;AREA 2;CENTRAL JABOTABEK;SOUTHERN JAKARTA;JAG;AOi42511231038366155b6250;0;Anomaly;
202601;AREA 2;WESTERN JABOTABEK;TANGERANG;CPA;AOi42511051004086946efb30;0;Anomaly;
202601;AREA 2;WESTERN JABOTABEK;TANGERANG;CPA;AOs3251126061133861457690;0;Anomaly;
202601;AREA 2;WESTERN JABOTABEK;TANGERANG;CPA;AOi42511110205499649e0570;0;Anomaly;
202601;AREA 2;WESTERN JABOTABEK;TANGERANG;CPA;AOi4251016023215031d08fe0;0;Comply;-12,76
202601;AREA 2;WESTERN JABOTABEK;TANGERANG;CPA;AOi4251119061101074693610;0;Anomaly;
202601;AREA 2;JABAR;BANDUNG;NJG;AOi425110210571570511f5b0;0;Anomaly;
202601;AREA 2;EASTERN JABOTABEK;BEKASI;DEP;AOi4251103105338880aa1460;0;Anomaly;
202601;AREA 2;EASTERN JABOTABEK;BEKASI;DEP;AOs3251114095515134046a00;0;Anomaly;
202601;AREA 2;EASTERN JABOTABEK;BEKASI;DEP;AOi4251122093832960443070;0;Anomaly;
202601;AREA 2;EASTERN JABOTABEK;BEKASI;PDE;AOi42511211136282466c02b0;0;Anomaly;
202601;AREA 2;EASTERN JABOTABEK;BEKASI;PDE;AOi4251105090311978e35a00;0;Anomaly;
202601;AREA 2;EASTERN JABOTABEK;BEKASI;PDE;AOs3251110062357568b49b40;0;Anomaly;
202601;AREA 2;EASTERN JABOTABEK;BEKASI;PDE;AOi4251119080215053ab4700;0;Anomaly;
202601;AREA 2;EASTERN JABOTABEK;BEKASI;PDE;AOs3251123073007159269360;0;Anomaly;
202601;AREA 2;JABAR;BANDUNG;BTJ;AOi425112501034787957cbc0;0;Anomaly;
202601;AREA 2;JABAR;BANDUNG;BTJ;AOi4251123073629344bb3b00;0;Anomaly;
202601;AREA 2;JABAR;BANDUNG;BTJ;AOi4251125021951274bf3790;0;Anomaly;
202601;AREA 2;JABAR;BANDUNG;BTJ;AOi425112501412297971acf0;0;Anomaly;
202601;AREA 2;EASTERN JABOTABEK;KARAWANG;TLJ;PDAk42511110643157424e39c0;0;Comply;-21,34
202601;AREA 2;EASTERN JABOTABEK;KARAWANG;TLJ;AOi42511300147559937c50f0;0;Comply;-5,44
202601;AREA 2;WESTERN JABOTABEK;SERANG;CRS;AOi42511051241260077ed6b0;0;Comply;-17,27
202601;AREA 2;WESTERN JABOTABEK;SERANG;CRS;AOi4251124083801463a359e0;0;Anomaly;
202601;AREA 2;WESTERN JABOTABEK;SERANG;CRS;AOi1251119023340509192720;0;Comply;-19,98
202601;AREA 2;JABAR;CIREBON;AWN;AOi4251127112834657317a80;0;Anomaly;
202601;AREA 2;JABAR;CIREBON;AWN;AOi4251112034049857a43540;0;Anomaly;
202601;AREA 2;JABAR;CIREBON;AWN;AOi4251120015338841393fd0;0;Anomaly;
202601;AREA 2;WESTERN JABOTABEK;TANGERANG;CLD;AOi425111911092934569f620;0;Anomaly;
202601;AREA 2;WESTERN JABOTABEK;TANGERANG;CLD;AOi42511021003010309b6780;0;Anomaly;
202601;AREA 2;WESTERN JABOTABEK;TANGERANG;CLD;PDAk42510290330070924bc090;0;Anomaly;
202601;AREA 2;WESTERN JABOTABEK;TANGERANG;CLD;AOi42511281003389168ced20;0;Anomaly;
202601;AREA 2;WESTERN JABOTABEK;TANGERANG;CLD;AOs32511051025545652fb910;0;Anomaly;
202601;AREA 2;WESTERN JABOTABEK;TANGERANG;CLD;AOs3251031111206473e76dc0;0;Anomaly;
202601;AREA 2;WESTERN JABOTABEK;TANGERANG;CLD;AOk4251106085604319c7f4e0;0;Anomaly;
202601;AREA 2;WESTERN JABOTABEK;TANGERANG;CLD;PDAk4251031015538689553940;0;Anomaly;
202601;AREA 2;WESTERN JABOTABEK;TANGERANG;CLD;AOi42511241220297264d6b20;0;Anomaly;
202601;AREA 2;JABAR;BANDUNG;CJA;AOi42511020603460541dd760;0;Anomaly;
202601;AREA 2;JABAR;BANDUNG;CJA;AOk4251118014348817c1f510;0;Anomaly;
202601;AREA 2;JABAR;BANDUNG;CJA;AOi4251105090310222c4aef0;0;Anomaly;
202601;AREA 2;JABAR;BANDUNG;CJA;AOi4251122015643272b4adb0;0;Anomaly;
202601;AREA 2;JABAR;BANDUNG;CJA;AOi4251119111848682fe5290;0;Anomaly;
202601;AREA 2;JABAR;BANDUNG;CJA;AOi4251105090310222c4aef0;0;Anomaly;
202601;AREA 2;JABAR;BANDUNG;CJA;AOk425110405145021846d6c0;0;Anomaly;
202601;AREA 2;JABAR;BANDUNG;CJA;PDAk42511121245106539a80c0;0;Anomaly;
202601;AREA 2;JABAR;BANDUNG;CJA;AOs32511061118093835efad0;0;Anomaly;
202601;AREA 2;JABAR;BANDUNG;GGK;AOi425110906304521843f630;0;Anomaly;
202601;AREA 2;CENTRAL JABOTABEK;NORTHERN JAKARTA;SLP;PDAk4251113035736832d547b0;0;Comply;-3,86
202601;AREA 2;CENTRAL JABOTABEK;NORTHERN JAKARTA;SLP;PDAk4251110073739561811eb0;0;Anomaly;
202601;AREA 2;CENTRAL JABOTABEK;NORTHERN JAKARTA;SLP;AOk42511141249430321834e0;0;Comply;-13,54
202601;AREA 2;CENTRAL JABOTABEK;NORTHERN JAKARTA;SLP;AOk425110201490780157f6d0;0;Comply;-21,63
202601;AREA 2;CENTRAL JABOTABEK;NORTHERN JAKARTA;SLP;PDAk4251110073739561811eb0;0;Anomaly;
202601;AREA 2;JABAR;SOREANG;RCK;AOs3251122085900981155a40;0;Comply;-16,49
202601;AREA 2;JABAR;SOREANG;RCK;PDAk4251125055706281824eb0;0;Anomaly;
202601;AREA 2;JABAR;SOREANG;RCK;AOi425110901522586444c6f0;0;Comply;-20,87
202601;AREA 2;JABAR;SOREANG;RCK;AOi4251118085022010f4b840;0;Anomaly;
202601;AREA 2;CENTRAL JABOTABEK;NORTHERN JAKARTA;KTZ;AOi42511190326399810c39e0;0;Comply;-2,31
202601;AREA 2;CENTRAL JABOTABEK;NORTHERN JAKARTA;KTZ;AOk42511131045443021fb4e0;0;Anomaly;
202601;AREA 2;CENTRAL JABOTABEK;NORTHERN JAKARTA;KTZ;AOi425110309150172597e020;0;Anomaly;
202601;AREA 2;CENTRAL JABOTABEK;NORTHERN JAKARTA;KTZ;AOi4251108120403788749270;0;Anomaly;
202601;AREA 2;JABAR;BANDUNG;TRG;AOi42511281028168490fb8b0;0;Anomaly;
202601;AREA 2;JABAR;BANDUNG;TRG;AOi42511281028168490fb8b0;0;Comply;0,61
202601;AREA 2;JABAR;BANDUNG;TRG;AOi4251120100114747179d30;0;Anomaly;
202601;AREA 2;JABAR;BANDUNG;TRG;AOi42511280423169736d1e40;0;Anomaly;
202601;AREA 2;JABAR;CIREBON;PTR;AOk42511081149183301171f0;0;Anomaly;
202601;AREA 2;JABAR;CIREBON;PTR;AOi4251125043629162720950;0;Anomaly;
202601;AREA 2;EASTERN JABOTABEK;BEKASI;KLB;AOi4251111073314564aa2e20;0;Anomaly;
202601;AREA 2;EASTERN JABOTABEK;BEKASI;KLB;AOi4251122014328261a7c7b0;0;Anomaly;
202601;AREA 2;EASTERN JABOTABEK;BEKASI;KLB;AOs32511160219212144bbd30;0;Comply;-25,29
202601;AREA 2;EASTERN JABOTABEK;BEKASI;KLB;AOi425110709540955224c680;0;Anomaly;
202601;AREA 2;EASTERN JABOTABEK;BEKASI;KLB;AOi42511210209276493a0760;0;Comply;-15,90
202601;AREA 2;EASTERN JABOTABEK;BEKASI;KLB;AOi425112703223054665db00;0;Comply;-20,41
202601;AREA 2;EASTERN JABOTABEK;BEKASI;KLB;AOs32511030820228941986a0;0;Anomaly;
202601;AREA 2;EASTERN JABOTABEK;BEKASI;KLB;AOi42511041042154410232f0;0;Comply;-16,85
202601;AREA 2;EASTERN JABOTABEK;BEKASI;KLB;AOi4251105115150015801df0;0;Anomaly;
202601;AREA 2;JABAR;TASIKMALAYA;GRU;AOi42511080229425663b3160;0;Anomaly;
202601;AREA 2;JABAR;TASIKMALAYA;GRU;AOi42510310935192227026e0;0;Anomaly;
202601;AREA 2;JABAR;TASIKMALAYA;GRU;AOi1251031094748504427150;0;Anomaly;
202601;AREA 2;JABAR;TASIKMALAYA;GRU;AOi1251031094748504427150;0;Anomaly;
202601;AREA 2;JABAR;TASIKMALAYA;GRU;AOi4251116034206832393240;0;Anomaly;
202601;AREA 2;JABAR;TASIKMALAYA;GRU;AOi42511010531021258ecfd0;0;Anomaly;
202601;AREA 2;JABAR;TASIKMALAYA;GRU;AOi42510310935192227026e0;0;Anomaly;
202601;AREA 2;EASTERN JABOTABEK;BEKASI;PKY;AOs3251104113921873901b00;0;Comply;-8,33
202601;AREA 2;EASTERN JABOTABEK;BEKASI;PKY;AOi1251111035542466b34750;0;Anomaly;
202601;AREA 2;CENTRAL JABOTABEK;SOUTHERN JAKARTA;CPE;AOk4251127032426356cba110;0;Anomaly;
202601;AREA 2;CENTRAL JABOTABEK;SOUTHERN JAKARTA;CPE;AOi42511171115452788cb330;0;Anomaly;
202601;AREA 2;CENTRAL JABOTABEK;SOUTHERN JAKARTA;CPE;AOi4251118015406491053bd0;0;Anomaly;
202601;AREA 2;CENTRAL JABOTABEK;SOUTHERN JAKARTA;CPE;AOi42511151103292913a7000;0;Anomaly;
202601;AREA 2;CENTRAL JABOTABEK;SOUTHERN JAKARTA;CPE;AOs3251126092041652bde770;0;Comply;-19,46
202601;AREA 2;CENTRAL JABOTABEK;SOUTHERN JAKARTA;CPE;AOi42511140942028887976c0;0;Anomaly;
202601;AREA 2;JABAR;SOREANG;MJY;AOs32511300638460549e8610;0;Anomaly;
202601;AREA 2;JABAR;SOREANG;MJY;AOi425110808045419427d040;0;Anomaly;
202601;AREA 2;JABAR;SOREANG;MJY;AOi4251128104513932d0a970;0;Anomaly;
202601;AREA 2;JABAR;BANDUNG;BTJ;AOi425110410302268035e4b0;0;Anomaly;
202601;AREA 2;CENTRAL JABOTABEK;NORTHERN JAKARTA;SMI;AOi12511210457196840b9f30;0;Anomaly;
202601;AREA 2;CENTRAL JABOTABEK;NORTHERN JAKARTA;SMI;PDAk4251116121317816373570;0;Comply;-17,06
202601;AREA 2;CENTRAL JABOTABEK;NORTHERN JAKARTA;SMI;AOs3251116062953454492070;0;Comply;-17,93
202601;AREA 2;CENTRAL JABOTABEK;NORTHERN JAKARTA;TPR;AOi42511040317075595b1320;0;Anomaly;
202601;AREA 2;CENTRAL JABOTABEK;NORTHERN JAKARTA;TPR;AOi4251102025005334d260f0;0;Comply;-24,39
202601;AREA 2;CENTRAL JABOTABEK;NORTHERN JAKARTA;TPR;PDAk4251103012134253fefe50;0;Anomaly;
202601;AREA 2;CENTRAL JABOTABEK;NORTHERN JAKARTA;TPR;AOi42511170255563624e5140;0;Anomaly;
202601;AREA 2;CENTRAL JABOTABEK;NORTHERN JAKARTA;TPR;AOi4251109092340251e0ba00;0;Comply;-18,66
202601;AREA 2;JABAR;CIREBON;AWN;AOi4251110080012776675fa0;0;Anomaly;
202601;AREA 2;JABAR;CIREBON;AWN;AOi425112311330275482a530;0;Anomaly;
202601;AREA 2;JABAR;CIREBON;AWN;AOi4251117015831331c252c0;0;Anomaly;
202601;AREA 2;JABAR;CIREBON;AWN;AOi4251101055208332abc090;0;Comply;2,41
202601;AREA 2;JABAR;CIREBON;AWN;AOi12511110600404431fb3c0;0;Anomaly;
202601;AREA 2;JABAR;CIREBON;AWN;AOi4251110032805987730610;0;Anomaly;
202601;AREA 2;EASTERN JABOTABEK;KARAWANG;CBR;AOs3251111125933756f01e70;0;Comply;-0,99
202601;AREA 2;EASTERN JABOTABEK;KARAWANG;CBR;PDAk425112610362967860ac60;0;Anomaly;
202601;AREA 2;CENTRAL JABOTABEK;SOUTHERN JAKARTA;KLD;AOs3251128120944425b70ec0;0;Comply;-14,01
202601;AREA 2;CENTRAL JABOTABEK;SOUTHERN JAKARTA;KLD;AOi4251130023715939b515b0;0;Anomaly;
202601;AREA 2;CENTRAL JABOTABEK;SOUTHERN JAKARTA;KLD;AOi4251108085824495976450;0;Comply;-18,51
202601;AREA 2;JABAR;BANDUNG;DGO;AOi4251119083128626fe0490;0;Anomaly;
202601;AREA 2;JABAR;BANDUNG;DGO;AOi4251105081815417d3c3e0;0;Comply;-1,17
202601;AREA 2;JABAR;BANDUNG;DGO;AOi4251129075404700007260;0;Comply;-2,06
202601;AREA 2;JABAR;BANDUNG;DGO;AOi42511150640505074df700;0;Anomaly;
202601;AREA 2;JABAR;BANDUNG;DGO;AOk4251125075447675b25a30;0;Comply;-17,67
202601;AREA 2;WESTERN JABOTABEK;SERANG;CKD;AOi42511040738437856299f0;0;Anomaly;
202601;AREA 2;JABAR;BANDUNG;TRG;AOi42511200458298016df980;0;Anomaly;
202601;AREA 2;JABAR;BANDUNG;CLL;AOi4251107122503566df2880;0;Anomaly;
202601;AREA 2;JABAR;CIREBON;CBN;PDAk42511250737086114c2180;0;Anomaly;
202601;AREA 2;JABAR;CIREBON;CBN;AOi42511050253553571ab470;0;Anomaly;
202601;AREA 2;JABAR;CIREBON;CBN;AOs325111908034900853f7b0;0;Comply;-4,63
202601;AREA 2;JABAR;CIREBON;CBN;AOs325111908034900853f7b0;0;Comply;-20,53
202601;AREA 2;JABAR;CIREBON;CBN;AOi4251102025615972c9bf40;0;Anomaly;
202601;AREA 2;JABAR;CIREBON;CBN;AOi4251112025537962f52d50;0;Comply;-12,25
202601;AREA 2;JABAR;CIREBON;CBN;AOi42511220805220333f5760;0;Anomaly;
202601;AREA 2;JABAR;TASIKMALAYA;WNR;AOi4251109095025944850bf0;0;Anomaly;
202601;AREA 2;EASTERN JABOTABEK;KARAWANG;TAR;PDAk42511171028073779c66c0;0;Anomaly;
202601;AREA 2;EASTERN JABOTABEK;KARAWANG;TAR;AOs325111201044395651dc30;0;Anomaly;
202601;AREA 2;EASTERN JABOTABEK;KARAWANG;TAR;AOi4251101083054528c44740;0;Anomaly;
202601;AREA 2;EASTERN JABOTABEK;KARAWANG;TAR;AOi4251106034659919d787b0;0;Anomaly;
202601;AREA 2;EASTERN JABOTABEK;KARAWANG;TAR;AOi4251127100130273aa4b00;0;Anomaly;
202601;AREA 2;JABAR;CIREBON;PRD;AOk4251105044748737297000;0;Anomaly;
202601;AREA 2;JABAR;CIREBON;PRD;AOk42511280455017041ed440;0;Anomaly;
202601;AREA 2;JABAR;CIREBON;PRD;AOs325111112110474789fe10;0;Anomaly;
202601;AREA 2;EASTERN JABOTABEK;BEKASI;PCM;AOi4251113111949164ddc600;0;Comply;-3,21
202601;AREA 2;CENTRAL JABOTABEK;SOUTHERN JAKARTA;KMY;AOs32511240911543850515f0;0;Comply;-18,61
202601;AREA 2;EASTERN JABOTABEK;BEKASI;CNE;AOi42511271207588777c24d0;0;Comply;-16,61
202601;AREA 2;EASTERN JABOTABEK;KARAWANG;TBL;AOi4251117105537277411510;0;Comply;-1,38
202601;AREA 2;EASTERN JABOTABEK;KARAWANG;TBL;AOi4251116075123086788840;0;Comply;-0,73
202601;AREA 2;EASTERN JABOTABEK;KARAWANG;DNI;AOk4251111115702868069ad0;0;Anomaly;
202601;AREA 2;EASTERN JABOTABEK;KARAWANG;DNI;AOi425112312432091242c060;0;Anomaly;
202601;AREA 2;WESTERN JABOTABEK;SERANG;SPT;AOs3251126101858777278c40;0;Comply;-26,69
202601;AREA 2;JABAR;CIREBON;CLI;AOi4251102043331668570840;0;Anomaly;
202601;AREA 2;EASTERN JABOTABEK;BEKASI;CSL;AOs3251119053321254283be0;0;Comply;-3,09
202601;AREA 2;EASTERN JABOTABEK;BEKASI;CSL;AOi4251113091243195963170;0;Comply;-4,50
202601;AREA 2;EASTERN JABOTABEK;BEKASI;CSL;AOi4251102124109547af83c0;0;Anomaly;
202601;AREA 2;JABAR;CIREBON;PRD;AOi42511060352482869aef30;0;Anomaly;
202601;AREA 2;JABAR;CIREBON;PRD;AOs32511100458482305225a0;0;Anomaly;
202601;AREA 2;JABAR;CIREBON;PRD;PDAk42511270426232003fa5d0;0;Anomaly;
202601;AREA 2;JABAR;CIREBON;PRD;AOi4251111073606138018bd0;0;Comply;-3,39
202601;AREA 2;JABAR;CIREBON;PRD;AOi42511110120049601cc810;0;Comply;-2,31
202601;AREA 2;JABAR;CIREBON;PRD;AOi42511130940300707b14f0;0;Anomaly;
202601;AREA 2;JABAR;CIREBON;PRD;AOi42511261254415245a3340;0;Comply;-16,67
202601;AREA 2;JABAR;CIREBON;PRD;AOi4251114042152433173bd0;0;Comply;-15,33
202601;AREA 2;EASTERN JABOTABEK;KARAWANG;CIK;AOi42511270218141488c6f10;0;Anomaly;
202601;AREA 2;CENTRAL JABOTABEK;SOUTHERN JAKARTA;KMG;AOs32511080934143260cc710;0;Anomaly;
202601;AREA 2;CENTRAL JABOTABEK;SOUTHERN JAKARTA;KMG;AOk4251031122535069f161a0;0;Anomaly;
202601;AREA 2;CENTRAL JABOTABEK;SOUTHERN JAKARTA;KMG;AOi4251130113959836c1ff50;0;Anomaly;
202601;AREA 2;CENTRAL JABOTABEK;SOUTHERN JAKARTA;KMG;AOi42511181210026361599d0;0;Anomaly;
202601;AREA 2;WESTERN JABOTABEK;TANGERANG;TAN;AOk42511050117203751a9230;0;Anomaly;
202601;AREA 2;WESTERN JABOTABEK;TANGERANG;TAN;AOi4251116081115806d82c90;0;Anomaly;
202601;AREA 2;WESTERN JABOTABEK;TANGERANG;TAN;AOs3251117070618727690880;0;Anomaly;
202601;AREA 2;WESTERN JABOTABEK;TANGERANG;TAN;AOi42511261204145029b4ef0;0;Anomaly;
202601;AREA 2;WESTERN JABOTABEK;TANGERANG;TAN;AOi42511290823095397cf740;0;Anomaly;
202601;AREA 2;JABAR;TASIKMALAYA;LAG;AOi4251104031501649bd8c10;0;Anomaly;
202601;AREA 2;JABAR;TASIKMALAYA;LAG;AOi4251030105451527ce5ea0;0;Anomaly;
202601;AREA 2;EASTERN JABOTABEK;BOGOR;STL;AOi425111910402782977b170;0;Anomaly;
202601;AREA 2;JABAR;CIREBON;IMY;AOi4251115112408774d83df0;0;Comply;-1,38
202601;AREA 2;JABAR;TASIKMALAYA;CMS;AOi42511211217542868bc310;0;Anomaly;
202601;AREA 2;JABAR;TASIKMALAYA;CMS;AOi42511211217542868bc310;0;Anomaly;
202601;AREA 2;JABAR;TASIKMALAYA;CMS;AOi4251108093321761fcbda0;0;Anomaly;
202601;AREA 2;JABAR;SOREANG;RGA;AOk42511151049180610c65a0;0;Anomaly;
202601;AREA 2;CENTRAL JABOTABEK;SOUTHERN JAKARTA;JAG;AOs32510281059114955bc110;0;Anomaly;
202601;AREA 2;EASTERN JABOTABEK;KARAWANG;CKP;AOs32511070859438264219d0;0;Anomaly;
202601;AREA 2;EASTERN JABOTABEK;KARAWANG;CKP;AOi4251118102843301501050;0;Anomaly;
202601;AREA 2;JABAR;BANDUNG;TLE;AOs32511010635203360cdaa0;0;Comply;-1,28
202601;AREA 2;JABAR;BANDUNG;TLE;AOi42511190323582589a94b0;0;Anomaly;
202601;AREA 2;JABAR;BANDUNG;TLE;AOk425112708413980436d9a0;0;Anomaly;
202601;AREA 2;JABAR;BANDUNG;TLE;AOi42511011221501694ed570;0;Anomaly;
202601;AREA 2;JABAR;BANDUNG;TLE;AOs3251107122705971eaff70;0;Anomaly;
202601;AREA 2;JABAR;BANDUNG;TLE;AOs3251124072348062d690b0;0;Anomaly;
202601;AREA 2;EASTERN JABOTABEK;BOGOR;CSR;AOi42511190441552668d8e80;0;Comply;-18,46
202601;AREA 2;EASTERN JABOTABEK;BOGOR;CSR;AOs32511261130425924a5100;0;Anomaly;
202601;AREA 2;JABAR;TASIKMALAYA;SPA;AOi4251103041804075c0d7c0;0;Anomaly;
202601;AREA 2;JABAR;TASIKMALAYA;SPA;AOi4251111112134314e6e330;0;Anomaly;
202601;AREA 2;JABAR;TASIKMALAYA;SPA;AOs325103101512143338efb0;0;Anomaly;
202601;AREA 2;JABAR;TASIKMALAYA;SPA;AOi4251106061452510db8d50;0;Comply;-3,08
202601;AREA 2;EASTERN JABOTABEK;BOGOR;CBD;AOi4251116094351871296f30;0;Anomaly;
202601;AREA 2;CENTRAL JABOTABEK;NORTHERN JAKARTA;MRD;AOi425112211410173507b580;0;Anomaly;
202601;AREA 2;CENTRAL JABOTABEK;NORTHERN JAKARTA;MRD;AOi425110302452102625e3d0;0;Anomaly;
202601;AREA 2;EASTERN JABOTABEK;BOGOR;SPL;AOs3251127093123369244820;0;Anomaly;
202601;AREA 2;EASTERN JABOTABEK;BOGOR;SPL;PDAk425112702451106026ac10;0;Anomaly;
202601;AREA 2;JABAR;BANDUNG;LEM;AOi42511011135521454b7850;0;Anomaly;
202601;AREA 2;JABAR;BANDUNG;LEM;AOi4251031083817933c4c640;0;Comply;-24,93
202601;AREA 2;JABAR;BANDUNG;LEM;AOi42511231047202152a29f0;0;Comply;-2,14
202601;AREA 2;EASTERN JABOTABEK;BOGOR;TJO;AOi4251104105142219a20f60;0;Anomaly;
202601;AREA 2;EASTERN JABOTABEK;BOGOR;TJO;AOi42511131208529803de7b0;0;Comply;-20,04
202601;AREA 2;EASTERN JABOTABEK;BOGOR;TJO;AOi4251106031553919e54f40;0;Anomaly;
202601;AREA 2;EASTERN JABOTABEK;BOGOR;TJO;AOi425110410330733808cc50;0;Comply;-12,55
202601;AREA 2;CENTRAL JABOTABEK;SOUTHERN JAKARTA;TBE;AOi4251031092733253ecba00;0;Anomaly;
202601;AREA 2;CENTRAL JABOTABEK;SOUTHERN JAKARTA;TBE;AOs32511101003015116af900;0;Anomaly;
202601;AREA 2;CENTRAL JABOTABEK;SOUTHERN JAKARTA;TBE;AOs3251105050943707f71130;0;Anomaly;
202601;AREA 2;CENTRAL JABOTABEK;NORTHERN JAKARTA;CIL;AOi42511080206249728f75d0;0;Comply;-6,15
202601;AREA 2;CENTRAL JABOTABEK;NORTHERN JAKARTA;CIL;AOi425111612021564824ad00;0;Anomaly;
202601;AREA 2;CENTRAL JABOTABEK;NORTHERN JAKARTA;CIL;AOi12511240706258353382f0;0;Anomaly;
202601;AREA 2;EASTERN JABOTABEK;BOGOR;PAR;AOs325112305203373249b930;0;Anomaly;
202601;AREA 2;EASTERN JABOTABEK;BOGOR;PAR;AOi4251115090334852deb920;0;Anomaly;
202601;AREA 2;EASTERN JABOTABEK;BOGOR;PAR;AOi42511040521022606defe0;0;Anomaly;
202601;AREA 2;JABAR;CIREBON;LOS;AOi4251106023033833325f30;0;Anomaly;
202601;AREA 2;JABAR;CIREBON;LOS;AOi4251127072020221cf91c0;0;Anomaly;
202601;AREA 2;WESTERN JABOTABEK;SERANG;BJO;AOi4251130021106748c78da0;0;Anomaly;
202601;AREA 2;EASTERN JABOTABEK;KARAWANG;KLI;AOi4251113032027105756290;0;Comply;-19,21
202601;AREA 2;EASTERN JABOTABEK;KARAWANG;KLI;AOs325111606322885532f3c0;0;Anomaly;
202601;AREA 2;EASTERN JABOTABEK;KARAWANG;KLI;AOs325111606322885532f3c0;0;Comply;-15,43
202601;AREA 2;EASTERN JABOTABEK;KARAWANG;KLI;AOi4251117083936573818100;0;Comply;-21,37
202601;AREA 2;EASTERN JABOTABEK;KARAWANG;KLI;AOi42511031043496222bffb0;0;Anomaly;
202601;AREA 2;JABAR;BANDUNG;CJR;AOi42511300934284738c6560;0;Anomaly;
202601;AREA 2;JABAR;BANDUNG;CJR;AOk4251127125737601122250;0;Comply;-89,71
202601;AREA 2;JABAR;TASIKMALAYA;KDN;AOi4251113094100140a54230;0;Anomaly;
202601;AREA 2;JABAR;CIREBON;SDU;AOi4251120082712983f8f2d0;0;Anomaly;
202601;AREA 2;EASTERN JABOTABEK;KARAWANG;STN;AOi42511181100552489ea070;0;Anomaly;
202601;AREA 2;EASTERN JABOTABEK;KARAWANG;STN;AOs3251118035810032410070;0;Comply;-18,49
202601;AREA 2;EASTERN JABOTABEK;KARAWANG;STN;AOs3251118035810032410070;0;Anomaly;
202601;AREA 2;EASTERN JABOTABEK;KARAWANG;STN;AOi4251115013255342572af0;0;Anomaly;
202601;AREA 2;EASTERN JABOTABEK;BEKASI;BEK;PDAk4251127081805189b6ce80;0;Anomaly;
202601;AREA 2;EASTERN JABOTABEK;BEKASI;BEK;AOi1251104034540314c35b20;0;Anomaly;
202601;AREA 2;EASTERN JABOTABEK;KARAWANG;LMA;AOi42510281226162592976a0;0;Anomaly;
202601;AREA 2;EASTERN JABOTABEK;KARAWANG;LMA;AOi4251118035059470bc4380;0;Anomaly;
202601;AREA 2;CENTRAL JABOTABEK;NORTHERN JAKARTA;PLM;AOs3251108115310074aca750;0;Anomaly;
202601;AREA 2;CENTRAL JABOTABEK;NORTHERN JAKARTA;PLM;AOi4251110014557080d07720;0;Anomaly;
202601;AREA 2;CENTRAL JABOTABEK;NORTHERN JAKARTA;PLM;AOi4251110014557080d07720;0;Anomaly;
202601;AREA 2;CENTRAL JABOTABEK;NORTHERN JAKARTA;PLM;AOi4251121041249129cd5e40;0;Anomaly;
202601;AREA 2;JABAR;CIREBON;JTB;AOi42511210856578034e1cb0;0;Anomaly;
202601;AREA 2;CENTRAL JABOTABEK;SOUTHERN JAKARTA;KAL;AOi4251107033350655c6c9e0;0;Anomaly;
202601;AREA 2;CENTRAL JABOTABEK;SOUTHERN JAKARTA;KAL;PDAk4251031080123028f90080;0;Anomaly;
202601;AREA 2;CENTRAL JABOTABEK;SOUTHERN JAKARTA;KAL;AOi425110109035475661d840;0;Comply;-22,97
202601;AREA 2;EASTERN JABOTABEK;KARAWANG;SUE;AOs3251112024629563a57220;0;Comply;-1,55
202601;AREA 2;CENTRAL JABOTABEK;SOUTHERN JAKARTA;PSM;PDAk4251102111208409869a40;0;Comply;-0,91
202601;AREA 2;CENTRAL JABOTABEK;SOUTHERN JAKARTA;PSM;AOi1251118025010243b96d40;0;Anomaly;
202601;AREA 2;CENTRAL JABOTABEK;SOUTHERN JAKARTA;PSM;AOs32511290753107448b0a60;0;Anomaly;
202601;AREA 2;CENTRAL JABOTABEK;SOUTHERN JAKARTA;PSM;AOi4251125101402830209fd0;0;Anomaly;
202601;AREA 2;JABAR;TASIKMALAYA;KNU;AOk42511251227277546fe8e0;0;Anomaly;
202601;AREA 2;EASTERN JABOTABEK;KARAWANG;CIK;PDAk4251104112704316356160;0;Comply;-16,57
202601;AREA 2;JABAR;TASIKMALAYA;PMP;AOi4251121052118431e7d6f0;0;Anomaly;
202601;AREA 2;JABAR;TASIKMALAYA;PMP;AOi4251112031258632f0bcd0;0;Anomaly;
202601;AREA 2;JABAR;TASIKMALAYA;PMP;AOi42511230936163509c31a0;0;Comply;-24,02
202601;AREA 2;JABAR;TASIKMALAYA;PMP;AOi4251123085846727f97d00;0;Anomaly;
202601;AREA 2;JABAR;TASIKMALAYA;PMP;AOi4251030112614830fdbd00;0;Anomaly;
202601;AREA 2;JABAR;TASIKMALAYA;PMP;AOi4251121052118431e7d6f0;0;Comply;-26,81
202601;AREA 2;JABAR;TASIKMALAYA;PMP;AOi4251116011248102a87400;0;Anomaly;
202601;AREA 2;CENTRAL JABOTABEK;NORTHERN JAKARTA;PDM;AOs3251126024553080f888e0;0;Comply;-25,09
202601;AREA 2;CENTRAL JABOTABEK;NORTHERN JAKARTA;PDM;AOi4251106015619708c90e70;0;Comply;-2,17
202601;AREA 2;CENTRAL JABOTABEK;NORTHERN JAKARTA;PDM;AOi4251110072711929025440;0;Anomaly;
202601;AREA 2;CENTRAL JABOTABEK;NORTHERN JAKARTA;PDM;AOs3251126074429862c2f690;0;Anomaly;
202601;AREA 2;CENTRAL JABOTABEK;NORTHERN JAKARTA;PDM;AOi4251106015619708c90e70;0;Anomaly;
202601;AREA 2;CENTRAL JABOTABEK;NORTHERN JAKARTA;PDM;AOs3251105074757569b1d4b0;0;Comply;1,23
202601;AREA 2;CENTRAL JABOTABEK;NORTHERN JAKARTA;PDM;AOi4251125015440849621b10;0;Comply;-9,98
202601;AREA 2;CENTRAL JABOTABEK;NORTHERN JAKARTA;PDM;AOi4251109085837286dc1f60;0;Anomaly;
202601;AREA 2;WESTERN JABOTABEK;TANGERANG;CLD;AOs3251119114654882e47d60;0;Anomaly;
202601;AREA 2;WESTERN JABOTABEK;TANGERANG;CLD;AOi4251108013227521327e00;0;Anomaly;
202601;AREA 2;JABAR;BANDUNG;CJG;AOi4251104091855452af6ac0;0;Anomaly;
202601;AREA 2;JABAR;BANDUNG;CJG;AOi4251128080250581c05f10;0;Anomaly;
202601;AREA 2;EASTERN JABOTABEK;KARAWANG;BGG;AOi1251104110437278ed1100;0;Anomaly;
202601;AREA 2;EASTERN JABOTABEK;KARAWANG;BGG;AOi425110207194732461ad20;0;Comply;-22,69
202601;AREA 2;EASTERN JABOTABEK;KARAWANG;BGG;AOi12511071229244969f1470;0;Anomaly;
202601;AREA 2;EASTERN JABOTABEK;KARAWANG;BGG;AOi4251127103912744961390;0;Anomaly;
202601;AREA 2;EASTERN JABOTABEK;KARAWANG;BGG;AOi4251111051803331ca7500;0;Comply;-16,00
202601;AREA 2;JABAR;CIREBON;CBN;AOi42510310344369078ce030;0;Anomaly;
202601;AREA 2;JABAR;CIREBON;CBN;AOk42511170512518095f19c0;0;Anomaly;
202601;AREA 2;CENTRAL JABOTABEK;SOUTHERN JAKARTA;RMG;AOi1251030060649370ea7f20;0;Anomaly;
202601;AREA 2;CENTRAL JABOTABEK;SOUTHERN JAKARTA;RMG;AOi42511261156266741144a0;0;Anomaly;
202601;AREA 2;CENTRAL JABOTABEK;SOUTHERN JAKARTA;RMG;AOi4251118095831317ee7740;0;Anomaly;
202601;AREA 2;CENTRAL JABOTABEK;SOUTHERN JAKARTA;RMG;AOi42511171145435946ab8c0;0;Anomaly;
202601;AREA 2;CENTRAL JABOTABEK;SOUTHERN JAKARTA;RMG;AOs32511130652128842a41f0;0;Anomaly;
202601;AREA 2;CENTRAL JABOTABEK;SOUTHERN JAKARTA;RMG;AOs32511180231522949db830;0;Anomaly;
202601;AREA 2;CENTRAL JABOTABEK;SOUTHERN JAKARTA;RMG;AOs32511130652128842a41f0;0;Anomaly;
202601;AREA 2;CENTRAL JABOTABEK;SOUTHERN JAKARTA;PGB;AOi425112504331730811a910;0;Anomaly;
202601;AREA 2;CENTRAL JABOTABEK;SOUTHERN JAKARTA;PGB;AOs32511081219493919bc9f0;0;Comply;-112,60
202601;AREA 2;CENTRAL JABOTABEK;SOUTHERN JAKARTA;PGB;AOi4251129095254155022720;0;Anomaly;
202601;AREA 2;CENTRAL JABOTABEK;SOUTHERN JAKARTA;PGB;AOi425111703151080914a6b0;0;Anomaly;
202601;AREA 2;WESTERN JABOTABEK;SERANG;KJO;AOi4251112011359837490ba0;0;Comply;-0,99
202601;AREA 2;CENTRAL JABOTABEK;NORTHERN JAKARTA;STR;AOs325112501451980641e830;0;Anomaly;
202601;AREA 2;CENTRAL JABOTABEK;NORTHERN JAKARTA;STR;AOi4251111092448941c196c0;0;Anomaly;
202601;AREA 2;CENTRAL JABOTABEK;NORTHERN JAKARTA;STR;AOk42511250302177837edaa0;0;Anomaly;
202601;AREA 2;EASTERN JABOTABEK;KARAWANG;PWK;AOi4251109081132356574cb0;0;Anomaly;
202601;AREA 2;EASTERN JABOTABEK;KARAWANG;PWK;AOi4251104100102258649610;0;Comply;-21,75
202601;AREA 2;EASTERN JABOTABEK;KARAWANG;PWK;AOs3251113074934786cf2990;0;Anomaly;
202601;AREA 2;JABAR;BANDUNG;CKW;AOi42511090735196917d1380;0;Anomaly;
202601;AREA 2;WESTERN JABOTABEK;SERANG;CSK;AOs3251109054705362f46e80;0;Anomaly;
202601;AREA 2;WESTERN JABOTABEK;SERANG;CSK;AOs3251116043155780fa1d40;0;Anomaly;
202601;AREA 2;CENTRAL JABOTABEK;SOUTHERN JAKARTA;PGG;PDAk4251119011913365f28d70;0;Comply;-17,90
202601;AREA 2;CENTRAL JABOTABEK;SOUTHERN JAKARTA;PGG;AOk4251124120134523b7ed50;0;Anomaly;
202601;AREA 2;CENTRAL JABOTABEK;SOUTHERN JAKARTA;PGG;AOs325110312235795104fce0;0;Comply;1,16
202601;AREA 2;JABAR;SOREANG;MJY;AOi1251127012341240055a30;0;Anomaly;
202601;AREA 2;JABAR;SOREANG;MJY;AOi1251127012341240055a30;0;Anomaly;
202601;AREA 2;JABAR;SOREANG;MJY;AOi42511300703565956193e0;0;Anomaly;
202601;AREA 2;JABAR;SOREANG;MJY;AOi4251128104513932d0a970;0;Anomaly;
202601;AREA 2;JABAR;SOREANG;MJY;AOi42511141033337068f1c20;0;Anomaly;
202601;AREA 2;JABAR;SOREANG;MJY;AOi425112802063461584eca0;0;Anomaly;
202601;AREA 2;EASTERN JABOTABEK;BOGOR;PAG;AOb0251123124540433871c30;0;Anomaly;
202601;AREA 2;JABAR;BANDUNG;SDL;AOi4251031075652202afe890;0;Anomaly;
202601;AREA 2;JABAR;BANDUNG;SDL;AOi425111910393124406b8e0;0;Anomaly;
202601;AREA 2;EASTERN JABOTABEK;BEKASI;DEP;AOi42511291220019585429e0;0;Anomaly;
202601;AREA 2;EASTERN JABOTABEK;BEKASI;DEP;AOi1251122070447027973df0;0;Comply;-21,05
202601;AREA 2;EASTERN JABOTABEK;BEKASI;DEP;AOi4251113020135349429900;0;Comply;0,84
202601;AREA 2;EASTERN JABOTABEK;BEKASI;DEP;AOk425110501472692795d440;0;Comply;-18,30
202601;AREA 2;EASTERN JABOTABEK;BEKASI;DEP;AOi42511101228505935a7c50;0;Comply;-19,85
202601;AREA 2;EASTERN JABOTABEK;BEKASI;DEP;AOi4251113020135349429900;0;Anomaly;
202601;AREA 2;EASTERN JABOTABEK;BEKASI;DEP;AOi4251120125551816585930;0;Anomaly;
202601;AREA 2;CENTRAL JABOTABEK;NORTHERN JAKARTA;KPK;AOi1251125124630953b34a20;0;Comply;-3,49
202601;AREA 2;CENTRAL JABOTABEK;SOUTHERN JAKARTA;CID;AOs3251115094645563ff7b30;0;Comply;-25,52
202601;AREA 2;CENTRAL JABOTABEK;SOUTHERN JAKARTA;CID;AOi425112412195894144f2f0;0;Comply;-15,80
202601;AREA 2;CENTRAL JABOTABEK;SOUTHERN JAKARTA;CID;AOs3251031104037768aef970;0;Comply;-58,66
202601;AREA 2;CENTRAL JABOTABEK;NORTHERN JAKARTA;KLG;AOs3251114100635259425db0;0;Anomaly;
202601;AREA 2;CENTRAL JABOTABEK;NORTHERN JAKARTA;KLG;AOi4251107093359558e589c0;0;Anomaly;
202601;AREA 2;CENTRAL JABOTABEK;NORTHERN JAKARTA;KLG;AOi4251119035525242079ee0;0;Anomaly;
202601;AREA 2;JABAR;CIREBON;CKY;AOi4251102022036826a03f10;0;Anomaly;
202601;AREA 2;JABAR;CIREBON;CKY;AOi4251102022036826a03f10;0;Anomaly;
202601;AREA 2;JABAR;CIREBON;CKY;AOi4251104091524466528e60;0;Anomaly;
202601;AREA 2;EASTERN JABOTABEK;BEKASI;PKY;AOs3251124035243923d18890;0;Comply;-22,27
202601;AREA 2;EASTERN JABOTABEK;BEKASI;PKY;AOi4251115024808670b85b60;0;Anomaly;
202601;AREA 2;EASTERN JABOTABEK;BEKASI;PKY;AOi12511090108380527bae30;0;Anomaly;
202601;AREA 2;EASTERN JABOTABEK;BEKASI;PKY;AOi42511090628024896cd1f0;0;Comply;-15,02
202601;AREA 2;EASTERN JABOTABEK;BEKASI;PKY;AOi425111111301768753c770;0;Anomaly;
202601;AREA 2;EASTERN JABOTABEK;BEKASI;PKY;PDAk4251108092424234821cc0;0;Comply;-22,09
202601;AREA 2;EASTERN JABOTABEK;BEKASI;PKY;AOi4251111052046851249360;0;Comply;-16,16
202601;AREA 2;EASTERN JABOTABEK;BEKASI;PKY;AOs3251124035243923d18890;0;Anomaly;
202601;AREA 2;EASTERN JABOTABEK;BEKASI;PKY;AOs325110703062693260cc50;0;Comply;-25,54
202601;AREA 2;EASTERN JABOTABEK;BEKASI;CNE;AOi4251106121515042bbd320;0;Anomaly;
202601;AREA 2;EASTERN JABOTABEK;BEKASI;CNE;AOs3251120063347332695df0;0;Comply;-14,86
202601;AREA 2;JABAR;TASIKMALAYA;PAX;AOi4251103113302721bb7bb0;0;Anomaly;
202601;AREA 2;JABAR;TASIKMALAYA;PAX;AOi42511030241549010a1c10;0;Anomaly;
202601;AREA 2;WESTERN JABOTABEK;SERANG;CKA;AOi4251127044530575ece560;0;Comply;-17,35
202601;AREA 2;WESTERN JABOTABEK;SERANG;CKA;AOi4251112013312146569fe0;0;Anomaly;
202601;AREA 2;WESTERN JABOTABEK;SERANG;CKA;AOi42511151227138873ae550;0;Anomaly;
202601;AREA 2;WESTERN JABOTABEK;SERANG;CKA;AOi4251107015045447177220;0;Anomaly;
202601;AREA 2;WESTERN JABOTABEK;SERANG;CKA;AOi42511260206580649b7420;0;Comply;-1,54
202601;AREA 2;CENTRAL JABOTABEK;NORTHERN JAKARTA;TPR;AOi42511120317408622427e0;0;Anomaly;
202601;AREA 2;CENTRAL JABOTABEK;NORTHERN JAKARTA;TPR;AOi4251119104552956d211f0;0;Anomaly;
202601;AREA 2;CENTRAL JABOTABEK;NORTHERN JAKARTA;TPR;AOi42511200805178940087d0;0;Anomaly;
202601;AREA 2;CENTRAL JABOTABEK;NORTHERN JAKARTA;TPR;AOi425112404193603413c6b0;0;Anomaly;
202601;AREA 2;CENTRAL JABOTABEK;NORTHERN JAKARTA;TPR;AOi4251126072815839c2fb10;0;Comply;-18,84
202601;AREA 2;CENTRAL JABOTABEK;NORTHERN JAKARTA;TPR;AOs3251123015117374f5a740;0;Anomaly;
202601;AREA 2;CENTRAL JABOTABEK;NORTHERN JAKARTA;TPR;AOs3251127045813870869bc0;0;Anomaly;
202601;AREA 2;CENTRAL JABOTABEK;NORTHERN JAKARTA;TPR;AOi42511230904455484a19b0;0;Anomaly;
202601;AREA 2;JABAR;SOREANG;RCK;AOi4251104042919651fbb060;0;Comply;-16,03
202601;AREA 2;JABAR;SOREANG;RCK;AOi4251129104600226703d60;0;Anomaly;
202601;AREA 2;JABAR;SOREANG;RCK;AOi425112007073668703f9d0;0;Comply;-22,34
202601;AREA 2;JABAR;SOREANG;RCK;AOi425111708151216039bf50;0;Anomaly;
202601;AREA 2;JABAR;SOREANG;RCK;AOk425112909492204694d380;0;Anomaly;
202601;AREA 2;JABAR;SOREANG;RCK;AOi4251128110345191315b80;0;Anomaly;
202601;AREA 2;JABAR;SOREANG;RCK;AOb02511030144009824189c0;0;Anomaly;
202601;AREA 2;JABAR;SOREANG;RCK;PDAk4251125055706281824eb0;0;Comply;-18,45
202601;AREA 2;JABAR;SOREANG;RCK;AOi4251128110345191315b80;0;Anomaly;
202601;AREA 2;JABAR;SOREANG;RCK;AOs3251122085900981155a40;0;Comply;-19,18
