Periode;Area;Witel;Branch;STO;Order_ID;Flag_Exclude;SLA_Status;Duration_Hours
202604;AREA 3;JATENG-DIY;YOGYAKARTA;PKM;AOi4260226114704362322c00;0;Anomaly;
202604;AREA 1;SUMBAGUT;CENTRAL MEDAN;PUB;AOi4260225081502382172050;0;Anomaly;
202604;AREA 3;JATIM;MADIUN;KDI;AOi42602260258038543f3d90;0;Anomaly;
202604;AREA 4;KALIMANTAN;BANJARMASIN;GMB;AOi42602281150387699ea210;0;Anomaly;
202604;AREA 3;BALI NUSRA;FLORES;MMR;AOi42602260443038787a6e30;0;Anomaly;
202604;AREA 2;CENTRAL JABOTABEK;NORTHERN JAKARTA;PLM;AOb026022611552941100c720;0;Anomaly;
202604;AREA 3;JATIM;SIDOARJO;SDN;AOi426022801104433656d1a0;0;Anomaly;
202604;AREA 4;KALIMANTAN;BALIKPAPAN;GSA;AOb0260227053349105ee4bd0;0;Comply;-19,79
202604;AREA 2;CENTRAL JABOTABEK;NORTHERN JAKARTA;KTX;AOi426022602135346016d130;0;Anomaly;
202604;AREA 1;SUMBAGTENG;BUKIT TINGGI;PYK;AOi4260226073734862c5d920;0;Anomaly;
202604;AREA 2;JABAR;BANDUNG;LBG;AOi4260225053917922f38580;0;Comply;0,81
202604;AREA 2;JABAR;SOREANG;RCK;AOk42602271051540359a9930;0;Anomaly;
202604;AREA 2;CENTRAL JABOTABEK;NORTHERN JAKARTA;PLM;AOi4260226061431728c9cb20;0;Anomaly;
202604;AREA 3;JATIM;LAMONGAN;KDE;AOi4260226093652166d90a90;0;Anomaly;
202604;AREA 1;SUMBAGTENG;PADANG;KJI;AOi4260227103206410f7bf90;0;Comply;-52,23
202604;AREA 2;WESTERN JABOTABEK;TANGERANG;CLD;AOi42602260851266188e7f30;0;Anomaly;
202604;AREA 4;KALIMANTAN;PONTIANAK;PTK;AOi4260224053546148d6e5c0;0;Anomaly;
202604;AREA 3;JATENG-DIY;PEKALONGAN;BBT;AOi4260226093402886e0f6b0;0;Anomaly;
202604;AREA 3;JATENG-DIY;PURWOKERTO;AJB;AOi4260225101837362164320;0;Anomaly;
202604;AREA 3;JATIM;JEMBER;KPP;AOi4260225104414486cce7a0;0;Anomaly;
202604;AREA 2;JABAR;TASIKMALAYA;TSM;AOi1260228075948512be4e10;0;Anomaly;
202604;AREA 1;SUMBAGUT;CENTRAL MEDAN;CTD;AOi42602261002539400b4fb0;0;Anomaly;
202604;AREA 1;SUMBAGUT;PEMATANG SIANTAR;BST;AOi42602241121517180fcd70;0;Anomaly;
202604;AREA 1;SUMBAGUT;BANDA ACEH;BPD;AOi42602271226450628218e0;0;Anomaly;
202604;AREA 1;SUMBAGUT;CENTRAL MEDAN;TJR;AOi4260226082405254920e60;0;Anomaly;
202604;AREA 1;SUMBAGUT;BANDA ACEH;KTN;AOi4260223114450055798780;0;Anomaly;
202604;AREA 4;MALUKU DAN PAPUA;AMBON;ABO;AOi42602230652214762b33f0;0;Anomaly;
202604;AREA 3;JATENG-DIY;PEKALONGAN;PKL;AOi4260224085246788db22a0;0;Anomaly;
202604;AREA 1;SUMBAGUT;CENTRAL MEDAN;TMU;AOi4260228105122630e76340;0;Anomaly;
202604;AREA 1;SUMBAGTENG;PADANG;ULK;AOi426022405460743151ed60;0;Anomaly;
202604;AREA 4;KALIMANTAN;PONTIANAK;SNW;AOi4260227074345330717510;0;Anomaly;
202604;AREA 3;JATENG-DIY;MAGELANG;MGE;AOi42602201138592729eb7d0;0;Anomaly;
202604;AREA 2;CENTRAL JABOTABEK;NORTHERN JAKARTA;TPR;AOs3260227101807593b24b70;0;Anomaly;
202604;AREA 4;KALIMANTAN;PONTIANAK;JAW;AOi4260226103007543890140;0;Anomaly;
202604;AREA 3;BALI NUSRA;MATARAM;BIM;AOi4260224085444422f4f850;0;Anomaly;
202604;AREA 1;SUMBAGUT;CENTRAL MEDAN;TJM;AOs3260227113655123b89660;0;Anomaly;
202604;AREA 4;KALIMANTAN;PANGKALAN BUN;KTP;AOi4260222030201147fe4750;0;Anomaly;
202604;AREA 1;SUMBAGSEL;JAMBI;PAP;AOi4260226043825583f93da0;0;Anomaly;
202604;AREA 3;BALI NUSRA;DENPASAR;MMN;AOi426022601343258806f9b0;0;Anomaly;
202604;AREA 3;JATIM;SURABAYA;PME;AOi4260222101344741d9c960;0;Anomaly;
202604;AREA 2;WESTERN JABOTABEK;TANGERANG;PKU;AOs3260223030744640273920;0;Anomaly;
202604;AREA 2;JABAR;SOREANG;RCK;AOk42602271051540359a9930;0;Anomaly;
202604;AREA 1;SUMBAGTENG;BATAM;LBJ;AOi42602241148287639ad060;0;Anomaly;
202604;AREA 3;JATENG-DIY;SEMARANG;SSL;AOi42602241256536909ccfc0;0;Comply;-16,43
202604;AREA 1;SUMBAGUT;CENTRAL MEDAN;PUB;AOi4260225033041753cd9e20;0;Anomaly;
202604;AREA 4;KALIMANTAN;BANJARMASIN;MTP;AOi4260223065501207e28390;0;Anomaly;
202604;AREA 3;JATENG-DIY;PEKALONGAN;KTM;AOi4260225074838627586610;0;Comply;2,31
202604;AREA 1;SUMBAGSEL;LAMPUNG;BDA;AOi4260212025748775ba8430;0;Anomaly;
202604;AREA 1;SUMBAGUT;BANDA ACEH;TKN;AOi12602210303419388a6000;0;Anomaly;
202604;AREA 1;SUMBAGUT;PEMATANG SIANTAR;PDN;AOi4260224072301883dd9e30;0;Anomaly;
202604;AREA 4;KALIMANTAN;BANJARMASIN;LUL;AOk42602210815017578fc5b0;0;Anomaly;
202604;AREA 2;JABAR;SOREANG;RCK;AOk42602271051540359a9930;0;Anomaly;
202604;AREA 1;SUMBAGSEL;PALEMBANG;PGC;AOi4260223114839690692330;0;Anomaly;
202604;AREA 1;SUMBAGUT;WESTERN MEDAN;LGS;AOi4260218122626733017290;0;Anomaly;
202604;AREA 4;SULAWESI;MAKASSAR;SUG;AOi4260221112516635207270;0;Anomaly;
202604;AREA 2;CENTRAL JABOTABEK;SOUTHERN JAKARTA;PSM;AOi4260225092357586736680;0;Anomaly;
202604;AREA 4;SULAWESI;GORONTALO;KWD;AOi426022212420906239aef0;0;Anomaly;
202604;AREA 1;SUMBAGSEL;LAMPUNG;KBI;AOi4260226085033696e66eb0;0;Anomaly;
202604;AREA 1;SUMBAGSEL;BENGKULU;MNA;AOi4260223011925650ba1cd0;0;Anomaly;
202604;AREA 4;SULAWESI;PALU;PLA;AOi42602240433428456aaad0;0;Anomaly;
202604;AREA 2;CENTRAL JABOTABEK;SOUTHERN JAKARTA;PSM;AOi4260225092357586736680;0;Anomaly;
202604;AREA 1;SUMBAGSEL;PANGKAL PINANG;TJN;AOi4260227125250693ecd260;0;Anomaly;
202604;AREA 3;JATIM;JEMBER;KKH;AOi4260223050451806bbfe10;0;Anomaly;
202604;AREA 4;KALIMANTAN;BALIKPAPAN;BAM;AOi426022106400997517d9b0;0;Anomaly;
202604;AREA 2;EASTERN JABOTABEK;BEKASI;CSL;AOi4260224111509987620a20;0;Anomaly;
202604;AREA 1;SUMBAGUT;CENTRAL MEDAN;CTD;AOi4260227072105583fdde70;0;Anomaly;
202604;AREA 1;SUMBAGUT;BANDA ACEH;MGD;AOi426022702380356724c090;0;Anomaly;
202604;AREA 4;KALIMANTAN;BALIKPAPAN;MLA;AOi4260224092736725c36640;0;Anomaly;
202604;AREA 2;CENTRAL JABOTABEK;NORTHERN JAKARTA;MRY;AOi4260225115613584514550;0;Comply;-24,05
202604;AREA 1;SUMBAGSEL;PANGKAL PINANG;TJN;AOi42602251225421450813d0;0;Anomaly;
202604;AREA 4;KALIMANTAN;PONTIANAK;SDR;AOi42602240127375326e3170;0;Anomaly;
202604;AREA 1;SUMBAGUT;PEMATANG SIANTAR;PSA;AOk4260225023103696e7afe0;0;Anomaly;
202604;AREA 3;BALI NUSRA;KUPANG;ATB;AOi4260223015659873576cc0;0;Anomaly;
202604;AREA 4;SULAWESI;PALU;PLA;AOi1260224081139256d8f260;0;Anomaly;
202604;AREA 3;BALI NUSRA;KUPANG;KEF;AOi42602270705574635c94d0;0;Anomaly;
202604;AREA 1;SUMBAGSEL;JAMBI;MND;AOi42602261210438594483e0;0;Anomaly;
202604;AREA 1;SUMBAGTENG;BATAM;TPI;AOi4260219021203025bcd060;0;Anomaly;
202604;AREA 4;SULAWESI;MANADO;SFI;AOs32602140740394846ce690;0;Anomaly;
202604;AREA 4;SULAWESI;PARE-PARE;MAM;AOi126022605102833522e0f0;0;Anomaly;
202604;AREA 2;JABAR;BANDUNG;NJG;AOi4260222095639176fa0350;0;Anomaly;
202604;AREA 3;BALI NUSRA;DENPASAR;MMN;AOi4260223052515174c3b510;0;Anomaly;
202604;AREA 3;JATIM;SURABAYA;SPG;AOi4260218035751740c85a60;0;Anomaly;
202604;AREA 2;CENTRAL JABOTABEK;SOUTHERN JAKARTA;PSM;AOi4260222095127531875b70;0;Anomaly;
202604;AREA 1;SUMBAGSEL;JAMBI;SPN;AOi4260222115832367e3cbd0;0;Anomaly;
202604;AREA 1;SUMBAGTENG;BATAM;DGS;AOi426022310342585859a560;0;Anomaly;
202604;AREA 1;SUMBAGUT;CENTRAL MEDAN;LBP;AOk4260225103953256dec490;0;Anomaly;
202604;AREA 1;SUMBAGSEL;BENGKULU;PGA;AOi42602050421448435faa00;0;Anomaly;
202604;AREA 4;SULAWESI;PARE-PARE;SRK;AOi4260224092649203309300;0;Anomaly;
202604;AREA 3;JATIM;JEMBER;JER;AOs3260223080406074e37700;0;Not Comply;3,98
202604;AREA 3;JATENG-DIY;MAGELANG;SWT;AOi4260224085331737c8d250;0;Anomaly;
202604;AREA 3;JATENG-DIY;SEMARANG;MKG;AOi4260220010428090a858a0;0;Anomaly;
202604;AREA 4;KALIMANTAN;PANGKALAN BUN;KTP;AOi4260220042110884bb5eb0;0;Anomaly;
202604;AREA 1;SUMBAGTENG;PEKANBARU;ARK;AOi426022512441194957cd10;0;Anomaly;
202604;AREA 1;SUMBAGUT;BANDA ACEH;SNA;AOi4260221035333435091860;0;Anomaly;-3,51
202604;AREA 2;CENTRAL JABOTABEK;SOUTHERN JAKARTA;KLD;PDAk42602231123471462eb480;0;Anomaly;
202604;AREA 4;MALUKU DAN PAPUA;AMBON;PAO;AOi4260219015056741f67790;0;Anomaly;
202604;AREA 4;KALIMANTAN;TARAKAN;TRD;AOi4260228030614707a3edc0;0;Anomaly;
202604;AREA 1;SUMBAGUT;WESTERN MEDAN;LGS;AOi4260216122649493ac7800;0;Anomaly;
202604;AREA 3;JATENG-DIY;MAGELANG;MGE;AOi42602090256153077be8f0;0;Anomaly;
202604;AREA 4;MALUKU DAN PAPUA;JAYAPURA;SNI;AOi426022105301720344d200;0;Anomaly;
202604;AREA 3;JATIM;SURABAYA;RKT;AOi4260226111701813675130;0;Comply;-16,52
202604;AREA 1;SUMBAGSEL;PANGKAL PINANG;TJN;AOi42602190949284298e8d30;0;Anomaly;
202604;AREA 3;JATIM;SURABAYA;GBG;AOs3260226122214236ec7a20;0;Anomaly;
202604;AREA 3;JATIM;SURABAYA;WRP;AOi42602261153250050391e0;0;Anomaly;
202604;AREA 4;KALIMANTAN;PALANGKARAYA;PLK;AOi4260228111858905fe1460;0;Anomaly;
202604;AREA 2;JABAR;SOREANG;RCK;AOk42602271051540359a9930;0;Anomaly;
202604;AREA 3;BALI NUSRA;MATARAM;MTR;AOi42602200950082484fd530;0;Anomaly;
202604;AREA 4;KALIMANTAN;BANJARMASIN;BLC;AOi42602260404415721da4d0;0;Anomaly;
202604;AREA 1;SUMBAGSEL;PALEMBANG;KAG;AOi4260221031450351254b80;0;Anomaly;
202604;AREA 3;JATENG-DIY;SEMARANG;SMC;AOk42602261210173579704b0;0;Comply;-23,15
202604;AREA 4;KALIMANTAN;PANGKALAN BUN;KTP;AOi426022508575918279a160;0;Comply;-26,11
202604;AREA 2;EASTERN JABOTABEK;BEKASI;CNE;AOk4260222100732437862230;0;Comply;-2,80
202604;AREA 3;JATIM;SIDOARJO;TUN;AOi426022502530273141a8a0;0;Comply;-15,20
202604;AREA 3;JATENG-DIY;PEKALONGAN;RDD;AOi4260220095157732611e60;0;Anomaly;
202604;AREA 3;JATENG-DIY;PEKALONGAN;KDW;AOi42602210731326731f7800;0;Anomaly;
202604;AREA 4;SULAWESI;PALU;PLA;AOi4260220072215677260a70;0;Anomaly;
202604;AREA 4;SULAWESI;MANADO;MDO;AOi4260225052055154b24810;0;Anomaly;
202604;AREA 1;SUMBAGTENG;BATAM;BTC;AOi426022001290703718d2e0;0;Anomaly;
202604;AREA 3;BALI NUSRA;KUPANG;ATB;AOi426021712592736189bad0;0;Anomaly;
202604;AREA 3;JATENG-DIY;PEKALONGAN;PKL;AOi42602190252085404d6930;0;Anomaly;
202604;AREA 3;JATENG-DIY;PEKALONGAN;BMU;AOi4260223060811105982f40;0;Anomaly;
202604;AREA 1;SUMBAGTENG;BATAM;LBJ;AOi4260227030353073c9dbf0;0;Anomaly;
202604;AREA 4;MALUKU DAN PAPUA;SORONG;SON;AOi4260219052340742281410;0;Anomaly;
202604;AREA 1;SUMBAGTENG;PEKANBARU;ARK;AOi42602180703147471c8710;0;Anomaly;
202604;AREA 4;KALIMANTAN;TARAKAN;TRD;PDAk4260224095501809b02fc0;0;Anomaly;
202604;AREA 3;BALI NUSRA;MATARAM;DMP;AOi4260220093416254ed5e20;0;Anomaly;
202604;AREA 3;JATIM;JEMBER;JGW;AOi4260223115220599b51dd0;0;Anomaly;
202604;AREA 4;KALIMANTAN;PANGKALAN BUN;PBU;AOi4260224090909747dee390;0;Anomaly;
202604;AREA 4;SULAWESI;MAKASSAR;MAT;AOi42602211100221589322c0;0;Anomaly;
202604;AREA 4;KALIMANTAN;PALANGKARAYA;PLK;AOi4260219023751780503ca0;0;Anomaly;
202604;AREA 4;KALIMANTAN;PALANGKARAYA;PPS;AOi4260221024448980538540;0;Not Comply;7,10
202604;AREA 4;MALUKU DAN PAPUA;SORONG;SON;AOi42602201132028974d5f20;0;Anomaly;
202604;AREA 3;BALI NUSRA;FLORES;END;AOi4260222060736153147310;0;Anomaly;
202604;AREA 3;JATIM;SURABAYA;KLN;AOi42602251024267281126d0;0;Anomaly;
202604;AREA 1;SUMBAGTENG;PEKANBARU;PBB;AOi426022411395797257b3b0;0;Anomaly;
202604;AREA 4;KALIMANTAN;BALIKPAPAN;MLA;AOi426022311423948434b600;0;Anomaly;
202604;AREA 4;SULAWESI;PARE-PARE;PIN;AOi42602260204246233d5e80;0;Anomaly;
202604;AREA 4;MALUKU DAN PAPUA;TIMIKA;MRK;AOi42602270159139434259f0;0;Anomaly;
202604;AREA 1;SUMBAGUT;BANDA ACEH;DAR;AOi4260215084956249bd44b0;0;Anomaly;
202604;AREA 2;CENTRAL JABOTABEK;SOUTHERN JAKARTA;GAN;AOs32602191248052639e9a50;0;Anomaly;
202604;AREA 2;EASTERN JABOTABEK;BOGOR;CWI;AOi42602270442469896012b0;0;Anomaly;
202604;AREA 3;BALI NUSRA;FLORES;END;AOi4260220065229657142640;0;Anomaly;
202604;AREA 4;MALUKU DAN PAPUA;SORONG;SON;AOi4260219052340742281410;0;Anomaly;
202604;AREA 4;KALIMANTAN;BANJARMASIN;TJL;AOi12602230720383192b53f0;0;Anomaly;
202604;AREA 4;KALIMANTAN;BALIKPAPAN;KBG;AOi42602220915491866a49e0;0;Anomaly;
202604;AREA 1;SUMBAGUT;RANTAU PRAPAT;KPI;AOi4260223105632819a81a90;0;Anomaly;
202604;AREA 3;BALI NUSRA;MATARAM;BIM;AOi4260224085444422f4f850;0;Anomaly;
202604;AREA 4;KALIMANTAN;BANJARMASIN;KYG;AOk42602190844237816ce310;0;Anomaly;
202604;AREA 3;BALI NUSRA;MATARAM;TET;AOi426021707052374968eea0;0;Anomaly;
202604;AREA 4;KALIMANTAN;BALIKPAPAN;TGG;AOs3260219094815790897360;0;Anomaly;
202604;AREA 1;SUMBAGTENG;BUKIT TINGGI;UGD;AOi4260223020557263e2af90;0;Anomaly;
202604;AREA 1;SUMBAGUT;PADANG SIDEMPUAN;PND;AOi4260222045349582c11a60;0;Anomaly;
202604;AREA 3;JATIM;SURABAYA;DMO;AOi426021709413560551b170;0;Anomaly;
202604;AREA 1;SUMBAGSEL;BENGKULU;CRP;AOi4260216095214615952a30;0;Anomaly;
202604;AREA 1;SUMBAGUT;CENTRAL MEDAN;CTD;AOi4260217100627982c9d180;0;Anomaly;
202604;AREA 3;JATIM;SURABAYA;DMO;AOi426022605555853758bc50;0;Anomaly;
202604;AREA 1;SUMBAGTENG;BATAM;BTC;AOi426022612080361575b2a0;0;Anomaly;
202604;AREA 3;JATENG-DIY;SEMARANG;MJE;AOi4260217015642865807180;0;Comply;-22,29
202604;AREA 2;EASTERN JABOTABEK;BOGOR;SKB;AOi42602260206101416eb120;0;Anomaly;
202604;AREA 2;JABAR;BANDUNG;RJW;AOs32602260714455833c57f0;0;Anomaly;
202604;AREA 4;KALIMANTAN;PONTIANAK;SAO;AOi42602240753314754dff50;0;Anomaly;
202604;AREA 2;JABAR;BANDUNG;CJR;AOi4260226014248332fbb5c0;0;Anomaly;
202604;AREA 3;BALI NUSRA;MATARAM;PRY;AOs32602170106188606be150;0;Anomaly;
202604;AREA 3;JATIM;SIDOARJO;PSN;AOi426022706174929726c6e0;0;Anomaly;
202604;AREA 4;KALIMANTAN;TARAKAN;MLN;AOk4260221062854817dde640;0;Anomaly;
202604;AREA 3;JATIM;SIDOARJO;TPO;AOi42602220631387302b92e0;0;Anomaly;
202604;AREA 3;BALI NUSRA;KUPANG;ATB;AOi42602181221011363c6110;0;Anomaly;
202604;AREA 3;BALI NUSRA;MATARAM;SEL;AOi4260217010558375f6c660;0;Anomaly;
202604;AREA 3;JATENG-DIY;SURAKARTA;KRT;AOi4260131055123400bca5a0;0;Comply;-2,94
202604;AREA 4;KALIMANTAN;PANGKALAN BUN;PBU;AOi4260224090909747dee390;0;Anomaly;
202604;AREA 3;JATENG-DIY;SEMARANG;SMT;AOi4260225032832650a56ce0;0;Anomaly;
202604;AREA 4;MALUKU DAN PAPUA;JAYAPURA;SNI;AOi4260217102551098f8fe10;0;Anomaly;
202604;AREA 2;JABAR;SOREANG;RCK;AOi4260217062210534ec2050;0;Anomaly;
202604;AREA 3;JATENG-DIY;MAGELANG;KAK;AOi426022109535712808f160;0;Anomaly;
202604;AREA 3;JATENG-DIY;SEMARANG;UNR;AOs32602190841399581cc3e0;0;Anomaly;
202604;AREA 1;SUMBAGUT;RANTAU PRAPAT;ANP;AOi4260220080302521b8bc00;0;Anomaly;
202604;AREA 3;JATIM;SURABAYA;KPS;AOi426022611310822743c2e0;0;Anomaly;
202604;AREA 3;JATENG-DIY;SEMARANG;SKR;AOi42602181133241616f0e20;0;Anomaly;
202604;AREA 4;KALIMANTAN;PALANGKARAYA;PRC;AOi4260221021235707bcdbe0;0;Anomaly;
202604;AREA 3;JATENG-DIY;MAGELANG;MGE;AOi426022310442928839a630;0;Anomaly;
202604;AREA 4;SULAWESI;MANADO;MDO;AOi42602160232155668bd830;0;Anomaly;
202604;AREA 1;SUMBAGUT;BANDA ACEH;BPD;AOi4260220080420072825350;0;Anomaly;
202604;AREA 4;KALIMANTAN;SAMARINDA;SBR;AOi4260218101642479840df0;0;Anomaly;
202604;AREA 2;JABAR;BANDUNG;BDK;AOi4260219041841240797620;0;Comply;-3,81
202604;AREA 3;JATIM;SURABAYA;PME;AOi4260220054437433388490;0;Anomaly;
202604;AREA 1;SUMBAGSEL;BENGKULU;AGR;AOi426021209311958821b770;0;Anomaly;
202604;AREA 3;BALI NUSRA;MATARAM;EMP;AOi4260221014148065a518b0;0;Anomaly;
202604;AREA 1;SUMBAGUT;PADANG SIDEMPUAN;PYB;AOi42602230403195525340c0;0;Anomaly;
202604;AREA 4;KALIMANTAN;BALIKPAPAN;TGG;AOi4260225120507089cf0110;0;Anomaly;
202604;AREA 3;JATIM;SIDOARJO;TPO;AOi4260224042929735ce36a0;0;Anomaly;
202604;AREA 3;JATIM;SURABAYA;ARB;AOi4260222080211122d182b0;0;Anomaly;
202604;AREA 1;SUMBAGSEL;BENGKULU;CRP;AOi4260220085754518c3ae90;0;Anomaly;
202604;AREA 1;SUMBAGUT;RANTAU PRAPAT;RAP;AOi42602130813536471ac320;0;Anomaly;
202604;AREA 4;KALIMANTAN;PALANGKARAYA;PLK;AOi4260218082515476f69e90;0;Anomaly;
202604;AREA 1;SUMBAGTENG;BATAM;TPI;AOi42602210455125855a3010;0;Anomaly;
202604;AREA 3;BALI NUSRA;MATARAM;BIM;AOi4260227092948277a2acd0;0;Anomaly;
202604;AREA 4;SULAWESI;GORONTALO;GTL;AOi4260225100913122b59b50;0;Anomaly;
202604;AREA 1;SUMBAGTENG;PADANG;BDT;AOi4260218100633513daaba0;0;Anomaly;
202604;AREA 3;BALI NUSRA;KUPANG;WGP;AOi426022212375409828c2c0;0;Anomaly;
202604;AREA 1;SUMBAGTENG;PADANG;ULK;AOk4260221083029390c773a0;0;Anomaly;
202604;AREA 4;KALIMANTAN;BALIKPAPAN;SKU;AOi4260226092803551661d60;0;Anomaly;-44,07
202604;AREA 1;SUMBAGSEL;PALEMBANG;MEM;AOi42602160122495855fbb60;0;Anomaly;
202604;AREA 1;SUMBAGUT;WESTERN MEDAN;LGS;AOi4260213063047260299950;0;Anomaly;
202604;AREA 1;SUMBAGUT;CENTRAL MEDAN;SPM;AOi426022603151041091a1d0;0;Anomaly;
202604;AREA 1;SUMBAGUT;WESTERN MEDAN;KSG;AOi42602110839487225a2c70;0;Anomaly;
202604;AREA 2;WESTERN JABOTABEK;TANGERANG;SRP;AOi42602160515217523375e0;0;Anomaly;
202604;AREA 2;JABAR;TASIKMALAYA;WNR;AOi42602191126569785c8be0;0;Anomaly;
202604;AREA 4;SULAWESI;BONE;SKG;AOi42602250923398845a6fb0;0;Comply;-94,72
202604;AREA 4;KALIMANTAN;TARAKAN;TRK;AOi4260221084602076e413a0;0;Anomaly;
202604;AREA 3;JATIM;JEMBER;BOW;AOi4260225092029298286a80;0;Anomaly;
202604;AREA 4;SULAWESI;PARE-PARE;PLP;AOk426022510045352516fd70;0;Anomaly;
202604;AREA 1;SUMBAGUT;CENTRAL MEDAN;CTD;AOi4260225104017487a7b1f0;0;Anomaly;
202604;AREA 4;KALIMANTAN;BANJARMASIN;PGN;AOi4260211025026052cf27d0;0;Anomaly;
202604;AREA 2;EASTERN JABOTABEK;BEKASI;KRA;AOs32602210441064517384f0;0;Anomaly;
202604;AREA 4;SULAWESI;MAKASSAR;PKN;AOk426021409091310233e470;0;Anomaly;
202604;AREA 1;SUMBAGTENG;PADANG;LBY;AOi4260225083551170b4a5e0;0;Anomaly;
202604;AREA 1;SUMBAGUT;BANDA ACEH;SMM;AOi4260213085120560e3fe10;0;Anomaly;
202604;AREA 4;KALIMANTAN;PALANGKARAYA;KKP;AOi42602251229067546c0f90;0;Anomaly;
202604;AREA 2;CENTRAL JABOTABEK;SOUTHERN JAKARTA;PDK;AOi4260221034829192e08ce0;0;Comply;-17,26
202604;AREA 3;JATIM;JEMBER;KPP;AOi4260222084939970c84040;0;Anomaly;
202604;AREA 3;JATIM;SURABAYA;ARB;AOi4260220070802573054e00;0;Anomaly;
202604;AREA 3;JATIM;SURABAYA;KNN;AOi42602250706119001954f0;0;Comply;-17,63
202604;AREA 4;KALIMANTAN;BALIKPAPAN;SKU;AOi426022509383164884d3b0;0;Anomaly;
202604;AREA 3;JATENG-DIY;SURAKARTA;KLX;AOi4260219011041657be89d0;0;Anomaly;
202604;AREA 2;WESTERN JABOTABEK;SERANG;TGR;AOs326022003112216560eb20;0;Anomaly;
202604;AREA 2;CENTRAL JABOTABEK;NORTHERN JAKARTA;MKR;AOs3260226020050361f86590;0;Comply;-18,32
202604;AREA 3;BALI NUSRA;KUPANG;KPN;AOi4260221110959278acfef0;0;Anomaly;
202604;AREA 1;SUMBAGUT;BANDA ACEH;BIR;AOi4260216082102328feadd0;0;Anomaly;
202604;AREA 4;KALIMANTAN;TARAKAN;TRK;AOi42602211135183878aec80;0;Anomaly;
202604;AREA 1;SUMBAGSEL;LAMPUNG;TJK;AOi4260223052624707c51c40;0;Anomaly;
202604;AREA 2;JABAR;BANDUNG;BDK;AOi42602140201306226df480;0;Anomaly;
202604;AREA 2;JABAR;BANDUNG;BDK;AOs326022603201993360d200;0;Anomaly;
202604;AREA 2;JABAR;BANDUNG;BDK;AOi426022009551709334c3c0;0;Anomaly;
202604;AREA 4;KALIMANTAN;PONTIANAK;STA;AOi42602220533471665a6ef0;0;Anomaly;
202604;AREA 3;JATENG-DIY;YOGYAKARTA;PGR;AOi426022511422490497d490;0;Anomaly;
202604;AREA 2;EASTERN JABOTABEK;BOGOR;BOO;AOi42602281254230761d5e60;0;Anomaly;
202604;AREA 4;SULAWESI;PARE-PARE;PLP;AOk42602271008103026fec30;0;Anomaly;
202604;AREA 2;CENTRAL JABOTABEK;SOUTHERN JAKARTA;GBC;AOk4260227120446380dadab0;0;Anomaly;
202604;AREA 2;WESTERN JABOTABEK;SERANG;CKA;AOi4260215032602296e89ad0;0;Anomaly;
202604;AREA 4;SULAWESI;PALU;LWU;AOi4260225083659641709ba0;0;Anomaly;
202604;AREA 4;KALIMANTAN;BANJARMASIN;KDG;AOk4260223104402830e6ed40;0;Anomaly;
202604;AREA 4;KALIMANTAN;BANJARMASIN;BLC;AOi426021808121763732f970;0;Anomaly;
202604;AREA 1;SUMBAGTENG;PADANG;SIE;AOi42602120855211475559b0;0;Anomaly;1,11
202604;AREA 1;SUMBAGSEL;BENGKULU;BNC;AOi126021806504541108c1d0;0;Anomaly;
202604;AREA 1;SUMBAGTENG;PADANG;ALH;AOi426021605162774538a7f0;0;Anomaly;
202604;AREA 3;JATIM;SURABAYA;MGO;AOi4260215094517285f5e700;0;Comply;-24,93
202604;AREA 4;SULAWESI;MAKASSAR;MAT;AOi42602150127298438361e0;0;Anomaly;
202604;AREA 2;JABAR;BANDUNG;DGO;AOi4260223103214930e0b4a0;0;Anomaly;
202604;AREA 2;JABAR;TASIKMALAYA;PAX;AOi4260222095407242054d70;0;Anomaly;
202604;AREA 3;JATIM;SURABAYA;KRP;AOi42602211226305928cad40;0;Anomaly;
202604;AREA 3;JATIM;MADIUN;SLH;AOi42602120318291342b2200;0;Comply;-17,49
202604;AREA 3;BALI NUSRA;MATARAM;MTR;AOi4260217054222654726e00;0;Anomaly;
202604;AREA 1;SUMBAGUT;CENTRAL MEDAN;CTD;AOi4260215111637022dbb890;0;Anomaly;
202604;AREA 1;SUMBAGUT;WESTERN MEDAN;LGS;AOi426021104350276511deb0;0;Anomaly;
202604;AREA 4;KALIMANTAN;PONTIANAK;SRY;AOk42602251257235478aa1d0;0;Anomaly;
202604;AREA 4;SULAWESI;MAKASSAR;BAR;AOi42602201026208320b0ce0;0;Anomaly;
202604;AREA 1;SUMBAGTENG;BATAM;SLU;AOi4260217103948987f7df90;0;Anomaly;
202604;AREA 3;JATENG-DIY;SURAKARTA;MSO;AOi4260218012452576671920;0;Comply;-3,90
202604;AREA 3;BALI NUSRA;KUPANG;KPN;AOi4260209102005716647160;0;Comply;-22,06
202604;AREA 3;JATENG-DIY;SURAKARTA;CEP;AOi4260213100831241447aa0;0;Anomaly;
202604;AREA 1;SUMBAGUT;CENTRAL MEDAN;BLW;AOi4260219025718976bc8df0;0;Anomaly;
202604;AREA 4;KALIMANTAN;BANJARMASIN;MTP;AOi4260218115417949679950;0;Anomaly;
202604;AREA 3;JATENG-DIY;SEMARANG;SKR;AOi4260212112057711adaee0;0;Anomaly;
202604;AREA 4;KALIMANTAN;BANJARMASIN;BBR;AOi4260214123542086402860;0;Anomaly;
202604;AREA 4;KALIMANTAN;TARAKAN;TAJ;AOi1260217013956248fc55a0;0;Anomaly;
202604;AREA 1;SUMBAGUT;PADANG SIDEMPUAN;SBG;AOi4260213055738263986070;0;Anomaly;
202604;AREA 1;SUMBAGUT;BANDA ACEH;SNA;AOi42602140956308089bdc50;0;Anomaly;
202604;AREA 2;JABAR;BANDUNG;DGO;AOi4260223103214930e0b4a0;0;Anomaly;
202604;AREA 3;JATIM;LAMONGAN;GSK;AOi4260213090205973f72f90;0;Anomaly;
202604;AREA 1;SUMBAGUT;BANDA ACEH;KTN;AOi42602220951236258bafd0;0;Anomaly;
202604;AREA 3;JATIM;SURABAYA;JGR;AOi42602201001545035546d0;0;Anomaly;
202604;AREA 4;SULAWESI;PALU;PLB;AOi4260224090634676de9850;0;Anomaly;
202604;AREA 3;JATIM;SURABAYA;KNN;AOi42602240119403166cdba0;0;Comply;-39,43
202604;AREA 4;SULAWESI;MAKASSAR;MAT;AOs3260219112821006956050;0;Anomaly;
202604;AREA 1;SUMBAGUT;WESTERN MEDAN;LGS;AOi42602130523046727252d0;0;Anomaly;
202604;AREA 3;JATIM;SURABAYA;ARB;AOi4260221092024095623760;0;Anomaly;
202604;AREA 4;KALIMANTAN;TARAKAN;TLA;AOi4260214045910121b11eb0;0;Anomaly;
202604;AREA 4;SULAWESI;MANADO;BAH;AOs3260212053507043ec9f80;0;Anomaly;
202604;AREA 3;JATIM;LAMONGAN;KDU;AOi4260214121919571c06c70;0;Anomaly;
202604;AREA 1;SUMBAGSEL;LAMPUNG;TJK;AOk4260226012840380303890;0;Comply;-44,57
202604;AREA 4;MALUKU DAN PAPUA;SORONG;TMB;AOi42602170235292701025b0;0;Anomaly;
202604;AREA 3;JATENG-DIY;SEMARANG;JPR;AOi4260220092024340ba1cf0;0;Anomaly;
202604;AREA 3;BALI NUSRA;MATARAM;MTR;AOk4260218124827442950a40;0;Comply;-166,16
202604;AREA 2;EASTERN JABOTABEK;BOGOR;PPG;AOi42602160826373099a9ae0;0;Comply;-0,68
202604;AREA 3;JATENG-DIY;SURAKARTA;SOP;AOi4260211114222535db1060;0;Anomaly;
202604;AREA 4;MALUKU DAN PAPUA;SORONG;MWR;AOk4260219091312486cd7710;0;Anomaly;
202604;AREA 4;KALIMANTAN;PANGKALAN BUN;PBU;AOi4260227065836944a3f250;0;Anomaly;
202604;AREA 4;SULAWESI;MAKASSAR;PKN;AOi4260211024912835ff2ff0;0;Anomaly;
202604;AREA 4;SULAWESI;PALU;PLB;AOi42602230204067767dc6e0;0;Anomaly;
202604;AREA 1;SUMBAGUT;RANTAU PRAPAT;KPI;AOi42602121053133121e07a0;0;Anomaly;
202604;AREA 1;SUMBAGUT;WESTERN MEDAN;KSG;AOi4260222013834002492f90;0;Anomaly;
202604;AREA 4;KALIMANTAN;BANJARMASIN;TJL;AOi42602161159553893f1d00;0;Anomaly;
202604;AREA 3;BALI NUSRA;DENPASAR;UBN;AOi426021608584597143d910;0;Anomaly;
202604;AREA 4;KALIMANTAN;SAMARINDA;SGK;AOs326012906482624998ca80;0;Anomaly;
202604;AREA 2;CENTRAL JABOTABEK;NORTHERN JAKARTA;SLP;AOi126021411231497109e210;0;Anomaly;
202604;AREA 2;WESTERN JABOTABEK;SERANG;PSK;AOs32602201248332553492c0;0;Anomaly;
202604;AREA 2;WESTERN JABOTABEK;TANGERANG;CPD;AOi42602191216471923217a0;0;Anomaly;
202604;AREA 2;WESTERN JABOTABEK;TANGERANG;PKU;AOi42602180842295347f4c60;0;Anomaly;
202604;AREA 2;WESTERN JABOTABEK;SERANG;PSK;AOb026022512060163074abf0;0;Anomaly;
202604;AREA 4;SULAWESI;MANADO;TDN;AOs32602201047440723f7450;0;Anomaly;
202604;AREA 2;WESTERN JABOTABEK;TANGERANG;CLD;AOi42602170429594719b0500;0;Anomaly;
202604;AREA 1;SUMBAGUT;CENTRAL MEDAN;CTD;AOi4260221034430409d631e0;0;Anomaly;
202604;AREA 2;WESTERN JABOTABEK;SERANG;SAG;AOi12602160931429139fec50;0;Anomaly;
202604;AREA 3;JATIM;SURABAYA;MGO;AOi42602221106155336d8b30;0;Anomaly;
202604;AREA 3;BALI NUSRA;DENPASAR;TOP;AOi426021509050783968de20;0;Anomaly;
202604;AREA 3;JATENG-DIY;MAGELANG;MGE;AOi42602230202443798c7f70;0;Anomaly;
202604;AREA 3;BALI NUSRA;MATARAM;SBW;AOi42602230209500011f24e0;0;Anomaly;
202604;AREA 3;BALI NUSRA;MATARAM;SGG;AOi4260220093341465329fd0;0;Anomaly;
202604;AREA 3;BALI NUSRA;MATARAM;MTR;AOi42602210701416788be850;0;Anomaly;
202604;AREA 3;JATIM;LAMONGAN;GSK;AOi4260213090205973f72f90;0;Comply;-20,38
202604;AREA 1;SUMBAGSEL;LAMPUNG;BDA;AOi4260210034044741b005b0;0;Anomaly;
202604;AREA 2;CENTRAL JABOTABEK;NORTHERN JAKARTA;MRY;AOs3260209021035974c8f090;0;Anomaly;
202604;AREA 1;SUMBAGUT;PEMATANG SIANTAR;LBK;AOi4260209030931779a28180;0;Anomaly;
202604;AREA 1;SUMBAGUT;PEMATANG SIANTAR;DLS;AOi1260211013406018eae9d0;0;Comply;-0,40
202604;AREA 2;EASTERN JABOTABEK;KARAWANG;BGG;AOi1260226011453925ebfc60;0;Anomaly;
202604;AREA 4;KALIMANTAN;BALIKPAPAN;MLA;AOi4260215020221543732c50;0;Comply;1,01
202604;AREA 2;CENTRAL JABOTABEK;NORTHERN JAKARTA;KTX;AOi426022602135346016d130;0;Anomaly;
202604;AREA 1;SUMBAGSEL;PANGKAL PINANG;TJN;AOi42602220249297666e2690;0;Anomaly;
202604;AREA 3;JATIM;SURABAYA;JGR;AOi4260227075429834ff2990;0;Anomaly;
202604;AREA 1;SUMBAGSEL;LAMPUNG;TJK;AOi4260211081329990bd8e90;0;Anomaly;
202604;AREA 2;WESTERN JABOTABEK;TANGERANG;TAN;AOi4260223094021640ac13f0;0;Anomaly;
202604;AREA 2;CENTRAL JABOTABEK;SOUTHERN JAKARTA;KAL;AOi4260214023140988e84730;0;Comply;-21,47
202604;AREA 1;SUMBAGUT;CENTRAL MEDAN;TJR;AOi4260217050951833d41cc0;0;Anomaly;
202604;AREA 4;KALIMANTAN;TARAKAN;TRD;AOi4260212095547761cc1370;0;Comply;-49,37
202604;AREA 1;SUMBAGUT;WESTERN MEDAN;LSM;AOi4260212013640984dbc840;0;Anomaly;
202604;AREA 3;JATIM;JEMBER;KPP;AOi4260222084939970c84040;0;Anomaly;
202604;AREA 2;JABAR;SOREANG;MJY;AOi4260214033321043a776e0;0;Anomaly;
202604;AREA 3;JATIM;SURABAYA;BKL;AOk4260211121431799ff5f40;0;Anomaly;
202604;AREA 2;CENTRAL JABOTABEK;SOUTHERN JAKARTA;GAN;AOi426022108513946517cbd0;0;Anomaly;
202604;AREA 4;SULAWESI;PALU;PLA;AOi426021211454735448e810;0;Anomaly;
202604;AREA 3;JATIM;MALANG;GDG;AOi42602200917310520ea510;0;Anomaly;
202604;AREA 3;BALI NUSRA;MATARAM;BIM;AOi4260216081204234f06670;0;Anomaly;
202604;AREA 2;JABAR;SOREANG;SOR;AOk4260215072625065008670;0;Anomaly;
202604;AREA 1;SUMBAGUT;BANDA ACEH;LBR;AOi4260223110848072db7690;0;Comply;-53,08
202604;AREA 3;BALI NUSRA;MATARAM;SEL;AOs3260215093447162282b80;0;Comply;-0,59
202604;AREA 4;SULAWESI;MANADO;KTG;AOi4260216081252560318330;0;Anomaly;
202604;AREA 1;SUMBAGUT;CENTRAL MEDAN;LBP;AOi4260210040402539f5aae0;0;Anomaly;
202604;AREA 3;BALI NUSRA;DENPASAR;JBR;AOi4260220085134636111830;0;Anomaly;
202604;AREA 1;SUMBAGUT;PADANG SIDEMPUAN;SBG;AOi4260213055738263986070;0;Anomaly;
202604;AREA 1;SUMBAGSEL;BENGKULU;BTH;AOi4260214020409703cd30d0;0;Anomaly;
202604;AREA 2;CENTRAL JABOTABEK;NORTHERN JAKARTA;TPR;AOi42602201043389897abce0;0;Anomaly;
202604;AREA 1;SUMBAGUT;BANDA ACEH;BNN;AOi4260214025852093cc4e30;0;Anomaly;
202604;AREA 2;EASTERN JABOTABEK;KARAWANG;BGG;AOi426022207564570142eb30;0;Anomaly;
202604;AREA 1;SUMBAGUT;WESTERN MEDAN;LGS;AOi4260209035811749d65870;0;Anomaly;
202604;AREA 1;SUMBAGTENG;BATAM;BTC;AOi42602100112032808d8b00;0;Comply;-17,39
202604;AREA 4;SULAWESI;MAKASSAR;PNK;AOi4260218020430827980b00;0;Anomaly;
202604;AREA 2;CENTRAL JABOTABEK;NORTHERN JAKARTA;MRY;AOs32602181233529182e09f0;0;Anomaly;
202604;AREA 2;JABAR;SOREANG;SMD;AOi4260211104900933223c20;0;Anomaly;
202604;AREA 1;SUMBAGTENG;PADANG;PDC;AOi4260214060247732d0a580;0;Anomaly;
202604;AREA 2;JABAR;SOREANG;SMD;AOi4260218042018564c98ef0;0;Anomaly;
202604;AREA 2;JABAR;CIREBON;CBN;AOi4260225025458287a80510;0;Anomaly;
202604;AREA 2;JABAR;SOREANG;RGA;AOi42602230153313354756f0;0;Anomaly;
202604;AREA 4;SULAWESI;MANADO;JLL;AOi42602060159518687a01c0;0;Anomaly;
202604;AREA 2;EASTERN JABOTABEK;BOGOR;TJO;AOi4260217094449655724990;0;Comply;-1,50
202604;AREA 3;BALI NUSRA;DENPASAR;BNO;AOi4260217071205290031300;0;Anomaly;
202604;AREA 3;BALI NUSRA;DENPASAR;BNO;AOi426021112001197063b070;0;Not Comply;4,89
202604;AREA 2;WESTERN JABOTABEK;TANGERANG;TAN;AOi42602250921515666268f0;0;Anomaly;
202604;AREA 1;SUMBAGSEL;JAMBI;PAP;AOi4260226043825583f93da0;0;Anomaly;
202604;AREA 3;JATENG-DIY;SEMARANG;KUD;AOi42602140731554919d7de0;0;Anomaly;
202604;AREA 1;SUMBAGUT;CENTRAL MEDAN;SPM;AOi4260215110245227799e30;0;Anomaly;
202604;AREA 2;JABAR;BANDUNG;RJW;AOi4260215011404726d73740;0;Comply;-2,53
202604;AREA 1;SUMBAGUT;WESTERN MEDAN;KGH;AOi4260211025753139e68240;0;Anomaly;
202604;AREA 3;JATIM;SURABAYA;KML;AOi4260211042547230344f60;0;Anomaly;
202604;AREA 4;KALIMANTAN;BANJARMASIN;STI;AOi42602130358134739c21e0;0;Anomaly;
202604;AREA 3;JATENG-DIY;SURAKARTA;KTO;AOi4260220070915513996b10;0;Anomaly;
202604;AREA 2;CENTRAL JABOTABEK;NORTHERN JAKARTA;MKR;AOi4260223050636508bb90b0;0;Anomaly;
202604;AREA 1;SUMBAGTENG;BATAM;SLU;AOi426021801120762401a5d0;0;Anomaly;
202604;AREA 3;JATIM;JEMBER;SKP;AOi4260223084245728a95830;0;Anomaly;
202604;AREA 1;SUMBAGUT;CENTRAL MEDAN;TJM;AOi4260226113028135ef6f60;0;Anomaly;
202604;AREA 1;SUMBAGUT;BANDA ACEH;GEU;AOi4260214054152314bf2760;0;Anomaly;
202604;AREA 1;SUMBAGSEL;BENGKULU;BTH;AOi126021306174442160c480;0;Anomaly;
202604;AREA 4;KALIMANTAN;BANJARMASIN;TJL;AOi42602140253137104139d0;0;Anomaly;
202604;AREA 3;JATENG-DIY;SURAKARTA;WNG;AOi42602260211389944e0710;0;Anomaly;
202604;AREA 2;CENTRAL JABOTABEK;SOUTHERN JAKARTA;CID;AOi4260210065300162996ee0;0;Anomaly;
202604;AREA 1;SUMBAGTENG;BUKIT TINGGI;BKT;AOi42602260217095272df340;0;Anomaly;
202604;AREA 2;EASTERN JABOTABEK;BEKASI;PKY;AOi4260223033417615172eb0;0;Anomaly;
202604;AREA 3;JATIM;MADIUN;LOG;AOi4260210072217175687db0;0;Anomaly;-16,74
202604;AREA 1;SUMBAGTENG;DUMAI;DUM;AOi12602091031028291fb580;0;Anomaly;
202604;AREA 4;MALUKU DAN PAPUA;JAYAPURA;ABE;AOi4260227095919721492b80;0;Anomaly;
202604;AREA 1;SUMBAGTENG;BATAM;KMS;AOi4260211025727525432990;0;Comply;-5,02
202604;AREA 2;JABAR;BANDUNG;BDK;AOi426022009551709334c3c0;0;Comply;-20,00
202604;AREA 2;JABAR;BANDUNG;BDK;AOi42602140201306226df480;0;Comply;-44,17
202604;AREA 2;JABAR;BANDUNG;BDK;AOs326022603201993360d200;0;Anomaly;
202604;AREA 3;BALI NUSRA;DENPASAR;UBN;AOi4260226011151136ef7090;0;Anomaly;
202604;AREA 3;BALI NUSRA;MATARAM;MTR;AOi42602181209521334dc2a0;0;Anomaly;
202604;AREA 4;KALIMANTAN;BANJARMASIN;BRI;AOi4260211015320585ce5f50;0;Anomaly;
202604;AREA 2;JABAR;TASIKMALAYA;KDN;AOi42602210914026913d2d70;0;Anomaly;
202604;AREA 1;SUMBAGUT;CENTRAL MEDAN;TMU;AOi42602220427254069e6a50;0;Anomaly;
202604;AREA 4;MALUKU DAN PAPUA;SORONG;TMB;AOi4260225114705125cea7c0;0;Anomaly;
202604;AREA 2;CENTRAL JABOTABEK;NORTHERN JAKARTA;KDY;AOi42602231009429023d6860;0;Anomaly;
202604;AREA 1;SUMBAGSEL;BENGKULU;AGR;AOi426020506273669397c290;0;Anomaly;
202604;AREA 3;JATIM;SURABAYA;MGO;AOi4260215065611582241eb0;0;Anomaly;
202604;AREA 3;JATENG-DIY;SEMARANG;MJP;AOk426021905511015063c590;0;Anomaly;
202604;AREA 1;SUMBAGUT;RANTAU PRAPAT;RAP;AOi4260210043919513959160;0;Anomaly;
202604;AREA 1;SUMBAGSEL;JAMBI;PKB;AOi4260216085016361f3bb30;0;Anomaly;
202604;AREA 4;SULAWESI;MAKASSAR;TMA;AOs3260213053848860faf9d0;0;Anomaly;
202604;AREA 1;SUMBAGUT;PEMATANG SIANTAR;SDK;AOi4260214110859307c12a10;0;Anomaly;
202604;AREA 1;SUMBAGSEL;JAMBI;RBB;AOk42602250147213092b9ce0;0;Anomaly;-1,86
202604;AREA 1;SUMBAGTENG;BATAM;LBJ;AOk4260212043232996b49710;0;Anomaly;
202604;AREA 2;WESTERN JABOTABEK;TANGERANG;CPA;AOb0260217125020331aa6670;0;Anomaly;
202604;AREA 1;SUMBAGTENG;BATAM;SLU;AOi426021801120762401a5d0;0;Anomaly;
202604;AREA 3;BALI NUSRA;KUPANG;TNA;AOi4260209111103885e0bfd0;0;Anomaly;
202604;AREA 2;JABAR;BANDUNG;TLE;AOi42602151120131705da5c0;0;Anomaly;
202604;AREA 3;BALI NUSRA;MATARAM;MLK;AOi4260213071618211e74a40;0;Anomaly;
202604;AREA 2;EASTERN JABOTABEK;BOGOR;PMU;AOi426021304340538282c4d0;0;Comply;-19,59
202604;AREA 1;SUMBAGUT;WESTERN MEDAN;LGS;AOi42601311054487556e7860;0;Anomaly;
202604;AREA 2;JABAR;TASIKMALAYA;SPA;AOi42602130110011563842a0;0;Anomaly;
202604;AREA 4;MALUKU DAN PAPUA;JAYAPURA;ABE;AOi42602130647374187a2420;0;Anomaly;
202604;AREA 3;BALI NUSRA;DENPASAR;SWI;AOi42602200736316691221f0;0;Anomaly;
202604;AREA 4;MALUKU DAN PAPUA;JAYAPURA;JAP;AOi426021307244296230cee0;0;Anomaly;
202604;AREA 2;JABAR;BANDUNG;CMI;AOi426022504095954154d7b0;0;Anomaly;
202604;AREA 3;BALI NUSRA;DENPASAR;SGR;AOi42602220111280737ec0c0;0;Anomaly;
202604;AREA 1;SUMBAGSEL;JAMBI;MAB;AOi4260211013454957b48860;0;Anomaly;
202604;AREA 3;JATIM;SURABAYA;PME;AOi4260216034848219da96d0;0;Anomaly;
202604;AREA 1;SUMBAGUT;CENTRAL MEDAN;LBP;AOi42602210320235310b0450;0;Anomaly;
202604;AREA 3;JATENG-DIY;PEKALONGAN;KTM;AOi426021611202421278b270;0;Anomaly;
202604;AREA 1;SUMBAGTENG;BATAM;SKN;AOi4260221020527653a8fe70;0;Anomaly;
202604;AREA 2;JABAR;BANDUNG;HGM;AOk42602270404512119c2c80;0;Anomaly;
202604;AREA 1;SUMBAGSEL;PANGKAL PINANG;BYU;AOi42602140222506016d44b0;0;Anomaly;
202604;AREA 1;SUMBAGUT;WESTERN MEDAN;LGS;AOi42602170242242084f9d30;0;Anomaly;
202604;AREA 1;SUMBAGUT;CENTRAL MEDAN;TJR;AOi4260223091940828eea000;0;Anomaly;
202604;AREA 3;JATIM;LAMONGAN;RGL;AOi4260221044753182317eb0;0;Anomaly;
202604;AREA 3;JATIM;MALANG;TMP;AOi42602190600165690d1a50;0;Anomaly;
202604;AREA 3;JATIM;MADIUN;WAT;AOs32602230717147631936f0;0;Comply;-38,10
202604;AREA 2;CENTRAL JABOTABEK;SOUTHERN JAKARTA;BIN;PDAk4260227112615843b25e30;0;Anomaly;
202604;AREA 3;JATENG-DIY;PURWOKERTO;PWT;AOi4260211012022717089210;0;Anomaly;
202604;AREA 2;EASTERN JABOTABEK;BEKASI;DEP;AOi4260212013931864283e90;0;Anomaly;
202604;AREA 4;KALIMANTAN;PALANGKARAYA;KKP;AOk42602261108036194a4c10;0;Comply;-19,79
202604;AREA 4;SULAWESI;MANADO;AMR;AOi42602030238470023b2560;0;Anomaly;
202604;AREA 4;KALIMANTAN;PALANGKARAYA;PPS;AOi426021607072647702ead0;0;Anomaly;
202604;AREA 2;JABAR;BANDUNG;DGO;AOi4260223103214930e0b4a0;0;Anomaly;
202604;AREA 1;SUMBAGTENG;BATAM;DGS;AOs3260213061330139c5d020;0;Anomaly;
202604;AREA 1;SUMBAGSEL;PALEMBANG;SBU;AOi42602190810128433a1cb0;0;Anomaly;
202604;AREA 2;JABAR;SOREANG;SMD;AOi4260211104900933223c20;0;Anomaly;
202604;AREA 2;JABAR;SOREANG;SMD;AOi4260218042018564c98ef0;0;Anomaly;
202604;AREA 1;SUMBAGUT;PADANG SIDEMPUAN;PSP;AOi426013109114084769f5c0;0;Anomaly;
202604;AREA 1;SUMBAGTENG;BUKIT TINGGI;SPE;AOi42602041224138054f2aa0;0;Anomaly;
202604;AREA 2;JABAR;BANDUNG;BDK;AOs326022603201993360d200;0;Anomaly;
202604;AREA 2;JABAR;BANDUNG;CCD;AOi4260216044538807e291a0;0;Anomaly;
202604;AREA 3;JATIM;SURABAYA;BKL;AOi4260209123931755780da0;0;Anomaly;
202604;AREA 4;SULAWESI;MANADO;MDO;AOs326021704091848153b7e0;0;Anomaly;
202604;AREA 1;SUMBAGTENG;BATAM;PNI;AOi4260210123804991a31db0;0;Anomaly;
202604;AREA 2;JABAR;BANDUNG;UBR;AOi4260219050710819bf1180;0;Anomaly;
202604;AREA 4;SULAWESI;PARE-PARE;PIN;AOi42602190347060514ad4a0;0;Comply;-45,99
202604;AREA 1;SUMBAGUT;BANDA ACEH;BNA;AOi42602170222421884d90b0;0;Anomaly;
202604;AREA 1;SUMBAGUT;PEMATANG SIANTAR;RBM;AOi426022509453794327da10;0;Anomaly;
202604;AREA 1;SUMBAGUT;PEMATANG SIANTAR;SET;AOi4260208122110607d24530;0;Comply;2,18
202604;AREA 4;SULAWESI;PALU;PLA;AOi426022409371860777a9c0;0;Anomaly;
202604;AREA 3;JATIM;JEMBER;PBL;AOi426022612233851790de20;0;Anomaly;
202604;AREA 2;WESTERN JABOTABEK;TANGERANG;CPA;AOi1260225105609448fdf9c0;0;Anomaly;
202604;AREA 1;SUMBAGUT;CENTRAL MEDAN;CTD;AOi4260221022324233a4de10;0;Anomaly;
202604;AREA 3;JATIM;MADIUN;KDI;AOi4260209104346118a416a0;0;Anomaly;
202604;AREA 2;JABAR;BANDUNG;NJG;AOi4260216074659849adb0c0;0;Anomaly;
202604;AREA 2;JABAR;BANDUNG;NJG;AOi4260213062357704e34d30;0;Comply;-1,32
202604;AREA 3;JATENG-DIY;MAGELANG;MGE;AOi4260216053303046e75b40;0;Anomaly;
202604;AREA 4;KALIMANTAN;TARAKAN;TLA;AOi4260209015455978088600;0;Anomaly;
202604;AREA 3;JATIM;SURABAYA;KML;AOi42602191217043210f70d0;0;Anomaly;
202604;AREA 1;SUMBAGUT;PADANG SIDEMPUAN;SBG;AOi4260210050752279f9ce20;0;Anomaly;
202604;AREA 4;SULAWESI;MAKASSAR;TMA;AOi4260210084817959990a20;0;Anomaly;
202604;AREA 3;JATENG-DIY;SEMARANG;MJP;AOi426021111100905705f580;0;Anomaly;
202604;AREA 1;SUMBAGUT;PEMATANG SIANTAR;SET;AOi4260219074545290aa1830;0;Anomaly;
202604;AREA 1;SUMBAGUT;PEMATANG SIANTAR;BLG;AOi4260218102335447501980;0;Anomaly;
202604;AREA 1;SUMBAGUT;WESTERN MEDAN;LGS;AOi4260221023618864053f20;0;Anomaly;
202604;AREA 1;SUMBAGUT;WESTERN MEDAN;LSM;AOi4260208100149879d7ebb0;0;Anomaly;
202604;AREA 3;JATIM;SURABAYA;PME;AOi42602210214074490c46b0;0;Comply;-166,55
202604;AREA 3;JATIM;SURABAYA;KNN;AOi42602100632065917a20c0;0;Anomaly;
202604;AREA 3;JATENG-DIY;MAGELANG;MGE;AOi4260222014750279f6b850;0;Anomaly;
202604;AREA 1;SUMBAGUT;CENTRAL MEDAN;CTD;AOi4260209092010793bafa00;0;Anomaly;
202604;AREA 1;SUMBAGSEL;PALEMBANG;KTU;AOi4260221085533127732510;0;Anomaly;
202604;AREA 3;JATIM;LAMONGAN;CRM;AOi42602100433308272d2b50;0;Anomaly;
202604;AREA 4;KALIMANTAN;BANJARMASIN;BLC;AOi4260213034744194c16900;0;Comply;-6,51
202604;AREA 1;SUMBAGSEL;BENGKULU;SPP;AOi4260222035012011893b40;0;Anomaly;
202604;AREA 2;JABAR;CIREBON;AWN;AOi42602250603110564c6e10;0;Anomaly;
202604;AREA 1;SUMBAGSEL;BENGKULU;BTH;AOi4260206033532413889590;0;Anomaly;
202604;AREA 1;SUMBAGSEL;PANGKAL PINANG;PGP;AOi4260217084255786d81220;0;Anomaly;
202604;AREA 1;SUMBAGTENG;BUKIT TINGGI;PAM;AOi4260207112410384ccdb70;0;Anomaly;
202604;AREA 4;MALUKU DAN PAPUA;SORONG;MWR;AOi4260218125848822ceeae0;0;Anomaly;
202604;AREA 3;JATIM;SURABAYA;KBL;AOi4260210012737803c1b800;0;Anomaly;
202604;AREA 1;SUMBAGUT;PADANG SIDEMPUAN;SBG;AOi426022008534552583cc80;0;Anomaly;
202604;AREA 2;JABAR;BANDUNG;UBR;AOi4260217050515803bfc230;0;Anomaly;
202604;AREA 3;JATIM;SURABAYA;RKT;AOi4260209105423461d91420;0;Anomaly;
202604;AREA 3;JATIM;MADIUN;PNZ;AOk42602181001490369a0870;0;Anomaly;
202604;AREA 4;KALIMANTAN;TARAKAN;TRK;AOi4260225081532460798bc0;0;Anomaly;
202604;AREA 4;KALIMANTAN;BANJARMASIN;LUL;AOk42602210815017578fc5b0;0;Anomaly;
202604;AREA 1;SUMBAGUT;CENTRAL MEDAN;SPM;AOk4260209125159077db1110;0;Anomaly;
202604;AREA 2;EASTERN JABOTABEK;BOGOR;PPG;AOi4260209101854974faa280;0;Anomaly;
202604;AREA 3;JATENG-DIY;PEKALONGAN;KTM;AOi4260218040248043bf4810;0;Anomaly;
202604;AREA 1;SUMBAGUT;BANDA ACEH;SPU;AOi4260205050429014b6d460;0;Anomaly;
202604;AREA 2;WESTERN JABOTABEK;SERANG;BLJ;AOi4260214045825551e3dd90;0;Anomaly;
202604;AREA 1;SUMBAGSEL;JAMBI;KTL;AOi42602150248356711c11f0;0;Anomaly;-1,18
202604;AREA 2;JABAR;BANDUNG;CCD;AOi4260216061356489ee7410;0;Anomaly;
202604;AREA 4;KALIMANTAN;PONTIANAK;PTK;AOi4260218053842237e95370;0;Anomaly;
202604;AREA 3;BALI NUSRA;DENPASAR;UBN;AOi4260128111540444c39540;0;Anomaly;
202604;AREA 3;BALI NUSRA;FLORES;MMR;AOi426021408342801261b9f0;0;Anomaly;
202604;AREA 2;WESTERN JABOTABEK;SERANG;LGK;AOi4260220103204532c8db60;0;Comply;-15,58
202604;AREA 1;SUMBAGTENG;PEKANBARU;PBB;AOi4260210011808522635b40;0;Anomaly;
202604;AREA 3;JATIM;SIDOARJO;KRN;AOi426021404180201967b730;0;Anomaly;
202604;AREA 1;SUMBAGUT;CENTRAL MEDAN;LBP;AOi42602091151393793ebda0;0;Anomaly;
202604;AREA 3;JATIM;SURABAYA;TNS;AOi4260212095844974366b60;0;Comply;2,59
202604;AREA 3;BALI NUSRA;DENPASAR;UBN;AOi4260221111912941ed5ee0;0;Anomaly;
202604;AREA 3;JATENG-DIY;PURWOKERTO;PWT;AOi4260206015645186858030;0;Anomaly;
202604;AREA 4;MALUKU DAN PAPUA;SORONG;RSK;AOi426021303032557455d650;0;Anomaly;
202604;AREA 2;JABAR;BANDUNG;CCD;AOi42602120845523613f90c0;0;Comply;-27,02
202604;AREA 2;WESTERN JABOTABEK;SERANG;CLG;AOi4260211095739672e6f0d0;0;Anomaly;
202604;AREA 4;SULAWESI;PALU;BKU;AOi42602110710524700a4d00;0;Anomaly;
202604;AREA 2;WESTERN JABOTABEK;SERANG;CLG;AOi42602140447486016f3900;0;Anomaly;
202604;AREA 2;CENTRAL JABOTABEK;SOUTHERN JAKARTA;KLD;AOs3260221123155311a27e80;0;Comply;-3,42
202604;AREA 3;JATIM;SURABAYA;MYR;AOi4260226030350710574a70;0;Anomaly;
202604;AREA 1;SUMBAGTENG;PEKANBARU;PWG;AOi42602110818482623dee80;0;Anomaly;
202604;AREA 3;JATENG-DIY;SEMARANG;KUD;AOk42602210753036001848e0;0;Anomaly;
202604;AREA 2;WESTERN JABOTABEK;SERANG;BJT;AOi4260222121705291af3c60;0;Anomaly;
202604;AREA 4;KALIMANTAN;PALANGKARAYA;KKN;AOs32602201031324786455b0;0;Anomaly;
202604;AREA 2;JABAR;BANDUNG;TRG;AOi42602130609553901190c0;0;Comply;-2,50
202604;AREA 3;JATIM;SURABAYA;ARB;AOi42602250656205231b13e0;0;Anomaly;
202604;AREA 3;JATENG-DIY;PEKALONGAN;KDW;AOi4260213054628108e8f5c0;0;Anomaly;
202604;AREA 4;KALIMANTAN;PALANGKARAYA;BNT;AOi4260210014718892482d60;0;Anomaly;
202604;AREA 1;SUMBAGUT;BANDA ACEH;LTM;AOi4260225014841294140b80;0;Anomaly;
202604;AREA 4;KALIMANTAN;BANJARMASIN;STI;AOi4260225075621434823c90;0;Anomaly;
202604;AREA 2;CENTRAL JABOTABEK;SOUTHERN JAKARTA;CPE;AOi4260222071933760fbd330;0;Anomaly;
202604;AREA 1;SUMBAGUT;BANDA ACEH;DAR;AOi42602101224176747302c0;0;Anomaly;
202604;AREA 1;SUMBAGUT;BANDA ACEH;LTM;AOi42602270505598091a8750;0;Anomaly;
202604;AREA 2;WESTERN JABOTABEK;SERANG;RKS;AOi4260211120116907a8be00;0;Anomaly;
202604;AREA 1;SUMBAGUT;WESTERN MEDAN;LGS;AOi4260204025130387758940;0;Anomaly;
202604;AREA 3;JATIM;MALANG;KLJ;AOi42602160616473942ab4e0;0;Anomaly;
202604;AREA 1;SUMBAGUT;BANDA ACEH;BIR;AOi4260212090904463448d50;0;Anomaly;
202604;AREA 4;SULAWESI;MAKASSAR;SUG;AOi126022512501384131a8d0;0;Anomaly;
202604;AREA 1;SUMBAGSEL;BENGKULU;PDW;AOb0260220092445843ae2af0;0;Anomaly;
202604;AREA 3;JATENG-DIY;MAGELANG;KTA;AOi4260220094308768934df0;0;Anomaly;
202604;AREA 2;JABAR;BANDUNG;CKK;AOi426021909374698202e810;0;Anomaly;
202604;AREA 3;JATIM;JEMBER;RGJ;AOi4260208010605510bd6730;0;Anomaly;
202604;AREA 4;SULAWESI;PARE-PARE;PRE;AOi42602240538479590709f0;0;Anomaly;
202604;AREA 1;SUMBAGSEL;PALEMBANG;PDT;AOi4260223111100344aeea30;0;Anomaly;
202604;AREA 2;EASTERN JABOTABEK;KARAWANG;BBL;AOi426020707481237424da10;0;Anomaly;
202604;AREA 3;BALI NUSRA;MATARAM;SBW;AOi4260219064745682c1f0d0;0;Anomaly;
202604;AREA 1;SUMBAGUT;CENTRAL MEDAN;TJR;AOi4260211014729685d2a890;0;Anomaly;
202604;AREA 3;JATIM;SIDOARJO;SDA;AOi42602171049589259c2260;0;Anomaly;
202604;AREA 2;EASTERN JABOTABEK;BOGOR;BOO;AOi42602260108411063ce8b0;0;Comply;-16,35
202604;AREA 4;KALIMANTAN;BALIKPAPAN;SEP;AOi4260216092121729cfbb30;0;Anomaly;
202604;AREA 2;JABAR;TASIKMALAYA;MLB;AOi4260205021340549e590f0;0;Anomaly;
202604;AREA 1;SUMBAGSEL;PANGKAL PINANG;PGP;AOi4260224095203369c90ae0;0;Comply;-20,76
202604;AREA 1;SUMBAGUT;BANDA ACEH;LBR;AOi4260213094549178c64c70;0;Anomaly;
202604;AREA 2;JABAR;BANDUNG;DGO;AOi4260210124226307737200;0;Anomaly;
202604;AREA 4;KALIMANTAN;BALIKPAPAN;BRU;AOs3260216112208787abf6f0;0;Anomaly;
202604;AREA 1;SUMBAGTENG;BUKIT TINGGI;PRS;AOi4260218084856912c90a20;0;Anomaly;
202604;AREA 1;SUMBAGUT;RANTAU PRAPAT;ANR;AOi4260211124444317b01eb0;0;Comply;-22,05
202604;AREA 1;SUMBAGTENG;PEKANBARU;PMB;AOi42602100900311612dfd90;0;Anomaly;
202604;AREA 2;EASTERN JABOTABEK;BOGOR;CPS;AOi1260224113256460763690;0;Anomaly;
202604;AREA 1;SUMBAGUT;WESTERN MEDAN;LGS;AOi4260204122416474c90880;0;Anomaly;
202604;AREA 2;WESTERN JABOTABEK;SERANG;CLG;AOk4260224011119134625ee0;0;Anomaly;
202604;AREA 4;KALIMANTAN;PONTIANAK;SNW;AOi4260222114535009133870;0;Anomaly;
202604;AREA 3;JATIM;MALANG;BTU;AOi4260222120636574d13dd0;0;Anomaly;
202604;AREA 3;JATENG-DIY;PURWOKERTO;PWT;AOs3260212055135054e43a90;0;Anomaly;
202604;AREA 2;JABAR;SOREANG;BJA;AOi1260208111413090902cc0;0;Anomaly;
202604;AREA 3;JATIM;SIDOARJO;SDA;AOi42602070628462254d15a0;0;Anomaly;
202604;AREA 2;JABAR;CIREBON;JBN;AOi426020810332437084d4b0;0;Anomaly;
202604;AREA 2;JABAR;CIREBON;PRD;AOi42602070602084583d3110;0;Anomaly;
202604;AREA 2;JABAR;CIREBON;PRD;AOi4260207120434191097bf0;0;Anomaly;
202604;AREA 2;JABAR;CIREBON;PRD;AOi4260208082342050f6f270;0;Anomaly;
202604;AREA 2;JABAR;CIREBON;PRD;AOi426020302192638000bde0;0;Anomaly;
202604;AREA 2;JABAR;CIREBON;PRD;AOi4260208103018578c0bde0;0;Anomaly;
202604;AREA 2;JABAR;CIREBON;CBN;AOi4260205074759315586dd0;0;Anomaly;
202604;AREA 3;JATENG-DIY;SURAKARTA;BLO;AOi426021512191249242c0e0;0;Anomaly;
202604;AREA 3;JATIM;SURABAYA;BKL;AOi426021111351382613acb0;0;Anomaly;
202604;AREA 4;SULAWESI;MANADO;PIK;AOi126021701575484319dca0;0;Anomaly;
202604;AREA 3;JATIM;JEMBER;YSN;AOi42602191246292543dcd10;0;Anomaly;
202604;AREA 4;SULAWESI;MANADO;TDN;AOk426021812583838955ae00;0;Anomaly;
202604;AREA 2;CENTRAL JABOTABEK;SOUTHERN JAKARTA;CPP;AOs3260218113444497e6b940;0;Anomaly;
202604;AREA 4;KALIMANTAN;PALANGKARAYA;AMP;AOi4260221111907932451990;0;Anomaly;
202604;AREA 3;JATIM;SURABAYA;WRP;AOs3260211040522326e85c20;0;Anomaly;
202604;AREA 2;EASTERN JABOTABEK;BEKASI;BEK;AOi4260228115237862ea4230;0;Comply;-4,41
202604;AREA 1;SUMBAGUT;BANDA ACEH;SMM;AOi42602241233188109aece0;0;Anomaly;
202604;AREA 1;SUMBAGTENG;PEKANBARU;AMK;AOs3260208124452103118960;0;Anomaly;
202604;AREA 1;SUMBAGSEL;JAMBI;SPN;AOi4260227013738488c3c610;0;Anomaly;36,59
202604;AREA 1;SUMBAGUT;RANTAU PRAPAT;ANR;AOi426012111372345298e430;0;Anomaly;
202604;AREA 1;SUMBAGUT;RANTAU PRAPAT;ANR;AOi426020912371923037ad80;0;Anomaly;
202604;AREA 2;WESTERN JABOTABEK;TANGERANG;CPA;AOi4260227031952589256040;0;Anomaly;
202604;AREA 2;EASTERN JABOTABEK;BOGOR;BOO;AOi42602260108411063ce8b0;0;Anomaly;
202604;AREA 1;SUMBAGUT;CENTRAL MEDAN;DLT;AOi4260220121244096358d20;0;Comply;-22,15
202604;AREA 3;JATENG-DIY;SEMARANG;SLI;AOi4260207084956852447c20;0;Comply;-110,04
202604;AREA 3;JATENG-DIY;SEMARANG;SLI;AOi4260214094142827fc9980;0;Anomaly;
202604;AREA 3;JATENG-DIY;PEKALONGAN;PKL;AOi42602120633278351f9d00;0;Comply;-1,15
202604;AREA 2;WESTERN JABOTABEK;SERANG;CLG;AOi42602151121008813d9c30;0;Anomaly;
202604;AREA 1;SUMBAGTENG;BATAM;BTC;AOi42602040327167958934b0;0;Comply;-19,80
202604;AREA 4;SULAWESI;MAKASSAR;PNK;AOs3260204064253003972710;0;Anomaly;
202604;AREA 3;BALI NUSRA;KUPANG;KPN;AOi42601300733421378fca30;0;Anomaly;
202604;AREA 3;BALI NUSRA;MATARAM;BIM;AOi426021303284558073afd0;0;Anomaly;
202604;AREA 4;SULAWESI;MANADO;LAN;AOi4260213014543802423fb0;0;Anomaly;
202604;AREA 2;JABAR;SOREANG;SMD;AOi4260211104900933223c20;0;Comply;-0,25
202604;AREA 3;JATIM;JEMBER;PTN;AOi4260213122402311139760;0;Anomaly;
202604;AREA 1;SUMBAGUT;PADANG SIDEMPUAN;SBG;AOi4260216102042342b3a8a0;0;Anomaly;
202604;AREA 2;JABAR;TASIKMALAYA;CMS;AOi4260213083336160d3b230;0;Anomaly;
202604;AREA 3;BALI NUSRA;KUPANG;OSP;AOi4260221065652613437e30;0;Anomaly;
202604;AREA 2;JABAR;TASIKMALAYA;PMP;AOi426020301452734171bfe0;0;Anomaly;
202604;AREA 2;WESTERN JABOTABEK;TANGERANG;SRP;AOi4260209084622858d21ea0;0;Anomaly;
202604;AREA 2;JABAR;SOREANG;SMD;AOi4260218042018564c98ef0;0;Comply;-0,01
202604;AREA 2;JABAR;SOREANG;SMD;AOi4260211104900933223c20;0;Anomaly;
202604;AREA 4;KALIMANTAN;PALANGKARAYA;PLK;AOi4260213123120784b23410;0;Anomaly;
202604;AREA 3;JATENG-DIY;MAGELANG;MGE;AOi42602160907559456f8e40;0;Anomaly;
202604;AREA 3;BALI NUSRA;DENPASAR;TBN;AOi42602160353076187a3700;0;Anomaly;
202604;AREA 3;BALI NUSRA;DENPASAR;GIN;AOi42602151212565158e70f0;0;Anomaly;
202604;AREA 4;SULAWESI;MAKASSAR;TKA;AOi4260210020955725870060;0;Anomaly;
202604;AREA 4;MALUKU DAN PAPUA;SORONG;FFA;AOs32602180845436724bde50;0;Anomaly;
202604;AREA 3;BALI NUSRA;MATARAM;DMP;AOi426022008312716002deb0;0;Anomaly;
202604;AREA 4;SULAWESI;MANADO;SFI;AOi426022711110625328acf0;0;Anomaly;
202604;AREA 3;BALI NUSRA;MATARAM;SIL;AOi426022611290751710d950;0;Anomaly;
202604;AREA 2;CENTRAL JABOTABEK;SOUTHERN JAKARTA;CPP;AOs3260216065050809bdba10;0;Anomaly;
202604;AREA 3;BALI NUSRA;DENPASAR;TBN;AOi42602160148253543c1bb0;0;Not Comply;42,45
202604;AREA 1;SUMBAGUT;BANDA ACEH;MRU;AOi426021209370857929f260;0;Comply;-27,14
202604;AREA 2;WESTERN JABOTABEK;TANGERANG;CLD;AOs32602060106521365b7460;0;Anomaly;
202604;AREA 1;SUMBAGTENG;BUKIT TINGGI;PAM;AOi4260221124755865108cf0;0;Anomaly;
202604;AREA 1;SUMBAGSEL;PALEMBANG;KTU;AOs3260220061949879ac3020;0;Anomaly;
202604;AREA 3;JATENG-DIY;SURAKARTA;KRT;AOi4260209080406372e91930;0;Anomaly;
202604;AREA 3;JATIM;SURABAYA;KBL;AOi4260220071505332fef5d0;0;Anomaly;
202604;AREA 1;SUMBAGSEL;JAMBI;BKO;AOi42602240331481460b27f0;0;Anomaly;
202604;AREA 4;MALUKU DAN PAPUA;SORONG;SON;AOb026021004203223105a3b0;0;Anomaly;
202604;AREA 3;JATENG-DIY;PEKALONGAN;PML;AOi4260206120215968ada360;0;Anomaly;
202604;AREA 3;JATIM;SURABAYA;MYR;AOi4260224043103095d717e0;0;Anomaly;
202604;AREA 1;SUMBAGUT;WESTERN MEDAN;PRL;AOi4260219051234451339570;0;Anomaly;
202604;AREA 1;SUMBAGUT;RANTAU PRAPAT;RAP;AOi4260227042849867d0a480;0;Anomaly;
202604;AREA 2;CENTRAL JABOTABEK;SOUTHERN JAKARTA;BIN;AOi42602190255274062713e0;0;Comply;-20,78
202604;AREA 1;SUMBAGUT;WESTERN MEDAN;LGS;AOi426021104582885956c650;0;Anomaly;
202604;AREA 1;SUMBAGUT;CENTRAL MEDAN;LBP;AOi42602110247168229e9f30;0;Anomaly;
202604;AREA 4;SULAWESI;KENDARI;KDR;AOi1260218082321513b03330;0;Anomaly;
202604;AREA 2;JABAR;BANDUNG;CKW;AOi426022703122284043c4c0;0;Anomaly;
202604;AREA 2;JABAR;BANDUNG;LEM;AOi4260227053428753cbc060;0;Anomaly;
202604;AREA 2;JABAR;TASIKMALAYA;PAX;AOi426022110093881893eb30;0;Anomaly;
202604;AREA 1;SUMBAGUT;CENTRAL MEDAN;SPM;AOi4260227032913096364e10;0;Anomaly;
202604;AREA 2;EASTERN JABOTABEK;BEKASI;DEP;PDAk42602160940017310982f0;0;Anomaly;
202604;AREA 4;SULAWESI;MANADO;BAH;AOi4260211033628958692f20;0;Anomaly;
202604;AREA 2;JABAR;BANDUNG;LEM;AOi42602181014313201a6f20;0;Anomaly;
202604;AREA 2;JABAR;BANDUNG;CKW;AOi426021312240686841e1f0;0;Comply;-48,66
202604;AREA 2;JABAR;BANDUNG;LEM;AOi426022811531676536d6c0;0;Anomaly;
202604;AREA 4;KALIMANTAN;BALIKPAPAN;MGG;AOi4260205075324569e31e80;0;Anomaly;
202604;AREA 2;JABAR;BANDUNG;PDL;AOi42602050903390373bc3e0;0;Comply;-48,73
202604;AREA 1;SUMBAGUT;BANDA ACEH;BIR;AOi426020305273669847d270;0;Anomaly;
202604;AREA 1;SUMBAGUT;RANTAU PRAPAT;ANR;AOi4260211124444317b01eb0;0;Anomaly;
202604;AREA 3;BALI NUSRA;MATARAM;TET;AOi4260206053018121bbe540;0;Anomaly;
202604;AREA 2;JABAR;SOREANG;CWD;AOi4260205083428061804a20;0;Comply;-1,80
202604;AREA 2;JABAR;BANDUNG;RJW;AOi42602210926545794595f0;0;Anomaly;
202604;AREA 2;EASTERN JABOTABEK;KARAWANG;CKP;AOk4260224014855659b4e690;0;Anomaly;
202604;AREA 2;CENTRAL JABOTABEK;SOUTHERN JAKARTA;PGB;AOi12602230713377665d3680;0;Anomaly;
202604;AREA 4;SULAWESI;BONE;SKG;AOi1260207021550264555900;0;Anomaly;
202604;AREA 2;EASTERN JABOTABEK;BOGOR;STL;AOi42602161135323468ef7d0;0;Anomaly;
202604;AREA 3;JATENG-DIY;SEMARANG;SMC;AOi426022610103665080da60;0;Anomaly;
202604;AREA 2;WESTERN JABOTABEK;TANGERANG;SRP;AOi4260220063050553f771d0;0;Comply;-61,03
202604;AREA 3;JATENG-DIY;PEKALONGAN;BBT;AOi42602100456241405ce310;0;Comply;-2,06
202604;AREA 1;SUMBAGUT;CENTRAL MEDAN;SPM;AOk4260218043600494831860;0;Anomaly;
202604;AREA 1;SUMBAGSEL;LAMPUNG;BDA;AOi4260211022927091df0490;0;Anomaly;
202604;AREA 1;SUMBAGSEL;PANGKAL PINANG;TBI;AOi42602050921198910dec90;0;Anomaly;
202604;AREA 1;SUMBAGSEL;PANGKAL PINANG;TBI;AOi4260209101607444f9bb10;0;Anomaly;
202604;AREA 2;CENTRAL JABOTABEK;SOUTHERN JAKARTA;PSM;AOi4260217024651847bd4900;0;Anomaly;
202604;AREA 2;EASTERN JABOTABEK;BOGOR;PAG;AOi4260216021528355727a90;0;Comply;-24,15
202604;AREA 4;KALIMANTAN;PONTIANAK;SRY;AOi42602090956258725493a0;0;Comply;-62,40
202604;AREA 3;JATENG-DIY;SURAKARTA;BYL;AOi42602010555107973f0450;0;Anomaly;
202604;AREA 4;SULAWESI;PALU;PLA;AOi4260212020920541900d30;0;Anomaly;
202604;AREA 3;JATIM;SURABAYA;KNN;AOi4260218041109259960740;0;Anomaly;
202604;AREA 1;SUMBAGSEL;BENGKULU;BTH;AOi426020611224917880ea00;0;Anomaly;
202604;AREA 1;SUMBAGSEL;LAMPUNG;TJK;AOi4260204105903082b2a920;0;Anomaly;
202604;AREA 2;EASTERN JABOTABEK;KARAWANG;PWK;PDAk4260210065824902ed5f80;0;Anomaly;
202604;AREA 3;JATENG-DIY;SEMARANG;MJP;AOi4260228091106478433450;0;Anomaly;
202604;AREA 3;JATIM;SURABAYA;MYR;AOi4260219092846657f6d350;0;Anomaly;
202604;AREA 2;JABAR;TASIKMALAYA;CMS;AOi42602061214240893a0af0;0;Anomaly;
202604;AREA 1;SUMBAGTENG;BATAM;SLU;AOi426020905232234261c140;0;Anomaly;
202604;AREA 2;EASTERN JABOTABEK;BEKASI;BEK;AOi4260207072751799503f90;0;Anomaly;
202604;AREA 1;SUMBAGUT;CENTRAL MEDAN;SPM;AOi4260218120033855ea0970;0;Anomaly;
202604;AREA 1;SUMBAGTENG;BATAM;NGS;AOs3260214042215619d83580;0;Anomaly;
202604;AREA 2;CENTRAL JABOTABEK;SOUTHERN JAKARTA;PSR;AOs326022708023847037e860;0;Comply;-15,18
202604;AREA 1;SUMBAGSEL;PALEMBANG;BKS;AOb0260221021216360e33880;0;Anomaly;
202604;AREA 3;JATIM;SIDOARJO;MJS;AOi42602110304228415b4e60;0;Comply;0,21
202604;AREA 3;BALI NUSRA;DENPASAR;KLM;AOi4260215083740032f31d10;0;Anomaly;
202604;AREA 1;SUMBAGSEL;JAMBI;MND;AOi4260217102750253f2a0c0;0;Comply;-24,56
202604;AREA 1;SUMBAGUT;WESTERN MEDAN;LGS;AOi4260212033545229f45d70;0;Anomaly;
202604;AREA 4;KALIMANTAN;BANJARMASIN;LUL;AOi4260222064056876c4e290;0;Anomaly;
202604;AREA 1;SUMBAGSEL;PALEMBANG;UNT;AOi4260201011349039230620;0;Anomaly;
202604;AREA 4;SULAWESI;MANADO;BAH;AOi4260219064356932d946c0;0;Anomaly;
202604;AREA 4;SULAWESI;MAKASSAR;MAT;AOi4260216113428580c06500;0;Anomaly;
202604;AREA 1;SUMBAGUT;PADANG SIDEMPUAN;PSP;AOi4260222014155037348d50;0;Anomaly;
202604;AREA 3;JATENG-DIY;YOGYAKARTA;PGR;AOi4260226052005032cca200;0;Anomaly;
202604;AREA 4;KALIMANTAN;SAMARINDA;STT;AOi426021311233601602d340;0;Anomaly;
202604;AREA 1;SUMBAGTENG;PEKANBARU;MIS;AOs32602220227060427d2580;0;Anomaly;
202604;AREA 4;KALIMANTAN;PONTIANAK;JAW;AOi4260202054150172ed1d50;0;Anomaly;
202604;AREA 3;JATIM;SURABAYA;PME;AOi4260222101344741d9c960;0;Anomaly;
202604;AREA 1;SUMBAGUT;PADANG SIDEMPUAN;SBG;AOi4260203095157370a39550;0;Anomaly;
202604;AREA 2;WESTERN JABOTABEK;TANGERANG;CPA;AOk4260216065652084390cc0;0;Anomaly;
202604;AREA 4;SULAWESI;MAKASSAR;SUG;AOi42602091122165842a92f0;0;Anomaly;
202604;AREA 3;JATIM;SURABAYA;ARB;AOi426021907521689402c430;0;Anomaly;
202604;AREA 1;SUMBAGSEL;PALEMBANG;BKS;AOi4260210074029650b26e70;0;Anomaly;
202604;AREA 1;SUMBAGTENG;PEKANBARU;ARK;AOi4260212095302562f9f4a0;0;Anomaly;
202604;AREA 3;BALI NUSRA;MATARAM;SGG;AOi4260207083736683083290;0;Anomaly;
202604;AREA 4;SULAWESI;MANADO;TNT;AOk4260219115616983de2f00;0;Anomaly;
202604;AREA 4;SULAWESI;KENDARI;WNC;AOi42602241012060166d09d0;0;Anomaly;
202604;AREA 3;BALI NUSRA;DENPASAR;KLM;AOi4260208112522136803c70;0;Anomaly;
202604;AREA 2;JABAR;BANDUNG;UBR;AOi426022706344545464e390;0;Comply;-28,33
202604;AREA 1;SUMBAGUT;CENTRAL MEDAN;SKI;AOi4260226120323690c91e90;0;Comply;-3,54
202604;AREA 3;JATIM;SURABAYA;MYR;AOi42602260143009378a9ff0;0;Anomaly;
202604;AREA 4;KALIMANTAN;TARAKAN;TRK;AOi4260213063625066e36c90;0;Not Comply;7,80
202604;AREA 2;JABAR;TASIKMALAYA;TSM;AOi42602240849073426ce4d0;0;Anomaly;
202604;AREA 1;SUMBAGSEL;JAMBI;MND;AOi4260210091539581a5ba60;0;Anomaly;
202604;AREA 4;SULAWESI;PARE-PARE;RTP;AOk42602261029339868770c0;0;Anomaly;
202604;AREA 2;CENTRAL JABOTABEK;SOUTHERN JAKARTA;PGB;AOi12602230713377665d3680;0;Anomaly;
202604;AREA 2;JABAR;TASIKMALAYA;CMS;AOk4260213112829826837010;0;Anomaly;
202604;AREA 2;JABAR;CIREBON;CKC;AOi42602071200066034f1c50;0;Anomaly;
202604;AREA 2;CENTRAL JABOTABEK;SOUTHERN JAKARTA;GAN;AOs3260209103618996929860;0;Anomaly;
202604;AREA 2;JABAR;CIREBON;CKC;AOi42602061136143977c4950;0;Anomaly;
202604;AREA 2;JABAR;CIREBON;CKC;AOi4260205042209699c61910;0;Anomaly;
202604;AREA 2;JABAR;CIREBON;CBN;AOi4260203125123585a7c6f0;0;Anomaly;
202604;AREA 2;JABAR;CIREBON;CBN;AOi4260204022103208429280;0;Anomaly;
202604;AREA 2;CENTRAL JABOTABEK;SOUTHERN JAKARTA;CWA;AOi426021501165668475dde0;0;Comply;-17,57
202604;AREA 3;BALI NUSRA;KUPANG;TNA;AOi4260203110727465f9bb20;0;Comply;-24,86
202604;AREA 2;JABAR;CIREBON;CBN;AOi4260204050549761c468f0;0;Anomaly;
202604;AREA 1;SUMBAGUT;CENTRAL MEDAN;TTG;AOi426021010571812693bec0;0;Anomaly;
202604;AREA 2;CENTRAL JABOTABEK;SOUTHERN JAKARTA;BIN;AOk42602100536115316a9400;0;Anomaly;
202604;AREA 3;BALI NUSRA;MATARAM;DMP;AOi42602261156129787cfb70;0;Anomaly;
202604;AREA 4;KALIMANTAN;PANGKALAN BUN;SAI;AOi4260220092224771a01680;0;Comply;-19,05
202604;AREA 1;SUMBAGSEL;BENGKULU;TIS;AOi4260201053408430b7de30;0;Anomaly;
202604;AREA 2;JABAR;CIREBON;CBN;AOi4260204032305356bd7e20;0;Anomaly;
202604;AREA 2;JABAR;CIREBON;CBN;AOi42602041237179830478d0;0;Anomaly;
202604;AREA 3;JATENG-DIY;SURAKARTA;BLO;AOi4260210090804037834640;0;Comply;-20,73
202604;AREA 2;JABAR;CIREBON;CBN;AOi42602040550295894d0030;0;Anomaly;
202604;AREA 2;JABAR;CIREBON;CBN;AOi426020211161072576ca30;0;Anomaly;
202604;AREA 2;WESTERN JABOTABEK;SERANG;CUG;AOi42602210654051825e2c00;0;Anomaly;
202604;AREA 1;SUMBAGSEL;LAMPUNG;TJK;AOi426022502592604539e670;0;Anomaly;
202604;AREA 2;EASTERN JABOTABEK;BOGOR;PMU;AOs3260227035225858af1ad0;0;Anomaly;
202604;AREA 2;CENTRAL JABOTABEK;SOUTHERN JAKARTA;KRG;AOs32602031051162141d1140;0;Anomaly;
202604;AREA 2;JABAR;BANDUNG;TLE;AOi4260213075314967553820;0;Comply;0,89
202604;AREA 2;CENTRAL JABOTABEK;SOUTHERN JAKARTA;KAL;AOi426022711064153712ef80;0;Anomaly;
202604;AREA 2;JABAR;BANDUNG;SKM;AOi4260204122928162f7c0c0;0;Anomaly;
202604;AREA 1;SUMBAGSEL;PANGKAL PINANG;PGP;AOi4260213100424080a51770;0;Anomaly;
202604;AREA 1;SUMBAGUT;CENTRAL MEDAN;CTD;AOi4260203115651265e6dd90;0;Anomaly;
202604;AREA 2;EASTERN JABOTABEK;BEKASI;KLB;AOi4260209031810139530510;0;Comply;-24,01
202604;AREA 1;SUMBAGUT;WESTERN MEDAN;LGS;AOb02602140648053500d4bf0;0;Anomaly;
202604;AREA 2;JABAR;TASIKMALAYA;CKJ;AOk4260130021028031f8e5f0;0;Anomaly;
202604;AREA 3;JATENG-DIY;SEMARANG;KUD;AOi4260213025848376065500;0;Anomaly;
202604;AREA 2;JABAR;BANDUNG;CMI;AOi42602031033041171af7d0;0;Comply;-4,13
202604;AREA 4;SULAWESI;MANADO;KTG;AOi42602190454460028401f0;0;Anomaly;
202604;AREA 3;JATENG-DIY;SEMARANG;UNR;AOi42602111115206564e1420;0;Not Comply;196,71
202604;AREA 3;JATENG-DIY;PEKALONGAN;KJE;AOi426020410583337613d480;0;Anomaly;
202604;AREA 3;JATIM;SIDOARJO;SDA;AOi426022701210178667b3b0;0;Anomaly;
202604;AREA 1;SUMBAGSEL;LAMPUNG;SPS;AOi4260204114315515d49b60;0;Comply;-21,08
202604;AREA 3;JATIM;SURABAYA;KRP;AOi4260212094125841341270;0;Anomaly;
202604;AREA 1;SUMBAGUT;CENTRAL MEDAN;TTG;AOi426021712292507070faf0;0;Anomaly;
202604;AREA 4;KALIMANTAN;BANJARMASIN;ULI;AOi4260209011405035da0a50;0;Comply;-51,19
202604;AREA 1;SUMBAGSEL;PANGKAL PINANG;TJN;AOi4260225061241431978df0;0;Anomaly;
202604;AREA 1;SUMBAGSEL;LAMPUNG;TJK;AOi4260204105903082b2a920;0;Comply;-16,23
202604;AREA 3;JATENG-DIY;SURAKARTA;KRT;AOi426022205112135499bc20;0;Comply;-20,93
202604;AREA 4;SULAWESI;MANADO;BIT;AOi42602260539186447eb9a0;0;Anomaly;
202604;AREA 3;JATIM;SIDOARJO;WRU;AOi42602240651052579a0fb0;0;Anomaly;
202604;AREA 2;EASTERN JABOTABEK;BOGOR;BOO;AOi42602260108411063ce8b0;0;Comply;-18,57
202604;AREA 4;SULAWESI;MANADO;TOB;AOi4260217105855451619310;0;Anomaly;
202604;AREA 1;SUMBAGTENG;BATAM;LBJ;AOk42602211109482206026c0;0;Anomaly;
202604;AREA 3;JATIM;SURABAYA;BKL;AOi42602120651545113bc940;0;Anomaly;
202604;AREA 3;JATIM;SIDOARJO;SDA;AOi426020402072356053aca0;0;Anomaly;
202604;AREA 3;BALI NUSRA;DENPASAR;UBN;AOi4260224082557352de4b20;0;Anomaly;
202604;AREA 2;EASTERN JABOTABEK;BEKASI;CNE;AOs3260218053913333e5a720;0;Anomaly;
202604;AREA 1;SUMBAGUT;BANDA ACEH;BNN;AOi42602130206383547dc940;0;Anomaly;
202604;AREA 2;EASTERN JABOTABEK;KARAWANG;BGG;AOi4260211021758144e189e0;0;Anomaly;
202604;AREA 2;CENTRAL JABOTABEK;NORTHERN JAKARTA;KTX;AOi42602091042561150e0350;0;Comply;-18,72
202604;AREA 4;KALIMANTAN;BALIKPAPAN;LAB;AOi4260221041620062808780;0;Comply;-44,22
202604;AREA 2;WESTERN JABOTABEK;TANGERANG;CPA;AOi4260228025642357eb8ae0;0;Anomaly;
202604;AREA 3;JATENG-DIY;MAGELANG;MTY;AOi4260211100900557d68030;0;Anomaly;
202604;AREA 4;KALIMANTAN;PALANGKARAYA;PLK;AOi426020905001552338f440;0;Anomaly;
202604;AREA 2;JABAR;BANDUNG;TLE;AOi4260218011127269013420;0;Comply;-15,01
202604;AREA 3;BALI NUSRA;MATARAM;BIM;AOi42602130129250208cd430;0;Anomaly;
202604;AREA 3;JATIM;SURABAYA;KPS;AOi4260216050345805d81040;0;Anomaly;
202604;AREA 3;JATIM;SIDOARJO;SDN;AOi42602210451083628686c0;0;Anomaly;
202604;AREA 4;SULAWESI;PARE-PARE;PIN;AOi426021610405042634ab50;0;Anomaly;
202604;AREA 2;WESTERN JABOTABEK;SERANG;BRS;AOi4260207105635772c884f0;0;Anomaly;
202604;AREA 2;EASTERN JABOTABEK;KARAWANG;PWK;AOi42602110339211719965f0;0;Anomaly;
202604;AREA 3;JATENG-DIY;MAGELANG;MTY;AOi4260227021916018a3e490;0;Anomaly;
202604;AREA 2;EASTERN JABOTABEK;KARAWANG;PWK;AOi42602280146099519b30f0;0;Anomaly;
202604;AREA 2;JABAR;SOREANG;BJA;AOi126020402483172439c630;0;Anomaly;
202604;AREA 1;SUMBAGTENG;BUKIT TINGGI;LBA;AOi4260212125131785505c20;0;Anomaly;
202604;AREA 1;SUMBAGUT;BANDA ACEH;BNA;AOi4260220093527891adb850;0;Anomaly;
202604;AREA 4;KALIMANTAN;BALIKPAPAN;KRO;AOi426021009391491573ae40;0;Anomaly;
202604;AREA 2;WESTERN JABOTABEK;SERANG;SPT;AOi4260204062348821027e80;0;Anomaly;
202604;AREA 2;EASTERN JABOTABEK;BOGOR;STL;AOs3260224122747748d35360;0;Comply;-18,26
202604;AREA 2;EASTERN JABOTABEK;BEKASI;DEP;AOi1260212050534305b77210;0;Comply;-16,63
202604;AREA 1;SUMBAGUT;CENTRAL MEDAN;LBP;AOi4260214100150942f20830;0;Anomaly;
202604;AREA 4;MALUKU DAN PAPUA;SORONG;SON;AOi4260226102827482d450c0;0;Anomaly;
202604;AREA 3;BALI NUSRA;MATARAM;MTR;AOi42602210701416788be850;0;Anomaly;
202604;AREA 3;JATIM;SURABAYA;BKL;AOi4260218065839872c8c870;0;Anomaly;
202604;AREA 1;SUMBAGUT;PEMATANG SIANTAR;PSA;AOi4260202085159859a5fcf0;0;Anomaly;
202604;AREA 2;EASTERN JABOTABEK;KARAWANG;TLJ;AOi42602050720124542edca0;0;Anomaly;
202604;AREA 4;KALIMANTAN;BALIKPAPAN;BRU;AOb02602210419056381dc6d0;0;Anomaly;
202604;AREA 3;BALI NUSRA;FLORES;MMR;AOi4260211125329503746e70;0;Anomaly;
202604;AREA 1;SUMBAGSEL;PANGKAL PINANG;KBO;AOi4260208071047494101c50;0;Anomaly;
202604;AREA 1;SUMBAGUT;BANDA ACEH;KFR;AOi4260219122700493d31a60;0;Anomaly;
202604;AREA 4;KALIMANTAN;PANGKALAN BUN;SAI;AOi42602091141211021eb640;0;Anomaly;
202604;AREA 3;JATIM;SURABAYA;BKL;AOi4260211110531887605140;0;Anomaly;
202604;AREA 3;BALI NUSRA;DENPASAR;JBR;AOi4260222022955786e86ac0;0;Anomaly;
202604;AREA 1;SUMBAGUT;PADANG SIDEMPUAN;PND;AOi4260125080752249dd2f00;0;Anomaly;
202604;AREA 3;JATENG-DIY;SURAKARTA;GBU;AOi4260221092150809c91570;0;Anomaly;
202604;AREA 3;JATENG-DIY;SEMARANG;WLR;AOi4260128071247574f52010;0;Anomaly;
202604;AREA 2;WESTERN JABOTABEK;TANGERANG;GDS;AOi4260208031038537b87180;0;Anomaly;
202604;AREA 3;JATENG-DIY;SEMARANG;UNR;AOi12602231257092254e88f0;0;Anomaly;
202604;AREA 4;SULAWESI;KENDARI;MDG;AOi4260210113340020276860;0;Anomaly;
202604;AREA 1;SUMBAGSEL;PANGKAL PINANG;TBI;AOi42602040854267899347c0;0;Anomaly;
202604;AREA 2;JABAR;CIREBON;IMY;AOi4260204024000901ad5740;0;Anomaly;
202604;AREA 2;JABAR;CIREBON;IMY;AOi4260204023039562807ec0;0;Anomaly;
202604;AREA 4;MALUKU DAN PAPUA;JAYAPURA;SNI;AOk426020705481198017a970;0;Anomaly;
202604;AREA 2;CENTRAL JABOTABEK;NORTHERN JAKARTA;MRY;AOi42602070558164801df830;0;Anomaly;
202604;AREA 2;JABAR;CIREBON;IMY;AOk42602041144080393c1bc0;0;Anomaly;
202604;AREA 2;JABAR;CIREBON;IMY;AOi4260202105331356bf40a0;0;Anomaly;
202604;AREA 1;SUMBAGTENG;BATAM;NGS;AOs3260214042215619d83580;0;Anomaly;
202604;AREA 1;SUMBAGSEL;BENGKULU;TSS;AOi42602060317561471fd940;0;Anomaly;
202604;AREA 1;SUMBAGTENG;BATAM;RAI;AOi42602190126096402e4420;0;Anomaly;-18,52
202604;AREA 3;BALI NUSRA;DENPASAR;UBN;AOi4260201091127733e9ecd0;0;Anomaly;
202604;AREA 4;KALIMANTAN;BALIKPAPAN;KTB;PDAk4260214123641768563b30;0;Anomaly;
202604;AREA 2;WESTERN JABOTABEK;TANGERANG;TAN;AOi426022510533239560fd60;0;Anomaly;
202604;AREA 1;SUMBAGUT;PADANG SIDEMPUAN;PSP;AOi4260220113334823dac1a0;0;Anomaly;
202604;AREA 1;SUMBAGUT;CENTRAL MEDAN;LBP;AOk4260218105244719252120;0;Anomaly;
202604;AREA 2;JABAR;BANDUNG;GGK;AOs3260211030524866617910;0;Anomaly;
202604;AREA 3;BALI NUSRA;MATARAM;SBW;AOi42602190930005429bdd70;0;Anomaly;
202604;AREA 1;SUMBAGUT;CENTRAL MEDAN;TJR;AOi42602120216007162f4e30;0;Anomaly;
202604;AREA 1;SUMBAGUT;BANDA ACEH;BNA;AOi42602021233310103a7e80;0;Anomaly;
202604;AREA 1;SUMBAGUT;PEMATANG SIANTAR;SRA;AOi4260223100635453718b20;0;Anomaly;
202604;AREA 1;SUMBAGUT;PADANG SIDEMPUAN;PND;AOi4260225080209115cf0e70;0;Anomaly;
202604;AREA 4;SULAWESI;KENDARI;MDG;AOi42602050833046883fb5c0;0;Anomaly;
202604;AREA 3;JATIM;SURABAYA;BKL;AOi42602120651545113bc940;0;Anomaly;
202604;AREA 4;SULAWESI;BONE;SIN;AOi42602170707052663d45e0;0;Anomaly;
202604;AREA 3;JATENG-DIY;SURAKARTA;KRT;AOi426020506373057225b040;0;Comply;0,45
202604;AREA 1;SUMBAGSEL;LAMPUNG;MGA;AOi4260223074223123870470;0;Anomaly;
202604;AREA 1;SUMBAGSEL;PANGKAL PINANG;PGP;AOk4260203031323420071c60;0;Anomaly;
202604;AREA 1;SUMBAGUT;WESTERN MEDAN;LGS;AOi4260202032541343dfd6e0;0;Anomaly;
202604;AREA 4;KALIMANTAN;PONTIANAK;SNW;AOi4260206084508141e6a970;0;Anomaly;
202604;AREA 3;JATENG-DIY;PEKALONGAN;BLU;AOi4260218034011500e3b3c0;0;Anomaly;
202604;AREA 3;JATENG-DIY;SEMARANG;GNK;AOi42602171014551222e9c00;0;Comply;-141,19
202604;AREA 1;SUMBAGSEL;JAMBI;RBB;AOi42602081039582599055c0;0;Anomaly;
202604;AREA 1;SUMBAGUT;PEMATANG SIANTAR;PER;AOi4260224025326397c363a0;0;Anomaly;
202604;AREA 4;SULAWESI;MAKASSAR;PKN;AOi4260214040141323c7fdf0;0;Anomaly;
202604;AREA 3;JATENG-DIY;PURWOKERTO;MAN;AOi42602040511161267e9a30;0;Anomaly;
202604;AREA 4;MALUKU DAN PAPUA;JAYAPURA;SRM;AOi42602231052194810f6770;0;Anomaly;
202604;AREA 3;BALI NUSRA;DENPASAR;KLM;AOi12602160851219994c77b0;0;Anomaly;
202604;AREA 4;KALIMANTAN;PANGKALAN BUN;PBU;AOk4260208042957926490320;0;Anomaly;
202604;AREA 1;SUMBAGTENG;BATAM;SLU;AOk4260125022010965e7f250;0;Anomaly;
202604;AREA 4;KALIMANTAN;PONTIANAK;NGG;AOi4260217113316052df18b0;0;Anomaly;
202604;AREA 2;JABAR;CIREBON;SUB;AOk4260203114029222443300;0;Comply;-21,27
202604;AREA 4;SULAWESI;KENDARI;MDG;AOi4260217073522279fbfb10;0;Anomaly;
202604;AREA 4;MALUKU DAN PAPUA;JAYAPURA;SRM;AOi426021609361249591a550;0;Anomaly;
202604;AREA 2;EASTERN JABOTABEK;BOGOR;CLS;AOi1260131070418841d02a00;0;Comply;-1,37
202604;AREA 4;SULAWESI;KENDARI;UNH;AOi426020912492924252ef50;0;Anomaly;
202604;AREA 4;SULAWESI;PALU;TOL;AOs32602220457303996c5280;0;Anomaly;
202604;AREA 3;JATENG-DIY;MAGELANG;MGE;AOi426013111585758732aa10;0;Not Comply;75,56
202604;AREA 2;CENTRAL JABOTABEK;SOUTHERN JAKARTA;KBY;AOi12602210959295643cddb0;0;Comply;-33,30
202604;AREA 2;JABAR;TASIKMALAYA;TSM;AOi4260208014136666fc9340;0;Comply;-67,31
202604;AREA 1;SUMBAGUT;CENTRAL MEDAN;CTD;AOi42602190407271793a9560;0;Anomaly;
202604;AREA 1;SUMBAGUT;WESTERN MEDAN;LGS;AOi42602100913327336d8ce0;0;Comply;-21,90
202604;AREA 1;SUMBAGSEL;BENGKULU;AGR;AOi426020506273669397c290;0;Anomaly;
202604;AREA 1;SUMBAGSEL;BENGKULU;TMO;AOi4260205101300090e95a20;0;Comply;0,75
202604;AREA 3;BALI NUSRA;KUPANG;KEF;AOi42602190239095925e0950;0;Anomaly;
202604;AREA 1;SUMBAGSEL;BENGKULU;LHT;AOi42602100731318648c22d0;0;Comply;-0,11
202604;AREA 2;WESTERN JABOTABEK;TANGERANG;SRP;AOi42602240232409826d5700;0;Anomaly;
202604;AREA 3;JATENG-DIY;PURWOKERTO;PWT;PDAk4260215030339491609610;0;Anomaly;
202604;AREA 1;SUMBAGUT;CENTRAL MEDAN;TMU;AOs3260210115633844b95200;0;Anomaly;
202604;AREA 2;WESTERN JABOTABEK;TANGERANG;CPA;AOi42602160131206816eade0;0;Comply;-19,14
202604;AREA 1;SUMBAGTENG;BATAM;SLU;AOi4260202094851124c0d4f0;0;Comply;-1,19
202604;AREA 3;JATIM;SIDOARJO;MRT;AOk4260209103732698ccdbd0;0;Anomaly;
202604;AREA 1;SUMBAGUT;RANTAU PRAPAT;RAP;AOi4260214012848895765c70;0;Anomaly;
202604;AREA 1;SUMBAGSEL;JAMBI;JMB;AOi4260215092353805fd97f0;0;Comply;-93,91
202604;AREA 3;JATIM;SURABAYA;KML;AOi426021009164026032edf0;0;Anomaly;
202604;AREA 3;JATIM;MADIUN;NJK;AOi4260216010817802088050;0;Anomaly;
202604;AREA 2;JABAR;BANDUNG;UBR;AOi4260227024541499a4b320;0;Anomaly;
202604;AREA 1;SUMBAGSEL;LAMPUNG;KDT;AOi4260202012243451304ef0;0;Anomaly;
202604;AREA 3;JATENG-DIY;PURWOKERTO;MAN;AOi4260210110433581382d70;0;Anomaly;
202604;AREA 2;EASTERN JABOTABEK;KARAWANG;CKP;AOi4260206021418631d35130;0;Anomaly;
202604;AREA 3;JATENG-DIY;YOGYAKARTA;BBS;AOi426021609342442878c450;0;Anomaly;
202604;AREA 3;JATENG-DIY;SURAKARTA;BYL;AOi42601310313197605e9410;0;Anomaly;
202604;AREA 1;SUMBAGUT;CENTRAL MEDAN;PDB;AOi42602010629210458e9990;0;Anomaly;
202604;AREA 1;SUMBAGUT;PADANG SIDEMPUAN;GST;AOk4260226084041824dafd50;0;Anomaly;
202604;AREA 3;BALI NUSRA;DENPASAR;KLM;AOi12602201147131079dc6d0;0;Anomaly;
202604;AREA 1;SUMBAGUT;WESTERN MEDAN;LGS;AOi4260204122416474c90880;0;Anomaly;
202604;AREA 1;SUMBAGTENG;BATAM;SLU;AOk4260125022010965e7f250;0;Anomaly;
202604;AREA 4;SULAWESI;PALU;LWU;AOi42602200910298564926d0;0;Anomaly;
202604;AREA 3;JATIM;SIDOARJO;GDA;AOi4260208100722781c1eef0;0;Comply;-1,07
202604;AREA 3;JATENG-DIY;MAGELANG;PWJ;AOi42602030827161853e7600;0;Anomaly;
202604;AREA 2;EASTERN JABOTABEK;BOGOR;JGL;AOi426022502133752814fe80;0;Anomaly;
202604;AREA 1;SUMBAGTENG;BUKIT TINGGI;PYK;AOi42602050247247763f7750;0;Anomaly;
202604;AREA 1;SUMBAGUT;PADANG SIDEMPUAN;PND;AOi426021004291541878c150;0;Anomaly;
202604;AREA 1;SUMBAGTENG;BUKIT TINGGI;LBB;AOi42602240846555106922b0;0;Anomaly;
202604;AREA 1;SUMBAGUT;PADANG SIDEMPUAN;SBG;AOi42602230414376619fbb90;0;Anomaly;
202604;AREA 1;SUMBAGUT;PEMATANG SIANTAR;RBM;AOi426022509453794327da10;0;Anomaly;
202604;AREA 3;BALI NUSRA;DENPASAR;BLI;AOi4260221085119385c63890;0;Anomaly;
202604;AREA 2;JABAR;BANDUNG;LEM;AOi426022811531676536d6c0;0;Anomaly;
202604;AREA 1;SUMBAGUT;WESTERN MEDAN;LGS;AOi4260201024854566bf2500;0;Anomaly;
202604;AREA 1;SUMBAGTENG;BATAM;TPI;AOk4260225095555781f5ad60;0;Anomaly;
202604;AREA 3;JATENG-DIY;PURWOKERTO;AJB;AOi4260213125103357287f60;0;Anomaly;
202604;AREA 3;JATIM;SIDOARJO;SDA;AOi4260215102902597099da0;0;Anomaly;
202604;AREA 3;JATIM;SURABAYA;KJR;AOi1260226121841567947d20;0;Anomaly;
202604;AREA 2;CENTRAL JABOTABEK;SOUTHERN JAKARTA;PGB;AOi4260218084436318c350e0;0;Anomaly;
202604;AREA 3;JATIM;SIDOARJO;SDA;AOi4260211112854815be0f20;0;Anomaly;
202604;AREA 1;SUMBAGUT;CENTRAL MEDAN;LBP;AOi4260212024438010145bd0;0;Anomaly;
202604;AREA 3;JATIM;SIDOARJO;SDA;AOi4260222121524112973530;0;Anomaly;
202604;AREA 3;JATIM;SURABAYA;MYR;AOi126022310363243958ba30;0;Anomaly;
202604;AREA 3;BALI NUSRA;DENPASAR;KLM;AOi4260202122024423e81560;0;Anomaly;
202604;AREA 3;BALI NUSRA;DENPASAR;KLM;AOi4260205111107140ce3fd0;0;Anomaly;
202604;AREA 3;BALI NUSRA;DENPASAR;KLM;AOi42602011231013097af540;0;Anomaly;
202604;AREA 3;JATENG-DIY;SEMARANG;KUD;AOi426021301335992713f6e0;0;Not Comply;212,72
202604;AREA 3;JATENG-DIY;SEMARANG;GNK;AOi42602081035290844f3b10;0;Anomaly;
202604;AREA 3;JATIM;SIDOARJO;SDA;AOk42602160548167279f2b50;0;Anomaly;
202604;AREA 3;JATIM;SIDOARJO;WRU;AOi426021811465100159f990;0;Anomaly;
202604;AREA 1;SUMBAGSEL;JAMBI;SRJ;AOi42602091145554326853d0;0;Anomaly;
202604;AREA 4;SULAWESI;BONE;SIN;AOi42602111247154890194c0;0;Anomaly;
202604;AREA 4;KALIMANTAN;BALIKPAPAN;KRO;AOi4260223061854240757690;0;Anomaly;
202604;AREA 2;JABAR;BANDUNG;BTJ;AOb0260202023742379c32440;0;Anomaly;
202604;AREA 3;JATIM;SIDOARJO;PSN;AOi4260209032926462964be0;0;Anomaly;
202604;AREA 2;CENTRAL JABOTABEK;SOUTHERN JAKARTA;KBY;AOi4260219053448325803ca0;0;Anomaly;
202604;AREA 3;JATENG-DIY;PURWOKERTO;KLP;AOi426021212264753177cb80;0;Anomaly;
202604;AREA 1;SUMBAGTENG;DUMAI;DUM;AOi1260217014517967a89f40;0;Anomaly;
202604;AREA 3;BALI NUSRA;MATARAM;SGG;AOi4260203053824226a145e0;0;Anomaly;
202604;AREA 1;SUMBAGUT;WESTERN MEDAN;KSG;AOi4260208104740656401a20;0;Comply;-22,90
202604;AREA 2;EASTERN JABOTABEK;BEKASI;PKY;AOi4260226085827604e40ab0;0;Anomaly;
202604;AREA 1;SUMBAGUT;CENTRAL MEDAN;TMU;AOi426022503555376330d740;0;Anomaly;
202604;AREA 3;JATENG-DIY;PEKALONGAN;BLU;AOi4260218034011500e3b3c0;0;Anomaly;
202604;AREA 2;EASTERN JABOTABEK;BEKASI;SKJ;AOs326020708305328171ae70;0;Anomaly;
202604;AREA 2;JABAR;BANDUNG;CJA;AOk42602191114447413165f0;0;Comply;-2,35
202604;AREA 2;EASTERN JABOTABEK;BOGOR;DMG;AOk4260203030205462c4d080;0;Anomaly;
202604;AREA 4;MALUKU DAN PAPUA;SORONG;SON;AOi4260209015930801a6d1b0;0;Anomaly;
202604;AREA 4;KALIMANTAN;BANJARMASIN;RTA;AOi42601310435138828d30f0;0;Anomaly;
202604;AREA 1;SUMBAGUT;PEMATANG SIANTAR;BST;AOi426022208100523706d560;0;Anomaly;
202604;AREA 3;JATENG-DIY;SURAKARTA;BLO;AOk4260212103125667127e30;0;Anomaly;
202604;AREA 3;JATIM;SIDOARJO;WRU;AOi4260217045307331f3b360;0;Anomaly;
202604;AREA 4;KALIMANTAN;PONTIANAK;SNW;AOi4260202114546296a76540;0;Anomaly;
202604;AREA 1;SUMBAGUT;RANTAU PRAPAT;TJB;AOi42601300536332041d5310;0;Anomaly;
202604;AREA 3;BALI NUSRA;MATARAM;TET;AOi4260202093249629fcb1f0;0;Anomaly;
202604;AREA 3;BALI NUSRA;DENPASAR;UBN;AOi42602091026215805f13e0;0;Anomaly;
202604;AREA 1;SUMBAGUT;CENTRAL MEDAN;LBP;AOi4260206021902344634030;0;Anomaly;
202604;AREA 2;CENTRAL JABOTABEK;SOUTHERN JAKARTA;KMG;AOi42602140449571727e5cf0;0;Anomaly;
202604;AREA 3;JATENG-DIY;PEKALONGAN;TEG;AOi42601270923214561acdf0;0;Anomaly;
202604;AREA 1;SUMBAGUT;RANTAU PRAPAT;ANR;AOi426012111372345298e430;0;Anomaly;
202604;AREA 4;MALUKU DAN PAPUA;JAYAPURA;SNI;AOi42602260437225678d1f30;0;Anomaly;
202604;AREA 2;JABAR;TASIKMALAYA;KNU;AOi42602191116489804614e0;0;Anomaly;
202604;AREA 2;WESTERN JABOTABEK;SERANG;LGK;AOs3260211095306154a34660;0;Comply;-2,79
202604;AREA 2;JABAR;SOREANG;SMD;AOi4260211104900933223c20;0;Anomaly;
202604;AREA 2;EASTERN JABOTABEK;BEKASI;DEP;AOi42602071055032602d27b0;0;Anomaly;
202604;AREA 3;JATIM;MALANG;TUL;AOi4260225023927888bf0b00;0;Anomaly;
202604;AREA 1;SUMBAGTENG;BATAM;RAI;AOi42602201042596138ac760;0;Anomaly;
202604;AREA 4;KALIMANTAN;BALIKPAPAN;TGG;AOi4260202080750766970530;0;Anomaly;
202604;AREA 2;EASTERN JABOTABEK;BEKASI;PCM;AOi426013103412931713bbd0;0;Anomaly;
202604;AREA 3;JATIM;SURABAYA;RKT;AOi4260220043313236b28c60;0;Anomaly;
202604;AREA 4;KALIMANTAN;BALIKPAPAN;KTB;AOi42602050726572549b0b20;0;Anomaly;
202604;AREA 3;JATENG-DIY;PEKALONGAN;KJE;AOi4260209032939652646a60;0;Anomaly;
202604;AREA 3;JATIM;SIDOARJO;TPO;AOi426021201232976022d250;0;Anomaly;
202604;AREA 2;JABAR;TASIKMALAYA;SPA;AOi4260204023616530547500;0;Anomaly;
202604;AREA 2;EASTERN JABOTABEK;KARAWANG;CKP;AOi4260212024619359ffe370;0;Anomaly;
202604;AREA 3;JATIM;SURABAYA;KJR;AOi4260219121959841249630;0;Anomaly;
202604;AREA 4;SULAWESI;KENDARI;MDG;AOi4260210063828257d90770;0;Anomaly;
202604;AREA 1;SUMBAGUT;PEMATANG SIANTAR;DLS;AOi42602050424424266482c0;0;Anomaly;
202604;AREA 3;JATENG-DIY;MAGELANG;MGE;AOi4260222014750279f6b850;0;Anomaly;
202604;AREA 4;SULAWESI;MAKASSAR;SUG;AOi4260215033605285af6d90;0;Anomaly;
202604;AREA 1;SUMBAGSEL;JAMBI;RBB;AOi426021412254922325cf30;0;Anomaly;
202604;AREA 3;JATENG-DIY;PEKALONGAN;BMU;AOi42602111155132289408e0;0;Anomaly;190,63
202604;AREA 1;SUMBAGUT;CENTRAL MEDAN;TMU;AOi426022503555376330d740;0;Anomaly;
202604;AREA 3;JATENG-DIY;SURAKARTA;KRT;AOi42602150521227878c52e0;0;Anomaly;
202604;AREA 2;CENTRAL JABOTABEK;SOUTHERN JAKARTA;CID;AOi4260207093019425bd1480;0;Anomaly;
202604;AREA 1;SUMBAGUT;PEMATANG SIANTAR;BLG;AOi4260201035108993040880;0;Anomaly;
202604;AREA 3;JATIM;SURABAYA;KJR;AOk42602240536419892669f0;0;Anomaly;
202604;AREA 1;SUMBAGUT;CENTRAL MEDAN;TJR;AOi42602120216007162f4e30;0;Anomaly;
202604;AREA 4;SULAWESI;MAKASSAR;PNK;AOi42602180224202325a0250;0;Anomaly;
202604;AREA 1;SUMBAGUT;BANDA ACEH;SGI;AOi42602251109105039ffa00;0;Anomaly;
202604;AREA 2;JABAR;TASIKMALAYA;BJS;AOi4260223105157479527760;0;Anomaly;
202604;AREA 2;JABAR;SOREANG;RGA;AOi42602230153313354756f0;0;Anomaly;
202604;AREA 4;KALIMANTAN;TARAKAN;TRK;AOs32602020501543332d6490;0;Anomaly;
202604;AREA 4;KALIMANTAN;TARAKAN;SNY;AOi42602120435444824c08b0;0;Anomaly;
202604;AREA 2;CENTRAL JABOTABEK;SOUTHERN JAKARTA;CID;AOi4260217032459719fa00a0;0;Anomaly;
202604;AREA 3;JATIM;SURABAYA;KJR;AOi4260214050703813d92650;0;Comply;-0,03
202604;AREA 3;JATENG-DIY;SURAKARTA;KTO;AOi4260212092820553c709a0;0;Not Comply;77,20
202604;AREA 3;JATENG-DIY;MAGELANG;TEM;AOi426021603404512609c260;0;Anomaly;
202604;AREA 3;JATIM;SIDOARJO;SPJ;AOi1260223070148200a446c0;0;Anomaly;
202604;AREA 1;SUMBAGTENG;PEKANBARU;AMK;AOi4260225125354914509e70;0;Anomaly;
202604;AREA 1;SUMBAGSEL;LAMPUNG;PRW;AOi426021401065806757b2e0;0;Anomaly;
202604;AREA 1;SUMBAGSEL;PALEMBANG;TLK;AOi4260220111344613431050;0;Anomaly;
202604;AREA 1;SUMBAGUT;CENTRAL MEDAN;PDB;AOi42602140230019058555d0;0;Anomaly;
202604;AREA 3;JATENG-DIY;YOGYAKARTA;PGR;AOi426020208464816304a170;0;Comply;-39,28
202604;AREA 3;BALI NUSRA;DENPASAR;SMY;AOi4260203100529660fd5fe0;0;Comply;-28,05
202604;AREA 1;SUMBAGSEL;BENGKULU;MNA;AOi42602140215101737f39b0;0;Anomaly;
202604;AREA 1;SUMBAGTENG;DUMAI;PPN;AOi4260218041637292dbd8d0;0;Anomaly;
202604;AREA 3;JATENG-DIY;MAGELANG;MUN;AOi42602120532125618498a0;0;Anomaly;
202604;AREA 3;JATIM;LAMONGAN;GSK;AOi4260224074750858e515c0;0;Anomaly;
202604;AREA 4;KALIMANTAN;BALIKPAPAN;TGG;AOi4260201012054284c392d0;0;Anomaly;
202604;AREA 2;CENTRAL JABOTABEK;SOUTHERN JAKARTA;CID;AOs3260217023038938b75e70;0;Anomaly;
202604;AREA 1;SUMBAGUT;CENTRAL MEDAN;PUB;AOi4260210122440129493fd0;0;Anomaly;
202604;AREA 4;SULAWESI;KENDARI;MDG;AOi42602130811289260524e0;0;Anomaly;
202604;AREA 1;SUMBAGUT;WESTERN MEDAN;KSG;AOi4260210034900937351300;0;Anomaly;
202604;AREA 2;WESTERN JABOTABEK;TANGERANG;SRP;AOi4260205071423055126890;0;Anomaly;
202604;AREA 1;SUMBAGUT;WESTERN MEDAN;KSG;AOi42602220352111258d0400;0;Anomaly;
202604;AREA 1;SUMBAGUT;PADANG SIDEMPUAN;PSP;AOi4260202014559998aed080;0;Anomaly;
202604;AREA 2;JABAR;TASIKMALAYA;TSM;AOi4260222070718277367710;0;Anomaly;
202604;AREA 2;EASTERN JABOTABEK;BOGOR;GPI;AOi4260227033525886103390;0;Anomaly;
202604;AREA 4;SULAWESI;GORONTALO;MRS;AOi42602230843029577b7eb0;0;Anomaly;
202604;AREA 3;JATENG-DIY;PEKALONGAN;PBG;AOi42601300525481268692c0;0;Anomaly;
202604;AREA 3;JATIM;SURABAYA;BKL;AOi4260218065839872c8c870;0;Anomaly;
202604;AREA 4;KALIMANTAN;PALANGKARAYA;PLK;AOi4260224072700622919aa0;0;Anomaly;
202604;AREA 4;KALIMANTAN;SAMARINDA;SGK;AOi42602020847322589836c0;0;Anomaly;
202604;AREA 4;SULAWESI;MANADO;LAN;AOi4260214072405119039b40;0;Anomaly;
202604;AREA 3;BALI NUSRA;FLORES;MMR;AOi4260224030805480575f10;0;Anomaly;
202604;AREA 2;JABAR;BANDUNG;TGE;AOi4260203120030252a02600;0;Anomaly;
202604;AREA 4;KALIMANTAN;BANJARMASIN;AMT;AOi4260204114719975670580;0;Anomaly;
202604;AREA 4;MALUKU DAN PAPUA;AMBON;ABO;AOi42602110432422929d75c0;0;Anomaly;
202604;AREA 3;BALI NUSRA;FLORES;MMR;AOi4260212125746622ca3f90;0;Anomaly;
202604;AREA 3;JATENG-DIY;SEMARANG;DMA;AOi4260218065526408523930;0;Anomaly;
202604;AREA 2;CENTRAL JABOTABEK;NORTHERN JAKARTA;CKG;AOi4260211082249129c33200;0;Anomaly;
202604;AREA 3;JATENG-DIY;SURAKARTA;BYL;AOk4260210101400672673000;0;Anomaly;
202604;AREA 2;JABAR;CIREBON;IMY;AOi4260210035448407fd4ad0;0;Anomaly;
202604;AREA 2;WESTERN JABOTABEK;SERANG;MER;AOi126021201360471635fe90;0;Anomaly;
202604;AREA 3;JATENG-DIY;PEKALONGAN;KJE;AOi42602051052093903a0df0;0;Anomaly;
202604;AREA 1;SUMBAGSEL;JAMBI;BKO;AOi4260213043727972559420;0;Anomaly;
202604;AREA 1;SUMBAGUT;BANDA ACEH;LBR;AOi4260226045543169db92e0;0;Anomaly;
202604;AREA 3;BALI NUSRA;DENPASAR;KLM;AOi42602120639462543ac440;0;Anomaly;
202604;AREA 3;JATENG-DIY;SURAKARTA;BYL;AOi4260219085957730a01e80;0;Anomaly;
202604;AREA 4;MALUKU DAN PAPUA;SORONG;WMR;AOi426022310295841115db80;0;Anomaly;
202604;AREA 3;BALI NUSRA;DENPASAR;KLM;AOi426021209462763394cd70;0;Anomaly;
202604;AREA 3;BALI NUSRA;DENPASAR;BNO;AOi42602191142191940d75d0;0;Anomaly;
202604;AREA 3;BALI NUSRA;MATARAM;MTR;AOi426022310184781780bcb0;0;Comply;-102,63
202604;AREA 1;SUMBAGUT;PADANG SIDEMPUAN;PND;AOk4260130105836419af7ec0;0;Anomaly;
202604;AREA 4;MALUKU DAN PAPUA;JAYAPURA;ABE;AOi42602210805453834150f0;0;Anomaly;
202604;AREA 3;JATIM;SIDOARJO;TUN;AOi4260202111427184c29550;0;Anomaly;
202604;AREA 1;SUMBAGTENG;BUKIT TINGGI;HRU;AOi4260221040051503dd07f0;0;Anomaly;
202604;AREA 1;SUMBAGUT;PEMATANG SIANTAR;PSA;AOi4260206050640615f3c840;0;Anomaly;
202604;AREA 4;KALIMANTAN;PALANGKARAYA;PYM;AOi4260223022939730fee870;0;Anomaly;
202604;AREA 4;SULAWESI;MAKASSAR;TKA;AOi4260224104232506006490;0;Anomaly;
202604;AREA 3;JATIM;SURABAYA;ARB;AOi4260217125433649f7c850;0;Anomaly;
202604;AREA 4;MALUKU DAN PAPUA;JAYAPURA;ABE;AOi4260214054024939de57f0;0;Anomaly;
202604;AREA 3;JATIM;SURABAYA;PME;AOi4260210073121289ebb3a0;0;Anomaly;
202604;AREA 1;SUMBAGSEL;BENGKULU;BNC;AOi426022111584459988e4b0;0;Anomaly;
202604;AREA 3;JATENG-DIY;SEMARANG;SMC;AOi4260216120954451d42c90;0;Anomaly;
202604;AREA 2;WESTERN JABOTABEK;TANGERANG;PKU;AOi42602170553520679d0e70;0;Anomaly;
202604;AREA 1;SUMBAGUT;CENTRAL MEDAN;CTD;AOi4260211073502146071b00;0;Anomaly;
202604;AREA 3;JATENG-DIY;SEMARANG;SMC;AOk4260202094900435ebf720;0;Anomaly;
202604;AREA 2;CENTRAL JABOTABEK;SOUTHERN JAKARTA;KRG;AOs3260224081935482bd9d00;0;Comply;-14,63
202604;AREA 2;WESTERN JABOTABEK;TANGERANG;PKU;PDAk42602020807155722967c0;0;Anomaly;
202604;AREA 1;SUMBAGUT;CENTRAL MEDAN;SKI;AOi426021804400040939ff50;0;Anomaly;
202604;AREA 2;WESTERN JABOTABEK;TANGERANG;TAN;AOi4260223060339013511ed0;0;Anomaly;
202604;AREA 1;SUMBAGUT;PEMATANG SIANTAR;KBJ;AOb0260201121322736222f60;0;Comply;-22,01
202604;AREA 1;SUMBAGUT;CENTRAL MEDAN;TTG;PDAk42602120923089657dc090;0;Anomaly;
202604;AREA 4;SULAWESI;PARE-PARE;MAM;AOi4260204051217486cc3620;0;Anomaly;
202604;AREA 2;JABAR;TASIKMALAYA;TSM;AOi4260228124017948f71a40;0;Anomaly;
202604;AREA 4;SULAWESI;PALU;PLB;AOi426022010365998335e740;0;Anomaly;
202604;AREA 1;SUMBAGSEL;BENGKULU;CRP;AOi4260206100715571b20300;0;Anomaly;
202604;AREA 3;JATIM;MADIUN;MJT;AOi4260202101537740e537a0;0;Anomaly;
202604;AREA 1;SUMBAGUT;WESTERN MEDAN;LGS;AOi42602171141515549a3aa0;0;Anomaly;
202604;AREA 1;SUMBAGUT;BANDA ACEH;SGI;AOi426013110161711037b090;0;Anomaly;
202604;AREA 2;EASTERN JABOTABEK;KARAWANG;TAR;AOi4260222054424894da1b30;0;Anomaly;
202604;AREA 4;SULAWESI;PALU;PLB;AOi4260220030222534c9c140;0;Anomaly;
202604;AREA 2;JABAR;CIREBON;JBN;AOi4260208072456312902fe0;0;Anomaly;
202604;AREA 1;SUMBAGTENG;BATAM;BTC;AOi42602180714571178325e0;0;Comply;-1,76
202604;AREA 2;JABAR;BANDUNG;CJA;AOi4260224040941488b33630;0;Anomaly;
202604;AREA 3;JATENG-DIY;PEKALONGAN;PKL;AOi426022101405743430c410;0;Anomaly;
202604;AREA 3;JATIM;SIDOARJO;SDA;AOi4260203011730149afdcd0;0;Anomaly;
202604;AREA 4;KALIMANTAN;PALANGKARAYA;KSO;AOi4260215080038309585910;0;Anomaly;
202604;AREA 2;JABAR;SOREANG;SMD;AOi4260211104900933223c20;0;Anomaly;
202604;AREA 1;SUMBAGTENG;BUKIT TINGGI;SPE;AOi4260130074725831867f90;0;Anomaly;
202604;AREA 2;WESTERN JABOTABEK;TANGERANG;PKU;AOi42602201140285825b8f30;0;Comply;-23,86
202604;AREA 4;KALIMANTAN;BANJARMASIN;ULI;AOi42602111130438709284e0;0;Anomaly;
202604;AREA 3;BALI NUSRA;MATARAM;SBW;AOi4260219064745682c1f0d0;0;Anomaly;
202604;AREA 1;SUMBAGSEL;LAMPUNG;MGA;AOi4260223074223123870470;0;Anomaly;
202604;AREA 3;JATENG-DIY;SEMARANG;MJP;AOi426022608414104993f620;0;Anomaly;
202604;AREA 1;SUMBAGUT;CENTRAL MEDAN;CTD;AOi42602040246239694916c0;0;Anomaly;
202604;AREA 2;WESTERN JABOTABEK;TANGERANG;PDR;AOi42602131149591884cd4a0;0;Anomaly;
202604;AREA 3;JATIM;SIDOARJO;KRN;AOi4260216114848085735b80;0;Anomaly;
202604;AREA 2;WESTERN JABOTABEK;SERANG;SPT;AOi4260227112438703a95a90;0;Comply;-2,01
202604;AREA 1;SUMBAGUT;CENTRAL MEDAN;CTD;AOi4260219020625968889010;0;Anomaly;
202604;AREA 2;WESTERN JABOTABEK;TANGERANG;TAN;AOi4260223060339013511ed0;0;Comply;-14,65
202604;AREA 3;JATENG-DIY;PURWOKERTO;KRY;AOi4260202093503774618700;0;Anomaly;
202604;AREA 3;JATIM;MALANG;SWJ;AOi4260203072726088587760;0;Anomaly;
202604;AREA 3;JATIM;SURABAYA;PME;AOi4260220085105693ade590;0;Anomaly;
202604;AREA 2;EASTERN JABOTABEK;KARAWANG;BGG;AOi126021508283884837ca30;0;Anomaly;
202604;AREA 4;KALIMANTAN;BALIKPAPAN;BRU;PDAk4260225080202028412780;0;Anomaly;
202604;AREA 1;SUMBAGTENG;PEKANBARU;PBB;AOk4260209091057441c4ad80;0;Anomaly;
202604;AREA 1;SUMBAGUT;CENTRAL MEDAN;TJR;AOi42602181113006464345e0;0;Anomaly;
202604;AREA 3;BALI NUSRA;MATARAM;DMP;AOi4260203082739546407c90;0;Anomaly;
202604;AREA 2;CENTRAL JABOTABEK;NORTHERN JAKARTA;MRY;AOi4260208111433112e78610;0;Comply;-16,37
202604;AREA 4;KALIMANTAN;PONTIANAK;JAW;AOi42602211019260906575d0;0;Anomaly;
202604;AREA 1;SUMBAGSEL;PALEMBANG;PGC;AOi4260201021534833d5a7d0;0;Anomaly;
202604;AREA 4;SULAWESI;MANADO;TNT;AOi42602050901576581e57b0;0;Anomaly;
202604;AREA 1;SUMBAGTENG;PEKANBARU;ARK;AOk4260223072445758d46f80;0;Anomaly;
202604;AREA 3;JATENG-DIY;SURAKARTA;KRT;AOi4260209113247235905200;0;Anomaly;
202604;AREA 3;JATIM;SURABAYA;IJK;AOk42602020915482885a7cf0;0;Anomaly;
202604;AREA 3;JATENG-DIY;SEMARANG;JPR;AOi42602161201517979319f0;0;Anomaly;
202604;AREA 3;JATIM;SURABAYA;TNS;AOi4260208095121042419170;0;Anomaly;
202604;AREA 1;SUMBAGUT;BANDA ACEH;SGI;AOi426013110161711037b090;0;Anomaly;
202604;AREA 2;JABAR;TASIKMALAYA;GRU;AOi4260208012854969824770;0;Anomaly;
202604;AREA 2;EASTERN JABOTABEK;BEKASI;SKJ;AOi4260227104130995ef24e0;0;Anomaly;
202604;AREA 4;KALIMANTAN;BALIKPAPAN;BAM;AOi426021101145461329eed0;0;Anomaly;
202604;AREA 1;SUMBAGUT;RANTAU PRAPAT;KPI;AOi426012311063648225d520;0;Anomaly;
202604;AREA 4;KALIMANTAN;PALANGKARAYA;MTW;AOi42602010926392405c4b70;0;Anomaly;
202604;AREA 1;SUMBAGUT;CENTRAL MEDAN;DLT;AOi4260218030248495e83c00;0;Comply;-22,33
202604;AREA 3;JATIM;SIDOARJO;KRN;AOi4260219075153922d2c540;0;Anomaly;
202604;AREA 1;SUMBAGUT;CENTRAL MEDAN;PDB;AOk42602070107250248395e0;0;Anomaly;
202604;AREA 2;WESTERN JABOTABEK;SERANG;CLG;AOi126021402332207244a600;0;Anomaly;
202604;AREA 4;KALIMANTAN;BANJARMASIN;BBR;AOi426022708150593944c320;0;Anomaly;
202604;AREA 2;EASTERN JABOTABEK;BOGOR;BJD;AOi4260221092107491d00a30;0;Anomaly;
202604;AREA 1;SUMBAGSEL;LAMPUNG;TJK;AOi42602251240110939a0850;0;Anomaly;
202604;AREA 2;JABAR;BANDUNG;GGK;AOi426020508293037038b5e0;0;Comply;-18,93
202604;AREA 1;SUMBAGSEL;JAMBI;KOA;AOi4260203073132270b14c40;0;Anomaly;
202604;AREA 2;CENTRAL JABOTABEK;SOUTHERN JAKARTA;GAN;AOi4260205111415833c8a730;0;Anomaly;
202604;AREA 4;KALIMANTAN;PALANGKARAYA;BNT;AOi42602180613286527a2b00;0;Anomaly;
202604;AREA 1;SUMBAGTENG;BUKIT TINGGI;SPE;AOi42602120826089815a6ac0;0;Anomaly;
202604;AREA 4;SULAWESI;PALU;TWL;AOi42602220755127737513b0;0;Anomaly;
202604;AREA 1;SUMBAGUT;CENTRAL MEDAN;CTD;AOi426020212195862501a070;0;Anomaly;
202604;AREA 3;JATIM;SIDOARJO;MIP;AOi42602070109333659a6c70;0;Anomaly;
202604;AREA 2;JABAR;TASIKMALAYA;GRU;AOi4260210112304365dec8c0;0;Anomaly;
202604;AREA 4;KALIMANTAN;PONTIANAK;STA;AOi42602180231351502942f0;0;Not Comply;747,42
202604;AREA 4;MALUKU DAN PAPUA;AMBON;ABO;AOi42602030539071466ea570;0;Anomaly;
202604;AREA 3;BALI NUSRA;FLORES;LRT;AOi42602180944248349b7c00;0;Comply;0,23
202604;AREA 2;JABAR;TASIKMALAYA;BNJ;AOi4260224114901593ccc660;0;Anomaly;
202604;AREA 4;SULAWESI;MAKASSAR;TKA;AOi42602080434581764e5800;0;Anomaly;
202604;AREA 4;KALIMANTAN;BANJARMASIN;RTA;AOi1260220090447667990850;0;Comply;-25,45
202604;AREA 2;CENTRAL JABOTABEK;SOUTHERN JAKARTA;BIN;AOi426022210470435367c890;0;Comply;-35,94
202604;AREA 4;SULAWESI;MANADO;MDO;AOi426013111511077219f7a0;0;Anomaly;
202604;AREA 1;SUMBAGTENG;BATAM;NGS;AOi4260201115046918bcea30;0;Anomaly;
202604;AREA 3;JATENG-DIY;PEKALONGAN;SBA;AOi4260213101834921db37f0;0;Anomaly;
202604;AREA 4;SULAWESI;KENDARI;UNH;AOi4260226021504692ca7370;0;Anomaly;
202604;AREA 1;SUMBAGUT;RANTAU PRAPAT;ANR;AOi4260201104623118099750;0;Anomaly;
202604;AREA 1;SUMBAGUT;RANTAU PRAPAT;TJB;AOi4260214123611000571680;0;Anomaly;
202604;AREA 2;EASTERN JABOTABEK;BOGOR;CLS;AOi426020802381255964a000;0;Anomaly;
202604;AREA 1;SUMBAGSEL;PANGKAL PINANG;PGP;AOi126021512303178881bff0;0;Anomaly;
202604;AREA 3;BALI NUSRA;DENPASAR;BNO;AOi42601300622364734f55b0;0;Anomaly;
202604;AREA 3;JATENG-DIY;MAGELANG;PWJ;AOi4260204111255647ca8500;0;Comply;-43,78
202604;AREA 2;JABAR;TASIKMALAYA;GRU;AOi4260208012854969824770;0;Anomaly;
202604;AREA 3;BALI NUSRA;DENPASAR;TOP;AOi42602211054020515a45e0;0;Anomaly;
202604;AREA 1;SUMBAGUT;RANTAU PRAPAT;KPI;AOi4260203095603552f5fb90;0;Anomaly;
202604;AREA 3;JATENG-DIY;SURAKARTA;MSO;AOi42602100205019794af560;0;Anomaly;
202604;AREA 4;SULAWESI;MAKASSAR;PNK;AOs3260203035543006cda380;0;Anomaly;
202604;AREA 1;SUMBAGUT;CENTRAL MEDAN;TJR;AOi42602040433033620f42f0;0;Anomaly;
202604;AREA 4;SULAWESI;GORONTALO;KWD;AOi4260223074849430326f10;0;Anomaly;
202604;AREA 4;MALUKU DAN PAPUA;SORONG;RSK;AOi4260221095417874606b10;0;Anomaly;
202604;AREA 3;JATIM;JEMBER;TPH;AOi42602100752572442610f0;0;Anomaly;
202604;AREA 1;SUMBAGUT;RANTAU PRAPAT;TJB;AOs3260226122401959c43aa0;0;Anomaly;
202604;AREA 1;SUMBAGSEL;LAMPUNG;KDT;AOs3260202082234483a9fbc0;0;Anomaly;
202604;AREA 4;SULAWESI;PARE-PARE;PIN;AOi4260206065555347d638d0;0;Anomaly;
202604;AREA 1;SUMBAGSEL;BENGKULU;CRP;AOi42602210131569534fb190;0;Anomaly;
202604;AREA 4;SULAWESI;KENDARI;UNH;AOi42602240112581795ccab0;0;Anomaly;
202604;AREA 1;SUMBAGSEL;PANGKAL PINANG;JBS;AOi4260207041108708f82d80;0;Anomaly;
202604;AREA 4;SULAWESI;KENDARI;MDG;AOi4260224055042464c4d820;0;Anomaly;
202604;AREA 3;BALI NUSRA;DENPASAR;KUT;AOi42602080517543665c8fd0;0;Comply;1,46
202604;AREA 3;BALI NUSRA;MATARAM;DMP;AOi4260206083406317c47b20;0;Anomaly;
202604;AREA 1;SUMBAGUT;RANTAU PRAPAT;KPI;AOk4260122062539390836e30;0;Anomaly;
202604;AREA 3;BALI NUSRA;DENPASAR;UBN;AOi42602030808399862e6900;0;Anomaly;
202604;AREA 3;JATENG-DIY;SURAKARTA;KRT;AOi4260224093723744b6aac0;0;Anomaly;
202604;AREA 4;SULAWESI;MAKASSAR;SUG;AOi42602190153354913fab00;0;Anomaly;
202604;AREA 3;JATIM;SURABAYA;MGO;AOi4260208120733556421fe0;0;Comply;-15,92
202604;AREA 3;JATENG-DIY;SURAKARTA;GBU;AOi4260221092150809c91570;0;Anomaly;
202604;AREA 2;CENTRAL JABOTABEK;SOUTHERN JAKARTA;KLD;AOs3260221123155311a27e80;0;Anomaly;
202604;AREA 2;JABAR;SOREANG;BJA;AOi426021311411503891ed00;0;Anomaly;
202604;AREA 2;EASTERN JABOTABEK;BEKASI;BEK;AOi4260205054859219fa16a0;0;Comply;-13,14
202604;AREA 4;KALIMANTAN;PONTIANAK;PTK;AOs32602260603548070a06e0;0;Anomaly;
202604;AREA 3;JATIM;SURABAYA;JGR;AOi42602010445465981a9160;0;Anomaly;
202604;AREA 4;MALUKU DAN PAPUA;JAYAPURA;SRU;AOi4260218123221524ce9390;0;Anomaly;
202604;AREA 3;JATENG-DIY;SEMARANG;BWE;AOi4260221094320329ca2df0;0;Anomaly;
202604;AREA 1;SUMBAGUT;BANDA ACEH;LBR;AOi4260202092901642e326c0;0;Anomaly;
202604;AREA 3;BALI NUSRA;DENPASAR;UBN;AOi42602241127152451686a0;0;Anomaly;
202604;AREA 1;SUMBAGUT;RANTAU PRAPAT;RAP;AOi426020208023368299bd50;0;Anomaly;
202604;AREA 2;EASTERN JABOTABEK;KARAWANG;PWK;AOi42602180524444622b90f0;0;Anomaly;
202604;AREA 3;BALI NUSRA;DENPASAR;JBR;AOi4260210050933140ca69b0;0;Anomaly;
202604;AREA 3;BALI NUSRA;MATARAM;SBW;AOi42602130557217269b4a60;0;Anomaly;
202604;AREA 1;SUMBAGUT;WESTERN MEDAN;LGS;AOi4260216122649493ac7800;0;Anomaly;
202604;AREA 1;SUMBAGUT;WESTERN MEDAN;LGS;AOi4260202124627933204f20;0;Comply;-24,29
202604;AREA 2;EASTERN JABOTABEK;BOGOR;CSN;AOk42602260307002044b6bf0;0;Anomaly;
202604;AREA 3;BALI NUSRA;MATARAM;SWE;AOi42602251122392519b36a0;0;Comply;-68,31
202604;AREA 3;BALI NUSRA;KUPANG;KEF;AOk4260221095331152e652f0;0;Anomaly;
202604;AREA 1;SUMBAGUT;BANDA ACEH;SNA;AOi42602020959396275a7eb0;0;Anomaly;
202604;AREA 2;JABAR;TASIKMALAYA;CMS;AOi4260212055629422c4d6b0;0;Anomaly;
202604;AREA 3;JATENG-DIY;MAGELANG;SWT;AOi4260216014101337f213b0;0;Anomaly;
202604;AREA 1;SUMBAGUT;BANDA ACEH;BNA;AOi426021004131138083f130;0;Anomaly;
202604;AREA 2;JABAR;TASIKMALAYA;CMS;AOi4260223022549599631e90;0;Anomaly;
202604;AREA 4;MALUKU DAN PAPUA;JAYAPURA;WAE;AOi4260215032052901bc2900;0;Anomaly;
202604;AREA 1;SUMBAGUT;CENTRAL MEDAN;SPM;AOs326021102111620601b540;0;Anomaly;
202604;AREA 1;SUMBAGSEL;LAMPUNG;SPS;AOi4260209024906584b3d560;0;Anomaly;
202604;AREA 1;SUMBAGUT;WESTERN MEDAN;KSG;AOi4260204114846712504900;0;Anomaly;
202604;AREA 3;JATIM;SURABAYA;JGR;AOk4260202075724873d409b0;0;Comply;-24,46
202604;AREA 4;KALIMANTAN;TARAKAN;TBY;AOi4260207080417935a55bb0;0;Anomaly;
202604;AREA 4;KALIMANTAN;TARAKAN;TBY;AOi1260217065220371dd4ac0;0;Anomaly;
202604;AREA 3;JATIM;SURABAYA;RKT;AOi4260211064958301012010;0;Anomaly;
202604;AREA 4;SULAWESI;PALU;PLA;AOi42602030912429374f2e30;0;Anomaly;
202604;AREA 3;JATIM;LAMONGAN;BJN;AOi42602141128337101bb340;0;Anomaly;
202604;AREA 1;SUMBAGUT;BANDA ACEH;DAR;AOi42602111230157315b12e0;0;Anomaly;
202604;AREA 3;JATIM;SURABAYA;KLN;AOi4260206104048520d8fab0;0;Anomaly;
202604;AREA 4;SULAWESI;BONE;BTN;AOi4260223043846093f2f030;0;Anomaly;
202604;AREA 3;BALI NUSRA;FLORES;MMR;AOi426022008224576303c360;0;Anomaly;
202604;AREA 2;WESTERN JABOTABEK;TANGERANG;SRP;AOs3260201024259143bf3760;0;Comply;-59,02
202604;AREA 1;SUMBAGSEL;PALEMBANG;KAG;AOs3260131034346964fa6ff0;0;Anomaly;
202604;AREA 3;JATENG-DIY;SURAKARTA;KRT;AOi4260201095700033002040;0;Anomaly;
202604;AREA 1;SUMBAGTENG;DUMAI;UBT;AOi4260207082928887d1f9d0;0;Anomaly;
202604;AREA 3;BALI NUSRA;DENPASAR;KLM;AOi4260131062851789c87480;0;Anomaly;
202604;AREA 4;SULAWESI;MANADO;AMR;AOi4260216052402187cbf6d0;0;Anomaly;
202604;AREA 1;SUMBAGTENG;BATAM;DGS;AOi426020904131854980e7c0;0;Anomaly;
202604;AREA 3;BALI NUSRA;MATARAM;SEL;AOs3260201063333155ef30f0;0;Comply;-37,38
202604;AREA 1;SUMBAGUT;CENTRAL MEDAN;PUB;AOk42602221212494678b7770;0;Anomaly;
202604;AREA 4;KALIMANTAN;PALANGKARAYA;PLK;AOi4260214022727122b84410;0;Anomaly;
202604;AREA 1;SUMBAGUT;BANDA ACEH;SKL;AOi42601251255115776d24a0;0;Anomaly;
202604;AREA 1;SUMBAGUT;PADANG SIDEMPUAN;SBG;AOi4260215054924481100e20;0;Anomaly;
202604;AREA 1;SUMBAGUT;BANDA ACEH;SKL;AOi4260221113542324b43b90;0;Anomaly;
202604;AREA 1;SUMBAGUT;WESTERN MEDAN;LGS;AOi42602171219135781eedb0;0;Anomaly;
202604;AREA 1;SUMBAGUT;PADANG SIDEMPUAN;SBG;AOi4260207060522190e29fd0;0;Anomaly;
202604;AREA 4;KALIMANTAN;PALANGKARAYA;PLK;AOi4260210123200453630270;0;Anomaly;
202604;AREA 3;JATENG-DIY;MAGELANG;MGE;AOi426022302581669054fd50;0;Comply;-1,12
202604;AREA 4;KALIMANTAN;PONTIANAK;SNW;AOi4260225090610657906080;0;Anomaly;
202604;AREA 4;SULAWESI;MAKASSAR;PKN;AOi42602110143227528c7200;0;Anomaly;
202604;AREA 3;BALI NUSRA;MATARAM;TET;AOi42602170318540990c1d60;0;Anomaly;
202604;AREA 1;SUMBAGSEL;LAMPUNG;LKP;AOi4260221095827772774be0;0;Anomaly;
202604;AREA 3;JATIM;MALANG;MLG;AOi12602261022303641cdeb0;0;Anomaly;
202604;AREA 2;EASTERN JABOTABEK;BOGOR;CCR;AOi4260209012822355b2bb40;0;Anomaly;
202604;AREA 1;SUMBAGUT;CENTRAL MEDAN;DLT;AOi42602130614051404b4540;0;Anomaly;
202604;AREA 4;MALUKU DAN PAPUA;TIMIKA;TIM;AOi4260216025227789437a80;0;Anomaly;
202604;AREA 1;SUMBAGUT;PEMATANG SIANTAR;RBM;AOi42601271055122670608a0;0;Anomaly;
202604;AREA 2;EASTERN JABOTABEK;KARAWANG;JBB;AOi4260213084408431dee570;0;Anomaly;
202604;AREA 4;MALUKU DAN PAPUA;AMBON;PAO;AOi42602230822408429db640;0;Anomaly;
202604;AREA 4;KALIMANTAN;PALANGKARAYA;PYM;AOi426020602021862493ede0;0;Anomaly;
202604;AREA 1;SUMBAGUT;CENTRAL MEDAN;CTD;AOi4260213050733126ce3e60;0;Anomaly;
202604;AREA 4;MALUKU DAN PAPUA;SORONG;NAB;AOk4260212064012541fd2180;0;Anomaly;
202604;AREA 1;SUMBAGUT;CENTRAL MEDAN;DLT;AOi4260214101246418af3150;0;Anomaly;
202604;AREA 4;SULAWESI;MANADO;BIT;AOi4260213040143928033a50;0;Anomaly;
202604;AREA 1;SUMBAGTENG;PEKANBARU;PKR;AOi4260221110321461b91360;0;Anomaly;
202604;AREA 2;JABAR;CIREBON;KRM;AOi42602200346125171f4ef0;0;Anomaly;
202604;AREA 3;JATIM;SURABAYA;LKI;AOi1260222112224459f6d6e0;0;Anomaly;
202604;AREA 2;JABAR;TASIKMALAYA;PAX;AOi42602231040177682a7a20;0;Anomaly;
202604;AREA 1;SUMBAGUT;WESTERN MEDAN;BJI;AOi4260204020744041efd2a0;0;Anomaly;
202604;AREA 1;SUMBAGTENG;PADANG;ALH;AOi4260215103719582f7e4c0;0;Anomaly;
202604;AREA 2;CENTRAL JABOTABEK;SOUTHERN JAKARTA;KBY;PDAk42602191125596141ef290;0;Anomaly;
202604;AREA 2;JABAR;CIREBON;JCG;AOi4260201105417758586750;0;Comply;-1,01
202604;AREA 3;JATENG-DIY;PURWOKERTO;BJR;AOi42602100728223847eb5d0;0;Anomaly;
202604;AREA 1;SUMBAGTENG;PADANG;ALH;AOi4260212084757797ceddf0;0;Anomaly;
202604;AREA 3;JATIM;SURABAYA;BKL;AOk4260221085054902ff5f40;0;Anomaly;
202604;AREA 3;JATENG-DIY;PEKALONGAN;KJE;AOi42602261049102795ce170;0;Anomaly;
202604;AREA 1;SUMBAGUT;CENTRAL MEDAN;TJM;AOi42602040722256337bc4e0;0;Anomaly;
202604;AREA 2;EASTERN JABOTABEK;BEKASI;PKY;AOi42602140628310705c9dc0;0;Comply;-21,94
202604;AREA 4;KALIMANTAN;BALIKPAPAN;MGG;AOk4260211103309832f46970;0;Anomaly;
202604;AREA 3;JATIM;SIDOARJO;WRU;AOi12602170831428018796e0;0;Anomaly;
202604;AREA 4;SULAWESI;MAKASSAR;TKA;AOk42602110142038449e7c40;0;Anomaly;
202604;AREA 3;JATIM;MALANG;MLG;AOk4260203014523130f14f20;0;Anomaly;
202604;AREA 1;SUMBAGUT;BANDA ACEH;SKL;AOi42602161031042717be880;0;Anomaly;
202604;AREA 3;JATIM;SURABAYA;ARB;AOi42602250656205231b13e0;0;Anomaly;
202604;AREA 2;JABAR;TASIKMALAYA;SPA;AOi4260201073419433105090;0;Anomaly;
202604;AREA 1;SUMBAGTENG;BATAM;SLU;AOi4260228042013462c18b20;0;Anomaly;
202604;AREA 3;JATENG-DIY;PEKALONGAN;PML;AOi42602150829352092e5db0;0;Anomaly;
202604;AREA 1;SUMBAGUT;PEMATANG SIANTAR;SRA;AOi4260129054132441809b00;0;Anomaly;
202604;AREA 2;EASTERN JABOTABEK;KARAWANG;BBL;AOi42602131112305296fb550;0;Anomaly;
202604;AREA 3;BALI NUSRA;FLORES;MMR;AOi42602011120392869deaf0;0;Anomaly;
202604;AREA 1;SUMBAGUT;WESTERN MEDAN;LGS;AOi4260204122416474c90880;0;Anomaly;
202604;AREA 4;KALIMANTAN;PALANGKARAYA;PLK;AOi4260210123200453630270;0;Anomaly;
202604;AREA 4;SULAWESI;BONE;BLK;AOi42602220144206573229e0;0;Anomaly;
202604;AREA 3;JATIM;SURABAYA;KML;AOi4260203011340927fa3640;0;Anomaly;
202604;AREA 3;JATENG-DIY;MAGELANG;TEM;AOi42602180403315264291f0;0;Anomaly;
202604;AREA 1;SUMBAGTENG;BUKIT TINGGI;PYK;AOk42601311045360795beab0;0;Anomaly;
202604;AREA 4;KALIMANTAN;BANJARMASIN;BBR;AOi4260227071646352ad6ca0;0;Anomaly;
202604;AREA 1;SUMBAGTENG;BATAM;SLU;AOi4260129090156012aaf070;0;Anomaly;
202604;AREA 2;CENTRAL JABOTABEK;SOUTHERN JAKARTA;JAG;PDAk42602260411271179055e0;0;Anomaly;
202604;AREA 1;SUMBAGSEL;PANGKAL PINANG;PGP;AOi4260224010041703dfd7b0;0;Anomaly;
202604;AREA 1;SUMBAGUT;PADANG SIDEMPUAN;GST;AOi42602130308173465e40b0;0;Anomaly;
202604;AREA 4;SULAWESI;MANADO;MDO;AOi12602231037238713bf670;0;Anomaly;
202604;AREA 4;SULAWESI;MAKASSAR;MAT;AOi4260220102550076684280;0;Anomaly;
202604;AREA 3;BALI NUSRA;MATARAM;SWE;AOi426021003535684764c230;0;Comply;-27,90
202604;AREA 3;BALI NUSRA;MATARAM;TET;AOi42602110740350896fdf20;0;Anomaly;
202604;AREA 3;JATIM;SURABAYA;BKL;AOi42602190236380914eead0;0;Anomaly;
202604;AREA 1;SUMBAGSEL;JAMBI;MND;AOk42602250932131563b3fb0;0;Comply;2,58
202604;AREA 1;SUMBAGTENG;PADANG;SGD;AOi426022201343451920f980;0;Anomaly;
202604;AREA 4;SULAWESI;MANADO;BIT;AOi42602141254239225417a0;0;Anomaly;
202604;AREA 3;JATENG-DIY;SEMARANG;SMC;AOi4260205114329853c350f0;0;Anomaly;
202604;AREA 3;JATIM;SURABAYA;KPS;AOi42602190125317557fa1d0;0;Anomaly;
202604;AREA 1;SUMBAGSEL;LAMPUNG;TJK;AOi42602230313198497bd3b0;0;Anomaly;
202604;AREA 1;SUMBAGSEL;PALEMBANG;PBM;AOi42602230149583509e1b60;0;Anomaly;
202604;AREA 3;JATIM;SIDOARJO;WRU;AOi42602200404375068b0700;0;Anomaly;
202604;AREA 4;KALIMANTAN;PONTIANAK;SAO;AOb02602221231377820d2bf0;0;Anomaly;
202604;AREA 1;SUMBAGSEL;BENGKULU;LHT;AOi12602271127012816064a0;0;Anomaly;
202604;AREA 2;CENTRAL JABOTABEK;SOUTHERN JAKARTA;JAG;AOs3260217015947942a4eae0;0;Anomaly;
202604;AREA 1;SUMBAGUT;WESTERN MEDAN;LGS;AOi42602090259187760417d0;0;Anomaly;
202604;AREA 2;JABAR;CIREBON;PAB;AOi4260210053017805033f00;0;Anomaly;
202604;AREA 1;SUMBAGSEL;BENGKULU;KPH;AOi4260206105834626bfc470;0;Anomaly;
202604;AREA 3;BALI NUSRA;FLORES;LRT;AOi4260203025151190c96800;0;Anomaly;
202604;AREA 1;SUMBAGUT;CENTRAL MEDAN;TJR;AOi4260209024306437bffb60;0;Anomaly;
202604;AREA 2;WESTERN JABOTABEK;TANGERANG;SRP;AOs3260202102231240569100;0;Anomaly;
202604;AREA 1;SUMBAGSEL;BENGKULU;IPU;AOi42602170954259338721e0;0;Anomaly;
202604;AREA 3;JATENG-DIY;SEMARANG;KDL;AOk4260219013642638bb1ec0;0;Anomaly;
202604;AREA 1;SUMBAGUT;CENTRAL MEDAN;CTD;AOi4260223030919455873820;0;Anomaly;
202604;AREA 2;JABAR;CIREBON;CBN;AOi42602171149140986733e0;0;Anomaly;
202604;AREA 3;JATENG-DIY;MAGELANG;PWJ;AOi42602110337452179aaa60;0;Anomaly;
202604;AREA 2;EASTERN JABOTABEK;BOGOR;CSN;AOi12602141218352896c0ef0;0;Anomaly;
202604;AREA 3;JATENG-DIY;YOGYAKARTA;KLS;AOi126022402095180016fa30;0;Anomaly;
202604;AREA 3;BALI NUSRA;FLORES;MMR;AOi4260217064205673798c50;0;Anomaly;
202604;AREA 3;BALI NUSRA;MATARAM;SEL;AOi4260223081353077e937f0;0;Comply;-2,66
202604;AREA 1;SUMBAGTENG;PADANG;LIM;AOs3260131101838189330740;0;Comply;-2,52
202604;AREA 4;MALUKU DAN PAPUA;AMBON;PAO;AOi42602170619284899541c0;0;Anomaly;
202604;AREA 3;JATENG-DIY;YOGYAKARTA;KLS;AOs3260221035404896e2f910;0;Anomaly;
202604;AREA 1;SUMBAGSEL;BENGKULU;TIS;AOi4260206111222171f15fa0;0;Anomaly;
202604;AREA 2;JABAR;SOREANG;MJY;AOi4260203101207380c543a0;0;Comply;-51,24
202604;AREA 3;JATIM;SURABAYA;MGO;AOi4260213124925831426250;0;Anomaly;
202604;AREA 2;CENTRAL JABOTABEK;NORTHERN JAKARTA;TPR;AOi4260223020913144947cd0;0;Anomaly;
202604;AREA 2;JABAR;BANDUNG;RJW;AOi426021610125256668c9c0;0;Comply;-16,09
202604;AREA 2;EASTERN JABOTABEK;BOGOR;CSR;AOi42602200841056691106e0;0;Comply;-17,05
202604;AREA 1;SUMBAGUT;WESTERN MEDAN;KGH;AOi4260216123901275490ca0;0;Anomaly;
202604;AREA 2;EASTERN JABOTABEK;BEKASI;DEP;AOi4260210111232527c47180;0;Anomaly;
202604;AREA 4;KALIMANTAN;PALANGKARAYA;KRI;AOi426020811433016615ed30;0;Anomaly;
202604;AREA 1;SUMBAGUT;WESTERN MEDAN;LSM;AOi426021409274716279ae80;0;Anomaly;
202604;AREA 1;SUMBAGSEL;PANGKAL PINANG;PGP;AOi4260221113647457b20b80;0;Anomaly;
202604;AREA 1;SUMBAGSEL;BENGKULU;PGA;AOi4260211050805571a20540;0;Anomaly;24,74
202604;AREA 3;JATENG-DIY;MAGELANG;PWJ;AOi4260203093810127f2fbe0;0;Comply;1,48
202604;AREA 1;SUMBAGTENG;BATAM;SLU;AOi4260226104447990de4ce0;0;Anomaly;
202604;AREA 3;BALI NUSRA;DENPASAR;SAU;AOi42601290934564099b8bf0;0;Anomaly;
202604;AREA 2;EASTERN JABOTABEK;KARAWANG;JBB;AOi42602180233518523c5d40;0;Anomaly;
202604;AREA 1;SUMBAGUT;BANDA ACEH;TKN;AOi426020610464746387d710;0;Comply;-0,95
202604;AREA 2;EASTERN JABOTABEK;BEKASI;DEP;AOb0260226100945289ac8d70;0;Comply;0,53
202604;AREA 1;SUMBAGUT;RANTAU PRAPAT;TJB;AOs3260226122401959c43aa0;0;Anomaly;
202604;AREA 3;JATIM;SURABAYA;BKL;AOi4260215100722046aa8e20;0;Anomaly;
202604;AREA 1;SUMBAGSEL;BENGKULU;LLG;AOi42602221014391609ed330;0;Anomaly;
202604;AREA 4;SULAWESI;MANADO;KTG;AOi4260217083223732c5afd0;0;Anomaly;
202604;AREA 3;JATENG-DIY;PURWOKERTO;MAN;AOi426020810380473810bd80;0;Anomaly;
202604;AREA 2;CENTRAL JABOTABEK;NORTHERN JAKARTA;MRY;AOs3260206110040883de0380;0;Anomaly;
202604;AREA 3;JATIM;MALANG;BLB;AOi426022610120053541f5b0;0;Anomaly;
202604;AREA 1;SUMBAGUT;CENTRAL MEDAN;LBP;AOi426021611085665280aaa0;0;Anomaly;
202604;AREA 2;CENTRAL JABOTABEK;SOUTHERN JAKARTA;CID;AOi426020508434421494c7e0;0;Anomaly;
202604;AREA 2;JABAR;BANDUNG;BTJ;AOs3260216042214321b4ce30;0;Anomaly;
202604;AREA 1;SUMBAGUT;CENTRAL MEDAN;TJR;AOi4260225104855370c55660;0;Anomaly;
202604;AREA 1;SUMBAGUT;BANDA ACEH;BPD;AOi4260204123350953b51210;0;Anomaly;
202604;AREA 3;JATIM;MADIUN;NJK;AOi426021810545892344eb10;0;Comply;-3,44
202604;AREA 2;JABAR;TASIKMALAYA;BNJ;AOi4260228110706680df4c10;0;Anomaly;
202604;AREA 4;SULAWESI;KENDARI;MDG;AOi4260213053807328b2de80;0;Anomaly;
202604;AREA 2;WESTERN JABOTABEK;SERANG;SKE;AOi4260207101824588eb0db0;0;Anomaly;
202604;AREA 4;MALUKU DAN PAPUA;JAYAPURA;JAP;AOk4260219105142501767210;0;Anomaly;
202604;AREA 4;KALIMANTAN;BANJARMASIN;BLC;AOs3260206094750541792090;0;Anomaly;
202604;AREA 3;BALI NUSRA;DENPASAR;SAU;AOi4260130092016013dbe7b0;0;Anomaly;
202604;AREA 3;BALI NUSRA;FLORES;MMR;AOi4260204075257869ec0d60;0;Anomaly;
202604;AREA 4;KALIMANTAN;PONTIANAK;SGU;AOi4260202080607165ed7410;0;Anomaly;
202604;AREA 3;JATENG-DIY;MAGELANG;KTA;AOi4260212020528059e666b0;0;Anomaly;
202604;AREA 1;SUMBAGUT;PEMATANG SIANTAR;SDK;AOi4260211025332957613740;0;Anomaly;
202604;AREA 3;BALI NUSRA;DENPASAR;UBN;AOi4260201024309561be65a0;0;Anomaly;
202604;AREA 1;SUMBAGUT;CENTRAL MEDAN;PUB;AOi426021101194796352e710;0;Comply;2,62
202604;AREA 2;EASTERN JABOTABEK;BOGOR;PAR;AOi426020102595392786ebb0;0;Anomaly;
202604;AREA 4;MALUKU DAN PAPUA;JAYAPURA;JAP;AOi42602151253139028aa480;0;Anomaly;
202604;AREA 3;JATENG-DIY;SEMARANG;PEC;AOi42602171037094703cf970;0;Not Comply;4,03
202604;AREA 4;MALUKU DAN PAPUA;SORONG;SON;AOi4260222031023471a81a00;0;Anomaly;
202604;AREA 3;JATENG-DIY;PEKALONGAN;BDY;AOi42602200929558344e6630;0;Anomaly;
202604;AREA 2;EASTERN JABOTABEK;BEKASI;SKJ;AOs326021702214261694a940;0;Anomaly;
202604;AREA 3;JATENG-DIY;SEMARANG;BMK;AOs3260204050744443ff9150;0;Comply;-43,83
202604;AREA 4;SULAWESI;PARE-PARE;RTP;AOi4260216094056771ec4980;0;Comply;-24,32
202604;AREA 1;SUMBAGTENG;PEKANBARU;BKR;AOi42602250202129589b7ef0;0;Anomaly;
202604;AREA 1;SUMBAGUT;CENTRAL MEDAN;LBP;AOk4260221092920819dc6520;0;Anomaly;
202604;AREA 1;SUMBAGSEL;PANGKAL PINANG;TJN;AOi4260213112344205c55910;0;Anomaly;
202604;AREA 2;JABAR;BANDUNG;BTJ;AOs3260216042214321b4ce30;0;Anomaly;
202604;AREA 4;KALIMANTAN;PANGKALAN BUN;KTP;AOi42602090138256651d3e40;0;Comply;-20,11
202604;AREA 3;BALI NUSRA;DENPASAR;UBN;AOi4260215022056980cdf110;0;Anomaly;
202604;AREA 2;JABAR;TASIKMALAYA;PAX;AOi42602140347233823aa520;0;Anomaly;
202604;AREA 1;SUMBAGUT;RANTAU PRAPAT;RAP;AOi4260217111511911adb470;0;Anomaly;
202604;AREA 1;SUMBAGUT;BANDA ACEH;LBR;AOi4260222022211162b79600;0;Anomaly;
202604;AREA 2;JABAR;TASIKMALAYA;PAX;AOi4260205035930248283890;0;Anomaly;
202604;AREA 1;SUMBAGTENG;PEKANBARU;PBB;AOi1260222071819758abb480;0;Anomaly;
202604;AREA 1;SUMBAGTENG;PEKANBARU;PKR;AOi42602170449339767540f0;0;Anomaly;
202604;AREA 3;JATENG-DIY;SURAKARTA;KRT;AOi4260209102820378b9ac20;0;Not Comply;97,20
202604;AREA 1;SUMBAGUT;CENTRAL MEDAN;TMU;AOi4260206013609190eff2b0;0;Anomaly;
202604;AREA 4;KALIMANTAN;PONTIANAK;SAO;AOi4260227123832970f70220;0;Anomaly;
202604;AREA 3;BALI NUSRA;DENPASAR;SMA;AOi42602020537080373d5490;0;Anomaly;
202604;AREA 4;KALIMANTAN;SAMARINDA;SMR;PDAk42601300624025552ae670;0;Anomaly;
202604;AREA 3;JATENG-DIY;PURWOKERTO;SDJ;AOi42602250852349691ad060;0;Anomaly;
202604;AREA 2;WESTERN JABOTABEK;SERANG;LGK;AOi426022102040105008ee00;0;Anomaly;
202604;AREA 4;KALIMANTAN;TARAKAN;TRK;AOi42602100932027332d4ec0;0;Anomaly;
202604;AREA 3;JATENG-DIY;SEMARANG;JPR;AOi4260207030150971968b50;0;Comply;-1,61
202604;AREA 3;JATENG-DIY;SEMARANG;KUD;PDAk426021308454351939bcc0;0;Anomaly;
202604;AREA 1;SUMBAGUT;PADANG SIDEMPUAN;PND;AOi1260130090553353a7d490;0;Anomaly;
202604;AREA 2;CENTRAL JABOTABEK;SOUTHERN JAKARTA;PSM;AOi42602040529575162e7810;0;Anomaly;
202604;AREA 1;SUMBAGTENG;PADANG;SGD;AOi42602030252230664bbc00;0;Comply;-21,91
202604;AREA 2;EASTERN JABOTABEK;BEKASI;DEP;AOi4260210111232527c47180;0;Comply;-23,83
202604;AREA 3;JATENG-DIY;SEMARANG;BWE;AOi42602211020386374bfa70;0;Anomaly;
202604;AREA 3;JATIM;SURABAYA;ARB;AOi4260225094626398a76160;0;Anomaly;
202604;AREA 3;JATIM;SURABAYA;ARB;AOi42602250656205231b13e0;0;Anomaly;
202604;AREA 4;MALUKU DAN PAPUA;AMBON;MSH;AOi42602120411518232620a0;0;Anomaly;
202604;AREA 1;SUMBAGUT;PADANG SIDEMPUAN;PSP;AOi42602260545180687ceb40;0;Anomaly;
202604;AREA 4;SULAWESI;PALU;PLB;AOi4260212090229676fdd2a0;0;Anomaly;
202604;AREA 2;CENTRAL JABOTABEK;NORTHERN JAKARTA;STR;AOk42602230733096243cae80;0;Anomaly;
202604;AREA 1;SUMBAGUT;CENTRAL MEDAN;TTG;AOi426022010554526899c490;0;Anomaly;
202604;AREA 3;BALI NUSRA;FLORES;LBO;AOi4260202013946138c7fa30;0;Anomaly;
202604;AREA 3;JATENG-DIY;PEKALONGAN;PKL;AOi4260218100548351d9d830;0;Anomaly;
202604;AREA 3;JATENG-DIY;PURWOKERTO;BJR;AOi4260213094021548e42cd0;0;Anomaly;
202604;AREA 4;KALIMANTAN;BANJARMASIN;PGN;AOi42602060313332224d6080;0;Anomaly;
202604;AREA 3;JATENG-DIY;SEMARANG;BOJ;AOs32602180619226538cc6d0;0;Comply;1,95
202604;AREA 1;SUMBAGTENG;BATAM;BTC;AOi426020202073129335ada0;0;Anomaly;
202604;AREA 3;JATENG-DIY;MAGELANG;MUN;AOi4260214114443298926170;0;Anomaly;
202604;AREA 3;BALI NUSRA;MATARAM;PRY;AOi4260213034620998cf5340;0;Comply;-16,61
202604;AREA 2;JABAR;SOREANG;SMD;AOi4260218042018564c98ef0;0;Not Comply;5,69
202604;AREA 1;SUMBAGSEL;JAMBI;MBN;AOi4260131032341485559780;0;Anomaly;
202604;AREA 3;JATENG-DIY;SURAKARTA;NGA;AOi4260203122639415317960;0;Anomaly;
202604;AREA 4;SULAWESI;MANADO;BAH;AOk42602110716361661158f0;0;Anomaly;
202604;AREA 1;SUMBAGSEL;JAMBI;KOA;AOi426020408501124033a000;0;Anomaly;
202604;AREA 2;EASTERN JABOTABEK;BEKASI;PKY;AOs326021211054045300d290;0;Anomaly;
202604;AREA 3;BALI NUSRA;MATARAM;TET;AOk4260225125947781ece040;0;Anomaly;
202604;AREA 1;SUMBAGUT;CENTRAL MEDAN;TJM;AOi42602081232010036a2000;0;Anomaly;
202604;AREA 2;JABAR;BANDUNG;SKM;AOi42602261142481812934f0;0;Comply;-23,60
202604;AREA 2;JABAR;TASIKMALAYA;PMP;AOi4260223051300284048050;0;Anomaly;
202604;AREA 2;JABAR;TASIKMALAYA;BNJ;AOi4260228104232674a500a0;0;Anomaly;
202604;AREA 1;SUMBAGUT;WESTERN MEDAN;KSG;AOi42602090154101798f2cf0;0;Anomaly;
202604;AREA 4;SULAWESI;MANADO;BAH;AOk4260216014305985501b90;0;Anomaly;
202604;AREA 4;MALUKU DAN PAPUA;JAYAPURA;SNI;AOi42602190930349896f9940;0;Anomaly;
202604;AREA 3;JATIM;SURABAYA;DMO;AOi4260213031731299dd7a30;0;Comply;-3,70
202604;AREA 2;JABAR;SOREANG;BJA;AOi426022708585705734a180;0;Anomaly;
202604;AREA 3;JATIM;SURABAYA;KNN;PDAk4260215111011470beabb0;0;Comply;-2,61
202604;AREA 2;CENTRAL JABOTABEK;NORTHERN JAKARTA;KDY;AOi12602090158384912720e0;0;Anomaly;
202604;AREA 4;SULAWESI;MANADO;BIT;AOi42602141254239225417a0;0;Anomaly;
202604;AREA 1;SUMBAGTENG;DUMAI;TAK;AOi4260201034802384045a40;0;Anomaly;
202604;AREA 3;JATIM;SIDOARJO;TPO;AOi4260201091048142ae2250;0;Anomaly;
202604;AREA 3;JATENG-DIY;SURAKARTA;BYL;AOi4260220085511839e000f0;0;Anomaly;
202604;AREA 3;JATIM;SIDOARJO;SDA;AOi42602131126373309ec450;0;Anomaly;
202604;AREA 3;BALI NUSRA;FLORES;MMR;AOi426021610584690814d930;0;Anomaly;
202604;AREA 1;SUMBAGUT;BANDA ACEH;DAR;AOi4260204070210111e12480;0;Comply;-52,14
202604;AREA 4;SULAWESI;MAKASSAR;MAT;AOi4260127082557483f6af00;0;Anomaly;
202604;AREA 1;SUMBAGUT;BANDA ACEH;BAK;AOi42602090210599365d68f0;0;Anomaly;
202604;AREA 3;JATIM;SIDOARJO;KRN;AOi4260207113952661244710;0;Anomaly;
202604;AREA 1;SUMBAGUT;PADANG SIDEMPUAN;PSP;AOi1260221122426975b50e80;0;Anomaly;
202604;AREA 4;SULAWESI;GORONTALO;GTL;AOi42602070914295528f22d0;0;Anomaly;
202604;AREA 4;MALUKU DAN PAPUA;AMBON;TUA;AOi42602121004503676785b0;0;Comply;-24,99
202604;AREA 1;SUMBAGUT;WESTERN MEDAN;LGS;AOi4260218110142032013600;0;Anomaly;
202604;AREA 2;EASTERN JABOTABEK;BEKASI;PKY;AOs3260219103206408498580;0;Anomaly;
202604;AREA 4;SULAWESI;MANADO;PIK;AOi4260210111818764faa5f0;0;Anomaly;
202604;AREA 1;SUMBAGSEL;JAMBI;PKB;AOi4260217054356870441d40;0;Not Comply;23,98
202604;AREA 3;JATENG-DIY;PURWOKERTO;CLC;AOb0260213045747175f80440;0;Comply;-112,54
202604;AREA 3;JATIM;SURABAYA;PME;AOi4260209120539218388490;0;Anomaly;
202604;AREA 4;SULAWESI;BONE;BLK;AOi4260222124600971372400;0;Anomaly;
202604;AREA 3;JATIM;SURABAYA;KNN;AOi4260214021517074f42d40;0;Anomaly;
202604;AREA 4;SULAWESI;PALU;PLA;AOi42602040823374406b5c20;0;Anomaly;
202604;AREA 4;SULAWESI;MANADO;BIT;AOi4260131060423617557ff0;0;Anomaly;
202604;AREA 1;SUMBAGUT;PADANG SIDEMPUAN;TRT;AOi4260220105623669575cf0;0;Anomaly;
202604;AREA 1;SUMBAGUT;CENTRAL MEDAN;CTD;AOi42602200141286321972d0;0;Anomaly;
202604;AREA 3;JATIM;MALANG;GDG;AOi426020101582324510f8f0;0;Comply;-0,25
202604;AREA 3;JATENG-DIY;PEKALONGAN;BTG;AOi4260226100437483aa1ea0;0;Anomaly;
202604;AREA 1;SUMBAGSEL;LAMPUNG;MET;AOi4260227031849810ae3bc0;0;Anomaly;
202604;AREA 3;JATENG-DIY;PURWOKERTO;BJR;AOi4260216011409488a17ad0;0;Anomaly;
202604;AREA 4;SULAWESI;MAKASSAR;TMA;AOi4260203123355343243300;0;Comply;-23,74
202604;AREA 3;JATIM;SURABAYA;KNN;AOi426021211390884338fc20;0;Anomaly;
202604;AREA 3;BALI NUSRA;MATARAM;SBW;AOi4260219075754327c88320;0;Comply;-27,85
202604;AREA 1;SUMBAGTENG;BATAM;LBJ;AOi4260227030353073c9dbf0;0;Anomaly;
202604;AREA 4;MALUKU DAN PAPUA;JAYAPURA;SRM;AOi4260218085939551072710;0;Anomaly;
202604;AREA 3;BALI NUSRA;DENPASAR;SWI;AOi42601260545218724a4700;0;Anomaly;
202604;AREA 3;JATIM;SURABAYA;KBL;AOs32602130744382422851a0;0;Comply;-2,38
202604;AREA 1;SUMBAGUT;BANDA ACEH;BPD;AOi426020310131623196c1d0;0;Anomaly;
202604;AREA 1;SUMBAGTENG;BUKIT TINGGI;ABG;AOi42602080122068711926c0;0;Anomaly;
202604;AREA 3;JATIM;SIDOARJO;PGE;AOk42602040157423312c9520;0;Comply;-54,61
202604;AREA 1;SUMBAGTENG;PEKANBARU;AMK;AOi4260206100516466675270;0;Comply;1,04
202604;AREA 3;BALI NUSRA;MATARAM;KMP;AOi4260217093835717702a60;0;Comply;-16,09
202604;AREA 1;SUMBAGUT;RANTAU PRAPAT;ANR;AOb02602251233581706162a0;0;Anomaly;
202604;AREA 1;SUMBAGUT;CENTRAL MEDAN;TJR;AOi4260205055711916157ba0;0;Anomaly;
202604;AREA 4;SULAWESI;BONE;WTP;AOi4260202103856249f0e5d0;0;Anomaly;
202604;AREA 3;BALI NUSRA;MATARAM;SBW;AOi426021301585308964f600;0;Comply;-16,09
202604;AREA 4;KALIMANTAN;SAMARINDA;SMR;AOi426020105031855422eb80;0;Anomaly;
202604;AREA 4;KALIMANTAN;BALIKPAPAN;MLA;AOi4260201072758411263da0;0;Anomaly;
202604;AREA 1;SUMBAGSEL;BENGKULU;PDW;AOi42601310747516647c8a10;0;Comply;-23,06
202604;AREA 3;JATENG-DIY;SEMARANG;DMA;AOi42602100907130902875b0;0;Not Comply;212,56
202604;AREA 2;EASTERN JABOTABEK;BOGOR;SKB;AOb0260208091552894f2bca0;0;Anomaly;
202604;AREA 2;CENTRAL JABOTABEK;SOUTHERN JAKARTA;KAL;AOi4260214023140988e84730;0;Anomaly;
202604;AREA 3;JATENG-DIY;PEKALONGAN;PBG;AOi4260220113510231190b50;0;Anomaly;
202604;AREA 2;EASTERN JABOTABEK;BOGOR;CBI;AOi4260220033604989e4c260;0;Anomaly;
202604;AREA 3;JATIM;SURABAYA;PME;AOi4260213102802722405890;0;Anomaly;
202604;AREA 3;JATIM;MALANG;SWJ;AOi42602271003211852df520;0;Anomaly;
202604;AREA 2;EASTERN JABOTABEK;KARAWANG;JBB;AOi42602060440313766b1360;0;Comply;-20,61
202604;AREA 2;CENTRAL JABOTABEK;NORTHERN JAKARTA;MKR;PDAk4260225020619648d2f860;0;Comply;-45,17
202604;AREA 1;SUMBAGTENG;BATAM;SLU;AOi4260218094646429ddf420;0;Anomaly;
202604;AREA 3;JATENG-DIY;PURWOKERTO;WOS;AOi4260219035752241e8f9e0;0;Anomaly;
202604;AREA 2;EASTERN JABOTABEK;BOGOR;CBD;AOi42602140819043395a7830;0;Anomaly;
202604;AREA 3;BALI NUSRA;MATARAM;DMP;AOi4260203122806294ecba20;0;Anomaly;-47,50
202604;AREA 3;BALI NUSRA;DENPASAR;UBU;AOi4260201043228898728a90;0;Anomaly;
202604;AREA 1;SUMBAGUT;BANDA ACEH;MBO;AOi42602200214479899c9390;0;Anomaly;
202604;AREA 3;JATIM;SIDOARJO;SPJ;AOi4260208074747872e9cf50;0;Anomaly;
202604;AREA 3;JATENG-DIY;PURWOKERTO;SDJ;AOi426021704520475134bf10;0;Anomaly;
202604;AREA 2;WESTERN JABOTABEK;SERANG;SAG;AOi42602050936333891f67b0;0;Anomaly;
202604;AREA 3;JATENG-DIY;PEKALONGAN;BTG;AOi42602230459024753cdb00;0;Anomaly;
202604;AREA 1;SUMBAGUT;PADANG SIDEMPUAN;GST;AOi4260131075421169d8ebb0;0;Anomaly;
202604;AREA 1;SUMBAGTENG;PEKANBARU;ARK;AOi42602160312552270709e0;0;Anomaly;
202604;AREA 3;JATIM;LAMONGAN;TNZ;AOi4260214085033861659390;0;Anomaly;
202604;AREA 2;JABAR;TASIKMALAYA;BNJ;AOi4260215111729316735da0;0;Anomaly;
202604;AREA 1;SUMBAGSEL;JAMBI;SRJ;AOi426022612500928257b630;0;Anomaly;
202604;AREA 2;JABAR;TASIKMALAYA;PAX;AOi4260206023527963e76590;0;Anomaly;
202604;AREA 2;JABAR;BANDUNG;LBG;AOk4260226041856755721ba0;0;Anomaly;
202604;AREA 4;SULAWESI;MAKASSAR;PNK;AOi4260215045149857d32f40;0;Anomaly;
202604;AREA 4;KALIMANTAN;SAMARINDA;SBR;AOi42602030958493351a2ad0;0;Comply;-1,89
202604;AREA 4;KALIMANTAN;TARAKAN;TLA;AOi4260224061102684ccf500;0;Anomaly;
202604;AREA 3;BALI NUSRA;DENPASAR;GIN;AOi426013005071298747e440;0;Anomaly;
202604;AREA 4;MALUKU DAN PAPUA;JAYAPURA;SNI;AOk4260212015447244bc7020;0;Anomaly;
202604;AREA 3;JATENG-DIY;SURAKARTA;KTO;AOk4260227091503147205fd0;0;Not Comply;7,32
202604;AREA 1;SUMBAGUT;CENTRAL MEDAN;PDB;AOs32602250126544448f2490;0;Comply;-28,14
202604;AREA 2;WESTERN JABOTABEK;TANGERANG;CPA;AOk426013103372931652b410;0;Anomaly;
202604;AREA 1;SUMBAGUT;CENTRAL MEDAN;LBP;AOi426022503183466484d900;0;Anomaly;
202604;AREA 3;JATIM;MALANG;BLB;AOk4260203121237878fe4870;0;Comply;-3,91
202604;AREA 2;EASTERN JABOTABEK;BOGOR;JGL;AOi42602060957114668d3d30;0;Anomaly;0,78
202604;AREA 3;JATIM;LAMONGAN;GSK;AOi4260203011845393f58990;0;Anomaly;
202604;AREA 1;SUMBAGTENG;PEKANBARU;PBB;AOi4260206030058474463ea0;0;Anomaly;
202604;AREA 1;SUMBAGUT;RANTAU PRAPAT;TJB;AOk42602181144195926c9a50;0;Anomaly;
202604;AREA 2;EASTERN JABOTABEK;BOGOR;JGL;AOs3260205010032689268de0;0;Anomaly;
202604;AREA 1;SUMBAGUT;CENTRAL MEDAN;PDB;AOi4260226030407665984030;0;Anomaly;
202604;AREA 1;SUMBAGUT;CENTRAL MEDAN;SPM;AOi426021008175583673ad80;0;Anomaly;
202604;AREA 1;SUMBAGUT;BANDA ACEH;LBR;AOi4260224124522391bfc260;0;Anomaly;
202604;AREA 2;EASTERN JABOTABEK;BOGOR;JPK;AOi426013105341534088ce10;0;Comply;2,21
202604;AREA 2;WESTERN JABOTABEK;SERANG;BLJ;AOi4260222035508989258540;0;Anomaly;
202604;AREA 1;SUMBAGUT;WESTERN MEDAN;KSG;AOi42602060908360522f2b20;0;Anomaly;
202604;AREA 3;JATENG-DIY;SURAKARTA;MSO;AOk42601300401225734fdff0;0;Anomaly;
202604;AREA 1;SUMBAGUT;BANDA ACEH;JRM;AOi4260214015532627416830;0;Anomaly;
202604;AREA 4;KALIMANTAN;PALANGKARAYA;PLK;AOi4260204125150062e3e540;0;Anomaly;
202604;AREA 3;BALI NUSRA;MATARAM;SGG;AOi4260203053824226a145e0;0;Anomaly;
202604;AREA 3;JATIM;SURABAYA;KLN;AOi4260221053845420c67060;0;Comply;-38,16
202604;AREA 1;SUMBAGTENG;BATAM;SLU;AOi4260213015549710d7b890;0;Anomaly;
202604;AREA 4;MALUKU DAN PAPUA;SORONG;SON;AOi4260213110333432e51090;0;Anomaly;
202604;AREA 1;SUMBAGTENG;BATAM;LBJ;AOi4260227100908034c5a230;0;Anomaly;
202604;AREA 3;JATENG-DIY;SURAKARTA;KRT;AOi42602210937417940d89a0;0;Anomaly;
202604;AREA 2;EASTERN JABOTABEK;BOGOR;CPS;AOi4260211034546900dbd8b0;0;Anomaly;
202604;AREA 3;JATIM;SURABAYA;PME;AOi42602150620296918a52a0;0;Anomaly;
202604;AREA 1;SUMBAGSEL;PANGKAL PINANG;PGP;AOi4260209014632457d6b8a0;0;Anomaly;
202604;AREA 4;MALUKU DAN PAPUA;JAYAPURA;SNI;AOi426020310142716910b960;0;Anomaly;
202604;AREA 3;JATENG-DIY;MAGELANG;MGE;AOi4260201044047815451700;0;Anomaly;
202604;AREA 3;BALI NUSRA;MATARAM;PRY;AOi42602270113075646761e0;0;Anomaly;
202604;AREA 3;BALI NUSRA;MATARAM;BIM;AOi426022603141065355c8a0;0;Anomaly;
202604;AREA 3;JATENG-DIY;SURAKARTA;SOP;AOi4260226101120152d2b3c0;0;Anomaly;
202604;AREA 3;JATIM;SURABAYA;KNN;AOi4260201082934977d2c710;0;Anomaly;
202604;AREA 1;SUMBAGTENG;BATAM;DBS;AOi4260207041806053d2f560;0;Anomaly;
202604;AREA 1;SUMBAGUT;CENTRAL MEDAN;TMU;AOi1260218021759721810a90;0;Anomaly;
202604;AREA 4;SULAWESI;MAKASSAR;PNK;AOk42602091012157840cb970;0;Anomaly;
202604;AREA 2;JABAR;TASIKMALAYA;PMP;AOi42602240343398748415c0;0;Anomaly;
202604;AREA 4;KALIMANTAN;BALIKPAPAN;TGG;AOi426021412005642808c050;0;Anomaly;
202604;AREA 3;BALI NUSRA;DENPASAR;SWI;AOi426020912142944770b290;0;Anomaly;
202604;AREA 4;MALUKU DAN PAPUA;TIMIKA;TIM;AOi42602021252554093267c0;0;Anomaly;
202604;AREA 3;JATENG-DIY;YOGYAKARTA;KLS;AOi4260223081544944f70860;0;Anomaly;
202604;AREA 1;SUMBAGUT;WESTERN MEDAN;KSG;AOi4260213115336427cfad90;0;Anomaly;
202604;AREA 3;BALI NUSRA;DENPASAR;UBN;AOi4260204100550818dac570;0;Anomaly;
202604;AREA 2;JABAR;CIREBON;KNG;AOi42602250753149487b7d90;0;Anomaly;
202604;AREA 4;KALIMANTAN;BALIKPAPAN;BRU;AOi4260205022050609b9f5d0;0;Anomaly;
202604;AREA 4;SULAWESI;MANADO;TMH;AOi42602240636382872d6340;0;Anomaly;
202604;AREA 1;SUMBAGSEL;PANGKAL PINANG;TJN;AOi4260220094710581453f50;0;Anomaly;
202604;AREA 1;SUMBAGUT;CENTRAL MEDAN;SKI;AOi4260210013716738de0560;0;Anomaly;
202604;AREA 2;JABAR;TASIKMALAYA;PAX;AOi42602060746300858cfcd0;0;Anomaly;
202604;AREA 2;EASTERN JABOTABEK;BOGOR;LWL;AOi4260213093111712046900;0;Anomaly;
202604;AREA 3;JATIM;SURABAYA;IJK;AOi426020306221446460c9c0;0;Anomaly;
202604;AREA 4;KALIMANTAN;PANGKALAN BUN;PBU;AOk42602161225036874ba2a0;0;Anomaly;
202604;AREA 3;JATENG-DIY;PEKALONGAN;PBG;AOk4260210090748089004c80;0;Anomaly;
202604;AREA 4;SULAWESI;PARE-PARE;MAM;AOi426020108332522787c440;0;Anomaly;
202604;AREA 1;SUMBAGUT;PEMATANG SIANTAR;DLS;AOb02602270309003647ee8c0;0;Anomaly;
202604;AREA 1;SUMBAGUT;BANDA ACEH;GEU;AOi4260211031544312709600;0;Anomaly;
202604;AREA 2;WESTERN JABOTABEK;TANGERANG;CPA;AOi4260211020457178c39220;0;Anomaly;
202604;AREA 2;JABAR;TASIKMALAYA;SPA;AOi42602260907131364ea3d0;0;Anomaly;
202604;AREA 1;SUMBAGSEL;BENGKULU;TMO;AOi4260205101300090e95a20;0;Anomaly;
202604;AREA 1;SUMBAGUT;WESTERN MEDAN;KSG;AOi12602111203166785277f0;0;Anomaly;
202604;AREA 1;SUMBAGUT;PADANG SIDEMPUAN;PSP;AOi4260212114259428661100;0;Anomaly;
202604;AREA 3;JATIM;SURABAYA;BKL;AOi4260218065839872c8c870;0;Anomaly;
202604;AREA 4;KALIMANTAN;PALANGKARAYA;KSO;AOi42602060854097108889e0;0;Anomaly;
202604;AREA 2;JABAR;BANDUNG;RJW;AOi4260203020548238309370;0;Anomaly;
202604;AREA 3;BALI NUSRA;DENPASAR;KLM;AOi4260216112556599460810;0;Anomaly;
202604;AREA 1;SUMBAGUT;CENTRAL MEDAN;CTD;AOs32602200618427733b6040;0;Anomaly;
202604;AREA 1;SUMBAGSEL;PALEMBANG;IDL;AOi4260213074601059f569d0;0;Anomaly;
202604;AREA 3;JATIM;SURABAYA;ARB;AOi4260216053353297aeb990;0;Anomaly;
202604;AREA 1;SUMBAGTENG;BATAM;KAI;AOi4260210101313042f355e0;0;Anomaly;
202604;AREA 1;SUMBAGUT;CENTRAL MEDAN;CTD;AOi4260225122534436a65550;0;Anomaly;
202604;AREA 1;SUMBAGTENG;DUMAI;UBT;AOi4260225021025178de47c0;0;Anomaly;
202604;AREA 3;JATENG-DIY;SEMARANG;MKG;AOi4260202110118987cae220;0;Anomaly;
202604;AREA 4;KALIMANTAN;SAMARINDA;LOB;AOi426022001191836448f850;0;Anomaly;
202604;AREA 1;SUMBAGSEL;PANGKAL PINANG;KBO;AOi4260203015442986495ef0;0;Anomaly;
202604;AREA 3;JATIM;MALANG;BLB;AOi4260208041638544561fe0;0;Anomaly;
202604;AREA 1;SUMBAGUT;BANDA ACEH;TKN;AOi4260205080200386e2a4e0;0;Anomaly;
202604;AREA 3;JATIM;SIDOARJO;DLA;AOi42602030934341210ae340;0;Anomaly;
202604;AREA 4;SULAWESI;KENDARI;MDG;AOi426021212365674558a650;0;Anomaly;
202604;AREA 1;SUMBAGUT;CENTRAL MEDAN;CTD;AOi4260205054330720414980;0;Anomaly;
202604;AREA 1;SUMBAGTENG;BATAM;LBJ;AOi4260211100837994c3d820;0;Anomaly;
202604;AREA 3;BALI NUSRA;DENPASAR;KUT;AOi4260201062848283ce0b60;0;Anomaly;
202604;AREA 3;JATIM;SURABAYA;TNS;AOi4260214091741417ca6760;0;Anomaly;
202604;AREA 1;SUMBAGUT;CENTRAL MEDAN;CTD;AOi42602111125403629f2dd0;0;Anomaly;
202604;AREA 4;SULAWESI;PARE-PARE;WON;AOs3260127092218686577680;0;Anomaly;
202604;AREA 1;SUMBAGSEL;PANGKAL PINANG;PGP;AOi4260224095203369c90ae0;0;Anomaly;
202604;AREA 3;JATIM;SURABAYA;KML;AOi42602160341012241da360;0;Anomaly;
202604;AREA 1;SUMBAGUT;BANDA ACEH;BNA;AOi42602070417227190a6380;0;Anomaly;
202604;AREA 2;WESTERN JABOTABEK;TANGERANG;CKL;AOk4260210024929774e23f40;0;Anomaly;
202604;AREA 4;MALUKU DAN PAPUA;TIMIKA;TIM;AOi426022510185617819ebb0;0;Anomaly;
202604;AREA 3;JATIM;SURABAYA;PME;AOi4260202121236027522740;0;Anomaly;
202604;AREA 2;JABAR;BANDUNG;TRG;AOi4260205085017589adc350;0;Anomaly;
202604;AREA 2;EASTERN JABOTABEK;BOGOR;CBI;AOi42602081148443224a7940;0;Anomaly;
202604;AREA 3;BALI NUSRA;DENPASAR;KLM;AOi4260218113649277474970;0;Anomaly;
202604;AREA 3;JATIM;MALANG;LWG;AOi42602080924256237e3f50;0;Anomaly;
202604;AREA 1;SUMBAGUT;PEMATANG SIANTAR;SRA;AOi42602221240324491cf200;0;Anomaly;
202604;AREA 3;JATENG-DIY;YOGYAKARTA;KEN;AOi4260124032601180ddb670;0;Anomaly;
202604;AREA 1;SUMBAGSEL;PALEMBANG;SGB;AOi4260202090638945cc8690;0;Anomaly;
202604;AREA 2;CENTRAL JABOTABEK;NORTHERN JAKARTA;KTZ;AOi4260219072215317d989f0;0;Comply;-9,97
202604;AREA 4;SULAWESI;PALU;PLA;AOi4260212103346330e94e00;0;Anomaly;
202604;AREA 3;JATIM;LAMONGAN;BJN;AOi42602201014109303edf40;0;Anomaly;
202604;AREA 2;JABAR;BANDUNG;CJA;AOi4260221104803842e7f0e0;0;Anomaly;
202604;AREA 2;JABAR;TASIKMALAYA;PMP;AOi426020703030512091e820;0;Anomaly;
202604;AREA 2;CENTRAL JABOTABEK;SOUTHERN JAKARTA;PSR;AOi4260207115444539114ee0;0;Anomaly;
202604;AREA 3;JATENG-DIY;YOGYAKARTA;KEN;AOs3260207023254749d4c9c0;0;Anomaly;
202604;AREA 3;BALI NUSRA;KUPANG;BEN;AOi4260212054625782a0e110;0;Anomaly;
202604;AREA 1;SUMBAGUT;WESTERN MEDAN;LGS;AOi42602020315570665846a0;0;Anomaly;
202604;AREA 3;JATIM;JEMBER;PBL;AOi4260207082130180d638e0;0;Anomaly;
202604;AREA 3;JATIM;JEMBER;MCR;AOi4260209082551619a65910;0;Anomaly;
202604;AREA 1;SUMBAGSEL;LAMPUNG;MGA;AOi4260223074223123870470;0;Anomaly;
202604;AREA 3;BALI NUSRA;MATARAM;PRY;AOi4260212100930817479b70;0;Anomaly;
202604;AREA 3;BALI NUSRA;DENPASAR;UBN;AOi42601300241590770db7f0;0;Anomaly;
202604;AREA 3;JATIM;SURABAYA;KML;AOi4260216055108462580860;0;Anomaly;
202604;AREA 2;JABAR;BANDUNG;SDL;AOs32602190216127476cec20;0;Anomaly;
202604;AREA 2;WESTERN JABOTABEK;SERANG;KMT;AOk426020404285419085aec0;0;Anomaly;
202604;AREA 4;SULAWESI;MANADO;TMH;AOs3260213104924461d023c0;0;Anomaly;
202604;AREA 2;JABAR;BANDUNG;CJA;AOi4260224085708761c07f10;0;Anomaly;
202604;AREA 4;KALIMANTAN;TARAKAN;TRK;AOi426020311041468540c8d0;0;Anomaly;
202604;AREA 2;CENTRAL JABOTABEK;SOUTHERN JAKARTA;KRG;AOi4260216102405826a92160;0;Anomaly;
202604;AREA 2;CENTRAL JABOTABEK;SOUTHERN JAKARTA;PGG;AOi4260224080620327e01ce0;0;Anomaly;
202604;AREA 3;BALI NUSRA;DENPASAR;KLM;AOi4260205065652768c86170;0;Anomaly;
202604;AREA 1;SUMBAGUT;BANDA ACEH;GEU;AOi4260220101406908fffec0;0;Anomaly;
202604;AREA 3;JATIM;SURABAYA;BEA;AOb0260202031302801ee61a0;0;Anomaly;
202604;AREA 1;SUMBAGUT;BANDA ACEH;BNA;AOi4260225044455220bc3060;0;Anomaly;
202604;AREA 1;SUMBAGTENG;DUMAI;TAK;AOi4260204013400158c56940;0;Anomaly;
202604;AREA 4;KALIMANTAN;SAMARINDA;SBR;AOi4260209095153454c889a0;0;Anomaly;
202604;AREA 1;SUMBAGSEL;LAMPUNG;BKM;AOi4260209125827073b90930;0;Anomaly;
202604;AREA 3;JATIM;SURABAYA;IJK;AOi4260206013627878535830;0;Anomaly;
202604;AREA 2;CENTRAL JABOTABEK;SOUTHERN JAKARTA;GAN;AOi426021007571056253b970;0;Anomaly;
202604;AREA 3;JATIM;LAMONGAN;SDY;AOi426022408382781120ef70;0;Anomaly;
202604;AREA 3;JATIM;SIDOARJO;JOM;AOi1260227103302092c715f0;0;Anomaly;
202604;AREA 4;SULAWESI;MANADO;LBH;AOi4260131104612039953bb0;0;Anomaly;
202604;AREA 3;JATENG-DIY;PEKALONGAN;BMU;AOi426020810435631594bd00;0;Anomaly;
202604;AREA 3;JATIM;SURABAYA;PME;AOk426022601301007058ec50;0;Anomaly;
202604;AREA 4;KALIMANTAN;BANJARMASIN;LUL;AOi4260227031409284a3ede0;0;Anomaly;
202604;AREA 1;SUMBAGUT;CENTRAL MEDAN;SKI;AOi1260225125700855babda0;0;Anomaly;
202604;AREA 4;KALIMANTAN;PONTIANAK;SPY;AOi4260211011939867197ce0;0;Anomaly;
202604;AREA 1;SUMBAGTENG;PEKANBARU;RBI;AOi426013010243003954c8b0;0;Anomaly;
202604;AREA 3;BALI NUSRA;DENPASAR;UBN;AOs32602200855169256074f0;0;Anomaly;
202604;AREA 1;SUMBAGSEL;LAMPUNG;TJK;AOi42602210808265793d5b80;0;Anomaly;
202604;AREA 3;JATIM;LAMONGAN;BPG;AOi4260203114221695f62e70;0;Anomaly;
202604;AREA 1;SUMBAGTENG;BUKIT TINGGI;PYK;AOi42602240146578096ab280;0;Anomaly;
202604;AREA 2;EASTERN JABOTABEK;KARAWANG;JBB;PDAk42602121057013459b2940;0;Anomaly;
202604;AREA 1;SUMBAGUT;WESTERN MEDAN;LGS;AOk4260219102229807fa5c00;0;Anomaly;
202604;AREA 1;SUMBAGUT;RANTAU PRAPAT;PRA;AOi42602021013243497afa20;0;Anomaly;
202604;AREA 3;JATENG-DIY;SURAKARTA;KRT;AOi4260204101038168e65b60;0;Anomaly;
202604;AREA 4;KALIMANTAN;SAMARINDA;SBR;AOi42602170949032125a0670;0;Anomaly;
202604;AREA 3;JATENG-DIY;MAGELANG;MTY;AOi4260223120243060598a50;0;Anomaly;
202604;AREA 1;SUMBAGUT;CENTRAL MEDAN;TJM;AOi4260206121257674b2c530;0;Comply;-18,88
202604;AREA 3;JATENG-DIY;MAGELANG;PWJ;AOi4260216121441062c50e70;0;Anomaly;
202604;AREA 2;WESTERN JABOTABEK;SERANG;CLG;AOi126021402332207244a600;0;Anomaly;
202604;AREA 3;JATIM;SURABAYA;JGR;AOi4260207080830542de5bf0;0;Anomaly;
202604;AREA 2;JABAR;BANDUNG;HGM;AOi42602040623558539e1080;0;Anomaly;
202604;AREA 4;MALUKU DAN PAPUA;SORONG;NAB;AOk4260213101814680714450;0;Anomaly;
202604;AREA 1;SUMBAGUT;PEMATANG SIANTAR;TBT;AOi4260213055001535891c50;0;Anomaly;
202604;AREA 3;JATENG-DIY;PURWOKERTO;WOS;AOi42602190718212375f79b0;0;Anomaly;
202604;AREA 3;JATIM;SIDOARJO;GDA;AOi4260207091905533470350;0;Anomaly;
202604;AREA 1;SUMBAGUT;PEMATANG SIANTAR;PMS;AOi426020509444189222a2d0;0;Anomaly;
202604;AREA 3;BALI NUSRA;DENPASAR;GMK;AOi426022110332642012d480;0;Anomaly;
202604;AREA 1;SUMBAGUT;RANTAU PRAPAT;ANP;AOi4260219074900027e8d540;0;Anomaly;
202604;AREA 3;BALI NUSRA;DENPASAR;SAU;AOi4260206101106474353390;0;Anomaly;
202604;AREA 2;EASTERN JABOTABEK;KARAWANG;BGG;AOk4260210112002237776ba0;0;Anomaly;
202604;AREA 3;BALI NUSRA;MATARAM;TLW;AOi42602020311507529703d0;0;Anomaly;
202604;AREA 4;SULAWESI;MAKASSAR;TKA;AOi4260210020955725870060;0;Anomaly;
202604;AREA 2;JABAR;BANDUNG;SDL;AOi4260204041705332ca2d10;0;Anomaly;
202604;AREA 2;JABAR;SOREANG;SOR;AOi4260221013257604cf3a00;0;Anomaly;
202604;AREA 1;SUMBAGTENG;PEKANBARU;PBB;AOi4260221044052133498e80;0;Anomaly;
202604;AREA 3;JATENG-DIY;SURAKARTA;KRT;AOi426020306413157963b4c0;0;Anomaly;
202604;AREA 1;SUMBAGTENG;BATAM;DGS;AOs3260213061330139c5d020;0;Anomaly;
202604;AREA 1;SUMBAGUT;PEMATANG SIANTAR;TBT;AOi4260209122226666e62ae0;0;Anomaly;
202604;AREA 3;JATIM;SURABAYA;BKL;AOi426022712352522232ed00;0;Anomaly;
202604;AREA 1;SUMBAGUT;WESTERN MEDAN;BJI;AOi4260216020047601840e10;0;Anomaly;
202604;AREA 2;JABAR;BANDUNG;BDK;AOi42602140201306226df480;0;Anomaly;
202604;AREA 2;CENTRAL JABOTABEK;SOUTHERN JAKARTA;KLD;AOk4260218083929974a2fb80;0;Anomaly;
202604;AREA 3;BALI NUSRA;MATARAM;SGG;AOi4260210125052449e5f970;0;Anomaly;
202604;AREA 1;SUMBAGTENG;BATAM;SLU;AOi4260210070450507666af0;0;Anomaly;
202604;AREA 1;SUMBAGSEL;JAMBI;MND;AOi42602040116191272c02c0;0;Anomaly;
202604;AREA 3;JATIM;SURABAYA;PRG;AOi4260215053501529c28f10;0;Anomaly;
202604;AREA 1;SUMBAGUT;WESTERN MEDAN;LGS;AOi12602200549060625744d0;0;Anomaly;
202604;AREA 3;JATIM;SURABAYA;RKT;AOi4260216071309600437a50;0;Anomaly;
202604;AREA 3;JATIM;SURABAYA;KML;AOi4260213120314357763230;0;Anomaly;
202604;AREA 3;JATIM;SURABAYA;BKL;AOi426021507495276237a880;0;Anomaly;
202604;AREA 3;JATIM;SURABAYA;BKL;AOi4260225072239675494060;0;Anomaly;
202604;AREA 1;SUMBAGSEL;PANGKAL PINANG;JBS;AOi4260210111809737ce1590;0;Anomaly;
202604;AREA 1;SUMBAGUT;WESTERN MEDAN;LSM;AOi426021409274716279ae80;0;Anomaly;
202604;AREA 4;SULAWESI;MANADO;PIK;AOi1260215021844957e6e940;0;Anomaly;
202604;AREA 3;BALI NUSRA;DENPASAR;BNO;AOi1260221014044717f3bd60;0;Anomaly;
202604;AREA 2;EASTERN JABOTABEK;BOGOR;DMG;AOi426021508515151209fa00;0;Anomaly;
202604;AREA 1;SUMBAGUT;BANDA ACEH;GEU;AOi4260218013554133324560;0;Anomaly;
202604;AREA 1;SUMBAGSEL;JAMBI;PAP;AOi4260226090253096c0f870;0;Anomaly;
202604;AREA 1;SUMBAGUT;BANDA ACEH;LOA;AOi4260207034527295e64f90;0;Anomaly;
202604;AREA 2;JABAR;BANDUNG;GGK;AOs3260228042023517d59890;0;Anomaly;
202604;AREA 2;JABAR;TASIKMALAYA;CMS;AOk426022008305668774e300;0;Anomaly;
202604;AREA 2;JABAR;CIREBON;PRD;AOi4260219073712061daa7c0;0;Anomaly;
202604;AREA 1;SUMBAGUT;CENTRAL MEDAN;CTD;AOi42602141202023361aa4f0;0;Anomaly;
202604;AREA 1;SUMBAGUT;WESTERN MEDAN;LSM;AOi426021409274716279ae80;0;Anomaly;
202604;AREA 2;JABAR;TASIKMALAYA;MLB;AOi4260213125957824544990;0;Anomaly;
202604;AREA 3;JATENG-DIY;SEMARANG;KDL;AOi42602260640503444b7650;0;Comply;-162,58
202604;AREA 1;SUMBAGUT;CENTRAL MEDAN;TTG;AOi426022403435781235e240;0;Anomaly;
202604;AREA 1;SUMBAGUT;WESTERN MEDAN;LGS;AOs32602020416129893b5bb0;0;Anomaly;
202604;AREA 2;CENTRAL JABOTABEK;SOUTHERN JAKARTA;KLD;AOk42602261103420289c56f0;0;Anomaly;
202604;AREA 3;JATIM;MADIUN;PON;AOi4260220021340260623ea0;0;Anomaly;
202604;AREA 4;MALUKU DAN PAPUA;JAYAPURA;ABE;AOi42602250943246387add40;0;Anomaly;
202604;AREA 4;MALUKU DAN PAPUA;JAYAPURA;SNI;AOi1260204101756663628af0;0;Anomaly;
202604;AREA 3;JATIM;SURABAYA;MYR;AOb02602040604559757a67a0;0;Anomaly;
202604;AREA 2;JABAR;CIREBON;CBN;AOi426021210101243460d3a0;0;Anomaly;
202604;AREA 2;WESTERN JABOTABEK;TANGERANG;TAN;AOb026020311244444014ebd0;0;Anomaly;
202604;AREA 3;JATIM;SURABAYA;MGO;AOi42602230341244054b1480;0;Anomaly;
202604;AREA 3;JATIM;SIDOARJO;NGI;AOi4260225040820012b9faf0;0;Comply;0,71
202604;AREA 3;JATENG-DIY;MAGELANG;PWJ;AOi42602020243221734bd1b0;0;Comply;-19,72
202604;AREA 1;SUMBAGUT;CENTRAL MEDAN;TJR;AOk426020409435582092a290;0;Comply;-3,53
202604;AREA 3;JATIM;JEMBER;JER;AOi42602160208421046d18c0;0;Comply;0,41
202604;AREA 4;SULAWESI;MAKASSAR;SUG;AOk4260211113220651b0c1f0;0;Anomaly;
202604;AREA 4;KALIMANTAN;BALIKPAPAN;KTB;AOi42602050726572549b0b20;0;Anomaly;
202604;AREA 4;KALIMANTAN;PANGKALAN BUN;HNU;AOi42602170336120100edbb0;0;Anomaly;
202604;AREA 1;SUMBAGUT;WESTERN MEDAN;KSG;AOi426020506252038669ab80;0;Anomaly;
202604;AREA 3;JATIM;SIDOARJO;KRN;AOi42602140723244487bdaf0;0;Comply;-0,37
202604;AREA 3;JATIM;MADIUN;PNZ;AOk42602101115372707fe210;0;Comply;-1,73
202604;AREA 3;JATENG-DIY;PURWOKERTO;AJB;AOi4260204075138482bfdca0;0;Anomaly;
202604;AREA 4;MALUKU DAN PAPUA;JAYAPURA;JPB;AOi4260214071143021d45ab0;0;Comply;-1,70
202604;AREA 4;KALIMANTAN;BANJARMASIN;BJM;AOi4260215121023887e213b0;0;Anomaly;
202604;AREA 3;JATIM;SURABAYA;SMP;AOi426021412130344027f6a0;0;Comply;-74,04
202604;AREA 3;JATENG-DIY;YOGYAKARTA;KEN;AOi42602250251339018910d0;0;Anomaly;
202604;AREA 3;JATENG-DIY;SURAKARTA;KRT;AOi126022109222240881b190;0;Anomaly;
202604;AREA 1;SUMBAGSEL;PANGKAL PINANG;BYU;AOi4260209015843057c5ccb0;0;Comply;-2,05
202604;AREA 3;BALI NUSRA;MATARAM;SGG;AOi4260203123036189b68c00;0;Anomaly;
202604;AREA 3;BALI NUSRA;DENPASAR;KLM;AOi42602060547360213d9b80;0;Anomaly;
202604;AREA 3;JATIM;SURABAYA;DMO;AOi42602181209459769681a0;0;Anomaly;
202604;AREA 1;SUMBAGUT;PADANG SIDEMPUAN;TRT;AOi4260218112428252761c90;0;Anomaly;
202604;AREA 3;JATENG-DIY;SEMARANG;MJP;AOi42602230542536011df5c0;0;Anomaly;
202604;AREA 3;JATENG-DIY;SURAKARTA;KRT;AOs3260209073621100555490;0;Anomaly;
202604;AREA 1;SUMBAGSEL;BENGKULU;BNC;AOk4260225011452077876b20;0;Anomaly;
202604;AREA 1;SUMBAGUT;WESTERN MEDAN;KSG;AOi4260213115336427cfad90;0;Anomaly;
202604;AREA 1;SUMBAGUT;CENTRAL MEDAN;TMU;AOi42602230544166459183d0;0;Anomaly;
202604;AREA 3;BALI NUSRA;MATARAM;MTR;AOk42602030235536983d2610;0;Anomaly;
202604;AREA 2;WESTERN JABOTABEK;TANGERANG;TAN;AOs32602050942536474dfb90;0;Comply;-14,76
202604;AREA 1;SUMBAGUT;CENTRAL MEDAN;TJR;AOi4260211112834219cede40;0;Anomaly;
202604;AREA 1;SUMBAGUT;BANDA ACEH;JRM;AOi42602011203157185f4b30;0;Anomaly;
202604;AREA 1;SUMBAGTENG;PEKANBARU;SYA;AOk4260207020740837ea53d0;0;Anomaly;
202604;AREA 4;MALUKU DAN PAPUA;SORONG;SON;AOi1260223051902690bfa920;0;Anomaly;
202604;AREA 1;SUMBAGUT;PEMATANG SIANTAR;TGD;AOi426020111494125042a070;0;Anomaly;
202604;AREA 1;SUMBAGUT;BANDA ACEH;SGI;AOi426020812474431897e8e0;0;Comply;-87,74
202604;AREA 3;BALI NUSRA;DENPASAR;SWI;AOs3260223090433752b123c0;0;Anomaly;
202604;AREA 1;SUMBAGTENG;PEKANBARU;BKR;AOi4260224104732587204c30;0;Anomaly;
202604;AREA 3;BALI NUSRA;KUPANG;KPN;AOi42601300733421378fca30;0;Anomaly;
202604;AREA 2;WESTERN JABOTABEK;TANGERANG;CLD;AOs3260220082243439ed61a0;0;Anomaly;
202604;AREA 3;BALI NUSRA;MATARAM;TLW;AOi42602250310001801ef060;0;Anomaly;
202604;AREA 3;JATIM;MADIUN;PPR;AOi4260212104756532b57760;0;Comply;-20,65
202604;AREA 2;EASTERN JABOTABEK;BEKASI;KRA;AOi42602270135588367b7820;0;Anomaly;
202604;AREA 2;EASTERN JABOTABEK;BOGOR;PMU;AOb0260224020255669010690;0;Comply;-16,27
202604;AREA 3;BALI NUSRA;MATARAM;BIM;AOi42602130129250208cd430;0;Anomaly;
202604;AREA 1;SUMBAGSEL;PALEMBANG;PGC;AOi126020208475230759e710;0;Anomaly;
202604;AREA 4;KALIMANTAN;SAMARINDA;SBR;AOi4260208114746825e941b0;0;Anomaly;
202604;AREA 4;SULAWESI;PALU;PLA;AOi4260202024721007608260;0;Anomaly;
202604;AREA 1;SUMBAGSEL;PALEMBANG;BKS;AOi42602010515167147cabe0;0;Anomaly;
202604;AREA 1;SUMBAGSEL;BENGKULU;BNC;AOs32602041006210041c3020;0;Anomaly;
202604;AREA 2;JABAR;CIREBON;PRD;AOi42602041053427706d46a0;0;Anomaly;
202604;AREA 3;JATIM;JEMBER;JER;AOk4260203102557833379d90;0;Anomaly;
202604;AREA 4;SULAWESI;PALU;PLA;AOi42602110459192555ed360;0;Anomaly;
202604;AREA 2;JABAR;CIREBON;PTR;AOi4260221120249925effaa0;0;Anomaly;
202604;AREA 1;SUMBAGSEL;PANGKAL PINANG;MTK;AOi4260227043825226d5cab0;0;Not Comply;17,46
202604;AREA 1;SUMBAGUT;BANDA ACEH;BIR;AOi4260130120051033bcd350;0;Anomaly;
202604;AREA 3;JATIM;SURABAYA;MGO;AOi42602160723253931f1e30;0;Not Comply;5,62
202604;AREA 1;SUMBAGUT;PADANG SIDEMPUAN;PSP;AOi42602191254267252eb4f0;0;Anomaly;
202604;AREA 1;SUMBAGUT;BANDA ACEH;BNN;AOi42601310512459244726a0;0;Anomaly;
202604;AREA 1;SUMBAGUT;PADANG SIDEMPUAN;PND;AOi42602061134171691fa9a0;0;Anomaly;
202604;AREA 3;JATENG-DIY;SURAKARTA;KRT;AOs3260220105934123837530;0;Comply;0,98
202604;AREA 4;KALIMANTAN;PALANGKARAYA;KKN;AOi4260201020303138c63160;0;Anomaly;
202604;AREA 1;SUMBAGUT;CENTRAL MEDAN;PDB;AOi426021307483213140dba0;0;Anomaly;
202604;AREA 1;SUMBAGUT;WESTERN MEDAN;TJP;AOi426020407443028482c2a0;0;Anomaly;
202604;AREA 2;JABAR;BANDUNG;UBR;AOi4260201032714687cdf100;0;Comply;-23,79
202604;AREA 3;BALI NUSRA;DENPASAR;UBN;AOi4260215022056980cdf110;0;Anomaly;
202604;AREA 1;SUMBAGUT;BANDA ACEH;LTM;AOi4260204122606546b35090;0;Anomaly;
202604;AREA 3;BALI NUSRA;FLORES;BJW;AOi4260205092653245b08d30;0;Anomaly;
202604;AREA 4;SULAWESI;PARE-PARE;MAS;AOi426020206335909016c730;0;Anomaly;
202604;AREA 1;SUMBAGUT;PEMATANG SIANTAR;BLG;AOi4260223054434099700cd0;0;Anomaly;
202604;AREA 3;BALI NUSRA;MATARAM;BIM;AOi4260218054141734489730;0;Anomaly;
202604;AREA 1;SUMBAGUT;BANDA ACEH;BPD;AOi426020704051833843d8e0;0;Anomaly;
202604;AREA 1;SUMBAGSEL;PALEMBANG;PBM;AOi4260217084509021676250;0;Comply;-4,43
202604;AREA 2;JABAR;SOREANG;RGA;AOi426020108452610085b390;0;Anomaly;
202604;AREA 3;JATIM;LAMONGAN;BJN;AOi4260215085027727fa3370;0;Anomaly;
202604;AREA 1;SUMBAGSEL;PANGKAL PINANG;PGP;AOi426022110300615219aeb0;0;Anomaly;
202604;AREA 2;EASTERN JABOTABEK;BEKASI;CSL;AOi42602240927504330514b0;0;Anomaly;
202604;AREA 4;SULAWESI;PARE-PARE;PKA;AOi4260216032152374cf8c00;0;Anomaly;
202604;AREA 4;KALIMANTAN;PONTIANAK;SRY;AOi42602060718047769687e0;0;Comply;-3,49
202604;AREA 3;JATIM;SIDOARJO;SDA;AOi42602150215157436085e0;0;Anomaly;
202604;AREA 3;JATENG-DIY;PEKALONGAN;CMA;AOi4260217031342281965b40;0;Anomaly;
202604;AREA 3;JATIM;SURABAYA;KLN;AOi42602210830410629759d0;0;Anomaly;
202604;AREA 2;JABAR;CIREBON;JBN;AOi426021009301856404ab10;0;Anomaly;
202604;AREA 4;SULAWESI;PALU;PLB;AOi4260221111739609a25be0;0;Anomaly;
202604;AREA 2;CENTRAL JABOTABEK;SOUTHERN JAKARTA;PSM;AOi4260130104925034d76a70;0;Comply;-41,87
202604;AREA 2;JABAR;CIREBON;AWN;AOs3260223093112302b5f2f0;0;Anomaly;
202604;AREA 1;SUMBAGUT;WESTERN MEDAN;LGS;AOi4260222041858130334330;0;Anomaly;
202604;AREA 3;JATENG-DIY;PEKALONGAN;BBT;AOi4260226093402886e0f6b0;0;Anomaly;
202604;AREA 4;SULAWESI;PALU;PLA;PDAk426020607351203690bfd0;0;Anomaly;
202604;AREA 2;CENTRAL JABOTABEK;SOUTHERN JAKARTA;PDK;AOi4260212025737722f148d0;0;Comply;-43,39
202604;AREA 1;SUMBAGUT;BANDA ACEH;MRU;AOi4260223122958832c49080;0;Anomaly;
202604;AREA 3;JATIM;SIDOARJO;GDA;AOs3260204083250840c51de0;0;Comply;-37,39
202604;AREA 1;SUMBAGTENG;BUKIT TINGGI;BKT;AOi42602260217095272df340;0;Anomaly;
202604;AREA 2;EASTERN JABOTABEK;BOGOR;DMG;AOi426020811262525907b660;0;Comply;-19,24
202604;AREA 1;SUMBAGSEL;LAMPUNG;BKM;AOi426022112142838018a700;0;Anomaly;
202604;AREA 3;JATENG-DIY;PURWOKERTO;BJR;AOk4260226032909171addc70;0;Anomaly;
202604;AREA 1;SUMBAGUT;PEMATANG SIANTAR;LBK;AOi426020903314745999f7c0;0;Anomaly;
202604;AREA 4;SULAWESI;MANADO;BAH;AOi4260219064356932d946c0;0;Anomaly;
202604;AREA 3;BALI NUSRA;DENPASAR;GIN;AOi4260223080042079ebeb30;0;Anomaly;
202604;AREA 3;JATIM;SIDOARJO;GDA;AOi426021107571837309a5b0;0;Comply;-13,37
202604;AREA 1;SUMBAGTENG;BUKIT TINGGI;PPJ;AOk42602250229372696968e0;0;Anomaly;
202604;AREA 2;EASTERN JABOTABEK;BOGOR;CBI;AOi42602071102023928df410;0;Comply;-17,11
202604;AREA 3;BALI NUSRA;DENPASAR;BNO;AOi4260227075939740baf740;0;Anomaly;
202604;AREA 1;SUMBAGTENG;BATAM;BTC;AOk42602120239437062d0810;0;Anomaly;
202604;AREA 1;SUMBAGTENG;PADANG;ALH;AOi42602070736094718952d0;0;Anomaly;
202604;AREA 3;JATIM;LAMONGAN;KDE;AOi4260201090745408f93dc0;0;Comply;-22,09
202604;AREA 3;BALI NUSRA;DENPASAR;SRR;AOi42602201247584185d1250;0;Anomaly;
202604;AREA 3;BALI NUSRA;DENPASAR;SWI;AOb0260204082754514c57d20;0;Anomaly;
202604;AREA 2;EASTERN JABOTABEK;BOGOR;TJO;AOi4260213032350401da45f0;0;Anomaly;
202604;AREA 3;BALI NUSRA;DENPASAR;GIN;AOi4260225094755267e68610;0;Anomaly;
202604;AREA 1;SUMBAGUT;BANDA ACEH;MBO;AOi4260212095719555801610;0;Anomaly;
202604;AREA 3;JATIM;SURABAYA;KPS;AOi42602061257116015ee0f0;0;Anomaly;
202604;AREA 3;BALI NUSRA;DENPASAR;SGR;AOi42602211129455463c1710;0;Anomaly;
202604;AREA 2;JABAR;TASIKMALAYA;CKJ;AOi426020712140251873d9b0;0;Anomaly;
202604;AREA 1;SUMBAGSEL;BENGKULU;KPH;AOi42602110257499896eb0d0;0;Anomaly;
202604;AREA 3;JATENG-DIY;MAGELANG;MUN;AOi42602230650248036923f0;0;Anomaly;
202604;AREA 1;SUMBAGUT;WESTERN MEDAN;KSG;AOi42602070229380953e0a10;0;Anomaly;
202604;AREA 1;SUMBAGUT;PEMATANG SIANTAR;LBK;AOi42602140118229204a3d00;0;Anomaly;
202604;AREA 1;SUMBAGUT;CENTRAL MEDAN;TTG;AOi42602271218562303bcb10;0;Anomaly;
202604;AREA 2;JABAR;BANDUNG;BDK;AOs326022603201993360d200;0;Comply;-0,77
202604;AREA 4;SULAWESI;BONE;SIN;AOi4260211020938796d61370;0;Anomaly;
202604;AREA 4;KALIMANTAN;BALIKPAPAN;GSA;PDAk4260213081307493c44010;0;Comply;-21,98
202604;AREA 3;BALI NUSRA;MATARAM;SBW;AOi4260208073519867c89720;0;Anomaly;
202604;AREA 3;BALI NUSRA;MATARAM;PRY;AOi426021411535862779efe0;0;Anomaly;
202604;AREA 3;BALI NUSRA;DENPASAR;KUT;AOi42602240355253722aed80;0;Anomaly;
202604;AREA 1;SUMBAGSEL;LAMPUNG;KBI;AOi4260204010639376a5e650;0;Anomaly;
202604;AREA 2;WESTERN JABOTABEK;SERANG;CLG;AOi1260202042027977f2bac0;0;Comply;-5,05
202604;AREA 4;KALIMANTAN;PONTIANAK;SPY;AOi4260215082744523acc970;0;Anomaly;
202604;AREA 4;KALIMANTAN;SAMARINDA;SMR;PDAk42601300624025552ae670;0;Anomaly;
202604;AREA 2;CENTRAL JABOTABEK;NORTHERN JAKARTA;MKR;AOi426020612130996006b390;0;Comply;-22,92
202604;AREA 1;SUMBAGTENG;BUKIT TINGGI;KMN;AOi4260219121403222f916c0;0;Anomaly;
202604;AREA 3;JATIM;MALANG;LDY;AOi42602020703193565b4d20;0;Comply;-41,10
202604;AREA 2;JABAR;SOREANG;CKI;AOi4260219085517987040310;0;Anomaly;
202604;AREA 3;BALI NUSRA;FLORES;MMR;AOi4260206085935519cac6e0;0;Anomaly;
202604;AREA 4;SULAWESI;PALU;TNB;AOi426021602041897442e340;0;Anomaly;
202604;AREA 3;JATENG-DIY;SURAKARTA;PWB;AOi4260201111427794e63150;0;Anomaly;
202604;AREA 3;JATENG-DIY;YOGYAKARTA;PGR;AOi4260202052843698e718d0;0;Anomaly;
202604;AREA 4;KALIMANTAN;PONTIANAK;ANJ;AOi4260212084120101abcd30;0;Anomaly;
202604;AREA 1;SUMBAGUT;BANDA ACEH;BNA;AOi4260207081656537b5f3b0;0;Anomaly;
202604;AREA 3;JATENG-DIY;PEKALONGAN;KDW;AOi4260202102124563cb70f0;0;Anomaly;
202604;AREA 1;SUMBAGUT;PADANG SIDEMPUAN;SBG;AOi426020502193612192fe50;0;Anomaly;
202604;AREA 1;SUMBAGUT;RANTAU PRAPAT;KPI;AOi4260205095656746f573d0;0;Anomaly;
202604;AREA 1;SUMBAGUT;RANTAU PRAPAT;ANP;AOi42602100357319157409b0;0;Anomaly;
202604;AREA 2;JABAR;TASIKMALAYA;PAX;AOi42602081111551168183b0;0;Anomaly;
202604;AREA 2;JABAR;BANDUNG;HGM;AOk42602270404512119c2c80;0;Anomaly;
202604;AREA 3;BALI NUSRA;MATARAM;MTR;AOi4260131105718771a70ae0;0;Anomaly;
202604;AREA 3;BALI NUSRA;DENPASAR;SWI;AOi4260220032540722ab2310;0;Anomaly;
202604;AREA 1;SUMBAGTENG;BATAM;LBJ;AOi426022510431654215ac10;0;Anomaly;
202604;AREA 2;JABAR;BANDUNG;NJG;AOi4260216074659849adb0c0;0;Not Comply;26,96
202604;AREA 3;JATENG-DIY;SURAKARTA;KRT;AOk426021811205162484f270;0;Comply;-15,04
202604;AREA 3;BALI NUSRA;MATARAM;SGG;AOi4260212122519863d3c2b0;0;Anomaly;-165,10
202604;AREA 4;MALUKU DAN PAPUA;AMBON;DOB;AOk426021109441448223ab50;0;Comply;-20,78
202604;AREA 3;BALI NUSRA;MATARAM;SBW;AOi42602240319185234deda0;0;Comply;-47,93
202604;AREA 1;SUMBAGUT;BANDA ACEH;SGI;AOi426020812474431897e8e0;0;Anomaly;
202604;AREA 2;JABAR;CIREBON;PAB;AOi4260202014458409e88b60;0;Anomaly;
202604;AREA 4;SULAWESI;GORONTALO;LBT;AOi42602040844258455c2b80;0;Anomaly;
202604;AREA 3;JATIM;SURABAYA;KJR;AOi42602111058466395a2c70;0;Anomaly;
202604;AREA 2;EASTERN JABOTABEK;KARAWANG;MGB;AOi4260127120056387ec67d0;0;Anomaly;
202604;AREA 3;JATIM;SURABAYA;SMP;AOi42602180840307218000e0;0;Anomaly;
202604;AREA 2;JABAR;BANDUNG;TLE;AOi42602160118186555e2120;0;Anomaly;
202604;AREA 1;SUMBAGSEL;PANGKAL PINANG;MTK;AOi4260227031604624544da0;0;Not Comply;67,49
202604;AREA 4;SULAWESI;MANADO;AMR;AOi42602240923360758a3300;0;Comply;0,26
202604;AREA 4;KALIMANTAN;BALIKPAPAN;BRU;AOi4260216044728629eb6990;0;Anomaly;
202604;AREA 3;JATIM;SURABAYA;PME;AOi4260211090210941c211e0;0;Anomaly;
202604;AREA 2;JABAR;TASIKMALAYA;CMS;AOi12602060441142106c5060;0;Anomaly;
202604;AREA 2;EASTERN JABOTABEK;KARAWANG;TLJ;AOs3260223094645960ca66c0;0;Anomaly;
202604;AREA 3;JATIM;JEMBER;RGJ;AOi4260226053546585776d70;0;Comply;-2,05
202604;AREA 3;JATENG-DIY;PURWOKERTO;GML;AOi4260211084156081a553b0;0;Anomaly;
202604;AREA 3;BALI NUSRA;KUPANG;TNA;AOi42602110617555156bd150;0;Anomaly;
202604;AREA 4;SULAWESI;KENDARI;MDG;AOi42602250916343945eac30;0;Anomaly;
202604;AREA 3;BALI NUSRA;KUPANG;OSP;AOi4260212051852300f5bf50;0;Anomaly;
202604;AREA 3;JATENG-DIY;PEKALONGAN;PKL;AOi4260203040712390695fb0;0;Anomaly;
202604;AREA 2;JABAR;TASIKMALAYA;SPA;AOi4260209105024708fcd060;0;Comply;-23,41
202604;AREA 4;KALIMANTAN;BANJARMASIN;BBR;AOi4260227101556845aed1e0;0;Anomaly;
202604;AREA 3;BALI NUSRA;MATARAM;SIL;AOi426022611290751710d950;0;Anomaly;
202604;AREA 1;SUMBAGUT;BANDA ACEH;MBO;AOi42602100854178024dc480;0;Anomaly;
202604;AREA 3;JATIM;SIDOARJO;PSN;AOk42602060931232376e2840;0;Anomaly;
202604;AREA 3;BALI NUSRA;DENPASAR;SAU;AOi1260221023502437ee4670;0;Anomaly;
202604;AREA 4;SULAWESI;PARE-PARE;MAS;AOi426020206335909016c730;0;Anomaly;
202604;AREA 4;MALUKU DAN PAPUA;SORONG;FFA;AOs32602090126599091a92f0;0;Anomaly;
202604;AREA 1;SUMBAGTENG;BUKIT TINGGI;PDJ;AOi4260212084437223970850;0;Anomaly;
202604;AREA 3;JATIM;SIDOARJO;GDA;AOi426020411340199548ca70;0;Comply;-4,38
202604;AREA 1;SUMBAGSEL;BENGKULU;LLG;AOi4260220052842777dab0c0;0;Anomaly;
202604;AREA 4;SULAWESI;MAKASSAR;PNK;AOi4260214101206224320f00;0;Anomaly;
202604;AREA 4;KALIMANTAN;PONTIANAK;SRY;AOi4260221105516740566000;0;Anomaly;
202604;AREA 3;JATENG-DIY;SEMARANG;SMC;AOi4260210075918637282820;0;Anomaly;
202604;AREA 1;SUMBAGUT;BANDA ACEH;MGD;AOi4260217051457965a2c9e0;0;Anomaly;
202604;AREA 1;SUMBAGUT;BANDA ACEH;LNO;AOi42602021008355966123b0;0;Anomaly;
202604;AREA 1;SUMBAGTENG;BATAM;BTC;AOi4260203060343444878d50;0;Anomaly;
202604;AREA 1;SUMBAGTENG;BATAM;LBJ;AOi4260202050350364bd5100;0;Anomaly;
202604;AREA 1;SUMBAGSEL;BENGKULU;BTH;AOi4260214011201915a2a250;0;Anomaly;
202604;AREA 2;JABAR;CIREBON;PRD;AOi426022610151756846ff10;0;Anomaly;
202604;AREA 1;SUMBAGUT;WESTERN MEDAN;PGL;AOi42602070300443408f2010;0;Anomaly;
202604;AREA 2;CENTRAL JABOTABEK;SOUTHERN JAKARTA;CPE;AOs32602060934209866a8520;0;Anomaly;
202604;AREA 2;WESTERN JABOTABEK;SERANG;CRS;AOi4260202052956025c3b510;0;Comply;-1,90
202604;AREA 4;KALIMANTAN;PANGKALAN BUN;KKU;AOi4260221103219590de03b0;0;Anomaly;
202604;AREA 3;BALI NUSRA;KUPANG;ATB;AOi42602190554173640ea1a0;0;Anomaly;
202604;AREA 1;SUMBAGTENG;BATAM;LBJ;AOi42602230359422002cbb40;0;Anomaly;
202604;AREA 2;JABAR;CIREBON;IMY;AOi4260222034513123be7f60;0;Anomaly;
202604;AREA 3;JATIM;MALANG;BLB;AOi4260223125502391f285d0;0;Anomaly;
202604;AREA 3;JATENG-DIY;SURAKARTA;SKH;AOi4260226125903361ba58d0;0;Comply;-19,26
202604;AREA 2;EASTERN JABOTABEK;BOGOR;PAR;AOi12602020513470042a9380;0;Anomaly;
202604;AREA 3;BALI NUSRA;DENPASAR;NSD;AOs32602210442573387c4920;0;Anomaly;
202604;AREA 1;SUMBAGSEL;BENGKULU;BNC;AOi4260211083636004817580;0;Anomaly;
202604;AREA 3;JATENG-DIY;YOGYAKARTA;KBU;AOi42602050131316364b91b0;0;Anomaly;
202604;AREA 2;JABAR;TASIKMALAYA;GRU;AOk4260219113645383a0baa0;0;Anomaly;
202604;AREA 2;JABAR;BANDUNG;CKW;AOi426021312240686841e1f0;0;Anomaly;
202604;AREA 1;SUMBAGUT;BANDA ACEH;SKL;AOi42602240857203538b18c0;0;Anomaly;
202604;AREA 3;JATENG-DIY;PEKALONGAN;PBG;AOi4260201010004831b6e750;0;Anomaly;
202604;AREA 2;EASTERN JABOTABEK;KARAWANG;TLJ;AOi42602171144403913dc8e0;0;Anomaly;
202604;AREA 2;EASTERN JABOTABEK;BEKASI;KRA;AOb0260216012642534307980;0;Comply;-22,22
202604;AREA 4;SULAWESI;MAKASSAR;MAT;AOi42601290108294651df340;0;Anomaly;
202604;AREA 4;KALIMANTAN;PONTIANAK;PTK;AOi426021809573770641fb00;0;Anomaly;
202604;AREA 2;EASTERN JABOTABEK;BEKASI;DEP;AOi4260220083343126873fd0;0;Anomaly;
202604;AREA 4;KALIMANTAN;PANGKALAN BUN;PBU;AOi42602181212048582112e0;0;Anomaly;
202604;AREA 3;JATIM;SIDOARJO;SPJ;AOi42602190957246140d8b50;0;Anomaly;
202604;AREA 1;SUMBAGSEL;PALEMBANG;SGB;AOi4260205011918343b32550;0;Anomaly;
202604;AREA 2;JABAR;BANDUNG;RJW;AOi4260224014605481b57130;0;Anomaly;
202604;AREA 3;JATIM;SURABAYA;KJR;AOi4260219120448923a97980;0;Anomaly;
202604;AREA 3;BALI NUSRA;KUPANG;KEF;AOi426021608320136461af90;0;Anomaly;
202604;AREA 1;SUMBAGSEL;BENGKULU;TIS;AOi4260207084145460af46c0;0;Anomaly;
202604;AREA 2;CENTRAL JABOTABEK;SOUTHERN JAKARTA;CPE;AOi4260201075609253973220;0;Anomaly;
202604;AREA 1;SUMBAGTENG;BUKIT TINGGI;ABG;AOi426021510171670117f120;0;Anomaly;
202604;AREA 3;BALI NUSRA;DENPASAR;KLM;AOi4260202124732326a12e40;0;Anomaly;
202604;AREA 1;SUMBAGUT;BANDA ACEH;LBR;AOi4260226045543169db92e0;0;Anomaly;
202604;AREA 2;JABAR;BANDUNG;PDL;AOi42602050903390373bc3e0;0;Anomaly;
202604;AREA 1;SUMBAGTENG;BUKIT TINGGI;ABG;AOi4260220035547322eeed40;0;Anomaly;
202604;AREA 1;SUMBAGTENG;PADANG;ALH;AOi4260217052035145f13c60;0;Anomaly;
202604;AREA 3;BALI NUSRA;FLORES;MMR;AOi4260206012236178107700;0;Anomaly;
202604;AREA 1;SUMBAGSEL;PALEMBANG;SBU;AOi426020408242592800dd40;0;Anomaly;
202604;AREA 4;KALIMANTAN;PONTIANAK;TBA;AOi4260211035951268a166f0;0;Anomaly;
202604;AREA 4;KALIMANTAN;PANGKALAN BUN;KTP;AOi4260203022337987fdac30;0;Anomaly;
202604;AREA 2;CENTRAL JABOTABEK;SOUTHERN JAKARTA;KLD;AOk4260218083929974a2fb80;0;Comply;-1,51
202604;AREA 4;SULAWESI;KENDARI;BBU;AOi4260221043812382c1c3d0;0;Anomaly;
202604;AREA 3;JATIM;JEMBER;KPP;AOi4260220094521576b6dff0;0;Anomaly;
202604;AREA 4;KALIMANTAN;SAMARINDA;SEM;AOi1260131075556619d82ca0;0;Comply;-1,55
202604;AREA 3;BALI NUSRA;DENPASAR;SAU;AOi4260213023330671940b30;0;Anomaly;
202604;AREA 1;SUMBAGSEL;PALEMBANG;PBM;AOk42602060504216221ad360;0;Comply;1,08
202604;AREA 3;JATIM;SURABAYA;TNS;AOi4260206125925246a2a350;0;Anomaly;
202604;AREA 2;JABAR;BANDUNG;UBR;AOi12602251144562762a0540;0;Comply;-26,98
202604;AREA 4;SULAWESI;MAKASSAR;PNK;AOi426021804303146020c3a0;0;Anomaly;
202604;AREA 1;SUMBAGTENG;PEKANBARU;PWG;AOi42602140712103653df980;0;Anomaly;
202604;AREA 3;JATIM;SURABAYA;IJK;AOi4260210094425456f02550;0;Anomaly;
202604;AREA 1;SUMBAGTENG;BATAM;SLU;AOi4260221125338726a83190;0;Anomaly;
202604;AREA 1;SUMBAGTENG;BATAM;SLU;AOi4260213015549710d7b890;0;Anomaly;
202604;AREA 1;SUMBAGUT;WESTERN MEDAN;IDI;AOi4260202090202023308b20;0;Anomaly;
202604;AREA 2;JABAR;SOREANG;CCL;AOi4260225044643468398980;0;Comply;-18,91
202604;AREA 1;SUMBAGUT;WESTERN MEDAN;KSG;AOi4260213115336427cfad90;0;Anomaly;
202604;AREA 1;SUMBAGSEL;PANGKAL PINANG;TBI;AOi426021301063950127eb30;0;Anomaly;
202604;AREA 1;SUMBAGUT;PEMATANG SIANTAR;PMS;AOi1260207042312531022e80;0;Anomaly;
202604;AREA 3;JATIM;SIDOARJO;KRN;AOi4260203075806820884a20;0;Comply;-20,40
202604;AREA 3;JATIM;SURABAYA;LKI;AOi4260213031255385ba3a10;0;Anomaly;
202604;AREA 4;SULAWESI;MAKASSAR;MAT;AOi4260211090418111709ad0;0;Anomaly;
202604;AREA 3;JATIM;SIDOARJO;SDA;AOi4260222040805505345be0;0;Anomaly;
202604;AREA 1;SUMBAGSEL;JAMBI;MBN;AOi42602100905039363b5da0;0;Comply;-0,63
202604;AREA 1;SUMBAGSEL;PALEMBANG;MUD;AOb02602070225034349d4fe0;0;Anomaly;
202604;AREA 4;KALIMANTAN;BALIKPAPAN;SKU;AOi4260222012602958b29060;0;Anomaly;-23,22
202604;AREA 3;JATENG-DIY;PEKALONGAN;SBA;AOi426022108581154966eaa0;0;Anomaly;
202604;AREA 1;SUMBAGUT;WESTERN MEDAN;PBD;AOi4260210011812149d1b030;0;Anomaly;
202604;AREA 1;SUMBAGTENG;BUKIT TINGGI;PDJ;AOi4260224114407620cc5420;0;Anomaly;
202604;AREA 4;SULAWESI;MANADO;TNT;AOi126022305204734503e300;0;Anomaly;
202604;AREA 4;KALIMANTAN;PALANGKARAYA;KKP;AOi4260206080522075adcf40;0;Not Comply;27,09
202604;AREA 3;JATENG-DIY;PURWOKERTO;PWT;AOi4260212083506134454be0;0;Anomaly;
202604;AREA 1;SUMBAGUT;PADANG SIDEMPUAN;SBG;AOi4260219025050421c6c250;0;Anomaly;
202604;AREA 3;BALI NUSRA;KUPANG;KPN;AOi42602200220221719d8590;0;Anomaly;
202604;AREA 1;SUMBAGUT;RANTAU PRAPAT;RAP;AOi4260225013548191ba84c0;0;Anomaly;
202604;AREA 4;KALIMANTAN;BALIKPAPAN;BRU;AOi1260205011206961f4d150;0;Anomaly;
202604;AREA 3;JATIM;SURABAYA;BKL;AOk4260210122527040576ae0;0;Anomaly;
202604;AREA 2;EASTERN JABOTABEK;BEKASI;KRA;AOs3260201015919524743a70;0;Anomaly;
202604;AREA 3;JATENG-DIY;MAGELANG;KAK;AOi4260226050106330de98b0;0;Anomaly;
202604;AREA 1;SUMBAGTENG;BUKIT TINGGI;SIR;AOi4260205011752076d79f20;0;Anomaly;
202604;AREA 1;SUMBAGTENG;BUKIT TINGGI;PRS;AOi42602161253401800403e0;0;Anomaly;
202604;AREA 1;SUMBAGUT;BANDA ACEH;SAB;AOi426022112362453623c670;0;Anomaly;
202604;AREA 3;JATENG-DIY;SURAKARTA;KRT;AOi42602200829080598f95e0;0;Anomaly;
202604;AREA 4;KALIMANTAN;BANJARMASIN;GMB;AOi42602110427528360ca300;0;Anomaly;
202604;AREA 3;JATIM;SURABAYA;KML;AOi4260212020048108445cf0;0;Anomaly;
202604;AREA 1;SUMBAGSEL;PANGKAL PINANG;TBI;AOi4260225102225848296ea0;0;Anomaly;-1,45
202604;AREA 2;EASTERN JABOTABEK;BEKASI;PKY;AOi426022507521615547ff40;0;Anomaly;
202604;AREA 1;SUMBAGUT;CENTRAL MEDAN;LBP;AOi42602050752390864a85c0;0;Anomaly;
202604;AREA 3;JATIM;SIDOARJO;SDA;AOs3260201033124297d5d7b0;0;Anomaly;
202604;AREA 2;EASTERN JABOTABEK;BOGOR;SKB;AOi12602250825279846d9630;0;Comply;-22,49
202604;AREA 4;MALUKU DAN PAPUA;SORONG;MWR;AOi426020401133554942e440;0;Anomaly;
202604;AREA 4;SULAWESI;MANADO;TNT;AOi4260217012444773332160;0;Anomaly;
202604;AREA 1;SUMBAGTENG;PADANG;LIM;AOs3260131101838189330740;0;Anomaly;
202604;AREA 1;SUMBAGUT;CENTRAL MEDAN;LBP;AOi4260204122747570e558b0;0;Anomaly;
202604;AREA 4;KALIMANTAN;PONTIANAK;SDR;AOi4260208074431471e84650;0;Anomaly;
202604;AREA 3;JATIM;SURABAYA;SMP;AOi426022211283302464c9b0;0;Anomaly;
202604;AREA 3;BALI NUSRA;DENPASAR;KLM;AOs3260223055241064644cf0;0;Anomaly;
202604;AREA 2;CENTRAL JABOTABEK;NORTHERN JAKARTA;PDM;AOi42602100248431292c9e10;0;Comply;-14,16
202604;AREA 1;SUMBAGUT;CENTRAL MEDAN;CTD;AOi42602200211073936776a0;0;Anomaly;
202604;AREA 3;JATIM;SURABAYA;BKL;AOi4260214100337656855490;0;Anomaly;
202604;AREA 1;SUMBAGUT;RANTAU PRAPAT;RAP;AOi426020903191376457bef0;0;Anomaly;
202604;AREA 3;JATIM;SIDOARJO;SPJ;AOi4260215050110929150130;0;Anomaly;
202604;AREA 3;JATENG-DIY;SEMARANG;UNR;AOi4260212114825435ab4290;0;Anomaly;
202604;AREA 3;JATIM;SIDOARJO;SDN;AOi4260204121019712351f60;0;Anomaly;
202604;AREA 3;JATIM;SURABAYA;LKI;AOk4260223082142855fc36a0;0;Anomaly;
202604;AREA 1;SUMBAGUT;BANDA ACEH;KFR;AOi4260219122700493d31a60;0;Anomaly;
202604;AREA 1;SUMBAGUT;CENTRAL MEDAN;SPM;AOi42602161127493886c9690;0;Anomaly;
202604;AREA 1;SUMBAGSEL;JAMBI;BKO;AOi4260221081843248ebc120;0;Anomaly;
202604;AREA 3;JATIM;MALANG;BLB;AOi4260226124053089c9cec0;0;Comply;-19,16
202604;AREA 2;WESTERN JABOTABEK;TANGERANG;CLD;AOs3260226104635140e13fa0;0;Anomaly;
202604;AREA 3;JATENG-DIY;PEKALONGAN;PKL;AOi42602091048508142ca340;0;Anomaly;
202604;AREA 1;SUMBAGUT;BANDA ACEH;MRU;AOi4260210081609475183ab0;0;Anomaly;
202604;AREA 3;BALI NUSRA;DENPASAR;TBN;AOi4260224102502621095970;0;Anomaly;
202604;AREA 1;SUMBAGUT;CENTRAL MEDAN;GLG;AOk4260214084219333aa4ef0;0;Anomaly;
202604;AREA 3;BALI NUSRA;MATARAM;MTR;AOi4260206043914234795350;0;Anomaly;
202604;AREA 3;BALI NUSRA;KUPANG;OSP;AOi4260215082118868160ba0;0;Anomaly;
202604;AREA 3;JATIM;SURABAYA;IJK;AOi42602241225452615bbb90;0;Anomaly;
202604;AREA 2;JABAR;BANDUNG;HGM;AOk426022204544588423cb90;0;Comply;-19,13
202604;AREA 1;SUMBAGTENG;BUKIT TINGGI;PDJ;AOi42602110430044126d7d90;0;Anomaly;
202604;AREA 4;KALIMANTAN;BANJARMASIN;ULI;AOi4260214052541632b42750;0;Anomaly;
202604;AREA 4;SULAWESI;PARE-PARE;PLP;AOi426021908481028900cdc0;0;Anomaly;
202604;AREA 2;EASTERN JABOTABEK;BOGOR;CWI;AOs3260215121405659387400;0;Anomaly;
202604;AREA 2;JABAR;TASIKMALAYA;LAG;AOi426021212343989241be40;0;Comply;-22,55
202604;AREA 4;SULAWESI;GORONTALO;KWD;AOi426020602410018441a420;0;Anomaly;
202604;AREA 3;JATENG-DIY;MAGELANG;MUN;AOi42602031046377218f7d10;0;Anomaly;
202604;AREA 1;SUMBAGUT;BANDA ACEH;MBO;AOi4260216072816626c10100;0;Anomaly;
202604;AREA 2;JABAR;CIREBON;PMN;AOi4260216054556492df80f0;0;Anomaly;
202604;AREA 3;JATIM;SURABAYA;JGR;AOi4260227062047069778a10;0;Anomaly;
202604;AREA 2;JABAR;CIREBON;PAB;AOi4260214112406180746e60;0;Anomaly;
202604;AREA 4;KALIMANTAN;SAMARINDA;SEM;AOi4260208110431529a2a180;0;Anomaly;
202604;AREA 3;BALI NUSRA;DENPASAR;TOP;AOi426020511152578805d690;0;Anomaly;
202604;AREA 4;KALIMANTAN;PONTIANAK;STG;AOi4260203054252529d2bde0;0;Anomaly;
202604;AREA 2;CENTRAL JABOTABEK;SOUTHERN JAKARTA;JTN;AOs32602130530556346f7b50;0;Anomaly;
202604;AREA 3;JATENG-DIY;SURAKARTA;KLX;AOi4260130111245061f2f870;0;Anomaly;
202604;AREA 3;JATENG-DIY;PEKALONGAN;SLW;AOk42602031138593784a4df0;0;Anomaly;
202604;AREA 3;JATENG-DIY;SURAKARTA;PWB;AOi4260223053035739a87e70;0;Not Comply;147,28
202604;AREA 4;SULAWESI;MANADO;SFI;AOi1260214060101280d19fb0;0;Anomaly;
202604;AREA 2;JABAR;CIREBON;SUB;AOi42602131246117676af1b0;0;Anomaly;
202604;AREA 3;BALI NUSRA;DENPASAR;UBN;AOi4260221075440098e5b680;0;Anomaly;
202604;AREA 3;JATIM;SURABAYA;RKT;AOi42602060700084721b2b90;0;Comply;0,01
202604;AREA 4;KALIMANTAN;TARAKAN;TRK;AOi4260214061722896793a30;0;Anomaly;
202604;AREA 3;BALI NUSRA;FLORES;MMR;AOi42602171234357476de050;0;Comply;-69,39
202604;AREA 1;SUMBAGSEL;PALEMBANG;TAB;AOi426022502070603470ff90;0;Comply;-1,96
202604;AREA 3;JATIM;SURABAYA;BKL;AOi426022712352522232ed00;0;Anomaly;
202604;AREA 1;SUMBAGUT;RANTAU PRAPAT;NGB;AOi426020710525147957b050;0;Anomaly;
202604;AREA 2;WESTERN JABOTABEK;TANGERANG;CPD;AOi4260212125942576b67a30;0;Anomaly;
202604;AREA 1;SUMBAGTENG;BUKIT TINGGI;TAP;AOs3260217014355376e2e0a0;0;Anomaly;
202604;AREA 1;SUMBAGSEL;JAMBI;MBN;AOi4260204040321861723f00;0;Anomaly;
202604;AREA 3;JATIM;SIDOARJO;GDA;AOk426020708530429506b2f0;0;Anomaly;
202604;AREA 4;SULAWESI;MAKASSAR;SUG;AOi42602180828356862f8d30;0;Anomaly;
202604;AREA 1;SUMBAGTENG;BATAM;SLU;AOi42602090906219524b9840;0;Anomaly;
202604;AREA 1;SUMBAGUT;CENTRAL MEDAN;TTG;AOi4260224095000400b67be0;0;Anomaly;
202604;AREA 4;SULAWESI;MAKASSAR;SUG;AOi4260210102640368726a10;0;Anomaly;
202604;AREA 1;SUMBAGUT;PEMATANG SIANTAR;KBJ;AOi426021411483191438ea00;0;Comply;-20,48
202604;AREA 3;BALI NUSRA;FLORES;KLH;AOi42602050804441589faae0;0;Anomaly;
202604;AREA 3;JATENG-DIY;PEKALONGAN;PBG;AOi4260217110654269117480;0;Anomaly;
202604;AREA 1;SUMBAGUT;WESTERN MEDAN;LGS;AOi4260204032841377b0f4a0;0;Anomaly;
202604;AREA 1;SUMBAGSEL;PALEMBANG;KAG;AOi426020908435278259bfc0;0;Comply;-19,08
202604;AREA 3;BALI NUSRA;DENPASAR;UBU;AOi42602101217176816924e0;0;Anomaly;
202604;AREA 1;SUMBAGUT;CENTRAL MEDAN;PUB;AOk426021004491589390fbc0;0;Anomaly;
202604;AREA 1;SUMBAGUT;CENTRAL MEDAN;PUB;AOi42602100658256108a7d10;0;Anomaly;
202604;AREA 3;BALI NUSRA;DENPASAR;BTR;AOi42602050800032229c8f90;0;Anomaly;
202604;AREA 3;JATIM;SIDOARJO;WRU;AOi426021805414626897b540;0;Anomaly;
202604;AREA 2;CENTRAL JABOTABEK;SOUTHERN JAKARTA;CPE;AOi126022801273757610c970;0;Anomaly;
202604;AREA 3;JATENG-DIY;MAGELANG;KTW;AOi42602161118580696703a0;0;Comply;-18,55
202604;AREA 4;SULAWESI;MANADO;PIK;AOk426022103232753657e680;0;Anomaly;
202604;AREA 3;BALI NUSRA;DENPASAR;KLM;AOs3260223055241064644cf0;0;Anomaly;
202604;AREA 3;JATENG-DIY;PEKALONGAN;ADW;AOi4260131090708870a7ffe0;0;Anomaly;
202604;AREA 1;SUMBAGUT;WESTERN MEDAN;LGS;AOk4260219102229807fa5c00;0;Anomaly;
202604;AREA 3;JATENG-DIY;SEMARANG;JHR;AOi4260204095818737fc9bf0;0;Comply;-91,85
202604;AREA 1;SUMBAGTENG;BATAM;SLU;AOk4260125022010965e7f250;0;Anomaly;
202604;AREA 3;BALI NUSRA;DENPASAR;SWI;AOk426020509070840367dbf0;0;Anomaly;
202604;AREA 3;JATENG-DIY;SURAKARTA;BLO;AOi42602240844311491a8270;0;Anomaly;
202604;AREA 3;BALI NUSRA;MATARAM;SIL;AOi126021509511979970dd90;0;Anomaly;
202604;AREA 4;KALIMANTAN;PANGKALAN BUN;SAI;AOi42602070825347604e8760;0;Anomaly;
202604;AREA 1;SUMBAGUT;RANTAU PRAPAT;KIS;AOi42602280403217978e77f0;0;Anomaly;
202604;AREA 3;BALI NUSRA;DENPASAR;LVN;AOi426022405144665685b420;0;Comply;0,39
202604;AREA 2;CENTRAL JABOTABEK;SOUTHERN JAKARTA;KBY;AOi1260211052501234a404d0;0;Anomaly;
202604;AREA 2;EASTERN JABOTABEK;BOGOR;SKB;AOi4260220042138117d412b0;0;Comply;-19,18
202604;AREA 4;KALIMANTAN;BALIKPAPAN;SKU;AOi4260204084351420e4b9a0;0;Anomaly;
202604;AREA 3;BALI NUSRA;KUPANG;KPN;AOi426012903301863916faa0;0;Anomaly;
202604;AREA 4;KALIMANTAN;BALIKPAPAN;SEP;AOi42602260629039263c5f40;0;Anomaly;
202604;AREA 3;JATENG-DIY;SEMARANG;LSE;AOi426020603224863385b750;0;Comply;0,45
202604;AREA 4;MALUKU DAN PAPUA;AMBON;TUA;AOi4260205062514293927150;0;Anomaly;
202604;AREA 3;JATIM;SURABAYA;KPS;AOi4260208074204697ed9860;0;Comply;-25,48
202604;AREA 3;BALI NUSRA;KUPANG;KPN;AOi42602180932494285f0c10;0;Anomaly;
202604;AREA 1;SUMBAGUT;CENTRAL MEDAN;CTD;AOs3260220021421319cd1890;0;Anomaly;
202604;AREA 1;SUMBAGSEL;JAMBI;MND;AOk42602250932131563b3fb0;0;Not Comply;9,63
202604;AREA 1;SUMBAGUT;RANTAU PRAPAT;NGB;AOi4260204043302643119730;0;Anomaly;
202604;AREA 4;MALUKU DAN PAPUA;SORONG;SON;AOi4260202023831373e1cd00;0;Anomaly;
202604;AREA 3;BALI NUSRA;KUPANG;ATB;AOi4260225033404541216980;0;Anomaly;
202604;AREA 4;KALIMANTAN;PONTIANAK;SRD;AOi4260212072258064ac6630;0;Anomaly;
202604;AREA 2;JABAR;BANDUNG;RJW;AOs32602260714455833c57f0;0;Anomaly;
202604;AREA 1;SUMBAGUT;CENTRAL MEDAN;TJM;AOi42602040748345885700f0;0;Anomaly;
202604;AREA 2;CENTRAL JABOTABEK;SOUTHERN JAKARTA;JTN;AOs3260226023625907f01380;0;Anomaly;
202604;AREA 1;SUMBAGUT;BANDA ACEH;JRM;AOi4260201023116736365130;0;Anomaly;
202604;AREA 3;JATENG-DIY;PURWOKERTO;MAO;AOs3260214101559862b2ac60;0;Anomaly;
202604;AREA 3;JATIM;SIDOARJO;SDA;AOi4260211110009181ec14d0;0;Anomaly;
202604;AREA 2;EASTERN JABOTABEK;KARAWANG;RDK;AOi4260207092442241125a50;0;Comply;-10,23
202604;AREA 3;JATIM;SURABAYA;JGR;AOi4260223124713721dc9b10;0;Anomaly;
202604;AREA 4;KALIMANTAN;BANJARMASIN;LUL;AOi4260227101443329dd0460;0;Anomaly;
202604;AREA 1;SUMBAGSEL;BENGKULU;LHT;AOi426021912041365522e9b0;0;Anomaly;
202604;AREA 1;SUMBAGUT;PADANG SIDEMPUAN;SBG;AOi4260209021500994e59420;0;Anomaly;
202604;AREA 4;KALIMANTAN;PANGKALAN BUN;KTP;AOi42602231019318889ff160;0;Anomaly;
202604;AREA 3;BALI NUSRA;FLORES;RTE;AOi4260212112742874a018b0;0;Anomaly;
202604;AREA 3;JATIM;MALANG;TUL;AOi4260221093157009f73770;0;Anomaly;
202604;AREA 4;KALIMANTAN;PONTIANAK;SAO;AOi4260222092017910cacd20;0;Anomaly;
202604;AREA 2;JABAR;CIREBON;PRD;AOi42602240552433587d0450;0;Anomaly;
202604;AREA 3;JATIM;SURABAYA;SMP;AOi42602180814092531c0d10;0;Anomaly;
202604;AREA 2;EASTERN JABOTABEK;BOGOR;KHL;AOs3260131104610568770cd0;0;Anomaly;
202604;AREA 4;KALIMANTAN;PANGKALAN BUN;PBU;AOi426020911094046789f770;0;Anomaly;
202604;AREA 2;JABAR;BANDUNG;RJW;AOi42602220725439354c6840;0;Anomaly;
202604;AREA 3;JATENG-DIY;SEMARANG;BMK;AOi4260210105215667e28b80;0;Anomaly;
202604;AREA 4;KALIMANTAN;BALIKPAPAN;GSA;AOi1260228093708450b34180;0;Anomaly;
202604;AREA 3;BALI NUSRA;MATARAM;SWE;AOi1260210040037491aa6750;0;Anomaly;
202604;AREA 2;EASTERN JABOTABEK;BEKASI;KLB;AOi42602231203195606f5aa0;0;Anomaly;
202604;AREA 4;KALIMANTAN;BANJARMASIN;BBR;AOk4260203023847054af7340;0;Anomaly;
202604;AREA 1;SUMBAGSEL;LAMPUNG;KDT;AOi4260217115237810c62080;0;Anomaly;
202604;AREA 3;JATIM;JEMBER;KBS;AOi42602030139328155ad9f0;0;Anomaly;
202604;AREA 2;JABAR;BANDUNG;CJR;AOk4260223094005041fd8fe0;0;Comply;-22,53
202604;AREA 4;MALUKU DAN PAPUA;SORONG;SON;AOi4260205071706883ebde30;0;Anomaly;
202604;AREA 2;JABAR;TASIKMALAYA;PAX;AOi4260206100532058696980;0;Anomaly;
202604;AREA 3;JATIM;JEMBER;KPP;AOi12602191149446689f1250;0;Anomaly;-21,34
202604;AREA 1;SUMBAGUT;BANDA ACEH;KTN;AOi426020403284233748ce00;0;Anomaly;28,22
202604;AREA 4;KALIMANTAN;PONTIANAK;SAO;AOi4260223091014180686020;0;Anomaly;
202604;AREA 1;SUMBAGSEL;LAMPUNG;LAM;AOi4260202075557482ace920;0;Anomaly;
202604;AREA 2;EASTERN JABOTABEK;BEKASI;KRA;AOs3260206102858342e9bf20;0;Anomaly;
202604;AREA 2;CENTRAL JABOTABEK;SOUTHERN JAKARTA;PGG;AOi12602251207019169bf060;0;Anomaly;
202604;AREA 4;KALIMANTAN;PONTIANAK;SAO;AOi4260223045734685a4dea0;0;Anomaly;
202604;AREA 3;BALI NUSRA;MATARAM;MTR;AOi42602110923385006bc4a0;0;Comply;-164,96
202604;AREA 4;KALIMANTAN;PONTIANAK;SGU;AOk4260223011446559c2b460;0;Anomaly;
202604;AREA 1;SUMBAGSEL;PALEMBANG;BKS;AOi42602170932407318d0510;0;Anomaly;
202604;AREA 2;EASTERN JABOTABEK;BOGOR;GPI;AOi4260215083459593629e70;0;Anomaly;
202604;AREA 3;JATENG-DIY;SEMARANG;SMC;AOi42602241219222989d9ba0;0;Comply;-25,93
202604;AREA 3;BALI NUSRA;DENPASAR;KLM;PDAk42602091227282727eea70;0;Anomaly;
202604;AREA 3;JATIM;SIDOARJO;KRN;AOi4260222113835653c41c30;0;Comply;-4,17
202604;AREA 3;JATIM;SURABAYA;KPS;AOi42602031016537262ed740;0;Anomaly;
202604;AREA 3;JATENG-DIY;MAGELANG;MUN;AOi426021909184438322bf80;0;Anomaly;
202604;AREA 3;JATENG-DIY;PEKALONGAN;TTL;AOi4260205095902269393b00;0;Anomaly;
202604;AREA 2;EASTERN JABOTABEK;BEKASI;KLB;AOs32601311054076562855a0;0;Anomaly;
202604;AREA 3;BALI NUSRA;FLORES;KLH;AOk4260214083105542609330;0;Anomaly;
202604;AREA 4;SULAWESI;MAKASSAR;TMA;AOi4260223115240461a1ab70;0;Anomaly;
202604;AREA 3;BALI NUSRA;MATARAM;PRY;AOs326021304291323321e380;0;Anomaly;
202604;AREA 3;BALI NUSRA;DENPASAR;KUT;AOi4260213025702066e8bfa0;0;Anomaly;
202604;AREA 4;MALUKU DAN PAPUA;TIMIKA;TIM;AOi4260228044355075c6c7a0;0;Anomaly;
202604;AREA 4;MALUKU DAN PAPUA;JAYAPURA;SRU;AOi42602250354474014789e0;0;Comply;-1,69
202604;AREA 1;SUMBAGTENG;PADANG;TPN;AOi42601300604127484060b0;0;Anomaly;
202604;AREA 2;EASTERN JABOTABEK;BOGOR;CSR;AOi426020409102106451b700;0;Anomaly;
202604;AREA 1;SUMBAGUT;BANDA ACEH;BPD;AOi4260214110702278439670;0;Anomaly;
202604;AREA 3;JATIM;SURABAYA;RKT;AOi4260213061535348bd0b30;0;Anomaly;
202604;AREA 3;JATIM;MALANG;BTU;AOi42602180520279454c6e40;0;Anomaly;
202604;AREA 3;JATENG-DIY;YOGYAKARTA;KEN;AOi4260130094831461349480;0;Comply;-29,20
202604;AREA 4;SULAWESI;MAKASSAR;PKN;AOi42602110645554597ac770;0;Anomaly;
202604;AREA 3;BALI NUSRA;DENPASAR;NSD;AOi426021908365081159a8f0;0;Anomaly;
202604;AREA 1;SUMBAGUT;PEMATANG SIANTAR;BST;AOi42602090327510005d5df0;0;Anomaly;
202604;AREA 1;SUMBAGUT;BANDA ACEH;LTM;AOi4260203123213763609230;0;Anomaly;
202604;AREA 4;MALUKU DAN PAPUA;SORONG;SON;AOs3260209024140850d4d5b0;0;Anomaly;
202604;AREA 1;SUMBAGUT;BANDA ACEH;MBO;AOi4260214022908566485d20;0;Anomaly;
202604;AREA 4;SULAWESI;MAKASSAR;PNK;AOi426021002042210586ce30;0;Anomaly;
202604;AREA 2;WESTERN JABOTABEK;TANGERANG;CLD;AOi1260208024913774f85950;0;Anomaly;
202604;AREA 3;JATENG-DIY;PEKALONGAN;TEG;AOb0260201103405447d2adf0;0;Anomaly;
202604;AREA 1;SUMBAGUT;CENTRAL MEDAN;TJM;AOi4260202054414994af1a70;0;Comply;-26,80
202604;AREA 3;JATIM;SIDOARJO;KRN;AOi4260225085848445158880;0;Comply;-4,45
202604;AREA 1;SUMBAGUT;CENTRAL MEDAN;CTD;AOi426022707334396825d1f0;0;Anomaly;
202604;AREA 1;SUMBAGUT;WESTERN MEDAN;KSG;AOi42602261247364969589a0;0;Anomaly;
202604;AREA 2;WESTERN JABOTABEK;TANGERANG;TAN;AOi42602110334205424682c0;0;Anomaly;
202604;AREA 3;JATENG-DIY;YOGYAKARTA;KEN;AOi426022112153837563ff80;0;Anomaly;
202604;AREA 3;BALI NUSRA;DENPASAR;NSD;AOi42602090928594996e0640;0;Anomaly;
202604;AREA 2;WESTERN JABOTABEK;TANGERANG;TAN;AOi4260207112826804ae9ca0;0;Comply;-18,89
202604;AREA 4;SULAWESI;MANADO;KTG;AOi4260218020454502b67040;0;Anomaly;
202604;AREA 2;JABAR;SOREANG;RCK;AOi42602080154547487efa40;0;Anomaly;
202604;AREA 2;EASTERN JABOTABEK;BEKASI;KLB;AOi12602061245280157b6920;0;Comply;-12,41
202604;AREA 1;SUMBAGUT;BANDA ACEH;DAR;AOi42602060611471065b2160;0;Anomaly;
202604;AREA 1;SUMBAGUT;CENTRAL MEDAN;SKI;AOi42602180129223296b2e40;0;Anomaly;
202604;AREA 3;JATIM;MADIUN;PON;AOi4260212082615988904d30;0;Comply;-20,28
202604;AREA 1;SUMBAGUT;CENTRAL MEDAN;TJR;AOi42602181229485084db640;0;Anomaly;
202604;AREA 2;CENTRAL JABOTABEK;NORTHERN JAKARTA;TPR;AOi42602201154412685cb7e0;0;Anomaly;
202604;AREA 3;JATENG-DIY;YOGYAKARTA;BTL;AOi4260224030942489fa5c70;0;Comply;-48,51
202604;AREA 3;JATIM;SIDOARJO;TPO;AOi4260216101203684fcaf60;0;Anomaly;
202604;AREA 3;BALI NUSRA;DENPASAR;BLI;AOi4260222030706651461040;0;Anomaly;
202604;AREA 2;JABAR;BANDUNG;CMI;AOi426021412484457238ff70;0;Anomaly;
202604;AREA 4;KALIMANTAN;SAMARINDA;SEM;AOk42602250207219849101a0;0;Anomaly;
202604;AREA 3;JATIM;SIDOARJO;KRN;AOi426022508411990074d560;0;Anomaly;
202604;AREA 1;SUMBAGSEL;JAMBI;MBN;AOi426020210461570381dca0;0;Anomaly;
202604;AREA 1;SUMBAGUT;WESTERN MEDAN;KSG;AOi4260204063349903265a40;0;Anomaly;
202604;AREA 4;SULAWESI;MAKASSAR;PKN;AOi4260123041922828d7d7b0;0;Comply;-45,96
202604;AREA 1;SUMBAGUT;WESTERN MEDAN;IDI;AOi4260210113924919f7e880;0;Anomaly;
202604;AREA 1;SUMBAGUT;BANDA ACEH;BNA;AOi4260225120633964d37500;0;Anomaly;
202604;AREA 3;BALI NUSRA;DENPASAR;BLI;AOi426022509092944817e7e0;0;Anomaly;
202604;AREA 1;SUMBAGSEL;JAMBI;BKO;AOi4260214030037707427a40;0;Anomaly;24,31
202604;AREA 1;SUMBAGSEL;JAMBI;BKO;AOi426020110391832816ae60;0;Anomaly;
202604;AREA 1;SUMBAGTENG;BATAM;SLU;AOi4260216111145325c22ef0;0;Anomaly;
202604;AREA 3;JATENG-DIY;YOGYAKARTA;KEN;AOi42602070349122163dba90;0;Comply;-25,22
202604;AREA 3;BALI NUSRA;MATARAM;DMP;AOi42602261156129787cfb70;0;Anomaly;
202604;AREA 3;BALI NUSRA;MATARAM;SAP;AOi4260129090729872ed7a40;0;Anomaly;
202604;AREA 4;KALIMANTAN;PALANGKARAYA;PLK;AOi42602161201069368aa4d0;0;Anomaly;
202604;AREA 3;BALI NUSRA;FLORES;END;AOi4260223115108880d746b0;0;Anomaly;
202604;AREA 1;SUMBAGTENG;PADANG;ULK;AOi1260225103835635e2e550;0;Anomaly;
202604;AREA 3;BALI NUSRA;MATARAM;SBW;AOi4260220124235296535b50;0;Anomaly;
202604;AREA 3;JATENG-DIY;SURAKARTA;MSO;AOi42602230434430707acfb0;0;Anomaly;
202604;AREA 1;SUMBAGTENG;BATAM;BTC;AOi4260207032433460cf85f0;0;Anomaly;
202604;AREA 3;JATENG-DIY;SURAKARTA;KRT;AOb02602140436433784d5c20;0;Anomaly;
202604;AREA 2;JABAR;BANDUNG;CJA;AOs3260209081829917ea4840;0;Anomaly;
202604;AREA 3;JATENG-DIY;YOGYAKARTA;PGR;AOi4260223022226301757f00;0;Anomaly;
202604;AREA 3;BALI NUSRA;DENPASAR;BNO;AOi42602250129114014bf420;0;Not Comply;6,79
202604;AREA 3;BALI NUSRA;MATARAM;BIM;AOi4260218054141734489730;0;Anomaly;
202604;AREA 4;KALIMANTAN;TARAKAN;TBY;AOi426022707504923300b060;0;Anomaly;
202604;AREA 4;KALIMANTAN;PONTIANAK;PMK;AOk4260205055917813b7dbc0;0;Anomaly;
202604;AREA 1;SUMBAGSEL;PALEMBANG;MPA;AOi42602150338518580423e0;0;Anomaly;
202604;AREA 1;SUMBAGUT;WESTERN MEDAN;LGS;AOi42601310909194615d8e60;0;Anomaly;
202604;AREA 1;SUMBAGTENG;BUKIT TINGGI;SIG;AOi4260215043307487dda180;0;Anomaly;
202604;AREA 1;SUMBAGUT;CENTRAL MEDAN;PUB;AOi4260218100755606bfc9c0;0;Anomaly;
202604;AREA 3;JATIM;SIDOARJO;SDA;AOi1260219122141439a93e80;0;Anomaly;
202604;AREA 1;SUMBAGUT;CENTRAL MEDAN;PUB;AOi426013110330066285b340;0;Anomaly;
202604;AREA 2;WESTERN JABOTABEK;TANGERANG;TAN;AOi4260207112826804ae9ca0;0;Anomaly;
202604;AREA 1;SUMBAGUT;WESTERN MEDAN;KUL;AOi426020107020348104bc00;0;Anomaly;
202604;AREA 1;SUMBAGSEL;BENGKULU;BNC;AOi4260226100754290198db0;0;Anomaly;
202604;AREA 3;JATIM;SURABAYA;BAB;AOi4260220083017132b3bb70;0;Anomaly;
202604;AREA 4;KALIMANTAN;BALIKPAPAN;BRU;AOi4260226092038953900c80;0;Anomaly;
202604;AREA 4;KALIMANTAN;SAMARINDA;LOB;AOi12602260835372441747f0;0;Anomaly;
202604;AREA 3;JATIM;SIDOARJO;SDA;AOi4260218045215333a66d20;0;Anomaly;
202604;AREA 3;JATENG-DIY;SEMARANG;JHR;AOi42602171034591753ee650;0;Anomaly;
202604;AREA 4;SULAWESI;BONE;BLK;AOi42602010742455905eacc0;0;Anomaly;
202604;AREA 4;KALIMANTAN;SAMARINDA;SMR;AOi12602250501246587c24b0;0;Anomaly;
202604;AREA 4;SULAWESI;MAKASSAR;PNK;AOb0260209063248584bec8b0;0;Anomaly;
202604;AREA 4;SULAWESI;PARE-PARE;PLP;AOi4260207114720782f03730;0;Anomaly;
202604;AREA 3;JATENG-DIY;SEMARANG;MJP;AOi42602030700478294d52b0;0;Anomaly;
202604;AREA 1;SUMBAGSEL;PALEMBANG;BTA;AOi4260225015729638ce38e0;0;Anomaly;
202604;AREA 1;SUMBAGTENG;BUKIT TINGGI;PRS;AOi42602161253401800403e0;0;Anomaly;
202604;AREA 2;JABAR;CIREBON;PMN;AOi42602110650267796cf790;0;Comply;-36,91
202604;AREA 3;JATENG-DIY;SEMARANG;MKG;AOi4260204013033628ebfb40;0;Anomaly;
202604;AREA 3;JATENG-DIY;PEKALONGAN;CMA;AOi4260217031342281965b40;0;Anomaly;
202604;AREA 2;JABAR;BANDUNG;LEM;AOi42602181014313201a6f20;0;Anomaly;
202604;AREA 3;JATIM;SURABAYA;SMP;AOi4260205022716768c513a0;0;Comply;-19,11
202604;AREA 2;EASTERN JABOTABEK;BEKASI;PCM;AOi4260217124710923a820e0;0;Anomaly;
202604;AREA 3;BALI NUSRA;MATARAM;MTR;AOi4260201065453280ea5f00;0;Anomaly;
202604;AREA 2;EASTERN JABOTABEK;BEKASI;PDE;AOk4260130114339261988d40;0;Comply;-15,10
202604;AREA 3;JATENG-DIY;PEKALONGAN;PBG;AOi42602030214299708bd400;0;Anomaly;
202604;AREA 3;BALI NUSRA;MATARAM;SWE;AOi42602100917557954d5150;0;Comply;-70,23
202604;AREA 4;MALUKU DAN PAPUA;SORONG;SON;AOi42602050428044280444d0;0;Anomaly;
202604;AREA 3;BALI NUSRA;KUPANG;KPN;AOi4260204012624145b40530;0;Anomaly;
202604;AREA 3;JATENG-DIY;MAGELANG;MGE;AOi426020605034203475f8e0;0;Anomaly;
202604;AREA 2;EASTERN JABOTABEK;BOGOR;CBI;AOi1260218092145720ad8530;0;Anomaly;
202604;AREA 1;SUMBAGUT;BANDA ACEH;TKN;AOi4260205060126965cbfe90;0;Anomaly;
202604;AREA 3;JATIM;SIDOARJO;SDA;AOi42602270749056372cb5b0;0;Anomaly;
202604;AREA 1;SUMBAGUT;BANDA ACEH;BNA;AOi4260225120633964d37500;0;Anomaly;
202604;AREA 4;MALUKU DAN PAPUA;SORONG;SON;AOi4260210075958419de6d30;0;Anomaly;
202604;AREA 4;KALIMANTAN;PONTIANAK;BIG;AOi12602240151479896f3690;0;Anomaly;
202604;AREA 1;SUMBAGUT;WESTERN MEDAN;KSG;AOi1260210083648589f9b5f0;0;Anomaly;
202604;AREA 1;SUMBAGSEL;JAMBI;BKO;AOi4260214124621704480bc0;0;Anomaly;-2,03
202604;AREA 4;SULAWESI;PARE-PARE;PLP;AOi4260131050651890d3d630;0;Anomaly;
202604;AREA 3;JATIM;SURABAYA;JGR;AOi4260207031926064257aa0;0;Comply;-21,80
202604;AREA 1;SUMBAGUT;WESTERN MEDAN;LGS;AOi426021909400377750ac10;0;Anomaly;
202604;AREA 1;SUMBAGUT;RANTAU PRAPAT;NGB;AOi42602240911474606d4490;0;Anomaly;
202604;AREA 1;SUMBAGUT;BANDA ACEH;TKN;AOi4260210055228374c7a4e0;0;Anomaly;
202604;AREA 3;JATIM;SIDOARJO;WRU;AOi426022506412792434a190;0;Comply;-23,94
202604;AREA 1;SUMBAGUT;RANTAU PRAPAT;RAP;AOi426020903191376457bef0;0;Anomaly;
202604;AREA 4;MALUKU DAN PAPUA;JAYAPURA;SRU;AOi4260203101951598952d10;0;Anomaly;
202604;AREA 2;JABAR;CIREBON;AWN;AOi426021702072336128b750;0;Anomaly;
202604;AREA 1;SUMBAGSEL;PANGKAL PINANG;TJN;AOi4260209094143231217d00;0;Comply;-0,01
202604;AREA 2;EASTERN JABOTABEK;BEKASI;DEP;AOi426013111102343059f1a0;0;Anomaly;
202604;AREA 3;JATIM;SIDOARJO;MRT;AOi42602200931066648a33e0;0;Comply;-0,94
202604;AREA 3;JATENG-DIY;MAGELANG;MGE;AOi42602171007395307da890;0;Anomaly;
202604;AREA 1;SUMBAGTENG;PADANG;SGD;AOi426022207165550117d860;0;Anomaly;
202604;AREA 1;SUMBAGTENG;BATAM;BTC;AOi426021108501720883c7b0;0;Anomaly;
202604;AREA 3;BALI NUSRA;MATARAM;BIM;AOk42602161141545353d9c90;0;Anomaly;
202604;AREA 3;JATIM;JEMBER;KBS;AOi42602030139328155ad9f0;0;Anomaly;
202604;AREA 3;JATIM;MALANG;BLR;AOs3260203015616358088250;0;Anomaly;
202604;AREA 4;SULAWESI;PARE-PARE;PLP;AOi4260216021346929c08b70;0;Anomaly;
202604;AREA 3;JATIM;SURABAYA;RKT;AOi42602270311461051c8230;0;Anomaly;
202604;AREA 1;SUMBAGUT;BANDA ACEH;DAR;AOi4260219031503426a67860;0;Anomaly;
202604;AREA 3;JATENG-DIY;MAGELANG;MTY;AOi4260227021916018a3e490;0;Comply;2,26
202604;AREA 1;SUMBAGTENG;PADANG;BLS;AOi4260217042227550b219e0;0;Anomaly;
202604;AREA 3;JATENG-DIY;PURWOKERTO;BJR;AOi4260131101230238ace040;0;Anomaly;
202604;AREA 3;JATIM;SURABAYA;KJR;AOi1260226121841567947d20;0;Anomaly;
202604;AREA 3;JATENG-DIY;PEKALONGAN;BBT;AOi4260224094237866e51880;0;Anomaly;
202604;AREA 1;SUMBAGUT;CENTRAL MEDAN;LBP;AOi42602100101093265267e0;0;Anomaly;
202604;AREA 2;JABAR;BANDUNG;DGO;AOi4260223103214930e0b4a0;0;Anomaly;
202604;AREA 3;JATENG-DIY;PURWOKERTO;WOS;AOi4260216103212487086c60;0;Anomaly;
202604;AREA 4;SULAWESI;MANADO;AMR;AOi4260214054238564bccce0;0;Anomaly;
202604;AREA 3;JATIM;SURABAYA;DMO;AOi4260225104706597c8a960;0;Comply;-22,87
202604;AREA 3;JATIM;SIDOARJO;SDA;AOs3260201033124297d5d7b0;0;Anomaly;
202604;AREA 3;BALI NUSRA;DENPASAR;SAU;AOi4260219021022084867ea0;0;Anomaly;
202604;AREA 1;SUMBAGUT;BANDA ACEH;GEU;AOi4260221012327975561230;0;Anomaly;
202604;AREA 1;SUMBAGTENG;PADANG;BLS;AOi4260204114931304806d80;0;Anomaly;
202604;AREA 1;SUMBAGUT;BANDA ACEH;SKL;AOi4260220111840889b83e50;0;Anomaly;96,68
202604;AREA 4;SULAWESI;MAKASSAR;TMA;AOi4260223115240461a1ab70;0;Anomaly;
202604;AREA 2;EASTERN JABOTABEK;KARAWANG;TAR;AOi4260208083742982a47780;0;Comply;-11,68
202604;AREA 3;JATENG-DIY;PURWOKERTO;KLP;AOi42602250416472710f8260;0;Anomaly;
202604;AREA 2;EASTERN JABOTABEK;BEKASI;SKJ;PDAk4260225074812538cd0ee0;0;Anomaly;
202604;AREA 2;EASTERN JABOTABEK;BEKASI;PCM;AOi4260217124710923a820e0;0;Comply;-17,31
202604;AREA 2;WESTERN JABOTABEK;SERANG;CUG;AOi1260212111202436aa0c60;0;Anomaly;
202604;AREA 3;BALI NUSRA;MATARAM;PRY;AOi42602100835532648a7c00;0;Comply;-37,43
202604;AREA 2;CENTRAL JABOTABEK;SOUTHERN JAKARTA;PDK;PDAk42602180738518207f5780;0;Anomaly;
202604;AREA 2;EASTERN JABOTABEK;BEKASI;SKJ;AOs3260203022836114e63230;0;Comply;-34,72
202604;AREA 2;EASTERN JABOTABEK;BEKASI;KLB;AOi4260211044301127aff190;0;Comply;-19,32
202604;AREA 1;SUMBAGUT;CENTRAL MEDAN;TJM;AOi4260228124239874aa7e30;0;Anomaly;
202604;AREA 1;SUMBAGUT;WESTERN MEDAN;LGS;AOi4260209012036029f45090;0;Anomaly;
202604;AREA 3;JATIM;SURABAYA;KNN;AOi4260226093228978911110;0;Anomaly;
202604;AREA 3;JATIM;SIDOARJO;SDA;AOi42602170959506222f3b70;0;Anomaly;
202604;AREA 3;JATENG-DIY;PURWOKERTO;PWT;AOk4260209015828895c037e0;0;Anomaly;
202604;AREA 2;EASTERN JABOTABEK;BOGOR;BOO;AOi4260225011223106e02100;0;Anomaly;
202604;AREA 1;SUMBAGSEL;BENGKULU;TSS;AOi42602230337342365cd8d0;0;Anomaly;
202604;AREA 1;SUMBAGUT;RANTAU PRAPAT;RAP;AOi42602160939539450723a0;0;Comply;0,36
202604;AREA 1;SUMBAGTENG;BATAM;SLU;AOi4260216111145325c22ef0;0;Anomaly;
202604;AREA 2;CENTRAL JABOTABEK;NORTHERN JAKARTA;MKR;AOs32602190654172648dfac0;0;Anomaly;
202604;AREA 3;BALI NUSRA;DENPASAR;SAU;AOi426020611521779109bdf0;0;Anomaly;
202604;AREA 4;SULAWESI;MANADO;AMD;AOi4260219044357595ef1d50;0;Anomaly;
202604;AREA 1;SUMBAGSEL;PALEMBANG;KAG;AOi4260223092646575e78840;0;Not Comply;22,68
202604;AREA 3;JATIM;SURABAYA;KNN;AOi4260203013758200c75d10;0;Comply;-21,63
202604;AREA 2;CENTRAL JABOTABEK;SOUTHERN JAKARTA;TBE;AOs3260202122947612780620;0;Comply;-16,90
202604;AREA 3;JATENG-DIY;MAGELANG;GOM;AOi42602050132518855719d0;0;Anomaly;
202604;AREA 3;JATENG-DIY;PEKALONGAN;BLU;AOi4260215111443487923500;0;Not Comply;405,94
202604;AREA 1;SUMBAGUT;PADANG SIDEMPUAN;SBG;AOi42602051256476004e24c0;0;Anomaly;
202604;AREA 3;BALI NUSRA;DENPASAR;UBN;AOi42602211155068444e2720;0;Anomaly;
202604;AREA 3;BALI NUSRA;FLORES;KLH;AOk4260214083105542609330;0;Anomaly;
202604;AREA 1;SUMBAGUT;CENTRAL MEDAN;TJR;AOi4260225031133240bfca30;0;Anomaly;
202604;AREA 2;CENTRAL JABOTABEK;SOUTHERN JAKARTA;KRG;PDAk4260223080617638da9880;0;Anomaly;
202604;AREA 1;SUMBAGUT;WESTERN MEDAN;KSG;AOi426020105521564393c480;0;Comply;-1,35
202604;AREA 3;JATIM;SURABAYA;BKL;AOi426021507495276237a880;0;Anomaly;
202604;AREA 3;JATIM;SIDOARJO;SDA;AOs3260201033124297d5d7b0;0;Anomaly;
202604;AREA 1;SUMBAGSEL;BENGKULU;AGR;AOi42602240908212300fb480;0;Anomaly;
202604;AREA 1;SUMBAGSEL;LAMPUNG;TJK;AOi4260204043058971b11230;0;Anomaly;
202604;AREA 4;KALIMANTAN;PANGKALAN BUN;NPN;AOi426021606072512905b520;0;Anomaly;
202604;AREA 3;BALI NUSRA;MATARAM;MTR;AOk4260205060106200a46ce0;0;Anomaly;
202604;AREA 2;CENTRAL JABOTABEK;SOUTHERN JAKARTA;KRG;AOi42602250311535859eeb50;0;Anomaly;
202604;AREA 4;KALIMANTAN;PONTIANAK;SRY;AOi42602131148274006733f0;0;Anomaly;
202604;AREA 2;JABAR;BANDUNG;TGE;AOi42602031236292215d6d30;0;Anomaly;
202604;AREA 3;JATIM;SIDOARJO;SDA;AOi4260228105629893b62830;0;Anomaly;
202604;AREA 1;SUMBAGUT;BANDA ACEH;LTM;AOi42602071105213998188b0;0;Anomaly;
202604;AREA 3;JATENG-DIY;PURWOKERTO;PWT;AOi4260221070629411a8c4c0;0;Comply;-21,45
202604;AREA 3;BALI NUSRA;DENPASAR;GIN;AOi1260226022038518e22850;0;Anomaly;
202604;AREA 3;JATENG-DIY;MAGELANG;MGE;AOi4260210043707212397610;0;Anomaly;
202604;AREA 3;JATENG-DIY;SURAKARTA;RDB;AOi4260215125618292823c80;0;Anomaly;
202604;AREA 1;SUMBAGUT;WESTERN MEDAN;BJI;AOi42602030602563331f2c90;0;Anomaly;
202604;AREA 3;BALI NUSRA;MATARAM;DMP;AOi42602261156129787cfb70;0;Anomaly;
202604;AREA 4;KALIMANTAN;TARAKAN;TSL;AOk4260228080511589bfe080;0;Anomaly;
202604;AREA 1;SUMBAGSEL;BENGKULU;IPU;AOi426022405020482912db90;0;Anomaly;
202604;AREA 1;SUMBAGTENG;PEKANBARU;AMK;AOs32602060920347323c0580;0;Anomaly;
202604;AREA 3;BALI NUSRA;DENPASAR;SAU;AOi426013004302679635a6c0;0;Anomaly;
202604;AREA 1;SUMBAGUT;CENTRAL MEDAN;TTG;AOs3260209044444911397e00;0;Anomaly;
202604;AREA 2;WESTERN JABOTABEK;TANGERANG;CPA;AOi4260215041750137a54ae0;0;Anomaly;
202604;AREA 3;BALI NUSRA;DENPASAR;SAU;AOi4260222060724500e1e1b0;0;Anomaly;
202604;AREA 1;SUMBAGTENG;PADANG;BLS;AOi426020311132615502daa0;0;Anomaly;
202604;AREA 1;SUMBAGUT;RANTAU PRAPAT;RAP;AOi4260131113747931918f70;0;Anomaly;
202604;AREA 2;JABAR;TASIKMALAYA;SPA;AOi4260225101116219be7990;0;Anomaly;
202604;AREA 1;SUMBAGUT;PEMATANG SIANTAR;SDK;AOi4260130043526982e42990;0;Anomaly;
202604;AREA 1;SUMBAGUT;WESTERN MEDAN;KUL;AOi426020107020348104bc00;0;Anomaly;
202604;AREA 1;SUMBAGUT;CENTRAL MEDAN;CTD;AOi426022504183840230d390;0;Anomaly;
202604;AREA 3;JATENG-DIY;SEMARANG;SMT;AOi4260215075601840b3ce40;0;Anomaly;
202604;AREA 2;WESTERN JABOTABEK;TANGERANG;CPA;AOi426020411063933791a840;0;Anomaly;
202604;AREA 1;SUMBAGUT;PEMATANG SIANTAR;KBJ;AOs3260207041658881923ea0;0;Anomaly;
202604;AREA 2;JABAR;TASIKMALAYA;TSM;AOi42602090208140353df470;0;Anomaly;
202604;AREA 4;SULAWESI;PALU;DGL;AOi426022210120708507a4f0;0;Anomaly;
202604;AREA 1;SUMBAGUT;WESTERN MEDAN;LSM;AOi426020807311159016bc50;0;Anomaly;
202604;AREA 2;EASTERN JABOTABEK;BEKASI;PDE;AOi1260131021640727927930;0;Anomaly;
202604;AREA 2;CENTRAL JABOTABEK;NORTHERN JAKARTA;PDM;AOi4260218045844671b63090;0;Anomaly;
202604;AREA 1;SUMBAGTENG;BUKIT TINGGI;NRS;AOi4260225063649662988de0;0;Anomaly;
202604;AREA 1;SUMBAGSEL;BENGKULU;KPH;AOi4260203121832997d79f30;0;Anomaly;
202604;AREA 3;BALI NUSRA;KUPANG;KPN;AOi42602181116458920047b0;0;Comply;-19,56
202604;AREA 3;BALI NUSRA;DENPASAR;GIN;AOi4260201030404976f2a760;0;Anomaly;
202604;AREA 4;KALIMANTAN;PONTIANAK;SPY;AOi4260224024233787744d10;0;Anomaly;
202604;AREA 1;SUMBAGUT;BANDA ACEH;TKN;AOi426021202051342965b4a0;0;Anomaly;
202604;AREA 1;SUMBAGSEL;BENGKULU;BTH;AOi4260210080600287054f00;0;Anomaly;
202604;AREA 2;EASTERN JABOTABEK;KARAWANG;TLJ;AOk42602140713407597f8f80;0;Anomaly;
202604;AREA 1;SUMBAGTENG;BUKIT TINGGI;BKT;AOi42602250106567104b9d30;0;Anomaly;
202604;AREA 1;SUMBAGUT;PADANG SIDEMPUAN;PSP;AOi42602230807399839897f0;0;Anomaly;
202604;AREA 4;KALIMANTAN;BANJARMASIN;BBR;AOi4260215035957187f83a50;0;Anomaly;
202604;AREA 1;SUMBAGUT;PEMATANG SIANTAR;DLS;AOi42602190239281715c8120;0;Anomaly;
202604;AREA 1;SUMBAGTENG;PADANG;SWL;AOi426022609085085820ea80;0;Anomaly;
202604;AREA 1;SUMBAGTENG;DUMAI;BKN;AOi42601270328384636b5b40;0;Anomaly;
202604;AREA 2;JABAR;TASIKMALAYA;KDN;AOi4260221095715789cf3660;0;Comply;-25,97
202604;AREA 4;KALIMANTAN;PANGKALAN BUN;KTP;AOi42602231019318889ff160;0;Anomaly;28,03
202604;AREA 4;SULAWESI;PALU;PLB;AOs3260212094746358df2b70;0;Anomaly;
202604;AREA 4;KALIMANTAN;PONTIANAK;SAO;AOi4260223100636762ea0790;0;Anomaly;
202604;AREA 2;EASTERN JABOTABEK;BOGOR;SKB;AOs3260131121319711a0dd50;0;Anomaly;
202604;AREA 3;JATIM;SURABAYA;ARB;AOi4260212112148938cf86d0;0;Anomaly;
202604;AREA 2;CENTRAL JABOTABEK;NORTHERN JAKARTA;KTX;AOi4260217123512383e4ecc0;0;Comply;-23,62
202604;AREA 1;SUMBAGUT;RANTAU PRAPAT;RAP;AOi4260203014438747691f50;0;Anomaly;
202604;AREA 4;KALIMANTAN;BALIKPAPAN;MLA;AOi42602221241062867306c0;0;Anomaly;
202604;AREA 4;KALIMANTAN;BANJARMASIN;MTP;AOi42602151004126850c0480;0;Anomaly;
202604;AREA 3;JATENG-DIY;PEKALONGAN;BTG;AOi426022209131947394bb80;0;Anomaly;
202604;AREA 3;JATENG-DIY;YOGYAKARTA;KEN;AOi4260206043303446365460;0;Anomaly;
202604;AREA 3;JATENG-DIY;PURWOKERTO;SDJ;AOi42602070913242193959d0;0;Not Comply;4,55
202604;AREA 1;SUMBAGUT;WESTERN MEDAN;KSG;AOi4260208104740656401a20;0;Anomaly;
202604;AREA 4;KALIMANTAN;PONTIANAK;SNW;AOi4260225014849439a427a0;0;Comply;0,65
202604;AREA 1;SUMBAGUT;CENTRAL MEDAN;DLT;AOi4260211013640199f0bcb0;0;Anomaly;
202604;AREA 1;SUMBAGTENG;BATAM;DGS;AOi4260209083055466705a80;0;Anomaly;
202604;AREA 3;JATENG-DIY;PEKALONGAN;BDY;AOi426022306060403415ba30;0;Anomaly;
202604;AREA 3;BALI NUSRA;KUPANG;BAA;AOi4260203100601856737a50;0;Anomaly;
202604;AREA 1;SUMBAGSEL;PALEMBANG;MUD;AOb02602070225034349d4fe0;0;Anomaly;125,98
202604;AREA 2;JABAR;BANDUNG;LEM;AOi4260201094004822e2f7f0;0;Anomaly;
202604;AREA 3;JATENG-DIY;SEMARANG;MJP;AOi42602061258446725869a0;0;Anomaly;
202604;AREA 4;MALUKU DAN PAPUA;SORONG;MWR;AOi4260226102824403b5f090;0;Anomaly;
202604;AREA 4;KALIMANTAN;TARAKAN;TRK;AOi4260219085748273d58720;0;Anomaly;
202604;AREA 1;SUMBAGSEL;JAMBI;BKO;AOi426021104470157491faa0;0;Anomaly;-22,19
202604;AREA 1;SUMBAGTENG;PADANG;TLN;AOi42602050713220422eaa70;0;Anomaly;
202604;AREA 4;KALIMANTAN;PONTIANAK;STA;AOi4260207011951697893d40;0;Anomaly;
202604;AREA 1;SUMBAGUT;RANTAU PRAPAT;KIS;AOi4260225024128698e6ef00;0;Anomaly;
202604;AREA 4;MALUKU DAN PAPUA;JAYAPURA;SNI;AOi4260202033422441a00480;0;Anomaly;
202604;AREA 1;SUMBAGUT;RANTAU PRAPAT;KIS;AOi4260213021019357a98270;0;Anomaly;
202604;AREA 1;SUMBAGUT;WESTERN MEDAN;STB;AOk42602261018336702c26d0;0;Anomaly;
202604;AREA 4;KALIMANTAN;SAMARINDA;LMP;AOi4260202013753880b28130;0;Anomaly;
202604;AREA 4;MALUKU DAN PAPUA;SORONG;SON;AOi4260214111556864815060;0;Anomaly;
202604;AREA 4;KALIMANTAN;TARAKAN;TRK;AOi4260220112406876302930;0;Anomaly;
202604;AREA 3;BALI NUSRA;DENPASAR;BLI;AOi4260224093143781cd7fd0;0;Anomaly;
202604;AREA 3;JATIM;JEMBER;KPP;AOi4260207062306817594b20;0;Anomaly;
202604;AREA 4;KALIMANTAN;PONTIANAK;PTK;AOi4260217023753274347020;0;Comply;-1,37
202604;AREA 3;BALI NUSRA;DENPASAR;KLM;AOi4260218121635939410cb0;0;Anomaly;
202604;AREA 3;JATIM;SURABAYA;BKL;AOi4260222105226495fd72e0;0;Anomaly;
202604;AREA 2;EASTERN JABOTABEK;BEKASI;CNE;AOi42602091043129834989f0;0;Anomaly;
202604;AREA 1;SUMBAGUT;BANDA ACEH;JHO;AOi4260215104442181f8ddd0;0;Anomaly;
202604;AREA 1;SUMBAGUT;BANDA ACEH;KTN;AOi42601290544257288b6cd0;0;Anomaly;
202604;AREA 3;BALI NUSRA;DENPASAR;TOP;AOi4260226073207747878b40;0;Anomaly;
202604;AREA 3;BALI NUSRA;MATARAM;DMP;AOi42602171003120767040b0;0;Anomaly;
202604;AREA 3;JATENG-DIY;MAGELANG;SWT;AOi42602130820368905e7f20;0;Comply;-0,02
202604;AREA 2;JABAR;TASIKMALAYA;PMP;AOi4260217102229886fc8aa0;0;Anomaly;
202604;AREA 3;BALI NUSRA;MATARAM;GER;AOi1260225100614483947340;0;Comply;-35,92
202604;AREA 1;SUMBAGSEL;JAMBI;MAB;AOi4260213075451692e08520;0;Anomaly;0,41
202604;AREA 4;KALIMANTAN;SAMARINDA;SMR;AOi42602261211423070e03d0;0;Anomaly;
202604;AREA 3;JATIM;SURABAYA;KBL;AOi4260222093410687303b50;0;Comply;-2,99
202604;AREA 4;SULAWESI;PARE-PARE;MAJ;AOi1260217052826768df3fb0;0;Anomaly;
202604;AREA 4;KALIMANTAN;BALIKPAPAN;KJN;AOs326021412573121535c7e0;0;Anomaly;
202604;AREA 3;JATENG-DIY;SEMARANG;SMT;AOi42602021201289135dadc0;0;Anomaly;
202604;AREA 4;SULAWESI;MAKASSAR;MAT;AOi4260214010344338bc4170;0;Anomaly;
202604;AREA 3;BALI NUSRA;KUPANG;TNA;AOi426021811424733907b080;0;Anomaly;
202604;AREA 3;JATENG-DIY;MAGELANG;PWJ;AOi42602230421441958ce9b0;0;Anomaly;
202604;AREA 2;WESTERN JABOTABEK;TANGERANG;CPA;AOi4260203034939616a2c8e0;0;Anomaly;
202604;AREA 2;WESTERN JABOTABEK;TANGERANG;CPA;AOi42602240940383878abfe0;0;Anomaly;
202604;AREA 4;SULAWESI;MANADO;LAN;AOi4260208044007782fbc040;0;Anomaly;
202604;AREA 1;SUMBAGSEL;JAMBI;BKO;AOi426022005545445064e550;0;Anomaly;
202604;AREA 4;SULAWESI;MANADO;LBH;AOi42602040417212368e9be0;0;Not Comply;17,85
202604;AREA 1;SUMBAGUT;WESTERN MEDAN;PGL;AOi4260222120438709611550;0;Anomaly;
202604;AREA 1;SUMBAGUT;CENTRAL MEDAN;GLG;AOi4260217121617869249ab0;0;Anomaly;
202604;AREA 1;SUMBAGUT;CENTRAL MEDAN;LBP;AOi4260223092803488499980;0;Anomaly;
202604;AREA 3;JATENG-DIY;PEKALONGAN;KTM;AOi426021502381632770f090;0;Anomaly;
202604;AREA 4;KALIMANTAN;PONTIANAK;SMB;AOk4260205101348640257480;0;Comply;-1,65
202604;AREA 4;SULAWESI;MANADO;KTG;AOs3260222113611743cb9d50;0;Anomaly;
202604;AREA 3;JATENG-DIY;SEMARANG;SMT;AOi42602021201289135dadc0;0;Comply;-50,69
202604;AREA 3;JATIM;SURABAYA;BKL;AOi4260212090931606f255a0;0;Anomaly;
202604;AREA 4;KALIMANTAN;SAMARINDA;BOT;AOi4260223084814667184590;0;Anomaly;
202604;AREA 2;CENTRAL JABOTABEK;SOUTHERN JAKARTA;KMG;AOk4260225120348991cee580;0;Comply;-21,51
202604;AREA 3;BALI NUSRA;DENPASAR;JBR;AOi4260210072238667f24110;0;Anomaly;
202604;AREA 4;KALIMANTAN;BALIKPAPAN;LAB;AOi4260204021528167ee12b0;0;Anomaly;
202604;AREA 1;SUMBAGSEL;LAMPUNG;MET;AOi42602181259011110e8200;0;Comply;-3,80
202604;AREA 1;SUMBAGTENG;DUMAI;BKN;AOi1260216091940224808d30;0;Anomaly;
202604;AREA 1;SUMBAGUT;WESTERN MEDAN;KSG;AOi426022310463247791bc60;0;Anomaly;
202604;AREA 3;JATENG-DIY;MAGELANG;MGE;AOi4260130045529106ec5d30;0;Anomaly;
202604;AREA 3;JATENG-DIY;MAGELANG;MUN;AOs3260220063720434359570;0;Comply;1,81
202604;AREA 1;SUMBAGSEL;PALEMBANG;PLJ;AOi426022502113237629c690;0;Not Comply;90,44
202604;AREA 3;JATIM;SIDOARJO;SDA;AOi4260201054331973cd4d60;0;Anomaly;
202604;AREA 3;JATIM;SIDOARJO;KRN;AOi426022311524224773edd0;0;Anomaly;
202604;AREA 4;SULAWESI;GORONTALO;GTL;AOi42602200211518902806a0;0;Anomaly;
202604;AREA 2;JABAR;CIREBON;CKY;AOi42602221013110186ad6e0;0;Anomaly;
202604;AREA 4;MALUKU DAN PAPUA;SORONG;WMR;AOi426022310295841115db80;0;Anomaly;
202604;AREA 1;SUMBAGTENG;BATAM;SLU;AOi426021410453769062c2b0;0;Anomaly;
202604;AREA 1;SUMBAGTENG;BUKIT TINGGI;PRS;AOk4260207113731758b0c1c0;0;Comply;-23,94
202604;AREA 2;CENTRAL JABOTABEK;SOUTHERN JAKARTA;GBC;AOi1260216104204292396030;0;Anomaly;
202604;AREA 1;SUMBAGTENG;PEKANBARU;PBB;AOi4260215085545209180480;0;Anomaly;
202604;AREA 2;CENTRAL JABOTABEK;NORTHERN JAKARTA;TPR;AOi42602260142410094c6510;0;Comply;-42,90
202604;AREA 3;JATENG-DIY;YOGYAKARTA;PGR;AOi42602101227527901f7db0;0;Anomaly;
202604;AREA 1;SUMBAGUT;BANDA ACEH;BNA;AOi426022401451828932fff0;0;Anomaly;
202604;AREA 2;JABAR;BANDUNG;GGK;AOs326022505125523356a5a0;0;Anomaly;
202604;AREA 3;JATIM;SURABAYA;KNN;AOi4260220033226026a310d0;0;Anomaly;
202604;AREA 1;SUMBAGUT;WESTERN MEDAN;PRL;AOi426021402183927016b170;0;Anomaly;
202604;AREA 1;SUMBAGSEL;LAMPUNG;TJK;AOs3260221025233980a24d60;0;Anomaly;
202604;AREA 2;JABAR;TASIKMALAYA;GRU;AOi1260208125529356263fa0;0;Comply;-20,09
202604;AREA 3;BALI NUSRA;MATARAM;MTR;AOi4260207011402363a3d930;0;Anomaly;
202604;AREA 2;EASTERN JABOTABEK;KARAWANG;JBB;AOi4260218092354999cf01a0;0;Anomaly;
202604;AREA 3;BALI NUSRA;MATARAM;GER;AOi42602210913518746f1700;0;Comply;0,16
202604;AREA 2;JABAR;CIREBON;JBN;AOi426021009301856404ab10;0;Comply;0,80
202604;AREA 2;CENTRAL JABOTABEK;SOUTHERN JAKARTA;KRG;PDAk4260222091907773fdff90;0;Anomaly;
202604;AREA 1;SUMBAGUT;BANDA ACEH;DAR;AOi4260201072804827988d00;0;Anomaly;
202604;AREA 3;BALI NUSRA;KUPANG;OSP;AOi4260215050335600c0abf0;0;Anomaly;
202604;AREA 2;JABAR;SOREANG;MJY;AOi4260224040817503aafab0;0;Anomaly;
202604;AREA 2;CENTRAL JABOTABEK;SOUTHERN JAKARTA;KAL;AOi4260219105104576c32800;0;Anomaly;
202604;AREA 2;JABAR;CIREBON;SDU;AOi42602170332312603df010;0;Comply;-11,61
202604;AREA 2;JABAR;BANDUNG;BDK;AOi42602070218574101a5460;0;Anomaly;
202604;AREA 1;SUMBAGUT;RANTAU PRAPAT;RAP;AOi42602170549159155b8c30;0;Anomaly;
202604;AREA 3;BALI NUSRA;FLORES;BJW;AOi4260217104845209a03c70;0;Anomaly;
202604;AREA 3;JATIM;SURABAYA;BKL;AOi4260131121416494fb3130;0;Anomaly;
202604;AREA 4;MALUKU DAN PAPUA;SORONG;MWR;AOi4260220100744950498020;0;Anomaly;
202604;AREA 1;SUMBAGTENG;DUMAI;BAG;AOk4260211124329467336030;0;Anomaly;
202604;AREA 1;SUMBAGUT;PEMATANG SIANTAR;KBJ;AOi4260217040347384aae790;0;Comply;2,19
202604;AREA 4;SULAWESI;MAKASSAR;PNK;AOi426021304250195046ea70;0;Anomaly;
202604;AREA 3;JATENG-DIY;YOGYAKARTA;KEN;AOi42602240222027939db150;0;Anomaly;
202604;AREA 4;KALIMANTAN;PANGKALAN BUN;KMI;AOi426020212235692488a340;0;Anomaly;
202604;AREA 1;SUMBAGTENG;BUKIT TINGGI;PAM;AOi4260207112410384ccdb70;0;Anomaly;
202604;AREA 1;SUMBAGTENG;PEKANBARU;RBI;AOi4260219121433060fd2260;0;Anomaly;
202604;AREA 2;CENTRAL JABOTABEK;NORTHERN JAKARTA;PDM;AOi426021605235027326e2b0;0;Anomaly;
202604;AREA 2;EASTERN JABOTABEK;BOGOR;TJO;AOi4260221055951450472cb0;0;Comply;-3,07
202604;AREA 1;SUMBAGUT;RANTAU PRAPAT;KPI;AOi4260131010049146f53e50;0;Anomaly;
202604;AREA 3;JATIM;SIDOARJO;SDA;AOi4260205052859932761fc0;0;Anomaly;
202604;AREA 3;JATIM;SIDOARJO;SDA;AOi42602010944562589a1260;0;Anomaly;
202604;AREA 3;BALI NUSRA;FLORES;LBO;AOi4260207042643806ccf7c0;0;Anomaly;
202604;AREA 3;BALI NUSRA;MATARAM;TET;AOi4260206053018121bbe540;0;Anomaly;
202604;AREA 1;SUMBAGTENG;BUKIT TINGGI;LBS;AOi4260213100046362d0a7e0;0;Anomaly;
202604;AREA 2;EASTERN JABOTABEK;BOGOR;BJD;AOi42602050405592383e3b60;0;Comply;-4,91
202604;AREA 3;BALI NUSRA;MATARAM;TET;AOi42602010200570556b51a0;0;Anomaly;
202604;AREA 3;JATIM;SIDOARJO;KRN;AOi426020401451827761f740;0;Comply;-3,79
202604;AREA 2;CENTRAL JABOTABEK;SOUTHERN JAKARTA;PGB;AOi4260224105552913eb4b60;0;Anomaly;
202604;AREA 3;BALI NUSRA;FLORES;LWB;AOi42602070915223701371d0;0;Anomaly;
202604;AREA 3;BALI NUSRA;DENPASAR;TBN;AOi42602110839591966e7b40;0;Anomaly;
202604;AREA 3;BALI NUSRA;MATARAM;BIM;AOi4260210104731019b48970;0;Anomaly;
202604;AREA 3;JATIM;SURABAYA;RKT;AOi42602070628230562cd3d0;0;Anomaly;
202604;AREA 3;JATENG-DIY;PURWOKERTO;SDJ;AOi4260223124342413140a10;0;Anomaly;
202604;AREA 2;CENTRAL JABOTABEK;NORTHERN JAKARTA;CIL;AOk42602241119485654efd40;0;Anomaly;
202604;AREA 3;JATIM;SIDOARJO;SDA;AOi42602060409462945fa840;0;Anomaly;
202604;AREA 3;JATIM;SIDOARJO;PCT;AOi12602220538241545ce690;0;Anomaly;
202604;AREA 3;JATIM;SIDOARJO;MRT;AOi42602200931066648a33e0;0;Anomaly;
202604;AREA 3;JATIM;SIDOARJO;SPJ;AOi42602140505112695a1340;0;Anomaly;
202604;AREA 1;SUMBAGUT;BANDA ACEH;MBO;AOi4260215010735205e5c020;0;Anomaly;
202604;AREA 3;BALI NUSRA;FLORES;LBO;AOi1260221072759442c5f0e0;0;Anomaly;
202604;AREA 2;WESTERN JABOTABEK;TANGERANG;CPA;AOi4260225031747752f61c50;0;Comply;-38,70
202604;AREA 2;EASTERN JABOTABEK;BEKASI;BEK;AOi4260216021419471a19c70;0;Comply;-15,96
202604;AREA 1;SUMBAGUT;WESTERN MEDAN;IDI;AOi42602020839011373e3310;0;Anomaly;
202604;AREA 2;EASTERN JABOTABEK;BEKASI;DEP;AOi4260221093359529c06ec0;0;Comply;2,12
202604;AREA 2;CENTRAL JABOTABEK;SOUTHERN JAKARTA;JAG;AOs3260201061611465fa9e90;0;Comply;-17,17
202604;AREA 1;SUMBAGSEL;PANGKAL PINANG;TJN;AOk4260221091817534bf8ef0;0;Anomaly;
202604;AREA 2;WESTERN JABOTABEK;TANGERANG;CLD;AOi426020509365083163dd80;0;Anomaly;
202604;AREA 4;KALIMANTAN;PONTIANAK;SPY;AOi4260208025343831a244e0;0;Anomaly;
202604;AREA 2;JABAR;BANDUNG;RJW;AOi4260208014138551a92c10;0;Anomaly;
202604;AREA 4;MALUKU DAN PAPUA;SORONG;KIN;AOi4260218105634856b77890;0;Not Comply;92,38
202604;AREA 3;JATIM;JEMBER;KLT;AOi4260223021157818c338d0;0;Anomaly;
202604;AREA 1;SUMBAGSEL;LAMPUNG;BKM;AOk4260211020642516b36110;0;Anomaly;
202604;AREA 4;KALIMANTAN;TARAKAN;MLN;AOi4260212092817868f722f0;0;Anomaly;
202604;AREA 1;SUMBAGTENG;PEKANBARU;BKR;AOi426013007280788983ae20;0;Anomaly;
202604;AREA 3;JATIM;SURABAYA;MGO;AOi426020212090373035c0d0;0;Anomaly;
202604;AREA 1;SUMBAGUT;BANDA ACEH;DAR;AOi426013004362912136b9e0;0;Anomaly;
202604;AREA 1;SUMBAGSEL;LAMPUNG;TKB;AOi4260223093202170737b20;0;Anomaly;
202604;AREA 1;SUMBAGUT;PEMATANG SIANTAR;TGD;AOi42602191201553435bf740;0;Anomaly;
202604;AREA 1;SUMBAGUT;CENTRAL MEDAN;MDC;PDAk4260205014844607878e40;0;Anomaly;
202604;AREA 2;CENTRAL JABOTABEK;SOUTHERN JAKARTA;KRG;PDAk4260222091907773fdff90;0;Comply;-19,64
202604;AREA 4;MALUKU DAN PAPUA;SORONG;SON;AOk426020301355091171a490;0;Anomaly;
202604;AREA 1;SUMBAGTENG;BUKIT TINGGI;LBA;AOb02602020554580560b45b0;0;Anomaly;
202604;AREA 1;SUMBAGSEL;PALEMBANG;KAG;AOs3260219124719993eb90b0;0;Anomaly;
202604;AREA 1;SUMBAGUT;BANDA ACEH;JRM;AOi426021210294005971cd10;0;Anomaly;
202604;AREA 4;KALIMANTAN;SAMARINDA;BOT;AOi4260210100757237256ea0;0;Anomaly;
202604;AREA 1;SUMBAGTENG;BUKIT TINGGI;HRU;AOi426020807143414963fa30;0;Anomaly;
202604;AREA 4;KALIMANTAN;BANJARMASIN;BLC;AOi4260222030759055436630;0;Anomaly;17,32
202604;AREA 3;JATIM;SURABAYA;MGO;AOi4260202073615344e85bb0;0;Anomaly;
202604;AREA 4;SULAWESI;PALU;TNB;AOi42602130145285796915f0;0;Anomaly;
202604;AREA 3;JATENG-DIY;MAGELANG;SWT;AOi4260201090106272029510;0;Anomaly;
202604;AREA 2;WESTERN JABOTABEK;TANGERANG;LKG;AOi42602070931124226fad60;0;Comply;0,38
202604;AREA 3;JATENG-DIY;PEKALONGAN;PKL;AOi426022101405743430c410;0;Anomaly;
202604;AREA 3;JATENG-DIY;PEKALONGAN;PKL;AOi4260208110346444b1a7f0;0;Anomaly;
202604;AREA 4;KALIMANTAN;SAMARINDA;LMP;AOi4260222055731727412030;0;Anomaly;
202604;AREA 2;JABAR;TASIKMALAYA;TSM;AOk42602190937199962b7cd0;0;Anomaly;
202604;AREA 1;SUMBAGTENG;PEKANBARU;ARK;AOi426021401444807512c420;0;Anomaly;
202604;AREA 3;BALI NUSRA;DENPASAR;BNO;AOi42602190454090683e3c80;0;Comply;-18,86
202604;AREA 2;JABAR;CIREBON;PAB;AOi4260214020840810217910;0;Anomaly;
202604;AREA 2;JABAR;CIREBON;PAB;AOi4260214011426869cb51a0;0;Anomaly;
202604;AREA 4;KALIMANTAN;PANGKALAN BUN;KTP;AOi42602200945082537a1850;0;Anomaly;
202604;AREA 1;SUMBAGUT;CENTRAL MEDAN;TJM;AOi4260210024201087a03360;0;Comply;-20,44
202604;AREA 1;SUMBAGUT;PADANG SIDEMPUAN;PND;AOs3260201071102230903ed0;0;Anomaly;
202604;AREA 1;SUMBAGUT;CENTRAL MEDAN;PDB;AOk4260223112821060412a50;0;Anomaly;
202604;AREA 3;JATENG-DIY;SEMARANG;BMK;AOi4260203090911788ed4fc0;0;Anomaly;
202604;AREA 3;JATENG-DIY;PEKALONGAN;TTL;AOi426021608352692255eaa0;0;Anomaly;
202604;AREA 3;BALI NUSRA;DENPASAR;KNT;AOi4260211045210760831bd0;0;Anomaly;
202604;AREA 3;JATENG-DIY;SEMARANG;BAN;AOk4260209110822945f37bc0;0;Anomaly;
202604;AREA 4;KALIMANTAN;BALIKPAPAN;AGN;PDAk4260129013343269cacb70;0;Anomaly;-1,41
202604;AREA 3;JATIM;MADIUN;PNZ;AOk42602101115372707fe210;0;Comply;-2,14
202604;AREA 3;JATIM;SURABAYA;BKL;AOk4260207114834084fe46b0;0;Anomaly;
202604;AREA 3;JATIM;SIDOARJO;SDA;AOi42602140425213884fee90;0;Anomaly;
202604;AREA 3;BALI NUSRA;MATARAM;TET;AOi42602120206240709914a0;0;Anomaly;
202604;AREA 4;KALIMANTAN;PONTIANAK;SRY;AOk42602191134249029522c0;0;Anomaly;
202604;AREA 4;SULAWESI;KENDARI;KKA;AOi4260214034441924e643e0;0;Anomaly;
202604;AREA 3;BALI NUSRA;DENPASAR;TBN;AOi4260219023905495fb8bf0;0;Anomaly;
202604;AREA 3;JATENG-DIY;YOGYAKARTA;KEN;AOi426013011182425957c420;0;Comply;0,34
202604;AREA 1;SUMBAGSEL;BENGKULU;SPP;AOi4260203074112663a05ce0;0;Anomaly;
202604;AREA 2;JABAR;BANDUNG;TGE;AOi4260221011157536eca4a0;0;Anomaly;
202604;AREA 3;BALI NUSRA;DENPASAR;KLM;AOi4260223064514494c9f770;0;Anomaly;
202604;AREA 1;SUMBAGUT;PADANG SIDEMPUAN;BJE;AOi4260129082646559f62b00;0;Anomaly;
202604;AREA 1;SUMBAGUT;CENTRAL MEDAN;MDC;AOi4260223071432892a49730;0;Anomaly;
202604;AREA 4;KALIMANTAN;BALIKPAPAN;AGN;AOi4260218074117294b912d0;0;Anomaly;
202604;AREA 3;BALI NUSRA;DENPASAR;TBN;AOi4260209095358146376ba0;0;Anomaly;
202604;AREA 3;JATIM;MADIUN;NDL;AOi42602210507554092fec30;0;Anomaly;
202604;AREA 1;SUMBAGUT;BANDA ACEH;BIR;AOi42602061001462776ba130;0;Anomaly;
202604;AREA 2;WESTERN JABOTABEK;SERANG;CUG;AOs32602230106350942ef070;0;Anomaly;
202604;AREA 1;SUMBAGSEL;BENGKULU;PDW;AOi4260216081024330c3cc40;0;Anomaly;
202604;AREA 4;SULAWESI;PARE-PARE;PIN;AOi42602010310118496d4160;0;Anomaly;
202604;AREA 3;JATIM;SIDOARJO;SDA;AOi4260222112459916f069b0;0;Anomaly;
202604;AREA 1;SUMBAGUT;PADANG SIDEMPUAN;PND;AOi4260212033018969b89be0;0;Anomaly;
202604;AREA 3;JATIM;MALANG;MLG;AOi42602021111372298a4ad0;0;Anomaly;
202604;AREA 1;SUMBAGSEL;PALEMBANG;TAM;AOi4260223014306311238ce0;0;Anomaly;
202604;AREA 4;SULAWESI;MANADO;AMR;AOi12602100513257427146e0;0;Anomaly;
202604;AREA 3;JATENG-DIY;YOGYAKARTA;KEN;AOi4260211022554526e74b00;0;Anomaly;
202604;AREA 3;BALI NUSRA;MATARAM;MTR;AOi42602050302190534eab10;0;Anomaly;
202604;AREA 2;CENTRAL JABOTABEK;SOUTHERN JAKARTA;JAG;AOk42602150510416997d8ba0;0;Anomaly;
202604;AREA 3;JATIM;SURABAYA;SPG;AOi4260204073242908795330;0;Anomaly;
202604;AREA 1;SUMBAGUT;WESTERN MEDAN;BJI;AOi4260131102501900cf9880;0;Anomaly;
202604;AREA 3;BALI NUSRA;MATARAM;MTR;AOk4260203111043574988030;0;Anomaly;
202604;AREA 2;EASTERN JABOTABEK;BOGOR;DMG;AOi426021603581102507deb0;0;Anomaly;
202604;AREA 3;BALI NUSRA;MATARAM;MTR;AOi4260205031516826e671a0;0;Anomaly;
202604;AREA 1;SUMBAGUT;WESTERN MEDAN;LGS;AOi42602110508386974c4ff0;0;Anomaly;
202604;AREA 3;JATENG-DIY;MAGELANG;SWT;AOi426021407350220718c790;0;Anomaly;
202604;AREA 2;CENTRAL JABOTABEK;SOUTHERN JAKARTA;KAL;AOs3260204025336656552580;0;Anomaly;
202604;AREA 4;SULAWESI;MANADO;BAH;AOi426020612015716154f3c0;0;Anomaly;
202604;AREA 1;SUMBAGSEL;JAMBI;MBN;AOi4260208091709931676140;0;Anomaly;
202604;AREA 1;SUMBAGUT;WESTERN MEDAN;PGL;AOi42602050945403892c03d0;0;Anomaly;
202604;AREA 1;SUMBAGUT;CENTRAL MEDAN;SKI;AOi1260212064222538ba9d80;0;Anomaly;
202604;AREA 1;SUMBAGSEL;JAMBI;BKO;AOi4260221081843248ebc120;0;Anomaly;
202604;AREA 3;JATIM;SURABAYA;BKL;AOi4260210084105878c8f7a0;0;Anomaly;
202604;AREA 3;BALI NUSRA;KUPANG;KPN;AOi4260128062132664548ac0;0;Anomaly;
202604;AREA 4;KALIMANTAN;SAMARINDA;BOT;PDAk426021807151684924b4d0;0;Anomaly;
202604;AREA 3;BALI NUSRA;KUPANG;TNA;AOi42601310734525367d2c40;0;Anomaly;
202604;AREA 4;KALIMANTAN;PONTIANAK;SRY;AOi4260215085403904a3b9e0;0;Anomaly;
202604;AREA 3;JATIM;SURABAYA;ARB;AOi42602070819582715c1870;0;Anomaly;
202604;AREA 4;KALIMANTAN;BALIKPAPAN;AGN;PDAk4260129013343269cacb70;0;Anomaly;
202604;AREA 4;SULAWESI;BONE;SID;AOi42602150243073064a1a40;0;Comply;-22,80
202604;AREA 1;SUMBAGUT;RANTAU PRAPAT;RAP;AOi42602210335524024efe00;0;Anomaly;
202604;AREA 1;SUMBAGTENG;PEKANBARU;SOK;AOi4260204012935685eba040;0;Anomaly;
202604;AREA 2;JABAR;CIREBON;CBN;AOi4260221050655446f8c4a0;0;Anomaly;
202604;AREA 4;MALUKU DAN PAPUA;SORONG;SON;AOi426020502165900055c250;0;Anomaly;
202604;AREA 2;CENTRAL JABOTABEK;SOUTHERN JAKARTA;JAG;AOi4260221055302729860b60;0;Anomaly;
202604;AREA 4;SULAWESI;MANADO;BAH;AOi4260218044946413d02470;0;Anomaly;
202604;AREA 1;SUMBAGTENG;DUMAI;DUM;AOk426020202511152659d670;0;Anomaly;
202604;AREA 3;JATENG-DIY;MAGELANG;MGE;AOi42602070752018887f1160;0;Anomaly;
202604;AREA 3;JATIM;JEMBER;LMJ;AOk4260219102249235e33be0;0;Anomaly;
202604;AREA 3;JATIM;SURABAYA;KBL;AOi426022103200362976ebb0;0;Comply;-23,55
202604;AREA 3;JATIM;MALANG;BLB;AOi4260219123359473439b30;0;Anomaly;
202604;AREA 2;JABAR;BANDUNG;CJA;AOi12602230951047779177a0;0;Comply;-20,59
202604;AREA 4;SULAWESI;MANADO;LBH;AOi4260204031820491166350;0;Anomaly;
202604;AREA 3;JATENG-DIY;MAGELANG;MGE;AOi426020605034203475f8e0;0;Comply;-48,32
202604;AREA 2;EASTERN JABOTABEK;KARAWANG;CBU;AOi1260214013532599732680;0;Comply;-20,65
202604;AREA 3;JATIM;SURABAYA;PME;AOi4260211053548775b6a8f0;0;Anomaly;
202604;AREA 3;JATENG-DIY;PURWOKERTO;PWT;AOk4260216034314534b2d2e0;0;Comply;-67,34
202604;AREA 4;KALIMANTAN;BALIKPAPAN;LIK;AOi4260211023737500a114b0;0;Anomaly;
202604;AREA 4;KALIMANTAN;BALIKPAPAN;KTB;PDAk42602040253276569fa500;0;Anomaly;
202604;AREA 1;SUMBAGSEL;PALEMBANG;KAG;AOi42602201013340460c68e0;0;Anomaly;
202604;AREA 4;SULAWESI;PARE-PARE;MMS;AOi4260221112140091d6be80;0;Anomaly;
202604;AREA 3;JATIM;MALANG;BLB;AOi42602200117323769f8090;0;Anomaly;
202604;AREA 1;SUMBAGSEL;JAMBI;JMB;AOi4260211023936478e4de00;0;Anomaly;
202604;AREA 1;SUMBAGUT;RANTAU PRAPAT;ANR;AOi4260218015413678e58a60;0;Anomaly;
202604;AREA 4;SULAWESI;MANADO;KTG;AOi4260204043704135b51b40;0;Anomaly;
202604;AREA 4;MALUKU DAN PAPUA;JAYAPURA;SRM;AOi42602210811268475e7e40;0;Anomaly;
202604;AREA 2;CENTRAL JABOTABEK;SOUTHERN JAKARTA;PSM;AOs3260220091607938286e70;0;Anomaly;
202604;AREA 3;JATIM;SIDOARJO;JOM;AOs32602221035094813505b0;0;Anomaly;
202604;AREA 4;KALIMANTAN;TARAKAN;TRD;AOi4260222111331693a95e20;0;Anomaly;
202604;AREA 1;SUMBAGSEL;PALEMBANG;SKY;AOk426021801240069138bcc0;0;Anomaly;
202604;AREA 1;SUMBAGSEL;PALEMBANG;KAG;AOi42602040802227415a4f60;0;Anomaly;
202604;AREA 1;SUMBAGUT;CENTRAL MEDAN;LBP;AOi4260204080259186740110;0;Anomaly;
202604;AREA 3;JATIM;JEMBER;YSN;AOi42602191246292543dcd10;0;Anomaly;
202604;AREA 2;JABAR;BANDUNG;CCD;AOi4260216044538807e291a0;0;Anomaly;
202604;AREA 3;JATENG-DIY;MAGELANG;TEM;AOi4260206061129703d30ab0;0;Comply;0,03
202604;AREA 1;SUMBAGUT;RANTAU PRAPAT;RAP;AOs3260216053748129069cb0;0;Anomaly;
202604;AREA 2;JABAR;CIREBON;CBN;AOi4260219113755759d047a0;0;Anomaly;
202604;AREA 3;JATENG-DIY;YOGYAKARTA;PGR;AOi4260216070119154b3c090;0;Anomaly;
202604;AREA 1;SUMBAGUT;RANTAU PRAPAT;RAP;AOi426022010293759396b980;0;Anomaly;
202604;AREA 3;JATIM;MALANG;BLB;AOi4260219123359473439b30;0;Comply;-18,27
202604;AREA 4;KALIMANTAN;BALIKPAPAN;LIK;AOi4260217103455841721330;0;Anomaly;
202604;AREA 1;SUMBAGSEL;BENGKULU;MNA;AOk4260213111301342ef0e20;0;Anomaly;
202604;AREA 1;SUMBAGUT;PADANG SIDEMPUAN;PND;AOs3260201071102230903ed0;0;Anomaly;
202604;AREA 3;JATENG-DIY;PEKALONGAN;PKL;AOi426021103394075042cd80;0;Anomaly;
202604;AREA 1;SUMBAGUT;CENTRAL MEDAN;DLT;AOi4260211102643526d67f60;0;Anomaly;
202604;AREA 3;JATENG-DIY;PURWOKERTO;MAN;AOi4260217092257835c31d00;0;Anomaly;
202604;AREA 3;BALI NUSRA;MATARAM;SBW;AOi4260213095350371013db0;0;Anomaly;
202604;AREA 4;KALIMANTAN;PONTIANAK;STG;AOi4260211053655016630b50;0;Anomaly;
202604;AREA 2;EASTERN JABOTABEK;BEKASI;DEP;AOi42602030924507476ee710;0;Anomaly;
202604;AREA 1;SUMBAGSEL;PALEMBANG;PBM;AOi42602060425500511b55f0;0;Anomaly;
202604;AREA 2;JABAR;CIREBON;CKC;AOi42602010533322226f6730;0;Anomaly;
202604;AREA 3;JATIM;JEMBER;YSN;AOi42602191246292543dcd10;0;Anomaly;
202604;AREA 3;JATENG-DIY;PURWOKERTO;SUK;AOs32602101215093941b10b0;0;Anomaly;
202604;AREA 3;BALI NUSRA;KUPANG;KPN;AOi4260207124310931c45a80;0;Anomaly;
202604;AREA 1;SUMBAGUT;BANDA ACEH;TKN;AOi1260129034528898e824d0;0;Anomaly;
202604;AREA 4;KALIMANTAN;BANJARMASIN;ULI;AOi426021702354335331e7f0;0;Anomaly;
202604;AREA 2;JABAR;TASIKMALAYA;CKJ;AOi426021201285114586d910;0;Anomaly;
202604;AREA 1;SUMBAGSEL;PALEMBANG;MPA;AOi42602120329307825ca5f0;0;Anomaly;
202604;AREA 3;JATIM;SIDOARJO;KRN;AOi42602141244167382ef4b0;0;Comply;-0,44
202604;AREA 1;SUMBAGTENG;BATAM;BTC;AOi4260205095443544b743d0;0;Anomaly;
202604;AREA 1;SUMBAGSEL;JAMBI;MND;AOi1260204090901728ab2550;0;Comply;-21,83
202604;AREA 1;SUMBAGUT;RANTAU PRAPAT;ANR;AOi426021804361469365c2e0;0;Anomaly;
202604;AREA 4;KALIMANTAN;PALANGKARAYA;PRC;AOi4260204120144893c78890;0;Anomaly;
202604;AREA 2;CENTRAL JABOTABEK;SOUTHERN JAKARTA;KRG;PDAk42602200657019901cd930;0;Anomaly;
202604;AREA 1;SUMBAGUT;PADANG SIDEMPUAN;PSP;AOi42602091053330812b95f0;0;Anomaly;
202604;AREA 2;JABAR;TASIKMALAYA;LAG;AOi426021401192455298b860;0;Anomaly;
202604;AREA 1;SUMBAGSEL;LAMPUNG;LKP;AOi4260213055127263b7d240;0;Comply;-1,26
202604;AREA 1;SUMBAGTENG;BATAM;NGS;AOi426021811083004274fc80;0;Anomaly;
202604;AREA 3;JATIM;SIDOARJO;KRN;AOi426022009041511576cb70;0;Anomaly;
202604;AREA 3;JATENG-DIY;SURAKARTA;DLG;AOi42602200142375896655f0;0;Anomaly;
202604;AREA 1;SUMBAGSEL;PALEMBANG;TLK;AOs3260206103302564f2e3d0;0;Comply;-75,62
202604;AREA 2;JABAR;TASIKMALAYA;TSM;AOk426020611532482298aac0;0;Anomaly;
202604;AREA 1;SUMBAGUT;RANTAU PRAPAT;ANR;AOi4260210072112558986c50;0;Anomaly;
202604;AREA 2;EASTERN JABOTABEK;BOGOR;BOO;AOi4260206014517928813390;0;Anomaly;
202604;AREA 4;MALUKU DAN PAPUA;SORONG;FFA;AOi4260218101620332042db0;0;Anomaly;
202604;AREA 4;SULAWESI;PARE-PARE;MLL;AOi42602040516380925e6ce0;0;Anomaly;
202604;AREA 3;BALI NUSRA;DENPASAR;UBN;AOi4260210085225147375600;0;Anomaly;
202604;AREA 4;KALIMANTAN;TARAKAN;TRD;AOk42602190102318300ea7a0;0;Anomaly;
202604;AREA 1;SUMBAGUT;PADANG SIDEMPUAN;GST;AOi42602051254375857c4750;0;Anomaly;
202604;AREA 1;SUMBAGTENG;BUKIT TINGGI;SPE;AOi4260218043003466f08680;0;Anomaly;
202604;AREA 4;KALIMANTAN;SAMARINDA;SMR;AOi42602080945257521f0480;0;Comply;-1,63
202604;AREA 1;SUMBAGUT;RANTAU PRAPAT;KPI;AOi42602131017310514d21d0;0;Anomaly;
202604;AREA 3;JATENG-DIY;PURWOKERTO;CLC;AOk4260203024121508be19c0;0;Anomaly;
202604;AREA 4;SULAWESI;MANADO;TNT;AOi42602070221599356e2930;0;Anomaly;
202604;AREA 3;JATENG-DIY;PEKALONGAN;SLW;AOi4260210105804352eec560;0;Anomaly;
202604;AREA 4;MALUKU DAN PAPUA;JAYAPURA;ABE;AOi4260213121306434c17380;0;Anomaly;
202604;AREA 3;BALI NUSRA;MATARAM;SBW;AOi42602111235597974428f0;0;Comply;-28,32
202604;AREA 2;CENTRAL JABOTABEK;SOUTHERN JAKARTA;KMG;AOi426020411215921433c8e0;0;Anomaly;
202604;AREA 4;KALIMANTAN;BANJARMASIN;MTP;AOi4260209032456976f27d60;0;Anomaly;
202604;AREA 1;SUMBAGUT;CENTRAL MEDAN;CTD;AOi4260131014242181b1c860;0;Anomaly;
202604;AREA 2;JABAR;BANDUNG;TGE;AOi4260213024807567a1aed0;0;Anomaly;
202604;AREA 3;JATENG-DIY;SEMARANG;MJE;AOi42602020739555420d2730;0;Comply;-3,37
202604;AREA 2;WESTERN JABOTABEK;TANGERANG;CPA;AOs3260216083640463de4c90;0;Anomaly;
202604;AREA 2;CENTRAL JABOTABEK;SOUTHERN JAKARTA;PDK;AOi4260216091529068a388e0;0;Anomaly;
202604;AREA 1;SUMBAGTENG;BUKIT TINGGI;LBS;AOi1260212092204874fb0bf0;0;Anomaly;
202604;AREA 1;SUMBAGTENG;PADANG;BDT;AOi42602100523311028492d0;0;Anomaly;
202604;AREA 1;SUMBAGSEL;JAMBI;MBN;AOi4260221092106118a20d60;0;Anomaly;
202604;AREA 4;MALUKU DAN PAPUA;JAYAPURA;JAP;AOi42602141243298328b9c70;0;Anomaly;
202604;AREA 1;SUMBAGUT;PEMATANG SIANTAR;TBT;AOi4260209122226666e62ae0;0;Anomaly;
202604;AREA 1;SUMBAGTENG;BATAM;LBJ;AOi4260219042714331897150;0;Comply;-68,02
202604;AREA 3;JATIM;SURABAYA;KML;AOi42602120809149313ef520;0;Anomaly;
202604;AREA 3;BALI NUSRA;DENPASAR;NSD;AOi4260211043231291cd6ab0;0;Comply;-115,88
202604;AREA 3;JATENG-DIY;SURAKARTA;KTO;AOi42602040724262757f48f0;0;Anomaly;
202604;AREA 1;SUMBAGTENG;PEKANBARU;PMB;AOi42602030827431719f4430;0;Anomaly;
202604;AREA 2;WESTERN JABOTABEK;SERANG;SAM;AOi4260220041640381c76a10;0;Anomaly;
202604;AREA 1;SUMBAGSEL;PALEMBANG;TLK;AOi42602160953063629c1840;0;Anomaly;
202604;AREA 1;SUMBAGSEL;PANGKAL PINANG;PGP;AOi426021602533545041d2a0;0;Anomaly;
202604;AREA 1;SUMBAGTENG;PEKANBARU;PWG;AOi42602140712103653df980;0;Anomaly;
202604;AREA 2;EASTERN JABOTABEK;BOGOR;JPK;AOi4260208111621601d26540;0;Anomaly;
202604;AREA 1;SUMBAGSEL;BENGKULU;AGR;AOi4260203030810885b76a60;0;Anomaly;
202604;AREA 3;JATIM;MALANG;KEP;AOi4260201092344774e879f0;0;Anomaly;
202604;AREA 3;JATENG-DIY;SEMARANG;MJP;AOi42602061258446725869a0;0;Anomaly;
202604;AREA 1;SUMBAGSEL;PALEMBANG;KTU;AOi426022111104516504d4e0;0;Anomaly;
202604;AREA 1;SUMBAGUT;BANDA ACEH;BIR;AOi4260201115122738dbd6c0;0;Anomaly;
202604;AREA 4;KALIMANTAN;PANGKALAN BUN;KTP;AOi4260205060047358deef50;0;Comply;-18,32
202604;AREA 4;SULAWESI;MANADO;JLL;AOi42602121216353628746f0;0;Anomaly;
202604;AREA 2;CENTRAL JABOTABEK;NORTHERN JAKARTA;STR;AOk42602180747449039b7450;0;Anomaly;
202604;AREA 4;SULAWESI;KENDARI;MDG;AOi426020708011997737c930;0;Anomaly;
202604;AREA 1;SUMBAGTENG;DUMAI;BKN;AOi4260201085650174b16f10;0;Anomaly;
202604;AREA 1;SUMBAGUT;CENTRAL MEDAN;LBP;AOi4260220093731437863ef0;0;Anomaly;
202604;AREA 4;KALIMANTAN;PALANGKARAYA;PLK;AOi4260218015943299b0fcc0;0;Anomaly;
202604;AREA 3;JATIM;SURABAYA;MGO;AOi4260217015321394baeab0;0;Anomaly;
202604;AREA 1;SUMBAGSEL;LAMPUNG;TKB;AOi4260217021527662fdb120;0;Anomaly;
202604;AREA 1;SUMBAGTENG;BATAM;SLU;AOi4260216042117139d18840;0;Anomaly;
202604;AREA 3;BALI NUSRA;DENPASAR;TBN;AOi426021612115332413aae0;0;Anomaly;
202604;AREA 4;KALIMANTAN;PONTIANAK;MPW;AOi42602060857457684338a0;0;Anomaly;
202604;AREA 3;JATIM;SIDOARJO;SDA;AOi4260214095658388e48540;0;Anomaly;
202604;AREA 3;JATIM;MADIUN;MGT;AOk426020209231139729ab20;0;Comply;-19,54
202604;AREA 3;JATIM;SURABAYA;KPS;AOi4260218102213848c125a0;0;Anomaly;
202604;AREA 4;SULAWESI;PALU;TOL;AOi426021001074277379e040;0;Anomaly;
202604;AREA 3;BALI NUSRA;MATARAM;TET;AOi4260216105702450530260;0;Anomaly;
202604;AREA 4;SULAWESI;MANADO;TMH;AOi42602180926495640047d0;0;Anomaly;
202604;AREA 3;JATENG-DIY;PEKALONGAN;PKL;AOk42602181045006652e88f0;0;Anomaly;
202604;AREA 1;SUMBAGTENG;PEKANBARU;SOK;AOi426021401072372155bed0;0;Anomaly;
202604;AREA 4;SULAWESI;MANADO;LBH;AOi4260213093820218133640;0;Anomaly;
202604;AREA 2;EASTERN JABOTABEK;BOGOR;CSN;AOk4260219044726203bd6dd0;0;Anomaly;
202604;AREA 2;WESTERN JABOTABEK;SERANG;SEG;AOk4260216083659856c01370;0;Comply;-7,12
202604;AREA 1;SUMBAGUT;PEMATANG SIANTAR;PMY;AOi4260209081006928ce5c30;0;Anomaly;
202604;AREA 1;SUMBAGUT;RANTAU PRAPAT;KPI;AOi4260126110133477090b90;0;Anomaly;
202604;AREA 1;SUMBAGUT;BANDA ACEH;SLG;AOi426020404554378090c560;0;Anomaly;
202604;AREA 2;EASTERN JABOTABEK;BEKASI;PCM;AOs3260216123941107ee4470;0;Comply;-11,86
202604;AREA 1;SUMBAGUT;PEMATANG SIANTAR;KBJ;AOi4260201030242134f11550;0;Anomaly;
202604;AREA 3;JATENG-DIY;PEKALONGAN;BLU;AOi4260215091730299dd5fd0;0;Anomaly;
202604;AREA 2;JABAR;BANDUNG;CMI;AOs32602200214478871cd750;0;Anomaly;
202604;AREA 4;KALIMANTAN;BALIKPAPAN;BRU;PDAk4260218020723086b599d0;0;Anomaly;
202604;AREA 3;BALI NUSRA;DENPASAR;BLI;AOi42602180125171593e5f00;0;Anomaly;
202604;AREA 3;BALI NUSRA;FLORES;RTE;AOi42602060358349102ca6b0;0;Anomaly;
202604;AREA 3;JATIM;MALANG;KPO;AOi42602160509380853f7060;0;Anomaly;
202604;AREA 1;SUMBAGUT;CENTRAL MEDAN;TJM;AOi4260210024201087a03360;0;Anomaly;
202604;AREA 4;KALIMANTAN;TARAKAN;TRK;AOi4260206094219059a54a40;0;Anomaly;
202604;AREA 1;SUMBAGSEL;LAMPUNG;BDA;AOi426012612025170562c4f0;0;Anomaly;
202604;AREA 3;JATIM;JEMBER;PBL;AOi426021412065697484e9b0;0;Anomaly;
202604;AREA 3;JATIM;SIDOARJO;SDA;AOi4260214065834172298940;0;Anomaly;
202604;AREA 1;SUMBAGTENG;PADANG;ULK;AOk4260211041500690e44400;0;Anomaly;
202604;AREA 3;JATENG-DIY;SEMARANG;GNK;AOi42602110729136673dee80;0;Comply;-19,77
202604;AREA 4;MALUKU DAN PAPUA;TIMIKA;TIM;AOi4260217032755198f0a040;0;Anomaly;
202604;AREA 1;SUMBAGUT;PADANG SIDEMPUAN;SBG;AOi4260128091327031c6ed40;0;Anomaly;
202604;AREA 1;SUMBAGUT;RANTAU PRAPAT;NGB;AOi4260211092611886651f00;0;Anomaly;
202604;AREA 1;SUMBAGUT;WESTERN MEDAN;IDI;AOi42602020839011373e3310;0;Comply;0,68
202604;AREA 2;CENTRAL JABOTABEK;SOUTHERN JAKARTA;KAL;AOi4260205084606042bce110;0;Anomaly;
202604;AREA 3;JATIM;SIDOARJO;SDN;AOi42602181041303714fef40;0;Anomaly;
202604;AREA 2;CENTRAL JABOTABEK;NORTHERN JAKARTA;KTX;AOs3260217072736807e7e2c0;0;Anomaly;
202604;AREA 1;SUMBAGTENG;BUKIT TINGGI;PAM;AOi4260213025931633b611b0;0;Anomaly;
202604;AREA 2;CENTRAL JABOTABEK;NORTHERN JAKARTA;PDM;AOi4260218045844671b63090;0;Comply;-25,52
202604;AREA 4;KALIMANTAN;PALANGKARAYA;KKN;AOi4260211111904250389820;0;Anomaly;
202604;AREA 4;KALIMANTAN;TARAKAN;TRK;AOi42602050237361020f9520;0;Anomaly;
202604;AREA 4;KALIMANTAN;PONTIANAK;SDR;AOi4260201043430443c22e20;0;Anomaly;
202604;AREA 1;SUMBAGUT;WESTERN MEDAN;LGS;AOi4260129055358496d8ae80;0;Anomaly;
202604;AREA 1;SUMBAGSEL;PALEMBANG;SGB;AOi426020401084850696a100;0;Anomaly;
202604;AREA 3;JATENG-DIY;MAGELANG;PRN;AOi426021609525892396caa0;0;Comply;-22,32
202604;AREA 2;EASTERN JABOTABEK;KARAWANG;KRW;AOi4260213025026344ef1fc0;0;Anomaly;
202604;AREA 4;SULAWESI;MANADO;TOB;AOi4260205085739788a827e0;0;Anomaly;
202604;AREA 3;BALI NUSRA;DENPASAR;BTR;AOi42602180806499609534c0;0;Anomaly;
202604;AREA 2;CENTRAL JABOTABEK;SOUTHERN JAKARTA;PSR;AOs32602171102194670c4490;0;Anomaly;
202604;AREA 2;EASTERN JABOTABEK;BOGOR;CLS;AOi4260213064322341289390;0;Comply;-12,99
202604;AREA 3;JATIM;MADIUN;PNZ;AOk42602181001490369a0870;0;Anomaly;
202604;AREA 1;SUMBAGSEL;PALEMBANG;TAM;AOi4260203110921159b2fe30;0;Anomaly;
202604;AREA 1;SUMBAGUT;BANDA ACEH;BPD;AOi4260211025352386484f20;0;Not Comply;3,38
202604;AREA 4;KALIMANTAN;PONTIANAK;PTK;AOs3260213025554061c9bfb0;0;Anomaly;
202604;AREA 2;CENTRAL JABOTABEK;SOUTHERN JAKARTA;CPE;AOb02602030835031044aa020;0;Comply;-34,41
202604;AREA 2;CENTRAL JABOTABEK;SOUTHERN JAKARTA;KAL;AOi4260205084606042bce110;0;Anomaly;
202604;AREA 3;JATIM;SURABAYA;KNN;AOi12602190910100390f14c0;0;Anomaly;
202604;AREA 3;JATENG-DIY;PURWOKERTO;PWT;AOi4260216035515458216d90;0;Anomaly;
202604;AREA 3;JATIM;SURABAYA;SPG;AOi42602191145048634a0a60;0;Anomaly;
202604;AREA 2;CENTRAL JABOTABEK;SOUTHERN JAKARTA;GBC;AOi1260216104204292396030;0;Comply;-14,13
202604;AREA 1;SUMBAGSEL;PALEMBANG;MPA;AOi42602120329307825ca5f0;0;Anomaly;-0,23
202604;AREA 1;SUMBAGUT;CENTRAL MEDAN;CTD;AOi42602110517330898fb540;0;Anomaly;
202604;AREA 1;SUMBAGSEL;PALEMBANG;SGB;AOi426021409515935519a460;0;Anomaly;
202604;AREA 1;SUMBAGUT;BANDA ACEH;BNN;AOi4260215043607369f4e130;0;Anomaly;
202604;AREA 2;EASTERN JABOTABEK;BEKASI;BEK;PDAk4260128022704763364ac0;0;Anomaly;
202604;AREA 1;SUMBAGTENG;BATAM;BTC;AOi4260213035025788e79da0;0;Comply;-16,78
202604;AREA 3;JATIM;JEMBER;KPP;AOi4260202093730077eff2c0;0;Anomaly;
202604;AREA 1;SUMBAGSEL;JAMBI;MBN;AOi4260217123511695b30af0;0;Anomaly;
202604;AREA 3;JATENG-DIY;PURWOKERTO;KLP;AOi42602040603303368a7bb0;0;Comply;-43,42
202604;AREA 2;JABAR;TASIKMALAYA;MNJ;AOi1260206124138294e68bf0;0;Anomaly;
202604;AREA 3;JATENG-DIY;MAGELANG;TEM;AOi426021711223576607eda0;0;Anomaly;
202604;AREA 2;JABAR;TASIKMALAYA;TSM;AOb02602181219408241e3e50;0;Anomaly;
202604;AREA 4;SULAWESI;MANADO;TNT;AOi4260218104928888f08180;0;Anomaly;
202604;AREA 3;JATENG-DIY;YOGYAKARTA;PGR;AOi4260212032708458408550;0;Anomaly;
202604;AREA 1;SUMBAGTENG;PADANG;BDT;AOi42602150438197399f2be0;0;Anomaly;
202604;AREA 3;JATIM;SURABAYA;KPS;AOi42602020516417725d07f0;0;Anomaly;
202604;AREA 3;BALI NUSRA;MATARAM;BIM;AOi4260201031208681ee4550;0;Anomaly;
202604;AREA 3;BALI NUSRA;DENPASAR;SWI;AOi42601260545218724a4700;0;Anomaly;
202604;AREA 1;SUMBAGUT;CENTRAL MEDAN;BLW;AOi4260209014644845cce060;0;Anomaly;
202604;AREA 4;MALUKU DAN PAPUA;JAYAPURA;ABE;AOi4260218074632343a29810;0;Anomaly;
202604;AREA 4;MALUKU DAN PAPUA;AMBON;PAO;AOi12602020654378451154c0;0;Anomaly;
202604;AREA 4;MALUKU DAN PAPUA;SORONG;TMB;AOi426021112504279673a350;0;Anomaly;
202604;AREA 4;KALIMANTAN;PALANGKARAYA;KKN;AOi4260211111904250389820;0;Anomaly;
202604;AREA 2;WESTERN JABOTABEK;SERANG;BRS;PDAk4260218034122362cbf420;0;Anomaly;
202604;AREA 3;BALI NUSRA;DENPASAR;KUT;AOi42602041220490388aaf80;0;Anomaly;
202604;AREA 4;SULAWESI;MANADO;MDO;AOi1260213022424971d395e0;0;Anomaly;
202604;AREA 1;SUMBAGSEL;JAMBI;PKB;AOi4260215033253477ebf9e0;0;Anomaly;
202604;AREA 1;SUMBAGSEL;JAMBI;MND;AOi4260217102750253f2a0c0;0;Anomaly;
202604;AREA 3;JATIM;SURABAYA;RKT;AOi42602051238317287bc560;0;Anomaly;
202604;AREA 1;SUMBAGUT;BANDA ACEH;TKN;AOs3260207023857020b44ed0;0;Comply;-46,64
202604;AREA 1;SUMBAGUT;CENTRAL MEDAN;TJM;AOi42602070127123287ef180;0;Anomaly;
202604;AREA 3;BALI NUSRA;DENPASAR;UBU;AOi426020404345763953bab0;0;Anomaly;
202604;AREA 4;KALIMANTAN;SAMARINDA;BOT;PDAk426021807151684924b4d0;0;Comply;-19,49
202604;AREA 4;KALIMANTAN;BANJARMASIN;BJM;AOi4260216091434148666700;0;Anomaly;
202604;AREA 4;KALIMANTAN;PONTIANAK;PTK;AOk4260214075246857549270;0;Anomaly;
202604;AREA 4;SULAWESI;MANADO;MDO;AOi4260202025524888a274b0;0;Anomaly;
202604;AREA 3;JATENG-DIY;MAGELANG;PWJ;AOi42602110337452179aaa60;0;Anomaly;
202604;AREA 1;SUMBAGUT;WESTERN MEDAN;LSK;AOi4260208010724509bba510;0;Comply;2,55
202604;AREA 3;JATIM;JEMBER;KPP;AOi42602171247394527c80c0;0;Anomaly;
202604;AREA 1;SUMBAGSEL;JAMBI;PKB;AOi42602141025008431fb150;0;Anomaly;
202604;AREA 1;SUMBAGSEL;JAMBI;PKB;AOi4260214120546221e99cb0;0;Anomaly;
202604;AREA 2;WESTERN JABOTABEK;TANGERANG;SRP;AOk426021412133631650aa10;0;Anomaly;
202604;AREA 3;JATENG-DIY;SEMARANG;ABR;AOi426021004161629612fdb0;0;Comply;-0,16
202604;AREA 1;SUMBAGTENG;BUKIT TINGGI;BKT;AOi12602180930130629505e0;0;Anomaly;
202604;AREA 1;SUMBAGUT;CENTRAL MEDAN;TJM;AOi42602150519284863864e0;0;Comply;-22,51
202604;AREA 3;JATIM;SURABAYA;TNS;PDAk4260216125418130160950;0;Anomaly;
202604;AREA 1;SUMBAGSEL;PANGKAL PINANG;PGP;AOi426020312053893010c940;0;Not Comply;8,26
202604;AREA 2;JABAR;BANDUNG;SDL;AOi4260215063341183326890;0;Anomaly;
202604;AREA 1;SUMBAGTENG;PADANG;BDT;AOi4260214112947125cd40b0;0;Anomaly;
202604;AREA 3;BALI NUSRA;DENPASAR;GIN;AOi42602020245303404f60b0;0;Anomaly;
202604;AREA 1;SUMBAGTENG;PADANG;SWL;AOi4260211064326354f2fd80;0;Anomaly;
202604;AREA 2;JABAR;CIREBON;PRD;AOk42602130321156955c6920;0;Anomaly;
202604;AREA 1;SUMBAGTENG;PEKANBARU;ARK;AOi4260210124329531346c60;0;Anomaly;
202604;AREA 2;WESTERN JABOTABEK;TANGERANG;LKG;AOs32602161235112331da500;0;Anomaly;
202604;AREA 4;SULAWESI;KENDARI;KDR;AOi4260215071315117b728a0;0;Anomaly;
202604;AREA 3;BALI NUSRA;FLORES;BJW;AOi42602161044124220aad40;0;Anomaly;
202604;AREA 1;SUMBAGTENG;PADANG;PDC;AOi426021207345690397e020;0;Anomaly;
202604;AREA 1;SUMBAGSEL;BENGKULU;PGA;AOi426021610383055767a7d0;0;Anomaly;
202604;AREA 2;CENTRAL JABOTABEK;NORTHERN JAKARTA;MRD;AOi4260211093301760d1b400;0;Anomaly;
202604;AREA 3;JATIM;SURABAYA;SPG;AOi426020105360691392b490;0;Anomaly;
202604;AREA 1;SUMBAGUT;CENTRAL MEDAN;LBP;AOi4260217105733698f65950;0;Anomaly;
202604;AREA 4;MALUKU DAN PAPUA;SORONG;SON;AOi426020401475231777bcb0;0;Anomaly;
202604;AREA 1;SUMBAGUT;PEMATANG SIANTAR;SBN;AOi4260214091758357a75c60;0;Anomaly;
202604;AREA 1;SUMBAGUT;BANDA ACEH;MBO;AOi426021210392478128b420;0;Anomaly;
202604;AREA 1;SUMBAGTENG;BATAM;SLU;AOi42602040815353501981c0;0;Anomaly;
202604;AREA 3;JATIM;SURABAYA;BKL;AOi426020209401618187f7d0;0;Anomaly;
202604;AREA 1;SUMBAGSEL;PALEMBANG;PGC;AOk42602131054478350d40f0;0;Anomaly;
202604;AREA 3;JATENG-DIY;PEKALONGAN;BRB;AOi42602101214000593f3d00;0;Anomaly;
202604;AREA 4;MALUKU DAN PAPUA;SORONG;SON;AOi4260210122743136f23700;0;Anomaly;
202604;AREA 4;MALUKU DAN PAPUA;JAYAPURA;SNI;AOi12602100559427220ca210;0;Anomaly;
202604;AREA 2;CENTRAL JABOTABEK;NORTHERN JAKARTA;STR;AOk4260204084115965f70280;0;Comply;-3,76
202604;AREA 2;WESTERN JABOTABEK;SERANG;SEG;AOk4260205083616150f06020;0;Anomaly;
202604;AREA 4;MALUKU DAN PAPUA;AMBON;MSH;AOi42602021215152783c5280;0;Anomaly;
202604;AREA 1;SUMBAGUT;PEMATANG SIANTAR;SRA;AOi4260131033859331a53cf0;0;Comply;0,58
202604;AREA 3;JATIM;LAMONGAN;BJN;AOi4260203092607386708f00;0;Anomaly;
202604;AREA 3;BALI NUSRA;FLORES;MMR;AOi4260206095457472cd6750;0;Anomaly;
202604;AREA 1;SUMBAGUT;CENTRAL MEDAN;PUB;AOi426021411012005637b830;0;Anomaly;
202604;AREA 3;JATENG-DIY;SEMARANG;SMT;AOi4260202125224135959790;0;Anomaly;
202604;AREA 3;JATENG-DIY;SURAKARTA;GLD;AOi4260218113528296a35ad0;0;Anomaly;
202604;AREA 4;KALIMANTAN;BANJARMASIN;TJL;AOk4260202094605754d97b40;0;Comply;-23,84
202604;AREA 3;BALI NUSRA;DENPASAR;UBN;AOi42602020824232520b6960;0;Anomaly;
202604;AREA 1;SUMBAGUT;PEMATANG SIANTAR;LBK;AOs3260202024911348a0cbd0;0;Anomaly;
202604;AREA 2;JABAR;BANDUNG;CLL;AOi42602130457486600b5c30;0;Anomaly;
202604;AREA 3;BALI NUSRA;MATARAM;MTR;AOi42602080640551061b8b20;0;Anomaly;
202604;AREA 2;JABAR;TASIKMALAYA;PMP;AOs326020611331749331aba0;0;Comply;-17,48
202604;AREA 4;MALUKU DAN PAPUA;JAYAPURA;JAP;AOk426021003304673531a5b0;0;Anomaly;
202604;AREA 3;BALI NUSRA;MATARAM;SWE;AOs3260206115049275bd9160;0;Anomaly;
202604;AREA 1;SUMBAGUT;CENTRAL MEDAN;TJR;AOi4260210053035580c718d0;0;Comply;-27,52
202604;AREA 1;SUMBAGSEL;PANGKAL PINANG;TJN;AOi426021610081058840eec0;0;Anomaly;
202604;AREA 3;JATIM;SURABAYA;LKI;AOi1260216073243617ccc690;0;Comply;1,78
202604;AREA 3;BALI NUSRA;MATARAM;ALA;AOs32602031121329234763f0;0;Anomaly;
202604;AREA 2;CENTRAL JABOTABEK;SOUTHERN JAKARTA;CID;AOi4260215110544809198970;0;Comply;-14,16
202604;AREA 3;JATIM;JEMBER;KBS;PDAk4260210091930356055390;0;Anomaly;
202604;AREA 4;KALIMANTAN;PONTIANAK;SNW;AOi4260214123825556da26c0;0;Anomaly;
202604;AREA 1;SUMBAGTENG;PEKANBARU;RGT;AOi426020307390054663b420;0;Anomaly;
202604;AREA 1;SUMBAGUT;WESTERN MEDAN;KSG;AOi4260210034900937351300;0;Anomaly;
202604;AREA 4;SULAWESI;GORONTALO;MRS;AOi42602131015357729f6d20;0;Anomaly;
202604;AREA 3;BALI NUSRA;DENPASAR;KLM;AOi12602160633485009d2bb0;0;Anomaly;
202604;AREA 1;SUMBAGSEL;BENGKULU;MNA;AOi4260209075333002b90250;0;Anomaly;
202604;AREA 1;SUMBAGUT;BANDA ACEH;BPD;AOi4260212124243923de0df0;0;Anomaly;
202604;AREA 1;SUMBAGTENG;PEKANBARU;BKR;AOi42602121058101942181c0;0;Anomaly;
202604;AREA 2;JABAR;BANDUNG;BTJ;AOi4260215094220503919890;0;Anomaly;
202604;AREA 1;SUMBAGUT;CENTRAL MEDAN;TMU;PDAk4260216081507945729660;0;Anomaly;
202604;AREA 3;JATIM;MALANG;WGI;AOi4260203043433626640660;0;Anomaly;
202604;AREA 2;EASTERN JABOTABEK;BOGOR;PPG;AOi4260216094851462f33e30;0;Anomaly;
202604;AREA 4;SULAWESI;MANADO;LBH;AOi4260215050554333da4fe0;0;Anomaly;
202604;AREA 2;JABAR;TASIKMALAYA;GRU;AOi42602130521105136796b0;0;Anomaly;
202604;AREA 3;BALI NUSRA;DENPASAR;UBN;AOs3260210110819635b05f50;0;Anomaly;
202604;AREA 1;SUMBAGTENG;BATAM;LBJ;AOi42602020826094699ed310;0;Comply;-44,89
202604;AREA 1;SUMBAGUT;RANTAU PRAPAT;RAP;AOi42602100611403393ffda0;0;Anomaly;
202604;AREA 3;JATIM;SURABAYA;JGR;AOi4260212115656366240710;0;Anomaly;
202604;AREA 3;BALI NUSRA;FLORES;LBO;AOk42602041053392130c98c0;0;Comply;-21,20
202604;AREA 3;JATIM;SURABAYA;KPS;AOi4260203101704147335a30;0;Comply;-20,96
202604;AREA 1;SUMBAGUT;PEMATANG SIANTAR;RBM;AOi4260127110248212952840;0;Anomaly;
202604;AREA 3;BALI NUSRA;FLORES;LRT;AOk426012912512838066d5e0;0;Anomaly;
202604;AREA 3;JATENG-DIY;SURAKARTA;GLD;AOk42602021039466932b94e0;0;Anomaly;
202604;AREA 2;WESTERN JABOTABEK;SERANG;BRS;AOi426020808552569004f160;0;Comply;-25,42
202604;AREA 3;BALI NUSRA;DENPASAR;KLM;AOi426021510463894282f460;0;Anomaly;
202604;AREA 4;SULAWESI;PARE-PARE;PKA;PDAk4260128084301948c92ab0;0;Anomaly;
202604;AREA 2;JABAR;BANDUNG;LBG;AOi42602091145255865ac630;0;Anomaly;
202604;AREA 2;EASTERN JABOTABEK;BEKASI;PKY;AOi4260214052812730a75160;0;Anomaly;
202604;AREA 1;SUMBAGUT;CENTRAL MEDAN;TJR;AOi426021101562573364e520;0;Comply;-26,61
202604;AREA 3;JATENG-DIY;MAGELANG;MUN;AOi42602071250498285e6c70;0;Anomaly;
202604;AREA 3;BALI NUSRA;FLORES;KLH;AOi4260131021255671e45ed0;0;Anomaly;
202604;AREA 3;JATENG-DIY;MAGELANG;MGE;AOi4260208111757408242000;0;Anomaly;
202604;AREA 3;JATENG-DIY;SURAKARTA;KRT;AOs3260211015525803c7cbe0;0;Anomaly;
202604;AREA 2;WESTERN JABOTABEK;TANGERANG;PDR;AOi426020201111733822fb00;0;Anomaly;
202604;AREA 3;JATIM;SURABAYA;GBG;AOs3260216125410630b9b690;0;Anomaly;
202604;AREA 2;JABAR;CIREBON;PGD;AOi12602150423305817d9c10;0;Anomaly;
202604;AREA 1;SUMBAGTENG;BATAM;SLU;AOi4260210070450507666af0;0;Anomaly;
202604;AREA 2;JABAR;BANDUNG;CJA;AOi4260203021503870fac830;0;Comply;-3,72
202604;AREA 1;SUMBAGUT;CENTRAL MEDAN;CTD;AOb0260131114450784130910;0;Anomaly;
202604;AREA 3;JATENG-DIY;SURAKARTA;KRT;AOs32602160111264577dfc10;0;Anomaly;
202604;AREA 3;JATIM;MADIUN;CRB;AOi42602161009198139039a0;0;Comply;2,70
202604;AREA 3;BALI NUSRA;FLORES;MMR;AOi42602130532387624cb970;0;Anomaly;
202604;AREA 3;JATIM;SIDOARJO;MRT;AOi4260215124640567965c20;0;Anomaly;
202604;AREA 3;JATIM;SURABAYA;GBG;AOi4260202073128735f31b80;0;Anomaly;
202604;AREA 2;CENTRAL JABOTABEK;SOUTHERN JAKARTA;KRG;AOk4260214115122135636f80;0;Anomaly;
202604;AREA 1;SUMBAGUT;PADANG SIDEMPUAN;PSP;AOk4260212101353167388bb0;0;Anomaly;
202604;AREA 2;EASTERN JABOTABEK;BEKASI;BEK;AOk42602071212223086c21a0;0;Anomaly;
202604;AREA 3;BALI NUSRA;DENPASAR;UBN;AOi42602020624256384f6d00;0;Anomaly;
202604;AREA 3;JATIM;SURABAYA;KPS;AOi42602060603484794b0d40;0;Comply;-4,45
202604;AREA 1;SUMBAGSEL;PALEMBANG;BKS;AOi4260216124743215e7d3c0;0;Comply;2,98
202604;AREA 3;JATIM;LAMONGAN;GSK;AOi4260215085142309ea8500;0;Anomaly;
202604;AREA 1;SUMBAGUT;WESTERN MEDAN;LSM;AOi426021302565100266f9b0;0;Anomaly;
202604;AREA 2;EASTERN JABOTABEK;BOGOR;CPS;AOs3260214100908414ac99c0;0;Comply;-41,05
202604;AREA 3;JATIM;SURABAYA;BEA;AOi4260204075614509a46ee0;0;Anomaly;
202604;AREA 2;CENTRAL JABOTABEK;SOUTHERN JAKARTA;TBE;AOi4260210122143515086b80;0;Anomaly;
202604;AREA 1;SUMBAGUT;RANTAU PRAPAT;NGB;AOi4260201031037548fd1b80;0;Anomaly;
202604;AREA 3;JATENG-DIY;MAGELANG;KTA;AOi4260206074228240da9e80;0;Anomaly;
202604;AREA 3;JATENG-DIY;YOGYAKARTA;PGR;AOi4260211091635885f3ab90;0;Anomaly;
202604;AREA 3;BALI NUSRA;DENPASAR;KLM;AOi42602120432444712db390;0;Anomaly;
202604;AREA 4;SULAWESI;MAKASSAR;PNK;AOs3260213021652292a83070;0;Anomaly;
202604;AREA 2;JABAR;BANDUNG;BTJ;AOi426020112092290116a980;0;Anomaly;
202604;AREA 4;KALIMANTAN;SAMARINDA;BOT;AOi42602111036230792a4ae0;0;Anomaly;
202604;AREA 4;SULAWESI;GORONTALO;MRS;AOi42602140159555061cc160;0;Anomaly;
202604;AREA 3;JATIM;SURABAYA;KBL;AOi4260215121059718ff4060;0;Anomaly;
202604;AREA 4;KALIMANTAN;PONTIANAK;SPY;AOi4260207060923544dd18e0;0;Anomaly;
202604;AREA 1;SUMBAGUT;PEMATANG SIANTAR;BST;AOi4260206072651696e0d2c0;0;Anomaly;
202604;AREA 1;SUMBAGSEL;BENGKULU;PDW;AOi42601310903040278c5a40;0;Anomaly;
202604;AREA 1;SUMBAGUT;WESTERN MEDAN;PTL;AOi4260201033226038d4da80;0;Comply;-23,57
202604;AREA 3;JATENG-DIY;PEKALONGAN;KJE;AOi426020106084967199c9a0;0;Anomaly;
202604;AREA 4;MALUKU DAN PAPUA;SORONG;SON;AOi42602101008123094d7280;0;Anomaly;
202604;AREA 1;SUMBAGUT;PEMATANG SIANTAR;KBJ;AOi426013107002989301f0b0;0;Comply;-3,71
202604;AREA 4;KALIMANTAN;SAMARINDA;SBR;AOi42602150856173181b07e0;0;Anomaly;
202604;AREA 4;SULAWESI;KENDARI;BBU;AOi4260212081537819dea6a0;0;Anomaly;
202604;AREA 3;BALI NUSRA;DENPASAR;SMY;AOi42602020229327347ee720;0;Anomaly;
202604;AREA 2;EASTERN JABOTABEK;BOGOR;TJO;AOi426021108493061583ba30;0;Comply;0,41
202604;AREA 2;JABAR;TASIKMALAYA;BNJ;AOi1260215082706493bb2840;0;Anomaly;
202604;AREA 1;SUMBAGUT;PEMATANG SIANTAR;RBM;AOi42602130344565364d1980;0;Anomaly;
202604;AREA 3;JATIM;LAMONGAN;KRK;AOi4260202083837495d93220;0;Anomaly;
202604;AREA 2;CENTRAL JABOTABEK;SOUTHERN JAKARTA;PGB;AOi42602041218586623b0500;0;Anomaly;
202604;AREA 2;EASTERN JABOTABEK;BOGOR;KHL;AOi12602030623390925063d0;0;Comply;-22,99
202604;AREA 3;JATENG-DIY;SURAKARTA;KTO;AOi4260213055135024b6f100;0;Anomaly;
202604;AREA 3;JATENG-DIY;PEKALONGAN;BRB;AOi4260131045706709bbe300;0;Anomaly;
202604;AREA 2;CENTRAL JABOTABEK;SOUTHERN JAKARTA;RMG;AOk426020404563071829a080;0;Anomaly;
202604;AREA 3;JATIM;SIDOARJO;KRN;AOi4260214091800031c45710;0;Anomaly;
202604;AREA 3;JATENG-DIY;PURWOKERTO;SUK;AOs32602101215093941b10b0;0;Anomaly;
202604;AREA 3;JATENG-DIY;SURAKARTA;KRT;AOs3260211015525803c7cbe0;0;Comply;-0,79
202604;AREA 3;JATENG-DIY;YOGYAKARTA;KBU;AOi42602060816149040266b0;0;Anomaly;
202604;AREA 2;EASTERN JABOTABEK;BOGOR;GPI;AOi42602121134322527df270;0;Anomaly;
202604;AREA 1;SUMBAGTENG;BATAM;BTC;AOs32602131033466653fd6d0;0;Anomaly;
202604;AREA 2;EASTERN JABOTABEK;BEKASI;DEP;AOi42602130552182868fb4a0;0;Comply;-20,52
202604;AREA 1;SUMBAGTENG;BUKIT TINGGI;PAM;AOi42602051122325843946f0;0;Comply;-4,65
202604;AREA 1;SUMBAGSEL;PANGKAL PINANG;PGP;AOi42602130808193098a25a0;0;Anomaly;
202604;AREA 2;JABAR;TASIKMALAYA;GRU;AOi42602070445386273cd340;0;Anomaly;
202604;AREA 2;WESTERN JABOTABEK;SERANG;LGK;AOi4260214111934057904e70;0;Comply;-15,13
202604;AREA 1;SUMBAGUT;WESTERN MEDAN;KSG;AOi42602090154101798f2cf0;0;Anomaly;
202604;AREA 3;BALI NUSRA;MATARAM;MTR;AOs32602140814444748a19a0;0;Anomaly;
202604;AREA 2;CENTRAL JABOTABEK;SOUTHERN JAKARTA;KAL;AOi42602120119089473a5e90;0;Comply;-16,72
202604;AREA 2;WESTERN JABOTABEK;TANGERANG;PKU;AOi42602020253250788c5760;0;Anomaly;
202604;AREA 1;SUMBAGUT;BANDA ACEH;MBO;AOi4260211064213567932d10;0;Anomaly;
202604;AREA 4;KALIMANTAN;SAMARINDA;LMP;AOi426021402574996055f6d0;0;Anomaly;
202604;AREA 4;SULAWESI;MANADO;TOB;AOs3260203111923233ed8270;0;Anomaly;
202604;AREA 2;JABAR;TASIKMALAYA;GRU;AOi4260203074243822e097d0;0;Anomaly;
202604;AREA 2;JABAR;TASIKMALAYA;CMS;AOk4260213021450444d31330;0;Anomaly;
202604;AREA 2;WESTERN JABOTABEK;SERANG;CLG;AOi4260204065733568ab1190;0;Anomaly;
202604;AREA 1;SUMBAGSEL;LAMPUNG;LKP;AOi4260213063038156b30890;0;Anomaly;
202604;AREA 4;KALIMANTAN;BANJARMASIN;RTA;AOk42602070356267321389b0;0;Anomaly;
202604;AREA 2;EASTERN JABOTABEK;BOGOR;TJO;AOi426021003360239235d150;0;Comply;-19,37
202604;AREA 3;JATIM;JEMBER;KPP;AOi4260206123711029e841e0;0;Anomaly;
202604;AREA 4;SULAWESI;BONE;WTP;AOi4260201081244353eeeae0;0;Anomaly;
202604;AREA 2;JABAR;CIREBON;AWN;AOi426020501274828529d4f0;0;Anomaly;
202604;AREA 1;SUMBAGUT;BANDA ACEH;DAR;AOi4260211121142093399570;0;Anomaly;
202604;AREA 3;BALI NUSRA;MATARAM;TET;AOi4260202032118767db64a0;0;Anomaly;
202604;AREA 2;CENTRAL JABOTABEK;SOUTHERN JAKARTA;CPE;PDAk4260205120200112de92c0;0;Anomaly;
202604;AREA 3;JATENG-DIY;SURAKARTA;KRT;AOs3260202101401900450b80;0;Anomaly;
202604;AREA 3;BALI NUSRA;MATARAM;TET;AOi4260204062411800f98710;0;Anomaly;
202604;AREA 1;SUMBAGSEL;PALEMBANG;PGC;AOs3260209113058044d0da80;0;Anomaly;
202604;AREA 4;SULAWESI;MAKASSAR;PNK;AOk42602110301573554c1a10;0;Anomaly;
202604;AREA 2;CENTRAL JABOTABEK;SOUTHERN JAKARTA;GAN;AOi4260215093341837ea1420;0;Anomaly;
202604;AREA 1;SUMBAGUT;BANDA ACEH;TKN;AOi4260204060007578066080;0;Anomaly;
202604;AREA 3;BALI NUSRA;DENPASAR;NSD;AOi4260208052224374d89860;0;Anomaly;
202604;AREA 1;SUMBAGTENG;BATAM;LBJ;AOi4260211010706317adb9a0;0;Anomaly;
202604;AREA 2;JABAR;BANDUNG;UBR;AOi4260131015130771db6340;0;Anomaly;
202604;AREA 3;JATENG-DIY;PEKALONGAN;BDY;AOi42602060450095175e7ee0;0;Comply;-13,00
202604;AREA 1;SUMBAGSEL;JAMBI;MND;AOi42601310225301456e9bc0;0;Comply;-2,48
202604;AREA 1;SUMBAGSEL;BENGKULU;CRP;AOi426021510003954266f2b0;0;Anomaly;
202604;AREA 4;SULAWESI;MANADO;KTG;AOi4260203031554812046e70;0;Anomaly;
202604;AREA 1;SUMBAGUT;WESTERN MEDAN;LGS;AOi4260203071724267e19900;0;Anomaly;
202604;AREA 4;SULAWESI;MAKASSAR;PNK;AOi4260213024035705cd0df0;0;Anomaly;
202604;AREA 3;BALI NUSRA;FLORES;KLH;AOi4260210072218598511010;0;Anomaly;
202604;AREA 1;SUMBAGSEL;JAMBI;PKB;AOi4260214081417776d2b100;0;Anomaly;
202604;AREA 1;SUMBAGSEL;JAMBI;MND;AOi42602080636439490a5920;0;Comply;-3,00
202604;AREA 3;BALI NUSRA;KUPANG;KEF;AOi4260209120404467d84770;0;Anomaly;
202604;AREA 4;SULAWESI;MANADO;PIK;AOs3260201044210556775420;0;Anomaly;
202604;AREA 4;KALIMANTAN;BANJARMASIN;KDG;AOi12602110651109563cedd0;0;Anomaly;
202604;AREA 4;MALUKU DAN PAPUA;JAYAPURA;ABE;PDAk426021006432032738bc00;0;Anomaly;
202604;AREA 4;MALUKU DAN PAPUA;JAYAPURA;SNI;AOi4260210030522256ae00e0;0;Anomaly;
202604;AREA 3;JATENG-DIY;YOGYAKARTA;KEN;AOi1260203091932262a78150;0;Anomaly;
202604;AREA 2;CENTRAL JABOTABEK;NORTHERN JAKARTA;KDY;AOb02602140325305648cc360;0;Comply;0,52
202604;AREA 2;EASTERN JABOTABEK;BEKASI;DEP;AOi4260212075105200153b80;0;Anomaly;
202604;AREA 1;SUMBAGUT;BANDA ACEH;TKN;AOs3260204084147269819740;0;Anomaly;
202604;AREA 4;KALIMANTAN;PANGKALAN BUN;KTP;AOi4260211094944998194cb0;0;Anomaly;
202604;AREA 4;KALIMANTAN;BALIKPAPAN;GSA;AOs3260213112206469ea2b40;0;Anomaly;
202604;AREA 4;MALUKU DAN PAPUA;SORONG;SON;AOi42602101053529710bf990;0;Anomaly;
202604;AREA 4;KALIMANTAN;BALIKPAPAN;GSA;AOs32601301221152297d3de0;0;Anomaly;
202604;AREA 3;JATIM;LAMONGAN;TNZ;AOi4260205081057983913740;0;Anomaly;
202604;AREA 1;SUMBAGSEL;JAMBI;SPN;AOi426020201580976635ef00;0;Anomaly;
202604;AREA 1;SUMBAGSEL;BENGKULU;CRP;AOi42602100944580436f9240;0;Comply;-42,76
202604;AREA 2;EASTERN JABOTABEK;BOGOR;KHL;AOi4260201102911768f60810;0;Comply;-18,62
202604;AREA 2;JABAR;BANDUNG;RJW;AOi426020102575334040c470;0;Anomaly;
202604;AREA 4;KALIMANTAN;TARAKAN;JWT;PDAk4260211125155066bd0fb0;0;Anomaly;
202604;AREA 1;SUMBAGUT;WESTERN MEDAN;PBD;AOi42602110814074640776f0;0;Anomaly;
202604;AREA 1;SUMBAGTENG;BATAM;SLU;AOi42602130903110561a82f0;0;Anomaly;
202604;AREA 2;EASTERN JABOTABEK;BEKASI;SKJ;AOb02602040955339580cd320;0;Anomaly;
202604;AREA 2;JABAR;TASIKMALAYA;PAX;AOi4260206023527963e76590;0;Anomaly;
202604;AREA 2;CENTRAL JABOTABEK;NORTHERN JAKARTA;MRY;AOk4260204024915547f7e020;0;Anomaly;
202604;AREA 3;JATIM;SURABAYA;KPS;AOi4260131073851848dbe020;0;Anomaly;
202604;AREA 1;SUMBAGTENG;PEKANBARU;SOK;AOi126021204323115831bfb0;0;Anomaly;
202604;AREA 3;JATIM;SURABAYA;KPS;AOi4260207034544650ca3340;0;Anomaly;
202604;AREA 1;SUMBAGUT;BANDA ACEH;BIR;AOi4260130120051033bcd350;0;Anomaly;
202604;AREA 4;SULAWESI;MANADO;AMR;AOi4260201070359258607220;0;Anomaly;
202604;AREA 1;SUMBAGUT;CENTRAL MEDAN;CTD;AOi4260213054834008aabb00;0;Anomaly;
202604;AREA 3;BALI NUSRA;MATARAM;BIM;AOi42602101109351342d96d0;0;Comply;-139,32
202604;AREA 2;EASTERN JABOTABEK;BOGOR;CPS;AOs3260211115139962817240;0;Comply;0,44
202604;AREA 2;JABAR;CIREBON;PRD;AOi42602050926086379f3080;0;Anomaly;
202604;AREA 1;SUMBAGUT;PADANG SIDEMPUAN;BGO;AOi4260129051559793346270;0;Anomaly;
202604;AREA 2;EASTERN JABOTABEK;BEKASI;PKY;AOs326020910205172037b500;0;Comply;-0,65
202604;AREA 2;JABAR;SOREANG;KAD;AOi4260210074755234a9c930;0;Anomaly;
202604;AREA 1;SUMBAGTENG;PEKANBARU;PBB;AOi42602090124275259074e0;0;Anomaly;
202604;AREA 3;JATIM;SURABAYA;RKT;AOi4260211023616812abd0a0;0;Anomaly;
202604;AREA 3;JATENG-DIY;MAGELANG;MGE;AOi4260210083341963a782d0;0;Anomaly;
202604;AREA 4;KALIMANTAN;PONTIANAK;SRY;AOi4260211083503021f307b0;0;Anomaly;
202604;AREA 4;KALIMANTAN;PONTIANAK;PTK;AOi4260209094109400390bd0;0;Anomaly;
202604;AREA 2;EASTERN JABOTABEK;BEKASI;PDE;AOi1260131021640727927930;0;Anomaly;
202604;AREA 1;SUMBAGSEL;PALEMBANG;SRO;PDAk426021208110266979d830;0;Anomaly;
202604;AREA 1;SUMBAGUT;CENTRAL MEDAN;SPM;AOi1260210102628781bf4db0;0;Anomaly;
202604;AREA 3;JATIM;SURABAYA;JGR;AOi4260207080830542de5bf0;0;Anomaly;
202604;AREA 3;BALI NUSRA;MATARAM;KMP;AOi4260208045508884c2a980;0;Anomaly;
202604;AREA 1;SUMBAGTENG;BUKIT TINGGI;PAM;AOi4260201023029678616a30;0;Anomaly;
202604;AREA 4;SULAWESI;PALU;PLB;AOi4260212090229676fdd2a0;0;Anomaly;
202604;AREA 4;SULAWESI;PALU;DGL;AOi42602110517161963a6440;0;Anomaly;
202604;AREA 3;JATENG-DIY;SURAKARTA;MSO;AOi426021210053848022f800;0;Comply;-92,97
202604;AREA 4;SULAWESI;MAKASSAR;PNK;AOi1260211044840973f10de0;0;Anomaly;
202604;AREA 3;JATIM;SIDOARJO;GDA;AOi42602091140573881c13b0;0;Anomaly;
202604;AREA 1;SUMBAGUT;CENTRAL MEDAN;TJM;AOs3260203060603844a53df0;0;Anomaly;
202604;AREA 2;EASTERN JABOTABEK;BOGOR;CBI;AOs32602100100459270e8ef0;0;Comply;-16,33
202604;AREA 4;KALIMANTAN;PONTIANAK;SAO;AOi42602070645287194bf940;0;Anomaly;
202604;AREA 4;SULAWESI;KENDARI;BBU;AOi4260211091029697476ee0;0;Anomaly;
202604;AREA 4;MALUKU DAN PAPUA;JAYAPURA;ABE;AOi426020804080858993a530;0;Anomaly;
202604;AREA 1;SUMBAGSEL;PALEMBANG;BKS;AOi426013106272811111e690;0;Anomaly;
202604;AREA 4;SULAWESI;MAKASSAR;TMA;AOs3260210044910293fd04e0;0;Anomaly;
202604;AREA 2;EASTERN JABOTABEK;BOGOR;CWI;AOi4260205101942923831eb0;0;Anomaly;
202604;AREA 3;JATENG-DIY;SURAKARTA;PEN;AOi42602091236067573156a0;0;Anomaly;
202604;AREA 3;JATIM;SURABAYA;TNS;AOi4260213063927394af24c0;0;Comply;-1,77
202604;AREA 4;KALIMANTAN;PANGKALAN BUN;SAI;AOi4260208015927388bc7e70;0;Anomaly;
202604;AREA 2;JABAR;CIREBON;CBN;AOi4260202081306814941650;0;Anomaly;
202604;AREA 2;EASTERN JABOTABEK;BEKASI;PKY;AOs32602010957492128c4dd0;0;Comply;1,00
202604;AREA 2;WESTERN JABOTABEK;TANGERANG;CPD;AOi4260213071707252972710;0;Comply;-20,34
202604;AREA 3;JATIM;SURABAYA;KPS;AOi4260202033402117714370;0;Anomaly;
202604;AREA 1;SUMBAGUT;BANDA ACEH;TKN;AOi426020401191053390a110;0;Anomaly;
202604;AREA 2;JABAR;BANDUNG;RJW;AOi42602040914079815e8860;0;Anomaly;
202604;AREA 3;JATIM;SIDOARJO;SDA;AOi4260207110043576842470;0;Anomaly;
202604;AREA 3;JATIM;SURABAYA;DMO;AOi4260211052445899dca2b0;0;Anomaly;
202604;AREA 1;SUMBAGUT;CENTRAL MEDAN;CTD;AOi42602070651430319900b0;0;Anomaly;
202604;AREA 3;JATIM;SURABAYA;OMB;AOi426020306540604437fda0;0;Anomaly;
202604;AREA 3;JATIM;SURABAYA;KJR;PDAk42602090712500676eae00;0;Anomaly;
202604;AREA 3;JATENG-DIY;YOGYAKARTA;KEN;AOi42602020852145018941a0;0;Anomaly;
202604;AREA 1;SUMBAGUT;PADANG SIDEMPUAN;TUK;AOi42602071112585020f6000;0;Anomaly;2,00
202604;AREA 2;JABAR;CIREBON;JTB;AOi42601271253405197cf000;0;Comply;-0,84
202604;AREA 3;BALI NUSRA;MATARAM;SBW;AOi4260131053734050f2bc10;0;Anomaly;-46,80
202604;AREA 3;JATENG-DIY;SEMARANG;KDL;AOi426020909473005862f7d0;0;Comply;0,74
202604;AREA 4;SULAWESI;MANADO;MDO;AOi42602101256569643c1260;0;Anomaly;
202604;AREA 3;JATENG-DIY;SURAKARTA;KRT;AOi42602060440262808f47f0;0;Anomaly;
202604;AREA 2;JABAR;BANDUNG;GGK;AOi4260209085236805b66270;0;Anomaly;
202604;AREA 3;JATENG-DIY;YOGYAKARTA;KEN;AOi42601290118171345cd8c0;0;Anomaly;
202604;AREA 2;WESTERN JABOTABEK;TANGERANG;CPD;AOs3260203125207765b695e0;0;Anomaly;
202604;AREA 2;EASTERN JABOTABEK;BEKASI;PDE;AOi4260201074558086d30570;0;Comply;-16,71
202604;AREA 3;BALI NUSRA;DENPASAR;SWI;AOi4260130125300028dfdb60;0;Anomaly;
202604;AREA 2;EASTERN JABOTABEK;BOGOR;STL;AOi12601311001211010754a0;0;Anomaly;
202604;AREA 3;JATIM;SURABAYA;MGO;AOi426020703481091256fd00;0;Anomaly;
202604;AREA 2;JABAR;BANDUNG;LBG;AOk4260203103317265455ae0;0;Anomaly;
202604;AREA 1;SUMBAGTENG;BATAM;LBJ;AOi42602020826094699ed310;0;Anomaly;
202604;AREA 4;KALIMANTAN;SAMARINDA;BOT;AOi42602111036230792a4ae0;0;Anomaly;
202604;AREA 1;SUMBAGSEL;PANGKAL PINANG;SLT;AOi4260210014936742788b80;0;Comply;-19,58
202604;AREA 3;JATIM;SURABAYA;KBL;AOi42602090305281845cb770;0;Anomaly;
202604;AREA 3;BALI NUSRA;MATARAM;MTR;AOi4260131105718771a70ae0;0;Anomaly;
202604;AREA 4;KALIMANTAN;BALIKPAPAN;MGG;AOk42602040234377670e9e60;0;Anomaly;
202604;AREA 2;JABAR;CIREBON;CBN;AOi42602050142181004b5200;0;Anomaly;
202604;AREA 3;JATENG-DIY;PURWOKERTO;CLC;AOi42602020904395111960b0;0;Anomaly;
202604;AREA 3;JATIM;SIDOARJO;MJS;AOs326021008482517404cba0;0;Anomaly;
202604;AREA 1;SUMBAGTENG;PADANG;ALH;AOi42602111055529635577d0;0;Anomaly;
202604;AREA 3;JATENG-DIY;PEKALONGAN;KJE;AOi4260206035440309e7ed80;0;Anomaly;
202604;AREA 4;SULAWESI;KENDARI;MDG;AOi4260205045903514182260;0;Anomaly;
202604;AREA 3;JATENG-DIY;SURAKARTA;SKH;AOi42602061253320138f8920;0;Anomaly;
202604;AREA 4;KALIMANTAN;TARAKAN;NNK;AOb0260211054636627fdbee0;0;Comply;1,20
202604;AREA 2;JABAR;TASIKMALAYA;PAX;AOi4260206100532058696980;0;Anomaly;
202604;AREA 1;SUMBAGUT;PADANG SIDEMPUAN;SBG;AOi4260130111336704307540;0;Anomaly;
202604;AREA 1;SUMBAGUT;BANDA ACEH;MRU;AOs3260124032238532d59200;0;Anomaly;
202604;AREA 2;JABAR;TASIKMALAYA;CBT;AOi42602071044466842a15a0;0;Anomaly;
202604;AREA 1;SUMBAGTENG;BUKIT TINGGI;PYK;AOk42602110851234980ddc40;0;Anomaly;
202604;AREA 1;SUMBAGUT;CENTRAL MEDAN;TJM;AOs3260203052158029cb5c90;0;Anomaly;
202604;AREA 2;JABAR;BANDUNG;CLL;AOi4260131032936249839bb0;0;Anomaly;
202604;AREA 1;SUMBAGUT;PADANG SIDEMPUAN;TUK;AOi42602071112585020f6000;0;Anomaly;
202604;AREA 4;SULAWESI;PALU;LWU;AOi4260210031427134d3d8d0;0;Anomaly;
202604;AREA 1;SUMBAGUT;CENTRAL MEDAN;TJR;AOi42602120216007162f4e30;0;Anomaly;
202604;AREA 1;SUMBAGSEL;JAMBI;PAP;AOi4260212093726377deb0b0;0;Comply;-2,69
202604;AREA 1;SUMBAGSEL;PALEMBANG;SKY;AOi42602041106153173900f0;0;Anomaly;
202604;AREA 4;SULAWESI;PALU;PLA;AOk42602020848151247fb680;0;Anomaly;
202604;AREA 3;JATENG-DIY;SURAKARTA;NGA;AOi42602060252025302ad0a0;0;Anomaly;
202604;AREA 4;MALUKU DAN PAPUA;SORONG;BTI;AOi12602041004377748e9160;0;Anomaly;
202604;AREA 2;CENTRAL JABOTABEK;SOUTHERN JAKARTA;PSM;AOi4260207073322212e6c5d0;0;Comply;-14,11
202604;AREA 2;JABAR;BANDUNG;CJR;AOi4260209090218639ebaca0;0;Anomaly;
202604;AREA 1;SUMBAGUT;CENTRAL MEDAN;TJR;AOi4260209100457122068c50;0;Anomaly;
202604;AREA 2;JABAR;BANDUNG;LBG;AOi42602091145255865ac630;0;Anomaly;
202604;AREA 4;KALIMANTAN;SAMARINDA;SMR;AOi426020105031855422eb80;0;Anomaly;
202604;AREA 4;SULAWESI;PALU;PLA;AOi4260205032534289cc6b80;0;Anomaly;
202604;AREA 1;SUMBAGTENG;PEKANBARU;PBB;AOi426013111284260617f5d0;0;Anomaly;
202604;AREA 3;BALI NUSRA;MATARAM;MTR;AOi4260210103730183570cd0;0;Anomaly;
202604;AREA 4;MALUKU DAN PAPUA;JAYAPURA;ABE;AOi4260204045038361aca5b0;0;Anomaly;
202604;AREA 2;EASTERN JABOTABEK;BOGOR;PPG;AOi1260129025510662a97e10;0;Anomaly;
202604;AREA 2;EASTERN JABOTABEK;BEKASI;KLB;AOi4260201110701270f40200;0;Comply;-19,37
202604;AREA 1;SUMBAGUT;CENTRAL MEDAN;CTD;AOi4260206025423405b7b5d0;0;Anomaly;
202604;AREA 4;KALIMANTAN;TARAKAN;TAJ;AOi42602020421018820c8970;0;Anomaly;
202604;AREA 1;SUMBAGUT;WESTERN MEDAN;LGS;AOi4260129055358496d8ae80;0;Anomaly;
202604;AREA 4;MALUKU DAN PAPUA;SORONG;NAB;AOi4260202090625777a7f6d0;0;Anomaly;
202604;AREA 1;SUMBAGUT;RANTAU PRAPAT;TJB;AOi4260205015924732c3b600;0;Anomaly;
202604;AREA 2;JABAR;TASIKMALAYA;PMP;AOi4260131114321962314060;0;Anomaly;
202604;AREA 4;KALIMANTAN;SAMARINDA;SBR;AOk4260206083524234c65c80;0;Anomaly;
202604;AREA 4;KALIMANTAN;SAMARINDA;SMR;PDAk42601300624025552ae670;0;Anomaly;
202604;AREA 1;SUMBAGUT;WESTERN MEDAN;KSG;AOi4260131123553421190530;0;Anomaly;
202604;AREA 1;SUMBAGSEL;PALEMBANG;SGB;AOi426020806380410629ca50;0;Comply;-0,44
202604;AREA 3;BALI NUSRA;FLORES;END;AOk4260206093210079e736b0;0;Anomaly;
202604;AREA 4;SULAWESI;MAKASSAR;PKN;AOi4260127061614831aaafc0;0;Anomaly;
202604;AREA 2;JABAR;BANDUNG;CJA;AOs3260208122521731204890;0;Anomaly;
202604;AREA 2;WESTERN JABOTABEK;SERANG;BRS;AOi42602010114533900b9370;0;Anomaly;
202604;AREA 2;JABAR;BANDUNG;CJA;AOi4260201114058748e73e10;0;Anomaly;
202604;AREA 3;BALI NUSRA;KUPANG;KPN;AOi42601300733421378fca30;0;Anomaly;
202604;AREA 1;SUMBAGSEL;PANGKAL PINANG;TJN;AOi4260202010938556994890;0;Anomaly;
202604;AREA 3;JATIM;LAMONGAN;KDE;AOi42602050249022335f6860;0;Anomaly;
202604;AREA 4;MALUKU DAN PAPUA;JAYAPURA;SRM;AOi4260210040532932615a20;0;Comply;-25,87
202604;AREA 3;JATENG-DIY;PURWOKERTO;CLC;AOk4260206012330165556850;0;Anomaly;
202604;AREA 1;SUMBAGTENG;PADANG;LUG;AOi4260206073357626d24970;0;Anomaly;
202604;AREA 2;EASTERN JABOTABEK;BEKASI;SKJ;AOb02602090946329117f2120;0;Anomaly;
202604;AREA 1;SUMBAGSEL;PANGKAL PINANG;PGP;AOi4260211101826113a28f30;0;Anomaly;
202604;AREA 2;EASTERN JABOTABEK;BOGOR;CBD;AOi42602030541208932bd140;0;Comply;-2,38
202604;AREA 3;JATENG-DIY;YOGYAKARTA;PGR;AOi4260201071039557a8f070;0;Anomaly;
202604;AREA 4;KALIMANTAN;TARAKAN;TRK;AOi42602050858004061c88d0;0;Anomaly;
202604;AREA 2;EASTERN JABOTABEK;KARAWANG;BGG;AOi4260130021117667a382a0;0;Anomaly;
202604;AREA 4;MALUKU DAN PAPUA;AMBON;NML;AOk4260209095607851fb3110;0;Anomaly;
202604;AREA 3;JATENG-DIY;YOGYAKARTA;KEN;AOi42602070349122163dba90;0;Anomaly;
202604;AREA 3;BALI NUSRA;FLORES;LWB;AOi42602070915223701371d0;0;Anomaly;
202604;AREA 2;JABAR;BANDUNG;CJR;AOi4260208074031073185690;0;Anomaly;
202604;AREA 1;SUMBAGSEL;PALEMBANG;BKS;AOi4260210074029650b26e70;0;Anomaly;
202604;AREA 4;KALIMANTAN;SAMARINDA;SMR;AOi42602101019460650c8b20;0;Anomaly;
202604;AREA 3;JATIM;SIDOARJO;WRU;AOi42602100333295779e4420;0;Anomaly;
202604;AREA 3;JATIM;SIDOARJO;SDA;AOi42602050227313331aa1f0;0;Anomaly;
202604;AREA 3;JATIM;SURABAYA;JGR;AOi4260131054620867785c80;0;Anomaly;
202604;AREA 1;SUMBAGUT;CENTRAL MEDAN;PRT;AOi4260210123643010fdd480;0;Comply;-5,13
202604;AREA 1;SUMBAGUT;CENTRAL MEDAN;TJR;AOi4260131080014999e13780;0;Anomaly;
202604;AREA 2;EASTERN JABOTABEK;KARAWANG;JBB;AOs3260202105454485e94860;0;Anomaly;
202604;AREA 3;BALI NUSRA;MATARAM;BIM;AOi426013103440774306f5f0;0;Anomaly;
202604;AREA 4;SULAWESI;MANADO;PIK;AOi4260206074551792ace1f0;0;Anomaly;
202604;AREA 3;JATIM;LAMONGAN;KDE;AOs326020111403920741d420;0;Comply;-20,93
202604;AREA 4;MALUKU DAN PAPUA;AMBON;PAO;AOi4260201044856274270010;0;Anomaly;
202604;AREA 2;EASTERN JABOTABEK;KARAWANG;PWK;AOi4260201075057311a38810;0;Anomaly;
202604;AREA 4;SULAWESI;PARE-PARE;MAM;AOi4260204051217486cc3620;0;Anomaly;
202604;AREA 3;JATENG-DIY;YOGYAKARTA;KBU;AOi42602050428037584764e0;0;Anomaly;
202604;AREA 4;MALUKU DAN PAPUA;JAYAPURA;WAE;AOi4260206113236936e28f20;0;Anomaly;
202604;AREA 2;JABAR;CIREBON;CBN;AOi4260201084436266e54de0;0;Anomaly;
202604;AREA 3;JATENG-DIY;PURWOKERTO;BJR;AOi42602020854394656b41a0;0;Anomaly;
202604;AREA 4;MALUKU DAN PAPUA;SORONG;NAB;AOi4260202090625777a7f6d0;0;Anomaly;
202604;AREA 4;KALIMANTAN;SAMARINDA;SBR;AOi426020510472827896b300;0;Anomaly;
202604;AREA 2;CENTRAL JABOTABEK;NORTHERN JAKARTA;MKR;AOs32602030620255029a7ee0;0;Anomaly;
202604;AREA 4;MALUKU DAN PAPUA;SORONG;RSK;AOi42602080455510409991b0;0;Anomaly;
202604;AREA 4;MALUKU DAN PAPUA;JAYAPURA;SNI;AOs32602020715161404c3b30;0;Anomaly;
202604;AREA 1;SUMBAGUT;CENTRAL MEDAN;PRT;AOi426020312152025372e990;0;Comply;0,22
202604;AREA 3;BALI NUSRA;DENPASAR;SAU;AOi4260202100229065a82ab0;0;Anomaly;
202604;AREA 2;CENTRAL JABOTABEK;SOUTHERN JAKARTA;KLD;AOs3260208043743064e17810;0;Anomaly;
202604;AREA 3;JATIM;SURABAYA;KRP;AOi4260208122613965236cb0;0;Comply;2,35
202604;AREA 2;JABAR;BANDUNG;CJR;AOi4260201083632425e95690;0;Anomaly;
202604;AREA 1;SUMBAGTENG;BATAM;BTC;AOb0260203070726153448270;0;Anomaly;
202604;AREA 4;KALIMANTAN;BANJARMASIN;STI;AOi4260206023338360cffef0;0;Anomaly;
202604;AREA 1;SUMBAGSEL;BENGKULU;BNC;AOi42602091017002407dfdb0;0;Anomaly;
202604;AREA 2;CENTRAL JABOTABEK;NORTHERN JAKARTA;MKR;AOs3260209020419182cc76b0;0;Anomaly;
202604;AREA 4;MALUKU DAN PAPUA;SORONG;MWR;AOi1260131033248481feceb0;0;Anomaly;
202604;AREA 1;SUMBAGUT;CENTRAL MEDAN;TJM;AOi426020701074713372ca60;0;Anomaly;
202604;AREA 3;BALI NUSRA;MATARAM;MTR;AOk426020610011908401b090;0;Anomaly;
202604;AREA 1;SUMBAGUT;RANTAU PRAPAT;RAP;AOi4260203113921947519c40;0;Anomaly;
202604;AREA 4;SULAWESI;KENDARI;MDG;AOi4260209084006319810080;0;Anomaly;
202604;AREA 1;SUMBAGSEL;LAMPUNG;KDT;AOb026020811391195264fe40;0;Anomaly;
202604;AREA 4;KALIMANTAN;SAMARINDA;SMR;PDAk42601300624025552ae670;0;Comply;-2,34
202604;AREA 3;BALI NUSRA;DENPASAR;TOP;AOi42602070809346788bb900;0;Anomaly;
202604;AREA 3;BALI NUSRA;MATARAM;SEL;AOi4260203125139300c17310;0;Anomaly;
202604;AREA 1;SUMBAGSEL;PALEMBANG;TAM;AOi426020201010007938b2c0;0;Anomaly;
202604;AREA 1;SUMBAGUT;WESTERN MEDAN;KSG;AOi4260204035102669933dc0;0;Anomaly;
202604;AREA 2;CENTRAL JABOTABEK;NORTHERN JAKARTA;PLM;AOi1260207054647133c46af0;0;Anomaly;
202604;AREA 2;JABAR;TASIKMALAYA;GRU;AOi42602070445386273cd340;0;Anomaly;
202604;AREA 2;JABAR;SOREANG;BJA;AOi4260210085205040911bf0;0;Anomaly;
202604;AREA 4;SULAWESI;MAKASSAR;MAT;AOk42602101130016080a0be0;0;Anomaly;
202604;AREA 1;SUMBAGSEL;PALEMBANG;KAG;AOi4260201050548495373510;0;Comply;-1,22
202604;AREA 1;SUMBAGUT;BANDA ACEH;SGI;AOi4260208032405849769020;0;Anomaly;
202604;AREA 3;JATENG-DIY;SURAKARTA;GLD;AOi4260207092409340d4f760;0;Anomaly;
202604;AREA 1;SUMBAGTENG;PADANG;LBY;AOs32601300513595038a1230;0;Comply;-56,25
202604;AREA 4;KALIMANTAN;TARAKAN;TRK;AOi426020711522626677ff30;0;Anomaly;
202604;AREA 4;KALIMANTAN;PONTIANAK;SRY;PDAk42601291035430729a6cb0;0;Anomaly;
202604;AREA 4;KALIMANTAN;TARAKAN;TRK;AOi4260206033933446bc5090;0;Comply;-45,90
202604;AREA 2;JABAR;CIREBON;CKC;AOi42602071200066034f1c50;0;Anomaly;
202604;AREA 1;SUMBAGUT;CENTRAL MEDAN;SKI;AOi4260207014109591cfb880;0;Anomaly;
202604;AREA 1;SUMBAGUT;WESTERN MEDAN;KSG;AOi4260131080559481c25ee0;0;Anomaly;
202604;AREA 2;EASTERN JABOTABEK;BEKASI;PDE;AOi42602040449573220703c0;0;Anomaly;
202604;AREA 1;SUMBAGUT;PEMATANG SIANTAR;PDN;AOi42602060542426857c0920;0;Anomaly;
202604;AREA 1;SUMBAGUT;PEMATANG SIANTAR;SDK;AOi426020811224520821f550;0;Anomaly;
202604;AREA 2;JABAR;BANDUNG;CJR;AOk426020412150568400a730;0;Anomaly;
202604;AREA 3;JATIM;SURABAYA;KPS;AOi426020711473035564d4f0;0;Comply;2,38
202604;AREA 4;MALUKU DAN PAPUA;SORONG;SON;AOi426020610221418928ea20;0;Anomaly;
202604;AREA 2;WESTERN JABOTABEK;TANGERANG;CPA;PDAk4260202044502698524ff0;0;Anomaly;
202604;AREA 1;SUMBAGTENG;BUKIT TINGGI;SPE;AOi4260207020608614c15200;0;Anomaly;
202604;AREA 3;JATENG-DIY;SEMARANG;JHR;AOs3260207081656369eb3ae0;0;Comply;-3,84
202604;AREA 4;SULAWESI;MANADO;TNT;AOi426020401474431054e340;0;Anomaly;
202604;AREA 4;KALIMANTAN;SAMARINDA;LMP;AOi4260205034316350951490;0;Anomaly;
202604;AREA 4;KALIMANTAN;PONTIANAK;JAW;AOk4260131100012679adb8f0;0;Comply;-43,21
202604;AREA 1;SUMBAGUT;PEMATANG SIANTAR;PMS;AOi426020509444189222a2d0;0;Anomaly;
202604;AREA 1;SUMBAGTENG;BUKIT TINGGI;TKU;AOi42601280845556712875c0;0;Anomaly;
202604;AREA 1;SUMBAGTENG;BUKIT TINGGI;PYK;AOi1260206013804126b237e0;0;Comply;-65,64
202604;AREA 3;JATENG-DIY;MAGELANG;MUN;AOi42602031046377218f7d10;0;Anomaly;
202604;AREA 3;JATENG-DIY;YOGYAKARTA;KEN;AOi4260206031249103094bc0;0;Comply;-14,37
202604;AREA 1;SUMBAGTENG;BATAM;DGS;AOk42601310155154032ad5b0;0;Anomaly;
202604;AREA 4;KALIMANTAN;SAMARINDA;SGK;AOi426020412115084692feb0;0;Comply;-22,14
202604;AREA 3;JATIM;SIDOARJO;SPJ;AOi426020109373303522e4e0;0;Comply;-0,08
202604;AREA 4;SULAWESI;KENDARI;MDG;AOi4260207095520907df2440;0;Anomaly;
202604;AREA 1;SUMBAGSEL;JAMBI;JMB;AOi4260205030058557373c80;0;Anomaly;
202604;AREA 2;JABAR;BANDUNG;UBR;AOi4260207085845277f6f120;0;Anomaly;
202604;AREA 3;JATIM;LAMONGAN;CRM;AOi42602070359412915ed540;0;Comply;-1,16
202604;AREA 1;SUMBAGTENG;PADANG;TLN;AOi42602050713220422eaa70;0;Anomaly;
202604;AREA 1;SUMBAGUT;BANDA ACEH;TKN;AOi42602060255464227391f0;0;Anomaly;
202604;AREA 2;CENTRAL JABOTABEK;SOUTHERN JAKARTA;TBE;AOi126020710381226170ee30;0;Anomaly;
202604;AREA 3;BALI NUSRA;DENPASAR;TBN;AOi426020308510397978b250;0;Anomaly;
202604;AREA 3;JATENG-DIY;PEKALONGAN;BKA;AOi4260204092606649eaca80;0;Not Comply;3,51
202604;AREA 1;SUMBAGUT;PADANG SIDEMPUAN;TUK;AOi42602071112585020f6000;0;Anomaly;
202604;AREA 2;JABAR;CIREBON;LOS;AOi42602040435316710d1300;0;Anomaly;
202604;AREA 2;WESTERN JABOTABEK;TANGERANG;SRP;PDAk4260207044817827a29830;0;Anomaly;
202604;AREA 1;SUMBAGUT;PEMATANG SIANTAR;SDK;AOi4260202023730514191a10;0;Comply;-1,47
202604;AREA 3;JATIM;LAMONGAN;GSK;AOi4260206052614010e5ce60;0;Comply;-24,87
202604;AREA 3;BALI NUSRA;DENPASAR;UBU;AOi4260201043228898728a90;0;Anomaly;
202604;AREA 4;SULAWESI;KENDARI;KDR;AOi4260206034543744c9bed0;0;Anomaly;
202604;AREA 2;CENTRAL JABOTABEK;NORTHERN JAKARTA;TPR;AOi42602050134444704874f0;0;Anomaly;
202604;AREA 1;SUMBAGUT;PADANG SIDEMPUAN;BJE;AOi4260129082646559f62b00;0;Anomaly;
202604;AREA 1;SUMBAGUT;BANDA ACEH;MBO;AOi42602040610421439cc680;0;Not Comply;20,18
202604;AREA 4;KALIMANTAN;BANJARMASIN;MTP;AOk4260206120947975f0afe0;0;Anomaly;
202604;AREA 3;JATENG-DIY;SEMARANG;JPR;AOi42602010742255690f9cf0;0;Anomaly;
202604;AREA 4;KALIMANTAN;SAMARINDA;TMD;AOi4260131120154839a2cba0;0;Comply;-4,19
202604;AREA 2;EASTERN JABOTABEK;BOGOR;TJO;AOi4260129013047189939fb0;0;Anomaly;
202604;AREA 4;KALIMANTAN;PANGKALAN BUN;KTP;AOi4260207094844615f104f0;0;Anomaly;
202604;AREA 2;JABAR;SOREANG;KAD;AOi4260204010747542856c30;0;Anomaly;
202604;AREA 4;KALIMANTAN;BALIKPAPAN;MGG;AOi42602020137480418366b0;0;Anomaly;
202604;AREA 2;EASTERN JABOTABEK;BEKASI;SKJ;AOb02602040955339580cd320;0;Comply;-16,41
202604;AREA 1;SUMBAGUT;BANDA ACEH;DAR;AOi4260203115041013a3bcc0;0;Anomaly;
202604;AREA 1;SUMBAGUT;BANDA ACEH;TKN;AOi42601270526026161b9e70;0;Anomaly;
202604;AREA 3;BALI NUSRA;MATARAM;BIM;AOi4260201031208681ee4550;0;Anomaly;
202604;AREA 2;CENTRAL JABOTABEK;NORTHERN JAKARTA;CKG;AOi1260201020310162c5a4d0;0;Anomaly;
202604;AREA 1;SUMBAGTENG;PEKANBARU;PBB;AOi4260204113717855566730;0;Anomaly;
202604;AREA 2;CENTRAL JABOTABEK;SOUTHERN JAKARTA;KBY;AOs3260206024154466cdb7c0;0;Comply;-19,54
202604;AREA 1;SUMBAGSEL;BENGKULU;MUA;AOi12601310654280679bcdd0;0;Anomaly;
202604;AREA 2;JABAR;SOREANG;CCL;AOi4260203070602427c23f00;0;Anomaly;
202604;AREA 1;SUMBAGTENG;BATAM;PNI;AOi4260131013552667269030;0;Anomaly;
202604;AREA 2;WESTERN JABOTABEK;SERANG;CKA;AOi426020702422526077d560;0;Comply;0,39
202604;AREA 1;SUMBAGUT;PADANG SIDEMPUAN;PYB;AOi42602050945257466702f0;0;Anomaly;
202604;AREA 2;JABAR;CIREBON;SUB;AOi4260203043648697187610;0;Anomaly;
202604;AREA 4;KALIMANTAN;SAMARINDA;LMP;AOi4260205022853533d65be0;0;Anomaly;
202604;AREA 3;BALI NUSRA;MATARAM;MTR;AOi4260205010334989f4c210;0;Comply;-166,54
202604;AREA 1;SUMBAGSEL;JAMBI;PAP;AOi4260205081657502f73800;0;Comply;-4,76
202604;AREA 3;JATIM;SIDOARJO;SPJ;AOi426020603045539261e760;0;Anomaly;
202604;AREA 1;SUMBAGUT;CENTRAL MEDAN;TMU;AOs32602060616235062d0c40;0;Anomaly;
202604;AREA 3;BALI NUSRA;MATARAM;MTR;AOi4260204065154727f63000;0;Anomaly;
202604;AREA 1;SUMBAGUT;PADANG SIDEMPUAN;PSP;AOi4260205102007486d28110;0;Anomaly;
202604;AREA 3;JATIM;MALANG;KPO;AOi1260204090854561761ec0;0;Anomaly;
202604;AREA 1;SUMBAGUT;CENTRAL MEDAN;PUB;PDAk4260202071535354451820;0;Anomaly;
202604;AREA 2;JABAR;TASIKMALAYA;TSM;AOi42602041032091544200a0;0;Anomaly;
202604;AREA 3;BALI NUSRA;DENPASAR;UBN;AOi4260203081715959497dc0;0;Anomaly;
202604;AREA 2;EASTERN JABOTABEK;BOGOR;PMU;AOi4260201034202801922ad0;0;Anomaly;
202604;AREA 2;CENTRAL JABOTABEK;NORTHERN JAKARTA;PDM;AOi4260204013155512034700;0;Anomaly;
202604;AREA 3;JATIM;SURABAYA;PME;AOi4260207080420337c95410;0;Anomaly;
202604;AREA 2;CENTRAL JABOTABEK;NORTHERN JAKARTA;PDM;AOi4260204030931307130aa0;0;Anomaly;
202604;AREA 3;BALI NUSRA;DENPASAR;UBN;AOi42601300906003299a1d10;0;Anomaly;
202604;AREA 4;KALIMANTAN;SAMARINDA;SMR;AOi426020105031855422eb80;0;Anomaly;
202604;AREA 3;JATENG-DIY;SURAKARTA;GLD;AOi42602050208478633c2420;0;Anomaly;
202604;AREA 3;JATIM;MALANG;LWG;AOi126020406013575224fc50;0;Comply;-16,40
202604;AREA 2;EASTERN JABOTABEK;BOGOR;BOO;AOi42602050152556996d0af0;0;Anomaly;
202604;AREA 2;EASTERN JABOTABEK;BOGOR;SGN;AOi42602021010472509b8c20;0;Comply;-0,33
202604;AREA 1;SUMBAGUT;PADANG SIDEMPUAN;PND;AOk4260130105836419af7ec0;0;Anomaly;
202604;AREA 4;KALIMANTAN;BALIKPAPAN;SKU;AOi42602020210144838ce3c0;0;Anomaly;
202604;AREA 4;SULAWESI;KENDARI;MDG;AOi12602020119515993dbef0;0;Anomaly;
202604;AREA 1;SUMBAGUT;CENTRAL MEDAN;SPM;PDAk4260131090641490fde250;0;Anomaly;
202604;AREA 4;KALIMANTAN;BALIKPAPAN;SKU;AOi42601311153485838b2330;0;Anomaly;
202604;AREA 3;JATENG-DIY;PEKALONGAN;PKL;AOi4260203084259670b66d60;0;Not Comply;21,46
202604;AREA 3;JATIM;SURABAYA;PME;AOi42602040633259792c2140;0;Anomaly;
202604;AREA 1;SUMBAGUT;CENTRAL MEDAN;BLW;AOi426013107443386873c0b0;0;Anomaly;
202604;AREA 2;CENTRAL JABOTABEK;SOUTHERN JAKARTA;BIN;AOi12602061235101543bd000;0;Anomaly;
202604;AREA 3;BALI NUSRA;DENPASAR;UBN;AOi4260203073401568bd9e40;0;Anomaly;
202604;AREA 4;SULAWESI;MAKASSAR;MAT;AOi426012005502049341b940;0;Anomaly;
202604;AREA 2;CENTRAL JABOTABEK;NORTHERN JAKARTA;TPR;AOs326020507242213068ec40;0;Comply;-14,51
202604;AREA 4;SULAWESI;GORONTALO;MRS;AOi4260203120454535e7de30;0;Comply;-19,12
202604;AREA 1;SUMBAGUT;BANDA ACEH;TKN;AOi4260201073741854602c50;0;Anomaly;
202604;AREA 1;SUMBAGTENG;BATAM;BUM;AOi426020108040440584d4e0;0;Anomaly;
202604;AREA 2;CENTRAL JABOTABEK;SOUTHERN JAKARTA;KLD;AOs3260205111343616ec6b90;0;Anomaly;
202604;AREA 1;SUMBAGUT;WESTERN MEDAN;KSG;AOi4260131080559481c25ee0;0;Anomaly;
202604;AREA 3;JATENG-DIY;PEKALONGAN;CMA;AOi426020310544116225fc40;0;Anomaly;
202604;AREA 2;JABAR;SOREANG;SOR;AOi42602020254136406bebe0;0;Anomaly;
202604;AREA 1;SUMBAGUT;PADANG SIDEMPUAN;SBG;AOi4260131031637971467d80;0;Anomaly;
202604;AREA 2;JABAR;BANDUNG;NJG;AOi4260202073317340e01430;0;Anomaly;
202604;AREA 4;SULAWESI;KENDARI;UNH;AOi42602030734166601bd7e0;0;Anomaly;
202604;AREA 2;JABAR;TASIKMALAYA;TSM;AOs32602010914333170050c0;0;Anomaly;
202604;AREA 4;KALIMANTAN;PANGKALAN BUN;KTP;AOi4260203054709756542ea0;0;Comply;-4,28
202604;AREA 3;BALI NUSRA;MATARAM;SBW;AOi426013111150632200ea60;0;Anomaly;
202604;AREA 2;CENTRAL JABOTABEK;SOUTHERN JAKARTA;KBY;AOk42602041027049037707a0;0;Anomaly;
202604;AREA 2;WESTERN JABOTABEK;SERANG;KSB;AOi42602020208555618f61d0;0;Comply;-15,93
202604;AREA 3;BALI NUSRA;MATARAM;SAP;AOi4260129090729872ed7a40;0;Anomaly;
202604;AREA 2;CENTRAL JABOTABEK;SOUTHERN JAKARTA;CID;AOi1260201023218237424ee0;0;Comply;-16,31
202604;AREA 3;BALI NUSRA;DENPASAR;UBN;AOi42602030210415401dab70;0;Anomaly;
202604;AREA 3;JATENG-DIY;SURAKARTA;SKH;AOi4260131095302966fb37d0;0;Anomaly;
202604;AREA 2;CENTRAL JABOTABEK;SOUTHERN JAKARTA;GBI;PDAk426020201394414744cbc0;0;Anomaly;
202604;AREA 4;KALIMANTAN;PONTIANAK;JAW;AOi42602010251116188d3e90;0;Anomaly;
202604;AREA 3;JATIM;LAMONGAN;BBA;AOi426020103004736421b0a0;0;Comply;-20,56
202604;AREA 4;MALUKU DAN PAPUA;SORONG;MWR;AOi426020203202179752b790;0;Anomaly;
202604;AREA 1;SUMBAGUT;WESTERN MEDAN;LSM;AOs32602011014237361cf310;0;Anomaly;
202604;AREA 3;BALI NUSRA;DENPASAR;LVN;AOi4260203115853190175b60;0;Comply;-19,89
202604;AREA 4;KALIMANTAN;PANGKALAN BUN;KTP;AOi426020301423647196d160;0;Anomaly;
202604;AREA 1;SUMBAGTENG;BUKIT TINGGI;BKT;AOi42602020929316416fd1f0;0;Anomaly;
202604;AREA 4;SULAWESI;PARE-PARE;PLP;AOi4260201033114182356930;0;Anomaly;
202604;AREA 3;BALI NUSRA;DENPASAR;BNO;AOi4260129111018643fd0fb0;0;Anomaly;
202604;AREA 3;JATIM;SURABAYA;MYR;AOi42602021058232276255f0;0;Comply;-3,98
202604;AREA 3;BALI NUSRA;DENPASAR;UBN;AOi4260130010607957e2f480;0;Anomaly;
202604;AREA 4;SULAWESI;KENDARI;MDG;AOi426020105081215185bf00;0;Anomaly;
202604;AREA 4;KALIMANTAN;PONTIANAK;SED;AOi42602010956349307b6110;0;Anomaly;
202604;AREA 1;SUMBAGSEL;BENGKULU;CRP;AOi42602010303161826a70c0;0;Anomaly;
202604;AREA 3;JATIM;MALANG;BLB;AOs326012811563242887a6d0;0;Anomaly;
202604;AREA 3;JATIM;LAMONGAN;KDE;AOi4260201011509281b4cc60;0;Comply;-20,24
202604;AREA 2;EASTERN JABOTABEK;KARAWANG;JBB;AOi426012712062988253a250;0;Anomaly;
202604;AREA 2;JABAR;TASIKMALAYA;WNR;AOi4260126113117078e113c0;0;Anomaly;
202604;AREA 3;JATIM;MADIUN;NJK;AOk4260202095912222974ff0;0;Anomaly;
202604;AREA 3;BALI NUSRA;DENPASAR;SMA;AOi4260127100825086e93700;0;Anomaly;
202604;AREA 3;BALI NUSRA;DENPASAR;TBN;AOi42601311245436756c0f10;0;Anomaly;
202604;AREA 2;JABAR;TASIKMALAYA;CMS;AOi426020202181235655a560;0;Anomaly;
202604;AREA 3;JATIM;SURABAYA;MYR;AOi4260202104503832388a80;0;Comply;-5,77
202604;AREA 1;SUMBAGTENG;PADANG;PDC;AOi4260131075100950cab410;0;Anomaly;
202604;AREA 1;SUMBAGTENG;PADANG;BDT;AOi42602020546139327845a0;0;Anomaly;
202604;AREA 3;BALI NUSRA;MATARAM;BIM;AOi426020109474792932e650;0;Anomaly;
202604;AREA 3;JATIM;SIDOARJO;GDA;PDAk4260202023740121fb1790;0;Anomaly;
202604;AREA 4;KALIMANTAN;BANJARMASIN;ULI;AOi4260202114353493bba870;0;Anomaly;
202604;AREA 3;BALI NUSRA;DENPASAR;SGR;AOi4260130082319388a42a50;0;Anomaly;
202604;AREA 4;KALIMANTAN;BALIKPAPAN;AGN;AOi4260131121326953bcb540;0;Anomaly;
202604;AREA 3;JATIM;SIDOARJO;TUN;AOi4260131073601275ed56b0;0;Comply;-15,45
202604;AREA 3;JATIM;SURABAYA;DMO;AOi4260131070351661321f30;0;Anomaly;
202604;AREA 3;JATIM;SIDOARJO;TUN;AOi426011612081985614ca60;0;Anomaly;
202604;AREA 3;JATIM;SURABAYA;GBG;AOk4260130031211881fffa00;0;Anomaly;
